player_name,year_id,age,team_name_abbr,games,mp,per,bpm,vorp,ws,ws_per_48
Precious Achiuwa,2020-21,21,MIA,61,737,14.2,-4.1,-0.4,1.3,.085
Precious Achiuwa,2021-22,22,TOR,73,1725,12.7,-2.6,-0.2,2.5,.070
Precious Achiuwa,2022-23,23,TOR,55,1140,15.2,-2.3,-0.1,2.2,.093
Precious Achiuwa,2023-24,24,2TM,74,1624,14.6,-1.4,0.2,3.4,.102
Precious Achiuwa,2023-24,24,TOR,25,437,15.0,-1.6,0.0,0.4,.048
Precious Achiuwa,2023-24,24,NYK,49,1187,14.5,-1.4,0.2,3.0,.122
Precious Achiuwa,2024-25,25,NYK,57,1170,13.6,-1.9,0.0,2.3,.095
Precious Achiuwa,2025-26,26,SAC,73,1745,16.2,-1.6,0.2,2.9,.081
Steven Adams,2013-14,20,OKC,81,1197,11.2,-2.2,-0.1,2.9,.114
Steven Adams,2014-15,21,OKC,70,1771,14.1,-1.3,0.3,4.1,.111
Steven Adams,2015-16,22,OKC,80,2014,15.5,0.2,1.1,6.5,.155
Steven Adams,2016-17,23,OKC,80,2389,16.5,-0.2,1.1,6.5,.130
Steven Adams,2017-18,24,OKC,76,2487,20.6,1.1,2.0,9.7,.187
Steven Adams,2018-19,25,OKC,80,2669,18.5,1.1,2.1,9.1,.163
Steven Adams,2019-20,26,OKC,63,1680,20.5,2.9,2.1,6.5,.185
Steven Adams,2020-21,27,NOP,58,1605,15.1,-0.3,0.7,4.0,.119
Steven Adams,2021-22,28,MEM,76,1999,17.6,2.0,2.0,6.8,.163
Steven Adams,2022-23,29,MEM,42,1133,17.5,0.6,0.7,3.4,.144
Steven Adams,2023-24,,Did not play - injury,,,,,,,
Steven Adams,2024-25,31,HOU,58,794,16.6,0.3,0.5,2.3,.137
Steven Adams,2025-26,32,HOU,32,730,15.8,-0.5,0.3,2.1,.141
Bam Adebayo,2017-18,20,MIA,69,1368,15.7,-0.4,0.6,4.2,.148
Bam Adebayo,2018-19,21,MIA,82,1913,17.9,1.8,1.8,6.8,.171
Bam Adebayo,2019-20,22,MIA,72,2417,20.3,3.4,3.3,8.5,.168
Bam Adebayo,2020-21,23,MIA,64,2143,22.7,4.9,3.7,8.8,.197
Bam Adebayo,2021-22,24,MIA,56,1825,21.8,3.8,2.7,7.2,.188
Bam Adebayo,2022-23,25,MIA,75,2598,20.1,1.5,2.3,7.4,.137
Bam Adebayo,2023-24,26,MIA,71,2416,19.8,2.4,2.7,7.2,.144
Bam Adebayo,2024-25,27,MIA,78,2674,18.9,2.0,2.7,7.5,.135
Bam Adebayo,2025-26,28,MIA,73,2365,18.7,2.0,2.4,6.4,.129
Ochai Agbaji,2022-23,22,UTA,59,1209,9.5,-3.0,-0.3,1.3,.053
Ochai Agbaji,2023-24,23,2TM,78,1641,7.7,-4.4,-1.0,0.1,.002
Ochai Agbaji,2023-24,23,UTA,51,1003,8.1,-3.0,-0.3,0.4,.019
Ochai Agbaji,2023-24,23,TOR,27,638,7.1,-6.5,-0.7,-0.3,-0.024
Ochai Agbaji,2024-25,24,TOR,64,1739,12.0,-0.7,0.5,3.1,.087
Ochai Agbaji,2025-26,25,2TM,62,973,8.9,-4.0,-0.5,0.9,.046
Ochai Agbaji,2025-26,25,TOR,42,650,7.5,-4.7,-0.5,0.6,.048
Ochai Agbaji,2025-26,25,BRK,20,323,11.7,-2.7,-0.1,0.3,.042
Santi Aldama,2021-22,21,MEM,32,360,10.2,-5.7,-0.3,0.3,.044
Santi Aldama,2022-23,22,MEM,77,1682,13.9,0.5,1.1,4.6,.130
Santi Aldama,2023-24,23,MEM,61,1618,13.1,-0.2,0.7,2.4,.070
Santi Aldama,2024-25,24,MEM,65,1660,16.8,3.2,2.2,5.0,.144
Santi Aldama,2025-26,25,MEM,43,1198,16.3,1.7,1.1,2.3,.092
Trey Alexander,2024-25,21,DEN,24,117,2.9,-9.7,-0.2,-0.2,-0.077
Trey Alexander,2025-26,22,NOP,9,111,13.2,-1.6,0.0,0.2,.090
Nickeil Alexander-Walker,2019-20,21,NOP,47,591,8.9,-4.6,-0.4,-0.2,-0.020
Nickeil Alexander-Walker,2020-21,22,NOP,46,1007,12.5,-1.3,0.2,0.7,.035
Nickeil Alexander-Walker,2021-22,23,2TM,65,1466,10.5,-2.9,-0.3,0.1,.003
Nickeil Alexander-Walker,2021-22,23,NOP,50,1317,10.5,-3.0,-0.3,-0.1,-0.005
Nickeil Alexander-Walker,2021-22,23,UTA,15,149,10.2,-1.7,0.0,0.2,.070
Nickeil Alexander-Walker,2022-23,24,2TM,59,884,11.6,-0.9,0.2,1.1,.062
Nickeil Alexander-Walker,2022-23,24,UTA,36,528,13.0,0.5,0.3,0.8,.074
Nickeil Alexander-Walker,2022-23,24,MIN,23,356,9.6,-3.0,-0.1,0.3,.044
Nickeil Alexander-Walker,2023-24,25,MIN,82,1921,10.9,0.2,1.1,4.3,.107
Nickeil Alexander-Walker,2024-25,26,MIN,82,2073,11.6,-0.4,0.8,4.3,.099
Nickeil Alexander-Walker,2025-26,27,ATL,78,2603,16.5,1.2,2.1,6.3,.116
Grayson Allen,2018-19,23,UTA,38,416,7.5,-6.3,-0.5,0.0,.002
Grayson Allen,2019-20,24,MEM,38,718,12.0,-1.3,0.1,1.2,.082
Grayson Allen,2020-21,25,MEM,50,1259,12.8,-0.2,0.6,2.7,.101
Grayson Allen,2021-22,26,MIL,66,1805,12.7,0.4,1.1,4.2,.110
Grayson Allen,2022-23,27,MIL,72,1972,12.3,0.1,1.0,5.1,.123
Grayson Allen,2023-24,28,PHO,75,2513,13.8,1.3,2.0,6.9,.132
Grayson Allen,2024-25,29,PHO,64,1544,13.7,-0.3,0.7,2.5,.079
Grayson Allen,2025-26,30,PHO,51,1467,16.1,2.1,1.5,3.9,.127
Jarrett Allen,2017-18,19,BRK,72,1441,17.5,-0.8,0.5,4.2,.141
Jarrett Allen,2018-19,20,BRK,80,2096,18.5,1.6,1.9,7.6,.175
Jarrett Allen,2019-20,21,BRK,70,1852,20.7,2.3,2.0,8.2,.212
Jarrett Allen,2020-21,22,2TM,63,1864,20.1,1.1,1.4,6.4,.166
Jarrett Allen,2020-21,22,BRK,12,320,21.5,2.6,0.4,1.4,.216
Jarrett Allen,2020-21,22,CLE,51,1544,19.8,0.8,1.1,5.0,.155
Jarrett Allen,2021-22,23,CLE,56,1810,23.0,3.9,2.7,8.5,.224
Jarrett Allen,2022-23,24,CLE,68,2220,19.9,2.4,2.4,9.5,.205
Jarrett Allen,2023-24,25,CLE,77,2442,21.8,3.0,3.1,10.7,.210
Jarrett Allen,2024-25,26,CLE,82,2296,22.1,4.2,3.6,11.6,.243
Jarrett Allen,2025-26,27,CLE,56,1519,22.1,2.6,1.8,6.4,.202
Timmy Allen,2023-24,24,MEM,5,125,0.8,-11.1,-0.3,-0.1,-0.041
Jose Alvarado,2021-22,23,NOP,54,834,16.4,1.9,0.8,2.1,.121
Jose Alvarado,2022-23,24,NOP,61,1310,11.8,-1.2,0.3,1.8,.066
Jose Alvarado,2023-24,25,NOP,56,1028,12.5,-0.1,0.5,2.1,.097
Jose Alvarado,2024-25,26,NOP,56,1366,13.4,-1.4,0.2,1.2,.043
Jose Alvarado,2025-26,27,2TM,69,1370,12.1,-1.0,0.3,2.2,.077
Jose Alvarado,2025-26,27,NOP,41,896,11.1,-2.0,0.0,1.0,.055
Jose Alvarado,2025-26,27,NYK,28,474,14.0,0.9,0.4,1.2,.119
Kyle Anderson,2014-15,21,SAS,33,358,8.2,-1.4,0.1,0.3,.044
Kyle Anderson,2015-16,22,SAS,78,1245,12.9,1.4,1.1,3.5,.133
Kyle Anderson,2016-17,23,SAS,72,1020,12.5,1.8,1.0,2.7,.127
Kyle Anderson,2017-18,24,SAS,74,1978,15.9,2.9,2.4,6.2,.151
Kyle Anderson,2018-19,25,MEM,43,1281,12.8,0.8,0.9,2.7,.100
Kyle Anderson,2019-20,26,MEM,67,1330,12.5,0.5,0.9,2.5,.091
Kyle Anderson,2020-21,27,MEM,69,1887,17.2,3.3,2.5,5.6,.143
Kyle Anderson,2021-22,28,MEM,69,1484,14.4,1.2,1.2,3.5,.113
Kyle Anderson,2022-23,29,MIN,69,1957,14.8,2.5,2.2,5.1,.125
Kyle Anderson,2023-24,30,MIN,79,1782,12.7,1.1,1.4,4.5,.121
Kyle Anderson,2024-25,31,2TM,61,1002,15.1,1.5,0.9,2.8,.135
Kyle Anderson,2024-25,31,GSW,36,541,14.8,2.3,0.6,1.5,.132
Kyle Anderson,2024-25,31,MIA,25,461,15.3,0.6,0.3,1.3,.139
Kyle Anderson,2025-26,32,3TM,43,853,13.7,0.4,0.5,1.9,.105
Kyle Anderson,2025-26,32,UTA,20,401,14.2,-0.3,0.2,0.7,.087
Kyle Anderson,2025-26,32,MEM,4,89,15.1,-1.1,0.0,0.2,.105
Kyle Anderson,2025-26,32,MIN,19,363,12.7,1.6,0.3,1.0,.126
Alex Antetokounmpo,2025-26,24,MIL,6,21,28.6,5.4,0.0,0.1,.282
Giannis Antetokounmpo,2013-14,19,MIL,77,1897,10.8,-2.5,-0.2,1.2,.031
Giannis Antetokounmpo,2014-15,20,MIL,81,2541,14.8,0.0,1.2,6.2,.117
Giannis Antetokounmpo,2015-16,21,MIL,80,2823,18.8,2.1,2.9,7.1,.121
Giannis Antetokounmpo,2016-17,22,MIL,80,2845,26.1,7.3,6.7,12.4,.210
Giannis Antetokounmpo,2017-18,23,MIL,75,2756,27.3,6.2,5.7,11.9,.207
Giannis Antetokounmpo,2018-19,24,MIL,72,2358,30.9,10.4,7.4,14.4,.292
Giannis Antetokounmpo,2019-20,25,MIL,63,1917,31.9,11.5,6.6,11.1,.279
Giannis Antetokounmpo,2020-21,26,MIL,61,2013,29.2,9.0,5.6,10.2,.244
Giannis Antetokounmpo,2021-22,27,MIL,67,2204,32.1,11.2,7.4,12.9,.281
Giannis Antetokounmpo,2022-23,28,MIL,63,2024,29.0,8.5,5.4,8.6,.204
Giannis Antetokounmpo,2023-24,29,MIL,73,2567,29.9,9.0,7.2,13.2,.246
Giannis Antetokounmpo,2024-25,30,MIL,67,2289,30.5,9.5,6.6,11.5,.241
Giannis Antetokounmpo,2025-26,31,MIL,36,1039,32.6,9.5,3.0,5.0,.231
Thanasis Antetokounmpo,2013-14,,Did not play - other pro league,,,,,,,
Thanasis Antetokounmpo,2014-15,,Did not play - other pro league,,,,,,,
Thanasis Antetokounmpo,2015-16,23,NYK,2,6,32.9,5.9,0.0,0.0,.291
Thanasis Antetokounmpo,2016-17,,Did not play - other pro league,,,,,,,
Thanasis Antetokounmpo,2017-18,,Did not play - other pro league,,,,,,,
Thanasis Antetokounmpo,2018-19,,Did not play - other pro league,,,,,,,
Thanasis Antetokounmpo,2019-20,27,MIL,20,129,12.2,-3.2,0.0,0.2,.070
Thanasis Antetokounmpo,2020-21,28,MIL,57,551,10.3,-3.5,-0.2,0.7,.057
Thanasis Antetokounmpo,2021-22,29,MIL,48,473,12.5,-3.5,-0.2,0.9,.095
Thanasis Antetokounmpo,2022-23,30,MIL,37,206,6.7,-7.6,-0.3,0.1,.022
Thanasis Antetokounmpo,2023-24,31,MIL,34,155,5.5,-6.4,-0.2,0.0,-0.010
Thanasis Antetokounmpo,2024-25,,Did not play - injury,,,,,,,
Thanasis Antetokounmpo,2025-26,33,MIL,34,148,14.0,-1.7,0.0,0.2,.076
Cole Anthony,2020-21,20,ORL,47,1273,12.1,-3.3,-0.4,0.0,-0.001
Cole Anthony,2021-22,21,ORL,65,2059,13.5,-1.2,0.4,1.6,.038
Cole Anthony,2022-23,22,ORL,60,1552,16.0,1.3,1.3,3.7,.116
Cole Anthony,2023-24,23,ORL,81,1817,14.6,0.1,1.0,3.6,.096
Cole Anthony,2024-25,24,ORL,67,1234,14.2,0.1,0.7,2.0,.078
Cole Anthony,2025-26,25,MIL,35,527,10.7,-4.7,-0.4,-0.5,-0.042
OG Anunoby,2017-18,20,TOR,74,1481,10.0,-0.6,0.5,3.0,.098
OG Anunoby,2018-19,21,TOR,67,1352,9.8,-2.4,-0.1,2.0,.070
OG Anunoby,2019-20,22,TOR,69,2066,13.2,1.2,1.7,5.7,.134
OG Anunoby,2020-21,23,TOR,43,1433,15.4,1.2,1.2,3.1,.104
OG Anunoby,2021-22,24,TOR,48,1728,14.8,0.5,1.1,3.7,.104
OG Anunoby,2022-23,25,TOR,67,2386,14.6,0.4,1.5,4.7,.094
OG Anunoby,2023-24,26,2TM,50,1702,12.8,-0.6,0.6,2.6,.073
OG Anunoby,2023-24,26,TOR,27,900,12.6,-1.6,0.1,1.0,.052
OG Anunoby,2023-24,26,NYK,23,802,13.0,0.6,0.5,1.6,.097
OG Anunoby,2024-25,27,NYK,74,2706,15.4,0.7,1.9,6.5,.116
OG Anunoby,2025-26,28,NYK,67,2224,15.8,2.0,2.3,6.3,.135
Ryan Arcidiacono,2017-18,23,CHI,24,304,7.3,-4.1,-0.2,0.3,.040
Ryan Arcidiacono,2018-19,24,CHI,81,1961,11.6,-1.9,0.1,3.7,.090
Ryan Arcidiacono,2019-20,25,CHI,58,930,9.0,-2.8,-0.2,1.4,.071
Ryan Arcidiacono,2020-21,26,CHI,44,450,9.8,-2.3,0.0,0.9,.093
Ryan Arcidiacono,2021-22,27,NYK,10,76,6.1,-4.6,-0.1,0.1,.052
Ryan Arcidiacono,2022-23,28,2TM,20,172,2.7,-8.8,-0.3,-0.2,-0.043
Ryan Arcidiacono,2022-23,28,NYK,11,26,3.1,-5.1,0.0,0.0,-0.012
Ryan Arcidiacono,2022-23,28,POR,9,146,2.6,-9.4,-0.3,-0.1,-0.049
Ryan Arcidiacono,2023-24,29,NYK,20,45,-2.0,-9.6,-0.1,-0.1,-0.089
Deni Avdija,2020-21,20,WAS,54,1257,7.6,-3.1,-0.4,1.2,.046
Deni Avdija,2021-22,21,WAS,82,1984,11.6,-1.7,0.1,2.4,.058
Deni Avdija,2022-23,22,WAS,76,2020,11.2,-2.3,-0.1,2.3,.054
Deni Avdija,2023-24,23,WAS,75,2257,14.9,-0.9,0.6,3.2,.068
Deni Avdija,2024-25,24,POR,72,2161,17.7,2.1,2.2,5.6,.124
Deni Avdija,2025-26,25,POR,66,2199,20.3,4.3,3.5,7.0,.152
Deandre Ayton,2018-19,20,PHO,71,2183,20.5,0.2,1.2,5.8,.128
Deandre Ayton,2019-20,21,PHO,38,1236,20.0,0.4,0.7,3.1,.121
Deandre Ayton,2020-21,22,PHO,69,2115,20.3,1.2,1.7,8.4,.191
Deandre Ayton,2021-22,23,PHO,58,1713,21.9,2.8,2.1,7.3,.203
Deandre Ayton,2022-23,24,PHO,67,2035,19.9,0.9,1.5,6.2,.147
Deandre Ayton,2023-24,25,POR,55,1784,18.9,0.3,1.0,3.9,.106
Deandre Ayton,2024-25,26,POR,40,1206,17.7,-0.7,0.4,2.8,.113
Deandre Ayton,2025-26,27,LAL,72,1958,18.2,-0.9,0.6,6.2,.152
Udoka Azubuike,2020-21,21,UTA,15,57,10.3,-3.8,0.0,0.1,.119
Udoka Azubuike,2021-22,22,UTA,17,195,17.6,-1.4,0.0,0.6,.157
Udoka Azubuike,2022-23,23,UTA,36,359,16.1,-0.6,0.1,1.0,.134
Udoka Azubuike,2023-24,24,PHO,16,113,12.3,-3.2,0.0,0.2,.100
Ibou Badji,2023-24,21,POR,22,226,8.1,-5.8,-0.2,0.2,.046
Marcus Bagley,2024-25,23,PHI,10,253,11.8,-4.3,-0.1,0.2,.045
Marvin Bagley III,2018-19,19,SAC,62,1567,18.9,-1.0,0.4,3.6,.110
Marvin Bagley III,2019-20,20,SAC,13,334,15.6,-3.5,-0.1,0.4,.051
Marvin Bagley III,2020-21,21,SAC,43,1112,16.3,-3.1,-0.3,1.4,.059
Marvin Bagley III,2021-22,22,2TM,48,1153,15.7,-2.3,-0.1,2.0,.084
Marvin Bagley III,2021-22,22,SAC,30,663,14.3,-3.5,-0.3,0.9,.067
Marvin Bagley III,2021-22,22,DET,18,490,17.7,-0.6,0.2,1.1,.107
Marvin Bagley III,2022-23,23,DET,42,990,17.2,-0.9,0.3,2.0,.095
Marvin Bagley III,2023-24,24,2TM,50,1053,19.4,-0.4,0.4,2.7,.122
Marvin Bagley III,2023-24,24,DET,26,478,18.2,-1.2,0.1,1.1,.112
Marvin Bagley III,2023-24,24,WAS,24,575,20.5,0.3,0.3,1.6,.130
Marvin Bagley III,2024-25,25,2TM,31,265,18.4,-1.2,0.1,0.6,.108
Marvin Bagley III,2024-25,25,WAS,19,166,19.9,-1.0,0.0,0.3,.089
Marvin Bagley III,2024-25,25,MEM,12,99,15.7,-1.5,0.0,0.3,.140
Marvin Bagley III,2025-26,26,2TM,60,1201,20.2,0.8,0.8,3.8,.150
Marvin Bagley III,2025-26,26,WAS,38,731,20.5,0.7,0.5,2.1,.140
Marvin Bagley III,2025-26,26,DAL,22,470,19.7,1.0,0.3,1.6,.165
Ace Bailey,2025-26,19,UTA,72,1988,11.6,-4.4,-1.2,-0.1,-0.001
Amari Bailey,2023-24,19,CHO,10,65,9.7,-8.3,-0.1,-0.1,-0.044
Adama-Alpha Bal,2025-26,22,MEM,8,241,9.6,-5.4,-0.2,0.3,.065
Patrick Baldwin Jr.,2022-23,20,GSW,31,226,11.3,-2.1,0.0,0.1,.029
Patrick Baldwin Jr.,2023-24,21,WAS,38,493,9.7,-4.6,-0.3,0.2,.019
Patrick Baldwin Jr.,2024-25,22,2TM,24,107,16.2,1.5,0.1,0.2,.098
Patrick Baldwin Jr.,2024-25,22,WAS,22,101,14.5,-0.2,0.0,0.1,.070
Patrick Baldwin Jr.,2024-25,22,LAC,2,6,45.4,30.7,0.1,0.1,.573
Patrick Baldwin Jr.,2025-26,23,3TM,9,102,11.8,-4.4,-0.1,0.1,.050
Patrick Baldwin Jr.,2025-26,23,LAC,2,12,23.6,4.8,0.0,0.1,.214
Patrick Baldwin Jr.,2025-26,23,PHI,1,2,6.3,-8.1,0.0,0.0,.085
Patrick Baldwin Jr.,2025-26,23,SAC,6,88,10.3,-5.6,-0.1,0.0,.027
LaMelo Ball,2020-21,19,CHO,51,1469,17.5,1.8,1.4,2.8,.093
LaMelo Ball,2021-22,20,CHO,75,2422,19.7,3.4,3.3,5.8,.116
LaMelo Ball,2022-23,21,CHO,36,1268,17.9,2.4,1.4,1.8,.068
LaMelo Ball,2023-24,22,CHO,22,711,20.8,3.3,1.0,1.1,.074
LaMelo Ball,2024-25,23,CHO,47,1505,19.1,3.2,2.0,2.0,.065
LaMelo Ball,2025-26,24,CHO,72,2017,19.7,4.7,3.4,6.2,.147
Lonzo Ball,2017-18,20,LAL,52,1780,12.5,1.0,1.3,2.0,.053
Lonzo Ball,2018-19,21,LAL,47,1423,11.7,-0.3,0.6,1.6,.052
Lonzo Ball,2019-20,22,NOP,63,2025,13.1,0.6,1.3,2.4,.058
Lonzo Ball,2020-21,23,NOP,55,1747,15.2,1.7,1.6,3.2,.089
Lonzo Ball,2021-22,24,CHI,35,1212,14.5,2.5,1.4,2.2,.088
Lonzo Ball,2022-23,,Did not play - injury,,,,,,,
Lonzo Ball,2023-24,,Did not play - injury,,,,,,,
Lonzo Ball,2024-25,27,CHI,35,777,12.2,0.2,0.4,1.2,.075
Lonzo Ball,2025-26,28,CLE,35,728,9.5,-1.1,0.2,0.6,.042
Mo Bamba,2018-19,20,ORL,47,766,14.9,-1.4,0.1,1.7,.106
Mo Bamba,2019-20,21,ORL,62,878,17.5,0.4,0.5,2.5,.135
Mo Bamba,2020-21,22,ORL,46,725,19.3,0.1,0.4,1.8,.117
Mo Bamba,2021-22,23,ORL,71,1824,16.5,0.7,1.2,4.5,.118
Mo Bamba,2022-23,24,2TM,49,769,15.7,0.5,0.5,2.2,.139
Mo Bamba,2022-23,24,ORL,40,681,16.3,1.3,0.6,2.1,.150
Mo Bamba,2022-23,24,LAL,9,88,11.4,-5.5,-0.1,0.1,.054
Mo Bamba,2023-24,25,PHI,57,740,15.4,-1.0,0.2,2.0,.128
Mo Bamba,2024-25,26,2TM,32,413,13.9,-0.9,0.1,1.0,.117
Mo Bamba,2024-25,26,LAC,28,352,14.5,-0.2,0.2,0.9,.124
Mo Bamba,2024-25,26,NOP,4,61,10.6,-4.5,0.0,0.1,.080
Mo Bamba,2025-26,27,2TM,4,44,12.9,-8.0,-0.1,0.1,.056
Mo Bamba,2025-26,27,TOR,2,6,-2.8,-21.3,0.0,0.0,-0.159
Mo Bamba,2025-26,27,UTA,2,38,15.4,-5.9,0.0,0.1,.090
Paolo Banchero,2022-23,20,ORL,72,2430,14.9,-1.5,0.3,2.4,.047
Paolo Banchero,2023-24,21,ORL,80,2799,17.3,1.3,2.3,5.3,.090
Paolo Banchero,2024-25,22,ORL,46,1582,20.0,3.5,2.2,3.5,.106
Paolo Banchero,2025-26,23,ORL,72,2502,17.6,1.4,2.1,5.0,.095
Desmond Bane,2020-21,22,MEM,68,1519,12.2,-0.8,0.5,2.9,.093
Desmond Bane,2021-22,23,MEM,76,2266,17.6,2.7,2.7,7.2,.153
Desmond Bane,2022-23,24,MEM,58,1841,19.1,3.5,2.5,5.8,.151
Desmond Bane,2023-24,25,MEM,42,1443,18.5,2.8,1.7,3.1,.102
Desmond Bane,2024-25,26,MEM,69,2205,17.9,3.2,2.9,6.5,.142
Desmond Bane,2025-26,27,ORL,82,2756,16.9,1.4,2.3,7.4,.129
Dalano Banton,2021-22,22,TOR,64,696,10.0,-3.1,-0.2,0.4,.030
Dalano Banton,2022-23,23,TOR,31,279,14.9,-0.5,0.1,0.4,.064
Dalano Banton,2023-24,24,2TM,54,1047,13.3,-1.3,0.2,0.5,.024
Dalano Banton,2023-24,24,BOS,24,171,9.9,-4.1,-0.1,0.2,.063
Dalano Banton,2023-24,24,POR,30,876,14.0,-0.8,0.3,0.3,.016
Dalano Banton,2024-25,25,POR,67,1120,12.9,-0.8,0.3,0.8,.033
Dalano Banton,2025-26,26,2TM,6,62,7.0,-4.0,0.0,-0.1,-0.044
Dalano Banton,2025-26,26,LAC,2,10,27.8,12.5,0.0,0.0,.227
Dalano Banton,2025-26,26,BOS,4,52,3.0,-7.1,-0.1,-0.1,-0.095
Dominick Barlow,2022-23,19,SAS,28,408,12.4,-4.6,-0.3,0.7,.082
Dominick Barlow,2023-24,20,SAS,33,420,14.6,-1.7,0.0,1.1,.126
Dominick Barlow,2024-25,21,ATL,35,375,14.6,-2.2,0.0,1.0,.131
Dominick Barlow,2025-26,22,PHI,71,1689,13.2,-1.1,0.4,3.9,.112
Harrison Barnes,2012-13,20,GSW,81,2058,11.0,-1.7,0.1,2.8,.065
Harrison Barnes,2013-14,21,GSW,78,2204,9.8,-1.6,0.2,3.2,.070
Harrison Barnes,2014-15,22,GSW,82,2318,13.4,0.1,1.2,6.7,.139
Harrison Barnes,2015-16,23,GSW,66,2042,12.3,-1.3,0.3,4.9,.116
Harrison Barnes,2016-17,24,DAL,79,2803,16.3,-0.8,0.8,4.6,.078
Harrison Barnes,2017-18,25,DAL,77,2634,15.8,-0.5,1.0,3.8,.070
Harrison Barnes,2018-19,26,2TM,77,2533,12.8,-1.4,0.4,3.6,.068
Harrison Barnes,2018-19,26,DAL,49,1584,13.1,-1.2,0.3,1.9,.059
Harrison Barnes,2018-19,26,SAC,28,949,12.3,-1.7,0.1,1.7,.084
Harrison Barnes,2019-20,27,SAC,72,2482,13.3,-1.3,0.5,4.6,.088
Harrison Barnes,2020-21,28,SAC,58,2102,15.4,0.2,1.1,4.5,.103
Harrison Barnes,2021-22,29,SAC,77,2580,15.7,0.2,1.4,6.0,.112
Harrison Barnes,2022-23,30,SAC,82,2662,14.1,-1.0,0.7,6.5,.118
Harrison Barnes,2023-24,31,SAC,82,2381,11.9,-1.8,0.1,4.7,.094
Harrison Barnes,2024-25,32,SAS,82,2230,14.9,0.0,1.2,5.6,.120
Harrison Barnes,2025-26,33,SAS,77,1986,11.8,-0.1,1.0,4.8,.117
Scottie Barnes,2021-22,20,TOR,74,2617,16.3,0.9,1.9,6.6,.122
Scottie Barnes,2022-23,21,TOR,77,2678,15.5,0.4,1.6,5.0,.090
Scottie Barnes,2023-24,22,TOR,60,2094,19.5,3.7,3.0,4.3,.098
Scottie Barnes,2024-25,23,TOR,65,2134,17.8,2.4,2.3,3.5,.078
Scottie Barnes,2025-26,24,TOR,80,2681,19.2,4.2,4.2,7.8,.140
Brooks Barnhizer,2025-26,23,OKC,40,348,7.9,-3.1,-0.1,0.6,.082
RJ Barrett,2019-20,19,NYK,56,1704,10.7,-4.3,-1.0,-0.5,-0.015
RJ Barrett,2020-21,20,NYK,72,2511,13.4,-1.2,0.5,4.1,.078
RJ Barrett,2021-22,21,NYK,70,2417,13.7,-1.6,0.2,2.3,.046
RJ Barrett,2022-23,22,NYK,73,2475,12.9,-3.1,-0.7,2.2,.043
RJ Barrett,2023-24,23,2TM,58,1838,16.4,-0.8,0.6,2.9,.075
RJ Barrett,2023-24,23,NYK,26,766,14.3,-2.0,0.0,1.1,.070
RJ Barrett,2023-24,23,TOR,32,1072,17.8,0.1,0.6,1.7,.078
RJ Barrett,2024-25,24,TOR,58,1869,16.5,0.6,1.2,2.4,.061
RJ Barrett,2025-26,25,TOR,57,1726,17.0,0.2,1.0,4.0,.111
Will Barton,2012-13,22,POR,73,894,9.1,-4.6,-0.6,-0.5,-0.028
Will Barton,2013-14,23,POR,41,387,13.5,-1.3,0.1,0.6,.078
Will Barton,2014-15,24,2TM,58,983,13.6,-0.2,0.4,1.3,.063
Will Barton,2014-15,24,POR,30,300,8.3,-3.3,-0.1,0.0,.002
Will Barton,2014-15,24,DEN,28,683,15.9,1.2,0.5,1.3,.089
Will Barton,2015-16,25,DEN,82,2353,16.0,0.8,1.7,4.3,.088
Will Barton,2016-17,26,DEN,60,1705,15.5,0.2,1.0,3.3,.093
Will Barton,2017-18,27,DEN,81,2683,16.2,1.1,2.1,6.2,.111
Will Barton,2018-19,28,DEN,43,1189,11.0,-1.8,0.0,1.2,.049
Will Barton,2019-20,29,DEN,58,1916,15.6,1.1,1.5,4.2,.106
Will Barton,2020-21,30,DEN,56,1736,11.8,-1.9,0.1,2.2,.061
Will Barton,2021-22,31,DEN,71,2277,13.4,-0.5,0.9,3.2,.067
Will Barton,2022-23,32,2TM,56,993,10.0,-2.6,-0.2,0.4,.021
Will Barton,2022-23,32,WAS,40,782,10.0,-2.7,-0.1,0.2,.013
Will Barton,2022-23,32,TOR,16,211,9.9,-2.5,0.0,0.2,.051
Will Barton,2023-24,,Did not play - other pro league,,,,,,,
Charles Bassey,2021-22,21,PHI,23,168,21.5,1.7,0.2,0.8,.220
Charles Bassey,2022-23,22,SAS,35,508,18.8,0.7,0.3,1.3,.123
Charles Bassey,2023-24,23,SAS,19,205,17.7,1.3,0.2,0.7,.157
Charles Bassey,2024-25,24,SAS,36,376,19.0,-1.1,0.1,1.1,.136
Charles Bassey,2025-26,25,4TM,13,153,22.7,1.9,0.2,0.7,.211
Charles Bassey,2025-26,25,MEM,2,31,12.6,-4.4,0.0,0.0,.067
Charles Bassey,2025-26,25,PHI,1,5,21.3,7.0,0.0,0.0,.193
Charles Bassey,2025-26,25,BOS,5,17,38.5,10.3,0.1,0.1,.349
Charles Bassey,2025-26,25,GSW,5,100,23.2,2.2,0.1,0.5,.233
Emoni Bates,2023-24,20,CLE,15,133,2.6,-9.2,-0.2,-0.3,-0.092
Emoni Bates,2024-25,21,CLE,10,75,9.8,-1.5,0.0,0.1,.038
Keita Bates-Diop,2018-19,23,MIN,30,503,9.6,-3.4,-0.2,0.3,.032
Keita Bates-Diop,2019-20,24,2TM,44,744,12.4,-1.4,0.1,1.2,.078
Keita Bates-Diop,2019-20,24,MIN,37,646,12.5,-0.9,0.2,1.0,.077
Keita Bates-Diop,2019-20,24,DEN,7,98,12.1,-5.0,-0.1,0.2,.084
Keita Bates-Diop,2020-21,25,SAS,30,245,12.0,-1.9,0.0,0.3,.068
Keita Bates-Diop,2021-22,26,SAS,59,957,12.4,-2.6,-0.1,1.6,.080
Keita Bates-Diop,2022-23,27,SAS,67,1452,14.9,-0.6,0.5,2.7,.089
Keita Bates-Diop,2023-24,28,2TM,53,665,11.5,-1.0,0.2,1.3,.091
Keita Bates-Diop,2023-24,28,PHO,39,597,11.3,-1.2,0.1,1.1,.089
Keita Bates-Diop,2023-24,28,BRK,14,68,13.4,0.2,0.0,0.2,.112
Jamison Battle,2024-25,23,TOR,59,1042,10.7,-2.3,-0.1,1.7,.079
Jamison Battle,2025-26,24,TOR,61,517,10.6,-2.6,-0.1,0.9,.086
Nicolas Batum,2008-09,20,POR,79,1454,12.9,1.4,1.2,3.7,.123
Nicolas Batum,2009-10,21,POR,37,918,17.3,3.9,1.4,3.5,.181
Nicolas Batum,2010-11,22,POR,80,2522,14.8,1.1,2.0,6.6,.126
Nicolas Batum,2011-12,23,POR,59,1791,17.3,2.5,2.0,4.8,.127
Nicolas Batum,2012-13,24,POR,73,2807,15.7,2.8,3.4,5.8,.099
Nicolas Batum,2013-14,25,POR,82,2956,15.8,3.4,4.0,7.9,.128
Nicolas Batum,2014-15,26,POR,71,2380,13.1,2.1,2.4,5.2,.105
Nicolas Batum,2015-16,27,CHO,70,2448,15.6,1.2,2.0,5.0,.097
Nicolas Batum,2016-17,28,CHO,77,2617,15.8,0.8,1.9,4.6,.084
Nicolas Batum,2017-18,29,CHO,64,1981,14.4,0.4,1.2,3.5,.084
Nicolas Batum,2018-19,30,CHO,75,2354,11.9,-0.3,1.0,3.7,.076
Nicolas Batum,2019-20,31,CHO,22,505,9.2,-1.9,0.0,0.6,.055
Nicolas Batum,2020-21,32,LAC,67,1835,12.9,2.1,1.9,5.0,.132
Nicolas Batum,2021-22,33,LAC,59,1463,13.5,2.3,1.6,3.7,.123
Nicolas Batum,2022-23,34,LAC,78,1709,11.0,0.5,1.0,3.6,.101
Nicolas Batum,2023-24,35,2TM,60,1529,10.2,-0.4,0.6,3.3,.103
Nicolas Batum,2023-24,35,LAC,3,54,9.8,2.8,0.1,0.1,.091
Nicolas Batum,2023-24,35,PHI,57,1475,10.3,-0.5,0.5,3.2,.104
Nicolas Batum,2024-25,36,LAC,78,1367,10.3,0.8,1.0,3.5,.124
Nicolas Batum,2025-26,37,LAC,74,1295,8.4,-1.0,0.3,1.8,.066
Damion Baugh,2024-25,24,CHO,15,370,6.3,-7.1,-0.5,-0.5,-0.069
Darius Bazley,2019-20,19,OKC,61,1130,9.6,-1.6,0.1,1.0,.041
Darius Bazley,2020-21,20,OKC,55,1714,9.7,-4.4,-1.0,-0.9,-0.026
Darius Bazley,2021-22,21,OKC,69,1924,12.6,-1.8,0.1,1.8,.044
Darius Bazley,2022-23,22,2TM,43,616,13.1,-1.0,0.2,1.0,.078
Darius Bazley,2022-23,22,OKC,36,555,12.9,-1.0,0.1,0.9,.079
Darius Bazley,2022-23,22,PHO,7,61,15.5,-0.4,0.0,0.1,.066
Darius Bazley,2023-24,23,2TM,9,152,13.9,-0.4,0.1,0.3,.084
Darius Bazley,2023-24,23,PHI,3,10,-1.6,-8.4,0.0,0.0,-0.142
Darius Bazley,2023-24,23,UTA,6,142,14.9,0.2,0.1,0.3,.100
Bradley Beal,2012-13,19,WAS,56,1745,13.6,0.2,1.0,3.0,.082
Bradley Beal,2013-14,20,WAS,73,2530,14.3,-0.4,1.0,4.0,.076
Bradley Beal,2014-15,21,WAS,63,2107,14.0,0.1,1.1,3.7,.085
Bradley Beal,2015-16,22,WAS,55,1708,15.5,0.3,1.0,2.7,.076
Bradley Beal,2016-17,23,WAS,77,2684,20.1,3.3,3.5,8.5,.152
Bradley Beal,2017-18,24,WAS,82,2977,18.4,2.2,3.1,6.9,.111
Bradley Beal,2018-19,25,WAS,82,3028,20.8,2.9,3.7,7.6,.120
Bradley Beal,2019-20,26,WAS,57,2053,23.2,2.9,2.5,5.1,.118
Bradley Beal,2020-21,27,WAS,60,2147,22.7,3.4,2.9,5.9,.132
Bradley Beal,2021-22,28,WAS,40,1439,17.5,0.8,1.0,1.4,.046
Bradley Beal,2022-23,29,WAS,50,1673,19.7,1.8,1.6,3.4,.099
Bradley Beal,2023-24,30,PHO,53,1767,16.3,0.4,1.1,3.9,.107
Bradley Beal,2024-25,31,PHO,53,1702,15.2,-1.1,0.4,2.4,.068
Bradley Beal,2025-26,32,LAC,6,121,5.1,-10.6,-0.3,-0.2,-0.070
Malik Beasley,2016-17,20,DEN,22,165,13.7,-0.6,0.1,0.2,.057
Malik Beasley,2017-18,21,DEN,62,583,9.0,-3.8,-0.3,0.3,.028
Malik Beasley,2018-19,22,DEN,81,1879,14.2,0.1,1.0,4.5,.115
Malik Beasley,2019-20,23,2TM,55,1209,12.7,-2.1,0.0,1.2,.049
Malik Beasley,2019-20,23,DEN,41,746,10.5,-2.9,-0.2,0.5,.030
Malik Beasley,2019-20,23,MIN,14,463,16.2,-0.7,0.2,0.8,.079
Malik Beasley,2020-21,24,MIN,37,1214,14.6,-0.2,0.6,1.3,.053
Malik Beasley,2021-22,25,MIN,79,1976,11.9,-0.7,0.7,2.9,.069
Malik Beasley,2022-23,26,2TM,81,2093,10.9,-2.0,0.0,1.4,.032
Malik Beasley,2022-23,26,UTA,55,1472,11.5,-1.6,0.2,1.2,.040
Malik Beasley,2022-23,26,LAL,26,621,9.7,-2.9,-0.1,0.2,.012
Malik Beasley,2023-24,27,MIL,79,2337,10.3,-1.8,0.1,3.5,.073
Malik Beasley,2024-25,28,DET,82,2283,14.4,0.8,1.6,4.7,.100
MarJon Beauchamp,2022-23,22,MIL,52,701,8.2,-4.8,-0.5,0.4,.027
MarJon Beauchamp,2023-24,23,MIL,48,608,9.7,-3.2,-0.2,0.7,.056
MarJon Beauchamp,2024-25,24,3TM,35,156,12.3,-4.3,-0.1,0.1,.020
MarJon Beauchamp,2024-25,24,MIL,26,122,8.5,-6.5,-0.1,-0.1,-0.041
MarJon Beauchamp,2024-25,24,LAC,3,17,22.3,4.0,0.0,0.1,.223
MarJon Beauchamp,2024-25,24,NYK,6,17,29.8,3.7,0.0,0.1,.254
MarJon Beauchamp,2025-26,25,PHI,14,196,13.4,-1.6,0.0,0.2,.060
Reece Beekman,2024-25,23,2TM,36,469,7.5,-5.4,-0.4,0.1,.010
Reece Beekman,2024-25,23,GSW,2,4,42.3,26.0,0.0,0.0,.598
Reece Beekman,2024-25,23,BRK,34,465,7.2,-5.6,-0.4,0.1,.005
Joan Beringer,2025-26,19,MIN,40,314,21.3,0.4,0.2,1.5,.222
Jules Bernard,2023-24,24,WAS,19,149,12.7,-3.0,0.0,0.1,.026
Dāvis Bertāns,2011-12,,Did not play - other pro league,,,,,,,
Dāvis Bertāns,2012-13,,Did not play - other pro league,,,,,,,
Dāvis Bertāns,2013-14,,Did not play - other pro league,,,,,,,
Dāvis Bertāns,2014-15,,Did not play - other pro league,,,,,,,
Dāvis Bertāns,2015-16,,Did not play - other pro league,,,,,,,
Dāvis Bertāns,2016-17,24,SAS,67,808,12.9,1.3,0.7,2.3,.135
Dāvis Bertāns,2017-18,25,SAS,77,1086,14.1,1.6,1.0,3.1,.135
Dāvis Bertāns,2018-19,26,SAS,76,1632,13.0,1.3,1.4,4.0,.118
Dāvis Bertāns,2019-20,27,WAS,54,1583,15.5,0.9,1.1,3.5,.107
Dāvis Bertāns,2020-21,28,WAS,57,1464,11.4,-0.8,0.4,3.1,.101
Dāvis Bertāns,2021-22,29,2TM,56,807,9.4,-2.6,-0.1,0.9,.053
Dāvis Bertāns,2021-22,29,WAS,34,501,8.3,-3.8,-0.2,0.3,.025
Dāvis Bertāns,2021-22,29,DAL,22,306,11.2,-0.6,0.1,0.6,.098
Dāvis Bertāns,2022-23,30,DAL,45,492,11.9,-1.2,0.1,0.9,.090
Dāvis Bertāns,2023-24,31,2TM,43,674,11.6,-1.4,0.1,0.9,.061
Dāvis Bertāns,2023-24,31,OKC,15,91,17.3,4.0,0.1,0.4,.229
Dāvis Bertāns,2023-24,31,CHO,28,583,10.7,-2.3,0.0,0.4,.034
Patrick Beverley,2009-10,,Did not play - other pro league,,,,,,,
Patrick Beverley,2010-11,,Did not play - other pro league,,,,,,,
Patrick Beverley,2011-12,,Did not play - other pro league,,,,,,,
Patrick Beverley,2012-13,24,HOU,41,713,15.4,3.8,1.0,2.2,.148
Patrick Beverley,2013-14,25,HOU,56,1751,12.4,0.6,1.2,4.2,.116
Patrick Beverley,2014-15,26,HOU,56,1727,11.3,0.1,0.9,3.5,.096
Patrick Beverley,2015-16,27,HOU,71,2041,13.0,0.2,1.1,4.4,.103
Patrick Beverley,2016-17,28,HOU,67,2058,13.0,1.1,1.6,5.3,.123
Patrick Beverley,2017-18,29,LAC,11,334,12.4,0.5,0.2,0.4,.056
Patrick Beverley,2018-19,30,LAC,78,2137,11.8,0.9,1.5,4.8,.108
Patrick Beverley,2019-20,31,LAC,51,1342,12.5,2.2,1.4,3.6,.128
Patrick Beverley,2020-21,32,LAC,37,832,12.0,0.7,0.6,2.1,.119
Patrick Beverley,2021-22,33,MIN,58,1476,14.8,2.7,1.7,4.1,.132
Patrick Beverley,2022-23,34,2TM,67,1816,8.9,-1.2,0.3,3.0,.079
Patrick Beverley,2022-23,34,LAL,45,1211,8.3,-1.8,0.1,1.8,.071
Patrick Beverley,2022-23,34,CHI,22,605,10.1,-0.2,0.3,1.2,.096
Patrick Beverley,2023-24,35,2TM,73,1462,11.6,-1.1,0.3,2.7,.090
Patrick Beverley,2023-24,35,PHI,47,919,11.7,-1.5,0.1,1.7,.087
Patrick Beverley,2023-24,35,MIL,26,543,11.4,-0.4,0.2,1.1,.095
Saddiq Bey,2020-21,21,DET,70,1909,12.6,-0.5,0.7,3.3,.082
Saddiq Bey,2021-22,22,DET,82,2704,14.0,-0.3,1.2,4.0,.071
Saddiq Bey,2022-23,23,2TM,77,2129,14.6,-0.3,0.9,3.9,.087
Saddiq Bey,2022-23,23,DET,52,1500,14.3,-0.7,0.5,2.3,.074
Saddiq Bey,2022-23,23,ATL,25,629,15.2,0.5,0.4,1.6,.119
Saddiq Bey,2023-24,24,ATL,63,2062,13.1,-1.8,0.1,3.5,.081
Saddiq Bey,2024-25,,Did not play - injury,,,,,,,
Saddiq Bey,2025-26,26,NOP,72,2246,17.1,0.5,1.4,5.4,.116
Khem Birch,2017-18,25,ORL,42,578,16.4,-0.9,0.2,1.8,.150
Khem Birch,2018-19,26,ORL,50,643,19.2,1.2,0.5,2.8,.212
Khem Birch,2019-20,27,ORL,48,922,11.7,-2.4,-0.1,2.2,.112
Khem Birch,2020-21,28,2TM,67,1529,15.1,-1.0,0.4,3.8,.118
Khem Birch,2020-21,28,ORL,48,952,14.1,-1.6,0.1,2.1,.106
Khem Birch,2020-21,28,TOR,19,577,16.9,0.1,0.3,1.7,.138
Khem Birch,2021-22,29,TOR,55,991,13.2,-1.3,0.2,2.6,.126
Khem Birch,2022-23,30,TOR,20,162,9.4,-3.5,-0.1,0.2,.072
Khem Birch,2023-24,,Did not play - other pro league,,,,,,,
Goga Bitadze,2019-20,20,IND,54,471,12.1,-2.3,0.0,0.7,.067
Goga Bitadze,2020-21,21,IND,45,561,16.3,-1.0,0.1,1.5,.129
Goga Bitadze,2021-22,22,IND,50,729,18.0,-0.8,0.2,1.9,.122
Goga Bitadze,2022-23,23,2TM,38,457,17.1,0.3,0.3,1.3,.141
Goga Bitadze,2022-23,23,IND,21,202,13.9,-1.1,0.0,0.4,.087
Goga Bitadze,2022-23,23,ORL,17,255,19.7,1.3,0.2,1.0,.184
Goga Bitadze,2023-24,24,ORL,62,957,17.8,2.1,1.0,3.7,.186
Goga Bitadze,2024-25,25,ORL,70,1430,19.2,2.5,1.6,5.8,.195
Goga Bitadze,2025-26,26,ORL,64,972,20.1,2.8,1.2,4.4,.218
Onuralp Bitim,2023-24,24,CHI,23,268,5.0,-7.4,-0.4,-0.1,-0.027
Bismack Biyombo,2011-12,19,CHA,63,1455,10.6,-4.6,-1.0,0.6,.019
Bismack Biyombo,2012-13,20,CHA,80,2186,10.1,-4.4,-1.3,1.4,.031
Bismack Biyombo,2013-14,21,CHA,77,1072,13.3,-1.2,0.2,3.2,.144
Bismack Biyombo,2014-15,22,CHO,64,1243,15.2,-1.1,0.3,4.0,.156
Bismack Biyombo,2015-16,23,TOR,82,1808,14.9,-0.2,0.8,5.9,.156
Bismack Biyombo,2016-17,24,ORL,81,1793,12.2,-3.2,-0.6,2.9,.077
Bismack Biyombo,2017-18,25,ORL,82,1495,14.1,-2.4,-0.2,2.9,.094
Bismack Biyombo,2018-19,26,CHO,54,783,14.4,-2.5,-0.1,2.0,.125
Bismack Biyombo,2019-20,27,CHO,53,1029,16.1,-2.5,-0.1,2.4,.113
Bismack Biyombo,2020-21,28,CHO,66,1349,11.7,-3.0,-0.4,2.3,.081
Bismack Biyombo,2021-22,29,PHO,36,506,17.3,-1.3,0.1,1.8,.170
Bismack Biyombo,2022-23,30,PHO,61,874,14.4,-0.9,0.2,1.9,.102
Bismack Biyombo,2023-24,31,2TM,40,791,9.9,-3.4,-0.3,1.1,.066
Bismack Biyombo,2023-24,31,MEM,30,718,10.0,-3.2,-0.2,1.0,.066
Bismack Biyombo,2023-24,31,OKC,10,73,8.9,-5.2,-0.1,0.1,.066
Bismack Biyombo,2024-25,32,SAS,28,528,12.2,-3.6,-0.2,0.8,.071
Bismack Biyombo,2025-26,33,SAS,25,141,4.5,-5.8,-0.1,0.2,.057
Anthony Black,2023-24,20,ORL,69,1164,8.4,-3.0,-0.3,1.6,.067
Anthony Black,2024-25,21,ORL,78,1887,11.6,-1.9,0.0,2.4,.061
Anthony Black,2025-26,22,ORL,64,1910,13.7,-0.6,0.7,2.6,.067
Leaky Black,2023-24,24,CHO,26,284,11.5,-2.4,0.0,0.5,.084
Leaky Black,2025-26,26,WAS,15,433,7.8,-5.3,-0.4,0.0,.004
Buddy Boeheim,2022-23,23,DET,10,90,0.5,-9.5,-0.2,-0.2,-0.091
Buddy Boeheim,2023-24,24,DET,10,84,9.1,-3.5,0.0,0.1,.047
Buddy Boeheim,2025-26,26,OKC,4,15,4.6,-8.4,0.0,0.0,.012
Bogdan Bogdanović,2012-13,,Did not play - other pro league,,,,,,,
Bogdan Bogdanović,2013-14,,Did not play - other pro league,,,,,,,
Bogdan Bogdanović,2014-15,,Did not play - other pro league,,,,,,,
Bogdan Bogdanović,2015-16,,Did not play - other pro league,,,,,,,
Bogdan Bogdanović,2016-17,,Did not play - other pro league,,,,,,,
Bogdan Bogdanović,2017-18,25,SAC,78,2175,13.5,-1.5,0.3,2.9,.064
Bogdan Bogdanović,2018-19,26,SAC,70,1947,14.1,-0.6,0.7,2.7,.067
Bogdan Bogdanović,2019-20,27,SAC,61,1766,15.2,0.6,1.2,3.1,.084
Bogdan Bogdanović,2020-21,28,ATL,44,1305,17.6,3.6,1.8,3.9,.142
Bogdan Bogdanović,2021-22,29,ATL,63,1848,15.4,1.3,1.5,3.7,.095
Bogdan Bogdanović,2022-23,30,ATL,54,1508,14.2,0.5,0.9,2.8,.088
Bogdan Bogdanović,2023-24,31,ATL,79,2401,14.7,0.2,1.4,3.9,.079
Bogdan Bogdanović,2024-25,32,2TM,54,1348,11.1,-2.0,0.0,1.9,.069
Bogdan Bogdanović,2024-25,32,ATL,24,598,7.6,-4.7,-0.4,-0.1,-0.006
Bogdan Bogdanović,2024-25,32,LAC,30,750,14.0,0.2,0.4,2.0,.128
Bogdan Bogdanović,2025-26,33,LAC,23,452,8.9,-3.1,-0.1,0.2,.020
Bojan Bogdanović,2011-12,,Did not play - other pro league,,,,,,,
Bojan Bogdanović,2012-13,,Did not play - other pro league,,,,,,,
Bojan Bogdanović,2013-14,,Did not play - other pro league,,,,,,,
Bojan Bogdanović,2014-15,25,BRK,78,1854,11.6,-1.7,0.1,2.4,.062
Bojan Bogdanović,2015-16,26,BRK,79,2115,10.7,-3.5,-0.8,0.9,.021
Bojan Bogdanović,2016-17,27,2TM,81,2083,13.5,-2.2,-0.1,2.9,.067
Bojan Bogdanović,2016-17,27,BRK,55,1482,13.0,-2.6,-0.2,1.6,.052
Bojan Bogdanović,2016-17,27,WAS,26,601,14.7,-1.2,0.1,1.3,.103
Bojan Bogdanović,2017-18,28,IND,80,2464,13.9,-0.7,0.8,5.4,.105
Bojan Bogdanović,2018-19,29,IND,81,2573,16.1,0.7,1.7,6.8,.126
Bojan Bogdanović,2019-20,30,UTA,63,2083,15.6,0.1,1.1,4.2,.096
Bojan Bogdanović,2020-21,31,UTA,72,2216,14.0,-0.4,0.9,5.2,.113
Bojan Bogdanović,2021-22,32,UTA,69,2131,15.7,0.0,1.1,5.2,.118
Bojan Bogdanović,2022-23,33,DET,59,1893,17.4,0.8,1.4,3.5,.090
Bojan Bogdanović,2023-24,34,2TM,57,1478,12.6,-3.2,-0.4,1.1,.034
Bojan Bogdanović,2023-24,34,DET,28,921,14.1,-2.1,0.0,0.8,.042
Bojan Bogdanović,2023-24,34,NYK,29,557,10.1,-4.9,-0.4,0.2,.021
Bol Bol,2019-20,20,DEN,7,87,14.4,-3.0,0.0,0.1,.063
Bol Bol,2020-21,21,DEN,32,160,9.4,-4.1,-0.1,0.0,-0.004
Bol Bol,2021-22,22,DEN,14,81,13.5,-1.0,0.0,0.1,.065
Bol Bol,2022-23,23,ORL,70,1505,14.4,-0.9,0.4,2.3,.072
Bol Bol,2023-24,24,PHO,43,469,18.7,2.1,0.5,1.6,.168
Bol Bol,2024-25,25,PHO,36,448,18.4,0.8,0.3,0.9,.097
Marques Bolden,2019-20,21,CLE,1,3,19.8,5.4,0.0,0.0,.282
Marques Bolden,2020-21,22,CLE,6,29,13.3,-3.0,0.0,0.0,.063
Marques Bolden,2021-22,,Did not play - other pro league,,,,,,,
Marques Bolden,2022-23,,Did not play - other pro league,,,,,,,
Marques Bolden,2023-24,25,2TM,11,121,16.0,-2.7,0.0,0.3,.134
Marques Bolden,2023-24,25,MIL,2,3,3.0,-5.5,0.0,0.0,.102
Marques Bolden,2023-24,25,CHO,9,118,16.4,-2.6,0.0,0.3,.135
Leandro Bolmaro,2020-21,,Did not play - other pro league,,,,,,,
Leandro Bolmaro,2021-22,21,MIN,35,241,5.4,-5.8,-0.2,0.0,.004
Leandro Bolmaro,2022-23,22,UTA,14,68,-5.0,-14.7,-0.2,-0.3,-0.231
Leandro Bolmaro,2023-24,,Did not play - other pro league,,,,,,,
Adem Bona,2024-25,21,PHI,58,905,16.5,-2.7,-0.2,2.3,.121
Adem Bona,2025-26,22,PHI,71,1234,12.8,-2.9,-0.3,2.9,.112
Devin Booker,2015-16,19,PHO,76,2108,11.9,-2.8,-0.5,1.9,.043
Devin Booker,2016-17,20,PHO,78,2730,14.6,-1.9,0.1,2.0,.035
Devin Booker,2017-18,21,PHO,54,1865,18.1,0.9,1.4,2.4,.063
Devin Booker,2018-19,22,PHO,64,2242,20.2,1.0,1.7,3.5,.076
Devin Booker,2019-20,23,PHO,70,2512,20.6,2.2,2.6,7.5,.143
Devin Booker,2020-21,24,PHO,67,2270,19.2,0.3,1.3,4.9,.104
Devin Booker,2021-22,25,PHO,68,2345,21.3,4.1,3.6,7.6,.156
Devin Booker,2022-23,26,PHO,53,1835,22.0,4.2,2.9,6.0,.157
Devin Booker,2023-24,27,PHO,68,2447,21.9,3.0,3.1,9.2,.181
Devin Booker,2024-25,28,PHO,75,2795,19.3,0.4,1.7,6.4,.111
Devin Booker,2025-26,29,PHO,64,2146,20.4,2.2,2.3,6.5,.145
Brandon Boston Jr.,2021-22,20,LAC,51,760,11.2,-3.3,-0.3,0.4,.026
Brandon Boston Jr.,2022-23,21,LAC,22,248,13.4,-2.2,0.0,0.2,.040
Brandon Boston Jr.,2023-24,22,LAC,32,345,8.7,-9.0,-0.6,-0.3,-0.040
Brandon Boston Jr.,2024-25,23,NOP,42,993,12.7,-2.5,-0.1,0.7,.033
Chris Boucher,2017-18,25,GSW,1,1,-28.5,-33.1,0.0,0.0,-0.899
Chris Boucher,2018-19,26,TOR,28,163,22.2,2.6,0.2,0.7,.194
Chris Boucher,2019-20,27,TOR,62,819,20.7,2.0,0.8,3.8,.224
Chris Boucher,2020-21,28,TOR,60,1453,21.9,3.3,2.0,6.1,.201
Chris Boucher,2021-22,29,TOR,80,1690,17.9,0.1,0.9,6.0,.169
Chris Boucher,2022-23,30,TOR,76,1523,18.0,-0.1,0.7,5.0,.156
Chris Boucher,2023-24,31,TOR,50,705,16.0,-1.7,0.1,1.7,.119
Chris Boucher,2024-25,32,TOR,50,862,18.7,2.3,0.9,2.7,.148
Chris Boucher,2025-26,33,BOS,9,94,7.7,-3.1,0.0,0.1,.064
James Bouknight,2021-22,21,CHO,31,304,10.1,-7.1,-0.4,0.0,.001
James Bouknight,2022-23,22,CHO,34,515,6.2,-6.5,-0.6,-0.4,-0.040
James Bouknight,2023-24,23,CHO,14,81,15.9,2.2,0.1,0.1,.062
Jamaree Bouyea,2022-23,23,2TM,5,71,6.5,-4.2,0.0,0.0,.013
Jamaree Bouyea,2022-23,23,MIA,4,65,7.8,-2.9,0.0,0.0,.029
Jamaree Bouyea,2022-23,23,WAS,1,6,-6.9,-17.8,0.0,0.0,-0.150
Jamaree Bouyea,2023-24,24,2TM,9,95,1.5,-12.3,-0.2,-0.3,-0.129
Jamaree Bouyea,2023-24,24,POR,6,57,-4.8,-17.8,-0.2,-0.4,-0.299
Jamaree Bouyea,2023-24,24,SAS,3,38,11.1,-3.9,0.0,0.1,.126
Jamaree Bouyea,2024-25,25,MIL,5,62,9.7,-5.4,0.0,0.0,.007
Jamaree Bouyea,2025-26,26,PHO,46,644,13.5,-0.4,0.3,1.1,.086
Tony Bradley,2017-18,20,UTA,9,29,9.5,-7.5,0.0,0.0,.033
Tony Bradley,2018-19,21,UTA,3,36,19.6,-6.0,0.0,0.1,.130
Tony Bradley,2019-20,22,UTA,58,663,21.7,1.3,0.6,3.3,.236
Tony Bradley,2020-21,23,2TM,42,684,20.7,1.3,0.6,2.7,.192
Tony Bradley,2020-21,23,PHI,20,287,21.1,3.3,0.4,1.5,.245
Tony Bradley,2020-21,23,OKC,22,397,20.4,-0.2,0.2,1.3,.154
Tony Bradley,2021-22,24,CHI,55,549,14.9,-1.8,0.0,1.3,.112
Tony Bradley,2022-23,25,CHI,12,33,21.7,4.9,0.1,0.2,.220
Tony Bradley,2023-24,,Did not play - other pro league,,,,,,,
Tony Bradley,2024-25,27,IND,14,113,23.2,1.2,0.1,0.4,.187
Tony Bradley,2025-26,28,2TM,41,450,12.8,-4.2,-0.3,0.9,.099
Tony Bradley,2025-26,28,IND,38,416,13.0,-4.1,-0.2,0.9,.102
Tony Bradley,2025-26,28,ATL,3,34,10.2,-6.2,0.0,0.0,.061
Malaki Branham,2022-23,19,SAS,66,1550,9.5,-5.2,-1.3,-0.1,-0.004
Malaki Branham,2023-24,20,SAS,75,1594,8.7,-5.6,-1.5,-0.3,-0.008
Malaki Branham,2024-25,21,SAS,47,427,12.0,-3.2,-0.1,0.1,.007
Malaki Branham,2025-26,22,WAS,28,275,14.0,-2.2,0.0,0.4,.064
Jarrell Brantley,2019-20,23,UTA,9,96,8.0,-4.6,-0.1,0.0,-0.006
Jarrell Brantley,2020-21,24,UTA,28,138,16.6,2.2,0.1,0.5,.172
Jarrell Brantley,2021-22,,Did not play - other pro league,,,,,,,
Jarrell Brantley,2022-23,26,UTA,4,39,18.5,3.5,0.1,0.1,.160
Jarrell Brantley,2023-24,,Did not play - other pro league,,,,,,,
Christian Braun,2022-23,21,DEN,76,1181,10.3,-2.4,-0.1,1.9,.079
Christian Braun,2023-24,22,DEN,82,1655,12.1,-1.9,0.0,3.4,.100
Christian Braun,2024-25,23,DEN,79,2675,16.0,0.3,1.6,8.0,.144
Christian Braun,2025-26,24,DEN,44,1399,12.6,-1.2,0.3,3.0,.103
Koby Brea,2025-26,23,PHO,12,84,13.6,0.2,0.0,0.2,.117
Jalen Bridges,2024-25,23,PHO,8,30,-0.1,-12.5,-0.1,-0.1,-0.178
Mikal Bridges,2018-19,22,PHO,82,2417,10.8,-1.6,0.3,2.9,.058
Mikal Bridges,2019-20,23,PHO,73,2042,12.9,0.8,1.5,4.8,.113
Mikal Bridges,2020-21,24,PHO,72,2348,16.4,3.3,3.1,8.0,.164
Mikal Bridges,2021-22,25,PHO,82,2854,14.4,1.6,2.6,8.9,.150
Mikal Bridges,2022-23,26,2TM,83,2963,16.8,1.7,2.8,7.5,.121
Mikal Bridges,2022-23,26,PHO,56,2040,14.8,1.0,1.6,4.9,.116
Mikal Bridges,2022-23,26,BRK,27,923,21.3,3.3,1.2,2.5,.133
Mikal Bridges,2023-24,27,BRK,82,2854,14.9,-0.4,1.2,4.2,.070
Mikal Bridges,2024-25,28,NYK,82,3036,14.0,-0.5,1.2,5.7,.090
Mikal Bridges,2025-26,29,NYK,82,2692,15.3,2.7,3.2,8.0,.143
Miles Bridges,2018-19,20,CHO,80,1696,13.1,-0.8,0.5,2.9,.083
Miles Bridges,2019-20,21,CHO,65,1995,12.1,-2.5,-0.3,1.6,.039
Miles Bridges,2020-21,22,CHO,66,1932,14.7,0.2,1.1,4.2,.105
Miles Bridges,2021-22,23,CHO,80,2837,17.9,1.5,2.5,7.2,.123
Miles Bridges,2022-23,,Did not play - sat out,,,,,,,
Miles Bridges,2023-24,25,CHO,69,2581,15.4,-1.1,0.6,2.2,.040
Miles Bridges,2024-25,26,CHO,64,2029,17.7,1.8,2.0,3.2,.075
Miles Bridges,2025-26,27,CHO,77,2387,16.0,1.1,1.9,6.5,.130
Oshae Brissett,2019-20,21,TOR,19,135,6.7,-5.3,-0.1,0.1,.043
Oshae Brissett,2020-21,22,IND,21,519,17.2,0.6,0.3,1.8,.165
Oshae Brissett,2021-22,23,IND,67,1564,12.9,-2.2,-0.1,2.2,.069
Oshae Brissett,2022-23,24,IND,65,1083,10.6,-3.2,-0.3,1.1,.050
Oshae Brissett,2023-24,25,BOS,55,630,12.8,-1.8,0.0,1.7,.131
Oshae Brissett,2024-25,26,PHI,6,142,9.8,-6.3,-0.1,0.1,.019
Izaiah Brockington,2023-24,24,NOP,1,3,26.6,-17.8,0.0,0.0,-0.177
Malcolm Brogdon,2016-17,24,MIL,75,1982,14.9,-0.4,0.8,4.1,.100
Malcolm Brogdon,2017-18,25,MIL,48,1436,14.3,-1.2,0.3,2.7,.091
Malcolm Brogdon,2018-19,26,MIL,64,1832,17.8,2.2,1.9,6.5,.171
Malcolm Brogdon,2019-20,27,IND,54,1666,17.7,1.8,1.6,4.0,.114
Malcolm Brogdon,2020-21,28,IND,56,1930,17.9,2.1,2.0,4.2,.105
Malcolm Brogdon,2021-22,29,IND,36,1206,18.0,2.3,1.3,2.7,.106
Malcolm Brogdon,2022-23,30,BOS,67,1744,18.2,2.8,2.1,5.8,.161
Malcolm Brogdon,2023-24,31,POR,39,1121,17.0,2.0,1.1,2.6,.111
Malcolm Brogdon,2024-25,32,WAS,24,564,15.8,-1.5,0.1,0.7,.061
Armoni Brooks,2020-21,22,HOU,20,520,10.4,-3.2,-0.2,0.3,.030
Armoni Brooks,2021-22,23,2TM,54,844,8.4,-3.9,-0.4,0.2,.014
Armoni Brooks,2021-22,23,HOU,41,690,8.4,-4.4,-0.4,0.0,.002
Armoni Brooks,2021-22,23,TOR,13,154,8.6,-1.6,0.0,0.2,.067
Armoni Brooks,2022-23,,Did not play - other pro league,,,,,,,
Armoni Brooks,2023-24,25,BRK,10,104,8.3,-5.8,-0.1,0.0,-0.018
Dillon Brooks,2017-18,22,MEM,82,2350,9.8,-4.0,-1.2,1.2,.025
Dillon Brooks,2018-19,23,MEM,18,330,7.6,-6.3,-0.4,0.0,-0.004
Dillon Brooks,2019-20,24,MEM,73,2112,11.3,-4.1,-1.1,1.2,.027
Dillon Brooks,2020-21,25,MEM,67,1997,12.1,-3.7,-0.9,1.4,.033
Dillon Brooks,2021-22,26,MEM,32,885,15.5,-1.8,0.0,1.6,.087
Dillon Brooks,2022-23,27,MEM,73,2214,9.4,-3.9,-1.1,1.6,.034
Dillon Brooks,2023-24,28,HOU,72,2227,9.4,-3.6,-0.9,2.7,.058
Dillon Brooks,2024-25,29,HOU,75,2388,11.0,-1.4,0.4,5.1,.103
Dillon Brooks,2025-26,30,PHO,56,1702,14.1,-2.3,-0.1,2.1,.058
Keion Brooks Jr.,2024-25,24,NOP,14,332,12.8,-3.5,-0.1,0.4,.057
Johni Broome,2025-26,23,PHI,11,55,0.4,-16.2,-0.2,-0.2,-0.212
Bruce Brown,2018-19,22,DET,74,1449,6.9,-3.3,-0.5,1.5,.048
Bruce Brown,2019-20,23,DET,58,1634,11.9,-1.2,0.3,2.1,.062
Bruce Brown,2020-21,24,BRK,65,1451,16.1,-0.1,0.7,4.4,.144
Bruce Brown,2021-22,25,BRK,72,1774,15.0,0.7,1.2,4.8,.130
Bruce Brown,2022-23,26,DEN,80,2280,13.3,-0.5,0.9,4.3,.090
Bruce Brown,2023-24,27,2TM,67,1866,11.6,-3.3,-0.6,2.2,.058
Bruce Brown,2023-24,27,IND,33,981,12.2,-2.3,-0.1,1.5,.074
Bruce Brown,2023-24,27,TOR,34,885,10.9,-4.5,-0.5,0.7,.040
Bruce Brown,2024-25,28,2TM,41,922,10.9,-3.8,-0.4,0.7,.035
Bruce Brown,2024-25,28,TOR,18,353,12.3,-2.5,0.0,0.4,.060
Bruce Brown,2024-25,28,NOP,23,569,10.1,-4.6,-0.4,0.2,.020
Bruce Brown,2025-26,29,DEN,82,1998,10.8,-2.4,-0.2,2.9,.071
Charlie Brown Jr.,2019-20,22,ATL,10,40,11.0,-2.5,0.0,0.0,-0.028
Charlie Brown Jr.,2020-21,23,OKC,9,152,4.1,-8.7,-0.3,-0.1,-0.032
Charlie Brown Jr.,2021-22,24,2TM,22,177,6.5,-4.8,-0.1,0.0,.012
Charlie Brown Jr.,2021-22,24,DAL,3,15,5.1,-2.6,0.0,0.0,-0.050
Charlie Brown Jr.,2021-22,24,PHI,19,162,6.6,-5.0,-0.1,0.1,.018
Charlie Brown Jr.,2022-23,,Did not play - other pro league,,,,,,,
Charlie Brown Jr.,2023-24,26,NYK,8,37,-3.2,-13.6,-0.1,-0.1,-0.124
Darius Brown II,2025-26,26,CLE,1,3,-7.7,-18.7,0.0,0.0,-0.269
Greg Brown III,2021-22,20,POR,48,640,11.0,-4.7,-0.4,0.4,.029
Greg Brown III,2022-23,21,POR,16,93,5.8,-8.5,-0.2,-0.1,-0.074
Greg Brown III,2023-24,22,DAL,6,40,10.5,-4.4,0.0,0.0,.000
Jaylen Brown,2016-17,20,BOS,78,1341,10.3,-3.7,-0.6,1.5,.053
Jaylen Brown,2017-18,21,BOS,70,2152,13.6,-0.5,0.8,4.5,.100
Jaylen Brown,2018-19,22,BOS,74,1913,13.5,-2.1,0.0,3.0,.076
Jaylen Brown,2019-20,23,BOS,57,1934,16.9,0.8,1.4,4.9,.123
Jaylen Brown,2020-21,24,BOS,58,1999,19.9,2.5,2.3,4.8,.115
Jaylen Brown,2021-22,25,BOS,66,2220,18.9,2.1,2.2,5.8,.124
Jaylen Brown,2022-23,26,BOS,67,2405,19.1,1.3,2.0,5.0,.100
Jaylen Brown,2023-24,27,BOS,70,2343,18.6,0.7,1.6,5.9,.121
Jaylen Brown,2024-25,28,BOS,63,2158,17.8,0.0,1.1,5.2,.115
Jaylen Brown,2025-26,29,BOS,71,2443,22.0,3.3,3.3,6.9,.135
Kendall Brown,2022-23,19,IND,6,40,9.1,-2.9,0.0,0.1,.071
Kendall Brown,2023-24,20,IND,15,63,7.6,-6.8,-0.1,0.1,.045
Kobe Brown,2023-24,24,LAC,44,394,7.6,-3.8,-0.2,0.5,.055
Kobe Brown,2024-25,25,LAC,40,272,10.8,-2.1,0.0,0.5,.085
Kobe Brown,2025-26,26,2TM,61,963,12.0,-2.7,-0.2,1.3,.066
Kobe Brown,2025-26,26,LAC,34,295,11.2,-2.3,0.0,0.3,.056
Kobe Brown,2025-26,26,IND,27,668,12.4,-2.8,-0.1,1.0,.070
Moses Brown,2019-20,20,POR,9,33,6.7,-10.0,-0.1,0.0,-0.065
Moses Brown,2020-21,21,OKC,43,920,18.8,-2.4,-0.1,2.6,.138
Moses Brown,2021-22,22,2TM,40,345,18.5,-3.3,-0.1,1.2,.160
Moses Brown,2021-22,22,DAL,26,169,15.5,-4.8,-0.1,0.4,.111
Moses Brown,2021-22,22,CLE,14,176,21.4,-1.9,0.0,0.8,.207
Moses Brown,2022-23,23,2TM,36,294,22.2,-0.6,0.1,1.1,.179
Moses Brown,2022-23,23,LAC,34,288,22.7,-0.4,0.1,1.1,.185
Moses Brown,2022-23,23,BRK,2,6,-2.6,-9.9,0.0,0.0,-0.129
Moses Brown,2023-24,24,POR,22,200,14.5,-6.5,-0.2,0.2,.044
Moses Brown,2024-25,25,2TM,13,119,22.4,0.1,0.1,0.4,.146
Moses Brown,2024-25,25,IND,9,46,16.0,-5.2,0.0,0.0,.020
Moses Brown,2024-25,25,DAL,4,73,26.3,3.5,0.1,0.3,.225
Sterling Brown,2017-18,22,MIL,54,776,9.1,-3.1,-0.2,0.7,.043
Sterling Brown,2018-19,23,MIL,58,1034,10.9,-1.5,0.1,2.1,.098
Sterling Brown,2019-20,24,MIL,52,767,9.5,-2.0,0.0,1.1,.070
Sterling Brown,2020-21,25,HOU,51,1229,11.1,-1.6,0.1,1.8,.071
Sterling Brown,2021-22,26,DAL,49,628,8.4,-2.9,-0.1,0.8,.061
Sterling Brown,2022-23,27,LAL,4,24,7.0,-3.3,0.0,0.0,.040
Sterling Brown,2023-24,,Did not play - other pro league,,,,,,,
Troy Brown Jr.,2018-19,19,WAS,52,730,11.1,-2.7,-0.1,0.6,.039
Troy Brown Jr.,2019-20,20,WAS,69,1782,13.7,-1.2,0.3,2.4,.065
Troy Brown Jr.,2020-21,21,2TM,34,524,8.5,-4.0,-0.3,0.5,.043
Troy Brown Jr.,2020-21,21,WAS,21,287,6.3,-5.5,-0.3,-0.1,-0.009
Troy Brown Jr.,2020-21,21,CHI,13,237,11.2,-2.2,0.0,0.5,.107
Troy Brown Jr.,2021-22,22,CHI,66,1055,10.1,-1.8,0.1,1.4,.065
Troy Brown Jr.,2022-23,23,LAL,76,1860,9.6,-1.0,0.5,2.9,.075
Troy Brown Jr.,2023-24,24,2TM,59,827,8.8,-2.6,-0.1,0.8,.048
Troy Brown Jr.,2023-24,24,MIN,37,410,11.6,0.4,0.2,1.0,.118
Troy Brown Jr.,2023-24,24,DET,22,417,5.9,-5.5,-0.4,-0.2,-0.021
Jalen Brunson,2018-19,22,DAL,73,1591,12.8,-1.7,0.1,2.6,.077
Jalen Brunson,2019-20,23,DAL,57,1022,14.9,-0.9,0.3,2.1,.101
Jalen Brunson,2020-21,24,DAL,68,1697,17.1,0.9,1.2,5.1,.143
Jalen Brunson,2021-22,25,DAL,79,2524,17.1,0.9,1.9,7.5,.143
Jalen Brunson,2022-23,26,NYK,68,2379,21.2,3.9,3.5,8.7,.175
Jalen Brunson,2023-24,27,NYK,77,2726,23.4,5.8,5.4,11.2,.198
Jalen Brunson,2024-25,28,NYK,65,2301,21.6,3.3,3.1,8.3,.172
Jalen Brunson,2025-26,29,NYK,74,2590,20.1,3.1,3.3,8.8,.163
Carter Bryant,2025-26,20,SAS,71,818,9.9,-3.0,-0.2,1.3,.076
Thomas Bryant,2017-18,20,LAL,15,72,9.9,-3.3,0.0,0.1,.050
Thomas Bryant,2018-19,21,WAS,72,1496,21.0,2.0,1.5,5.6,.178
Thomas Bryant,2019-20,22,WAS,46,1147,21.1,2.2,1.2,3.9,.164
Thomas Bryant,2020-21,23,WAS,10,271,18.7,0.9,0.2,1.0,.171
Thomas Bryant,2021-22,24,WAS,27,439,16.6,-1.0,0.1,1.1,.118
Thomas Bryant,2022-23,25,2TM,59,1081,19.7,0.6,0.7,4.1,.183
Thomas Bryant,2022-23,25,LAL,41,876,21.5,2.3,0.9,3.8,.211
Thomas Bryant,2022-23,25,DEN,18,205,11.8,-6.6,-0.2,0.3,.066
Thomas Bryant,2023-24,26,MIA,38,441,19.0,-0.4,0.2,1.6,.177
Thomas Bryant,2024-25,27,2TM,66,963,17.2,0.6,0.6,3.1,.152
Thomas Bryant,2024-25,27,MIA,10,115,15.8,0.0,0.1,0.4,.171
Thomas Bryant,2024-25,27,IND,56,848,17.4,0.7,0.6,2.6,.150
Thomas Bryant,2025-26,28,CLE,60,732,17.2,0.1,0.4,2.3,.153
Kobe Bufkin,2023-24,20,ATL,17,196,9.1,-4.5,-0.1,-0.1,-0.031
Kobe Bufkin,2024-25,21,ATL,10,124,10.5,-4.0,-0.1,0.0,.018
Kobe Bufkin,2025-26,22,LAL,16,119,6.2,-9.4,-0.2,-0.1,-0.056
Reggie Bullock,2013-14,22,LAC,43,395,6.7,-3.3,-0.1,0.2,.019
Reggie Bullock,2014-15,23,2TM,36,338,6.2,-3.2,-0.1,0.1,.019
Reggie Bullock,2014-15,23,LAC,25,263,8.8,-1.2,0.1,0.4,.074
Reggie Bullock,2014-15,23,PHO,11,75,-3.1,-10.2,-0.2,-0.3,-0.173
Reggie Bullock,2015-16,24,DET,37,429,12.0,0.8,0.3,1.2,.134
Reggie Bullock,2016-17,25,DET,31,467,11.7,0.3,0.3,1.0,.101
Reggie Bullock,2017-18,26,DET,62,1732,13.6,0.7,1.2,4.2,.117
Reggie Bullock,2018-19,27,2TM,63,1879,10.5,-1.1,0.4,3.1,.078
Reggie Bullock,2018-19,27,DET,44,1355,11.0,-0.6,0.5,2.4,.084
Reggie Bullock,2018-19,27,LAL,19,524,9.1,-2.2,0.0,0.7,.061
Reggie Bullock,2019-20,28,NYK,29,684,9.3,-3.0,-0.2,0.5,.036
Reggie Bullock,2020-21,29,NYK,65,1949,11.1,-0.1,0.9,4.6,.114
Reggie Bullock,2021-22,30,DAL,68,1902,9.2,-1.4,0.3,3.2,.080
Reggie Bullock,2022-23,31,DAL,78,2364,7.7,-2.6,-0.4,2.8,.056
Reggie Bullock,2023-24,32,HOU,44,417,7.7,-2.4,0.0,0.6,.072
Alec Burks,2011-12,20,UTA,59,939,14.0,-2.0,0.0,1.5,.076
Alec Burks,2012-13,21,UTA,64,1137,11.5,-2.6,-0.2,1.0,.044
Alec Burks,2013-14,22,UTA,78,2193,15.8,-0.8,0.7,3.2,.070
Alec Burks,2014-15,23,UTA,27,899,13.0,-1.7,0.1,1.7,.089
Alec Burks,2015-16,24,UTA,31,797,14.3,-0.4,0.3,1.5,.090
Alec Burks,2016-17,25,UTA,42,653,11.6,-2.3,0.0,0.8,.056
Alec Burks,2017-18,26,UTA,64,1059,13.1,-0.9,0.3,1.9,.084
Alec Burks,2018-19,27,3TM,64,1375,12.7,-1.2,0.3,1.5,.052
Alec Burks,2018-19,27,UTA,17,269,12.4,-0.6,0.1,0.5,.084
Alec Burks,2018-19,27,CLE,34,979,13.2,-1.4,0.1,0.9,.042
Alec Burks,2018-19,27,SAC,13,127,9.0,-1.1,0.0,0.2,.062
Alec Burks,2019-20,28,2TM,66,1754,16.7,0.5,1.1,3.7,.101
Alec Burks,2019-20,28,GSW,48,1390,16.1,0.1,0.7,2.5,.085
Alec Burks,2019-20,28,PHI,18,364,19.0,2.0,0.4,1.2,.161
Alec Burks,2020-21,29,NYK,49,1255,14.8,1.5,1.1,3.3,.126
Alec Burks,2021-22,30,NYK,81,2318,13.7,0.8,1.7,6.1,.126
Alec Burks,2022-23,31,DET,51,1122,16.5,1.2,0.9,2.5,.109
Alec Burks,2023-24,32,2TM,66,1212,12.9,-2.3,-0.1,1.4,.054
Alec Burks,2023-24,32,DET,43,901,15.1,-0.4,0.4,1.7,.092
Alec Burks,2023-24,32,NYK,23,311,6.5,-7.8,-0.5,-0.4,-0.055
Alec Burks,2024-25,33,MIA,49,863,12.8,0.3,0.5,1.8,.100
Deonte Burton,2018-19,25,OKC,32,240,7.0,-4.3,-0.1,0.1,.027
Deonte Burton,2019-20,26,OKC,39,356,4.3,-6.8,-0.4,-0.5,-0.067
Deonte Burton,2020-21,,Did not play - unsigned,,,,,,,
Deonte Burton,2021-22,,Did not play - other pro league,,,,,,,
Deonte Burton,2022-23,29,SAC,2,6,-12.6,-24.2,0.0,0.0,-0.347
Deonte Burton,2023-24,,Did not play - other pro league,,,,,,,
Tyler Burton,2025-26,25,MEM,12,307,9.5,-5.3,-0.3,0.1,.023
Jared Butler,2021-22,21,UTA,42,360,12.1,-1.6,0.0,0.4,.057
Jared Butler,2022-23,22,OKC,6,77,13.0,-2.6,0.0,0.1,.061
Jared Butler,2023-24,23,WAS,40,566,14.1,-2.1,0.0,0.6,.054
Jared Butler,2024-25,24,2TM,60,1044,15.6,-1.0,0.3,1.4,.063
Jared Butler,2024-25,24,WAS,32,362,17.7,1.0,0.3,0.6,.079
Jared Butler,2024-25,24,PHI,28,682,14.5,-2.1,0.0,0.8,.055
Jimmy Butler,2011-12,22,CHI,42,359,12.5,-1.3,0.1,1.1,.144
Jimmy Butler,2012-13,23,CHI,82,2134,15.2,2.0,2.1,7.0,.158
Jimmy Butler,2013-14,24,CHI,67,2591,13.5,1.1,2.0,7.1,.131
Jimmy Butler,2014-15,25,CHI,65,2513,21.3,4.6,4.2,11.2,.214
Jimmy Butler,2015-16,26,CHI,67,2474,21.3,4.4,3.9,9.1,.177
Jimmy Butler,2016-17,27,CHI,76,2809,25.1,7.3,6.6,13.8,.236
Jimmy Butler,2017-18,28,MIN,59,2164,23.7,5.8,4.2,8.9,.198
Jimmy Butler,2018-19,29,2TM,65,2185,20.2,3.7,3.2,7.9,.173
Jimmy Butler,2018-19,29,MIN,10,361,22.3,6.9,0.8,1.3,.176
Jimmy Butler,2018-19,29,PHI,55,1824,19.8,3.1,2.4,6.6,.172
Jimmy Butler,2019-20,30,MIA,58,1959,23.6,5.4,3.7,9.0,.221
Jimmy Butler,2020-21,31,MIA,52,1745,26.5,7.7,4.3,9.3,.255
Jimmy Butler,2021-22,32,MIA,57,1931,23.6,6.3,4.0,9.2,.228
Jimmy Butler,2022-23,33,MIA,64,2138,27.6,8.7,5.8,12.3,.277
Jimmy Butler,2023-24,34,MIA,60,2042,22.0,4.6,3.4,9.1,.214
Jimmy Butler,2024-25,35,2TM,55,1746,22.4,4.9,3.0,8.7,.238
Jimmy Butler,2024-25,35,MIA,25,766,22.8,4.8,1.3,3.7,.233
Jimmy Butler,2024-25,35,GSW,30,980,22.2,5.0,1.7,4.9,.242
Jimmy Butler,2025-26,36,GSW,38,1182,23.5,5.5,2.3,5.7,.233
John Butler,2022-23,20,POR,19,221,5.7,-6.2,-0.2,0.0,.001
John Butler,2023-24,,Did not play - other pro league,,,,,,,
Matas Buzelis,2024-25,20,CHI,80,1511,12.5,-2.5,-0.2,1.9,.060
Matas Buzelis,2025-26,21,CHI,77,2248,14.8,-1.0,0.5,2.6,.055
Jamal Cain,2022-23,23,MIA,18,240,16.5,0.8,0.2,0.8,.169
Jamal Cain,2023-24,24,MIA,26,259,11.5,-2.3,0.0,0.5,.089
Jamal Cain,2024-25,25,NOP,37,502,11.4,-3.4,-0.2,0.4,.036
Jamal Cain,2025-26,26,ORL,40,486,13.0,-1.4,0.1,1.2,.116
Kentavious Caldwell-Pope,2013-14,20,DET,80,1583,9.4,-2.6,-0.2,1.8,.055
Kentavious Caldwell-Pope,2014-15,21,DET,82,2587,11.2,-1.7,0.2,2.8,.052
Kentavious Caldwell-Pope,2015-16,22,DET,76,2789,12.4,-0.3,1.2,5.3,.092
Kentavious Caldwell-Pope,2016-17,23,DET,76,2529,12.8,-0.2,1.1,4.5,.086
Kentavious Caldwell-Pope,2017-18,24,LAL,74,2458,13.2,0.3,1.4,5.3,.103
Kentavious Caldwell-Pope,2018-19,25,LAL,82,2035,12.9,-0.5,0.8,4.0,.095
Kentavious Caldwell-Pope,2019-20,26,LAL,69,1762,11.0,-0.8,0.5,3.7,.102
Kentavious Caldwell-Pope,2020-21,27,LAL,67,1902,10.7,-0.5,0.7,4.2,.107
Kentavious Caldwell-Pope,2021-22,28,WAS,77,2329,12.6,-1.5,0.3,2.8,.058
Kentavious Caldwell-Pope,2022-23,29,DEN,76,2381,11.5,-1.0,0.6,4.5,.091
Kentavious Caldwell-Pope,2023-24,30,DEN,76,2402,10.7,-1.4,0.4,4.8,.096
Kentavious Caldwell-Pope,2024-25,31,ORL,77,2279,9.9,-1.4,0.3,4.6,.096
Kentavious Caldwell-Pope,2025-26,32,MEM,51,1088,11.0,-2.5,-0.1,0.7,.032
Toumani Camara,2023-24,23,POR,70,1739,10.6,-3.1,-0.5,2.0,.055
Toumani Camara,2024-25,24,POR,78,2548,12.5,-0.1,1.2,5.2,.097
Toumani Camara,2025-26,25,POR,82,2731,11.3,-1.0,0.7,4.8,.084
Facundo Campazzo,2020-21,29,DEN,65,1425,11.6,-0.6,0.5,3.1,.105
Facundo Campazzo,2021-22,30,DEN,65,1184,11.1,-0.8,0.4,2.0,.081
Facundo Campazzo,2022-23,31,DAL,8,52,7.8,-1.2,0.0,0.0,-0.012
Facundo Campazzo,2023-24,,Did not play - other pro league,,,,,,,
Vlatko Čančar,2017-18,,Did not play - other pro league,,,,,,,
Vlatko Čančar,2018-19,,Did not play - other pro league,,,,,,,
Vlatko Čančar,2019-20,22,DEN,14,45,11.4,-4.8,0.0,0.1,.062
Vlatko Čančar,2020-21,23,DEN,41,281,9.7,-2.6,0.0,0.3,.053
Vlatko Čančar,2021-22,24,DEN,15,176,12.7,-1.7,0.0,0.4,.114
Vlatko Čančar,2022-23,25,DEN,60,889,11.0,-1.8,0.0,1.7,.093
Vlatko Čančar,2023-24,,Did not play - injury,,,,,,,
Vlatko Čančar,2024-25,27,DEN,13,136,4.6,-7.1,-0.2,-0.1,-0.034
Clint Capela,2014-15,20,HOU,12,90,12.1,-5.4,-0.1,0.0,.019
Clint Capela,2015-16,21,HOU,77,1471,18.3,-0.4,0.6,4.4,.144
Clint Capela,2016-17,22,HOU,65,1551,21.4,1.2,1.2,5.9,.184
Clint Capela,2017-18,23,HOU,74,2034,24.5,3.4,2.8,10.2,.242
Clint Capela,2018-19,24,HOU,67,2249,23.8,3.0,2.8,10.8,.230
Clint Capela,2019-20,25,HOU,39,1279,20.6,1.4,1.1,4.9,.184
Clint Capela,2020-21,26,ATL,63,1898,24.3,2.7,2.2,8.2,.207
Clint Capela,2021-22,27,ATL,74,2042,21.4,2.0,2.1,8.3,.195
Clint Capela,2022-23,28,ATL,65,1730,22.1,2.2,1.8,7.2,.201
Clint Capela,2023-24,29,ATL,73,1883,20.7,0.1,1.0,6.3,.161
Clint Capela,2024-25,30,ATL,55,1176,17.7,-1.0,0.3,3.2,.131
Clint Capela,2025-26,31,HOU,75,926,17.9,0.4,0.6,3.0,.156
Dylan Cardwell,2025-26,24,SAC,44,907,15.8,-1.9,0.0,2.3,.122
Vernon Carey Jr.,2020-21,19,CHO,19,115,11.7,-6.1,-0.1,0.2,.066
Vernon Carey Jr.,2021-22,20,2TM,7,44,15.8,-7.5,-0.1,0.1,.068
Vernon Carey Jr.,2021-22,20,CHO,4,17,17.2,-8.0,0.0,0.0,.099
Vernon Carey Jr.,2021-22,20,WAS,3,27,15.0,-7.3,0.0,0.0,.049
Vernon Carey Jr.,2022-23,21,WAS,11,28,10.8,-5.0,0.0,0.0,.014
Vernon Carey Jr.,2023-24,,Did not play - other pro league,,,,,,,
Branden Carlson,2024-25,25,OKC,32,246,17.6,1.3,0.2,0.9,.177
Branden Carlson,2025-26,26,OKC,42,488,17.7,0.8,0.4,1.7,.171
Bub Carrington,2024-25,19,WAS,82,2458,9.0,-4.6,-1.6,0.2,.005
Bub Carrington,2025-26,20,WAS,82,2271,9.9,-4.7,-1.6,-0.4,-0.009
Devin Carter,2024-25,22,SAC,36,396,10.8,-3.2,-0.1,0.4,.043
Devin Carter,2025-26,23,SAC,38,700,13.8,-2.6,-0.1,0.2,.012
Jevon Carter,2018-19,23,MEM,39,577,7.8,-4.0,-0.3,0.0,-0.003
Jevon Carter,2019-20,24,PHO,58,945,11.3,0.6,0.6,1.8,.093
Jevon Carter,2020-21,25,PHO,60,717,12.2,0.5,0.5,1.6,.104
Jevon Carter,2021-22,26,2TM,66,905,9.6,-2.2,-0.1,1.2,.062
Jevon Carter,2021-22,26,BRK,46,552,6.5,-4.4,-0.3,-0.1,-0.005
Jevon Carter,2021-22,26,MIL,20,353,14.4,1.2,0.3,1.2,.167
Jevon Carter,2022-23,27,MIL,81,1810,10.9,-0.6,0.6,3.5,.092
Jevon Carter,2023-24,28,CHI,72,1004,8.5,-4.0,-0.5,0.2,.009
Jevon Carter,2024-25,29,CHI,36,321,12.2,-2.1,0.0,0.3,.046
Jevon Carter,2025-26,30,2TM,53,867,10.7,-1.1,0.2,0.9,.052
Jevon Carter,2025-26,30,CHI,23,254,12.3,-1.0,0.1,0.3,.058
Jevon Carter,2025-26,30,ORL,30,613,10.0,-1.1,0.1,0.6,.050
Wendell Carter Jr.,2018-19,19,CHI,44,1110,15.2,-1.6,0.1,1.9,.080
Wendell Carter Jr.,2019-20,20,CHI,43,1256,15.5,-2.4,-0.1,3.3,.127
Wendell Carter Jr.,2020-21,21,2TM,54,1375,16.7,-1.3,0.2,3.4,.118
Wendell Carter Jr.,2020-21,21,CHI,32,792,16.3,-1.0,0.2,2.1,.130
Wendell Carter Jr.,2020-21,21,ORL,22,583,17.3,-1.7,0.0,1.2,.103
Wendell Carter Jr.,2021-22,22,ORL,62,1852,18.4,1.6,1.7,5.0,.129
Wendell Carter Jr.,2022-23,23,ORL,57,1690,17.3,1.0,1.3,4.6,.130
Wendell Carter Jr.,2023-24,24,ORL,55,1406,15.9,0.9,1.0,4.4,.149
Wendell Carter Jr.,2024-25,25,ORL,68,1758,13.7,-1.2,0.3,4.6,.125
Wendell Carter Jr.,2025-26,26,ORL,78,2288,14.1,-0.6,0.8,6.2,.131
Michael Carter-Williams,2013-14,22,PHI,70,2414,15.5,-0.5,0.9,1.3,.026
Michael Carter-Williams,2014-15,23,2TM,66,2149,14.1,-1.1,0.5,0.8,.017
Michael Carter-Williams,2014-15,23,PHI,41,1391,12.8,-2.0,0.0,-0.5,-0.017
Michael Carter-Williams,2014-15,23,MIL,25,758,16.3,0.6,0.5,1.3,.080
Michael Carter-Williams,2015-16,24,MIL,54,1649,13.9,-0.7,0.5,1.2,.035
Michael Carter-Williams,2016-17,25,CHI,45,846,9.9,-3.2,-0.3,0.2,.013
Michael Carter-Williams,2017-18,26,CHO,52,835,10.8,-1.5,0.1,0.9,.050
Michael Carter-Williams,2018-19,27,2TM,28,372,14.7,0.8,0.3,0.8,.099
Michael Carter-Williams,2018-19,27,HOU,16,145,12.7,-1.6,0.0,0.1,.044
Michael Carter-Williams,2018-19,27,ORL,12,227,16.1,2.4,0.3,0.6,.134
Michael Carter-Williams,2019-20,28,ORL,45,833,15.3,0.1,0.5,1.9,.111
Michael Carter-Williams,2020-21,29,ORL,31,800,9.5,-4.8,-0.6,-0.5,-0.028
Michael Carter-Williams,2021-22,,Did not play - injury,,,,,,,
Michael Carter-Williams,2022-23,31,ORL,4,44,9.0,-6.3,0.0,0.0,-0.003
Michael Carter-Williams,2023-24,,Did not play - other pro league,,,,,,,
D.J. Carton,2023-24,23,TOR,4,36,9.6,-5.3,0.0,0.0,.062
D.J. Carton,2024-25,24,TOR,4,33,-2.6,-11.1,-0.1,-0.1,-0.199
Alex Caruso,2017-18,23,LAL,37,562,8.7,-2.9,-0.1,0.5,.041
Alex Caruso,2018-19,24,LAL,25,531,13.9,-0.2,0.2,1.0,.093
Alex Caruso,2019-20,25,LAL,64,1175,10.8,-0.2,0.5,2.3,.095
Alex Caruso,2020-21,26,LAL,58,1216,11.1,0.0,0.6,2.4,.095
Alex Caruso,2021-22,27,CHI,41,1147,11.7,0.2,0.6,2.0,.082
Alex Caruso,2022-23,28,CHI,67,1575,11.5,1.1,1.2,3.6,.109
Alex Caruso,2023-24,29,CHI,71,2040,14.5,2.5,2.3,4.9,.115
Alex Caruso,2024-25,30,OKC,54,1041,15.9,4.0,1.6,3.9,.180
Alex Caruso,2025-26,31,OKC,56,1020,12.8,1.9,1.0,2.5,.120
Stephon Castle,2024-25,20,SAS,81,2162,13.7,-3.2,-0.6,1.1,.025
Stephon Castle,2025-26,21,SAS,68,2038,17.4,1.9,2.0,5.8,.136
Colin Castleton,2023-24,23,LAL,16,59,13.0,-5.2,0.0,0.2,.128
Colin Castleton,2024-25,24,3TM,26,432,11.3,-5.0,-0.3,0.7,.075
Colin Castleton,2024-25,24,MEM,10,46,7.4,-7.1,-0.1,0.1,.068
Colin Castleton,2024-25,24,TOR,11,288,10.1,-5.7,-0.3,0.3,.047
Colin Castleton,2024-25,24,PHI,5,98,16.5,-2.0,0.0,0.3,.161
Colin Castleton,2025-26,25,ORL,4,21,7.9,-7.7,0.0,0.0,-0.003
Malcolm Cazalon,2023-24,22,DET,1,3,0.0,-9.1,0.0,0.0,-0.012
Julian Champagnie,2022-23,21,2TM,17,320,13.4,-3.3,-0.1,0.4,.061
Julian Champagnie,2022-23,21,PHI,2,7,-3.8,-13.5,0.0,0.0,-0.214
Julian Champagnie,2022-23,21,SAS,15,313,13.8,-3.0,-0.1,0.4,.067
Julian Champagnie,2023-24,22,SAS,74,1468,10.6,-1.9,0.0,1.8,.059
Julian Champagnie,2024-25,23,SAS,82,1932,12.2,-1.3,0.4,2.5,.062
Julian Champagnie,2025-26,24,SAS,82,2266,13.1,1.4,1.9,6.2,.132
Justin Champagnie,2021-22,20,TOR,36,281,13.6,-2.0,0.0,0.8,.138
Justin Champagnie,2022-23,21,2TM,5,34,10.3,-7.9,-0.1,0.0,.009
Justin Champagnie,2022-23,21,TOR,3,11,28.9,8.1,0.0,0.1,.332
Justin Champagnie,2022-23,21,BOS,2,23,1.5,-15.5,-0.1,-0.1,-0.145
Justin Champagnie,2023-24,22,WAS,15,235,13.6,-1.8,0.0,0.3,.058
Justin Champagnie,2024-25,23,WAS,62,1340,15.7,-0.5,0.5,2.8,.100
Justin Champagnie,2025-26,24,WAS,69,1377,17.3,-0.4,0.6,3.1,.109
Kennedy Chandler,2022-23,20,MEM,36,281,10.6,-2.7,0.0,0.3,.044
Kennedy Chandler,2023-24,,Did not play - other pro league,,,,,,,
Kennedy Chandler,2025-26,23,UTA,11,355,13.0,-5.7,-0.3,0.2,.029
Ulrich Chomche,2024-25,19,TOR,7,32,5.2,-7.4,0.0,0.0,.001
Cam Christie,2024-25,19,LAC,13,59,9.1,-2.5,0.0,0.0,-0.005
Cam Christie,2025-26,20,LAC,55,480,9.2,-4.6,-0.3,0.2,.016
Max Christie,2022-23,19,LAL,41,512,7.4,-3.1,-0.1,0.6,.058
Max Christie,2023-24,20,LAL,67,944,8.4,-3.6,-0.4,0.7,.036
Max Christie,2024-25,21,2TM,78,2127,10.4,-2.5,-0.3,2.7,.060
Max Christie,2024-25,21,LAL,46,1154,10.6,-1.8,0.0,2.0,.081
Max Christie,2024-25,21,DAL,32,973,10.2,-3.4,-0.3,0.7,.035
Max Christie,2025-26,22,DAL,77,2244,11.0,-1.5,0.3,2.7,.058
Josh Christopher,2021-22,20,HOU,74,1334,12.2,-3.5,-0.5,0.3,.010
Josh Christopher,2022-23,21,HOU,64,786,11.5,-4.3,-0.5,0.0,-0.001
Josh Christopher,2023-24,,Did not play - other pro league,,,,,,,
Josh Christopher,2024-25,23,MIA,14,69,9.4,-7.9,-0.1,-0.1,-0.073
Moussa Cisse,2025-26,23,DAL,38,530,16.0,-2.9,-0.1,1.3,.116
Sidy Cissoko,2023-24,19,SAS,12,141,12.0,-2.7,0.0,0.3,.110
Sidy Cissoko,2024-25,20,2TM,22,114,6.7,-5.1,-0.1,-0.1,-0.045
Sidy Cissoko,2024-25,20,SAS,17,54,11.2,-2.6,0.0,0.0,.041
Sidy Cissoko,2024-25,20,POR,5,60,2.7,-7.3,-0.1,-0.2,-0.123
Sidy Cissoko,2025-26,21,POR,75,1435,7.1,-4.0,-0.7,1.3,.045
Jaylen Clark,2024-25,23,MIN,40,522,12.0,-0.2,0.2,1.6,.147
Jaylen Clark,2025-26,24,MIN,68,888,10.3,-2.4,-0.1,1.7,.090
Brandon Clarke,2019-20,23,MEM,58,1300,20.9,3.1,1.7,5.0,.183
Brandon Clarke,2020-21,24,MEM,59,1415,17.3,1.5,1.3,4.2,.142
Brandon Clarke,2021-22,25,MEM,64,1246,23.7,4.2,2.0,6.3,.241
Brandon Clarke,2022-23,26,MEM,56,1090,20.0,2.5,1.3,4.5,.199
Brandon Clarke,2023-24,27,MEM,6,134,18.9,1.0,0.1,0.3,.108
Brandon Clarke,2024-25,28,MEM,64,1207,17.6,0.8,0.9,4.4,.174
Brandon Clarke,2025-26,29,MEM,2,20,12.3,-4.9,0.0,0.0,.038
Jordan Clarkson,2014-15,22,LAL,59,1476,16.9,0.2,0.8,2.4,.078
Jordan Clarkson,2015-16,23,LAL,79,2552,14.3,-1.6,0.2,2.1,.039
Jordan Clarkson,2016-17,24,LAL,82,2397,13.2,-2.5,-0.3,1.2,.024
Jordan Clarkson,2017-18,25,2TM,81,1888,16.4,0.1,1.0,3.0,.077
Jordan Clarkson,2017-18,25,LAL,53,1256,16.9,0.8,0.9,2.1,.080
Jordan Clarkson,2017-18,25,CLE,28,632,15.4,-1.3,0.1,1.0,.073
Jordan Clarkson,2018-19,26,CLE,81,2214,16.8,-0.5,0.8,1.8,.039
Jordan Clarkson,2019-20,27,2TM,71,1705,17.3,1.1,1.3,3.4,.096
Jordan Clarkson,2019-20,27,CLE,29,666,18.6,2.7,0.8,1.5,.107
Jordan Clarkson,2019-20,27,UTA,42,1039,16.5,0.0,0.5,1.9,.089
Jordan Clarkson,2020-21,28,UTA,68,1818,17.1,1.4,1.6,4.2,.111
Jordan Clarkson,2021-22,29,UTA,79,2141,14.9,-0.6,0.7,3.5,.079
Jordan Clarkson,2022-23,30,UTA,61,1988,14.7,-1.4,0.3,1.7,.042
Jordan Clarkson,2023-24,31,UTA,55,1682,12.7,-4.5,-1.1,0.2,.006
Jordan Clarkson,2024-25,32,UTA,37,962,14.5,-1.5,0.1,0.4,.021
Jordan Clarkson,2025-26,33,NYK,72,1279,11.6,-3.3,-0.4,1.9,.072
Nic Claxton,2019-20,20,BRK,15,187,14.8,-0.7,0.1,0.5,.121
Nic Claxton,2020-21,21,BRK,32,594,16.9,0.4,0.4,1.9,.153
Nic Claxton,2021-22,22,BRK,47,974,18.6,0.5,0.6,3.5,.171
Nic Claxton,2022-23,23,BRK,76,2271,20.8,3.1,2.9,9.2,.195
Nic Claxton,2023-24,24,BRK,71,2116,18.7,1.2,1.7,6.7,.152
Nic Claxton,2024-25,25,BRK,70,1882,16.5,0.4,1.1,4.3,.110
Nic Claxton,2025-26,26,BRK,69,1920,17.6,0.9,1.4,4.8,.121
Walter Clayton,2025-26,22,2TM,69,1410,10.3,-4.3,-0.8,0.3,.009
Walter Clayton,2025-26,22,UTA,45,811,10.4,-3.2,-0.2,0.3,.019
Walter Clayton,2025-26,22,MEM,24,599,10.1,-5.8,-0.6,-0.1,-0.005
Nique Clifford,2025-26,23,SAC,75,1882,9.0,-4.9,-1.4,-0.6,-0.014
Donovan Clingan,2024-25,20,POR,67,1324,17.4,-0.3,0.6,4.0,.144
Donovan Clingan,2025-26,21,POR,77,2094,20.9,3.0,2.6,8.6,.197
Noah Clowney,2023-24,19,BRK,23,370,14.2,-0.7,0.1,0.9,.111
Noah Clowney,2024-25,20,BRK,46,1042,9.2,-4.1,-0.5,0.5,.023
Noah Clowney,2025-26,21,BRK,66,1780,11.2,-3.4,-0.6,1.1,.029
Amir Coffey,2019-20,22,LAC,18,159,8.5,-4.1,-0.1,0.1,.041
Amir Coffey,2020-21,23,LAC,44,394,10.1,-2.0,0.0,0.7,.085
Amir Coffey,2021-22,24,LAC,69,1567,13.0,-0.3,0.7,3.8,.116
Amir Coffey,2022-23,25,LAC,50,625,7.0,-5.0,-0.5,0.4,.033
Amir Coffey,2023-24,26,LAC,70,1460,10.0,-2.2,-0.1,2.6,.084
Amir Coffey,2024-25,27,LAC,72,1748,11.2,-1.7,0.1,4.0,.111
Amir Coffey,2025-26,28,2TM,46,490,10.2,-3.1,-0.1,0.8,.083
Amir Coffey,2025-26,28,MIL,30,265,8.4,-5.2,-0.2,0.3,.048
Amir Coffey,2025-26,28,PHO,16,225,12.4,-0.5,0.1,0.6,.125
Isaiah Collier,2024-25,20,UTA,71,1839,9.7,-5.3,-1.6,-0.8,-0.021
Isaiah Collier,2025-26,21,UTA,59,1517,14.8,-2.4,-0.2,1.7,.053
John Collins,2017-18,20,ATL,74,1785,18.3,-0.2,0.8,5.4,.145
John Collins,2018-19,21,ATL,61,1829,21.8,0.9,1.3,6.0,.158
John Collins,2019-20,22,ATL,41,1363,23.5,3.1,1.7,4.9,.174
John Collins,2020-21,23,ATL,63,1848,20.6,2.3,2.0,6.7,.174
John Collins,2021-22,24,ATL,54,1663,18.7,1.5,1.5,5.1,.146
John Collins,2022-23,25,ATL,71,2130,13.6,-1.3,0.4,4.2,.095
John Collins,2023-24,26,UTA,68,1901,17.5,-0.9,0.5,4.4,.110
John Collins,2024-25,27,UTA,40,1220,19.0,1.0,0.9,2.5,.098
John Collins,2025-26,28,LAC,69,1872,16.3,-0.5,0.7,4.6,.117
Yuri Collins,2024-25,23,GSW,2,16,13.9,0.3,0.0,0.1,.214
Zach Collins,2017-18,20,POR,66,1045,7.5,-4.3,-0.6,0.6,.030
Zach Collins,2018-19,21,POR,77,1356,13.5,-1.2,0.3,2.9,.104
Zach Collins,2019-20,22,POR,11,290,9.9,-3.1,-0.1,0.3,.052
Zach Collins,2020-21,,Did not play - injury,,,,,,,
Zach Collins,2021-22,24,SAS,28,502,16.4,-0.2,0.2,1.2,.118
Zach Collins,2022-23,25,SAS,63,1441,16.4,-0.2,0.6,2.2,.074
Zach Collins,2023-24,26,SAS,69,1526,14.3,-2.0,0.0,1.8,.057
Zach Collins,2024-25,27,2TM,64,977,16.0,0.0,0.5,2.7,.132
Zach Collins,2024-25,27,SAS,36,425,14.4,-0.1,0.2,1.0,.110
Zach Collins,2024-25,27,CHI,28,552,17.2,0.1,0.3,1.7,.149
Zach Collins,2025-26,28,CHI,10,184,17.9,0.2,0.1,0.5,.137
Chance Comanche,2022-23,26,POR,1,21,12.2,-7.5,0.0,0.0,.043
Chance Comanche,2023-24,,Did not play - other pro league,,,,,,,
Mike Conley,2007-08,20,MEM,53,1381,12.6,-3.0,-0.3,1.1,.038
Mike Conley,2008-09,21,MEM,82,2508,14.3,-0.3,1.1,4.5,.086
Mike Conley,2009-10,22,MEM,80,2569,13.9,-0.6,0.9,4.0,.074
Mike Conley,2010-11,23,MEM,81,2872,15.9,1.2,2.3,6.6,.111
Mike Conley,2011-12,24,MEM,62,2174,16.8,2.4,2.4,6.4,.141
Mike Conley,2012-13,25,MEM,80,2757,18.3,4.6,4.6,9.9,.172
Mike Conley,2013-14,26,MEM,73,2446,20.0,3.8,3.6,8.2,.161
Mike Conley,2014-15,27,MEM,70,2225,18.6,2.8,2.7,6.8,.147
Mike Conley,2015-16,28,MEM,56,1761,19.4,3.0,2.2,5.3,.144
Mike Conley,2016-17,29,MEM,69,2292,23.2,6.8,5.1,10.0,.209
Mike Conley,2017-18,30,MEM,12,373,15.4,0.5,0.2,0.6,.077
Mike Conley,2018-19,31,MEM,70,2342,21.4,4.7,3.9,8.0,.164
Mike Conley,2019-20,32,UTA,47,1363,14.1,0.3,0.8,2.5,.089
Mike Conley,2020-21,33,UTA,51,1498,19.2,4.9,2.6,6.1,.197
Mike Conley,2021-22,34,UTA,72,2058,17.2,3.1,2.7,6.7,.157
Mike Conley,2022-23,35,2TM,67,2029,14.7,0.9,1.5,5.5,.130
Mike Conley,2022-23,35,UTA,43,1276,13.9,0.2,0.7,3.0,.113
Mike Conley,2022-23,35,MIN,24,753,16.1,2.0,0.7,2.5,.158
Mike Conley,2023-24,36,MIN,76,2193,15.8,3.4,3.0,8.2,.180
Mike Conley,2024-25,37,MIN,71,1756,13.3,1.2,1.4,5.2,.142
Mike Conley,2025-26,38,MIN,54,991,9.4,-1.3,0.2,1.9,.092
Pat Connaughton,2015-16,23,POR,34,143,4.6,-8.0,-0.2,-0.2,-0.076
Pat Connaughton,2016-17,24,POR,39,316,11.8,-0.7,0.1,0.6,.090
Pat Connaughton,2017-18,25,POR,82,1488,9.3,-1.8,0.1,2.5,.080
Pat Connaughton,2018-19,26,MIL,61,1261,13.6,1.2,1.0,3.9,.149
Pat Connaughton,2019-20,27,MIL,67,1243,11.5,0.6,0.8,3.4,.130
Pat Connaughton,2020-21,28,MIL,69,1575,11.3,0.0,0.8,3.5,.108
Pat Connaughton,2021-22,29,MIL,65,1691,13.4,1.2,1.4,4.4,.125
Pat Connaughton,2022-23,30,MIL,61,1443,10.0,-1.0,0.3,2.5,.085
Pat Connaughton,2023-24,31,MIL,76,1676,9.6,-1.6,0.2,2.8,.080
Pat Connaughton,2024-25,32,MIL,41,603,12.1,-2.3,0.0,1.2,.093
Pat Connaughton,2025-26,33,CHO,42,297,12.9,0.1,0.2,0.7,.113
Javonte Cooke,2025-26,26,POR,19,94,-0.1,-11.7,-0.2,-0.3,-0.175
Xavier Cooks,2022-23,27,WAS,10,126,14.3,-3.6,-0.1,0.2,.094
Xavier Cooks,2023-24,,Did not play - other pro league,,,,,,,
Bilal Coulibaly,2023-24,19,WAS,63,1715,8.9,-4.2,-0.9,0.4,.013
Bilal Coulibaly,2024-25,20,WAS,59,1948,10.8,-3.7,-0.8,0.3,.008
Bilal Coulibaly,2025-26,21,WAS,56,1468,13.5,-2.1,-0.1,1.0,.031
Ricky Council IV,2023-24,22,PHI,32,289,18.6,1.3,0.2,1.0,.173
Ricky Council IV,2024-25,23,PHI,73,1250,11.6,-4.3,-0.7,0.6,.023
Robert Covington,2013-14,23,HOU,7,34,15.0,0.7,0.0,0.1,.122
Robert Covington,2014-15,24,PHI,70,1956,14.7,0.7,1.3,4.0,.097
Robert Covington,2015-16,25,PHI,67,1903,13.2,-0.9,0.5,2.0,.050
Robert Covington,2016-17,26,PHI,67,2119,13.2,0.2,1.1,3.1,.071
Robert Covington,2017-18,27,PHI,80,2532,12.9,1.5,2.3,6.1,.116
Robert Covington,2018-19,28,2TM,35,1203,13.3,1.6,1.1,2.5,.100
Robert Covington,2018-19,28,PHI,13,440,11.0,0.5,0.3,0.7,.077
Robert Covington,2018-19,28,MIN,22,763,14.7,2.2,0.8,1.8,.114
Robert Covington,2019-20,29,2TM,70,2137,13.3,0.0,1.1,3.7,.083
Robert Covington,2019-20,29,MIN,48,1411,13.5,0.0,0.7,2.3,.078
Robert Covington,2019-20,29,HOU,22,726,13.1,0.2,0.4,1.4,.094
Robert Covington,2020-21,30,POR,70,2243,11.2,0.2,1.2,3.7,.080
Robert Covington,2021-22,31,2TM,71,1940,12.4,0.2,1.1,3.2,.080
Robert Covington,2021-22,31,POR,48,1431,10.0,-1.2,0.3,1.1,.037
Robert Covington,2021-22,31,LAC,23,509,19.4,4.1,0.8,2.1,.200
Robert Covington,2022-23,32,LAC,48,779,14.2,1.7,0.7,1.9,.117
Robert Covington,2023-24,33,2TM,29,488,13.6,2.2,0.5,1.5,.145
Robert Covington,2023-24,33,LAC,3,69,10.6,2.3,0.1,0.2,.124
Robert Covington,2023-24,33,PHI,26,419,14.1,2.2,0.4,1.3,.149
Cedric Coward,2025-26,22,MEM,62,1598,15.3,-0.2,0.7,2.5,.076
Torrey Craig,2017-18,27,DEN,39,629,9.8,-2.9,-0.1,0.9,.069
Torrey Craig,2018-19,28,DEN,75,1503,10.4,-1.9,0.0,3.0,.096
Torrey Craig,2019-20,29,DEN,58,1072,10.8,-2.3,-0.1,2.0,.091
Torrey Craig,2020-21,30,2TM,50,803,14.2,0.4,0.5,2.2,.133
Torrey Craig,2020-21,30,MIL,18,201,10.3,-0.6,0.1,0.4,.097
Torrey Craig,2020-21,30,PHO,32,602,15.5,0.8,0.4,1.8,.145
Torrey Craig,2021-22,31,2TM,78,1596,11.0,-1.8,0.1,2.3,.070
Torrey Craig,2021-22,31,IND,51,1034,10.8,-2.2,-0.1,1.2,.056
Torrey Craig,2021-22,31,PHO,27,562,11.4,-1.1,0.1,1.1,.096
Torrey Craig,2022-23,32,PHO,79,1948,11.6,-0.6,0.7,4.0,.098
Torrey Craig,2023-24,33,CHI,53,1049,10.8,-2.0,0.0,1.9,.087
Torrey Craig,2024-25,34,2TM,26,314,12.9,-0.9,0.1,0.8,.122
Torrey Craig,2024-25,34,CHI,9,113,17.2,2.3,0.1,0.4,.173
Torrey Craig,2024-25,34,BOS,17,201,10.5,-2.7,0.0,0.4,.094
Isaiah Crawford,2024-25,23,SAC,15,46,9.2,-4.1,0.0,0.0,.037
Isaiah Crawford,2025-26,24,HOU,14,92,9.8,-3.0,0.0,0.1,.069
Jae Crowder,2012-13,22,DAL,78,1353,10.2,-1.0,0.3,1.5,.055
Jae Crowder,2013-14,23,DAL,78,1254,11.9,0.2,0.7,2.3,.089
Jae Crowder,2014-15,24,2TM,82,1647,13.9,0.5,1.0,3.9,.113
Jae Crowder,2014-15,24,DAL,25,265,12.7,-0.1,0.1,0.5,.098
Jae Crowder,2014-15,24,BOS,57,1382,14.1,0.6,0.9,3.3,.116
Jae Crowder,2015-16,25,BOS,73,2308,15.8,2.2,2.5,7.3,.152
Jae Crowder,2016-17,26,BOS,72,2335,14.9,0.9,1.7,6.7,.137
Jae Crowder,2017-18,27,2TM,80,2090,10.4,-2.5,-0.3,2.6,.060
Jae Crowder,2017-18,27,CLE,53,1346,10.2,-3.0,-0.3,1.7,.059
Jae Crowder,2017-18,27,UTA,27,744,10.8,-1.7,0.1,0.9,.060
Jae Crowder,2018-19,28,UTA,80,2166,12.1,0.3,1.2,4.4,.097
Jae Crowder,2019-20,29,2TM,65,1875,12.5,-0.1,0.9,3.8,.098
Jae Crowder,2019-20,29,MEM,45,1322,11.0,-1.2,0.3,1.9,.069
Jae Crowder,2019-20,29,MIA,20,553,16.3,2.5,0.6,1.9,.169
Jae Crowder,2020-21,30,PHO,60,1648,11.8,1.1,1.3,3.3,.097
Jae Crowder,2021-22,31,PHO,67,1886,11.3,1.1,1.5,4.3,.110
Jae Crowder,2022-23,32,MIL,18,340,14.6,1.2,0.3,1.2,.165
Jae Crowder,2023-24,33,MIL,50,1156,8.9,-2.6,-0.2,1.6,.065
Jae Crowder,2024-25,34,SAC,9,103,6.6,-4.3,-0.1,0.1,.026
Jalen Crutcher,2023-24,24,NOP,1,3,-12.6,-26.2,0.0,0.0,-0.334
LJ Cryer,2025-26,24,GSW,18,292,9.9,-4.7,-0.2,0.3,.045
Cui Yongxi,2024-25,21,BRK,5,10,-10.7,-24.9,-0.1,-0.1,-0.473
Jarrett Culver,2019-20,20,MIN,63,1506,9.6,-4.0,-0.8,-0.1,-0.004
Jarrett Culver,2020-21,21,MIN,34,499,8.8,-5.6,-0.5,-0.1,-0.006
Jarrett Culver,2021-22,22,MEM,37,338,8.7,-5.4,-0.3,0.1,.012
Jarrett Culver,2022-23,23,ATL,10,137,9.5,-4.2,-0.1,0.0,.014
Jarrett Culver,2023-24,,Did not play - other pro league,,,,,,,
Cade Cunningham,2021-22,20,DET,64,2088,13.1,-1.6,0.2,-0.5,-0.011
Cade Cunningham,2022-23,21,DET,12,400,14.0,-0.7,0.1,-0.1,-0.018
Cade Cunningham,2023-24,22,DET,62,2074,17.1,0.3,1.2,1.8,.041
Cade Cunningham,2024-25,23,DET,70,2452,20.6,3.9,3.7,5.9,.115
Cade Cunningham,2025-26,24,DET,64,2172,21.6,6.3,4.6,7.9,.174
Seth Curry,2013-14,23,2TM,2,13,13.8,4.7,0.0,0.0,.131
Seth Curry,2013-14,23,MEM,1,4,0.0,-6.6,0.0,0.0,.006
Seth Curry,2013-14,23,CLE,1,9,19.9,9.7,0.0,0.0,.187
Seth Curry,2014-15,24,PHO,2,8,-11.4,-23.1,0.0,0.0,-0.298
Seth Curry,2015-16,25,SAC,44,692,13.8,-0.2,0.3,1.4,.097
Seth Curry,2016-17,26,DAL,70,2029,15.5,1.2,1.7,4.6,.110
Seth Curry,2017-18,,Did not play - injury,,,,,,,
Seth Curry,2018-19,28,POR,74,1399,11.4,-1.0,0.3,2.4,.082
Seth Curry,2019-20,29,DAL,64,1576,15.5,0.8,1.2,4.3,.130
Seth Curry,2020-21,30,PHI,57,1638,12.9,-0.3,0.7,4.0,.118
Seth Curry,2021-22,31,2TM,64,2135,13.7,-0.6,0.8,4.2,.095
Seth Curry,2021-22,31,PHI,45,1566,13.3,-1.0,0.4,2.9,.088
Seth Curry,2021-22,31,BRK,19,569,14.6,0.7,0.4,1.3,.112
Seth Curry,2022-23,32,BRK,61,1211,12.3,-2.1,0.0,1.8,.070
Seth Curry,2023-24,33,2TM,44,616,9.9,-3.3,-0.2,0.5,.040
Seth Curry,2023-24,33,DAL,36,457,8.6,-4.0,-0.2,0.3,.034
Seth Curry,2023-24,33,CHO,8,159,13.5,-1.1,0.0,0.2,.058
Seth Curry,2024-25,34,CHO,68,1062,12.2,-1.7,0.1,1.8,.080
Seth Curry,2025-26,35,GSW,10,133,16.0,0.2,0.1,0.4,.152
Stephen Curry,2009-10,21,GSW,80,2896,16.3,0.7,2.0,4.7,.077
Stephen Curry,2010-11,22,GSW,74,2489,19.4,2.3,2.7,6.6,.128
Stephen Curry,2011-12,23,GSW,26,732,21.2,4.3,1.2,2.2,.144
Stephen Curry,2012-13,24,GSW,78,2983,21.3,5.4,5.6,11.2,.180
Stephen Curry,2013-14,25,GSW,78,2846,24.1,7.4,6.7,13.4,.225
Stephen Curry,2014-15,26,GSW,80,2613,28.0,9.9,7.9,15.7,.288
Stephen Curry,2015-16,27,GSW,79,2700,31.5,11.9,9.5,17.9,.318
Stephen Curry,2016-17,28,GSW,79,2638,24.6,6.9,5.9,12.6,.229
Stephen Curry,2017-18,29,GSW,51,1631,28.2,7.7,4.0,9.1,.267
Stephen Curry,2018-19,30,GSW,69,2331,24.4,6.6,5.1,9.7,.199
Stephen Curry,2019-20,31,GSW,5,139,21.7,3.9,0.2,0.3,.103
Stephen Curry,2020-21,32,GSW,63,2152,26.3,8.7,5.8,9.0,.201
Stephen Curry,2021-22,33,GSW,64,2211,21.4,5.8,4.4,8.0,.173
Stephen Curry,2022-23,34,GSW,56,1941,24.1,7.5,4.7,7.8,.192
Stephen Curry,2023-24,35,GSW,74,2421,20.6,5.2,4.4,7.2,.142
Stephen Curry,2024-25,36,GSW,70,2252,21.5,6.3,4.8,7.9,.168
Stephen Curry,2025-26,37,GSW,43,1329,22.6,5.4,2.5,4.1,.147
Tristan Da Silva,2024-25,23,ORL,74,1629,9.9,-2.6,-0.3,2.5,.073
Tristan Da Silva,2025-26,24,ORL,77,1899,12.0,-0.6,0.7,3.3,.084
Pacôme Dadiet,2024-25,19,NYK,18,111,6.3,-6.5,-0.1,0.0,.002
Pacôme Dadiet,2025-26,20,NYK,29,136,9.6,-3.3,0.0,0.2,.062
Dyson Daniels,2022-23,19,NOP,59,1042,8.8,-1.8,0.0,1.3,.061
Dyson Daniels,2023-24,20,NOP,61,1358,12.0,0.6,0.9,2.9,.103
Dyson Daniels,2024-25,21,ATL,76,2571,15.6,1.5,2.3,5.0,.093
Dyson Daniels,2025-26,22,ATL,76,2520,15.5,1.3,2.1,6.6,.126
N'Faly Dante,2024-25,23,HOU,4,51,24.0,2.4,0.1,0.3,.283
N'Faly Dante,2025-26,24,ATL,4,15,12.4,-4.5,0.0,0.0,.051
Anthony Davis,2012-13,19,NOH,64,1846,21.7,2.5,2.1,6.1,.159
Anthony Davis,2013-14,20,NOP,67,2358,26.5,4.8,4.0,10.4,.212
Anthony Davis,2014-15,21,NOP,68,2455,30.8,8.9,6.7,14.0,.274
Anthony Davis,2015-16,22,NOP,61,2164,25.0,3.9,3.2,7.2,.160
Anthony Davis,2016-17,23,NOP,75,2708,27.5,5.9,5.4,11.0,.195
Anthony Davis,2017-18,24,NOP,75,2727,28.9,6.7,5.9,13.7,.241
Anthony Davis,2018-19,25,NOP,56,1850,30.3,9.4,5.3,9.5,.247
Anthony Davis,2019-20,26,LAL,62,2131,27.4,8.0,5.4,11.1,.250
Anthony Davis,2020-21,27,LAL,36,1162,22.1,4.8,2.0,3.7,.152
Anthony Davis,2021-22,28,LAL,40,1404,23.9,3.8,2.0,4.5,.155
Anthony Davis,2022-23,29,LAL,56,1904,27.8,6.3,4.0,9.0,.226
Anthony Davis,2023-24,30,LAL,76,2700,25.8,5.1,4.9,11.8,.210
Anthony Davis,2024-25,31,2TM,51,1706,26.3,5.4,3.2,6.7,.188
Anthony Davis,2024-25,31,LAL,42,1440,27.1,6.0,2.9,6.2,.207
Anthony Davis,2024-25,31,DAL,9,266,21.7,2.5,0.3,0.5,.088
Anthony Davis,2025-26,32,DAL,20,626,21.5,2.4,0.7,1.3,.103
Johnny Davis,1976-77,21,POR,79,1451,12.8,-1.6,0.1,2.5,.084
Johnny Davis,1977-78,22,POR,82,2188,12.1,-1.0,0.6,4.3,.094
Johnny Davis,1978-79,23,IND,79,2971,14.7,-0.7,1.0,5.2,.083
Johnny Davis,1979-80,24,IND,82,2912,13.6,-2.0,0.0,4.4,.073
Johnny Davis,1980-81,25,IND,76,2536,15.2,-0.3,1.1,5.7,.107
Johnny Davis,1981-82,26,IND,82,2664,15.2,-0.6,1.0,5.1,.091
Johnny Davis,1982-83,27,ATL,53,1465,16.8,0.9,1.1,3.5,.113
Johnny Davis,1983-84,28,ATL,75,2079,14.3,-0.9,0.6,3.3,.075
Johnny Davis,1984-85,29,CLE,76,1920,14.7,-0.7,0.6,3.0,.076
Johnny Davis,1985-86,30,2TM,66,1014,13.8,-0.6,0.4,1.7,.078
Johnny Davis,1985-86,30,CLE,39,612,13.7,-0.8,0.2,0.9,.067
Johnny Davis,1985-86,30,ATL,27,402,13.9,-0.3,0.2,0.8,.095
Johnny Davis,2022-23,20,WAS,28,423,7.2,-7.4,-0.6,-0.3,-0.033
Johnny Davis,2023-24,21,WAS,50,613,6.2,-6.6,-0.7,-0.1,-0.009
Johnny Davis,2024-25,22,WAS,34,242,10.2,-2.8,0.0,0.1,.010
Terence Davis,2019-20,22,TOR,72,1209,13.8,0.8,0.8,3.1,.122
Terence Davis,2020-21,23,2TM,61,1074,12.7,-1.7,0.1,0.8,.038
Terence Davis,2020-21,23,TOR,34,493,11.1,-2.6,-0.1,0.3,.026
Terence Davis,2020-21,23,SAC,27,581,14.0,-0.9,0.2,0.6,.047
Terence Davis,2021-22,24,SAC,30,536,14.6,-0.9,0.2,0.5,.044
Terence Davis,2022-23,25,SAC,64,841,12.9,-1.5,0.1,0.9,.054
Terence Davis,2023-24,,Did not play - other pro league,,,,,,,
Terence Davis,2024-25,27,SAC,1,8,-4.0,-16.9,0.0,0.0,-0.191
JD Davison,2022-23,20,BOS,12,66,10.1,-4.2,0.0,0.1,.059
JD Davison,2023-24,21,BOS,8,39,18.8,3.3,0.1,0.2,.228
JD Davison,2024-25,22,BOS,16,93,6.5,-6.2,-0.1,-0.2,-0.081
JD Davison,2025-26,23,HOU,28,218,11.4,-1.1,0.0,0.5,.102
Darius Days,2022-23,23,HOU,4,25,18.3,3.5,0.0,0.1,.156
Darius Days,2023-24,,Did not play - other pro league,,,,,,,
DeMar DeRozan,2009-10,20,TOR,77,1664,12.5,-2.8,-0.3,2.3,.066
DeMar DeRozan,2010-11,21,TOR,82,2851,14.5,-2.5,-0.3,3.2,.055
DeMar DeRozan,2011-12,22,TOR,63,2206,12.8,-2.7,-0.4,2.5,.054
DeMar DeRozan,2012-13,23,TOR,82,3013,14.7,-1.4,0.4,4.7,.075
DeMar DeRozan,2013-14,24,TOR,79,3017,18.4,1.7,2.8,8.8,.141
DeMar DeRozan,2014-15,25,TOR,60,2100,17.4,-0.9,0.6,4.0,.090
DeMar DeRozan,2015-16,26,TOR,78,2804,21.5,2.5,3.2,9.9,.169
DeMar DeRozan,2016-17,27,TOR,74,2620,24.0,3.0,3.3,9.0,.166
DeMar DeRozan,2017-18,28,TOR,80,2711,21.0,2.8,3.2,9.6,.170
DeMar DeRozan,2018-19,29,SAS,77,2688,19.6,1.1,2.2,6.3,.112
DeMar DeRozan,2019-20,30,SAS,68,2316,21.6,1.9,2.3,7.3,.151
DeMar DeRozan,2020-21,31,SAS,61,2056,22.0,3.1,2.6,7.4,.172
DeMar DeRozan,2021-22,32,CHI,76,2743,23.1,2.5,3.1,8.8,.154
DeMar DeRozan,2022-23,33,CHI,74,2682,20.6,2.0,2.6,8.5,.153
DeMar DeRozan,2023-24,34,CHI,79,2989,19.7,1.8,2.8,9.2,.147
DeMar DeRozan,2024-25,35,SAC,77,2768,17.7,-0.1,1.3,7.1,.123
DeMar DeRozan,2025-26,36,SAC,77,2406,17.8,-0.1,1.1,5.6,.112
Dewayne Dedmon,2013-14,24,3TM,31,390,10.7,-4.7,-0.3,0.6,.070
Dewayne Dedmon,2013-14,24,GSW,4,6,-5.1,-13.6,0.0,0.0,-0.107
Dewayne Dedmon,2013-14,24,PHI,11,150,8.7,-5.8,-0.1,0.1,.035
Dewayne Dedmon,2013-14,24,ORL,16,234,12.5,-3.8,-0.1,0.5,.096
Dewayne Dedmon,2014-15,25,ORL,59,845,13.3,-3.5,-0.3,1.7,.099
Dewayne Dedmon,2015-16,26,ORL,58,705,17.0,-0.9,0.2,2.4,.162
Dewayne Dedmon,2016-17,27,SAS,76,1330,16.0,0.6,0.9,5.2,.189
Dewayne Dedmon,2017-18,28,ATL,62,1542,15.8,0.1,0.8,3.7,.114
Dewayne Dedmon,2018-19,29,ATL,64,1609,16.0,0.5,1.0,4.0,.119
Dewayne Dedmon,2019-20,30,2TM,44,774,9.4,-5.8,-0.7,0.1,.005
Dewayne Dedmon,2019-20,30,SAC,34,541,8.5,-6.4,-0.6,-0.1,-0.007
Dewayne Dedmon,2019-20,30,ATL,10,233,11.4,-4.5,-0.1,0.2,.032
Dewayne Dedmon,2020-21,31,MIA,16,210,24.5,1.7,0.2,1.1,.256
Dewayne Dedmon,2021-22,32,MIA,67,1065,15.9,-1.0,0.3,3.5,.157
Dewayne Dedmon,2022-23,33,2TM,38,426,15.5,-1.6,0.0,1.0,.115
Dewayne Dedmon,2022-23,33,MIA,30,350,15.6,-1.8,0.0,0.8,.115
Dewayne Dedmon,2022-23,33,PHI,8,76,15.5,-0.7,0.0,0.2,.113
Dewayne Dedmon,2023-24,,Did not play - other pro league,,,,,,,
Matthew Dellavedova,2013-14,23,CLE,72,1271,10.7,-1.8,0.1,2.1,.078
Matthew Dellavedova,2014-15,24,CLE,67,1380,8.5,-2.8,-0.3,1.9,.067
Matthew Dellavedova,2015-16,25,CLE,76,1867,11.3,-1.2,0.4,3.8,.098
Matthew Dellavedova,2016-17,26,MIL,76,1986,9.4,-4.2,-1.1,1.2,.029
Matthew Dellavedova,2017-18,27,MIL,38,712,8.6,-4.4,-0.4,0.5,.032
Matthew Dellavedova,2018-19,28,2TM,48,812,11.1,-4.4,-0.5,0.5,.028
Matthew Dellavedova,2018-19,28,MIL,12,97,7.5,-4.1,-0.1,0.1,.043
Matthew Dellavedova,2018-19,28,CLE,36,715,11.5,-4.5,-0.4,0.4,.026
Matthew Dellavedova,2019-20,29,CLE,57,821,8.1,-5.2,-0.7,0.2,.011
Matthew Dellavedova,2020-21,30,CLE,13,224,7.3,-6.4,-0.3,0.0,.005
Matthew Dellavedova,2021-22,,Did not play - other pro league,,,,,,,
Matthew Dellavedova,2022-23,32,SAC,32,213,6.7,-5.2,-0.2,0.1,.021
Matthew Dellavedova,2023-24,,Did not play - other pro league,,,,,,,
Dexter Dennis,2023-24,24,DAL,4,30,18.3,1.7,0.0,0.0,.004
RayJ Dennis,2024-25,23,IND,11,70,13.9,0.7,0.0,0.1,.036
RayJ Dennis,2025-26,24,3TM,17,206,6.2,-6.0,-0.2,-0.3,-0.072
RayJ Dennis,2025-26,24,IND,13,168,6.4,-5.2,-0.1,-0.3,-0.085
RayJ Dennis,2025-26,24,LAC,1,4,-6.0,-15.5,0.0,0.0,-0.272
RayJ Dennis,2025-26,24,ATL,3,34,6.5,-8.5,-0.1,0.0,.017
Donte DiVincenzo,2018-19,22,MIL,27,411,9.1,-2.2,0.0,0.6,.069
Donte DiVincenzo,2019-20,23,MIL,66,1520,14.1,1.3,1.3,4.3,.135
Donte DiVincenzo,2020-21,24,MIL,66,1814,13.0,0.2,1.0,3.6,.095
Donte DiVincenzo,2021-22,25,2TM,42,1006,11.3,-2.3,-0.1,0.7,.035
Donte DiVincenzo,2021-22,25,MIL,17,341,7.9,-5.5,-0.3,-0.1,-0.009
Donte DiVincenzo,2021-22,25,SAC,25,665,13.0,-0.6,0.2,0.8,.058
Donte DiVincenzo,2022-23,26,GSW,72,1894,12.8,0.7,1.3,4.2,.106
Donte DiVincenzo,2023-24,27,NYK,81,2360,16.0,3.4,3.2,6.6,.135
Donte DiVincenzo,2024-25,28,MIN,62,1606,14.1,1.9,1.6,3.9,.115
Donte DiVincenzo,2025-26,29,MIN,82,2494,12.5,0.8,1.7,5.2,.100
Moussa Diabaté,2022-23,21,LAC,22,195,14.2,-2.8,0.0,0.4,.105
Moussa Diabaté,2023-24,22,LAC,11,64,24.7,3.5,0.1,0.3,.250
Moussa Diabaté,2024-25,23,CHO,71,1241,16.5,-1.9,0.0,3.2,.125
Moussa Diabaté,2025-26,24,CHO,73,1899,17.2,1.7,1.8,7.4,.188
Mamadi Diakite,2020-21,24,MIL,14,141,12.3,-2.4,0.0,0.3,.102
Mamadi Diakite,2021-22,25,OKC,13,188,11.6,-5.0,-0.1,0.3,.080
Mamadi Diakite,2022-23,26,CLE,22,176,9.0,-3.4,-0.1,0.2,.051
Mamadi Diakite,2023-24,27,2TM,6,24,18.6,3.5,0.0,0.1,.168
Mamadi Diakite,2023-24,27,SAS,3,16,30.4,11.6,0.1,0.1,.349
Mamadi Diakite,2023-24,27,NYK,3,8,-5.2,-12.7,0.0,0.0,-0.194
Hamidou Diallo,2018-19,20,OKC,51,526,10.1,-4.2,-0.3,0.8,.069
Hamidou Diallo,2019-20,21,OKC,46,896,9.3,-3.9,-0.4,0.4,.022
Hamidou Diallo,2020-21,22,2TM,52,1226,14.3,-2.1,0.0,1.6,.063
Hamidou Diallo,2020-21,22,OKC,32,761,15.0,-1.5,0.1,1.0,.065
Hamidou Diallo,2020-21,22,DET,20,465,13.1,-3.2,-0.1,0.6,.059
Hamidou Diallo,2021-22,23,DET,58,1269,15.7,-0.5,0.5,2.1,.079
Hamidou Diallo,2022-23,24,DET,56,996,15.7,-1.4,0.1,1.3,.063
Hamidou Diallo,2023-24,25,WAS,2,5,33.2,18.7,0.0,0.0,.204
Mohamed Diawara,2025-26,20,NYK,69,634,10.3,-1.7,0.0,0.9,.072
Gradey Dick,2023-24,20,TOR,60,1268,8.9,-5.4,-1.1,0.3,.010
Gradey Dick,2024-25,21,TOR,54,1587,10.9,-3.2,-0.5,1.4,.042
Gradey Dick,2025-26,22,TOR,76,1067,10.7,-3.6,-0.4,1.4,.064
Hunter Dickinson,2025-26,25,NOP,5,42,3.8,-11.4,-0.1,-0.1,-0.094
Ousmane Dieng,2022-23,19,OKC,39,569,9.3,-3.6,-0.2,0.4,.038
Ousmane Dieng,2023-24,20,OKC,33,365,10.1,-3.0,-0.1,0.4,.055
Ousmane Dieng,2024-25,21,OKC,37,405,11.5,-0.9,0.1,0.9,.104
Ousmane Dieng,2025-26,22,2TM,57,1099,10.2,-3.8,-0.5,0.3,.012
Ousmane Dieng,2025-26,22,OKC,27,295,10.0,-1.4,0.1,0.6,.098
Ousmane Dieng,2025-26,22,MIL,30,804,10.3,-4.6,-0.5,-0.3,-0.020
Rob Dillingham,2024-25,20,MIN,49,516,10.2,-4.2,-0.3,0.1,.012
Rob Dillingham,2025-26,21,2TM,65,970,7.7,-7.3,-1.3,-1.1,-0.056
Rob Dillingham,2025-26,21,MIN,35,326,6.0,-8.2,-0.5,-0.5,-0.079
Rob Dillingham,2025-26,21,CHI,30,644,8.5,-6.8,-0.8,-0.6,-0.044
Spencer Dinwiddie,2014-15,21,DET,34,455,10.2,-2.8,-0.1,0.1,.009
Spencer Dinwiddie,2015-16,22,DET,12,159,8.9,-5.2,-0.1,0.1,.028
Spencer Dinwiddie,2016-17,23,BRK,59,1334,12.7,-1.0,0.4,2.8,.101
Spencer Dinwiddie,2017-18,24,BRK,80,2306,15.9,0.6,1.5,5.7,.118
Spencer Dinwiddie,2018-19,25,BRK,68,1914,16.3,0.6,1.3,4.8,.121
Spencer Dinwiddie,2019-20,26,BRK,64,1994,17.8,1.8,1.9,4.8,.116
Spencer Dinwiddie,2020-21,27,BRK,3,64,10.1,0.2,0.0,0.1,.045
Spencer Dinwiddie,2021-22,28,2TM,67,1980,15.1,0.3,1.1,4.1,.098
Spencer Dinwiddie,2021-22,28,WAS,44,1330,13.2,-0.9,0.3,1.6,.058
Spencer Dinwiddie,2021-22,28,DAL,23,650,19.0,2.9,0.8,2.5,.182
Spencer Dinwiddie,2022-23,29,2TM,79,2725,16.0,0.7,1.8,6.3,.111
Spencer Dinwiddie,2022-23,29,DAL,53,1808,16.1,0.9,1.3,4.3,.114
Spencer Dinwiddie,2022-23,29,BRK,26,917,15.8,0.2,0.5,2.0,.103
Spencer Dinwiddie,2023-24,30,2TM,76,2152,11.7,-1.9,0.1,3.6,.081
Spencer Dinwiddie,2023-24,30,BRK,48,1474,13.5,-1.3,0.3,2.9,.095
Spencer Dinwiddie,2023-24,30,LAL,28,678,8.0,-3.2,-0.2,0.7,.052
Spencer Dinwiddie,2024-25,31,DAL,79,2136,13.0,-1.6,0.2,3.7,.082
Egor Dёmin,2025-26,19,BRK,52,1308,11.3,-1.6,0.1,0.9,.032
Luka Dončić,2018-19,19,DAL,72,2318,19.6,3.9,3.4,4.9,.101
Luka Dončić,2019-20,20,DAL,61,2047,27.6,8.4,5.4,8.8,.207
Luka Dončić,2020-21,21,DAL,66,2262,25.3,6.8,5.1,7.7,.163
Luka Dončić,2021-22,22,DAL,65,2301,25.1,8.2,5.9,7.6,.159
Luka Dončić,2022-23,23,DAL,66,2391,28.7,8.9,6.6,10.2,.204
Luka Dončić,2023-24,24,DAL,70,2624,28.1,9.9,8.0,12.0,.220
Luka Dončić,2024-25,25,2TM,50,1769,24.1,6.7,3.9,5.9,.160
Luka Dončić,2024-25,25,DAL,22,785,24.2,6.9,1.8,2.5,.155
Luka Dončić,2024-25,25,LAL,28,984,23.9,6.5,2.1,3.4,.164
Luka Dončić,2025-26,26,LAL,64,2289,27.9,9.3,6.6,9.5,.199
Tyler Dorsey,2017-18,21,ATL,56,974,10.0,-2.9,-0.2,0.4,.020
Tyler Dorsey,2018-19,22,2TM,48,698,11.2,-3.5,-0.3,0.6,.043
Tyler Dorsey,2018-19,22,ATL,27,251,7.8,-4.9,-0.2,-0.1,-0.010
Tyler Dorsey,2018-19,22,MEM,21,447,13.1,-2.7,-0.1,0.7,.073
Tyler Dorsey,2019-20,,Did not play - other pro league,,,,,,,
Tyler Dorsey,2020-21,,Did not play - other pro league,,,,,,,
Tyler Dorsey,2021-22,,Did not play - other pro league,,,,,,,
Tyler Dorsey,2022-23,26,DAL,3,8,45.5,17.8,0.0,0.1,.367
Tyler Dorsey,2023-24,,Did not play - other pro league,,,,,,,
Luguentz Dort,2019-20,20,OKC,36,820,7.6,-3.7,-0.4,0.8,.049
Luguentz Dort,2020-21,21,OKC,52,1543,10.1,-3.5,-0.6,0.3,.011
Luguentz Dort,2021-22,22,OKC,51,1665,12.3,-2.3,-0.1,1.4,.040
Luguentz Dort,2022-23,23,OKC,74,2272,11.3,-3.0,-0.6,2.9,.062
Luguentz Dort,2023-24,24,OKC,79,2246,11.1,-1.6,0.2,4.6,.097
Luguentz Dort,2024-25,25,OKC,71,2073,11.3,0.2,1.2,5.6,.129
Luguentz Dort,2025-26,26,OKC,69,1849,8.3,-2.0,0.0,3.0,.078
Ayo Dosunmu,2021-22,22,CHI,77,2110,11.2,-2.0,0.0,3.0,.069
Ayo Dosunmu,2022-23,23,CHI,80,2098,10.2,-2.5,-0.2,2.9,.067
Ayo Dosunmu,2023-24,24,CHI,76,2212,13.4,-0.8,0.7,4.1,.089
Ayo Dosunmu,2024-25,25,CHI,46,1394,12.8,-1.6,0.1,2.5,.087
Ayo Dosunmu,2025-26,26,2TM,69,1881,16.5,1.0,1.4,4.9,.124
Ayo Dosunmu,2025-26,26,CHI,45,1187,17.0,0.8,0.8,3.0,.120
Ayo Dosunmu,2025-26,26,MIN,24,694,15.6,1.5,0.6,1.9,.132
Devon Dotson,2020-21,21,CHI,11,50,19.3,2.1,0.1,0.2,.177
Devon Dotson,2021-22,22,CHI,11,85,9.8,-4.9,-0.1,0.1,.048
Devon Dotson,2022-23,23,WAS,6,53,4.8,-5.3,0.0,0.0,-0.025
Devon Dotson,2023-24,,Did not play - other pro league,,,,,,,
Jeff Dowtin Jr.,2021-22,24,3TM,9,108,6.8,-5.6,-0.1,0.0,-0.010
Jeff Dowtin Jr.,2021-22,24,GSW,4,28,9.5,-3.6,0.0,0.1,.089
Jeff Dowtin Jr.,2021-22,24,MIL,1,3,-12.9,-22.6,0.0,0.0,-0.344
Jeff Dowtin Jr.,2021-22,24,ORL,4,77,6.5,-5.6,-0.1,-0.1,-0.033
Jeff Dowtin Jr.,2022-23,25,TOR,25,259,9.9,-1.9,0.0,0.4,.076
Jeff Dowtin Jr.,2023-24,26,PHI,12,142,18.2,3.3,0.2,0.6,.193
Jeff Dowtin Jr.,2024-25,27,PHI,41,621,16.1,0.2,0.3,1.3,.103
PJ Dozier,2017-18,21,OKC,2,3,-5.0,-20.4,0.0,0.0,-0.404
PJ Dozier,2018-19,22,BOS,6,51,16.0,-2.0,0.0,0.1,.125
PJ Dozier,2019-20,23,DEN,29,412,11.6,-3.8,-0.2,0.4,.044
PJ Dozier,2020-21,24,DEN,50,1088,10.4,-2.6,-0.2,1.1,.051
PJ Dozier,2021-22,25,DEN,18,340,8.7,-2.0,0.0,0.3,.038
PJ Dozier,2022-23,26,SAC,16,79,5.2,-7.8,-0.1,-0.2,-0.097
PJ Dozier,2023-24,,Did not play - other pro league,,,,,,,
PJ Dozier,2024-25,28,MIN,9,35,9.5,0.7,0.0,0.1,.107
Henri Drell,2023-24,23,CHI,4,30,10.7,-4.9,0.0,0.0,.047
Andre Drummond,2012-13,19,DET,60,1243,21.6,2.5,1.4,4.5,.172
Andre Drummond,2013-14,20,DET,81,2619,22.6,1.4,2.3,9.9,.182
Andre Drummond,2014-15,21,DET,82,2502,21.4,-0.1,1.2,7.7,.147
Andre Drummond,2015-16,22,DET,81,2666,21.2,1.1,2.0,7.4,.133
Andre Drummond,2016-17,23,DET,81,2409,20.9,1.0,1.8,6.7,.133
Andre Drummond,2017-18,24,DET,78,2625,22.9,3.2,3.4,10.3,.188
Andre Drummond,2018-19,25,DET,79,2647,23.4,2.1,2.7,10.0,.181
Andre Drummond,2019-20,26,2TM,57,1879,22.0,0.9,1.4,4.2,.108
Andre Drummond,2019-20,26,DET,49,1654,22.1,1.1,1.3,4.0,.116
Andre Drummond,2019-20,26,CLE,8,225,21.1,-0.4,0.1,0.3,.053
Andre Drummond,2020-21,27,2TM,46,1242,19.4,-1.2,0.3,2.0,.077
Andre Drummond,2020-21,27,CLE,25,722,20.5,-0.8,0.2,0.6,.037
Andre Drummond,2020-21,27,LAL,21,520,17.9,-1.7,0.0,1.4,.133
Andre Drummond,2021-22,28,2TM,73,1437,21.0,1.3,1.2,5.1,.170
Andre Drummond,2021-22,28,PHI,49,902,19.3,1.3,0.7,2.9,.153
Andre Drummond,2021-22,28,BRK,24,535,23.8,1.2,0.4,2.2,.199
Andre Drummond,2022-23,29,CHI,67,849,20.8,-0.8,0.3,2.8,.159
Andre Drummond,2023-24,30,CHI,79,1351,23.0,0.1,0.7,4.9,.175
Andre Drummond,2024-25,31,PHI,40,751,16.0,-3.2,-0.2,1.2,.078
Andre Drummond,2025-26,32,PHI,63,1231,16.4,-0.6,0.4,3.4,.133
Chris Duarte,2021-22,24,IND,55,1541,12.3,-2.3,-0.1,0.9,.029
Chris Duarte,2022-23,25,IND,46,897,8.6,-4.5,-0.6,0.0,-0.003
Chris Duarte,2023-24,26,SAC,59,719,8.4,-3.4,-0.2,0.7,.047
Chris Duarte,2024-25,27,CHI,17,74,16.5,1.2,0.1,0.3,.171
Alex Ducas,2024-25,24,OKC,21,125,10.1,-2.0,0.0,0.3,.125
David Duke Jr.,2021-22,22,BRK,22,341,10.0,-3.9,-0.2,0.3,.048
David Duke Jr.,2022-23,23,BRK,23,228,8.3,-7.3,-0.3,-0.1,-0.011
David Duke Jr.,2023-24,24,SAS,4,51,16.2,1.4,0.0,0.1,.119
David Duke Jr.,2024-25,25,SAS,6,34,12.2,-1.5,0.0,0.0,.023
Kris Dunn,2016-17,22,MIN,78,1333,8.1,-2.8,-0.3,0.1,.004
Kris Dunn,2017-18,23,CHI,52,1525,14.5,-1.3,0.3,0.9,.027
Kris Dunn,2018-19,24,CHI,46,1389,12.4,-2.7,-0.2,0.6,.022
Kris Dunn,2019-20,25,CHI,51,1269,12.1,-0.6,0.4,2.3,.085
Kris Dunn,2020-21,26,ATL,4,45,-5.7,-13.7,-0.1,-0.2,-0.202
Kris Dunn,2021-22,27,POR,14,336,12.5,-5.4,-0.3,0.2,.024
Kris Dunn,2022-23,28,UTA,22,568,19.1,2.4,0.6,1.9,.162
Kris Dunn,2023-24,29,UTA,66,1249,12.8,-0.1,0.6,2.0,.076
Kris Dunn,2024-25,30,LAC,74,1783,11.3,0.6,1.2,4.0,.108
Kris Dunn,2025-26,31,LAC,82,2230,11.3,-0.8,0.6,4.0,.085
Ryan Dunn,2024-25,22,PHO,74,1410,10.7,-4.1,-0.7,1.0,.034
Ryan Dunn,2025-26,23,PHO,70,1355,11.7,-0.9,0.4,2.6,.093
Kevin Durant,2007-08,19,SEA,80,2768,15.8,-0.1,1.3,2.3,.040
Kevin Durant,2008-09,20,OKC,74,2885,20.8,3.3,3.8,7.9,.132
Kevin Durant,2009-10,21,OKC,82,3239,26.2,7.1,7.5,16.1,.238
Kevin Durant,2010-11,22,OKC,78,3038,23.6,4.9,5.3,12.0,.189
Kevin Durant,2011-12,23,OKC,66,2546,26.2,7.0,5.8,12.2,.230
Kevin Durant,2012-13,24,OKC,81,3119,28.3,9.3,8.9,18.9,.291
Kevin Durant,2013-14,25,OKC,81,3122,29.8,10.2,9.6,19.2,.295
Kevin Durant,2014-15,26,OKC,27,913,27.6,10.0,2.8,4.8,.252
Kevin Durant,2015-16,27,OKC,72,2578,28.2,9.9,7.8,14.5,.270
Kevin Durant,2016-17,28,GSW,62,2070,27.6,8.9,5.7,12.0,.278
Kevin Durant,2017-18,29,GSW,68,2325,26.0,7.3,5.5,10.4,.215
Kevin Durant,2018-19,30,GSW,78,2702,24.2,5.5,5.1,11.5,.204
Kevin Durant,2019-20,,Did not play - injury,,,,,,,
Kevin Durant,2020-21,32,BRK,35,1157,26.4,7.2,2.7,5.0,.206
Kevin Durant,2021-22,33,BRK,55,2047,25.6,7.2,4.8,8.4,.198
Kevin Durant,2022-23,34,2TM,47,1672,25.9,7.1,3.9,6.8,.194
Kevin Durant,2022-23,34,BRK,39,1403,26.2,7.0,3.2,5.7,.194
Kevin Durant,2022-23,34,PHO,8,269,24.3,8.0,0.7,1.1,.196
Kevin Durant,2023-24,35,PHO,75,2791,21.2,4.0,4.3,8.3,.142
Kevin Durant,2024-25,36,PHO,62,2265,21.2,3.2,3.0,5.2,.111
Kevin Durant,2025-26,37,HOU,78,2840,21.1,4.5,4.7,10.7,.180
Jalen Duren,2022-23,19,DET,67,1670,17.3,-0.8,0.5,4.5,.129
Jalen Duren,2023-24,20,DET,61,1777,18.7,-0.1,0.9,4.8,.130
Jalen Duren,2024-25,21,DET,78,2034,21.4,3.1,2.7,9.2,.218
Jalen Duren,2025-26,22,DET,70,1976,26.1,5.0,3.5,11.0,.266
Tari Eason,2022-23,21,HOU,82,1767,15.2,-1.7,0.1,2.6,.070
Tari Eason,2023-24,22,HOU,22,480,17.1,1.6,0.4,1.3,.125
Tari Eason,2024-25,23,HOU,57,1420,18.5,3.6,2.0,5.0,.169
Tari Eason,2025-26,24,HOU,60,1549,12.9,-1.6,0.2,2.9,.091
Zach Edey,2024-25,22,MEM,66,1416,18.2,-0.1,0.7,4.9,.165
Zach Edey,2025-26,23,MEM,11,284,20.7,0.5,0.2,0.8,.134
VJ Edgecombe,2025-26,20,PHI,75,2623,14.0,-0.5,1.0,4.4,.081
Anthony Edwards,2020-21,19,MIN,72,2314,13.9,-2.1,-0.1,0.8,.017
Anthony Edwards,2021-22,20,MIN,72,2466,16.5,1.2,2.0,4.3,.084
Anthony Edwards,2022-23,21,MIN,79,2842,17.4,1.0,2.1,3.8,.064
Anthony Edwards,2023-24,22,MIN,79,2770,19.7,3.3,3.7,7.5,.130
Anthony Edwards,2024-25,23,MIN,79,2871,20.1,4.3,4.6,8.4,.140
Anthony Edwards,2025-26,24,MIN,61,2137,21.8,4.5,3.5,6.5,.147
Jesse Edwards,2024-25,24,MIN,2,5,-0.1,-4.0,0.0,0.0,.111
Justin Edwards,2024-25,21,PHI,44,1155,11.3,-3.7,-0.5,0.9,.039
Justin Edwards,2025-26,22,PHI,64,977,12.1,-1.3,0.2,1.7,.086
Kessler Edwards,2021-22,21,BRK,48,987,8.3,-3.8,-0.5,0.6,.031
Kessler Edwards,2022-23,22,2TM,36,385,8.4,-3.9,-0.2,0.4,.048
Kessler Edwards,2022-23,22,BRK,14,79,2.4,-9.7,-0.2,-0.2,-0.108
Kessler Edwards,2022-23,22,SAC,22,306,10.0,-2.5,0.0,0.6,.088
Kessler Edwards,2023-24,23,SAC,54,275,10.3,-1.5,0.0,0.5,.083
Kessler Edwards,2024-25,24,DAL,40,608,11.3,-1.4,0.1,1.2,.096
Keon Ellis,2022-23,23,SAC,16,71,14.0,1.3,0.1,0.2,.162
Keon Ellis,2023-24,24,SAC,57,978,12.0,1.2,0.8,2.3,.114
Keon Ellis,2024-25,25,SAC,80,1948,13.5,1.9,1.9,5.0,.122
Keon Ellis,2025-26,26,2TM,72,1478,10.8,-0.5,0.6,2.2,.072
Keon Ellis,2025-26,26,SAC,43,758,9.1,-1.9,0.0,0.4,.025
Keon Ellis,2025-26,26,CLE,29,720,12.5,1.1,0.6,1.8,.121
Joel Embiid,2014-15,,Did not play - injury,,,,,,,
Joel Embiid,2015-16,,Did not play - injury,,,,,,,
Joel Embiid,2016-17,22,PHI,31,786,24.1,4.5,1.3,1.9,.117
Joel Embiid,2017-18,23,PHI,63,1912,22.9,3.3,2.6,6.2,.155
Joel Embiid,2018-19,24,PHI,64,2154,26.1,4.9,3.8,8.7,.194
Joel Embiid,2019-20,25,PHI,51,1506,25.8,4.7,2.5,6.0,.192
Joel Embiid,2020-21,26,PHI,51,1585,30.3,7.5,3.8,8.8,.266
Joel Embiid,2021-22,27,PHI,68,2297,31.2,9.2,6.5,12.0,.252
Joel Embiid,2022-23,28,PHI,66,2284,31.4,9.2,6.4,12.3,.259
Joel Embiid,2023-24,29,PHI,39,1309,34.1,11.6,4.5,7.5,.275
Joel Embiid,2024-25,30,PHI,19,574,23.4,3.5,0.8,1.4,.118
Joel Embiid,2025-26,31,PHI,38,1201,24.7,4.9,2.1,4.1,.163
Tristan Enaruna,2025-26,24,CLE,9,85,16.2,-1.0,0.0,0.2,.137
Noa Essengue,2025-26,19,CHI,2,6,-11.9,-23.7,0.0,-0.1,-0.417
Tyson Etienne,2024-25,25,BRK,7,151,5.6,-8.8,-0.3,-0.1,-0.021
Tyson Etienne,2025-26,26,BRK,24,380,11.9,-2.8,-0.1,0.5,.069
Drew Eubanks,2018-19,21,SAS,23,113,15.1,-1.3,0.0,0.3,.120
Drew Eubanks,2019-20,22,SAS,22,272,17.3,-1.8,0.0,0.8,.134
Drew Eubanks,2020-21,23,SAS,54,755,17.9,0.0,0.4,2.3,.145
Drew Eubanks,2021-22,24,2TM,71,1245,18.0,-1.4,0.2,3.4,.130
Drew Eubanks,2021-22,24,SAS,49,595,16.0,-1.2,0.1,1.4,.114
Drew Eubanks,2021-22,24,POR,22,650,19.9,-1.5,0.1,2.0,.144
Drew Eubanks,2022-23,25,POR,78,1584,16.2,0.1,0.8,4.4,.134
Drew Eubanks,2023-24,26,PHO,75,1169,14.4,-1.2,0.2,3.1,.129
Drew Eubanks,2024-25,27,2TM,61,746,15.6,-0.7,0.3,1.7,.107
Drew Eubanks,2024-25,27,UTA,37,568,15.9,0.0,0.3,1.2,.100
Drew Eubanks,2024-25,27,LAC,24,178,14.8,-2.7,0.0,0.5,.129
Drew Eubanks,2025-26,28,SAC,42,552,13.6,-3.7,-0.2,0.6,.053
Tosan Evbuomwan,2023-24,22,2TM,17,367,9.9,-3.0,-0.1,0.5,.071
Tosan Evbuomwan,2023-24,22,MEM,4,74,5.7,-6.4,-0.1,0.0,.016
Tosan Evbuomwan,2023-24,22,DET,13,293,10.9,-2.2,0.0,0.5,.085
Tosan Evbuomwan,2024-25,23,BRK,28,665,11.6,-3.2,-0.2,0.6,.044
Tosan Evbuomwan,2025-26,24,NYK,5,8,-0.3,-11.5,0.0,0.0,-0.025
Danté Exum,2014-15,19,UTA,82,1817,5.7,-4.3,-1.1,-0.1,-0.003
Danté Exum,2015-16,,Did not play - injury,,,,,,,
Danté Exum,2016-17,21,UTA,66,1228,8.5,-3.3,-0.4,1.2,.046
Danté Exum,2017-18,22,UTA,14,235,16.7,0.1,0.1,0.7,.133
Danté Exum,2018-19,23,UTA,42,664,11.2,-2.1,0.0,1.0,.069
Danté Exum,2019-20,24,2TM,35,485,10.3,-2.9,-0.1,0.4,.043
Danté Exum,2019-20,24,UTA,11,83,4.8,-5.7,-0.1,-0.1,-0.056
Danté Exum,2019-20,24,CLE,24,402,11.5,-2.4,0.0,0.5,.063
Danté Exum,2020-21,25,CLE,6,116,5.9,-3.8,-0.1,-0.1,-0.025
Danté Exum,2021-22,,Did not play - other pro league,,,,,,,
Danté Exum,2022-23,,Did not play - other pro league,,,,,,,
Danté Exum,2023-24,28,DAL,55,1088,13.7,-0.6,0.4,2.9,.127
Danté Exum,2024-25,29,DAL,20,372,13.6,-2.3,0.0,0.6,.083
Jeremiah Fears,2025-26,19,NOP,82,2112,13.8,-2.7,-0.4,0.6,.015
Bruno Fernando,2019-20,21,ATL,56,713,11.9,-4.1,-0.4,0.8,.055
Bruno Fernando,2020-21,22,ATL,33,226,6.2,-6.5,-0.3,-0.1,-0.019
Bruno Fernando,2021-22,23,2TM,30,152,21.2,-0.1,0.1,0.4,.140
Bruno Fernando,2021-22,23,BOS,20,58,12.6,-2.8,0.0,0.1,.102
Bruno Fernando,2021-22,23,HOU,10,94,26.5,1.5,0.1,0.3,.164
Bruno Fernando,2022-23,24,2TM,39,405,16.6,-2.0,0.0,0.9,.109
Bruno Fernando,2022-23,24,HOU,31,364,16.1,-1.7,0.0,0.8,.111
Bruno Fernando,2022-23,24,ATL,8,41,20.1,-5.0,0.0,0.1,.086
Bruno Fernando,2023-24,25,ATL,45,682,15.2,-2.3,-0.1,1.5,.103
Bruno Fernando,2024-25,26,TOR,17,147,15.3,-0.7,0.1,0.3,.085
Kyle Filipowski,2024-25,21,UTA,72,1522,14.9,-1.0,0.4,2.5,.078
Kyle Filipowski,2025-26,22,UTA,77,1801,16.0,-1.1,0.4,3.1,.082
Dorian Finney-Smith,2016-17,23,DAL,81,1642,7.7,-2.6,-0.3,1.4,.041
Dorian Finney-Smith,2017-18,24,DAL,21,448,7.6,-4.6,-0.3,0.1,.015
Dorian Finney-Smith,2018-19,25,DAL,81,1985,11.0,-1.4,0.3,3.3,.079
Dorian Finney-Smith,2019-20,26,DAL,71,2120,12.3,-0.2,0.9,4.9,.110
Dorian Finney-Smith,2020-21,27,DAL,60,1921,12.0,0.1,1.0,4.4,.110
Dorian Finney-Smith,2021-22,28,DAL,80,2644,12.5,0.8,1.9,6.6,.121
Dorian Finney-Smith,2022-23,29,2TM,66,2009,9.2,-2.0,0.0,2.1,.051
Dorian Finney-Smith,2022-23,29,DAL,40,1288,10.0,-1.1,0.3,1.7,.065
Dorian Finney-Smith,2022-23,29,BRK,26,721,7.7,-3.7,-0.3,0.4,.027
Dorian Finney-Smith,2023-24,30,BRK,68,1934,10.1,-2.0,0.0,2.6,.065
Dorian Finney-Smith,2024-25,31,2TM,63,1818,10.1,-1.0,0.5,2.9,.078
Dorian Finney-Smith,2024-25,31,BRK,20,579,12.2,0.0,0.3,1.1,.094
Dorian Finney-Smith,2024-25,31,LAL,43,1239,9.2,-1.5,0.2,1.8,.070
Dorian Finney-Smith,2025-26,32,HOU,37,620,5.8,-4.3,-0.4,0.5,.042
Cooper Flagg,2025-26,19,DAL,70,2344,17.9,1.4,2.0,3.8,.078
Adam Flagler,2023-24,24,OKC,2,14,0.6,-10.6,0.0,0.0,-0.159
Adam Flagler,2024-25,25,OKC,37,203,3.7,-10.3,-0.4,-0.3,-0.062
Rasheer Fleming,2025-26,21,PHO,55,673,10.2,-3.8,-0.3,0.8,.055
Trentyn Flowers,2024-25,19,LAC,6,27,4.3,-8.3,0.0,0.0,-0.033
Trentyn Flowers,2025-26,20,CHI,2,6,16.7,-1.0,0.0,0.0,.023
Malachi Flynn,2020-21,22,TOR,47,928,10.9,-2.6,-0.1,0.8,.041
Malachi Flynn,2021-22,23,TOR,44,537,11.7,-1.5,0.1,1.0,.092
Malachi Flynn,2022-23,24,TOR,53,691,8.7,-4.1,-0.4,0.5,.034
Malachi Flynn,2023-24,25,3TM,69,876,11.9,-2.2,0.0,0.5,.029
Malachi Flynn,2023-24,25,TOR,31,474,10.1,-2.7,-0.1,0.2,.025
Malachi Flynn,2023-24,25,NYK,14,60,12.5,-2.6,0.0,0.1,.093
Malachi Flynn,2023-24,25,DET,24,342,14.4,-1.3,0.1,0.2,.023
Malachi Flynn,2024-25,26,CHO,4,44,12.4,-2.8,0.0,0.0,.043
Simone Fontecchio,2022-23,27,UTA,52,766,8.0,-5.2,-0.6,-0.1,-0.004
Simone Fontecchio,2023-24,28,2TM,66,1644,12.1,-1.0,0.4,2.1,.061
Simone Fontecchio,2023-24,28,UTA,50,1160,11.2,-1.6,0.1,1.3,.052
Simone Fontecchio,2023-24,28,DET,16,484,14.4,0.6,0.3,0.8,.083
Simone Fontecchio,2024-25,29,DET,75,1237,9.7,-2.9,-0.3,1.6,.063
Simone Fontecchio,2025-26,30,MIA,70,1173,13.8,0.5,0.7,2.6,.106
Bryn Forbes,2016-17,23,SAS,36,285,5.9,-5.4,-0.2,0.1,.014
Bryn Forbes,2017-18,24,SAS,80,1517,9.1,-3.1,-0.4,2.1,.067
Bryn Forbes,2018-19,25,SAS,82,2293,12.0,-1.2,0.5,3.8,.079
Bryn Forbes,2019-20,26,SAS,63,1579,11.1,-2.7,-0.3,1.5,.047
Bryn Forbes,2020-21,27,MIL,70,1354,12.8,-1.3,0.2,2.7,.096
Bryn Forbes,2021-22,28,2TM,75,1286,11.5,-2.9,-0.3,1.4,.054
Bryn Forbes,2021-22,28,SAS,40,676,12.4,-1.6,0.1,0.7,.053
Bryn Forbes,2021-22,28,DEN,35,610,10.6,-4.3,-0.4,0.7,.054
Bryn Forbes,2022-23,29,MIN,25,268,6.2,-6.3,-0.3,0.0,.000
Bryn Forbes,2023-24,,Did not play - legal,,,,,,,
Jordan Ford,2023-24,25,SAC,6,22,16.8,2.2,0.0,0.1,.157
Trent Forrest,2020-21,22,UTA,30,302,11.2,-1.3,0.1,0.7,.106
Trent Forrest,2021-22,23,UTA,60,765,10.9,-1.0,0.2,1.3,.084
Trent Forrest,2022-23,24,ATL,23,277,6.1,-5.1,-0.2,-0.1,-0.011
Trent Forrest,2023-24,25,ATL,38,414,8.9,-4.4,-0.3,0.2,.027
Michael Foster Jr.,2022-23,20,PHI,1,1,0.0,-9.2,0.0,0.0,.010
Michael Foster Jr.,2023-24,,Did not play - other pro league,,,,,,,
Evan Fournier,2012-13,20,DEN,38,428,13.8,-1.4,0.1,1.0,.115
Evan Fournier,2013-14,21,DEN,76,1503,10.3,-2.9,-0.4,1.4,.043
Evan Fournier,2014-15,22,ORL,58,1661,12.4,-1.8,0.1,2.1,.059
Evan Fournier,2015-16,23,ORL,79,2566,14.6,-0.3,1.1,5.7,.106
Evan Fournier,2016-17,24,ORL,68,2234,13.9,-1.3,0.4,2.8,.059
Evan Fournier,2017-18,25,ORL,57,1837,15.5,-0.6,0.7,3.3,.087
Evan Fournier,2018-19,26,ORL,81,2553,12.3,-2.4,-0.3,3.2,.061
Evan Fournier,2019-20,27,ORL,66,2076,16.4,1.0,1.6,4.6,.106
Evan Fournier,2020-21,28,2TM,42,1259,16.7,1.1,1.0,2.8,.107
Evan Fournier,2020-21,28,ORL,26,787,18.2,1.7,0.7,1.7,.104
Evan Fournier,2020-21,28,BOS,16,472,14.1,0.3,0.3,1.1,.111
Evan Fournier,2021-22,29,NYK,80,2358,12.3,-0.7,0.7,3.7,.075
Evan Fournier,2022-23,30,NYK,27,459,6.9,-4.0,-0.2,0.1,.010
Evan Fournier,2023-24,31,2TM,32,580,8.5,-4.3,-0.3,-0.1,-0.005
Evan Fournier,2023-24,31,NYK,3,39,2.2,-11.3,-0.1,-0.1,-0.108
Evan Fournier,2023-24,31,DET,29,541,8.9,-3.8,-0.3,0.0,.002
De'Aaron Fox,2017-18,20,SAC,73,2026,11.2,-4.2,-1.1,-0.6,-0.014
De'Aaron Fox,2018-19,21,SAC,81,2546,18.1,1.5,2.3,5.6,.106
De'Aaron Fox,2019-20,22,SAC,51,1634,20.6,1.8,1.6,4.0,.118
De'Aaron Fox,2020-21,23,SAC,58,2036,20.7,1.8,2.0,4.2,.098
De'Aaron Fox,2021-22,24,SAC,59,2084,17.4,-0.6,0.7,2.5,.058
De'Aaron Fox,2022-23,25,SAC,73,2435,21.8,2.5,2.7,7.4,.146
De'Aaron Fox,2023-24,26,SAC,74,2659,20.1,2.7,3.2,6.5,.117
De'Aaron Fox,2024-25,27,2TM,62,2241,18.3,0.4,1.3,4.3,.093
De'Aaron Fox,2024-25,27,SAC,45,1663,19.0,1.2,1.3,3.5,.101
De'Aaron Fox,2024-25,27,SAS,17,578,16.3,-2.0,0.0,0.9,.071
De'Aaron Fox,2025-26,28,SAS,72,2231,17.6,2.2,2.4,6.4,.138
Enrique Freeman,2024-25,24,IND,22,181,7.4,-6.3,-0.2,0.2,.046
Enrique Freeman,2025-26,25,MIN,4,37,15.6,0.0,0.0,0.1,.162
Javon Freeman-Liberty,2023-24,24,TOR,22,403,10.7,-5.2,-0.3,0.2,.029
Alex Fudge,2023-24,20,2TM,6,40,9.8,-5.2,0.0,0.0,-0.007
Alex Fudge,2023-24,20,LAL,4,14,-1.9,-18.1,-0.1,-0.1,-0.222
Alex Fudge,2023-24,20,DAL,2,26,16.2,1.7,0.0,0.1,.108
Markelle Fultz,2017-18,19,PHI,14,253,12.4,-2.6,0.0,0.2,.043
Markelle Fultz,2018-19,20,PHI,19,427,10.5,-3.1,-0.1,0.3,.035
Markelle Fultz,2019-20,21,ORL,72,1996,14.3,-1.8,0.1,2.7,.065
Markelle Fultz,2020-21,22,ORL,8,215,12.0,-4.4,-0.1,-0.1,-0.024
Markelle Fultz,2021-22,23,ORL,18,360,17.7,0.2,0.2,0.4,.053
Markelle Fultz,2022-23,24,ORL,60,1778,16.6,0.5,1.2,3.7,.100
Markelle Fultz,2023-24,25,ORL,43,910,12.6,-1.4,0.1,1.3,.069
Markelle Fultz,2024-25,26,SAC,21,184,8.9,-4.7,-0.1,-0.1,-0.026
Markelle Fultz,2025-26,27,TOR,5,36,-2.0,-16.3,-0.1,-0.2,-0.209
Andrew Funk,2023-24,24,CHI,5,13,-5.0,-14.4,0.0,-0.1,-0.252
Johnny Furphy,2024-25,20,IND,50,379,9.8,-2.5,0.0,0.5,.070
Johnny Furphy,2025-26,21,IND,35,643,9.2,-3.7,-0.3,0.5,.036
Wenyen Gabriel,2019-20,22,2TM,30,235,9.6,-3.8,-0.1,0.2,.048
Wenyen Gabriel,2019-20,22,SAC,11,61,7.4,-3.9,0.0,0.0,-0.029
Wenyen Gabriel,2019-20,22,POR,19,174,10.3,-3.8,-0.1,0.3,.075
Wenyen Gabriel,2020-21,23,NOP,21,241,9.8,-3.3,-0.1,0.3,.052
Wenyen Gabriel,2021-22,24,3TM,26,358,12.5,-5.9,-0.4,0.7,.090
Wenyen Gabriel,2021-22,24,BRK,1,1,11.8,-1.6,0.0,0.0,.167
Wenyen Gabriel,2021-22,24,LAC,6,46,8.3,-7.5,-0.1,0.0,.041
Wenyen Gabriel,2021-22,24,LAL,19,311,13.1,-5.7,-0.3,0.6,.096
Wenyen Gabriel,2022-23,25,LAL,68,1024,14.4,-2.2,-0.1,2.8,.132
Wenyen Gabriel,2023-24,26,MEM,5,81,2.3,-12.5,-0.2,-0.2,-0.123
Daniel Gafford,2019-20,21,CHI,43,609,16.2,-1.3,0.1,1.9,.146
Daniel Gafford,2020-21,22,2TM,54,791,22.2,2.2,0.8,3.5,.209
Daniel Gafford,2020-21,22,CHI,31,383,18.8,0.2,0.2,1.5,.182
Daniel Gafford,2020-21,22,WAS,23,408,25.4,4.0,0.6,2.0,.235
Daniel Gafford,2021-22,23,WAS,72,1444,21.8,1.6,1.3,6.0,.198
Daniel Gafford,2022-23,24,WAS,78,1604,19.7,1.0,1.2,6.1,.184
Daniel Gafford,2023-24,25,2TM,74,1815,21.7,2.6,2.1,7.8,.205
Daniel Gafford,2023-24,25,WAS,45,1192,19.9,0.9,0.9,4.4,.178
Daniel Gafford,2023-24,25,DAL,29,623,25.0,5.9,1.3,3.3,.257
Daniel Gafford,2024-25,26,DAL,57,1226,24.7,3.8,1.8,5.9,.232
Daniel Gafford,2025-26,27,DAL,55,1195,18.8,0.7,0.8,4.1,.167
Danilo Gallinari,2008-09,20,NYK,28,412,13.4,0.6,0.3,1.0,.119
Danilo Gallinari,2009-10,21,NYK,81,2747,14.8,0.5,1.7,5.6,.098
Danilo Gallinari,2010-11,22,2TM,62,2104,15.7,0.7,1.4,6.1,.139
Danilo Gallinari,2010-11,22,NYK,48,1671,15.6,0.1,0.9,4.9,.140
Danilo Gallinari,2010-11,22,DEN,14,433,15.9,3.0,0.5,1.2,.133
Danilo Gallinari,2011-12,23,DEN,43,1351,16.5,1.8,1.3,3.9,.140
Danilo Gallinari,2012-13,24,DEN,71,2309,16.7,2.8,2.8,7.2,.151
Danilo Gallinari,2013-14,,Did not play - injury,,,,,,,
Danilo Gallinari,2014-15,26,DEN,59,1426,16.8,2.4,1.6,3.9,.132
Danilo Gallinari,2015-16,27,DEN,53,1839,19.0,2.7,2.2,6.3,.165
Danilo Gallinari,2016-17,28,DEN,63,2134,17.4,1.4,1.9,6.8,.154
Danilo Gallinari,2017-18,29,LAC,21,671,13.8,-0.5,0.3,1.2,.088
Danilo Gallinari,2018-19,30,LAC,68,2059,21.0,4.3,3.3,8.2,.191
Danilo Gallinari,2019-20,31,OKC,62,1834,19.5,3.3,2.4,6.3,.166
Danilo Gallinari,2020-21,32,ATL,51,1222,16.3,1.1,1.0,3.7,.146
Danilo Gallinari,2021-22,33,ATL,66,1672,14.3,-0.2,0.8,3.6,.105
Danilo Gallinari,2022-23,,Did not play - injury,,,,,,,
Danilo Gallinari,2023-24,35,3TM,49,630,13.4,-1.9,0.0,1.3,.098
Danilo Gallinari,2023-24,35,WAS,26,385,13.4,-2.6,-0.1,0.6,.080
Danilo Gallinari,2023-24,35,DET,6,90,23.3,6.9,0.2,0.6,.304
Danilo Gallinari,2023-24,35,MIL,17,155,7.7,-5.2,-0.1,0.1,.025
Andersson Garcia,2025-26,25,UTA,5,169,8.3,-5.7,-0.2,0.1,.014
Myron Gardner,2025-26,24,MIA,45,411,15.2,0.9,0.3,1.4,.163
Darius Garland,2019-20,20,CLE,59,1824,8.5,-5.5,-1.7,-1.3,-0.034
Darius Garland,2020-21,21,CLE,54,1790,14.2,-2.1,-0.1,1.2,.033
Darius Garland,2021-22,22,CLE,68,2430,19.0,2.6,2.8,6.3,.125
Darius Garland,2022-23,23,CLE,69,2447,18.8,2.4,2.7,7.6,.148
Darius Garland,2023-24,24,CLE,57,1901,14.5,-1.0,0.5,2.7,.067
Darius Garland,2024-25,25,CLE,75,2301,19.9,3.1,3.0,8.1,.169
Darius Garland,2025-26,26,2TM,45,1344,17.1,-0.2,0.6,2.6,.092
Darius Garland,2025-26,26,CLE,26,792,15.6,-1.6,0.1,1.4,.084
Darius Garland,2025-26,26,LAC,19,552,19.4,1.8,0.5,1.2,.104
Marcus Garrett,2021-22,23,MIA,12,128,4.7,-5.4,-0.1,0.1,.032
Marcus Garrett,2024-25,26,CHO,4,79,8.7,-7.6,-0.1,0.0,-0.002
Usman Garuba,2021-22,19,HOU,24,240,12.9,-0.9,0.1,0.5,.105
Usman Garuba,2022-23,20,HOU,75,970,12.9,-1.4,0.2,1.8,.091
Usman Garuba,2023-24,21,GSW,6,18,7.0,-10.9,0.0,0.0,-0.124
Luka Garza,2021-22,23,DET,32,389,15.6,-2.5,-0.1,0.8,.093
Luka Garza,2022-23,24,MIN,28,243,23.0,-0.4,0.1,1.1,.211
Luka Garza,2023-24,25,MIN,25,122,21.8,-2.1,0.0,0.4,.166
Luka Garza,2024-25,26,MIN,39,219,18.8,-2.3,0.0,0.7,.144
Luka Garza,2025-26,27,BOS,69,1118,19.9,2.4,1.2,5.3,.226
Kaiser Gates,2023-24,27,NOP,1,7,-19.9,-28.8,-0.1,-0.1,-0.558
Keyonte George,2023-24,20,UTA,75,2023,10.4,-4.4,-1.2,-0.3,-0.008
Keyonte George,2024-25,21,UTA,67,2109,12.9,-2.7,-0.3,1.1,.024
Keyonte George,2025-26,22,UTA,54,1786,18.5,0.9,1.3,3.3,.088
Kyshawn George,2024-25,21,WAS,68,1802,8.8,-4.1,-0.9,0.1,.003
Kyshawn George,2025-26,22,WAS,48,1391,13.8,-1.2,0.3,0.6,.022
Paul George,2010-11,20,IND,61,1265,13.0,-0.1,0.6,2.4,.091
Paul George,2011-12,21,IND,66,1958,16.5,3.4,2.7,6.0,.148
Paul George,2012-13,22,IND,79,2972,16.8,3.8,4.4,9.0,.145
Paul George,2013-14,23,IND,80,2898,20.1,4.9,5.0,10.8,.178
Paul George,2014-15,24,IND,6,91,13.0,-2.2,0.0,0.0,-0.008
Paul George,2015-16,25,IND,81,2819,20.9,4.9,4.9,9.2,.157
Paul George,2016-17,26,IND,75,2689,20.2,3.1,3.4,7.1,.126
Paul George,2017-18,27,OKC,79,2891,18.7,2.9,3.6,8.9,.147
Paul George,2018-19,28,OKC,77,2841,23.3,7.2,6.6,11.9,.201
Paul George,2019-20,29,LAC,48,1419,21.1,4.9,2.5,4.8,.161
Paul George,2020-21,30,LAC,54,1821,20.5,4.2,2.9,5.3,.139
Paul George,2021-22,31,LAC,31,1077,18.6,3.7,1.6,1.3,.057
Paul George,2022-23,32,LAC,56,1939,19.6,2.8,2.3,4.6,.114
Paul George,2023-24,33,LAC,74,2502,19.3,3.2,3.3,7.3,.140
Paul George,2024-25,34,PHI,41,1334,14.5,-0.4,0.5,1.0,.036
Paul George,2025-26,35,PHI,37,1135,16.7,1.7,1.1,2.5,.108
Taj Gibson,2009-10,24,CHI,82,2204,13.8,-2.0,0.0,4.7,.103
Taj Gibson,2010-11,25,CHI,80,1742,14.3,-0.9,0.5,5.2,.143
Taj Gibson,2011-12,26,CHI,63,1284,16.9,0.8,0.9,4.5,.167
Taj Gibson,2012-13,27,CHI,65,1459,14.4,-1.1,0.3,3.3,.109
Taj Gibson,2013-14,28,CHI,82,2351,16.0,-1.0,0.6,5.7,.117
Taj Gibson,2014-15,29,CHI,62,1692,16.1,-0.4,0.7,4.8,.137
Taj Gibson,2015-16,30,CHI,73,1936,15.7,0.0,1.0,5.4,.133
Taj Gibson,2016-17,31,2TM,78,1989,15.0,-1.5,0.2,4.0,.097
Taj Gibson,2016-17,31,CHI,55,1502,15.4,-1.2,0.3,3.3,.104
Taj Gibson,2016-17,31,OKC,23,487,13.8,-2.5,-0.1,0.8,.076
Taj Gibson,2017-18,32,MIN,82,2726,15.4,-0.5,1.0,7.2,.126
Taj Gibson,2018-19,33,MIN,70,1686,17.8,-0.1,0.8,5.1,.144
Taj Gibson,2019-20,34,NYK,62,1025,16.1,-1.1,0.2,2.6,.120
Taj Gibson,2020-21,35,NYK,45,936,16.0,1.3,0.8,3.8,.195
Taj Gibson,2021-22,36,NYK,52,946,12.0,-2.0,0.0,2.7,.135
Taj Gibson,2022-23,37,WAS,49,480,11.4,-3.2,-0.1,0.8,.082
Taj Gibson,2023-24,38,2TM,20,204,5.9,-5.3,-0.2,0.2,.044
Taj Gibson,2023-24,38,NYK,16,165,3.2,-6.9,-0.2,0.1,.019
Taj Gibson,2023-24,38,DET,4,39,17.6,1.7,0.0,0.1,.149
Taj Gibson,2024-25,39,CHO,37,409,10.8,-5.3,-0.3,0.4,.043
Taj Gibson,2025-26,40,MEM,10,97,13.6,-3.5,0.0,0.3,.134
Josh Giddey,2021-22,19,OKC,54,1700,13.3,-0.9,0.5,0.4,.010
Josh Giddey,2022-23,20,OKC,76,2367,17.1,1.2,1.9,4.0,.081
Josh Giddey,2023-24,21,OKC,80,2011,16.6,1.5,1.8,4.3,.102
Josh Giddey,2024-25,22,CHI,70,2117,18.1,3.0,2.7,5.3,.121
Josh Giddey,2025-26,23,CHI,54,1731,18.0,2.7,2.0,3.2,.090
Keshon Gilbert,2025-26,22,2TM,4,74,8.5,-4.6,0.0,0.0,-0.005
Keshon Gilbert,2025-26,22,WAS,3,48,4.5,-6.6,-0.1,-0.1,-0.089
Keshon Gilbert,2025-26,22,ATL,1,26,15.9,-0.9,0.0,0.1,.150
Harry Giles,2017-18,,Did not play - injury,,,,,,,
Harry Giles,2018-19,20,SAC,58,820,14.4,-3.0,-0.2,1.0,.056
Harry Giles,2019-20,21,SAC,46,667,16.4,-1.3,0.1,1.6,.112
Harry Giles,2020-21,22,POR,38,348,12.4,-2.9,-0.1,0.5,.069
Harry Giles,2021-22,,Did not play - other pro league,,,,,,,
Harry Giles,2022-23,,Did not play - injury,,,,,,,
Harry Giles,2023-24,25,2TM,23,100,14.8,-4.8,-0.1,0.1,.027
Harry Giles,2023-24,25,BRK,16,81,18.5,-2.8,0.0,0.1,.071
Harry Giles,2023-24,25,LAL,7,19,-1.0,-12.9,-0.1,-0.1,-0.162
Shai Gilgeous-Alexander,2018-19,20,LAC,82,2174,13.4,-0.5,0.8,3.3,.074
Shai Gilgeous-Alexander,2019-20,21,OKC,70,2428,17.7,1.7,2.2,6.1,.121
Shai Gilgeous-Alexander,2020-21,22,OKC,35,1180,21.6,4.1,1.8,3.5,.143
Shai Gilgeous-Alexander,2021-22,23,OKC,56,1942,20.9,3.4,2.7,4.6,.113
Shai Gilgeous-Alexander,2022-23,24,OKC,68,2416,27.2,7.3,5.6,11.4,.226
Shai Gilgeous-Alexander,2023-24,25,OKC,75,2553,29.3,9.0,7.1,14.6,.275
Shai Gilgeous-Alexander,2024-25,26,OKC,76,2598,30.7,11.5,8.9,16.7,.309
Shai Gilgeous-Alexander,2025-26,27,OKC,68,2259,30.8,11.7,7.8,15.2,.323
Anthony Gill,2020-21,28,WAS,26,218,13.7,-1.3,0.0,0.6,.123
Anthony Gill,2021-22,29,WAS,44,463,14.7,-1.9,0.0,1.4,.140
Anthony Gill,2022-23,30,WAS,59,624,11.1,-3.3,-0.2,1.3,.101
Anthony Gill,2023-24,31,WAS,50,466,12.1,-4.1,-0.3,0.4,.038
Anthony Gill,2024-25,32,WAS,51,397,10.2,-4.5,-0.3,0.5,.058
Anthony Gill,2025-26,33,WAS,55,951,13.4,-2.6,-0.2,1.7,.087
Collin Gillespie,2023-24,24,DEN,24,225,11.0,-2.7,0.0,0.4,.076
Collin Gillespie,2024-25,25,PHO,33,461,16.8,2.5,0.5,1.3,.131
Collin Gillespie,2025-26,26,PHO,80,2282,15.3,2.5,2.6,6.2,.130
Jacob Gilyard,2022-23,24,MEM,1,41,7.3,-6.1,0.0,0.1,.079
Jacob Gilyard,2023-24,25,2TM,41,699,11.1,-1.4,0.1,1.4,.095
Jacob Gilyard,2023-24,25,MEM,37,654,11.6,-1.3,0.1,1.4,.103
Jacob Gilyard,2023-24,25,BRK,4,45,4.5,-2.2,0.0,0.0,-0.017
Rudy Gobert,2013-14,21,UTA,45,434,12.9,-2.7,-0.1,0.4,.045
Rudy Gobert,2014-15,22,UTA,82,2158,21.6,4.2,3.4,9.3,.206
Rudy Gobert,2015-16,23,UTA,61,1932,17.5,2.2,2.0,6.4,.160
Rudy Gobert,2016-17,24,UTA,81,2744,23.3,4.4,4.4,14.3,.250
Rudy Gobert,2017-18,25,UTA,56,1816,20.7,3.4,2.5,8.1,.214
Rudy Gobert,2018-19,26,UTA,81,2577,24.6,5.4,4.8,14.4,.268
Rudy Gobert,2019-20,27,UTA,68,2333,21.7,3.6,3.3,10.7,.221
Rudy Gobert,2020-21,28,UTA,71,2187,23.5,4.9,3.8,11.3,.248
Rudy Gobert,2021-22,29,UTA,66,2120,24.7,4.6,3.6,11.7,.264
Rudy Gobert,2022-23,30,MIN,70,2148,18.9,0.7,1.4,7.8,.174
Rudy Gobert,2023-24,31,MIN,76,2593,19.3,1.8,2.5,11.6,.216
Rudy Gobert,2024-25,32,MIN,72,2389,18.3,1.9,2.4,10.1,.204
Rudy Gobert,2025-26,33,MIN,76,2380,17.5,1.0,1.8,8.7,.176
Vladislav Goldin,2025-26,24,MIA,9,24,14.7,-0.5,0.0,0.1,.121
Hugo González,2025-26,19,BOS,74,1084,10.2,-1.5,0.1,2.2,.099
Jordan Goodwin,2021-22,23,WAS,2,6,-20.4,-34.1,0.0,-0.1,-0.533
Jordan Goodwin,2022-23,24,WAS,62,1106,14.8,0.7,0.8,2.2,.097
Jordan Goodwin,2023-24,25,2TM,57,1055,12.6,-1.0,0.3,1.2,.054
Jordan Goodwin,2023-24,25,PHO,40,558,12.5,-0.9,0.2,0.8,.072
Jordan Goodwin,2023-24,25,MEM,17,497,12.7,-1.2,0.1,0.4,.035
Jordan Goodwin,2024-25,26,LAL,29,543,12.1,-0.8,0.2,1.0,.084
Jordan Goodwin,2025-26,27,PHO,70,1572,14.7,1.8,1.5,3.9,.118
Aaron Gordon,2014-15,19,ORL,47,797,11.4,-2.7,-0.2,1.0,.060
Aaron Gordon,2015-16,20,ORL,78,1863,17.0,1.0,1.4,5.4,.139
Aaron Gordon,2016-17,21,ORL,80,2298,14.5,-1.0,0.6,3.7,.077
Aaron Gordon,2017-18,22,ORL,58,1909,16.5,0.3,1.1,2.9,.072
Aaron Gordon,2018-19,23,ORL,78,2633,15.1,0.6,1.7,5.1,.093
Aaron Gordon,2019-20,24,ORL,62,2017,15.1,0.0,1.0,3.7,.087
Aaron Gordon,2020-21,25,2TM,50,1384,14.5,0.1,0.7,1.9,.066
Aaron Gordon,2020-21,25,ORL,25,736,14.9,0.6,0.5,0.6,.037
Aaron Gordon,2020-21,25,DEN,25,648,14.1,-0.4,0.3,1.3,.099
Aaron Gordon,2021-22,26,DEN,75,2376,15.3,-0.6,0.9,5.2,.105
Aaron Gordon,2022-23,27,DEN,68,2055,19.5,2.1,2.1,6.8,.158
Aaron Gordon,2023-24,28,DEN,73,2297,16.8,1.3,1.9,7.1,.148
Aaron Gordon,2024-25,29,DEN,51,1447,17.0,1.2,1.2,4.3,.143
Aaron Gordon,2025-26,30,DEN,36,1005,18.5,1.7,0.9,3.2,.153
Eric Gordon,2008-09,20,LAC,78,2677,14.9,-0.4,1.0,4.6,.082
Eric Gordon,2009-10,21,LAC,62,2229,14.1,-0.9,0.6,3.2,.069
Eric Gordon,2010-11,22,LAC,56,2112,18.5,2.0,2.2,5.3,.120
Eric Gordon,2011-12,23,NOH,9,310,19.2,1.9,0.3,0.7,.115
Eric Gordon,2012-13,24,NOH,42,1264,15.4,-1.3,0.2,1.1,.042
Eric Gordon,2013-14,25,NOP,64,2057,14.9,-0.5,0.8,2.5,.058
Eric Gordon,2014-15,26,NOP,61,2018,12.7,-1.0,0.5,2.9,.069
Eric Gordon,2015-16,27,NOP,45,1481,13.5,-0.1,0.7,2.1,.069
Eric Gordon,2016-17,28,HOU,75,2323,13.2,-0.1,1.1,3.8,.079
Eric Gordon,2017-18,29,HOU,69,2154,15.2,0.4,1.3,4.7,.105
Eric Gordon,2018-19,30,HOU,68,2158,12.2,-1.3,0.4,2.6,.059
Eric Gordon,2019-20,31,HOU,36,1016,10.3,-3.9,-0.5,0.5,.024
Eric Gordon,2020-21,32,HOU,27,789,14.4,-1.0,0.2,0.8,.048
Eric Gordon,2021-22,33,HOU,57,1670,12.1,-2.3,-0.1,1.4,.040
Eric Gordon,2022-23,34,2TM,69,1965,11.8,-1.9,0.1,2.3,.056
Eric Gordon,2022-23,34,HOU,47,1418,11.4,-2.6,-0.2,1.1,.037
Eric Gordon,2022-23,34,LAC,22,547,13.1,0.0,0.3,1.2,.105
Eric Gordon,2023-24,35,PHO,68,1893,10.8,-1.7,0.1,2.5,.063
Eric Gordon,2024-25,36,PHI,39,768,10.8,-1.6,0.1,0.9,.053
Eric Gordon,2025-26,37,PHI,6,74,14.4,2.4,0.1,0.2,.116
Jazian Gortman,2024-25,21,DAL,16,57,6.5,-6.3,-0.1,-0.1,-0.056
Devonte' Graham,2018-19,23,CHO,46,676,10.3,-4.0,-0.3,0.5,.035
Devonte' Graham,2019-20,24,CHO,63,2211,15.8,0.5,1.4,3.4,.073
Devonte' Graham,2020-21,25,CHO,55,1659,14.6,0.7,1.1,3.4,.099
Devonte' Graham,2021-22,26,NOP,76,2162,12.1,-1.0,0.5,2.8,.062
Devonte' Graham,2022-23,27,2TM,73,1338,12.5,-0.1,0.6,2.5,.091
Devonte' Graham,2022-23,27,NOP,53,811,11.8,0.2,0.4,1.8,.105
Devonte' Graham,2022-23,27,SAS,20,527,13.6,-0.4,0.2,0.8,.069
Devonte' Graham,2023-24,28,SAS,23,313,9.4,-3.9,-0.1,0.1,.018
Jerami Grant,2014-15,20,PHI,65,1377,8.7,-3.3,-0.5,0.5,.019
Jerami Grant,2015-16,21,PHI,77,2066,12.6,-1.7,0.1,2.1,.050
Jerami Grant,2016-17,22,2TM,80,1531,10.1,-1.3,0.3,2.9,.091
Jerami Grant,2016-17,22,PHI,2,41,3.0,-8.3,-0.1,-0.1,-0.144
Jerami Grant,2016-17,22,OKC,78,1490,10.3,-1.1,0.4,3.0,.098
Jerami Grant,2017-18,23,OKC,81,1647,16.2,0.3,1.0,5.4,.156
Jerami Grant,2018-19,24,OKC,80,2612,13.8,0.2,1.5,7.3,.134
Jerami Grant,2019-20,25,DEN,71,1892,14.4,-0.5,0.7,4.4,.111
Jerami Grant,2020-21,26,DET,54,1829,16.9,1.1,1.4,3.2,.083
Jerami Grant,2021-22,27,DET,47,1500,16.1,1.2,1.2,2.3,.075
Jerami Grant,2022-23,28,POR,63,2246,16.0,-0.2,1.0,4.1,.087
Jerami Grant,2023-24,29,POR,54,1830,15.4,-0.1,0.9,2.7,.071
Jerami Grant,2024-25,30,POR,47,1524,10.9,-1.6,0.1,1.8,.057
Jerami Grant,2025-26,31,POR,57,1695,15.4,0.0,0.9,4.0,.114
Hayden Gray,2025-26,22,UTA,1,25,9.4,-5.3,0.0,0.0,.044
RaiQuan Gray,2021-22,,Did not play - other pro league,,,,,,,
RaiQuan Gray,2022-23,23,BRK,1,35,15.5,-2.0,0.0,0.1,.106
RaiQuan Gray,2023-24,24,SAS,3,39,22.7,7.4,0.1,0.2,.187
A.J. Green,2022-23,23,MIL,35,345,11.5,-0.9,0.1,0.8,.111
A.J. Green,2023-24,24,MIL,56,614,10.5,-2.1,0.0,1.1,.084
A.J. Green,2024-25,25,MIL,73,1659,9.2,-2.2,-0.1,2.8,.082
A.J. Green,2025-26,26,MIL,78,2270,9.4,-3.3,-0.8,2.4,.050
Danny Green,2009-10,22,CLE,20,115,12.3,-0.2,0.1,0.2,.083
Danny Green,2010-11,23,SAS,8,92,13.2,-0.6,0.0,0.1,.076
Danny Green,2011-12,24,SAS,66,1522,15.5,3.0,1.9,4.5,.142
Danny Green,2012-13,25,SAS,80,2201,14.1,2.8,2.7,5.9,.128
Danny Green,2013-14,26,SAS,68,1651,13.9,3.2,2.2,4.2,.122
Danny Green,2014-15,27,SAS,81,2312,16.5,4.6,3.8,7.8,.163
Danny Green,2015-16,28,SAS,79,2062,10.5,1.1,1.6,4.2,.099
Danny Green,2016-17,29,SAS,68,1807,10.1,0.8,1.3,3.4,.090
Danny Green,2017-18,30,SAS,70,1791,11.3,0.4,1.1,2.9,.078
Danny Green,2018-19,31,TOR,80,2216,13.0,2.0,2.2,5.9,.128
Danny Green,2019-20,32,LAL,68,1687,10.8,0.5,1.1,3.4,.096
Danny Green,2020-21,33,PHI,69,1934,12.1,1.9,1.9,4.6,.115
Danny Green,2021-22,34,PHI,62,1353,9.5,-0.5,0.5,1.9,.067
Danny Green,2022-23,35,2TM,11,138,10.8,-1.9,0.0,0.2,.059
Danny Green,2022-23,35,MEM,3,43,-0.2,-8.8,-0.1,-0.1,-0.061
Danny Green,2022-23,35,CLE,8,95,15.8,1.2,0.1,0.2,.114
Danny Green,2023-24,36,PHI,2,18,0.7,-6.6,0.0,0.0,-0.035
Draymond Green,2012-13,22,GSW,79,1061,7.1,-3.6,-0.4,0.6,.028
Draymond Green,2013-14,23,GSW,82,1797,12.7,1.9,1.8,4.5,.119
Draymond Green,2014-15,24,GSW,79,2490,16.4,3.5,3.5,8.5,.163
Draymond Green,2015-16,25,GSW,81,2808,19.3,5.5,5.3,11.1,.190
Draymond Green,2016-17,26,GSW,76,2471,16.5,4.9,4.3,8.2,.160
Draymond Green,2017-18,27,GSW,70,2287,16.1,2.8,2.8,6.1,.127
Draymond Green,2018-19,28,GSW,66,2065,12.9,1.4,1.8,4.3,.100
Draymond Green,2019-20,29,GSW,43,1222,12.5,-0.2,0.5,1.1,.044
Draymond Green,2020-21,30,GSW,63,1982,13.3,1.7,1.9,4.6,.112
Draymond Green,2021-22,31,GSW,46,1329,14.3,3.2,1.8,3.6,.131
Draymond Green,2022-23,32,GSW,73,2297,12.2,0.8,1.6,4.7,.098
Draymond Green,2023-24,33,GSW,55,1490,14.5,2.4,1.6,3.6,.116
Draymond Green,2024-25,34,GSW,68,1983,12.4,0.5,1.3,3.7,.088
Draymond Green,2025-26,35,GSW,68,1869,10.4,-1.4,0.3,1.7,.044
Jalen Green,2021-22,19,HOU,67,2138,12.5,-2.9,-0.5,0.7,.015
Jalen Green,2022-23,20,HOU,76,2602,14.5,-2.1,0.0,1.8,.034
Jalen Green,2023-24,21,HOU,82,2601,14.7,-0.5,1.0,3.1,.056
Jalen Green,2024-25,22,HOU,82,2697,15.1,0.5,1.7,5.1,.092
Jalen Green,2025-26,23,PHO,32,828,14.8,-1.1,0.2,0.3,.019
JaMychal Green,2014-15,24,2TM,24,164,14.9,-1.3,0.0,0.4,.119
JaMychal Green,2014-15,24,SAS,4,25,9.9,-4.2,0.0,0.0,.071
JaMychal Green,2014-15,24,MEM,20,139,15.8,-0.7,0.0,0.4,.127
JaMychal Green,2015-16,25,MEM,78,1446,14.6,-2.5,-0.2,2.6,.086
JaMychal Green,2016-17,26,MEM,77,2101,13.5,-0.8,0.6,5.8,.132
JaMychal Green,2017-18,27,MEM,55,1542,14.0,-2.3,-0.1,2.6,.079
JaMychal Green,2018-19,28,2TM,65,1371,14.7,-1.7,0.1,2.9,.101
JaMychal Green,2018-19,28,MEM,41,900,14.9,-1.8,0.1,1.8,.094
JaMychal Green,2018-19,28,LAC,24,471,14.3,-1.5,0.1,1.1,.113
JaMychal Green,2019-20,29,LAC,63,1307,11.1,-0.5,0.5,3.1,.115
JaMychal Green,2020-21,30,DEN,58,1120,13.6,-1.5,0.1,2.6,.110
JaMychal Green,2021-22,31,DEN,67,1085,14.1,-1.8,0.0,2.7,.118
JaMychal Green,2022-23,32,GSW,57,797,15.5,-0.5,0.3,2.2,.133
JaMychal Green,2023-24,,Did not play - unsigned,,,,,,,
Javonte Green,2019-20,26,BOS,48,468,13.1,-0.7,0.2,1.1,.113
Javonte Green,2020-21,27,2TM,41,473,12.1,-0.5,0.2,1.1,.107
Javonte Green,2020-21,27,BOS,25,345,11.8,-0.5,0.1,0.8,.105
Javonte Green,2020-21,27,CHI,16,128,13.1,-0.6,0.0,0.3,.114
Javonte Green,2021-22,28,CHI,65,1519,14.0,0.1,0.8,4.4,.139
Javonte Green,2022-23,29,CHI,32,480,14.5,1.4,0.4,1.4,.142
Javonte Green,2023-24,30,CHI,9,230,20.2,2.0,0.2,0.9,.180
Javonte Green,2024-25,31,2TM,68,1258,10.7,-2.3,-0.1,1.6,.063
Javonte Green,2024-25,31,NOP,50,1092,10.8,-2.2,0.0,1.4,.063
Javonte Green,2024-25,31,CLE,18,166,10.2,-3.1,0.0,0.2,.063
Javonte Green,2025-26,32,DET,82,1446,14.1,2.1,1.5,4.7,.156
Jeff Green,2007-08,21,SEA,80,2253,9.8,-4.1,-1.2,0.2,.003
Jeff Green,2008-09,22,OKC,78,2873,13.9,-1.2,0.6,4.2,.070
Jeff Green,2009-10,23,OKC,82,3043,13.8,0.2,1.7,6.6,.105
Jeff Green,2010-11,24,2TM,75,2427,12.9,-1.1,0.5,4.8,.095
Jeff Green,2010-11,24,OKC,49,1815,12.9,-1.2,0.3,3.3,.087
Jeff Green,2010-11,24,BOS,26,612,12.9,-0.7,0.2,1.5,.118
Jeff Green,2011-12,,Did not play - illness,,,,,,,
Jeff Green,2012-13,26,BOS,81,2252,15.0,-0.3,1.0,4.7,.099
Jeff Green,2013-14,27,BOS,82,2805,13.1,-1.5,0.3,3.3,.057
Jeff Green,2014-15,28,2TM,78,2454,14.4,-0.2,1.2,5.2,.101
Jeff Green,2014-15,28,BOS,33,1093,14.6,-1.1,0.3,2.0,.089
Jeff Green,2014-15,28,MEM,45,1361,14.2,0.6,0.9,3.1,.111
Jeff Green,2015-16,29,2TM,80,2253,13.0,-1.8,0.1,3.1,.065
Jeff Green,2015-16,29,MEM,53,1544,13.4,-1.4,0.2,2.2,.067
Jeff Green,2015-16,29,LAC,27,709,12.0,-2.5,-0.1,0.9,.061
Jeff Green,2016-17,30,ORL,69,1534,10.5,-3.6,-0.6,0.7,.022
Jeff Green,2017-18,31,CLE,78,1828,14.8,-1.8,0.1,3.9,.103
Jeff Green,2018-19,32,WAS,77,2097,13.6,-1.4,0.3,3.6,.083
Jeff Green,2019-20,33,2TM,48,960,13.7,-0.1,0.5,2.1,.104
Jeff Green,2019-20,33,UTA,30,553,10.0,-2.1,0.0,0.5,.046
Jeff Green,2019-20,33,HOU,18,407,18.6,2.6,0.5,1.5,.183
Jeff Green,2020-21,34,BRK,68,1835,13.0,-0.8,0.5,4.1,.107
Jeff Green,2021-22,35,DEN,75,1849,12.5,-2.5,-0.2,3.9,.101
Jeff Green,2022-23,36,DEN,56,1091,11.0,-3.4,-0.4,1.7,.074
Jeff Green,2023-24,37,HOU,78,1307,11.3,-2.1,0.0,2.6,.095
Jeff Green,2024-25,38,HOU,32,396,13.6,0.4,0.2,1.3,.159
Jeff Green,2025-26,39,HOU,30,175,8.5,-5.6,-0.2,0.2,.054
Josh Green,2020-21,20,DAL,39,445,8.8,-3.6,-0.2,0.5,.050
Josh Green,2021-22,21,DAL,67,1039,11.9,-1.0,0.3,2.4,.111
Josh Green,2022-23,22,DAL,60,1539,11.2,-2.4,-0.2,2.6,.082
Josh Green,2023-24,23,DAL,57,1505,9.9,-2.7,-0.3,2.2,.071
Josh Green,2024-25,24,CHO,68,1887,7.8,-4.3,-1.1,1.5,.037
Josh Green,2025-26,25,CHO,58,908,9.7,-0.7,0.3,1.9,.099
AJ Griffin,2022-23,19,ATL,72,1401,12.6,-0.8,0.4,2.2,.075
AJ Griffin,2023-24,20,ATL,20,171,1.2,-9.6,-0.3,-0.4,-0.120
Quentin Grimes,2021-22,21,NYK,46,786,10.7,-0.3,0.3,1.4,.087
Quentin Grimes,2022-23,22,NYK,71,2121,11.7,-0.1,1.0,4.8,.108
Quentin Grimes,2023-24,23,2TM,51,1025,8.9,-2.2,-0.1,1.3,.060
Quentin Grimes,2023-24,23,NYK,45,910,9.5,-1.5,0.1,1.5,.081
Quentin Grimes,2023-24,23,DET,6,115,3.9,-8.1,-0.2,-0.3,-0.109
Quentin Grimes,2024-25,24,2TM,75,2013,15.9,0.4,1.2,3.4,.081
Quentin Grimes,2024-25,24,DAL,47,1070,13.3,-0.3,0.5,1.7,.078
Quentin Grimes,2024-25,24,PHI,28,943,18.8,1.2,0.8,1.6,.083
Quentin Grimes,2025-26,25,PHI,75,2206,12.9,-1.6,0.2,3.6,.078
Mouhamadou Gueye,2023-24,25,TOR,11,120,4.6,-11.9,-0.3,-0.4,-0.147
Mouhamadou Gueye,2025-26,27,CHI,2,45,12.8,-3.9,0.0,0.1,.086
Mouhamed Gueye,2023-24,21,ATL,6,73,15.0,-1.5,0.0,0.2,.127
Mouhamed Gueye,2024-25,22,ATL,33,533,14.4,-0.6,0.2,1.2,.106
Mouhamed Gueye,2025-26,23,ATL,77,1179,12.0,-1.3,0.2,2.7,.110
Rui Hachimura,2019-20,21,WAS,48,1444,13.5,-3.2,-0.4,1.8,.060
Rui Hachimura,2020-21,22,WAS,57,1797,11.4,-3.1,-0.5,2.1,.056
Rui Hachimura,2021-22,23,WAS,42,943,14.9,-1.4,0.1,1.4,.073
Rui Hachimura,2022-23,24,2TM,63,1466,13.2,-2.2,-0.1,1.8,.060
Rui Hachimura,2022-23,24,WAS,30,728,13.6,-2.6,-0.1,0.6,.038
Rui Hachimura,2022-23,24,LAL,33,738,12.7,-1.9,0.0,1.2,.081
Rui Hachimura,2023-24,25,LAL,68,1826,15.0,-0.9,0.5,4.1,.108
Rui Hachimura,2024-25,26,LAL,59,1869,13.6,-0.7,0.6,4.3,.110
Rui Hachimura,2025-26,27,LAL,68,1927,11.6,-2.2,-0.1,3.2,.080
Ashton Hagans,2020-21,21,MIN,2,4,-12.4,-21.1,0.0,0.0,-0.353
Ashton Hagans,2021-22,,Did not play - other pro league,,,,,,,
Ashton Hagans,2022-23,,Did not play - other pro league,,,,,,,
Ashton Hagans,2023-24,24,POR,19,316,8.5,-3.5,-0.1,0.0,.006
Tyrese Haliburton,2020-21,20,SAC,58,1746,16.2,1.4,1.5,3.5,.096
Tyrese Haliburton,2021-22,21,2TM,77,2695,18.2,2.6,3.1,7.0,.125
Tyrese Haliburton,2021-22,21,SAC,51,1757,17.0,2.6,2.0,4.0,.109
Tyrese Haliburton,2021-22,21,IND,26,938,20.5,2.8,1.1,3.0,.156
Tyrese Haliburton,2022-23,22,IND,56,1883,23.6,7.2,4.4,7.6,.195
Tyrese Haliburton,2023-24,23,IND,69,2224,23.3,6.9,5.0,9.0,.195
Tyrese Haliburton,2024-25,24,IND,73,2451,21.8,5.8,4.9,10.4,.204
Jordan Hall,2022-23,21,SAS,9,83,5.5,-7.6,-0.1,-0.1,-0.077
Jordan Hall,2023-24,,Did not play - other pro league,,,,,,,
PJ Hall,2024-25,22,DEN,19,66,18.3,-1.3,0.0,0.2,.168
PJ Hall,2025-26,23,2TM,19,214,15.9,-2.3,0.0,0.6,.125
PJ Hall,2025-26,23,MEM,7,27,18.9,1.8,0.0,0.1,.151
PJ Hall,2025-26,23,CHO,12,187,15.4,-2.9,0.0,0.5,.121
R.J. Hampton,2020-21,19,2TM,51,888,11.1,-3.8,-0.4,0.4,.021
R.J. Hampton,2020-21,19,DEN,25,233,7.7,-5.3,-0.2,0.1,.030
R.J. Hampton,2020-21,19,ORL,26,655,12.3,-3.3,-0.2,0.2,.018
R.J. Hampton,2021-22,20,ORL,64,1402,8.5,-4.1,-0.7,-0.2,-0.005
R.J. Hampton,2022-23,21,2TM,47,750,10.8,-2.9,-0.2,0.7,.042
R.J. Hampton,2022-23,21,ORL,26,361,12.5,-1.2,0.1,0.6,.077
R.J. Hampton,2022-23,21,DET,21,389,9.3,-4.4,-0.2,0.1,.010
R.J. Hampton,2023-24,22,MIA,8,76,0.9,-9.5,-0.1,-0.1,-0.038
Yang Hansen,2025-26,20,POR,43,300,3.7,-9.5,-0.6,-0.5,-0.075
Tim Hardaway Jr.,2013-14,21,NYK,81,1875,12.7,-1.8,0.1,3.1,.080
Tim Hardaway Jr.,2014-15,22,NYK,70,1681,12.1,-2.8,-0.3,0.8,.023
Tim Hardaway Jr.,2015-16,23,ATL,51,864,11.7,-0.9,0.2,1.9,.105
Tim Hardaway Jr.,2016-17,24,ATL,79,2154,15.2,0.5,1.4,4.8,.107
Tim Hardaway Jr.,2017-18,25,NYK,57,1885,14.4,-0.6,0.7,2.6,.067
Tim Hardaway Jr.,2018-19,26,2TM,65,2057,13.6,-2.0,0.0,1.8,.043
Tim Hardaway Jr.,2018-19,26,NYK,46,1499,14.4,-1.6,0.2,1.5,.048
Tim Hardaway Jr.,2018-19,26,DAL,19,558,11.6,-3.2,-0.2,0.4,.030
Tim Hardaway Jr.,2019-20,27,DAL,71,2091,14.5,-0.1,1.0,4.4,.102
Tim Hardaway Jr.,2020-21,28,DAL,70,1985,15.7,0.4,1.2,4.3,.105
Tim Hardaway Jr.,2021-22,29,DAL,42,1245,12.7,-0.2,0.6,2.0,.077
Tim Hardaway Jr.,2022-23,30,DAL,71,2152,12.1,-1.8,0.1,2.3,.051
Tim Hardaway Jr.,2023-24,31,DAL,79,2120,12.1,-2.9,-0.5,2.2,.050
Tim Hardaway Jr.,2024-25,32,DET,77,2153,9.8,-2.1,0.0,3.5,.077
Tim Hardaway Jr.,2025-26,33,DEN,80,2127,13.5,-0.7,0.7,4.4,.100
James Harden,2009-10,20,OKC,76,1738,14.0,0.5,1.1,4.5,.124
James Harden,2010-11,21,OKC,82,2189,16.4,1.9,2.2,7.1,.156
James Harden,2011-12,22,OKC,62,1946,21.1,4.3,3.1,9.3,.230
James Harden,2012-13,23,HOU,78,2985,22.9,5.6,5.8,12.8,.206
James Harden,2013-14,24,HOU,73,2777,23.5,5.6,5.3,12.8,.221
James Harden,2014-15,25,HOU,81,2981,26.7,8.8,8.1,16.4,.265
James Harden,2015-16,26,HOU,82,3125,25.3,6.6,6.8,13.3,.204
James Harden,2016-17,27,HOU,81,2947,27.4,8.7,8.0,15.0,.245
James Harden,2017-18,28,HOU,72,2551,29.8,9.9,7.7,15.4,.289
James Harden,2018-19,29,HOU,78,2867,30.6,11.0,9.3,15.2,.254
James Harden,2019-20,30,HOU,68,2483,29.1,9.6,7.3,13.1,.254
James Harden,2020-21,31,2TM,44,1609,24.5,7.2,3.7,7.0,.208
James Harden,2020-21,31,HOU,8,290,22.4,4.8,0.5,1.0,.159
James Harden,2020-21,31,BRK,36,1319,25.0,7.7,3.2,6.0,.219
James Harden,2021-22,32,2TM,65,2419,20.9,4.0,3.7,7.6,.152
James Harden,2021-22,32,BRK,44,1627,20.4,4.1,2.5,4.4,.130
James Harden,2021-22,32,PHI,21,792,21.8,3.8,1.2,3.3,.197
James Harden,2022-23,33,PHI,58,2135,21.6,5.4,4.0,8.4,.188
James Harden,2023-24,34,LAC,72,2470,18.6,4.1,3.8,8.4,.163
James Harden,2024-25,35,LAC,79,2789,20.0,4.3,4.4,8.3,.143
James Harden,2025-26,36,2TM,70,2438,20.7,3.9,3.6,7.7,.151
James Harden,2025-26,36,LAC,44,1559,21.7,3.8,2.3,4.8,.148
James Harden,2025-26,36,CLE,26,879,18.9,4.0,1.3,2.9,.158
Jaden Hardy,2022-23,20,DAL,48,708,14.6,-2.3,0.0,0.7,.048
Jaden Hardy,2023-24,21,DAL,73,989,11.2,-4.1,-0.5,0.3,.014
Jaden Hardy,2024-25,22,DAL,57,907,10.4,-4.7,-0.6,-0.3,-0.016
Jaden Hardy,2025-26,23,2TM,57,898,10.9,-4.8,-0.6,-0.2,-0.010
Jaden Hardy,2025-26,23,DAL,34,428,10.6,-3.8,-0.2,0.1,.012
Jaden Hardy,2025-26,23,WAS,23,470,11.1,-5.7,-0.4,-0.3,-0.030
Elijah Harkless,2024-25,24,UTA,10,138,7.8,-3.8,-0.1,0.1,.023
Elijah Harkless,2025-26,25,UTA,26,545,9.1,-5.6,-0.5,0.1,.005
Dylan Harper,2025-26,19,SAS,69,1558,16.2,1.4,1.3,4.2,.130
Ron Harper Jr.,2022-23,22,TOR,9,48,15.7,1.2,0.0,0.2,.158
Ron Harper Jr.,2023-24,23,TOR,1,4,0.0,-8.8,0.0,0.0,.087
Ron Harper Jr.,2024-25,24,DET,1,17,7.9,-14.7,0.0,0.0,-0.060
Ron Harper Jr.,2025-26,25,BOS,29,318,13.1,1.1,0.3,0.8,.119
Montrezl Harrell,2015-16,22,HOU,39,379,14.6,-0.6,0.1,0.9,.118
Montrezl Harrell,2016-17,23,HOU,58,1064,19.2,1.0,0.8,4.1,.183
Montrezl Harrell,2017-18,24,LAC,76,1293,24.7,3.3,1.7,5.5,.205
Montrezl Harrell,2018-19,25,LAC,82,2158,23.4,3.3,2.9,8.7,.193
Montrezl Harrell,2019-20,26,LAC,63,1749,23.2,2.9,2.2,7.0,.191
Montrezl Harrell,2020-21,27,LAL,69,1580,22.7,3.0,2.0,7.3,.221
Montrezl Harrell,2021-22,28,2TM,71,1641,23.2,3.9,2.4,7.3,.213
Montrezl Harrell,2021-22,28,WAS,46,1117,23.9,4.8,1.9,5.1,.218
Montrezl Harrell,2021-22,28,CHO,25,524,21.7,1.8,0.5,2.2,.203
Montrezl Harrell,2022-23,29,PHI,57,681,17.6,-1.3,0.1,2.2,.153
Montrezl Harrell,2023-24,,Did not play - injury,,,,,,,
Gary Harris,2014-15,20,DEN,55,719,4.9,-5.3,-0.6,-0.7,-0.046
Gary Harris,2015-16,21,DEN,76,2439,12.7,-0.9,0.7,4.0,.079
Gary Harris,2016-17,22,DEN,57,1782,16.5,0.7,1.2,4.6,.124
Gary Harris,2017-18,23,DEN,67,2304,16.5,0.8,1.7,5.5,.114
Gary Harris,2018-19,24,DEN,57,1639,12.2,-1.6,0.2,2.6,.076
Gary Harris,2019-20,25,DEN,56,1780,9.7,-2.5,-0.2,1.9,.052
Gary Harris,2020-21,26,2TM,39,1080,9.1,-4.2,-0.6,0.7,.033
Gary Harris,2020-21,26,DEN,19,581,9.3,-2.8,-0.1,0.8,.065
Gary Harris,2020-21,26,ORL,20,499,9.0,-5.8,-0.5,0.0,-0.005
Gary Harris,2021-22,27,ORL,61,1730,10.9,-2.4,-0.2,2.2,.060
Gary Harris,2022-23,28,ORL,48,1184,10.5,-0.7,0.4,2.3,.095
Gary Harris,2023-24,29,ORL,54,1297,9.4,-1.2,0.3,2.7,.099
Gary Harris,2024-25,30,ORL,48,711,6.9,-2.7,-0.1,1.0,.067
Gary Harris,2025-26,31,MIL,48,661,8.0,-2.5,-0.1,0.7,.054
Joe Harris,2014-15,23,CLE,51,493,5.6,-5.6,-0.4,0.2,.018
Joe Harris,2015-16,24,CLE,5,15,3.4,-5.9,0.0,0.0,-0.032
Joe Harris,2016-17,25,BRK,52,1138,9.0,-3.5,-0.4,0.8,.032
Joe Harris,2017-18,26,BRK,78,1975,13.3,0.1,1.0,4.0,.097
Joe Harris,2018-19,27,BRK,76,2293,13.5,0.5,1.4,5.5,.116
Joe Harris,2019-20,28,BRK,69,2123,13.3,-0.2,1.0,4.3,.097
Joe Harris,2020-21,29,BRK,69,2141,14.1,0.4,1.3,5.2,.117
Joe Harris,2021-22,30,BRK,14,423,9.6,-1.4,0.1,0.5,.060
Joe Harris,2022-23,31,BRK,74,1527,10.6,-1.1,0.3,2.6,.083
Joe Harris,2023-24,32,DET,16,170,4.6,-5.9,-0.2,0.0,.001
Kevon Harris,2022-23,25,ORL,34,457,9.2,-3.6,-0.2,0.6,.065
Kevon Harris,2023-24,26,ORL,2,6,11.1,-15.8,0.0,0.0,.038
Tobias Harris,2011-12,19,MIL,42,479,14.2,-1.9,0.0,0.9,.087
Tobias Harris,2012-13,20,2TM,55,1299,16.0,-0.5,0.5,2.4,.089
Tobias Harris,2012-13,20,MIL,28,325,13.0,-2.1,0.0,0.5,.080
Tobias Harris,2012-13,20,ORL,27,974,17.0,0.0,0.5,1.9,.092
Tobias Harris,2013-14,21,ORL,61,1850,16.5,-0.7,0.6,4.1,.107
Tobias Harris,2014-15,22,ORL,68,2369,16.7,0.5,1.5,4.8,.098
Tobias Harris,2015-16,23,2TM,76,2513,16.2,1.5,2.2,6.6,.126
Tobias Harris,2015-16,23,ORL,49,1610,15.0,0.6,1.0,3.3,.099
Tobias Harris,2015-16,23,DET,27,903,18.2,3.1,1.2,3.3,.174
Tobias Harris,2016-17,24,DET,82,2567,16.9,1.6,2.3,6.8,.128
Tobias Harris,2017-18,25,2TM,80,2668,17.1,1.9,2.6,6.7,.120
Tobias Harris,2017-18,25,DET,48,1563,16.7,1.7,1.5,4.1,.125
Tobias Harris,2017-18,25,LAC,32,1105,17.7,2.1,1.2,2.6,.112
Tobias Harris,2018-19,26,2TM,82,2847,17.2,1.6,2.6,7.1,.120
Tobias Harris,2018-19,26,LAC,55,1903,18.2,2.4,2.1,5.0,.127
Tobias Harris,2018-19,26,PHI,27,944,15.3,-0.1,0.5,2.1,.105
Tobias Harris,2019-20,27,PHI,72,2469,17.2,0.8,1.8,6.2,.121
Tobias Harris,2020-21,28,PHI,62,2014,20.0,3.7,2.9,7.1,.170
Tobias Harris,2021-22,29,PHI,73,2543,15.9,0.0,1.3,5.6,.105
Tobias Harris,2022-23,30,PHI,74,2436,14.8,0.7,1.7,5.9,.116
Tobias Harris,2023-24,31,PHI,70,2368,16.5,0.9,1.7,5.9,.121
Tobias Harris,2024-25,32,DET,73,2306,13.9,0.1,1.2,5.2,.108
Tobias Harris,2025-26,33,DET,63,1746,15.0,1.4,1.5,5.3,.145
Shaquille Harrison,2017-18,24,PHO,23,384,15.6,-0.7,0.1,0.8,.094
Shaquille Harrison,2018-19,25,CHI,73,1430,12.4,-1.3,0.2,1.4,.048
Shaquille Harrison,2019-20,26,CHI,43,484,17.8,2.8,0.6,1.5,.153
Shaquille Harrison,2020-21,27,2TM,34,333,6.8,-4.1,-0.2,0.2,.030
Shaquille Harrison,2020-21,27,UTA,17,56,6.5,-6.7,-0.1,0.0,-0.033
Shaquille Harrison,2020-21,27,DEN,17,277,6.9,-3.6,-0.1,0.2,.042
Shaquille Harrison,2021-22,28,BRK,2,23,4.6,-8.3,0.0,0.0,-0.067
Shaquille Harrison,2022-23,29,POR,5,120,17.9,0.1,0.1,0.3,.137
Shaquille Harrison,2023-24,30,MEM,3,6,15.9,4.6,0.0,0.0,.090
Josh Hart,2017-18,22,LAL,63,1461,12.2,-0.1,0.7,3.4,.111
Josh Hart,2018-19,23,LAL,67,1715,9.3,-1.3,0.3,2.1,.059
Josh Hart,2019-20,24,NOP,65,1755,11.9,-0.7,0.6,3.1,.085
Josh Hart,2020-21,25,NOP,47,1349,12.2,-0.8,0.4,2.7,.097
Josh Hart,2021-22,26,2TM,54,1791,16.1,0.9,1.3,4.4,.117
Josh Hart,2021-22,26,NOP,41,1374,15.2,0.7,0.9,3.4,.119
Josh Hart,2021-22,26,POR,13,417,19.4,1.8,0.4,1.0,.112
Josh Hart,2022-23,27,2TM,76,2454,14.1,0.9,1.8,6.0,.118
Josh Hart,2022-23,27,POR,51,1704,12.7,-0.2,0.8,3.2,.091
Josh Hart,2022-23,27,NYK,25,750,17.1,3.4,1.0,2.8,.179
Josh Hart,2023-24,28,NYK,81,2707,11.8,0.0,1.4,5.7,.100
Josh Hart,2024-25,29,NYK,77,2897,16.5,2.8,3.6,9.2,.153
Josh Hart,2025-26,30,NYK,66,1994,15.7,3.0,2.5,6.1,.147
Isaiah Hartenstein,2018-19,20,HOU,28,221,10.0,-3.9,-0.1,0.5,.101
Isaiah Hartenstein,2019-20,21,HOU,23,266,18.6,0.3,0.2,1.1,.190
Isaiah Hartenstein,2020-21,22,2TM,46,559,17.9,-0.9,0.2,1.6,.134
Isaiah Hartenstein,2020-21,22,DEN,30,272,15.5,-3.7,-0.1,0.7,.115
Isaiah Hartenstein,2020-21,22,CLE,16,287,20.3,1.7,0.3,0.9,.151
Isaiah Hartenstein,2021-22,23,LAC,68,1216,22.0,4.5,2.0,5.5,.215
Isaiah Hartenstein,2022-23,24,NYK,82,1626,14.2,-0.3,0.7,4.6,.136
Isaiah Hartenstein,2023-24,25,NYK,75,1896,18.9,3.5,2.6,8.1,.204
Isaiah Hartenstein,2024-25,26,OKC,57,1590,18.9,3.2,2.1,6.8,.205
Isaiah Hartenstein,2025-26,27,OKC,47,1137,19.8,4.2,1.8,5.3,.223
Sam Hauser,2021-22,24,BOS,26,158,14.8,2.3,0.2,0.6,.171
Sam Hauser,2022-23,25,BOS,80,1290,12.7,1.0,1.0,3.4,.128
Sam Hauser,2023-24,26,BOS,79,1741,13.0,1.2,1.4,4.9,.134
Sam Hauser,2024-25,27,BOS,71,1541,12.8,0.8,1.1,4.4,.136
Sam Hauser,2025-26,28,BOS,78,1934,11.9,0.6,1.3,5.0,.124
Jordan Hawkins,2023-24,21,NOP,67,1160,10.2,-3.1,-0.3,1.3,.053
Jordan Hawkins,2024-25,22,NOP,56,1321,9.6,-5.4,-1.2,-0.5,-0.020
Jordan Hawkins,2025-26,23,NOP,51,692,7.6,-6.2,-0.7,-0.4,-0.029
Jaxson Hayes,2019-20,19,NOP,64,1080,17.6,-0.3,0.5,3.9,.171
Jaxson Hayes,2020-21,20,NOP,60,964,19.1,0.6,0.6,3.5,.176
Jaxson Hayes,2021-22,21,NOP,70,1398,18.5,0.2,0.8,5.1,.174
Jaxson Hayes,2022-23,22,NOP,47,610,13.7,-1.2,0.1,1.5,.118
Jaxson Hayes,2023-24,23,LAL,70,877,14.0,-1.9,0.0,2.5,.135
Jaxson Hayes,2024-25,24,LAL,56,1093,15.8,-0.3,0.5,3.7,.162
Jaxson Hayes,2025-26,25,LAL,66,1207,18.3,1.2,1.0,5.0,.199
Killian Hayes,2020-21,19,DET,26,670,5.3,-7.2,-0.9,-1.1,-0.081
Killian Hayes,2021-22,20,DET,66,1647,9.3,-3.5,-0.6,0.5,.014
Killian Hayes,2022-23,21,DET,76,2154,10.2,-3.8,-1.0,-0.5,-0.012
Killian Hayes,2023-24,22,DET,42,1008,10.5,-2.7,-0.2,0.7,.032
Killian Hayes,2024-25,23,BRK,6,162,12.7,-0.6,0.1,0.3,.095
Killian Hayes,2025-26,24,SAC,23,406,8.8,-6.0,-0.4,-0.3,-0.031
Nigel Hayes-Davis,2017-18,23,3TM,9,122,6.4,-3.8,-0.1,-0.1,-0.034
Nigel Hayes-Davis,2017-18,23,LAL,2,11,9.8,-1.7,0.0,0.0,.069
Nigel Hayes-Davis,2017-18,23,TOR,2,6,34.9,18.2,0.0,0.0,.018
Nigel Hayes-Davis,2017-18,23,SAC,5,105,4.4,-5.2,-0.1,-0.1,-0.048
Nigel Hayes-Davis,2018-19,,Did not play - other pro league,,,,,,,
Nigel Hayes-Davis,2019-20,,Did not play - other pro league,,,,,,,
Nigel Hayes-Davis,2020-21,,Did not play - other pro league,,,,,,,
Nigel Hayes-Davis,2021-22,,Did not play - other pro league,,,,,,,
Nigel Hayes-Davis,2022-23,,Did not play - other pro league,,,,,,,
Nigel Hayes-Davis,2023-24,,Did not play - other pro league,,,,,,,
Nigel Hayes-Davis,2024-25,,Did not play - other pro league,,,,,,,
Nigel Hayes-Davis,2025-26,31,PHO,27,195,4.2,-7.3,-0.3,-0.1,-0.023
Gordon Hayward,2010-11,20,UTA,72,1218,10.7,-2.2,-0.1,1.2,.048
Gordon Hayward,2011-12,21,UTA,66,2015,15.5,1.5,1.8,4.9,.116
Gordon Hayward,2012-13,22,UTA,72,2104,16.8,2.0,2.1,5.4,.123
Gordon Hayward,2013-14,23,UTA,77,2800,16.2,0.8,2.0,3.6,.062
Gordon Hayward,2014-15,24,UTA,76,2618,20.2,4.0,4.0,8.7,.159
Gordon Hayward,2015-16,25,UTA,80,2893,18.3,2.6,3.3,8.9,.147
Gordon Hayward,2016-17,26,UTA,73,2516,22.2,5.0,4.5,10.4,.199
Gordon Hayward,2017-18,27,BOS,1,5,7.3,-7.4,0.0,0.0,.056
Gordon Hayward,2018-19,28,BOS,72,1863,15.6,0.8,1.3,4.9,.126
Gordon Hayward,2019-20,29,BOS,52,1740,18.1,2.7,2.0,5.7,.158
Gordon Hayward,2020-21,30,CHO,44,1496,17.6,1.6,1.4,3.5,.114
Gordon Hayward,2021-22,31,CHO,49,1564,15.1,-0.7,0.5,2.8,.087
Gordon Hayward,2022-23,32,CHO,50,1577,13.5,-1.4,0.2,2.0,.059
Gordon Hayward,2023-24,33,2TM,51,1245,12.8,-2.1,0.0,1.5,.058
Gordon Hayward,2023-24,33,CHO,25,798,14.2,-1.8,0.0,0.7,.041
Gordon Hayward,2023-24,33,OKC,26,447,10.3,-2.6,-0.1,0.8,.088
Scoot Henderson,2023-24,19,POR,62,1765,9.5,-5.8,-1.7,-1.7,-0.045
Scoot Henderson,2024-25,20,POR,66,1759,12.5,-2.2,-0.1,1.8,.049
Scoot Henderson,2025-26,21,POR,30,748,12.9,-2.2,0.0,1.0,.064
Taylor Hendricks,2023-24,20,UTA,40,856,11.8,-1.6,0.1,1.2,.070
Taylor Hendricks,2024-25,21,UTA,3,75,7.1,-3.5,0.0,0.0,-0.008
Taylor Hendricks,2025-26,22,2TM,59,1118,12.2,-2.4,-0.1,1.1,.049
Taylor Hendricks,2025-26,22,UTA,33,492,10.2,-3.5,-0.2,0.4,.034
Taylor Hendricks,2025-26,22,MEM,26,626,13.7,-1.5,0.1,0.8,.061
Chucky Hepburn,2025-26,22,TOR,2,13,-13.5,-23.8,-0.1,-0.1,-0.441
Juancho Hernangómez,2016-17,21,DEN,62,842,13.4,-0.1,0.4,1.8,.104
Juancho Hernangómez,2017-18,22,DEN,25,277,9.7,-3.3,-0.1,0.4,.061
Juancho Hernangómez,2018-19,23,DEN,70,1358,11.0,-1.1,0.3,3.0,.105
Juancho Hernangómez,2019-20,24,2TM,48,833,10.4,-3.4,-0.3,0.9,.052
Juancho Hernangómez,2019-20,24,DEN,34,422,6.9,-5.2,-0.3,0.1,.007
Juancho Hernangómez,2019-20,24,MIN,14,411,14.1,-1.5,0.1,0.8,.098
Juancho Hernangómez,2020-21,25,MIN,52,900,12.1,-2.9,-0.2,1.1,.060
Juancho Hernangómez,2021-22,26,3TM,40,445,11.5,-0.6,0.2,0.9,.095
Juancho Hernangómez,2021-22,26,BOS,18,96,3.8,-8.3,-0.2,-0.1,-0.050
Juancho Hernangómez,2021-22,26,SAS,5,51,9.0,-2.5,0.0,0.1,.055
Juancho Hernangómez,2021-22,26,UTA,17,298,14.5,2.2,0.3,0.9,.149
Juancho Hernangómez,2022-23,27,TOR,42,614,7.6,-3.3,-0.2,0.7,.053
Juancho Hernangómez,2023-24,,Did not play - other pro league,,,,,,,
Willy Hernangómez,2015-16,,Did not play - other pro league,,,,,,,
Willy Hernangómez,2016-17,22,NYK,72,1324,19.0,-0.3,0.6,3.4,.123
Willy Hernangómez,2017-18,23,2TM,48,495,21.2,1.4,0.4,1.8,.173
Willy Hernangómez,2017-18,23,NYK,26,233,16.9,-0.3,0.1,0.3,.069
Willy Hernangómez,2017-18,23,CHO,22,262,25.0,2.8,0.3,1.5,.266
Willy Hernangómez,2018-19,24,CHO,58,812,20.4,-0.1,0.4,2.6,.153
Willy Hernangómez,2019-20,25,CHO,31,375,19.2,0.1,0.2,0.8,.107
Willy Hernangómez,2020-21,26,NOP,47,846,19.6,0.0,0.4,2.9,.163
Willy Hernangómez,2021-22,27,NOP,50,839,22.2,0.2,0.5,3.2,.180
Willy Hernangómez,2022-23,28,NOP,38,458,20.7,0.3,0.3,1.6,.171
Willy Hernangómez,2023-24,,Did not play - other pro league,,,,,,,
Tyler Herro,2019-20,20,MIA,55,1508,12.5,-1.6,0.1,1.6,.050
Tyler Herro,2020-21,21,MIA,54,1635,13.3,-1.3,0.3,1.7,.049
Tyler Herro,2021-22,22,MIA,66,2151,16.2,0.7,1.5,3.8,.084
Tyler Herro,2022-23,23,MIA,67,2337,15.3,0.6,1.6,3.5,.072
Tyler Herro,2023-24,24,MIA,42,1407,15.7,0.8,1.0,2.0,.068
Tyler Herro,2024-25,25,MIA,77,2725,19.7,3.1,3.5,7.4,.131
Tyler Herro,2025-26,26,MIA,33,1033,17.1,2.0,1.1,2.4,.112
Buddy Hield,2016-17,24,2TM,82,1888,11.8,-2.0,0.0,1.3,.032
Buddy Hield,2016-17,24,NOP,57,1161,9.9,-2.8,-0.2,0.5,.020
Buddy Hield,2016-17,24,SAC,25,727,14.9,-0.8,0.2,0.8,.053
Buddy Hield,2017-18,25,SAC,80,2024,16.1,1.0,1.5,2.8,.067
Buddy Hield,2018-19,26,SAC,82,2615,17.5,2.1,2.7,5.9,.108
Buddy Hield,2019-20,27,SAC,72,2216,16.0,1.1,1.7,3.0,.064
Buddy Hield,2020-21,28,SAC,71,2433,12.8,-0.6,0.9,2.2,.044
Buddy Hield,2021-22,29,2TM,81,2499,12.9,-1.2,0.5,1.9,.036
Buddy Hield,2021-22,29,SAC,55,1574,11.9,-1.3,0.3,0.7,.023
Buddy Hield,2021-22,29,IND,26,925,14.5,-1.1,0.2,1.1,.059
Buddy Hield,2022-23,30,IND,80,2482,15.4,1.9,2.4,4.4,.085
Buddy Hield,2023-24,31,2TM,84,2160,13.3,0.4,1.3,3.5,.077
Buddy Hield,2023-24,31,IND,52,1336,13.1,0.2,0.7,2.0,.070
Buddy Hield,2023-24,31,PHI,32,824,13.6,0.8,0.6,1.5,.088
Buddy Hield,2024-25,32,GSW,82,1863,12.3,-1.0,0.5,2.8,.073
Buddy Hield,2025-26,33,2TM,51,819,12.8,-1.0,0.2,1.0,.060
Buddy Hield,2025-26,33,GSW,44,768,12.6,-1.0,0.2,1.0,.061
Buddy Hield,2025-26,33,ATL,7,51,16.5,-1.1,0.0,0.0,.044
Haywood Highsmith,2018-19,22,PHI,5,40,4.5,-8.2,-0.1,0.0,-0.023
Haywood Highsmith,2019-20,,Did not play - other pro league,,,,,,,
Haywood Highsmith,2020-21,,Did not play - other pro league,,,,,,,
Haywood Highsmith,2021-22,25,MIA,19,163,7.0,-4.6,-0.1,0.1,.041
Haywood Highsmith,2022-23,26,MIA,54,969,8.5,-3.1,-0.3,0.9,.046
Haywood Highsmith,2023-24,27,MIA,66,1366,11.1,-0.7,0.5,3.1,.108
Haywood Highsmith,2024-25,28,MIA,74,1818,9.9,-1.9,0.1,3.3,.088
Haywood Highsmith,2025-26,29,PHO,7,91,17.6,3.8,0.1,0.5,.238
Malcolm Hill,2021-22,26,2TM,19,212,12.7,-1.6,0.0,0.6,.126
Malcolm Hill,2021-22,26,ATL,3,46,19.0,3.8,0.1,0.2,.252
Malcolm Hill,2021-22,26,CHI,16,166,11.0,-3.1,0.0,0.3,.091
Malcolm Hill,2022-23,27,CHI,5,9,15.4,2.4,0.0,0.0,.125
Malcolm Hill,2023-24,,Did not play - other pro league,,,,,,,
Blake Hinson,2025-26,26,UTA,14,285,16.5,-0.6,0.1,0.7,.112
Nate Hinton,2020-21,21,DAL,21,93,10.4,-3.4,0.0,0.0,-0.015
Nate Hinton,2021-22,22,IND,2,2,-45.2,-42.6,0.0,-0.1,-1.231
Nate Hinton,2022-23,,Did not play - other pro league,,,,,,,
Nate Hinton,2023-24,24,HOU,15,75,17.6,3.6,0.1,0.3,.187
D'Moi Hodge,2023-24,25,LAL,7,41,6.1,-6.3,0.0,0.0,-0.019
Aaron Holiday,2018-19,22,IND,50,646,11.9,-1.6,0.1,0.9,.065
Aaron Holiday,2019-20,23,IND,66,1617,11.6,-1.6,0.2,2.1,.063
Aaron Holiday,2020-21,24,IND,66,1176,9.2,-4.2,-0.7,0.2,.009
Aaron Holiday,2021-22,25,2TM,63,1021,12.6,-1.7,0.1,1.5,.068
Aaron Holiday,2021-22,25,WAS,41,663,11.3,-2.1,0.0,0.5,.038
Aaron Holiday,2021-22,25,PHO,22,358,14.9,-0.8,0.1,0.9,.125
Aaron Holiday,2022-23,26,ATL,63,845,9.4,-2.0,0.0,0.9,.053
Aaron Holiday,2023-24,27,HOU,78,1269,11.5,-1.5,0.2,2.5,.094
Aaron Holiday,2024-25,28,HOU,62,792,12.2,-0.2,0.3,2.0,.122
Aaron Holiday,2025-26,29,HOU,57,781,10.1,-2.4,-0.1,1.4,.088
Jrue Holiday,2009-10,19,PHI,73,1767,12.3,-1.7,0.1,1.2,.032
Jrue Holiday,2010-11,20,PHI,82,2901,15.4,0.8,2.0,5.7,.094
Jrue Holiday,2011-12,21,PHI,65,2196,14.7,0.4,1.3,4.2,.092
Jrue Holiday,2012-13,22,PHI,78,2926,16.7,0.5,1.9,3.3,.055
Jrue Holiday,2013-14,23,NOP,34,1143,17.1,0.4,0.7,1.5,.064
Jrue Holiday,2014-15,24,NOP,40,1303,18.8,2.8,1.6,3.4,.124
Jrue Holiday,2015-16,25,NOP,65,1831,19.7,2.1,1.9,3.4,.089
Jrue Holiday,2016-17,26,NOP,67,2190,17.1,1.3,1.8,3.8,.084
Jrue Holiday,2017-18,27,NOP,81,2927,17.8,1.6,2.7,7.1,.116
Jrue Holiday,2018-19,28,NOP,67,2402,19.4,3.0,3.1,5.4,.108
Jrue Holiday,2019-20,29,NOP,61,2117,17.0,1.8,2.0,3.9,.088
Jrue Holiday,2020-21,30,MIL,59,1907,20.0,3.4,2.6,6.6,.165
Jrue Holiday,2021-22,31,MIL,67,2208,19.8,3.2,2.9,6.9,.150
Jrue Holiday,2022-23,32,MIL,67,2183,19.2,3.1,2.8,6.7,.148
Jrue Holiday,2023-24,33,BOS,69,2263,14.4,2.1,2.4,6.3,.133
Jrue Holiday,2024-25,34,BOS,62,1896,13.5,0.7,1.3,5.1,.130
Jrue Holiday,2025-26,35,POR,53,1560,16.4,1.9,1.6,3.6,.109
Justin Holiday,2012-13,23,PHI,9,142,7.6,-5.0,-0.1,-0.1,-0.042
Justin Holiday,2013-14,,Did not play - other pro league,,,,,,,
Justin Holiday,2014-15,25,GSW,59,657,12.1,-1.4,0.1,1.3,.092
Justin Holiday,2015-16,26,2TM,53,773,9.4,-3.1,-0.2,0.6,.040
Justin Holiday,2015-16,26,ATL,26,263,4.7,-5.6,-0.2,-0.1,-0.021
Justin Holiday,2015-16,26,CHI,27,510,11.8,-1.9,0.0,0.8,.072
Justin Holiday,2016-17,27,NYK,82,1639,12.7,-0.3,0.7,2.5,.073
Justin Holiday,2017-18,28,CHI,72,2265,10.8,-1.9,0.0,1.7,.036
Justin Holiday,2018-19,29,2TM,82,2607,10.0,-1.8,0.1,2.1,.038
Justin Holiday,2018-19,29,CHI,38,1325,11.0,-0.3,0.6,1.3,.047
Justin Holiday,2018-19,29,MEM,44,1282,8.9,-3.4,-0.5,0.8,.029
Justin Holiday,2019-20,30,IND,73,1826,12.1,1.3,1.5,4.2,.112
Justin Holiday,2020-21,31,IND,72,2183,10.4,-1.0,0.6,3.1,.069
Justin Holiday,2021-22,32,2TM,74,2057,9.5,-2.2,-0.1,1.4,.033
Justin Holiday,2021-22,32,IND,49,1416,10.3,-1.7,0.1,1.4,.047
Justin Holiday,2021-22,32,SAC,25,641,7.9,-3.4,-0.2,0.0,.004
Justin Holiday,2022-23,33,2TM,46,706,6.6,-3.9,-0.3,0.1,.008
Justin Holiday,2022-23,33,ATL,28,411,6.1,-3.7,-0.2,0.1,.007
Justin Holiday,2022-23,33,DAL,18,295,7.4,-4.1,-0.2,0.1,.009
Justin Holiday,2023-24,34,DEN,58,862,9.7,-1.6,0.1,1.8,.101
Ron Holland,2024-25,19,DET,81,1266,11.1,-3.0,-0.3,1.8,.067
Ron Holland,2025-26,20,DET,78,1551,11.7,-2.0,0.0,2.8,.087
DaRon Holmes,2025-26,23,DEN,25,210,13.4,-0.5,0.1,0.4,.103
Richaun Holmes,2015-16,22,PHI,51,702,15.9,-1.5,0.1,1.5,.103
Richaun Holmes,2016-17,23,PHI,57,1193,18.6,1.0,0.9,3.8,.151
Richaun Holmes,2017-18,24,PHI,48,746,17.4,1.1,0.6,2.8,.183
Richaun Holmes,2018-19,25,PHO,70,1184,20.7,0.6,0.8,4.3,.173
Richaun Holmes,2019-20,26,SAC,44,1242,19.7,1.0,0.9,4.9,.190
Richaun Holmes,2020-21,27,SAC,61,1782,20.2,0.6,1.2,6.1,.165
Richaun Holmes,2021-22,28,SAC,45,1074,17.8,-0.5,0.4,3.2,.145
Richaun Holmes,2022-23,29,SAC,42,348,12.9,-2.9,-0.1,0.8,.113
Richaun Holmes,2023-24,30,2TM,40,555,14.5,-3.3,-0.2,1.3,.114
Richaun Holmes,2023-24,30,DAL,23,237,13.9,-3.0,-0.1,0.6,.119
Richaun Holmes,2023-24,30,WAS,17,318,14.9,-3.4,-0.1,0.7,.110
Richaun Holmes,2024-25,31,WAS,31,534,19.8,1.1,0.4,2.0,.178
Chet Holmgren,2022-23,,Did not play - injury,,,,,,,
Chet Holmgren,2023-24,21,OKC,82,2413,20.4,3.4,3.3,8.9,.178
Chet Holmgren,2024-25,22,OKC,32,877,19.2,2.4,1.0,3.2,.173
Chet Holmgren,2025-26,23,OKC,69,1997,21.6,4.2,3.1,9.1,.219
Jalen Hood-Schifino,2023-24,20,LAL,21,109,-1.5,-16.1,-0.4,-0.5,-0.222
Jalen Hood-Schifino,2024-25,21,2TM,15,315,7.9,-6.9,-0.4,-0.1,-0.015
Jalen Hood-Schifino,2024-25,21,LAL,2,14,11.5,-2.4,0.0,0.0,.156
Jalen Hood-Schifino,2024-25,21,PHI,13,301,7.7,-7.1,-0.4,-0.1,-0.023
Al Horford,2007-08,21,ATL,81,2540,14.7,-1.6,0.3,5.5,.103
Al Horford,2008-09,22,ATL,67,2242,17.0,1.7,2.1,6.8,.145
Al Horford,2009-10,23,ATL,81,2845,19.4,2.3,3.1,10.9,.183
Al Horford,2010-11,24,ATL,77,2704,20.7,3.6,3.9,10.1,.179
Al Horford,2011-12,25,ATL,11,348,19.0,3.4,0.5,1.3,.180
Al Horford,2012-13,26,ATL,74,2756,19.8,1.9,2.7,8.8,.153
Al Horford,2013-14,27,ATL,29,958,22.0,3.0,1.2,2.8,.141
Al Horford,2014-15,28,ATL,76,2318,21.4,4.1,3.6,8.7,.179
Al Horford,2015-16,29,ATL,82,2631,19.4,3.8,3.9,9.4,.172
Al Horford,2016-17,30,BOS,68,2193,17.7,3.4,3.0,6.3,.138
Al Horford,2017-18,31,BOS,72,2277,17.6,4.4,3.7,7.8,.165
Al Horford,2018-19,32,BOS,68,1973,20.2,5.1,3.6,7.5,.181
Al Horford,2019-20,33,PHI,67,2025,15.7,2.2,2.2,5.4,.128
Al Horford,2020-21,34,OKC,28,782,17.4,3.4,1.1,1.6,.101
Al Horford,2021-22,35,BOS,69,2005,16.7,4.3,3.2,7.6,.181
Al Horford,2022-23,36,BOS,63,1922,13.8,3.3,2.5,6.3,.157
Al Horford,2023-24,37,BOS,65,1740,15.0,3.6,2.5,6.2,.172
Al Horford,2024-25,38,BOS,60,1659,12.9,1.2,1.3,4.4,.129
Al Horford,2025-26,39,GSW,45,969,14.7,1.6,0.9,2.1,.105
Talen Horton-Tucker,2019-20,19,LAL,6,81,12.3,-2.1,0.0,0.1,.070
Talen Horton-Tucker,2020-21,20,LAL,65,1304,12.9,-1.2,0.3,2.1,.078
Talen Horton-Tucker,2021-22,21,LAL,60,1511,11.0,-3.3,-0.5,1.1,.033
Talen Horton-Tucker,2022-23,22,UTA,65,1313,13.7,-1.6,0.2,0.8,.029
Talen Horton-Tucker,2023-24,23,UTA,51,1009,13.4,-1.2,0.2,0.8,.039
Talen Horton-Tucker,2024-25,24,CHI,58,724,13.8,-2.4,-0.1,1.1,.075
Danuel House Jr.,2016-17,23,WAS,1,1,12.2,0.9,0.0,0.0,.163
Danuel House Jr.,2017-18,24,PHO,23,403,12.4,-1.6,0.0,0.6,.066
Danuel House Jr.,2018-19,25,HOU,39,979,12.2,-0.5,0.4,2.3,.113
Danuel House Jr.,2019-20,26,HOU,63,1913,11.3,-0.7,0.6,3.6,.091
Danuel House Jr.,2020-21,27,HOU,36,932,9.1,-3.5,-0.3,0.5,.026
Danuel House Jr.,2021-22,28,3TM,42,727,10.6,-1.1,0.2,1.0,.068
Danuel House Jr.,2021-22,28,HOU,16,233,6.8,-5.6,-0.2,-0.2,-0.049
Danuel House Jr.,2021-22,28,NYK,1,3,-13.4,-20.4,0.0,0.0,-0.342
Danuel House Jr.,2021-22,28,UTA,25,491,12.5,1.2,0.4,1.3,.125
Danuel House Jr.,2022-23,29,PHI,56,807,9.4,-3.0,-0.2,1.3,.075
Danuel House Jr.,2023-24,30,PHI,34,509,8.5,-4.0,-0.3,0.7,.066
Caleb Houstan,2022-23,20,ORL,51,812,6.2,-4.0,-0.4,0.7,.039
Caleb Houstan,2023-24,21,ORL,59,815,8.3,-1.9,0.0,1.5,.089
Caleb Houstan,2024-25,22,ORL,58,788,9.4,-2.2,0.0,1.8,.109
Caleb Houstan,2025-26,23,ATL,18,75,16.4,0.3,0.0,0.2,.160
Jett Howard,2023-24,20,ORL,18,67,8.6,-1.8,0.0,0.0,.005
Jett Howard,2024-25,21,ORL,60,701,7.1,-5.3,-0.6,0.1,.010
Jett Howard,2025-26,22,ORL,55,695,11.2,-1.8,0.0,1.3,.087
Trevor Hudgins,2022-23,23,HOU,5,28,4.2,-8.4,0.0,0.0,-0.035
Trevor Hudgins,2023-24,,Did not play - other pro league,,,,,,,
Kevin Huerter,2018-19,20,ATL,75,2048,10.1,-2.4,-0.2,1.5,.034
Kevin Huerter,2019-20,21,ATL,56,1760,11.5,-1.6,0.2,1.6,.043
Kevin Huerter,2020-21,22,ATL,69,2126,12.2,-0.3,1.0,3.6,.080
Kevin Huerter,2021-22,23,ATL,74,2188,11.9,-1.2,0.4,2.8,.062
Kevin Huerter,2022-23,24,SAC,75,2203,15.2,1.0,1.7,4.9,.107
Kevin Huerter,2023-24,25,SAC,64,1562,12.4,-0.8,0.5,2.9,.089
Kevin Huerter,2024-25,26,2TM,69,1679,11.3,-2.0,0.0,1.9,.054
Kevin Huerter,2024-25,26,SAC,43,899,10.6,-2.3,-0.1,0.8,.044
Kevin Huerter,2024-25,26,CHI,26,780,12.0,-1.5,0.1,1.1,.066
Kevin Huerter,2025-26,27,2TM,69,1549,13.2,-0.6,0.6,2.5,.078
Kevin Huerter,2025-26,27,CHI,44,1037,13.2,-1.0,0.3,1.3,.060
Kevin Huerter,2025-26,27,DET,25,512,13.4,0.3,0.3,1.2,.114
Jay Huff,2021-22,23,LAL,4,20,0.6,-7.4,0.0,0.0,-0.117
Jay Huff,2022-23,24,WAS,7,95,22.3,4.0,0.1,0.5,.261
Jay Huff,2023-24,25,DEN,20,49,18.5,1.3,0.0,0.2,.212
Jay Huff,2024-25,26,MEM,64,748,18.2,3.5,1.1,2.5,.162
Jay Huff,2025-26,27,IND,82,1719,15.2,0.4,1.1,3.2,.089
Ariel Hukporti,2024-25,22,NYK,25,217,7.6,-5.6,-0.2,0.1,.020
Ariel Hukporti,2025-26,23,NYK,54,498,11.9,-2.3,0.0,1.2,.115
De'Andre Hunter,2019-20,22,ATL,63,2018,8.6,-4.7,-1.4,0.1,.002
De'Andre Hunter,2020-21,23,ATL,23,678,15.7,1.2,0.5,1.7,.123
De'Andre Hunter,2021-22,24,ATL,53,1577,10.6,-3.9,-0.8,1.1,.034
De'Andre Hunter,2022-23,25,ATL,67,2126,11.5,-3.3,-0.7,2.5,.057
De'Andre Hunter,2023-24,26,ATL,57,1681,12.7,-2.4,-0.2,2.2,.062
De'Andre Hunter,2024-25,27,2TM,64,1740,15.9,0.4,1.0,4.4,.122
De'Andre Hunter,2024-25,27,ATL,37,1064,15.8,-0.4,0.4,2.2,.100
De'Andre Hunter,2024-25,27,CLE,27,676,16.2,1.6,0.6,2.2,.157
De'Andre Hunter,2025-26,28,2TM,45,1176,11.4,-3.9,-0.6,1.1,.044
De'Andre Hunter,2025-26,28,CLE,43,1125,12.1,-3.4,-0.4,1.3,.056
De'Andre Hunter,2025-26,28,SAC,2,51,-3.4,-16.5,-0.2,-0.2,-0.225
CJ Huntley,2025-26,24,PHO,4,40,10.9,-4.4,0.0,0.1,.099
Matthew Hurt,2023-24,23,MEM,8,113,8.4,-3.7,-0.1,0.1,.031
Bones Hyland,2021-22,21,DEN,69,1310,14.4,-0.4,0.5,2.4,.088
Bones Hyland,2022-23,22,2TM,56,1085,14.9,-0.8,0.3,1.4,.062
Bones Hyland,2022-23,22,DEN,42,820,14.5,-0.8,0.3,0.9,.051
Bones Hyland,2022-23,22,LAC,14,265,16.4,-0.9,0.1,0.5,.094
Bones Hyland,2023-24,23,LAC,37,540,10.8,-3.6,-0.2,0.0,.003
Bones Hyland,2024-25,24,2TM,24,239,16.0,2.7,0.3,0.5,.095
Bones Hyland,2024-25,24,LAC,20,222,16.4,3.1,0.3,0.4,.090
Bones Hyland,2024-25,24,MIN,4,17,11.1,-3.2,0.0,0.1,.165
Bones Hyland,2025-26,25,MIN,71,1177,15.1,1.7,1.1,3.1,.126
Serge Ibaka,2008-09,,Did not play - other pro league,,,,,,,
Serge Ibaka,2009-10,20,OKC,73,1323,15.2,-1.5,0.2,3.7,.134
Serge Ibaka,2010-11,21,OKC,82,2216,17.7,0.5,1.4,7.6,.164
Serge Ibaka,2011-12,22,OKC,66,1792,19.0,2.3,1.9,6.2,.167
Serge Ibaka,2012-13,23,OKC,80,2486,19.4,1.5,2.2,9.4,.181
Serge Ibaka,2013-14,24,OKC,81,2666,19.6,1.7,2.5,9.6,.173
Serge Ibaka,2014-15,25,OKC,64,2116,16.6,0.9,1.6,5.6,.127
Serge Ibaka,2015-16,26,OKC,78,2500,13.9,-0.6,0.8,5.5,.105
Serge Ibaka,2016-17,27,2TM,79,2422,16.4,0.1,1.2,5.1,.101
Serge Ibaka,2016-17,27,ORL,56,1710,17.5,0.7,1.2,3.8,.108
Serge Ibaka,2016-17,27,TOR,23,712,13.8,-1.5,0.1,1.3,.085
Serge Ibaka,2017-18,28,TOR,76,2093,14.7,-0.1,1.0,5.1,.117
Serge Ibaka,2018-19,29,TOR,74,2010,18.7,0.2,1.2,6.1,.146
Serge Ibaka,2019-20,30,TOR,55,1485,17.3,0.1,0.8,3.9,.126
Serge Ibaka,2020-21,31,LAC,41,955,18.2,1.4,0.8,3.0,.150
Serge Ibaka,2021-22,32,2TM,54,877,14.4,-1.5,0.1,2.0,.108
Serge Ibaka,2021-22,32,LAC,35,538,14.9,-1.0,0.1,1.1,.096
Serge Ibaka,2021-22,32,MIL,19,339,13.7,-2.4,0.0,0.9,.128
Serge Ibaka,2022-23,33,MIL,16,185,9.8,-4.5,-0.1,0.2,.058
Serge Ibaka,2023-24,,Did not play - other pro league,,,,,,,
Oso Ighodaro,2024-25,22,PHO,61,1045,11.1,-2.6,-0.2,1.6,.075
Oso Ighodaro,2025-26,23,PHO,82,1808,13.8,0.1,0.9,4.7,.125
Joe Ingles,2014-15,27,UTA,79,1673,9.6,-1.2,0.3,2.2,.062
Joe Ingles,2015-16,28,UTA,81,1241,10.3,0.2,0.7,2.3,.089
Joe Ingles,2016-17,29,UTA,82,1972,12.4,1.6,1.8,5.0,.123
Joe Ingles,2017-18,30,UTA,82,2578,14.4,2.3,2.8,7.6,.141
Joe Ingles,2018-19,31,UTA,82,2568,13.4,1.4,2.2,6.0,.113
Joe Ingles,2019-20,32,UTA,72,2137,12.6,0.7,1.5,4.8,.108
Joe Ingles,2020-21,33,UTA,67,1867,15.9,3.5,2.6,7.0,.180
Joe Ingles,2021-22,34,UTA,45,1122,10.0,-0.3,0.5,2.2,.094
Joe Ingles,2022-23,35,MIL,46,1044,10.7,-0.7,0.3,2.3,.107
Joe Ingles,2023-24,36,ORL,68,1169,10.6,-0.5,0.5,2.6,.108
Joe Ingles,2024-25,37,MIN,19,114,2.4,-7.0,-0.1,-0.1,-0.035
Joe Ingles,2025-26,38,MIN,27,153,13.0,0.2,0.1,0.4,.120
Brandon Ingram,2016-17,19,LAL,79,2279,8.5,-4.4,-1.4,-0.3,-0.007
Brandon Ingram,2017-18,20,LAL,59,1975,13.8,-1.2,0.4,2.8,.068
Brandon Ingram,2018-19,21,LAL,52,1760,13.4,-2.0,0.0,2.0,.055
Brandon Ingram,2019-20,22,NOP,62,2104,18.8,2.1,2.2,5.1,.115
Brandon Ingram,2020-21,23,NOP,61,2093,19.2,2.2,2.2,5.3,.120
Brandon Ingram,2021-22,24,NOP,55,1869,18.7,2.0,1.9,3.9,.099
Brandon Ingram,2022-23,25,NOP,45,1538,19.2,1.7,1.5,3.5,.108
Brandon Ingram,2023-24,26,NOP,64,2103,18.2,1.2,1.7,5.1,.117
Brandon Ingram,2024-25,27,NOP,18,595,16.0,-0.3,0.3,0.0,.001
Brandon Ingram,2025-26,28,TOR,77,2604,16.3,0.5,1.7,4.6,.084
Harrison Ingram,2024-25,22,SAS,5,35,10.9,-1.2,0.0,0.1,.093
Harrison Ingram,2025-26,23,SAS,7,26,15.8,2.3,0.0,0.1,.178
Kyrie Irving,2011-12,19,CLE,51,1558,21.4,4.1,2.4,4.1,.125
Kyrie Irving,2012-13,20,CLE,59,2048,21.4,3.7,3.0,5.3,.125
Kyrie Irving,2013-14,21,CLE,71,2496,20.1,3.4,3.3,6.7,.128
Kyrie Irving,2014-15,22,CLE,75,2730,21.5,4.1,4.2,10.4,.183
Kyrie Irving,2015-16,23,CLE,53,1667,19.9,2.3,1.8,5.0,.143
Kyrie Irving,2016-17,24,CLE,72,2525,23.0,3.4,3.4,8.9,.170
Kyrie Irving,2017-18,25,BOS,60,1931,25.0,7.3,4.5,8.9,.222
Kyrie Irving,2018-19,26,BOS,67,2214,24.3,7.2,5.1,9.1,.197
Kyrie Irving,2019-20,27,BRK,20,658,26.2,7.7,1.6,2.9,.210
Kyrie Irving,2020-21,28,BRK,54,1886,24.4,5.5,3.6,7.4,.189
Kyrie Irving,2021-22,29,BRK,29,1091,21.4,3.0,1.4,3.3,.147
Kyrie Irving,2022-23,30,2TM,60,2241,22.4,4.1,3.5,7.4,.159
Kyrie Irving,2022-23,30,BRK,40,1478,21.6,3.8,2.2,4.3,.140
Kyrie Irving,2022-23,30,DAL,20,763,24.0,4.9,1.3,3.1,.198
Kyrie Irving,2023-24,31,DAL,58,2030,21.9,4.9,3.6,6.9,.163
Kyrie Irving,2024-25,32,DAL,50,1804,19.9,3.4,2.5,4.6,.124
Jonathan Isaac,2017-18,20,ORL,27,536,9.8,-1.4,0.1,0.2,.021
Jonathan Isaac,2018-19,21,ORL,75,1996,13.0,-0.4,0.8,4.0,.096
Jonathan Isaac,2019-20,22,ORL,34,980,17.3,2.3,1.1,2.5,.120
Jonathan Isaac,2020-21,,Did not play - injury,,,,,,,
Jonathan Isaac,2021-22,,Did not play - injury,,,,,,,
Jonathan Isaac,2022-23,25,ORL,11,124,20.3,4.0,0.2,0.3,.130
Jonathan Isaac,2023-24,26,ORL,58,914,19.2,3.8,1.4,3.6,.188
Jonathan Isaac,2024-25,27,ORL,71,1090,16.6,0.7,0.7,3.4,.148
Jonathan Isaac,2025-26,28,ORL,52,521,11.5,-1.6,0.1,0.9,.085
Jaden Ivey,2022-23,20,DET,74,2304,12.1,-3.3,-0.7,0.0,-0.001
Jaden Ivey,2023-24,21,DET,77,2217,12.4,-3.1,-0.6,0.5,.010
Jaden Ivey,2024-25,22,DET,30,898,14.7,0.0,0.5,1.2,.062
Jaden Ivey,2025-26,23,2TM,37,670,13.0,0.0,0.3,1.3,.096
Jaden Ivey,2025-26,23,DET,33,555,12.6,0.1,0.3,1.1,.093
Jaden Ivey,2025-26,23,CHI,4,115,14.9,0.0,0.1,0.3,.110
Andre Jackson Jr.,2023-24,22,MIL,57,572,8.5,-3.6,-0.2,1.0,.081
Andre Jackson Jr.,2024-25,23,MIL,67,980,8.6,-3.4,-0.3,1.2,.059
Andre Jackson Jr.,2025-26,24,MIL,48,408,6.8,-7.1,-0.5,-0.4,-0.047
Frank Jackson,2017-18,,Did not play - injury,,,,,,,
Frank Jackson,2018-19,20,NOP,61,1169,9.4,-4.6,-0.8,0.4,.018
Frank Jackson,2019-20,21,NOP,59,797,9.1,-5.5,-0.7,0.2,.010
Frank Jackson,2020-21,22,DET,40,738,13.2,-1.7,0.1,1.2,.076
Frank Jackson,2021-22,23,DET,53,1164,10.6,-3.5,-0.4,0.7,.031
Frank Jackson,2022-23,24,UTA,1,5,-6.8,-22.2,0.0,0.0,-0.378
Frank Jackson,2023-24,,Did not play - other pro league,,,,,,,
GG Jackson II,2023-24,19,MEM,48,1233,13.7,-2.0,0.0,1.2,.048
GG Jackson II,2024-25,20,MEM,29,459,9.3,-5.3,-0.4,0.1,.009
GG Jackson II,2025-26,21,MEM,55,1178,15.6,-1.2,0.2,1.3,.052
Isaiah Jackson,2021-22,20,IND,36,541,20.5,-1.6,0.0,1.4,.126
Isaiah Jackson,2022-23,21,IND,63,1042,17.5,-0.8,0.3,2.7,.124
Isaiah Jackson,2023-24,22,IND,59,771,21.5,1.7,0.7,3.3,.204
Isaiah Jackson,2024-25,23,IND,5,84,18.2,0.8,0.1,0.3,.153
Isaiah Jackson,2025-26,24,2TM,55,908,17.3,-1.2,0.2,2.6,.139
Isaiah Jackson,2025-26,24,IND,38,638,15.2,-2.7,-0.1,1.4,.107
Isaiah Jackson,2025-26,24,LAC,17,270,22.2,2.6,0.3,1.2,.213
Jaren Jackson Jr.,2018-19,19,MEM,58,1515,16.4,-0.3,0.7,3.3,.105
Jaren Jackson Jr.,2019-20,20,MEM,57,1622,16.3,0.4,1.0,3.5,.103
Jaren Jackson Jr.,2020-21,21,MEM,11,258,18.0,0.1,0.1,0.7,.123
Jaren Jackson Jr.,2021-22,22,MEM,78,2126,17.0,-0.1,1.0,5.4,.121
Jaren Jackson Jr.,2022-23,23,MEM,63,1787,21.6,2.8,2.2,6.6,.177
Jaren Jackson Jr.,2023-24,24,MEM,66,2124,17.4,0.4,1.3,3.0,.067
Jaren Jackson Jr.,2024-25,25,MEM,74,2207,19.6,2.3,2.4,6.4,.139
Jaren Jackson Jr.,2025-26,26,2TM,48,1454,15.7,-0.6,0.5,1.4,.047
Jaren Jackson Jr.,2025-26,26,MEM,45,1382,15.4,-0.8,0.4,1.3,.046
Jaren Jackson Jr.,2025-26,26,UTA,3,72,23.2,4.6,0.1,0.1,.082
Justin Jackson,2017-18,22,SAC,68,1506,9.2,-3.5,-0.6,1.0,.031
Justin Jackson,2018-19,23,2TM,81,1614,11.3,-1.6,0.2,2.9,.086
Justin Jackson,2018-19,23,SAC,52,1083,10.1,-1.9,0.0,1.6,.072
Justin Jackson,2018-19,23,DAL,29,531,13.9,-1.0,0.1,1.3,.114
Justin Jackson,2019-20,24,DAL,65,1045,9.5,-3.4,-0.4,1.2,.054
Justin Jackson,2020-21,25,2TM,34,577,10.4,-3.5,-0.2,0.2,.018
Justin Jackson,2020-21,25,OKC,33,544,10.7,-3.2,-0.2,0.2,.019
Justin Jackson,2020-21,25,MIL,1,33,5.8,-8.0,0.0,0.0,.006
Justin Jackson,2021-22,26,2TM,7,37,7.7,-3.3,0.0,0.0,.032
Justin Jackson,2021-22,26,BOS,1,2,22.7,-2.5,0.0,0.0,.251
Justin Jackson,2021-22,26,PHO,6,35,6.8,-3.4,0.0,0.0,.019
Justin Jackson,2022-23,27,BOS,23,107,6.3,-2.6,0.0,0.1,.025
Justin Jackson,2023-24,28,MIN,2,1,0.0,-7.5,0.0,0.0,.031
Quenton Jackson,2022-23,24,WAS,9,135,12.2,-5.1,-0.1,0.2,.078
Quenton Jackson,2023-24,25,IND,3,11,16.1,3.3,0.0,0.0,.203
Quenton Jackson,2024-25,26,IND,28,381,14.7,-0.3,0.2,1.0,.126
Quenton Jackson,2025-26,27,IND,49,897,14.4,-1.8,0.0,1.4,.076
Reggie Jackson,2011-12,21,OKC,45,501,9.2,-3.6,-0.2,0.1,.011
Reggie Jackson,2012-13,22,OKC,70,993,14.2,0.1,0.5,2.5,.121
Reggie Jackson,2013-14,23,OKC,80,2277,15.4,0.1,1.2,4.9,.104
Reggie Jackson,2014-15,24,2TM,77,2268,17.2,1.1,1.8,4.9,.104
Reggie Jackson,2014-15,24,OKC,50,1398,15.6,0.7,0.9,2.9,.101
Reggie Jackson,2014-15,24,DET,27,870,19.8,1.9,0.9,2.0,.110
Reggie Jackson,2015-16,25,DET,79,2424,19.6,2.7,2.8,6.9,.136
Reggie Jackson,2016-17,26,DET,52,1424,14.9,-1.0,0.4,1.9,.065
Reggie Jackson,2017-18,27,DET,45,1201,15.9,-0.4,0.5,2.0,.078
Reggie Jackson,2018-19,28,DET,82,2289,15.2,0.4,1.4,5.0,.105
Reggie Jackson,2019-20,29,2TM,31,743,13.7,-0.4,0.3,1.1,.073
Reggie Jackson,2019-20,29,DET,14,381,14.7,-0.5,0.1,0.4,.047
Reggie Jackson,2019-20,29,LAC,17,362,12.6,-0.3,0.2,0.8,.100
Reggie Jackson,2020-21,30,LAC,67,1544,14.2,0.4,0.9,3.7,.115
Reggie Jackson,2021-22,31,LAC,75,2337,12.1,-3.0,-0.6,0.4,.008
Reggie Jackson,2022-23,32,2TM,68,1657,10.0,-3.9,-0.8,0.6,.018
Reggie Jackson,2022-23,32,LAC,52,1338,10.3,-3.7,-0.6,0.6,.020
Reggie Jackson,2022-23,32,DEN,16,319,9.0,-5.1,-0.3,0.1,.008
Reggie Jackson,2023-24,33,DEN,82,1817,11.7,-3.2,-0.6,2.1,.056
Reggie Jackson,2024-25,34,PHI,31,384,9.8,-4.0,-0.2,0.1,.015
Trayce Jackson-Davis,2023-24,23,GSW,68,1130,21.6,2.8,1.4,4.8,.205
Trayce Jackson-Davis,2024-25,24,GSW,62,967,18.5,1.2,0.8,3.4,.167
Trayce Jackson-Davis,2025-26,25,2TM,53,496,16.6,-0.4,0.2,1.4,.138
Trayce Jackson-Davis,2025-26,25,GSW,36,411,16.0,-0.4,0.2,1.2,.136
Trayce Jackson-Davis,2025-26,25,TOR,17,85,19.3,-0.5,0.0,0.3,.148
Kasparas Jakučionis,2025-26,19,MIA,53,945,11.9,-0.4,0.4,2.3,.114
Bronny James,2024-25,20,LAL,27,181,7.1,-7.2,-0.2,-0.2,-0.043
Bronny James,2025-26,21,LAL,42,375,9.0,-4.3,-0.2,0.1,.018
LeBron James,2003-04,19,CLE,79,3122,18.3,1.7,2.9,5.1,.078
LeBron James,2004-05,20,CLE,80,3388,25.7,8.6,9.1,14.3,.203
LeBron James,2005-06,21,CLE,79,3361,28.1,9.1,9.4,16.3,.232
LeBron James,2006-07,22,CLE,78,3190,24.5,8.1,8.1,13.7,.206
LeBron James,2007-08,23,CLE,75,3027,29.1,10.9,9.8,15.2,.242
LeBron James,2008-09,24,CLE,81,3054,31.7,13.2,11.8,20.3,.318
LeBron James,2009-10,25,CLE,76,2966,31.1,11.8,10.3,18.5,.299
LeBron James,2010-11,26,MIA,79,3063,27.3,8.1,7.8,15.6,.244
LeBron James,2011-12,27,MIA,62,2326,30.7,10.9,7.6,14.5,.298
LeBron James,2012-13,28,MIA,76,2877,31.6,11.7,9.9,19.3,.322
LeBron James,2013-14,29,MIA,77,2902,29.3,8.8,7.9,15.9,.264
LeBron James,2014-15,30,CLE,69,2493,25.9,7.1,5.7,10.4,.199
LeBron James,2015-16,31,CLE,76,2709,27.5,9.0,7.5,13.6,.242
LeBron James,2016-17,32,CLE,74,2794,27.0,7.6,6.7,12.9,.221
LeBron James,2017-18,33,CLE,82,3026,28.6,8.7,8.2,14.0,.221
LeBron James,2018-19,34,LAL,55,1937,25.6,8.0,4.9,7.2,.179
LeBron James,2019-20,35,LAL,67,2316,25.5,8.4,6.1,9.8,.204
LeBron James,2020-21,36,LAL,45,1504,24.2,8.1,3.8,5.6,.179
LeBron James,2021-22,37,LAL,56,2084,26.2,7.7,5.1,7.5,.172
LeBron James,2022-23,38,LAL,55,1954,23.9,6.1,4.0,5.6,.138
LeBron James,2023-24,39,LAL,71,2504,23.7,6.5,5.4,8.5,.164
LeBron James,2024-25,40,LAL,70,2444,22.7,5.6,4.7,7.7,.152
LeBron James,2025-26,41,LAL,60,1989,20.8,3.5,2.8,5.4,.131
Sion James,2025-26,23,CHO,82,1843,8.3,-2.0,0.0,3.1,.080
Jaime Jaquez Jr.,2023-24,22,MIA,75,2113,12.9,-1.9,0.1,4.0,.092
Jaime Jaquez Jr.,2024-25,23,MIA,66,1368,14.3,-0.9,0.4,2.3,.081
Jaime Jaquez Jr.,2025-26,24,MIA,75,2121,15.7,0.1,1.1,4.2,.094
DeJon Jarreau,2021-22,24,IND,1,1,0.0,-8.0,0.0,0.0,-0.022
DeJon Jarreau,2022-23,,Did not play - unsigned,,,,,,,
DeJon Jarreau,2023-24,26,MEM,9,150,9.6,-4.0,-0.1,0.0,.002
DeJon Jarreau,2025-26,28,MEM,11,231,9.7,-5.2,-0.2,-0.2,-0.035
DaQuan Jeffries,2019-20,22,SAC,13,141,11.2,-3.8,-0.1,0.3,.100
DaQuan Jeffries,2020-21,23,2TM,31,493,7.9,-4.7,-0.3,0.3,.027
DaQuan Jeffries,2020-21,23,SAC,18,232,7.2,-5.3,-0.2,0.0,.008
DaQuan Jeffries,2020-21,23,HOU,13,261,8.5,-4.2,-0.1,0.2,.043
DaQuan Jeffries,2021-22,24,MEM,3,9,8.4,-4.9,0.0,0.0,.099
DaQuan Jeffries,2022-23,,Did not play - other pro league,,,,,,,
DaQuan Jeffries,2023-24,26,NYK,17,46,3.1,-8.1,-0.1,-0.1,-0.087
DaQuan Jeffries,2024-25,27,CHO,47,1071,7.9,-4.7,-0.7,0.6,.027
DaQuan Jeffries,2025-26,28,SAC,3,60,16.3,-0.2,0.0,0.2,.165
Trey Jemison,2023-24,24,2TM,25,573,11.8,-5.1,-0.5,0.9,.073
Trey Jemison,2023-24,24,WAS,2,1,-36.1,-33.9,0.0,0.0,-1.200
Trey Jemison,2023-24,24,MEM,23,572,11.9,-5.1,-0.4,0.9,.075
Trey Jemison,2024-25,25,2TM,38,392,8.9,-6.8,-0.5,0.3,.037
Trey Jemison,2024-25,25,NOP,16,166,9.4,-6.2,-0.2,0.0,.009
Trey Jemison,2024-25,25,LAL,22,226,8.6,-7.3,-0.3,0.3,.057
Trey Jemison,2025-26,26,NYK,13,82,4.3,-8.6,-0.1,0.0,-0.018
Daniss Jenkins,2024-25,23,DET,7,23,-0.1,-15.8,-0.1,-0.1,-0.150
Daniss Jenkins,2025-26,24,DET,72,1455,13.4,-0.7,0.5,2.9,.095
Ty Jerome,2019-20,22,PHO,31,328,7.9,-3.7,-0.1,0.0,-0.003
Ty Jerome,2020-21,23,OKC,33,788,13.4,-0.7,0.3,1.3,.079
Ty Jerome,2021-22,24,OKC,48,801,11.3,-2.3,-0.1,0.5,.032
Ty Jerome,2022-23,25,GSW,45,816,12.8,-0.8,0.3,2.1,.124
Ty Jerome,2023-24,26,CLE,2,15,7.6,-4.9,0.0,0.0,.040
Ty Jerome,2024-25,27,CLE,70,1393,21.0,4.3,2.2,5.9,.204
Ty Jerome,2025-26,28,MEM,15,339,25.6,7.7,0.8,1.3,.191
Isaiah Joe,2020-21,21,PHI,41,383,9.5,-3.0,-0.1,0.6,.078
Isaiah Joe,2021-22,22,PHI,55,609,7.7,-4.6,-0.4,0.4,.035
Isaiah Joe,2022-23,23,OKC,73,1395,14.5,0.9,1.0,3.8,.131
Isaiah Joe,2023-24,24,OKC,78,1445,13.4,0.9,1.0,3.5,.116
Isaiah Joe,2024-25,25,OKC,74,1604,14.0,1.3,1.4,5.1,.153
Isaiah Joe,2025-26,26,OKC,71,1507,15.5,2.5,1.7,5.5,.176
AJ Johnson,2024-25,20,2TM,29,639,7.1,-8.1,-1.0,-0.4,-0.032
AJ Johnson,2024-25,20,MIL,7,44,10.6,-4.9,0.0,0.0,-0.023
AJ Johnson,2024-25,20,WAS,22,595,6.9,-8.3,-0.9,-0.4,-0.033
AJ Johnson,2025-26,21,2TM,48,454,5.6,-8.9,-0.8,-0.9,-0.090
AJ Johnson,2025-26,21,WAS,25,214,4.3,-10.5,-0.5,-0.6,-0.137
AJ Johnson,2025-26,21,DAL,23,240,6.7,-7.4,-0.3,-0.2,-0.049
Alize Johnson,2018-19,22,IND,14,64,6.3,-7.7,-0.1,0.0,.027
Alize Johnson,2019-20,23,IND,17,118,13.3,-1.6,0.0,0.3,.111
Alize Johnson,2020-21,24,BRK,18,189,23.5,2.7,0.2,0.9,.227
Alize Johnson,2021-22,25,3TM,23,167,10.7,-5.5,-0.1,0.1,.041
Alize Johnson,2021-22,25,CHI,16,121,10.2,-4.0,-0.1,0.2,.063
Alize Johnson,2021-22,25,WAS,3,18,5.7,-16.1,-0.1,-0.1,-0.183
Alize Johnson,2021-22,25,NOP,4,28,15.9,-4.8,0.0,0.1,.088
Alize Johnson,2022-23,26,SAS,4,30,4.3,-9.1,-0.1,-0.1,-0.099
Alize Johnson,2023-24,,Did not play - other pro league,,,,,,,
Cameron Johnson,2019-20,23,PHO,57,1255,12.9,0.3,0.7,2.7,.102
Cameron Johnson,2020-21,24,PHO,60,1437,11.8,-0.2,0.7,2.6,.086
Cameron Johnson,2021-22,25,PHO,66,1730,15.2,2.7,2.1,5.6,.156
Cameron Johnson,2022-23,26,2TM,42,1199,17.1,2.6,1.4,3.5,.142
Cameron Johnson,2022-23,26,PHO,17,429,17.4,3.8,0.6,1.4,.161
Cameron Johnson,2022-23,26,BRK,25,770,16.9,2.0,0.8,2.1,.131
Cameron Johnson,2023-24,27,BRK,58,1599,14.5,0.4,1.0,3.3,.100
Cameron Johnson,2024-25,28,BRK,57,1800,18.2,3.1,2.3,5.1,.137
Cameron Johnson,2025-26,29,DEN,54,1647,12.8,-0.6,0.6,3.7,.108
Chaney Johnson,2025-26,23,BRK,17,348,16.0,0.1,0.2,0.9,.128
Jalen Johnson,2021-22,20,ATL,22,120,11.3,-4.9,-0.1,0.0,.013
Jalen Johnson,2022-23,21,ATL,70,1042,14.1,0.3,0.6,2.1,.099
Jalen Johnson,2023-24,22,ATL,56,1889,16.3,1.2,1.5,3.8,.098
Jalen Johnson,2024-25,23,ATL,36,1284,17.3,1.8,1.2,2.4,.089
Jalen Johnson,2025-26,24,ATL,72,2532,20.4,4.2,4.0,7.5,.141
James Johnson,2009-10,22,CHI,65,757,10.4,-2.4,-0.1,0.8,.054
James Johnson,2010-11,23,2TM,38,822,12.6,-0.6,0.3,0.6,.036
James Johnson,2010-11,23,CHI,13,123,8.8,-3.4,-0.1,0.0,-0.014
James Johnson,2010-11,23,TOR,25,699,13.2,-0.2,0.3,0.6,.044
James Johnson,2011-12,24,TOR,62,1561,14.5,1.5,1.3,2.6,.079
James Johnson,2012-13,25,SAC,54,878,10.2,-3.5,-0.3,-0.5,-0.028
James Johnson,2013-14,26,MEM,52,956,18.5,4.5,1.6,3.0,.150
James Johnson,2014-15,27,TOR,70,1370,17.9,2.4,1.5,4.1,.143
James Johnson,2015-16,28,TOR,57,926,11.4,-1.0,0.2,1.3,.068
James Johnson,2016-17,29,MIA,76,2085,17.0,2.8,2.5,5.1,.117
James Johnson,2017-18,30,MIA,73,1943,15.8,1.6,1.7,5.0,.123
James Johnson,2018-19,31,MIA,55,1164,10.9,-1.2,0.2,1.5,.062
James Johnson,2019-20,32,2TM,32,619,14.8,0.0,0.3,1.1,.089
James Johnson,2019-20,32,MIA,18,281,11.1,-1.8,0.0,0.4,.065
James Johnson,2019-20,32,MIN,14,338,17.9,1.6,0.3,0.8,.109
James Johnson,2020-21,33,2TM,51,1043,11.4,-1.2,0.2,1.2,.055
James Johnson,2020-21,33,DAL,29,504,12.2,0.5,0.3,0.8,.073
James Johnson,2020-21,33,NOP,22,539,10.6,-2.7,-0.1,0.4,.039
James Johnson,2021-22,34,BRK,62,1191,10.3,-2.2,-0.1,1.7,.068
James Johnson,2022-23,35,IND,18,162,8.4,-4.4,-0.1,0.1,.017
James Johnson,2023-24,36,IND,9,47,5.0,-5.8,0.0,0.0,-0.050
James Johnson,2024-25,37,IND,12,37,0.0,-9.7,-0.1,-0.1,-0.162
Keldon Johnson,2019-20,20,SAS,17,301,19.1,1.5,0.3,1.1,.174
Keldon Johnson,2020-21,21,SAS,69,1968,13.8,-1.6,0.2,3.3,.079
Keldon Johnson,2021-22,22,SAS,75,2392,15.2,-0.5,0.9,4.9,.099
Keldon Johnson,2022-23,23,SAS,63,2063,15.3,-1.8,0.1,1.3,.030
Keldon Johnson,2023-24,24,SAS,69,2038,14.2,-1.7,0.2,3.0,.071
Keldon Johnson,2024-25,25,SAS,77,1838,15.6,-1.6,0.2,3.2,.083
Keldon Johnson,2025-26,26,SAS,82,1911,17.3,0.9,1.4,6.4,.161
Keon Johnson,2021-22,19,2TM,37,697,8.7,-5.9,-0.7,-0.5,-0.031
Keon Johnson,2021-22,19,LAC,15,135,9.4,-5.7,-0.1,0.1,.018
Keon Johnson,2021-22,19,POR,22,562,8.5,-6.0,-0.6,-0.5,-0.043
Keon Johnson,2022-23,20,POR,40,416,9.0,-5.4,-0.4,-0.5,-0.057
Keon Johnson,2023-24,21,BRK,5,61,13.1,-2.7,0.0,0.1,.068
Keon Johnson,2024-25,22,BRK,79,1925,10.4,-3.3,-0.6,0.5,.014
Keshad Johnson,2024-25,23,MIA,16,98,19.1,-0.1,0.0,0.4,.181
Keshad Johnson,2025-26,24,MIA,32,280,15.2,-1.3,0.1,0.6,.110
Keyontae Johnson,2023-24,23,OKC,9,66,1.6,-9.8,-0.1,-0.1,-0.068
Stanley Johnson,2015-16,19,DET,73,1687,8.7,-3.3,-0.5,0.6,.018
Stanley Johnson,2016-17,20,DET,77,1371,7.2,-3.0,-0.3,0.4,.012
Stanley Johnson,2017-18,21,DET,69,1894,9.0,-2.9,-0.4,1.8,.046
Stanley Johnson,2018-19,22,2TM,66,1208,9.6,-2.2,0.0,0.5,.021
Stanley Johnson,2018-19,22,DET,48,961,9.8,-1.6,0.1,0.7,.034
Stanley Johnson,2018-19,22,NOP,18,247,8.9,-4.5,-0.2,-0.1,-0.028
Stanley Johnson,2019-20,23,TOR,25,150,9.9,-2.5,0.0,0.0,.014
Stanley Johnson,2020-21,24,TOR,61,1006,8.8,-2.5,-0.1,1.0,.048
Stanley Johnson,2021-22,25,LAL,48,1094,10.5,-2.7,-0.2,1.8,.079
Stanley Johnson,2022-23,26,SAS,30,469,13.5,-1.0,0.1,0.7,.076
Stanley Johnson,2023-24,,Did not play - other pro league,,,,,,,
Tre Johnson,2025-26,19,WAS,60,1443,10.6,-5.0,-1.1,-0.7,-0.024
Nikola Jokić,2014-15,,Did not play - other pro league,,,,,,,
Nikola Jokić,2015-16,20,DEN,80,1733,21.5,3.9,2.6,6.7,.185
Nikola Jokić,2016-17,21,DEN,73,2038,26.3,7.3,4.8,9.7,.228
Nikola Jokić,2017-18,22,DEN,75,2443,24.4,6.9,5.5,10.7,.211
Nikola Jokić,2018-19,23,DEN,80,2504,26.3,9.1,7.0,11.8,.226
Nikola Jokić,2019-20,24,DEN,73,2336,24.9,7.4,5.5,9.8,.202
Nikola Jokić,2020-21,25,DEN,72,2488,31.3,12.1,8.8,15.6,.301
Nikola Jokić,2021-22,26,DEN,74,2476,32.8,13.7,9.8,15.2,.296
Nikola Jokić,2022-23,27,DEN,69,2323,31.5,13.0,8.8,14.9,.308
Nikola Jokić,2023-24,28,DEN,79,2737,31.0,13.2,10.6,17.0,.299
Nikola Jokić,2024-25,29,DEN,70,2571,32.0,13.3,9.8,16.4,.307
Nikola Jokić,2025-26,30,DEN,65,2265,32.3,14.2,9.2,14.9,.316
Carlik Jones,2021-22,24,2TM,5,23,-1.8,-15.5,-0.1,-0.1,-0.285
Carlik Jones,2021-22,24,DAL,3,19,-4.0,-17.3,-0.1,-0.1,-0.338
Carlik Jones,2021-22,24,DEN,2,4,8.9,-6.7,0.0,0.0,-0.030
Carlik Jones,2022-23,25,CHI,7,56,11.1,-2.5,0.0,0.1,.078
Carlik Jones,2023-24,,Did not play - other pro league,,,,,,,
Colby Jones,2023-24,21,SAC,30,192,8.9,-5.0,-0.1,0.0,.007
Colby Jones,2024-25,22,2TM,39,515,11.4,-2.8,-0.1,0.6,.053
Colby Jones,2024-25,22,SAC,24,130,8.6,-2.7,0.0,0.1,.036
Colby Jones,2024-25,22,WAS,15,385,12.3,-2.9,-0.1,0.5,.059
Colby Jones,2025-26,23,DET,1,7,12.9,2.4,0.0,0.0,.124
Curtis Jones,2025-26,24,DEN,10,88,10.8,-3.5,0.0,0.1,.072
Damian Jones,2016-17,21,GSW,10,85,5.3,-9.7,-0.2,0.0,.018
Damian Jones,2017-18,22,GSW,15,89,6.8,-7.1,-0.1,0.1,.031
Damian Jones,2018-19,23,GSW,24,410,15.3,1.1,0.3,1.5,.173
Damian Jones,2019-20,24,ATL,55,887,15.6,-1.5,0.1,2.8,.152
Damian Jones,2020-21,25,3TM,39,547,14.6,-1.4,0.1,1.6,.138
Damian Jones,2020-21,25,PHO,14,94,6.7,-5.9,-0.1,0.1,.043
Damian Jones,2020-21,25,LAL,8,112,17.1,-0.2,0.1,0.5,.235
Damian Jones,2020-21,25,SAC,17,341,15.9,-0.6,0.1,0.9,.132
Damian Jones,2021-22,26,SAC,56,1017,18.3,0.3,0.6,3.3,.156
Damian Jones,2022-23,27,2TM,41,477,12.9,-1.7,0.0,1.2,.119
Damian Jones,2022-23,27,LAL,22,176,13.8,-2.0,0.0,0.4,.117
Damian Jones,2022-23,27,UTA,19,301,12.4,-1.5,0.0,0.8,.120
Damian Jones,2023-24,28,CLE,39,270,15.8,-0.5,0.1,0.8,.150
Derrick Jones Jr.,2016-17,19,PHO,32,545,12.0,-2.3,0.0,1.1,.098
Derrick Jones Jr.,2017-18,20,2TM,20,245,10.1,-2.7,0.0,0.4,.075
Derrick Jones Jr.,2017-18,20,PHO,6,33,18.4,4.8,0.1,0.1,.177
Derrick Jones Jr.,2017-18,20,MIA,14,212,8.8,-3.9,-0.1,0.3,.059
Derrick Jones Jr.,2018-19,21,MIA,60,1153,14.0,-0.5,0.4,2.9,.121
Derrick Jones Jr.,2019-20,22,MIA,59,1375,14.9,0.7,1.0,4.4,.153
Derrick Jones Jr.,2020-21,23,POR,58,1318,11.9,-1.4,0.2,2.4,.089
Derrick Jones Jr.,2021-22,24,CHI,51,899,13.0,-0.9,0.2,2.2,.119
Derrick Jones Jr.,2022-23,25,CHI,64,893,13.8,-0.4,0.3,2.4,.131
Derrick Jones Jr.,2023-24,26,DAL,76,1783,11.7,-1.5,0.2,3.1,.083
Derrick Jones Jr.,2024-25,27,LAC,77,1873,13.5,-0.3,0.8,4.7,.120
Derrick Jones Jr.,2025-26,28,LAC,50,1350,13.3,-0.7,0.5,2.8,.100
Dillon Jones,2024-25,23,OKC,54,552,8.1,-4.0,-0.3,0.8,.067
Dillon Jones,2025-26,24,NYK,7,39,10.3,-2.6,0.0,0.1,.134
Herbert Jones,2021-22,23,NOP,78,2335,12.3,-0.5,0.9,4.6,.096
Herbert Jones,2022-23,24,NOP,66,1951,12.1,-0.3,0.8,4.2,.104
Herbert Jones,2023-24,25,NOP,76,2321,13.2,0.6,1.6,6.3,.131
Herbert Jones,2024-25,26,NOP,20,648,10.4,-3.6,-0.3,0.4,.033
Herbert Jones,2025-26,27,NOP,56,1588,9.1,-3.1,-0.5,0.7,.022
Isaac Jones,2024-25,24,SAC,40,304,15.2,-1.7,0.0,0.7,.115
Isaac Jones,2025-26,25,2TM,7,36,6.4,-8.1,-0.1,0.0,.038
Isaac Jones,2025-26,25,SAC,3,17,5.7,-8.2,0.0,0.0,.058
Isaac Jones,2025-26,25,DET,4,19,7.0,-8.0,0.0,0.0,.021
Kai Jones,2021-22,21,CHO,21,63,9.2,-6.6,-0.1,0.0,.009
Kai Jones,2022-23,22,CHO,46,550,10.8,-4.0,-0.3,0.7,.062
Kai Jones,2023-24,,Did not play - other pro league,,,,,,,
Kai Jones,2024-25,24,2TM,40,468,20.2,2.9,0.6,2.1,.216
Kai Jones,2024-25,24,LAC,28,208,14.5,0.6,0.1,0.7,.160
Kai Jones,2024-25,24,DAL,12,260,24.8,4.8,0.4,1.4,.261
Kam Jones,2025-26,23,IND,37,616,8.2,-6.2,-0.6,0.0,.002
Mason Jones,2020-21,22,2TM,32,334,12.1,-2.7,-0.1,0.2,.028
Mason Jones,2020-21,22,HOU,26,307,11.1,-3.3,-0.1,0.0,.007
Mason Jones,2020-21,22,PHI,6,27,23.5,4.8,0.0,0.2,.270
Mason Jones,2021-22,23,LAL,4,51,17.8,-0.9,0.0,0.2,.201
Mason Jones,2022-23,,Did not play - other pro league,,,,,,,
Mason Jones,2023-24,25,SAC,5,28,5.8,-5.5,0.0,0.0,-0.018
Mason Jones,2024-25,26,SAC,10,45,20.6,2.9,0.1,0.2,.198
Spencer Jones,2024-25,23,DEN,20,125,4.5,-8.5,-0.2,-0.1,-0.031
Spencer Jones,2025-26,24,DEN,64,1417,9.3,-2.4,-0.1,2.6,.089
Tre Jones,2020-21,21,SAS,37,269,12.1,-3.5,-0.1,0.4,.066
Tre Jones,2021-22,22,SAS,69,1148,15.0,-0.5,0.4,2.9,.121
Tre Jones,2022-23,23,SAS,68,1984,16.0,-1.0,0.5,3.4,.082
Tre Jones,2023-24,24,SAS,77,2138,14.7,-0.4,0.9,4.9,.111
Tre Jones,2024-25,25,2TM,46,905,16.3,1.5,0.8,2.9,.155
Tre Jones,2024-25,25,SAS,28,450,13.8,-0.1,0.2,1.1,.118
Tre Jones,2024-25,25,CHI,18,455,18.8,3.1,0.6,1.8,.191
Tre Jones,2025-26,26,CHI,65,1752,18.7,1.3,1.5,5.7,.157
Tyus Jones,2015-16,19,MIN,37,573,11.2,-2.4,-0.1,0.3,.027
Tyus Jones,2016-17,20,MIN,60,774,13.8,0.2,0.4,1.5,.096
Tyus Jones,2017-18,21,MIN,82,1467,14.1,0.8,1.1,3.6,.117
Tyus Jones,2018-19,22,MIN,68,1560,13.7,-0.6,0.6,3.0,.091
Tyus Jones,2019-20,23,MEM,65,1232,15.7,0.6,0.8,3.0,.117
Tyus Jones,2020-21,24,MEM,70,1222,15.0,0.8,0.9,2.8,.110
Tyus Jones,2021-22,25,MEM,73,1549,16.5,1.7,1.4,5.1,.158
Tyus Jones,2022-23,26,MEM,80,1940,16.0,1.6,1.7,5.7,.141
Tyus Jones,2023-24,27,WAS,66,1933,16.5,0.7,1.3,4.5,.113
Tyus Jones,2024-25,28,PHO,81,2174,14.5,0.1,1.1,4.4,.096
Tyus Jones,2025-26,29,3TM,67,979,8.3,-2.4,-0.1,1.0,.051
Tyus Jones,2025-26,29,ORL,48,754,8.4,-1.7,0.1,1.0,.064
Tyus Jones,2025-26,29,DAL,8,133,8.7,-4.3,-0.1,0.1,.029
Tyus Jones,2025-26,29,DEN,11,92,6.5,-5.7,-0.1,-0.1,-0.026
David Jones García,2025-26,24,SAS,11,68,20.9,6.4,0.1,0.3,.205
DeAndre Jordan,2008-09,20,LAC,53,771,14.1,-3.3,-0.3,1.3,.079
DeAndre Jordan,2009-10,21,LAC,70,1137,12.7,-3.8,-0.5,1.5,.061
DeAndre Jordan,2010-11,22,LAC,80,2047,14.8,-0.7,0.7,5.2,.122
DeAndre Jordan,2011-12,23,LAC,66,1798,16.4,0.1,0.9,5.6,.150
DeAndre Jordan,2012-13,24,LAC,82,2010,17.2,-0.2,0.9,6.2,.148
DeAndre Jordan,2013-14,25,LAC,82,2870,18.2,2.5,3.3,11.1,.186
DeAndre Jordan,2014-15,26,LAC,82,2820,21.0,2.9,3.5,12.8,.217
DeAndre Jordan,2015-16,27,LAC,77,2598,20.6,2.8,3.2,11.5,.213
DeAndre Jordan,2016-17,28,LAC,81,2570,21.8,3.3,3.5,11.8,.221
DeAndre Jordan,2017-18,29,LAC,77,2424,20.2,1.4,2.1,9.4,.186
DeAndre Jordan,2018-19,30,2TM,69,2047,19.0,2.1,2.1,7.1,.167
DeAndre Jordan,2018-19,30,DAL,50,1554,18.0,1.7,1.4,5.3,.162
DeAndre Jordan,2018-19,30,NYK,19,493,22.1,3.4,0.7,1.9,.181
DeAndre Jordan,2019-20,31,BRK,56,1234,19.9,3.0,1.5,5.2,.200
DeAndre Jordan,2020-21,32,BRK,57,1246,17.1,1.0,0.9,3.9,.152
DeAndre Jordan,2021-22,33,2TM,48,622,17.2,-1.4,0.1,1.9,.145
DeAndre Jordan,2021-22,33,LAL,32,408,17.5,-0.6,0.2,1.3,.153
DeAndre Jordan,2021-22,33,PHI,16,214,16.5,-2.9,0.0,0.6,.131
DeAndre Jordan,2022-23,34,DEN,39,586,14.7,-1.8,0.0,1.4,.112
DeAndre Jordan,2023-24,35,DEN,36,396,16.0,-1.7,0.0,1.2,.147
DeAndre Jordan,2024-25,36,DEN,56,691,15.4,-1.2,0.2,1.8,.127
DeAndre Jordan,2025-26,37,NOP,12,199,15.7,-0.2,0.1,0.6,.134
Cory Joseph,2011-12,20,SAS,29,266,6.9,-5.0,-0.2,0.0,.001
Cory Joseph,2012-13,21,SAS,28,388,13.5,-0.4,0.2,0.9,.113
Cory Joseph,2013-14,22,SAS,68,936,14.7,0.9,0.7,2.9,.148
Cory Joseph,2014-15,23,SAS,79,1444,15.5,1.4,1.2,4.5,.149
Cory Joseph,2015-16,24,TOR,80,2046,12.4,-1.2,0.4,3.5,.082
Cory Joseph,2016-17,25,TOR,80,2003,13.2,-1.3,0.4,3.4,.082
Cory Joseph,2017-18,26,IND,82,2210,11.0,-1.5,0.3,3.1,.068
Cory Joseph,2018-19,27,IND,82,2063,11.0,-0.4,0.9,3.5,.081
Cory Joseph,2019-20,28,SAC,72,1759,10.1,-2.0,0.0,2.3,.062
Cory Joseph,2020-21,29,2TM,63,1446,12.5,-1.8,0.1,2.1,.069
Cory Joseph,2020-21,29,SAC,44,944,9.9,-3.3,-0.3,0.7,.037
Cory Joseph,2020-21,29,DET,19,502,17.3,0.9,0.4,1.4,.130
Cory Joseph,2021-22,30,DET,65,1600,11.4,-2.1,0.0,2.5,.075
Cory Joseph,2022-23,31,DET,62,1227,12.1,-1.5,0.2,1.8,.070
Cory Joseph,2023-24,32,GSW,26,296,6.2,-4.7,-0.2,0.2,.034
Cory Joseph,2024-25,33,ORL,50,612,10.9,-0.8,0.2,1.5,.114
Nikola Jović,2022-23,19,MIA,15,204,10.6,-3.4,-0.1,0.2,.053
Nikola Jović,2023-24,20,MIA,46,896,12.8,0.3,0.5,1.9,.103
Nikola Jović,2024-25,21,MIA,46,1156,13.8,0.3,0.7,2.5,.104
Nikola Jović,2025-26,22,MIA,47,808,9.5,-3.5,-0.3,0.0,.001
Johnny Juzang,2022-23,21,UTA,18,232,6.5,-6.5,-0.3,-0.2,-0.032
Johnny Juzang,2023-24,22,UTA,20,372,9.6,-3.7,-0.2,0.4,.047
Johnny Juzang,2024-25,23,UTA,64,1270,11.8,-2.3,-0.1,1.6,.060
Johnny Juzang,2025-26,24,MIN,21,88,12.1,-3.3,0.0,0.1,.038
Mfiondu Kabengele,2019-20,22,LAC,12,64,18.2,2.2,0.1,0.2,.173
Mfiondu Kabengele,2020-21,23,2TM,39,280,9.5,-4.3,-0.2,0.2,.026
Mfiondu Kabengele,2020-21,23,LAC,23,94,1.4,-10.1,-0.2,-0.1,-0.075
Mfiondu Kabengele,2020-21,23,CLE,16,186,13.7,-1.3,0.0,0.3,.078
Mfiondu Kabengele,2021-22,,Did not play - other pro league,,,,,,,
Mfiondu Kabengele,2022-23,25,BOS,4,36,8.1,-8.9,-0.1,0.1,.067
Mfiondu Kabengele,2023-24,,Did not play - other pro league,,,,,,,
Ryan Kalkbrenner,2025-26,24,CHO,69,1479,17.9,1.8,1.4,5.7,.185
Frank Kaminsky,2015-16,22,CHO,81,1708,12.5,-0.8,0.5,3.3,.093
Frank Kaminsky,2016-17,23,CHO,75,1954,13.0,-1.2,0.4,2.3,.056
Frank Kaminsky,2017-18,24,CHO,79,1835,14.4,-0.2,0.8,3.6,.094
Frank Kaminsky,2018-19,25,CHO,47,755,16.8,0.3,0.4,1.8,.114
Frank Kaminsky,2019-20,26,PHO,39,777,14.2,-0.5,0.3,1.4,.087
Frank Kaminsky,2020-21,27,PHO,47,715,15.8,1.3,0.6,2.0,.133
Frank Kaminsky,2021-22,28,PHO,9,181,21.3,4.9,0.3,0.9,.228
Frank Kaminsky,2022-23,29,2TM,36,235,15.3,2.8,0.3,0.7,.141
Frank Kaminsky,2022-23,29,ATL,26,176,14.9,2.6,0.2,0.5,.148
Frank Kaminsky,2022-23,29,HOU,10,59,16.6,3.7,0.1,0.2,.122
Frank Kaminsky,2023-24,,Did not play - other pro league,,,,,,,
Yuki Kawamura,2024-25,23,MEM,22,93,11.0,-2.8,0.0,0.2,.095
Yuki Kawamura,2025-26,24,CHI,18,209,11.4,-3.7,-0.1,0.3,.069
Trevor Keels,2022-23,19,NYK,3,8,3.7,-13.0,0.0,0.0,-0.062
Trevor Keels,2023-24,,Did not play - other pro league,,,,,,,
Trevor Keels,2025-26,22,MIA,8,15,2.8,-14.5,0.0,-0.1,-0.197
Kylor Kelley,2024-25,27,2TM,11,126,12.1,-5.4,-0.1,0.3,.102
Kylor Kelley,2024-25,27,DAL,8,67,17.1,-2.3,0.0,0.3,.196
Kylor Kelley,2024-25,27,NOP,3,59,6.5,-8.8,-0.1,0.0,-0.004
Miles Kelly,2025-26,23,DAL,14,134,8.2,-5.1,-0.1,0.0,.013
Luke Kennard,2017-18,21,DET,73,1463,12.1,-0.8,0.5,2.6,.084
Luke Kennard,2018-19,22,DET,63,1437,11.9,-1.1,0.3,2.5,.085
Luke Kennard,2019-20,23,DET,28,922,14.4,-0.3,0.4,1.9,.100
Luke Kennard,2020-21,24,LAC,63,1232,12.7,-0.2,0.6,2.7,.105
Luke Kennard,2021-22,25,LAC,70,1919,13.3,0.5,1.2,4.5,.113
Luke Kennard,2022-23,26,2TM,59,1315,13.0,0.5,0.8,3.4,.124
Luke Kennard,2022-23,26,LAC,35,725,10.5,-1.4,0.1,1.1,.070
Luke Kennard,2022-23,26,MEM,24,590,16.0,2.9,0.7,2.3,.189
Luke Kennard,2023-24,27,MEM,39,999,13.1,-0.3,0.4,2.1,.099
Luke Kennard,2024-25,28,MEM,65,1472,13.6,1.1,1.2,3.9,.127
Luke Kennard,2025-26,29,2TM,78,1681,13.5,0.1,0.9,4.5,.130
Luke Kennard,2025-26,29,ATL,46,944,13.5,0.5,0.6,2.7,.139
Luke Kennard,2025-26,29,LAL,32,737,13.4,-0.4,0.3,1.8,.118
Jayson Kent,2025-26,23,POR,5,22,17.3,4.2,0.0,0.1,.181
Walker Kessler,2022-23,21,UTA,74,1703,21.5,2.9,2.1,7.1,.200
Walker Kessler,2023-24,22,UTA,64,1493,18.0,0.9,1.1,4.1,.131
Walker Kessler,2024-25,23,UTA,58,1740,20.0,1.8,1.7,5.4,.149
Walker Kessler,2025-26,24,UTA,5,154,20.6,3.3,0.2,0.5,.148
Braxton Key,2021-22,24,2TM,11,197,13.7,-3.3,-0.1,0.2,.052
Braxton Key,2021-22,24,PHI,2,6,9.0,-6.2,0.0,0.0,-0.169
Braxton Key,2021-22,24,DET,9,191,13.9,-3.2,-0.1,0.2,.059
Braxton Key,2022-23,25,DET,3,9,18.6,2.9,0.0,0.0,.242
Braxton Key,2023-24,26,DEN,20,60,16.5,2.1,0.1,0.2,.180
Braxton Key,2024-25,27,GSW,3,11,1.1,-13.6,0.0,-0.1,-0.259
Louis King,2019-20,20,DET,10,62,6.2,-6.2,-0.1,0.0,-0.007
Louis King,2020-21,21,SAC,6,85,21.2,4.9,0.1,0.3,.160
Louis King,2021-22,22,SAC,10,104,8.1,-4.6,-0.1,0.0,.000
Louis King,2022-23,23,PHI,1,29,21.3,2.3,0.0,0.1,.157
Louis King,2023-24,,Did not play - other pro league,,,,,,,
Corey Kispert,2021-22,22,WAS,77,1801,10.9,-2.3,-0.1,2.3,.061
Corey Kispert,2022-23,23,WAS,74,2093,11.5,-1.5,0.2,3.8,.088
Corey Kispert,2023-24,24,WAS,80,2067,12.8,-2.1,-0.1,2.1,.048
Corey Kispert,2024-25,25,WAS,61,1602,11.0,-3.7,-0.7,1.1,.032
Corey Kispert,2025-26,26,2TM,58,1080,13.1,-1.9,0.0,1.8,.082
Corey Kispert,2025-26,26,WAS,19,370,14.0,-1.1,0.1,0.6,.080
Corey Kispert,2025-26,26,ATL,39,710,12.6,-2.3,-0.1,1.2,.082
Maxi Kleber,2017-18,26,DAL,72,1206,13.4,-0.5,0.5,2.8,.113
Maxi Kleber,2018-19,27,DAL,71,1502,13.1,0.4,0.9,3.5,.111
Maxi Kleber,2019-20,28,DAL,74,1890,13.6,0.4,1.1,4.8,.123
Maxi Kleber,2020-21,29,DAL,50,1341,10.6,0.0,0.7,2.9,.103
Maxi Kleber,2021-22,30,DAL,59,1450,11.0,-0.4,0.6,3.0,.098
Maxi Kleber,2022-23,31,DAL,37,930,8.7,-2.2,0.0,1.3,.067
Maxi Kleber,2023-24,32,DAL,43,871,8.8,-1.3,0.2,1.4,.080
Maxi Kleber,2024-25,33,DAL,34,637,5.6,-3.8,-0.3,0.3,.023
Maxi Kleber,2025-26,34,LAL,43,461,8.1,-3.9,-0.2,0.6,.063
Bobi Klintman,2024-25,21,DET,8,42,15.9,1.0,0.0,0.2,.208
Bobi Klintman,2025-26,22,DET,12,71,4.5,-8.7,-0.1,-0.1,-0.043
Dalton Knecht,2024-25,23,LAL,78,1494,12.7,-1.8,0.1,2.7,.086
Dalton Knecht,2025-26,24,LAL,54,553,10.2,-3.6,-0.2,0.4,.038
Nathan Knight,2020-21,23,ATL,33,279,13.9,-3.7,-0.1,0.4,.070
Nathan Knight,2021-22,24,MIN,37,267,18.7,-0.6,0.1,1.0,.171
Nathan Knight,2022-23,25,MIN,38,291,14.5,-3.2,-0.1,0.7,.116
Nathan Knight,2023-24,,Did not play - other pro league,,,,,,,
Kevin Knox,2018-19,19,NYK,75,2158,8.7,-5.7,-2.0,-1.3,-0.030
Kevin Knox,2019-20,20,NYK,65,1166,8.3,-4.2,-0.7,0.2,.007
Kevin Knox,2020-21,21,NYK,42,464,9.1,-1.4,0.1,0.6,.065
Kevin Knox,2021-22,22,2TM,30,222,10.9,-4.1,-0.1,0.2,.047
Kevin Knox,2021-22,22,NYK,13,111,11.6,-1.4,0.0,0.1,.062
Kevin Knox,2021-22,22,ATL,17,111,10.1,-6.9,-0.1,0.1,.031
Kevin Knox,2022-23,23,2TM,63,952,11.1,-3.5,-0.4,0.7,.034
Kevin Knox,2022-23,23,DET,42,593,10.3,-2.8,-0.1,0.5,.043
Kevin Knox,2022-23,23,POR,21,359,12.4,-4.6,-0.2,0.1,.019
Kevin Knox,2023-24,24,DET,31,560,9.9,-4.6,-0.4,0.4,.033
Kevin Knox,2024-25,25,GSW,14,84,17.1,-1.3,0.0,0.2,.121
Kon Knueppel,2025-26,20,CHO,81,2551,17.1,2.8,3.1,8.0,.151
Tyler Kolek,2024-25,23,NYK,41,296,10.3,-2.8,-0.1,0.4,.058
Tyler Kolek,2025-26,24,NYK,62,727,12.5,-0.6,0.3,1.4,.093
Christian Koloko,2022-23,22,TOR,58,802,11.4,-3.5,-0.3,1.7,.104
Christian Koloko,2023-24,,Did not play - illness,,,,,,,
Christian Koloko,2024-25,24,LAL,37,342,13.0,-2.8,-0.1,0.9,.130
Christian Koloko,2025-26,25,3TM,27,357,8.8,-4.7,-0.2,0.3,.038
Christian Koloko,2025-26,25,LAL,2,6,-0.3,-8.4,0.0,0.0,.026
Christian Koloko,2025-26,25,MEM,11,195,9.0,-3.1,-0.1,0.1,.029
Christian Koloko,2025-26,25,ATL,14,156,8.8,-6.6,-0.2,0.2,.050
Yanic Konan Niederhäuser,2025-26,22,LAC,41,424,16.4,-2.2,0.0,1.3,.152
John Konchar,2019-20,23,MEM,19,181,18.0,4.5,0.3,0.7,.182
John Konchar,2020-21,24,MEM,43,575,14.8,1.2,0.5,1.7,.145
John Konchar,2021-22,25,MEM,72,1292,14.0,1.5,1.2,4.2,.155
John Konchar,2022-23,26,MEM,72,1494,10.8,0.5,0.9,3.5,.111
John Konchar,2023-24,27,MEM,55,1173,11.4,-0.4,0.5,2.2,.091
John Konchar,2024-25,28,MEM,46,558,12.1,1.7,0.5,1.5,.131
John Konchar,2025-26,29,2TM,56,1115,13.6,0.9,0.8,2.4,.104
John Konchar,2025-26,29,MEM,30,435,12.9,2.3,0.5,1.0,.109
John Konchar,2025-26,29,UTA,26,680,14.0,0.0,0.3,1.4,.100
Furkan Korkmaz,2016-17,,Did not play - other pro league,,,,,,,
Furkan Korkmaz,2017-18,20,PHI,14,80,3.4,-7.6,-0.1,0.0,-0.006
Furkan Korkmaz,2018-19,21,PHI,48,679,11.5,-1.8,0.0,1.1,.079
Furkan Korkmaz,2019-20,22,PHI,72,1559,12.0,-1.3,0.3,2.8,.085
Furkan Korkmaz,2020-21,23,PHI,55,1062,12.8,-0.1,0.5,2.0,.092
Furkan Korkmaz,2021-22,24,PHI,67,1414,10.2,-3.1,-0.4,1.2,.041
Furkan Korkmaz,2022-23,25,PHI,37,353,9.3,-4.4,-0.2,0.1,.019
Furkan Korkmaz,2023-24,26,PHI,35,300,9.2,-2.7,-0.1,0.4,.057
Luke Kornet,2017-18,22,NYK,20,326,13.6,0.2,0.2,0.5,.077
Luke Kornet,2018-19,23,NYK,46,784,14.8,2.0,0.8,1.4,.083
Luke Kornet,2019-20,24,CHI,36,559,12.7,-1.2,0.1,1.1,.091
Luke Kornet,2020-21,25,2TM,31,348,13.3,0.8,0.3,0.7,.095
Luke Kornet,2020-21,25,CHI,13,94,9.8,0.5,0.1,0.1,.047
Luke Kornet,2020-21,25,BOS,18,254,14.5,0.9,0.2,0.6,.113
Luke Kornet,2021-22,26,3TM,15,103,16.6,-0.5,0.0,0.4,.194
Luke Kornet,2021-22,26,CLE,2,15,8.7,-9.9,0.0,0.0,.008
Luke Kornet,2021-22,26,MIL,1,3,-5.0,-24.7,0.0,0.0,-0.154
Luke Kornet,2021-22,26,BOS,12,85,18.8,2.1,0.1,0.4,.239
Luke Kornet,2022-23,27,BOS,69,804,16.7,1.0,0.6,3.3,.198
Luke Kornet,2023-24,28,BOS,63,983,19.8,3.4,1.3,5.1,.248
Luke Kornet,2024-25,29,BOS,73,1361,19.6,3.3,1.8,7.0,.246
Luke Kornet,2025-26,30,SAS,68,1430,17.9,3.6,2.0,6.9,.231
Vít Krejčí,2020-21,,Did not play - other pro league,,,,,,,
Vít Krejčí,2021-22,21,OKC,30,690,8.5,-5.3,-0.6,0.6,.042
Vít Krejčí,2022-23,22,ATL,29,165,7.7,-3.6,-0.1,0.1,.042
Vít Krejčí,2023-24,23,ATL,22,541,8.4,-3.7,-0.2,0.6,.056
Vít Krejčí,2024-25,24,ATL,57,1153,12.7,0.7,0.8,2.6,.110
Vít Krejčí,2025-26,25,2TM,65,1392,11.1,-1.6,0.1,2.9,.099
Vít Krejčí,2025-26,25,ATL,46,1028,11.3,-1.3,0.2,2.2,.103
Vít Krejčí,2025-26,25,POR,19,364,10.5,-2.4,0.0,0.7,.086
Jonathan Kuminga,2021-22,19,GSW,70,1185,15.2,-1.5,0.1,3.0,.123
Jonathan Kuminga,2022-23,20,GSW,67,1394,13.3,-1.7,0.1,2.4,.084
Jonathan Kuminga,2023-24,21,GSW,74,1949,17.0,-0.4,0.8,4.6,.113
Jonathan Kuminga,2024-25,22,GSW,47,1144,15.7,-0.6,0.4,1.9,.080
Jonathan Kuminga,2025-26,23,2TM,36,830,14.2,-2.0,0.0,1.0,.059
Jonathan Kuminga,2025-26,23,GSW,20,476,12.5,-3.6,-0.2,0.2,.021
Jonathan Kuminga,2025-26,23,ATL,16,354,16.5,0.1,0.2,0.8,.110
Kyle Kuzma,2017-18,22,LAL,77,2401,14.2,-0.7,0.8,3.8,.077
Kyle Kuzma,2018-19,23,LAL,70,2314,14.0,-1.4,0.4,3.1,.065
Kyle Kuzma,2019-20,24,LAL,61,1526,12.2,-2.6,-0.2,2.0,.063
Kyle Kuzma,2020-21,25,LAL,68,1954,12.7,-0.4,0.8,3.3,.080
Kyle Kuzma,2021-22,26,WAS,66,2204,15.2,-0.2,1.0,2.0,.044
Kyle Kuzma,2022-23,27,WAS,64,2239,14.3,-1.7,0.2,0.9,.019
Kyle Kuzma,2023-24,28,WAS,70,2281,15.7,-1.1,0.5,0.2,.004
Kyle Kuzma,2024-25,29,2TM,65,1936,10.6,-4.9,-1.4,-0.9,-0.024
Kyle Kuzma,2024-25,29,WAS,32,887,10.6,-5.2,-0.7,-1.3,-0.068
Kyle Kuzma,2024-25,29,MIL,33,1049,10.5,-4.7,-0.7,0.3,.014
Kyle Kuzma,2025-26,30,MIL,69,1806,14.1,-2.3,-0.1,1.9,.051
Jake LaRavia,2022-23,21,MEM,35,414,6.7,-3.5,-0.2,0.5,.054
Jake LaRavia,2023-24,22,MEM,35,806,12.6,-2.5,-0.1,1.0,.062
Jake LaRavia,2024-25,23,2TM,66,1349,12.6,0.2,0.8,2.9,.104
Jake LaRavia,2024-25,23,MEM,47,982,13.5,1.3,0.8,2.4,.119
Jake LaRavia,2024-25,23,SAC,19,367,10.2,-2.7,-0.1,0.5,.063
Jake LaRavia,2025-26,24,LAL,82,2061,11.9,-1.2,0.4,3.8,.089
Zach LaVine,2014-15,19,MIN,77,1902,11.3,-4.6,-1.3,-0.7,-0.018
Zach LaVine,2015-16,20,MIN,82,2294,14.3,-1.5,0.3,2.6,.054
Zach LaVine,2016-17,21,MIN,47,1749,14.6,0.1,0.9,3.0,.082
Zach LaVine,2017-18,22,CHI,24,656,14.6,-2.3,-0.1,0.3,.025
Zach LaVine,2018-19,23,CHI,63,2171,18.7,0.8,1.5,2.8,.062
Zach LaVine,2019-20,24,CHI,60,2085,19.4,2.5,2.4,4.0,.091
Zach LaVine,2020-21,25,CHI,58,2034,21.5,4.0,3.1,5.9,.138
Zach LaVine,2021-22,26,CHI,67,2328,20.0,2.4,2.6,5.8,.120
Zach LaVine,2022-23,27,CHI,77,2768,19.0,1.9,2.7,7.1,.123
Zach LaVine,2023-24,28,CHI,25,872,15.1,0.1,0.5,1.5,.080
Zach LaVine,2024-25,29,2TM,74,2602,17.3,0.7,1.8,5.1,.094
Zach LaVine,2024-25,29,CHI,42,1432,18.4,1.6,1.3,3.0,.101
Zach LaVine,2024-25,29,SAC,32,1170,15.9,-0.4,0.5,2.1,.086
Zach LaVine,2025-26,30,SAC,39,1224,14.7,-1.5,0.2,1.3,.051
Skal Labissière,2016-17,20,SAC,33,612,16.8,-2.3,0.0,1.3,.099
Skal Labissière,2017-18,21,SAC,60,1240,14.3,-2.7,-0.2,1.4,.054
Skal Labissière,2018-19,22,2TM,22,176,12.6,-3.0,0.0,0.3,.089
Skal Labissière,2018-19,22,SAC,13,113,7.0,-6.4,-0.1,0.0,.018
Skal Labissière,2018-19,22,POR,9,63,22.6,3.0,0.1,0.3,.216
Skal Labissière,2019-20,23,POR,33,567,15.4,-1.3,0.1,1.4,.119
Skal Labissière,2024-25,28,SAC,4,12,15.9,2.1,0.0,0.0,.165
Skal Labissière,2025-26,29,WAS,3,38,16.3,0.3,0.0,0.1,.120
Anthony Lamb,2020-21,23,HOU,24,415,8.7,-6.1,-0.4,0.2,.023
Anthony Lamb,2021-22,24,SAS,2,8,-0.5,-8.0,0.0,0.0,-0.138
Anthony Lamb,2022-23,25,GSW,62,1195,10.9,-1.1,0.3,2.4,.096
Anthony Lamb,2023-24,,Did not play - other pro league,,,,,,,
Jock Landale,2021-22,26,SAS,54,589,16.0,-0.4,0.2,1.5,.121
Jock Landale,2022-23,27,PHO,69,979,16.4,-1.1,0.2,2.7,.132
Jock Landale,2023-24,28,HOU,56,763,15.6,-0.1,0.4,2.3,.146
Jock Landale,2024-25,29,HOU,42,500,16.0,0.4,0.3,1.7,.159
Jock Landale,2025-26,30,2TM,68,1506,16.6,-0.1,0.7,3.8,.122
Jock Landale,2025-26,30,MEM,45,1060,16.8,-0.2,0.5,2.5,.114
Jock Landale,2025-26,30,ATL,23,446,16.0,0.1,0.2,1.3,.141
Romeo Langford,2019-20,20,BOS,32,370,5.4,-4.9,-0.3,0.2,.025
Romeo Langford,2020-21,21,BOS,18,283,5.1,-4.6,-0.2,0.0,.003
Romeo Langford,2021-22,22,2TM,48,771,9.2,-1.4,0.1,1.3,.082
Romeo Langford,2021-22,22,BOS,44,728,9.3,-1.2,0.2,1.3,.084
Romeo Langford,2021-22,22,SAS,4,43,8.1,-4.2,0.0,0.0,.053
Romeo Langford,2022-23,23,SAS,43,844,10.4,-4.2,-0.5,0.5,.029
Romeo Langford,2023-24,,Did not play - other pro league,,,,,,,
Chaz Lanier,2025-26,24,DET,34,262,6.6,-5.1,-0.2,0.3,.046
Pelle Larsson,2024-25,23,MIA,55,782,10.2,-3.1,-0.2,1.4,.086
Pelle Larsson,2025-26,24,MIA,70,1849,13.1,-1.2,0.4,4.1,.106
A.J. Lawson,2022-23,22,2TM,15,108,13.9,-4.4,-0.1,0.1,.063
A.J. Lawson,2022-23,22,MIN,1,2,34.4,5.2,0.0,0.0,.377
A.J. Lawson,2022-23,22,DAL,14,106,13.5,-4.6,-0.1,0.1,.057
A.J. Lawson,2023-24,23,DAL,42,311,11.2,-4.6,-0.2,0.2,.036
A.J. Lawson,2024-25,24,TOR,26,486,12.7,-2.5,-0.1,0.8,.081
A.J. Lawson,2025-26,25,TOR,24,226,13.4,-1.0,0.1,0.6,.121
Caris LeVert,2016-17,22,BRK,57,1237,12.3,-1.1,0.3,1.8,.070
Caris LeVert,2017-18,23,BRK,71,1864,14.2,-0.8,0.6,2.3,.058
Caris LeVert,2018-19,24,BRK,40,1063,14.9,0.2,0.6,1.7,.077
Caris LeVert,2019-20,25,BRK,45,1330,16.1,-0.3,0.5,1.5,.055
Caris LeVert,2020-21,26,2TM,47,1486,17.8,0.4,0.9,2.4,.077
Caris LeVert,2020-21,26,BRK,12,334,19.1,1.5,0.3,0.6,.084
Caris LeVert,2020-21,26,IND,35,1152,17.4,0.0,0.6,1.8,.075
Caris LeVert,2021-22,27,2TM,58,1781,15.1,-1.2,0.4,2.2,.059
Caris LeVert,2021-22,27,IND,39,1214,16.3,-0.3,0.5,1.5,.060
Caris LeVert,2021-22,27,CLE,19,567,12.4,-3.1,-0.2,0.7,.057
Caris LeVert,2022-23,28,CLE,74,2237,12.4,-0.2,1.0,4.4,.095
Caris LeVert,2023-24,29,CLE,68,1958,14.6,0.2,1.1,3.6,.088
Caris LeVert,2024-25,30,2TM,64,1596,15.2,0.9,1.2,4.0,.119
Caris LeVert,2024-25,30,CLE,38,904,14.4,1.2,0.7,2.3,.124
Caris LeVert,2024-25,30,ATL,26,692,16.2,0.4,0.4,1.6,.112
Caris LeVert,2025-26,31,DET,60,1154,10.9,-0.4,0.5,1.6,.066
Damion Lee,2017-18,25,ATL,15,404,12.0,-1.9,0.0,0.4,.046
Damion Lee,2018-19,26,GSW,32,375,11.9,-2.2,0.0,0.7,.090
Damion Lee,2019-20,27,GSW,49,1423,12.7,-2.3,-0.1,1.7,.058
Damion Lee,2020-21,28,GSW,57,1079,11.8,0.2,0.6,2.7,.119
Damion Lee,2021-22,29,GSW,63,1256,10.9,-2.0,0.0,2.7,.102
Damion Lee,2022-23,30,PHO,74,1506,10.7,-1.7,0.1,2.6,.081
Damion Lee,2023-24,,Did not play - injury,,,,,,,
Damion Lee,2024-25,32,PHO,25,144,11.9,-5.1,-0.1,-0.1,-0.031
Saben Lee,2020-21,21,DET,48,781,13.8,-2.0,0.0,1.5,.091
Saben Lee,2021-22,22,DET,37,604,13.8,-0.4,0.2,0.9,.073
Saben Lee,2022-23,23,2TM,25,373,13.1,-1.8,0.0,0.7,.088
Saben Lee,2022-23,23,PHI,2,10,12.8,-4.3,0.0,0.0,-0.096
Saben Lee,2022-23,23,PHO,23,363,13.1,-1.8,0.0,0.7,.093
Saben Lee,2023-24,24,PHO,24,185,13.5,-1.4,0.0,0.4,.099
Alex Len,2013-14,20,PHO,42,362,7.3,-6.6,-0.4,0.2,.024
Alex Len,2014-15,21,PHO,69,1518,13.5,-1.8,0.1,3.4,.107
Alex Len,2015-16,22,PHO,78,1821,12.4,-4.3,-1.0,1.3,.035
Alex Len,2016-17,23,PHO,77,1560,15.0,-2.3,-0.1,3.0,.091
Alex Len,2017-18,24,PHO,69,1395,19.4,0.3,0.8,4.5,.154
Alex Len,2018-19,25,ATL,77,1544,17.2,-1.2,0.3,3.2,.100
Alex Len,2019-20,26,2TM,55,970,17.7,-0.7,0.3,2.5,.122
Alex Len,2019-20,26,ATL,40,745,17.5,-0.4,0.3,1.8,.113
Alex Len,2019-20,26,SAC,15,225,18.2,-1.6,0.0,0.7,.150
Alex Len,2020-21,27,2TM,64,979,16.4,-0.1,0.5,2.7,.133
Alex Len,2020-21,27,TOR,7,76,4.3,-4.0,0.0,-0.1,-0.033
Alex Len,2020-21,27,WAS,57,903,17.5,0.2,0.5,2.8,.147
Alex Len,2021-22,28,SAC,39,620,13.1,-2.9,-0.1,0.9,.070
Alex Len,2022-23,29,SAC,26,161,12.8,-4.0,-0.1,0.3,.085
Alex Len,2023-24,30,SAC,48,444,14.7,0.2,0.2,1.3,.138
Alex Len,2024-25,31,2TM,46,380,10.6,-2.6,-0.1,0.7,.083
Alex Len,2024-25,31,SAC,36,258,13.1,0.3,0.2,0.6,.121
Alex Len,2024-25,31,LAL,10,122,5.3,-8.9,-0.2,0.0,.002
Kawhi Leonard,2011-12,20,SAS,64,1534,16.6,3.4,2.1,5.5,.171
Kawhi Leonard,2012-13,21,SAS,58,1810,16.4,3.1,2.3,6.2,.166
Kawhi Leonard,2013-14,22,SAS,66,1923,19.4,5.1,3.5,7.7,.193
Kawhi Leonard,2014-15,23,SAS,64,2033,22.0,5.9,4.1,8.6,.204
Kawhi Leonard,2015-16,24,SAS,72,2380,26.0,9.1,6.7,13.7,.277
Kawhi Leonard,2016-17,25,SAS,74,2474,27.6,9.4,7.1,13.6,.264
Kawhi Leonard,2017-18,26,SAS,9,210,26.0,10.1,0.6,0.9,.196
Kawhi Leonard,2018-19,27,TOR,60,2040,25.8,7.2,4.7,9.5,.224
Kawhi Leonard,2019-20,28,LAC,57,1848,26.9,8.9,5.1,8.7,.226
Kawhi Leonard,2020-21,29,LAC,52,1773,26.0,7.3,4.2,8.8,.238
Kawhi Leonard,2021-22,,Did not play - injury,,,,,,,
Kawhi Leonard,2022-23,31,LAC,52,1748,23.9,6.1,3.5,7.1,.194
Kawhi Leonard,2023-24,32,LAC,68,2330,23.2,5.5,4.4,8.9,.184
Kawhi Leonard,2024-25,33,LAC,37,1180,20.5,3.1,1.5,3.5,.141
Kawhi Leonard,2025-26,34,LAC,65,2085,27.9,8.0,5.3,9.2,.212
Meyers Leonard,2012-13,20,POR,69,1206,12.1,-3.3,-0.4,2.4,.097
Meyers Leonard,2013-14,21,POR,40,355,9.4,-4.0,-0.2,0.6,.086
Meyers Leonard,2014-15,22,POR,55,847,14.8,0.6,0.6,2.8,.158
Meyers Leonard,2015-16,23,POR,61,1333,11.3,-1.7,0.1,2.2,.078
Meyers Leonard,2016-17,24,POR,74,1222,8.9,-3.3,-0.4,1.4,.053
Meyers Leonard,2017-18,25,POR,33,254,17.8,2.0,0.3,1.1,.200
Meyers Leonard,2018-19,26,POR,61,878,15.8,1.8,0.8,3.0,.164
Meyers Leonard,2019-20,27,MIA,51,1034,10.6,-0.9,0.3,2.1,.096
Meyers Leonard,2020-21,28,MIA,3,29,6.6,-3.7,0.0,0.0,.038
Meyers Leonard,2021-22,,Did not play - injury,,,,,,,
Meyers Leonard,2022-23,30,MIL,9,114,12.0,-5.0,-0.1,0.3,.126
Meyers Leonard,2023-24,,Did not play - unsigned,,,,,,,
Malevy Leons,2024-25,25,OKC,6,21,-2.3,-12.4,-0.1,0.0,-0.052
Malevy Leons,2025-26,26,GSW,25,276,12.2,-2.8,-0.1,0.5,.087
Kira Lewis Jr.,2020-21,19,NOP,54,904,10.3,-3.4,-0.3,0.9,.045
Kira Lewis Jr.,2021-22,20,NOP,24,341,9.8,-4.0,-0.2,-0.1,-0.017
Kira Lewis Jr.,2022-23,21,NOP,25,235,14.5,-0.3,0.1,0.6,.122
Kira Lewis Jr.,2023-24,22,3TM,28,265,8.6,-5.8,-0.3,0.0,-0.005
Kira Lewis Jr.,2023-24,22,NOP,15,144,5.7,-7.5,-0.2,-0.1,-0.045
Kira Lewis Jr.,2023-24,22,TOR,1,2,-7.3,-22.3,0.0,0.0,-0.011
Kira Lewis Jr.,2023-24,22,UTA,12,119,12.3,-3.5,0.0,0.1,.042
Maxwell Lewis,2023-24,21,LAL,34,103,-3.9,-13.5,-0.3,-0.4,-0.195
Maxwell Lewis,2024-25,22,2TM,28,327,9.9,-4.4,-0.2,0.2,.030
Maxwell Lewis,2024-25,22,LAL,7,29,2.2,-9.4,-0.1,0.0,-0.082
Maxwell Lewis,2024-25,22,BRK,21,298,10.6,-3.9,-0.1,0.3,.041
E.J. Liddell,2022-23,,Did not play - injury,,,,,,,
E.J. Liddell,2023-24,23,NOP,8,23,4.3,-4.7,0.0,0.0,-0.091
E.J. Liddell,2024-25,24,CHI,12,53,11.1,-4.1,0.0,0.1,.108
E.J. Liddell,2025-26,25,BRK,26,349,12.6,-3.3,-0.1,0.5,.074
Damian Lillard,2012-13,22,POR,82,3167,16.4,0.3,1.8,5.8,.088
Damian Lillard,2013-14,23,POR,82,2937,18.6,3.2,3.9,9.6,.157
Damian Lillard,2014-15,24,POR,82,2925,20.7,4.7,4.9,10.6,.174
Damian Lillard,2015-16,25,POR,75,2676,22.2,4.4,4.3,9.2,.165
Damian Lillard,2016-17,26,POR,75,2694,24.1,5.0,4.8,10.4,.185
Damian Lillard,2017-18,27,POR,73,2670,25.2,7.2,6.3,12.6,.227
Damian Lillard,2018-19,28,POR,80,2838,23.7,6.4,6.0,12.1,.205
Damian Lillard,2019-20,29,POR,66,2474,26.9,7.5,5.9,11.6,.225
Damian Lillard,2020-21,30,POR,67,2398,25.6,6.3,5.0,10.4,.209
Damian Lillard,2021-22,31,POR,29,1056,18.5,1.3,0.9,1.7,.079
Damian Lillard,2022-23,32,POR,58,2107,26.7,7.1,4.9,9.0,.205
Damian Lillard,2023-24,33,MIL,73,2579,19.6,2.1,2.7,7.7,.143
Damian Lillard,2024-25,34,MIL,58,2093,21.3,4.0,3.2,7.6,.175
Nassir Little,2019-20,19,POR,48,573,9.6,-3.5,-0.2,0.6,.047
Nassir Little,2020-21,20,POR,48,640,11.6,-2.7,-0.1,1.1,.082
Nassir Little,2021-22,21,POR,42,1088,13.5,-1.4,0.2,1.7,.076
Nassir Little,2022-23,22,POR,54,976,10.2,-3.0,-0.3,0.7,.032
Nassir Little,2023-24,23,PHO,45,458,9.9,-3.0,-0.1,0.7,.074
Dereck Lively II,2023-24,19,DAL,55,1294,18.1,0.5,0.8,4.9,.183
Dereck Lively II,2024-25,20,DAL,36,833,20.1,3.3,1.1,3.4,.199
Dereck Lively II,2025-26,21,DAL,7,115,15.0,0.6,0.1,0.3,.127
Isaiah Livers,2021-22,23,DET,19,383,11.1,-1.5,0.0,0.7,.085
Isaiah Livers,2022-23,24,DET,52,1199,8.4,-2.4,-0.1,1.0,.041
Isaiah Livers,2023-24,25,DET,23,469,5.1,-6.5,-0.5,-0.1,-0.015
Isaiah Livers,2024-25,,Did not play - injury,,,,,,,
Isaiah Livers,2025-26,27,PHO,36,347,7.6,-2.5,0.0,0.4,.057
Chris Livingston,2023-24,20,MIL,21,90,6.9,-8.0,-0.1,0.1,.027
Chris Livingston,2024-25,21,MIL,21,106,9.8,-6.1,-0.1,0.1,.035
Chris Livingston,2025-26,22,CLE,3,17,15.4,-2.7,0.0,0.1,.164
Kenneth Lofton Jr.,2022-23,20,MEM,24,176,20.2,-0.4,0.1,0.5,.145
Kenneth Lofton Jr.,2023-24,21,3TM,21,199,14.7,-0.3,0.1,0.3,.068
Kenneth Lofton Jr.,2023-24,21,MEM,15,99,8.4,-4.5,-0.1,0.0,-0.011
Kenneth Lofton Jr.,2023-24,21,PHI,2,9,-20.0,-32.6,-0.1,-0.1,-0.705
Kenneth Lofton Jr.,2023-24,21,UTA,4,91,25.0,7.5,0.2,0.4,.232
Kevon Looney,2015-16,19,GSW,5,21,18.6,-2.5,0.0,0.1,.192
Kevon Looney,2016-17,20,GSW,53,447,13.6,-1.7,0.0,1.4,.155
Kevon Looney,2017-18,21,GSW,66,910,14.8,-0.2,0.4,2.8,.145
Kevon Looney,2018-19,22,GSW,80,1481,17.3,0.5,0.9,6.0,.194
Kevon Looney,2019-20,23,GSW,20,262,9.4,-5.6,-0.2,0.0,.006
Kevon Looney,2020-21,24,GSW,61,1161,11.9,-0.9,0.3,3.4,.139
Kevon Looney,2021-22,25,GSW,82,1732,15.7,0.9,1.3,6.8,.187
Kevon Looney,2022-23,26,GSW,82,1958,17.8,2.1,2.0,8.7,.212
Kevon Looney,2023-24,27,GSW,74,1195,15.1,0.6,0.8,4.0,.162
Kevon Looney,2024-25,28,GSW,76,1142,17.0,0.3,0.7,4.3,.182
Kevon Looney,2025-26,29,NOP,21,308,13.6,-1.8,0.0,0.7,.109
Brook Lopez,2008-09,20,NJN,82,2501,17.9,-0.6,0.9,5.8,.112
Brook Lopez,2009-10,21,NJN,82,3027,20.1,1.2,2.5,7.9,.125
Brook Lopez,2010-11,22,NJN,82,2889,19.3,0.6,1.9,6.3,.105
Brook Lopez,2011-12,23,NJN,5,136,21.9,0.6,0.1,0.3,.091
Brook Lopez,2012-13,24,BRK,74,2253,24.7,3.2,3.0,9.0,.191
Brook Lopez,2013-14,25,BRK,17,533,25.4,3.7,0.8,2.3,.211
Brook Lopez,2014-15,26,BRK,72,2100,22.7,1.2,1.6,7.0,.159
Brook Lopez,2015-16,27,BRK,73,2457,21.7,1.3,2.1,6.2,.121
Brook Lopez,2016-17,28,BRK,75,2222,20.4,2.3,2.4,4.9,.105
Brook Lopez,2017-18,29,LAL,74,1735,16.5,0.9,1.3,3.8,.105
Brook Lopez,2018-19,30,MIL,81,2322,14.6,2.2,2.4,6.7,.138
Brook Lopez,2019-20,31,MIL,68,1817,15.0,2.0,1.9,5.5,.145
Brook Lopez,2020-21,32,MIL,70,1902,15.4,0.0,0.9,5.3,.133
Brook Lopez,2021-22,33,MIL,13,298,16.0,-1.3,0.1,0.7,.108
Brook Lopez,2022-23,34,MIL,78,2373,18.4,2.1,2.5,8.0,.161
Brook Lopez,2023-24,35,MIL,79,2411,14.8,1.0,1.8,5.9,.117
Brook Lopez,2024-25,36,MIL,80,2546,14.8,0.8,1.8,6.6,.124
Brook Lopez,2025-26,37,LAC,75,1635,12.3,-0.9,0.5,2.3,.068
Robin Lopez,2008-09,20,PHO,60,614,11.6,-3.4,-0.2,1.1,.083
Robin Lopez,2009-10,21,PHO,51,986,17.6,-0.6,0.4,3.2,.158
Robin Lopez,2010-11,22,PHO,67,991,13.9,-4.1,-0.5,1.5,.074
Robin Lopez,2011-12,23,PHO,64,895,15.2,-2.2,0.0,2.1,.115
Robin Lopez,2012-13,24,NOH,82,2136,18.9,0.6,1.4,5.6,.126
Robin Lopez,2013-14,25,POR,82,2603,17.7,1.2,2.1,9.5,.176
Robin Lopez,2014-15,26,POR,59,1638,16.2,0.1,0.9,5.1,.150
Robin Lopez,2015-16,27,NYK,82,2219,17.6,-0.2,1.0,5.8,.126
Robin Lopez,2016-17,28,CHI,81,2271,14.4,-2.2,-0.1,4.3,.090
Robin Lopez,2017-18,29,CHI,64,1690,14.7,-2.2,-0.1,1.9,.055
Robin Lopez,2018-19,30,CHI,74,1606,15.9,-1.9,0.0,2.7,.081
Robin Lopez,2019-20,31,MIL,66,958,10.2,-2.6,-0.2,1.5,.077
Robin Lopez,2020-21,32,WAS,71,1354,16.7,-1.0,0.4,3.7,.131
Robin Lopez,2021-22,33,ORL,36,612,13.7,-3.8,-0.3,0.8,.064
Robin Lopez,2022-23,34,CLE,37,299,11.6,-3.0,-0.1,0.6,.094
Robin Lopez,2023-24,35,MIL,16,65,6.6,-6.1,-0.1,0.0,.007
Caleb Love,2025-26,24,POR,49,1013,10.7,-3.1,-0.3,0.6,.031
Kevin Love,2008-09,20,MIN,81,2048,18.3,-1.1,0.4,5.3,.124
Kevin Love,2009-10,21,MIN,60,1714,20.7,1.5,1.5,4.9,.138
Kevin Love,2010-11,22,MIN,73,2611,24.3,4.4,4.2,11.4,.210
Kevin Love,2011-12,23,MIN,55,2145,25.4,5.2,3.9,10.0,.223
Kevin Love,2012-13,24,MIN,18,618,17.9,0.4,0.4,1.1,.084
Kevin Love,2013-14,25,MIN,77,2797,26.9,8.9,7.7,14.3,.245
Kevin Love,2014-15,26,CLE,75,2532,18.8,2.7,3.0,8.7,.165
Kevin Love,2015-16,27,CLE,77,2424,19.0,3.3,3.3,8.5,.169
Kevin Love,2016-17,28,CLE,60,1885,21.1,2.1,1.9,6.4,.163
Kevin Love,2017-18,29,CLE,59,1651,22.4,3.3,2.2,6.4,.185
Kevin Love,2018-19,30,CLE,22,598,19.5,1.6,0.6,1.3,.106
Kevin Love,2019-20,31,CLE,56,1780,17.9,2.0,1.8,3.8,.101
Kevin Love,2020-21,32,CLE,25,622,15.1,-0.1,0.3,0.9,.073
Kevin Love,2021-22,33,CLE,74,1665,19.6,4.5,2.7,5.7,.164
Kevin Love,2022-23,34,2TM,62,1240,13.1,0.6,0.8,2.6,.099
Kevin Love,2022-23,34,CLE,41,821,13.6,1.4,0.7,1.9,.112
Kevin Love,2022-23,34,MIA,21,419,12.3,-1.1,0.1,0.7,.075
Kevin Love,2023-24,35,MIA,55,924,18.5,3.6,1.3,3.3,.170
Kevin Love,2024-25,36,MIA,23,251,16.2,0.4,0.2,0.4,.083
Kevin Love,2025-26,37,UTA,37,613,14.7,0.2,0.3,1.1,.088
Lawson Lovering,2025-26,22,MEM,2,49,13.7,-3.6,0.0,0.1,.106
Kyle Lowry,2006-07,20,MEM,10,175,18.3,4.7,0.3,0.5,.148
Kyle Lowry,2007-08,21,MEM,82,2089,14.3,-0.9,0.6,3.4,.078
Kyle Lowry,2008-09,22,2TM,77,1679,14.4,0.2,0.9,3.6,.103
Kyle Lowry,2008-09,22,MEM,49,1071,14.1,-0.7,0.3,1.8,.081
Kyle Lowry,2008-09,22,HOU,28,608,15.0,1.7,0.6,1.8,.143
Kyle Lowry,2009-10,23,HOU,68,1651,15.5,0.8,1.2,4.3,.126
Kyle Lowry,2010-11,24,HOU,75,2563,16.5,2.0,2.6,7.0,.130
Kyle Lowry,2011-12,25,HOU,47,1510,18.8,4.1,2.3,4.9,.156
Kyle Lowry,2012-13,26,TOR,68,2020,17.5,2.9,2.5,5.6,.133
Kyle Lowry,2013-14,27,TOR,79,2862,20.1,4.7,4.8,11.7,.197
Kyle Lowry,2014-15,28,TOR,70,2414,19.3,3.0,3.1,7.1,.141
Kyle Lowry,2015-16,29,TOR,77,2851,22.2,5.8,5.7,11.6,.196
Kyle Lowry,2016-17,30,TOR,60,2244,22.9,6.1,4.6,10.1,.216
Kyle Lowry,2017-18,31,TOR,78,2510,19.5,5.2,4.5,10.2,.194
Kyle Lowry,2018-19,32,TOR,65,2213,16.5,2.3,2.4,6.6,.144
Kyle Lowry,2019-20,33,TOR,58,2098,17.7,3.2,2.8,7.5,.171
Kyle Lowry,2020-21,34,TOR,46,1601,16.5,1.6,1.5,4.1,.124
Kyle Lowry,2021-22,35,MIA,63,2133,15.0,2.0,2.1,6.4,.143
Kyle Lowry,2022-23,36,MIA,55,1718,12.6,0.2,0.9,3.4,.096
Kyle Lowry,2023-24,37,2TM,60,1690,10.9,-1.0,0.4,3.5,.100
Kyle Lowry,2023-24,37,MIA,37,1037,10.9,-0.8,0.3,2.2,.100
Kyle Lowry,2023-24,37,PHI,23,653,11.0,-1.3,0.1,1.4,.102
Kyle Lowry,2024-25,38,PHI,35,659,9.8,-1.3,0.1,1.0,.070
Kyle Lowry,2025-26,39,PHI,14,118,1.4,-10.4,-0.3,-0.2,-0.062
Seth Lundy,2023-24,23,ATL,9,52,0.0,-12.7,-0.1,-0.1,-0.092
Trey Lyles,2015-16,20,UTA,80,1382,11.6,-1.8,0.1,2.3,.079
Trey Lyles,2016-17,21,UTA,71,1158,9.9,-2.2,-0.1,0.8,.031
Trey Lyles,2017-18,22,DEN,73,1391,17.9,1.3,1.1,3.9,.134
Trey Lyles,2018-19,23,DEN,64,1120,12.7,-2.4,-0.1,1.2,.050
Trey Lyles,2019-20,24,SAS,63,1271,12.6,-1.2,0.3,2.2,.083
Trey Lyles,2020-21,25,SAS,23,358,11.4,-1.8,0.0,0.6,.085
Trey Lyles,2021-22,26,2TM,75,1537,16.4,-0.3,0.7,3.5,.111
Trey Lyles,2021-22,26,DET,51,990,16.7,0.0,0.5,2.2,.106
Trey Lyles,2021-22,26,SAC,24,547,16.0,-1.0,0.1,1.4,.120
Trey Lyles,2022-23,27,SAC,74,1247,14.2,-1.0,0.3,2.6,.098
Trey Lyles,2023-24,28,SAC,58,1158,11.9,-1.1,0.3,2.4,.098
Trey Lyles,2024-25,29,SAC,69,1349,12.3,-0.7,0.4,2.6,.091
Théo Maledon,2020-21,19,OKC,65,1778,8.2,-5.0,-1.3,-0.8,-0.021
Théo Maledon,2021-22,20,OKC,51,908,10.6,-4.4,-0.6,0.3,.015
Théo Maledon,2022-23,21,CHO,44,854,11.6,-2.5,-0.1,0.8,.047
Théo Maledon,2023-24,22,2TM,17,213,3.2,-10.3,-0.5,-0.5,-0.122
Théo Maledon,2023-24,22,CHO,13,200,3.9,-9.5,-0.4,-0.5,-0.110
Théo Maledon,2023-24,22,PHO,4,13,-8.0,-23.7,-0.1,-0.1,-0.296
Khaman Maluach,2025-26,19,PHO,46,411,14.0,-3.7,-0.2,0.8,.099
Sandro Mamukelashvili,2021-22,22,MIL,41,407,14.7,-0.3,0.2,1.1,.135
Sandro Mamukelashvili,2022-23,23,2TM,43,660,13.4,-2.4,-0.1,0.9,.063
Sandro Mamukelashvili,2022-23,23,MIL,24,217,8.5,-3.6,-0.1,0.2,.049
Sandro Mamukelashvili,2022-23,23,SAS,19,443,15.9,-1.8,0.0,0.6,.070
Sandro Mamukelashvili,2023-24,24,SAS,46,451,15.8,-0.5,0.2,1.0,.110
Sandro Mamukelashvili,2024-25,25,SAS,61,681,19.7,2.3,0.7,2.2,.152
Sandro Mamukelashvili,2025-26,26,TOR,80,1751,18.1,2.8,2.1,6.2,.169
Terance Mann,2019-20,23,LAC,41,362,10.6,-1.5,0.0,0.8,.106
Terance Mann,2020-21,24,LAC,67,1263,13.8,-0.2,0.6,3.7,.141
Terance Mann,2021-22,25,LAC,81,2317,13.4,-0.6,0.8,5.5,.113
Terance Mann,2022-23,26,LAC,81,1872,13.4,-0.2,0.8,4.3,.111
Terance Mann,2023-24,27,LAC,75,1873,12.0,-1.5,0.2,4.2,.106
Terance Mann,2024-25,28,2TM,67,1414,12.0,-1.3,0.2,3.0,.101
Terance Mann,2024-25,28,LAC,37,732,10.5,-1.3,0.1,1.4,.093
Terance Mann,2024-25,28,ATL,30,682,13.7,-1.3,0.1,1.6,.111
Terance Mann,2025-26,29,BRK,63,1529,10.2,-3.4,-0.6,1.8,.056
Tre Mann,2021-22,20,OKC,60,1367,10.2,-4.4,-0.8,0.1,.002
Tre Mann,2022-23,21,OKC,67,1183,10.0,-3.9,-0.6,0.5,.021
Tre Mann,2023-24,22,2TM,41,987,13.7,-1.3,0.2,1.2,.058
Tre Mann,2023-24,22,OKC,13,119,14.2,0.1,0.1,0.3,.102
Tre Mann,2023-24,22,CHO,28,868,13.7,-1.5,0.1,0.9,.052
Tre Mann,2024-25,23,CHO,13,319,13.3,-2.4,0.0,0.1,.019
Tre Mann,2025-26,24,CHO,53,669,8.3,-5.3,-0.5,0.0,-0.003
Chris Mañon,2025-26,24,LAL,9,46,11.7,0.1,0.0,0.1,.115
Boban Marjanović,2015-16,27,SAS,54,508,27.7,4.3,0.8,3.4,.325
Boban Marjanović,2016-17,28,DET,35,293,29.6,5.5,0.6,1.7,.280
Boban Marjanović,2017-18,29,2TM,39,337,26.0,2.5,0.4,1.5,.215
Boban Marjanović,2017-18,29,DET,19,171,21.6,0.8,0.1,0.5,.138
Boban Marjanović,2017-18,29,LAC,20,166,30.6,4.2,0.3,1.0,.293
Boban Marjanović,2018-19,30,2TM,58,681,24.2,3.2,0.9,3.0,.212
Boban Marjanović,2018-19,30,LAC,36,376,24.9,3.1,0.5,1.7,.217
Boban Marjanović,2018-19,30,PHI,22,305,23.3,3.3,0.4,1.3,.204
Boban Marjanović,2019-20,31,DAL,44,422,25.7,1.2,0.3,1.8,.200
Boban Marjanović,2020-21,32,DAL,33,271,22.6,-0.8,0.1,1.0,.183
Boban Marjanović,2021-22,33,DAL,23,128,18.5,-4.4,-0.1,0.1,.045
Boban Marjanović,2022-23,34,HOU,31,171,23.4,1.6,0.2,0.6,.158
Boban Marjanović,2023-24,35,HOU,14,71,21.1,-0.3,0.0,0.2,.128
Lauri Markkanen,2017-18,20,CHI,68,2020,15.6,-0.2,0.9,3.3,.079
Lauri Markkanen,2018-19,21,CHI,52,1682,17.1,-0.2,0.7,2.7,.078
Lauri Markkanen,2019-20,22,CHI,50,1492,14.3,-0.6,0.5,2.6,.084
Lauri Markkanen,2020-21,23,CHI,51,1317,15.2,0.1,0.7,3.0,.109
Lauri Markkanen,2021-22,24,CLE,61,1878,14.7,0.4,1.1,5.0,.127
Lauri Markkanen,2022-23,25,UTA,66,2273,22.1,3.8,3.3,8.2,.173
Lauri Markkanen,2023-24,26,UTA,55,1820,21.5,3.6,2.6,6.2,.163
Lauri Markkanen,2024-25,27,UTA,47,1476,15.6,-0.3,0.7,2.2,.070
Lauri Markkanen,2025-26,28,UTA,42,1443,21.1,2.6,1.6,3.5,.118
Naji Marshall,2020-21,23,NOP,32,700,11.4,-1.3,0.1,0.9,.061
Naji Marshall,2021-22,24,NOP,55,735,12.3,-3.2,-0.2,0.8,.050
Naji Marshall,2022-23,25,NOP,77,1792,11.4,-1.9,0.1,2.5,.068
Naji Marshall,2023-24,26,NOP,66,1257,12.7,-0.7,0.4,2.6,.100
Naji Marshall,2024-25,27,DAL,69,1919,15.1,-0.8,0.6,3.5,.087
Naji Marshall,2025-26,28,DAL,74,2184,15.4,-0.6,0.8,4.3,.095
Alijah Martin,2025-26,24,TOR,23,146,9.2,-4.3,-0.1,0.0,.015
Caleb Martin,2019-20,24,CHO,18,317,12.0,-1.0,0.1,0.5,.081
Caleb Martin,2020-21,25,CHO,53,818,9.5,-3.4,-0.3,0.5,.030
Caleb Martin,2021-22,26,MIA,60,1372,14.8,1.1,1.1,4.0,.139
Caleb Martin,2022-23,27,MIA,71,2077,11.4,-1.2,0.4,3.7,.086
Caleb Martin,2023-24,28,MIA,64,1756,10.8,-2.0,0.0,2.4,.066
Caleb Martin,2024-25,29,2TM,45,1218,9.6,-3.2,-0.4,0.6,.025
Caleb Martin,2024-25,29,PHI,31,943,10.1,-2.5,-0.1,0.6,.030
Caleb Martin,2024-25,29,DAL,14,275,8.0,-5.3,-0.2,0.0,.008
Caleb Martin,2025-26,30,DAL,58,856,9.3,-2.2,0.0,0.9,.048
Cody Martin,2019-20,24,CHO,48,903,10.5,-2.1,0.0,1.0,.052
Cody Martin,2020-21,25,CHO,52,849,10.6,-2.0,0.0,1.1,.061
Cody Martin,2021-22,26,CHO,71,1866,12.7,-0.5,0.7,3.9,.101
Cody Martin,2022-23,27,CHO,7,134,8.7,-4.6,-0.1,0.1,.045
Cody Martin,2023-24,28,CHO,28,753,9.2,-3.5,-0.3,-0.2,-0.012
Cody Martin,2024-25,29,2TM,53,1173,11.3,-1.7,0.1,1.3,.054
Cody Martin,2024-25,29,CHO,39,967,11.7,-1.2,0.2,1.3,.063
Cody Martin,2024-25,29,PHO,14,206,9.5,-4.0,-0.1,0.0,.010
Cody Martin,2025-26,30,IND,4,55,3.0,-8.0,-0.1,-0.1,-0.103
Jaylen Martin,2024-25,21,2TM,16,239,9.1,-6.3,-0.3,0.0,-0.004
Jaylen Martin,2024-25,21,BRK,3,5,12.8,3.4,0.0,0.0,.112
Jaylen Martin,2024-25,21,WAS,13,234,9.0,-6.5,-0.3,0.0,-0.007
KJ Martin,2020-21,20,HOU,45,1068,14.6,-1.8,0.0,2.2,.099
KJ Martin,2021-22,21,HOU,79,1656,14.3,-1.2,0.4,2.9,.084
KJ Martin,2022-23,22,HOU,82,2292,15.4,-0.7,0.7,4.9,.103
KJ Martin,2023-24,23,2TM,60,746,9.9,-4.1,-0.4,1.1,.071
KJ Martin,2023-24,23,LAC,2,31,6.9,-6.1,0.0,0.0,-0.034
KJ Martin,2023-24,23,PHI,58,715,10.0,-4.0,-0.4,1.1,.076
KJ Martin,2024-25,24,2TM,43,912,10.2,-3.6,-0.4,1.3,.068
KJ Martin,2024-25,24,PHI,24,480,12.3,-1.7,0.0,1.1,.107
KJ Martin,2024-25,24,UTA,19,432,7.9,-5.6,-0.4,0.2,.024
Tyrese Martin,2022-23,23,ATL,16,66,7.7,-7.4,-0.1,0.0,-0.010
Tyrese Martin,2023-24,,Did not play - other pro league,,,,,,,
Tyrese Martin,2024-25,25,BRK,60,1315,10.9,-2.6,-0.2,0.9,.033
Tyrese Martin,2025-26,26,2TM,46,777,10.3,-3.4,-0.3,0.1,.006
Tyrese Martin,2025-26,26,BRK,37,696,10.8,-3.1,-0.2,0.2,.013
Tyrese Martin,2025-26,26,PHI,9,81,6.0,-5.7,-0.1,-0.1,-0.057
Jahmai Mashack,2025-26,23,MEM,31,673,7.0,-7.0,-0.8,-0.5,-0.036
Garrison Mathews,2019-20,23,WAS,18,227,13.1,-1.1,0.1,0.6,.131
Garrison Mathews,2020-21,24,WAS,64,1038,9.7,-1.8,0.1,2.3,.108
Garrison Mathews,2021-22,25,HOU,65,1712,11.0,-2.3,-0.1,2.8,.077
Garrison Mathews,2022-23,26,2TM,54,686,9.7,-2.4,-0.1,1.0,.067
Garrison Mathews,2022-23,26,HOU,45,602,9.1,-2.5,-0.1,0.7,.058
Garrison Mathews,2022-23,26,ATL,9,84,14.0,-1.7,0.0,0.2,.127
Garrison Mathews,2023-24,27,ATL,66,992,8.9,-3.0,-0.2,1.6,.077
Garrison Mathews,2024-25,28,ATL,47,830,11.2,-1.6,0.1,1.5,.087
Garrison Mathews,2025-26,29,IND,15,196,11.2,-1.3,0.0,0.4,.097
Bennedict Mathurin,2022-23,20,IND,78,2222,13.1,-3.7,-1.0,1.8,.038
Bennedict Mathurin,2023-24,21,IND,59,1538,13.0,-3.4,-0.6,1.4,.045
Bennedict Mathurin,2024-25,22,IND,72,2149,13.6,-2.9,-0.5,3.0,.068
Bennedict Mathurin,2025-26,23,2TM,54,1620,14.7,-2.5,-0.2,2.1,.062
Bennedict Mathurin,2025-26,23,IND,28,891,12.6,-2.8,-0.2,0.7,.038
Bennedict Mathurin,2025-26,23,LAC,26,729,17.2,-2.1,0.0,1.4,.092
Karlo Matković,2024-25,23,NOP,42,791,15.6,-2.0,0.0,1.6,.096
Karlo Matković,2025-26,24,NOP,62,912,16.5,0.7,0.6,2.7,.141
Wesley Matthews,2009-10,23,UTA,82,2025,12.3,-0.5,0.8,4.6,.108
Wesley Matthews,2010-11,24,POR,82,2758,15.5,0.9,2.0,7.2,.126
Wesley Matthews,2011-12,25,POR,66,2228,14.1,0.3,1.3,4.8,.104
Wesley Matthews,2012-13,26,POR,69,2403,14.1,0.5,1.5,4.7,.093
Wesley Matthews,2013-14,27,POR,82,2780,15.7,1.9,2.7,8.2,.142
Wesley Matthews,2014-15,28,POR,60,2024,16.1,3.1,2.6,6.2,.147
Wesley Matthews,2015-16,29,DAL,78,2644,10.9,-1.0,0.6,3.7,.067
Wesley Matthews,2016-17,30,DAL,73,2495,11.9,-0.8,0.8,3.1,.060
Wesley Matthews,2017-18,31,DAL,63,2131,11.4,-0.9,0.6,2.6,.059
Wesley Matthews,2018-19,32,3TM,69,2091,10.3,-1.8,0.1,2.7,.062
Wesley Matthews,2018-19,32,DAL,44,1312,11.3,-1.3,0.2,1.8,.066
Wesley Matthews,2018-19,32,NYK,2,54,2.9,-6.6,-0.1,-0.1,-0.115
Wesley Matthews,2018-19,32,IND,23,725,9.2,-2.4,-0.1,1.0,.067
Wesley Matthews,2019-20,33,MIL,67,1635,8.1,-1.8,0.1,3.2,.093
Wesley Matthews,2020-21,34,LAL,58,1130,7.2,-1.7,0.1,1.7,.073
Wesley Matthews,2021-22,35,MIL,49,1002,6.9,-3.3,-0.3,1.2,.056
Wesley Matthews,2022-23,36,MIL,52,820,7.0,-2.7,-0.1,1.2,.073
Wesley Matthews,2023-24,37,ATL,36,413,8.2,-2.8,-0.1,0.4,.049
Tyrese Maxey,2020-21,20,PHI,61,935,14.5,-1.5,0.1,1.9,.099
Tyrese Maxey,2021-22,21,PHI,75,2650,16.2,0.6,1.8,7.3,.132
Tyrese Maxey,2022-23,22,PHI,60,2016,17.0,0.6,1.3,5.4,.128
Tyrese Maxey,2023-24,23,PHI,70,2626,19.8,3.1,3.4,8.1,.147
Tyrese Maxey,2024-25,24,PHI,52,1960,19.5,2.0,2.0,3.8,.094
Tyrese Maxey,2025-26,25,PHI,70,2661,21.9,5.4,4.9,8.7,.156
Skylar Mays,2020-21,23,ATL,33,269,16.8,1.9,0.3,0.8,.140
Skylar Mays,2021-22,24,ATL,28,220,11.7,-2.0,0.0,0.3,.061
Skylar Mays,2022-23,25,POR,6,189,19.4,0.0,0.1,0.7,.171
Skylar Mays,2023-24,26,2TM,38,433,12.0,-2.0,0.0,0.4,.044
Skylar Mays,2023-24,26,POR,21,356,11.9,-2.3,0.0,0.3,.034
Skylar Mays,2023-24,26,LAL,17,77,12.3,-0.6,0.0,0.1,.092
Bez Mbeng,2025-26,22,UTA,15,492,10.5,-4.9,-0.4,0.5,.047
Miles McBride,2021-22,21,NYK,40,372,6.1,-4.5,-0.2,0.2,.032
Miles McBride,2022-23,22,NYK,64,760,8.4,-2.3,-0.1,0.7,.047
Miles McBride,2023-24,23,NYK,68,1328,13.1,-0.1,0.6,3.6,.131
Miles McBride,2024-25,24,NYK,64,1593,12.6,0.0,0.8,3.2,.098
Miles McBride,2025-26,25,NYK,41,1080,13.1,1.2,0.9,2.7,.119
Jared McCain,2024-25,20,PHI,23,592,15.2,0.2,0.3,0.7,.057
Jared McCain,2025-26,21,2TM,67,1160,11.6,-2.4,-0.1,1.5,.060
Jared McCain,2025-26,21,PHI,37,620,9.4,-3.7,-0.3,0.3,.024
Jared McCain,2025-26,21,OKC,30,540,14.0,-0.9,0.1,1.1,.101
Mac McClung,2021-22,23,2TM,2,25,5.2,-9.6,0.0,0.0,-0.043
Mac McClung,2021-22,23,CHI,1,3,8.7,-15.3,0.0,0.0,-0.251
Mac McClung,2021-22,23,LAL,1,22,4.7,-8.8,0.0,0.0,-0.015
Mac McClung,2022-23,24,PHI,2,41,19.2,0.5,0.0,0.1,.140
Mac McClung,2023-24,,Did not play - other pro league,,,,,,,
Mac McClung,2024-25,26,ORL,2,10,-0.3,-11.0,0.0,0.0,-0.047
Mac McClung,2025-26,27,2TM,11,135,10.4,-5.1,-0.1,0.0,-0.007
Mac McClung,2025-26,27,IND,3,34,12.8,0.5,0.0,0.0,-0.016
Mac McClung,2025-26,27,CHI,8,101,9.6,-6.9,-0.1,0.0,-0.005
CJ McCollum,2013-14,22,POR,38,476,9.0,-3.4,-0.2,0.2,.019
CJ McCollum,2014-15,23,POR,62,973,13.1,-0.6,0.4,1.8,.089
CJ McCollum,2015-16,24,POR,80,2780,17.7,1.3,2.3,6.0,.104
CJ McCollum,2016-17,25,POR,80,2796,19.9,2.0,2.8,7.6,.131
CJ McCollum,2017-18,26,POR,81,2923,16.9,1.2,2.4,6.6,.108
CJ McCollum,2018-19,27,POR,70,2375,17.0,1.0,1.8,5.6,.114
CJ McCollum,2019-20,28,POR,70,2556,17.0,0.5,1.6,4.1,.077
CJ McCollum,2020-21,29,POR,47,1600,20.8,3.9,2.4,4.7,.141
CJ McCollum,2021-22,30,2TM,62,2145,18.3,1.9,2.1,3.6,.081
CJ McCollum,2021-22,30,POR,36,1267,15.8,0.1,0.7,1.0,.040
CJ McCollum,2021-22,30,NOP,26,878,21.9,4.5,1.5,2.6,.140
CJ McCollum,2022-23,31,NOP,75,2649,15.6,0.8,1.9,4.3,.078
CJ McCollum,2023-24,32,NOP,66,2159,17.9,3.1,2.8,5.9,.132
CJ McCollum,2024-25,33,NOP,56,1832,15.8,-1.4,0.3,1.5,.038
CJ McCollum,2025-26,34,2TM,76,2264,15.9,-0.3,1.0,3.0,.063
CJ McCollum,2025-26,34,WAS,35,1082,15.2,-1.5,0.1,0.9,.042
CJ McCollum,2025-26,34,ATL,41,1182,16.5,0.9,0.9,2.0,.082
T.J. McConnell,2015-16,23,PHI,81,1606,14.5,-1.2,0.3,1.9,.058
T.J. McConnell,2016-17,24,PHI,81,2133,13.7,-1.0,0.5,3.8,.084
T.J. McConnell,2017-18,25,PHI,76,1706,12.5,0.0,0.9,3.8,.108
T.J. McConnell,2018-19,26,PHI,76,1470,13.4,-0.9,0.4,2.9,.094
T.J. McConnell,2019-20,27,IND,71,1326,16.5,0.5,0.8,3.3,.121
T.J. McConnell,2020-21,28,IND,69,1796,16.9,1.4,1.5,4.8,.128
T.J. McConnell,2021-22,29,IND,27,652,15.1,0.9,0.5,1.3,.098
T.J. McConnell,2022-23,30,IND,75,1526,16.8,0.5,1.0,3.1,.098
T.J. McConnell,2023-24,31,IND,71,1291,20.9,3.0,1.6,3.9,.143
T.J. McConnell,2024-25,32,IND,79,1415,18.4,1.2,1.2,3.2,.109
T.J. McConnell,2025-26,33,IND,56,963,20.5,2.5,1.1,2.6,.132
Kevin McCullar Jr.,2024-25,23,NYK,4,29,6.7,-7.2,0.0,0.0,.060
Kevin McCullar Jr.,2025-26,24,NYK,21,155,9.9,-2.8,0.0,0.2,.059
Jaden McDaniels,2020-21,20,MIN,63,1511,8.9,-3.5,-0.6,1.4,.046
Jaden McDaniels,2021-22,21,MIN,70,1803,10.3,-2.9,-0.4,2.4,.065
Jaden McDaniels,2022-23,22,MIN,79,2416,12.0,-1.2,0.5,4.4,.087
Jaden McDaniels,2023-24,23,MIN,72,2105,9.4,-2.6,-0.3,3.4,.077
Jaden McDaniels,2024-25,24,MIN,82,2614,13.3,0.0,1.4,6.3,.115
Jaden McDaniels,2025-26,25,MIN,73,2316,14.0,-0.3,1.0,5.2,.109
Jalen McDaniels,2019-20,22,CHO,16,293,10.7,-3.3,-0.1,0.5,.078
Jalen McDaniels,2020-21,23,CHO,47,904,11.4,-3.2,-0.3,1.2,.062
Jalen McDaniels,2021-22,24,CHO,55,895,12.7,-2.3,-0.1,1.7,.093
Jalen McDaniels,2022-23,25,2TM,80,1913,11.8,-2.1,-0.1,2.7,.068
Jalen McDaniels,2022-23,25,CHO,56,1494,11.6,-2.0,0.0,1.8,.057
Jalen McDaniels,2022-23,25,PHI,24,419,12.5,-2.6,-0.1,1.0,.109
Jalen McDaniels,2023-24,26,TOR,50,538,5.0,-9.0,-1.0,-0.8,-0.074
Jalen McDaniels,2024-25,27,WAS,4,7,10.9,5.6,0.0,0.0,.114
Doug McDermott,2014-15,23,CHI,36,321,6.1,-6.0,-0.3,0.0,-0.005
Doug McDermott,2015-16,24,CHI,81,1861,10.9,-2.9,-0.4,2.8,.073
Doug McDermott,2016-17,25,2TM,66,1508,10.7,-2.3,-0.1,2.6,.083
Doug McDermott,2016-17,25,CHI,44,1078,11.3,-2.1,0.0,1.9,.084
Doug McDermott,2016-17,25,OKC,22,430,9.3,-2.7,-0.1,0.7,.080
Doug McDermott,2017-18,26,2TM,81,1768,10.4,-2.2,-0.1,2.3,.063
Doug McDermott,2017-18,26,NYK,55,1172,9.9,-2.1,0.0,1.3,.055
Doug McDermott,2017-18,26,DAL,26,596,11.5,-2.6,-0.1,1.0,.077
Doug McDermott,2018-19,27,IND,77,1340,11.6,-1.4,0.2,2.9,.103
Doug McDermott,2019-20,28,IND,69,1372,14.4,0.0,0.7,3.3,.117
Doug McDermott,2020-21,29,IND,66,1619,15.6,-0.6,0.6,3.8,.112
Doug McDermott,2021-22,30,SAS,51,1223,11.4,-2.5,-0.1,1.6,.062
Doug McDermott,2022-23,31,SAS,64,1314,11.1,-3.2,-0.4,1.0,.035
Doug McDermott,2023-24,32,2TM,64,904,9.1,-3.4,-0.3,0.9,.046
Doug McDermott,2023-24,32,SAS,46,700,9.5,-2.9,-0.2,0.8,.053
Doug McDermott,2023-24,32,IND,18,204,7.7,-5.1,-0.2,0.1,.024
Doug McDermott,2024-25,33,SAC,42,342,9.5,-3.2,-0.1,0.4,.061
Doug McDermott,2025-26,34,SAC,29,439,8.6,-4.4,-0.3,0.2,.018
JaVale McGee,2008-09,21,WAS,75,1143,17.0,-2.9,-0.3,2.0,.084
JaVale McGee,2009-10,22,WAS,60,968,17.0,-0.8,0.3,2.1,.105
JaVale McGee,2010-11,23,WAS,79,2193,17.4,-0.4,0.9,5.3,.115
JaVale McGee,2011-12,24,2TM,61,1535,19.9,0.2,0.8,4.1,.127
JaVale McGee,2011-12,24,WAS,41,1124,19.6,0.1,0.6,2.8,.120
JaVale McGee,2011-12,24,DEN,20,411,20.5,0.4,0.2,1.3,.148
JaVale McGee,2012-13,25,DEN,79,1433,20.7,1.6,1.3,4.9,.163
JaVale McGee,2013-14,26,DEN,5,79,10.2,-6.5,-0.1,-0.1,-0.039
JaVale McGee,2014-15,27,2TM,23,256,14.4,-2.8,-0.1,0.4,.071
JaVale McGee,2014-15,27,DEN,17,195,16.7,-1.2,0.0,0.4,.109
JaVale McGee,2014-15,27,PHI,6,61,6.8,-7.7,-0.1,-0.1,-0.052
JaVale McGee,2015-16,28,DAL,34,370,19.9,-0.3,0.1,1.1,.146
JaVale McGee,2016-17,29,GSW,77,739,25.2,1.2,0.6,3.5,.225
JaVale McGee,2017-18,30,GSW,65,615,22.3,1.5,0.5,2.7,.212
JaVale McGee,2018-19,31,LAL,75,1671,21.8,1.4,1.4,5.9,.171
JaVale McGee,2019-20,32,LAL,68,1130,19.4,1.5,1.0,4.7,.198
JaVale McGee,2020-21,33,2TM,46,678,17.0,-2.5,-0.1,1.0,.068
JaVale McGee,2020-21,33,CLE,33,503,18.4,-1.1,0.1,0.8,.074
JaVale McGee,2020-21,33,DEN,13,175,12.9,-6.6,-0.2,0.2,.050
JaVale McGee,2021-22,34,PHO,74,1172,22.6,0.8,0.8,4.9,.201
JaVale McGee,2022-23,35,DAL,42,355,17.2,-3.7,-0.1,0.6,.076
JaVale McGee,2023-24,36,SAC,46,339,19.0,-1.3,0.1,0.7,.101
Bryce McGowens,2022-23,20,CHO,46,787,7.2,-6.0,-0.8,0.1,.005
Bryce McGowens,2023-24,21,CHO,59,882,9.3,-4.9,-0.6,0.6,.034
Bryce McGowens,2024-25,22,POR,13,32,1.7,-13.6,-0.1,-0.1,-0.172
Bryce McGowens,2025-26,23,NOP,42,880,11.7,-2.9,-0.2,1.7,.094
Rodney McGruder,2016-17,25,MIA,78,1966,9.1,-1.9,0.0,2.9,.072
Rodney McGruder,2017-18,26,MIA,18,299,12.0,-1.4,0.1,0.8,.125
Rodney McGruder,2018-19,27,MIA,66,1550,9.4,-2.3,-0.1,1.9,.059
Rodney McGruder,2019-20,28,LAC,56,871,6.7,-3.0,-0.2,1.0,.055
Rodney McGruder,2020-21,29,DET,16,194,16.1,0.7,0.1,0.5,.121
Rodney McGruder,2021-22,30,DET,51,754,11.6,-1.4,0.1,1.2,.075
Rodney McGruder,2022-23,31,DET,32,524,10.7,-1.5,0.1,0.7,.068
Rodney McGruder,2023-24,,Did not play - other pro league,,,,,,,
Jordan McLaughlin,2019-20,23,MIN,30,590,16.3,0.3,0.3,1.6,.130
Jordan McLaughlin,2020-21,24,MIN,51,938,12.0,-1.7,0.1,1.2,.062
Jordan McLaughlin,2021-22,25,MIN,62,902,13.4,0.4,0.6,2.3,.123
Jordan McLaughlin,2022-23,26,MIN,43,678,11.8,-0.7,0.2,1.3,.094
Jordan McLaughlin,2023-24,27,MIN,56,626,15.5,4.2,1.0,2.5,.193
Jordan McLaughlin,2024-25,28,2TM,46,314,12.3,-1.6,0.0,0.6,.098
Jordan McLaughlin,2024-25,28,SAC,28,190,9.4,-3.5,-0.1,0.2,.045
Jordan McLaughlin,2024-25,28,SAS,18,124,16.9,1.3,0.1,0.5,.178
Jordan McLaughlin,2025-26,29,SAS,44,282,12.0,0.6,0.2,0.6,.100
Liam McNeeley,2025-26,20,CHO,31,368,10.6,-1.3,0.1,0.9,.112
Jack McVeigh,2024-25,28,HOU,9,43,4.0,-7.7,-0.1,0.0,-0.031
De'Anthony Melton,2018-19,20,PHO,50,984,9.9,-2.7,-0.2,0.0,.002
De'Anthony Melton,2019-20,21,MEM,60,1167,13.5,-0.2,0.5,1.7,.072
De'Anthony Melton,2020-21,22,MEM,52,1045,15.2,2.3,1.1,2.2,.103
De'Anthony Melton,2021-22,23,MEM,73,1657,15.2,1.9,1.6,3.7,.107
De'Anthony Melton,2022-23,24,PHI,77,2150,12.7,0.9,1.6,4.2,.095
De'Anthony Melton,2023-24,25,PHI,38,1023,13.4,0.5,0.7,2.1,.099
De'Anthony Melton,2024-25,26,GSW,6,121,13.3,-0.8,0.0,0.2,.076
De'Anthony Melton,2025-26,27,GSW,49,1125,13.4,-2.5,-0.1,0.7,.031
Nathan Mensah,2023-24,25,CHO,25,307,5.0,-8.8,-0.5,0.1,.023
Sam Merrill,2020-21,24,MIL,30,233,11.9,-1.0,0.1,0.5,.102
Sam Merrill,2021-22,25,MEM,6,58,7.5,-5.6,-0.1,0.0,.029
Sam Merrill,2022-23,26,CLE,5,59,15.5,1.2,0.0,0.2,.160
Sam Merrill,2023-24,27,CLE,61,1069,13.1,0.5,0.7,2.8,.125
Sam Merrill,2024-25,28,CLE,71,1401,11.1,0.3,0.8,3.3,.113
Sam Merrill,2025-26,29,CLE,52,1377,13.6,0.1,0.7,3.7,.127
Chimezie Metu,2018-19,21,SAS,29,145,6.4,-8.7,-0.2,-0.3,-0.099
Chimezie Metu,2019-20,22,SAS,18,105,22.2,1.7,0.1,0.3,.130
Chimezie Metu,2020-21,23,SAC,36,488,14.5,-3.6,-0.2,0.6,.061
Chimezie Metu,2021-22,24,SAC,60,1279,13.4,-1.5,0.2,1.5,.056
Chimezie Metu,2022-23,25,SAC,66,689,17.3,-0.1,0.3,2.1,.143
Chimezie Metu,2023-24,26,2TM,51,859,13.3,-1.3,0.2,1.5,.085
Chimezie Metu,2023-24,26,PHO,37,448,13.9,-1.3,0.1,1.0,.106
Chimezie Metu,2023-24,26,DET,14,411,12.6,-1.3,0.1,0.5,.063
Vasilije Micić,2014-15,,Did not play - other pro league,,,,,,,
Vasilije Micić,2015-16,,Did not play - other pro league,,,,,,,
Vasilije Micić,2016-17,,Did not play - other pro league,,,,,,,
Vasilije Micić,2017-18,,Did not play - other pro league,,,,,,,
Vasilije Micić,2018-19,,Did not play - other pro league,,,,,,,
Vasilije Micić,2019-20,,Did not play - other pro league,,,,,,,
Vasilije Micić,2020-21,,Did not play - other pro league,,,,,,,
Vasilije Micić,2021-22,,Did not play - other pro league,,,,,,,
Vasilije Micić,2022-23,,Did not play - other pro league,,,,,,,
Vasilije Micić,2023-24,30,2TM,60,1176,10.7,-4.6,-0.8,0.4,.015
Vasilije Micić,2023-24,30,OKC,30,361,8.0,-5.3,-0.3,0.2,.021
Vasilije Micić,2023-24,30,CHO,30,815,11.9,-4.4,-0.5,0.2,.012
Vasilije Micić,2024-25,31,2TM,41,785,6.5,-7.0,-1.0,-1.0,-0.060
Vasilije Micić,2024-25,31,CHO,36,764,6.8,-6.8,-0.9,-0.9,-0.056
Vasilije Micić,2024-25,31,PHO,5,21,-5.2,-14.8,-0.1,-0.1,-0.189
Khris Middleton,2012-13,21,DET,27,475,11.4,-1.9,0.0,0.9,.089
Khris Middleton,2013-14,22,MIL,82,2460,12.5,-2.3,-0.2,2.7,.053
Khris Middleton,2014-15,23,MIL,79,2378,15.6,1.6,2.2,6.7,.135
Khris Middleton,2015-16,24,MIL,79,2852,16.8,0.6,1.9,6.1,.103
Khris Middleton,2016-17,25,MIL,29,889,15.0,-0.3,0.4,1.6,.085
Khris Middleton,2017-18,26,MIL,82,2982,17.4,0.0,1.5,6.9,.111
Khris Middleton,2018-19,27,MIL,77,2393,16.5,0.8,1.7,6.1,.123
Khris Middleton,2019-20,28,MIL,62,1853,21.1,4.1,2.9,7.9,.205
Khris Middleton,2020-21,29,MIL,68,2269,18.2,1.3,1.9,6.4,.135
Khris Middleton,2021-22,30,MIL,66,2141,18.1,1.6,1.9,5.3,.119
Khris Middleton,2022-23,31,MIL,33,801,17.4,0.8,0.6,1.9,.117
Khris Middleton,2023-24,32,MIL,55,1487,17.0,1.1,1.2,3.4,.109
Khris Middleton,2024-25,33,2TM,37,843,16.7,0.7,0.6,2.0,.116
Khris Middleton,2024-25,33,MIL,23,534,17.8,2.2,0.6,1.7,.150
Khris Middleton,2024-25,33,WAS,14,309,14.9,-2.0,0.0,0.4,.057
Khris Middleton,2025-26,34,2TM,63,1439,10.9,-4.4,-0.9,0.3,.008
Khris Middleton,2025-26,34,WAS,34,827,11.5,-4.0,-0.4,0.2,.009
Khris Middleton,2025-26,34,DAL,29,612,10.2,-4.9,-0.4,0.1,.008
Brandon Miller,2023-24,21,CHO,74,2383,13.0,-2.6,-0.3,0.8,.015
Brandon Miller,2024-25,22,CHO,27,924,14.0,0.0,0.4,0.4,.023
Brandon Miller,2025-26,23,CHO,65,1968,16.8,1.6,1.8,4.5,.109
Emanuel Miller,2024-25,24,CHI,6,25,18.1,-1.8,0.0,0.1,.201
Emanuel Miller,2025-26,25,CHI,5,33,15.0,2.5,0.0,0.1,.111
Jordan Miller,2023-24,24,LAC,8,28,14.1,-3.8,0.0,0.1,.116
Jordan Miller,2024-25,25,LAC,37,420,10.5,-2.8,-0.1,0.4,.049
Jordan Miller,2025-26,26,LAC,60,1325,15.9,0.2,0.8,3.5,.125
Leonard Miller,2023-24,20,MIN,17,52,27.0,9.6,0.2,0.3,.323
Leonard Miller,2024-25,21,MIN,13,32,19.9,-3.7,0.0,0.1,.145
Leonard Miller,2025-26,22,2TM,46,719,15.9,-1.3,0.1,1.6,.105
Leonard Miller,2025-26,22,MIN,19,95,12.2,-5.8,-0.1,0.1,.049
Leonard Miller,2025-26,22,CHI,27,624,16.5,-0.6,0.2,1.5,.113
Patty Mills,2009-10,21,POR,10,38,11.9,-10.2,-0.1,0.0,-0.036
Patty Mills,2010-11,22,POR,64,783,13.0,-1.5,0.1,0.7,.044
Patty Mills,2011-12,23,SAS,16,261,21.5,2.5,0.3,0.9,.161
Patty Mills,2012-13,24,SAS,58,656,14.1,0.2,0.4,1.5,.109
Patty Mills,2013-14,25,SAS,81,1527,18.7,4.0,2.3,5.6,.175
Patty Mills,2014-15,26,SAS,51,801,13.0,-0.3,0.4,1.4,.087
Patty Mills,2015-16,27,SAS,81,1662,14.6,1.5,1.5,4.8,.139
Patty Mills,2016-17,28,SAS,80,1754,15.2,1.6,1.6,5.1,.139
Patty Mills,2017-18,29,SAS,82,2107,11.8,-1.0,0.5,4.1,.093
Patty Mills,2018-19,30,SAS,82,1908,13.2,-0.3,0.8,3.5,.087
Patty Mills,2019-20,31,SAS,66,1485,14.8,0.0,0.8,2.8,.091
Patty Mills,2020-21,32,SAS,68,1685,11.8,-1.2,0.4,2.2,.062
Patty Mills,2021-22,33,BRK,81,2346,10.4,-1.7,0.2,2.8,.058
Patty Mills,2022-23,34,BRK,40,567,10.6,-3.1,-0.2,0.4,.035
Patty Mills,2023-24,35,2TM,32,415,7.2,-4.6,-0.3,0.1,.009
Patty Mills,2023-24,35,ATL,19,202,6.6,-3.8,-0.1,0.0,.008
Patty Mills,2023-24,35,MIA,13,213,7.9,-5.3,-0.2,0.0,.009
Patty Mills,2024-25,36,2TM,29,321,8.4,-3.2,-0.1,0.1,.017
Patty Mills,2024-25,36,UTA,17,260,6.2,-4.4,-0.2,-0.2,-0.040
Patty Mills,2024-25,36,LAC,12,61,17.5,2.1,0.1,0.3,.259
Shake Milton,2018-19,22,PHI,20,268,9.3,-3.2,-0.1,0.3,.059
Shake Milton,2019-20,23,PHI,40,805,14.4,-1.0,0.2,2.1,.126
Shake Milton,2020-21,24,PHI,63,1461,14.6,-1.6,0.1,2.8,.091
Shake Milton,2021-22,25,PHI,55,1179,11.9,-2.2,-0.1,1.7,.069
Shake Milton,2022-23,26,PHI,76,1567,12.7,-2.0,0.0,2.9,.087
Shake Milton,2023-24,27,3TM,48,581,9.2,-3.7,-0.3,0.6,.048
Shake Milton,2023-24,27,MIN,38,491,8.3,-4.2,-0.3,0.4,.039
Shake Milton,2023-24,27,DET,4,63,14.6,0.3,0.0,0.1,.047
Shake Milton,2023-24,27,NYK,6,27,13.8,-3.5,0.0,0.1,.201
Shake Milton,2024-25,28,2TM,57,837,11.9,-2.2,0.0,1.3,.077
Shake Milton,2024-25,28,BRK,27,492,12.8,-0.9,0.1,1.0,.093
Shake Milton,2024-25,28,LAL,30,345,10.5,-4.0,-0.2,0.4,.055
Justin Minaya,2022-23,23,POR,4,89,4.0,-9.0,-0.2,-0.1,-0.067
Justin Minaya,2023-24,24,POR,34,381,5.8,-5.6,-0.3,0.1,.009
Justin Minaya,2024-25,25,POR,19,101,5.0,-5.4,-0.1,0.0,-0.007
Riley Minix,2024-25,24,SAS,1,7,-1.7,-11.8,0.0,0.0,-0.114
Riley Minix,2025-26,25,2TM,9,58,19.1,1.8,0.1,0.2,.162
Riley Minix,2025-26,25,SAS,3,8,44.7,25.5,0.1,0.1,.430
Riley Minix,2025-26,25,CLE,6,50,15.0,-2.0,0.0,0.1,.119
Josh Minott,2022-23,20,MIN,15,96,17.9,-1.6,0.0,0.3,.146
Josh Minott,2023-24,21,MIN,32,91,20.4,5.1,0.2,0.4,.222
Josh Minott,2024-25,22,MIN,46,276,15.5,2.2,0.3,0.9,.153
Josh Minott,2025-26,23,2TM,49,834,16.0,2.5,1.0,2.4,.139
Josh Minott,2025-26,23,BOS,33,526,15.6,2.2,0.6,1.9,.173
Josh Minott,2025-26,23,BRK,16,308,16.8,3.0,0.4,0.5,.080
Yves Missi,2024-25,20,NOP,73,1956,15.4,-3.0,-0.5,3.6,.089
Yves Missi,2025-26,21,NOP,66,1297,15.0,-1.7,0.1,2.7,.098
Ajay Mitchell,2024-25,22,OKC,36,597,12.0,-1.6,0.1,1.5,.122
Ajay Mitchell,2025-26,23,OKC,57,1473,16.8,1.9,1.4,4.8,.156
Davion Mitchell,2021-22,23,SAC,75,2076,10.8,-3.8,-0.9,0.1,.003
Davion Mitchell,2022-23,24,SAC,80,1447,9.4,-2.8,-0.3,1.5,.050
Davion Mitchell,2023-24,25,SAC,72,1101,9.3,-3.4,-0.4,1.3,.059
Davion Mitchell,2024-25,26,2TM,74,2027,10.2,-2.6,-0.3,3.0,.070
Davion Mitchell,2024-25,26,TOR,44,1080,7.9,-4.3,-0.6,0.7,.031
Davion Mitchell,2024-25,26,MIA,30,947,12.9,-0.6,0.3,2.3,.114
Davion Mitchell,2025-26,27,MIA,70,2000,12.1,-0.9,0.6,4.3,.104
Donovan Mitchell,2017-18,21,UTA,79,2638,16.7,1.2,2.2,5.2,.095
Donovan Mitchell,2018-19,22,UTA,77,2598,17.2,1.3,2.2,5.0,.092
Donovan Mitchell,2019-20,23,UTA,69,2364,18.8,1.9,2.3,5.4,.110
Donovan Mitchell,2020-21,24,UTA,53,1771,21.3,4.3,2.8,6.2,.167
Donovan Mitchell,2021-22,25,UTA,67,2266,21.6,4.3,3.6,7.2,.152
Donovan Mitchell,2022-23,26,CLE,68,2432,22.9,6.3,5.0,8.9,.176
Donovan Mitchell,2023-24,27,CLE,55,1942,22.1,5.8,3.9,6.4,.159
Donovan Mitchell,2024-25,28,CLE,71,2232,20.9,3.7,3.2,7.6,.163
Donovan Mitchell,2025-26,29,CLE,70,2342,22.9,5.1,4.2,8.2,.169
Evan Mobley,2021-22,20,CLE,69,2331,16.1,0.6,1.5,5.2,.107
Evan Mobley,2022-23,21,CLE,79,2715,17.9,1.7,2.5,8.5,.151
Evan Mobley,2023-24,22,CLE,50,1532,20.1,2.9,1.9,5.5,.174
Evan Mobley,2024-25,23,CLE,71,2167,22.3,4.6,3.6,9.0,.200
Evan Mobley,2025-26,24,CLE,65,2074,20.0,3.0,2.6,6.5,.150
Isaiah Mobley,2022-23,23,CLE,12,84,14.1,-1.4,0.0,0.2,.135
Isaiah Mobley,2023-24,24,CLE,10,72,8.1,-6.6,-0.1,0.0,.032
Isaiah Mobley,2024-25,25,PHI,1,17,17.2,4.7,0.0,0.0,.119
Jonathan Mogbo,2024-25,23,TOR,63,1286,11.9,-1.9,0.0,1.9,.071
Jonathan Mogbo,2025-26,24,TOR,40,249,12.8,-0.7,0.1,0.6,.120
Chima Moneke,2022-23,27,SAC,2,8,-3.5,-20.7,0.0,0.0,-0.288
Chima Moneke,2023-24,,Did not play - other pro league,,,,,,,
Malik Monk,2017-18,19,CHO,63,854,10.2,-3.4,-0.3,0.0,.000
Malik Monk,2018-19,20,CHO,73,1258,11.8,-3.0,-0.3,0.3,.012
Malik Monk,2019-20,21,CHO,55,1169,12.6,-2.3,-0.1,0.7,.028
Malik Monk,2020-21,22,CHO,42,878,13.6,-1.8,0.0,1.0,.054
Malik Monk,2021-22,23,LAL,76,2139,14.4,-0.5,0.8,3.6,.081
Malik Monk,2022-23,24,SAC,77,1719,16.6,0.3,1.0,3.2,.091
Malik Monk,2023-24,25,SAC,72,1872,16.0,0.6,1.2,3.5,.090
Malik Monk,2024-25,26,SAC,65,2054,15.0,-0.8,0.6,2.8,.065
Malik Monk,2025-26,27,SAC,62,1364,14.2,-1.3,0.2,1.0,.034
Moses Moody,2021-22,19,GSW,52,607,10.5,-2.5,-0.1,1.3,.101
Moses Moody,2022-23,20,GSW,63,817,10.3,-2.6,-0.1,1.3,.076
Moses Moody,2023-24,21,GSW,66,1156,13.7,-0.1,0.6,2.4,.101
Moses Moody,2024-25,22,GSW,74,1649,12.4,-0.9,0.5,3.5,.102
Moses Moody,2025-26,23,GSW,60,1540,13.5,-0.1,0.7,3.1,.096
Xavier Moon,2021-22,27,LAC,10,137,16.2,-0.1,0.1,0.3,.121
Xavier Moon,2022-23,28,LAC,4,20,7.2,-5.1,0.0,0.0,-0.030
Xavier Moon,2023-24,29,LAC,14,119,8.1,-6.1,-0.1,-0.1,-0.026
Taze Moore,2023-24,25,POR,4,40,11.8,-3.1,0.0,0.0,-0.017
Taze Moore,2024-25,26,POR,2,20,7.1,-4.3,0.0,-0.1,-0.150
Wendell Moore Jr.,2022-23,21,MIN,29,153,9.3,-2.4,0.0,0.1,.028
Wendell Moore Jr.,2023-24,22,MIN,25,75,8.6,-2.8,0.0,0.1,.052
Wendell Moore Jr.,2024-25,23,2TM,36,499,11.0,-2.7,-0.1,0.7,.063
Wendell Moore Jr.,2024-25,23,DET,20,219,12.4,0.0,0.1,0.5,.115
Wendell Moore Jr.,2024-25,23,CHO,16,280,10.0,-4.7,-0.2,0.1,.023
Wendell Moore Jr.,2025-26,24,DET,6,60,8.9,-1.3,0.0,0.1,.116
Alex Morales,2025-26,28,ORL,4,24,0.9,-16.0,-0.1,-0.1,-0.104
Ja Morant,2019-20,20,MEM,67,2074,17.4,0.3,1.2,3.8,.088
Ja Morant,2020-21,21,MEM,63,2053,16.7,-0.4,0.8,3.2,.074
Ja Morant,2021-22,22,MEM,57,1889,24.4,6.1,3.9,6.7,.171
Ja Morant,2022-23,23,MEM,61,1948,23.3,5.7,3.8,6.0,.148
Ja Morant,2023-24,24,MEM,9,318,20.6,3.1,0.4,0.8,.124
Ja Morant,2024-25,25,MEM,50,1519,19.3,2.4,1.7,3.5,.112
Ja Morant,2025-26,26,MEM,20,569,16.6,-1.5,0.1,0.3,.024
Marcus Morris,2011-12,22,HOU,17,126,3.8,-9.3,-0.2,-0.2,-0.083
Marcus Morris,2012-13,23,2TM,77,1524,11.3,-2.0,0.0,1.8,.058
Marcus Morris,2012-13,23,HOU,54,1154,12.1,-1.2,0.2,2.0,.084
Marcus Morris,2012-13,23,PHO,23,370,8.6,-4.4,-0.2,-0.2,-0.022
Marcus Morris,2013-14,24,PHO,82,1800,14.8,0.5,1.1,4.2,.111
Marcus Morris,2014-15,25,PHO,81,2045,13.7,0.1,1.1,4.0,.093
Marcus Morris,2015-16,26,DET,80,2856,12.7,-0.2,1.3,5.4,.091
Marcus Morris,2016-17,27,DET,79,2565,12.4,-1.1,0.6,3.9,.072
Marcus Morris,2017-18,28,BOS,54,1442,14.5,-0.1,0.7,3.2,.108
Marcus Morris,2018-19,29,BOS,75,2091,14.2,-0.9,0.6,4.5,.104
Marcus Morris,2019-20,30,2TM,62,1936,14.3,-0.1,0.9,3.6,.088
Marcus Morris,2019-20,30,NYK,43,1387,16.5,0.7,0.9,2.9,.101
Marcus Morris,2019-20,30,LAC,19,549,8.9,-2.2,0.0,0.6,.055
Marcus Morris,2020-21,31,LAC,57,1502,14.5,0.0,0.8,3.6,.115
Marcus Morris,2021-22,32,LAC,54,1564,13.7,-1.4,0.3,2.4,.074
Marcus Morris,2022-23,33,LAC,65,1825,10.5,-1.9,0.0,2.0,.053
Marcus Morris,2023-24,34,2TM,49,817,9.9,-3.8,-0.4,1.0,.060
Marcus Morris,2023-24,34,PHI,37,637,10.5,-3.4,-0.2,1.0,.073
Marcus Morris,2023-24,34,CLE,12,180,8.0,-5.1,-0.1,0.1,.015
Markieff Morris,2011-12,22,PHO,63,1227,12.1,-2.1,0.0,1.5,.059
Markieff Morris,2012-13,23,PHO,82,1837,12.6,-1.9,0.0,1.7,.044
Markieff Morris,2013-14,24,PHO,81,2153,18.4,1.0,1.6,6.4,.143
Markieff Morris,2014-15,25,PHO,82,2581,15.8,-0.3,1.1,4.6,.085
Markieff Morris,2015-16,26,2TM,64,1629,12.2,-2.4,-0.2,0.5,.015
Markieff Morris,2015-16,26,PHO,37,917,10.8,-3.7,-0.4,-0.5,-0.029
Markieff Morris,2015-16,26,WAS,27,712,14.0,-0.9,0.2,1.1,.072
Markieff Morris,2016-17,27,WAS,76,2374,13.7,-1.5,0.3,4.1,.083
Markieff Morris,2017-18,28,WAS,73,1968,13.2,-1.3,0.4,3.3,.080
Markieff Morris,2018-19,29,2TM,58,1270,11.7,-2.7,-0.2,1.6,.061
Markieff Morris,2018-19,29,WAS,34,883,12.3,-2.7,-0.2,0.9,.051
Markieff Morris,2018-19,29,OKC,24,387,10.4,-2.8,-0.1,0.7,.083
Markieff Morris,2019-20,30,2TM,58,1187,12.5,-2.0,0.0,1.4,.058
Markieff Morris,2019-20,30,DET,44,988,12.7,-2.1,0.0,1.0,.049
Markieff Morris,2019-20,30,LAL,14,199,11.5,-1.4,0.0,0.4,.106
Markieff Morris,2020-21,31,LAL,61,1200,9.3,-2.6,-0.2,1.6,.062
Markieff Morris,2021-22,32,MIA,17,298,10.9,-1.9,0.0,0.3,.054
Markieff Morris,2022-23,33,2TM,35,355,10.4,-2.7,-0.1,0.4,.059
Markieff Morris,2022-23,33,BRK,27,285,10.7,-1.9,0.0,0.4,.074
Markieff Morris,2022-23,33,DAL,8,70,9.1,-5.8,-0.1,0.0,.002
Markieff Morris,2023-24,34,DAL,26,216,6.6,-5.3,-0.2,-0.1,-0.014
Markieff Morris,2024-25,35,2TM,15,165,6.0,-7.6,-0.2,-0.2,-0.044
Markieff Morris,2024-25,35,DAL,7,41,0.0,-13.1,-0.1,-0.2,-0.225
Markieff Morris,2024-25,35,LAL,8,124,7.9,-5.8,-0.1,0.0,.016
Monte Morris,2017-18,22,DEN,3,25,27.1,9.4,0.1,0.2,.312
Monte Morris,2018-19,23,DEN,82,1970,16.2,1.5,1.7,6.2,.151
Monte Morris,2019-20,24,DEN,73,1636,14.9,-0.2,0.7,3.8,.112
Monte Morris,2020-21,25,DEN,47,1196,14.0,-0.3,0.5,2.9,.115
Monte Morris,2021-22,26,DEN,75,2239,14.7,0.0,1.1,5.4,.116
Monte Morris,2022-23,27,WAS,62,1695,15.0,0.5,1.1,4.2,.120
Monte Morris,2023-24,28,2TM,33,476,13.2,0.7,0.3,1.2,.123
Monte Morris,2023-24,28,DET,6,68,8.5,-6.9,-0.1,-0.1,-0.065
Monte Morris,2023-24,28,MIN,27,408,13.9,2.0,0.4,1.3,.154
Monte Morris,2024-25,29,PHO,45,571,13.1,-1.8,0.0,0.8,.064
Monte Morris,2025-26,30,IND,6,65,6.9,-5.9,-0.1,0.0,-0.028
Trey Murphy III,2021-22,21,NOP,62,864,12.5,-1.2,0.2,1.9,.104
Trey Murphy III,2022-23,22,NOP,79,2448,15.2,1.8,2.3,7.6,.150
Trey Murphy III,2023-24,23,NOP,57,1690,16.3,2.5,1.9,5.4,.154
Trey Murphy III,2024-25,24,NOP,53,1854,17.3,0.8,1.3,3.5,.091
Trey Murphy III,2025-26,25,NOP,66,2341,18.3,2.4,2.6,6.0,.123
Dejounte Murray,2016-17,20,SAS,38,322,9.6,-4.8,-0.2,0.0,.004
Dejounte Murray,2017-18,21,SAS,81,1743,15.1,0.5,1.1,3.2,.087
Dejounte Murray,2018-19,,Did not play - injury,,,,,,,
Dejounte Murray,2019-20,23,SAS,66,1687,16.2,0.4,1.0,2.6,.074
Dejounte Murray,2020-21,24,SAS,67,2139,16.5,0.8,1.5,3.3,.074
Dejounte Murray,2021-22,25,SAS,68,2366,22.3,5.4,4.4,7.3,.149
Dejounte Murray,2022-23,26,ATL,74,2693,17.0,1.0,2.1,4.7,.084
Dejounte Murray,2023-24,27,ATL,78,2783,17.7,1.7,2.6,4.9,.084
Dejounte Murray,2024-25,28,NOP,31,1012,15.4,-1.6,0.1,0.2,.009
Dejounte Murray,2025-26,29,NOP,14,389,18.1,1.4,0.3,0.6,.072
Jamal Murray,2016-17,19,DEN,82,1764,11.9,-2.0,0.0,1.3,.037
Jamal Murray,2017-18,20,DEN,81,2565,16.1,-0.3,1.1,5.5,.103
Jamal Murray,2018-19,21,DEN,75,2447,16.0,0.6,1.6,5.1,.100
Jamal Murray,2019-20,22,DEN,59,1904,17.7,1.2,1.5,4.3,.107
Jamal Murray,2020-21,23,DEN,48,1704,18.3,2.0,1.7,4.6,.129
Jamal Murray,2021-22,,Did not play - injury,,,,,,,
Jamal Murray,2022-23,25,DEN,65,2133,18.0,1.3,1.8,5.1,.116
Jamal Murray,2023-24,26,DEN,59,1861,20.7,4.1,2.9,5.9,.153
Jamal Murray,2024-25,27,DEN,67,2418,17.8,0.8,1.7,6.2,.123
Jamal Murray,2025-26,28,DEN,75,2652,21.8,4.1,4.1,9.5,.173
Keegan Murray,2022-23,22,SAC,80,2382,12.3,-0.6,0.8,4.3,.087
Keegan Murray,2023-24,23,SAC,77,2588,13.3,-0.9,0.8,5.2,.096
Keegan Murray,2024-25,24,SAC,76,2610,12.0,-1.6,0.2,4.4,.082
Keegan Murray,2025-26,25,SAC,23,793,11.7,-3.1,-0.2,0.2,.011
Kris Murray,2023-24,23,POR,62,1348,9.0,-3.6,-0.6,0.7,.024
Kris Murray,2024-25,24,POR,69,1040,9.1,-3.0,-0.3,0.7,.033
Kris Murray,2025-26,25,POR,57,1333,9.6,-1.5,0.2,2.2,.079
Collin Murray-Boyles,2025-26,20,TOR,57,1246,16.4,1.0,1.0,4.0,.154
Mike Muscala,2013-14,22,ATL,20,215,10.8,-5.5,-0.2,0.2,.040
Mike Muscala,2014-15,23,ATL,40,502,18.0,0.1,0.3,1.9,.179
Mike Muscala,2015-16,24,ATL,60,565,13.6,-0.9,0.2,1.6,.136
Mike Muscala,2016-17,25,ATL,70,1237,14.4,1.1,1.0,3.4,.132
Mike Muscala,2017-18,26,ATL,53,1060,14.4,0.3,0.6,2.4,.109
Mike Muscala,2018-19,27,2TM,64,1306,10.8,-1.1,0.3,2.5,.091
Mike Muscala,2018-19,27,PHI,47,1041,10.4,-1.5,0.1,1.9,.087
Mike Muscala,2018-19,27,LAL,17,265,12.5,0.7,0.2,0.6,.107
Mike Muscala,2019-20,28,OKC,47,572,12.5,-0.1,0.3,1.3,.107
Mike Muscala,2020-21,29,OKC,35,645,14.7,-0.1,0.3,1.3,.096
Mike Muscala,2021-22,30,OKC,43,592,19.7,5.0,1.1,2.1,.170
Mike Muscala,2022-23,31,2TM,63,945,13.0,-0.4,0.4,2.5,.128
Mike Muscala,2022-23,31,OKC,43,622,13.8,0.1,0.3,1.7,.134
Mike Muscala,2022-23,31,BOS,20,323,11.6,-1.4,0.1,0.8,.116
Mike Muscala,2023-24,32,3TM,53,600,7.5,-5.3,-0.5,0.1,.009
Mike Muscala,2023-24,32,WAS,24,338,7.6,-6.2,-0.4,0.0,-0.005
Mike Muscala,2023-24,32,DET,13,171,8.9,-2.2,0.0,0.2,.049
Mike Muscala,2023-24,32,OKC,16,91,4.3,-8.0,-0.1,0.0,-0.017
Svi Mykhailiuk,2018-19,21,2TM,42,440,6.0,-5.0,-0.3,-0.1,-0.012
Svi Mykhailiuk,2018-19,21,LAL,39,420,5.8,-5.2,-0.3,-0.1,-0.013
Svi Mykhailiuk,2018-19,21,DET,3,20,9.8,-0.5,0.0,0.0,.016
Svi Mykhailiuk,2019-20,22,DET,56,1265,11.2,-1.9,0.0,1.6,.060
Svi Mykhailiuk,2020-21,23,2TM,66,1324,10.4,-2.6,-0.2,0.3,.010
Svi Mykhailiuk,2020-21,23,DET,36,634,10.2,-1.8,0.0,0.3,.025
Svi Mykhailiuk,2020-21,23,OKC,30,690,10.6,-3.3,-0.2,-0.1,-0.004
Svi Mykhailiuk,2021-22,24,TOR,56,716,9.6,-2.9,-0.2,0.8,.052
Svi Mykhailiuk,2022-23,25,2TM,32,468,14.0,-0.1,0.2,0.8,.081
Svi Mykhailiuk,2022-23,25,NYK,13,40,15.8,4.1,0.1,0.1,.141
Svi Mykhailiuk,2022-23,25,CHO,19,428,13.8,-0.5,0.2,0.7,.076
Svi Mykhailiuk,2023-24,26,BOS,41,413,11.7,-1.8,0.0,0.9,.106
Svi Mykhailiuk,2024-25,27,UTA,38,760,9.8,-3.5,-0.3,-0.1,-0.009
Svi Mykhailiuk,2025-26,28,UTA,50,1156,11.4,-1.7,0.1,1.1,.048
Larry Nance Jr.,2015-16,23,LAL,63,1266,13.4,-1.5,0.2,2.2,.083
Larry Nance Jr.,2016-17,24,LAL,63,1442,15.7,0.6,1.0,3.5,.118
Larry Nance Jr.,2017-18,25,2TM,66,1421,20.2,2.4,1.6,5.8,.196
Larry Nance Jr.,2017-18,25,LAL,42,922,19.4,2.4,1.0,3.7,.191
Larry Nance Jr.,2017-18,25,CLE,24,499,21.5,2.2,0.5,2.1,.206
Larry Nance Jr.,2018-19,26,CLE,67,1795,18.6,2.4,2.0,4.9,.131
Larry Nance Jr.,2019-20,27,CLE,56,1472,17.3,1.7,1.4,3.9,.128
Larry Nance Jr.,2020-21,28,CLE,35,1091,13.2,0.4,0.7,1.8,.080
Larry Nance Jr.,2021-22,29,2TM,46,1040,14.4,-0.1,0.5,2.3,.104
Larry Nance Jr.,2021-22,29,POR,37,858,14.4,0.3,0.5,1.9,.104
Larry Nance Jr.,2021-22,29,NOP,9,182,14.2,-1.9,0.0,0.4,.104
Larry Nance Jr.,2022-23,30,NOP,65,1381,16.0,2.0,1.4,4.9,.171
Larry Nance Jr.,2023-24,31,NOP,61,1216,14.9,2.0,1.2,4.1,.160
Larry Nance Jr.,2024-25,32,ATL,24,463,16.0,1.8,0.4,1.3,.131
Larry Nance Jr.,2025-26,33,CLE,35,449,9.5,-3.4,-0.2,0.6,.060
Pete Nance,2023-24,23,CLE,8,27,-3.9,-15.2,-0.1,-0.1,-0.154
Pete Nance,2024-25,24,2TM,13,138,8.5,-4.9,-0.1,0.2,.064
Pete Nance,2024-25,24,PHI,7,68,5.3,-6.3,-0.1,0.0,.027
Pete Nance,2024-25,24,MIL,6,70,11.5,-3.5,0.0,0.1,.100
Pete Nance,2025-26,25,MIL,47,737,11.6,-2.3,-0.1,1.1,.072
Grant Nelson,2025-26,23,BRK,4,35,17.6,2.2,0.0,0.1,.098
Andrew Nembhard,2022-23,23,IND,75,2073,10.0,-3.2,-0.6,1.2,.029
Andrew Nembhard,2023-24,24,IND,68,1697,11.3,-2.2,-0.1,2.0,.057
Andrew Nembhard,2024-25,25,IND,65,1881,11.7,-2.3,-0.1,2.8,.071
Andrew Nembhard,2025-26,26,IND,57,1786,15.7,-0.8,0.6,2.8,.077
Ryan Nembhard,2025-26,22,DAL,60,1171,10.9,-4.1,-0.6,0.8,.031
Aaron Nesmith,2020-21,21,BOS,46,669,9.4,-3.2,-0.2,1.1,.076
Aaron Nesmith,2021-22,22,BOS,52,574,7.3,-4.3,-0.3,0.4,.038
Aaron Nesmith,2022-23,23,IND,73,1816,10.5,-3.0,-0.4,2.0,.052
Aaron Nesmith,2023-24,24,IND,72,1995,12.8,-0.5,0.8,4.1,.098
Aaron Nesmith,2024-25,25,IND,45,1122,14.6,-0.5,0.4,2.9,.126
Aaron Nesmith,2025-26,26,IND,45,1335,10.8,-3.4,-0.5,0.7,.026
Raul Neto,2013-14,,Did not play - other pro league,,,,,,,
Raul Neto,2014-15,,Did not play - other pro league,,,,,,,
Raul Neto,2015-16,23,UTA,81,1499,10.2,-2.0,0.0,1.8,.058
Raul Neto,2016-17,24,UTA,40,346,10.7,-0.1,0.2,0.7,.100
Raul Neto,2017-18,25,UTA,41,498,11.9,-1.4,0.1,0.9,.086
Raul Neto,2018-19,26,UTA,37,474,13.5,-0.3,0.2,1.1,.116
Raul Neto,2019-20,27,PHI,54,668,12.7,-1.8,0.0,1.2,.083
Raul Neto,2020-21,28,WAS,64,1403,13.0,-0.6,0.5,2.8,.097
Raul Neto,2021-22,29,WAS,70,1372,12.4,-2.9,-0.4,1.5,.053
Raul Neto,2022-23,30,CLE,48,505,12.6,-0.2,0.2,1.5,.142
Raul Neto,2023-24,,Did not play - injury,,,,,,,
Asa Newell,2025-26,20,ATL,44,500,14.2,-1.5,0.1,1.2,.113
Tristen Newton,2024-25,23,2TM,8,16,-6.1,-20.7,-0.1,-0.1,-0.330
Tristen Newton,2024-25,23,IND,5,8,-15.3,-32.7,-0.1,-0.1,-0.553
Tristen Newton,2024-25,23,MIN,3,8,3.1,-8.7,0.0,0.0,-0.107
Tristen Newton,2025-26,24,HOU,1,12,32.8,8.4,0.0,0.1,.280
Georges Niang,2016-17,23,IND,23,93,0.1,-11.7,-0.2,-0.3,-0.168
Georges Niang,2017-18,24,UTA,9,32,9.2,-4.0,0.0,0.0,-0.029
Georges Niang,2018-19,25,UTA,59,516,13.0,0.0,0.3,1.3,.123
Georges Niang,2019-20,26,UTA,66,923,11.7,-0.1,0.4,1.8,.092
Georges Niang,2020-21,27,UTA,72,1154,11.4,-0.3,0.5,2.6,.108
Georges Niang,2021-22,28,PHI,76,1736,10.7,-1.9,0.0,2.8,.077
Georges Niang,2022-23,29,PHI,78,1512,10.9,-1.4,0.2,2.5,.078
Georges Niang,2023-24,30,CLE,82,1831,9.9,-2.9,-0.4,2.4,.064
Georges Niang,2024-25,31,2TM,79,1697,11.2,-2.3,-0.1,2.9,.081
Georges Niang,2024-25,31,CLE,51,1053,11.1,-1.8,0.1,2.2,.099
Georges Niang,2024-25,31,ATL,28,644,11.4,-3.1,-0.2,0.7,.051
Daishen Nix,2021-22,19,HOU,24,261,8.1,-6.4,-0.3,-0.2,-0.033
Daishen Nix,2022-23,20,HOU,57,914,5.3,-6.5,-1.0,-1.2,-0.062
Daishen Nix,2023-24,21,MIN,15,50,12.3,-1.4,0.0,0.0,.014
Daishen Nix,2024-25,22,MIN,3,13,-7.0,-16.2,0.0,-0.1,-0.327
Zeke Nnaji,2020-21,20,DEN,42,397,11.3,-1.7,0.0,0.9,.104
Zeke Nnaji,2021-22,21,DEN,41,698,13.5,-2.2,0.0,1.8,.123
Zeke Nnaji,2022-23,22,DEN,53,728,12.5,-3.7,-0.3,1.6,.106
Zeke Nnaji,2023-24,23,DEN,58,576,12.4,-3.7,-0.2,1.2,.099
Zeke Nnaji,2024-25,24,DEN,57,608,12.0,-1.3,0.1,1.2,.097
Zeke Nnaji,2025-26,25,DEN,52,626,10.3,-3.5,-0.3,0.9,.066
Nerlens Noel,2013-14,,Did not play - injury,,,,,,,
Nerlens Noel,2014-15,20,PHI,75,2311,15.0,-0.3,1.0,4.0,.083
Nerlens Noel,2015-16,21,PHI,67,1965,16.2,-0.2,0.9,3.0,.074
Nerlens Noel,2016-17,22,2TM,51,1047,20.4,2.4,1.2,4.0,.181
Nerlens Noel,2016-17,22,PHI,29,564,20.8,3.2,0.7,2.2,.184
Nerlens Noel,2016-17,22,DAL,22,483,19.8,1.4,0.4,1.8,.178
Nerlens Noel,2017-18,23,DAL,30,472,16.2,0.5,0.3,1.3,.135
Nerlens Noel,2018-19,24,OKC,77,1055,19.3,2.1,1.1,4.3,.198
Nerlens Noel,2019-20,25,OKC,61,1127,20.4,3.1,1.5,4.9,.209
Nerlens Noel,2020-21,26,NYK,64,1547,14.8,1.4,1.3,5.2,.162
Nerlens Noel,2021-22,27,NYK,25,562,11.8,0.3,0.3,1.5,.128
Nerlens Noel,2022-23,28,2TM,17,195,7.9,-3.8,-0.1,0.0,.007
Nerlens Noel,2022-23,28,DET,14,152,10.0,-2.0,0.0,0.1,.040
Nerlens Noel,2022-23,28,BRK,3,43,0.3,-10.3,-0.1,-0.1,-0.112
Nerlens Noel,2023-24,,Did not play - waived,,,,,,,
Miles Norris,2024-25,24,BOS,3,35,8.5,-1.9,0.0,0.0,.049
Jaylen Nowell,2019-20,20,MIN,15,151,10.5,-3.8,-0.1,0.2,.051
Jaylen Nowell,2020-21,21,MIN,42,759,12.3,-2.8,-0.2,0.7,.044
Jaylen Nowell,2021-22,22,MIN,62,975,16.8,0.8,0.7,2.8,.138
Jaylen Nowell,2022-23,23,MIN,65,1252,13.7,-2.5,-0.2,1.2,.046
Jaylen Nowell,2023-24,24,2TM,13,214,9.2,-5.4,-0.2,0.1,.016
Jaylen Nowell,2023-24,24,MEM,9,156,6.7,-7.4,-0.2,0.0,-0.007
Jaylen Nowell,2023-24,24,DET,4,58,15.9,-0.1,0.0,0.1,.078
Jaylen Nowell,2024-25,25,NOP,8,168,7.5,-5.7,-0.2,-0.2,-0.069
Markquis Nowell,2023-24,24,TOR,1,4,55.5,43.3,0.0,0.1,.665
Frank Ntilikina,2017-18,19,NYK,78,1706,7.0,-5.0,-1.3,-0.9,-0.026
Frank Ntilikina,2018-19,20,NYK,43,904,6.0,-6.0,-0.9,-0.8,-0.045
Frank Ntilikina,2019-20,21,NYK,57,1187,9.8,-3.2,-0.4,0.9,.037
Frank Ntilikina,2020-21,22,NYK,33,322,7.7,-1.7,0.0,0.5,.070
Frank Ntilikina,2021-22,23,DAL,58,685,10.4,-1.9,0.0,0.9,.065
Frank Ntilikina,2022-23,24,DAL,47,607,5.2,-6.7,-0.7,-0.1,-0.010
Frank Ntilikina,2023-24,25,CHO,5,43,0.0,-13.4,-0.1,-0.1,-0.099
Kendrick Nunn,2019-20,24,MIA,67,1962,12.9,-2.3,-0.1,2.0,.049
Kendrick Nunn,2020-21,25,MIA,56,1650,14.2,-0.5,0.6,2.9,.084
Kendrick Nunn,2021-22,,Did not play - injury,,,,,,,
Kendrick Nunn,2022-23,27,2TM,70,964,11.1,-3.5,-0.4,0.2,.008
Kendrick Nunn,2022-23,27,LAL,39,528,8.7,-5.0,-0.4,-0.2,-0.021
Kendrick Nunn,2022-23,27,WAS,31,436,14.1,-1.6,0.0,0.4,.043
Kendrick Nunn,2023-24,,Did not play - other pro league,,,,,,,
Jusuf Nurkić,2014-15,20,DEN,62,1103,14.8,-2.8,-0.2,1.6,.069
Jusuf Nurkić,2015-16,21,DEN,32,547,15.9,-2.9,-0.1,0.4,.031
Jusuf Nurkić,2016-17,22,2TM,65,1391,17.5,-0.9,0.4,2.0,.068
Jusuf Nurkić,2016-17,22,DEN,45,807,15.0,-2.1,0.0,0.6,.034
Jusuf Nurkić,2016-17,22,POR,20,584,21.1,0.9,0.4,1.4,.116
Jusuf Nurkić,2017-18,23,POR,79,2088,19.2,0.0,1.1,4.7,.108
Jusuf Nurkić,2018-19,24,POR,72,1974,23.4,3.7,2.8,7.8,.189
Jusuf Nurkić,2019-20,25,POR,8,253,22.6,2.0,0.2,0.9,.164
Jusuf Nurkić,2020-21,26,POR,37,880,20.5,2.5,1.0,2.4,.133
Jusuf Nurkić,2021-22,27,POR,56,1579,20.0,0.3,0.9,3.6,.110
Jusuf Nurkić,2022-23,28,POR,52,1391,17.3,0.1,0.7,2.7,.092
Jusuf Nurkić,2023-24,29,PHO,76,2078,17.4,1.1,1.6,5.8,.133
Jusuf Nurkić,2024-25,30,2TM,51,1063,15.2,-1.3,0.2,1.5,.066
Jusuf Nurkić,2024-25,30,PHO,25,592,12.6,-3.4,-0.2,0.5,.039
Jusuf Nurkić,2024-25,30,CHO,26,471,18.4,1.2,0.4,1.0,.099
Jusuf Nurkić,2025-26,31,UTA,41,1083,16.4,1.1,0.9,1.5,.068
Jordan Nwora,2020-21,22,MIL,30,274,16.1,-1.1,0.1,0.4,.068
Jordan Nwora,2021-22,23,MIL,62,1185,9.9,-4.1,-0.6,0.6,.025
Jordan Nwora,2022-23,24,2TM,62,1188,12.2,-2.1,0.0,1.5,.060
Jordan Nwora,2022-23,24,MIL,38,597,10.0,-2.4,0.0,0.7,.057
Jordan Nwora,2022-23,24,IND,24,591,14.4,-1.8,0.0,0.8,.064
Jordan Nwora,2023-24,25,2TM,52,712,13.7,-2.5,-0.1,0.5,.034
Jordan Nwora,2023-24,25,IND,18,183,12.2,-4.0,-0.1,0.1,.030
Jordan Nwora,2023-24,25,TOR,34,529,14.2,-2.0,0.0,0.4,.035
Bob O'Brien,1947-48,21,PHW,22,,,,,0.2,
Bob O'Brien,1948-49,22,2TM,24,,,,,-0.3,
Bob O'Brien,1948-49,22,PHW,16,,,,,-0.2,
Bob O'Brien,1948-49,22,STB,8,,,,,-0.1,
Royce O'Neale,2017-18,24,UTA,69,1150,10.8,-0.2,0.5,2.4,.099
Royce O'Neale,2018-19,25,UTA,82,1671,9.0,-0.5,0.6,3.3,.094
Royce O'Neale,2019-20,26,UTA,71,2049,9.5,0.9,1.5,4.3,.101
Royce O'Neale,2020-21,27,UTA,71,2241,9.9,1.0,1.7,5.6,.121
Royce O'Neale,2021-22,28,UTA,77,2406,10.3,0.8,1.7,5.5,.109
Royce O'Neale,2022-23,29,BRK,76,2409,9.2,-1.1,0.5,2.9,.057
Royce O'Neale,2023-24,30,2TM,79,1954,11.1,0.0,1.0,3.4,.085
Royce O'Neale,2023-24,30,BRK,49,1202,10.4,-0.7,0.4,1.8,.070
Royce O'Neale,2023-24,30,PHO,30,752,12.3,1.3,0.6,1.7,.108
Royce O'Neale,2024-25,31,PHO,75,1837,12.6,0.1,1.0,2.8,.073
Royce O'Neale,2025-26,32,PHO,78,2213,11.6,0.7,1.5,4.6,.100
Josh Oduro,2025-26,25,NOP,3,82,11.8,-7.7,-0.1,0.2,.109
Jahlil Okafor,2015-16,20,PHI,53,1591,17.1,-2.3,-0.1,1.2,.037
Jahlil Okafor,2016-17,21,PHI,50,1134,14.8,-2.5,-0.1,1.2,.050
Jahlil Okafor,2017-18,22,2TM,28,353,15.3,-1.7,0.0,0.6,.083
Jahlil Okafor,2017-18,22,PHI,2,25,8.8,-6.3,0.0,0.0,.005
Jahlil Okafor,2017-18,22,BRK,26,328,15.8,-1.4,0.0,0.6,.089
Jahlil Okafor,2018-19,23,NOP,59,935,17.9,-1.5,0.1,2.2,.115
Jahlil Okafor,2019-20,24,NOP,30,467,18.3,-0.2,0.2,1.3,.133
Jahlil Okafor,2020-21,25,DET,27,347,13.1,-3.2,-0.1,0.6,.082
Jahlil Okafor,2024-25,29,IND,1,3,13.8,7.5,0.0,0.0,.196
Toby Okani,2025-26,24,MEM,6,217,4.1,-10.7,-0.5,-0.2,-0.052
Chuma Okeke,2019-20,,Did not play - injury,,,,,,,
Chuma Okeke,2020-21,22,ORL,45,1133,11.8,-1.5,0.1,1.3,.056
Chuma Okeke,2021-22,23,ORL,70,1749,12.0,-0.1,0.8,2.2,.060
Chuma Okeke,2022-23,24,ORL,27,518,9.1,-1.6,0.1,0.7,.061
Chuma Okeke,2023-24,25,ORL,47,432,6.9,-3.4,-0.2,0.3,.029
Chuma Okeke,2024-25,26,2TM,9,196,15.3,-0.2,0.1,0.6,.145
Chuma Okeke,2024-25,26,PHI,7,171,16.5,0.3,0.1,0.6,.162
Chuma Okeke,2024-25,26,CLE,2,25,6.8,-4.1,0.0,0.0,.028
Josh Okogie,2018-19,20,MIN,74,1757,9.4,-3.1,-0.5,1.2,.034
Josh Okogie,2019-20,21,MIN,62,1547,11.5,-2.4,-0.2,2.2,.068
Josh Okogie,2020-21,22,MIN,59,1197,9.1,-3.3,-0.4,1.3,.051
Josh Okogie,2021-22,23,MIN,49,516,9.0,-2.7,-0.1,0.7,.062
Josh Okogie,2022-23,24,PHO,72,1350,13.3,-0.2,0.6,2.8,.101
Josh Okogie,2023-24,25,PHO,60,960,12.0,-0.5,0.4,2.1,.104
Josh Okogie,2024-25,26,2TM,40,625,16.3,1.5,0.6,1.3,.100
Josh Okogie,2024-25,26,PHO,25,351,15.8,0.4,0.2,0.7,.092
Josh Okogie,2024-25,26,CHO,15,274,16.8,3.1,0.4,0.6,.110
Josh Okogie,2025-26,27,HOU,78,1354,9.9,-1.2,0.3,2.7,.095
Onyeka Okongwu,2020-21,20,ATL,50,601,16.8,-1.4,0.1,1.9,.155
Onyeka Okongwu,2021-22,21,ATL,48,992,19.8,0.8,0.7,4.2,.202
Onyeka Okongwu,2022-23,22,ATL,80,1849,19.4,0.8,1.3,7.1,.185
Onyeka Okongwu,2023-24,23,ATL,55,1405,16.9,-0.4,0.5,4.5,.153
Onyeka Okongwu,2024-25,24,ATL,74,2064,19.0,1.3,1.7,7.2,.168
Onyeka Okongwu,2025-26,25,ATL,74,2297,15.9,0.7,1.6,6.0,.125
Isaac Okoro,2020-21,20,CLE,67,2173,7.9,-5.1,-1.7,0.9,.020
Isaac Okoro,2021-22,21,CLE,67,1981,10.4,-1.7,0.1,4.2,.103
Isaac Okoro,2022-23,22,CLE,76,1652,10.7,-0.3,0.7,4.2,.122
Isaac Okoro,2023-24,23,CLE,69,1887,11.4,-1.1,0.4,4.2,.106
Isaac Okoro,2024-25,24,CLE,55,1053,10.7,-0.5,0.4,2.5,.115
Isaac Okoro,2025-26,25,CHI,63,1695,9.8,-3.8,-0.8,2.2,.061
KZ Okpala,2019-20,20,MIA,5,26,13.7,2.4,0.0,0.1,.118
KZ Okpala,2020-21,21,MIA,37,447,5.2,-7.1,-0.6,0.1,.015
KZ Okpala,2021-22,22,MIA,21,244,10.4,-2.8,-0.1,0.5,.097
KZ Okpala,2022-23,23,SAC,35,248,6.2,-3.2,-0.1,0.3,.057
KZ Okpala,2023-24,,Did not play - waived,,,,,,,
Victor Oladipo,2013-14,21,ORL,80,2487,13.6,-1.4,0.3,1.3,.026
Victor Oladipo,2014-15,22,ORL,72,2573,15.9,-0.4,1.1,3.5,.065
Victor Oladipo,2015-16,23,ORL,72,2379,16.7,1.7,2.3,4.9,.099
Victor Oladipo,2016-17,24,OKC,67,2222,13.6,-0.5,0.8,4.0,.085
Victor Oladipo,2017-18,25,IND,75,2552,23.1,5.8,5.0,8.2,.155
Victor Oladipo,2018-19,26,IND,36,1147,17.6,2.9,1.4,2.3,.097
Victor Oladipo,2019-20,27,IND,19,528,11.3,-3.3,-0.2,0.0,.002
Victor Oladipo,2020-21,28,3TM,33,1080,14.3,-1.7,0.1,0.4,.017
Victor Oladipo,2020-21,28,IND,9,300,15.5,-0.2,0.1,0.4,.063
Victor Oladipo,2020-21,28,HOU,20,669,14.9,-1.3,0.1,0.1,.009
Victor Oladipo,2020-21,28,MIA,4,111,8.1,-8.7,-0.2,-0.1,-0.060
Victor Oladipo,2021-22,29,MIA,8,173,16.8,1.3,0.1,0.4,.124
Victor Oladipo,2022-23,30,MIA,42,1106,10.6,-2.1,0.0,0.6,.024
Victor Oladipo,2023-24,,Did not play - injury,,,,,,,
Lachlan Olbrich,2025-26,22,CHI,37,344,12.0,-3.4,-0.1,0.5,.075
Quincy Olivari,2024-25,23,LAL,2,10,-5.2,-18.6,0.0,-0.1,-0.300
Kelly Olynyk,2013-14,22,BOS,70,1400,15.2,-1.2,0.3,2.9,.101
Kelly Olynyk,2014-15,23,BOS,64,1423,15.9,0.4,0.8,3.6,.120
Kelly Olynyk,2015-16,24,BOS,69,1395,16.3,1.9,1.4,4.1,.141
Kelly Olynyk,2016-17,25,BOS,75,1538,15.3,0.3,0.9,4.1,.127
Kelly Olynyk,2017-18,26,MIA,76,1779,17.8,2.3,1.9,5.5,.148
Kelly Olynyk,2018-19,27,MIA,79,1812,14.4,0.7,1.2,4.7,.126
Kelly Olynyk,2019-20,28,MIA,67,1300,14.6,1.0,1.0,3.7,.135
Kelly Olynyk,2020-21,29,2TM,70,1997,16.4,1.2,1.6,5.1,.121
Kelly Olynyk,2020-21,29,MIA,43,1157,12.1,-0.7,0.4,1.9,.078
Kelly Olynyk,2020-21,29,HOU,27,840,22.3,3.8,1.2,3.2,.182
Kelly Olynyk,2021-22,30,DET,40,764,16.7,1.6,0.7,1.6,.104
Kelly Olynyk,2022-23,31,UTA,68,1942,14.4,0.4,1.2,4.3,.106
Kelly Olynyk,2023-24,32,2TM,78,1759,17.4,1.8,1.7,4.9,.133
Kelly Olynyk,2023-24,32,UTA,50,1019,17.3,2.6,1.2,3.1,.148
Kelly Olynyk,2023-24,32,TOR,28,740,17.4,0.7,0.5,1.7,.113
Kelly Olynyk,2024-25,33,2TM,44,891,14.9,-0.7,0.3,1.7,.092
Kelly Olynyk,2024-25,33,TOR,24,383,14.9,0.2,0.2,0.9,.112
Kelly Olynyk,2024-25,33,NOP,20,508,14.8,-1.4,0.1,0.8,.077
Kelly Olynyk,2025-26,34,SAS,42,360,13.5,-0.1,0.2,1.0,.130
Norchad Omier,2025-26,24,LAC,6,24,31.5,6.0,0.0,0.2,.380
Eugene Omoruyi,2021-22,24,DAL,4,18,17.0,4.0,0.0,0.1,.201
Eugene Omoruyi,2022-23,25,2TM,40,645,10.9,-4.4,-0.4,0.6,.042
Eugene Omoruyi,2022-23,25,OKC,23,272,10.6,-4.9,-0.2,0.3,.052
Eugene Omoruyi,2022-23,25,DET,17,373,11.2,-4.1,-0.2,0.3,.034
Eugene Omoruyi,2023-24,26,WAS,43,393,16.0,-2.3,0.0,0.6,.074
Cedi Osman,2015-16,,Did not play - other pro league,,,,,,,
Cedi Osman,2016-17,,Did not play - other pro league,,,,,,,
Cedi Osman,2017-18,22,CLE,61,672,11.0,-2.9,-0.1,0.9,.064
Cedi Osman,2018-19,23,CLE,76,2444,11.5,-3.2,-0.8,1.5,.029
Cedi Osman,2019-20,24,CLE,65,1910,10.7,-2.6,-0.3,1.6,.040
Cedi Osman,2020-21,25,CLE,59,1510,10.3,-3.2,-0.5,0.5,.014
Cedi Osman,2021-22,26,CLE,66,1462,13.3,0.2,0.8,2.9,.094
Cedi Osman,2022-23,27,CLE,77,1548,12.0,-0.7,0.5,3.3,.103
Cedi Osman,2023-24,28,SAS,72,1269,11.2,-2.1,0.0,1.9,.071
Kelly Oubre Jr.,2015-16,20,WAS,63,671,8.2,-5.1,-0.5,0.4,.031
Kelly Oubre Jr.,2016-17,21,WAS,79,1605,9.1,-3.2,-0.5,2.0,.061
Kelly Oubre Jr.,2017-18,22,WAS,81,2231,11.9,-1.7,0.2,3.7,.080
Kelly Oubre Jr.,2018-19,23,2TM,69,1935,15.2,-1.2,0.4,2.2,.054
Kelly Oubre Jr.,2018-19,23,WAS,29,755,13.3,-2.6,-0.1,0.8,.053
Kelly Oubre Jr.,2018-19,23,PHO,40,1180,16.4,-0.4,0.5,1.3,.054
Kelly Oubre Jr.,2019-20,24,PHO,56,1933,14.9,-0.5,0.7,3.8,.093
Kelly Oubre Jr.,2020-21,25,GSW,55,1687,13.3,-1.9,0.0,2.2,.062
Kelly Oubre Jr.,2021-22,26,CHO,76,1999,14.9,-1.4,0.3,3.3,.079
Kelly Oubre Jr.,2022-23,27,CHO,48,1548,14.8,-1.1,0.3,1.7,.051
Kelly Oubre Jr.,2023-24,28,PHI,68,2055,13.5,-2.3,-0.1,3.0,.070
Kelly Oubre Jr.,2024-25,29,PHI,60,2078,13.5,-2.3,-0.1,2.6,.061
Kelly Oubre Jr.,2025-26,30,PHI,50,1574,13.0,-1.4,0.2,2.7,.083
Chris Paul,2005-06,20,NOK,78,2808,22.1,5.2,5.1,10.4,.178
Chris Paul,2006-07,21,NOK,64,2353,22.0,5.0,4.2,8.8,.179
Chris Paul,2007-08,22,NOH,80,3006,28.3,10.4,9.3,17.8,.284
Chris Paul,2008-09,23,NOH,78,3002,30.0,11.0,9.9,18.3,.292
Chris Paul,2009-10,24,NOH,45,1712,23.7,6.2,3.5,7.3,.204
Chris Paul,2010-11,25,NOH,80,2880,23.7,7.1,6.7,13.9,.232
Chris Paul,2011-12,26,LAC,60,2181,27.0,9.2,6.1,12.7,.278
Chris Paul,2012-13,27,LAC,70,2335,26.4,8.8,6.4,13.9,.287
Chris Paul,2013-14,28,LAC,62,2171,25.9,8.6,5.8,12.2,.270
Chris Paul,2014-15,29,LAC,82,2857,26.0,8.0,7.2,16.1,.270
Chris Paul,2015-16,30,LAC,74,2420,26.2,7.9,6.0,12.7,.253
Chris Paul,2016-17,31,LAC,61,1921,26.2,8.7,5.2,10.6,.264
Chris Paul,2017-18,32,HOU,58,1847,24.4,7.1,4.2,10.2,.265
Chris Paul,2018-19,33,HOU,58,1857,19.7,3.9,2.8,6.6,.172
Chris Paul,2019-20,34,OKC,70,2208,21.7,4.4,3.5,8.9,.193
Chris Paul,2020-21,35,PHO,70,2199,21.4,4.6,3.6,9.2,.201
Chris Paul,2021-22,36,PHO,65,2139,20.8,5.4,4.0,9.4,.210
Chris Paul,2022-23,37,PHO,59,1889,17.7,3.2,2.5,6.2,.156
Chris Paul,2023-24,38,GSW,58,1531,14.7,1.0,1.2,4.3,.136
Chris Paul,2024-25,39,SAS,82,2292,14.7,0.8,1.6,5.7,.120
Chris Paul,2025-26,40,LAC,16,228,8.1,-4.2,-0.1,0.1,.017
Cameron Payne,2015-16,21,OKC,57,698,12.9,-0.7,0.2,1.4,.093
Cameron Payne,2016-17,22,2TM,31,462,5.5,-6.1,-0.5,-0.3,-0.035
Cameron Payne,2016-17,22,OKC,20,320,6.1,-5.3,-0.3,-0.1,-0.012
Cameron Payne,2016-17,22,CHI,11,142,4.0,-7.7,-0.2,-0.3,-0.086
Cameron Payne,2017-18,23,CHI,25,582,14.0,-0.4,0.2,0.8,.063
Cameron Payne,2018-19,24,2TM,40,712,11.5,-3.0,-0.2,0.5,.031
Cameron Payne,2018-19,24,CHI,31,536,10.3,-3.8,-0.2,0.2,.014
Cameron Payne,2018-19,24,CLE,9,176,15.3,-0.7,0.1,0.3,.082
Cameron Payne,2019-20,25,PHO,8,183,15.7,1.7,0.2,0.5,.120
Cameron Payne,2020-21,26,PHO,60,1079,17.4,3.1,1.4,3.6,.158
Cameron Payne,2021-22,27,PHO,58,1278,13.8,0.0,0.7,1.9,.073
Cameron Payne,2022-23,28,PHO,48,968,13.2,-1.2,0.2,1.1,.053
Cameron Payne,2023-24,29,2TM,78,1304,12.8,-1.1,0.3,2.4,.089
Cameron Payne,2023-24,29,MIL,47,702,12.6,-1.5,0.1,1.6,.108
Cameron Payne,2023-24,29,PHI,31,602,13.0,-0.7,0.2,0.8,.067
Cameron Payne,2024-25,30,NYK,72,1090,13.8,-0.2,0.5,2.3,.099
Cameron Payne,2025-26,31,PHI,22,374,14.4,0.3,0.2,0.8,.106
Elfrid Payton,2014-15,20,ORL,82,2489,13.8,-1.2,0.5,2.3,.044
Elfrid Payton,2015-16,21,ORL,73,2145,13.9,-1.2,0.4,2.2,.050
Elfrid Payton,2016-17,22,ORL,82,2412,17.2,0.8,1.7,4.4,.088
Elfrid Payton,2017-18,23,2TM,63,1808,16.5,-0.2,0.8,2.8,.075
Elfrid Payton,2017-18,23,ORL,44,1257,18.1,1.1,1.0,2.7,.104
Elfrid Payton,2017-18,23,PHO,19,551,13.1,-3.2,-0.2,0.1,.009
Elfrid Payton,2018-19,24,NOP,42,1250,14.0,-1.4,0.2,1.5,.058
Elfrid Payton,2019-20,25,NYK,45,1246,16.0,0.0,0.6,1.7,.065
Elfrid Payton,2020-21,26,NYK,63,1484,11.7,-3.0,-0.4,1.0,.032
Elfrid Payton,2021-22,27,PHO,50,549,7.9,-3.5,-0.2,-0.2,-0.014
Elfrid Payton,2022-23,,Did not play - other pro league,,,,,,,
Elfrid Payton,2023-24,,Did not play - other pro league,,,,,,,
Elfrid Payton,2024-25,30,2TM,24,511,8.5,-6.4,-0.6,-0.6,-0.057
Elfrid Payton,2024-25,30,NOP,18,388,10.6,-5.5,-0.3,-0.4,-0.047
Elfrid Payton,2024-25,30,CHO,6,123,1.7,-9.2,-0.2,-0.2,-0.087
Gary Payton II,2016-17,24,MIL,6,99,4.5,-6.5,-0.1,-0.2,-0.074
Gary Payton II,2017-18,25,2TM,23,221,9.8,-3.9,-0.1,0.2,.041
Gary Payton II,2017-18,25,MIL,12,106,7.5,-5.3,-0.1,0.0,.016
Gary Payton II,2017-18,25,LAL,11,115,11.8,-2.6,0.0,0.2,.063
Gary Payton II,2018-19,26,WAS,3,16,36.9,18.9,0.1,0.1,.358
Gary Payton II,2019-20,27,WAS,29,432,11.3,-1.6,0.0,0.5,.051
Gary Payton II,2020-21,28,GSW,10,40,29.2,9.2,0.1,0.3,.331
Gary Payton II,2021-22,29,GSW,71,1248,17.8,3.7,1.8,5.2,.199
Gary Payton II,2022-23,30,2TM,22,367,13.3,0.3,0.2,1.0,.125
Gary Payton II,2022-23,30,POR,15,255,11.3,-0.6,0.1,0.5,.097
Gary Payton II,2022-23,30,GSW,7,112,17.7,2.4,0.1,0.4,.191
Gary Payton II,2023-24,31,GSW,44,680,13.9,0.9,0.5,1.8,.125
Gary Payton II,2024-25,32,GSW,62,927,16.2,1.4,0.8,3.0,.155
Gary Payton II,2025-26,33,GSW,73,1142,18.3,1.9,1.1,3.5,.149
Micah Peavy,2025-26,24,NOP,61,913,8.3,-5.2,-0.7,0.4,.020
Sean Pedulla,2025-26,23,LAC,7,31,6.6,-11.8,-0.1,0.0,-0.030
Noah Penda,2025-26,21,ORL,59,757,11.3,-1.5,0.1,1.1,.070
Mãozinha Pereira,2023-24,23,MEM,7,122,15.7,-0.5,0.0,0.3,.123
Taelon Peter,2025-26,23,IND,38,492,8.6,-4.6,-0.3,0.0,-0.001
Drew Peterson,2023-24,24,BOS,3,23,18.5,5.3,0.0,0.1,.194
Drew Peterson,2024-25,25,BOS,25,186,10.5,-0.8,0.1,0.4,.115
Drew Peterson,2025-26,26,CHO,6,64,0.6,-9.8,-0.1,-0.1,-0.077
Filip Petrušev,2021-22,,Did not play - other pro league,,,,,,,
Filip Petrušev,2022-23,,Did not play - other pro league,,,,,,,
Filip Petrušev,2023-24,23,2TM,3,10,5.1,-8.0,0.0,0.0,.029
Filip Petrušev,2023-24,23,PHI,1,3,4.0,-4.9,0.0,0.0,.061
Filip Petrušev,2023-24,23,SAC,2,7,5.5,-9.3,0.0,0.0,.015
Julian Phillips,2023-24,20,CHI,40,323,7.0,-5.3,-0.3,0.2,.031
Julian Phillips,2024-25,21,CHI,79,1123,10.2,-3.0,-0.3,1.9,.080
Julian Phillips,2025-26,22,2TM,48,428,9.3,-3.6,-0.2,0.5,.051
Julian Phillips,2025-26,22,CHI,35,334,9.3,-2.9,-0.1,0.4,.054
Julian Phillips,2025-26,22,MIN,13,94,9.2,-6.0,-0.1,0.1,.041
Jalen Pickett,2023-24,24,DEN,27,122,9.7,-3.3,0.0,0.2,.065
Jalen Pickett,2024-25,25,DEN,49,666,10.9,-1.5,0.1,1.1,.078
Jalen Pickett,2025-26,26,DEN,50,807,10.3,-2.3,-0.1,1.0,.059
Theo Pinson,2018-19,23,BRK,18,211,8.1,-3.2,-0.1,0.0,.004
Theo Pinson,2019-20,24,BRK,33,365,5.2,-7.0,-0.5,-0.6,-0.078
Theo Pinson,2020-21,25,NYK,17,34,-8.1,-15.7,-0.1,-0.1,-0.205
Theo Pinson,2021-22,26,DAL,19,148,11.9,-0.5,0.1,0.4,.122
Theo Pinson,2022-23,27,DAL,40,323,10.1,-3.4,-0.1,0.5,.071
Theo Pinson,2023-24,,Did not play - other pro league,,,,,,,
Scotty Pippen Jr.,2022-23,22,LAL,6,32,9.6,-5.9,0.0,0.0,-0.017
Scotty Pippen Jr.,2023-24,23,MEM,21,527,16.4,1.3,0.4,1.0,.090
Scotty Pippen Jr.,2024-25,24,MEM,79,1683,15.8,1.9,1.7,4.7,.133
Scotty Pippen Jr.,2025-26,25,MEM,10,212,14.7,-2.8,0.0,0.1,.025
Daeqwon Plowden,2024-25,26,ATL,6,72,16.1,-0.1,0.0,0.2,.125
Daeqwon Plowden,2025-26,27,SAC,32,844,10.7,-4.4,-0.5,0.8,.043
Mason Plumlee,2013-14,23,BRK,70,1275,19.0,1.0,1.0,4.7,.176
Mason Plumlee,2014-15,24,BRK,82,1743,18.0,0.1,0.9,4.8,.131
Mason Plumlee,2015-16,25,POR,82,2084,17.2,1.5,1.9,6.1,.140
Mason Plumlee,2016-17,26,2TM,81,2148,18.1,2.0,2.2,6.0,.135
Mason Plumlee,2016-17,26,POR,54,1516,18.9,2.8,1.8,4.6,.147
Mason Plumlee,2016-17,26,DEN,27,632,16.3,-0.1,0.3,1.4,.107
Mason Plumlee,2017-18,27,DEN,74,1439,16.9,0.5,0.9,3.6,.120
Mason Plumlee,2018-19,28,DEN,82,1731,17.8,2.1,1.8,5.8,.160
Mason Plumlee,2019-20,29,DEN,61,1057,18.8,2.0,1.1,3.4,.153
Mason Plumlee,2020-21,30,DET,56,1499,18.7,2.2,1.6,5.1,.164
Mason Plumlee,2021-22,31,CHO,73,1793,14.7,0.0,0.9,4.7,.127
Mason Plumlee,2022-23,32,2TM,79,2054,19.6,2.2,2.2,7.9,.185
Mason Plumlee,2022-23,32,CHO,56,1597,20.0,2.4,1.8,6.1,.183
Mason Plumlee,2022-23,32,LAC,23,457,18.2,1.4,0.4,1.8,.190
Mason Plumlee,2023-24,33,LAC,46,674,15.8,-0.8,0.2,2.0,.146
Mason Plumlee,2024-25,34,PHO,74,1300,14.8,-0.6,0.5,3.7,.136
Mason Plumlee,2025-26,35,2TM,20,172,13.0,0.5,0.1,0.5,.146
Mason Plumlee,2025-26,35,CHO,14,125,13.5,1.1,0.1,0.4,.142
Mason Plumlee,2025-26,35,SAS,6,47,11.6,-1.2,0.0,0.2,.156
Brandin Podziemski,2023-24,20,GSW,74,1968,13.0,-0.1,0.9,4.1,.100
Brandin Podziemski,2024-25,21,GSW,64,1716,14.4,0.7,1.2,4.2,.117
Brandin Podziemski,2025-26,22,GSW,82,2333,15.0,0.2,1.3,5.1,.105
Jakob Poeltl,2016-17,21,TOR,54,626,12.2,-3.1,-0.2,1.6,.125
Jakob Poeltl,2017-18,22,TOR,82,1524,17.5,0.4,0.9,5.6,.175
Jakob Poeltl,2018-19,23,SAS,77,1273,19.4,2.0,1.3,5.1,.193
Jakob Poeltl,2019-20,24,SAS,66,1171,19.1,2.5,1.3,4.0,.163
Jakob Poeltl,2020-21,25,SAS,69,1845,17.5,0.8,1.3,5.7,.148
Jakob Poeltl,2021-22,26,SAS,68,1970,20.8,1.6,1.7,6.9,.168
Jakob Poeltl,2022-23,27,2TM,72,1906,21.0,1.9,1.9,6.0,.150
Jakob Poeltl,2022-23,27,SAS,46,1199,19.7,0.9,0.9,2.9,.115
Jakob Poeltl,2022-23,27,TOR,26,707,23.1,3.6,1.0,3.1,.209
Jakob Poeltl,2023-24,28,TOR,50,1319,18.9,0.7,0.9,3.8,.138
Jakob Poeltl,2024-25,29,TOR,57,1686,20.0,2.0,1.7,5.5,.158
Jakob Poeltl,2025-26,30,TOR,46,1149,18.1,1.6,1.0,4.3,.180
Aleksej Pokusevski,2020-21,19,OKC,45,1090,6.1,-6.1,-1.1,-1.9,-0.084
Aleksej Pokusevski,2021-22,20,OKC,61,1233,12.0,-2.6,-0.2,0.4,.014
Aleksej Pokusevski,2022-23,21,OKC,34,701,13.4,0.0,0.3,1.0,.066
Aleksej Pokusevski,2023-24,22,2TM,28,405,12.7,-1.9,0.0,0.4,.050
Aleksej Pokusevski,2023-24,22,OKC,10,60,2.5,-9.9,-0.1,-0.1,-0.063
Aleksej Pokusevski,2023-24,22,CHO,18,345,14.5,-0.5,0.1,0.5,.070
Jordan Poole,2019-20,20,GSW,57,1274,7.2,-6.6,-1.5,-1.2,-0.047
Jordan Poole,2020-21,21,GSW,51,988,15.1,-0.5,0.4,1.9,.094
Jordan Poole,2021-22,22,GSW,76,2283,16.1,1.0,1.7,6.0,.126
Jordan Poole,2022-23,23,GSW,82,2458,14.6,-1.9,0.1,3.2,.063
Jordan Poole,2023-24,24,WAS,78,2346,12.1,-3.9,-1.2,-0.6,-0.013
Jordan Poole,2024-25,25,WAS,68,2001,16.6,0.4,1.2,2.0,.047
Jordan Poole,2025-26,26,NOP,39,933,11.5,-3.5,-0.4,0.2,.010
Craig Porter Jr.,2023-24,23,CLE,51,649,15.4,0.5,0.4,1.5,.108
Craig Porter Jr.,2024-25,24,CLE,51,513,13.1,1.1,0.4,1.1,.102
Craig Porter Jr.,2025-26,25,CLE,64,1148,13.7,2.0,1.2,2.8,.116
Jontay Porter,2020-21,21,MEM,11,54,9.2,-6.5,-0.1,0.0,.019
Jontay Porter,2021-22,,Did not play - waived,,,,,,,
Jontay Porter,2022-23,,Did not play - other pro league,,,,,,,
Jontay Porter,2023-24,24,TOR,26,360,14.9,1.7,0.3,0.7,.089
Kevin Porter Jr.,2019-20,19,CLE,50,1162,10.8,-3.8,-0.5,0.3,.012
Kevin Porter Jr.,2020-21,20,HOU,26,835,12.5,-3.5,-0.3,0.0,.000
Kevin Porter Jr.,2021-22,21,HOU,61,1907,13.5,-1.6,0.2,0.8,.021
Kevin Porter Jr.,2022-23,22,HOU,59,2024,16.2,0.6,1.3,2.9,.068
Kevin Porter Jr.,2023-24,,Did not play - other pro league,,,,,,,
Kevin Porter Jr.,2024-25,24,2TM,75,1482,15.4,-0.6,0.5,2.2,.072
Kevin Porter Jr.,2024-25,24,LAC,45,884,12.1,-2.5,-0.1,0.2,.011
Kevin Porter Jr.,2024-25,24,MIL,30,598,20.2,2.1,0.6,2.0,.163
Kevin Porter Jr.,2025-26,25,MIL,38,1261,18.7,2.1,1.3,2.8,.106
Michael Porter Jr.,2018-19,,Did not play - injury,,,,,,,
Michael Porter Jr.,2019-20,21,DEN,55,903,19.8,1.5,0.8,2.9,.154
Michael Porter Jr.,2020-21,22,DEN,61,1912,20.6,3.1,2.5,6.9,.173
Michael Porter Jr.,2021-22,23,DEN,9,265,7.5,-3.5,-0.1,-0.2,-0.032
Michael Porter Jr.,2022-23,24,DEN,62,1798,16.8,0.2,1.0,4.3,.116
Michael Porter Jr.,2023-24,25,DEN,81,2565,15.5,0.1,1.3,6.2,.115
Michael Porter Jr.,2024-25,26,DEN,77,2593,16.2,-0.1,1.2,6.4,.118
Michael Porter Jr.,2025-26,27,BRK,52,1689,19.9,3.0,2.1,2.9,.083
Otto Porter Jr.,2013-14,20,WAS,37,319,6.0,-6.2,-0.3,0.0,-0.006
Otto Porter Jr.,2014-15,21,WAS,74,1432,11.6,-0.5,0.6,2.7,.092
Otto Porter Jr.,2015-16,22,WAS,75,2276,14.5,1.1,1.8,5.6,.119
Otto Porter Jr.,2016-17,23,WAS,80,2605,17.3,3.3,3.5,9.4,.173
Otto Porter Jr.,2017-18,24,WAS,77,2432,18.3,3.5,3.4,8.1,.161
Otto Porter Jr.,2018-19,25,2TM,56,1683,15.9,0.9,1.2,3.2,.093
Otto Porter Jr.,2018-19,25,WAS,41,1191,15.0,0.3,0.7,2.1,.085
Otto Porter Jr.,2018-19,25,CHI,15,492,18.0,2.2,0.5,1.1,.112
Otto Porter Jr.,2019-20,26,CHI,14,331,15.8,1.0,0.3,0.8,.112
Otto Porter Jr.,2020-21,27,2TM,28,606,14.5,0.0,0.3,1.3,.101
Otto Porter Jr.,2020-21,27,CHI,25,540,14.8,0.2,0.3,1.2,.108
Otto Porter Jr.,2020-21,27,ORL,3,66,11.7,-1.7,0.0,0.1,.050
Otto Porter Jr.,2021-22,28,GSW,63,1396,15.9,3.1,1.8,4.9,.168
Otto Porter Jr.,2022-23,29,TOR,8,146,14.0,0.7,0.1,0.4,.142
Otto Porter Jr.,2023-24,30,TOR,15,174,8.7,-3.2,-0.1,0.3,.070
Bobby Portis,2015-16,20,CHI,62,1102,13.8,-3.3,-0.4,1.5,.066
Bobby Portis,2016-17,21,CHI,64,1000,14.9,-1.5,0.1,2.4,.114
Bobby Portis,2017-18,22,CHI,73,1643,19.7,0.8,1.2,3.5,.101
Bobby Portis,2018-19,23,2TM,50,1299,16.1,-2.4,-0.1,1.6,.060
Bobby Portis,2018-19,23,CHI,22,531,17.2,-1.9,0.0,0.7,.062
Bobby Portis,2018-19,23,WAS,28,768,15.3,-2.8,-0.2,0.9,.058
Bobby Portis,2019-20,24,NYK,66,1393,14.6,-1.1,0.3,1.9,.064
Bobby Portis,2020-21,25,MIL,66,1372,19.9,1.5,1.2,4.8,.167
Bobby Portis,2021-22,26,MIL,72,2028,17.7,0.2,1.1,5.5,.131
Bobby Portis,2022-23,27,MIL,70,1818,17.8,0.7,1.2,5.3,.139
Bobby Portis,2023-24,28,MIL,82,2008,17.5,-0.8,0.6,4.7,.112
Bobby Portis,2024-25,29,MIL,49,1244,17.7,0.2,0.7,2.7,.106
Bobby Portis,2025-26,30,MIL,67,1619,17.1,0.0,0.8,2.8,.083
Kristaps Porziņģis,2015-16,20,NYK,72,2047,17.7,0.9,1.5,4.4,.102
Kristaps Porziņģis,2016-17,21,NYK,66,2164,17.4,0.3,1.3,4.5,.100
Kristaps Porziņģis,2017-18,22,NYK,48,1553,20.4,1.8,1.5,3.2,.099
Kristaps Porziņģis,2018-19,,Did not play - injury,,,,,,,
Kristaps Porziņģis,2019-20,24,DAL,57,1814,20.2,1.9,1.8,5.2,.138
Kristaps Porziņģis,2020-21,25,DAL,43,1327,21.3,2.2,1.4,4.3,.154
Kristaps Porziņģis,2021-22,26,2TM,51,1481,23.7,3.9,2.2,5.6,.180
Kristaps Porziņģis,2021-22,26,DAL,34,1002,21.8,3.0,1.3,3.4,.161
Kristaps Porziņģis,2021-22,26,WAS,17,479,27.7,5.7,0.9,2.2,.220
Kristaps Porziņģis,2022-23,27,WAS,65,2120,23.1,4.3,3.4,7.7,.174
Kristaps Porziņģis,2023-24,28,BOS,57,1690,23.2,5.1,3.0,7.9,.226
Kristaps Porziņģis,2024-25,29,BOS,42,1210,22.3,4.7,2.1,5.3,.212
Kristaps Porziņģis,2025-26,30,2TM,32,769,19.6,1.9,0.8,2.4,.148
Kristaps Porziņģis,2025-26,30,ATL,17,413,20.6,3.7,0.6,1.5,.179
Kristaps Porziņģis,2025-26,30,GSW,15,356,18.4,-0.2,0.2,0.8,.113
Quinten Post,2024-25,24,GSW,42,686,14.2,0.1,0.4,1.7,.116
Quinten Post,2025-26,25,GSW,67,1159,13.0,-1.1,0.3,1.9,.078
Micah Potter,2021-22,23,DET,3,31,13.6,-7.1,0.0,0.0,.073
Micah Potter,2022-23,24,UTA,7,52,18.6,3.5,0.1,0.2,.186
Micah Potter,2023-24,25,UTA,16,186,11.0,-2.3,0.0,0.3,.075
Micah Potter,2024-25,26,UTA,38,705,8.5,-3.5,-0.3,0.4,.030
Micah Potter,2025-26,27,IND,47,908,17.0,0.7,0.6,2.6,.135
John Poulakidas,2025-26,22,DAL,13,253,12.0,-2.2,0.0,0.5,.095
Drake Powell,2025-26,20,BRK,63,1320,7.3,-6.0,-1.3,-0.1,-0.003
Dwight Powell,2014-15,23,2TM,29,236,13.8,-1.0,0.1,0.6,.122
Dwight Powell,2014-15,23,BOS,5,9,34.9,12.9,0.0,0.0,.138
Dwight Powell,2014-15,23,DAL,24,227,13.0,-1.6,0.0,0.6,.121
Dwight Powell,2015-16,24,DAL,69,992,16.8,0.1,0.5,3.1,.151
Dwight Powell,2016-17,25,DAL,77,1333,17.6,1.0,1.0,4.6,.165
Dwight Powell,2017-18,26,DAL,79,1672,18.8,1.6,1.5,6.6,.191
Dwight Powell,2018-19,27,DAL,77,1662,20.4,2.9,2.1,7.5,.215
Dwight Powell,2019-20,28,DAL,40,1061,15.9,1.3,0.9,3.6,.162
Dwight Powell,2020-21,29,DAL,58,966,16.8,0.6,0.6,3.8,.188
Dwight Powell,2021-22,30,DAL,82,1798,18.1,0.9,1.3,8.2,.219
Dwight Powell,2022-23,31,DAL,76,1458,15.5,-1.2,0.3,5.1,.168
Dwight Powell,2023-24,32,DAL,63,836,14.5,-0.3,0.4,3.1,.181
Dwight Powell,2024-25,33,DAL,55,551,12.9,0.0,0.3,1.7,.147
Dwight Powell,2025-26,34,DAL,63,904,12.6,-1.4,0.1,2.6,.138
Norman Powell,2015-16,22,TOR,49,725,13.3,-0.3,0.3,1.6,.105
Norman Powell,2016-17,23,TOR,76,1368,14.0,-0.5,0.5,2.8,.097
Norman Powell,2017-18,24,TOR,70,1062,8.5,-2.9,-0.3,0.6,.027
Norman Powell,2018-19,25,TOR,60,1126,13.3,-0.7,0.4,2.4,.102
Norman Powell,2019-20,26,TOR,52,1479,16.8,2.0,1.5,4.6,.150
Norman Powell,2020-21,27,2TM,69,2205,16.2,0.4,1.3,4.7,.103
Norman Powell,2020-21,27,TOR,42,1277,17.7,1.5,1.1,3.2,.120
Norman Powell,2020-21,27,POR,27,928,14.2,-1.2,0.2,1.5,.078
Norman Powell,2021-22,28,2TM,45,1458,16.3,-0.3,0.6,2.8,.093
Norman Powell,2021-22,28,POR,40,1333,15.3,-1.0,0.3,2.1,.076
Norman Powell,2021-22,28,LAC,5,125,27.1,7.7,0.3,0.7,.272
Norman Powell,2022-23,29,LAC,60,1567,17.1,0.3,0.9,3.5,.107
Norman Powell,2023-24,30,LAC,76,1990,13.9,-0.8,0.6,4.1,.099
Norman Powell,2024-25,31,LAC,60,1958,17.5,1.5,1.8,5.3,.129
Norman Powell,2025-26,32,MIA,58,1717,17.5,1.6,1.5,4.0,.112
Jason Preston,2021-22,,Did not play - injury,,,,,,,
Jason Preston,2022-23,23,LAC,14,124,10.3,-2.6,0.0,0.1,.021
Jason Preston,2023-24,24,UTA,7,71,10.5,-2.6,0.0,0.0,.026
Joshua Primo,2021-22,19,SAS,50,965,7.1,-5.0,-0.7,0.0,.001
Joshua Primo,2022-23,20,SAS,4,93,6.1,-6.3,-0.1,-0.1,-0.073
Joshua Primo,2023-24,21,LAC,2,10,-12.8,-25.0,-0.1,-0.1,-0.585
Taurean Prince,2016-17,22,ATL,59,981,9.8,-1.8,0.0,1.1,.054
Taurean Prince,2017-18,23,ATL,82,2464,12.8,-1.1,0.6,2.0,.038
Taurean Prince,2018-19,24,ATL,55,1552,11.9,-2.0,0.0,1.5,.047
Taurean Prince,2019-20,25,BRK,64,1857,9.1,-2.9,-0.4,0.6,.014
Taurean Prince,2020-21,26,2TM,41,905,12.1,-1.8,0.0,1.0,.052
Taurean Prince,2020-21,26,BRK,12,218,11.7,-2.2,0.0,0.3,.062
Taurean Prince,2020-21,26,CLE,29,687,12.2,-1.7,0.0,0.7,.049
Taurean Prince,2021-22,27,MIN,69,1177,12.4,-0.9,0.3,2.2,.090
Taurean Prince,2022-23,28,MIN,54,1192,10.0,-3.3,-0.4,1.3,.052
Taurean Prince,2023-24,29,LAL,78,2108,8.8,-2.8,-0.4,1.9,.043
Taurean Prince,2024-25,30,MIL,80,2166,9.8,-1.7,0.1,3.5,.077
Taurean Prince,2025-26,31,MIL,26,611,10.5,-3.1,-0.2,0.5,.039
Payton Pritchard,2020-21,23,BOS,66,1268,12.4,-0.7,0.4,2.5,.095
Payton Pritchard,2021-22,24,BOS,71,1001,15.0,1.8,1.0,3.1,.148
Payton Pritchard,2022-23,25,BOS,48,643,10.3,-3.4,-0.2,0.6,.045
Payton Pritchard,2023-24,26,BOS,82,1825,15.3,1.0,1.4,6.1,.160
Payton Pritchard,2024-25,27,BOS,80,2271,17.6,3.5,3.2,8.6,.183
Payton Pritchard,2025-26,28,BOS,79,2556,17.1,2.3,2.8,8.5,.160
Tyrese Proctor,2025-26,21,CLE,50,545,12.2,-2.8,-0.1,0.7,.066
Olivier-Maxence Prosper,2023-24,21,DAL,40,336,11.6,-2.9,-0.1,0.5,.076
Olivier-Maxence Prosper,2024-25,22,DAL,52,584,12.6,-2.1,0.0,0.9,.072
Olivier-Maxence Prosper,2025-26,23,MEM,53,984,16.9,-0.1,0.5,2.4,.119
Zyon Pullin,2024-25,23,MEM,3,3,-11.7,-22.7,0.0,0.0,-0.304
Zyon Pullin,2025-26,24,MIN,5,43,18.8,-1.1,0.0,0.2,.222
Derik Queen,2025-26,21,NOP,81,2023,15.9,-0.8,0.6,2.7,.063
Trevelin Queen,2021-22,24,HOU,10,74,18.2,1.9,0.1,0.1,.080
Trevelin Queen,2022-23,25,IND,7,70,6.0,-7.2,-0.1,-0.2,-0.133
Trevelin Queen,2023-24,26,ORL,14,165,8.3,-3.4,-0.1,0.2,.056
Trevelin Queen,2024-25,27,ORL,31,430,11.9,-0.3,0.2,0.7,.074
Neemias Queta,2021-22,22,SAC,15,120,12.7,-5.1,-0.1,0.1,.051
Neemias Queta,2022-23,23,SAC,5,29,17.0,-3.4,0.0,0.1,.149
Neemias Queta,2023-24,24,BOS,28,333,22.9,1.5,0.3,1.8,.259
Neemias Queta,2024-25,25,BOS,62,863,16.3,-0.7,0.3,3.2,.179
Neemias Queta,2025-26,26,BOS,76,1926,20.3,2.8,2.4,9.0,.224
Immanuel Quickley,2020-21,21,NYK,64,1243,15.8,0.9,0.9,3.2,.125
Immanuel Quickley,2021-22,22,NYK,78,1802,14.6,0.2,1.0,4.2,.113
Immanuel Quickley,2022-23,23,NYK,81,2344,16.3,1.7,2.1,6.7,.137
Immanuel Quickley,2023-24,24,2TM,68,1985,16.7,1.3,1.7,4.7,.115
Immanuel Quickley,2023-24,24,NYK,30,720,17.1,2.5,0.8,2.2,.149
Immanuel Quickley,2023-24,24,TOR,38,1265,16.5,0.6,0.8,2.5,.095
Immanuel Quickley,2024-25,25,TOR,33,918,17.5,2.2,1.0,2.5,.128
Immanuel Quickley,2025-26,26,TOR,70,2231,16.6,2.4,2.5,6.5,.140
Lester Quiñones,2022-23,22,GSW,4,18,8.6,-10.2,0.0,0.0,-0.103
Lester Quiñones,2023-24,23,GSW,37,394,10.3,-3.3,-0.1,0.6,.068
Lester Quiñones,2024-25,24,2TM,13,183,9.5,-6.1,-0.2,-0.1,-0.025
Lester Quiñones,2024-25,24,PHI,4,17,8.2,-10.5,0.0,-0.1,-0.208
Lester Quiñones,2024-25,24,NOP,9,166,9.7,-5.6,-0.2,0.0,-0.006
Jahmi'us Ramsey,2020-21,19,SAC,13,94,10.5,-4.5,-0.1,0.0,.012
Jahmi'us Ramsey,2021-22,20,SAC,19,134,7.9,-6.9,-0.2,-0.1,-0.048
Jahmi'us Ramsey,2022-23,,Did not play - other pro league,,,,,,,
Jahmi'us Ramsey,2023-24,22,TOR,7,121,10.6,-4.4,-0.1,0.1,.021
Julius Randle,2014-15,20,LAL,1,14,-7.5,-15.1,0.0,-0.1,-0.276
Julius Randle,2015-16,21,LAL,81,2286,13.9,-3.2,-0.7,1.6,.035
Julius Randle,2016-17,22,LAL,74,2132,16.3,-0.9,0.6,3.5,.080
Julius Randle,2017-18,23,LAL,82,2190,19.9,0.6,1.4,6.6,.145
Julius Randle,2018-19,24,NOP,73,2232,20.9,1.5,2.0,6.1,.131
Julius Randle,2019-20,25,NYK,64,2080,17.5,-0.3,0.9,2.7,.062
Julius Randle,2020-21,26,NYK,71,2667,19.7,3.8,3.9,7.8,.140
Julius Randle,2021-22,27,NYK,72,2544,15.7,0.5,1.6,3.1,.059
Julius Randle,2022-23,28,NYK,77,2737,20.3,3.7,3.9,8.1,.142
Julius Randle,2023-24,29,NYK,46,1630,18.9,1.9,1.6,3.8,.113
Julius Randle,2024-25,30,MIN,69,2226,17.5,1.3,1.8,6.2,.134
Julius Randle,2025-26,31,MIN,79,2610,18.4,1.5,2.3,7.4,.135
Maxime Raynaud,2025-26,22,SAC,74,1964,16.0,-2.4,-0.2,3.6,.088
Duop Reath,2023-24,27,POR,68,1214,15.1,-0.9,0.3,2.4,.095
Duop Reath,2024-25,28,POR,46,469,13.7,-0.3,0.2,1.0,.105
Duop Reath,2025-26,29,POR,32,258,10.6,-0.9,0.1,0.6,.103
Austin Reaves,2021-22,23,LAL,61,1418,11.5,-1.9,0.0,2.9,.097
Austin Reaves,2022-23,24,LAL,64,1843,14.9,0.7,1.2,5.4,.142
Austin Reaves,2023-24,25,LAL,82,2629,15.5,0.4,1.6,5.9,.108
Austin Reaves,2024-25,26,LAL,73,2550,18.1,1.9,2.6,7.6,.144
Austin Reaves,2025-26,27,LAL,51,1762,20.2,2.8,2.1,5.6,.153
Cam Reddish,2019-20,20,ATL,58,1551,9.0,-4.2,-0.9,-0.4,-0.011
Cam Reddish,2020-21,21,ATL,26,750,9.3,-3.2,-0.2,0.4,.026
Cam Reddish,2021-22,22,2TM,49,1012,12.8,-1.3,0.2,1.0,.046
Cam Reddish,2021-22,22,ATL,34,797,12.8,-1.5,0.1,0.6,.034
Cam Reddish,2021-22,22,NYK,15,215,12.9,-0.8,0.1,0.4,.092
Cam Reddish,2022-23,23,2TM,40,990,10.6,-3.4,-0.4,0.9,.046
Cam Reddish,2022-23,23,NYK,20,438,10.6,-2.3,0.0,0.7,.071
Cam Reddish,2022-23,23,POR,20,552,10.6,-4.3,-0.3,0.3,.025
Cam Reddish,2023-24,24,LAL,48,984,7.7,-3.2,-0.3,0.6,.030
Cam Reddish,2024-25,25,LAL,33,589,7.4,-2.7,-0.1,0.7,.054
Davon Reed,2017-18,22,PHO,21,242,4.8,-6.4,-0.3,-0.3,-0.060
Davon Reed,2018-19,23,IND,10,47,8.1,-5.5,0.0,0.1,.064
Davon Reed,2019-20,,Did not play - other pro league,,,,,,,
Davon Reed,2020-21,,Did not play - other pro league,,,,,,,
Davon Reed,2021-22,26,DEN,48,668,12.2,-0.3,0.3,1.6,.117
Davon Reed,2022-23,27,2TM,43,342,6.2,-5.3,-0.3,0.1,.008
Davon Reed,2022-23,27,DEN,35,315,5.2,-6.1,-0.3,-0.1,-0.009
Davon Reed,2022-23,27,LAL,8,27,16.7,4.3,0.0,0.1,.208
Davon Reed,2023-24,,Did not play - other pro league,,,,,,,
Paul Reed,2020-21,21,PHI,26,177,21.2,-1.0,0.0,0.6,.162
Paul Reed,2021-22,22,PHI,38,302,21.4,2.1,0.3,1.3,.212
Paul Reed,2022-23,23,PHI,69,755,19.2,-0.1,0.4,2.8,.180
Paul Reed,2023-24,24,PHI,82,1590,17.4,0.4,0.9,5.1,.154
Paul Reed,2024-25,25,DET,45,438,18.6,2.9,0.5,1.6,.173
Paul Reed,2025-26,26,DET,65,901,24.2,5.3,1.6,4.5,.239
Alex Reese,2024-25,25,2TM,15,216,14.0,-1.2,0.0,0.5,.109
Alex Reese,2024-25,25,OKC,1,2,53.6,19.6,0.0,0.0,.590
Alex Reese,2024-25,25,PHI,14,214,13.6,-1.4,0.0,0.5,.105
Julian Reese,2025-26,22,WAS,13,402,14.4,-5.1,-0.3,0.3,.041
Antonio Reeves,2024-25,24,NOP,44,660,11.7,-3.2,-0.2,0.4,.029
Antonio Reeves,2025-26,25,CHO,10,68,12.4,1.3,0.1,0.2,.130
Naz Reid,2019-20,20,MIN,30,495,15.3,-1.9,0.0,0.8,.074
Naz Reid,2020-21,21,MIN,70,1347,18.2,-0.2,0.6,3.2,.113
Naz Reid,2021-22,22,MIN,77,1215,17.2,0.0,0.6,3.2,.125
Naz Reid,2022-23,23,MIN,68,1251,18.5,1.0,1.0,3.0,.114
Naz Reid,2023-24,24,MIN,81,1964,16.0,1.5,1.7,4.9,.120
Naz Reid,2024-25,25,MIN,80,2200,15.8,1.6,2.0,5.7,.125
Naz Reid,2025-26,26,MIN,77,2007,15.4,0.9,1.5,4.0,.097
Jared Rhoden,2022-23,23,DET,14,198,6.5,-6.1,-0.2,0.1,.027
Jared Rhoden,2023-24,24,DET,17,245,10.3,-2.5,0.0,0.3,.060
Jared Rhoden,2024-25,25,2TM,14,227,16.4,-0.5,0.1,0.6,.131
Jared Rhoden,2024-25,25,CHO,4,12,5.4,-8.6,0.0,-0.1,-0.229
Jared Rhoden,2024-25,25,TOR,10,215,17.0,0.0,0.1,0.7,.151
Will Richard,2025-26,23,GSW,69,1377,11.0,-1.7,0.1,2.5,.089
Nick Richards,2020-21,23,CHO,18,63,5.5,-8.0,-0.1,0.0,.026
Nick Richards,2021-22,24,CHO,50,367,15.9,-2.8,-0.1,1.0,.125
Nick Richards,2022-23,25,CHO,65,1217,18.3,-1.3,0.2,4.2,.165
Nick Richards,2023-24,26,CHO,67,1759,16.7,-2.3,-0.1,5.1,.140
Nick Richards,2024-25,27,2TM,57,1256,16.6,-3.3,-0.4,3.0,.114
Nick Richards,2024-25,27,CHO,21,440,17.2,-2.0,0.0,1.1,.117
Nick Richards,2024-25,27,PHO,36,816,16.3,-3.9,-0.4,1.9,.112
Nick Richards,2025-26,28,2TM,48,701,11.9,-6.1,-0.7,0.6,.040
Nick Richards,2025-26,28,PHO,28,254,11.4,-6.8,-0.3,0.2,.039
Nick Richards,2025-26,28,CHI,20,447,12.2,-5.8,-0.4,0.4,.040
Jase Richardson,2025-26,20,ORL,54,587,11.5,-2.5,-0.1,1.0,.082
Josh Richardson,2015-16,22,MIA,52,1107,11.4,-0.4,0.5,2.5,.109
Josh Richardson,2016-17,23,MIA,53,1614,10.7,-1.1,0.4,2.2,.066
Josh Richardson,2017-18,24,MIA,81,2689,13.6,0.7,1.8,5.4,.096
Josh Richardson,2018-19,25,MIA,73,2539,14.0,0.3,1.5,5.6,.106
Josh Richardson,2019-20,26,PHI,55,1693,12.0,-1.8,0.1,2.1,.061
Josh Richardson,2020-21,27,DAL,59,1790,11.9,-1.7,0.1,2.4,.066
Josh Richardson,2021-22,28,2TM,65,1600,12.8,0.1,0.9,3.5,.106
Josh Richardson,2021-22,28,BOS,44,1087,12.2,0.3,0.6,2.6,.113
Josh Richardson,2021-22,28,SAS,21,513,14.0,-0.2,0.2,1.0,.091
Josh Richardson,2022-23,29,2TM,65,1530,12.3,-1.2,0.3,1.8,.055
Josh Richardson,2022-23,29,SAS,42,997,13.6,-1.1,0.2,1.0,.047
Josh Richardson,2022-23,29,NOP,23,533,9.9,-1.3,0.1,0.8,.071
Josh Richardson,2023-24,30,MIA,43,1103,11.4,-1.3,0.2,2.1,.093
Josh Richardson,2024-25,31,MIA,8,150,4.4,-6.7,-0.2,-0.1,-0.021
Kadary Richmond,2025-26,24,WAS,3,67,20.0,3.6,0.1,0.2,.175
Will Riley,2025-26,19,WAS,74,1633,12.1,-4.5,-1.0,0.4,.012
Zaccharie Risacher,2024-25,19,ATL,75,1843,12.2,-3.5,-0.7,1.8,.046
Zaccharie Risacher,2025-26,20,ATL,67,1503,11.8,-2.5,-0.2,2.3,.074
Liam Robbins,2024-25,25,MIL,13,57,2.6,-10.5,-0.1,-0.1,-0.066
Duncan Robinson,2018-19,24,MIA,15,161,7.6,-3.5,-0.1,0.2,.051
Duncan Robinson,2019-20,25,MIA,73,2166,13.1,0.5,1.3,5.3,.118
Duncan Robinson,2020-21,26,MIA,72,2262,11.0,-1.0,0.6,3.7,.079
Duncan Robinson,2021-22,27,MIA,79,2043,10.6,-0.6,0.7,3.9,.092
Duncan Robinson,2022-23,28,MIA,42,691,7.8,-5.0,-0.5,0.5,.035
Duncan Robinson,2023-24,29,MIA,68,1905,12.2,-0.9,0.6,3.6,.091
Duncan Robinson,2024-25,30,MIA,74,1786,11.8,-1.7,0.1,2.7,.071
Duncan Robinson,2025-26,31,DET,77,2113,12.4,0.8,1.5,6.1,.139
Jerome Robinson,2018-19,21,LAC,33,320,7.2,-4.7,-0.2,0.1,.012
Jerome Robinson,2019-20,22,2TM,63,979,7.4,-3.9,-0.5,0.2,.009
Jerome Robinson,2019-20,22,LAC,42,476,4.8,-4.7,-0.3,0.0,-0.004
Jerome Robinson,2019-20,22,WAS,21,503,9.8,-3.2,-0.1,0.2,.022
Jerome Robinson,2020-21,23,WAS,17,305,4.1,-7.0,-0.4,-0.4,-0.057
Jerome Robinson,2021-22,,Did not play - unsigned,,,,,,,
Jerome Robinson,2022-23,,Did not play - other pro league,,,,,,,
Jerome Robinson,2023-24,26,GSW,22,81,5.7,-8.3,-0.1,-0.1,-0.040
Mitchell Robinson,2018-19,20,NYK,66,1360,22.0,2.5,1.6,6.1,.217
Mitchell Robinson,2019-20,21,NYK,61,1412,23.5,2.9,1.8,6.8,.230
Mitchell Robinson,2020-21,22,NYK,31,853,17.7,1.2,0.7,3.4,.192
Mitchell Robinson,2021-22,23,NYK,72,1848,20.7,2.2,2.0,8.5,.221
Mitchell Robinson,2022-23,24,NYK,59,1591,18.9,2.4,1.7,6.5,.197
Mitchell Robinson,2023-24,25,NYK,31,768,16.1,0.0,0.4,2.5,.155
Mitchell Robinson,2024-25,26,NYK,17,290,20.4,3.3,0.4,1.3,.221
Mitchell Robinson,2025-26,27,NYK,60,1175,21.1,3.5,1.6,5.8,.236
Orlando Robinson,2022-23,22,MIA,31,425,13.4,-2.1,0.0,1.1,.129
Orlando Robinson,2023-24,23,MIA,36,304,14.0,-1.1,0.1,0.9,.135
Orlando Robinson,2024-25,24,2TM,44,770,12.9,-3.4,-0.3,1.2,.072
Orlando Robinson,2024-25,24,SAC,9,57,12.2,-2.9,0.0,0.1,.047
Orlando Robinson,2024-25,24,TOR,35,713,12.9,-3.5,-0.3,1.1,.074
Orlando Robinson,2025-26,25,ORL,4,25,14.6,1.4,0.0,0.1,.196
Jeremiah Robinson-Earl,2021-22,21,OKC,49,1087,11.7,-2.2,-0.1,1.5,.066
Jeremiah Robinson-Earl,2022-23,22,OKC,43,814,13.0,-1.5,0.1,1.9,.111
Jeremiah Robinson-Earl,2023-24,23,NOP,39,334,11.8,-2.2,0.0,0.6,.086
Jeremiah Robinson-Earl,2024-25,24,NOP,66,1239,12.9,-2.5,-0.2,1.7,.067
Jeremiah Robinson-Earl,2025-26,25,2TM,22,361,9.3,-5.2,-0.3,0.2,.030
Jeremiah Robinson-Earl,2025-26,25,IND,17,300,8.6,-5.4,-0.3,0.1,.016
Jeremiah Robinson-Earl,2025-26,25,DAL,5,61,12.9,-4.1,0.0,0.1,.097
Isaiah Roby,2019-20,21,OKC,3,11,-7.7,-15.4,0.0,0.0,-0.188
Isaiah Roby,2020-21,22,OKC,61,1425,11.9,-3.3,-0.5,1.3,.043
Isaiah Roby,2021-22,23,OKC,45,948,18.3,0.6,0.6,2.9,.147
Isaiah Roby,2022-23,24,SAS,42,474,9.3,-4.6,-0.3,-0.1,-0.011
Isaiah Roby,2023-24,,Did not play - other pro league,,,,,,,
David Roddy,2022-23,21,MEM,70,1258,8.8,-3.9,-0.6,1.1,.043
David Roddy,2023-24,22,2TM,65,1177,8.7,-5.0,-0.9,0.1,.004
David Roddy,2023-24,22,MEM,48,1114,8.7,-5.0,-0.8,0.1,.005
David Roddy,2023-24,22,PHO,17,63,7.9,-5.8,-0.1,0.0,-0.006
David Roddy,2024-25,23,3TM,33,410,11.9,-1.5,0.1,0.5,.062
David Roddy,2024-25,23,ATL,27,346,11.8,-1.2,0.1,0.5,.070
David Roddy,2024-25,23,PHI,3,29,19.1,2.9,0.0,0.0,.036
David Roddy,2024-25,23,HOU,3,35,7.2,-8.3,-0.1,0.0,.007
David Roddy,2025-26,24,DEN,5,73,20.4,0.0,0.0,0.3,.185
Ryan Rollins,2022-23,20,GSW,12,62,-1.4,-15.0,-0.2,-0.3,-0.218
Ryan Rollins,2023-24,21,2TM,13,78,22.0,5.7,0.2,0.3,.155
Ryan Rollins,2023-24,21,WAS,10,66,22.7,5.0,0.1,0.2,.147
Ryan Rollins,2023-24,21,MIL,3,12,18.5,9.2,0.0,0.0,.199
Ryan Rollins,2024-25,22,MIL,56,820,14.0,-0.5,0.3,1.7,.101
Ryan Rollins,2025-26,23,MIL,74,2376,16.2,0.2,1.3,3.4,.069
Derrick Rose,2008-09,20,CHI,81,3000,16.0,-0.4,1.2,4.9,.078
Derrick Rose,2009-10,21,CHI,78,2871,18.6,1.7,2.7,6.0,.100
Derrick Rose,2010-11,22,CHI,81,3026,23.5,6.8,6.7,13.1,.208
Derrick Rose,2011-12,23,CHI,39,1375,23.0,6.4,2.9,6.0,.211
Derrick Rose,2012-13,,Did not play - injury,,,,,,,
Derrick Rose,2013-14,25,CHI,10,311,9.7,-3.1,-0.1,-0.2,-0.036
Derrick Rose,2014-15,26,CHI,51,1530,15.9,-0.6,0.6,1.2,.038
Derrick Rose,2015-16,27,CHI,66,2097,13.4,-2.5,-0.3,0.4,.009
Derrick Rose,2016-17,28,NYK,64,2082,17.0,-1.0,0.5,3.0,.068
Derrick Rose,2017-18,29,2TM,25,420,11.5,-5.4,-0.4,-0.2,-0.018
Derrick Rose,2017-18,29,CLE,16,308,11.6,-5.4,-0.3,-0.1,-0.014
Derrick Rose,2017-18,29,MIN,9,112,11.2,-5.5,-0.1,-0.1,-0.029
Derrick Rose,2018-19,30,MIN,51,1392,19.5,1.4,1.2,3.0,.102
Derrick Rose,2019-20,31,DET,50,1298,21.0,2.2,1.4,2.5,.092
Derrick Rose,2020-21,32,2TM,50,1279,18.3,1.9,1.3,3.1,.118
Derrick Rose,2020-21,32,DET,15,342,17.1,0.6,0.2,0.4,.051
Derrick Rose,2020-21,32,NYK,35,937,18.8,2.4,1.0,2.8,.142
Derrick Rose,2021-22,33,NYK,26,636,16.9,2.3,0.7,1.4,.108
Derrick Rose,2022-23,34,NYK,27,338,10.1,-3.7,-0.1,0.0,-0.001
Derrick Rose,2023-24,35,MEM,24,399,13.1,-2.8,-0.1,0.4,.046
Jackson Rowe,2024-25,28,GSW,6,52,15.9,1.0,0.0,0.2,.153
Terry Rozier,2015-16,21,BOS,39,311,5.0,-6.1,-0.3,-0.3,-0.047
Terry Rozier,2016-17,22,BOS,74,1263,10.9,-1.4,0.2,1.4,.054
Terry Rozier,2017-18,23,BOS,80,2068,15.1,2.1,2.1,5.6,.130
Terry Rozier,2018-19,24,BOS,79,1791,12.9,-0.2,0.8,3.2,.086
Terry Rozier,2019-20,25,CHO,63,2164,14.8,-0.4,0.8,3.0,.066
Terry Rozier,2020-21,26,CHO,69,2383,17.1,1.6,2.2,5.2,.105
Terry Rozier,2021-22,27,CHO,73,2458,17.6,1.7,2.3,5.9,.115
Terry Rozier,2022-23,28,CHO,63,2221,14.7,-0.6,0.8,1.7,.037
Terry Rozier,2023-24,29,2TM,61,2040,17.3,1.5,1.8,3.9,.091
Terry Rozier,2023-24,29,CHO,30,1065,19.2,2.3,1.1,2.0,.090
Terry Rozier,2023-24,29,MIA,31,975,15.1,0.7,0.7,1.9,.092
Terry Rozier,2024-25,30,MIA,64,1658,10.5,-3.7,-0.7,1.0,.029
Ricky Rubio,2009-10,,Did not play - other pro league,,,,,,,
Ricky Rubio,2010-11,,Did not play - other pro league,,,,,,,
Ricky Rubio,2011-12,21,MIN,41,1404,14.6,1.0,1.1,2.0,.070
Ricky Rubio,2012-13,22,MIN,57,1691,16.2,1.1,1.3,3.0,.085
Ricky Rubio,2013-14,23,MIN,82,2638,15.4,1.2,2.1,5.9,.107
Ricky Rubio,2014-15,24,MIN,22,692,15.2,-0.1,0.3,0.5,.033
Ricky Rubio,2015-16,25,MIN,76,2323,17.6,1.8,2.3,5.8,.119
Ricky Rubio,2016-17,26,MIN,75,2469,16.8,0.9,1.8,6.1,.119
Ricky Rubio,2017-18,27,UTA,77,2254,15.4,0.7,1.6,5.3,.112
Ricky Rubio,2018-19,28,UTA,68,1899,14.0,-0.2,0.9,3.7,.095
Ricky Rubio,2019-20,29,PHO,65,2016,16.5,1.0,1.5,4.9,.117
Ricky Rubio,2020-21,30,MIN,68,1772,13.5,-1.9,0.0,3.1,.085
Ricky Rubio,2021-22,31,CLE,34,970,14.0,0.2,0.5,1.3,.064
Ricky Rubio,2022-23,32,CLE,33,566,10.4,-2.8,-0.1,0.7,.062
Ricky Rubio,2023-24,,Did not play - other pro league,,,,,,,
Rayan Rupert,2023-24,19,POR,39,633,5.8,-6.7,-0.8,-0.1,-0.009
Rayan Rupert,2024-25,20,POR,52,460,8.1,-4.7,-0.3,0.1,.007
Rayan Rupert,2025-26,21,2TM,64,1072,8.2,-5.1,-0.8,0.6,.026
Rayan Rupert,2025-26,21,POR,48,577,5.8,-5.1,-0.4,0.2,.014
Rayan Rupert,2025-26,21,MEM,16,495,11.0,-5.1,-0.4,0.4,.041
D'Angelo Russell,2015-16,19,LAL,80,2259,13.2,-2.3,-0.1,0.0,.001
D'Angelo Russell,2016-17,20,LAL,63,1811,15.3,-0.8,0.6,1.3,.033
D'Angelo Russell,2017-18,21,BRK,48,1234,15.2,-1.2,0.3,0.4,.014
D'Angelo Russell,2018-19,22,BRK,81,2448,19.4,3.4,3.4,5.0,.097
D'Angelo Russell,2019-20,23,2TM,45,1452,18.7,1.9,1.4,1.8,.060
D'Angelo Russell,2019-20,23,GSW,33,1060,19.1,2.6,1.2,1.3,.058
D'Angelo Russell,2019-20,23,MIN,12,392,17.6,0.1,0.2,0.5,.064
D'Angelo Russell,2020-21,24,MIN,42,1196,17.6,1.6,1.1,1.6,.063
D'Angelo Russell,2021-22,25,MIN,65,2077,16.3,0.8,1.4,4.4,.101
D'Angelo Russell,2022-23,26,2TM,71,2304,16.3,1.5,2.0,5.1,.106
D'Angelo Russell,2022-23,26,MIN,54,1778,16.1,1.2,1.4,3.8,.103
D'Angelo Russell,2022-23,26,LAL,17,526,17.1,2.4,0.6,1.3,.118
D'Angelo Russell,2023-24,27,LAL,76,2484,16.0,0.9,1.8,5.1,.099
D'Angelo Russell,2024-25,28,2TM,58,1480,14.0,-0.4,0.6,1.9,.063
D'Angelo Russell,2024-25,28,LAL,29,763,13.0,-1.7,0.1,1.0,.063
D'Angelo Russell,2024-25,28,BRK,29,717,15.1,1.0,0.5,0.9,.063
D'Angelo Russell,2025-26,29,DAL,26,495,12.3,-2.3,0.0,0.0,-0.004
Cormac Ryan,2025-26,27,MIL,11,271,16.9,-0.8,0.1,0.6,.114
