player_name,year_id,age,team_name_abbr,games,mp,per,bpm,vorp,ws,ws_per_48
Precious Achiuwa,2020-21,21,MIA,61,737,14.2,-4.1,-0.4,1.3,.085
Precious Achiuwa,2021-22,22,TOR,73,1725,12.7,-2.6,-0.2,2.5,.070
Precious Achiuwa,2022-23,23,TOR,55,1140,15.2,-2.3,-0.1,2.2,.093
Precious Achiuwa,2023-24,24,2TM,74,1624,14.6,-1.4,0.2,3.4,.102
Precious Achiuwa,2023-24,24,TOR,25,437,15.0,-1.6,0.0,0.4,.048
Precious Achiuwa,2023-24,24,NYK,49,1187,14.5,-1.4,0.2,3.0,.122
Precious Achiuwa,2024-25,25,NYK,57,1170,13.6,-1.9,0.0,2.3,.095
Precious Achiuwa,2025-26,26,SAC,73,1745,16.2,-1.6,0.2,2.9,.081
Steven Adams,2013-14,20,OKC,81,1197,11.2,-2.2,-0.1,2.9,.114
Steven Adams,2014-15,21,OKC,70,1771,14.1,-1.3,0.3,4.1,.111
Steven Adams,2015-16,22,OKC,80,2014,15.5,0.2,1.1,6.5,.155
Steven Adams,2016-17,23,OKC,80,2389,16.5,-0.2,1.1,6.5,.130
Steven Adams,2017-18,24,OKC,76,2487,20.6,1.1,2.0,9.7,.187
Steven Adams,2018-19,25,OKC,80,2669,18.5,1.1,2.1,9.1,.163
Steven Adams,2019-20,26,OKC,63,1680,20.5,2.9,2.1,6.5,.185
Steven Adams,2020-21,27,NOP,58,1605,15.1,-0.3,0.7,4.0,.119
Steven Adams,2021-22,28,MEM,76,1999,17.6,2.0,2.0,6.8,.163
Steven Adams,2022-23,29,MEM,42,1133,17.5,0.6,0.7,3.4,.144
Steven Adams,2023-24,,Did not play - injury,,,,,,,
Steven Adams,2024-25,31,HOU,58,794,16.6,0.3,0.5,2.3,.137
Steven Adams,2025-26,32,HOU,32,730,15.8,-0.5,0.3,2.1,.141
Bam Adebayo,2017-18,20,MIA,69,1368,15.7,-0.4,0.6,4.2,.148
Bam Adebayo,2018-19,21,MIA,82,1913,17.9,1.8,1.8,6.8,.171
Bam Adebayo,2019-20,22,MIA,72,2417,20.3,3.4,3.3,8.5,.168
Bam Adebayo,2020-21,23,MIA,64,2143,22.7,4.9,3.7,8.8,.197
Bam Adebayo,2021-22,24,MIA,56,1825,21.8,3.8,2.7,7.2,.188
Bam Adebayo,2022-23,25,MIA,75,2598,20.1,1.5,2.3,7.4,.137
Bam Adebayo,2023-24,26,MIA,71,2416,19.8,2.4,2.7,7.2,.144
Bam Adebayo,2024-25,27,MIA,78,2674,18.9,2.0,2.7,7.5,.135
Bam Adebayo,2025-26,28,MIA,73,2365,18.7,2.0,2.4,6.4,.129
Ochai Agbaji,2022-23,22,UTA,59,1209,9.5,-3.0,-0.3,1.3,.053
Ochai Agbaji,2023-24,23,2TM,78,1641,7.7,-4.4,-1.0,0.1,.002
Ochai Agbaji,2023-24,23,UTA,51,1003,8.1,-3.0,-0.3,0.4,.019
Ochai Agbaji,2023-24,23,TOR,27,638,7.1,-6.5,-0.7,-0.3,-0.024
Ochai Agbaji,2024-25,24,TOR,64,1739,12.0,-0.7,0.5,3.1,.087
Ochai Agbaji,2025-26,25,2TM,62,973,8.9,-4.0,-0.5,0.9,.046
Ochai Agbaji,2025-26,25,TOR,42,650,7.5,-4.7,-0.5,0.6,.048
Ochai Agbaji,2025-26,25,BRK,20,323,11.7,-2.7,-0.1,0.3,.042
Santi Aldama,2021-22,21,MEM,32,360,10.2,-5.7,-0.3,0.3,.044
Santi Aldama,2022-23,22,MEM,77,1682,13.9,0.5,1.1,4.6,.130
Santi Aldama,2023-24,23,MEM,61,1618,13.1,-0.2,0.7,2.4,.070
Santi Aldama,2024-25,24,MEM,65,1660,16.8,3.2,2.2,5.0,.144
Santi Aldama,2025-26,25,MEM,43,1198,16.3,1.7,1.1,2.3,.092
Trey Alexander,2024-25,21,DEN,24,117,2.9,-9.7,-0.2,-0.2,-0.077
Trey Alexander,2025-26,22,NOP,9,111,13.2,-1.6,0.0,0.2,.090
Nickeil Alexander-Walker,2019-20,21,NOP,47,591,8.9,-4.6,-0.4,-0.2,-0.020
Nickeil Alexander-Walker,2020-21,22,NOP,46,1007,12.5,-1.3,0.2,0.7,.035
Nickeil Alexander-Walker,2021-22,23,2TM,65,1466,10.5,-2.9,-0.3,0.1,.003
Nickeil Alexander-Walker,2021-22,23,NOP,50,1317,10.5,-3.0,-0.3,-0.1,-0.005
Nickeil Alexander-Walker,2021-22,23,UTA,15,149,10.2,-1.7,0.0,0.2,.070
Nickeil Alexander-Walker,2022-23,24,2TM,59,884,11.6,-0.9,0.2,1.1,.062
Nickeil Alexander-Walker,2022-23,24,UTA,36,528,13.0,0.5,0.3,0.8,.074
Nickeil Alexander-Walker,2022-23,24,MIN,23,356,9.6,-3.0,-0.1,0.3,.044
Nickeil Alexander-Walker,2023-24,25,MIN,82,1921,10.9,0.2,1.1,4.3,.107
Nickeil Alexander-Walker,2024-25,26,MIN,82,2073,11.6,-0.4,0.8,4.3,.099
Nickeil Alexander-Walker,2025-26,27,ATL,78,2603,16.5,1.2,2.1,6.3,.116
Grayson Allen,2018-19,23,UTA,38,416,7.5,-6.3,-0.5,0.0,.002
Grayson Allen,2019-20,24,MEM,38,718,12.0,-1.3,0.1,1.2,.082
Grayson Allen,2020-21,25,MEM,50,1259,12.8,-0.2,0.6,2.7,.101
Grayson Allen,2021-22,26,MIL,66,1805,12.7,0.4,1.1,4.2,.110
Grayson Allen,2022-23,27,MIL,72,1972,12.3,0.1,1.0,5.1,.123
Grayson Allen,2023-24,28,PHO,75,2513,13.8,1.3,2.0,6.9,.132
Grayson Allen,2024-25,29,PHO,64,1544,13.7,-0.3,0.7,2.5,.079
Grayson Allen,2025-26,30,PHO,51,1467,16.1,2.1,1.5,3.9,.127
Jarrett Allen,2017-18,19,BRK,72,1441,17.5,-0.8,0.5,4.2,.141
Jarrett Allen,2018-19,20,BRK,80,2096,18.5,1.6,1.9,7.6,.175
Jarrett Allen,2019-20,21,BRK,70,1852,20.7,2.3,2.0,8.2,.212
Jarrett Allen,2020-21,22,2TM,63,1864,20.1,1.1,1.4,6.4,.166
Jarrett Allen,2020-21,22,BRK,12,320,21.5,2.6,0.4,1.4,.216
Jarrett Allen,2020-21,22,CLE,51,1544,19.8,0.8,1.1,5.0,.155
Jarrett Allen,2021-22,23,CLE,56,1810,23.0,3.9,2.7,8.5,.224
Jarrett Allen,2022-23,24,CLE,68,2220,19.9,2.4,2.4,9.5,.205
Jarrett Allen,2023-24,25,CLE,77,2442,21.8,3.0,3.1,10.7,.210
Jarrett Allen,2024-25,26,CLE,82,2296,22.1,4.2,3.6,11.6,.243
Jarrett Allen,2025-26,27,CLE,56,1519,22.1,2.6,1.8,6.4,.202
Timmy Allen,2023-24,24,MEM,5,125,0.8,-11.1,-0.3,-0.1,-0.041
Jose Alvarado,2021-22,23,NOP,54,834,16.4,1.9,0.8,2.1,.121
Jose Alvarado,2022-23,24,NOP,61,1310,11.8,-1.2,0.3,1.8,.066
Jose Alvarado,2023-24,25,NOP,56,1028,12.5,-0.1,0.5,2.1,.097
Jose Alvarado,2024-25,26,NOP,56,1366,13.4,-1.4,0.2,1.2,.043
Jose Alvarado,2025-26,27,2TM,69,1370,12.1,-1.0,0.3,2.2,.077
Jose Alvarado,2025-26,27,NOP,41,896,11.1,-2.0,0.0,1.0,.055
Jose Alvarado,2025-26,27,NYK,28,474,14.0,0.9,0.4,1.2,.119
Kyle Anderson,2014-15,21,SAS,33,358,8.2,-1.4,0.1,0.3,.044
Kyle Anderson,2015-16,22,SAS,78,1245,12.9,1.4,1.1,3.5,.133
Kyle Anderson,2016-17,23,SAS,72,1020,12.5,1.8,1.0,2.7,.127
Kyle Anderson,2017-18,24,SAS,74,1978,15.9,2.9,2.4,6.2,.151
Kyle Anderson,2018-19,25,MEM,43,1281,12.8,0.8,0.9,2.7,.100
Kyle Anderson,2019-20,26,MEM,67,1330,12.5,0.5,0.9,2.5,.091
Kyle Anderson,2020-21,27,MEM,69,1887,17.2,3.3,2.5,5.6,.143
Kyle Anderson,2021-22,28,MEM,69,1484,14.4,1.2,1.2,3.5,.113
Kyle Anderson,2022-23,29,MIN,69,1957,14.8,2.5,2.2,5.1,.125
Kyle Anderson,2023-24,30,MIN,79,1782,12.7,1.1,1.4,4.5,.121
Kyle Anderson,2024-25,31,2TM,61,1002,15.1,1.5,0.9,2.8,.135
Kyle Anderson,2024-25,31,GSW,36,541,14.8,2.3,0.6,1.5,.132
Kyle Anderson,2024-25,31,MIA,25,461,15.3,0.6,0.3,1.3,.139
Kyle Anderson,2025-26,32,3TM,43,853,13.7,0.4,0.5,1.9,.105
Kyle Anderson,2025-26,32,UTA,20,401,14.2,-0.3,0.2,0.7,.087
Kyle Anderson,2025-26,32,MEM,4,89,15.1,-1.1,0.0,0.2,.105
Kyle Anderson,2025-26,32,MIN,19,363,12.7,1.6,0.3,1.0,.126
Alex Antetokounmpo,2025-26,24,MIL,6,21,28.6,5.4,0.0,0.1,.282
Giannis Antetokounmpo,2013-14,19,MIL,77,1897,10.8,-2.5,-0.2,1.2,.031
Giannis Antetokounmpo,2014-15,20,MIL,81,2541,14.8,0.0,1.2,6.2,.117
Giannis Antetokounmpo,2015-16,21,MIL,80,2823,18.8,2.1,2.9,7.1,.121
Giannis Antetokounmpo,2016-17,22,MIL,80,2845,26.1,7.3,6.7,12.4,.210
Giannis Antetokounmpo,2017-18,23,MIL,75,2756,27.3,6.2,5.7,11.9,.207
Giannis Antetokounmpo,2018-19,24,MIL,72,2358,30.9,10.4,7.4,14.4,.292
Giannis Antetokounmpo,2019-20,25,MIL,63,1917,31.9,11.5,6.6,11.1,.279
Giannis Antetokounmpo,2020-21,26,MIL,61,2013,29.2,9.0,5.6,10.2,.244
Giannis Antetokounmpo,2021-22,27,MIL,67,2204,32.1,11.2,7.4,12.9,.281
Giannis Antetokounmpo,2022-23,28,MIL,63,2024,29.0,8.5,5.4,8.6,.204
Giannis Antetokounmpo,2023-24,29,MIL,73,2567,29.9,9.0,7.2,13.2,.246
Giannis Antetokounmpo,2024-25,30,MIL,67,2289,30.5,9.5,6.6,11.5,.241
Giannis Antetokounmpo,2025-26,31,MIL,36,1039,32.6,9.5,3.0,5.0,.231
Thanasis Antetokounmpo,2013-14,,Did not play - other pro league,,,,,,,
Thanasis Antetokounmpo,2014-15,,Did not play - other pro league,,,,,,,
Thanasis Antetokounmpo,2015-16,23,NYK,2,6,32.9,5.9,0.0,0.0,.291
Thanasis Antetokounmpo,2016-17,,Did not play - other pro league,,,,,,,
Thanasis Antetokounmpo,2017-18,,Did not play - other pro league,,,,,,,
Thanasis Antetokounmpo,2018-19,,Did not play - other pro league,,,,,,,
Thanasis Antetokounmpo,2019-20,27,MIL,20,129,12.2,-3.2,0.0,0.2,.070
Thanasis Antetokounmpo,2020-21,28,MIL,57,551,10.3,-3.5,-0.2,0.7,.057
Thanasis Antetokounmpo,2021-22,29,MIL,48,473,12.5,-3.5,-0.2,0.9,.095
Thanasis Antetokounmpo,2022-23,30,MIL,37,206,6.7,-7.6,-0.3,0.1,.022
Thanasis Antetokounmpo,2023-24,31,MIL,34,155,5.5,-6.4,-0.2,0.0,-0.010
Thanasis Antetokounmpo,2024-25,,Did not play - injury,,,,,,,
Thanasis Antetokounmpo,2025-26,33,MIL,34,148,14.0,-1.7,0.0,0.2,.076
Cole Anthony,2020-21,20,ORL,47,1273,12.1,-3.3,-0.4,0.0,-0.001
Cole Anthony,2021-22,21,ORL,65,2059,13.5,-1.2,0.4,1.6,.038
Cole Anthony,2022-23,22,ORL,60,1552,16.0,1.3,1.3,3.7,.116
Cole Anthony,2023-24,23,ORL,81,1817,14.6,0.1,1.0,3.6,.096
Cole Anthony,2024-25,24,ORL,67,1234,14.2,0.1,0.7,2.0,.078
Cole Anthony,2025-26,25,MIL,35,527,10.7,-4.7,-0.4,-0.5,-0.042
OG Anunoby,2017-18,20,TOR,74,1481,10.0,-0.6,0.5,3.0,.098
OG Anunoby,2018-19,21,TOR,67,1352,9.8,-2.4,-0.1,2.0,.070
OG Anunoby,2019-20,22,TOR,69,2066,13.2,1.2,1.7,5.7,.134
OG Anunoby,2020-21,23,TOR,43,1433,15.4,1.2,1.2,3.1,.104
OG Anunoby,2021-22,24,TOR,48,1728,14.8,0.5,1.1,3.7,.104
OG Anunoby,2022-23,25,TOR,67,2386,14.6,0.4,1.5,4.7,.094
OG Anunoby,2023-24,26,2TM,50,1702,12.8,-0.6,0.6,2.6,.073
OG Anunoby,2023-24,26,TOR,27,900,12.6,-1.6,0.1,1.0,.052
OG Anunoby,2023-24,26,NYK,23,802,13.0,0.6,0.5,1.6,.097
OG Anunoby,2024-25,27,NYK,74,2706,15.4,0.7,1.9,6.5,.116
OG Anunoby,2025-26,28,NYK,67,2224,15.8,2.0,2.3,6.3,.135
Ryan Arcidiacono,2017-18,23,CHI,24,304,7.3,-4.1,-0.2,0.3,.040
Ryan Arcidiacono,2018-19,24,CHI,81,1961,11.6,-1.9,0.1,3.7,.090
Ryan Arcidiacono,2019-20,25,CHI,58,930,9.0,-2.8,-0.2,1.4,.071
Ryan Arcidiacono,2020-21,26,CHI,44,450,9.8,-2.3,0.0,0.9,.093
Ryan Arcidiacono,2021-22,27,NYK,10,76,6.1,-4.6,-0.1,0.1,.052
Ryan Arcidiacono,2022-23,28,2TM,20,172,2.7,-8.8,-0.3,-0.2,-0.043
Ryan Arcidiacono,2022-23,28,NYK,11,26,3.1,-5.1,0.0,0.0,-0.012
Ryan Arcidiacono,2022-23,28,POR,9,146,2.6,-9.4,-0.3,-0.1,-0.049
Ryan Arcidiacono,2023-24,29,NYK,20,45,-2.0,-9.6,-0.1,-0.1,-0.089
Deni Avdija,2020-21,20,WAS,54,1257,7.6,-3.1,-0.4,1.2,.046
Deni Avdija,2021-22,21,WAS,82,1984,11.6,-1.7,0.1,2.4,.058
Deni Avdija,2022-23,22,WAS,76,2020,11.2,-2.3,-0.1,2.3,.054
Deni Avdija,2023-24,23,WAS,75,2257,14.9,-0.9,0.6,3.2,.068
Deni Avdija,2024-25,24,POR,72,2161,17.7,2.1,2.2,5.6,.124
Deni Avdija,2025-26,25,POR,66,2199,20.3,4.3,3.5,7.0,.152
Deandre Ayton,2018-19,20,PHO,71,2183,20.5,0.2,1.2,5.8,.128
Deandre Ayton,2019-20,21,PHO,38,1236,20.0,0.4,0.7,3.1,.121
Deandre Ayton,2020-21,22,PHO,69,2115,20.3,1.2,1.7,8.4,.191
Deandre Ayton,2021-22,23,PHO,58,1713,21.9,2.8,2.1,7.3,.203
Deandre Ayton,2022-23,24,PHO,67,2035,19.9,0.9,1.5,6.2,.147
Deandre Ayton,2023-24,25,POR,55,1784,18.9,0.3,1.0,3.9,.106
Deandre Ayton,2024-25,26,POR,40,1206,17.7,-0.7,0.4,2.8,.113
Deandre Ayton,2025-26,27,LAL,72,1958,18.2,-0.9,0.6,6.2,.152
Udoka Azubuike,2020-21,21,UTA,15,57,10.3,-3.8,0.0,0.1,.119
Udoka Azubuike,2021-22,22,UTA,17,195,17.6,-1.4,0.0,0.6,.157
Udoka Azubuike,2022-23,23,UTA,36,359,16.1,-0.6,0.1,1.0,.134
Udoka Azubuike,2023-24,24,PHO,16,113,12.3,-3.2,0.0,0.2,.100
Ibou Badji,2023-24,21,POR,22,226,8.1,-5.8,-0.2,0.2,.046
Marcus Bagley,2024-25,23,PHI,10,253,11.8,-4.3,-0.1,0.2,.045
Marvin Bagley III,2018-19,19,SAC,62,1567,18.9,-1.0,0.4,3.6,.110
Marvin Bagley III,2019-20,20,SAC,13,334,15.6,-3.5,-0.1,0.4,.051
Marvin Bagley III,2020-21,21,SAC,43,1112,16.3,-3.1,-0.3,1.4,.059
Marvin Bagley III,2021-22,22,2TM,48,1153,15.7,-2.3,-0.1,2.0,.084
Marvin Bagley III,2021-22,22,SAC,30,663,14.3,-3.5,-0.3,0.9,.067
Marvin Bagley III,2021-22,22,DET,18,490,17.7,-0.6,0.2,1.1,.107
Marvin Bagley III,2022-23,23,DET,42,990,17.2,-0.9,0.3,2.0,.095
Marvin Bagley III,2023-24,24,2TM,50,1053,19.4,-0.4,0.4,2.7,.122
Marvin Bagley III,2023-24,24,DET,26,478,18.2,-1.2,0.1,1.1,.112
Marvin Bagley III,2023-24,24,WAS,24,575,20.5,0.3,0.3,1.6,.130
Marvin Bagley III,2024-25,25,2TM,31,265,18.4,-1.2,0.1,0.6,.108
Marvin Bagley III,2024-25,25,WAS,19,166,19.9,-1.0,0.0,0.3,.089
Marvin Bagley III,2024-25,25,MEM,12,99,15.7,-1.5,0.0,0.3,.140
Marvin Bagley III,2025-26,26,2TM,60,1201,20.2,0.8,0.8,3.8,.150
Marvin Bagley III,2025-26,26,WAS,38,731,20.5,0.7,0.5,2.1,.140
Marvin Bagley III,2025-26,26,DAL,22,470,19.7,1.0,0.3,1.6,.165
Ace Bailey,2025-26,19,UTA,72,1988,11.6,-4.4,-1.2,-0.1,-0.001
Amari Bailey,2023-24,19,CHO,10,65,9.7,-8.3,-0.1,-0.1,-0.044
Adama-Alpha Bal,2025-26,22,MEM,8,241,9.6,-5.4,-0.2,0.3,.065
Patrick Baldwin Jr.,2022-23,20,GSW,31,226,11.3,-2.1,0.0,0.1,.029
Patrick Baldwin Jr.,2023-24,21,WAS,38,493,9.7,-4.6,-0.3,0.2,.019
Patrick Baldwin Jr.,2024-25,22,2TM,24,107,16.2,1.5,0.1,0.2,.098
Patrick Baldwin Jr.,2024-25,22,WAS,22,101,14.5,-0.2,0.0,0.1,.070
Patrick Baldwin Jr.,2024-25,22,LAC,2,6,45.4,30.7,0.1,0.1,.573
Patrick Baldwin Jr.,2025-26,23,3TM,9,102,11.8,-4.4,-0.1,0.1,.050
Patrick Baldwin Jr.,2025-26,23,LAC,2,12,23.6,4.8,0.0,0.1,.214
Patrick Baldwin Jr.,2025-26,23,PHI,1,2,6.3,-8.1,0.0,0.0,.085
Patrick Baldwin Jr.,2025-26,23,SAC,6,88,10.3,-5.6,-0.1,0.0,.027
LaMelo Ball,2020-21,19,CHO,51,1469,17.5,1.8,1.4,2.8,.093
LaMelo Ball,2021-22,20,CHO,75,2422,19.7,3.4,3.3,5.8,.116
LaMelo Ball,2022-23,21,CHO,36,1268,17.9,2.4,1.4,1.8,.068
LaMelo Ball,2023-24,22,CHO,22,711,20.8,3.3,1.0,1.1,.074
LaMelo Ball,2024-25,23,CHO,47,1505,19.1,3.2,2.0,2.0,.065
LaMelo Ball,2025-26,24,CHO,72,2017,19.7,4.7,3.4,6.2,.147
Lonzo Ball,2017-18,20,LAL,52,1780,12.5,1.0,1.3,2.0,.053
Lonzo Ball,2018-19,21,LAL,47,1423,11.7,-0.3,0.6,1.6,.052
Lonzo Ball,2019-20,22,NOP,63,2025,13.1,0.6,1.3,2.4,.058
Lonzo Ball,2020-21,23,NOP,55,1747,15.2,1.7,1.6,3.2,.089
Lonzo Ball,2021-22,24,CHI,35,1212,14.5,2.5,1.4,2.2,.088
Lonzo Ball,2022-23,,Did not play - injury,,,,,,,
Lonzo Ball,2023-24,,Did not play - injury,,,,,,,
Lonzo Ball,2024-25,27,CHI,35,777,12.2,0.2,0.4,1.2,.075
Lonzo Ball,2025-26,28,CLE,35,728,9.5,-1.1,0.2,0.6,.042
Mo Bamba,2018-19,20,ORL,47,766,14.9,-1.4,0.1,1.7,.106
Mo Bamba,2019-20,21,ORL,62,878,17.5,0.4,0.5,2.5,.135
Mo Bamba,2020-21,22,ORL,46,725,19.3,0.1,0.4,1.8,.117
Mo Bamba,2021-22,23,ORL,71,1824,16.5,0.7,1.2,4.5,.118
Mo Bamba,2022-23,24,2TM,49,769,15.7,0.5,0.5,2.2,.139
Mo Bamba,2022-23,24,ORL,40,681,16.3,1.3,0.6,2.1,.150
Mo Bamba,2022-23,24,LAL,9,88,11.4,-5.5,-0.1,0.1,.054
Mo Bamba,2023-24,25,PHI,57,740,15.4,-1.0,0.2,2.0,.128
Mo Bamba,2024-25,26,2TM,32,413,13.9,-0.9,0.1,1.0,.117
Mo Bamba,2024-25,26,LAC,28,352,14.5,-0.2,0.2,0.9,.124
Mo Bamba,2024-25,26,NOP,4,61,10.6,-4.5,0.0,0.1,.080
Mo Bamba,2025-26,27,2TM,4,44,12.9,-8.0,-0.1,0.1,.056
Mo Bamba,2025-26,27,TOR,2,6,-2.8,-21.3,0.0,0.0,-0.159
Mo Bamba,2025-26,27,UTA,2,38,15.4,-5.9,0.0,0.1,.090
Paolo Banchero,2022-23,20,ORL,72,2430,14.9,-1.5,0.3,2.4,.047
Paolo Banchero,2023-24,21,ORL,80,2799,17.3,1.3,2.3,5.3,.090
Paolo Banchero,2024-25,22,ORL,46,1582,20.0,3.5,2.2,3.5,.106
Paolo Banchero,2025-26,23,ORL,72,2502,17.6,1.4,2.1,5.0,.095
Desmond Bane,2020-21,22,MEM,68,1519,12.2,-0.8,0.5,2.9,.093
Desmond Bane,2021-22,23,MEM,76,2266,17.6,2.7,2.7,7.2,.153
Desmond Bane,2022-23,24,MEM,58,1841,19.1,3.5,2.5,5.8,.151
Desmond Bane,2023-24,25,MEM,42,1443,18.5,2.8,1.7,3.1,.102
Desmond Bane,2024-25,26,MEM,69,2205,17.9,3.2,2.9,6.5,.142
Desmond Bane,2025-26,27,ORL,82,2756,16.9,1.4,2.3,7.4,.129
Dalano Banton,2021-22,22,TOR,64,696,10.0,-3.1,-0.2,0.4,.030
Dalano Banton,2022-23,23,TOR,31,279,14.9,-0.5,0.1,0.4,.064
Dalano Banton,2023-24,24,2TM,54,1047,13.3,-1.3,0.2,0.5,.024
Dalano Banton,2023-24,24,BOS,24,171,9.9,-4.1,-0.1,0.2,.063
Dalano Banton,2023-24,24,POR,30,876,14.0,-0.8,0.3,0.3,.016
Dalano Banton,2024-25,25,POR,67,1120,12.9,-0.8,0.3,0.8,.033
Dalano Banton,2025-26,26,2TM,6,62,7.0,-4.0,0.0,-0.1,-0.044
Dalano Banton,2025-26,26,LAC,2,10,27.8,12.5,0.0,0.0,.227
Dalano Banton,2025-26,26,BOS,4,52,3.0,-7.1,-0.1,-0.1,-0.095
Dominick Barlow,2022-23,19,SAS,28,408,12.4,-4.6,-0.3,0.7,.082
Dominick Barlow,2023-24,20,SAS,33,420,14.6,-1.7,0.0,1.1,.126
Dominick Barlow,2024-25,21,ATL,35,375,14.6,-2.2,0.0,1.0,.131
Dominick Barlow,2025-26,22,PHI,71,1689,13.2,-1.1,0.4,3.9,.112
Harrison Barnes,2012-13,20,GSW,81,2058,11.0,-1.7,0.1,2.8,.065
Harrison Barnes,2013-14,21,GSW,78,2204,9.8,-1.6,0.2,3.2,.070
Harrison Barnes,2014-15,22,GSW,82,2318,13.4,0.1,1.2,6.7,.139
Harrison Barnes,2015-16,23,GSW,66,2042,12.3,-1.3,0.3,4.9,.116
Harrison Barnes,2016-17,24,DAL,79,2803,16.3,-0.8,0.8,4.6,.078
Harrison Barnes,2017-18,25,DAL,77,2634,15.8,-0.5,1.0,3.8,.070
Harrison Barnes,2018-19,26,2TM,77,2533,12.8,-1.4,0.4,3.6,.068
Harrison Barnes,2018-19,26,DAL,49,1584,13.1,-1.2,0.3,1.9,.059
Harrison Barnes,2018-19,26,SAC,28,949,12.3,-1.7,0.1,1.7,.084
Harrison Barnes,2019-20,27,SAC,72,2482,13.3,-1.3,0.5,4.6,.088
Harrison Barnes,2020-21,28,SAC,58,2102,15.4,0.2,1.1,4.5,.103
Harrison Barnes,2021-22,29,SAC,77,2580,15.7,0.2,1.4,6.0,.112
Harrison Barnes,2022-23,30,SAC,82,2662,14.1,-1.0,0.7,6.5,.118
Harrison Barnes,2023-24,31,SAC,82,2381,11.9,-1.8,0.1,4.7,.094
Harrison Barnes,2024-25,32,SAS,82,2230,14.9,0.0,1.2,5.6,.120
Harrison Barnes,2025-26,33,SAS,77,1986,11.8,-0.1,1.0,4.8,.117
Scottie Barnes,2021-22,20,TOR,74,2617,16.3,0.9,1.9,6.6,.122
Scottie Barnes,2022-23,21,TOR,77,2678,15.5,0.4,1.6,5.0,.090
Scottie Barnes,2023-24,22,TOR,60,2094,19.5,3.7,3.0,4.3,.098
Scottie Barnes,2024-25,23,TOR,65,2134,17.8,2.4,2.3,3.5,.078
Scottie Barnes,2025-26,24,TOR,80,2681,19.2,4.2,4.2,7.8,.140
Brooks Barnhizer,2025-26,23,OKC,40,348,7.9,-3.1,-0.1,0.6,.082
RJ Barrett,2019-20,19,NYK,56,1704,10.7,-4.3,-1.0,-0.5,-0.015
RJ Barrett,2020-21,20,NYK,72,2511,13.4,-1.2,0.5,4.1,.078
RJ Barrett,2021-22,21,NYK,70,2417,13.7,-1.6,0.2,2.3,.046
RJ Barrett,2022-23,22,NYK,73,2475,12.9,-3.1,-0.7,2.2,.043
RJ Barrett,2023-24,23,2TM,58,1838,16.4,-0.8,0.6,2.9,.075
RJ Barrett,2023-24,23,NYK,26,766,14.3,-2.0,0.0,1.1,.070
RJ Barrett,2023-24,23,TOR,32,1072,17.8,0.1,0.6,1.7,.078
RJ Barrett,2024-25,24,TOR,58,1869,16.5,0.6,1.2,2.4,.061
RJ Barrett,2025-26,25,TOR,57,1726,17.0,0.2,1.0,4.0,.111
Will Barton,2012-13,22,POR,73,894,9.1,-4.6,-0.6,-0.5,-0.028
Will Barton,2013-14,23,POR,41,387,13.5,-1.3,0.1,0.6,.078
Will Barton,2014-15,24,2TM,58,983,13.6,-0.2,0.4,1.3,.063
Will Barton,2014-15,24,POR,30,300,8.3,-3.3,-0.1,0.0,.002
Will Barton,2014-15,24,DEN,28,683,15.9,1.2,0.5,1.3,.089
Will Barton,2015-16,25,DEN,82,2353,16.0,0.8,1.7,4.3,.088
Will Barton,2016-17,26,DEN,60,1705,15.5,0.2,1.0,3.3,.093
Will Barton,2017-18,27,DEN,81,2683,16.2,1.1,2.1,6.2,.111
Will Barton,2018-19,28,DEN,43,1189,11.0,-1.8,0.0,1.2,.049
Will Barton,2019-20,29,DEN,58,1916,15.6,1.1,1.5,4.2,.106
Will Barton,2020-21,30,DEN,56,1736,11.8,-1.9,0.1,2.2,.061
Will Barton,2021-22,31,DEN,71,2277,13.4,-0.5,0.9,3.2,.067
Will Barton,2022-23,32,2TM,56,993,10.0,-2.6,-0.2,0.4,.021
Will Barton,2022-23,32,WAS,40,782,10.0,-2.7,-0.1,0.2,.013
Will Barton,2022-23,32,TOR,16,211,9.9,-2.5,0.0,0.2,.051
Will Barton,2023-24,,Did not play - other pro league,,,,,,,
Charles Bassey,2021-22,21,PHI,23,168,21.5,1.7,0.2,0.8,.220
Charles Bassey,2022-23,22,SAS,35,508,18.8,0.7,0.3,1.3,.123
Charles Bassey,2023-24,23,SAS,19,205,17.7,1.3,0.2,0.7,.157
Charles Bassey,2024-25,24,SAS,36,376,19.0,-1.1,0.1,1.1,.136
Charles Bassey,2025-26,25,4TM,13,153,22.7,1.9,0.2,0.7,.211
Charles Bassey,2025-26,25,MEM,2,31,12.6,-4.4,0.0,0.0,.067
Charles Bassey,2025-26,25,PHI,1,5,21.3,7.0,0.0,0.0,.193
Charles Bassey,2025-26,25,BOS,5,17,38.5,10.3,0.1,0.1,.349
Charles Bassey,2025-26,25,GSW,5,100,23.2,2.2,0.1,0.5,.233
Emoni Bates,2023-24,20,CLE,15,133,2.6,-9.2,-0.2,-0.3,-0.092
Emoni Bates,2024-25,21,CLE,10,75,9.8,-1.5,0.0,0.1,.038
Keita Bates-Diop,2018-19,23,MIN,30,503,9.6,-3.4,-0.2,0.3,.032
Keita Bates-Diop,2019-20,24,2TM,44,744,12.4,-1.4,0.1,1.2,.078
Keita Bates-Diop,2019-20,24,MIN,37,646,12.5,-0.9,0.2,1.0,.077
Keita Bates-Diop,2019-20,24,DEN,7,98,12.1,-5.0,-0.1,0.2,.084
Keita Bates-Diop,2020-21,25,SAS,30,245,12.0,-1.9,0.0,0.3,.068
Keita Bates-Diop,2021-22,26,SAS,59,957,12.4,-2.6,-0.1,1.6,.080
Keita Bates-Diop,2022-23,27,SAS,67,1452,14.9,-0.6,0.5,2.7,.089
Keita Bates-Diop,2023-24,28,2TM,53,665,11.5,-1.0,0.2,1.3,.091
Keita Bates-Diop,2023-24,28,PHO,39,597,11.3,-1.2,0.1,1.1,.089
Keita Bates-Diop,2023-24,28,BRK,14,68,13.4,0.2,0.0,0.2,.112
Jamison Battle,2024-25,23,TOR,59,1042,10.7,-2.3,-0.1,1.7,.079
Jamison Battle,2025-26,24,TOR,61,517,10.6,-2.6,-0.1,0.9,.086
Nicolas Batum,2008-09,20,POR,79,1454,12.9,1.4,1.2,3.7,.123
Nicolas Batum,2009-10,21,POR,37,918,17.3,3.9,1.4,3.5,.181
Nicolas Batum,2010-11,22,POR,80,2522,14.8,1.1,2.0,6.6,.126
Nicolas Batum,2011-12,23,POR,59,1791,17.3,2.5,2.0,4.8,.127
Nicolas Batum,2012-13,24,POR,73,2807,15.7,2.8,3.4,5.8,.099
Nicolas Batum,2013-14,25,POR,82,2956,15.8,3.4,4.0,7.9,.128
Nicolas Batum,2014-15,26,POR,71,2380,13.1,2.1,2.4,5.2,.105
Nicolas Batum,2015-16,27,CHO,70,2448,15.6,1.2,2.0,5.0,.097
Nicolas Batum,2016-17,28,CHO,77,2617,15.8,0.8,1.9,4.6,.084
Nicolas Batum,2017-18,29,CHO,64,1981,14.4,0.4,1.2,3.5,.084
Nicolas Batum,2018-19,30,CHO,75,2354,11.9,-0.3,1.0,3.7,.076
Nicolas Batum,2019-20,31,CHO,22,505,9.2,-1.9,0.0,0.6,.055
Nicolas Batum,2020-21,32,LAC,67,1835,12.9,2.1,1.9,5.0,.132
Nicolas Batum,2021-22,33,LAC,59,1463,13.5,2.3,1.6,3.7,.123
Nicolas Batum,2022-23,34,LAC,78,1709,11.0,0.5,1.0,3.6,.101
Nicolas Batum,2023-24,35,2TM,60,1529,10.2,-0.4,0.6,3.3,.103
Nicolas Batum,2023-24,35,LAC,3,54,9.8,2.8,0.1,0.1,.091
Nicolas Batum,2023-24,35,PHI,57,1475,10.3,-0.5,0.5,3.2,.104
Nicolas Batum,2024-25,36,LAC,78,1367,10.3,0.8,1.0,3.5,.124
Nicolas Batum,2025-26,37,LAC,74,1295,8.4,-1.0,0.3,1.8,.066
Damion Baugh,2024-25,24,CHO,15,370,6.3,-7.1,-0.5,-0.5,-0.069
Darius Bazley,2019-20,19,OKC,61,1130,9.6,-1.6,0.1,1.0,.041
Darius Bazley,2020-21,20,OKC,55,1714,9.7,-4.4,-1.0,-0.9,-0.026
Darius Bazley,2021-22,21,OKC,69,1924,12.6,-1.8,0.1,1.8,.044
Darius Bazley,2022-23,22,2TM,43,616,13.1,-1.0,0.2,1.0,.078
Darius Bazley,2022-23,22,OKC,36,555,12.9,-1.0,0.1,0.9,.079
Darius Bazley,2022-23,22,PHO,7,61,15.5,-0.4,0.0,0.1,.066
Darius Bazley,2023-24,23,2TM,9,152,13.9,-0.4,0.1,0.3,.084
Darius Bazley,2023-24,23,PHI,3,10,-1.6,-8.4,0.0,0.0,-0.142
Darius Bazley,2023-24,23,UTA,6,142,14.9,0.2,0.1,0.3,.100
Bradley Beal,2012-13,19,WAS,56,1745,13.6,0.2,1.0,3.0,.082
Bradley Beal,2013-14,20,WAS,73,2530,14.3,-0.4,1.0,4.0,.076
Bradley Beal,2014-15,21,WAS,63,2107,14.0,0.1,1.1,3.7,.085
Bradley Beal,2015-16,22,WAS,55,1708,15.5,0.3,1.0,2.7,.076
Bradley Beal,2016-17,23,WAS,77,2684,20.1,3.3,3.5,8.5,.152
Bradley Beal,2017-18,24,WAS,82,2977,18.4,2.2,3.1,6.9,.111
Bradley Beal,2018-19,25,WAS,82,3028,20.8,2.9,3.7,7.6,.120
Bradley Beal,2019-20,26,WAS,57,2053,23.2,2.9,2.5,5.1,.118
Bradley Beal,2020-21,27,WAS,60,2147,22.7,3.4,2.9,5.9,.132
Bradley Beal,2021-22,28,WAS,40,1439,17.5,0.8,1.0,1.4,.046
Bradley Beal,2022-23,29,WAS,50,1673,19.7,1.8,1.6,3.4,.099
Bradley Beal,2023-24,30,PHO,53,1767,16.3,0.4,1.1,3.9,.107
Bradley Beal,2024-25,31,PHO,53,1702,15.2,-1.1,0.4,2.4,.068
Bradley Beal,2025-26,32,LAC,6,121,5.1,-10.6,-0.3,-0.2,-0.070
Malik Beasley,2016-17,20,DEN,22,165,13.7,-0.6,0.1,0.2,.057
Malik Beasley,2017-18,21,DEN,62,583,9.0,-3.8,-0.3,0.3,.028
Malik Beasley,2018-19,22,DEN,81,1879,14.2,0.1,1.0,4.5,.115
Malik Beasley,2019-20,23,2TM,55,1209,12.7,-2.1,0.0,1.2,.049
Malik Beasley,2019-20,23,DEN,41,746,10.5,-2.9,-0.2,0.5,.030
Malik Beasley,2019-20,23,MIN,14,463,16.2,-0.7,0.2,0.8,.079
Malik Beasley,2020-21,24,MIN,37,1214,14.6,-0.2,0.6,1.3,.053
Malik Beasley,2021-22,25,MIN,79,1976,11.9,-0.7,0.7,2.9,.069
Malik Beasley,2022-23,26,2TM,81,2093,10.9,-2.0,0.0,1.4,.032
Malik Beasley,2022-23,26,UTA,55,1472,11.5,-1.6,0.2,1.2,.040
Malik Beasley,2022-23,26,LAL,26,621,9.7,-2.9,-0.1,0.2,.012
Malik Beasley,2023-24,27,MIL,79,2337,10.3,-1.8,0.1,3.5,.073
Malik Beasley,2024-25,28,DET,82,2283,14.4,0.8,1.6,4.7,.100
MarJon Beauchamp,2022-23,22,MIL,52,701,8.2,-4.8,-0.5,0.4,.027
MarJon Beauchamp,2023-24,23,MIL,48,608,9.7,-3.2,-0.2,0.7,.056
MarJon Beauchamp,2024-25,24,3TM,35,156,12.3,-4.3,-0.1,0.1,.020
MarJon Beauchamp,2024-25,24,MIL,26,122,8.5,-6.5,-0.1,-0.1,-0.041
MarJon Beauchamp,2024-25,24,LAC,3,17,22.3,4.0,0.0,0.1,.223
MarJon Beauchamp,2024-25,24,NYK,6,17,29.8,3.7,0.0,0.1,.254
MarJon Beauchamp,2025-26,25,PHI,14,196,13.4,-1.6,0.0,0.2,.060
Reece Beekman,2024-25,23,2TM,36,469,7.5,-5.4,-0.4,0.1,.010
Reece Beekman,2024-25,23,GSW,2,4,42.3,26.0,0.0,0.0,.598
Reece Beekman,2024-25,23,BRK,34,465,7.2,-5.6,-0.4,0.1,.005
Joan Beringer,2025-26,19,MIN,40,314,21.3,0.4,0.2,1.5,.222
Jules Bernard,2023-24,24,WAS,19,149,12.7,-3.0,0.0,0.1,.026
Dāvis Bertāns,2011-12,,Did not play - other pro league,,,,,,,
Dāvis Bertāns,2012-13,,Did not play - other pro league,,,,,,,
Dāvis Bertāns,2013-14,,Did not play - other pro league,,,,,,,
Dāvis Bertāns,2014-15,,Did not play - other pro league,,,,,,,
Dāvis Bertāns,2015-16,,Did not play - other pro league,,,,,,,
Dāvis Bertāns,2016-17,24,SAS,67,808,12.9,1.3,0.7,2.3,.135
Dāvis Bertāns,2017-18,25,SAS,77,1086,14.1,1.6,1.0,3.1,.135
Dāvis Bertāns,2018-19,26,SAS,76,1632,13.0,1.3,1.4,4.0,.118
Dāvis Bertāns,2019-20,27,WAS,54,1583,15.5,0.9,1.1,3.5,.107
Dāvis Bertāns,2020-21,28,WAS,57,1464,11.4,-0.8,0.4,3.1,.101
Dāvis Bertāns,2021-22,29,2TM,56,807,9.4,-2.6,-0.1,0.9,.053
Dāvis Bertāns,2021-22,29,WAS,34,501,8.3,-3.8,-0.2,0.3,.025
Dāvis Bertāns,2021-22,29,DAL,22,306,11.2,-0.6,0.1,0.6,.098
Dāvis Bertāns,2022-23,30,DAL,45,492,11.9,-1.2,0.1,0.9,.090
Dāvis Bertāns,2023-24,31,2TM,43,674,11.6,-1.4,0.1,0.9,.061
Dāvis Bertāns,2023-24,31,OKC,15,91,17.3,4.0,0.1,0.4,.229
Dāvis Bertāns,2023-24,31,CHO,28,583,10.7,-2.3,0.0,0.4,.034
Patrick Beverley,2009-10,,Did not play - other pro league,,,,,,,
Patrick Beverley,2010-11,,Did not play - other pro league,,,,,,,
Patrick Beverley,2011-12,,Did not play - other pro league,,,,,,,
Patrick Beverley,2012-13,24,HOU,41,713,15.4,3.8,1.0,2.2,.148
Patrick Beverley,2013-14,25,HOU,56,1751,12.4,0.6,1.2,4.2,.116
Patrick Beverley,2014-15,26,HOU,56,1727,11.3,0.1,0.9,3.5,.096
Patrick Beverley,2015-16,27,HOU,71,2041,13.0,0.2,1.1,4.4,.103
Patrick Beverley,2016-17,28,HOU,67,2058,13.0,1.1,1.6,5.3,.123
Patrick Beverley,2017-18,29,LAC,11,334,12.4,0.5,0.2,0.4,.056
Patrick Beverley,2018-19,30,LAC,78,2137,11.8,0.9,1.5,4.8,.108
Patrick Beverley,2019-20,31,LAC,51,1342,12.5,2.2,1.4,3.6,.128
Patrick Beverley,2020-21,32,LAC,37,832,12.0,0.7,0.6,2.1,.119
Patrick Beverley,2021-22,33,MIN,58,1476,14.8,2.7,1.7,4.1,.132
Patrick Beverley,2022-23,34,2TM,67,1816,8.9,-1.2,0.3,3.0,.079
Patrick Beverley,2022-23,34,LAL,45,1211,8.3,-1.8,0.1,1.8,.071
Patrick Beverley,2022-23,34,CHI,22,605,10.1,-0.2,0.3,1.2,.096
Patrick Beverley,2023-24,35,2TM,73,1462,11.6,-1.1,0.3,2.7,.090
Patrick Beverley,2023-24,35,PHI,47,919,11.7,-1.5,0.1,1.7,.087
Patrick Beverley,2023-24,35,MIL,26,543,11.4,-0.4,0.2,1.1,.095
Saddiq Bey,2020-21,21,DET,70,1909,12.6,-0.5,0.7,3.3,.082
Saddiq Bey,2021-22,22,DET,82,2704,14.0,-0.3,1.2,4.0,.071
Saddiq Bey,2022-23,23,2TM,77,2129,14.6,-0.3,0.9,3.9,.087
Saddiq Bey,2022-23,23,DET,52,1500,14.3,-0.7,0.5,2.3,.074
Saddiq Bey,2022-23,23,ATL,25,629,15.2,0.5,0.4,1.6,.119
Saddiq Bey,2023-24,24,ATL,63,2062,13.1,-1.8,0.1,3.5,.081
Saddiq Bey,2024-25,,Did not play - injury,,,,,,,
Saddiq Bey,2025-26,26,NOP,72,2246,17.1,0.5,1.4,5.4,.116
Khem Birch,2017-18,25,ORL,42,578,16.4,-0.9,0.2,1.8,.150
Khem Birch,2018-19,26,ORL,50,643,19.2,1.2,0.5,2.8,.212
Khem Birch,2019-20,27,ORL,48,922,11.7,-2.4,-0.1,2.2,.112
Khem Birch,2020-21,28,2TM,67,1529,15.1,-1.0,0.4,3.8,.118
Khem Birch,2020-21,28,ORL,48,952,14.1,-1.6,0.1,2.1,.106
Khem Birch,2020-21,28,TOR,19,577,16.9,0.1,0.3,1.7,.138
Khem Birch,2021-22,29,TOR,55,991,13.2,-1.3,0.2,2.6,.126
Khem Birch,2022-23,30,TOR,20,162,9.4,-3.5,-0.1,0.2,.072
Khem Birch,2023-24,,Did not play - other pro league,,,,,,,
Goga Bitadze,2019-20,20,IND,54,471,12.1,-2.3,0.0,0.7,.067
Goga Bitadze,2020-21,21,IND,45,561,16.3,-1.0,0.1,1.5,.129
Goga Bitadze,2021-22,22,IND,50,729,18.0,-0.8,0.2,1.9,.122
Goga Bitadze,2022-23,23,2TM,38,457,17.1,0.3,0.3,1.3,.141
Goga Bitadze,2022-23,23,IND,21,202,13.9,-1.1,0.0,0.4,.087
Goga Bitadze,2022-23,23,ORL,17,255,19.7,1.3,0.2,1.0,.184
Goga Bitadze,2023-24,24,ORL,62,957,17.8,2.1,1.0,3.7,.186
Goga Bitadze,2024-25,25,ORL,70,1430,19.2,2.5,1.6,5.8,.195
Goga Bitadze,2025-26,26,ORL,64,972,20.1,2.8,1.2,4.4,.218
Onuralp Bitim,2023-24,24,CHI,23,268,5.0,-7.4,-0.4,-0.1,-0.027
Bismack Biyombo,2011-12,19,CHA,63,1455,10.6,-4.6,-1.0,0.6,.019
Bismack Biyombo,2012-13,20,CHA,80,2186,10.1,-4.4,-1.3,1.4,.031
Bismack Biyombo,2013-14,21,CHA,77,1072,13.3,-1.2,0.2,3.2,.144
Bismack Biyombo,2014-15,22,CHO,64,1243,15.2,-1.1,0.3,4.0,.156
Bismack Biyombo,2015-16,23,TOR,82,1808,14.9,-0.2,0.8,5.9,.156
Bismack Biyombo,2016-17,24,ORL,81,1793,12.2,-3.2,-0.6,2.9,.077
Bismack Biyombo,2017-18,25,ORL,82,1495,14.1,-2.4,-0.2,2.9,.094
Bismack Biyombo,2018-19,26,CHO,54,783,14.4,-2.5,-0.1,2.0,.125
Bismack Biyombo,2019-20,27,CHO,53,1029,16.1,-2.5,-0.1,2.4,.113
Bismack Biyombo,2020-21,28,CHO,66,1349,11.7,-3.0,-0.4,2.3,.081
Bismack Biyombo,2021-22,29,PHO,36,506,17.3,-1.3,0.1,1.8,.170
Bismack Biyombo,2022-23,30,PHO,61,874,14.4,-0.9,0.2,1.9,.102
Bismack Biyombo,2023-24,31,2TM,40,791,9.9,-3.4,-0.3,1.1,.066
Bismack Biyombo,2023-24,31,MEM,30,718,10.0,-3.2,-0.2,1.0,.066
Bismack Biyombo,2023-24,31,OKC,10,73,8.9,-5.2,-0.1,0.1,.066
Bismack Biyombo,2024-25,32,SAS,28,528,12.2,-3.6,-0.2,0.8,.071
Bismack Biyombo,2025-26,33,SAS,25,141,4.5,-5.8,-0.1,0.2,.057
Anthony Black,2023-24,20,ORL,69,1164,8.4,-3.0,-0.3,1.6,.067
Anthony Black,2024-25,21,ORL,78,1887,11.6,-1.9,0.0,2.4,.061
Anthony Black,2025-26,22,ORL,64,1910,13.7,-0.6,0.7,2.6,.067
Leaky Black,2023-24,24,CHO,26,284,11.5,-2.4,0.0,0.5,.084
Leaky Black,2025-26,26,WAS,15,433,7.8,-5.3,-0.4,0.0,.004
Buddy Boeheim,2022-23,23,DET,10,90,0.5,-9.5,-0.2,-0.2,-0.091
Buddy Boeheim,2023-24,24,DET,10,84,9.1,-3.5,0.0,0.1,.047
Buddy Boeheim,2025-26,26,OKC,4,15,4.6,-8.4,0.0,0.0,.012
Bogdan Bogdanović,2012-13,,Did not play - other pro league,,,,,,,
Bogdan Bogdanović,2013-14,,Did not play - other pro league,,,,,,,
Bogdan Bogdanović,2014-15,,Did not play - other pro league,,,,,,,
Bogdan Bogdanović,2015-16,,Did not play - other pro league,,,,,,,
Bogdan Bogdanović,2016-17,,Did not play - other pro league,,,,,,,
Bogdan Bogdanović,2017-18,25,SAC,78,2175,13.5,-1.5,0.3,2.9,.064
Bogdan Bogdanović,2018-19,26,SAC,70,1947,14.1,-0.6,0.7,2.7,.067
Bogdan Bogdanović,2019-20,27,SAC,61,1766,15.2,0.6,1.2,3.1,.084
Bogdan Bogdanović,2020-21,28,ATL,44,1305,17.6,3.6,1.8,3.9,.142
Bogdan Bogdanović,2021-22,29,ATL,63,1848,15.4,1.3,1.5,3.7,.095
Bogdan Bogdanović,2022-23,30,ATL,54,1508,14.2,0.5,0.9,2.8,.088
Bogdan Bogdanović,2023-24,31,ATL,79,2401,14.7,0.2,1.4,3.9,.079
Bogdan Bogdanović,2024-25,32,2TM,54,1348,11.1,-2.0,0.0,1.9,.069
Bogdan Bogdanović,2024-25,32,ATL,24,598,7.6,-4.7,-0.4,-0.1,-0.006
Bogdan Bogdanović,2024-25,32,LAC,30,750,14.0,0.2,0.4,2.0,.128
Bogdan Bogdanović,2025-26,33,LAC,23,452,8.9,-3.1,-0.1,0.2,.020
Bojan Bogdanović,2011-12,,Did not play - other pro league,,,,,,,
Bojan Bogdanović,2012-13,,Did not play - other pro league,,,,,,,
Bojan Bogdanović,2013-14,,Did not play - other pro league,,,,,,,
Bojan Bogdanović,2014-15,25,BRK,78,1854,11.6,-1.7,0.1,2.4,.062
Bojan Bogdanović,2015-16,26,BRK,79,2115,10.7,-3.5,-0.8,0.9,.021
Bojan Bogdanović,2016-17,27,2TM,81,2083,13.5,-2.2,-0.1,2.9,.067
Bojan Bogdanović,2016-17,27,BRK,55,1482,13.0,-2.6,-0.2,1.6,.052
Bojan Bogdanović,2016-17,27,WAS,26,601,14.7,-1.2,0.1,1.3,.103
Bojan Bogdanović,2017-18,28,IND,80,2464,13.9,-0.7,0.8,5.4,.105
Bojan Bogdanović,2018-19,29,IND,81,2573,16.1,0.7,1.7,6.8,.126
Bojan Bogdanović,2019-20,30,UTA,63,2083,15.6,0.1,1.1,4.2,.096
Bojan Bogdanović,2020-21,31,UTA,72,2216,14.0,-0.4,0.9,5.2,.113
Bojan Bogdanović,2021-22,32,UTA,69,2131,15.7,0.0,1.1,5.2,.118
Bojan Bogdanović,2022-23,33,DET,59,1893,17.4,0.8,1.4,3.5,.090
Bojan Bogdanović,2023-24,34,2TM,57,1478,12.6,-3.2,-0.4,1.1,.034
Bojan Bogdanović,2023-24,34,DET,28,921,14.1,-2.1,0.0,0.8,.042
Bojan Bogdanović,2023-24,34,NYK,29,557,10.1,-4.9,-0.4,0.2,.021
Bol Bol,2019-20,20,DEN,7,87,14.4,-3.0,0.0,0.1,.063
Bol Bol,2020-21,21,DEN,32,160,9.4,-4.1,-0.1,0.0,-0.004
Bol Bol,2021-22,22,DEN,14,81,13.5,-1.0,0.0,0.1,.065
Bol Bol,2022-23,23,ORL,70,1505,14.4,-0.9,0.4,2.3,.072
Bol Bol,2023-24,24,PHO,43,469,18.7,2.1,0.5,1.6,.168
Bol Bol,2024-25,25,PHO,36,448,18.4,0.8,0.3,0.9,.097
Marques Bolden,2019-20,21,CLE,1,3,19.8,5.4,0.0,0.0,.282
Marques Bolden,2020-21,22,CLE,6,29,13.3,-3.0,0.0,0.0,.063
Marques Bolden,2021-22,,Did not play - other pro league,,,,,,,
Marques Bolden,2022-23,,Did not play - other pro league,,,,,,,
Marques Bolden,2023-24,25,2TM,11,121,16.0,-2.7,0.0,0.3,.134
Marques Bolden,2023-24,25,MIL,2,3,3.0,-5.5,0.0,0.0,.102
Marques Bolden,2023-24,25,CHO,9,118,16.4,-2.6,0.0,0.3,.135
Leandro Bolmaro,2020-21,,Did not play - other pro league,,,,,,,
Leandro Bolmaro,2021-22,21,MIN,35,241,5.4,-5.8,-0.2,0.0,.004
Leandro Bolmaro,2022-23,22,UTA,14,68,-5.0,-14.7,-0.2,-0.3,-0.231
Leandro Bolmaro,2023-24,,Did not play - other pro league,,,,,,,
Adem Bona,2024-25,21,PHI,58,905,16.5,-2.7,-0.2,2.3,.121
Adem Bona,2025-26,22,PHI,71,1234,12.8,-2.9,-0.3,2.9,.112
Devin Booker,2015-16,19,PHO,76,2108,11.9,-2.8,-0.5,1.9,.043
Devin Booker,2016-17,20,PHO,78,2730,14.6,-1.9,0.1,2.0,.035
Devin Booker,2017-18,21,PHO,54,1865,18.1,0.9,1.4,2.4,.063
Devin Booker,2018-19,22,PHO,64,2242,20.2,1.0,1.7,3.5,.076
Devin Booker,2019-20,23,PHO,70,2512,20.6,2.2,2.6,7.5,.143
Devin Booker,2020-21,24,PHO,67,2270,19.2,0.3,1.3,4.9,.104
Devin Booker,2021-22,25,PHO,68,2345,21.3,4.1,3.6,7.6,.156
Devin Booker,2022-23,26,PHO,53,1835,22.0,4.2,2.9,6.0,.157
Devin Booker,2023-24,27,PHO,68,2447,21.9,3.0,3.1,9.2,.181
Devin Booker,2024-25,28,PHO,75,2795,19.3,0.4,1.7,6.4,.111
Devin Booker,2025-26,29,PHO,64,2146,20.4,2.2,2.3,6.5,.145
Brandon Boston Jr.,2021-22,20,LAC,51,760,11.2,-3.3,-0.3,0.4,.026
Brandon Boston Jr.,2022-23,21,LAC,22,248,13.4,-2.2,0.0,0.2,.040
Brandon Boston Jr.,2023-24,22,LAC,32,345,8.7,-9.0,-0.6,-0.3,-0.040
Brandon Boston Jr.,2024-25,23,NOP,42,993,12.7,-2.5,-0.1,0.7,.033
Chris Boucher,2017-18,25,GSW,1,1,-28.5,-33.1,0.0,0.0,-0.899
Chris Boucher,2018-19,26,TOR,28,163,22.2,2.6,0.2,0.7,.194
Chris Boucher,2019-20,27,TOR,62,819,20.7,2.0,0.8,3.8,.224
Chris Boucher,2020-21,28,TOR,60,1453,21.9,3.3,2.0,6.1,.201
Chris Boucher,2021-22,29,TOR,80,1690,17.9,0.1,0.9,6.0,.169
Chris Boucher,2022-23,30,TOR,76,1523,18.0,-0.1,0.7,5.0,.156
Chris Boucher,2023-24,31,TOR,50,705,16.0,-1.7,0.1,1.7,.119
Chris Boucher,2024-25,32,TOR,50,862,18.7,2.3,0.9,2.7,.148
Chris Boucher,2025-26,33,BOS,9,94,7.7,-3.1,0.0,0.1,.064
James Bouknight,2021-22,21,CHO,31,304,10.1,-7.1,-0.4,0.0,.001
James Bouknight,2022-23,22,CHO,34,515,6.2,-6.5,-0.6,-0.4,-0.040
James Bouknight,2023-24,23,CHO,14,81,15.9,2.2,0.1,0.1,.062
Jamaree Bouyea,2022-23,23,2TM,5,71,6.5,-4.2,0.0,0.0,.013
Jamaree Bouyea,2022-23,23,MIA,4,65,7.8,-2.9,0.0,0.0,.029
Jamaree Bouyea,2022-23,23,WAS,1,6,-6.9,-17.8,0.0,0.0,-0.150
Jamaree Bouyea,2023-24,24,2TM,9,95,1.5,-12.3,-0.2,-0.3,-0.129
Jamaree Bouyea,2023-24,24,POR,6,57,-4.8,-17.8,-0.2,-0.4,-0.299
Jamaree Bouyea,2023-24,24,SAS,3,38,11.1,-3.9,0.0,0.1,.126
Jamaree Bouyea,2024-25,25,MIL,5,62,9.7,-5.4,0.0,0.0,.007
Jamaree Bouyea,2025-26,26,PHO,46,644,13.5,-0.4,0.3,1.1,.086
Tony Bradley,2017-18,20,UTA,9,29,9.5,-7.5,0.0,0.0,.033
Tony Bradley,2018-19,21,UTA,3,36,19.6,-6.0,0.0,0.1,.130
Tony Bradley,2019-20,22,UTA,58,663,21.7,1.3,0.6,3.3,.236
Tony Bradley,2020-21,23,2TM,42,684,20.7,1.3,0.6,2.7,.192
Tony Bradley,2020-21,23,PHI,20,287,21.1,3.3,0.4,1.5,.245
Tony Bradley,2020-21,23,OKC,22,397,20.4,-0.2,0.2,1.3,.154
Tony Bradley,2021-22,24,CHI,55,549,14.9,-1.8,0.0,1.3,.112
Tony Bradley,2022-23,25,CHI,12,33,21.7,4.9,0.1,0.2,.220
Tony Bradley,2023-24,,Did not play - other pro league,,,,,,,
Tony Bradley,2024-25,27,IND,14,113,23.2,1.2,0.1,0.4,.187
Tony Bradley,2025-26,28,2TM,41,450,12.8,-4.2,-0.3,0.9,.099
Tony Bradley,2025-26,28,IND,38,416,13.0,-4.1,-0.2,0.9,.102
Tony Bradley,2025-26,28,ATL,3,34,10.2,-6.2,0.0,0.0,.061
Malaki Branham,2022-23,19,SAS,66,1550,9.5,-5.2,-1.3,-0.1,-0.004
Malaki Branham,2023-24,20,SAS,75,1594,8.7,-5.6,-1.5,-0.3,-0.008
Malaki Branham,2024-25,21,SAS,47,427,12.0,-3.2,-0.1,0.1,.007
Malaki Branham,2025-26,22,WAS,28,275,14.0,-2.2,0.0,0.4,.064
Jarrell Brantley,2019-20,23,UTA,9,96,8.0,-4.6,-0.1,0.0,-0.006
Jarrell Brantley,2020-21,24,UTA,28,138,16.6,2.2,0.1,0.5,.172
Jarrell Brantley,2021-22,,Did not play - other pro league,,,,,,,
Jarrell Brantley,2022-23,26,UTA,4,39,18.5,3.5,0.1,0.1,.160
Jarrell Brantley,2023-24,,Did not play - other pro league,,,,,,,
Christian Braun,2022-23,21,DEN,76,1181,10.3,-2.4,-0.1,1.9,.079
Christian Braun,2023-24,22,DEN,82,1655,12.1,-1.9,0.0,3.4,.100
Christian Braun,2024-25,23,DEN,79,2675,16.0,0.3,1.6,8.0,.144
Christian Braun,2025-26,24,DEN,44,1399,12.6,-1.2,0.3,3.0,.103
Koby Brea,2025-26,23,PHO,12,84,13.6,0.2,0.0,0.2,.117
Jalen Bridges,2024-25,23,PHO,8,30,-0.1,-12.5,-0.1,-0.1,-0.178
Mikal Bridges,2018-19,22,PHO,82,2417,10.8,-1.6,0.3,2.9,.058
Mikal Bridges,2019-20,23,PHO,73,2042,12.9,0.8,1.5,4.8,.113
Mikal Bridges,2020-21,24,PHO,72,2348,16.4,3.3,3.1,8.0,.164
Mikal Bridges,2021-22,25,PHO,82,2854,14.4,1.6,2.6,8.9,.150
Mikal Bridges,2022-23,26,2TM,83,2963,16.8,1.7,2.8,7.5,.121
Mikal Bridges,2022-23,26,PHO,56,2040,14.8,1.0,1.6,4.9,.116
Mikal Bridges,2022-23,26,BRK,27,923,21.3,3.3,1.2,2.5,.133
Mikal Bridges,2023-24,27,BRK,82,2854,14.9,-0.4,1.2,4.2,.070
Mikal Bridges,2024-25,28,NYK,82,3036,14.0,-0.5,1.2,5.7,.090
Mikal Bridges,2025-26,29,NYK,82,2692,15.3,2.7,3.2,8.0,.143
Miles Bridges,2018-19,20,CHO,80,1696,13.1,-0.8,0.5,2.9,.083
Miles Bridges,2019-20,21,CHO,65,1995,12.1,-2.5,-0.3,1.6,.039
Miles Bridges,2020-21,22,CHO,66,1932,14.7,0.2,1.1,4.2,.105
Miles Bridges,2021-22,23,CHO,80,2837,17.9,1.5,2.5,7.2,.123
Miles Bridges,2022-23,,Did not play - sat out,,,,,,,
Miles Bridges,2023-24,25,CHO,69,2581,15.4,-1.1,0.6,2.2,.040
Miles Bridges,2024-25,26,CHO,64,2029,17.7,1.8,2.0,3.2,.075
Miles Bridges,2025-26,27,CHO,77,2387,16.0,1.1,1.9,6.5,.130
Oshae Brissett,2019-20,21,TOR,19,135,6.7,-5.3,-0.1,0.1,.043
Oshae Brissett,2020-21,22,IND,21,519,17.2,0.6,0.3,1.8,.165
Oshae Brissett,2021-22,23,IND,67,1564,12.9,-2.2,-0.1,2.2,.069
Oshae Brissett,2022-23,24,IND,65,1083,10.6,-3.2,-0.3,1.1,.050
Oshae Brissett,2023-24,25,BOS,55,630,12.8,-1.8,0.0,1.7,.131
Oshae Brissett,2024-25,26,PHI,6,142,9.8,-6.3,-0.1,0.1,.019
Izaiah Brockington,2023-24,24,NOP,1,3,26.6,-17.8,0.0,0.0,-0.177
Malcolm Brogdon,2016-17,24,MIL,75,1982,14.9,-0.4,0.8,4.1,.100
Malcolm Brogdon,2017-18,25,MIL,48,1436,14.3,-1.2,0.3,2.7,.091
Malcolm Brogdon,2018-19,26,MIL,64,1832,17.8,2.2,1.9,6.5,.171
Malcolm Brogdon,2019-20,27,IND,54,1666,17.7,1.8,1.6,4.0,.114
Malcolm Brogdon,2020-21,28,IND,56,1930,17.9,2.1,2.0,4.2,.105
Malcolm Brogdon,2021-22,29,IND,36,1206,18.0,2.3,1.3,2.7,.106
Malcolm Brogdon,2022-23,30,BOS,67,1744,18.2,2.8,2.1,5.8,.161
Malcolm Brogdon,2023-24,31,POR,39,1121,17.0,2.0,1.1,2.6,.111
Malcolm Brogdon,2024-25,32,WAS,24,564,15.8,-1.5,0.1,0.7,.061
Armoni Brooks,2020-21,22,HOU,20,520,10.4,-3.2,-0.2,0.3,.030
Armoni Brooks,2021-22,23,2TM,54,844,8.4,-3.9,-0.4,0.2,.014
Armoni Brooks,2021-22,23,HOU,41,690,8.4,-4.4,-0.4,0.0,.002
Armoni Brooks,2021-22,23,TOR,13,154,8.6,-1.6,0.0,0.2,.067
Armoni Brooks,2022-23,,Did not play - other pro league,,,,,,,
Armoni Brooks,2023-24,25,BRK,10,104,8.3,-5.8,-0.1,0.0,-0.018
Dillon Brooks,2017-18,22,MEM,82,2350,9.8,-4.0,-1.2,1.2,.025
Dillon Brooks,2018-19,23,MEM,18,330,7.6,-6.3,-0.4,0.0,-0.004
Dillon Brooks,2019-20,24,MEM,73,2112,11.3,-4.1,-1.1,1.2,.027
Dillon Brooks,2020-21,25,MEM,67,1997,12.1,-3.7,-0.9,1.4,.033
Dillon Brooks,2021-22,26,MEM,32,885,15.5,-1.8,0.0,1.6,.087
Dillon Brooks,2022-23,27,MEM,73,2214,9.4,-3.9,-1.1,1.6,.034
Dillon Brooks,2023-24,28,HOU,72,2227,9.4,-3.6,-0.9,2.7,.058
Dillon Brooks,2024-25,29,HOU,75,2388,11.0,-1.4,0.4,5.1,.103
Dillon Brooks,2025-26,30,PHO,56,1702,14.1,-2.3,-0.1,2.1,.058
Keion Brooks Jr.,2024-25,24,NOP,14,332,12.8,-3.5,-0.1,0.4,.057
Johni Broome,2025-26,23,PHI,11,55,0.4,-16.2,-0.2,-0.2,-0.212
Bruce Brown,2018-19,22,DET,74,1449,6.9,-3.3,-0.5,1.5,.048
Bruce Brown,2019-20,23,DET,58,1634,11.9,-1.2,0.3,2.1,.062
Bruce Brown,2020-21,24,BRK,65,1451,16.1,-0.1,0.7,4.4,.144
Bruce Brown,2021-22,25,BRK,72,1774,15.0,0.7,1.2,4.8,.130
Bruce Brown,2022-23,26,DEN,80,2280,13.3,-0.5,0.9,4.3,.090
Bruce Brown,2023-24,27,2TM,67,1866,11.6,-3.3,-0.6,2.2,.058
Bruce Brown,2023-24,27,IND,33,981,12.2,-2.3,-0.1,1.5,.074
Bruce Brown,2023-24,27,TOR,34,885,10.9,-4.5,-0.5,0.7,.040
Bruce Brown,2024-25,28,2TM,41,922,10.9,-3.8,-0.4,0.7,.035
Bruce Brown,2024-25,28,TOR,18,353,12.3,-2.5,0.0,0.4,.060
Bruce Brown,2024-25,28,NOP,23,569,10.1,-4.6,-0.4,0.2,.020
Bruce Brown,2025-26,29,DEN,82,1998,10.8,-2.4,-0.2,2.9,.071
Charlie Brown Jr.,2019-20,22,ATL,10,40,11.0,-2.5,0.0,0.0,-0.028
Charlie Brown Jr.,2020-21,23,OKC,9,152,4.1,-8.7,-0.3,-0.1,-0.032
Charlie Brown Jr.,2021-22,24,2TM,22,177,6.5,-4.8,-0.1,0.0,.012
Charlie Brown Jr.,2021-22,24,DAL,3,15,5.1,-2.6,0.0,0.0,-0.050
Charlie Brown Jr.,2021-22,24,PHI,19,162,6.6,-5.0,-0.1,0.1,.018
Charlie Brown Jr.,2022-23,,Did not play - other pro league,,,,,,,
Charlie Brown Jr.,2023-24,26,NYK,8,37,-3.2,-13.6,-0.1,-0.1,-0.124
Darius Brown II,2025-26,26,CLE,1,3,-7.7,-18.7,0.0,0.0,-0.269
Greg Brown III,2021-22,20,POR,48,640,11.0,-4.7,-0.4,0.4,.029
Greg Brown III,2022-23,21,POR,16,93,5.8,-8.5,-0.2,-0.1,-0.074
Greg Brown III,2023-24,22,DAL,6,40,10.5,-4.4,0.0,0.0,.000
Jaylen Brown,2016-17,20,BOS,78,1341,10.3,-3.7,-0.6,1.5,.053
Jaylen Brown,2017-18,21,BOS,70,2152,13.6,-0.5,0.8,4.5,.100
Jaylen Brown,2018-19,22,BOS,74,1913,13.5,-2.1,0.0,3.0,.076
Jaylen Brown,2019-20,23,BOS,57,1934,16.9,0.8,1.4,4.9,.123
Jaylen Brown,2020-21,24,BOS,58,1999,19.9,2.5,2.3,4.8,.115
Jaylen Brown,2021-22,25,BOS,66,2220,18.9,2.1,2.2,5.8,.124
Jaylen Brown,2022-23,26,BOS,67,2405,19.1,1.3,2.0,5.0,.100
Jaylen Brown,2023-24,27,BOS,70,2343,18.6,0.7,1.6,5.9,.121
Jaylen Brown,2024-25,28,BOS,63,2158,17.8,0.0,1.1,5.2,.115
Jaylen Brown,2025-26,29,BOS,71,2443,22.0,3.3,3.3,6.9,.135
Kendall Brown,2022-23,19,IND,6,40,9.1,-2.9,0.0,0.1,.071
Kendall Brown,2023-24,20,IND,15,63,7.6,-6.8,-0.1,0.1,.045
Kobe Brown,2023-24,24,LAC,44,394,7.6,-3.8,-0.2,0.5,.055
Kobe Brown,2024-25,25,LAC,40,272,10.8,-2.1,0.0,0.5,.085
Kobe Brown,2025-26,26,2TM,61,963,12.0,-2.7,-0.2,1.3,.066
Kobe Brown,2025-26,26,LAC,34,295,11.2,-2.3,0.0,0.3,.056
Kobe Brown,2025-26,26,IND,27,668,12.4,-2.8,-0.1,1.0,.070
Moses Brown,2019-20,20,POR,9,33,6.7,-10.0,-0.1,0.0,-0.065
Moses Brown,2020-21,21,OKC,43,920,18.8,-2.4,-0.1,2.6,.138
Moses Brown,2021-22,22,2TM,40,345,18.5,-3.3,-0.1,1.2,.160
Moses Brown,2021-22,22,DAL,26,169,15.5,-4.8,-0.1,0.4,.111
Moses Brown,2021-22,22,CLE,14,176,21.4,-1.9,0.0,0.8,.207
Moses Brown,2022-23,23,2TM,36,294,22.2,-0.6,0.1,1.1,.179
Moses Brown,2022-23,23,LAC,34,288,22.7,-0.4,0.1,1.1,.185
Moses Brown,2022-23,23,BRK,2,6,-2.6,-9.9,0.0,0.0,-0.129
Moses Brown,2023-24,24,POR,22,200,14.5,-6.5,-0.2,0.2,.044
Moses Brown,2024-25,25,2TM,13,119,22.4,0.1,0.1,0.4,.146
Moses Brown,2024-25,25,IND,9,46,16.0,-5.2,0.0,0.0,.020
Moses Brown,2024-25,25,DAL,4,73,26.3,3.5,0.1,0.3,.225
Sterling Brown,2017-18,22,MIL,54,776,9.1,-3.1,-0.2,0.7,.043
Sterling Brown,2018-19,23,MIL,58,1034,10.9,-1.5,0.1,2.1,.098
Sterling Brown,2019-20,24,MIL,52,767,9.5,-2.0,0.0,1.1,.070
Sterling Brown,2020-21,25,HOU,51,1229,11.1,-1.6,0.1,1.8,.071
Sterling Brown,2021-22,26,DAL,49,628,8.4,-2.9,-0.1,0.8,.061
Sterling Brown,2022-23,27,LAL,4,24,7.0,-3.3,0.0,0.0,.040
Sterling Brown,2023-24,,Did not play - other pro league,,,,,,,
Troy Brown Jr.,2018-19,19,WAS,52,730,11.1,-2.7,-0.1,0.6,.039
Troy Brown Jr.,2019-20,20,WAS,69,1782,13.7,-1.2,0.3,2.4,.065
Troy Brown Jr.,2020-21,21,2TM,34,524,8.5,-4.0,-0.3,0.5,.043
Troy Brown Jr.,2020-21,21,WAS,21,287,6.3,-5.5,-0.3,-0.1,-0.009
Troy Brown Jr.,2020-21,21,CHI,13,237,11.2,-2.2,0.0,0.5,.107
Troy Brown Jr.,2021-22,22,CHI,66,1055,10.1,-1.8,0.1,1.4,.065
Troy Brown Jr.,2022-23,23,LAL,76,1860,9.6,-1.0,0.5,2.9,.075
Troy Brown Jr.,2023-24,24,2TM,59,827,8.8,-2.6,-0.1,0.8,.048
Troy Brown Jr.,2023-24,24,MIN,37,410,11.6,0.4,0.2,1.0,.118
Troy Brown Jr.,2023-24,24,DET,22,417,5.9,-5.5,-0.4,-0.2,-0.021
Jalen Brunson,2018-19,22,DAL,73,1591,12.8,-1.7,0.1,2.6,.077
Jalen Brunson,2019-20,23,DAL,57,1022,14.9,-0.9,0.3,2.1,.101
Jalen Brunson,2020-21,24,DAL,68,1697,17.1,0.9,1.2,5.1,.143
Jalen Brunson,2021-22,25,DAL,79,2524,17.1,0.9,1.9,7.5,.143
Jalen Brunson,2022-23,26,NYK,68,2379,21.2,3.9,3.5,8.7,.175
Jalen Brunson,2023-24,27,NYK,77,2726,23.4,5.8,5.4,11.2,.198
Jalen Brunson,2024-25,28,NYK,65,2301,21.6,3.3,3.1,8.3,.172
Jalen Brunson,2025-26,29,NYK,74,2590,20.1,3.1,3.3,8.8,.163
Carter Bryant,2025-26,20,SAS,71,818,9.9,-3.0,-0.2,1.3,.076
Thomas Bryant,2017-18,20,LAL,15,72,9.9,-3.3,0.0,0.1,.050
Thomas Bryant,2018-19,21,WAS,72,1496,21.0,2.0,1.5,5.6,.178
Thomas Bryant,2019-20,22,WAS,46,1147,21.1,2.2,1.2,3.9,.164
Thomas Bryant,2020-21,23,WAS,10,271,18.7,0.9,0.2,1.0,.171
Thomas Bryant,2021-22,24,WAS,27,439,16.6,-1.0,0.1,1.1,.118
Thomas Bryant,2022-23,25,2TM,59,1081,19.7,0.6,0.7,4.1,.183
Thomas Bryant,2022-23,25,LAL,41,876,21.5,2.3,0.9,3.8,.211
Thomas Bryant,2022-23,25,DEN,18,205,11.8,-6.6,-0.2,0.3,.066
Thomas Bryant,2023-24,26,MIA,38,441,19.0,-0.4,0.2,1.6,.177
Thomas Bryant,2024-25,27,2TM,66,963,17.2,0.6,0.6,3.1,.152
Thomas Bryant,2024-25,27,MIA,10,115,15.8,0.0,0.1,0.4,.171
Thomas Bryant,2024-25,27,IND,56,848,17.4,0.7,0.6,2.6,.150
Thomas Bryant,2025-26,28,CLE,60,732,17.2,0.1,0.4,2.3,.153
Kobe Bufkin,2023-24,20,ATL,17,196,9.1,-4.5,-0.1,-0.1,-0.031
Kobe Bufkin,2024-25,21,ATL,10,124,10.5,-4.0,-0.1,0.0,.018
Kobe Bufkin,2025-26,22,LAL,16,119,6.2,-9.4,-0.2,-0.1,-0.056
Reggie Bullock,2013-14,22,LAC,43,395,6.7,-3.3,-0.1,0.2,.019
Reggie Bullock,2014-15,23,2TM,36,338,6.2,-3.2,-0.1,0.1,.019
Reggie Bullock,2014-15,23,LAC,25,263,8.8,-1.2,0.1,0.4,.074
Reggie Bullock,2014-15,23,PHO,11,75,-3.1,-10.2,-0.2,-0.3,-0.173
Reggie Bullock,2015-16,24,DET,37,429,12.0,0.8,0.3,1.2,.134
Reggie Bullock,2016-17,25,DET,31,467,11.7,0.3,0.3,1.0,.101
Reggie Bullock,2017-18,26,DET,62,1732,13.6,0.7,1.2,4.2,.117
Reggie Bullock,2018-19,27,2TM,63,1879,10.5,-1.1,0.4,3.1,.078
Reggie Bullock,2018-19,27,DET,44,1355,11.0,-0.6,0.5,2.4,.084
Reggie Bullock,2018-19,27,LAL,19,524,9.1,-2.2,0.0,0.7,.061
Reggie Bullock,2019-20,28,NYK,29,684,9.3,-3.0,-0.2,0.5,.036
Reggie Bullock,2020-21,29,NYK,65,1949,11.1,-0.1,0.9,4.6,.114
Reggie Bullock,2021-22,30,DAL,68,1902,9.2,-1.4,0.3,3.2,.080
Reggie Bullock,2022-23,31,DAL,78,2364,7.7,-2.6,-0.4,2.8,.056
Reggie Bullock,2023-24,32,HOU,44,417,7.7,-2.4,0.0,0.6,.072
Alec Burks,2011-12,20,UTA,59,939,14.0,-2.0,0.0,1.5,.076
Alec Burks,2012-13,21,UTA,64,1137,11.5,-2.6,-0.2,1.0,.044
Alec Burks,2013-14,22,UTA,78,2193,15.8,-0.8,0.7,3.2,.070
Alec Burks,2014-15,23,UTA,27,899,13.0,-1.7,0.1,1.7,.089
Alec Burks,2015-16,24,UTA,31,797,14.3,-0.4,0.3,1.5,.090
Alec Burks,2016-17,25,UTA,42,653,11.6,-2.3,0.0,0.8,.056
Alec Burks,2017-18,26,UTA,64,1059,13.1,-0.9,0.3,1.9,.084
Alec Burks,2018-19,27,3TM,64,1375,12.7,-1.2,0.3,1.5,.052
Alec Burks,2018-19,27,UTA,17,269,12.4,-0.6,0.1,0.5,.084
Alec Burks,2018-19,27,CLE,34,979,13.2,-1.4,0.1,0.9,.042
Alec Burks,2018-19,27,SAC,13,127,9.0,-1.1,0.0,0.2,.062
Alec Burks,2019-20,28,2TM,66,1754,16.7,0.5,1.1,3.7,.101
Alec Burks,2019-20,28,GSW,48,1390,16.1,0.1,0.7,2.5,.085
Alec Burks,2019-20,28,PHI,18,364,19.0,2.0,0.4,1.2,.161
Alec Burks,2020-21,29,NYK,49,1255,14.8,1.5,1.1,3.3,.126
Alec Burks,2021-22,30,NYK,81,2318,13.7,0.8,1.7,6.1,.126
Alec Burks,2022-23,31,DET,51,1122,16.5,1.2,0.9,2.5,.109
Alec Burks,2023-24,32,2TM,66,1212,12.9,-2.3,-0.1,1.4,.054
Alec Burks,2023-24,32,DET,43,901,15.1,-0.4,0.4,1.7,.092
Alec Burks,2023-24,32,NYK,23,311,6.5,-7.8,-0.5,-0.4,-0.055
Alec Burks,2024-25,33,MIA,49,863,12.8,0.3,0.5,1.8,.100
Deonte Burton,2018-19,25,OKC,32,240,7.0,-4.3,-0.1,0.1,.027
Deonte Burton,2019-20,26,OKC,39,356,4.3,-6.8,-0.4,-0.5,-0.067
Deonte Burton,2020-21,,Did not play - unsigned,,,,,,,
Deonte Burton,2021-22,,Did not play - other pro league,,,,,,,
Deonte Burton,2022-23,29,SAC,2,6,-12.6,-24.2,0.0,0.0,-0.347
Deonte Burton,2023-24,,Did not play - other pro league,,,,,,,
Tyler Burton,2025-26,25,MEM,12,307,9.5,-5.3,-0.3,0.1,.023
Jared Butler,2021-22,21,UTA,42,360,12.1,-1.6,0.0,0.4,.057
Jared Butler,2022-23,22,OKC,6,77,13.0,-2.6,0.0,0.1,.061
Jared Butler,2023-24,23,WAS,40,566,14.1,-2.1,0.0,0.6,.054
Jared Butler,2024-25,24,2TM,60,1044,15.6,-1.0,0.3,1.4,.063
Jared Butler,2024-25,24,WAS,32,362,17.7,1.0,0.3,0.6,.079
Jared Butler,2024-25,24,PHI,28,682,14.5,-2.1,0.0,0.8,.055
Jimmy Butler,2011-12,22,CHI,42,359,12.5,-1.3,0.1,1.1,.144
Jimmy Butler,2012-13,23,CHI,82,2134,15.2,2.0,2.1,7.0,.158
Jimmy Butler,2013-14,24,CHI,67,2591,13.5,1.1,2.0,7.1,.131
Jimmy Butler,2014-15,25,CHI,65,2513,21.3,4.6,4.2,11.2,.214
Jimmy Butler,2015-16,26,CHI,67,2474,21.3,4.4,3.9,9.1,.177
Jimmy Butler,2016-17,27,CHI,76,2809,25.1,7.3,6.6,13.8,.236
Jimmy Butler,2017-18,28,MIN,59,2164,23.7,5.8,4.2,8.9,.198
Jimmy Butler,2018-19,29,2TM,65,2185,20.2,3.7,3.2,7.9,.173
Jimmy Butler,2018-19,29,MIN,10,361,22.3,6.9,0.8,1.3,.176
Jimmy Butler,2018-19,29,PHI,55,1824,19.8,3.1,2.4,6.6,.172
Jimmy Butler,2019-20,30,MIA,58,1959,23.6,5.4,3.7,9.0,.221
Jimmy Butler,2020-21,31,MIA,52,1745,26.5,7.7,4.3,9.3,.255
Jimmy Butler,2021-22,32,MIA,57,1931,23.6,6.3,4.0,9.2,.228
Jimmy Butler,2022-23,33,MIA,64,2138,27.6,8.7,5.8,12.3,.277
Jimmy Butler,2023-24,34,MIA,60,2042,22.0,4.6,3.4,9.1,.214
Jimmy Butler,2024-25,35,2TM,55,1746,22.4,4.9,3.0,8.7,.238
Jimmy Butler,2024-25,35,MIA,25,766,22.8,4.8,1.3,3.7,.233
Jimmy Butler,2024-25,35,GSW,30,980,22.2,5.0,1.7,4.9,.242
Jimmy Butler,2025-26,36,GSW,38,1182,23.5,5.5,2.3,5.7,.233
John Butler,2022-23,20,POR,19,221,5.7,-6.2,-0.2,0.0,.001
John Butler,2023-24,,Did not play - other pro league,,,,,,,
Matas Buzelis,2024-25,20,CHI,80,1511,12.5,-2.5,-0.2,1.9,.060
Matas Buzelis,2025-26,21,CHI,77,2248,14.8,-1.0,0.5,2.6,.055
Jamal Cain,2022-23,23,MIA,18,240,16.5,0.8,0.2,0.8,.169
Jamal Cain,2023-24,24,MIA,26,259,11.5,-2.3,0.0,0.5,.089
Jamal Cain,2024-25,25,NOP,37,502,11.4,-3.4,-0.2,0.4,.036
Jamal Cain,2025-26,26,ORL,40,486,13.0,-1.4,0.1,1.2,.116
Kentavious Caldwell-Pope,2013-14,20,DET,80,1583,9.4,-2.6,-0.2,1.8,.055
Kentavious Caldwell-Pope,2014-15,21,DET,82,2587,11.2,-1.7,0.2,2.8,.052
Kentavious Caldwell-Pope,2015-16,22,DET,76,2789,12.4,-0.3,1.2,5.3,.092
Kentavious Caldwell-Pope,2016-17,23,DET,76,2529,12.8,-0.2,1.1,4.5,.086
Kentavious Caldwell-Pope,2017-18,24,LAL,74,2458,13.2,0.3,1.4,5.3,.103
Kentavious Caldwell-Pope,2018-19,25,LAL,82,2035,12.9,-0.5,0.8,4.0,.095
Kentavious Caldwell-Pope,2019-20,26,LAL,69,1762,11.0,-0.8,0.5,3.7,.102
Kentavious Caldwell-Pope,2020-21,27,LAL,67,1902,10.7,-0.5,0.7,4.2,.107
Kentavious Caldwell-Pope,2021-22,28,WAS,77,2329,12.6,-1.5,0.3,2.8,.058
Kentavious Caldwell-Pope,2022-23,29,DEN,76,2381,11.5,-1.0,0.6,4.5,.091
Kentavious Caldwell-Pope,2023-24,30,DEN,76,2402,10.7,-1.4,0.4,4.8,.096
Kentavious Caldwell-Pope,2024-25,31,ORL,77,2279,9.9,-1.4,0.3,4.6,.096
Kentavious Caldwell-Pope,2025-26,32,MEM,51,1088,11.0,-2.5,-0.1,0.7,.032
Toumani Camara,2023-24,23,POR,70,1739,10.6,-3.1,-0.5,2.0,.055
Toumani Camara,2024-25,24,POR,78,2548,12.5,-0.1,1.2,5.2,.097
Toumani Camara,2025-26,25,POR,82,2731,11.3,-1.0,0.7,4.8,.084
Facundo Campazzo,2020-21,29,DEN,65,1425,11.6,-0.6,0.5,3.1,.105
Facundo Campazzo,2021-22,30,DEN,65,1184,11.1,-0.8,0.4,2.0,.081
Facundo Campazzo,2022-23,31,DAL,8,52,7.8,-1.2,0.0,0.0,-0.012
Facundo Campazzo,2023-24,,Did not play - other pro league,,,,,,,
Vlatko Čančar,2017-18,,Did not play - other pro league,,,,,,,
Vlatko Čančar,2018-19,,Did not play - other pro league,,,,,,,
Vlatko Čančar,2019-20,22,DEN,14,45,11.4,-4.8,0.0,0.1,.062
Vlatko Čančar,2020-21,23,DEN,41,281,9.7,-2.6,0.0,0.3,.053
Vlatko Čančar,2021-22,24,DEN,15,176,12.7,-1.7,0.0,0.4,.114
Vlatko Čančar,2022-23,25,DEN,60,889,11.0,-1.8,0.0,1.7,.093
Vlatko Čančar,2023-24,,Did not play - injury,,,,,,,
Vlatko Čančar,2024-25,27,DEN,13,136,4.6,-7.1,-0.2,-0.1,-0.034
Clint Capela,2014-15,20,HOU,12,90,12.1,-5.4,-0.1,0.0,.019
Clint Capela,2015-16,21,HOU,77,1471,18.3,-0.4,0.6,4.4,.144
Clint Capela,2016-17,22,HOU,65,1551,21.4,1.2,1.2,5.9,.184
Clint Capela,2017-18,23,HOU,74,2034,24.5,3.4,2.8,10.2,.242
Clint Capela,2018-19,24,HOU,67,2249,23.8,3.0,2.8,10.8,.230
Clint Capela,2019-20,25,HOU,39,1279,20.6,1.4,1.1,4.9,.184
Clint Capela,2020-21,26,ATL,63,1898,24.3,2.7,2.2,8.2,.207
Clint Capela,2021-22,27,ATL,74,2042,21.4,2.0,2.1,8.3,.195
Clint Capela,2022-23,28,ATL,65,1730,22.1,2.2,1.8,7.2,.201
Clint Capela,2023-24,29,ATL,73,1883,20.7,0.1,1.0,6.3,.161
Clint Capela,2024-25,30,ATL,55,1176,17.7,-1.0,0.3,3.2,.131
Clint Capela,2025-26,31,HOU,75,926,17.9,0.4,0.6,3.0,.156
Dylan Cardwell,2025-26,24,SAC,44,907,15.8,-1.9,0.0,2.3,.122
Vernon Carey Jr.,2020-21,19,CHO,19,115,11.7,-6.1,-0.1,0.2,.066
Vernon Carey Jr.,2021-22,20,2TM,7,44,15.8,-7.5,-0.1,0.1,.068
Vernon Carey Jr.,2021-22,20,CHO,4,17,17.2,-8.0,0.0,0.0,.099
Vernon Carey Jr.,2021-22,20,WAS,3,27,15.0,-7.3,0.0,0.0,.049
Vernon Carey Jr.,2022-23,21,WAS,11,28,10.8,-5.0,0.0,0.0,.014
Vernon Carey Jr.,2023-24,,Did not play - other pro league,,,,,,,
Branden Carlson,2024-25,25,OKC,32,246,17.6,1.3,0.2,0.9,.177
Branden Carlson,2025-26,26,OKC,42,488,17.7,0.8,0.4,1.7,.171
Bub Carrington,2024-25,19,WAS,82,2458,9.0,-4.6,-1.6,0.2,.005
Bub Carrington,2025-26,20,WAS,82,2271,9.9,-4.7,-1.6,-0.4,-0.009
Devin Carter,2024-25,22,SAC,36,396,10.8,-3.2,-0.1,0.4,.043
Devin Carter,2025-26,23,SAC,38,700,13.8,-2.6,-0.1,0.2,.012
Jevon Carter,2018-19,23,MEM,39,577,7.8,-4.0,-0.3,0.0,-0.003
Jevon Carter,2019-20,24,PHO,58,945,11.3,0.6,0.6,1.8,.093
Jevon Carter,2020-21,25,PHO,60,717,12.2,0.5,0.5,1.6,.104
Jevon Carter,2021-22,26,2TM,66,905,9.6,-2.2,-0.1,1.2,.062
Jevon Carter,2021-22,26,BRK,46,552,6.5,-4.4,-0.3,-0.1,-0.005
Jevon Carter,2021-22,26,MIL,20,353,14.4,1.2,0.3,1.2,.167
Jevon Carter,2022-23,27,MIL,81,1810,10.9,-0.6,0.6,3.5,.092
Jevon Carter,2023-24,28,CHI,72,1004,8.5,-4.0,-0.5,0.2,.009
Jevon Carter,2024-25,29,CHI,36,321,12.2,-2.1,0.0,0.3,.046
Jevon Carter,2025-26,30,2TM,53,867,10.7,-1.1,0.2,0.9,.052
Jevon Carter,2025-26,30,CHI,23,254,12.3,-1.0,0.1,0.3,.058
Jevon Carter,2025-26,30,ORL,30,613,10.0,-1.1,0.1,0.6,.050
Wendell Carter Jr.,2018-19,19,CHI,44,1110,15.2,-1.6,0.1,1.9,.080
Wendell Carter Jr.,2019-20,20,CHI,43,1256,15.5,-2.4,-0.1,3.3,.127
Wendell Carter Jr.,2020-21,21,2TM,54,1375,16.7,-1.3,0.2,3.4,.118
Wendell Carter Jr.,2020-21,21,CHI,32,792,16.3,-1.0,0.2,2.1,.130
Wendell Carter Jr.,2020-21,21,ORL,22,583,17.3,-1.7,0.0,1.2,.103
Wendell Carter Jr.,2021-22,22,ORL,62,1852,18.4,1.6,1.7,5.0,.129
Wendell Carter Jr.,2022-23,23,ORL,57,1690,17.3,1.0,1.3,4.6,.130
Wendell Carter Jr.,2023-24,24,ORL,55,1406,15.9,0.9,1.0,4.4,.149
Wendell Carter Jr.,2024-25,25,ORL,68,1758,13.7,-1.2,0.3,4.6,.125
Wendell Carter Jr.,2025-26,26,ORL,78,2288,14.1,-0.6,0.8,6.2,.131
Michael Carter-Williams,2013-14,22,PHI,70,2414,15.5,-0.5,0.9,1.3,.026
Michael Carter-Williams,2014-15,23,2TM,66,2149,14.1,-1.1,0.5,0.8,.017
Michael Carter-Williams,2014-15,23,PHI,41,1391,12.8,-2.0,0.0,-0.5,-0.017
Michael Carter-Williams,2014-15,23,MIL,25,758,16.3,0.6,0.5,1.3,.080
Michael Carter-Williams,2015-16,24,MIL,54,1649,13.9,-0.7,0.5,1.2,.035
Michael Carter-Williams,2016-17,25,CHI,45,846,9.9,-3.2,-0.3,0.2,.013
Michael Carter-Williams,2017-18,26,CHO,52,835,10.8,-1.5,0.1,0.9,.050
Michael Carter-Williams,2018-19,27,2TM,28,372,14.7,0.8,0.3,0.8,.099
Michael Carter-Williams,2018-19,27,HOU,16,145,12.7,-1.6,0.0,0.1,.044
Michael Carter-Williams,2018-19,27,ORL,12,227,16.1,2.4,0.3,0.6,.134
Michael Carter-Williams,2019-20,28,ORL,45,833,15.3,0.1,0.5,1.9,.111
Michael Carter-Williams,2020-21,29,ORL,31,800,9.5,-4.8,-0.6,-0.5,-0.028
Michael Carter-Williams,2021-22,,Did not play - injury,,,,,,,
Michael Carter-Williams,2022-23,31,ORL,4,44,9.0,-6.3,0.0,0.0,-0.003
Michael Carter-Williams,2023-24,,Did not play - other pro league,,,,,,,
D.J. Carton,2023-24,23,TOR,4,36,9.6,-5.3,0.0,0.0,.062
D.J. Carton,2024-25,24,TOR,4,33,-2.6,-11.1,-0.1,-0.1,-0.199
Alex Caruso,2017-18,23,LAL,37,562,8.7,-2.9,-0.1,0.5,.041
Alex Caruso,2018-19,24,LAL,25,531,13.9,-0.2,0.2,1.0,.093
Alex Caruso,2019-20,25,LAL,64,1175,10.8,-0.2,0.5,2.3,.095
Alex Caruso,2020-21,26,LAL,58,1216,11.1,0.0,0.6,2.4,.095
Alex Caruso,2021-22,27,CHI,41,1147,11.7,0.2,0.6,2.0,.082
Alex Caruso,2022-23,28,CHI,67,1575,11.5,1.1,1.2,3.6,.109
Alex Caruso,2023-24,29,CHI,71,2040,14.5,2.5,2.3,4.9,.115
Alex Caruso,2024-25,30,OKC,54,1041,15.9,4.0,1.6,3.9,.180
Alex Caruso,2025-26,31,OKC,56,1020,12.8,1.9,1.0,2.5,.120
Stephon Castle,2024-25,20,SAS,81,2162,13.7,-3.2,-0.6,1.1,.025
Stephon Castle,2025-26,21,SAS,68,2038,17.4,1.9,2.0,5.8,.136
Colin Castleton,2023-24,23,LAL,16,59,13.0,-5.2,0.0,0.2,.128
Colin Castleton,2024-25,24,3TM,26,432,11.3,-5.0,-0.3,0.7,.075
Colin Castleton,2024-25,24,MEM,10,46,7.4,-7.1,-0.1,0.1,.068
Colin Castleton,2024-25,24,TOR,11,288,10.1,-5.7,-0.3,0.3,.047
Colin Castleton,2024-25,24,PHI,5,98,16.5,-2.0,0.0,0.3,.161
Colin Castleton,2025-26,25,ORL,4,21,7.9,-7.7,0.0,0.0,-0.003
Malcolm Cazalon,2023-24,22,DET,1,3,0.0,-9.1,0.0,0.0,-0.012
Julian Champagnie,2022-23,21,2TM,17,320,13.4,-3.3,-0.1,0.4,.061
Julian Champagnie,2022-23,21,PHI,2,7,-3.8,-13.5,0.0,0.0,-0.214
Julian Champagnie,2022-23,21,SAS,15,313,13.8,-3.0,-0.1,0.4,.067
Julian Champagnie,2023-24,22,SAS,74,1468,10.6,-1.9,0.0,1.8,.059
Julian Champagnie,2024-25,23,SAS,82,1932,12.2,-1.3,0.4,2.5,.062
Julian Champagnie,2025-26,24,SAS,82,2266,13.1,1.4,1.9,6.2,.132
Justin Champagnie,2021-22,20,TOR,36,281,13.6,-2.0,0.0,0.8,.138
Justin Champagnie,2022-23,21,2TM,5,34,10.3,-7.9,-0.1,0.0,.009
Justin Champagnie,2022-23,21,TOR,3,11,28.9,8.1,0.0,0.1,.332
Justin Champagnie,2022-23,21,BOS,2,23,1.5,-15.5,-0.1,-0.1,-0.145
Justin Champagnie,2023-24,22,WAS,15,235,13.6,-1.8,0.0,0.3,.058
Justin Champagnie,2024-25,23,WAS,62,1340,15.7,-0.5,0.5,2.8,.100
Justin Champagnie,2025-26,24,WAS,69,1377,17.3,-0.4,0.6,3.1,.109
Kennedy Chandler,2022-23,20,MEM,36,281,10.6,-2.7,0.0,0.3,.044
Kennedy Chandler,2023-24,,Did not play - other pro league,,,,,,,
Kennedy Chandler,2025-26,23,UTA,11,355,13.0,-5.7,-0.3,0.2,.029
Ulrich Chomche,2024-25,19,TOR,7,32,5.2,-7.4,0.0,0.0,.001
Cam Christie,2024-25,19,LAC,13,59,9.1,-2.5,0.0,0.0,-0.005
Cam Christie,2025-26,20,LAC,55,480,9.2,-4.6,-0.3,0.2,.016
Max Christie,2022-23,19,LAL,41,512,7.4,-3.1,-0.1,0.6,.058
Max Christie,2023-24,20,LAL,67,944,8.4,-3.6,-0.4,0.7,.036
Max Christie,2024-25,21,2TM,78,2127,10.4,-2.5,-0.3,2.7,.060
Max Christie,2024-25,21,LAL,46,1154,10.6,-1.8,0.0,2.0,.081
Max Christie,2024-25,21,DAL,32,973,10.2,-3.4,-0.3,0.7,.035
Max Christie,2025-26,22,DAL,77,2244,11.0,-1.5,0.3,2.7,.058
Josh Christopher,2021-22,20,HOU,74,1334,12.2,-3.5,-0.5,0.3,.010
Josh Christopher,2022-23,21,HOU,64,786,11.5,-4.3,-0.5,0.0,-0.001
Josh Christopher,2023-24,,Did not play - other pro league,,,,,,,
Josh Christopher,2024-25,23,MIA,14,69,9.4,-7.9,-0.1,-0.1,-0.073
Moussa Cisse,2025-26,23,DAL,38,530,16.0,-2.9,-0.1,1.3,.116
Sidy Cissoko,2023-24,19,SAS,12,141,12.0,-2.7,0.0,0.3,.110
Sidy Cissoko,2024-25,20,2TM,22,114,6.7,-5.1,-0.1,-0.1,-0.045
Sidy Cissoko,2024-25,20,SAS,17,54,11.2,-2.6,0.0,0.0,.041
Sidy Cissoko,2024-25,20,POR,5,60,2.7,-7.3,-0.1,-0.2,-0.123
Sidy Cissoko,2025-26,21,POR,75,1435,7.1,-4.0,-0.7,1.3,.045
Jaylen Clark,2024-25,23,MIN,40,522,12.0,-0.2,0.2,1.6,.147
Jaylen Clark,2025-26,24,MIN,68,888,10.3,-2.4,-0.1,1.7,.090
Brandon Clarke,2019-20,23,MEM,58,1300,20.9,3.1,1.7,5.0,.183
Brandon Clarke,2020-21,24,MEM,59,1415,17.3,1.5,1.3,4.2,.142
Brandon Clarke,2021-22,25,MEM,64,1246,23.7,4.2,2.0,6.3,.241
Brandon Clarke,2022-23,26,MEM,56,1090,20.0,2.5,1.3,4.5,.199
Brandon Clarke,2023-24,27,MEM,6,134,18.9,1.0,0.1,0.3,.108
Brandon Clarke,2024-25,28,MEM,64,1207,17.6,0.8,0.9,4.4,.174
Brandon Clarke,2025-26,29,MEM,2,20,12.3,-4.9,0.0,0.0,.038
Jordan Clarkson,2014-15,22,LAL,59,1476,16.9,0.2,0.8,2.4,.078
Jordan Clarkson,2015-16,23,LAL,79,2552,14.3,-1.6,0.2,2.1,.039
Jordan Clarkson,2016-17,24,LAL,82,2397,13.2,-2.5,-0.3,1.2,.024
Jordan Clarkson,2017-18,25,2TM,81,1888,16.4,0.1,1.0,3.0,.077
Jordan Clarkson,2017-18,25,LAL,53,1256,16.9,0.8,0.9,2.1,.080
Jordan Clarkson,2017-18,25,CLE,28,632,15.4,-1.3,0.1,1.0,.073
Jordan Clarkson,2018-19,26,CLE,81,2214,16.8,-0.5,0.8,1.8,.039
Jordan Clarkson,2019-20,27,2TM,71,1705,17.3,1.1,1.3,3.4,.096
Jordan Clarkson,2019-20,27,CLE,29,666,18.6,2.7,0.8,1.5,.107
Jordan Clarkson,2019-20,27,UTA,42,1039,16.5,0.0,0.5,1.9,.089
Jordan Clarkson,2020-21,28,UTA,68,1818,17.1,1.4,1.6,4.2,.111
Jordan Clarkson,2021-22,29,UTA,79,2141,14.9,-0.6,0.7,3.5,.079
Jordan Clarkson,2022-23,30,UTA,61,1988,14.7,-1.4,0.3,1.7,.042
Jordan Clarkson,2023-24,31,UTA,55,1682,12.7,-4.5,-1.1,0.2,.006
Jordan Clarkson,2024-25,32,UTA,37,962,14.5,-1.5,0.1,0.4,.021
Jordan Clarkson,2025-26,33,NYK,72,1279,11.6,-3.3,-0.4,1.9,.072
Nic Claxton,2019-20,20,BRK,15,187,14.8,-0.7,0.1,0.5,.121
Nic Claxton,2020-21,21,BRK,32,594,16.9,0.4,0.4,1.9,.153
Nic Claxton,2021-22,22,BRK,47,974,18.6,0.5,0.6,3.5,.171
Nic Claxton,2022-23,23,BRK,76,2271,20.8,3.1,2.9,9.2,.195
Nic Claxton,2023-24,24,BRK,71,2116,18.7,1.2,1.7,6.7,.152
Nic Claxton,2024-25,25,BRK,70,1882,16.5,0.4,1.1,4.3,.110
Nic Claxton,2025-26,26,BRK,69,1920,17.6,0.9,1.4,4.8,.121
Walter Clayton,2025-26,22,2TM,69,1410,10.3,-4.3,-0.8,0.3,.009
Walter Clayton,2025-26,22,UTA,45,811,10.4,-3.2,-0.2,0.3,.019
Walter Clayton,2025-26,22,MEM,24,599,10.1,-5.8,-0.6,-0.1,-0.005
Nique Clifford,2025-26,23,SAC,75,1882,9.0,-4.9,-1.4,-0.6,-0.014
Donovan Clingan,2024-25,20,POR,67,1324,17.4,-0.3,0.6,4.0,.144
Donovan Clingan,2025-26,21,POR,77,2094,20.9,3.0,2.6,8.6,.197
Noah Clowney,2023-24,19,BRK,23,370,14.2,-0.7,0.1,0.9,.111
Noah Clowney,2024-25,20,BRK,46,1042,9.2,-4.1,-0.5,0.5,.023
Noah Clowney,2025-26,21,BRK,66,1780,11.2,-3.4,-0.6,1.1,.029
Amir Coffey,2019-20,22,LAC,18,159,8.5,-4.1,-0.1,0.1,.041
Amir Coffey,2020-21,23,LAC,44,394,10.1,-2.0,0.0,0.7,.085
Amir Coffey,2021-22,24,LAC,69,1567,13.0,-0.3,0.7,3.8,.116
Amir Coffey,2022-23,25,LAC,50,625,7.0,-5.0,-0.5,0.4,.033
Amir Coffey,2023-24,26,LAC,70,1460,10.0,-2.2,-0.1,2.6,.084
Amir Coffey,2024-25,27,LAC,72,1748,11.2,-1.7,0.1,4.0,.111
Amir Coffey,2025-26,28,2TM,46,490,10.2,-3.1,-0.1,0.8,.083
Amir Coffey,2025-26,28,MIL,30,265,8.4,-5.2,-0.2,0.3,.048
Amir Coffey,2025-26,28,PHO,16,225,12.4,-0.5,0.1,0.6,.125
Isaiah Collier,2024-25,20,UTA,71,1839,9.7,-5.3,-1.6,-0.8,-0.021
Isaiah Collier,2025-26,21,UTA,59,1517,14.8,-2.4,-0.2,1.7,.053
John Collins,2017-18,20,ATL,74,1785,18.3,-0.2,0.8,5.4,.145
John Collins,2018-19,21,ATL,61,1829,21.8,0.9,1.3,6.0,.158
John Collins,2019-20,22,ATL,41,1363,23.5,3.1,1.7,4.9,.174
John Collins,2020-21,23,ATL,63,1848,20.6,2.3,2.0,6.7,.174
John Collins,2021-22,24,ATL,54,1663,18.7,1.5,1.5,5.1,.146
John Collins,2022-23,25,ATL,71,2130,13.6,-1.3,0.4,4.2,.095
John Collins,2023-24,26,UTA,68,1901,17.5,-0.9,0.5,4.4,.110
John Collins,2024-25,27,UTA,40,1220,19.0,1.0,0.9,2.5,.098
John Collins,2025-26,28,LAC,69,1872,16.3,-0.5,0.7,4.6,.117
Yuri Collins,2024-25,23,GSW,2,16,13.9,0.3,0.0,0.1,.214
Zach Collins,2017-18,20,POR,66,1045,7.5,-4.3,-0.6,0.6,.030
Zach Collins,2018-19,21,POR,77,1356,13.5,-1.2,0.3,2.9,.104
Zach Collins,2019-20,22,POR,11,290,9.9,-3.1,-0.1,0.3,.052
Zach Collins,2020-21,,Did not play - injury,,,,,,,
Zach Collins,2021-22,24,SAS,28,502,16.4,-0.2,0.2,1.2,.118
Zach Collins,2022-23,25,SAS,63,1441,16.4,-0.2,0.6,2.2,.074
Zach Collins,2023-24,26,SAS,69,1526,14.3,-2.0,0.0,1.8,.057
Zach Collins,2024-25,27,2TM,64,977,16.0,0.0,0.5,2.7,.132
Zach Collins,2024-25,27,SAS,36,425,14.4,-0.1,0.2,1.0,.110
Zach Collins,2024-25,27,CHI,28,552,17.2,0.1,0.3,1.7,.149
Zach Collins,2025-26,28,CHI,10,184,17.9,0.2,0.1,0.5,.137
Chance Comanche,2022-23,26,POR,1,21,12.2,-7.5,0.0,0.0,.043
Chance Comanche,2023-24,,Did not play - other pro league,,,,,,,
Mike Conley,2007-08,20,MEM,53,1381,12.6,-3.0,-0.3,1.1,.038
Mike Conley,2008-09,21,MEM,82,2508,14.3,-0.3,1.1,4.5,.086
Mike Conley,2009-10,22,MEM,80,2569,13.9,-0.6,0.9,4.0,.074
Mike Conley,2010-11,23,MEM,81,2872,15.9,1.2,2.3,6.6,.111
Mike Conley,2011-12,24,MEM,62,2174,16.8,2.4,2.4,6.4,.141
Mike Conley,2012-13,25,MEM,80,2757,18.3,4.6,4.6,9.9,.172
Mike Conley,2013-14,26,MEM,73,2446,20.0,3.8,3.6,8.2,.161
Mike Conley,2014-15,27,MEM,70,2225,18.6,2.8,2.7,6.8,.147
Mike Conley,2015-16,28,MEM,56,1761,19.4,3.0,2.2,5.3,.144
Mike Conley,2016-17,29,MEM,69,2292,23.2,6.8,5.1,10.0,.209
Mike Conley,2017-18,30,MEM,12,373,15.4,0.5,0.2,0.6,.077
Mike Conley,2018-19,31,MEM,70,2342,21.4,4.7,3.9,8.0,.164
Mike Conley,2019-20,32,UTA,47,1363,14.1,0.3,0.8,2.5,.089
Mike Conley,2020-21,33,UTA,51,1498,19.2,4.9,2.6,6.1,.197
Mike Conley,2021-22,34,UTA,72,2058,17.2,3.1,2.7,6.7,.157
Mike Conley,2022-23,35,2TM,67,2029,14.7,0.9,1.5,5.5,.130
Mike Conley,2022-23,35,UTA,43,1276,13.9,0.2,0.7,3.0,.113
Mike Conley,2022-23,35,MIN,24,753,16.1,2.0,0.7,2.5,.158
Mike Conley,2023-24,36,MIN,76,2193,15.8,3.4,3.0,8.2,.180
Mike Conley,2024-25,37,MIN,71,1756,13.3,1.2,1.4,5.2,.142
Mike Conley,2025-26,38,MIN,54,991,9.4,-1.3,0.2,1.9,.092
Pat Connaughton,2015-16,23,POR,34,143,4.6,-8.0,-0.2,-0.2,-0.076
Pat Connaughton,2016-17,24,POR,39,316,11.8,-0.7,0.1,0.6,.090
Pat Connaughton,2017-18,25,POR,82,1488,9.3,-1.8,0.1,2.5,.080
Pat Connaughton,2018-19,26,MIL,61,1261,13.6,1.2,1.0,3.9,.149
Pat Connaughton,2019-20,27,MIL,67,1243,11.5,0.6,0.8,3.4,.130
Pat Connaughton,2020-21,28,MIL,69,1575,11.3,0.0,0.8,3.5,.108
Pat Connaughton,2021-22,29,MIL,65,1691,13.4,1.2,1.4,4.4,.125
Pat Connaughton,2022-23,30,MIL,61,1443,10.0,-1.0,0.3,2.5,.085
Pat Connaughton,2023-24,31,MIL,76,1676,9.6,-1.6,0.2,2.8,.080
Pat Connaughton,2024-25,32,MIL,41,603,12.1,-2.3,0.0,1.2,.093
Pat Connaughton,2025-26,33,CHO,42,297,12.9,0.1,0.2,0.7,.113
Javonte Cooke,2025-26,26,POR,19,94,-0.1,-11.7,-0.2,-0.3,-0.175
Xavier Cooks,2022-23,27,WAS,10,126,14.3,-3.6,-0.1,0.2,.094
Xavier Cooks,2023-24,,Did not play - other pro league,,,,,,,
Bilal Coulibaly,2023-24,19,WAS,63,1715,8.9,-4.2,-0.9,0.4,.013
Bilal Coulibaly,2024-25,20,WAS,59,1948,10.8,-3.7,-0.8,0.3,.008
Bilal Coulibaly,2025-26,21,WAS,56,1468,13.5,-2.1,-0.1,1.0,.031
Ricky Council IV,2023-24,22,PHI,32,289,18.6,1.3,0.2,1.0,.173
Ricky Council IV,2024-25,23,PHI,73,1250,11.6,-4.3,-0.7,0.6,.023
Robert Covington,2013-14,23,HOU,7,34,15.0,0.7,0.0,0.1,.122
Robert Covington,2014-15,24,PHI,70,1956,14.7,0.7,1.3,4.0,.097
Robert Covington,2015-16,25,PHI,67,1903,13.2,-0.9,0.5,2.0,.050
Robert Covington,2016-17,26,PHI,67,2119,13.2,0.2,1.1,3.1,.071
Robert Covington,2017-18,27,PHI,80,2532,12.9,1.5,2.3,6.1,.116
Robert Covington,2018-19,28,2TM,35,1203,13.3,1.6,1.1,2.5,.100
Robert Covington,2018-19,28,PHI,13,440,11.0,0.5,0.3,0.7,.077
Robert Covington,2018-19,28,MIN,22,763,14.7,2.2,0.8,1.8,.114
Robert Covington,2019-20,29,2TM,70,2137,13.3,0.0,1.1,3.7,.083
Robert Covington,2019-20,29,MIN,48,1411,13.5,0.0,0.7,2.3,.078
Robert Covington,2019-20,29,HOU,22,726,13.1,0.2,0.4,1.4,.094
Robert Covington,2020-21,30,POR,70,2243,11.2,0.2,1.2,3.7,.080
Robert Covington,2021-22,31,2TM,71,1940,12.4,0.2,1.1,3.2,.080
Robert Covington,2021-22,31,POR,48,1431,10.0,-1.2,0.3,1.1,.037
Robert Covington,2021-22,31,LAC,23,509,19.4,4.1,0.8,2.1,.200
Robert Covington,2022-23,32,LAC,48,779,14.2,1.7,0.7,1.9,.117
Robert Covington,2023-24,33,2TM,29,488,13.6,2.2,0.5,1.5,.145
Robert Covington,2023-24,33,LAC,3,69,10.6,2.3,0.1,0.2,.124
Robert Covington,2023-24,33,PHI,26,419,14.1,2.2,0.4,1.3,.149
Cedric Coward,2025-26,22,MEM,62,1598,15.3,-0.2,0.7,2.5,.076
Torrey Craig,2017-18,27,DEN,39,629,9.8,-2.9,-0.1,0.9,.069
Torrey Craig,2018-19,28,DEN,75,1503,10.4,-1.9,0.0,3.0,.096
Torrey Craig,2019-20,29,DEN,58,1072,10.8,-2.3,-0.1,2.0,.091
Torrey Craig,2020-21,30,2TM,50,803,14.2,0.4,0.5,2.2,.133
Torrey Craig,2020-21,30,MIL,18,201,10.3,-0.6,0.1,0.4,.097
Torrey Craig,2020-21,30,PHO,32,602,15.5,0.8,0.4,1.8,.145
Torrey Craig,2021-22,31,2TM,78,1596,11.0,-1.8,0.1,2.3,.070
Torrey Craig,2021-22,31,IND,51,1034,10.8,-2.2,-0.1,1.2,.056
Torrey Craig,2021-22,31,PHO,27,562,11.4,-1.1,0.1,1.1,.096
Torrey Craig,2022-23,32,PHO,79,1948,11.6,-0.6,0.7,4.0,.098
Torrey Craig,2023-24,33,CHI,53,1049,10.8,-2.0,0.0,1.9,.087
Torrey Craig,2024-25,34,2TM,26,314,12.9,-0.9,0.1,0.8,.122
Torrey Craig,2024-25,34,CHI,9,113,17.2,2.3,0.1,0.4,.173
Torrey Craig,2024-25,34,BOS,17,201,10.5,-2.7,0.0,0.4,.094
Isaiah Crawford,2024-25,23,SAC,15,46,9.2,-4.1,0.0,0.0,.037
Isaiah Crawford,2025-26,24,HOU,14,92,9.8,-3.0,0.0,0.1,.069
Jae Crowder,2012-13,22,DAL,78,1353,10.2,-1.0,0.3,1.5,.055
Jae Crowder,2013-14,23,DAL,78,1254,11.9,0.2,0.7,2.3,.089
Jae Crowder,2014-15,24,2TM,82,1647,13.9,0.5,1.0,3.9,.113
Jae Crowder,2014-15,24,DAL,25,265,12.7,-0.1,0.1,0.5,.098
Jae Crowder,2014-15,24,BOS,57,1382,14.1,0.6,0.9,3.3,.116
Jae Crowder,2015-16,25,BOS,73,2308,15.8,2.2,2.5,7.3,.152
Jae Crowder,2016-17,26,BOS,72,2335,14.9,0.9,1.7,6.7,.137
Jae Crowder,2017-18,27,2TM,80,2090,10.4,-2.5,-0.3,2.6,.060
Jae Crowder,2017-18,27,CLE,53,1346,10.2,-3.0,-0.3,1.7,.059
Jae Crowder,2017-18,27,UTA,27,744,10.8,-1.7,0.1,0.9,.060
Jae Crowder,2018-19,28,UTA,80,2166,12.1,0.3,1.2,4.4,.097
Jae Crowder,2019-20,29,2TM,65,1875,12.5,-0.1,0.9,3.8,.098
Jae Crowder,2019-20,29,MEM,45,1322,11.0,-1.2,0.3,1.9,.069
Jae Crowder,2019-20,29,MIA,20,553,16.3,2.5,0.6,1.9,.169
Jae Crowder,2020-21,30,PHO,60,1648,11.8,1.1,1.3,3.3,.097
Jae Crowder,2021-22,31,PHO,67,1886,11.3,1.1,1.5,4.3,.110
Jae Crowder,2022-23,32,MIL,18,340,14.6,1.2,0.3,1.2,.165
Jae Crowder,2023-24,33,MIL,50,1156,8.9,-2.6,-0.2,1.6,.065
Jae Crowder,2024-25,34,SAC,9,103,6.6,-4.3,-0.1,0.1,.026
Jalen Crutcher,2023-24,24,NOP,1,3,-12.6,-26.2,0.0,0.0,-0.334
LJ Cryer,2025-26,24,GSW,18,292,9.9,-4.7,-0.2,0.3,.045
Cui Yongxi,2024-25,21,BRK,5,10,-10.7,-24.9,-0.1,-0.1,-0.473
Jarrett Culver,2019-20,20,MIN,63,1506,9.6,-4.0,-0.8,-0.1,-0.004
Jarrett Culver,2020-21,21,MIN,34,499,8.8,-5.6,-0.5,-0.1,-0.006
Jarrett Culver,2021-22,22,MEM,37,338,8.7,-5.4,-0.3,0.1,.012
Jarrett Culver,2022-23,23,ATL,10,137,9.5,-4.2,-0.1,0.0,.014
Jarrett Culver,2023-24,,Did not play - other pro league,,,,,,,
Cade Cunningham,2021-22,20,DET,64,2088,13.1,-1.6,0.2,-0.5,-0.011
Cade Cunningham,2022-23,21,DET,12,400,14.0,-0.7,0.1,-0.1,-0.018
Cade Cunningham,2023-24,22,DET,62,2074,17.1,0.3,1.2,1.8,.041
Cade Cunningham,2024-25,23,DET,70,2452,20.6,3.9,3.7,5.9,.115
Cade Cunningham,2025-26,24,DET,64,2172,21.6,6.3,4.6,7.9,.174
Seth Curry,2013-14,23,2TM,2,13,13.8,4.7,0.0,0.0,.131
Seth Curry,2013-14,23,MEM,1,4,0.0,-6.6,0.0,0.0,.006
Seth Curry,2013-14,23,CLE,1,9,19.9,9.7,0.0,0.0,.187
Seth Curry,2014-15,24,PHO,2,8,-11.4,-23.1,0.0,0.0,-0.298
Seth Curry,2015-16,25,SAC,44,692,13.8,-0.2,0.3,1.4,.097
Seth Curry,2016-17,26,DAL,70,2029,15.5,1.2,1.7,4.6,.110
Seth Curry,2017-18,,Did not play - injury,,,,,,,
Seth Curry,2018-19,28,POR,74,1399,11.4,-1.0,0.3,2.4,.082
Seth Curry,2019-20,29,DAL,64,1576,15.5,0.8,1.2,4.3,.130
Seth Curry,2020-21,30,PHI,57,1638,12.9,-0.3,0.7,4.0,.118
Seth Curry,2021-22,31,2TM,64,2135,13.7,-0.6,0.8,4.2,.095
Seth Curry,2021-22,31,PHI,45,1566,13.3,-1.0,0.4,2.9,.088
Seth Curry,2021-22,31,BRK,19,569,14.6,0.7,0.4,1.3,.112
Seth Curry,2022-23,32,BRK,61,1211,12.3,-2.1,0.0,1.8,.070
Seth Curry,2023-24,33,2TM,44,616,9.9,-3.3,-0.2,0.5,.040
Seth Curry,2023-24,33,DAL,36,457,8.6,-4.0,-0.2,0.3,.034
Seth Curry,2023-24,33,CHO,8,159,13.5,-1.1,0.0,0.2,.058
Seth Curry,2024-25,34,CHO,68,1062,12.2,-1.7,0.1,1.8,.080
Seth Curry,2025-26,35,GSW,10,133,16.0,0.2,0.1,0.4,.152
Stephen Curry,2009-10,21,GSW,80,2896,16.3,0.7,2.0,4.7,.077
Stephen Curry,2010-11,22,GSW,74,2489,19.4,2.3,2.7,6.6,.128
Stephen Curry,2011-12,23,GSW,26,732,21.2,4.3,1.2,2.2,.144
Stephen Curry,2012-13,24,GSW,78,2983,21.3,5.4,5.6,11.2,.180
Stephen Curry,2013-14,25,GSW,78,2846,24.1,7.4,6.7,13.4,.225
Stephen Curry,2014-15,26,GSW,80,2613,28.0,9.9,7.9,15.7,.288
Stephen Curry,2015-16,27,GSW,79,2700,31.5,11.9,9.5,17.9,.318
Stephen Curry,2016-17,28,GSW,79,2638,24.6,6.9,5.9,12.6,.229
Stephen Curry,2017-18,29,GSW,51,1631,28.2,7.7,4.0,9.1,.267
Stephen Curry,2018-19,30,GSW,69,2331,24.4,6.6,5.1,9.7,.199
Stephen Curry,2019-20,31,GSW,5,139,21.7,3.9,0.2,0.3,.103
Stephen Curry,2020-21,32,GSW,63,2152,26.3,8.7,5.8,9.0,.201
Stephen Curry,2021-22,33,GSW,64,2211,21.4,5.8,4.4,8.0,.173
Stephen Curry,2022-23,34,GSW,56,1941,24.1,7.5,4.7,7.8,.192
Stephen Curry,2023-24,35,GSW,74,2421,20.6,5.2,4.4,7.2,.142
Stephen Curry,2024-25,36,GSW,70,2252,21.5,6.3,4.8,7.9,.168
Stephen Curry,2025-26,37,GSW,43,1329,22.6,5.4,2.5,4.1,.147
Tristan Da Silva,2024-25,23,ORL,74,1629,9.9,-2.6,-0.3,2.5,.073
Tristan Da Silva,2025-26,24,ORL,77,1899,12.0,-0.6,0.7,3.3,.084
Pacôme Dadiet,2024-25,19,NYK,18,111,6.3,-6.5,-0.1,0.0,.002
Pacôme Dadiet,2025-26,20,NYK,29,136,9.6,-3.3,0.0,0.2,.062
Dyson Daniels,2022-23,19,NOP,59,1042,8.8,-1.8,0.0,1.3,.061
Dyson Daniels,2023-24,20,NOP,61,1358,12.0,0.6,0.9,2.9,.103
Dyson Daniels,2024-25,21,ATL,76,2571,15.6,1.5,2.3,5.0,.093
Dyson Daniels,2025-26,22,ATL,76,2520,15.5,1.3,2.1,6.6,.126
N'Faly Dante,2024-25,23,HOU,4,51,24.0,2.4,0.1,0.3,.283
N'Faly Dante,2025-26,24,ATL,4,15,12.4,-4.5,0.0,0.0,.051
Anthony Davis,2012-13,19,NOH,64,1846,21.7,2.5,2.1,6.1,.159
Anthony Davis,2013-14,20,NOP,67,2358,26.5,4.8,4.0,10.4,.212
Anthony Davis,2014-15,21,NOP,68,2455,30.8,8.9,6.7,14.0,.274
Anthony Davis,2015-16,22,NOP,61,2164,25.0,3.9,3.2,7.2,.160
Anthony Davis,2016-17,23,NOP,75,2708,27.5,5.9,5.4,11.0,.195
Anthony Davis,2017-18,24,NOP,75,2727,28.9,6.7,5.9,13.7,.241
Anthony Davis,2018-19,25,NOP,56,1850,30.3,9.4,5.3,9.5,.247
Anthony Davis,2019-20,26,LAL,62,2131,27.4,8.0,5.4,11.1,.250
Anthony Davis,2020-21,27,LAL,36,1162,22.1,4.8,2.0,3.7,.152
Anthony Davis,2021-22,28,LAL,40,1404,23.9,3.8,2.0,4.5,.155
Anthony Davis,2022-23,29,LAL,56,1904,27.8,6.3,4.0,9.0,.226
Anthony Davis,2023-24,30,LAL,76,2700,25.8,5.1,4.9,11.8,.210
Anthony Davis,2024-25,31,2TM,51,1706,26.3,5.4,3.2,6.7,.188
Anthony Davis,2024-25,31,LAL,42,1440,27.1,6.0,2.9,6.2,.207
Anthony Davis,2024-25,31,DAL,9,266,21.7,2.5,0.3,0.5,.088
Anthony Davis,2025-26,32,DAL,20,626,21.5,2.4,0.7,1.3,.103
Johnny Davis,1976-77,21,POR,79,1451,12.8,-1.6,0.1,2.5,.084
Johnny Davis,1977-78,22,POR,82,2188,12.1,-1.0,0.6,4.3,.094
Johnny Davis,1978-79,23,IND,79,2971,14.7,-0.7,1.0,5.2,.083
Johnny Davis,1979-80,24,IND,82,2912,13.6,-2.0,0.0,4.4,.073
Johnny Davis,1980-81,25,IND,76,2536,15.2,-0.3,1.1,5.7,.107
Johnny Davis,1981-82,26,IND,82,2664,15.2,-0.6,1.0,5.1,.091
Johnny Davis,1982-83,27,ATL,53,1465,16.8,0.9,1.1,3.5,.113
Johnny Davis,1983-84,28,ATL,75,2079,14.3,-0.9,0.6,3.3,.075
Johnny Davis,1984-85,29,CLE,76,1920,14.7,-0.7,0.6,3.0,.076
Johnny Davis,1985-86,30,2TM,66,1014,13.8,-0.6,0.4,1.7,.078
Johnny Davis,1985-86,30,CLE,39,612,13.7,-0.8,0.2,0.9,.067
Johnny Davis,1985-86,30,ATL,27,402,13.9,-0.3,0.2,0.8,.095
Johnny Davis,2022-23,20,WAS,28,423,7.2,-7.4,-0.6,-0.3,-0.033
Johnny Davis,2023-24,21,WAS,50,613,6.2,-6.6,-0.7,-0.1,-0.009
Johnny Davis,2024-25,22,WAS,34,242,10.2,-2.8,0.0,0.1,.010
Terence Davis,2019-20,22,TOR,72,1209,13.8,0.8,0.8,3.1,.122
Terence Davis,2020-21,23,2TM,61,1074,12.7,-1.7,0.1,0.8,.038
Terence Davis,2020-21,23,TOR,34,493,11.1,-2.6,-0.1,0.3,.026
Terence Davis,2020-21,23,SAC,27,581,14.0,-0.9,0.2,0.6,.047
Terence Davis,2021-22,24,SAC,30,536,14.6,-0.9,0.2,0.5,.044
Terence Davis,2022-23,25,SAC,64,841,12.9,-1.5,0.1,0.9,.054
Terence Davis,2023-24,,Did not play - other pro league,,,,,,,
Terence Davis,2024-25,27,SAC,1,8,-4.0,-16.9,0.0,0.0,-0.191
JD Davison,2022-23,20,BOS,12,66,10.1,-4.2,0.0,0.1,.059
JD Davison,2023-24,21,BOS,8,39,18.8,3.3,0.1,0.2,.228
JD Davison,2024-25,22,BOS,16,93,6.5,-6.2,-0.1,-0.2,-0.081
JD Davison,2025-26,23,HOU,28,218,11.4,-1.1,0.0,0.5,.102
Darius Days,2022-23,23,HOU,4,25,18.3,3.5,0.0,0.1,.156
Darius Days,2023-24,,Did not play - other pro league,,,,,,,
DeMar DeRozan,2009-10,20,TOR,77,1664,12.5,-2.8,-0.3,2.3,.066
DeMar DeRozan,2010-11,21,TOR,82,2851,14.5,-2.5,-0.3,3.2,.055
DeMar DeRozan,2011-12,22,TOR,63,2206,12.8,-2.7,-0.4,2.5,.054
DeMar DeRozan,2012-13,23,TOR,82,3013,14.7,-1.4,0.4,4.7,.075
DeMar DeRozan,2013-14,24,TOR,79,3017,18.4,1.7,2.8,8.8,.141
DeMar DeRozan,2014-15,25,TOR,60,2100,17.4,-0.9,0.6,4.0,.090
DeMar DeRozan,2015-16,26,TOR,78,2804,21.5,2.5,3.2,9.9,.169
DeMar DeRozan,2016-17,27,TOR,74,2620,24.0,3.0,3.3,9.0,.166
DeMar DeRozan,2017-18,28,TOR,80,2711,21.0,2.8,3.2,9.6,.170
DeMar DeRozan,2018-19,29,SAS,77,2688,19.6,1.1,2.2,6.3,.112
DeMar DeRozan,2019-20,30,SAS,68,2316,21.6,1.9,2.3,7.3,.151
DeMar DeRozan,2020-21,31,SAS,61,2056,22.0,3.1,2.6,7.4,.172
DeMar DeRozan,2021-22,32,CHI,76,2743,23.1,2.5,3.1,8.8,.154
DeMar DeRozan,2022-23,33,CHI,74,2682,20.6,2.0,2.6,8.5,.153
DeMar DeRozan,2023-24,34,CHI,79,2989,19.7,1.8,2.8,9.2,.147
DeMar DeRozan,2024-25,35,SAC,77,2768,17.7,-0.1,1.3,7.1,.123
DeMar DeRozan,2025-26,36,SAC,77,2406,17.8,-0.1,1.1,5.6,.112
Dewayne Dedmon,2013-14,24,3TM,31,390,10.7,-4.7,-0.3,0.6,.070
Dewayne Dedmon,2013-14,24,GSW,4,6,-5.1,-13.6,0.0,0.0,-0.107
Dewayne Dedmon,2013-14,24,PHI,11,150,8.7,-5.8,-0.1,0.1,.035
Dewayne Dedmon,2013-14,24,ORL,16,234,12.5,-3.8,-0.1,0.5,.096
Dewayne Dedmon,2014-15,25,ORL,59,845,13.3,-3.5,-0.3,1.7,.099
Dewayne Dedmon,2015-16,26,ORL,58,705,17.0,-0.9,0.2,2.4,.162
Dewayne Dedmon,2016-17,27,SAS,76,1330,16.0,0.6,0.9,5.2,.189
Dewayne Dedmon,2017-18,28,ATL,62,1542,15.8,0.1,0.8,3.7,.114
Dewayne Dedmon,2018-19,29,ATL,64,1609,16.0,0.5,1.0,4.0,.119
Dewayne Dedmon,2019-20,30,2TM,44,774,9.4,-5.8,-0.7,0.1,.005
Dewayne Dedmon,2019-20,30,SAC,34,541,8.5,-6.4,-0.6,-0.1,-0.007
Dewayne Dedmon,2019-20,30,ATL,10,233,11.4,-4.5,-0.1,0.2,.032
Dewayne Dedmon,2020-21,31,MIA,16,210,24.5,1.7,0.2,1.1,.256
Dewayne Dedmon,2021-22,32,MIA,67,1065,15.9,-1.0,0.3,3.5,.157
Dewayne Dedmon,2022-23,33,2TM,38,426,15.5,-1.6,0.0,1.0,.115
Dewayne Dedmon,2022-23,33,MIA,30,350,15.6,-1.8,0.0,0.8,.115
Dewayne Dedmon,2022-23,33,PHI,8,76,15.5,-0.7,0.0,0.2,.113
Dewayne Dedmon,2023-24,,Did not play - other pro league,,,,,,,
Matthew Dellavedova,2013-14,23,CLE,72,1271,10.7,-1.8,0.1,2.1,.078
Matthew Dellavedova,2014-15,24,CLE,67,1380,8.5,-2.8,-0.3,1.9,.067
Matthew Dellavedova,2015-16,25,CLE,76,1867,11.3,-1.2,0.4,3.8,.098
Matthew Dellavedova,2016-17,26,MIL,76,1986,9.4,-4.2,-1.1,1.2,.029
Matthew Dellavedova,2017-18,27,MIL,38,712,8.6,-4.4,-0.4,0.5,.032
Matthew Dellavedova,2018-19,28,2TM,48,812,11.1,-4.4,-0.5,0.5,.028
Matthew Dellavedova,2018-19,28,MIL,12,97,7.5,-4.1,-0.1,0.1,.043
Matthew Dellavedova,2018-19,28,CLE,36,715,11.5,-4.5,-0.4,0.4,.026
Matthew Dellavedova,2019-20,29,CLE,57,821,8.1,-5.2,-0.7,0.2,.011
Matthew Dellavedova,2020-21,30,CLE,13,224,7.3,-6.4,-0.3,0.0,.005
Matthew Dellavedova,2021-22,,Did not play - other pro league,,,,,,,
Matthew Dellavedova,2022-23,32,SAC,32,213,6.7,-5.2,-0.2,0.1,.021
Matthew Dellavedova,2023-24,,Did not play - other pro league,,,,,,,
Dexter Dennis,2023-24,24,DAL,4,30,18.3,1.7,0.0,0.0,.004
RayJ Dennis,2024-25,23,IND,11,70,13.9,0.7,0.0,0.1,.036
RayJ Dennis,2025-26,24,3TM,17,206,6.2,-6.0,-0.2,-0.3,-0.072
RayJ Dennis,2025-26,24,IND,13,168,6.4,-5.2,-0.1,-0.3,-0.085
RayJ Dennis,2025-26,24,LAC,1,4,-6.0,-15.5,0.0,0.0,-0.272
RayJ Dennis,2025-26,24,ATL,3,34,6.5,-8.5,-0.1,0.0,.017
Donte DiVincenzo,2018-19,22,MIL,27,411,9.1,-2.2,0.0,0.6,.069
Donte DiVincenzo,2019-20,23,MIL,66,1520,14.1,1.3,1.3,4.3,.135
Donte DiVincenzo,2020-21,24,MIL,66,1814,13.0,0.2,1.0,3.6,.095
Donte DiVincenzo,2021-22,25,2TM,42,1006,11.3,-2.3,-0.1,0.7,.035
Donte DiVincenzo,2021-22,25,MIL,17,341,7.9,-5.5,-0.3,-0.1,-0.009
Donte DiVincenzo,2021-22,25,SAC,25,665,13.0,-0.6,0.2,0.8,.058
Donte DiVincenzo,2022-23,26,GSW,72,1894,12.8,0.7,1.3,4.2,.106
Donte DiVincenzo,2023-24,27,NYK,81,2360,16.0,3.4,3.2,6.6,.135
Donte DiVincenzo,2024-25,28,MIN,62,1606,14.1,1.9,1.6,3.9,.115
Donte DiVincenzo,2025-26,29,MIN,82,2494,12.5,0.8,1.7,5.2,.100
Moussa Diabaté,2022-23,21,LAC,22,195,14.2,-2.8,0.0,0.4,.105
Moussa Diabaté,2023-24,22,LAC,11,64,24.7,3.5,0.1,0.3,.250
Moussa Diabaté,2024-25,23,CHO,71,1241,16.5,-1.9,0.0,3.2,.125
Moussa Diabaté,2025-26,24,CHO,73,1899,17.2,1.7,1.8,7.4,.188
Mamadi Diakite,2020-21,24,MIL,14,141,12.3,-2.4,0.0,0.3,.102
Mamadi Diakite,2021-22,25,OKC,13,188,11.6,-5.0,-0.1,0.3,.080
Mamadi Diakite,2022-23,26,CLE,22,176,9.0,-3.4,-0.1,0.2,.051
Mamadi Diakite,2023-24,27,2TM,6,24,18.6,3.5,0.0,0.1,.168
Mamadi Diakite,2023-24,27,SAS,3,16,30.4,11.6,0.1,0.1,.349
Mamadi Diakite,2023-24,27,NYK,3,8,-5.2,-12.7,0.0,0.0,-0.194
Hamidou Diallo,2018-19,20,OKC,51,526,10.1,-4.2,-0.3,0.8,.069
Hamidou Diallo,2019-20,21,OKC,46,896,9.3,-3.9,-0.4,0.4,.022
Hamidou Diallo,2020-21,22,2TM,52,1226,14.3,-2.1,0.0,1.6,.063
Hamidou Diallo,2020-21,22,OKC,32,761,15.0,-1.5,0.1,1.0,.065
Hamidou Diallo,2020-21,22,DET,20,465,13.1,-3.2,-0.1,0.6,.059
Hamidou Diallo,2021-22,23,DET,58,1269,15.7,-0.5,0.5,2.1,.079
Hamidou Diallo,2022-23,24,DET,56,996,15.7,-1.4,0.1,1.3,.063
Hamidou Diallo,2023-24,25,WAS,2,5,33.2,18.7,0.0,0.0,.204
Mohamed Diawara,2025-26,20,NYK,69,634,10.3,-1.7,0.0,0.9,.072
Gradey Dick,2023-24,20,TOR,60,1268,8.9,-5.4,-1.1,0.3,.010
Gradey Dick,2024-25,21,TOR,54,1587,10.9,-3.2,-0.5,1.4,.042
Gradey Dick,2025-26,22,TOR,76,1067,10.7,-3.6,-0.4,1.4,.064
Hunter Dickinson,2025-26,25,NOP,5,42,3.8,-11.4,-0.1,-0.1,-0.094
Ousmane Dieng,2022-23,19,OKC,39,569,9.3,-3.6,-0.2,0.4,.038
Ousmane Dieng,2023-24,20,OKC,33,365,10.1,-3.0,-0.1,0.4,.055
Ousmane Dieng,2024-25,21,OKC,37,405,11.5,-0.9,0.1,0.9,.104
Ousmane Dieng,2025-26,22,2TM,57,1099,10.2,-3.8,-0.5,0.3,.012
Ousmane Dieng,2025-26,22,OKC,27,295,10.0,-1.4,0.1,0.6,.098
Ousmane Dieng,2025-26,22,MIL,30,804,10.3,-4.6,-0.5,-0.3,-0.020
Rob Dillingham,2024-25,20,MIN,49,516,10.2,-4.2,-0.3,0.1,.012
Rob Dillingham,2025-26,21,2TM,65,970,7.7,-7.3,-1.3,-1.1,-0.056
Rob Dillingham,2025-26,21,MIN,35,326,6.0,-8.2,-0.5,-0.5,-0.079
Rob Dillingham,2025-26,21,CHI,30,644,8.5,-6.8,-0.8,-0.6,-0.044
Spencer Dinwiddie,2014-15,21,DET,34,455,10.2,-2.8,-0.1,0.1,.009
Spencer Dinwiddie,2015-16,22,DET,12,159,8.9,-5.2,-0.1,0.1,.028
Spencer Dinwiddie,2016-17,23,BRK,59,1334,12.7,-1.0,0.4,2.8,.101
Spencer Dinwiddie,2017-18,24,BRK,80,2306,15.9,0.6,1.5,5.7,.118
Spencer Dinwiddie,2018-19,25,BRK,68,1914,16.3,0.6,1.3,4.8,.121
Spencer Dinwiddie,2019-20,26,BRK,64,1994,17.8,1.8,1.9,4.8,.116
Spencer Dinwiddie,2020-21,27,BRK,3,64,10.1,0.2,0.0,0.1,.045
Spencer Dinwiddie,2021-22,28,2TM,67,1980,15.1,0.3,1.1,4.1,.098
Spencer Dinwiddie,2021-22,28,WAS,44,1330,13.2,-0.9,0.3,1.6,.058
Spencer Dinwiddie,2021-22,28,DAL,23,650,19.0,2.9,0.8,2.5,.182
Spencer Dinwiddie,2022-23,29,2TM,79,2725,16.0,0.7,1.8,6.3,.111
Spencer Dinwiddie,2022-23,29,DAL,53,1808,16.1,0.9,1.3,4.3,.114
Spencer Dinwiddie,2022-23,29,BRK,26,917,15.8,0.2,0.5,2.0,.103
Spencer Dinwiddie,2023-24,30,2TM,76,2152,11.7,-1.9,0.1,3.6,.081
Spencer Dinwiddie,2023-24,30,BRK,48,1474,13.5,-1.3,0.3,2.9,.095
Spencer Dinwiddie,2023-24,30,LAL,28,678,8.0,-3.2,-0.2,0.7,.052
Spencer Dinwiddie,2024-25,31,DAL,79,2136,13.0,-1.6,0.2,3.7,.082
Egor Dёmin,2025-26,19,BRK,52,1308,11.3,-1.6,0.1,0.9,.032
Luka Dončić,2018-19,19,DAL,72,2318,19.6,3.9,3.4,4.9,.101
Luka Dončić,2019-20,20,DAL,61,2047,27.6,8.4,5.4,8.8,.207
Luka Dončić,2020-21,21,DAL,66,2262,25.3,6.8,5.1,7.7,.163
Luka Dončić,2021-22,22,DAL,65,2301,25.1,8.2,5.9,7.6,.159
Luka Dončić,2022-23,23,DAL,66,2391,28.7,8.9,6.6,10.2,.204
Luka Dončić,2023-24,24,DAL,70,2624,28.1,9.9,8.0,12.0,.220
Luka Dončić,2024-25,25,2TM,50,1769,24.1,6.7,3.9,5.9,.160
Luka Dončić,2024-25,25,DAL,22,785,24.2,6.9,1.8,2.5,.155
Luka Dončić,2024-25,25,LAL,28,984,23.9,6.5,2.1,3.4,.164
Luka Dončić,2025-26,26,LAL,64,2289,27.9,9.3,6.6,9.5,.199
Tyler Dorsey,2017-18,21,ATL,56,974,10.0,-2.9,-0.2,0.4,.020
Tyler Dorsey,2018-19,22,2TM,48,698,11.2,-3.5,-0.3,0.6,.043
Tyler Dorsey,2018-19,22,ATL,27,251,7.8,-4.9,-0.2,-0.1,-0.010
Tyler Dorsey,2018-19,22,MEM,21,447,13.1,-2.7,-0.1,0.7,.073
Tyler Dorsey,2019-20,,Did not play - other pro league,,,,,,,
Tyler Dorsey,2020-21,,Did not play - other pro league,,,,,,,
Tyler Dorsey,2021-22,,Did not play - other pro league,,,,,,,
Tyler Dorsey,2022-23,26,DAL,3,8,45.5,17.8,0.0,0.1,.367
Tyler Dorsey,2023-24,,Did not play - other pro league,,,,,,,
Luguentz Dort,2019-20,20,OKC,36,820,7.6,-3.7,-0.4,0.8,.049
Luguentz Dort,2020-21,21,OKC,52,1543,10.1,-3.5,-0.6,0.3,.011
Luguentz Dort,2021-22,22,OKC,51,1665,12.3,-2.3,-0.1,1.4,.040
Luguentz Dort,2022-23,23,OKC,74,2272,11.3,-3.0,-0.6,2.9,.062
Luguentz Dort,2023-24,24,OKC,79,2246,11.1,-1.6,0.2,4.6,.097
Luguentz Dort,2024-25,25,OKC,71,2073,11.3,0.2,1.2,5.6,.129
Luguentz Dort,2025-26,26,OKC,69,1849,8.3,-2.0,0.0,3.0,.078
Ayo Dosunmu,2021-22,22,CHI,77,2110,11.2,-2.0,0.0,3.0,.069
Ayo Dosunmu,2022-23,23,CHI,80,2098,10.2,-2.5,-0.2,2.9,.067
Ayo Dosunmu,2023-24,24,CHI,76,2212,13.4,-0.8,0.7,4.1,.089
Ayo Dosunmu,2024-25,25,CHI,46,1394,12.8,-1.6,0.1,2.5,.087
Ayo Dosunmu,2025-26,26,2TM,69,1881,16.5,1.0,1.4,4.9,.124
Ayo Dosunmu,2025-26,26,CHI,45,1187,17.0,0.8,0.8,3.0,.120
Ayo Dosunmu,2025-26,26,MIN,24,694,15.6,1.5,0.6,1.9,.132
Devon Dotson,2020-21,21,CHI,11,50,19.3,2.1,0.1,0.2,.177
Devon Dotson,2021-22,22,CHI,11,85,9.8,-4.9,-0.1,0.1,.048
Devon Dotson,2022-23,23,WAS,6,53,4.8,-5.3,0.0,0.0,-0.025
Devon Dotson,2023-24,,Did not play - other pro league,,,,,,,
Jeff Dowtin Jr.,2021-22,24,3TM,9,108,6.8,-5.6,-0.1,0.0,-0.010
Jeff Dowtin Jr.,2021-22,24,GSW,4,28,9.5,-3.6,0.0,0.1,.089
Jeff Dowtin Jr.,2021-22,24,MIL,1,3,-12.9,-22.6,0.0,0.0,-0.344
Jeff Dowtin Jr.,2021-22,24,ORL,4,77,6.5,-5.6,-0.1,-0.1,-0.033
Jeff Dowtin Jr.,2022-23,25,TOR,25,259,9.9,-1.9,0.0,0.4,.076
Jeff Dowtin Jr.,2023-24,26,PHI,12,142,18.2,3.3,0.2,0.6,.193
Jeff Dowtin Jr.,2024-25,27,PHI,41,621,16.1,0.2,0.3,1.3,.103
PJ Dozier,2017-18,21,OKC,2,3,-5.0,-20.4,0.0,0.0,-0.404
PJ Dozier,2018-19,22,BOS,6,51,16.0,-2.0,0.0,0.1,.125
PJ Dozier,2019-20,23,DEN,29,412,11.6,-3.8,-0.2,0.4,.044
PJ Dozier,2020-21,24,DEN,50,1088,10.4,-2.6,-0.2,1.1,.051
PJ Dozier,2021-22,25,DEN,18,340,8.7,-2.0,0.0,0.3,.038
PJ Dozier,2022-23,26,SAC,16,79,5.2,-7.8,-0.1,-0.2,-0.097
PJ Dozier,2023-24,,Did not play - other pro league,,,,,,,
PJ Dozier,2024-25,28,MIN,9,35,9.5,0.7,0.0,0.1,.107
Henri Drell,2023-24,23,CHI,4,30,10.7,-4.9,0.0,0.0,.047
Andre Drummond,2012-13,19,DET,60,1243,21.6,2.5,1.4,4.5,.172
Andre Drummond,2013-14,20,DET,81,2619,22.6,1.4,2.3,9.9,.182
Andre Drummond,2014-15,21,DET,82,2502,21.4,-0.1,1.2,7.7,.147
Andre Drummond,2015-16,22,DET,81,2666,21.2,1.1,2.0,7.4,.133
Andre Drummond,2016-17,23,DET,81,2409,20.9,1.0,1.8,6.7,.133
Andre Drummond,2017-18,24,DET,78,2625,22.9,3.2,3.4,10.3,.188
Andre Drummond,2018-19,25,DET,79,2647,23.4,2.1,2.7,10.0,.181
Andre Drummond,2019-20,26,2TM,57,1879,22.0,0.9,1.4,4.2,.108
Andre Drummond,2019-20,26,DET,49,1654,22.1,1.1,1.3,4.0,.116
Andre Drummond,2019-20,26,CLE,8,225,21.1,-0.4,0.1,0.3,.053
Andre Drummond,2020-21,27,2TM,46,1242,19.4,-1.2,0.3,2.0,.077
Andre Drummond,2020-21,27,CLE,25,722,20.5,-0.8,0.2,0.6,.037
Andre Drummond,2020-21,27,LAL,21,520,17.9,-1.7,0.0,1.4,.133
Andre Drummond,2021-22,28,2TM,73,1437,21.0,1.3,1.2,5.1,.170
Andre Drummond,2021-22,28,PHI,49,902,19.3,1.3,0.7,2.9,.153
Andre Drummond,2021-22,28,BRK,24,535,23.8,1.2,0.4,2.2,.199
Andre Drummond,2022-23,29,CHI,67,849,20.8,-0.8,0.3,2.8,.159
Andre Drummond,2023-24,30,CHI,79,1351,23.0,0.1,0.7,4.9,.175
Andre Drummond,2024-25,31,PHI,40,751,16.0,-3.2,-0.2,1.2,.078
Andre Drummond,2025-26,32,PHI,63,1231,16.4,-0.6,0.4,3.4,.133
Chris Duarte,2021-22,24,IND,55,1541,12.3,-2.3,-0.1,0.9,.029
Chris Duarte,2022-23,25,IND,46,897,8.6,-4.5,-0.6,0.0,-0.003
Chris Duarte,2023-24,26,SAC,59,719,8.4,-3.4,-0.2,0.7,.047
Chris Duarte,2024-25,27,CHI,17,74,16.5,1.2,0.1,0.3,.171
Alex Ducas,2024-25,24,OKC,21,125,10.1,-2.0,0.0,0.3,.125
David Duke Jr.,2021-22,22,BRK,22,341,10.0,-3.9,-0.2,0.3,.048
David Duke Jr.,2022-23,23,BRK,23,228,8.3,-7.3,-0.3,-0.1,-0.011
David Duke Jr.,2023-24,24,SAS,4,51,16.2,1.4,0.0,0.1,.119
David Duke Jr.,2024-25,25,SAS,6,34,12.2,-1.5,0.0,0.0,.023
Kris Dunn,2016-17,22,MIN,78,1333,8.1,-2.8,-0.3,0.1,.004
Kris Dunn,2017-18,23,CHI,52,1525,14.5,-1.3,0.3,0.9,.027
Kris Dunn,2018-19,24,CHI,46,1389,12.4,-2.7,-0.2,0.6,.022
Kris Dunn,2019-20,25,CHI,51,1269,12.1,-0.6,0.4,2.3,.085
Kris Dunn,2020-21,26,ATL,4,45,-5.7,-13.7,-0.1,-0.2,-0.202
Kris Dunn,2021-22,27,POR,14,336,12.5,-5.4,-0.3,0.2,.024
Kris Dunn,2022-23,28,UTA,22,568,19.1,2.4,0.6,1.9,.162
Kris Dunn,2023-24,29,UTA,66,1249,12.8,-0.1,0.6,2.0,.076
Kris Dunn,2024-25,30,LAC,74,1783,11.3,0.6,1.2,4.0,.108
Kris Dunn,2025-26,31,LAC,82,2230,11.3,-0.8,0.6,4.0,.085
Ryan Dunn,2024-25,22,PHO,74,1410,10.7,-4.1,-0.7,1.0,.034
Ryan Dunn,2025-26,23,PHO,70,1355,11.7,-0.9,0.4,2.6,.093
Kevin Durant,2007-08,19,SEA,80,2768,15.8,-0.1,1.3,2.3,.040
Kevin Durant,2008-09,20,OKC,74,2885,20.8,3.3,3.8,7.9,.132
Kevin Durant,2009-10,21,OKC,82,3239,26.2,7.1,7.5,16.1,.238
Kevin Durant,2010-11,22,OKC,78,3038,23.6,4.9,5.3,12.0,.189
Kevin Durant,2011-12,23,OKC,66,2546,26.2,7.0,5.8,12.2,.230
Kevin Durant,2012-13,24,OKC,81,3119,28.3,9.3,8.9,18.9,.291
Kevin Durant,2013-14,25,OKC,81,3122,29.8,10.2,9.6,19.2,.295
Kevin Durant,2014-15,26,OKC,27,913,27.6,10.0,2.8,4.8,.252
Kevin Durant,2015-16,27,OKC,72,2578,28.2,9.9,7.8,14.5,.270
Kevin Durant,2016-17,28,GSW,62,2070,27.6,8.9,5.7,12.0,.278
Kevin Durant,2017-18,29,GSW,68,2325,26.0,7.3,5.5,10.4,.215
Kevin Durant,2018-19,30,GSW,78,2702,24.2,5.5,5.1,11.5,.204
Kevin Durant,2019-20,,Did not play - injury,,,,,,,
Kevin Durant,2020-21,32,BRK,35,1157,26.4,7.2,2.7,5.0,.206
Kevin Durant,2021-22,33,BRK,55,2047,25.6,7.2,4.8,8.4,.198
Kevin Durant,2022-23,34,2TM,47,1672,25.9,7.1,3.9,6.8,.194
Kevin Durant,2022-23,34,BRK,39,1403,26.2,7.0,3.2,5.7,.194
Kevin Durant,2022-23,34,PHO,8,269,24.3,8.0,0.7,1.1,.196
Kevin Durant,2023-24,35,PHO,75,2791,21.2,4.0,4.3,8.3,.142
Kevin Durant,2024-25,36,PHO,62,2265,21.2,3.2,3.0,5.2,.111
Kevin Durant,2025-26,37,HOU,78,2840,21.1,4.5,4.7,10.7,.180
Jalen Duren,2022-23,19,DET,67,1670,17.3,-0.8,0.5,4.5,.129
Jalen Duren,2023-24,20,DET,61,1777,18.7,-0.1,0.9,4.8,.130
Jalen Duren,2024-25,21,DET,78,2034,21.4,3.1,2.7,9.2,.218
Jalen Duren,2025-26,22,DET,70,1976,26.1,5.0,3.5,11.0,.266
Tari Eason,2022-23,21,HOU,82,1767,15.2,-1.7,0.1,2.6,.070
Tari Eason,2023-24,22,HOU,22,480,17.1,1.6,0.4,1.3,.125
Tari Eason,2024-25,23,HOU,57,1420,18.5,3.6,2.0,5.0,.169
Tari Eason,2025-26,24,HOU,60,1549,12.9,-1.6,0.2,2.9,.091
Zach Edey,2024-25,22,MEM,66,1416,18.2,-0.1,0.7,4.9,.165
Zach Edey,2025-26,23,MEM,11,284,20.7,0.5,0.2,0.8,.134
VJ Edgecombe,2025-26,20,PHI,75,2623,14.0,-0.5,1.0,4.4,.081
Anthony Edwards,2020-21,19,MIN,72,2314,13.9,-2.1,-0.1,0.8,.017
Anthony Edwards,2021-22,20,MIN,72,2466,16.5,1.2,2.0,4.3,.084
Anthony Edwards,2022-23,21,MIN,79,2842,17.4,1.0,2.1,3.8,.064
Anthony Edwards,2023-24,22,MIN,79,2770,19.7,3.3,3.7,7.5,.130
Anthony Edwards,2024-25,23,MIN,79,2871,20.1,4.3,4.6,8.4,.140
Anthony Edwards,2025-26,24,MIN,61,2137,21.8,4.5,3.5,6.5,.147
Jesse Edwards,2024-25,24,MIN,2,5,-0.1,-4.0,0.0,0.0,.111
Justin Edwards,2024-25,21,PHI,44,1155,11.3,-3.7,-0.5,0.9,.039
Justin Edwards,2025-26,22,PHI,64,977,12.1,-1.3,0.2,1.7,.086
Kessler Edwards,2021-22,21,BRK,48,987,8.3,-3.8,-0.5,0.6,.031
Kessler Edwards,2022-23,22,2TM,36,385,8.4,-3.9,-0.2,0.4,.048
Kessler Edwards,2022-23,22,BRK,14,79,2.4,-9.7,-0.2,-0.2,-0.108
Kessler Edwards,2022-23,22,SAC,22,306,10.0,-2.5,0.0,0.6,.088
Kessler Edwards,2023-24,23,SAC,54,275,10.3,-1.5,0.0,0.5,.083
Kessler Edwards,2024-25,24,DAL,40,608,11.3,-1.4,0.1,1.2,.096
Keon Ellis,2022-23,23,SAC,16,71,14.0,1.3,0.1,0.2,.162
Keon Ellis,2023-24,24,SAC,57,978,12.0,1.2,0.8,2.3,.114
Keon Ellis,2024-25,25,SAC,80,1948,13.5,1.9,1.9,5.0,.122
Keon Ellis,2025-26,26,2TM,72,1478,10.8,-0.5,0.6,2.2,.072
Keon Ellis,2025-26,26,SAC,43,758,9.1,-1.9,0.0,0.4,.025
Keon Ellis,2025-26,26,CLE,29,720,12.5,1.1,0.6,1.8,.121
Joel Embiid,2014-15,,Did not play - injury,,,,,,,
Joel Embiid,2015-16,,Did not play - injury,,,,,,,
Joel Embiid,2016-17,22,PHI,31,786,24.1,4.5,1.3,1.9,.117
Joel Embiid,2017-18,23,PHI,63,1912,22.9,3.3,2.6,6.2,.155
Joel Embiid,2018-19,24,PHI,64,2154,26.1,4.9,3.8,8.7,.194
Joel Embiid,2019-20,25,PHI,51,1506,25.8,4.7,2.5,6.0,.192
Joel Embiid,2020-21,26,PHI,51,1585,30.3,7.5,3.8,8.8,.266
Joel Embiid,2021-22,27,PHI,68,2297,31.2,9.2,6.5,12.0,.252
Joel Embiid,2022-23,28,PHI,66,2284,31.4,9.2,6.4,12.3,.259
Joel Embiid,2023-24,29,PHI,39,1309,34.1,11.6,4.5,7.5,.275
Joel Embiid,2024-25,30,PHI,19,574,23.4,3.5,0.8,1.4,.118
Joel Embiid,2025-26,31,PHI,38,1201,24.7,4.9,2.1,4.1,.163
Tristan Enaruna,2025-26,24,CLE,9,85,16.2,-1.0,0.0,0.2,.137
Noa Essengue,2025-26,19,CHI,2,6,-11.9,-23.7,0.0,-0.1,-0.417
Tyson Etienne,2024-25,25,BRK,7,151,5.6,-8.8,-0.3,-0.1,-0.021
Tyson Etienne,2025-26,26,BRK,24,380,11.9,-2.8,-0.1,0.5,.069
Drew Eubanks,2018-19,21,SAS,23,113,15.1,-1.3,0.0,0.3,.120
Drew Eubanks,2019-20,22,SAS,22,272,17.3,-1.8,0.0,0.8,.134
Drew Eubanks,2020-21,23,SAS,54,755,17.9,0.0,0.4,2.3,.145
Drew Eubanks,2021-22,24,2TM,71,1245,18.0,-1.4,0.2,3.4,.130
Drew Eubanks,2021-22,24,SAS,49,595,16.0,-1.2,0.1,1.4,.114
Drew Eubanks,2021-22,24,POR,22,650,19.9,-1.5,0.1,2.0,.144
Drew Eubanks,2022-23,25,POR,78,1584,16.2,0.1,0.8,4.4,.134
Drew Eubanks,2023-24,26,PHO,75,1169,14.4,-1.2,0.2,3.1,.129
Drew Eubanks,2024-25,27,2TM,61,746,15.6,-0.7,0.3,1.7,.107
Drew Eubanks,2024-25,27,UTA,37,568,15.9,0.0,0.3,1.2,.100
Drew Eubanks,2024-25,27,LAC,24,178,14.8,-2.7,0.0,0.5,.129
Drew Eubanks,2025-26,28,SAC,42,552,13.6,-3.7,-0.2,0.6,.053
Tosan Evbuomwan,2023-24,22,2TM,17,367,9.9,-3.0,-0.1,0.5,.071
Tosan Evbuomwan,2023-24,22,MEM,4,74,5.7,-6.4,-0.1,0.0,.016
Tosan Evbuomwan,2023-24,22,DET,13,293,10.9,-2.2,0.0,0.5,.085
Tosan Evbuomwan,2024-25,23,BRK,28,665,11.6,-3.2,-0.2,0.6,.044
Tosan Evbuomwan,2025-26,24,NYK,5,8,-0.3,-11.5,0.0,0.0,-0.025
Danté Exum,2014-15,19,UTA,82,1817,5.7,-4.3,-1.1,-0.1,-0.003
Danté Exum,2015-16,,Did not play - injury,,,,,,,
Danté Exum,2016-17,21,UTA,66,1228,8.5,-3.3,-0.4,1.2,.046
Danté Exum,2017-18,22,UTA,14,235,16.7,0.1,0.1,0.7,.133
Danté Exum,2018-19,23,UTA,42,664,11.2,-2.1,0.0,1.0,.069
Danté Exum,2019-20,24,2TM,35,485,10.3,-2.9,-0.1,0.4,.043
Danté Exum,2019-20,24,UTA,11,83,4.8,-5.7,-0.1,-0.1,-0.056
Danté Exum,2019-20,24,CLE,24,402,11.5,-2.4,0.0,0.5,.063
Danté Exum,2020-21,25,CLE,6,116,5.9,-3.8,-0.1,-0.1,-0.025
Danté Exum,2021-22,,Did not play - other pro league,,,,,,,
Danté Exum,2022-23,,Did not play - other pro league,,,,,,,
Danté Exum,2023-24,28,DAL,55,1088,13.7,-0.6,0.4,2.9,.127
Danté Exum,2024-25,29,DAL,20,372,13.6,-2.3,0.0,0.6,.083
Jeremiah Fears,2025-26,19,NOP,82,2112,13.8,-2.7,-0.4,0.6,.015
Bruno Fernando,2019-20,21,ATL,56,713,11.9,-4.1,-0.4,0.8,.055
Bruno Fernando,2020-21,22,ATL,33,226,6.2,-6.5,-0.3,-0.1,-0.019
Bruno Fernando,2021-22,23,2TM,30,152,21.2,-0.1,0.1,0.4,.140
Bruno Fernando,2021-22,23,BOS,20,58,12.6,-2.8,0.0,0.1,.102
Bruno Fernando,2021-22,23,HOU,10,94,26.5,1.5,0.1,0.3,.164
Bruno Fernando,2022-23,24,2TM,39,405,16.6,-2.0,0.0,0.9,.109
Bruno Fernando,2022-23,24,HOU,31,364,16.1,-1.7,0.0,0.8,.111
Bruno Fernando,2022-23,24,ATL,8,41,20.1,-5.0,0.0,0.1,.086
Bruno Fernando,2023-24,25,ATL,45,682,15.2,-2.3,-0.1,1.5,.103
Bruno Fernando,2024-25,26,TOR,17,147,15.3,-0.7,0.1,0.3,.085
Kyle Filipowski,2024-25,21,UTA,72,1522,14.9,-1.0,0.4,2.5,.078
Kyle Filipowski,2025-26,22,UTA,77,1801,16.0,-1.1,0.4,3.1,.082
Dorian Finney-Smith,2016-17,23,DAL,81,1642,7.7,-2.6,-0.3,1.4,.041
Dorian Finney-Smith,2017-18,24,DAL,21,448,7.6,-4.6,-0.3,0.1,.015
Dorian Finney-Smith,2018-19,25,DAL,81,1985,11.0,-1.4,0.3,3.3,.079
Dorian Finney-Smith,2019-20,26,DAL,71,2120,12.3,-0.2,0.9,4.9,.110
Dorian Finney-Smith,2020-21,27,DAL,60,1921,12.0,0.1,1.0,4.4,.110
Dorian Finney-Smith,2021-22,28,DAL,80,2644,12.5,0.8,1.9,6.6,.121
Dorian Finney-Smith,2022-23,29,2TM,66,2009,9.2,-2.0,0.0,2.1,.051
Dorian Finney-Smith,2022-23,29,DAL,40,1288,10.0,-1.1,0.3,1.7,.065
Dorian Finney-Smith,2022-23,29,BRK,26,721,7.7,-3.7,-0.3,0.4,.027
Dorian Finney-Smith,2023-24,30,BRK,68,1934,10.1,-2.0,0.0,2.6,.065
Dorian Finney-Smith,2024-25,31,2TM,63,1818,10.1,-1.0,0.5,2.9,.078
Dorian Finney-Smith,2024-25,31,BRK,20,579,12.2,0.0,0.3,1.1,.094
Dorian Finney-Smith,2024-25,31,LAL,43,1239,9.2,-1.5,0.2,1.8,.070
Dorian Finney-Smith,2025-26,32,HOU,37,620,5.8,-4.3,-0.4,0.5,.042
Cooper Flagg,2025-26,19,DAL,70,2344,17.9,1.4,2.0,3.8,.078
Adam Flagler,2023-24,24,OKC,2,14,0.6,-10.6,0.0,0.0,-0.159
Adam Flagler,2024-25,25,OKC,37,203,3.7,-10.3,-0.4,-0.3,-0.062
Rasheer Fleming,2025-26,21,PHO,55,673,10.2,-3.8,-0.3,0.8,.055
Trentyn Flowers,2024-25,19,LAC,6,27,4.3,-8.3,0.0,0.0,-0.033
Trentyn Flowers,2025-26,20,CHI,2,6,16.7,-1.0,0.0,0.0,.023
Malachi Flynn,2020-21,22,TOR,47,928,10.9,-2.6,-0.1,0.8,.041
Malachi Flynn,2021-22,23,TOR,44,537,11.7,-1.5,0.1,1.0,.092
Malachi Flynn,2022-23,24,TOR,53,691,8.7,-4.1,-0.4,0.5,.034
Malachi Flynn,2023-24,25,3TM,69,876,11.9,-2.2,0.0,0.5,.029
Malachi Flynn,2023-24,25,TOR,31,474,10.1,-2.7,-0.1,0.2,.025
Malachi Flynn,2023-24,25,NYK,14,60,12.5,-2.6,0.0,0.1,.093
Malachi Flynn,2023-24,25,DET,24,342,14.4,-1.3,0.1,0.2,.023
Malachi Flynn,2024-25,26,CHO,4,44,12.4,-2.8,0.0,0.0,.043
Simone Fontecchio,2022-23,27,UTA,52,766,8.0,-5.2,-0.6,-0.1,-0.004
Simone Fontecchio,2023-24,28,2TM,66,1644,12.1,-1.0,0.4,2.1,.061
Simone Fontecchio,2023-24,28,UTA,50,1160,11.2,-1.6,0.1,1.3,.052
Simone Fontecchio,2023-24,28,DET,16,484,14.4,0.6,0.3,0.8,.083
Simone Fontecchio,2024-25,29,DET,75,1237,9.7,-2.9,-0.3,1.6,.063
Simone Fontecchio,2025-26,30,MIA,70,1173,13.8,0.5,0.7,2.6,.106
Bryn Forbes,2016-17,23,SAS,36,285,5.9,-5.4,-0.2,0.1,.014
Bryn Forbes,2017-18,24,SAS,80,1517,9.1,-3.1,-0.4,2.1,.067
Bryn Forbes,2018-19,25,SAS,82,2293,12.0,-1.2,0.5,3.8,.079
Bryn Forbes,2019-20,26,SAS,63,1579,11.1,-2.7,-0.3,1.5,.047
Bryn Forbes,2020-21,27,MIL,70,1354,12.8,-1.3,0.2,2.7,.096
Bryn Forbes,2021-22,28,2TM,75,1286,11.5,-2.9,-0.3,1.4,.054
Bryn Forbes,2021-22,28,SAS,40,676,12.4,-1.6,0.1,0.7,.053
Bryn Forbes,2021-22,28,DEN,35,610,10.6,-4.3,-0.4,0.7,.054
Bryn Forbes,2022-23,29,MIN,25,268,6.2,-6.3,-0.3,0.0,.000
Bryn Forbes,2023-24,,Did not play - legal,,,,,,,
Jordan Ford,2023-24,25,SAC,6,22,16.8,2.2,0.0,0.1,.157
Trent Forrest,2020-21,22,UTA,30,302,11.2,-1.3,0.1,0.7,.106
Trent Forrest,2021-22,23,UTA,60,765,10.9,-1.0,0.2,1.3,.084
Trent Forrest,2022-23,24,ATL,23,277,6.1,-5.1,-0.2,-0.1,-0.011
Trent Forrest,2023-24,25,ATL,38,414,8.9,-4.4,-0.3,0.2,.027
Michael Foster Jr.,2022-23,20,PHI,1,1,0.0,-9.2,0.0,0.0,.010
Michael Foster Jr.,2023-24,,Did not play - other pro league,,,,,,,
Evan Fournier,2012-13,20,DEN,38,428,13.8,-1.4,0.1,1.0,.115
Evan Fournier,2013-14,21,DEN,76,1503,10.3,-2.9,-0.4,1.4,.043
Evan Fournier,2014-15,22,ORL,58,1661,12.4,-1.8,0.1,2.1,.059
Evan Fournier,2015-16,23,ORL,79,2566,14.6,-0.3,1.1,5.7,.106
Evan Fournier,2016-17,24,ORL,68,2234,13.9,-1.3,0.4,2.8,.059
Evan Fournier,2017-18,25,ORL,57,1837,15.5,-0.6,0.7,3.3,.087
Evan Fournier,2018-19,26,ORL,81,2553,12.3,-2.4,-0.3,3.2,.061
Evan Fournier,2019-20,27,ORL,66,2076,16.4,1.0,1.6,4.6,.106
Evan Fournier,2020-21,28,2TM,42,1259,16.7,1.1,1.0,2.8,.107
Evan Fournier,2020-21,28,ORL,26,787,18.2,1.7,0.7,1.7,.104
Evan Fournier,2020-21,28,BOS,16,472,14.1,0.3,0.3,1.1,.111
Evan Fournier,2021-22,29,NYK,80,2358,12.3,-0.7,0.7,3.7,.075
Evan Fournier,2022-23,30,NYK,27,459,6.9,-4.0,-0.2,0.1,.010
Evan Fournier,2023-24,31,2TM,32,580,8.5,-4.3,-0.3,-0.1,-0.005
Evan Fournier,2023-24,31,NYK,3,39,2.2,-11.3,-0.1,-0.1,-0.108
Evan Fournier,2023-24,31,DET,29,541,8.9,-3.8,-0.3,0.0,.002
De'Aaron Fox,2017-18,20,SAC,73,2026,11.2,-4.2,-1.1,-0.6,-0.014
De'Aaron Fox,2018-19,21,SAC,81,2546,18.1,1.5,2.3,5.6,.106
De'Aaron Fox,2019-20,22,SAC,51,1634,20.6,1.8,1.6,4.0,.118
De'Aaron Fox,2020-21,23,SAC,58,2036,20.7,1.8,2.0,4.2,.098
De'Aaron Fox,2021-22,24,SAC,59,2084,17.4,-0.6,0.7,2.5,.058
De'Aaron Fox,2022-23,25,SAC,73,2435,21.8,2.5,2.7,7.4,.146
De'Aaron Fox,2023-24,26,SAC,74,2659,20.1,2.7,3.2,6.5,.117
De'Aaron Fox,2024-25,27,2TM,62,2241,18.3,0.4,1.3,4.3,.093
De'Aaron Fox,2024-25,27,SAC,45,1663,19.0,1.2,1.3,3.5,.101
De'Aaron Fox,2024-25,27,SAS,17,578,16.3,-2.0,0.0,0.9,.071
De'Aaron Fox,2025-26,28,SAS,72,2231,17.6,2.2,2.4,6.4,.138
Enrique Freeman,2024-25,24,IND,22,181,7.4,-6.3,-0.2,0.2,.046
Enrique Freeman,2025-26,25,MIN,4,37,15.6,0.0,0.0,0.1,.162
Javon Freeman-Liberty,2023-24,24,TOR,22,403,10.7,-5.2,-0.3,0.2,.029
Alex Fudge,2023-24,20,2TM,6,40,9.8,-5.2,0.0,0.0,-0.007
Alex Fudge,2023-24,20,LAL,4,14,-1.9,-18.1,-0.1,-0.1,-0.222
Alex Fudge,2023-24,20,DAL,2,26,16.2,1.7,0.0,0.1,.108
Markelle Fultz,2017-18,19,PHI,14,253,12.4,-2.6,0.0,0.2,.043
Markelle Fultz,2018-19,20,PHI,19,427,10.5,-3.1,-0.1,0.3,.035
Markelle Fultz,2019-20,21,ORL,72,1996,14.3,-1.8,0.1,2.7,.065
Markelle Fultz,2020-21,22,ORL,8,215,12.0,-4.4,-0.1,-0.1,-0.024
Markelle Fultz,2021-22,23,ORL,18,360,17.7,0.2,0.2,0.4,.053
Markelle Fultz,2022-23,24,ORL,60,1778,16.6,0.5,1.2,3.7,.100
Markelle Fultz,2023-24,25,ORL,43,910,12.6,-1.4,0.1,1.3,.069
Markelle Fultz,2024-25,26,SAC,21,184,8.9,-4.7,-0.1,-0.1,-0.026
Markelle Fultz,2025-26,27,TOR,5,36,-2.0,-16.3,-0.1,-0.2,-0.209
Andrew Funk,2023-24,24,CHI,5,13,-5.0,-14.4,0.0,-0.1,-0.252
Johnny Furphy,2024-25,20,IND,50,379,9.8,-2.5,0.0,0.5,.070
Johnny Furphy,2025-26,21,IND,35,643,9.2,-3.7,-0.3,0.5,.036
Wenyen Gabriel,2019-20,22,2TM,30,235,9.6,-3.8,-0.1,0.2,.048
Wenyen Gabriel,2019-20,22,SAC,11,61,7.4,-3.9,0.0,0.0,-0.029
Wenyen Gabriel,2019-20,22,POR,19,174,10.3,-3.8,-0.1,0.3,.075
Wenyen Gabriel,2020-21,23,NOP,21,241,9.8,-3.3,-0.1,0.3,.052
Wenyen Gabriel,2021-22,24,3TM,26,358,12.5,-5.9,-0.4,0.7,.090
Wenyen Gabriel,2021-22,24,BRK,1,1,11.8,-1.6,0.0,0.0,.167
Wenyen Gabriel,2021-22,24,LAC,6,46,8.3,-7.5,-0.1,0.0,.041
Wenyen Gabriel,2021-22,24,LAL,19,311,13.1,-5.7,-0.3,0.6,.096
Wenyen Gabriel,2022-23,25,LAL,68,1024,14.4,-2.2,-0.1,2.8,.132
Wenyen Gabriel,2023-24,26,MEM,5,81,2.3,-12.5,-0.2,-0.2,-0.123
Daniel Gafford,2019-20,21,CHI,43,609,16.2,-1.3,0.1,1.9,.146
Daniel Gafford,2020-21,22,2TM,54,791,22.2,2.2,0.8,3.5,.209
Daniel Gafford,2020-21,22,CHI,31,383,18.8,0.2,0.2,1.5,.182
Daniel Gafford,2020-21,22,WAS,23,408,25.4,4.0,0.6,2.0,.235
Daniel Gafford,2021-22,23,WAS,72,1444,21.8,1.6,1.3,6.0,.198
Daniel Gafford,2022-23,24,WAS,78,1604,19.7,1.0,1.2,6.1,.184
Daniel Gafford,2023-24,25,2TM,74,1815,21.7,2.6,2.1,7.8,.205
Daniel Gafford,2023-24,25,WAS,45,1192,19.9,0.9,0.9,4.4,.178
Daniel Gafford,2023-24,25,DAL,29,623,25.0,5.9,1.3,3.3,.257
Daniel Gafford,2024-25,26,DAL,57,1226,24.7,3.8,1.8,5.9,.232
Daniel Gafford,2025-26,27,DAL,55,1195,18.8,0.7,0.8,4.1,.167
Danilo Gallinari,2008-09,20,NYK,28,412,13.4,0.6,0.3,1.0,.119
Danilo Gallinari,2009-10,21,NYK,81,2747,14.8,0.5,1.7,5.6,.098
Danilo Gallinari,2010-11,22,2TM,62,2104,15.7,0.7,1.4,6.1,.139
Danilo Gallinari,2010-11,22,NYK,48,1671,15.6,0.1,0.9,4.9,.140
Danilo Gallinari,2010-11,22,DEN,14,433,15.9,3.0,0.5,1.2,.133
Danilo Gallinari,2011-12,23,DEN,43,1351,16.5,1.8,1.3,3.9,.140
Danilo Gallinari,2012-13,24,DEN,71,2309,16.7,2.8,2.8,7.2,.151
Danilo Gallinari,2013-14,,Did not play - injury,,,,,,,
Danilo Gallinari,2014-15,26,DEN,59,1426,16.8,2.4,1.6,3.9,.132
Danilo Gallinari,2015-16,27,DEN,53,1839,19.0,2.7,2.2,6.3,.165
Danilo Gallinari,2016-17,28,DEN,63,2134,17.4,1.4,1.9,6.8,.154
Danilo Gallinari,2017-18,29,LAC,21,671,13.8,-0.5,0.3,1.2,.088
Danilo Gallinari,2018-19,30,LAC,68,2059,21.0,4.3,3.3,8.2,.191
Danilo Gallinari,2019-20,31,OKC,62,1834,19.5,3.3,2.4,6.3,.166
Danilo Gallinari,2020-21,32,ATL,51,1222,16.3,1.1,1.0,3.7,.146
Danilo Gallinari,2021-22,33,ATL,66,1672,14.3,-0.2,0.8,3.6,.105
Danilo Gallinari,2022-23,,Did not play - injury,,,,,,,
Danilo Gallinari,2023-24,35,3TM,49,630,13.4,-1.9,0.0,1.3,.098
Danilo Gallinari,2023-24,35,WAS,26,385,13.4,-2.6,-0.1,0.6,.080
Danilo Gallinari,2023-24,35,DET,6,90,23.3,6.9,0.2,0.6,.304
Danilo Gallinari,2023-24,35,MIL,17,155,7.7,-5.2,-0.1,0.1,.025
Andersson Garcia,2025-26,25,UTA,5,169,8.3,-5.7,-0.2,0.1,.014
Myron Gardner,2025-26,24,MIA,45,411,15.2,0.9,0.3,1.4,.163
Darius Garland,2019-20,20,CLE,59,1824,8.5,-5.5,-1.7,-1.3,-0.034
Darius Garland,2020-21,21,CLE,54,1790,14.2,-2.1,-0.1,1.2,.033
Darius Garland,2021-22,22,CLE,68,2430,19.0,2.6,2.8,6.3,.125
Darius Garland,2022-23,23,CLE,69,2447,18.8,2.4,2.7,7.6,.148
Darius Garland,2023-24,24,CLE,57,1901,14.5,-1.0,0.5,2.7,.067
Darius Garland,2024-25,25,CLE,75,2301,19.9,3.1,3.0,8.1,.169
Darius Garland,2025-26,26,2TM,45,1344,17.1,-0.2,0.6,2.6,.092
Darius Garland,2025-26,26,CLE,26,792,15.6,-1.6,0.1,1.4,.084
Darius Garland,2025-26,26,LAC,19,552,19.4,1.8,0.5,1.2,.104
Marcus Garrett,2021-22,23,MIA,12,128,4.7,-5.4,-0.1,0.1,.032
Marcus Garrett,2024-25,26,CHO,4,79,8.7,-7.6,-0.1,0.0,-0.002
Usman Garuba,2021-22,19,HOU,24,240,12.9,-0.9,0.1,0.5,.105
Usman Garuba,2022-23,20,HOU,75,970,12.9,-1.4,0.2,1.8,.091
Usman Garuba,2023-24,21,GSW,6,18,7.0,-10.9,0.0,0.0,-0.124
Luka Garza,2021-22,23,DET,32,389,15.6,-2.5,-0.1,0.8,.093
Luka Garza,2022-23,24,MIN,28,243,23.0,-0.4,0.1,1.1,.211
Luka Garza,2023-24,25,MIN,25,122,21.8,-2.1,0.0,0.4,.166
Luka Garza,2024-25,26,MIN,39,219,18.8,-2.3,0.0,0.7,.144
Luka Garza,2025-26,27,BOS,69,1118,19.9,2.4,1.2,5.3,.226
Kaiser Gates,2023-24,27,NOP,1,7,-19.9,-28.8,-0.1,-0.1,-0.558
Keyonte George,2023-24,20,UTA,75,2023,10.4,-4.4,-1.2,-0.3,-0.008
Keyonte George,2024-25,21,UTA,67,2109,12.9,-2.7,-0.3,1.1,.024
Keyonte George,2025-26,22,UTA,54,1786,18.5,0.9,1.3,3.3,.088
Kyshawn George,2024-25,21,WAS,68,1802,8.8,-4.1,-0.9,0.1,.003
Kyshawn George,2025-26,22,WAS,48,1391,13.8,-1.2,0.3,0.6,.022
Paul George,2010-11,20,IND,61,1265,13.0,-0.1,0.6,2.4,.091
Paul George,2011-12,21,IND,66,1958,16.5,3.4,2.7,6.0,.148
Paul George,2012-13,22,IND,79,2972,16.8,3.8,4.4,9.0,.145
Paul George,2013-14,23,IND,80,2898,20.1,4.9,5.0,10.8,.178
Paul George,2014-15,24,IND,6,91,13.0,-2.2,0.0,0.0,-0.008
Paul George,2015-16,25,IND,81,2819,20.9,4.9,4.9,9.2,.157
Paul George,2016-17,26,IND,75,2689,20.2,3.1,3.4,7.1,.126
Paul George,2017-18,27,OKC,79,2891,18.7,2.9,3.6,8.9,.147
Paul George,2018-19,28,OKC,77,2841,23.3,7.2,6.6,11.9,.201
Paul George,2019-20,29,LAC,48,1419,21.1,4.9,2.5,4.8,.161
Paul George,2020-21,30,LAC,54,1821,20.5,4.2,2.9,5.3,.139
Paul George,2021-22,31,LAC,31,1077,18.6,3.7,1.6,1.3,.057
Paul George,2022-23,32,LAC,56,1939,19.6,2.8,2.3,4.6,.114
Paul George,2023-24,33,LAC,74,2502,19.3,3.2,3.3,7.3,.140
Paul George,2024-25,34,PHI,41,1334,14.5,-0.4,0.5,1.0,.036
Paul George,2025-26,35,PHI,37,1135,16.7,1.7,1.1,2.5,.108
Taj Gibson,2009-10,24,CHI,82,2204,13.8,-2.0,0.0,4.7,.103
Taj Gibson,2010-11,25,CHI,80,1742,14.3,-0.9,0.5,5.2,.143
Taj Gibson,2011-12,26,CHI,63,1284,16.9,0.8,0.9,4.5,.167
Taj Gibson,2012-13,27,CHI,65,1459,14.4,-1.1,0.3,3.3,.109
Taj Gibson,2013-14,28,CHI,82,2351,16.0,-1.0,0.6,5.7,.117
Taj Gibson,2014-15,29,CHI,62,1692,16.1,-0.4,0.7,4.8,.137
Taj Gibson,2015-16,30,CHI,73,1936,15.7,0.0,1.0,5.4,.133
Taj Gibson,2016-17,31,2TM,78,1989,15.0,-1.5,0.2,4.0,.097
Taj Gibson,2016-17,31,CHI,55,1502,15.4,-1.2,0.3,3.3,.104
Taj Gibson,2016-17,31,OKC,23,487,13.8,-2.5,-0.1,0.8,.076
Taj Gibson,2017-18,32,MIN,82,2726,15.4,-0.5,1.0,7.2,.126
Taj Gibson,2018-19,33,MIN,70,1686,17.8,-0.1,0.8,5.1,.144
Taj Gibson,2019-20,34,NYK,62,1025,16.1,-1.1,0.2,2.6,.120
Taj Gibson,2020-21,35,NYK,45,936,16.0,1.3,0.8,3.8,.195
Taj Gibson,2021-22,36,NYK,52,946,12.0,-2.0,0.0,2.7,.135
Taj Gibson,2022-23,37,WAS,49,480,11.4,-3.2,-0.1,0.8,.082
Taj Gibson,2023-24,38,2TM,20,204,5.9,-5.3,-0.2,0.2,.044
Taj Gibson,2023-24,38,NYK,16,165,3.2,-6.9,-0.2,0.1,.019
Taj Gibson,2023-24,38,DET,4,39,17.6,1.7,0.0,0.1,.149
Taj Gibson,2024-25,39,CHO,37,409,10.8,-5.3,-0.3,0.4,.043
Taj Gibson,2025-26,40,MEM,10,97,13.6,-3.5,0.0,0.3,.134
Josh Giddey,2021-22,19,OKC,54,1700,13.3,-0.9,0.5,0.4,.010
Josh Giddey,2022-23,20,OKC,76,2367,17.1,1.2,1.9,4.0,.081
Josh Giddey,2023-24,21,OKC,80,2011,16.6,1.5,1.8,4.3,.102
Josh Giddey,2024-25,22,CHI,70,2117,18.1,3.0,2.7,5.3,.121
Josh Giddey,2025-26,23,CHI,54,1731,18.0,2.7,2.0,3.2,.090
Keshon Gilbert,2025-26,22,2TM,4,74,8.5,-4.6,0.0,0.0,-0.005
Keshon Gilbert,2025-26,22,WAS,3,48,4.5,-6.6,-0.1,-0.1,-0.089
Keshon Gilbert,2025-26,22,ATL,1,26,15.9,-0.9,0.0,0.1,.150
Harry Giles,2017-18,,Did not play - injury,,,,,,,
Harry Giles,2018-19,20,SAC,58,820,14.4,-3.0,-0.2,1.0,.056
Harry Giles,2019-20,21,SAC,46,667,16.4,-1.3,0.1,1.6,.112
Harry Giles,2020-21,22,POR,38,348,12.4,-2.9,-0.1,0.5,.069
Harry Giles,2021-22,,Did not play - other pro league,,,,,,,
Harry Giles,2022-23,,Did not play - injury,,,,,,,
Harry Giles,2023-24,25,2TM,23,100,14.8,-4.8,-0.1,0.1,.027
Harry Giles,2023-24,25,BRK,16,81,18.5,-2.8,0.0,0.1,.071
Harry Giles,2023-24,25,LAL,7,19,-1.0,-12.9,-0.1,-0.1,-0.162
Shai Gilgeous-Alexander,2018-19,20,LAC,82,2174,13.4,-0.5,0.8,3.3,.074
Shai Gilgeous-Alexander,2019-20,21,OKC,70,2428,17.7,1.7,2.2,6.1,.121
Shai Gilgeous-Alexander,2020-21,22,OKC,35,1180,21.6,4.1,1.8,3.5,.143
Shai Gilgeous-Alexander,2021-22,23,OKC,56,1942,20.9,3.4,2.7,4.6,.113
Shai Gilgeous-Alexander,2022-23,24,OKC,68,2416,27.2,7.3,5.6,11.4,.226
Shai Gilgeous-Alexander,2023-24,25,OKC,75,2553,29.3,9.0,7.1,14.6,.275
Shai Gilgeous-Alexander,2024-25,26,OKC,76,2598,30.7,11.5,8.9,16.7,.309
Shai Gilgeous-Alexander,2025-26,27,OKC,68,2259,30.8,11.7,7.8,15.2,.323
Anthony Gill,2020-21,28,WAS,26,218,13.7,-1.3,0.0,0.6,.123
Anthony Gill,2021-22,29,WAS,44,463,14.7,-1.9,0.0,1.4,.140
Anthony Gill,2022-23,30,WAS,59,624,11.1,-3.3,-0.2,1.3,.101
Anthony Gill,2023-24,31,WAS,50,466,12.1,-4.1,-0.3,0.4,.038
Anthony Gill,2024-25,32,WAS,51,397,10.2,-4.5,-0.3,0.5,.058
Anthony Gill,2025-26,33,WAS,55,951,13.4,-2.6,-0.2,1.7,.087
Collin Gillespie,2023-24,24,DEN,24,225,11.0,-2.7,0.0,0.4,.076
Collin Gillespie,2024-25,25,PHO,33,461,16.8,2.5,0.5,1.3,.131
Collin Gillespie,2025-26,26,PHO,80,2282,15.3,2.5,2.6,6.2,.130
Jacob Gilyard,2022-23,24,MEM,1,41,7.3,-6.1,0.0,0.1,.079
Jacob Gilyard,2023-24,25,2TM,41,699,11.1,-1.4,0.1,1.4,.095
Jacob Gilyard,2023-24,25,MEM,37,654,11.6,-1.3,0.1,1.4,.103
Jacob Gilyard,2023-24,25,BRK,4,45,4.5,-2.2,0.0,0.0,-0.017
Rudy Gobert,2013-14,21,UTA,45,434,12.9,-2.7,-0.1,0.4,.045
Rudy Gobert,2014-15,22,UTA,82,2158,21.6,4.2,3.4,9.3,.206
Rudy Gobert,2015-16,23,UTA,61,1932,17.5,2.2,2.0,6.4,.160
Rudy Gobert,2016-17,24,UTA,81,2744,23.3,4.4,4.4,14.3,.250
Rudy Gobert,2017-18,25,UTA,56,1816,20.7,3.4,2.5,8.1,.214
Rudy Gobert,2018-19,26,UTA,81,2577,24.6,5.4,4.8,14.4,.268
Rudy Gobert,2019-20,27,UTA,68,2333,21.7,3.6,3.3,10.7,.221
Rudy Gobert,2020-21,28,UTA,71,2187,23.5,4.9,3.8,11.3,.248
Rudy Gobert,2021-22,29,UTA,66,2120,24.7,4.6,3.6,11.7,.264
Rudy Gobert,2022-23,30,MIN,70,2148,18.9,0.7,1.4,7.8,.174
Rudy Gobert,2023-24,31,MIN,76,2593,19.3,1.8,2.5,11.6,.216
Rudy Gobert,2024-25,32,MIN,72,2389,18.3,1.9,2.4,10.1,.204
Rudy Gobert,2025-26,33,MIN,76,2380,17.5,1.0,1.8,8.7,.176
Vladislav Goldin,2025-26,24,MIA,9,24,14.7,-0.5,0.0,0.1,.121
Hugo González,2025-26,19,BOS,74,1084,10.2,-1.5,0.1,2.2,.099
Jordan Goodwin,2021-22,23,WAS,2,6,-20.4,-34.1,0.0,-0.1,-0.533
Jordan Goodwin,2022-23,24,WAS,62,1106,14.8,0.7,0.8,2.2,.097
Jordan Goodwin,2023-24,25,2TM,57,1055,12.6,-1.0,0.3,1.2,.054
Jordan Goodwin,2023-24,25,PHO,40,558,12.5,-0.9,0.2,0.8,.072
Jordan Goodwin,2023-24,25,MEM,17,497,12.7,-1.2,0.1,0.4,.035
Jordan Goodwin,2024-25,26,LAL,29,543,12.1,-0.8,0.2,1.0,.084
Jordan Goodwin,2025-26,27,PHO,70,1572,14.7,1.8,1.5,3.9,.118
Aaron Gordon,2014-15,19,ORL,47,797,11.4,-2.7,-0.2,1.0,.060
Aaron Gordon,2015-16,20,ORL,78,1863,17.0,1.0,1.4,5.4,.139
Aaron Gordon,2016-17,21,ORL,80,2298,14.5,-1.0,0.6,3.7,.077
Aaron Gordon,2017-18,22,ORL,58,1909,16.5,0.3,1.1,2.9,.072
Aaron Gordon,2018-19,23,ORL,78,2633,15.1,0.6,1.7,5.1,.093
Aaron Gordon,2019-20,24,ORL,62,2017,15.1,0.0,1.0,3.7,.087
Aaron Gordon,2020-21,25,2TM,50,1384,14.5,0.1,0.7,1.9,.066
Aaron Gordon,2020-21,25,ORL,25,736,14.9,0.6,0.5,0.6,.037
Aaron Gordon,2020-21,25,DEN,25,648,14.1,-0.4,0.3,1.3,.099
Aaron Gordon,2021-22,26,DEN,75,2376,15.3,-0.6,0.9,5.2,.105
Aaron Gordon,2022-23,27,DEN,68,2055,19.5,2.1,2.1,6.8,.158
Aaron Gordon,2023-24,28,DEN,73,2297,16.8,1.3,1.9,7.1,.148
Aaron Gordon,2024-25,29,DEN,51,1447,17.0,1.2,1.2,4.3,.143
Aaron Gordon,2025-26,30,DEN,36,1005,18.5,1.7,0.9,3.2,.153
Eric Gordon,2008-09,20,LAC,78,2677,14.9,-0.4,1.0,4.6,.082
Eric Gordon,2009-10,21,LAC,62,2229,14.1,-0.9,0.6,3.2,.069
Eric Gordon,2010-11,22,LAC,56,2112,18.5,2.0,2.2,5.3,.120
Eric Gordon,2011-12,23,NOH,9,310,19.2,1.9,0.3,0.7,.115
Eric Gordon,2012-13,24,NOH,42,1264,15.4,-1.3,0.2,1.1,.042
Eric Gordon,2013-14,25,NOP,64,2057,14.9,-0.5,0.8,2.5,.058
Eric Gordon,2014-15,26,NOP,61,2018,12.7,-1.0,0.5,2.9,.069
Eric Gordon,2015-16,27,NOP,45,1481,13.5,-0.1,0.7,2.1,.069
Eric Gordon,2016-17,28,HOU,75,2323,13.2,-0.1,1.1,3.8,.079
Eric Gordon,2017-18,29,HOU,69,2154,15.2,0.4,1.3,4.7,.105
Eric Gordon,2018-19,30,HOU,68,2158,12.2,-1.3,0.4,2.6,.059
Eric Gordon,2019-20,31,HOU,36,1016,10.3,-3.9,-0.5,0.5,.024
Eric Gordon,2020-21,32,HOU,27,789,14.4,-1.0,0.2,0.8,.048
Eric Gordon,2021-22,33,HOU,57,1670,12.1,-2.3,-0.1,1.4,.040
Eric Gordon,2022-23,34,2TM,69,1965,11.8,-1.9,0.1,2.3,.056
Eric Gordon,2022-23,34,HOU,47,1418,11.4,-2.6,-0.2,1.1,.037
Eric Gordon,2022-23,34,LAC,22,547,13.1,0.0,0.3,1.2,.105
Eric Gordon,2023-24,35,PHO,68,1893,10.8,-1.7,0.1,2.5,.063
Eric Gordon,2024-25,36,PHI,39,768,10.8,-1.6,0.1,0.9,.053
Eric Gordon,2025-26,37,PHI,6,74,14.4,2.4,0.1,0.2,.116
Jazian Gortman,2024-25,21,DAL,16,57,6.5,-6.3,-0.1,-0.1,-0.056
Devonte' Graham,2018-19,23,CHO,46,676,10.3,-4.0,-0.3,0.5,.035
Devonte' Graham,2019-20,24,CHO,63,2211,15.8,0.5,1.4,3.4,.073
Devonte' Graham,2020-21,25,CHO,55,1659,14.6,0.7,1.1,3.4,.099
Devonte' Graham,2021-22,26,NOP,76,2162,12.1,-1.0,0.5,2.8,.062
Devonte' Graham,2022-23,27,2TM,73,1338,12.5,-0.1,0.6,2.5,.091
Devonte' Graham,2022-23,27,NOP,53,811,11.8,0.2,0.4,1.8,.105
Devonte' Graham,2022-23,27,SAS,20,527,13.6,-0.4,0.2,0.8,.069
Devonte' Graham,2023-24,28,SAS,23,313,9.4,-3.9,-0.1,0.1,.018
Jerami Grant,2014-15,20,PHI,65,1377,8.7,-3.3,-0.5,0.5,.019
Jerami Grant,2015-16,21,PHI,77,2066,12.6,-1.7,0.1,2.1,.050
Jerami Grant,2016-17,22,2TM,80,1531,10.1,-1.3,0.3,2.9,.091
Jerami Grant,2016-17,22,PHI,2,41,3.0,-8.3,-0.1,-0.1,-0.144
Jerami Grant,2016-17,22,OKC,78,1490,10.3,-1.1,0.4,3.0,.098
Jerami Grant,2017-18,23,OKC,81,1647,16.2,0.3,1.0,5.4,.156
Jerami Grant,2018-19,24,OKC,80,2612,13.8,0.2,1.5,7.3,.134
Jerami Grant,2019-20,25,DEN,71,1892,14.4,-0.5,0.7,4.4,.111
Jerami Grant,2020-21,26,DET,54,1829,16.9,1.1,1.4,3.2,.083
Jerami Grant,2021-22,27,DET,47,1500,16.1,1.2,1.2,2.3,.075
Jerami Grant,2022-23,28,POR,63,2246,16.0,-0.2,1.0,4.1,.087
Jerami Grant,2023-24,29,POR,54,1830,15.4,-0.1,0.9,2.7,.071
Jerami Grant,2024-25,30,POR,47,1524,10.9,-1.6,0.1,1.8,.057
Jerami Grant,2025-26,31,POR,57,1695,15.4,0.0,0.9,4.0,.114
Hayden Gray,2025-26,22,UTA,1,25,9.4,-5.3,0.0,0.0,.044
RaiQuan Gray,2021-22,,Did not play - other pro league,,,,,,,
RaiQuan Gray,2022-23,23,BRK,1,35,15.5,-2.0,0.0,0.1,.106
RaiQuan Gray,2023-24,24,SAS,3,39,22.7,7.4,0.1,0.2,.187
A.J. Green,2022-23,23,MIL,35,345,11.5,-0.9,0.1,0.8,.111
A.J. Green,2023-24,24,MIL,56,614,10.5,-2.1,0.0,1.1,.084
A.J. Green,2024-25,25,MIL,73,1659,9.2,-2.2,-0.1,2.8,.082
A.J. Green,2025-26,26,MIL,78,2270,9.4,-3.3,-0.8,2.4,.050
Danny Green,2009-10,22,CLE,20,115,12.3,-0.2,0.1,0.2,.083
Danny Green,2010-11,23,SAS,8,92,13.2,-0.6,0.0,0.1,.076
Danny Green,2011-12,24,SAS,66,1522,15.5,3.0,1.9,4.5,.142
Danny Green,2012-13,25,SAS,80,2201,14.1,2.8,2.7,5.9,.128
Danny Green,2013-14,26,SAS,68,1651,13.9,3.2,2.2,4.2,.122
Danny Green,2014-15,27,SAS,81,2312,16.5,4.6,3.8,7.8,.163
Danny Green,2015-16,28,SAS,79,2062,10.5,1.1,1.6,4.2,.099
Danny Green,2016-17,29,SAS,68,1807,10.1,0.8,1.3,3.4,.090
Danny Green,2017-18,30,SAS,70,1791,11.3,0.4,1.1,2.9,.078
Danny Green,2018-19,31,TOR,80,2216,13.0,2.0,2.2,5.9,.128
Danny Green,2019-20,32,LAL,68,1687,10.8,0.5,1.1,3.4,.096
Danny Green,2020-21,33,PHI,69,1934,12.1,1.9,1.9,4.6,.115
Danny Green,2021-22,34,PHI,62,1353,9.5,-0.5,0.5,1.9,.067
Danny Green,2022-23,35,2TM,11,138,10.8,-1.9,0.0,0.2,.059
Danny Green,2022-23,35,MEM,3,43,-0.2,-8.8,-0.1,-0.1,-0.061
Danny Green,2022-23,35,CLE,8,95,15.8,1.2,0.1,0.2,.114
Danny Green,2023-24,36,PHI,2,18,0.7,-6.6,0.0,0.0,-0.035
Draymond Green,2012-13,22,GSW,79,1061,7.1,-3.6,-0.4,0.6,.028
Draymond Green,2013-14,23,GSW,82,1797,12.7,1.9,1.8,4.5,.119
Draymond Green,2014-15,24,GSW,79,2490,16.4,3.5,3.5,8.5,.163
Draymond Green,2015-16,25,GSW,81,2808,19.3,5.5,5.3,11.1,.190
Draymond Green,2016-17,26,GSW,76,2471,16.5,4.9,4.3,8.2,.160
Draymond Green,2017-18,27,GSW,70,2287,16.1,2.8,2.8,6.1,.127
Draymond Green,2018-19,28,GSW,66,2065,12.9,1.4,1.8,4.3,.100
Draymond Green,2019-20,29,GSW,43,1222,12.5,-0.2,0.5,1.1,.044
Draymond Green,2020-21,30,GSW,63,1982,13.3,1.7,1.9,4.6,.112
Draymond Green,2021-22,31,GSW,46,1329,14.3,3.2,1.8,3.6,.131
Draymond Green,2022-23,32,GSW,73,2297,12.2,0.8,1.6,4.7,.098
Draymond Green,2023-24,33,GSW,55,1490,14.5,2.4,1.6,3.6,.116
Draymond Green,2024-25,34,GSW,68,1983,12.4,0.5,1.3,3.7,.088
Draymond Green,2025-26,35,GSW,68,1869,10.4,-1.4,0.3,1.7,.044
Jalen Green,2021-22,19,HOU,67,2138,12.5,-2.9,-0.5,0.7,.015
Jalen Green,2022-23,20,HOU,76,2602,14.5,-2.1,0.0,1.8,.034
Jalen Green,2023-24,21,HOU,82,2601,14.7,-0.5,1.0,3.1,.056
Jalen Green,2024-25,22,HOU,82,2697,15.1,0.5,1.7,5.1,.092
Jalen Green,2025-26,23,PHO,32,828,14.8,-1.1,0.2,0.3,.019
JaMychal Green,2014-15,24,2TM,24,164,14.9,-1.3,0.0,0.4,.119
JaMychal Green,2014-15,24,SAS,4,25,9.9,-4.2,0.0,0.0,.071
JaMychal Green,2014-15,24,MEM,20,139,15.8,-0.7,0.0,0.4,.127
JaMychal Green,2015-16,25,MEM,78,1446,14.6,-2.5,-0.2,2.6,.086
JaMychal Green,2016-17,26,MEM,77,2101,13.5,-0.8,0.6,5.8,.132
JaMychal Green,2017-18,27,MEM,55,1542,14.0,-2.3,-0.1,2.6,.079
JaMychal Green,2018-19,28,2TM,65,1371,14.7,-1.7,0.1,2.9,.101
JaMychal Green,2018-19,28,MEM,41,900,14.9,-1.8,0.1,1.8,.094
JaMychal Green,2018-19,28,LAC,24,471,14.3,-1.5,0.1,1.1,.113
JaMychal Green,2019-20,29,LAC,63,1307,11.1,-0.5,0.5,3.1,.115
JaMychal Green,2020-21,30,DEN,58,1120,13.6,-1.5,0.1,2.6,.110
JaMychal Green,2021-22,31,DEN,67,1085,14.1,-1.8,0.0,2.7,.118
JaMychal Green,2022-23,32,GSW,57,797,15.5,-0.5,0.3,2.2,.133
JaMychal Green,2023-24,,Did not play - unsigned,,,,,,,
Javonte Green,2019-20,26,BOS,48,468,13.1,-0.7,0.2,1.1,.113
Javonte Green,2020-21,27,2TM,41,473,12.1,-0.5,0.2,1.1,.107
Javonte Green,2020-21,27,BOS,25,345,11.8,-0.5,0.1,0.8,.105
Javonte Green,2020-21,27,CHI,16,128,13.1,-0.6,0.0,0.3,.114
Javonte Green,2021-22,28,CHI,65,1519,14.0,0.1,0.8,4.4,.139
Javonte Green,2022-23,29,CHI,32,480,14.5,1.4,0.4,1.4,.142
Javonte Green,2023-24,30,CHI,9,230,20.2,2.0,0.2,0.9,.180
Javonte Green,2024-25,31,2TM,68,1258,10.7,-2.3,-0.1,1.6,.063
Javonte Green,2024-25,31,NOP,50,1092,10.8,-2.2,0.0,1.4,.063
Javonte Green,2024-25,31,CLE,18,166,10.2,-3.1,0.0,0.2,.063
Javonte Green,2025-26,32,DET,82,1446,14.1,2.1,1.5,4.7,.156
Jeff Green,2007-08,21,SEA,80,2253,9.8,-4.1,-1.2,0.2,.003
Jeff Green,2008-09,22,OKC,78,2873,13.9,-1.2,0.6,4.2,.070
Jeff Green,2009-10,23,OKC,82,3043,13.8,0.2,1.7,6.6,.105
Jeff Green,2010-11,24,2TM,75,2427,12.9,-1.1,0.5,4.8,.095
Jeff Green,2010-11,24,OKC,49,1815,12.9,-1.2,0.3,3.3,.087
Jeff Green,2010-11,24,BOS,26,612,12.9,-0.7,0.2,1.5,.118
Jeff Green,2011-12,,Did not play - illness,,,,,,,
Jeff Green,2012-13,26,BOS,81,2252,15.0,-0.3,1.0,4.7,.099
Jeff Green,2013-14,27,BOS,82,2805,13.1,-1.5,0.3,3.3,.057
Jeff Green,2014-15,28,2TM,78,2454,14.4,-0.2,1.2,5.2,.101
Jeff Green,2014-15,28,BOS,33,1093,14.6,-1.1,0.3,2.0,.089
Jeff Green,2014-15,28,MEM,45,1361,14.2,0.6,0.9,3.1,.111
Jeff Green,2015-16,29,2TM,80,2253,13.0,-1.8,0.1,3.1,.065
Jeff Green,2015-16,29,MEM,53,1544,13.4,-1.4,0.2,2.2,.067
Jeff Green,2015-16,29,LAC,27,709,12.0,-2.5,-0.1,0.9,.061
Jeff Green,2016-17,30,ORL,69,1534,10.5,-3.6,-0.6,0.7,.022
Jeff Green,2017-18,31,CLE,78,1828,14.8,-1.8,0.1,3.9,.103
Jeff Green,2018-19,32,WAS,77,2097,13.6,-1.4,0.3,3.6,.083
Jeff Green,2019-20,33,2TM,48,960,13.7,-0.1,0.5,2.1,.104
Jeff Green,2019-20,33,UTA,30,553,10.0,-2.1,0.0,0.5,.046
Jeff Green,2019-20,33,HOU,18,407,18.6,2.6,0.5,1.5,.183
Jeff Green,2020-21,34,BRK,68,1835,13.0,-0.8,0.5,4.1,.107
Jeff Green,2021-22,35,DEN,75,1849,12.5,-2.5,-0.2,3.9,.101
Jeff Green,2022-23,36,DEN,56,1091,11.0,-3.4,-0.4,1.7,.074
Jeff Green,2023-24,37,HOU,78,1307,11.3,-2.1,0.0,2.6,.095
Jeff Green,2024-25,38,HOU,32,396,13.6,0.4,0.2,1.3,.159
Jeff Green,2025-26,39,HOU,30,175,8.5,-5.6,-0.2,0.2,.054
Josh Green,2020-21,20,DAL,39,445,8.8,-3.6,-0.2,0.5,.050
Josh Green,2021-22,21,DAL,67,1039,11.9,-1.0,0.3,2.4,.111
Josh Green,2022-23,22,DAL,60,1539,11.2,-2.4,-0.2,2.6,.082
Josh Green,2023-24,23,DAL,57,1505,9.9,-2.7,-0.3,2.2,.071
Josh Green,2024-25,24,CHO,68,1887,7.8,-4.3,-1.1,1.5,.037
Josh Green,2025-26,25,CHO,58,908,9.7,-0.7,0.3,1.9,.099
AJ Griffin,2022-23,19,ATL,72,1401,12.6,-0.8,0.4,2.2,.075
AJ Griffin,2023-24,20,ATL,20,171,1.2,-9.6,-0.3,-0.4,-0.120
Quentin Grimes,2021-22,21,NYK,46,786,10.7,-0.3,0.3,1.4,.087
Quentin Grimes,2022-23,22,NYK,71,2121,11.7,-0.1,1.0,4.8,.108
Quentin Grimes,2023-24,23,2TM,51,1025,8.9,-2.2,-0.1,1.3,.060
Quentin Grimes,2023-24,23,NYK,45,910,9.5,-1.5,0.1,1.5,.081
Quentin Grimes,2023-24,23,DET,6,115,3.9,-8.1,-0.2,-0.3,-0.109
Quentin Grimes,2024-25,24,2TM,75,2013,15.9,0.4,1.2,3.4,.081
Quentin Grimes,2024-25,24,DAL,47,1070,13.3,-0.3,0.5,1.7,.078
Quentin Grimes,2024-25,24,PHI,28,943,18.8,1.2,0.8,1.6,.083
Quentin Grimes,2025-26,25,PHI,75,2206,12.9,-1.6,0.2,3.6,.078
Mouhamadou Gueye,2023-24,25,TOR,11,120,4.6,-11.9,-0.3,-0.4,-0.147
Mouhamadou Gueye,2025-26,27,CHI,2,45,12.8,-3.9,0.0,0.1,.086
Mouhamed Gueye,2023-24,21,ATL,6,73,15.0,-1.5,0.0,0.2,.127
Mouhamed Gueye,2024-25,22,ATL,33,533,14.4,-0.6,0.2,1.2,.106
Mouhamed Gueye,2025-26,23,ATL,77,1179,12.0,-1.3,0.2,2.7,.110
Rui Hachimura,2019-20,21,WAS,48,1444,13.5,-3.2,-0.4,1.8,.060
Rui Hachimura,2020-21,22,WAS,57,1797,11.4,-3.1,-0.5,2.1,.056
Rui Hachimura,2021-22,23,WAS,42,943,14.9,-1.4,0.1,1.4,.073
Rui Hachimura,2022-23,24,2TM,63,1466,13.2,-2.2,-0.1,1.8,.060
Rui Hachimura,2022-23,24,WAS,30,728,13.6,-2.6,-0.1,0.6,.038
Rui Hachimura,2022-23,24,LAL,33,738,12.7,-1.9,0.0,1.2,.081
Rui Hachimura,2023-24,25,LAL,68,1826,15.0,-0.9,0.5,4.1,.108
Rui Hachimura,2024-25,26,LAL,59,1869,13.6,-0.7,0.6,4.3,.110
Rui Hachimura,2025-26,27,LAL,68,1927,11.6,-2.2,-0.1,3.2,.080
Ashton Hagans,2020-21,21,MIN,2,4,-12.4,-21.1,0.0,0.0,-0.353
Ashton Hagans,2021-22,,Did not play - other pro league,,,,,,,
Ashton Hagans,2022-23,,Did not play - other pro league,,,,,,,
Ashton Hagans,2023-24,24,POR,19,316,8.5,-3.5,-0.1,0.0,.006
Tyrese Haliburton,2020-21,20,SAC,58,1746,16.2,1.4,1.5,3.5,.096
Tyrese Haliburton,2021-22,21,2TM,77,2695,18.2,2.6,3.1,7.0,.125
Tyrese Haliburton,2021-22,21,SAC,51,1757,17.0,2.6,2.0,4.0,.109
Tyrese Haliburton,2021-22,21,IND,26,938,20.5,2.8,1.1,3.0,.156
Tyrese Haliburton,2022-23,22,IND,56,1883,23.6,7.2,4.4,7.6,.195
Tyrese Haliburton,2023-24,23,IND,69,2224,23.3,6.9,5.0,9.0,.195
Tyrese Haliburton,2024-25,24,IND,73,2451,21.8,5.8,4.9,10.4,.204
Jordan Hall,2022-23,21,SAS,9,83,5.5,-7.6,-0.1,-0.1,-0.077
Jordan Hall,2023-24,,Did not play - other pro league,,,,,,,
PJ Hall,2024-25,22,DEN,19,66,18.3,-1.3,0.0,0.2,.168
PJ Hall,2025-26,23,2TM,19,214,15.9,-2.3,0.0,0.6,.125
PJ Hall,2025-26,23,MEM,7,27,18.9,1.8,0.0,0.1,.151
PJ Hall,2025-26,23,CHO,12,187,15.4,-2.9,0.0,0.5,.121
R.J. Hampton,2020-21,19,2TM,51,888,11.1,-3.8,-0.4,0.4,.021
R.J. Hampton,2020-21,19,DEN,25,233,7.7,-5.3,-0.2,0.1,.030
R.J. Hampton,2020-21,19,ORL,26,655,12.3,-3.3,-0.2,0.2,.018
R.J. Hampton,2021-22,20,ORL,64,1402,8.5,-4.1,-0.7,-0.2,-0.005
R.J. Hampton,2022-23,21,2TM,47,750,10.8,-2.9,-0.2,0.7,.042
R.J. Hampton,2022-23,21,ORL,26,361,12.5,-1.2,0.1,0.6,.077
R.J. Hampton,2022-23,21,DET,21,389,9.3,-4.4,-0.2,0.1,.010
R.J. Hampton,2023-24,22,MIA,8,76,0.9,-9.5,-0.1,-0.1,-0.038
Yang Hansen,2025-26,20,POR,43,300,3.7,-9.5,-0.6,-0.5,-0.075
Tim Hardaway Jr.,2013-14,21,NYK,81,1875,12.7,-1.8,0.1,3.1,.080
Tim Hardaway Jr.,2014-15,22,NYK,70,1681,12.1,-2.8,-0.3,0.8,.023
Tim Hardaway Jr.,2015-16,23,ATL,51,864,11.7,-0.9,0.2,1.9,.105
Tim Hardaway Jr.,2016-17,24,ATL,79,2154,15.2,0.5,1.4,4.8,.107
Tim Hardaway Jr.,2017-18,25,NYK,57,1885,14.4,-0.6,0.7,2.6,.067
Tim Hardaway Jr.,2018-19,26,2TM,65,2057,13.6,-2.0,0.0,1.8,.043
Tim Hardaway Jr.,2018-19,26,NYK,46,1499,14.4,-1.6,0.2,1.5,.048
Tim Hardaway Jr.,2018-19,26,DAL,19,558,11.6,-3.2,-0.2,0.4,.030
Tim Hardaway Jr.,2019-20,27,DAL,71,2091,14.5,-0.1,1.0,4.4,.102
Tim Hardaway Jr.,2020-21,28,DAL,70,1985,15.7,0.4,1.2,4.3,.105
Tim Hardaway Jr.,2021-22,29,DAL,42,1245,12.7,-0.2,0.6,2.0,.077
Tim Hardaway Jr.,2022-23,30,DAL,71,2152,12.1,-1.8,0.1,2.3,.051
Tim Hardaway Jr.,2023-24,31,DAL,79,2120,12.1,-2.9,-0.5,2.2,.050
Tim Hardaway Jr.,2024-25,32,DET,77,2153,9.8,-2.1,0.0,3.5,.077
Tim Hardaway Jr.,2025-26,33,DEN,80,2127,13.5,-0.7,0.7,4.4,.100
James Harden,2009-10,20,OKC,76,1738,14.0,0.5,1.1,4.5,.124
James Harden,2010-11,21,OKC,82,2189,16.4,1.9,2.2,7.1,.156
James Harden,2011-12,22,OKC,62,1946,21.1,4.3,3.1,9.3,.230
James Harden,2012-13,23,HOU,78,2985,22.9,5.6,5.8,12.8,.206
James Harden,2013-14,24,HOU,73,2777,23.5,5.6,5.3,12.8,.221
James Harden,2014-15,25,HOU,81,2981,26.7,8.8,8.1,16.4,.265
James Harden,2015-16,26,HOU,82,3125,25.3,6.6,6.8,13.3,.204
James Harden,2016-17,27,HOU,81,2947,27.4,8.7,8.0,15.0,.245
James Harden,2017-18,28,HOU,72,2551,29.8,9.9,7.7,15.4,.289
James Harden,2018-19,29,HOU,78,2867,30.6,11.0,9.3,15.2,.254
James Harden,2019-20,30,HOU,68,2483,29.1,9.6,7.3,13.1,.254
James Harden,2020-21,31,2TM,44,1609,24.5,7.2,3.7,7.0,.208
James Harden,2020-21,31,HOU,8,290,22.4,4.8,0.5,1.0,.159
James Harden,2020-21,31,BRK,36,1319,25.0,7.7,3.2,6.0,.219
James Harden,2021-22,32,2TM,65,2419,20.9,4.0,3.7,7.6,.152
James Harden,2021-22,32,BRK,44,1627,20.4,4.1,2.5,4.4,.130
James Harden,2021-22,32,PHI,21,792,21.8,3.8,1.2,3.3,.197
James Harden,2022-23,33,PHI,58,2135,21.6,5.4,4.0,8.4,.188
James Harden,2023-24,34,LAC,72,2470,18.6,4.1,3.8,8.4,.163
James Harden,2024-25,35,LAC,79,2789,20.0,4.3,4.4,8.3,.143
James Harden,2025-26,36,2TM,70,2438,20.7,3.9,3.6,7.7,.151
James Harden,2025-26,36,LAC,44,1559,21.7,3.8,2.3,4.8,.148
James Harden,2025-26,36,CLE,26,879,18.9,4.0,1.3,2.9,.158
Jaden Hardy,2022-23,20,DAL,48,708,14.6,-2.3,0.0,0.7,.048
Jaden Hardy,2023-24,21,DAL,73,989,11.2,-4.1,-0.5,0.3,.014
Jaden Hardy,2024-25,22,DAL,57,907,10.4,-4.7,-0.6,-0.3,-0.016
Jaden Hardy,2025-26,23,2TM,57,898,10.9,-4.8,-0.6,-0.2,-0.010
Jaden Hardy,2025-26,23,DAL,34,428,10.6,-3.8,-0.2,0.1,.012
Jaden Hardy,2025-26,23,WAS,23,470,11.1,-5.7,-0.4,-0.3,-0.030
Elijah Harkless,2024-25,24,UTA,10,138,7.8,-3.8,-0.1,0.1,.023
Elijah Harkless,2025-26,25,UTA,26,545,9.1,-5.6,-0.5,0.1,.005
Dylan Harper,2025-26,19,SAS,69,1558,16.2,1.4,1.3,4.2,.130
Ron Harper Jr.,2022-23,22,TOR,9,48,15.7,1.2,0.0,0.2,.158
Ron Harper Jr.,2023-24,23,TOR,1,4,0.0,-8.8,0.0,0.0,.087
Ron Harper Jr.,2024-25,24,DET,1,17,7.9,-14.7,0.0,0.0,-0.060
Ron Harper Jr.,2025-26,25,BOS,29,318,13.1,1.1,0.3,0.8,.119
Montrezl Harrell,2015-16,22,HOU,39,379,14.6,-0.6,0.1,0.9,.118
Montrezl Harrell,2016-17,23,HOU,58,1064,19.2,1.0,0.8,4.1,.183
Montrezl Harrell,2017-18,24,LAC,76,1293,24.7,3.3,1.7,5.5,.205
Montrezl Harrell,2018-19,25,LAC,82,2158,23.4,3.3,2.9,8.7,.193
Montrezl Harrell,2019-20,26,LAC,63,1749,23.2,2.9,2.2,7.0,.191
Montrezl Harrell,2020-21,27,LAL,69,1580,22.7,3.0,2.0,7.3,.221
Montrezl Harrell,2021-22,28,2TM,71,1641,23.2,3.9,2.4,7.3,.213
Montrezl Harrell,2021-22,28,WAS,46,1117,23.9,4.8,1.9,5.1,.218
Montrezl Harrell,2021-22,28,CHO,25,524,21.7,1.8,0.5,2.2,.203
Montrezl Harrell,2022-23,29,PHI,57,681,17.6,-1.3,0.1,2.2,.153
Montrezl Harrell,2023-24,,Did not play - injury,,,,,,,
Gary Harris,2014-15,20,DEN,55,719,4.9,-5.3,-0.6,-0.7,-0.046
Gary Harris,2015-16,21,DEN,76,2439,12.7,-0.9,0.7,4.0,.079
Gary Harris,2016-17,22,DEN,57,1782,16.5,0.7,1.2,4.6,.124
Gary Harris,2017-18,23,DEN,67,2304,16.5,0.8,1.7,5.5,.114
Gary Harris,2018-19,24,DEN,57,1639,12.2,-1.6,0.2,2.6,.076
Gary Harris,2019-20,25,DEN,56,1780,9.7,-2.5,-0.2,1.9,.052
Gary Harris,2020-21,26,2TM,39,1080,9.1,-4.2,-0.6,0.7,.033
Gary Harris,2020-21,26,DEN,19,581,9.3,-2.8,-0.1,0.8,.065
Gary Harris,2020-21,26,ORL,20,499,9.0,-5.8,-0.5,0.0,-0.005
Gary Harris,2021-22,27,ORL,61,1730,10.9,-2.4,-0.2,2.2,.060
Gary Harris,2022-23,28,ORL,48,1184,10.5,-0.7,0.4,2.3,.095
Gary Harris,2023-24,29,ORL,54,1297,9.4,-1.2,0.3,2.7,.099
Gary Harris,2024-25,30,ORL,48,711,6.9,-2.7,-0.1,1.0,.067
Gary Harris,2025-26,31,MIL,48,661,8.0,-2.5,-0.1,0.7,.054
Joe Harris,2014-15,23,CLE,51,493,5.6,-5.6,-0.4,0.2,.018
Joe Harris,2015-16,24,CLE,5,15,3.4,-5.9,0.0,0.0,-0.032
Joe Harris,2016-17,25,BRK,52,1138,9.0,-3.5,-0.4,0.8,.032
Joe Harris,2017-18,26,BRK,78,1975,13.3,0.1,1.0,4.0,.097
Joe Harris,2018-19,27,BRK,76,2293,13.5,0.5,1.4,5.5,.116
Joe Harris,2019-20,28,BRK,69,2123,13.3,-0.2,1.0,4.3,.097
Joe Harris,2020-21,29,BRK,69,2141,14.1,0.4,1.3,5.2,.117
Joe Harris,2021-22,30,BRK,14,423,9.6,-1.4,0.1,0.5,.060
Joe Harris,2022-23,31,BRK,74,1527,10.6,-1.1,0.3,2.6,.083
Joe Harris,2023-24,32,DET,16,170,4.6,-5.9,-0.2,0.0,.001
Kevon Harris,2022-23,25,ORL,34,457,9.2,-3.6,-0.2,0.6,.065
Kevon Harris,2023-24,26,ORL,2,6,11.1,-15.8,0.0,0.0,.038
Tobias Harris,2011-12,19,MIL,42,479,14.2,-1.9,0.0,0.9,.087
Tobias Harris,2012-13,20,2TM,55,1299,16.0,-0.5,0.5,2.4,.089
Tobias Harris,2012-13,20,MIL,28,325,13.0,-2.1,0.0,0.5,.080
Tobias Harris,2012-13,20,ORL,27,974,17.0,0.0,0.5,1.9,.092
Tobias Harris,2013-14,21,ORL,61,1850,16.5,-0.7,0.6,4.1,.107
Tobias Harris,2014-15,22,ORL,68,2369,16.7,0.5,1.5,4.8,.098
Tobias Harris,2015-16,23,2TM,76,2513,16.2,1.5,2.2,6.6,.126
Tobias Harris,2015-16,23,ORL,49,1610,15.0,0.6,1.0,3.3,.099
Tobias Harris,2015-16,23,DET,27,903,18.2,3.1,1.2,3.3,.174
Tobias Harris,2016-17,24,DET,82,2567,16.9,1.6,2.3,6.8,.128
Tobias Harris,2017-18,25,2TM,80,2668,17.1,1.9,2.6,6.7,.120
Tobias Harris,2017-18,25,DET,48,1563,16.7,1.7,1.5,4.1,.125
Tobias Harris,2017-18,25,LAC,32,1105,17.7,2.1,1.2,2.6,.112
Tobias Harris,2018-19,26,2TM,82,2847,17.2,1.6,2.6,7.1,.120
Tobias Harris,2018-19,26,LAC,55,1903,18.2,2.4,2.1,5.0,.127
Tobias Harris,2018-19,26,PHI,27,944,15.3,-0.1,0.5,2.1,.105
Tobias Harris,2019-20,27,PHI,72,2469,17.2,0.8,1.8,6.2,.121
Tobias Harris,2020-21,28,PHI,62,2014,20.0,3.7,2.9,7.1,.170
Tobias Harris,2021-22,29,PHI,73,2543,15.9,0.0,1.3,5.6,.105
Tobias Harris,2022-23,30,PHI,74,2436,14.8,0.7,1.7,5.9,.116
Tobias Harris,2023-24,31,PHI,70,2368,16.5,0.9,1.7,5.9,.121
Tobias Harris,2024-25,32,DET,73,2306,13.9,0.1,1.2,5.2,.108
Tobias Harris,2025-26,33,DET,63,1746,15.0,1.4,1.5,5.3,.145
Shaquille Harrison,2017-18,24,PHO,23,384,15.6,-0.7,0.1,0.8,.094
Shaquille Harrison,2018-19,25,CHI,73,1430,12.4,-1.3,0.2,1.4,.048
Shaquille Harrison,2019-20,26,CHI,43,484,17.8,2.8,0.6,1.5,.153
Shaquille Harrison,2020-21,27,2TM,34,333,6.8,-4.1,-0.2,0.2,.030
Shaquille Harrison,2020-21,27,UTA,17,56,6.5,-6.7,-0.1,0.0,-0.033
Shaquille Harrison,2020-21,27,DEN,17,277,6.9,-3.6,-0.1,0.2,.042
Shaquille Harrison,2021-22,28,BRK,2,23,4.6,-8.3,0.0,0.0,-0.067
Shaquille Harrison,2022-23,29,POR,5,120,17.9,0.1,0.1,0.3,.137
Shaquille Harrison,2023-24,30,MEM,3,6,15.9,4.6,0.0,0.0,.090
Josh Hart,2017-18,22,LAL,63,1461,12.2,-0.1,0.7,3.4,.111
Josh Hart,2018-19,23,LAL,67,1715,9.3,-1.3,0.3,2.1,.059
Josh Hart,2019-20,24,NOP,65,1755,11.9,-0.7,0.6,3.1,.085
Josh Hart,2020-21,25,NOP,47,1349,12.2,-0.8,0.4,2.7,.097
Josh Hart,2021-22,26,2TM,54,1791,16.1,0.9,1.3,4.4,.117
Josh Hart,2021-22,26,NOP,41,1374,15.2,0.7,0.9,3.4,.119
Josh Hart,2021-22,26,POR,13,417,19.4,1.8,0.4,1.0,.112
Josh Hart,2022-23,27,2TM,76,2454,14.1,0.9,1.8,6.0,.118
Josh Hart,2022-23,27,POR,51,1704,12.7,-0.2,0.8,3.2,.091
Josh Hart,2022-23,27,NYK,25,750,17.1,3.4,1.0,2.8,.179
Josh Hart,2023-24,28,NYK,81,2707,11.8,0.0,1.4,5.7,.100
Josh Hart,2024-25,29,NYK,77,2897,16.5,2.8,3.6,9.2,.153
Josh Hart,2025-26,30,NYK,66,1994,15.7,3.0,2.5,6.1,.147
Isaiah Hartenstein,2018-19,20,HOU,28,221,10.0,-3.9,-0.1,0.5,.101
Isaiah Hartenstein,2019-20,21,HOU,23,266,18.6,0.3,0.2,1.1,.190
Isaiah Hartenstein,2020-21,22,2TM,46,559,17.9,-0.9,0.2,1.6,.134
Isaiah Hartenstein,2020-21,22,DEN,30,272,15.5,-3.7,-0.1,0.7,.115
Isaiah Hartenstein,2020-21,22,CLE,16,287,20.3,1.7,0.3,0.9,.151
Isaiah Hartenstein,2021-22,23,LAC,68,1216,22.0,4.5,2.0,5.5,.215
Isaiah Hartenstein,2022-23,24,NYK,82,1626,14.2,-0.3,0.7,4.6,.136
Isaiah Hartenstein,2023-24,25,NYK,75,1896,18.9,3.5,2.6,8.1,.204
Isaiah Hartenstein,2024-25,26,OKC,57,1590,18.9,3.2,2.1,6.8,.205
Isaiah Hartenstein,2025-26,27,OKC,47,1137,19.8,4.2,1.8,5.3,.223
Sam Hauser,2021-22,24,BOS,26,158,14.8,2.3,0.2,0.6,.171
Sam Hauser,2022-23,25,BOS,80,1290,12.7,1.0,1.0,3.4,.128
Sam Hauser,2023-24,26,BOS,79,1741,13.0,1.2,1.4,4.9,.134
Sam Hauser,2024-25,27,BOS,71,1541,12.8,0.8,1.1,4.4,.136
Sam Hauser,2025-26,28,BOS,78,1934,11.9,0.6,1.3,5.0,.124
Jordan Hawkins,2023-24,21,NOP,67,1160,10.2,-3.1,-0.3,1.3,.053
Jordan Hawkins,2024-25,22,NOP,56,1321,9.6,-5.4,-1.2,-0.5,-0.020
Jordan Hawkins,2025-26,23,NOP,51,692,7.6,-6.2,-0.7,-0.4,-0.029
Jaxson Hayes,2019-20,19,NOP,64,1080,17.6,-0.3,0.5,3.9,.171
Jaxson Hayes,2020-21,20,NOP,60,964,19.1,0.6,0.6,3.5,.176
Jaxson Hayes,2021-22,21,NOP,70,1398,18.5,0.2,0.8,5.1,.174
Jaxson Hayes,2022-23,22,NOP,47,610,13.7,-1.2,0.1,1.5,.118
Jaxson Hayes,2023-24,23,LAL,70,877,14.0,-1.9,0.0,2.5,.135
Jaxson Hayes,2024-25,24,LAL,56,1093,15.8,-0.3,0.5,3.7,.162
Jaxson Hayes,2025-26,25,LAL,66,1207,18.3,1.2,1.0,5.0,.199
Killian Hayes,2020-21,19,DET,26,670,5.3,-7.2,-0.9,-1.1,-0.081
Killian Hayes,2021-22,20,DET,66,1647,9.3,-3.5,-0.6,0.5,.014
Killian Hayes,2022-23,21,DET,76,2154,10.2,-3.8,-1.0,-0.5,-0.012
Killian Hayes,2023-24,22,DET,42,1008,10.5,-2.7,-0.2,0.7,.032
Killian Hayes,2024-25,23,BRK,6,162,12.7,-0.6,0.1,0.3,.095
Killian Hayes,2025-26,24,SAC,23,406,8.8,-6.0,-0.4,-0.3,-0.031
Nigel Hayes-Davis,2017-18,23,3TM,9,122,6.4,-3.8,-0.1,-0.1,-0.034
Nigel Hayes-Davis,2017-18,23,LAL,2,11,9.8,-1.7,0.0,0.0,.069
Nigel Hayes-Davis,2017-18,23,TOR,2,6,34.9,18.2,0.0,0.0,.018
Nigel Hayes-Davis,2017-18,23,SAC,5,105,4.4,-5.2,-0.1,-0.1,-0.048
Nigel Hayes-Davis,2018-19,,Did not play - other pro league,,,,,,,
Nigel Hayes-Davis,2019-20,,Did not play - other pro league,,,,,,,
Nigel Hayes-Davis,2020-21,,Did not play - other pro league,,,,,,,
Nigel Hayes-Davis,2021-22,,Did not play - other pro league,,,,,,,
Nigel Hayes-Davis,2022-23,,Did not play - other pro league,,,,,,,
Nigel Hayes-Davis,2023-24,,Did not play - other pro league,,,,,,,
Nigel Hayes-Davis,2024-25,,Did not play - other pro league,,,,,,,
Nigel Hayes-Davis,2025-26,31,PHO,27,195,4.2,-7.3,-0.3,-0.1,-0.023
Gordon Hayward,2010-11,20,UTA,72,1218,10.7,-2.2,-0.1,1.2,.048
Gordon Hayward,2011-12,21,UTA,66,2015,15.5,1.5,1.8,4.9,.116
Gordon Hayward,2012-13,22,UTA,72,2104,16.8,2.0,2.1,5.4,.123
Gordon Hayward,2013-14,23,UTA,77,2800,16.2,0.8,2.0,3.6,.062
Gordon Hayward,2014-15,24,UTA,76,2618,20.2,4.0,4.0,8.7,.159
Gordon Hayward,2015-16,25,UTA,80,2893,18.3,2.6,3.3,8.9,.147
Gordon Hayward,2016-17,26,UTA,73,2516,22.2,5.0,4.5,10.4,.199
Gordon Hayward,2017-18,27,BOS,1,5,7.3,-7.4,0.0,0.0,.056
Gordon Hayward,2018-19,28,BOS,72,1863,15.6,0.8,1.3,4.9,.126
Gordon Hayward,2019-20,29,BOS,52,1740,18.1,2.7,2.0,5.7,.158
Gordon Hayward,2020-21,30,CHO,44,1496,17.6,1.6,1.4,3.5,.114
Gordon Hayward,2021-22,31,CHO,49,1564,15.1,-0.7,0.5,2.8,.087
Gordon Hayward,2022-23,32,CHO,50,1577,13.5,-1.4,0.2,2.0,.059
Gordon Hayward,2023-24,33,2TM,51,1245,12.8,-2.1,0.0,1.5,.058
Gordon Hayward,2023-24,33,CHO,25,798,14.2,-1.8,0.0,0.7,.041
Gordon Hayward,2023-24,33,OKC,26,447,10.3,-2.6,-0.1,0.8,.088
Scoot Henderson,2023-24,19,POR,62,1765,9.5,-5.8,-1.7,-1.7,-0.045
Scoot Henderson,2024-25,20,POR,66,1759,12.5,-2.2,-0.1,1.8,.049
Scoot Henderson,2025-26,21,POR,30,748,12.9,-2.2,0.0,1.0,.064
Taylor Hendricks,2023-24,20,UTA,40,856,11.8,-1.6,0.1,1.2,.070
Taylor Hendricks,2024-25,21,UTA,3,75,7.1,-3.5,0.0,0.0,-0.008
Taylor Hendricks,2025-26,22,2TM,59,1118,12.2,-2.4,-0.1,1.1,.049
Taylor Hendricks,2025-26,22,UTA,33,492,10.2,-3.5,-0.2,0.4,.034
Taylor Hendricks,2025-26,22,MEM,26,626,13.7,-1.5,0.1,0.8,.061
Chucky Hepburn,2025-26,22,TOR,2,13,-13.5,-23.8,-0.1,-0.1,-0.441
Juancho Hernangómez,2016-17,21,DEN,62,842,13.4,-0.1,0.4,1.8,.104
Juancho Hernangómez,2017-18,22,DEN,25,277,9.7,-3.3,-0.1,0.4,.061
Juancho Hernangómez,2018-19,23,DEN,70,1358,11.0,-1.1,0.3,3.0,.105
Juancho Hernangómez,2019-20,24,2TM,48,833,10.4,-3.4,-0.3,0.9,.052
Juancho Hernangómez,2019-20,24,DEN,34,422,6.9,-5.2,-0.3,0.1,.007
Juancho Hernangómez,2019-20,24,MIN,14,411,14.1,-1.5,0.1,0.8,.098
Juancho Hernangómez,2020-21,25,MIN,52,900,12.1,-2.9,-0.2,1.1,.060
Juancho Hernangómez,2021-22,26,3TM,40,445,11.5,-0.6,0.2,0.9,.095
Juancho Hernangómez,2021-22,26,BOS,18,96,3.8,-8.3,-0.2,-0.1,-0.050
Juancho Hernangómez,2021-22,26,SAS,5,51,9.0,-2.5,0.0,0.1,.055
Juancho Hernangómez,2021-22,26,UTA,17,298,14.5,2.2,0.3,0.9,.149
Juancho Hernangómez,2022-23,27,TOR,42,614,7.6,-3.3,-0.2,0.7,.053
Juancho Hernangómez,2023-24,,Did not play - other pro league,,,,,,,
