player_name,year_id,age,team_name_abbr,games,mp,per,bpm,vorp,ws,ws_per_48
Don Hanrahan,1952-53,23,INO,18,121,14.0,,,0.2,.098
Reggie Johnson,1980-81,23,SAS,79,1716,12.9,-3.2,-0.5,3.0,.085
Reggie Johnson,1981-82,24,3TM,75,1904,14.2,-1.4,0.3,3.9,.099
Reggie Johnson,1981-82,24,SAS,21,504,13.7,-2.4,0.0,1.0,.095
Reggie Johnson,1981-82,24,CLE,23,617,12.7,-1.7,0.0,1.1,.085
Reggie Johnson,1981-82,24,KCK,31,783,15.7,-0.6,0.3,1.8,.113
Reggie Johnson,1982-83,25,2TM,79,1541,10.5,-2.6,-0.2,2.4,.074
Reggie Johnson,1982-83,25,KCK,50,992,12.2,-2.0,0.0,1.8,.087
Reggie Johnson,1982-83,25,PHI,29,549,7.4,-3.6,-0.2,0.6,.050
Reggie Johnson,1983-84,26,NJN,72,818,11.3,-2.4,-0.1,1.6,.094
Darko Miličić,2003-04,18,DET,34,159,6.1,-10.4,-0.3,-0.2,-0.049
Darko Miličić,2004-05,19,DET,37,254,4.7,-7.9,-0.4,-0.2,-0.031
Darko Miličić,2005-06,20,2TM,55,767,15.2,-0.2,0.4,1.2,.073
Darko Miličić,2005-06,20,DET,25,140,10.1,-3.4,0.0,0.0,.016
Darko Miličić,2005-06,20,ORL,30,627,16.3,0.6,0.4,1.1,.086
Darko Miličić,2006-07,21,ORL,80,1913,13.8,-0.5,0.7,3.3,.082
Darko Miličić,2007-08,22,MEM,70,1663,11.0,-3.8,-0.8,0.2,.006
Darko Miličić,2008-09,23,MEM,61,1034,13.8,-2.0,0.0,1.9,.088
Darko Miličić,2009-10,24,2TM,32,685,12.8,-1.7,0.1,0.7,.050
Darko Miličić,2009-10,24,NYK,8,71,12.1,-1.8,0.0,0.1,.073
Darko Miličić,2009-10,24,MIN,24,614,12.9,-1.7,0.0,0.6,.048
Darko Miličić,2010-11,25,MIN,69,1686,12.2,-2.7,-0.3,0.2,.007
Darko Miličić,2011-12,26,MIN,29,472,9.0,-3.5,-0.2,0.0,.003
Darko Miličić,2012-13,27,BOS,1,5,-30.2,-38.3,0.0,-0.1,-0.779
Nat Militzok,1946-47,23,2TM,57,,,,,1.7,
Nat Militzok,1946-47,23,NYK,36,,,,,0.9,
Nat Militzok,1946-47,23,TRH,21,,,,,0.8,
Andre Miller,1999-00,23,CLE,82,2093,17.9,1.9,2.1,5.3,.122
Andre Miller,2000-01,24,CLE,82,2848,20.1,2.8,3.4,8.0,.136
Andre Miller,2001-02,25,CLE,81,3023,21.8,3.9,4.5,10.3,.163
Andre Miller,2002-03,26,LAC,80,2913,15.2,-1.1,0.6,4.6,.076
Andre Miller,2003-04,27,DEN,82,2838,18.8,2.5,3.3,8.8,.148
Andre Miller,2004-05,28,DEN,82,2852,16.5,0.8,2.0,7.0,.119
Andre Miller,2005-06,29,DEN,82,2937,16.4,0.2,1.7,6.2,.101
Andre Miller,2006-07,30,2TM,80,2966,16.1,0.2,1.7,5.9,.095
Andre Miller,2006-07,30,DEN,23,822,16.6,0.7,0.6,1.9,.113
Andre Miller,2006-07,30,PHI,57,2144,15.9,0.1,1.1,3.9,.088
Andre Miller,2007-08,31,PHI,82,3016,18.4,1.8,2.9,8.3,.131
Andre Miller,2008-09,32,PHI,82,2976,18.6,2.4,3.3,8.8,.141
Andre Miller,2009-10,33,POR,82,2500,18.1,1.8,2.4,7.0,.134
Andre Miller,2010-11,34,POR,81,2650,17.8,1.6,2.4,7.0,.127
Andre Miller,2011-12,35,DEN,66,1809,14.8,-0.3,0.7,2.9,.078
Andre Miller,2012-13,36,DEN,82,2151,15.7,0.9,1.6,5.4,.120
Andre Miller,2013-14,37,2TM,58,982,13.9,0.8,0.7,2.2,.108
Andre Miller,2013-14,37,DEN,30,570,13.4,0.8,0.4,1.1,.091
Andre Miller,2013-14,37,WAS,28,412,14.6,0.8,0.3,1.1,.132
Andre Miller,2014-15,38,2TM,81,1253,13.3,-2.1,0.0,2.2,.084
Andre Miller,2014-15,38,WAS,51,631,14.3,-0.5,0.2,1.6,.124
Andre Miller,2014-15,38,SAC,30,622,12.3,-3.6,-0.3,0.6,.043
Andre Miller,2015-16,39,2TM,39,461,13.4,-1.9,0.0,1.0,.100
Andre Miller,2015-16,39,MIN,26,280,13.7,-2.2,0.0,0.5,.088
Andre Miller,2015-16,39,SAS,13,181,12.9,-1.3,0.0,0.4,.118
Anthony Miller,1994-95,23,LAL,46,527,14.7,-2.1,0.0,1.2,.111
Anthony Miller,1995-96,24,LAL,27,123,7.8,-6.6,-0.1,0.0,.014
Anthony Miller,1996-97,25,ATL,1,14,-4.6,-15.9,0.0,-0.1,-0.195
Anthony Miller,1997-98,26,ATL,37,228,16.4,-1.8,0.0,0.8,.159
Anthony Miller,1998-99,27,HOU,29,249,13.1,-1.7,0.0,0.6,.118
Anthony Miller,1999-00,28,HOU,35,476,13.5,-2.4,0.0,1.2,.120
Anthony Miller,2000-01,29,3TM,4,11,0.9,-9.9,0.0,0.0,-0.082
Anthony Miller,2000-01,29,ATL,2,6,4.7,-9.5,0.0,0.0,-0.150
Anthony Miller,2000-01,29,HOU,1,3,-6.2,-13.3,0.0,0.0,-0.007
Anthony Miller,2000-01,29,PHI,1,2,0.0,-6.1,0.0,0.0,.012
Anthony Miller,2001-02,,Did not play - other pro league,,,,,,,
Anthony Miller,2002-03,,Did not play - other pro league,,,,,,,
Anthony Miller,2003-04,,Did not play - other pro league,,,,,,,
Anthony Miller,2004-05,33,ATL,2,9,16.9,2.3,0.0,0.0,.091
Bill Miller,1948-49,24,2TM,28,,,,,0.0,
Bill Miller,1948-49,24,CHS,14,,,,,0.0,
Bill Miller,1948-49,24,STB,14,,,,,0.0,
Bob Miller,1983-84,27,SAS,2,8,25.0,-4.0,0.0,0.1,.360
Brad Miller,1998-99,22,CHH,38,469,21.2,1.6,0.4,2.1,.220
Brad Miller,1999-00,23,CHH,55,961,18.9,0.2,0.5,3.8,.192
Brad Miller,2000-01,24,CHI,57,1434,16.4,-1.2,0.3,3.4,.114
Brad Miller,2001-02,25,2TM,76,2263,20.1,2.3,2.5,8.3,.176
Brad Miller,2001-02,25,CHI,48,1391,19.6,1.5,1.2,4.4,.152
Brad Miller,2001-02,25,IND,28,872,20.8,3.6,1.2,3.9,.214
Brad Miller,2002-03,26,IND,73,2270,19.3,3.0,2.9,9.6,.202
Brad Miller,2003-04,27,SAC,72,2621,19.4,3.1,3.4,10.0,.184
Brad Miller,2004-05,28,SAC,56,2089,20.7,4.0,3.1,8.6,.198
Brad Miller,2005-06,29,SAC,79,2923,17.5,2.5,3.3,9.1,.150
Brad Miller,2006-07,30,SAC,63,1783,13.5,0.1,0.9,2.7,.072
Brad Miller,2007-08,31,SAC,72,2513,16.8,1.7,2.3,6.5,.125
Brad Miller,2008-09,32,2TM,70,2100,16.7,1.1,1.6,5.1,.117
Brad Miller,2008-09,32,SAC,43,1354,15.7,0.5,0.8,2.6,.091
Brad Miller,2008-09,32,CHI,27,746,18.6,2.1,0.8,2.6,.165
Brad Miller,2009-10,33,CHI,82,1950,12.9,-0.8,0.6,4.0,.098
Brad Miller,2010-11,34,HOU,60,1015,16.3,2.8,1.2,3.0,.142
Brad Miller,2011-12,35,MIN,15,146,10.7,-1.0,0.0,0.2,.060
Brandon Miller,2023-24,21,CHO,74,2383,13.0,-2.6,-0.3,0.8,.015
Brandon Miller,2024-25,22,CHO,27,924,14.0,0.0,0.4,0.4,.023
Darius Miller,2012-13,22,NOH,52,694,6.3,-2.7,-0.1,0.5,.034
Darius Miller,2013-14,23,NOP,45,723,9.0,-2.8,-0.1,0.8,.055
Darius Miller,2014-15,24,NOP,5,43,-5.1,-11.3,-0.1,-0.1,-0.122
Darius Miller,2015-16,,Did not play - other pro league,,,,,,,
Darius Miller,2016-17,,Did not play - other pro league,,,,,,,
Darius Miller,2017-18,27,NOP,82,1944,9.3,-1.9,0.1,3.0,.075
Darius Miller,2018-19,28,NOP,69,1757,8.4,-2.9,-0.4,1.6,.045
Darius Miller,2019-20,,Did not play - injury,,,,,,,
Darius Miller,2020-21,30,OKC,18,197,15.9,3.6,0.3,0.6,.156
Dick Miller,1980-81,22,2TM,8,53,3.3,-4.3,-0.1,-0.1,-0.102
Dick Miller,1980-81,22,IND,5,34,4.4,-4.0,0.0,-0.1,-0.071
Dick Miller,1980-81,22,UTA,3,19,1.4,-4.9,0.0,-0.1,-0.156
Eddie Miller,1952-53,21,2TM,70,2018,15.4,,,0.2,.005
Eddie Miller,1952-53,21,MLH,10,160,9.3,,,-0.2,-0.061
Eddie Miller,1952-53,21,BLB,60,1858,15.9,,,0.4,.011
Eddie Miller,1953-54,22,BLB,72,1657,21.5,,,4.9,.141
Emanuel Miller,2024-25,24,CHI,6,25,18.1,-1.8,0.0,0.1,.201
Harry Miller,1946-47,23,TRH,53,,,,,-0.1,
Jay Miller,1967-68,24,STL,8,52,-0.8,,,-0.3,-0.263
Jay Miller,1968-69,25,3TM,55,769,12.3,,,0.9,.058
Jay Miller,1968-69,25,2TM,52,742,12.7,,,1.0,.065
Jay Miller,1968-69,25,MIL,3,27,1.5,,,-0.1,-0.127
Jay Miller,1968-69,25,LAS,11,248,11.8,,,0.0,-0.009
Jay Miller,1968-69,25,INA,41,494,13.2,,,1.0,.102
Jay Miller,1969-70,26,INA,52,415,12.2,,,0.7,.076
Jay Miller,1970-71,27,INA,2,9,40.5,,,0.1,.513
Jordan Miller,2023-24,24,LAC,8,28,14.1,-3.8,0.0,0.1,.116
Jordan Miller,2024-25,25,LAC,37,420,10.5,-2.8,-0.1,0.4,.049
Larry Miller,1968-69,22,LAS,78,2871,14.9,,,3.2,.053
Larry Miller,1969-70,23,2TM,80,2037,13.4,,,3.0,.071
Larry Miller,1969-70,23,LAS,21,654,12.2,,,0.8,.060
Larry Miller,1969-70,23,CAR,59,1383,14.0,,,2.2,.077
Larry Miller,1970-71,24,CAR,77,2140,14.6,,,3.4,.076
Larry Miller,1971-72,25,CAR,83,3199,14.1,,,6.2,.093
Larry Miller,1972-73,26,SDA,83,2700,12.5,,,2.4,.043
Larry Miller,1973-74,27,2TM,80,1968,10.2,-2.6,-0.3,1.3,.031
Larry Miller,1973-74,27,SDA,7,68,10.3,-2.8,0.0,0.1,.046
Larry Miller,1973-74,27,VIR,73,1900,10.2,-2.6,-0.3,1.2,.030
Larry Miller,1974-75,28,UTS,5,26,11.0,-3.7,0.0,0.0,.022
Leonard Miller,2023-24,20,MIN,17,52,27.0,9.6,0.2,0.3,.323
Leonard Miller,2024-25,21,MIN,13,32,19.9,-3.7,0.0,0.1,.145
Malcolm Miller,2017-18,24,TOR,15,126,8.9,-1.0,0.0,0.2,.087
Malcolm Miller,2018-19,25,TOR,10,67,13.7,-0.5,0.0,0.2,.130
Malcolm Miller,2019-20,26,TOR,28,162,6.7,-2.3,0.0,0.3,.082
Mike Miller,2000-01,20,ORL,82,2390,13.2,-0.2,1.0,5.3,.106
Mike Miller,2001-02,21,ORL,63,2123,15.0,0.3,1.2,4.5,.101
Mike Miller,2002-03,22,2TM,65,2186,14.7,-0.2,1.0,4.0,.087
Mike Miller,2002-03,22,ORL,49,1826,13.9,-0.5,0.7,3.0,.080
Mike Miller,2002-03,22,MEM,16,360,19.0,1.4,0.3,0.9,.124
Mike Miller,2003-04,23,MEM,65,1770,14.9,0.6,1.1,3.9,.107
Mike Miller,2004-05,24,MEM,76,2278,16.7,2.9,2.8,7.0,.148
Mike Miller,2005-06,25,MEM,74,2268,17.2,3.0,2.9,7.4,.157
Mike Miller,2006-07,26,MEM,70,2740,16.4,1.4,2.3,4.8,.085
Mike Miller,2007-08,27,MEM,70,2474,16.1,1.1,2.0,5.0,.098
Mike Miller,2008-09,28,MIN,73,2356,13.8,1.1,1.8,4.2,.086
Mike Miller,2009-10,29,WAS,54,1805,13.9,1.3,1.5,3.9,.104
Mike Miller,2010-11,30,MIA,41,838,9.7,-1.4,0.1,1.6,.090
Mike Miller,2011-12,31,MIA,39,752,11.4,0.1,0.4,1.8,.113
Mike Miller,2012-13,32,MIA,59,900,13.5,1.5,0.8,2.6,.137
Mike Miller,2013-14,33,MEM,82,1707,12.5,0.4,1.0,3.9,.111
Mike Miller,2014-15,34,CLE,52,701,4.6,-3.4,-0.2,0.4,.028
Mike Miller,2015-16,35,DEN,47,373,6.5,-2.6,0.0,0.3,.040
Mike Miller,2016-17,36,DEN,20,151,7.6,-1.5,0.0,0.1,.018
Oliver Miller,1992-93,22,PHO,56,1069,12.7,0.9,0.8,1.6,.070
Oliver Miller,1993-94,23,PHO,69,1786,18.2,4.6,3.0,5.3,.142
Oliver Miller,1994-95,24,DET,64,1558,16.9,0.1,0.8,3.1,.095
Oliver Miller,1995-96,25,TOR,76,2516,16.2,0.0,1.2,3.8,.072
Oliver Miller,1996-97,26,2TM,61,1152,13.1,-1.5,0.1,1.8,.073
Oliver Miller,1996-97,26,DAL,42,836,11.6,-2.5,-0.1,0.8,.047
Oliver Miller,1996-97,26,TOR,19,316,17.0,1.0,0.2,0.9,.144
Oliver Miller,1997-98,27,TOR,64,1628,12.8,-1.8,0.1,0.9,.026
Oliver Miller,1998-99,28,SAC,4,35,8.3,-8.2,-0.1,0.0,-0.052
Oliver Miller,1999-00,29,PHO,51,1088,15.5,2.0,1.1,3.4,.152
Oliver Miller,2000-01,,Did not play - other pro league,,,,,,,
Oliver Miller,2001-02,,Did not play - other pro league,,,,,,,
Oliver Miller,2002-03,,Did not play - other pro league,,,,,,,
Oliver Miller,2003-04,,Did not play - other pro league,,,,,,,
Oliver Miller,2003-04,33,MIN,48,506,12.9,-0.2,0.2,1.4,.130
Quincy Miller,2012-13,20,DEN,7,26,5.9,-9.2,0.0,0.0,-0.051
Quincy Miller,2013-14,21,DEN,52,789,8.6,-3.7,-0.4,0.0,.002
Quincy Miller,2014-15,22,2TM,10,119,7.4,-3.8,-0.1,-0.1,-0.030
Quincy Miller,2014-15,22,SAC,6,61,11.1,-0.1,0.0,0.0,.010
Quincy Miller,2014-15,22,DET,4,58,3.6,-7.7,-0.1,-0.1,-0.072
Reggie Miller,1987-88,22,IND,82,1840,14.0,0.7,1.3,4.2,.110
Reggie Miller,1988-89,23,IND,74,2536,15.7,2.0,2.5,6.5,.124
Reggie Miller,1989-90,24,IND,82,3192,20.8,4.0,4.8,12.1,.182
Reggie Miller,1990-91,25,IND,82,2972,21.2,4.2,4.6,12.5,.202
Reggie Miller,1991-92,26,IND,82,3120,17.6,2.6,3.6,11.0,.169
Reggie Miller,1992-93,27,IND,82,2954,19.4,4.3,4.7,11.3,.183
Reggie Miller,1993-94,28,IND,79,2638,20.2,4.7,4.5,11.7,.212
Reggie Miller,1994-95,29,IND,81,2665,20.1,5.2,4.9,11.4,.204
Reggie Miller,1995-96,30,IND,76,2621,20.1,4.7,4.5,10.3,.188
Reggie Miller,1996-97,31,IND,81,2966,20.2,5.8,5.8,12.3,.200
Reggie Miller,1997-98,32,IND,81,2795,19.8,4.8,4.8,12.0,.206
Reggie Miller,1998-99,33,IND,50,1787,18.7,3.2,2.3,6.4,.172
Reggie Miller,1999-00,34,IND,81,2987,17.3,2.7,3.6,10.1,.162
Reggie Miller,2000-01,35,IND,81,3181,17.3,2.3,3.4,10.3,.155
Reggie Miller,2001-02,36,IND,79,2889,16.5,2.5,3.3,9.5,.159
Reggie Miller,2002-03,37,IND,70,2117,15.9,2.3,2.3,7.4,.168
Reggie Miller,2003-04,38,IND,80,2254,16.1,3.5,3.1,8.9,.189
Reggie Miller,2004-05,39,IND,66,2105,16.6,1.8,2.0,6.6,.151
Walt Miller,1946-47,31,PIT,12,,,,,0.3,
Dariq Whitehead,2023-24,19,BRK,2,24,4.9,-7.9,0.0,0.0,-0.030
Dariq Whitehead,2024-25,20,BRK,20,246,9.4,-3.7,-0.1,0.1,.010
Chris Mills,1993-94,24,CLE,79,2022,12.6,-1.4,0.3,4.0,.096
Chris Mills,1994-95,25,CLE,80,2814,11.6,-1.1,0.7,5.4,.091
Chris Mills,1995-96,26,CLE,80,3060,15.2,-0.1,1.5,7.8,.122
Chris Mills,1996-97,27,CLE,80,3167,14.1,1.1,2.5,8.9,.134
Chris Mills,1997-98,28,NYK,80,2183,12.7,-0.4,0.9,5.1,.113
Chris Mills,1998-99,29,GSW,47,1395,13.0,0.0,0.7,3.0,.104
Chris Mills,1999-00,30,GSW,20,649,16.2,0.5,0.4,1.2,.090
Chris Mills,2000-01,31,GSW,15,493,9.6,-4.4,-0.3,0.1,.007
Chris Mills,2001-02,32,GSW,66,1237,12.3,-1.5,0.1,1.9,.074
Chris Mills,2002-03,33,GSW,21,262,12.7,-2.1,0.0,0.3,.059
Chris Mills,2003-04,,Did not play - injury,,,,,,,
John Mills,1946-47,27,PIT,47,,,,,1.4,
Patty Mills,2009-10,21,POR,10,38,11.9,-10.2,-0.1,0.0,-0.036
Patty Mills,2010-11,22,POR,64,783,13.0,-1.5,0.1,0.7,.044
Patty Mills,2011-12,23,SAS,16,261,21.5,2.5,0.3,0.9,.161
Patty Mills,2012-13,24,SAS,58,656,14.1,0.2,0.4,1.5,.109
Patty Mills,2013-14,25,SAS,81,1527,18.7,4.0,2.3,5.6,.175
Patty Mills,2014-15,26,SAS,51,801,13.0,-0.3,0.4,1.4,.087
Patty Mills,2015-16,27,SAS,81,1662,14.6,1.5,1.5,4.8,.139
Patty Mills,2016-17,28,SAS,80,1754,15.2,1.6,1.6,5.1,.139
Patty Mills,2017-18,29,SAS,82,2107,11.8,-1.0,0.5,4.1,.093
Patty Mills,2018-19,30,SAS,82,1908,13.2,-0.3,0.8,3.5,.087
Patty Mills,2019-20,31,SAS,66,1485,14.8,0.0,0.8,2.8,.091
Patty Mills,2020-21,32,SAS,68,1685,11.8,-1.2,0.4,2.2,.062
Patty Mills,2021-22,33,BRK,81,2346,10.4,-1.7,0.2,2.8,.058
Patty Mills,2022-23,34,BRK,40,567,10.6,-3.1,-0.2,0.4,.035
Patty Mills,2023-24,35,2TM,32,415,7.2,-4.6,-0.3,0.1,.009
Patty Mills,2023-24,35,ATL,19,202,6.6,-3.8,-0.1,0.0,.008
Patty Mills,2023-24,35,MIA,13,213,7.9,-5.3,-0.2,0.0,.009
Patty Mills,2024-25,36,2TM,29,321,8.4,-3.2,-0.1,0.1,.017
Patty Mills,2024-25,36,UTA,17,260,6.2,-4.4,-0.2,-0.2,-0.040
Patty Mills,2024-25,36,LAC,12,61,17.5,2.1,0.1,0.3,.259
Terry Mills,1990-91,23,2TM,55,819,13.6,-2.7,-0.1,1.3,.078
Terry Mills,1990-91,23,DEN,17,279,14.5,-2.4,0.0,0.3,.053
Terry Mills,1990-91,23,NJN,38,540,13.1,-2.8,-0.1,1.0,.091
Terry Mills,1991-92,24,NJN,82,1714,14.7,-1.5,0.2,3.9,.108
Terry Mills,1992-93,25,DET,81,2183,15.5,-1.8,0.1,3.8,.084
Terry Mills,1993-94,26,DET,80,2773,17.7,0.5,1.7,6.3,.110
Terry Mills,1994-95,27,DET,72,2514,14.7,-1.2,0.5,3.7,.071
Terry Mills,1995-96,28,DET,82,1656,15.2,0.0,0.8,3.7,.106
Terry Mills,1996-97,29,DET,79,1997,16.4,2.7,2.4,6.2,.148
Terry Mills,1997-98,30,MIA,50,782,7.7,-3.8,-0.4,0.9,.057
Terry Mills,1998-99,31,MIA,1,29,6.7,-6.8,0.0,0.0,-0.015
Terry Mills,1999-00,32,DET,82,1842,11.0,-0.3,0.8,3.8,.099
Terry Mills,2000-01,33,IND,14,113,1.1,-8.2,-0.2,-0.2,-0.096
Elijah Millsap,2014-15,27,UTA,47,924,7.9,-3.1,-0.3,0.4,.020
Elijah Millsap,2015-16,28,UTA,20,173,6.5,-3.8,-0.1,0.1,.033
Elijah Millsap,2016-17,29,PHO,2,23,-3.4,-19.0,-0.1,-0.1,-0.233
Paul Millsap,2006-07,21,UTA,82,1472,17.6,0.6,0.9,4.7,.153
Paul Millsap,2007-08,22,UTA,82,1702,16.1,-0.2,0.8,5.2,.148
Paul Millsap,2008-09,23,UTA,76,2290,18.6,1.1,1.8,7.7,.162
Paul Millsap,2009-10,24,UTA,82,2277,16.7,0.4,1.4,7.2,.151
Paul Millsap,2010-11,25,UTA,76,2605,19.8,1.9,2.5,7.7,.143
Paul Millsap,2011-12,26,UTA,64,2100,21.8,3.9,3.1,7.8,.179
Paul Millsap,2012-13,27,UTA,78,2375,19.8,2.7,2.8,7.6,.154
Paul Millsap,2013-14,28,ATL,74,2482,19.8,2.8,3.0,6.7,.129
Paul Millsap,2014-15,29,ATL,73,2390,20.0,3.4,3.3,8.3,.166
Paul Millsap,2015-16,30,ATL,81,2647,21.3,4.2,4.1,10.1,.183
Paul Millsap,2016-17,31,ATL,69,2343,17.9,2.1,2.4,6.4,.132
Paul Millsap,2017-18,32,DEN,38,1143,17.0,0.4,0.7,2.5,.107
Paul Millsap,2018-19,33,DEN,70,1895,17.9,1.7,1.8,6.1,.155
Paul Millsap,2019-20,34,DEN,51,1240,16.9,0.1,0.7,3.5,.136
Paul Millsap,2020-21,35,DEN,56,1162,16.4,1.0,0.9,3.2,.133
Paul Millsap,2021-22,36,2TM,33,376,10.8,-3.5,-0.1,0.5,.061
Paul Millsap,2021-22,36,BRK,24,270,11.2,-3.1,-0.1,0.4,.069
Paul Millsap,2021-22,36,PHI,9,106,9.7,-4.5,-0.1,0.1,.041
Shake Milton,2018-19,22,PHI,20,268,9.3,-3.2,-0.1,0.3,.059
Shake Milton,2019-20,23,PHI,40,805,14.4,-1.0,0.2,2.1,.126
Shake Milton,2020-21,24,PHI,63,1461,14.6,-1.6,0.1,2.8,.091
Shake Milton,2021-22,25,PHI,55,1179,11.9,-2.2,-0.1,1.7,.069
Shake Milton,2022-23,26,PHI,76,1567,12.7,-2.0,0.0,2.9,.087
Shake Milton,2023-24,27,3TM,48,581,9.2,-3.7,-0.3,0.6,.048
Shake Milton,2023-24,27,MIN,38,491,8.3,-4.2,-0.3,0.4,.039
Shake Milton,2023-24,27,DET,4,63,14.6,0.3,0.0,0.1,.047
Shake Milton,2023-24,27,NYK,6,27,13.8,-3.5,0.0,0.1,.201
Shake Milton,2024-25,28,2TM,57,837,11.9,-2.2,0.0,1.3,.077
Shake Milton,2024-25,28,BRK,27,492,12.8,-0.9,0.1,1.0,.093
Shake Milton,2024-25,28,LAL,30,345,10.5,-4.0,-0.2,0.4,.055
Justin Minaya,2022-23,23,POR,4,89,4.0,-9.0,-0.2,-0.1,-0.067
Justin Minaya,2023-24,24,POR,34,381,5.8,-5.6,-0.3,0.1,.009
Justin Minaya,2024-25,25,POR,19,101,5.0,-5.4,-0.1,0.0,-0.007
Harold Miner,1992-93,21,MIA,73,1383,14.3,-2.0,0.0,2.0,.069
Harold Miner,1993-94,22,MIA,63,1358,14.0,-1.6,0.1,2.7,.094
Harold Miner,1994-95,23,MIA,45,871,8.5,-5.8,-0.8,-0.4,-0.023
Harold Miner,1995-96,24,CLE,19,136,7.6,-9.1,-0.2,-0.1,-0.029
Yao Ming,2002-03,22,HOU,82,2382,20.6,2.2,2.5,8.7,.176
Yao Ming,2003-04,23,HOU,82,2692,21.9,2.8,3.2,11.4,.202
Yao Ming,2004-05,24,HOU,80,2447,23.2,2.4,2.8,10.7,.210
Yao Ming,2005-06,25,HOU,57,1949,25.6,4.4,3.2,8.6,.211
Yao Ming,2006-07,26,HOU,48,1624,26.5,5.0,2.8,7.4,.220
Yao Ming,2007-08,27,HOU,55,2044,22.5,3.4,2.8,8.3,.196
Yao Ming,2008-09,28,HOU,77,2589,22.7,3.1,3.3,10.6,.196
Yao Ming,2009-10,,Did not play - injury,,,,,,,
Yao Ming,2010-11,30,HOU,5,91,19.8,1.2,0.1,0.3,.147
Riley Minix,2024-25,24,SAS,1,7,-1.7,-11.8,0.0,0.0,-0.114
Dirk Minniefield,1983-84,,Did not play - other pro league,,,,,,,
Dirk Minniefield,1984-85,,Did not play - other pro league,,,,,,,
Dirk Minniefield,1985-86,25,CLE,76,1131,14.1,0.1,0.6,1.9,.083
Dirk Minniefield,1986-87,26,2TM,74,1600,10.3,-2.7,-0.3,1.1,.032
Dirk Minniefield,1986-87,26,CLE,11,122,1.8,-8.1,-0.2,-0.3,-0.131
Dirk Minniefield,1986-87,26,HOU,63,1478,11.0,-2.3,-0.1,1.4,.045
Dirk Minniefield,1987-88,27,2TM,72,1070,10.4,-1.6,0.1,1.1,.050
Dirk Minniefield,1987-88,27,GSW,11,202,13.2,-0.1,0.1,0.3,.068
Dirk Minniefield,1987-88,27,BOS,61,868,9.7,-2.0,0.0,0.8,.046
Dave Minor,1951-52,29,BLB,57,1558,12.6,,,1.1,.033
Dave Minor,1952-53,30,2TM,59,1610,11.2,,,2.6,.077
Dave Minor,1952-53,30,BLB,19,301,10.2,,,0.1,.013
Dave Minor,1952-53,30,MLH,40,1309,11.4,,,2.5,.091
Greg Minor,1994-95,23,BOS,63,945,14.7,0.2,0.5,2.1,.106
Greg Minor,1995-96,24,BOS,78,1761,14.0,-1.6,0.2,3.0,.082
Greg Minor,1996-97,25,BOS,23,547,13.2,-2.0,0.0,0.6,.056
Greg Minor,1997-98,26,BOS,69,1126,11.8,-1.5,0.1,1.7,.074
Greg Minor,1998-99,27,BOS,44,765,9.7,-2.9,-0.2,0.8,.048
Mark Minor,1972-73,22,BOS,4,20,6.8,,,0.0,.081
Josh Minott,2022-23,20,MIN,15,96,17.9,-1.6,0.0,0.3,.146
Josh Minott,2023-24,21,MIN,32,91,20.4,5.1,0.2,0.4,.222
Josh Minott,2024-25,22,MIN,46,276,15.5,2.2,0.3,0.9,.153
Nikola Mirotić,2011-12,,Did not play - other pro league,,,,,,,
Nikola Mirotić,2012-13,,Did not play - other pro league,,,,,,,
Nikola Mirotić,2013-14,,Did not play - other pro league,,,,,,,
Nikola Mirotić,2014-15,23,CHI,82,1654,17.9,2.3,1.8,5.7,.165
Nikola Mirotić,2015-16,24,CHI,66,1646,15.6,1.5,1.5,3.9,.115
Nikola Mirotić,2016-17,25,CHI,70,1679,14.5,0.7,1.1,3.8,.107
Nikola Mirotić,2017-18,26,2TM,55,1494,18.7,2.2,1.6,4.0,.128
Nikola Mirotić,2017-18,26,CHI,25,622,22.0,4.6,1.0,2.0,.158
Nikola Mirotić,2017-18,26,NOP,30,872,16.3,0.5,0.5,1.9,.106
Nikola Mirotić,2018-19,27,2TM,46,1245,17.2,1.5,1.1,3.5,.133
Nikola Mirotić,2018-19,27,NOP,32,925,17.5,1.4,0.8,2.5,.129
Nikola Mirotić,2018-19,27,MIL,14,320,16.2,2.0,0.3,1.0,.147
Wat Misaka,1947-48,24,NYK,3,,,,,0.0,
Jason Miskiri,1999-00,24,CHH,1,3,-12.4,-18.6,0.0,0.0,-0.205
Yves Missi,2024-25,20,NOP,73,1956,15.4,-3.0,-0.5,3.6,.089
Ajay Mitchell,2024-25,22,OKC,36,597,12.0,-1.6,0.1,1.5,.122
Davion Mitchell,2021-22,23,SAC,75,2076,10.8,-3.8,-0.9,0.1,.003
Davion Mitchell,2022-23,24,SAC,80,1447,9.4,-2.8,-0.3,1.5,.050
Davion Mitchell,2023-24,25,SAC,72,1101,9.3,-3.4,-0.4,1.3,.059
Davion Mitchell,2024-25,26,2TM,74,2027,10.2,-2.6,-0.3,3.0,.070
Davion Mitchell,2024-25,26,TOR,44,1080,7.9,-4.3,-0.6,0.7,.031
Davion Mitchell,2024-25,26,MIA,30,947,12.9,-0.6,0.3,2.3,.114
Donovan Mitchell,2017-18,21,UTA,79,2638,16.7,1.2,2.2,5.2,.095
Donovan Mitchell,2018-19,22,UTA,77,2598,17.2,1.3,2.2,5.0,.092
Donovan Mitchell,2019-20,23,UTA,69,2364,18.8,1.9,2.3,5.4,.110
Donovan Mitchell,2020-21,24,UTA,53,1771,21.3,4.3,2.8,6.2,.167
Donovan Mitchell,2021-22,25,UTA,67,2266,21.6,4.3,3.6,7.2,.152
Donovan Mitchell,2022-23,26,CLE,68,2432,22.9,6.3,5.0,8.9,.176
Donovan Mitchell,2023-24,27,CLE,55,1942,22.1,5.8,3.9,6.4,.159
Donovan Mitchell,2024-25,28,CLE,71,2232,20.9,3.7,3.2,7.6,.163
Leland Mitchell,1967-68,26,NOB,78,1091,3.7,,,0.6,.026
Mike Mitchell,1978-79,23,CLE,80,1576,16.8,-0.6,0.5,3.6,.111
Mike Mitchell,1979-80,24,CLE,82,2802,19.1,1.2,2.2,8.3,.142
Mike Mitchell,1980-81,25,CLE,82,3194,17.5,-0.3,1.3,6.0,.091
Mike Mitchell,1981-82,26,2TM,84,3063,15.9,-1.4,0.4,5.9,.093
Mike Mitchell,1981-82,26,CLE,27,973,14.2,-2.3,-0.1,0.5,.023
Mike Mitchell,1981-82,26,SAS,57,2090,16.7,-1.0,0.5,5.5,.126
Mike Mitchell,1982-83,27,SAS,80,2803,16.9,-0.7,0.9,7.6,.131
Mike Mitchell,1983-84,28,SAS,79,2853,17.1,-1.7,0.2,5.5,.092
Mike Mitchell,1984-85,29,SAS,82,2853,16.5,-1.1,0.6,6.0,.101
Mike Mitchell,1985-86,30,SAS,82,2970,15.9,-2.3,-0.3,4.4,.071
Mike Mitchell,1986-87,31,SAS,40,922,11.9,-5.0,-0.7,0.4,.019
Mike Mitchell,1987-88,32,SAS,68,1501,15.7,-2.4,-0.2,2.4,.076
Mike Mitchell,1988-89,,Did not play - other pro league,,,,,,,
Mike Mitchell,1989-90,,Did not play - other pro league,,,,,,,
Mike Mitchell,1990-91,,Did not play - other pro league,,,,,,,
Mike Mitchell,1991-92,,Did not play - other pro league,,,,,,,
Mike Mitchell,1992-93,,Did not play - other pro league,,,,,,,
Mike Mitchell,1993-94,,Did not play - other pro league,,,,,,,
Mike Mitchell,1994-95,,Did not play - other pro league,,,,,,,
Mike Mitchell,1995-96,,Did not play - other pro league,,,,,,,
Mike Mitchell,1996-97,,Did not play - other pro league,,,,,,,
Mike Mitchell,1997-98,,Did not play - other pro league,,,,,,,
Mike Mitchell,1998-99,,Did not play - other pro league,,,,,,,
Murray Mitchell,1949-50,26,AND,2,,,,,0.0,
Sam Mitchell,1985-86,,Did not play - other pro league,,,,,,,
Sam Mitchell,1986-87,,Did not play - other pro league,,,,,,,
Sam Mitchell,1987-88,,Did not play - other pro league,,,,,,,
Sam Mitchell,1988-89,,Did not play - other pro league,,,,,,,
Sam Mitchell,1989-90,26,MIN,80,2414,13.7,-2.4,-0.3,5.1,.102
Sam Mitchell,1990-91,27,MIN,82,3121,12.3,-3.2,-0.9,5.1,.078
Sam Mitchell,1991-92,28,MIN,82,2151,12.0,-3.9,-1.0,2.3,.051
Sam Mitchell,1992-93,29,IND,81,1402,11.9,-3.2,-0.4,2.8,.095
Sam Mitchell,1993-94,30,IND,75,1084,10.9,-2.4,-0.1,2.2,.099
Sam Mitchell,1994-95,31,IND,81,1377,13.4,-1.1,0.3,3.7,.130
Sam Mitchell,1995-96,32,MIN,78,2145,13.0,-2.2,-0.1,4.3,.095
Sam Mitchell,1996-97,33,MIN,82,2044,11.8,-3.7,-0.9,3.3,.077
Sam Mitchell,1997-98,34,MIN,81,2239,15.8,-0.5,0.8,6.1,.131
Sam Mitchell,1998-99,35,MIN,50,1344,14.1,-0.9,0.4,3.0,.108
Sam Mitchell,1999-00,36,MIN,66,1227,12.0,-1.7,0.1,2.3,.092
Sam Mitchell,2000-01,37,MIN,82,983,8.2,-4.6,-0.6,0.6,.030
Sam Mitchell,2001-02,38,MIN,74,726,9.4,-3.8,-0.3,0.9,.058
Todd Mitchell,1988-89,22,2TM,24,353,7.5,-5.6,-0.3,-0.1,-0.008
Todd Mitchell,1988-89,22,MIA,22,320,8.8,-4.6,-0.2,0.1,.017
Todd Mitchell,1988-89,22,SAS,2,33,-4.8,-15.4,-0.1,-0.2,-0.249
Tony Mitchell,2013-14,24,MIL,3,10,30.9,10.6,0.0,0.1,.242
Tony Mitchell,2013-14,21,DET,21,79,18.1,0.4,0.0,0.2,.151
Naz Mitrou-Long,2017-18,24,UTA,1,1,133.8,242.2,0.0,0.1,2.712
Naz Mitrou-Long,2018-19,25,UTA,14,84,2.2,-8.7,-0.1,-0.1,-0.046
Naz Mitrou-Long,2019-20,26,IND,5,47,7.8,-1.4,0.0,0.0,-0.022
Steve Mix,1969-70,22,DET,18,276,13.1,,,0.4,.063
Steve Mix,1970-71,23,DET,35,731,12.7,,,1.3,.083
Steve Mix,1971-72,24,2TM,9,108,7.9,,,-0.3,-0.122
Steve Mix,1971-72,24,DET,8,104,7.2,,,-0.3,-0.142
Steve Mix,1971-72,24,DNR,1,4,25.1,,,0.0,.396
Steve Mix,1972-73,,Did not play - other pro league,,,,,,,
Steve Mix,1973-74,26,PHI,82,2969,16.3,1.7,2.8,8.2,.132
Steve Mix,1974-75,27,PHI,46,1748,16.4,1.4,1.5,5.1,.141
Steve Mix,1975-76,28,PHI,81,3039,15.1,1.9,3.0,9.4,.148
Steve Mix,1976-77,29,PHI,75,1958,15.1,1.8,1.9,6.5,.158
Steve Mix,1977-78,30,PHI,82,1819,14.8,1.0,1.4,5.1,.134
Steve Mix,1978-79,31,PHI,74,1269,19.4,3.3,1.7,4.9,.186
Steve Mix,1979-80,32,PHI,81,1543,19.5,2.4,1.7,5.5,.172
Steve Mix,1980-81,33,PHI,72,1327,19.7,3.0,1.7,5.5,.201
Steve Mix,1981-82,34,PHI,75,1235,15.8,1.0,0.9,3.7,.144
Steve Mix,1982-83,35,2TM,58,809,15.1,0.8,0.6,2.4,.142
Steve Mix,1982-83,35,MIL,57,792,15.1,0.9,0.6,2.4,.143
Steve Mix,1982-83,35,LAL,1,17,13.2,-4.1,0.0,0.0,.086
Bill Mlkvy,1952-53,22,PHW,31,608,9.5,,,-1.0,-0.082
Cuttino Mobley,1998-99,23,HOU,49,1456,12.2,-1.1,0.4,2.3,.077
Cuttino Mobley,1999-00,24,HOU,81,2496,16.0,-0.1,1.2,5.2,.099
Cuttino Mobley,2000-01,25,HOU,79,3002,17.7,0.9,2.2,8.2,.130
Cuttino Mobley,2001-02,26,HOU,74,3116,16.7,0.3,1.8,5.7,.087
Cuttino Mobley,2002-03,27,HOU,73,3044,14.7,0.2,1.7,6.9,.109
Cuttino Mobley,2003-04,28,HOU,80,3229,14.1,1.4,2.8,7.6,.114
Cuttino Mobley,2004-05,29,2TM,66,2388,15.0,-0.1,1.1,4.4,.089
Cuttino Mobley,2004-05,29,ORL,23,726,15.3,0.9,0.5,1.5,.101
Cuttino Mobley,2004-05,29,SAC,43,1662,14.9,-0.5,0.6,2.9,.084
Cuttino Mobley,2005-06,30,LAC,79,2979,13.1,-0.2,1.3,5.3,.086
Cuttino Mobley,2006-07,31,LAC,78,2841,12.5,-1.0,0.8,4.6,.078
Cuttino Mobley,2007-08,32,LAC,77,2702,11.5,-2.3,-0.2,2.1,.037
Cuttino Mobley,2008-09,33,LAC,11,365,10.3,-3.9,-0.2,-0.1,-0.017
Cuttino Mobley,2009-10,,Did not play - illness,,,,,,,
Eric Mobley,1994-95,24,MIL,46,587,14.3,-1.2,0.1,1.3,.107
Eric Mobley,1995-96,25,2TM,39,676,9.4,-5.1,-0.5,0.2,.015
Eric Mobley,1995-96,25,MIL,5,65,3.9,-6.0,-0.1,0.0,-0.010
Eric Mobley,1995-96,25,VAN,34,611,10.0,-5.0,-0.5,0.2,.017
Eric Mobley,1996-97,26,VAN,28,307,6.3,-8.4,-0.5,-0.4,-0.063
Evan Mobley,2021-22,20,CLE,69,2331,16.1,0.6,1.5,5.2,.107
Evan Mobley,2022-23,21,CLE,79,2715,17.9,1.7,2.5,8.5,.151
Evan Mobley,2023-24,22,CLE,50,1532,20.1,2.9,1.9,5.5,.174
Evan Mobley,2024-25,23,CLE,71,2167,22.3,4.6,3.6,9.0,.200
Isaiah Mobley,2022-23,23,CLE,12,84,14.1,-1.4,0.0,0.2,.135
Isaiah Mobley,2023-24,24,CLE,10,72,8.1,-6.6,-0.1,0.0,.032
Isaiah Mobley,2024-25,25,PHI,1,17,17.2,4.7,0.0,0.0,.119
Doug Moe,1961-62,,Did not play - suspended,,,,,,,
Doug Moe,1962-63,,Did not play - suspended,,,,,,,
Doug Moe,1963-64,,Did not play - suspended,,,,,,,
Doug Moe,1964-65,,Did not play - suspended,,,,,,,
Doug Moe,1965-66,,Did not play - other pro league,,,,,,,
Doug Moe,1966-67,,Did not play - other pro league,,,,,,,
Doug Moe,1967-68,29,NOB,78,3113,21.2,,,9.4,.144
Doug Moe,1968-69,30,OAK,75,2528,16.8,,,4.8,.091
Doug Moe,1969-70,31,CAR,80,2671,16.6,,,5.2,.093
Doug Moe,1970-71,32,VIR,78,2297,13.3,,,4.3,.090
Doug Moe,1971-72,33,VIR,67,1472,8.5,,,1.8,.058
Larry Moffett,1977-78,23,HOU,20,110,4.0,-4.6,-0.1,-0.1,-0.042
Jonathan Mogbo,2024-25,23,TOR,63,1286,11.9,-1.9,0.0,1.9,.071
Leo Mogus,1946-47,25,2TM,58,,,,,7.7,
Leo Mogus,1946-47,25,CLR,17,,,,,2.5,
Leo Mogus,1946-47,25,TRH,41,,,,,5.1,
Leo Mogus,1947-48,,Did not play - other pro league,,,,,,,
Leo Mogus,1948-49,27,3TM,52,,,,,5.0,
Leo Mogus,1948-49,27,BLB,13,,,,,0.0,
Leo Mogus,1948-49,27,FTW,20,,,,,1.7,
Leo Mogus,1948-49,27,INJ,19,,,,,3.3,
Leo Mogus,1949-50,28,PHW,64,,,,,8.0,
Leo Mogus,1950-51,29,PHW,57,,,,,1.2,
Nazr Mohammed,1998-99,21,PHI,26,121,10.0,-7.5,-0.2,0.0,.013
Nazr Mohammed,1999-00,22,PHI,28,190,7.0,-7.0,-0.2,-0.1,-0.016
Nazr Mohammed,2000-01,23,2TM,58,912,19.2,-1.5,0.1,2.5,.129
Nazr Mohammed,2000-01,23,PHI,30,196,15.3,-3.9,-0.1,0.5,.116
Nazr Mohammed,2000-01,23,ATL,28,716,20.3,-0.9,0.2,2.0,.133
Nazr Mohammed,2001-02,24,ATL,82,2168,14.0,-3.8,-1.0,3.3,.072
Nazr Mohammed,2002-03,25,ATL,35,445,12.4,-5.3,-0.4,0.4,.045
Nazr Mohammed,2003-04,26,2TM,80,1611,16.1,-1.4,0.3,3.7,.110
Nazr Mohammed,2003-04,26,ATL,53,938,14.7,-2.8,-0.2,1.7,.087
Nazr Mohammed,2003-04,26,NYK,27,673,18.1,0.5,0.4,2.0,.144
Nazr Mohammed,2004-05,27,2TM,77,1933,16.4,-1.8,0.1,4.6,.115
Nazr Mohammed,2004-05,27,NYK,54,1519,17.0,-0.9,0.4,3.8,.120
Nazr Mohammed,2004-05,27,SAS,23,414,14.2,-4.7,-0.3,0.8,.095
Nazr Mohammed,2005-06,28,SAS,80,1389,15.0,-2.0,0.0,4.5,.156
Nazr Mohammed,2006-07,29,DET,51,773,16.5,-1.9,0.0,2.3,.145
Nazr Mohammed,2007-08,30,2TM,82,1650,15.8,-2.3,-0.1,3.4,.098
Nazr Mohammed,2007-08,30,DET,21,228,13.1,-3.1,-0.1,0.5,.112
Nazr Mohammed,2007-08,30,CHA,61,1422,16.2,-2.2,-0.1,2.8,.096
Nazr Mohammed,2008-09,31,CHA,39,341,7.7,-7.1,-0.4,0.0,.004
Nazr Mohammed,2009-10,32,CHA,58,984,19.6,0.5,0.6,3.6,.174
Nazr Mohammed,2010-11,33,2TM,75,1280,15.9,-2.8,-0.3,2.7,.100
Nazr Mohammed,2010-11,33,CHA,51,851,15.9,-3.2,-0.3,1.4,.080
Nazr Mohammed,2010-11,33,OKC,24,429,16.0,-2.1,0.0,1.2,.139
Nazr Mohammed,2011-12,34,OKC,63,692,11.0,-2.4,-0.1,1.3,.090
Nazr Mohammed,2012-13,35,CHI,63,693,10.8,-3.6,-0.3,1.2,.082
Nazr Mohammed,2013-14,36,CHI,80,562,10.1,-3.9,-0.3,0.8,.070
Nazr Mohammed,2014-15,37,CHI,23,128,8.7,-4.5,-0.1,0.1,.040
Nazr Mohammed,2015-16,38,OKC,5,19,6.0,-11.7,0.0,0.0,-0.009
Jérôme Moïso,2000-01,22,BOS,24,135,3.2,-10.3,-0.3,-0.3,-0.096
Jérôme Moïso,2001-02,23,CHH,15,76,5.9,-7.1,-0.1,-0.1,-0.040
Jérôme Moïso,2002-03,24,NOH,51,644,14.5,-1.3,0.1,1.5,.109
Jérôme Moïso,2003-04,25,TOR,35,417,12.3,-2.6,-0.1,0.8,.090
Jérôme Moïso,2004-05,26,3TM,20,120,12.3,-2.1,0.0,0.2,.098
Jérôme Moïso,2004-05,26,TOR,8,69,9.5,-4.5,0.0,0.1,.039
Jérôme Moïso,2004-05,26,NJN,8,24,17.0,0.8,0.0,0.1,.174
Jérôme Moïso,2004-05,26,CLE,4,27,15.3,1.4,0.0,0.1,.181
Paul Mokeski,1979-80,23,HOU,12,113,4.4,-6.4,-0.2,-0.1,-0.041
Paul Mokeski,1980-81,24,DET,80,1815,10.3,-2.6,-0.3,1.7,.046
Paul Mokeski,1981-82,25,2TM,67,868,8.7,-3.3,-0.3,0.8,.045
Paul Mokeski,1981-82,25,DET,39,523,7.1,-4.1,-0.3,0.3,.031
Paul Mokeski,1981-82,25,CLE,28,345,11.1,-2.1,0.0,0.5,.066
Paul Mokeski,1982-83,26,2TM,73,1128,8.3,-3.7,-0.5,1.4,.060
Paul Mokeski,1982-83,26,CLE,23,539,9.9,-2.3,0.0,0.6,.057
Paul Mokeski,1982-83,26,MIL,50,589,6.9,-5.0,-0.4,0.8,.063
Paul Mokeski,1983-84,27,MIL,68,838,8.9,-3.1,-0.2,1.6,.090
Paul Mokeski,1984-85,28,MIL,79,1586,10.1,-1.7,0.1,3.4,.102
Paul Mokeski,1985-86,29,MIL,45,521,7.9,-3.2,-0.2,0.9,.079
Paul Mokeski,1986-87,30,MIL,62,626,7.4,-3.5,-0.2,1.1,.081
Paul Mokeski,1987-88,31,MIL,60,848,8.8,-4.5,-0.5,1.3,.073
Paul Mokeski,1988-89,32,MIL,74,690,8.2,-3.6,-0.3,1.0,.072
Paul Mokeski,1989-90,33,CLE,38,449,7.7,-6.7,-0.5,0.2,.018
Paul Mokeski,1990-91,34,GSW,36,257,6.6,-5.0,-0.2,0.3,.056
Adam Mokoka,2019-20,21,CHI,11,112,8.2,-4.1,-0.1,0.2,.073
Adam Mokoka,2020-21,22,CHI,14,56,2.2,-9.3,-0.1,-0.1,-0.112
Jack Molinas,1953-54,22,FTW,32,958,19.3,,,3.6,.179
Jack Molinas,1954-55,,Did not play - suspended,,,,,,,
Wayne Molis,1966-67,23,NYK,13,75,11.7,,,-0.2,-0.099
Wayne Molis,1967-68,24,2TM,46,535,18.6,,,1.1,.103
Wayne Molis,1967-68,24,OAK,5,46,11.1,,,0.0,.038
Wayne Molis,1967-68,24,HSM,41,489,19.3,,,1.1,.109
Sidney Moncrief,1979-80,22,MIL,77,1557,15.9,1.5,1.4,4.9,.150
Sidney Moncrief,1980-81,23,MIL,80,2417,18.0,3.8,3.5,9.9,.196
Sidney Moncrief,1981-82,24,MIL,80,2980,20.1,4.8,5.1,13.4,.216
Sidney Moncrief,1982-83,25,MIL,76,2710,22.6,5.4,5.1,13.2,.233
Sidney Moncrief,1983-84,26,MIL,79,3075,19.8,4.1,4.7,12.7,.198
Sidney Moncrief,1984-85,27,MIL,73,2734,20.1,4.8,4.7,11.2,.197
Sidney Moncrief,1985-86,28,MIL,73,2567,20.0,4.9,4.5,11.7,.219
Sidney Moncrief,1986-87,29,MIL,39,992,15.9,1.7,0.9,2.9,.142
Sidney Moncrief,1987-88,30,MIL,56,1428,15.2,0.9,1.1,3.7,.123
Sidney Moncrief,1988-89,31,MIL,62,1594,16.4,2.6,1.9,5.0,.151
Sidney Moncrief,1989-90,,Did not play - retired,,,,,,,
Sidney Moncrief,1990-91,33,ATL,72,1096,11.2,-0.7,0.4,1.8,.079
Chima Moneke,2022-23,27,SAC,2,8,-3.5,-20.7,0.0,0.0,-0.288
Chima Moneke,2023-24,,Did not play - other pro league,,,,,,,
Eric Money,1974-75,19,DET,66,889,11.3,-3.9,-0.4,0.3,.019
Eric Money,1975-76,20,DET,80,2267,16.3,0.3,1.3,4.2,.090
Eric Money,1976-77,21,DET,73,1586,15.8,0.2,0.9,3.3,.099
Eric Money,1977-78,22,DET,76,2557,15.4,-1.1,0.6,3.6,.067
Eric Money,1978-79,23,2TM,70,1979,14.4,-1.1,0.5,2.7,.065
Eric Money,1978-79,23,NJN,47,1434,15.4,-0.3,0.6,2.1,.072
Eric Money,1978-79,23,PHI,23,545,11.8,-3.3,-0.2,0.5,.048
Eric Money,1979-80,24,2TM,61,1549,11.4,-3.6,-0.7,0.6,.020
Eric Money,1979-80,24,PHI,6,82,4.4,-5.8,-0.2,-0.2,-0.094
Eric Money,1979-80,24,DET,55,1467,11.7,-3.4,-0.5,0.8,.026
Sergei Monia,2004-05,,Did not play - other pro league,,,,,,,
Sergei Monia,2005-06,22,2TM,26,343,6.3,-5.3,-0.3,-0.2,-0.025
Sergei Monia,2005-06,22,POR,23,336,6.2,-5.3,-0.3,-0.2,-0.026
Sergei Monia,2005-06,22,SAC,3,7,12.1,-4.6,0.0,0.0,.062
Malik Monk,2017-18,19,CHO,63,854,10.2,-3.4,-0.3,0.0,.000
Malik Monk,2018-19,20,CHO,73,1258,11.8,-3.0,-0.3,0.3,.012
Malik Monk,2019-20,21,CHO,55,1169,12.6,-2.3,-0.1,0.7,.028
Malik Monk,2020-21,22,CHO,42,878,13.6,-1.8,0.0,1.0,.054
Malik Monk,2021-22,23,LAL,76,2139,14.4,-0.5,0.8,3.6,.081
Malik Monk,2022-23,24,SAC,77,1719,16.6,0.3,1.0,3.2,.091
Malik Monk,2023-24,25,SAC,72,1872,16.0,0.6,1.2,3.5,.090
Malik Monk,2024-25,26,SAC,65,2054,15.0,-0.8,0.6,2.8,.065
Earl Monroe,1967-68,23,BAL,82,3012,19.3,,,9.3,.148
Earl Monroe,1968-69,24,BAL,80,3075,18.4,,,8.8,.138
Earl Monroe,1969-70,25,BAL,82,3051,17.3,,,8.3,.130
Earl Monroe,1970-71,26,BAL,81,2843,17.1,,,7.1,.119
Earl Monroe,1971-72,27,2TM,63,1337,14.9,,,2.5,.089
Earl Monroe,1971-72,27,BAL,3,103,14.7,,,0.0,.009
Earl Monroe,1971-72,27,NYK,60,1234,14.9,,,2.4,.095
Earl Monroe,1972-73,28,NYK,75,2370,16.1,,,7.8,.158
Earl Monroe,1973-74,29,NYK,41,1194,14.5,0.5,0.8,2.8,.111
Earl Monroe,1974-75,30,NYK,78,2814,17.7,1.5,2.5,6.6,.113
Earl Monroe,1975-76,31,NYK,76,2889,17.1,1.5,2.5,7.2,.119
Earl Monroe,1976-77,32,NYK,77,2656,18.1,1.7,2.5,7.8,.141
Earl Monroe,1977-78,33,NYK,76,2369,16.9,-0.1,1.1,5.8,.117
Earl Monroe,1978-79,34,NYK,64,1393,15.4,-1.1,0.3,2.5,.085
Earl Monroe,1979-80,35,NYK,51,633,15.3,-1.8,0.0,1.1,.081
Greg Monroe,2010-11,20,DET,80,2222,18.0,0.4,1.4,6.6,.143
Greg Monroe,2011-12,21,DET,66,2082,22.0,2.9,2.6,7.0,.161
Greg Monroe,2012-13,22,DET,81,2687,19.5,1.8,2.6,5.9,.105
Greg Monroe,2013-14,23,DET,82,2690,18.1,0.1,1.4,5.9,.106
Greg Monroe,2014-15,24,DET,69,2137,21.2,2.0,2.1,6.8,.153
Greg Monroe,2015-16,25,MIL,79,2314,21.8,2.1,2.4,7.5,.155
Greg Monroe,2016-17,26,MIL,81,1823,21.1,1.8,1.7,5.6,.147
Greg Monroe,2017-18,27,3TM,51,1040,21.2,2.2,1.1,3.4,.155
Greg Monroe,2017-18,27,MIL,5,79,11.1,-5.6,-0.1,0.0,-0.013
Greg Monroe,2017-18,27,PHO,20,465,21.0,2.1,0.5,1.4,.142
Greg Monroe,2017-18,27,BOS,26,496,23.0,3.6,0.7,2.0,.193
Greg Monroe,2018-19,28,3TM,43,480,16.0,-3.2,-0.1,1.1,.108
Greg Monroe,2018-19,28,TOR,38,423,13.5,-5.0,-0.3,0.6,.071
Greg Monroe,2018-19,28,BOS,2,5,60.2,25.2,0.0,0.1,.534
Greg Monroe,2018-19,28,PHI,3,52,31.7,8.2,0.1,0.4,.370
Greg Monroe,2019-20,,Did not play - other pro league,,,,,,,
Greg Monroe,2020-21,,Did not play - other pro league,,,,,,,
Greg Monroe,2021-22,31,4TM,14,195,19.5,0.4,0.1,0.7,.169
Greg Monroe,2021-22,31,MIN,4,81,18.9,4.5,0.1,0.3,.149
Greg Monroe,2021-22,31,WAS,2,18,25.1,-4.4,0.0,0.1,.135
Greg Monroe,2021-22,31,MIL,5,70,16.0,-4.5,0.0,0.2,.119
Greg Monroe,2021-22,31,UTA,3,26,27.0,4.4,0.0,0.2,.390
Rodney Monroe,1991-92,23,ATL,38,313,8.8,-5.3,-0.3,-0.2,-0.035
Luis Montero,2015-16,22,POR,12,42,-2.7,-15.5,-0.1,-0.2,-0.238
Luis Montero,2016-17,,Did not play - other pro league,,,,,,,
Luis Montero,2017-18,24,DET,2,8,-15.5,-25.6,0.0,-0.1,-0.445
Howie Montgomery,1962-63,22,SFW,20,364,9.9,,,0.1,.018
Eric Montross,1994-95,23,BOS,78,2315,12.1,-3.0,-0.6,4.1,.084
Eric Montross,1995-96,24,BOS,61,1432,10.6,-4.0,-0.7,1.3,.044
Eric Montross,1996-97,25,2TM,78,1828,8.8,-4.8,-1.3,1.4,.036
Eric Montross,1996-97,25,DAL,47,984,6.6,-6.0,-1.0,0.1,.005
Eric Montross,1996-97,25,NJN,31,844,11.3,-3.4,-0.3,1.3,.072
Eric Montross,1997-98,26,2TM,48,691,8.0,-5.4,-0.6,0.7,.049
Eric Montross,1997-98,26,PHI,20,337,6.7,-6.2,-0.4,0.1,.015
Eric Montross,1997-98,26,DET,28,354,9.4,-4.7,-0.2,0.6,.082
Eric Montross,1998-99,27,DET,46,577,9.1,-2.4,-0.1,1.3,.106
Eric Montross,1999-00,28,DET,51,332,0.2,-9.3,-0.6,-0.4,-0.058
Eric Montross,2000-01,29,2TM,54,649,5.4,-6.7,-0.8,0.0,-0.001
Eric Montross,2000-01,29,DET,42,568,5.0,-6.7,-0.7,-0.1,-0.006
Eric Montross,2000-01,29,TOR,12,81,8.1,-6.9,-0.1,0.0,.028
Eric Montross,2001-02,30,TOR,49,655,5.8,-5.6,-0.6,0.2,.015
Moses Moody,2021-22,19,GSW,52,607,10.5,-2.5,-0.1,1.3,.101
Moses Moody,2022-23,20,GSW,63,817,10.3,-2.6,-0.1,1.3,.076
Moses Moody,2023-24,21,GSW,66,1156,13.7,-0.1,0.6,2.4,.101
Moses Moody,2024-25,22,GSW,74,1649,12.4,-0.9,0.5,3.5,.102
Jamario Moon,2007-08,27,TOR,78,2166,15.0,1.9,2.2,5.7,.126
Jamario Moon,2008-09,28,2TM,80,2068,13.3,1.7,1.9,4.9,.114
Jamario Moon,2008-09,28,TOR,54,1379,14.2,2.7,1.6,3.4,.119
Jamario Moon,2008-09,28,MIA,26,689,11.6,-0.2,0.3,1.5,.103
Jamario Moon,2009-10,29,CLE,61,1052,12.6,1.4,0.9,2.9,.131
Jamario Moon,2010-11,30,2TM,59,1042,10.1,-1.1,0.2,1.1,.050
Jamario Moon,2010-11,30,CLE,40,764,10.7,-0.8,0.2,0.7,.043
Jamario Moon,2010-11,30,LAC,19,278,8.4,-1.9,0.0,0.4,.068
Jamario Moon,2011-12,31,CHA,8,123,3.4,-7.3,-0.2,-0.3,-0.100
Xavier Moon,2021-22,27,LAC,10,137,16.2,-0.1,0.1,0.3,.121
Xavier Moon,2022-23,28,LAC,4,20,7.2,-5.1,0.0,0.0,-0.030
Xavier Moon,2023-24,29,LAC,14,119,8.1,-6.1,-0.1,-0.1,-0.026
Jim Mooney,1952-53,22,PHW,18,529,9.5,,,0.2,.019
Matt Mooney,2019-20,23,CLE,4,19,8.1,-0.4,0.0,0.0,.007
Matt Mooney,2020-21,,Did not play - other pro league,,,,,,,
Matt Mooney,2021-22,25,NYK,1,2,-20.0,-22.3,0.0,0.0,-0.915
Andre Moore,1987-88,23,2TM,10,50,12.1,-6.0,-0.1,0.0,-0.013
Andre Moore,1987-88,23,DEN,7,34,15.5,-6.3,0.0,0.0,-0.007
Andre Moore,1987-88,23,MIL,3,16,4.9,-5.3,0.0,0.0,-0.025
Ben Moore,2017-18,22,IND,2,9,-2.3,-9.3,0.0,0.0,.072
E'Twaun Moore,2011-12,22,BOS,38,331,8.8,-2.4,0.0,0.2,.031
E'Twaun Moore,2012-13,23,ORL,75,1682,10.7,-2.3,-0.1,0.2,.006
E'Twaun Moore,2013-14,24,ORL,79,1506,11.1,-1.6,0.2,1.7,.055
E'Twaun Moore,2014-15,25,CHI,56,504,10.3,-1.5,0.1,0.8,.080
E'Twaun Moore,2015-16,26,CHI,59,1263,11.4,-1.9,0.0,1.8,.070
E'Twaun Moore,2016-17,27,NOP,73,1820,12.1,-1.6,0.2,2.7,.070
E'Twaun Moore,2017-18,28,NOP,82,2586,12.1,-1.6,0.3,4.4,.081
E'Twaun Moore,2018-19,29,NOP,53,1463,11.5,-2.3,-0.1,1.7,.055
E'Twaun Moore,2019-20,30,NOP,56,1020,11.3,-2.7,-0.2,0.9,.043
E'Twaun Moore,2020-21,31,PHO,27,389,10.4,-2.9,-0.1,0.4,.049
Gene Moore,1968-69,23,KEN,76,2026,18.8,,,5.0,.119
Gene Moore,1969-70,24,KEN,83,2613,17.4,,,5.7,.105
Gene Moore,1970-71,25,TEX,84,2243,14.9,,,4.5,.095
Gene Moore,1971-72,26,2TM,77,1412,12.0,,,1.9,.064
Gene Moore,1971-72,26,DLC,9,263,9.4,,,0.2,.030
Gene Moore,1971-72,26,NYA,68,1149,12.6,,,1.7,.072
Gene Moore,1972-73,27,SDA,83,2481,15.3,,,6.8,.132
Gene Moore,1973-74,28,SDA,49,897,13.1,-2.4,-0.1,0.8,.045
Gene Moore,1974-75,29,SSL,13,108,11.4,-3.4,0.0,0.0,.014
Jackie Moore,1954-55,22,3TM,22,371,9.7,,,0.3,.034
Jackie Moore,1954-55,22,SYR,1,5,-3.2,,,0.0,-0.097
Jackie Moore,1954-55,22,MLH,1,13,0.1,,,-0.1,-0.404
Jackie Moore,1954-55,22,PHW,20,353,10.2,,,0.4,.051
Jackie Moore,1955-56,23,PHW,54,402,10.2,,,0.5,.054
Jackie Moore,1956-57,24,PHW,57,400,11.7,,,0.9,.103
Johnny Moore,1979-80,,Did not play - waived,,,,,,,
Johnny Moore,1980-81,22,SAS,82,1578,15.8,1.2,1.3,3.2,.099
Johnny Moore,1981-82,23,SAS,79,2294,17.0,2.5,2.6,5.8,.122
Johnny Moore,1982-83,24,SAS,77,2552,17.5,3.0,3.2,6.6,.123
Johnny Moore,1983-84,25,SAS,59,1650,17.5,3.1,2.1,3.8,.110
Johnny Moore,1984-85,26,SAS,82,2689,18.3,3.7,3.9,7.2,.128
Johnny Moore,1985-86,27,SAS,28,856,18.3,4.0,1.3,2.1,.119
Johnny Moore,1986-87,28,SAS,55,1234,13.4,-1.7,0.1,1.2,.048
Johnny Moore,1987-88,29,2TM,5,61,5.9,-6.0,-0.1,-0.1,-0.077
Johnny Moore,1987-88,29,SAS,4,51,9.0,-2.8,0.0,0.0,-0.009
Johnny Moore,1987-88,29,NJN,1,10,-9.8,-22.7,-0.1,-0.1,-0.428
Johnny Moore,1988-89,,Did not play - other pro league,,,,,,,
Johnny Moore,1989-90,31,SAS,53,516,8.1,-2.7,-0.1,0.3,.029
Larry Moore,1967-68,25,ANA,12,78,-0.3,,,-0.2,-0.116
Lowes Moore,1980-81,23,NJN,71,1406,11.1,-2.1,0.0,1.1,.037
Lowes Moore,1981-82,24,CLE,4,70,21.5,-0.3,0.1,0.2,.152
Lowes Moore,1982-83,25,SDC,37,642,8.8,-4.3,-0.4,0.2,.017
Mikki Moore,1998-99,23,DET,2,6,35.7,18.2,0.0,0.1,.527
Mikki Moore,1999-00,24,DET,29,488,19.6,0.7,0.3,2.2,.218
Mikki Moore,2000-01,25,DET,81,1154,12.9,-2.6,-0.2,2.8,.116
Mikki Moore,2001-02,26,DET,30,217,14.9,-1.3,0.0,0.6,.133
Mikki Moore,2002-03,27,2TM,8,43,17.9,-1.8,0.0,0.1,.157
Mikki Moore,2002-03,27,BOS,3,12,-3.1,-13.0,0.0,0.0,.018
Mikki Moore,2002-03,27,ATL,5,31,26.1,2.5,0.0,0.1,.211
Mikki Moore,2003-04,28,2TM,32,395,13.3,-1.0,0.1,1.0,.122
Mikki Moore,2003-04,28,NJN,4,10,-3.5,-17.5,0.0,0.0,-0.202
Mikki Moore,2003-04,28,UTA,28,385,13.7,-0.6,0.1,1.0,.131
Mikki Moore,2004-05,29,LAC,74,1178,12.7,-2.4,-0.1,2.6,.106
Mikki Moore,2005-06,30,SEA,47,583,8.6,-5.5,-0.5,0.1,.006
Mikki Moore,2006-07,31,NJN,79,2082,14.8,-1.2,0.4,5.7,.131
Mikki Moore,2007-08,32,SAC,82,2385,11.5,-2.4,-0.3,4.6,.092
Mikki Moore,2008-09,33,2TM,70,1202,8.9,-3.5,-0.5,2.1,.083
Mikki Moore,2008-09,33,SAC,46,746,8.6,-3.9,-0.3,0.8,.052
Mikki Moore,2008-09,33,BOS,24,456,9.3,-3.0,-0.1,1.3,.135
Mikki Moore,2009-10,34,GSW,23,406,11.2,-1.9,0.0,0.6,.071
Mikki Moore,2010-11,,Did not play - waived,,,,,,,
Mikki Moore,2011-12,36,GSW,7,118,6.3,-6.9,-0.1,0.1,.022
Otto Moore,1968-69,22,DET,74,1605,11.7,,,0.9,.027
Otto Moore,1969-70,23,DET,81,2523,14.3,,,3.5,.067
Otto Moore,1970-71,24,DET,82,1926,14.0,,,2.4,.060
Otto Moore,1971-72,25,PHO,81,1624,12.1,,,2.3,.067
Otto Moore,1972-73,26,HOU,82,2712,13.5,,,4.7,.083
Otto Moore,1973-74,27,2TM,78,946,13.7,0.5,0.6,1.8,.093
Otto Moore,1973-74,27,HOU,13,313,10.4,-0.5,0.1,0.4,.061
Otto Moore,1973-74,27,KCO,65,633,15.4,1.0,0.5,1.4,.109
Otto Moore,1974-75,28,2TM,42,1066,11.5,-1.7,0.1,1.3,.056
Otto Moore,1974-75,28,DET,2,11,5.4,-4.8,0.0,0.0,-0.138
Otto Moore,1974-75,28,NOJ,40,1055,11.5,-1.7,0.1,1.3,.058
Otto Moore,1975-76,29,NOJ,81,2407,14.2,1.6,2.2,5.0,.099
Otto Moore,1976-77,30,NOJ,81,2084,11.5,0.0,1.1,2.9,.067
Otto Moore,1977-78,,Did not play - other pro league,,,,,,,
Richie Moore,1967-68,,DNR,18,211,3.0,,,0.0,.010
Ron Moore,1987-88,26,2TM,14,59,2.0,-12.5,-0.2,-0.1,-0.074
Ron Moore,1987-88,26,DET,9,25,-1.0,-13.4,-0.1,-0.1,-0.165
Ron Moore,1987-88,26,PHO,5,34,4.3,-11.9,-0.1,0.0,-0.008
Taze Moore,2023-24,25,POR,4,40,11.8,-3.1,0.0,0.0,-0.017
Taze Moore,2024-25,26,POR,2,20,7.1,-4.3,0.0,-0.1,-0.150
Tracy Moore,1991-92,26,DAL,42,782,11.6,-2.6,-0.1,0.6,.039
Tracy Moore,1992-93,27,DAL,39,510,14.8,-0.2,0.2,0.5,.046
Tracy Moore,1993-94,28,DET,3,10,33.0,16.8,0.0,0.1,.395
Tracy Moore,1994-95,,Did not play - other pro league,,,,,,,
Tracy Moore,1995-96,30,HOU,8,190,12.4,-4.4,-0.1,0.3,.076
Tracy Moore,1996-97,31,HOU,27,237,11.4,-2.9,-0.1,0.3,.066
Wendell Moore Jr.,2022-23,21,MIN,29,153,9.3,-2.4,0.0,0.1,.028
Wendell Moore Jr.,2023-24,22,MIN,25,75,8.6,-2.8,0.0,0.1,.052
Wendell Moore Jr.,2024-25,23,2TM,36,499,11.0,-2.7,-0.1,0.7,.063
Wendell Moore Jr.,2024-25,23,DET,20,219,12.4,0.0,0.1,0.5,.115
Wendell Moore Jr.,2024-25,23,CHO,16,280,10.0,-4.7,-0.2,0.1,.023
Ja Morant,2019-20,20,MEM,67,2074,17.4,0.3,1.2,3.8,.088
Ja Morant,2020-21,21,MEM,63,2053,16.7,-0.4,0.8,3.2,.074
Ja Morant,2021-22,22,MEM,57,1889,24.4,6.1,3.9,6.7,.171
Ja Morant,2022-23,23,MEM,61,1948,23.3,5.7,3.8,6.0,.148
Ja Morant,2023-24,24,MEM,9,318,20.6,3.1,0.4,0.8,.124
Ja Morant,2024-25,25,MEM,50,1519,19.3,2.4,1.7,3.5,.112
Eric Moreland,2014-15,23,SAC,3,2,40.8,17.2,0.0,0.0,.431
Eric Moreland,2015-16,24,SAC,8,48,7.4,-4.5,0.0,0.0,.012
Eric Moreland,2016-17,,Did not play - other pro league,,,,,,,
Eric Moreland,2017-18,26,DET,67,805,13.9,0.5,0.5,2.3,.135
Eric Moreland,2018-19,27,2TM,5,43,6.7,-4.7,0.0,0.0,.032
Eric Moreland,2018-19,27,PHO,1,5,3.9,-6.1,0.0,0.0,.077
Eric Moreland,2018-19,27,TOR,4,38,7.1,-4.5,0.0,0.0,.026
Jackie Moreland,1960-61,22,DET,64,1003,11.7,,,0.5,.026
Jackie Moreland,1961-62,23,DET,74,1219,14.7,,,2.6,.101
Jackie Moreland,1962-63,24,DET,78,1516,13.9,,,2.5,.078
Jackie Moreland,1963-64,25,DET,78,1780,12.1,,,2.3,.062
Jackie Moreland,1964-65,26,DET,54,732,9.5,,,0.1,.006
Jackie Moreland,1965-66,,Did not play - retired,,,,,,,
Jackie Moreland,1966-67,,Did not play - retired,,,,,,,
Jackie Moreland,1967-68,29,NOB,76,2332,16.4,,,5.3,.108
Jackie Moreland,1968-69,30,NOB,78,2714,13.5,,,3.6,.063
Jackie Moreland,1969-70,31,NOB,80,2321,9.7,,,2.3,.048
Guy Morgan,1982-83,22,IND,8,46,9.9,-4.6,0.0,-0.1,-0.059
Juwan Morgan,2019-20,22,UTA,21,134,10.1,-3.2,0.0,0.3,.106
Juwan Morgan,2020-21,23,UTA,29,147,8.5,-2.3,0.0,0.3,.105
Juwan Morgan,2021-22,24,2TM,2,31,8.3,-7.1,0.0,0.1,.124
Juwan Morgan,2021-22,24,TOR,1,27,9.5,-7.3,0.0,0.1,.139
Juwan Morgan,2021-22,24,BOS,1,4,0.0,-6.0,0.0,0.0,.024
Rex Morgan,1970-71,22,BOS,34,266,10.7,,,0.4,.074
Rex Morgan,1971-72,23,BOS,28,150,8.7,,,0.1,.045
Elmore Morgenthaler,1946-47,24,PRO,11,,,,,0.2,
Elmore Morgenthaler,1947-48,,Did not play - other pro league,,,,,,,
Elmore Morgenthaler,1948-49,26,PHW,20,,,,,0.5,
Darren Morningstar,1992-93,,Did not play - other pro league,,,,,,,
Darren Morningstar,1993-94,24,2TM,23,367,8.9,-4.5,-0.2,0.4,.048
Darren Morningstar,1993-94,24,DAL,22,363,8.8,-4.6,-0.2,0.3,.045
Darren Morningstar,1993-94,24,UTA,1,4,19.4,0.9,0.0,0.0,.247
Chris Morris,1988-89,23,NJN,76,2096,15.0,-0.3,0.9,2.8,.064
Chris Morris,1989-90,24,NJN,80,2449,14.8,0.6,1.6,3.2,.062
Chris Morris,1990-91,25,NJN,79,2553,14.7,1.0,1.9,4.5,.085
Chris Morris,1991-92,26,NJN,77,2394,14.4,0.8,1.7,4.7,.094
Chris Morris,1992-93,27,NJN,77,2302,17.8,3.1,2.9,7.2,.151
Chris Morris,1993-94,28,NJN,50,1349,15.4,2.3,1.5,3.8,.137
Chris Morris,1994-95,29,NJN,71,2131,15.5,1.4,1.8,4.0,.090
Chris Morris,1995-96,30,UTA,66,1424,15.8,0.8,1.0,3.3,.112
Chris Morris,1996-97,31,UTA,73,977,9.7,-2.6,-0.2,1.2,.059
Chris Morris,1997-98,32,UTA,54,538,14.7,-1.2,0.1,1.0,.092
Chris Morris,1998-99,33,PHO,44,535,15.3,0.1,0.3,1.6,.142
Darius Morris,2011-12,21,LAL,19,169,5.2,-7.8,-0.2,-0.2,-0.045
Darius Morris,2012-13,22,LAL,48,683,8.1,-4.2,-0.4,0.2,.016
Darius Morris,2013-14,23,3TM,27,313,9.2,-4.5,-0.2,0.0,.006
Darius Morris,2013-14,23,PHI,12,193,11.9,-3.9,-0.1,0.1,.027
Darius Morris,2013-14,23,LAC,10,54,1.5,-9.1,-0.1,0.0,-0.041
Darius Morris,2013-14,23,MEM,5,66,7.9,-2.5,0.0,0.0,-0.016
Darius Morris,2014-15,24,BRK,38,299,6.7,-6.4,-0.3,-0.4,-0.068
Isaiah Morris,1992-93,23,DET,25,102,10.6,-5.7,-0.1,0.0,-0.022
Jaylen Morris,2017-18,22,ATL,6,98,6.5,-5.4,-0.1,-0.1,-0.053
Jaylen Morris,2018-19,23,MIL,4,29,12.2,-0.4,0.0,0.1,.084
Jaylen Morris,2019-20,,Did not play - other pro league,,,,,,,
Jaylen Morris,2020-21,,Did not play - other pro league,,,,,,,
Jaylen Morris,2021-22,26,SAS,3,16,-11.4,-21.5,-0.1,-0.1,-0.376
Marcus Morris,2011-12,22,HOU,17,126,3.8,-9.3,-0.2,-0.2,-0.083
Marcus Morris,2012-13,23,2TM,77,1524,11.3,-2.0,0.0,1.8,.058
Marcus Morris,2012-13,23,HOU,54,1154,12.1,-1.2,0.2,2.0,.084
Marcus Morris,2012-13,23,PHO,23,370,8.6,-4.4,-0.2,-0.2,-0.022
Marcus Morris,2013-14,24,PHO,82,1800,14.8,0.5,1.1,4.2,.111
Marcus Morris,2014-15,25,PHO,81,2045,13.7,0.1,1.1,4.0,.093
Marcus Morris,2015-16,26,DET,80,2856,12.7,-0.2,1.3,5.4,.091
Marcus Morris,2016-17,27,DET,79,2565,12.4,-1.1,0.6,3.9,.072
Marcus Morris,2017-18,28,BOS,54,1442,14.5,-0.1,0.7,3.2,.108
Marcus Morris,2018-19,29,BOS,75,2091,14.2,-0.9,0.6,4.5,.104
Marcus Morris,2019-20,30,2TM,62,1936,14.3,-0.1,0.9,3.6,.088
Marcus Morris,2019-20,30,NYK,43,1387,16.5,0.7,0.9,2.9,.101
Marcus Morris,2019-20,30,LAC,19,549,8.9,-2.2,0.0,0.6,.055
Marcus Morris,2020-21,31,LAC,57,1502,14.5,0.0,0.8,3.6,.115
Marcus Morris,2021-22,32,LAC,54,1564,13.7,-1.4,0.3,2.4,.074
Marcus Morris,2022-23,33,LAC,65,1825,10.5,-1.9,0.0,2.0,.053
Marcus Morris,2023-24,34,2TM,49,817,9.9,-3.8,-0.4,1.0,.060
Marcus Morris,2023-24,34,PHI,37,637,10.5,-3.4,-0.2,1.0,.073
Marcus Morris,2023-24,34,CLE,12,180,8.0,-5.1,-0.1,0.1,.015
Markieff Morris,2011-12,22,PHO,63,1227,12.1,-2.1,0.0,1.5,.059
Markieff Morris,2012-13,23,PHO,82,1837,12.6,-1.9,0.0,1.7,.044
Markieff Morris,2013-14,24,PHO,81,2153,18.4,1.0,1.6,6.4,.143
Markieff Morris,2014-15,25,PHO,82,2581,15.8,-0.3,1.1,4.6,.085
Markieff Morris,2015-16,26,2TM,64,1629,12.2,-2.4,-0.2,0.5,.015
Markieff Morris,2015-16,26,PHO,37,917,10.8,-3.7,-0.4,-0.5,-0.029
Markieff Morris,2015-16,26,WAS,27,712,14.0,-0.9,0.2,1.1,.072
Markieff Morris,2016-17,27,WAS,76,2374,13.7,-1.5,0.3,4.1,.083
Markieff Morris,2017-18,28,WAS,73,1968,13.2,-1.3,0.4,3.3,.080
Markieff Morris,2018-19,29,2TM,58,1270,11.7,-2.7,-0.2,1.6,.061
Markieff Morris,2018-19,29,WAS,34,883,12.3,-2.7,-0.2,0.9,.051
Markieff Morris,2018-19,29,OKC,24,387,10.4,-2.8,-0.1,0.7,.083
Markieff Morris,2019-20,30,2TM,58,1187,12.5,-2.0,0.0,1.4,.058
Markieff Morris,2019-20,30,DET,44,988,12.7,-2.1,0.0,1.0,.049
Markieff Morris,2019-20,30,LAL,14,199,11.5,-1.4,0.0,0.4,.106
Markieff Morris,2020-21,31,LAL,61,1200,9.3,-2.6,-0.2,1.6,.062
Markieff Morris,2021-22,32,MIA,17,298,10.9,-1.9,0.0,0.3,.054
Markieff Morris,2022-23,33,2TM,35,355,10.4,-2.7,-0.1,0.4,.059
Markieff Morris,2022-23,33,BRK,27,285,10.7,-1.9,0.0,0.4,.074
Markieff Morris,2022-23,33,DAL,8,70,9.1,-5.8,-0.1,0.0,.002
Markieff Morris,2023-24,34,DAL,26,216,6.6,-5.3,-0.2,-0.1,-0.014
Markieff Morris,2024-25,35,2TM,15,165,6.0,-7.6,-0.2,-0.2,-0.044
Markieff Morris,2024-25,35,DAL,7,41,0.0,-13.1,-0.1,-0.2,-0.225
Markieff Morris,2024-25,35,LAL,8,124,7.9,-5.8,-0.1,0.0,.016
Max Morris,1949-50,24,SHE,62,,,,,4.1,
Monte Morris,2017-18,22,DEN,3,25,27.1,9.4,0.1,0.2,.312
Monte Morris,2018-19,23,DEN,82,1970,16.2,1.5,1.7,6.2,.151
Monte Morris,2019-20,24,DEN,73,1636,14.9,-0.2,0.7,3.8,.112
Monte Morris,2020-21,25,DEN,47,1196,14.0,-0.3,0.5,2.9,.115
Monte Morris,2021-22,26,DEN,75,2239,14.7,0.0,1.1,5.4,.116
Monte Morris,2022-23,27,WAS,62,1695,15.0,0.5,1.1,4.2,.120
Monte Morris,2023-24,28,2TM,33,476,13.2,0.7,0.3,1.2,.123
Monte Morris,2023-24,28,DET,6,68,8.5,-6.9,-0.1,-0.1,-0.065
Monte Morris,2023-24,28,MIN,27,408,13.9,2.0,0.4,1.3,.154
Monte Morris,2024-25,29,PHO,45,571,13.1,-1.8,0.0,0.8,.064
Randolph Morris,2006-07,21,NYK,5,44,1.5,-6.6,0.0,-0.1,-0.083
Randolph Morris,2007-08,22,NYK,18,181,4.3,-11.6,-0.4,-0.2,-0.061
Randolph Morris,2008-09,23,ATL,23,89,1.8,-10.5,-0.2,0.0,-0.013
Randolph Morris,2009-10,24,ATL,28,124,14.6,-6.0,-0.1,0.3,.108
Terence Morris,2001-02,23,HOU,68,1110,9.5,-3.3,-0.4,0.2,.009
Terence Morris,2002-03,24,HOU,49,632,11.9,-1.3,0.1,0.9,.070
Terence Morris,2003-04,,Did not play - other pro league,,,,,,,
Terence Morris,2004-05,,Did not play - other pro league,,,,,,,
Terence Morris,2005-06,27,ORL,22,192,5.1,-4.4,-0.1,-0.1,-0.031
Adam Morrison,2006-07,22,CHA,78,2326,7.9,-5.1,-1.8,-1.5,-0.030
Adam Morrison,2007-08,,Did not play - injury,,,,,,,
Adam Morrison,2008-09,24,2TM,52,711,5.7,-4.8,-0.5,0.0,.001
Adam Morrison,2008-09,24,CHA,44,667,5.8,-4.5,-0.4,0.1,.004
Adam Morrison,2008-09,24,LAL,8,44,2.9,-9.2,-0.1,0.0,-0.045
Adam Morrison,2009-10,25,LAL,31,241,7.4,-4.7,-0.2,0.0,.009
Adam Morrison,2010-11,,Did not play - other pro league,,,,,,,
John Morrison,1967-68,22,DNR,9,76,0.1,,,-0.1,-0.058
Mike Morrison,1989-90,22,PHO,36,153,4.2,-10.5,-0.3,-0.3,-0.106
Red Morrison,1954-55,22,BOS,71,1227,11.8,,,1.7,.068
Red Morrison,1955-56,23,BOS,71,910,9.6,,,0.5,.024
Red Morrison,1956-57,,Did not play - retired,,,,,,,
Red Morrison,1957-58,25,STL,13,79,6.9,,,0.0,-0.001
Anthony Morrow,2008-09,23,GSW,67,1515,14.7,-0.2,0.7,3.0,.096
Anthony Morrow,2009-10,24,GSW,69,2018,14.0,-0.4,0.8,3.5,.084
Anthony Morrow,2010-11,25,NJN,58,1856,12.1,-1.0,0.5,3.0,.078
Anthony Morrow,2011-12,26,NJN,62,1636,13.1,-1.9,0.0,1.7,.051
Anthony Morrow,2012-13,27,2TM,41,383,12.0,-1.8,0.0,0.7,.084
Anthony Morrow,2012-13,27,ATL,24,301,12.3,-0.8,0.1,0.6,.100
Anthony Morrow,2012-13,27,DAL,17,82,10.9,-5.7,-0.1,0.0,.028
Anthony Morrow,2013-14,28,NOP,76,1426,13.9,-0.9,0.4,2.4,.081
Anthony Morrow,2014-15,29,OKC,74,1806,14.8,1.8,1.7,5.7,.151
Anthony Morrow,2015-16,30,OKC,68,926,10.7,-1.1,0.2,1.9,.097
Anthony Morrow,2016-17,31,2TM,49,714,10.1,-2.3,0.0,1.2,.083
Anthony Morrow,2016-17,31,OKC,40,627,9.2,-2.8,-0.1,0.9,.069
Anthony Morrow,2016-17,31,CHI,9,87,16.0,1.5,0.1,0.3,.190
Dwayne Morton,1994-95,23,GSW,41,395,11.0,-3.5,-0.1,0.2,.025
John Morton,1989-90,22,CLE,37,402,5.9,-7.7,-0.6,-0.9,-0.109
John Morton,1990-91,23,CLE,66,1207,12.2,-1.2,0.2,1.5,.058
John Morton,1991-92,24,2TM,25,270,9.7,-4.1,-0.1,-0.1,-0.009
John Morton,1991-92,24,CLE,4,54,6.7,-4.7,0.0,0.0,-0.006
John Morton,1991-92,24,MIA,21,216,10.5,-4.0,-0.1,0.0,-0.010
Richard Morton,1988-89,22,IND,2,11,12.9,-2.7,0.0,0.0,.067
Glenn Mosley,1977-78,22,PHI,6,21,0.6,-5.9,-0.1,-0.1,-0.228
Glenn Mosley,1978-79,23,SAS,26,221,12.2,-2.6,0.0,0.3,.068
Perry Moss,1982-83,,Did not play - other pro league,,,,,,,
Perry Moss,1983-84,,Did not play - other pro league,,,,,,,
Perry Moss,1984-85,,Did not play - other pro league,,,,,,,
Perry Moss,1985-86,27,2TM,72,1012,8.5,-2.7,-0.2,0.5,.026
Perry Moss,1985-86,27,WSB,12,160,8.2,-3.6,-0.1,0.0,-0.014
Perry Moss,1985-86,27,PHI,60,852,8.6,-2.5,-0.1,0.6,.033
Perry Moss,1986-87,28,GSW,64,698,10.2,-2.5,-0.1,0.4,.025
Lawrence Moten,1995-96,23,VAN,44,573,15.7,0.6,0.4,0.6,.047
Lawrence Moten,1996-97,24,VAN,67,1214,11.4,-3.0,-0.3,-0.4,-0.017
Lawrence Moten,1997-98,25,WAS,8,27,-0.2,-14.7,-0.1,-0.1,-0.134
Donatas Motiejūnas,2011-12,,Did not play - other pro league,,,,,,,
Donatas Motiejūnas,2012-13,22,HOU,44,538,12.2,-3.5,-0.2,0.7,.061
Donatas Motiejūnas,2013-14,23,HOU,62,952,10.7,-3.8,-0.4,1.4,.069
Donatas Motiejūnas,2014-15,24,HOU,71,2037,14.4,-0.5,0.8,4.7,.110
Donatas Motiejūnas,2015-16,25,HOU,37,547,11.3,-4.5,-0.3,0.3,.027
Donatas Motiejūnas,2016-17,26,NOP,34,479,9.1,-4.3,-0.3,0.2,.016
Donatas Motiejūnas,2017-18,,Did not play - other pro league,,,,,,,
Donatas Motiejūnas,2018-19,28,SAS,3,13,-0.5,-21.7,-0.1,-0.1,-0.246
Johnathan Motley,2017-18,22,DAL,11,176,17.2,-3.3,-0.1,0.3,.084
Johnathan Motley,2018-19,23,LAC,22,156,18.9,-1.9,0.0,0.3,.092
Johnathan Motley,2019-20,24,LAC,13,41,28.5,8.1,0.1,0.3,.299
Hanno Möttölä,2000-01,24,ATL,73,989,7.5,-6.6,-1.1,0.4,.018
Hanno Möttölä,2001-02,25,ATL,82,1371,8.4,-5.4,-1.2,0.5,.019
Arnett Moultrie,2012-13,22,PHI,47,542,16.7,-1.2,0.1,1.7,.149
Arnett Moultrie,2013-14,23,PHI,12,187,6.7,-7.3,-0.3,0.0,.007
Rick Mount,1970-71,24,INA,66,832,10.5,,,0.7,.039
Rick Mount,1971-72,25,INA,78,2126,14.4,,,4.6,.104
Rick Mount,1972-73,26,KEN,61,1780,14.4,,,3.5,.094
Rick Mount,1973-74,27,2TM,52,753,15.0,-1.5,0.1,1.1,.073
Rick Mount,1973-74,27,KEN,18,276,7.5,-6.0,-0.3,-0.1,-0.017
Rick Mount,1973-74,27,UTS,34,477,19.3,1.1,0.4,1.2,.125
Rick Mount,1974-75,28,MMS,26,895,13.3,-2.2,0.0,0.6,.032
Alonzo Mourning,1992-93,22,CHH,78,2644,20.8,0.9,1.9,8.2,.148
Alonzo Mourning,1993-94,23,CHH,60,2018,21.7,1.4,1.7,6.3,.151
Alonzo Mourning,1994-95,24,CHH,77,2941,20.1,1.1,2.3,9.4,.153
Alonzo Mourning,1995-96,25,MIA,70,2671,22.7,4.2,4.2,9.9,.178
Alonzo Mourning,1996-97,26,MIA,66,2320,21.6,2.9,2.9,8.4,.174
Alonzo Mourning,1997-98,27,MIA,58,1939,22.4,2.5,2.2,7.5,.185
Alonzo Mourning,1998-99,28,MIA,46,1753,24.6,4.7,3.0,7.9,.216
Alonzo Mourning,1999-00,29,MIA,79,2748,25.8,5.3,5.0,12.9,.226
Alonzo Mourning,2000-01,30,MIA,13,306,24.6,2.9,0.4,0.9,.148
Alonzo Mourning,2001-02,31,MIA,75,2455,18.9,1.3,2.0,7.4,.145
Alonzo Mourning,2002-03,,Did not play - illness,,,,,,,
Alonzo Mourning,2003-04,33,NJN,12,215,13.3,-1.4,0.0,0.6,.140
Alonzo Mourning,2004-05,34,2TM,37,702,15.4,-0.1,0.3,1.2,.080
Alonzo Mourning,2004-05,34,NJN,18,457,13.5,-1.7,0.0,0.3,.030
Alonzo Mourning,2004-05,34,MIA,19,245,18.9,2.7,0.3,0.9,.173
Alonzo Mourning,2005-06,35,MIA,65,1302,19.4,1.8,1.2,4.8,.176
Alonzo Mourning,2006-07,36,MIA,77,1572,16.7,-1.9,0.0,3.5,.107
Alonzo Mourning,2007-08,37,MIA,25,389,16.2,-1.5,0.1,0.8,.098
Timofey Mozgov,2008-09,,Did not play - other pro league,,,,,,,
Timofey Mozgov,2009-10,,Did not play - other pro league,,,,,,,
Timofey Mozgov,2010-11,24,2TM,45,524,10.8,-4.7,-0.3,0.6,.053
Timofey Mozgov,2010-11,24,NYK,34,458,10.3,-4.8,-0.3,0.4,.044
Timofey Mozgov,2010-11,24,DEN,11,66,14.4,-3.5,0.0,0.2,.112
Timofey Mozgov,2011-12,25,DEN,44,687,13.2,-2.5,-0.1,1.1,.074
Timofey Mozgov,2012-13,26,DEN,41,366,12.3,-3.7,-0.2,0.7,.096
Timofey Mozgov,2013-14,27,DEN,82,1770,16.7,-0.8,0.5,4.5,.123
Timofey Mozgov,2014-15,28,2TM,81,2045,16.6,-0.7,0.7,5.7,.133
Timofey Mozgov,2014-15,28,DEN,35,897,13.8,-1.9,0.0,1.8,.096
Timofey Mozgov,2014-15,28,CLE,46,1148,18.7,0.3,0.7,3.9,.161
Timofey Mozgov,2015-16,29,CLE,76,1326,14.6,-1.4,0.2,3.7,.133
Timofey Mozgov,2016-17,30,LAL,54,1104,12.3,-4.3,-0.7,1.1,.048
Timofey Mozgov,2017-18,31,BRK,31,359,12.3,-3.9,-0.2,0.4,.055
Chuck Mrazovich,1950-51,26,INO,25,,,,,0.4,
Emmanuel Mudiay,2015-16,19,DEN,68,2068,9.9,-4.2,-1.2,-2.1,-0.049
Emmanuel Mudiay,2016-17,20,DEN,55,1406,10.9,-3.2,-0.4,0.2,.006
Emmanuel Mudiay,2017-18,21,2TM,64,1245,11.5,-3.9,-0.6,0.0,-0.002
Emmanuel Mudiay,2017-18,21,DEN,42,752,12.3,-3.5,-0.3,0.3,.019
Emmanuel Mudiay,2017-18,21,NYK,22,493,10.2,-4.6,-0.3,-0.3,-0.034
Emmanuel Mudiay,2018-19,22,NYK,59,1607,14.6,-2.0,0.0,0.8,.023
Emmanuel Mudiay,2019-20,23,UTA,54,850,13.0,-1.9,0.0,1.0,.057
Emmanuel Mudiay,2020-21,,Did not play - unsigned,,,,,,,
Emmanuel Mudiay,2021-22,25,SAC,2,11,12.3,-1.2,0.0,0.0,.023
Erwin Mueller,1966-67,22,CHI,80,2136,13.3,,,3.5,.078
Erwin Mueller,1967-68,23,2TM,74,1788,10.9,,,2.5,.066
Erwin Mueller,1967-68,23,CHI,35,815,9.4,,,0.3,.019
Erwin Mueller,1967-68,23,LAL,39,973,12.2,,,2.1,.106
Erwin Mueller,1968-69,24,2TM,78,1355,10.7,,,0.9,.031
Erwin Mueller,1968-69,24,CHI,52,872,9.3,,,0.3,.017
Erwin Mueller,1968-69,24,SEA,26,483,13.0,,,0.6,.055
Erwin Mueller,1969-70,25,2TM,78,2353,12.2,,,3.2,.064
Erwin Mueller,1969-70,25,SEA,4,69,10.2,,,-0.1,-0.045
Erwin Mueller,1969-70,25,DET,74,2284,12.2,,,3.2,.068
Erwin Mueller,1970-71,26,DET,52,1224,9.1,,,0.6,.024
Erwin Mueller,1971-72,27,DET,42,605,9.1,,,-0.8,-0.064
Erwin Mueller,1972-73,28,2TM,38,285,3.5,,,-0.5,-0.080
Erwin Mueller,1972-73,28,DET,21,80,5.2,,,-0.2,-0.103
Erwin Mueller,1972-73,28,VIR,17,205,2.8,,,-0.3,-0.071
Erwin Mueller,1973-74,29,MMT,3,20,-10.3,-6.0,-0.1,-0.1,-0.335
Shabazz Muhammad,2013-14,21,MIN,37,290,13.1,-4.5,-0.2,0.3,.053
Shabazz Muhammad,2014-15,22,MIN,38,866,19.9,0.7,0.6,2.0,.110
Shabazz Muhammad,2015-16,23,MIN,82,1682,15.2,-2.5,-0.2,2.7,.077
Shabazz Muhammad,2016-17,24,MIN,78,1516,14.9,-2.4,-0.1,2.7,.086
Shabazz Muhammad,2017-18,25,2TM,43,418,15.4,-2.5,-0.1,0.7,.081
Shabazz Muhammad,2017-18,25,MIN,32,301,9.3,-5.9,-0.3,0.0,.008
Shabazz Muhammad,2017-18,25,MIL,11,117,31.0,6.0,0.2,0.7,.271
Mychal Mulder,2019-20,25,GSW,7,204,7.8,-6.0,-0.2,0.1,.017
Mychal Mulder,2020-21,26,GSW,60,766,10.8,-1.8,0.0,1.2,.075
Mychal Mulder,2021-22,27,2TM,17,239,3.7,-7.7,-0.3,-0.2,-0.050
Mychal Mulder,2021-22,27,ORL,15,195,2.1,-8.6,-0.3,-0.4,-0.091
Mychal Mulder,2021-22,27,MIA,2,44,10.7,-3.9,0.0,0.1,.132
Joe Mullaney,1949-50,25,BOS,37,,,,,-0.6,
Bob Mullens,1946-47,24,2TM,54,,,,,2.1,
Bob Mullens,1946-47,24,NYK,26,,,,,0.7,
Bob Mullens,1946-47,24,TRH,28,,,,,1.3,
Byron Mullens,2009-10,20,OKC,13,54,0.7,-11.8,-0.1,-0.1,-0.077
Byron Mullens,2010-11,21,OKC,13,85,3.5,-11.7,-0.2,-0.2,-0.113
Byron Mullens,2011-12,22,CHA,65,1465,13.0,-4.6,-1.0,0.2,.007
Byron Mullens,2012-13,23,CHA,53,1428,12.3,-3.4,-0.5,0.1,.005
Byron Mullens,2013-14,24,2TM,45,414,12.8,-1.7,0.0,0.5,.057
Byron Mullens,2013-14,24,LAC,27,167,7.8,-4.5,-0.1,0.0,.012
Byron Mullens,2013-14,24,PHI,18,247,16.1,0.2,0.1,0.4,.087
Chris Mullin,1985-86,22,GSW,55,1391,16.0,0.3,0.8,2.9,.100
Chris Mullin,1986-87,23,GSW,82,2377,15.8,0.7,1.6,5.2,.104
Chris Mullin,1987-88,24,GSW,60,2033,19.8,3.2,2.7,5.1,.121
Chris Mullin,1988-89,25,GSW,82,3093,21.9,4.0,4.7,10.6,.165
Chris Mullin,1989-90,26,GSW,78,2830,22.7,5.0,5.0,10.2,.174
Chris Mullin,1990-91,27,GSW,82,3315,21.4,4.7,5.6,12.2,.176
Chris Mullin,1991-92,28,GSW,81,3346,19.9,3.7,4.8,10.8,.155
Chris Mullin,1992-93,29,GSW,46,1902,19.0,3.3,2.5,4.9,.122
Chris Mullin,1993-94,30,GSW,62,2324,15.8,1.1,1.8,4.7,.097
Chris Mullin,1994-95,31,GSW,25,890,17.7,2.1,0.9,1.7,.093
Chris Mullin,1995-96,32,GSW,55,1617,16.7,2.1,1.7,4.0,.117
Chris Mullin,1996-97,33,GSW,79,2733,17.6,2.8,3.3,7.1,.124
Chris Mullin,1997-98,34,IND,82,2177,16.9,4.3,3.5,7.6,.168
Chris Mullin,1998-99,35,IND,50,1179,18.1,4.5,1.9,4.1,.167
Chris Mullin,1999-00,36,IND,47,582,15.4,3.4,0.8,1.7,.142
Chris Mullin,2000-01,37,GSW,20,374,10.0,-2.0,0.0,0.3,.034
Jeff Mullins,1964-65,22,STL,44,492,13.2,,,0.8,.079
Jeff Mullins,1965-66,23,STL,44,587,9.9,,,-0.3,-0.021
Jeff Mullins,1966-67,24,SFW,77,1835,15.8,,,4.5,.119
Jeff Mullins,1967-68,25,SFW,79,2805,15.1,,,5.7,.098
Jeff Mullins,1968-69,26,SFW,78,2916,18.9,,,10.0,.165
Jeff Mullins,1969-70,27,SFW,74,2861,17.0,,,6.8,.114
Jeff Mullins,1970-71,28,SFW,75,2909,17.1,,,8.2,.135
Jeff Mullins,1971-72,29,GSW,80,3214,18.0,,,9.9,.148
Jeff Mullins,1972-73,30,GSW,81,3005,15.5,,,8.3,.133
Jeff Mullins,1973-74,31,GSW,77,2498,15.1,-0.5,1.0,5.6,.107
Jeff Mullins,1974-75,32,GSW,66,1141,15.2,-0.3,0.5,2.3,.097
Jeff Mullins,1975-76,33,GSW,29,311,14.5,-0.3,0.2,0.9,.134
Todd Mundt,1995-96,25,2TM,33,151,7.0,-7.1,-0.2,0.1,.035
Todd Mundt,1995-96,25,ATL,24,118,8.0,-6.6,-0.1,0.1,.049
Todd Mundt,1995-96,25,BOS,9,33,3.7,-8.5,-0.1,0.0,-0.016
Xavier Munford,2015-16,23,MEM,14,244,9.9,-2.5,0.0,0.1,.017
Xavier Munford,2016-17,,Did not play - other pro league,,,,,,,
Xavier Munford,2017-18,25,MIL,6,21,-2.1,-11.3,0.0,-0.1,-0.197
Chris Munk,1990-91,23,UTA,11,29,14.5,-2.9,0.0,0.0,.048
George Munroe,1946-47,25,STB,59,,,,,2.6,
George Munroe,1947-48,26,BOS,21,,,,,0.3,
Eric Murdock,1991-92,23,UTA,50,478,13.6,-0.7,0.2,0.6,.056
Eric Murdock,1992-93,24,MIL,79,2437,19.3,2.9,3.0,6.1,.121
Eric Murdock,1993-94,25,MIL,82,2533,20.3,4.0,3.8,7.2,.137
Eric Murdock,1994-95,26,MIL,75,2158,17.3,1.5,1.9,4.3,.096
Eric Murdock,1995-96,27,2TM,73,1673,16.2,1.2,1.3,2.5,.073
Eric Murdock,1995-96,27,MIL,9,193,10.4,-2.8,0.0,0.0,.000
Eric Murdock,1995-96,27,VAN,64,1480,16.9,1.8,1.4,2.5,.082
Eric Murdock,1996-97,28,DEN,12,114,18.1,5.5,0.2,0.3,.122
Eric Murdock,1997-98,29,MIA,82,1395,15.7,2.2,1.5,4.1,.139
Eric Murdock,1998-99,30,NJN,15,401,12.3,-1.6,0.0,0.4,.048
Eric Murdock,1999-00,31,LAC,40,693,12.5,-1.8,0.0,0.1,.008
Gheorghe Mureșan,1993-94,22,WSB,54,650,17.4,-1.8,0.0,1.3,.094
Gheorghe Mureșan,1994-95,23,WSB,73,1720,17.4,-0.9,0.5,4.1,.116
Gheorghe Mureșan,1995-96,24,WSB,76,2242,21.0,1.6,2.1,8.0,.172
Gheorghe Mureșan,1996-97,25,WSB,73,1849,16.7,-0.7,0.6,5.3,.139
Gheorghe Mureșan,1997-98,,Did not play - injury,,,,,,,
Gheorghe Mureșan,1998-99,27,NJN,1,1,-90.6,-92.1,0.0,-0.1,-2.519
Gheorghe Mureșan,1999-00,28,NJN,30,267,11.8,-6.2,-0.3,0.3,.052
Gheorghe Mureșan,2000-01,,Did not play - other pro league,,,,,,,
Ade Murkey,2021-22,24,SAC,1,1,0.0,-9.7,0.0,0.0,-0.017
Allen Murphy,1975-76,23,KEN,29,248,8.4,-5.2,-0.2,0.0,-0.003
Allen Murphy,1976-77,24,LAL,2,18,1.8,-5.7,-0.1,-0.1,-0.229
Calvin Murphy,1970-71,22,SDR,82,2020,19.4,,,8.0,.191
Calvin Murphy,1971-72,23,HOU,82,2538,18.1,,,8.3,.157
Calvin Murphy,1972-73,24,HOU,77,1697,17.5,,,5.0,.141
Calvin Murphy,1973-74,25,HOU,81,2922,20.0,1.6,2.7,9.2,.152
Calvin Murphy,1974-75,26,HOU,78,2513,18.9,0.8,1.7,7.4,.141
Calvin Murphy,1975-76,27,HOU,82,2995,19.9,1.3,2.5,8.8,.141
Calvin Murphy,1976-77,28,HOU,82,2764,17.4,1.1,2.2,7.7,.134
Calvin Murphy,1977-78,29,HOU,76,2900,19.5,1.3,2.4,7.4,.122
Calvin Murphy,1978-79,30,HOU,82,2941,16.1,-0.1,1.4,6.8,.112
Calvin Murphy,1979-80,31,HOU,76,2676,16.8,0.7,1.8,7.2,.129
Calvin Murphy,1980-81,32,HOU,76,2014,18.1,0.8,1.4,5.4,.128
Calvin Murphy,1981-82,33,HOU,64,1204,13.2,-3.4,-0.4,1.3,.051
Calvin Murphy,1982-83,34,HOU,64,1423,14.8,-1.7,0.1,1.6,.055
Dick Murphy,1946-47,25,2TM,31,,,,,-0.5,
Dick Murphy,1946-47,25,NYK,24,,,,,-0.1,
Dick Murphy,1946-47,25,BOS,7,,,,,-0.4,
Erik Murphy,2013-14,23,CHI,24,62,0.2,-8.6,-0.1,-0.1,-0.055
Jay Murphy,1984-85,22,LAC,23,149,-0.9,-12.4,-0.4,-0.5,-0.154
Jay Murphy,1985-86,23,LAC,14,100,8.4,-6.3,-0.1,-0.1,-0.044
Jay Murphy,1986-87,24,WSB,21,141,13.5,-4.1,-0.1,0.2,.060
Jay Murphy,1987-88,25,WSB,9,46,6.6,-9.9,-0.1,-0.1,-0.085
John Murphy,1946-47,22,2TM,20,,,,,0.3,
John Murphy,1946-47,22,NYK,9,,,,,0.3,
John Murphy,1946-47,22,PHW,11,,,,,0.0,
Kevin Murphy,2012-13,22,UTA,17,52,-4.5,-16.8,-0.2,-0.3,-0.272
Ronnie Murphy,1987-88,23,POR,18,89,2.9,-11.5,-0.2,-0.2,-0.130
Tod Murphy,1986-87,,Did not play - other,,,,,,,
Tod Murphy,1987-88,24,LAC,1,19,15.7,1.7,0.0,0.1,.235
Tod Murphy,1988-89,,Did not play - other pro league,,,,,,,
Tod Murphy,1989-90,26,MIN,82,2493,13.0,-0.4,1.0,6.1,.117
Tod Murphy,1990-91,27,MIN,52,1063,10.6,-2.7,-0.2,1.4,.062
Tod Murphy,1991-92,28,MIN,47,429,9.5,-4.3,-0.2,0.4,.044
Tod Murphy,1992-93,,Did not play - injury,,,,,,,
Tod Murphy,1993-94,30,2TM,9,67,9.0,-3.0,0.0,0.1,.073
Tod Murphy,1993-94,30,DET,7,57,10.3,-2.5,0.0,0.1,.077
Tod Murphy,1993-94,30,GSW,2,10,1.5,-5.7,0.0,0.0,.052
Tod Murphy,1994-95,,Did not play - other pro league,,,,,,,
Tod Murphy,1995-96,,Did not play - other pro league,,,,,,,
Tod Murphy,1996-97,,Did not play - other pro league,,,,,,,
Tod Murphy,1997-98,,Did not play - other pro league,,,,,,,
Trey Murphy III,2021-22,21,NOP,62,864,12.5,-1.2,0.2,1.9,.104
Trey Murphy III,2022-23,22,NOP,79,2448,15.2,1.8,2.3,7.6,.150
Trey Murphy III,2023-24,23,NOP,57,1690,16.3,2.5,1.9,5.4,.154
Trey Murphy III,2024-25,24,NOP,53,1854,17.3,0.8,1.3,3.5,.091
Troy Murphy,2001-02,21,GSW,82,1448,10.3,-4.3,-0.8,1.4,.046
Troy Murphy,2002-03,22,GSW,79,2510,15.9,-0.7,0.8,6.4,.122
Troy Murphy,2003-04,23,GSW,28,610,16.8,-1.6,0.1,1.3,.104
Troy Murphy,2004-05,24,GSW,70,2375,16.8,-1.2,0.5,5.3,.107
Troy Murphy,2005-06,25,GSW,74,2516,15.9,-0.3,1.1,6.5,.125
Troy Murphy,2006-07,26,2TM,68,1852,14.5,0.5,1.1,4.5,.116
Troy Murphy,2006-07,26,GSW,26,667,14.8,1.1,0.5,1.7,.124
Troy Murphy,2006-07,26,IND,42,1185,14.3,0.1,0.6,2.8,.112
Troy Murphy,2007-08,27,IND,75,2106,16.0,1.2,1.7,6.2,.141
Troy Murphy,2008-09,28,IND,73,2482,17.8,3.2,3.3,8.5,.165
Troy Murphy,2009-10,29,IND,72,2344,18.0,2.9,2.9,7.8,.159
Troy Murphy,2010-11,30,2TM,35,466,8.0,-3.1,-0.1,0.3,.029
Troy Murphy,2010-11,30,NJN,18,288,6.7,-4.2,-0.2,-0.1,-0.022
Troy Murphy,2010-11,30,BOS,17,178,10.1,-1.3,0.0,0.4,.111
Troy Murphy,2011-12,31,LAL,59,956,9.0,-1.1,0.2,1.7,.088
Troy Murphy,2012-13,32,DAL,14,256,9.1,-1.9,0.0,0.3,.062
Dejounte Murray,2016-17,20,SAS,38,322,9.6,-4.8,-0.2,0.0,.004
Dejounte Murray,2017-18,21,SAS,81,1743,15.1,0.5,1.1,3.2,.087
Dejounte Murray,2018-19,,Did not play - injury,,,,,,,
Dejounte Murray,2019-20,23,SAS,66,1687,16.2,0.4,1.0,2.6,.074
Dejounte Murray,2020-21,24,SAS,67,2139,16.5,0.8,1.5,3.3,.074
Dejounte Murray,2021-22,25,SAS,68,2366,22.3,5.4,4.4,7.3,.149
Dejounte Murray,2022-23,26,ATL,74,2693,17.0,1.0,2.1,4.7,.084
Dejounte Murray,2023-24,27,ATL,78,2783,17.7,1.7,2.6,4.9,.084
Dejounte Murray,2024-25,28,NOP,31,1012,15.4,-1.6,0.1,0.2,.009
Jamal Murray,2016-17,19,DEN,82,1764,11.9,-2.0,0.0,1.3,.037
Jamal Murray,2017-18,20,DEN,81,2565,16.1,-0.3,1.1,5.5,.103
Jamal Murray,2018-19,21,DEN,75,2447,16.0,0.6,1.6,5.1,.100
Jamal Murray,2019-20,22,DEN,59,1904,17.7,1.2,1.5,4.3,.107
Jamal Murray,2020-21,23,DEN,48,1704,18.3,2.0,1.7,4.6,.129
Jamal Murray,2021-22,,Did not play - injury,,,,,,,
Jamal Murray,2022-23,25,DEN,65,2133,18.0,1.3,1.8,5.1,.116
Jamal Murray,2023-24,26,DEN,59,1861,20.7,4.1,2.9,5.9,.153
Jamal Murray,2024-25,27,DEN,67,2418,17.8,0.8,1.7,6.2,.123
Keegan Murray,2022-23,22,SAC,80,2382,12.3,-0.6,0.8,4.3,.087
Keegan Murray,2023-24,23,SAC,77,2588,13.3,-0.9,0.8,5.2,.096
Keegan Murray,2024-25,24,SAC,76,2610,12.0,-1.6,0.2,4.4,.082
Ken Murray,1950-51,22,2TM,66,,,,,3.6,
Ken Murray,1950-51,22,BLB,52,,,,,3.2,
Ken Murray,1950-51,22,FTW,14,,,,,0.5,
Ken Murray,1951-52,,Did not play - military service,,,,,,,
Ken Murray,1952-53,,Did not play - military service,,,,,,,
Ken Murray,1953-54,25,FTW,49,528,8.0,,,-0.7,-0.065
Ken Murray,1954-55,26,2TM,66,1590,10.6,,,0.7,.022
Ken Murray,1954-55,26,BLB,6,134,,,,,
Ken Murray,1954-55,26,PHW,60,1456,10.6,,,0.7,.024
Kris Murray,2023-24,23,POR,62,1348,9.0,-3.6,-0.6,0.7,.024
Kris Murray,2024-25,24,POR,69,1040,9.1,-3.0,-0.3,0.7,.033
Lamond Murray,1994-95,21,LAC,81,2556,11.6,-3.4,-0.9,-0.3,-0.006
Lamond Murray,1995-96,22,LAC,77,1816,11.1,-2.4,-0.2,1.2,.032
Lamond Murray,1996-97,23,LAC,74,1295,14.4,-0.8,0.4,2.1,.078
Lamond Murray,1997-98,24,LAC,79,2579,17.8,0.5,1.6,4.9,.092
Lamond Murray,1998-99,25,LAC,50,1317,14.3,-2.1,0.0,0.3,.010
Lamond Murray,1999-00,26,CLE,74,2365,14.9,-0.3,1.0,3.3,.067
Lamond Murray,2000-01,27,CLE,78,2225,13.9,-1.1,0.5,2.3,.050
Lamond Murray,2001-02,28,CLE,71,2312,16.7,0.5,1.5,4.1,.086
Lamond Murray,2002-03,,Did not play - injury,,,,,,,
Lamond Murray,2003-04,30,TOR,33,518,8.9,-3.8,-0.2,-0.3,-0.031
Lamond Murray,2004-05,31,TOR,62,918,13.7,0.0,0.5,1.3,.067
Lamond Murray,2005-06,32,NJN,57,576,10.8,-3.0,-0.1,0.9,.076
Lamond Murray,2006-07,,Did not play - other pro league,,,,,,,
Lamond Murray,2007-08,,Did not play - other pro league,,,,,,,
Lamond Murray,2008-09,,Did not play - other pro league,,,,,,,
Lamond Murray,2009-10,,Did not play - other pro league,,,,,,,
Lamond Murray,2010-11,,Did not play - other pro league,,,,,,,
Ronald Murray,2002-03,23,2TM,14,62,6.6,-8.5,-0.1,-0.3,-0.198
Ronald Murray,2002-03,23,MIL,12,42,10.7,-6.4,0.0,-0.1,-0.165
Ronald Murray,2002-03,23,SEA,2,20,-2.0,-12.9,-0.1,-0.1,-0.267
Ronald Murray,2003-04,24,SEA,82,2021,15.4,-1.2,0.4,1.7,.040
Ronald Murray,2004-05,25,SEA,49,883,9.9,-4.1,-0.5,-0.3,-0.016
Ronald Murray,2005-06,26,2TM,76,2112,11.5,-3.2,-0.6,0.7,.015
Ronald Murray,2005-06,26,SEA,48,1085,11.2,-4.9,-0.8,-0.7,-0.029
Ronald Murray,2005-06,26,CLE,28,1027,11.9,-1.4,0.2,1.3,.062
Ronald Murray,2006-07,27,DET,69,1477,10.8,-2.4,-0.1,1.3,.042
Ronald Murray,2007-08,28,2TM,42,874,13.2,-2.7,-0.1,0.4,.024
Ronald Murray,2007-08,28,DET,19,347,13.3,-2.2,0.0,0.3,.036
Ronald Murray,2007-08,28,IND,23,527,13.1,-3.0,-0.1,0.2,.016
Ronald Murray,2008-09,29,ATL,80,1975,14.7,-0.5,0.8,3.1,.076
Ronald Murray,2009-10,30,2TM,75,1673,11.7,-2.3,-0.1,1.8,.051
Ronald Murray,2009-10,30,CHA,46,993,11.4,-2.1,0.0,0.9,.041
Ronald Murray,2009-10,30,CHI,29,680,12.1,-2.5,-0.1,0.9,.065
Tracy Murray,1992-93,21,POR,48,495,11.9,-3.9,-0.2,0.5,.049
Tracy Murray,1993-94,22,POR,66,820,15.3,1.1,0.7,2.2,.126
Tracy Murray,1994-95,23,2TM,54,516,10.8,-4.0,-0.3,0.5,.047
Tracy Murray,1994-95,23,POR,29,313,12.4,-3.3,-0.1,0.5,.081
Tracy Murray,1994-95,23,HOU,25,203,8.2,-5.2,-0.2,0.0,-0.006
Tracy Murray,1995-96,24,TOR,82,2458,16.8,0.1,1.3,4.9,.096
Tracy Murray,1996-97,25,WSB,82,1814,14.6,0.4,1.1,4.4,.116
Tracy Murray,1997-98,26,WAS,82,2227,17.3,2.0,2.3,6.5,.139
Tracy Murray,1998-99,27,WAS,36,653,9.6,-2.6,-0.1,0.3,.025
Tracy Murray,1999-00,28,WAS,80,1831,14.1,0.6,1.2,3.8,.101
Tracy Murray,2000-01,29,2TM,51,588,11.4,-2.9,-0.1,0.6,.046
Tracy Murray,2000-01,29,DEN,13,135,9.8,-2.4,0.0,0.0,-0.002
Tracy Murray,2000-01,29,TOR,38,453,11.9,-3.1,-0.1,0.6,.061
Tracy Murray,2001-02,30,TOR,40,473,13.6,0.0,0.2,0.8,.079
Tracy Murray,2002-03,31,LAL,31,193,5.2,-6.9,-0.2,-0.2,-0.054
Tracy Murray,2003-04,32,POR,7,35,2.4,-8.7,-0.1,-0.1,-0.109
Tracy Murray,2004-05,,Did not play - other pro league,,,,,,,
Tracy Murray,2005-06,,Did not play - other pro league,,,,,,,
Tracy Murray,2006-07,,Did not play - other pro league,,,,,,,
Willie Murrell,1964-65,,Did not play - waived,,,,,,,
Willie Murrell,1965-66,,Did not play - other pro league,,,,,,,
Willie Murrell,1966-67,,Did not play - other pro league,,,,,,,
Willie Murrell,1967-68,26,DNR,71,2495,18.5,,,7.0,.135
Willie Murrell,1968-69,27,MMF,75,2493,14.4,,,4.6,.089
Willie Murrell,1969-70,28,2TM,82,1759,12.7,,,3.1,.084
Willie Murrell,1969-70,28,MMF,47,1321,14.0,,,2.6,.094
Willie Murrell,1969-70,28,KEN,35,438,8.6,,,0.5,.054
Dorie Murrey,1966-67,23,DET,35,311,10.0,,,0.5,.072
Dorie Murrey,1967-68,24,SEA,81,1494,12.8,,,2.2,.070
Dorie Murrey,1968-69,25,SEA,38,465,12.1,,,0.2,.024
Dorie Murrey,1969-70,26,SEA,81,1079,13.1,,,1.9,.083
Dorie Murrey,1970-71,27,2TM,71,716,10.4,,,1.6,.109
Dorie Murrey,1970-71,27,POR,2,20,16.3,,,0.0,.118
Dorie Murrey,1970-71,27,BAL,69,696,10.2,,,1.6,.108
Dorie Murrey,1971-72,28,BAL,51,421,7.8,,,0.1,.017
Toure' Murry,2013-14,24,NYK,51,373,11.1,-4.4,-0.2,0.0,.002
Toure' Murry,2014-15,25,2TM,5,18,1.1,-11.9,0.0,-0.1,-0.171
Toure' Murry,2014-15,25,UTA,1,1,-41.7,-56.3,0.0,0.0,-1.046
Toure' Murry,2014-15,25,WAS,4,17,3.6,-9.3,0.0,0.0,-0.120
Džanan Musa,2018-19,19,BRK,9,39,5.8,-7.2,-0.1,-0.1,-0.152
Džanan Musa,2019-20,20,BRK,40,487,9.4,-4.4,-0.3,0.2,.016
Mike Muscala,2013-14,22,ATL,20,215,10.8,-5.5,-0.2,0.2,.040
Mike Muscala,2014-15,23,ATL,40,502,18.0,0.1,0.3,1.9,.179
Mike Muscala,2015-16,24,ATL,60,565,13.6,-0.9,0.2,1.6,.136
Mike Muscala,2016-17,25,ATL,70,1237,14.4,1.1,1.0,3.4,.132
Mike Muscala,2017-18,26,ATL,53,1060,14.4,0.3,0.6,2.4,.109
Mike Muscala,2018-19,27,2TM,64,1306,10.8,-1.1,0.3,2.5,.091
Mike Muscala,2018-19,27,PHI,47,1041,10.4,-1.5,0.1,1.9,.087
Mike Muscala,2018-19,27,LAL,17,265,12.5,0.7,0.2,0.6,.107
Mike Muscala,2019-20,28,OKC,47,572,12.5,-0.1,0.3,1.3,.107
Mike Muscala,2020-21,29,OKC,35,645,14.7,-0.1,0.3,1.3,.096
Mike Muscala,2021-22,30,OKC,43,592,19.7,5.0,1.1,2.1,.170
Mike Muscala,2022-23,31,2TM,63,945,13.0,-0.4,0.4,2.5,.128
Mike Muscala,2022-23,31,OKC,43,622,13.8,0.1,0.3,1.7,.134
Mike Muscala,2022-23,31,BOS,20,323,11.6,-1.4,0.1,0.8,.116
Mike Muscala,2023-24,32,3TM,53,600,7.5,-5.3,-0.5,0.1,.009
Mike Muscala,2023-24,32,WAS,24,338,7.6,-6.2,-0.4,0.0,-0.005
Mike Muscala,2023-24,32,DET,13,171,8.9,-2.2,0.0,0.2,.049
Mike Muscala,2023-24,32,OKC,16,91,4.3,-8.0,-0.1,0.0,-0.017
Angelo Musi,1946-47,28,PHW,60,,,,,3.5,
Angelo Musi,1947-48,29,PHW,43,,,,,1.1,
Angelo Musi,1948-49,30,PHW,58,,,,,1.3,
Jerrod Mustaf,1990-91,21,NYK,62,825,8.3,-5.0,-0.6,0.4,.022
Jerrod Mustaf,1991-92,22,PHO,52,545,13.8,-1.2,0.1,0.8,.075
Jerrod Mustaf,1992-93,23,PHO,32,336,12.7,-3.7,-0.1,0.5,.065
Jerrod Mustaf,1993-94,24,PHO,33,196,8.9,-9.0,-0.3,0.0,.004
Dikembe Mutombo,1991-92,25,DEN,71,2716,16.5,0.0,1.4,4.8,.086
Dikembe Mutombo,1992-93,26,DEN,82,3029,17.2,1.6,2.7,8.8,.139
Dikembe Mutombo,1993-94,27,DEN,82,2853,17.9,3.2,3.7,9.4,.158
Dikembe Mutombo,1994-95,28,DEN,82,3100,17.0,1.8,2.9,8.7,.135
Dikembe Mutombo,1995-96,29,DEN,74,2713,17.1,2.1,2.8,7.6,.134
Dikembe Mutombo,1996-97,30,ATL,80,2973,19.0,2.6,3.5,11.3,.183
Dikembe Mutombo,1997-98,31,ATL,82,2917,19.8,2.6,3.4,10.8,.177
Dikembe Mutombo,1998-99,32,ATL,50,1829,18.8,3.7,2.6,7.9,.206
Dikembe Mutombo,1999-00,33,ATL,82,2984,19.4,2.4,3.3,9.9,.160
Dikembe Mutombo,2000-01,34,2TM,75,2591,17.5,1.7,2.4,8.1,.151
Dikembe Mutombo,2000-01,34,ATL,49,1716,16.5,1.4,1.5,4.5,.125
Dikembe Mutombo,2000-01,34,PHI,26,875,19.6,2.3,1.0,3.7,.201
Dikembe Mutombo,2001-02,35,PHI,80,2907,16.0,0.7,2.0,9.6,.158
Dikembe Mutombo,2002-03,36,NJN,24,514,11.2,-3.4,-0.2,0.8,.076
Dikembe Mutombo,2003-04,37,NYK,65,1494,14.3,0.1,0.8,3.8,.122
Dikembe Mutombo,2004-05,38,HOU,80,1212,16.4,0.9,0.9,4.7,.186
Dikembe Mutombo,2005-06,39,HOU,64,955,12.7,-0.8,0.3,3.1,.156
Dikembe Mutombo,2006-07,40,HOU,75,1289,14.4,0.6,0.8,5.2,.192
Dikembe Mutombo,2007-08,41,HOU,39,619,14.5,1.3,0.5,2.3,.178
Dikembe Mutombo,2008-09,42,HOU,9,96,10.8,-3.0,0.0,0.2,.088
Martin Müürsepp,1996-97,22,2TM,42,348,14.9,-1.7,0.0,0.6,.081
Martin Müürsepp,1996-97,22,MIA,10,27,11.9,-10.2,-0.1,0.0,-0.063
Martin Müürsepp,1996-97,22,DAL,32,321,15.1,-0.9,0.1,0.6,.093
Martin Müürsepp,1997-98,23,DAL,41,603,14.9,-1.6,0.1,1.4,.111
Pete Myers,1986-87,23,CHI,29,155,14.0,0.9,0.1,0.3,.092
Pete Myers,1987-88,24,SAS,22,328,10.1,-3.2,-0.1,-0.1,-0.009
Pete Myers,1988-89,25,2TM,33,270,12.4,-0.8,0.1,0.5,.087
Pete Myers,1988-89,25,PHI,4,40,11.9,-3.2,0.0,0.0,.008
Pete Myers,1988-89,25,NYK,29,230,12.5,-0.3,0.1,0.5,.101
Pete Myers,1989-90,26,2TM,52,751,9.8,-3.9,-0.4,0.0,.003
Pete Myers,1989-90,26,NYK,24,208,7.1,-2.7,0.0,0.0,-0.001
Pete Myers,1989-90,26,NJN,28,543,10.8,-4.4,-0.3,0.0,.004
Pete Myers,1990-91,27,SAS,8,103,7.1,-4.5,-0.1,0.0,-0.002
Pete Myers,1991-92,,Did not play - other pro league,,,,,,,
Pete Myers,1992-93,,Did not play - other pro league,,,,,,,
Pete Myers,1993-94,30,CHI,82,2030,10.6,-2.2,-0.1,3.0,.072
Pete Myers,1994-95,31,CHI,71,1270,9.1,-2.4,-0.1,1.3,.049
Pete Myers,1995-96,32,2TM,71,1092,8.4,-2.8,-0.2,0.6,.026
Pete Myers,1995-96,32,MIA,39,639,8.9,-2.7,-0.1,0.5,.035
Pete Myers,1995-96,32,CHH,32,453,7.8,-3.1,-0.1,0.1,.013
Pete Myers,1996-97,,Did not play - other pro league,,,,,,,
Pete Myers,1997-98,34,NYK,9,40,16.3,3.0,0.0,0.1,.149
Svi Mykhailiuk,2018-19,21,2TM,42,440,6.0,-5.0,-0.3,-0.1,-0.012
Svi Mykhailiuk,2018-19,21,LAL,39,420,5.8,-5.2,-0.3,-0.1,-0.013
Svi Mykhailiuk,2018-19,21,DET,3,20,9.8,-0.5,0.0,0.0,.016
Svi Mykhailiuk,2019-20,22,DET,56,1265,11.2,-1.9,0.0,1.6,.060
Svi Mykhailiuk,2020-21,23,2TM,66,1324,10.4,-2.6,-0.2,0.3,.010
Svi Mykhailiuk,2020-21,23,DET,36,634,10.2,-1.8,0.0,0.3,.025
Svi Mykhailiuk,2020-21,23,OKC,30,690,10.6,-3.3,-0.2,-0.1,-0.004
Svi Mykhailiuk,2021-22,24,TOR,56,716,9.6,-2.9,-0.2,0.8,.052
Svi Mykhailiuk,2022-23,25,2TM,32,468,14.0,-0.1,0.2,0.8,.081
Svi Mykhailiuk,2022-23,25,NYK,13,40,15.8,4.1,0.1,0.1,.141
Svi Mykhailiuk,2022-23,25,CHO,19,428,13.8,-0.5,0.2,0.7,.076
Svi Mykhailiuk,2023-24,26,BOS,41,413,11.7,-1.8,0.0,0.9,.106
Svi Mykhailiuk,2024-25,27,UTA,38,760,9.8,-3.5,-0.3,-0.1,-0.009
Hamady N'Diaye,2010-11,24,WAS,16,80,5.3,-6.3,-0.1,0.1,.046
Hamady N'Diaye,2011-12,25,WAS,3,3,-13.1,-21.1,0.0,0.0,-0.369
Hamady N'Diaye,2012-13,,Did not play - other pro league,,,,,,,
Hamady N'Diaye,2013-14,27,SAC,14,74,2.9,-7.8,-0.1,0.0,-0.008
Makhtar N'Diaye,1998-99,25,VAN,4,27,3.9,-10.6,-0.1,0.0,.026
Mamadou N'Diaye,2000-01,25,TOR,3,10,6.6,-11.7,0.0,0.0,.083
Mamadou N'Diaye,2001-02,26,TOR,5,46,20.6,2.1,0.0,0.3,.265
Mamadou N'Diaye,2002-03,27,TOR,22,364,13.5,-3.7,-0.2,0.6,.075
Mamadou N'Diaye,2003-04,28,2TM,28,366,12.9,-5.3,-0.3,0.8,.104
Mamadou N'Diaye,2003-04,28,DAL,3,7,-8.1,-17.2,0.0,0.0,-0.306
Mamadou N'Diaye,2003-04,28,ATL,25,359,13.3,-5.1,-0.3,0.8,.112
Mamadou N'Diaye,2004-05,29,LAC,11,72,10.6,-4.5,0.0,0.2,.115
Boniface N'Dong,2005-06,28,LAC,23,152,11.0,-5.0,-0.1,0.2,.058
Bob Naber,1952-53,23,INO,4,11,-10.4,,,-0.1,-0.418
Boris Nachamkin,1954-55,21,ROC,6,59,12.5,,,0.0,-0.010
Boštjan Nachbar,2002-03,22,HOU,14,77,5.8,-7.5,-0.1,-0.1,-0.053
Boštjan Nachbar,2003-04,23,HOU,45,516,8.3,-1.2,0.1,0.8,.071
Boštjan Nachbar,2004-05,24,2TM,71,1341,10.1,-2.2,-0.1,1.7,.061
Boštjan Nachbar,2004-05,24,HOU,16,204,6.1,-2.6,0.0,0.3,.080
Boštjan Nachbar,2004-05,24,NOH,55,1137,10.9,-2.2,0.0,1.4,.057
Boštjan Nachbar,2005-06,25,2TM,36,502,7.2,-4.6,-0.3,0.1,.005
Boštjan Nachbar,2005-06,25,NOK,25,405,7.3,-3.8,-0.2,0.0,.002
Boštjan Nachbar,2005-06,25,NJN,11,97,6.9,-8.1,-0.1,0.0,.016
Boštjan Nachbar,2006-07,26,NJN,76,1532,14.5,0.3,0.9,4.1,.128
Boštjan Nachbar,2007-08,27,NJN,75,1660,12.4,-1.8,0.1,2.2,.064
Abdel Nader,2017-18,24,BOS,48,522,5.1,-5.3,-0.4,-0.1,-0.014
Abdel Nader,2018-19,25,OKC,61,694,8.8,-3.2,-0.2,0.9,.062
Abdel Nader,2019-20,26,OKC,55,867,11.3,-1.0,0.2,1.3,.074
Abdel Nader,2020-21,27,PHO,24,355,13.4,0.0,0.2,0.7,.095
Abdel Nader,2021-22,28,PHO,14,145,4.9,-4.9,-0.1,0.0,-0.009
Jerry Nagel,1949-50,21,FTW,14,,,,,-0.1,
Fritz Nagy,1947-48,,Did not play - other pro league,,,,,,,
Fritz Nagy,1948-49,25,INJ,50,,,,,2.1,
Lee Nailon,1999-00,,Did not play - other pro league,,,,,,,
Lee Nailon,2000-01,25,CHH,42,469,11.7,-2.6,-0.1,0.9,.096
Lee Nailon,2001-02,26,CHH,79,1912,14.4,-1.5,0.3,3.5,.087
Lee Nailon,2002-03,27,NYK,38,405,14.3,-2.7,-0.1,0.3,.030
Lee Nailon,2003-04,28,3TM,57,780,13.2,-4.3,-0.5,0.7,.042
Lee Nailon,2003-04,28,ATL,27,300,14.3,-3.5,-0.1,0.2,.033
Lee Nailon,2003-04,28,ORL,8,83,13.5,-4.7,-0.1,0.2,.088
Lee Nailon,2003-04,28,CLE,22,397,12.2,-5.0,-0.3,0.3,.040
Lee Nailon,2004-05,29,NOH,68,2017,14.5,-1.3,0.4,2.2,.053
Lee Nailon,2005-06,30,PHI,22,237,14.5,-2.7,0.0,0.5,.096
Lee Nailon,2006-07,,Did not play - other pro league,,,,,,,
Lee Nailon,2007-08,,Did not play - other pro league,,,,,,,
Lee Nailon,2008-09,,Did not play - other pro league,,,,,,,
Lee Nailon,2009-10,,Did not play - other pro league,,,,,,,
Lee Nailon,2010-11,,Did not play - other pro league,,,,,,,
Lee Nailon,2011-12,,Did not play - other pro league,,,,,,,
Lee Nailon,2012-13,,Did not play - other pro league,,,,,,,
Lee Nailon,2013-14,,Did not play - other pro league,,,,,,,
Eduardo Nájera,2000-01,24,DAL,40,431,14.0,-0.1,0.2,1.1,.120
Eduardo Nájera,2001-02,25,DAL,62,1357,14.8,0.2,0.7,4.0,.142
Eduardo Nájera,2002-03,26,DAL,48,1103,14.8,1.2,0.9,4.0,.175
Eduardo Nájera,2003-04,27,DAL,58,720,11.5,-1.3,0.1,1.1,.074
Eduardo Nájera,2004-05,28,2TM,68,1185,11.2,-3.0,-0.3,1.6,.066
Eduardo Nájera,2004-05,28,GSW,42,610,9.9,-3.4,-0.2,0.4,.034
Eduardo Nájera,2004-05,28,DEN,26,575,12.5,-2.5,-0.1,1.2,.099
Eduardo Nájera,2005-06,29,DEN,64,1449,10.9,-1.8,0.1,2.7,.090
Eduardo Nájera,2006-07,30,DEN,75,1658,13.5,0.2,0.9,4.8,.138
Eduardo Nájera,2007-08,31,DEN,78,1664,12.1,0.2,0.9,4.1,.118
Eduardo Nájera,2008-09,32,NJN,27,319,7.7,-4.3,-0.2,0.1,.010
Eduardo Nájera,2009-10,33,2TM,46,685,8.4,-3.1,-0.2,0.8,.058
Eduardo Nájera,2009-10,33,NJN,13,204,7.0,-5.0,-0.2,-0.1,-0.017
Eduardo Nájera,2009-10,33,DAL,33,481,9.1,-2.3,0.0,0.9,.089
Eduardo Nájera,2010-11,34,CHA,31,372,5.5,-3.6,-0.2,0.2,.020
Eduardo Nájera,2011-12,35,CHA,22,270,9.3,-2.9,-0.1,0.2,.035
Larry Nance,1981-82,22,PHO,80,1186,14.7,-0.2,0.5,2.4,.098
Larry Nance,1982-83,23,PHO,82,2914,18.7,3.5,4.0,10.5,.172
Larry Nance,1983-84,24,PHO,82,2899,19.4,3.1,3.8,9.8,.163
Larry Nance,1984-85,25,PHO,61,2202,20.6,4.4,3.5,7.9,.173
Larry Nance,1985-86,26,PHO,73,2484,20.5,3.9,3.7,8.4,.163
Larry Nance,1986-87,27,PHO,69,2569,22.2,5.0,4.5,10.2,.190
Larry Nance,1987-88,28,2TM,67,2383,20.3,3.5,3.3,8.0,.161
Larry Nance,1987-88,28,PHO,40,1477,20.5,2.9,1.9,4.3,.141
Larry Nance,1987-88,28,CLE,27,906,19.9,4.3,1.4,3.6,.192
Larry Nance,1988-89,29,CLE,73,2526,19.9,3.9,3.8,10.3,.197
Larry Nance,1989-90,30,CLE,62,2065,19.1,2.7,2.4,6.5,.152
Larry Nance,1990-91,31,CLE,80,2927,20.6,3.6,4.2,9.8,.160
Larry Nance,1991-92,32,CLE,81,2880,21.4,5.2,5.2,12.2,.204
Larry Nance,1992-93,33,CLE,77,2753,19.8,3.6,3.9,10.7,.187
Larry Nance,1993-94,34,CLE,33,909,17.1,0.9,0.7,2.8,.146
Larry Nance Jr.,2015-16,23,LAL,63,1266,13.4,-1.5,0.2,2.2,.083
Larry Nance Jr.,2016-17,24,LAL,63,1442,15.7,0.6,1.0,3.5,.118
Larry Nance Jr.,2017-18,25,2TM,66,1421,20.2,2.4,1.6,5.8,.196
Larry Nance Jr.,2017-18,25,LAL,42,922,19.4,2.4,1.0,3.7,.191
Larry Nance Jr.,2017-18,25,CLE,24,499,21.5,2.2,0.5,2.1,.206
Larry Nance Jr.,2018-19,26,CLE,67,1795,18.6,2.4,2.0,4.9,.131
Larry Nance Jr.,2019-20,27,CLE,56,1472,17.3,1.7,1.4,3.9,.128
Larry Nance Jr.,2020-21,28,CLE,35,1091,13.2,0.4,0.7,1.8,.080
Larry Nance Jr.,2021-22,29,2TM,46,1040,14.4,-0.1,0.5,2.3,.104
Larry Nance Jr.,2021-22,29,POR,37,858,14.4,0.3,0.5,1.9,.104
Larry Nance Jr.,2021-22,29,NOP,9,182,14.2,-1.9,0.0,0.4,.104
Larry Nance Jr.,2022-23,30,NOP,65,1381,16.0,2.0,1.4,4.9,.171
Larry Nance Jr.,2023-24,31,NOP,61,1216,14.9,2.0,1.2,4.1,.160
Larry Nance Jr.,2024-25,32,ATL,24,463,16.0,1.8,0.4,1.3,.131
Pete Nance,2023-24,23,CLE,8,27,-3.9,-15.2,-0.1,-0.1,-0.154
Pete Nance,2024-25,24,2TM,13,138,8.5,-4.9,-0.1,0.2,.064
Pete Nance,2024-25,24,PHI,7,68,5.3,-6.3,-0.1,0.0,.027
Pete Nance,2024-25,24,MIL,6,70,11.5,-3.5,0.0,0.1,.100
Shabazz Napier,2014-15,23,MIA,51,1012,9.3,-3.2,-0.3,0.5,.024
Shabazz Napier,2015-16,24,ORL,55,600,9.6,-3.0,-0.2,0.1,.004
Shabazz Napier,2016-17,25,POR,53,512,13.6,-0.4,0.2,0.6,.060
Shabazz Napier,2017-18,26,POR,74,1535,14.2,0.7,1.0,3.2,.101
Shabazz Napier,2018-19,27,BRK,56,983,15.3,1.5,0.9,2.0,.098
Shabazz Napier,2019-20,28,2TM,56,1344,13.8,-1.1,0.3,1.7,.059
Shabazz Napier,2019-20,28,MIN,36,856,13.9,-0.8,0.3,1.3,.071
Shabazz Napier,2019-20,28,WAS,20,488,13.6,-1.6,0.0,0.4,.039
Paul Napolitano,1947-48,,Did not play - other pro league,,,,,,,
Paul Napolitano,1948-49,25,INJ,1,,,,,0.0,
Bob Nash,1972-73,22,DET,36,169,2.6,,,-0.7,-0.199
Bob Nash,1973-74,23,DET,35,281,10.5,-4.7,-0.2,0.1,.013
Bob Nash,1974-75,24,SDA,17,175,8.3,-6.1,-0.2,-0.2,-0.046
Bob Nash,1975-76,,Did not play - other pro league,,,,,,,
Bob Nash,1976-77,,Did not play - other pro league,,,,,,,
Bob Nash,1977-78,27,KCK,66,800,16.2,1.1,0.6,2.1,.123
Bob Nash,1978-79,28,KCK,82,1307,9.6,-3.2,-0.4,1.1,.042
Cotton Nash,1964-65,22,2TM,45,357,9.3,,,0.0,-0.001
Cotton Nash,1964-65,22,LAL,25,167,6.5,,,-0.2,-0.049
Cotton Nash,1964-65,22,SFW,20,190,11.8,,,0.2,.041
Cotton Nash,1965-66,,Did not play - minor league baseball,,,,,,,
Cotton Nash,1966-67,,Did not play - minor league baseball,,,,,,,
Cotton Nash,1967-68,25,KEN,39,786,14.2,,,0.9,.057
Steve Nash,1996-97,22,PHO,65,684,10.8,-3.1,-0.2,0.7,.047
Steve Nash,1997-98,23,PHO,76,1664,15.6,1.4,1.4,4.8,.137
Steve Nash,1998-99,24,DAL,40,1269,10.9,-2.4,-0.1,1.0,.037
Steve Nash,1999-00,25,DAL,56,1532,13.5,-0.9,0.4,3.0,.094
Steve Nash,2000-01,26,DAL,70,2387,19.6,2.8,2.9,8.4,.169
Steve Nash,2001-02,27,DAL,82,2837,20.7,3.1,3.6,9.9,.167
Steve Nash,2002-03,28,DAL,82,2711,22.6,4.6,4.5,11.6,.206
Steve Nash,2003-04,29,DAL,78,2612,20.5,2.5,3.0,8.8,.162
Steve Nash,2004-05,30,PHO,75,2573,22.0,4.7,4.4,10.9,.203
Steve Nash,2005-06,31,PHO,79,2796,23.3,5.0,4.9,12.4,.212
Steve Nash,2006-07,32,PHO,76,2682,23.8,5.9,5.3,12.6,.225
Steve Nash,2007-08,33,PHO,81,2780,21.1,3.9,4.2,10.5,.181
Steve Nash,2008-09,34,PHO,74,2484,19.5,2.4,2.8,7.3,.140
Steve Nash,2009-10,35,PHO,81,2660,21.6,4.3,4.2,9.9,.178
Steve Nash,2010-11,36,PHO,75,2497,20.8,3.2,3.3,7.9,.153
Steve Nash,2011-12,37,PHO,62,1961,20.3,3.4,2.7,5.9,.144
Steve Nash,2012-13,38,LAL,50,1627,16.0,0.4,1.0,4.3,.127
Steve Nash,2013-14,39,LAL,15,313,12.2,-3.6,-0.1,0.1,.017
Swen Nater,1973-74,24,2TM,79,2375,20.6,2.6,2.8,8.7,.176
Swen Nater,1973-74,24,VIR,17,374,19.9,0.7,0.3,0.9,.118
Swen Nater,1973-74,24,SAA,62,2001,20.8,3.0,2.5,7.8,.187
Swen Nater,1974-75,25,SAA,78,2713,19.3,1.7,2.5,9.7,.172
Swen Nater,1975-76,26,2TM,76,1790,14.4,-2.7,-0.3,3.1,.084
Swen Nater,1975-76,26,NYA,43,1016,13.1,-3.5,-0.4,1.9,.092
Swen Nater,1975-76,26,VIR,33,774,16.1,-1.6,0.1,1.2,.074
Swen Nater,1976-77,27,MIL,72,1960,19.1,1.4,1.7,6.9,.168
Swen Nater,1977-78,28,BUF,78,2778,16.9,0.3,1.6,6.8,.117
Swen Nater,1978-79,29,SDC,79,2006,16.9,0.6,1.3,5.5,.133
Swen Nater,1979-80,30,SDC,81,2860,17.2,0.0,1.5,6.8,.115
Swen Nater,1980-81,31,SDC,82,2809,18.2,0.7,1.9,8.6,.147
Swen Nater,1981-82,32,SDC,21,575,16.4,-0.7,0.2,1.2,.098
Swen Nater,1982-83,33,SDC,7,51,6.6,-5.0,-0.1,-0.1,-0.053
Swen Nater,1983-84,34,LAL,69,829,10.8,-4.9,-0.6,1.2,.071
Swen Nater,1984-85,,Did not play - other pro league,,,,,,,
Howard Nathan,1995-96,24,ATL,5,15,11.3,-12.2,0.0,-0.1,-0.370
Calvin Natt,1979-80,23,2TM,78,2857,17.0,0.4,1.8,7.1,.120
Calvin Natt,1979-80,23,NJN,53,2046,15.9,-0.1,1.0,4.8,.114
Calvin Natt,1979-80,23,POR,25,811,19.8,1.7,0.8,2.3,.136
Calvin Natt,1980-81,24,POR,74,2111,14.8,-0.8,0.7,4.2,.095
Calvin Natt,1981-82,25,POR,75,2599,19.0,2.3,2.8,9.3,.171
Calvin Natt,1982-83,26,POR,80,2879,19.0,1.8,2.8,9.8,.164
Calvin Natt,1983-84,27,POR,79,2638,16.9,1.5,2.3,8.4,.154
Calvin Natt,1984-85,28,DEN,78,2657,21.8,3.1,3.4,10.2,.185
Calvin Natt,1985-86,29,DEN,69,2007,18.6,1.3,1.7,6.1,.146
Calvin Natt,1986-87,30,DEN,1,20,15.2,-5.1,0.0,0.0,.076
Calvin Natt,1987-88,31,DEN,27,533,14.4,-0.9,0.2,1.1,.102
Calvin Natt,1988-89,32,2TM,24,353,10.7,-4.1,-0.2,0.3,.036
Calvin Natt,1988-89,32,DEN,14,168,12.1,-2.5,0.0,0.3,.075
Calvin Natt,1988-89,32,SAS,10,185,9.3,-5.5,-0.2,0.0,.000
Calvin Natt,1989-90,33,IND,14,164,14.4,-0.4,0.1,0.5,.159
Kenny Natt,1980-81,22,IND,19,149,5.2,-6.9,-0.3,-0.2,-0.075
Kenny Natt,1981-82,,Did not play - other pro league,,,,,,,
Kenny Natt,1982-83,24,UTA,22,210,9.1,-4.9,-0.2,0.1,.013
Kenny Natt,1983-84,,Did not play - other pro league,,,,,,,
Kenny Natt,1984-85,26,2TM,8,29,4.7,-4.8,0.0,0.0,-0.063
Kenny Natt,1984-85,26,UTA,4,13,1.5,-14.5,0.0,-0.1,-0.201
Kenny Natt,1984-85,26,KCK,4,16,7.3,3.1,0.0,0.0,.049
Willie Naulls,1956-57,22,2TM,71,1778,13.9,,,0.4,.012
Willie Naulls,1956-57,22,STL,19,438,15.5,,,0.4,.046
Willie Naulls,1956-57,22,NYK,52,1340,13.3,,,0.0,.000
Willie Naulls,1957-58,23,NYK,68,2369,17.1,,,4.6,.094
Willie Naulls,1958-59,24,NYK,68,2061,16.5,,,2.6,.061
Willie Naulls,1959-60,25,NYK,65,2250,20.1,,,5.3,.113
Willie Naulls,1960-61,26,NYK,79,2976,19.1,,,5.7,.092
Willie Naulls,1961-62,27,NYK,75,2978,17.9,,,5.5,.089
Willie Naulls,1962-63,28,2TM,70,1901,13.4,,,1.8,.046
Willie Naulls,1962-63,28,NYK,23,676,17.3,,,0.7,.046
Willie Naulls,1962-63,28,SFW,47,1225,11.2,,,1.2,.046
Willie Naulls,1963-64,29,BOS,78,1409,14.4,,,3.9,.132
Willie Naulls,1964-65,30,BOS,71,1465,12.4,,,2.6,.085
Willie Naulls,1965-66,31,BOS,71,1433,12.5,,,1.8,.059
Juan Carlos Navarro,2002-03,,Did not play - other pro league,,,,,,,
Juan Carlos Navarro,2003-04,,Did not play - other pro league,,,,,,,
Juan Carlos Navarro,2004-05,,Did not play - other pro league,,,,,,,
Juan Carlos Navarro,2005-06,,Did not play - other pro league,,,,,,,
Juan Carlos Navarro,2006-07,,Did not play - other pro league,,,,,,,
Juan Carlos Navarro,2007-08,27,MEM,82,2117,11.9,-2.3,-0.2,1.4,.031
Juan Carlos Navarro,2008-09,,Did not play - other pro league,,,,,,,
Juan Carlos Navarro,2009-10,,Did not play - other pro league,,,,,,,
Juan Carlos Navarro,2010-11,,Did not play - other pro league,,,,,,,
Juan Carlos Navarro,2011-12,,Did not play - other pro league,,,,,,,
Juan Carlos Navarro,2012-13,,Did not play - other pro league,,,,,,,
Juan Carlos Navarro,2013-14,,Did not play - other pro league,,,,,,,
Juan Carlos Navarro,2014-15,,Did not play - other pro league,,,,,,,
Juan Carlos Navarro,2015-16,,Did not play - other pro league,,,,,,,
Maurice Ndour,2016-17,24,NYK,32,331,11.3,-2.8,-0.1,0.4,.059
Craig Neal,1988-89,24,2TM,53,500,6.7,-5.2,-0.4,-0.3,-0.025
Craig Neal,1988-89,24,POR,21,159,4.3,-5.5,-0.1,-0.1,-0.032
Craig Neal,1988-89,24,MIA,32,341,7.9,-5.0,-0.3,-0.2,-0.022
Craig Neal,1989-90,,Did not play - other pro league,,,,,,,
Craig Neal,1990-91,26,DEN,10,125,8.2,-8.2,-0.2,-0.1,-0.047
Gary Neal,2010-11,26,SAS,80,1685,13.1,-0.3,0.7,3.5,.099
Gary Neal,2011-12,27,SAS,56,1206,14.2,-0.1,0.6,2.5,.101
Gary Neal,2012-13,28,SAS,68,1484,11.5,-2.0,0.0,1.9,.060
Gary Neal,2013-14,29,2TM,52,1114,12.5,-3.0,-0.3,1.0,.041
Gary Neal,2013-14,29,MIL,30,607,11.2,-4.2,-0.3,-0.2,-0.012
Gary Neal,2013-14,29,CHA,22,507,14.0,-1.6,0.0,1.1,.105
Gary Neal,2014-15,30,2TM,54,1193,11.1,-3.4,-0.5,0.6,.023
Gary Neal,2014-15,30,CHO,43,931,9.9,-4.3,-0.6,0.1,.006
Gary Neal,2014-15,30,MIN,11,262,15.1,-0.5,0.1,0.4,.080
Gary Neal,2015-16,31,WAS,40,807,13.5,-1.5,0.1,1.4,.085
Gary Neal,2016-17,32,ATL,2,18,-4.3,-15.9,-0.1,-0.1,-0.189
Jim Neal,1953-54,23,SYR,67,899,9.9,,,0.1,.007
Jim Neal,1954-55,24,BLB,13,194,,,,,
Lloyd Neal,1972-73,22,POR,82,2723,15.2,,,4.8,.085
Lloyd Neal,1973-74,23,POR,80,1517,15.6,-0.8,0.4,2.9,.091
Lloyd Neal,1974-75,24,POR,82,2278,15.4,-0.9,0.6,4.3,.091
Lloyd Neal,1975-76,25,POR,68,2320,14.8,-0.6,0.8,4.7,.097
Lloyd Neal,1976-77,26,POR,58,955,13.1,-2.2,0.0,1.8,.091
Lloyd Neal,1977-78,27,POR,61,1174,19.8,1.8,1.1,4.3,.178
Lloyd Neal,1978-79,28,POR,4,48,-0.6,-5.5,-0.1,-0.1,-0.112
Ed Nealy,1982-83,22,KCK,82,1643,11.6,0.6,1.1,4.7,.137
Ed Nealy,1983-84,23,KCK,71,960,9.2,-0.7,0.3,2.0,.101
Ed Nealy,1984-85,24,KCK,22,225,9.6,-2.4,0.0,0.3,.058
Ed Nealy,1985-86,,Did not play - other pro league,,,,,,,
Ed Nealy,1986-87,26,SAS,60,980,11.3,-1.8,0.1,1.9,.095
Ed Nealy,1987-88,27,SAS,68,837,9.2,-2.4,-0.1,1.2,.068
Ed Nealy,1988-89,28,2TM,43,258,6.0,-3.6,-0.1,0.4,.066
Ed Nealy,1988-89,28,CHI,13,94,7.3,-2.2,0.0,0.2,.128
Ed Nealy,1988-89,28,PHO,30,164,5.3,-4.4,-0.1,0.1,.030
Ed Nealy,1989-90,29,CHI,46,503,11.1,-1.2,0.1,1.3,.122
Ed Nealy,1990-91,30,PHO,55,573,11.3,1.1,0.4,1.5,.122
Ed Nealy,1991-92,31,PHO,52,505,12.9,1.5,0.4,1.5,.142
Ed Nealy,1992-93,32,2TM,41,308,8.3,-2.7,-0.1,0.5,.073
Ed Nealy,1992-93,32,GSW,30,229,7.4,-2.6,0.0,0.3,.067
Ed Nealy,1992-93,32,CHI,11,79,10.9,-3.1,0.0,0.2,.091
Nemanja Nedović,2013-14,22,GSW,24,142,-1.7,-10.0,-0.3,-0.4,-0.132
Al Negratti,1946-47,25,WSC,11,,,,,-0.1,
Barry Nelson,1971-72,22,MIL,28,102,7.6,,,0.1,.026
DeMarcus Nelson,2008-09,23,GSW,13,171,6.5,-5.5,-0.2,-0.3,-0.071
Don Nelson,1962-63,22,CHZ,62,1071,13.8,,,2.1,.094
Don Nelson,1963-64,23,LAL,80,1406,10.6,,,2.3,.080
Don Nelson,1964-65,24,LAL,39,238,14.0,,,0.4,.080
Don Nelson,1965-66,25,BOS,75,1765,13.3,,,5.4,.146
Don Nelson,1966-67,26,BOS,79,1202,14.3,,,3.3,.131
Don Nelson,1967-68,27,BOS,82,1498,18.2,,,6.1,.197
Don Nelson,1968-69,28,BOS,82,1773,17.5,,,7.5,.203
Don Nelson,1969-70,29,BOS,82,2224,18.5,,,8.3,.180
Don Nelson,1970-71,30,BOS,82,2254,15.9,,,7.4,.157
Don Nelson,1971-72,31,BOS,82,2086,17.7,,,8.8,.202
Don Nelson,1972-73,32,BOS,72,1425,16.8,,,5.8,.194
Don Nelson,1973-74,33,BOS,82,1748,16.1,0.8,1.3,5.9,.162
Don Nelson,1974-75,34,BOS,79,2052,18.1,2.4,2.3,8.7,.204
Don Nelson,1975-76,35,BOS,75,943,15.1,0.0,0.5,2.6,.134
Jameer Nelson,2004-05,22,ORL,79,1612,14.5,-0.7,0.5,2.5,.074
Jameer Nelson,2005-06,23,ORL,62,1784,19.5,2.0,1.8,4.9,.132
Jameer Nelson,2006-07,24,ORL,77,2331,13.9,-0.7,0.8,4.0,.082
Jameer Nelson,2007-08,25,ORL,69,1961,15.5,1.2,1.6,5.6,.136
Jameer Nelson,2008-09,26,ORL,42,1309,20.6,5.1,2.3,6.0,.220
Jameer Nelson,2009-10,27,ORL,65,1860,15.5,0.7,1.3,5.0,.130
Jameer Nelson,2010-11,28,ORL,76,2319,15.4,1.1,1.8,6.6,.136
Jameer Nelson,2011-12,29,ORL,57,1706,14.6,-0.1,0.8,3.5,.099
Jameer Nelson,2012-13,30,ORL,56,1977,14.4,-1.2,0.4,2.1,.050
Jameer Nelson,2013-14,31,ORL,68,2179,13.9,-1.1,0.5,2.8,.062
Jameer Nelson,2014-15,32,3TM,63,1407,12.1,-1.0,0.4,1.4,.047
Jameer Nelson,2014-15,32,DAL,23,584,9.9,-1.4,0.1,0.6,.047
Jameer Nelson,2014-15,32,BOS,6,121,8.7,-3.9,-0.1,0.0,-0.015
Jameer Nelson,2014-15,32,DEN,34,702,14.5,0.0,0.3,0.8,.058
Jameer Nelson,2015-16,33,DEN,39,1036,9.5,-3.0,-0.3,0.5,.024
Jameer Nelson,2016-17,34,DEN,75,2045,11.5,-2.0,0.0,2.8,.066
Jameer Nelson,2017-18,35,2TM,50,1013,8.1,-3.3,-0.3,0.6,.028
Jameer Nelson,2017-18,35,NOP,43,897,8.9,-2.6,-0.1,0.8,.045
Jameer Nelson,2017-18,35,DET,7,116,2.6,-8.4,-0.2,-0.3,-0.107
Louie Nelson,1973-74,22,CAP,49,556,13.7,-0.5,0.2,1.1,.091
Louie Nelson,1974-75,23,NOJ,72,1898,12.8,-2.2,-0.1,2.3,.059
Louie Nelson,1975-76,24,NOJ,66,2030,12.3,-1.4,0.3,2.9,.069
Louie Nelson,1976-77,25,SAS,4,57,8.4,-3.9,0.0,0.0,.032
Louie Nelson,1977-78,26,2TM,33,406,12.5,-2.2,-0.1,0.0,-0.001
Louie Nelson,1977-78,26,KCK,8,53,2.4,-5.1,-0.1,-0.1,-0.117
Louie Nelson,1977-78,26,NJN,25,353,14.0,-1.8,0.0,0.1,.016
Ron Nelson,1970-71,24,FLO,59,490,6.2,,,0.3,.030
Andrew Nembhard,2022-23,23,IND,75,2073,10.0,-3.2,-0.6,1.2,.029
Andrew Nembhard,2023-24,24,IND,68,1697,11.3,-2.2,-0.1,2.0,.057
Andrew Nembhard,2024-25,25,IND,65,1881,11.7,-2.3,-0.1,2.8,.071
RJ Nembhard Jr.,2021-22,22,CLE,14,63,8.0,-6.0,-0.1,0.0,.010
Ruben Nembhard,1996-97,24,2TM,10,113,13.3,1.0,0.1,0.2,.085
Ruben Nembhard,1996-97,24,UTA,8,94,13.8,1.3,0.1,0.2,.121
Ruben Nembhard,1996-97,24,POR,2,19,10.9,-0.8,0.0,0.0,-0.093
Dick Nemelka,1966-67,,Did not play - other,,,,,,,
Dick Nemelka,1967-68,,Did not play - other,,,,,,,
Dick Nemelka,1968-69,,Did not play - other,,,,,,,
Dick Nemelka,1969-70,,Did not play - other,,,,,,,
Dick Nemelka,1970-71,27,UTS,39,504,9.8,,,0.5,.052
Tyrone Nesby,1998-99,23,LAC,50,1288,17.0,1.8,1.2,3.1,.117
Tyrone Nesby,1999-00,24,LAC,73,2317,12.6,-2.7,-0.4,1.3,.027
Tyrone Nesby,2000-01,25,2TM,62,1556,8.9,-3.6,-0.6,0.3,.008
Tyrone Nesby,2000-01,25,LAC,14,333,8.5,-2.6,0.0,0.0,.004
Tyrone Nesby,2000-01,25,WAS,48,1223,9.0,-3.8,-0.6,0.2,.009
Tyrone Nesby,2001-02,26,WAS,70,1498,13.1,-0.8,0.4,2.9,.094
Aaron Nesmith,2020-21,21,BOS,46,669,9.4,-3.2,-0.2,1.1,.076
Aaron Nesmith,2021-22,22,BOS,52,574,7.3,-4.3,-0.3,0.4,.038
Aaron Nesmith,2022-23,23,IND,73,1816,10.5,-3.0,-0.4,2.0,.052
Aaron Nesmith,2023-24,24,IND,72,1995,12.8,-0.5,0.8,4.1,.098
Aaron Nesmith,2024-25,25,IND,45,1123,14.6,-0.5,0.4,2.9,.126
Martin Nessley,1987-88,22,2TM,44,336,2.8,-8.2,-0.5,-0.1,-0.014
Martin Nessley,1987-88,22,LAC,35,295,2.9,-8.0,-0.4,-0.1,-0.016
Martin Nessley,1987-88,22,SAC,9,41,2.3,-9.1,-0.1,0.0,-0.001
Rasho Nesterović,1998-99,22,MIN,2,30,3.5,-9.7,-0.1,0.0,-0.049
Rasho Nesterović,1999-00,23,MIN,82,1723,11.0,-2.6,-0.2,3.0,.082
Rasho Nesterović,2000-01,24,MIN,73,1233,10.4,-3.5,-0.5,1.5,.060
Rasho Nesterović,2001-02,25,MIN,82,2218,12.9,-1.7,0.2,4.1,.089
Rasho Nesterović,2002-03,26,MIN,77,2337,14.7,-0.1,1.1,5.2,.107
Rasho Nesterović,2003-04,27,SAS,82,2353,15.3,1.1,1.9,7.2,.147
Rasho Nesterović,2004-05,28,SAS,70,1785,12.0,-0.7,0.6,4.2,.114
Rasho Nesterović,2005-06,29,SAS,80,1515,11.0,-1.5,0.2,3.7,.118
Rasho Nesterović,2006-07,30,TOR,80,1676,13.9,-0.3,0.7,4.1,.118
Rasho Nesterović,2007-08,31,TOR,71,1486,16.1,0.0,0.7,3.9,.125
Rasho Nesterović,2008-09,32,IND,70,1214,14.1,-0.9,0.3,2.2,.086
Rasho Nesterović,2009-10,33,TOR,42,413,16.0,-1.2,0.1,0.8,.089
Raul Neto,2013-14,,Did not play - other pro league,,,,,,,
Raul Neto,2014-15,,Did not play - other pro league,,,,,,,
Raul Neto,2015-16,23,UTA,81,1499,10.2,-2.0,0.0,1.8,.058
Raul Neto,2016-17,24,UTA,40,346,10.7,-0.1,0.2,0.7,.100
Raul Neto,2017-18,25,UTA,41,498,11.9,-1.4,0.1,0.9,.086
Raul Neto,2018-19,26,UTA,37,474,13.5,-0.3,0.2,1.1,.116
Raul Neto,2019-20,27,PHI,54,668,12.7,-1.8,0.0,1.2,.083
Raul Neto,2020-21,28,WAS,64,1403,13.0,-0.6,0.5,2.8,.097
Raul Neto,2021-22,29,WAS,70,1372,12.4,-2.9,-0.4,1.5,.053
Raul Neto,2022-23,30,CLE,48,505,12.6,-0.2,0.2,1.5,.142
Raul Neto,2023-24,,Did not play - injury,,,,,,,
Bob Netolicky,1967-68,25,INA,71,2385,21.4,,,7.4,.149
Bob Netolicky,1968-69,26,INA,78,2721,19.1,,,8.3,.147
Bob Netolicky,1969-70,27,INA,82,3222,19.1,,,8.2,.122
Bob Netolicky,1970-71,28,INA,82,3137,16.7,,,7.5,.114
Bob Netolicky,1971-72,29,INA,83,2905,15.1,,,5.6,.093
Bob Netolicky,1972-73,30,DLC,84,3409,15.9,,,4.9,.069
Bob Netolicky,1973-74,31,2TM,75,1645,16.1,0.7,1.1,4.1,.120
Bob Netolicky,1973-74,31,SAA,19,488,18.1,3.1,0.6,1.3,.129
Bob Netolicky,1973-74,31,INA,56,1157,15.2,-0.4,0.5,2.8,.116
Bob Netolicky,1974-75,32,INA,59,1077,12.9,-2.2,-0.1,2.1,.093
Bob Netolicky,1975-76,33,INA,4,53,7.1,-4.8,-0.1,0.0,-0.044
Johnny Neumann,1971-72,20,MMP,77,1969,15.0,,,2.0,.048
Johnny Neumann,1972-73,21,MMT,79,2787,14.7,,,4.6,.078
Johnny Neumann,1973-74,22,2TM,87,2056,14.4,-2.3,-0.2,0.8,.018
Johnny Neumann,1973-74,22,MMT,43,1300,13.9,-2.6,-0.2,0.2,.009
Johnny Neumann,1973-74,22,UTS,44,756,15.4,-1.9,0.0,0.5,.033
Johnny Neumann,1974-75,23,2TM,52,931,11.5,-3.0,-0.3,0.6,.031
Johnny Neumann,1974-75,23,VIR,4,96,6.9,-5.1,-0.1,-0.3,-0.164
Johnny Neumann,1974-75,23,INA,48,835,12.0,-2.7,-0.2,0.9,.054
Johnny Neumann,1975-76,24,2TM,77,1589,14.4,-0.4,0.6,1.6,.047
Johnny Neumann,1975-76,24,VIR,35,777,16.6,0.6,0.5,0.8,.050
Johnny Neumann,1975-76,24,KEN,42,812,12.4,-1.4,0.1,0.8,.045
Johnny Neumann,1976-77,25,2TM,63,937,11.1,-4.9,-0.6,0.0,.000
Johnny Neumann,1976-77,25,BUF,4,49,19.8,-2.3,0.0,0.1,.084
Johnny Neumann,1976-77,25,LAL,59,888,10.7,-5.1,-0.7,-0.1,-0.005
Johnny Neumann,1977-78,26,IND,20,216,7.4,-5.0,-0.2,-0.1,-0.029
Johnny Neumann,1978-79,,Did not play - other pro league,,,,,,,
Paul Neumann,1959-60,,Did not play - other pro league,,,,,,,
Paul Neumann,1960-61,,Did not play - other pro league,,,,,,,
Paul Neumann,1961-62,24,SYR,77,1265,11.8,,,3.2,.123
Paul Neumann,1962-63,25,SYR,80,1581,13.4,,,4.6,.139
Paul Neumann,1963-64,26,PHI,74,1973,14.3,,,4.2,.103
Paul Neumann,1964-65,27,2TM,76,2034,14.9,,,6.5,.153
Paul Neumann,1964-65,27,PHI,40,1100,16.8,,,4.2,.185
Paul Neumann,1964-65,27,SFW,36,934,12.7,,,2.2,.115
Paul Neumann,1965-66,28,SFW,66,1729,14.8,,,4.0,.112
Paul Neumann,1966-67,29,SFW,78,2421,13.0,,,5.8,.115
Chuck Nevitt,1982-83,23,HOU,6,64,14.8,-2.7,0.0,0.1,.057
Chuck Nevitt,1983-84,,Did not play - waived,,,,,,,
Chuck Nevitt,1984-85,25,LAL,11,59,2.1,-11.7,-0.1,-0.2,-0.158
Chuck Nevitt,1985-86,26,2TM,29,126,11.2,-4.0,-0.1,0.1,.046
Chuck Nevitt,1985-86,26,LAL,4,25,5.4,-11.4,-0.1,-0.1,-0.137
Chuck Nevitt,1985-86,26,DET,25,101,12.7,-2.1,0.0,0.2,.091
Chuck Nevitt,1986-87,27,DET,41,267,10.3,-3.4,-0.1,0.5,.088
Chuck Nevitt,1987-88,28,DET,17,63,6.6,-7.4,-0.1,0.0,.018
Chuck Nevitt,1988-89,29,HOU,43,228,8.1,-4.5,-0.1,0.1,.022
Chuck Nevitt,1989-90,30,HOU,3,9,12.1,2.3,0.0,0.0,.037
Chuck Nevitt,1990-91,,Did not play - other pro league,,,,,,,
Chuck Nevitt,1991-92,32,CHI,4,9,-13.6,-22.6,0.0,-0.1,-0.467
Chuck Nevitt,1992-93,,Did not play - other pro league,,,,,,,
Chuck Nevitt,1993-94,34,SAS,1,1,46.0,-34.2,0.0,0.0,-0.174
Melvin Newbern,1992-93,25,DET,33,311,11.5,-2.4,0.0,0.0,.000
Ivano Newbill,1994-95,24,DET,34,331,7.3,-5.6,-0.3,0.1,.022
Ivano Newbill,1995-96,,Did not play - other pro league,,,,,,,
Ivano Newbill,1996-97,26,ATL,72,850,6.7,-3.4,-0.3,1.1,.060
Ivano Newbill,1997-98,27,VAN,28,249,7.6,-6.9,-0.3,-0.1,-0.022
Ira Newble,2000-01,26,SAS,27,184,8.9,-4.0,-0.1,0.2,.055
Ira Newble,2001-02,27,ATL,42,1273,11.5,-1.5,0.2,2.3,.089
Ira Newble,2002-03,28,ATL,73,1931,11.7,-1.2,0.4,3.3,.081
Ira Newble,2003-04,29,CLE,64,1245,6.7,-4.5,-0.8,0.1,.004
Ira Newble,2004-05,30,CLE,74,1832,8.6,-2.9,-0.4,1.9,.050
Ira Newble,2005-06,31,CLE,36,353,4.0,-5.2,-0.3,0.1,.009
Ira Newble,2006-07,32,CLE,15,129,14.9,0.0,0.1,0.5,.179
Ira Newble,2007-08,33,3TM,49,698,9.7,-3.0,-0.2,0.9,.061
Ira Newble,2007-08,33,CLE,41,650,10.0,-2.7,-0.1,0.9,.067
Ira Newble,2007-08,33,SEA,2,17,0.5,-9.8,0.0,-0.1,-0.144
Ira Newble,2007-08,33,LAL,6,31,10.0,-4.4,0.0,0.0,.037
Mike Newlin,1971-72,23,HOU,82,1495,10.6,,,1.6,.050
Mike Newlin,1972-73,24,HOU,82,2658,16.2,,,5.8,.105
Mike Newlin,1973-74,25,HOU,76,2591,16.6,-1.2,0.5,5.2,.096
Mike Newlin,1974-75,26,HOU,79,2709,15.1,-0.5,1.0,5.9,.105
Mike Newlin,1975-76,27,HOU,82,3065,17.4,0.6,2.0,8.5,.133
Mike Newlin,1976-77,28,HOU,82,2119,16.1,-0.5,0.8,4.7,.106
Mike Newlin,1977-78,29,HOU,45,1181,16.0,-0.2,0.5,1.8,.073
Mike Newlin,1978-79,30,HOU,76,1828,12.9,-1.3,0.3,2.9,.076
Mike Newlin,1979-80,31,NJN,78,2510,17.7,1.3,2.1,6.5,.124
Mike Newlin,1980-81,32,NJN,79,2911,15.6,-0.8,0.9,6.1,.100
Mike Newlin,1981-82,33,NYK,76,1507,11.5,-3.6,-0.6,1.5,.049
Johnny Newman,1986-87,23,CLE,59,630,9.8,-4.4,-0.4,0.3,.024
Johnny Newman,1987-88,24,NYK,77,1589,12.1,-1.9,0.1,3.1,.093
Johnny Newman,1988-89,25,NYK,81,2336,15.3,1.1,1.8,6.7,.138
Johnny Newman,1989-90,26,NYK,80,2277,12.7,-1.1,0.5,4.5,.095
Johnny Newman,1990-91,27,CHH,81,2477,15.1,-1.0,0.7,4.1,.080
Johnny Newman,1991-92,28,CHH,55,1651,13.6,-2.0,0.0,2.3,.068
Johnny Newman,1992-93,29,CHH,64,1471,15.5,0.0,0.8,3.7,.120
Johnny Newman,1993-94,30,2TM,81,1697,14.1,-1.3,0.3,3.7,.106
Johnny Newman,1993-94,30,CHH,18,429,16.9,0.3,0.2,1.0,.116
Johnny Newman,1993-94,30,NJN,63,1268,13.2,-1.8,0.1,2.7,.102
Johnny Newman,1994-95,31,MIL,82,1896,10.4,-2.7,-0.3,2.8,.070
Johnny Newman,1995-96,32,MIL,82,2690,11.5,-1.4,0.4,4.4,.079
Johnny Newman,1996-97,33,MIL,82,2060,10.8,-2.6,-0.3,2.8,.065
Johnny Newman,1997-98,34,DEN,74,2176,14.9,-2.6,-0.3,2.7,.060
Johnny Newman,1998-99,35,CLE,50,949,9.2,-3.1,-0.3,1.2,.059
Johnny Newman,1999-00,36,NJN,82,1763,13.6,-1.9,0.1,3.5,.095
Johnny Newman,2000-01,37,NJN,82,2049,13.0,-2.1,0.0,3.4,.081
Johnny Newman,2001-02,38,DAL,47,724,8.3,-2.6,-0.1,0.9,.061
Malik Newman,2019-20,22,CLE,1,4,-11.4,-25.7,0.0,0.0,-0.502
Malik Newman,2020-21,,Did not play - other pro league,,,,,,,
Malik Newman,2021-22,24,CLE,1,8,28.6,6.4,0.0,0.0,.179
Dave Newmark,1968-69,22,CHI,81,1159,11.2,,,0.8,.034
Dave Newmark,1969-70,23,ATL,64,612,12.7,,,0.4,.033
Dave Newmark,1970-71,24,CAR,31,457,14.7,,,0.7,.073
Bill Newton,1972-73,22,INA,24,117,14.7,,,0.1,.046
Bill Newton,1973-74,23,INA,11,73,4.9,-4.4,-0.1,0.0,.001
Tristen Newton,2024-25,23,2TM,8,16,-6.1,-20.7,-0.1,-0.1,-0.330
Tristen Newton,2024-25,23,IND,5,8,-15.3,-32.7,-0.1,-0.1,-0.553
Tristen Newton,2024-25,23,MIN,3,8,3.1,-8.7,0.0,0.0,-0.107
Georges Niang,2016-17,23,IND,23,93,0.1,-11.7,-0.2,-0.3,-0.168
Georges Niang,2017-18,24,UTA,9,32,9.2,-4.0,0.0,0.0,-0.029
Georges Niang,2018-19,25,UTA,59,516,13.0,0.0,0.3,1.3,.123
Georges Niang,2019-20,26,UTA,66,923,11.7,-0.1,0.4,1.8,.092
Georges Niang,2020-21,27,UTA,72,1154,11.4,-0.3,0.5,2.6,.108
Georges Niang,2021-22,28,PHI,76,1736,10.7,-1.9,0.0,2.8,.077
Georges Niang,2022-23,29,PHI,78,1512,10.9,-1.4,0.2,2.5,.078
Georges Niang,2023-24,30,CLE,82,1831,9.9,-2.9,-0.4,2.4,.064
Georges Niang,2024-25,31,2TM,79,1697,11.2,-2.3,-0.1,2.9,.081
Georges Niang,2024-25,31,CLE,51,1053,11.1,-1.8,0.1,2.2,.099
Georges Niang,2024-25,31,ATL,28,644,11.4,-3.1,-0.2,0.7,.051
Demetris Nichols,2007-08,23,2TM,14,44,-1.9,-12.1,-0.1,-0.2,-0.234
Demetris Nichols,2007-08,23,CLE,3,14,-20.8,-28.3,-0.1,-0.2,-0.615
Demetris Nichols,2007-08,23,CHI,11,30,7.0,-4.6,0.0,0.0,-0.056
Demetris Nichols,2008-09,24,2TM,4,14,8.8,-4.8,0.0,0.0,-0.108
Demetris Nichols,2008-09,24,CHI,2,5,-3.5,-11.3,0.0,0.0,-0.283
Demetris Nichols,2008-09,24,NYK,2,9,15.7,-1.2,0.0,0.0,-0.010
Jack Nichols,1948-49,22,WSC,34,,,,,4.3,
Jack Nichols,1949-50,23,2TM,67,,,,,6.7,
Jack Nichols,1949-50,23,WSC,49,,,,,4.5,
Jack Nichols,1949-50,23,TRI,18,,,,,2.1,
Jack Nichols,1950-51,24,TRI,6,,,,,0.3,
Jack Nichols,1951-52,,Did not play - military service,,,,,,,
Jack Nichols,1952-53,26,MLH,69,2626,16.8,,,4.1,.075
Jack Nichols,1953-54,27,2TM,75,1607,9.5,,,-1.0,-0.030
Jack Nichols,1953-54,27,MLH,15,356,4.1,,,-1.6,-0.211
Jack Nichols,1953-54,27,BOS,60,1251,11.1,,,0.6,.022
Jack Nichols,1954-55,28,BOS,64,1910,12.2,,,1.6,.040
Jack Nichols,1955-56,29,BOS,60,1964,16.5,,,4.4,.107
Jack Nichols,1956-57,30,BOS,61,1372,11.9,,,2.5,.088
Jack Nichols,1957-58,31,BOS,69,1224,9.3,,,1.0,.040
Andrew Nicholson,2012-13,23,ORL,75,1249,15.1,-2.7,-0.2,1.7,.065
Andrew Nicholson,2013-14,24,ORL,76,1174,9.9,-5.1,-0.9,0.6,.025
Andrew Nicholson,2014-15,25,ORL,40,492,10.3,-4.9,-0.4,0.1,.007
Andrew Nicholson,2015-16,26,ORL,56,823,14.8,-1.1,0.2,1.6,.092
Andrew Nicholson,2016-17,27,2TM,38,342,5.9,-6.0,-0.3,-0.1,-0.019
Andrew Nicholson,2016-17,27,WAS,28,231,6.3,-5.6,-0.2,-0.1,-0.014
Andrew Nicholson,2016-17,27,BRK,10,111,5.0,-6.8,-0.1,-0.1,-0.030
Gaylon Nickerson,1994-95,,Did not play - other pro league,,,,,,,
Gaylon Nickerson,1995-96,,Did not play - other pro league,,,,,,,
Gaylon Nickerson,1996-97,27,2TM,4,42,12.9,-1.2,0.0,0.1,.076
Gaylon Nickerson,1996-97,27,SAS,3,36,14.3,0.0,0.0,0.1,.127
Gaylon Nickerson,1996-97,27,WSB,1,6,4.5,-8.0,0.0,0.0,-0.229
Carl Nicks,1980-81,22,2TM,67,1109,10.2,-4.1,-0.6,-0.2,-0.008
Carl Nicks,1980-81,22,DEN,27,493,8.3,-4.8,-0.4,-0.4,-0.043
Carl Nicks,1980-81,22,UTA,40,616,11.7,-3.5,-0.2,0.3,.021
Carl Nicks,1981-82,23,UTA,80,1322,10.5,-5.0,-1.0,-0.3,-0.010
Carl Nicks,1982-83,24,CLE,9,148,12.1,-2.7,0.0,0.1,.032
Rich Niemann,1968-69,22,2TM,34,272,11.9,,,0.2,.038
Rich Niemann,1968-69,22,DET,16,123,11.6,,,0.1,.037
Rich Niemann,1968-69,22,MIL,18,149,12.2,,,0.1,.038
Rich Niemann,1969-70,23,2TM,69,1484,17.7,,,4.4,.143
Rich Niemann,1969-70,23,BOS,6,18,6.5,,,0.0,.107
Rich Niemann,1969-70,23,CAR,63,1466,17.8,,,4.4,.144
Rich Niemann,1970-71,24,FLO,51,642,14.0,,,1.4,.107
Rich Niemann,1971-72,25,DLC,33,524,9.9,,,1.2,.109
Richie Niemiera,1948-49,27,FTW,55,,,,,4.8,
Richie Niemiera,1949-50,28,2TM,60,,,,,2.7,
Richie Niemiera,1949-50,28,FTW,31,,,,,0.8,
Richie Niemiera,1949-50,28,AND,29,,,,,1.9,
Mike Niles,1980-81,25,PHO,44,231,6.7,-8.8,-0.5,-0.3,-0.062
Kurt Nimphius,1980-81,,Did not play - other pro league,,,,,,,
Kurt Nimphius,1981-82,23,DAL,63,1085,12.0,-2.0,0.0,1.5,.067
Kurt Nimphius,1982-83,24,DAL,81,1515,12.5,-0.7,0.5,2.9,.093
Kurt Nimphius,1983-84,25,DAL,82,2284,13.0,0.3,1.3,4.8,.101
Kurt Nimphius,1984-85,26,DAL,82,2010,10.9,-0.3,0.9,3.3,.079
Kurt Nimphius,1985-86,27,2TM,80,2226,12.6,-2.6,-0.3,3.1,.067
Kurt Nimphius,1985-86,27,DAL,13,280,11.3,-1.2,0.1,0.4,.070
Kurt Nimphius,1985-86,27,LAC,67,1946,12.8,-2.8,-0.4,2.7,.066
Kurt Nimphius,1986-87,28,2TM,66,1088,9.6,-4.2,-0.6,0.7,.033
Kurt Nimphius,1986-87,28,LAC,38,811,9.4,-4.7,-0.6,0.3,.017
Kurt Nimphius,1986-87,28,DET,28,277,10.1,-2.6,0.0,0.5,.080
Kurt Nimphius,1987-88,29,SAS,72,919,10.9,-2.8,-0.2,1.0,.052
Kurt Nimphius,1988-89,,Did not play - other pro league,,,,,,,
Kurt Nimphius,1989-90,31,PHI,38,314,7.9,-5.7,-0.3,0.1,.020
Kurt Nimphius,1990-91,,Did not play - other pro league,,,,,,,
Daishen Nix,2021-22,19,HOU,24,261,8.1,-6.4,-0.3,-0.2,-0.033
Daishen Nix,2022-23,20,HOU,57,914,5.3,-6.5,-1.0,-1.2,-0.062
Daishen Nix,2023-24,21,MIN,15,50,12.3,-1.4,0.0,0.0,.014
Daishen Nix,2024-25,22,MIN,3,13,-7.0,-16.2,0.0,-0.1,-0.327
Dyron Nix,1989-90,22,IND,20,109,8.2,-5.8,-0.1,0.0,-0.015
Norm Nixon,1977-78,22,LAL,81,2779,14.1,-0.9,0.8,4.5,.078
Norm Nixon,1978-79,23,LAL,82,3145,18.2,2.2,3.3,9.6,.146
Norm Nixon,1979-80,24,LAL,82,3226,14.9,-0.7,1.1,6.7,.100
Norm Nixon,1980-81,25,LAL,79,2962,15.5,-0.6,1.0,5.5,.089
Norm Nixon,1981-82,26,LAL,82,3024,15.3,-0.8,0.9,6.6,.104
Norm Nixon,1982-83,27,LAL,79,2711,13.9,-1.9,0.0,3.9,.069
Norm Nixon,1983-84,28,SDC,82,3053,16.9,0.8,2.2,5.4,.085
Norm Nixon,1984-85,29,LAC,81,2894,15.6,-0.6,1.1,3.7,.061
Norm Nixon,1985-86,30,LAC,67,2138,15.7,-0.9,0.6,2.0,.046
Norm Nixon,1986-87,,Did not play - injury,,,,,,,
Norm Nixon,1987-88,,Did not play - injury,,,,,,,
Norm Nixon,1988-89,33,LAC,53,1318,9.8,-4.4,-0.8,-0.4,-0.013
Norm Nixon,1989-90,,Did not play - other pro league,,,,,,,
Zeke Nnaji,2020-21,20,DEN,42,397,11.3,-1.7,0.0,0.9,.104
Zeke Nnaji,2021-22,21,DEN,41,698,13.5,-2.2,0.0,1.8,.123
Zeke Nnaji,2022-23,22,DEN,53,728,12.5,-3.7,-0.3,1.6,.106
Zeke Nnaji,2023-24,23,DEN,58,576,12.4,-3.7,-0.2,1.2,.099
Zeke Nnaji,2024-25,24,DEN,57,608,12.0,-1.3,0.1,1.2,.097
Joakim Noah,2007-08,22,CHI,74,1534,15.5,-0.2,0.7,3.8,.120
Joakim Noah,2008-09,23,CHI,80,1938,16.5,1.1,1.5,6.4,.159
Joakim Noah,2009-10,24,CHI,64,1925,17.9,1.6,1.7,6.2,.154
Joakim Noah,2010-11,25,CHI,48,1576,18.8,2.9,1.9,6.7,.205
Joakim Noah,2011-12,26,CHI,64,1945,19.6,3.8,2.8,9.0,.223
Joakim Noah,2012-13,27,CHI,66,2426,18.1,3.4,3.3,7.3,.145
Joakim Noah,2013-14,28,CHI,80,2820,20.0,5.3,5.2,11.2,.190
Joakim Noah,2014-15,29,CHI,67,2049,15.3,2.1,2.1,5.6,.130
Joakim Noah,2015-16,30,CHI,29,635,14.1,1.6,0.6,1.1,.079
Joakim Noah,2016-17,31,NYK,46,1015,15.2,-0.5,0.4,2.2,.106
Joakim Noah,2017-18,32,NYK,7,40,15.6,-0.8,0.0,0.1,.072
Joakim Noah,2018-19,33,MEM,42,693,18.6,2.1,0.7,2.2,.150
Joakim Noah,2019-20,34,LAC,5,50,11.1,-1.6,0.0,0.1,.096
Chuck Noble,1954-55,,Did not play - other pro league,,,,,,,
Chuck Noble,1955-56,24,FTW,72,2013,10.8,,,1.1,.026
Chuck Noble,1956-57,25,FTW,54,1260,11.0,,,0.4,.014
Chuck Noble,1957-58,26,DET,61,1363,7.0,,,-0.9,-0.033
Chuck Noble,1958-59,27,DET,65,939,10.6,,,-0.5,-0.024
Chuck Noble,1959-60,28,DET,58,1621,10.9,,,0.0,.000
Chuck Noble,1960-61,29,DET,75,1655,8.1,,,-0.5,-0.014
Chuck Noble,1961-62,30,DET,26,361,4.7,,,-0.5,-0.063
Andrés Nocioni,2001-02,,Did not play - other pro league,,,,,,,
Andrés Nocioni,2002-03,,Did not play - other pro league,,,,,,,
Andrés Nocioni,2003-04,,Did not play - other pro league,,,,,,,
Andrés Nocioni,2004-05,25,CHI,81,1892,10.1,-2.0,0.0,2.5,.062
Andrés Nocioni,2005-06,26,CHI,82,2239,16.1,1.7,2.1,6.7,.144
Andrés Nocioni,2006-07,27,CHI,53,1406,15.6,0.8,1.0,4.1,.139
Andrés Nocioni,2007-08,28,CHI,82,2021,13.6,-0.8,0.6,3.3,.077
Andrés Nocioni,2008-09,29,2TM,76,1991,12.2,-1.9,0.0,2.8,.068
Andrés Nocioni,2008-09,29,CHI,53,1278,11.4,-2.1,0.0,1.9,.072
Andrés Nocioni,2008-09,29,SAC,23,713,13.6,-1.7,0.1,0.9,.060
Andrés Nocioni,2009-10,30,SAC,75,1477,11.1,-2.4,-0.1,1.3,.044
Andrés Nocioni,2010-11,31,PHI,54,931,10.1,-2.5,-0.1,1.3,.067
Andrés Nocioni,2011-12,32,PHI,11,56,1.8,-12.9,-0.2,-0.2,-0.139
Andrés Nocioni,2012-13,,Did not play - other pro league,,,,,,,
Andrés Nocioni,2013-14,,Did not play - other pro league,,,,,,,
Andrés Nocioni,2014-15,,Did not play - other pro league,,,,,,,
Andrés Nocioni,2015-16,,Did not play - other pro league,,,,,,,
Andrés Nocioni,2016-17,,Did not play - other pro league,,,,,,,
David Noel,2006-07,22,MIL,68,792,9.0,-3.1,-0.2,0.4,.024
Nerlens Noel,2013-14,,Did not play - injury,,,,,,,
Nerlens Noel,2014-15,20,PHI,75,2311,15.0,-0.3,1.0,4.0,.083
Nerlens Noel,2015-16,21,PHI,67,1965,16.2,-0.2,0.9,3.0,.074
Nerlens Noel,2016-17,22,2TM,51,1047,20.4,2.4,1.2,4.0,.181
Nerlens Noel,2016-17,22,PHI,29,564,20.8,3.2,0.7,2.2,.184
Nerlens Noel,2016-17,22,DAL,22,483,19.8,1.4,0.4,1.8,.178
Nerlens Noel,2017-18,23,DAL,30,472,16.2,0.5,0.3,1.3,.135
Nerlens Noel,2018-19,24,OKC,77,1055,19.3,2.1,1.1,4.3,.198
Nerlens Noel,2019-20,25,OKC,61,1127,20.4,3.1,1.5,4.9,.209
Nerlens Noel,2020-21,26,NYK,64,1547,14.8,1.4,1.3,5.2,.162
Nerlens Noel,2021-22,27,NYK,25,562,11.8,0.3,0.3,1.5,.128
Nerlens Noel,2022-23,28,2TM,17,195,7.9,-3.8,-0.1,0.0,.007
Nerlens Noel,2022-23,28,DET,14,152,10.0,-2.0,0.0,0.1,.040
Nerlens Noel,2022-23,28,BRK,3,43,0.3,-10.3,-0.1,-0.1,-0.112
Nerlens Noel,2023-24,,Did not play - waived,,,,,,,
Paul Noel,1947-48,23,NYK,29,,,,,0.7,
Paul Noel,1948-49,24,NYK,47,,,,,-0.8,
Paul Noel,1949-50,25,NYK,65,,,,,0.9,
Paul Noel,1950-51,26,ROC,52,,,,,-0.5,
Paul Noel,1951-52,27,ROC,8,32,2.3,,,-0.1,-0.092
Lucas Nogueira,2013-14,,Did not play - other pro league,,,,,,,
Lucas Nogueira,2014-15,22,TOR,6,23,5.2,-10.5,0.0,0.0,-0.071
Lucas Nogueira,2015-16,23,TOR,29,225,15.6,0.0,0.1,0.7,.154
Lucas Nogueira,2016-17,24,TOR,57,1088,15.5,2.0,1.1,3.7,.164
Lucas Nogueira,2017-18,25,TOR,49,418,17.3,5.2,0.8,1.6,.188
Jim Nolan,1949-50,22,PHW,5,,,,,-0.2,
Paul Nolen,1953-54,24,BLB,1,2,-20.5,,,0.0,-0.724
Jeff Nordgaard,1996-97,,Did not play - other pro league,,,,,,,
Jeff Nordgaard,1997-98,24,MIL,13,48,11.6,-3.7,0.0,0.0,.043
Bevo Nordmann,1961-62,22,CIN,58,344,9.6,,,0.1,.014
Bevo Nordmann,1962-63,23,2TM,53,1000,12.3,,,1.7,.083
Bevo Nordmann,1962-63,23,STL,27,271,10.5,,,0.5,.092
Bevo Nordmann,1962-63,23,NYK,26,729,13.0,,,1.2,.080
Bevo Nordmann,1963-64,24,2TM,19,259,5.8,,,0.0,.008
Bevo Nordmann,1963-64,24,NYK,7,106,9.5,,,0.2,.076
Bevo Nordmann,1963-64,24,STL,12,153,3.2,,,-0.1,-0.039
Bevo Nordmann,1964-65,25,BOS,3,25,13.0,,,0.1,.240
Johnny Norlander,1946-47,25,WSC,60,,,,,9.7,
Johnny Norlander,1947-48,26,WSC,48,,,,,5.8,
Johnny Norlander,1948-49,27,WSC,60,,,,,4.2,
Johnny Norlander,1949-50,28,WSC,40,,,,,0.6,
Johnny Norlander,1950-51,29,WSC,9,,,,,0.2,
Connie Norman,1974-75,21,PHI,12,72,19.4,-1.7,0.1,0.2,.120
Connie Norman,1975-76,22,PHI,65,818,12.7,-2.2,0.0,0.8,.046
Connie Norman,1976-77,,Did not play - waived,,,,,,,
Connie Norman,1977-78,,Did not play - waived,,,,,,,
Connie Norman,1978-79,25,SDC,22,323,11.9,-3.6,-0.1,0.2,.032
Ken Norman,1987-88,23,LAC,66,1435,11.2,-3.1,-0.4,0.6,.021
Ken Norman,1988-89,24,LAC,80,3020,15.4,-0.5,1.1,4.0,.064
Ken Norman,1989-90,25,LAC,70,2334,14.6,-0.9,0.6,2.9,.061
Ken Norman,1990-91,26,LAC,70,2309,16.4,0.5,1.5,4.8,.100
Ken Norman,1991-92,27,LAC,77,2009,15.3,0.0,1.0,4.0,.095
Ken Norman,1992-93,28,LAC,76,2477,15.7,-0.3,1.1,5.2,.101
Ken Norman,1993-94,29,MIL,82,2539,12.6,-2.3,-0.2,1.9,.036
Ken Norman,1994-95,30,ATL,74,1879,14.8,-1.1,0.4,3.2,.081
Ken Norman,1995-96,31,ATL,34,770,13.4,-1.0,0.2,1.1,.069
Ken Norman,1996-97,32,ATL,17,220,3.1,-9.2,-0.4,-0.6,-0.129
Audie Norris,1982-83,22,POR,30,311,5.0,-5.2,-0.3,-0.1,-0.022
Audie Norris,1983-84,23,POR,79,1157,8.7,-3.7,-0.5,1.1,.046
Audie Norris,1984-85,24,POR,78,1117,10.6,-3.2,-0.3,1.9,.083
Audie Norris,1985-86,,Did not play - other pro league,,,,,,,
Audie Norris,1986-87,,Did not play - other pro league,,,,,,,
Audie Norris,1987-88,,Did not play - other pro league,,,,,,,
Audie Norris,1988-89,,Did not play - other pro league,,,,,,,
Audie Norris,1989-90,,Did not play - other pro league,,,,,,,
Audie Norris,1990-91,,Did not play - other pro league,,,,,,,
Audie Norris,1991-92,,Did not play - other pro league,,,,,,,
Audie Norris,1992-93,,Did not play - other pro league,,,,,,,
Audie Norris,1993-94,,Did not play - other pro league,,,,,,,
Miles Norris,2024-25,24,BOS,3,35,8.5,-1.9,0.0,0.0,.049
Moochie Norris,1996-97,23,VAN,8,89,8.2,-5.9,-0.1,-0.1,-0.066
Moochie Norris,1997-98,,Did not play - other pro league,,,,,,,
Moochie Norris,1998-99,25,SEA,12,140,7.6,-4.3,-0.1,-0.2,-0.057
Moochie Norris,1999-00,26,HOU,30,502,18.4,1.7,0.5,1.7,.158
Moochie Norris,2000-01,27,HOU,82,1654,16.2,1.0,1.2,4.4,.126
Moochie Norris,2001-02,28,HOU,82,2249,13.1,-2.4,-0.2,1.8,.039
Moochie Norris,2002-03,29,HOU,82,1375,11.8,-1.5,0.2,1.7,.061
Moochie Norris,2003-04,30,2TM,66,847,10.9,-1.1,0.2,0.8,.045
Moochie Norris,2003-04,30,HOU,30,401,6.7,-3.0,-0.1,0.0,-0.005
Moochie Norris,2003-04,30,NYK,36,446,14.8,0.6,0.3,0.8,.091
Moochie Norris,2004-05,31,2TM,38,360,6.1,-6.6,-0.4,-0.4,-0.056
Moochie Norris,2004-05,31,NYK,32,321,6.8,-5.5,-0.3,-0.3,-0.043
Moochie Norris,2004-05,31,HOU,6,39,0.6,-15.8,-0.1,-0.1,-0.168
Moochie Norris,2005-06,32,2TM,45,424,10.1,-3.0,-0.1,0.3,.029
Moochie Norris,2005-06,32,HOU,29,241,10.4,-1.9,0.0,0.2,.046
Moochie Norris,2005-06,32,NOK,16,183,9.6,-4.3,-0.1,0.0,.006
Sylvester Norris,1979-80,22,SAS,17,189,3.3,-6.2,-0.3,-0.2,-0.055
Zach Norvell,2019-20,22,2TM,5,41,2.6,-8.4,-0.1,-0.1,-0.084
Zach Norvell,2019-20,22,LAL,2,5,-5.6,-12.8,0.0,0.0,-0.152
Zach Norvell,2019-20,22,GSW,3,36,3.7,-7.7,-0.1,-0.1,-0.075
Willie Norwood,1969-70,,Did not play - waived,,,,,,,
Willie Norwood,1970-71,,Did not play - other pro league,,,,,,,
Willie Norwood,1971-72,24,DET,78,1272,13.4,,,2.6,.097
Willie Norwood,1972-73,25,DET,79,1282,15.8,,,3.8,.141
Willie Norwood,1973-74,26,DET,74,1178,15.8,0.7,0.8,3.5,.144
Willie Norwood,1974-75,27,DET,24,347,17.3,0.3,0.2,1.1,.146
Willie Norwood,1975-76,28,SEA,64,1004,15.4,-0.2,0.5,3.0,.141
Willie Norwood,1976-77,29,SEA,76,1647,12.0,-1.3,0.3,3.3,.095
Willie Norwood,1977-78,30,2TM,35,611,8.2,-3.5,-0.3,0.5,.037
Willie Norwood,1977-78,30,DET,16,260,10.4,-2.3,0.0,0.4,.070
Willie Norwood,1977-78,30,POR,19,351,6.6,-4.4,-0.2,0.1,.012
George Nostrand,1946-47,23,2TM,61,,,,,2.0,
George Nostrand,1946-47,23,TRH,13,,,,,1.0,
George Nostrand,1946-47,23,CLR,48,,,,,1.0,
George Nostrand,1947-48,24,PRO,45,,,,,1.3,
George Nostrand,1948-49,25,2TM,60,,,,,2.0,
George Nostrand,1948-49,25,PRO,33,,,,,-0.1,
George Nostrand,1948-49,25,BOS,27,,,,,2.1,
George Nostrand,1949-50,26,3TM,55,,,,,0.4,
George Nostrand,1949-50,26,BOS,18,,,,,0.2,
George Nostrand,1949-50,26,TRI,1,,,,,0.1,
George Nostrand,1949-50,26,CHS,36,,,,,0.1,
Stan Noszka,1946-47,26,PIT,58,,,,,1.8,
Stan Noszka,1947-48,27,BOS,22,,,,,0.4,
Stan Noszka,1948-49,28,BOS,30,,,,,-0.2,
Mike Novak,1948-49,33,ROC,60,,,,,1.8,
Mike Novak,1949-50,34,2TM,60,,,,,0.6,
Mike Novak,1949-50,34,ROC,5,,,,,-0.1,
Mike Novak,1949-50,34,PHW,55,,,,,0.7,
Mike Novak,1950-51,,Did not play - other pro league,,,,,,,
Mike Novak,1951-52,,Did not play - other pro league,,,,,,,
Mike Novak,1952-53,,Did not play - other pro league,,,,,,,
Mike Novak,1953-54,38,SYR,5,24,-14.7,,,-0.2,-0.344
Steve Novak,2006-07,23,HOU,35,191,7.7,-1.5,0.0,0.4,.091
Steve Novak,2007-08,24,HOU,35,264,17.3,4.2,0.4,1.1,.196
Steve Novak,2008-09,25,LAC,71,1161,13.5,-0.4,0.5,2.2,.092
Steve Novak,2009-10,26,LAC,54,362,8.3,-3.7,-0.2,0.3,.043
Steve Novak,2010-11,27,2TM,30,215,17.8,4.8,0.4,0.9,.196
Steve Novak,2010-11,27,DAL,7,18,19.6,5.8,0.0,0.1,.205
Steve Novak,2010-11,27,SAS,23,197,17.7,4.7,0.3,0.8,.195
Steve Novak,2011-12,28,NYK,54,1020,15.9,4.1,1.6,3.9,.181
Steve Novak,2012-13,29,NYK,81,1641,11.3,0.1,0.9,4.0,.116
Steve Novak,2013-14,30,TOR,54,540,11.1,1.5,0.5,1.4,.127
Steve Novak,2014-15,31,2TM,35,197,8.6,-1.9,0.0,0.3,.075
Steve Novak,2014-15,31,UTA,22,109,14.5,2.4,0.1,0.4,.162
Steve Novak,2014-15,31,OKC,13,88,1.3,-7.2,-0.1,-0.1,-0.032
Steve Novak,2015-16,32,2TM,10,44,14.4,1.2,0.0,0.1,.121
Steve Novak,2015-16,32,OKC,7,24,20.8,5.2,0.0,0.1,.181
Steve Novak,2015-16,32,MIL,3,20,6.7,-3.6,0.0,0.0,.050
Steve Novak,2016-17,33,MIL,8,22,1.3,-11.2,-0.1,0.0,-0.075
Jaylen Nowell,2019-20,20,MIN,15,151,10.5,-3.8,-0.1,0.2,.051
Jaylen Nowell,2020-21,21,MIN,42,759,12.3,-2.8,-0.2,0.7,.044
Jaylen Nowell,2021-22,22,MIN,62,975,16.8,0.8,0.7,2.8,.138
Jaylen Nowell,2022-23,23,MIN,65,1252,13.7,-2.5,-0.2,1.2,.046
Jaylen Nowell,2023-24,24,2TM,13,214,9.2,-5.4,-0.2,0.1,.016
Jaylen Nowell,2023-24,24,MEM,9,156,6.7,-7.4,-0.2,0.0,-0.007
Jaylen Nowell,2023-24,24,DET,4,58,15.9,-0.1,0.0,0.1,.078
Jaylen Nowell,2024-25,25,NOP,8,168,7.5,-5.7,-0.2,-0.2,-0.069
Markquis Nowell,2023-24,24,TOR,1,4,55.5,43.3,0.0,0.1,.665
Mel Nowell,1962-63,23,CHZ,39,589,10.5,,,-0.1,-0.006
Mel Nowell,1963-64,,Did not play - other pro league,,,,,,,
Mel Nowell,1964-65,,Did not play - other pro league,,,,,,,
Mel Nowell,1965-66,,Did not play - other pro league,,,,,,,
Mel Nowell,1966-67,,Did not play - other pro league,,,,,,,
Mel Nowell,1967-68,28,NJA,76,1555,12.1,,,2.6,.081
Dirk Nowitzki,1998-99,20,DAL,47,958,12.8,-2.5,-0.1,0.8,.040
Dirk Nowitzki,1999-00,21,DAL,82,2938,17.5,1.6,2.6,8.1,.132
Dirk Nowitzki,2000-01,22,DAL,82,3125,22.8,5.4,5.9,14.6,.224
Dirk Nowitzki,2001-02,23,DAL,76,2891,24.1,5.5,5.5,13.4,.222
Dirk Nowitzki,2002-03,24,DAL,80,3117,25.6,7.2,7.3,16.1,.249
Dirk Nowitzki,2003-04,25,DAL,77,2915,22.5,3.8,4.3,11.5,.190
Dirk Nowitzki,2004-05,26,DAL,78,3020,26.1,7.3,7.1,15.6,.248
Dirk Nowitzki,2005-06,27,DAL,81,3089,28.1,8.1,7.9,17.7,.275
Dirk Nowitzki,2006-07,28,DAL,78,2820,27.6,8.3,7.4,16.3,.278
Dirk Nowitzki,2007-08,29,DAL,77,2769,24.6,6.6,6.0,12.9,.223
Dirk Nowitzki,2008-09,30,DAL,81,3050,23.1,3.4,4.2,10.9,.171
Dirk Nowitzki,2009-10,31,DAL,81,3039,22.9,4.2,4.7,12.3,.194
Dirk Nowitzki,2010-11,32,DAL,73,2504,23.4,5.1,4.5,11.1,.213
Dirk Nowitzki,2011-12,33,DAL,62,2079,21.7,3.7,3.0,7.6,.175
Dirk Nowitzki,2012-13,34,DAL,53,1661,19.8,3.1,2.2,5.0,.145
Dirk Nowitzki,2013-14,35,DAL,80,2628,23.6,5.0,4.7,10.9,.199
Dirk Nowitzki,2014-15,36,DAL,77,2282,19.2,2.2,2.4,7.2,.152
Dirk Nowitzki,2015-16,37,DAL,75,2364,19.0,2.5,2.7,6.8,.138
Dirk Nowitzki,2016-17,38,DAL,54,1424,17.0,0.8,1.0,2.5,.084
Dirk Nowitzki,2017-18,39,DAL,77,1900,16.7,2.3,2.1,4.8,.121
Dirk Nowitzki,2018-19,40,DAL,51,795,9.6,-3.9,-0.4,0.3,.016
Frank Ntilikina,2017-18,19,NYK,78,1706,7.0,-5.0,-1.3,-0.9,-0.026
Frank Ntilikina,2018-19,20,NYK,43,904,6.0,-6.0,-0.9,-0.8,-0.045
Frank Ntilikina,2019-20,21,NYK,57,1187,9.8,-3.2,-0.4,0.9,.037
Frank Ntilikina,2020-21,22,NYK,33,322,7.7,-1.7,0.0,0.5,.070
Frank Ntilikina,2021-22,23,DAL,58,685,10.4,-1.9,0.0,0.9,.065
Frank Ntilikina,2022-23,24,DAL,47,607,5.2,-6.7,-0.7,-0.1,-0.010
Frank Ntilikina,2023-24,25,CHO,5,43,0.0,-13.4,-0.1,-0.1,-0.099
Kendrick Nunn,2019-20,24,MIA,67,1962,12.9,-2.3,-0.1,2.0,.049
Kendrick Nunn,2020-21,25,MIA,56,1650,14.2,-0.5,0.6,2.9,.084
Kendrick Nunn,2021-22,,Did not play - injury,,,,,,,
Kendrick Nunn,2022-23,27,2TM,70,964,11.1,-3.5,-0.4,0.2,.008
Kendrick Nunn,2022-23,27,LAL,39,528,8.7,-5.0,-0.4,-0.2,-0.021
Kendrick Nunn,2022-23,27,WAS,31,436,14.1,-1.6,0.0,0.4,.043
Kendrick Nunn,2023-24,,Did not play - other pro league,,,,,,,
James Nunnally,2013-14,23,2TM,13,165,6.1,-5.4,-0.1,-0.1,-0.021
James Nunnally,2013-14,23,ATL,4,54,6.2,-6.6,-0.1,-0.1,-0.055
James Nunnally,2013-14,23,PHI,9,111,6.1,-4.7,-0.1,0.0,-0.005
James Nunnally,2014-15,,Did not play - other pro league,,,,,,,
James Nunnally,2015-16,,Did not play - other pro league,,,,,,,
James Nunnally,2016-17,,Did not play - other pro league,,,,,,,
James Nunnally,2017-18,,Did not play - other pro league,,,,,,,
James Nunnally,2018-19,28,2TM,15,102,7.3,-4.8,-0.1,0.1,.035
James Nunnally,2018-19,28,MIN,13,64,12.1,0.1,0.0,0.1,.097
James Nunnally,2018-19,28,HOU,2,38,-0.8,-13.0,-0.1,-0.1,-0.068
James Nunnally,2019-20,,Did not play - other pro league,,,,,,,
James Nunnally,2020-21,30,NOP,9,48,8.3,-2.7,0.0,0.0,.031
Jusuf Nurkić,2014-15,20,DEN,62,1103,14.8,-2.8,-0.2,1.6,.069
Jusuf Nurkić,2015-16,21,DEN,32,547,15.9,-2.9,-0.1,0.4,.031
Jusuf Nurkić,2016-17,22,2TM,65,1391,17.5,-0.9,0.4,2.0,.068
Jusuf Nurkić,2016-17,22,DEN,45,807,15.0,-2.1,0.0,0.6,.034
Jusuf Nurkić,2016-17,22,POR,20,584,21.1,0.9,0.4,1.4,.116
Jusuf Nurkić,2017-18,23,POR,79,2088,19.2,0.0,1.1,4.7,.108
Jusuf Nurkić,2018-19,24,POR,72,1974,23.4,3.7,2.8,7.8,.189
Jusuf Nurkić,2019-20,25,POR,8,253,22.6,2.0,0.2,0.9,.164
Jusuf Nurkić,2020-21,26,POR,37,880,20.5,2.5,1.0,2.4,.133
Jusuf Nurkić,2021-22,27,POR,56,1579,20.0,0.3,0.9,3.6,.110
Jusuf Nurkić,2022-23,28,POR,52,1391,17.3,0.1,0.7,2.7,.092
Jusuf Nurkić,2023-24,29,PHO,76,2078,17.4,1.1,1.6,5.8,.133
Jusuf Nurkić,2024-25,30,2TM,51,1063,15.2,-1.3,0.2,1.5,.066
Jusuf Nurkić,2024-25,30,PHO,25,592,12.6,-3.4,-0.2,0.5,.039
Jusuf Nurkić,2024-25,30,CHO,26,471,18.4,1.2,0.4,1.0,.099
Dennis Nutt,1986-87,23,DAL,25,91,20.0,2.4,0.1,0.3,.156
David Nwaba,2016-17,24,LAL,20,397,12.2,-2.2,0.0,0.8,.091
David Nwaba,2017-18,25,CHI,70,1646,12.2,-2.5,-0.2,2.4,.071
David Nwaba,2018-19,26,CLE,51,984,12.5,-2.1,0.0,1.4,.069
David Nwaba,2019-20,27,BRK,20,268,14.0,1.1,0.2,0.8,.138
David Nwaba,2020-21,28,HOU,30,679,14.4,-0.8,0.2,1.3,.094
David Nwaba,2021-22,29,HOU,46,609,15.3,-0.6,0.2,1.3,.105
Jordan Nwora,2020-21,22,MIL,30,274,16.1,-1.1,0.1,0.4,.068
Jordan Nwora,2021-22,23,MIL,62,1185,9.9,-4.1,-0.6,0.6,.025
Jordan Nwora,2022-23,24,2TM,62,1188,12.2,-2.1,0.0,1.5,.060
Jordan Nwora,2022-23,24,MIL,38,597,10.0,-2.4,0.0,0.7,.057
Jordan Nwora,2022-23,24,IND,24,591,14.4,-1.8,0.0,0.8,.064
Jordan Nwora,2023-24,25,2TM,52,712,13.7,-2.5,-0.1,0.5,.034
Jordan Nwora,2023-24,25,IND,18,183,12.2,-4.0,-0.1,0.1,.030
Jordan Nwora,2023-24,25,TOR,34,529,14.2,-2.0,0.0,0.4,.035
Julius Nwosu,1994-95,23,SAS,23,84,6.8,-9.4,-0.2,0.0,-0.009
Charles O'Bannon,1997-98,22,DET,30,234,10.5,-2.1,0.0,0.2,.048
Charles O'Bannon,1998-99,23,DET,18,165,13.3,-2.0,0.0,0.3,.100
Ed O'Bannon,1995-96,23,NJN,64,1253,9.2,-3.4,-0.4,0.7,.026
Ed O'Bannon,1996-97,24,2TM,64,809,9.0,-3.6,-0.3,0.4,.024
Ed O'Bannon,1996-97,24,NJN,45,634,10.2,-2.4,-0.1,0.7,.057
Ed O'Bannon,1996-97,24,DAL,19,175,4.7,-7.8,-0.3,-0.3,-0.095
John O'Boyle,1952-53,24,MLH,5,97,3.4,,,0.0,-0.008
J.J. O'Brien,2015-16,23,UTA,2,6,1.3,-6.2,0.0,0.0,-0.028
Jim O'Brien,1973-74,22,NYA,11,54,22.0,-2.4,0.1,0.1,.076
Jim O'Brien,1974-75,23,MMS,47,611,14.0,0.3,0.4,0.3,.022
Jimmy O'Brien,1971-72,21,2TM,84,1778,8.1,,,1.4,.038
Jimmy O'Brien,1971-72,21,PTC,18,354,6.8,,,0.0,-0.006
Jimmy O'Brien,1971-72,21,KEN,66,1424,8.4,,,1.5,.050
Jimmy O'Brien,1972-73,22,KEN,68,1014,11.0,,,1.0,.046
Jimmy O'Brien,1973-74,23,2TM,72,1320,13.0,-1.1,0.3,1.4,.052
Jimmy O'Brien,1973-74,23,KEN,46,761,12.6,-0.9,0.2,1.0,.062
Jimmy O'Brien,1973-74,23,SDA,26,559,13.4,-1.4,0.1,0.5,.039
Jimmy O'Brien,1974-75,24,SDA,79,2036,10.1,-3.6,-0.8,0.2,.004
Ralph O'Brien,1950-51,,Did not play - other pro league,,,,,,,
Ralph O'Brien,1951-52,23,INO,64,1577,12.8,,,2.6,.079
Ralph O'Brien,1952-53,24,3TM,55,758,11.9,,,0.5,.034
Ralph O'Brien,1952-53,24,INO,34,526,11.7,,,0.3,.024
Ralph O'Brien,1952-53,24,FTW,7,50,11.6,,,0.1,.071
Ralph O'Brien,1952-53,24,BLB,14,182,12.6,,,0.2,.055
Johnny O'Bryant,2014-15,21,MIL,34,368,3.8,-9.5,-0.7,-0.5,-0.063
Johnny O'Bryant,2015-16,22,MIL,66,857,7.4,-5.9,-0.8,0.3,.014
Johnny O'Bryant,2016-17,23,2TM,11,80,14.9,-2.4,0.0,0.1,.088
Johnny O'Bryant,2016-17,23,DEN,7,46,14.4,-1.6,0.0,0.1,.096
Johnny O'Bryant,2016-17,23,CHO,4,34,15.5,-3.5,0.0,0.1,.078
Johnny O'Bryant,2017-18,24,CHO,36,379,11.9,-4.4,-0.2,0.3,.038
Patrick O'Bryant,2006-07,20,GSW,16,119,7.3,-4.6,-0.1,0.0,-0.003
Patrick O'Bryant,2007-08,21,GSW,24,99,14.0,-3.9,0.0,0.2,.105
Patrick O'Bryant,2008-09,22,2TM,39,255,11.8,-4.4,-0.2,0.3,.056
Patrick O'Bryant,2008-09,22,BOS,26,108,9.5,-5.6,-0.1,0.1,.025
Patrick O'Bryant,2008-09,22,TOR,13,147,13.5,-3.5,-0.1,0.2,.079
Patrick O'Bryant,2009-10,23,TOR,11,51,9.9,-6.6,-0.1,0.0,-0.009
Dermie O'Connell,1948-49,20,BOS,21,,,,,-0.6,
Dermie O'Connell,1949-50,21,2TM,61,,,,,-2.5,
Dermie O'Connell,1949-50,21,BOS,37,,,,,-1.3,
Dermie O'Connell,1949-50,21,STB,24,,,,,-1.2,
Andy O'Donnell,1949-50,24,BLB,25,,,,,0.3,
Buddy O'Grady,1946-47,27,WSC,55,,,,,1.4,
Buddy O'Grady,1947-48,28,STB,44,,,,,0.7,
Buddy O'Grady,1948-49,29,2TM,47,,,,,-0.5,
Buddy O'Grady,1948-49,29,STB,30,,,,,-0.1,
Buddy O'Grady,1948-49,29,PRO,17,,,,,-0.4,
Fran O'Hanlon,1970-71,22,FLO,14,101,-5.2,,,0.0,-0.004
Dick O'Keefe,1947-48,24,WSC,37,,,,,0.5,
Dick O'Keefe,1948-49,25,WSC,50,,,,,-0.1,
Dick O'Keefe,1949-50,26,WSC,68,,,,,2.1,
Dick O'Keefe,1950-51,27,WSC,17,,,,,-0.8,
Tommy O'Keefe,1950-51,22,2TM,6,,,,,0.1,
Tommy O'Keefe,1950-51,22,WSC,3,,,,,0.0,
Tommy O'Keefe,1950-51,22,BLB,3,,,,,0.0,
Mike O'Koren,1980-81,22,NJN,79,2473,12.6,-0.4,1.0,3.8,.075
Mike O'Koren,1981-82,23,NJN,80,2018,13.6,0.1,1.1,4.1,.098
Mike O'Koren,1982-83,24,NJN,46,803,13.4,1.3,0.7,2.0,.118
Mike O'Koren,1983-84,25,NJN,73,1191,10.0,-2.2,0.0,1.5,.062
Mike O'Koren,1984-85,26,NJN,43,1119,12.4,-0.5,0.4,1.9,.081
Mike O'Koren,1985-86,27,NJN,67,1031,9.9,-1.7,0.1,1.2,.057
Mike O'Koren,1986-87,28,WSB,15,123,5.8,-5.5,-0.1,-0.1,-0.034
Mike O'Koren,1987-88,29,NJN,4,52,13.7,3.1,0.1,0.1,.082
Grady O'Malley,1969-70,21,ATL,24,113,8.6,,,-0.3,-0.136
Jermaine O'Neal,1996-97,18,POR,45,458,13.7,-3.5,-0.2,0.8,.087
Jermaine O'Neal,1997-98,19,POR,60,808,12.7,-3.0,-0.2,1.2,.073
Jermaine O'Neal,1998-99,20,POR,36,311,13.6,-2.1,0.0,0.8,.125
Jermaine O'Neal,1999-00,21,POR,70,859,13.3,-2.5,-0.1,2.1,.117
Jermaine O'Neal,2000-01,22,IND,81,2641,17.5,0.3,1.5,6.4,.116
Jermaine O'Neal,2001-02,23,IND,72,2707,18.1,0.2,1.5,6.4,.113
Jermaine O'Neal,2002-03,24,IND,77,2864,21.4,2.9,3.5,10.5,.177
Jermaine O'Neal,2003-04,25,IND,78,2788,21.1,2.4,3.1,9.0,.155
Jermaine O'Neal,2004-05,26,IND,44,1530,22.9,1.8,1.5,3.8,.118
Jermaine O'Neal,2005-06,27,IND,51,1802,20.4,2.3,2.0,4.9,.131
Jermaine O'Neal,2006-07,28,IND,69,2459,18.8,0.8,1.7,4.7,.091
Jermaine O'Neal,2007-08,29,IND,42,1206,14.4,-1.8,0.1,0.9,.035
Jermaine O'Neal,2008-09,30,2TM,68,2027,15.4,-1.5,0.3,2.6,.060
Jermaine O'Neal,2008-09,30,TOR,41,1216,15.4,-1.3,0.2,1.4,.055
Jermaine O'Neal,2008-09,30,MIA,27,811,15.5,-1.7,0.1,1.2,.069
Jermaine O'Neal,2009-10,31,MIA,70,1991,17.9,-0.1,1.0,5.6,.135
Jermaine O'Neal,2010-11,32,BOS,24,431,9.2,-4.2,-0.2,0.6,.065
Jermaine O'Neal,2011-12,33,BOS,25,570,9.4,-2.5,-0.1,1.1,.091
Jermaine O'Neal,2012-13,34,PHO,55,1029,16.7,-1.3,0.2,2.0,.092
Jermaine O'Neal,2013-14,35,GSW,44,883,15.3,-1.4,0.1,2.7,.146
Shaquille O'Neal,1992-93,20,ORL,81,3071,22.9,3.5,4.3,10.4,.163
Shaquille O'Neal,1993-94,21,ORL,81,3224,28.5,6.8,7.2,16.9,.252
Shaquille O'Neal,1994-95,22,ORL,79,2923,28.6,5.8,5.7,14.0,.230
Shaquille O'Neal,1995-96,23,ORL,54,1946,26.4,3.7,2.8,6.9,.171
Shaquille O'Neal,1996-97,24,LAL,51,1941,27.1,6.5,4.1,8.0,.197
Shaquille O'Neal,1997-98,25,LAL,60,2175,28.8,5.8,4.3,10.2,.224
Shaquille O'Neal,1998-99,26,LAL,49,1705,30.6,7.1,3.9,9.0,.255
Shaquille O'Neal,1999-00,27,LAL,79,3163,30.6,9.3,9.0,18.6,.283
Shaquille O'Neal,2000-01,28,LAL,74,2924,30.2,7.7,7.1,14.9,.245
Shaquille O'Neal,2001-02,29,LAL,67,2422,29.7,8.0,6.1,13.2,.262
Shaquille O'Neal,2002-03,30,LAL,67,2535,29.5,6.5,5.5,13.2,.250
Shaquille O'Neal,2003-04,31,LAL,67,2464,24.4,4.8,4.1,9.9,.192
Shaquille O'Neal,2004-05,32,MIA,73,2492,27.0,5.3,4.6,11.0,.211
Shaquille O'Neal,2005-06,33,MIA,59,1806,24.4,2.7,2.1,6.2,.164
Shaquille O'Neal,2006-07,34,MIA,40,1135,21.7,1.7,1.1,2.8,.119
Shaquille O'Neal,2007-08,35,2TM,61,1748,17.1,-1.1,0.4,2.8,.078
Shaquille O'Neal,2007-08,35,MIA,33,945,17.7,-1.5,0.1,1.2,.059
Shaquille O'Neal,2007-08,35,PHO,28,803,16.5,-0.6,0.3,1.7,.100
Shaquille O'Neal,2008-09,36,PHO,75,2252,22.3,1.7,2.1,7.8,.166
Shaquille O'Neal,2009-10,37,CLE,53,1240,17.9,-0.2,0.6,3.1,.119
Shaquille O'Neal,2010-11,38,BOS,37,752,17.4,0.3,0.4,2.7,.174
Royce O'Neale,2017-18,24,UTA,69,1150,10.8,-0.2,0.5,2.4,.099
Royce O'Neale,2018-19,25,UTA,82,1671,9.0,-0.5,0.6,3.3,.094
Royce O'Neale,2019-20,26,UTA,71,2049,9.5,0.9,1.5,4.3,.101
Royce O'Neale,2020-21,27,UTA,71,2241,9.9,1.0,1.7,5.6,.121
Royce O'Neale,2021-22,28,UTA,77,2406,10.3,0.8,1.7,5.5,.109
Royce O'Neale,2022-23,29,BRK,76,2409,9.2,-1.1,0.5,2.9,.057
Royce O'Neale,2023-24,30,2TM,79,1954,11.1,0.0,1.0,3.4,.085
Royce O'Neale,2023-24,30,BRK,49,1202,10.4,-0.7,0.4,1.8,.070
Royce O'Neale,2023-24,30,PHO,30,752,12.3,1.3,0.6,1.7,.108
Royce O'Neale,2024-25,31,PHO,75,1837,12.6,0.1,1.0,2.8,.073
Mike O'Neill,1952-53,24,MLH,4,50,4.6,,,-0.1,-0.064
Kyle O'Quinn,2012-13,22,ORL,57,638,15.8,-1.6,0.1,1.4,.107
Kyle O'Quinn,2013-14,23,ORL,69,1188,16.5,-0.3,0.5,2.5,.101
Kyle O'Quinn,2014-15,24,ORL,51,824,14.8,-0.3,0.4,1.6,.091
Kyle O'Quinn,2015-16,25,NYK,65,764,17.5,0.4,0.5,1.6,.103
Kyle O'Quinn,2016-17,26,NYK,79,1229,20.5,1.9,1.2,3.9,.151
Kyle O'Quinn,2017-18,27,NYK,77,1387,20.0,3.1,1.8,4.8,.166
Kyle O'Quinn,2018-19,28,IND,45,371,16.8,0.4,0.2,1.0,.125
Kyle O'Quinn,2019-20,29,PHI,29,313,18.6,3.0,0.4,1.1,.165
Kevin O'Shea,1950-51,25,MNL,63,,,,,2.1,
Kevin O'Shea,1951-52,26,2TM,65,1725,10.4,,,1.2,.033
Kevin O'Shea,1951-52,26,MLH,43,1077,8.7,,,-0.1,-0.004
Kevin O'Shea,1951-52,26,BLB,22,648,13.3,,,1.3,.096
Kevin O'Shea,1952-53,27,BLB,46,643,12.3,,,0.5,.035
Garland O'Shields,1946-47,25,CHS,9,,,,,-0.1,
Dan O'Sullivan,1990-91,22,UTA,21,85,6.0,-6.5,-0.1,0.1,.062
Dan O'Sullivan,1991-92,,Did not play - other pro league,,,,,,,
Dan O'Sullivan,1992-93,24,2TM,6,17,24.4,3.6,0.0,0.1,.341
Dan O'Sullivan,1992-93,24,NJN,3,10,20.4,-0.8,0.0,0.1,.242
Dan O'Sullivan,1992-93,24,MIL,3,7,30.3,10.0,0.0,0.1,.483
Dan O'Sullivan,1993-94,25,DET,13,56,6.6,-7.8,-0.1,0.0,.017
Dan O'Sullivan,1994-95,,Did not play - other pro league,,,,,,,
Dan O'Sullivan,1995-96,27,TOR,5,139,8.4,-8.1,-0.2,0.0,.008
Charles Oakley,1985-86,22,CHI,77,1772,16.5,-0.4,0.7,3.3,.090
Charles Oakley,1986-87,23,CHI,82,2980,14.2,-2.0,0.0,3.5,.056
Charles Oakley,1987-88,24,CHI,82,2816,15.4,-0.6,1.0,6.7,.114
Charles Oakley,1988-89,25,NYK,82,2604,14.8,-0.4,1.0,5.7,.106
Charles Oakley,1989-90,26,NYK,61,2196,15.9,-0.3,0.9,6.0,.131
Charles Oakley,1990-91,27,NYK,76,2739,13.6,-1.0,0.7,6.2,.109
Charles Oakley,1991-92,28,NYK,82,2309,11.3,-0.4,0.9,5.7,.119
Charles Oakley,1992-93,29,NYK,82,2230,12.6,0.7,1.5,7.3,.157
Charles Oakley,1993-94,30,NYK,82,2932,15.3,1.6,2.6,10.5,.172
Charles Oakley,1994-95,31,NYK,50,1567,14.3,0.7,1.0,4.5,.138
Charles Oakley,1995-96,32,NYK,53,1775,15.1,0.9,1.3,5.6,.150
Charles Oakley,1996-97,33,NYK,80,2873,14.2,1.7,2.7,8.9,.149
Charles Oakley,1997-98,34,NYK,79,2734,13.1,1.0,2.1,7.0,.122
Charles Oakley,1998-99,35,TOR,50,1633,10.8,-2.2,-0.1,2.1,.062
Charles Oakley,1999-00,36,TOR,80,2431,10.1,-2.2,-0.1,2.2,.044
Charles Oakley,2000-01,37,TOR,78,2767,11.6,-1.4,0.4,3.7,.065
Charles Oakley,2001-02,38,CHI,57,1383,6.6,-5.1,-1.1,-0.5,-0.016
Charles Oakley,2002-03,39,WAS,42,514,8.3,-2.7,-0.1,0.9,.088
Charles Oakley,2003-04,40,HOU,7,25,8.1,-4.7,0.0,0.1,.147
Fabricio Oberto,1997-98,,Did not play - other pro league,,,,,,,
Fabricio Oberto,1998-99,,Did not play - other pro league,,,,,,,
Fabricio Oberto,1999-00,,Did not play - other pro league,,,,,,,
Fabricio Oberto,2000-01,,Did not play - other pro league,,,,,,,
Fabricio Oberto,2001-02,,Did not play - other pro league,,,,,,,
Fabricio Oberto,2002-03,,Did not play - other pro league,,,,,,,
Fabricio Oberto,2003-04,,Did not play - other pro league,,,,,,,
Fabricio Oberto,2004-05,,Did not play - other pro league,,,,,,,
Fabricio Oberto,2005-06,30,SAS,59,490,9.3,-3.2,-0.2,1.1,.105
Fabricio Oberto,2006-07,31,SAS,79,1365,11.9,-1.3,0.2,4.1,.144
Fabricio Oberto,2007-08,32,SAS,82,1644,13.8,0.4,1.0,6.1,.178
Fabricio Oberto,2008-09,33,SAS,54,677,10.6,-2.2,0.0,1.7,.119
Fabricio Oberto,2009-10,34,WAS,57,650,5.7,-4.4,-0.4,0.6,.047
Fabricio Oberto,2010-11,35,POR,5,45,0.8,-10.3,-0.1,0.0,-0.012
Daniel Ochefu,2016-17,23,WAS,19,75,6.6,-8.4,-0.1,0.0,.005
Greg Oden,2007-08,,Did not play - injury,,,,,,,
Greg Oden,2008-09,21,POR,61,1314,18.1,-1.1,0.3,4.6,.167
Greg Oden,2009-10,22,POR,21,502,23.1,3.5,0.7,2.2,.214
Greg Oden,2010-11,,Did not play - injury,,,,,,,
Greg Oden,2011-12,,Did not play - injury,,,,,,,
Greg Oden,2012-13,,Did not play - injury,,,,,,,
Greg Oden,2013-14,26,MIA,23,212,12.4,-4.8,-0.1,0.5,.119
Lamar Odom,1999-00,20,LAC,76,2767,16.8,0.6,1.8,3.2,.055
Lamar Odom,2000-01,21,LAC,76,2836,18.9,4.0,4.3,6.5,.111
Lamar Odom,2001-02,22,LAC,29,999,13.7,1.3,0.8,0.7,.033
Lamar Odom,2002-03,23,LAC,49,1679,14.6,-0.3,0.7,2.2,.062
Lamar Odom,2003-04,24,MIA,80,3003,18.5,2.9,3.8,8.4,.134
Lamar Odom,2004-05,25,LAL,64,2320,17.3,1.4,2.0,4.7,.098
Lamar Odom,2005-06,26,LAL,80,3221,17.0,2.7,3.9,9.2,.137
Lamar Odom,2006-07,27,LAL,56,2202,16.1,1.1,1.7,4.7,.102
Lamar Odom,2007-08,28,LAL,77,2921,16.9,2.3,3.2,9.7,.159
Lamar Odom,2008-09,29,LAL,78,2316,16.6,2.0,2.4,6.9,.143
Lamar Odom,2009-10,30,LAL,82,2585,15.9,2.5,2.9,7.7,.143
Lamar Odom,2010-11,31,LAL,82,2639,19.4,3.5,3.7,10.1,.184
Lamar Odom,2011-12,32,DAL,50,1027,9.2,-3.1,-0.3,0.3,.014
Lamar Odom,2012-13,33,LAC,82,1616,10.9,-0.7,0.6,2.7,.081
Bud Ogden,1969-70,23,PHI,47,357,14.2,,,0.7,.100
Bud Ogden,1970-71,24,PHI,27,133,11.4,,,0.0,-0.003
Ralph Ogden,1970-71,23,SFW,32,162,2.5,,,-0.7,-0.208
Alan Ogg,1990-91,23,MIA,31,261,7.4,-5.2,-0.2,0.3,.053
Alan Ogg,1991-92,24,MIA,43,367,9.8,-5.0,-0.3,0.5,.063
Alan Ogg,1992-93,25,2TM,6,29,15.7,-1.8,0.0,0.0,.020
Alan Ogg,1992-93,25,MIL,3,26,9.6,-3.7,0.0,0.0,-0.035
Alan Ogg,1992-93,25,WSB,3,3,67.9,15.0,0.0,0.0,.497
Don Ohl,1958-59,,Did not play - other pro league,,,,,,,
Don Ohl,1959-60,,Did not play - other pro league,,,,,,,
Don Ohl,1960-61,24,DET,79,2172,11.7,,,1.2,.026
Don Ohl,1961-62,25,DET,77,2526,13.9,,,4.5,.085
Don Ohl,1962-63,26,DET,80,2961,13.6,,,4.1,.067
Don Ohl,1963-64,27,DET,71,2366,12.2,,,0.8,.017
Don Ohl,1964-65,28,BAL,77,2821,13.5,,,3.9,.066
Don Ohl,1965-66,29,BAL,73,2645,14.9,,,5.1,.092
Don Ohl,1966-67,30,BAL,58,2024,15.3,,,4.4,.104
Don Ohl,1967-68,31,2TM,70,1919,13.0,,,3.2,.079
Don Ohl,1967-68,31,BAL,39,1096,13.4,,,1.6,.069
Don Ohl,1967-68,31,STL,31,823,12.5,,,1.6,.093
Don Ohl,1968-69,32,ATL,76,1995,11.5,,,1.9,.046
Don Ohl,1969-70,33,ATL,66,984,10.5,,,1.2,.057
Tim Ohlbrecht,2012-13,24,HOU,3,12,-6.1,-17.2,0.0,-0.1,-0.369
Semi Ojeleye,2017-18,23,BOS,73,1150,4.6,-4.7,-0.8,1.2,.048
Semi Ojeleye,2018-19,24,BOS,56,594,8.5,-4.0,-0.3,0.7,.057
Semi Ojeleye,2019-20,25,BOS,69,1011,7.7,-1.7,0.1,1.9,.088
Semi Ojeleye,2020-21,26,BOS,56,950,8.3,-2.4,-0.1,1.2,.063
Semi Ojeleye,2021-22,27,2TM,30,406,6.7,-5.7,-0.4,0.2,.029
Semi Ojeleye,2021-22,27,MIL,20,308,5.0,-6.6,-0.4,0.1,.011
Semi Ojeleye,2021-22,27,LAC,10,98,12.0,-3.1,0.0,0.2,.086
Emeka Okafor,2004-05,22,CHA,73,2600,16.3,-2.0,0.0,4.0,.074
Emeka Okafor,2005-06,23,CHA,26,874,14.9,-2.1,0.0,1.0,.054
Emeka Okafor,2006-07,24,CHA,67,2329,20.1,2.1,2.4,7.1,.147
Emeka Okafor,2007-08,25,CHA,82,2718,17.4,-1.1,0.6,5.8,.103
Emeka Okafor,2008-09,26,CHA,82,2691,18.0,0.2,1.5,8.2,.147
Emeka Okafor,2009-10,27,NOH,82,2370,16.5,-1.2,0.4,5.5,.111
Emeka Okafor,2010-11,28,NOH,72,2287,16.0,-0.4,0.9,6.5,.136
Emeka Okafor,2011-12,29,NOH,27,781,15.1,-0.5,0.3,1.7,.103
Emeka Okafor,2012-13,30,WAS,79,2052,15.8,-0.7,0.7,4.5,.104
Emeka Okafor,2013-14,,Did not play - injury,,,,,,,
Emeka Okafor,2014-15,,Did not play - injury,,,,,,,
Emeka Okafor,2015-16,,Did not play - injury,,,,,,,
Emeka Okafor,2016-17,,Did not play - injury,,,,,,,
Emeka Okafor,2017-18,35,NOP,26,353,16.4,-1.2,0.1,1.0,.140
Jahlil Okafor,2015-16,20,PHI,53,1591,17.1,-2.3,-0.1,1.2,.037
Jahlil Okafor,2016-17,21,PHI,50,1134,14.8,-2.5,-0.1,1.2,.050
Jahlil Okafor,2017-18,22,2TM,28,353,15.3,-1.7,0.0,0.6,.083
Jahlil Okafor,2017-18,22,PHI,2,25,8.8,-6.3,0.0,0.0,.005
Jahlil Okafor,2017-18,22,BRK,26,328,15.8,-1.4,0.0,0.6,.089
Jahlil Okafor,2018-19,23,NOP,59,935,17.9,-1.5,0.1,2.2,.115
Jahlil Okafor,2019-20,24,NOP,30,467,18.3,-0.2,0.2,1.3,.133
Jahlil Okafor,2020-21,25,DET,27,347,13.1,-3.2,-0.1,0.6,.082
Jahlil Okafor,2024-25,29,IND,1,3,13.8,7.5,0.0,0.0,.196
Chuma Okeke,2019-20,,Did not play - injury,,,,,,,
Chuma Okeke,2020-21,22,ORL,45,1133,11.8,-1.5,0.1,1.3,.056
Chuma Okeke,2021-22,23,ORL,70,1749,12.0,-0.1,0.8,2.2,.060
Chuma Okeke,2022-23,24,ORL,27,518,9.1,-1.6,0.1,0.7,.061
Chuma Okeke,2023-24,25,ORL,47,432,6.9,-3.4,-0.2,0.3,.029
Chuma Okeke,2024-25,26,2TM,9,196,15.3,-0.2,0.1,0.6,.145
Chuma Okeke,2024-25,26,PHI,7,171,16.5,0.3,0.1,0.6,.162
Chuma Okeke,2024-25,26,CLE,2,25,6.8,-4.1,0.0,0.0,.028
Elie Okobo,2018-19,21,PHO,53,958,7.6,-5.7,-0.9,-0.5,-0.027
Elie Okobo,2019-20,22,PHO,55,719,10.6,-1.9,0.0,1.0,.067
Josh Okogie,2018-19,20,MIN,74,1757,9.4,-3.1,-0.5,1.2,.034
Josh Okogie,2019-20,21,MIN,62,1547,11.5,-2.4,-0.2,2.2,.068
Josh Okogie,2020-21,22,MIN,59,1197,9.1,-3.3,-0.4,1.3,.051
Josh Okogie,2021-22,23,MIN,49,516,9.0,-2.7,-0.1,0.7,.062
Josh Okogie,2022-23,24,PHO,72,1350,13.3,-0.2,0.6,2.8,.101
Josh Okogie,2023-24,25,PHO,60,960,12.0,-0.5,0.4,2.1,.104
Josh Okogie,2024-25,26,2TM,40,625,16.3,1.5,0.6,1.3,.100
Josh Okogie,2024-25,26,PHO,25,351,15.8,0.4,0.2,0.7,.092
Josh Okogie,2024-25,26,CHO,15,274,16.8,3.1,0.4,0.6,.110
Onyeka Okongwu,2020-21,20,ATL,50,601,16.8,-1.4,0.1,1.9,.155
Onyeka Okongwu,2021-22,21,ATL,48,992,19.8,0.8,0.7,4.2,.202
Onyeka Okongwu,2022-23,22,ATL,80,1849,19.4,0.8,1.3,7.1,.185
Onyeka Okongwu,2023-24,23,ATL,55,1405,16.9,-0.4,0.5,4.5,.153
Onyeka Okongwu,2024-25,24,ATL,74,2064,19.0,1.3,1.7,7.2,.168
Isaac Okoro,2020-21,20,CLE,67,2173,7.9,-5.1,-1.7,0.9,.020
Isaac Okoro,2021-22,21,CLE,67,1981,10.4,-1.7,0.1,4.2,.103
Isaac Okoro,2022-23,22,CLE,76,1652,10.7,-0.3,0.7,4.2,.122
Isaac Okoro,2023-24,23,CLE,69,1887,11.4,-1.1,0.4,4.2,.106
Isaac Okoro,2024-25,24,CLE,55,1053,10.7,-0.5,0.4,2.5,.115
KZ Okpala,2019-20,20,MIA,5,26,13.7,2.4,0.0,0.1,.118
KZ Okpala,2020-21,21,MIA,37,447,5.2,-7.1,-0.6,0.1,.015
KZ Okpala,2021-22,22,MIA,21,244,10.4,-2.8,-0.1,0.5,.097
KZ Okpala,2022-23,23,SAC,35,248,6.2,-3.2,-0.1,0.3,.057
KZ Okpala,2023-24,,Did not play - waived,,,,,,,
Mehmet Okur,2001-02,,Did not play - other pro league,,,,,,,
Mehmet Okur,2002-03,23,DET,72,1366,14.8,-0.5,0.5,3.8,.134
Mehmet Okur,2003-04,24,DET,71,1580,18.3,1.5,1.4,5.9,.179
Mehmet Okur,2004-05,25,UTA,82,2304,18.9,2.0,2.3,7.0,.147
Mehmet Okur,2005-06,26,UTA,82,2945,19.0,1.6,2.7,9.3,.152
Mehmet Okur,2006-07,27,UTA,80,2664,18.1,2.2,2.8,8.8,.158
Mehmet Okur,2007-08,28,UTA,72,2390,15.2,0.8,1.7,6.7,.134
Mehmet Okur,2008-09,29,UTA,72,2409,17.5,1.3,2.0,7.4,.148
Mehmet Okur,2009-10,30,UTA,73,2149,15.6,0.5,1.4,5.6,.126
Mehmet Okur,2010-11,31,UTA,13,168,12.6,-2.8,0.0,0.2,.048
Mehmet Okur,2011-12,32,NJN,17,454,8.4,-4.5,-0.3,0.0,-0.004
Victor Oladipo,2013-14,21,ORL,80,2487,13.6,-1.4,0.3,1.3,.026
Victor Oladipo,2014-15,22,ORL,72,2573,15.9,-0.4,1.1,3.5,.065
Victor Oladipo,2015-16,23,ORL,72,2379,16.7,1.7,2.3,4.9,.099
Victor Oladipo,2016-17,24,OKC,67,2222,13.6,-0.5,0.8,4.0,.085
Victor Oladipo,2017-18,25,IND,75,2552,23.1,5.8,5.0,8.2,.155
Victor Oladipo,2018-19,26,IND,36,1147,17.6,2.9,1.4,2.3,.097
Victor Oladipo,2019-20,27,IND,19,528,11.3,-3.3,-0.2,0.0,.002
Victor Oladipo,2020-21,28,3TM,33,1080,14.3,-1.7,0.1,0.4,.017
Victor Oladipo,2020-21,28,IND,9,300,15.5,-0.2,0.1,0.4,.063
Victor Oladipo,2020-21,28,HOU,20,669,14.9,-1.3,0.1,0.1,.009
Victor Oladipo,2020-21,28,MIA,4,111,8.1,-8.7,-0.2,-0.1,-0.060
Victor Oladipo,2021-22,29,MIA,8,173,16.8,1.3,0.1,0.4,.124
Victor Oladipo,2022-23,30,MIA,42,1106,10.6,-2.1,0.0,0.6,.024
Victor Oladipo,2023-24,,Did not play - injury,,,,,,,
Hakeem Olajuwon,1984-85,22,HOU,82,2914,21.1,2.1,3.0,10.2,.168
Hakeem Olajuwon,1985-86,23,HOU,68,2467,24.2,4.0,3.8,9.5,.186
Hakeem Olajuwon,1986-87,24,HOU,75,2760,23.8,5.8,5.4,10.9,.189
Hakeem Olajuwon,1987-88,25,HOU,79,2825,23.4,4.4,4.6,10.7,.182
Hakeem Olajuwon,1988-89,26,HOU,82,3024,25.2,5.5,5.7,12.4,.197
Hakeem Olajuwon,1989-90,27,HOU,82,3124,24.1,5.8,6.2,11.2,.173
Hakeem Olajuwon,1990-91,28,HOU,56,2062,24.3,6.2,4.3,8.6,.201
Hakeem Olajuwon,1991-92,29,HOU,70,2636,23.7,5.0,4.6,9.8,.178
Hakeem Olajuwon,1992-93,30,HOU,82,3242,27.3,7.5,7.8,15.8,.234
Hakeem Olajuwon,1993-94,31,HOU,80,3277,25.3,6.8,7.3,14.3,.210
Hakeem Olajuwon,1994-95,32,HOU,72,2853,26.0,5.4,5.3,10.7,.181
Hakeem Olajuwon,1995-96,33,HOU,72,2797,25.5,4.9,4.9,9.7,.166
Hakeem Olajuwon,1996-97,34,HOU,78,2852,22.7,3.5,3.9,9.1,.154
Hakeem Olajuwon,1997-98,35,HOU,47,1633,20.8,3.0,2.1,4.5,.131
Hakeem Olajuwon,1998-99,36,HOU,50,1784,23.1,3.2,2.3,6.5,.175
Hakeem Olajuwon,1999-00,37,HOU,44,1049,16.7,0.4,0.6,1.6,.072
Hakeem Olajuwon,2000-01,38,HOU,58,1545,20.7,2.8,1.9,5.0,.155
Hakeem Olajuwon,2001-02,39,TOR,61,1378,14.4,-0.4,0.6,2.1,.074
Mark Olberding,1975-76,19,2TM,81,2055,13.7,-0.5,0.8,5.1,.118
Mark Olberding,1975-76,19,SDS,11,434,12.6,-1.4,0.1,0.9,.096
Mark Olberding,1975-76,19,SAA,70,1621,13.9,-0.3,0.7,4.2,.124
Mark Olberding,1976-77,20,SAS,82,1949,14.2,-1.7,0.2,4.3,.106
Mark Olberding,1977-78,21,SAS,79,1773,12.1,-1.5,0.2,3.9,.105
Mark Olberding,1978-79,22,SAS,80,1885,12.4,-1.3,0.3,4.2,.106
Mark Olberding,1979-80,23,SAS,75,2111,12.4,-1.0,0.5,3.1,.071
Mark Olberding,1980-81,24,SAS,82,2408,14.8,0.1,1.2,6.6,.132
Mark Olberding,1981-82,25,SAS,68,2098,14.6,-0.3,0.9,5.1,.116
Mark Olberding,1982-83,26,CHI,80,1817,11.0,-2.7,-0.3,2.3,.060
Mark Olberding,1983-84,27,KCK,81,2160,11.5,-1.4,0.3,4.1,.091
Mark Olberding,1984-85,28,KCK,81,2277,12.2,-0.9,0.6,4.1,.085
Mark Olberding,1985-86,29,SAC,81,2157,11.2,-0.5,0.8,3.9,.087
Mark Olberding,1986-87,30,SAC,76,1002,8.8,-2.7,-0.2,1.5,.070
Mark Olberding,1987-88,,Did not play - other pro league,,,,,,,
Jawann Oldham,1980-81,23,DEN,4,21,3.3,-5.0,0.0,0.0,-0.094
Jawann Oldham,1981-82,24,HOU,22,124,6.5,-5.3,-0.1,0.0,.008
Jawann Oldham,1982-83,25,CHI,16,171,14.5,-2.2,0.0,0.3,.085
Jawann Oldham,1983-84,26,CHI,64,870,10.0,-3.3,-0.3,0.5,.026
Jawann Oldham,1984-85,27,CHI,63,993,9.7,-1.6,0.1,1.0,.050
Jawann Oldham,1985-86,28,CHI,52,1276,11.9,-1.7,0.1,1.3,.049
Jawann Oldham,1986-87,29,NYK,44,776,8.5,-3.6,-0.3,0.0,-0.001
Jawann Oldham,1987-88,30,SAC,54,946,12.9,-1.9,0.0,1.2,.062
Jawann Oldham,1988-89,,Did not play - injury,,,,,,,
Jawann Oldham,1989-90,32,2TM,6,45,8.0,-8.2,-0.1,0.0,.006
Jawann Oldham,1989-90,32,ORL,3,36,7.6,-8.4,-0.1,0.0,-0.009
Jawann Oldham,1989-90,32,LAL,3,9,9.7,-7.1,0.0,0.0,.066
Jawann Oldham,1990-91,33,IND,4,19,8.1,-5.6,0.0,0.0,.028
John Oldham,1949-50,26,FTW,59,,,,,2.3,
John Oldham,1950-51,27,FTW,68,,,,,2.0,
Frank Oleynick,1975-76,20,SEA,52,650,10.9,-4.4,-0.4,0.1,.005
Frank Oleynick,1976-77,21,SEA,50,516,9.6,-5.3,-0.4,-0.2,-0.018
Quincy Olivari,2024-25,23,LAL,2,10,-5.2,-18.6,0.0,-0.1,-0.300
John Olive,1978-79,23,SDC,34,189,2.0,-6.5,-0.3,-0.2,-0.038
John Olive,1979-80,24,SDC,1,15,-11.5,-5.5,-0.1,-0.1,-0.303
Brian Oliver,1990-91,22,PHI,73,800,9.9,-4.4,-0.5,0.2,.010
Brian Oliver,1991-92,23,PHI,34,279,3.6,-9.5,-0.5,-0.7,-0.115
Brian Oliver,1992-93,,Did not play - other pro league,,,,,,,
Brian Oliver,1993-94,,Did not play - other pro league,,,,,,,
Brian Oliver,1994-95,26,WSB,6,42,6.9,-6.5,0.0,0.0,.022
Brian Oliver,1995-96,,Did not play - other pro league,,,,,,,
Brian Oliver,1996-97,,Did not play - other pro league,,,,,,,
Brian Oliver,1997-98,29,ATL,5,61,6.3,-8.3,-0.1,0.0,-0.012
Cameron Oliver,2020-21,24,HOU,4,87,17.2,-2.0,0.0,0.2,.114
Cameron Oliver,2021-22,25,ATL,2,43,21.4,1.7,0.0,0.2,.219
Dean Oliver,2001-02,23,GSW,20,139,6.0,-9.3,-0.3,-0.1,-0.049
Dean Oliver,2002-03,24,GSW,15,93,11.2,-1.6,0.0,-0.1,-0.029
Jimmy Oliver,1991-92,22,CLE,27,252,10.1,-5.2,-0.2,0.2,.029
Jimmy Oliver,1992-93,,Did not play - other pro league,,,,,,,
Jimmy Oliver,1993-94,24,BOS,44,540,10.1,-4.3,-0.3,0.2,.016
Jimmy Oliver,1994-95,,Did not play - other pro league,,,,,,,
Jimmy Oliver,1995-96,,Did not play - other pro league,,,,,,,
Jimmy Oliver,1996-97,27,TOR,4,43,4.7,-8.8,-0.1,-0.1,-0.067
Jimmy Oliver,1997-98,28,WAS,1,10,19.7,7.7,0.0,0.0,.228
Jimmy Oliver,1998-99,29,PHO,2,11,2.7,-7.9,0.0,0.0,.020
Kevin Ollie,1997-98,25,2TM,35,430,8.9,-4.4,-0.3,-0.1,-0.014
Kevin Ollie,1997-98,25,DAL,16,214,7.9,-5.4,-0.2,-0.1,-0.017
Kevin Ollie,1997-98,25,ORL,19,216,9.9,-3.3,-0.1,0.0,-0.011
Kevin Ollie,1998-99,26,2TM,8,72,3.7,-6.7,-0.1,0.0,-0.015
Kevin Ollie,1998-99,26,SAC,7,68,4.1,-6.3,-0.1,0.0,-0.011
Kevin Ollie,1998-99,26,ORL,1,4,-2.8,-13.1,0.0,0.0,-0.085
Kevin Ollie,1999-00,27,PHI,40,290,12.9,0.6,0.2,0.9,.146
Kevin Ollie,2000-01,28,2TM,70,925,10.3,-2.2,0.0,1.4,.075
Kevin Ollie,2000-01,28,NJN,19,161,5.5,-5.5,-0.1,-0.1,-0.045
Kevin Ollie,2000-01,28,PHI,51,764,11.4,-1.5,0.1,1.6,.100
Kevin Ollie,2001-02,29,2TM,81,1723,12.3,-1.9,0.0,2.4,.066
Kevin Ollie,2001-02,29,CHI,52,1146,11.2,-3.3,-0.4,0.7,.031
Kevin Ollie,2001-02,29,IND,29,577,14.3,0.9,0.4,1.6,.136
Kevin Ollie,2002-03,30,2TM,82,1897,13.7,-0.6,0.7,3.8,.097
Kevin Ollie,2002-03,30,MIL,53,1127,13.5,-1.1,0.3,2.1,.090
Kevin Ollie,2002-03,30,SEA,29,770,14.0,0.2,0.4,1.7,.106
Kevin Ollie,2003-04,31,CLE,82,1401,12.2,-2.0,0.0,2.4,.083
Kevin Ollie,2004-05,32,PHI,26,158,6.7,-4.5,-0.1,0.1,.025
Kevin Ollie,2005-06,33,PHI,70,1069,7.8,-3.7,-0.5,1.1,.048
Kevin Ollie,2006-07,34,PHI,53,919,8.4,-4.2,-0.5,0.6,.030
Kevin Ollie,2007-08,35,PHI,40,300,9.7,-2.7,-0.1,0.5,.084
Kevin Ollie,2008-09,36,MIN,50,850,9.9,-3.1,-0.3,1.2,.067
Kevin Ollie,2009-10,37,OKC,25,263,7.0,-2.4,0.0,0.3,.059
Gene Ollrich,1949-50,27,WAT,14,,,,,-0.6,
Michael Olowokandi,1998-99,23,LAC,45,1279,11.8,-5.0,-1.0,-0.3,-0.010
Michael Olowokandi,1999-00,24,LAC,80,2493,10.4,-6.0,-2.6,-0.8,-0.016
Michael Olowokandi,2000-01,25,LAC,82,2127,10.0,-5.5,-1.9,-0.4,-0.008
Michael Olowokandi,2001-02,26,LAC,80,2568,12.4,-2.8,-0.5,1.6,.029
Michael Olowokandi,2002-03,27,LAC,36,1369,10.5,-3.1,-0.4,-0.2,-0.006
Michael Olowokandi,2003-04,28,MIN,43,925,11.2,-3.5,-0.4,1.2,.061
Michael Olowokandi,2004-05,29,MIN,62,1215,10.4,-4.9,-0.9,1.2,.048
Michael Olowokandi,2005-06,30,2TM,48,919,8.3,-5.0,-0.7,0.3,.014
Michael Olowokandi,2005-06,30,MIN,32,752,8.6,-4.9,-0.5,0.4,.023
Michael Olowokandi,2005-06,30,BOS,16,167,6.8,-5.5,-0.2,-0.1,-0.028
Michael Olowokandi,2006-07,31,BOS,24,234,4.5,-5.5,-0.2,-0.1,-0.017
Bud Olsen,1962-63,22,CIN,52,373,7.9,,,-0.3,-0.043
Bud Olsen,1963-64,23,CIN,49,513,10.9,,,0.2,.022
Bud Olsen,1964-65,24,CIN,79,1372,13.0,,,2.5,.087
Bud Olsen,1965-66,25,2TM,59,602,9.5,,,0.4,.035
Bud Olsen,1965-66,25,CIN,4,36,8.1,,,0.0,-0.006
Bud Olsen,1965-66,25,SFW,55,566,9.6,,,0.4,.037
Bud Olsen,1966-67,26,SFW,40,348,13.4,,,0.5,.068
Bud Olsen,1967-68,27,SEA,73,897,8.5,,,0.2,.012
Bud Olsen,1968-69,28,2TM,17,113,6.7,,,-0.2,-0.077
Bud Olsen,1968-69,28,BOS,7,43,7.8,,,-0.1,-0.065
Bud Olsen,1968-69,28,DET,10,70,6.1,,,-0.1,-0.084
Bud Olsen,1969-70,29,KEN,84,1375,11.5,,,2.8,.099
Kelly Olynyk,2013-14,22,BOS,70,1400,15.2,-1.2,0.3,2.9,.101
Kelly Olynyk,2014-15,23,BOS,64,1423,15.9,0.4,0.8,3.6,.120
Kelly Olynyk,2015-16,24,BOS,69,1395,16.3,1.9,1.4,4.1,.141
Kelly Olynyk,2016-17,25,BOS,75,1538,15.3,0.3,0.9,4.1,.127
Kelly Olynyk,2017-18,26,MIA,76,1779,17.8,2.3,1.9,5.5,.148
Kelly Olynyk,2018-19,27,MIA,79,1812,14.4,0.7,1.2,4.7,.126
Kelly Olynyk,2019-20,28,MIA,67,1300,14.6,1.0,1.0,3.7,.135
Kelly Olynyk,2020-21,29,2TM,70,1997,16.4,1.2,1.6,5.1,.121
Kelly Olynyk,2020-21,29,MIA,43,1157,12.1,-0.7,0.4,1.9,.078
Kelly Olynyk,2020-21,29,HOU,27,840,22.3,3.8,1.2,3.2,.182
Kelly Olynyk,2021-22,30,DET,40,764,16.7,1.6,0.7,1.6,.104
Kelly Olynyk,2022-23,31,UTA,68,1942,14.4,0.4,1.2,4.3,.106
Kelly Olynyk,2023-24,32,2TM,78,1759,17.4,1.8,1.7,4.9,.133
Kelly Olynyk,2023-24,32,UTA,50,1019,17.3,2.6,1.2,3.1,.148
Kelly Olynyk,2023-24,32,TOR,28,740,17.4,0.7,0.5,1.7,.113
Kelly Olynyk,2024-25,33,2TM,44,891,14.9,-0.7,0.3,1.7,.092
Kelly Olynyk,2024-25,33,TOR,24,383,14.9,0.2,0.2,0.9,.112
Kelly Olynyk,2024-25,33,NOP,20,508,14.8,-1.4,0.1,0.8,.077
Eugene Omoruyi,2021-22,24,DAL,4,18,17.0,4.0,0.0,0.1,.201
Eugene Omoruyi,2022-23,25,2TM,40,645,10.9,-4.4,-0.4,0.6,.042
Eugene Omoruyi,2022-23,25,OKC,23,272,10.6,-4.9,-0.2,0.3,.052
Eugene Omoruyi,2022-23,25,DET,17,373,11.2,-4.1,-0.2,0.3,.034
Eugene Omoruyi,2023-24,26,WAS,43,393,16.0,-2.3,0.0,0.6,.074
Miye Oni,2019-20,22,UTA,10,109,9.7,-4.3,-0.1,0.1,.063
Miye Oni,2020-21,23,UTA,54,519,6.4,-1.7,0.0,0.9,.081
Miye Oni,2021-22,24,UTA,16,44,0.4,-7.9,-0.1,0.0,-0.032
Arinze Onuaku,2013-14,26,2TM,5,30,3.8,-5.2,0.0,0.0,-0.044
Arinze Onuaku,2013-14,26,NOP,3,25,5.6,-3.6,0.0,0.0,-0.016
Arinze Onuaku,2013-14,26,CLE,2,5,-5.3,-13.1,0.0,0.0,-0.179
Arinze Onuaku,2014-15,27,MIN,6,68,22.8,1.4,0.1,0.3,.197
Arinze Onuaku,2015-16,,Did not play - other pro league,,,,,,,
Arinze Onuaku,2016-17,29,ORL,8,28,5.8,-6.4,0.0,0.0,-0.005
Chinanu Onuaku,2016-17,20,HOU,5,52,12.3,-1.5,0.0,0.1,.123
Chinanu Onuaku,2017-18,21,HOU,1,22,-3.2,-14.7,-0.1,-0.1,-0.147
Barry Orms,1968-69,22,BAL,64,916,3.2,,,-0.7,-0.034
Barry Orms,1969-70,23,2TM,77,2091,7.9,,,-0.2,-0.004
Barry Orms,1969-70,23,INA,9,143,12.0,,,0.3,.084
Barry Orms,1969-70,23,PTP,68,1948,7.6,,,-0.4,-0.011
Johnny Orr,1949-50,22,2TM,34,,,,,-0.1,
Johnny Orr,1949-50,22,STB,21,,,,,0.1,
Johnny Orr,1949-50,22,WAT,13,,,,,-0.2,
Louis Orr,1980-81,22,IND,82,1787,16.1,0.0,0.9,4.3,.116
Louis Orr,1981-82,23,IND,80,1951,14.9,-0.3,0.9,4.3,.105
Louis Orr,1982-83,24,NYK,82,1666,13.3,0.4,1.0,3.8,.111
Louis Orr,1983-84,25,NYK,78,1640,12.4,-0.8,0.5,3.5,.103
Louis Orr,1984-85,26,NYK,79,2452,13.8,0.3,1.4,4.8,.093
Louis Orr,1985-86,27,NYK,74,2237,12.4,-0.7,0.7,3.7,.080
Louis Orr,1986-87,28,NYK,65,1440,11.0,-1.2,0.3,1.5,.050
Louis Orr,1987-88,29,NYK,29,180,2.7,-7.5,-0.3,-0.2,-0.059
José Ortiz,1987-88,,Did not play - other pro league,,,,,,,
José Ortiz,1988-89,25,UTA,51,327,8.1,-6.8,-0.4,-0.1,-0.010
José Ortiz,1989-90,26,UTA,13,64,16.0,-4.5,0.0,0.1,.061
Daniel Orton,2010-11,,Did not play - injury,,,,,,,
Daniel Orton,2011-12,21,ORL,16,187,12.7,-3.0,0.0,0.5,.129
Daniel Orton,2012-13,22,OKC,13,104,14.0,-3.1,0.0,0.3,.135
Daniel Orton,2013-14,23,PHI,22,251,10.5,-4.0,-0.1,0.3,.049
Chuck Osborne,1961-62,23,SYR,4,21,4.8,,,-0.1,-0.134
Cedi Osman,2015-16,,Did not play - other pro league,,,,,,,
Cedi Osman,2016-17,,Did not play - other pro league,,,,,,,
Cedi Osman,2017-18,22,CLE,61,672,11.0,-2.9,-0.1,0.9,.064
Cedi Osman,2018-19,23,CLE,76,2444,11.5,-3.2,-0.8,1.5,.029
Cedi Osman,2019-20,24,CLE,65,1910,10.7,-2.6,-0.3,1.6,.040
Cedi Osman,2020-21,25,CLE,59,1510,10.3,-3.2,-0.5,0.5,.014
Cedi Osman,2021-22,26,CLE,66,1462,13.3,0.2,0.8,2.9,.094
Cedi Osman,2022-23,27,CLE,77,1548,12.0,-0.7,0.5,3.3,.103
Cedi Osman,2023-24,28,SAS,72,1269,11.2,-2.1,0.0,1.9,.071
Wally Osterkorn,1950-51,,Did not play - other pro league,,,,,,,
Wally Osterkorn,1951-52,23,SYR,66,1721,13.5,,,4.0,.111
Wally Osterkorn,1952-53,24,SYR,49,1016,11.2,,,1.4,.065
Wally Osterkorn,1953-54,25,SYR,70,2164,12.7,,,4.3,.096
Wally Osterkorn,1954-55,26,SYR,19,286,2.8,,,-0.8,-0.133
Greg Ostertag,1995-96,22,UTA,57,661,13.2,-2.1,0.0,1.4,.104
Greg Ostertag,1996-97,23,UTA,77,1818,15.3,-0.3,0.8,5.9,.156
Greg Ostertag,1997-98,24,UTA,63,1288,12.5,-1.1,0.3,2.2,.084
Greg Ostertag,1998-99,25,UTA,48,1340,12.8,0.8,0.9,3.8,.136
Greg Ostertag,1999-00,26,UTA,81,1606,13.5,-0.3,0.7,4.2,.124
Greg Ostertag,2000-01,27,UTA,81,1491,13.3,-0.8,0.4,3.8,.121
Greg Ostertag,2001-02,28,UTA,74,1107,12.7,-1.1,0.3,2.1,.090
Greg Ostertag,2002-03,29,UTA,81,1926,11.5,-1.5,0.2,3.4,.084
Greg Ostertag,2003-04,30,UTA,78,2153,14.3,0.5,1.4,5.0,.111
Greg Ostertag,2004-05,31,SAC,56,556,10.0,-2.2,0.0,0.7,.064
Greg Ostertag,2005-06,32,UTA,60,807,11.6,-1.4,0.1,1.3,.076
Matt Othick,1992-93,23,SAS,4,39,5.9,-4.3,0.0,0.0,.019
Don Otten,1949-50,28,2TM,64,,,,,8.5,
Don Otten,1949-50,28,TRI,46,,,,,5.2,
Don Otten,1949-50,28,WSC,18,,,,,3.3,
Don Otten,1950-51,29,3TM,67,,,,,4.9,
Don Otten,1950-51,29,WSC,16,,,,,0.9,
Don Otten,1950-51,29,BLB,2,,,,,-0.1,
Don Otten,1950-51,29,FTW,49,,,,,4.1,
Don Otten,1951-52,30,2TM,64,1789,20.1,,,5.8,.156
Don Otten,1951-52,30,FTW,7,63,15.1,,,0.2,.126
Don Otten,1951-52,30,MLH,57,1726,20.3,,,5.6,.157
Don Otten,1952-53,31,MLH,24,384,17.2,,,1.7,.218
Mac Otten,1949-50,24,2TM,59,,,,,0.3,
Mac Otten,1949-50,24,TRI,12,,,,,0.4,
Mac Otten,1949-50,24,STB,47,,,,,-0.1,
Daniel Oturu,2020-21,21,LAC,30,161,12.5,-5.2,-0.1,0.3,.081
Daniel Oturu,2021-22,22,TOR,3,27,13.4,-5.2,0.0,0.1,.121
Kelly Oubre Jr.,2015-16,20,WAS,63,671,8.2,-5.1,-0.5,0.4,.031
Kelly Oubre Jr.,2016-17,21,WAS,79,1605,9.1,-3.2,-0.5,2.0,.061
Kelly Oubre Jr.,2017-18,22,WAS,81,2231,11.9,-1.7,0.2,3.7,.080
Kelly Oubre Jr.,2018-19,23,2TM,69,1935,15.2,-1.2,0.4,2.2,.054
Kelly Oubre Jr.,2018-19,23,WAS,29,755,13.3,-2.6,-0.1,0.8,.053
Kelly Oubre Jr.,2018-19,23,PHO,40,1180,16.4,-0.4,0.5,1.3,.054
Kelly Oubre Jr.,2019-20,24,PHO,56,1933,14.9,-0.5,0.7,3.8,.093
Kelly Oubre Jr.,2020-21,25,GSW,55,1687,13.3,-1.9,0.0,2.2,.062
Kelly Oubre Jr.,2021-22,26,CHO,76,1999,14.9,-1.4,0.3,3.3,.079
Kelly Oubre Jr.,2022-23,27,CHO,48,1548,14.8,-1.1,0.3,1.7,.051
Kelly Oubre Jr.,2023-24,28,PHI,68,2055,13.5,-2.3,-0.1,3.0,.070
Kelly Oubre Jr.,2024-25,29,PHI,60,2078,13.5,-2.3,-0.1,2.6,.061
Bo Outlaw,1993-94,22,LAC,37,871,14.3,0.1,0.5,2.3,.127
Bo Outlaw,1994-95,23,LAC,81,1655,13.3,0.4,1.0,2.5,.071
Bo Outlaw,1995-96,24,LAC,80,985,15.6,1.6,0.9,2.3,.111
Bo Outlaw,1996-97,25,LAC,82,2195,16.3,2.8,2.6,6.1,.133
Bo Outlaw,1997-98,26,ORL,82,2953,15.5,2.5,3.4,7.6,.124
Bo Outlaw,1998-99,27,ORL,31,851,12.8,1.1,0.7,1.8,.100
Bo Outlaw,1999-00,28,ORL,82,2326,15.3,4.5,3.8,6.8,.140
Bo Outlaw,2000-01,29,ORL,80,2534,15.7,3.1,3.2,7.9,.150
Bo Outlaw,2001-02,30,2TM,83,1928,11.4,0.4,1.2,3.5,.086
Bo Outlaw,2001-02,30,ORL,10,160,11.0,-0.5,0.1,0.3,.078
Bo Outlaw,2001-02,30,PHO,73,1768,11.4,0.5,1.1,3.2,.087
Bo Outlaw,2002-03,31,PHO,80,1800,12.2,0.6,1.2,4.4,.116
Bo Outlaw,2003-04,32,MEM,82,1606,13.1,0.9,1.2,3.6,.107
Bo Outlaw,2004-05,33,PHO,39,214,8.1,-1.2,0.0,0.2,.053
Bo Outlaw,2005-06,34,ORL,32,355,11.8,-0.4,0.2,0.7,.101
Bo Outlaw,2006-07,35,ORL,41,460,11.4,0.3,0.3,1.2,.126
Bo Outlaw,2007-08,36,ORL,2,7,8.6,-4.7,0.0,0.0,-0.071
Travis Outlaw,2003-04,19,POR,8,19,16.4,1.4,0.0,0.0,.067
Travis Outlaw,2004-05,20,POR,59,793,15.4,-0.8,0.2,1.4,.085
Travis Outlaw,2005-06,21,POR,69,1153,12.9,-2.5,-0.1,0.9,.039
Travis Outlaw,2006-07,22,POR,67,1532,15.3,-0.4,0.6,2.3,.072
Travis Outlaw,2007-08,23,POR,82,2186,15.7,-0.3,1.0,3.2,.071
Travis Outlaw,2008-09,24,POR,81,2246,15.1,0.2,1.2,5.3,.113
Travis Outlaw,2009-10,25,2TM,34,730,13.3,-0.9,0.2,0.9,.062
Travis Outlaw,2009-10,25,POR,11,231,14.8,0.5,0.1,0.3,.071
Travis Outlaw,2009-10,25,LAC,23,499,12.6,-1.5,0.1,0.6,.058
Travis Outlaw,2010-11,26,NJN,82,2358,8.8,-3.5,-0.9,0.8,.016
Travis Outlaw,2011-12,27,SAC,39,500,9.6,-3.6,-0.2,-0.1,-0.008
Travis Outlaw,2012-13,28,SAC,38,444,13.0,-2.4,0.0,0.3,.037
Travis Outlaw,2013-14,29,SAC,63,1065,10.4,-1.4,0.1,1.4,.062
Claude Overton,1952-53,25,PHW,15,182,6.2,,,-0.4,-0.115
Doug Overton,1991-92,,Did not play - other pro league,,,,,,,
Doug Overton,1992-93,23,WSB,45,990,11.8,-2.6,-0.2,0.6,.028
Doug Overton,1993-94,24,WSB,61,749,8.4,-6.0,-0.8,-0.4,-0.028
Doug Overton,1994-95,25,WSB,82,1704,11.6,-2.6,-0.3,1.7,.048
Doug Overton,1995-96,26,DEN,55,607,9.9,-3.3,-0.2,0.2,.020
Doug Overton,1996-97,27,PHI,61,634,13.2,-2.6,-0.1,0.9,.065
Doug Overton,1997-98,28,PHI,23,277,5.2,-6.9,-0.3,-0.2,-0.035
Doug Overton,1998-99,29,3TM,24,244,10.8,-3.8,-0.1,0.1,.023
Doug Overton,1998-99,29,ORL,6,33,19.0,1.0,0.0,0.1,.185
Doug Overton,1998-99,29,NJN,8,174,10.6,-4.1,-0.1,0.0,.012
Doug Overton,1998-99,29,PHI,10,37,4.5,-6.6,0.0,-0.1,-0.069
Doug Overton,1999-00,30,BOS,48,432,10.5,-3.5,-0.2,0.4,.047
Doug Overton,2000-01,31,3TM,21,475,7.5,-5.6,-0.4,-0.3,-0.026
Doug Overton,2000-01,31,BOS,7,144,5.1,-7.5,-0.2,-0.2,-0.075
Doug Overton,2000-01,31,CHH,2,15,1.9,-6.3,0.0,0.0,-0.126
Doug Overton,2000-01,31,NJN,12,316,8.9,-4.7,-0.2,0.0,.001
Doug Overton,2001-02,32,LAC,18,130,4.8,-7.3,-0.2,-0.2,-0.077
Doug Overton,2002-03,,Did not play - other pro league,,,,,,,
Doug Overton,2003-04,34,2TM,61,1033,7.5,-4.9,-0.8,-0.3,-0.016
Doug Overton,2003-04,34,NJN,6,22,8.8,-5.5,0.0,0.0,.026
Doug Overton,2003-04,34,LAC,55,1011,7.4,-4.9,-0.7,-0.4,-0.017
Andre Owens,2005-06,25,UTA,23,210,5.2,-8.3,-0.3,-0.2,-0.047
Andre Owens,2006-07,,Did not play - other pro league,,,,,,,
Andre Owens,2007-08,27,IND,31,392,10.0,-1.0,0.1,0.4,.053
Billy Owens,1991-92,22,GSW,80,2510,15.6,0.0,1.3,5.6,.107
Billy Owens,1992-93,23,GSW,37,1201,16.9,1.6,1.1,2.2,.087
Billy Owens,1993-94,24,GSW,79,2738,15.6,0.4,1.7,5.7,.099
Billy Owens,1994-95,25,MIA,70,2296,15.6,0.2,1.2,3.2,.067
Billy Owens,1995-96,26,2TM,62,1982,14.2,0.3,1.2,3.2,.077
Billy Owens,1995-96,26,MIA,40,1388,14.8,0.8,1.0,2.7,.095
Billy Owens,1995-96,26,SAC,22,594,12.8,-0.9,0.2,0.4,.035
Billy Owens,1996-97,27,SAC,66,1995,13.6,-0.5,0.7,2.8,.069
Billy Owens,1997-98,28,SAC,78,2348,14.4,-0.3,1.0,3.7,.075
Billy Owens,1998-99,29,SEA,21,451,11.9,-3.4,-0.2,0.2,.018
Billy Owens,1999-00,30,2TM,62,1305,10.0,-2.6,-0.2,1.2,.045
Billy Owens,1999-00,30,PHI,46,919,9.8,-2.2,0.0,1.1,.055
Billy Owens,1999-00,30,GSW,16,386,10.5,-3.7,-0.2,0.2,.020
Billy Owens,2000-01,31,DET,45,793,10.5,-1.9,0.0,0.8,.048
Chris Owens,2002-03,23,MEM,1,6,20.1,-0.5,0.0,0.0,-0.032
Eddie Owens,1977-78,24,BUF,8,63,8.8,-3.9,0.0,0.0,.027
Jim Owens,1973-74,23,PHO,17,101,18.1,-1.0,0.1,0.3,.148
Jim Owens,1974-75,24,PHO,41,432,9.3,-3.0,-0.1,0.1,.013
Keith Owens,1991-92,22,LAL,20,80,10.3,-4.8,-0.1,0.0,.014
Larry Owens,2010-11,28,2TM,12,143,11.2,0.6,0.1,0.2,.083
Larry Owens,2010-11,28,SAS,7,31,11.9,2.2,0.0,0.1,.151
Larry Owens,2010-11,28,WAS,5,112,11.0,0.1,0.1,0.1,.064
Larry Owens,2011-12,29,NJN,7,75,5.8,-4.6,0.0,0.1,.035
Red Owens,1949-50,24,2TM,61,,,,,1.7,
Red Owens,1949-50,24,TRI,26,,,,,0.5,
Red Owens,1949-50,24,AND,35,,,,,1.2,
Red Owens,1950-51,,Did not play - other pro league,,,,,,,
Red Owens,1951-52,26,2TM,29,626,11.3,,,-0.1,-0.008
Red Owens,1951-52,26,BLB,19,341,13.1,,,-0.1,-0.010
Red Owens,1951-52,26,MLH,10,285,9.1,,,0.0,-0.005
Tariq Owens,2019-20,24,PHO,3,15,8.4,-5.8,0.0,0.0,.021
Tom Owens,1971-72,22,2TM,69,1118,15.6,,,2.9,.124
Tom Owens,1971-72,22,MMP,38,617,13.2,,,1.4,.111
Tom Owens,1971-72,22,CAR,31,501,18.6,,,1.5,.142
Tom Owens,1972-73,23,CAR,83,2209,13.8,,,6.9,.150
Tom Owens,1973-74,24,CAR,81,2284,18.0,0.3,1.3,8.0,.168
Tom Owens,1974-75,25,2TM,82,2647,19.4,1.2,2.2,8.3,.151
Tom Owens,1974-75,25,SSL,5,89,15.0,-1.6,0.1,0.2,.104
Tom Owens,1974-75,25,MMS,77,2558,19.6,1.3,2.1,8.1,.153
Tom Owens,1975-76,26,3TM,74,1107,12.8,-2.1,-0.1,2.5,.107
Tom Owens,1975-76,26,KEN,19,326,11.2,-2.2,0.0,0.4,.065
Tom Owens,1975-76,26,INA,16,243,12.4,-3.5,-0.1,0.5,.099
Tom Owens,1975-76,26,SAA,39,538,13.9,-1.5,0.1,1.5,.135
Tom Owens,1976-77,27,HOU,46,462,13.8,-3.1,-0.1,0.9,.094
Tom Owens,1977-78,28,POR,82,1714,17.4,1.0,1.3,6.0,.169
Tom Owens,1978-79,29,POR,82,2791,19.9,2.7,3.3,10.4,.179
Tom Owens,1979-80,30,POR,76,2337,18.1,1.1,1.9,6.9,.142
Tom Owens,1980-81,31,POR,79,1843,15.1,-0.8,0.6,4.8,.125
Tom Owens,1981-82,32,IND,74,1599,14.9,-1.4,0.3,3.2,.095
Tom Owens,1982-83,33,DET,49,725,8.7,-4.2,-0.4,0.6,.041
Tom Owens,1983-84,,Did not play - other pro league,,,,,,,
Tom Owens,1984-85,,Did not play - other pro league,,,,,,,
Ray Owes,1996-97,24,GSW,57,592,11.1,-4.8,-0.4,0.4,.036
Olumide Oyedeji,2000-01,19,SEA,30,221,10.6,-3.8,-0.1,0.4,.090
Olumide Oyedeji,2001-02,20,SEA,36,221,11.2,-5.2,-0.2,0.4,.098
Olumide Oyedeji,2002-03,21,ORL,27,145,9.4,-3.7,-0.1,0.3,.101
Joe Pace,1976-77,23,WSB,30,119,16.5,-3.6,0.0,0.1,.054
Joe Pace,1977-78,24,WSB,49,438,13.7,-1.7,0.0,0.9,.102
Zaza Pachulia,2003-04,19,ORL,59,664,10.8,-5.8,-0.6,0.3,.023
Zaza Pachulia,2004-05,20,MIL,74,1397,14.4,-1.3,0.2,2.9,.099
Zaza Pachulia,2005-06,21,ATL,78,2452,15.0,-2.1,-0.1,3.9,.077
Zaza Pachulia,2006-07,22,ATL,72,2026,16.8,-0.8,0.6,4.8,.114
Zaza Pachulia,2007-08,23,ATL,62,944,11.0,-5.1,-0.7,1.1,.054
Zaza Pachulia,2008-09,24,ATL,77,1473,14.1,-2.6,-0.2,3.9,.127
Zaza Pachulia,2009-10,25,ATL,78,1089,13.1,-2.5,-0.1,2.7,.121
Zaza Pachulia,2010-11,26,ATL,79,1244,12.4,-2.8,-0.2,3.1,.118
Zaza Pachulia,2011-12,27,ATL,58,1640,14.0,-0.7,0.5,5.0,.147
Zaza Pachulia,2012-13,28,ATL,52,1134,13.1,-1.7,0.1,2.7,.116
Zaza Pachulia,2013-14,29,MIL,53,1325,14.0,-1.8,0.1,1.7,.060
Zaza Pachulia,2014-15,30,MIL,73,1730,15.6,0.4,1.0,4.2,.116
Zaza Pachulia,2015-16,31,DAL,76,2004,16.2,-0.2,0.9,6.0,.145
Zaza Pachulia,2016-17,32,GSW,70,1268,16.1,0.6,0.8,4.7,.178
Zaza Pachulia,2017-18,33,GSW,69,972,17.0,0.0,0.5,3.3,.161
Zaza Pachulia,2018-19,34,DET,68,878,13.7,-1.2,0.2,2.3,.128
Robert Pack,1991-92,22,POR,72,894,10.5,-2.7,-0.1,1.1,.058
Robert Pack,1992-93,23,DEN,77,1579,16.4,0.1,0.8,3.1,.095
Robert Pack,1993-94,24,DEN,66,1382,15.0,-0.2,0.6,1.7,.057
Robert Pack,1994-95,25,DEN,42,1144,16.9,1.5,0.9,2.2,.091
Robert Pack,1995-96,26,WSB,31,1084,19.3,2.0,1.1,2.7,.121
Robert Pack,1996-97,27,2TM,54,1782,15.0,-0.8,0.6,1.1,.029
Robert Pack,1996-97,27,NJN,34,1185,16.0,-0.4,0.5,1.0,.042
Robert Pack,1996-97,27,DAL,20,597,13.1,-1.5,0.1,0.0,.004
Robert Pack,1997-98,28,DAL,12,292,9.0,-4.9,-0.2,-0.6,-0.093
Robert Pack,1998-99,29,DAL,25,468,17.1,-0.2,0.2,0.7,.077
Robert Pack,1999-00,30,DAL,29,665,14.6,-1.8,0.0,0.4,.026
Robert Pack,2000-01,31,DEN,74,1260,14.8,-1.6,0.1,1.1,.043
Robert Pack,2001-02,32,MIN,16,252,9.1,-4.4,-0.2,0.1,.016
Robert Pack,2002-03,33,NOH,28,440,13.3,-1.9,0.0,0.6,.068
Robert Pack,2003-04,34,NJN,26,220,8.0,-3.0,-0.1,0.1,.028
Robert Pack,2004-05,,Did not play - other pro league,,,,,,,
Wayne Pack,1974-75,24,INA,21,189,7.3,-4.4,-0.1,0.1,.020
Gerald Paddio,1988-89,,Did not play - other pro league,,,,,,,
Gerald Paddio,1989-90,,Did not play - other pro league,,,,,,,
Gerald Paddio,1990-91,25,CLE,70,1181,9.3,-6.5,-1.3,-0.4,-0.018
Gerald Paddio,1991-92,,Did not play - other pro league,,,,,,,
Gerald Paddio,1992-93,27,SEA,41,307,16.3,-0.9,0.1,0.6,.096
Gerald Paddio,1993-94,28,3TM,18,137,8.5,-5.1,-0.1,-0.1,-0.035
Gerald Paddio,1993-94,28,IND,7,55,5.2,-6.7,-0.1,-0.1,-0.074
Gerald Paddio,1993-94,28,NYK,3,8,0.6,-14.2,0.0,0.0,-0.016
Gerald Paddio,1993-94,28,WSB,8,74,11.8,-2.8,0.0,0.0,-0.008
Scott Padgett,1999-00,23,UTA,47,432,7.6,-4.5,-0.3,0.1,.013
Scott Padgett,2000-01,24,UTA,27,127,17.6,-1.4,0.0,0.4,.158
Scott Padgett,2001-02,25,UTA,75,1295,15.4,0.6,0.8,3.5,.130
Scott Padgett,2002-03,26,UTA,82,1321,12.4,-1.1,0.3,2.5,.091
Scott Padgett,2003-04,27,HOU,58,547,15.6,1.7,0.5,1.9,.170
Scott Padgett,2004-05,28,HOU,66,942,12.3,1.1,0.7,2.8,.141
Scott Padgett,2005-06,29,NJN,62,718,12.5,-0.2,0.3,1.8,.123
Scott Padgett,2006-07,30,2TM,31,231,4.9,-4.6,-0.1,0.1,.019
Scott Padgett,2006-07,30,HOU,24,198,5.6,-3.7,-0.1,0.2,.046
Scott Padgett,2006-07,30,MEM,7,33,0.9,-9.5,-0.1,-0.1,-0.140
Dana Pagett,1971-72,22,VIR,5,34,-2.9,,,-0.1,-0.121
Jaysean Paige,2021-22,27,DET,1,7,-22.2,-31.5,0.0,-0.1,-0.574
Marcus Paige,2017-18,24,CHO,5,28,9.1,-8.8,0.0,0.0,-0.006
Fred Paine,1948-49,23,PRO,3,,,,,-0.3,
Milt Palacio,1999-00,21,VAN,53,394,8.8,-4.4,-0.2,-0.3,-0.041
Milt Palacio,2000-01,22,BOS,58,1141,12.3,-2.4,-0.1,1.8,.076
Milt Palacio,2001-02,23,2TM,69,790,9.7,-3.2,-0.2,0.8,.050
Milt Palacio,2001-02,23,BOS,41,518,10.5,-2.4,-0.1,0.8,.071
Milt Palacio,2001-02,23,PHO,28,272,8.2,-4.8,-0.2,0.1,.011
Milt Palacio,2002-03,24,CLE,80,1976,8.2,-4.4,-1.2,0.2,.004
Milt Palacio,2003-04,25,TOR,59,1211,7.4,-4.9,-0.9,-0.5,-0.020
Milt Palacio,2004-05,26,TOR,80,1533,12.5,-2.5,-0.2,1.7,.054
Milt Palacio,2005-06,27,UTA,71,1376,9.9,-3.7,-0.6,0.2,.008
Togo Palazzi,1954-55,22,BOS,53,504,15.3,,,0.6,.053
Togo Palazzi,1955-56,23,BOS,63,703,14.8,,,0.8,.057
Togo Palazzi,1956-57,24,2TM,63,1013,16.2,,,1.6,.078
Togo Palazzi,1956-57,24,BOS,21,233,13.5,,,0.3,.052
Togo Palazzi,1956-57,24,SYR,42,780,17.0,,,1.4,.086
Togo Palazzi,1957-58,25,SYR,67,1001,15.8,,,2.0,.094
Togo Palazzi,1958-59,26,SYR,71,1053,14.7,,,1.7,.076
Togo Palazzi,1959-60,27,SYR,7,70,6.0,,,-0.2,-0.113
Bud Palmer,1946-47,25,NYK,42,,,,,3.9,
Bud Palmer,1947-48,26,NYK,48,,,,,7.4,
Bud Palmer,1948-49,27,NYK,58,,,,,7.2,
Errol Palmer,1967-68,,MNM,63,1191,17.2,,,4.2,.168
Jim Palmer,1957-58,,Did not play - other pro league,,,,,,,
Jim Palmer,1958-59,25,CIN,67,1624,13.9,,,2.4,.070
Jim Palmer,1959-60,26,2TM,74,1482,11.5,,,1.9,.062
Jim Palmer,1959-60,26,CIN,20,400,13.4,,,0.8,.098
Jim Palmer,1959-60,26,NYK,54,1082,10.8,,,1.1,.049
Jim Palmer,1960-61,27,NYK,55,688,9.8,,,0.2,.013
Trayvon Palmer,2021-22,27,DET,1,17,-5.7,-15.0,-0.1,0.0,-0.133
Walter Palmer,1990-91,22,UTA,28,85,8.5,-7.8,-0.1,-0.1,-0.041
Walter Palmer,1991-92,,Did not play - other pro league,,,,,,,
Walter Palmer,1992-93,24,DAL,20,124,12.8,-5.9,-0.1,0.0,.006
Kevin Pangos,2021-22,29,CLE,24,166,6.5,-6.1,-0.2,0.1,.016
Andy Panko,2000-01,23,ATL,1,1,0.0,-6.2,0.0,0.0,-0.017
Georgios Papagiannis,2016-17,19,SAC,22,355,12.7,-3.8,-0.2,0.4,.057
Georgios Papagiannis,2017-18,20,2TM,17,122,12.2,-4.1,-0.1,0.0,.005
Georgios Papagiannis,2017-18,20,SAC,16,118,10.7,-5.6,-0.1,0.0,-0.018
Georgios Papagiannis,2017-18,20,POR,1,4,58.1,39.9,0.0,0.1,.675
Kostas Papanikolaou,2012-13,,Did not play - other pro league,,,,,,,
Kostas Papanikolaou,2013-14,,Did not play - other pro league,,,,,,,
Kostas Papanikolaou,2014-15,24,HOU,43,795,7.8,-2.0,0.0,0.5,.029
Kostas Papanikolaou,2015-16,25,DEN,26,294,6.0,-4.5,-0.2,-0.1,-0.022
Jannero Pargo,2002-03,23,LAL,34,342,7.3,-5.4,-0.3,0.1,.007
Jannero Pargo,2003-04,24,3TM,31,479,11.5,-3.4,-0.2,0.1,.006
Jannero Pargo,2003-04,24,LAL,13,63,1.6,-10.3,-0.1,-0.2,-0.162
Jannero Pargo,2003-04,24,TOR,5,71,5.6,-6.4,-0.1,-0.2,-0.112
Jannero Pargo,2003-04,24,CHI,13,345,14.5,-1.6,0.0,0.4,.061
Jannero Pargo,2004-05,25,CHI,32,453,11.1,-2.0,0.0,0.2,.023
Jannero Pargo,2005-06,26,CHI,57,646,9.9,-2.4,-0.1,-0.1,-0.008
Jannero Pargo,2006-07,27,NOK,82,1710,13.4,-0.8,0.5,2.0,.056
Jannero Pargo,2007-08,28,NOH,80,1497,11.9,-2.7,-0.3,1.1,.037
Jannero Pargo,2008-09,,Did not play - other pro league,,,,,,,
Jannero Pargo,2009-10,30,CHI,63,829,8.9,-4.8,-0.6,-0.3,-0.015
Jannero Pargo,2010-11,,Did not play - waived,,,,,,,
Jannero Pargo,2011-12,32,ATL,50,671,13.6,-0.6,0.2,1.3,.095
Jannero Pargo,2012-13,33,3TM,32,507,10.3,-4.1,-0.3,-0.2,-0.017
Jannero Pargo,2012-13,33,WAS,7,102,0.2,-10.5,-0.2,-0.3,-0.129
Jannero Pargo,2012-13,33,ATL,7,113,9.7,-3.9,0.0,0.1,.041
Jannero Pargo,2012-13,33,CHA,18,292,14.1,-1.9,0.0,0.0,-0.001
Jannero Pargo,2013-14,34,CHA,29,242,18.9,2.7,0.3,0.5,.105
Jannero Pargo,2014-15,35,CHO,9,73,14.9,1.8,0.1,0.2,.113
Jeremy Pargo,2011-12,25,MEM,44,424,4.4,-7.6,-0.6,-0.8,-0.085
Jeremy Pargo,2012-13,26,2TM,39,655,10.4,-3.2,-0.2,0.0,-0.002
Jeremy Pargo,2012-13,26,CLE,25,447,11.3,-2.7,-0.1,-0.1,-0.006
Jeremy Pargo,2012-13,26,PHI,14,208,8.4,-4.4,-0.1,0.0,.006
Jeremy Pargo,2013-14,,Did not play - other pro league,,,,,,,
Jeremy Pargo,2014-15,,Did not play - other pro league,,,,,,,
Jeremy Pargo,2015-16,,Did not play - other pro league,,,,,,,
Jeremy Pargo,2016-17,,Did not play - other pro league,,,,,,,
Jeremy Pargo,2017-18,,Did not play - other pro league,,,,,,,
Jeremy Pargo,2018-19,,Did not play - other pro league,,,,,,,
Jeremy Pargo,2019-20,33,GSW,3,44,12.6,-5.9,0.0,0.0,.011
Easy Parham,1948-49,27,STB,60,,,,,0.3,
Easy Parham,1949-50,28,STB,66,,,,,0.1,
Easy Parham,1950-51,29,PHW,7,,,,,0.0,
Robert Parish,1976-77,23,GSW,77,1384,19.3,1.0,1.1,4.8,.167
Robert Parish,1977-78,24,GSW,82,1969,17.2,-1.0,0.5,4.0,.098
Robert Parish,1978-79,25,GSW,76,2411,20.8,2.2,2.5,7.1,.142
Robert Parish,1979-80,26,GSW,72,2119,20.0,0.4,1.3,4.6,.104
Robert Parish,1980-81,27,BOS,82,2298,25.2,5.4,4.3,10.9,.228
Robert Parish,1981-82,28,BOS,80,2534,22.6,3.8,3.7,10.0,.190
Robert Parish,1982-83,29,BOS,78,2459,23.0,4.3,3.9,10.8,.211
Robert Parish,1983-84,30,BOS,80,2867,19.2,1.9,2.8,10.5,.175
Robert Parish,1984-85,31,BOS,79,2850,17.6,0.8,2.0,9.0,.151
Robert Parish,1985-86,32,BOS,81,2567,18.8,2.1,2.6,9.2,.171
Robert Parish,1986-87,33,BOS,80,2995,17.7,1.2,2.4,9.2,.147
Robert Parish,1987-88,34,BOS,74,2312,17.2,0.8,1.6,6.4,.134
Robert Parish,1988-89,35,BOS,80,2840,21.6,3.3,3.8,10.5,.177
Robert Parish,1989-90,36,BOS,79,2396,19.2,1.1,1.9,7.8,.157
Robert Parish,1990-91,37,BOS,81,2441,20.6,2.2,2.6,10.0,.198
Robert Parish,1991-92,38,BOS,79,2285,18.9,1.4,2.0,7.4,.155
Robert Parish,1992-93,39,BOS,79,2146,19.2,1.0,1.6,6.8,.152
Robert Parish,1993-94,40,BOS,74,1987,16.1,-1.0,0.5,4.0,.095
Robert Parish,1994-95,41,CHH,81,1352,10.1,-3.7,-0.6,1.4,.051
Robert Parish,1995-96,42,CHH,74,1086,13.0,-1.1,0.2,1.7,.074
Robert Parish,1996-97,43,CHI,43,406,14.3,-2.7,-0.1,0.9,.101
Med Park,1955-56,22,STL,40,424,10.9,,,0.4,.047
Med Park,1956-57,23,STL,66,1130,10.7,,,1.8,.075
Med Park,1957-58,24,STL,71,1103,10.4,,,1.6,.069
Med Park,1958-59,25,2TM,62,1126,13.0,,,1.9,.081
Med Park,1958-59,25,STL,29,228,13.2,,,0.4,.086
Med Park,1958-59,25,CIN,33,898,13.0,,,1.5,.080
Med Park,1959-60,26,CIN,74,1849,11.2,,,1.9,.049
Anthony Parker,1997-98,22,PHI,37,196,14.0,1.0,0.1,0.4,.089
Anthony Parker,1998-99,23,PHI,2,3,30.9,12.7,0.0,0.0,.274
Anthony Parker,1999-00,24,ORL,16,185,9.7,-2.0,0.0,0.2,.040
Anthony Parker,2000-01,,Did not play - other pro league,,,,,,,
Anthony Parker,2001-02,,Did not play - other pro league,,,,,,,
Anthony Parker,2002-03,,Did not play - other pro league,,,,,,,
Anthony Parker,2003-04,,Did not play - other pro league,,,,,,,
Anthony Parker,2004-05,,Did not play - other pro league,,,,,,,
Anthony Parker,2005-06,,Did not play - other pro league,,,,,,,
Anthony Parker,2006-07,31,TOR,73,2437,14.5,1.4,2.1,6.5,.127
Anthony Parker,2007-08,32,TOR,82,2634,14.4,0.9,1.9,6.2,.113
Anthony Parker,2008-09,33,TOR,80,2637,12.1,-0.7,0.8,3.4,.063
Anthony Parker,2009-10,34,CLE,81,2289,9.9,-0.3,1.0,4.9,.103
Anthony Parker,2010-11,35,CLE,72,2091,10.5,-2.0,0.0,1.5,.034
Anthony Parker,2011-12,36,CLE,51,1280,10.9,-1.7,0.1,1.4,.052
Jabari Parker,2014-15,19,MIL,25,738,14.5,-0.5,0.3,1.3,.088
Jabari Parker,2015-16,20,MIL,76,2408,14.8,-2.0,0.0,3.6,.072
Jabari Parker,2016-17,21,MIL,51,1728,19.1,0.7,1.2,4.0,.112
Jabari Parker,2017-18,22,MIL,31,743,17.1,-0.8,0.2,1.2,.080
Jabari Parker,2018-19,23,2TM,64,1724,15.5,-1.5,0.2,1.4,.039
Jabari Parker,2018-19,23,CHI,39,1042,14.6,-2.1,0.0,0.5,.024
Jabari Parker,2018-19,23,WAS,25,682,17.0,-0.6,0.2,0.9,.063
Jabari Parker,2019-20,24,2TM,38,917,18.0,0.3,0.5,1.6,.083
Jabari Parker,2019-20,24,ATL,32,837,17.2,0.0,0.4,1.2,.068
Jabari Parker,2019-20,24,SAC,6,80,26.5,2.6,0.1,0.4,.234
Jabari Parker,2020-21,25,2TM,13,165,14.7,-0.9,0.0,0.3,.089
Jabari Parker,2020-21,25,SAC,3,27,5.0,-9.1,0.0,0.0,-0.073
Jabari Parker,2020-21,25,BOS,10,138,16.6,0.7,0.1,0.3,.121
Jabari Parker,2021-22,26,BOS,12,112,14.8,0.7,0.1,0.3,.141
Smush Parker,2002-03,21,CLE,66,1103,11.3,-3.4,-0.4,0.1,.005
Smush Parker,2003-04,,Did not play - other pro league,,,,,,,
Smush Parker,2004-05,23,2TM,16,144,6.0,-6.0,-0.1,-0.1,-0.045
Smush Parker,2004-05,23,DET,11,110,6.6,-5.3,-0.1,0.0,.009
Smush Parker,2004-05,23,PHO,5,34,4.3,-8.1,0.0,-0.2,-0.218
Smush Parker,2005-06,24,LAL,82,2773,13.4,0.1,1.5,5.8,.100
Smush Parker,2006-07,25,LAL,82,2457,11.6,-2.0,0.0,2.3,.045
Smush Parker,2007-08,26,2TM,28,592,7.0,-5.5,-0.5,-0.6,-0.052
Smush Parker,2007-08,26,MIA,9,183,5.5,-4.3,-0.1,-0.2,-0.060
Smush Parker,2007-08,26,LAC,19,409,7.6,-6.0,-0.4,-0.4,-0.048
Sonny Parker,1976-77,21,GSW,65,889,16.4,3.1,1.1,3.0,.160
Sonny Parker,1977-78,22,GSW,82,2069,17.4,2.7,2.4,6.2,.145
Sonny Parker,1978-79,23,GSW,79,2893,15.5,1.8,2.8,7.0,.116
Sonny Parker,1979-80,24,GSW,82,2849,16.2,1.8,2.7,6.8,.114
Sonny Parker,1980-81,25,GSW,73,1317,13.3,0.6,0.9,2.3,.084
Sonny Parker,1981-82,26,GSW,71,899,12.6,0.4,0.6,1.6,.088
Tony Parker,2001-02,19,SAS,77,2267,11.7,-1.1,0.6,3.8,.080
Tony Parker,2002-03,20,SAS,82,2774,16.5,0.5,1.7,7.7,.134
Tony Parker,2003-04,21,SAS,75,2577,15.7,0.8,1.8,7.5,.140
Tony Parker,2004-05,22,SAS,80,2735,18.0,2.0,2.8,8.1,.141
Tony Parker,2005-06,23,SAS,80,2715,20.8,2.8,3.3,9.6,.169
Tony Parker,2006-07,24,SAS,77,2499,21.4,3.1,3.2,9.6,.185
Tony Parker,2007-08,25,SAS,69,2312,20.0,2.4,2.6,7.0,.146
Tony Parker,2008-09,26,SAS,72,2456,23.4,3.6,3.5,8.6,.168
Tony Parker,2009-10,27,SAS,56,1728,16.4,-0.7,0.6,3.6,.101
Tony Parker,2010-11,28,SAS,78,2528,20.4,1.8,2.4,8.2,.156
Tony Parker,2011-12,29,SAS,60,1923,22.0,2.7,2.3,7.1,.177
Tony Parker,2012-13,30,SAS,66,2174,23.0,3.6,3.1,9.3,.206
Tony Parker,2013-14,31,SAS,68,1997,18.9,0.9,1.5,5.9,.141
Tony Parker,2014-15,32,SAS,68,1953,15.9,-1.3,0.3,4.1,.100
Tony Parker,2015-16,33,SAS,72,1980,16.2,0.4,1.2,5.8,.142
Tony Parker,2016-17,34,SAS,63,1587,13.0,-2.6,-0.2,3.0,.092
Tony Parker,2017-18,35,SAS,55,1071,12.7,-3.3,-0.3,1.4,.065
Tony Parker,2018-19,36,CHO,56,1003,15.3,-2.6,-0.1,0.9,.044
Barry Parkhill,1973-74,22,VIR,60,869,5.6,-6.3,-1.0,-0.8,-0.046
Barry Parkhill,1974-75,23,VIR,78,1870,6.6,-5.8,-1.8,-1.8,-0.047
Barry Parkhill,1975-76,24,SSL,35,377,5.3,-5.6,-0.4,-0.3,-0.034
Jack Parkinson,1948-49,,Did not play - minor league baseball,,,,,,,
Jack Parkinson,1949-50,25,INO,4,,,,,-0.2,
Charley Parks,1968-69,,DNR,2,5,-10.8,,,0.0,-0.220
Cherokee Parks,1995-96,23,DAL,64,869,10.9,-3.9,-0.4,0.9,.050
Cherokee Parks,1996-97,24,MIN,76,961,12.7,-1.1,0.2,2.2,.112
Cherokee Parks,1997-98,25,MIN,79,1703,13.6,-2.3,-0.1,3.8,.108
Cherokee Parks,1998-99,26,VAN,48,1118,9.5,-4.5,-0.7,0.2,.010
Cherokee Parks,1999-00,27,VAN,56,808,11.9,-0.6,0.3,1.4,.086
Cherokee Parks,2000-01,28,2TM,65,1054,12.6,-1.4,0.2,1.9,.086
Cherokee Parks,2000-01,28,WAS,13,178,13.0,-0.4,0.1,0.3,.070
Cherokee Parks,2000-01,28,LAC,52,876,12.5,-1.7,0.1,1.6,.089
Cherokee Parks,2001-02,29,SAS,42,234,7.6,-5.4,-0.2,0.0,-0.005
Cherokee Parks,2002-03,30,LAC,30,648,13.3,-1.2,0.1,1.2,.090
Cherokee Parks,2003-04,31,GSW,12,64,7.0,-2.3,0.0,0.1,.043
Rich Parks,1967-68,24,PTP,40,374,11.4,,,0.5,.068
Jack Parr,1958-59,22,CIN,66,1037,7.9,,,-0.3,-0.014
Doyle Parrack,1946-47,25,CHS,58,,,,,1.1,
Charlie Parsley,1949-50,24,PHW,9,,,,,0.0,
Chandler Parsons,2011-12,23,HOU,63,1804,13.3,0.8,1.3,3.4,.090
Chandler Parsons,2012-13,24,HOU,76,2758,15.3,2.0,2.8,7.0,.121
Chandler Parsons,2013-14,25,HOU,74,2783,15.9,1.7,2.6,7.6,.131
Chandler Parsons,2014-15,26,DAL,66,2186,16.3,1.6,2.0,5.5,.121
Chandler Parsons,2015-16,27,DAL,61,1799,16.2,2.0,1.8,4.3,.114
Chandler Parsons,2016-17,28,MEM,34,675,7.7,-3.8,-0.3,0.2,.015
Chandler Parsons,2017-18,29,MEM,36,691,13.6,0.8,0.5,1.1,.077
Chandler Parsons,2018-19,30,MEM,25,496,8.5,-4.4,-0.3,0.0,-0.004
Chandler Parsons,2019-20,31,ATL,5,54,5.6,-6.0,-0.1,-0.1,-0.065
Eric Paschall,2019-20,23,GSW,60,1654,14.5,-2.7,-0.3,2.1,.062
Eric Paschall,2020-21,24,GSW,40,695,13.4,-2.7,-0.1,0.9,.062
Eric Paschall,2021-22,25,UTA,58,736,13.9,-0.5,0.3,2.0,.128
Anžejs Pasečņiks,2017-18,,Did not play - other pro league,,,,,,,
Anžejs Pasečņiks,2018-19,,Did not play - other pro league,,,,,,,
Anžejs Pasečņiks,2019-20,24,WAS,27,437,11.3,-5.6,-0.4,0.5,.054
Anžejs Pasečņiks,2020-21,25,WAS,1,6,-40.6,-46.6,-0.1,-0.1,-1.113
Žarko Paspalj,1989-90,23,SAS,28,181,4.3,-10.4,-0.4,-0.3,-0.072
Marty Passaglia,1946-47,27,WSC,43,,,,,0.1,
Marty Passaglia,1947-48,,Did not play - other pro league,,,,,,,
Marty Passaglia,1948-49,29,INJ,10,,,,,-0.2,
George Pastushok,1946-47,24,PRO,39,,,,,0.0,
Myles Patrick,1980-81,26,LAL,3,9,6.9,-5.0,0.0,0.0,-0.036
Stan Patrick,1949-50,27,2TM,53,,,,,1.6,
Stan Patrick,1949-50,27,WAT,34,,,,,1.7,
Stan Patrick,1949-50,27,SHE,19,,,,,-0.1,
Andrae Patterson,1998-99,23,MIN,35,284,14.5,-1.9,0.0,0.7,.114
Andrae Patterson,1999-00,24,MIN,5,20,11.7,-1.9,0.0,0.1,.124
George Patterson,1967-68,28,DET,59,559,7.9,,,0.1,.007
Lamar Patterson,2014-15,,Did not play - other pro league,,,,,,,
Lamar Patterson,2015-16,24,ATL,35,395,5.1,-5.1,-0.3,0.2,.025
Lamar Patterson,2016-17,25,ATL,5,40,-1.9,-11.4,-0.1,-0.1,-0.176
Patrick Patterson,2010-11,21,HOU,52,868,16.7,0.3,0.5,2.4,.134
Patrick Patterson,2011-12,22,HOU,64,1483,11.5,-2.9,-0.3,1.6,.052
Patrick Patterson,2012-13,23,2TM,71,1775,15.2,-0.1,0.9,4.1,.111
Patrick Patterson,2012-13,23,HOU,47,1219,15.5,0.2,0.7,3.0,.120
Patrick Patterson,2012-13,23,SAC,24,556,14.5,-0.6,0.2,1.0,.090
Patrick Patterson,2013-14,24,2TM,65,1533,14.6,0.5,1.0,3.8,.118
Patrick Patterson,2013-14,24,SAC,17,415,10.3,-3.4,-0.1,0.4,.042
Patrick Patterson,2013-14,24,TOR,48,1118,16.2,2.0,1.1,3.4,.147
Patrick Patterson,2014-15,25,TOR,81,2156,14.6,2.5,2.4,6.1,.137
Patrick Patterson,2015-16,26,TOR,79,2020,10.6,-0.1,1.0,3.6,.086
Patrick Patterson,2016-17,27,TOR,65,1599,10.8,0.1,0.8,3.3,.100
Patrick Patterson,2017-18,28,OKC,82,1270,10.0,-0.2,0.6,2.6,.098
Patrick Patterson,2018-19,29,OKC,63,861,8.1,-2.5,-0.1,1.1,.064
Patrick Patterson,2019-20,30,LAC,59,776,11.5,0.3,0.5,1.9,.118
Patrick Patterson,2020-21,31,LAC,38,582,10.9,-0.6,0.2,1.2,.101
Ruben Patterson,1998-99,23,LAL,24,144,14.3,-4.1,-0.1,0.2,.070
Ruben Patterson,1999-00,24,SEA,81,2097,18.8,1.9,2.1,6.7,.153
Ruben Patterson,2000-01,25,SEA,76,2059,19.3,1.9,2.1,5.5,.128
Ruben Patterson,2001-02,26,POR,75,1765,18.8,2.1,1.8,5.6,.151
Ruben Patterson,2002-03,27,POR,78,1655,14.5,-0.6,0.6,3.2,.093
Ruben Patterson,2003-04,28,POR,73,1651,14.6,0.4,1.0,3.0,.087
Ruben Patterson,2004-05,29,POR,70,1957,15.8,-0.3,0.9,3.4,.083
Ruben Patterson,2005-06,30,2TM,71,1792,16.4,-0.5,0.7,2.1,.055
Ruben Patterson,2005-06,30,POR,45,1056,17.0,-0.5,0.4,1.0,.044
Ruben Patterson,2005-06,30,DEN,26,736,15.4,-0.7,0.2,1.1,.071
Ruben Patterson,2006-07,31,MIL,81,2508,18.5,1.0,1.9,5.4,.103
Ruben Patterson,2007-08,32,LAC,20,327,10.9,-2.5,0.0,0.1,.010
Ruben Patterson,2008-09,,Did not play - other pro league,,,,,,,
Steve Patterson,1971-72,23,CLE,65,775,8.4,,,-0.7,-0.042
Steve Patterson,1972-73,24,CLE,62,710,9.6,,,0.1,.009
Steve Patterson,1973-74,25,CLE,76,1910,13.6,-0.4,0.8,3.0,.074
Steve Patterson,1974-75,26,CLE,81,1269,11.3,-1.9,0.0,1.5,.055
Steve Patterson,1975-76,27,2TM,66,918,9.9,-1.8,0.1,0.9,.047
Steve Patterson,1975-76,27,CLE,14,136,10.9,-1.7,0.1,0.2,.074
Steve Patterson,1975-76,27,CHI,52,782,9.8,-1.8,0.0,0.7,.042
Steve Patterson,1976-77,,Did not play - other pro league,,,,,,,
Tom Patterson,1972-73,24,BAL,23,92,15.5,,,0.2,.116
Tom Patterson,1973-74,25,CAP,2,8,11.0,-4.3,0.0,0.0,-0.056
Worthy Patterson,1957-58,26,STL,4,13,11.0,,,0.0,.014
Justin Patton,2017-18,20,MIN,1,4,19.8,3.2,0.0,0.0,.151
Justin Patton,2018-19,21,PHI,3,21,10.5,-2.0,0.0,0.0,.079
Justin Patton,2019-20,22,OKC,5,24,4.7,-10.1,0.0,0.0,-0.063
Justin Patton,2020-21,23,HOU,13,247,11.6,-2.2,0.0,0.4,.076
Brandon Paul,2017-18,26,SAS,64,576,7.4,-3.5,-0.2,0.5,.045
Chris Paul,2005-06,20,NOK,78,2808,22.1,5.2,5.1,10.4,.178
Chris Paul,2006-07,21,NOK,64,2353,22.0,5.0,4.2,8.8,.179
Chris Paul,2007-08,22,NOH,80,3006,28.3,10.4,9.3,17.8,.284
Chris Paul,2008-09,23,NOH,78,3002,30.0,11.0,9.9,18.3,.292
Chris Paul,2009-10,24,NOH,45,1712,23.7,6.2,3.5,7.3,.204
Chris Paul,2010-11,25,NOH,80,2880,23.7,7.1,6.7,13.9,.232
Chris Paul,2011-12,26,LAC,60,2181,27.0,9.2,6.1,12.7,.278
Chris Paul,2012-13,27,LAC,70,2335,26.4,8.8,6.4,13.9,.287
Chris Paul,2013-14,28,LAC,62,2171,25.9,8.6,5.8,12.2,.270
Chris Paul,2014-15,29,LAC,82,2857,26.0,8.0,7.2,16.1,.270
Chris Paul,2015-16,30,LAC,74,2420,26.2,7.9,6.0,12.7,.253
Chris Paul,2016-17,31,LAC,61,1921,26.2,8.7,5.2,10.6,.264
Chris Paul,2017-18,32,HOU,58,1847,24.4,7.1,4.2,10.2,.265
Chris Paul,2018-19,33,HOU,58,1857,19.7,3.9,2.8,6.6,.172
Chris Paul,2019-20,34,OKC,70,2208,21.7,4.4,3.5,8.9,.193
Chris Paul,2020-21,35,PHO,70,2199,21.4,4.6,3.6,9.2,.201
Chris Paul,2021-22,36,PHO,65,2139,20.8,5.4,4.0,9.4,.210
Chris Paul,2022-23,37,PHO,59,1889,17.7,3.2,2.5,6.2,.156
Chris Paul,2023-24,38,GSW,58,1531,14.7,1.0,1.2,4.3,.136
Chris Paul,2024-25,39,SAS,82,2292,14.7,0.8,1.6,5.7,.120
Charlie Paulk,1968-69,22,MIL,17,217,3.9,,,-0.8,-0.174
Charlie Paulk,1969-70,,Did not play - military service,,,,,,,
Charlie Paulk,1970-71,24,CIN,68,1213,11.5,,,0.3,.013
Charlie Paulk,1971-72,25,2TM,35,211,6.0,,,-0.4,-0.102
Charlie Paulk,1971-72,25,CHI,7,60,8.2,,,-0.1,-0.059
Charlie Paulk,1971-72,25,NYK,28,151,5.2,,,-0.4,-0.119
Jerry Paulson,1957-58,22,CIN,6,68,7.9,,,0.0,.016
Billy Paultz,1970-71,22,NYA,83,2758,17.2,,,7.0,.122
Billy Paultz,1971-72,23,NYA,83,2824,15.3,,,5.0,.085
Billy Paultz,1972-73,24,NYA,81,2800,21.1,,,5.6,.095
Billy Paultz,1973-74,25,NYA,77,2596,18.2,2.1,2.7,8.9,.165
Billy Paultz,1974-75,26,NYA,80,2826,16.3,0.9,2.1,9.0,.152
Billy Paultz,1975-76,27,SAA,83,2958,18.6,3.7,4.3,8.7,.141
Billy Paultz,1976-77,28,SAS,82,2694,15.8,0.1,1.5,5.3,.095
Billy Paultz,1977-78,29,SAS,80,2479,19.8,2.9,3.0,8.6,.166
Billy Paultz,1978-79,30,SAS,79,2122,15.5,0.7,1.5,5.1,.114
Billy Paultz,1979-80,31,2TM,84,2193,13.9,0.3,1.3,4.0,.088
Billy Paultz,1979-80,31,SAS,47,1213,14.7,1.1,1.0,2.6,.104
Billy Paultz,1979-80,31,HOU,37,980,12.8,-0.6,0.3,1.4,.068
Billy Paultz,1980-81,32,HOU,81,1659,12.9,-0.9,0.5,2.7,.077
Billy Paultz,1981-82,33,HOU,65,807,7.7,-4.5,-0.5,0.1,.007
Billy Paultz,1982-83,34,2TM,64,820,9.5,-3.4,-0.3,0.3,.020
Billy Paultz,1982-83,34,HOU,57,695,9.6,-3.7,-0.3,0.2,.014
Billy Paultz,1982-83,34,SAS,7,125,9.4,-2.0,0.0,0.1,.052
Billy Paultz,1983-84,35,ATL,40,486,6.6,-3.9,-0.2,0.3,.027
Billy Paultz,1984-85,36,UTA,62,370,5.0,-6.3,-0.4,0.0,-0.006
Sasha Pavlović,2003-04,20,UTA,79,1144,8.7,-4.0,-0.6,0.9,.040
Sasha Pavlović,2004-05,21,CLE,65,862,9.0,-4.4,-0.5,0.8,.046
Sasha Pavlović,2005-06,22,CLE,53,813,6.9,-3.6,-0.3,0.5,.030
Sasha Pavlović,2006-07,23,CLE,67,1534,12.1,-0.8,0.5,3.1,.098
Sasha Pavlović,2007-08,24,CLE,51,1188,7.2,-4.9,-0.9,0.2,.006
Sasha Pavlović,2008-09,25,CLE,66,1053,8.6,-2.1,0.0,1.7,.077
Sasha Pavlović,2009-10,26,MIN,71,877,5.4,-6.2,-0.9,-1.2,-0.063
Sasha Pavlović,2010-11,27,3TM,31,362,6.0,-3.0,-0.1,0.3,.042
Sasha Pavlović,2010-11,27,DAL,10,163,7.8,-1.6,0.0,0.2,.067
Sasha Pavlović,2010-11,27,NOH,4,50,2.9,-4.5,0.0,-0.1,-0.065
Sasha Pavlović,2010-11,27,BOS,17,149,5.1,-4.1,-0.1,0.2,.051
Sasha Pavlović,2011-12,28,BOS,45,527,6.7,-2.3,0.0,0.4,.039
Sasha Pavlović,2012-13,29,POR,39,528,6.2,-3.3,-0.2,0.1,.009
Jim Paxson,1956-57,24,MNL,71,1274,9.3,,,0.0,.001
Jim Paxson,1957-58,25,CIN,67,1795,11.6,,,2.8,.074
Jim Paxson,1979-80,22,POR,72,1270,9.1,-4.1,-0.7,0.3,.011
Jim Paxson,1980-81,23,POR,79,2701,16.9,1.4,2.3,7.7,.136
Jim Paxson,1981-82,24,POR,82,2756,18.0,1.5,2.4,7.5,.130
Jim Paxson,1982-83,25,POR,81,2740,20.1,3.0,3.5,10.2,.178
Jim Paxson,1983-84,26,POR,81,2686,19.5,2.2,2.9,9.5,.170
Jim Paxson,1984-85,27,POR,68,2253,17.3,1.5,2.0,6.5,.138
Jim Paxson,1985-86,28,POR,75,1931,15.9,0.6,1.3,4.8,.120
Jim Paxson,1986-87,29,POR,72,1798,13.8,-0.5,0.7,3.4,.091
Jim Paxson,1987-88,30,2TM,45,801,11.7,-2.9,-0.2,1.2,.071
Jim Paxson,1987-88,30,POR,17,263,8.6,-4.5,-0.2,0.2,.033
Jim Paxson,1987-88,30,BOS,28,538,13.3,-2.1,0.0,1.0,.090
Jim Paxson,1988-89,31,BOS,57,1138,11.5,-3.1,-0.3,1.3,.053
Jim Paxson,1989-90,32,BOS,72,1283,9.7,-3.7,-0.5,1.4,.052
John Paxson,1983-84,23,SAS,49,458,12.7,-1.7,0.0,0.6,.058
John Paxson,1984-85,24,SAS,78,1259,12.6,-1.3,0.2,2.3,.088
John Paxson,1985-86,25,CHI,75,1570,10.5,-2.0,0.0,2.2,.069
John Paxson,1986-87,26,CHI,82,2689,12.8,-1.4,0.4,6.0,.106
John Paxson,1987-88,27,CHI,81,1888,12.3,-1.4,0.3,4.2,.106
John Paxson,1988-89,28,CHI,78,1738,12.0,-1.4,0.3,3.3,.091
John Paxson,1989-90,29,CHI,82,2365,12.7,-1.5,0.3,4.8,.097
John Paxson,1990-91,30,CHI,82,1971,14.0,0.3,1.1,5.7,.140
John Paxson,1991-92,31,CHI,79,1946,10.9,-0.8,0.6,4.7,.117
John Paxson,1992-93,32,CHI,59,1030,9.3,-2.8,-0.2,1.9,.087
John Paxson,1993-94,33,CHI,27,343,8.3,-1.8,0.0,0.6,.088
Johnny Payak,1949-50,23,2TM,52,,,,,0.4,
Johnny Payak,1949-50,23,PHW,17,,,,,0.5,
Johnny Payak,1949-50,23,WAT,35,,,,,-0.1,
Johnny Payak,1950-51,,Did not play - other pro league,,,,,,,
Johnny Payak,1951-52,,Did not play - other pro league,,,,,,,
Johnny Payak,1952-53,26,MLH,68,1470,11.9,,,3.5,.115
Adreian Payne,2014-15,23,2TM,32,739,7.7,-6.9,-0.9,-0.5,-0.033
Adreian Payne,2014-15,23,ATL,3,19,2.9,-10.6,0.0,0.0,-0.039
Adreian Payne,2014-15,23,MIN,29,720,7.8,-6.8,-0.9,-0.5,-0.033
Adreian Payne,2015-16,24,MIN,52,486,5.6,-6.2,-0.5,-0.5,-0.047
Adreian Payne,2016-17,25,MIN,18,135,14.4,-2.3,0.0,0.2,.086
Adreian Payne,2017-18,26,ORL,5,43,18.8,2.4,0.0,0.2,.203
Cameron Payne,2015-16,21,OKC,57,698,12.9,-0.7,0.2,1.4,.093
Cameron Payne,2016-17,22,2TM,31,462,5.5,-6.1,-0.5,-0.3,-0.035
Cameron Payne,2016-17,22,OKC,20,320,6.1,-5.3,-0.3,-0.1,-0.012
Cameron Payne,2016-17,22,CHI,11,142,4.0,-7.7,-0.2,-0.3,-0.086
Cameron Payne,2017-18,23,CHI,25,582,14.0,-0.4,0.2,0.8,.063
Cameron Payne,2018-19,24,2TM,40,712,11.5,-3.0,-0.2,0.5,.031
Cameron Payne,2018-19,24,CHI,31,536,10.3,-3.8,-0.2,0.2,.014
Cameron Payne,2018-19,24,CLE,9,176,15.3,-0.7,0.1,0.3,.082
Cameron Payne,2019-20,25,PHO,8,183,15.7,1.7,0.2,0.5,.120
Cameron Payne,2020-21,26,PHO,60,1079,17.4,3.1,1.4,3.6,.158
Cameron Payne,2021-22,27,PHO,58,1278,13.8,0.0,0.7,1.9,.073
Cameron Payne,2022-23,28,PHO,48,968,13.2,-1.2,0.2,1.1,.053
Cameron Payne,2023-24,29,2TM,78,1304,12.8,-1.1,0.3,2.4,.089
Cameron Payne,2023-24,29,MIL,47,702,12.6,-1.5,0.1,1.6,.108
Cameron Payne,2023-24,29,PHI,31,602,13.0,-0.7,0.2,0.8,.067
Cameron Payne,2024-25,30,NYK,72,1090,13.8,-0.2,0.5,2.3,.099
Kenny Payne,1989-90,23,PHI,35,216,10.7,-6.0,-0.2,0.0,.002
Kenny Payne,1990-91,24,PHI,47,444,7.5,-7.2,-0.6,-0.3,-0.037
Kenny Payne,1991-92,25,PHI,49,353,11.9,-2.9,-0.1,0.2,.025
Kenny Payne,1992-93,26,PHI,13,154,14.2,-1.2,0.0,0.0,.014
Tom Payne,1971-72,21,ATL,29,227,15.0,,,0.3,.060
Elfrid Payton,2014-15,20,ORL,82,2489,13.8,-1.2,0.5,2.3,.044
Elfrid Payton,2015-16,21,ORL,73,2145,13.9,-1.2,0.4,2.2,.050
Elfrid Payton,2016-17,22,ORL,82,2412,17.2,0.8,1.7,4.4,.088
Elfrid Payton,2017-18,23,2TM,63,1808,16.5,-0.2,0.8,2.8,.075
Elfrid Payton,2017-18,23,ORL,44,1257,18.1,1.1,1.0,2.7,.104
Elfrid Payton,2017-18,23,PHO,19,551,13.1,-3.2,-0.2,0.1,.009
Elfrid Payton,2018-19,24,NOP,42,1250,14.0,-1.4,0.2,1.5,.058
Elfrid Payton,2019-20,25,NYK,45,1246,16.0,0.0,0.6,1.7,.065
Elfrid Payton,2020-21,26,NYK,63,1484,11.7,-3.0,-0.4,1.0,.032
Elfrid Payton,2021-22,27,PHO,50,549,7.9,-3.5,-0.2,-0.2,-0.014
Elfrid Payton,2024-25,30,2TM,24,511,8.5,-6.4,-0.6,-0.6,-0.057
Elfrid Payton,2024-25,30,NOP,18,388,10.6,-5.5,-0.3,-0.4,-0.047
Elfrid Payton,2024-25,30,CHO,6,123,1.7,-9.2,-0.2,-0.2,-0.087
Gary Payton,1990-91,22,SEA,82,2244,13.2,0.8,1.6,3.4,.073
Gary Payton,1991-92,23,SEA,81,2549,13.1,0.4,1.5,3.9,.074
Gary Payton,1992-93,24,SEA,82,2548,17.0,2.7,3.1,7.8,.147
Gary Payton,1993-94,25,SEA,82,2881,17.8,3.1,3.7,9.3,.155
Gary Payton,1994-95,26,SEA,82,3015,21.3,4.9,5.2,11.7,.187
Gary Payton,1995-96,27,SEA,81,3162,19.6,4.6,5.2,11.5,.174
Gary Payton,1996-97,28,SEA,82,3213,21.8,5.5,6.1,12.9,.193
Gary Payton,1997-98,29,SEA,82,3145,21.6,5.1,5.7,12.5,.190
Gary Payton,1998-99,30,SEA,50,2008,23.1,5.1,3.6,7.2,.172
Gary Payton,1999-00,31,SEA,82,3425,23.6,6.4,7.3,13.9,.195
Gary Payton,2000-01,32,SEA,79,3244,22.1,4.0,4.9,10.8,.160
Gary Payton,2001-02,33,SEA,82,3301,22.9,5.1,5.9,12.6,.183
Gary Payton,2002-03,34,2TM,80,3208,21.1,3.1,4.1,9.1,.136
Gary Payton,2002-03,34,SEA,52,2123,21.4,4.1,3.2,6.2,.140
Gary Payton,2002-03,34,MIL,28,1085,20.5,1.3,0.9,2.9,.128
Gary Payton,2003-04,35,LAL,82,2825,17.3,2.0,2.9,8.1,.137
Gary Payton,2004-05,36,BOS,77,2541,15.1,0.4,1.5,5.4,.102
Gary Payton,2005-06,37,MIA,81,2305,10.7,-0.9,0.6,4.1,.085
Gary Payton,2006-07,38,MIA,68,1503,9.0,-3.2,-0.5,1.3,.042
Gary Payton II,2016-17,24,MIL,6,99,4.5,-6.5,-0.1,-0.2,-0.074
Gary Payton II,2017-18,25,2TM,23,221,9.8,-3.9,-0.1,0.2,.041
Gary Payton II,2017-18,25,MIL,12,106,7.5,-5.3,-0.1,0.0,.016
Gary Payton II,2017-18,25,LAL,11,115,11.8,-2.6,0.0,0.2,.063
Gary Payton II,2018-19,26,WAS,3,16,36.9,18.9,0.1,0.1,.358
Gary Payton II,2019-20,27,WAS,29,432,11.3,-1.6,0.0,0.5,.051
Gary Payton II,2020-21,28,GSW,10,40,29.2,9.2,0.1,0.3,.331
Gary Payton II,2021-22,29,GSW,71,1247,17.8,3.7,1.8,5.2,.199
Gary Payton II,2022-23,30,2TM,22,367,13.3,0.3,0.2,1.0,.125
Gary Payton II,2022-23,30,POR,15,255,11.3,-0.6,0.1,0.5,.097
Gary Payton II,2022-23,30,GSW,7,112,17.7,2.4,0.1,0.4,.191
Gary Payton II,2023-24,31,GSW,44,680,13.9,0.9,0.5,1.8,.125
Gary Payton II,2024-25,32,GSW,62,927,16.2,1.4,0.8,3.0,.155
Mel Payton,1951-52,25,PHW,45,471,11.0,,,0.4,.041
Mel Payton,1952-53,26,INO,66,1424,15.4,,,2.1,.069
George Pearcy,1946-47,27,DTF,37,,,,,1.4,
Henry Pearcy,1946-47,24,DTF,29,,,,,0.5,
Oleksiy Pecherov,2006-07,,Did not play - other pro league,,,,,,,
Oleksiy Pecherov,2007-08,22,WAS,35,320,9.6,-6.1,-0.3,0.0,-0.002
Oleksiy Pecherov,2008-09,23,WAS,32,277,14.5,-4.2,-0.2,0.5,.080
Oleksiy Pecherov,2009-10,24,MIN,44,447,12.0,-4.2,-0.3,0.1,.010
Wiley Peck,1979-80,22,SAS,52,628,8.9,-4.2,-0.4,0.3,.023
Rich Peek,1967-68,24,DLC,51,759,10.3,,,1.0,.065
Anthony Peeler,1992-93,23,LAL,77,1656,13.9,-0.7,0.6,2.7,.078
Anthony Peeler,1993-94,24,LAL,30,923,13.4,-2.0,0.0,0.8,.040
Anthony Peeler,1994-95,25,LAL,73,1559,13.8,-1.7,0.1,2.4,.073
Anthony Peeler,1995-96,26,LAL,73,1608,14.1,0.1,0.9,3.7,.110
Anthony Peeler,1996-97,27,VAN,72,2291,13.8,-1.8,0.1,0.6,.012
Anthony Peeler,1997-98,28,2TM,38,1193,15.0,1.2,1.0,2.5,.100
Anthony Peeler,1997-98,28,VAN,8,202,15.2,1.5,0.2,0.4,.087
Anthony Peeler,1997-98,28,MIN,30,991,15.0,1.1,0.8,2.1,.102
Anthony Peeler,1998-99,29,MIN,28,810,11.7,-0.7,0.3,1.1,.065
Anthony Peeler,1999-00,30,MIN,82,2073,13.2,-0.5,0.8,4.1,.094
Anthony Peeler,2000-01,31,MIN,75,2126,12.6,-0.6,0.7,3.2,.071
Anthony Peeler,2001-02,32,MIN,82,2060,12.2,-0.2,1.0,3.8,.087
Anthony Peeler,2002-03,33,MIN,82,2245,11.0,-0.6,0.7,3.4,.072
Anthony Peeler,2003-04,34,SAC,75,1391,11.8,-0.5,0.5,2.2,.076
Anthony Peeler,2004-05,35,WAS,40,529,10.2,-1.9,0.0,0.5,.048
George Peeples,1967-68,24,INA,65,1203,11.8,,,1.5,.059
George Peeples,1968-69,25,INA,64,1111,11.3,,,2.1,.090
George Peeples,1969-70,26,CAR,83,2220,13.0,,,3.2,.069
George Peeples,1970-71,27,CAR,82,2220,14.5,,,4.1,.089
George Peeples,1971-72,28,DLC,6,125,9.7,,,0.2,.074
George Peeples,1972-73,29,INA,9,56,2.9,,,0.0,-0.030
Nikola Peković,2008-09,,Did not play - other pro league,,,,,,,
Nikola Peković,2009-10,,Did not play - other pro league,,,,,,,
Nikola Peković,2010-11,25,MIN,65,887,11.2,-5.7,-0.8,0.6,.035
Nikola Peković,2011-12,26,MIN,47,1264,21.4,1.0,1.0,4.5,.170
Nikola Peković,2012-13,27,MIN,62,1959,20.2,0.5,1.2,6.7,.163
Nikola Peković,2013-14,28,MIN,54,1663,20.7,0.6,1.1,5.9,.169
Nikola Peković,2014-15,29,MIN,31,815,16.6,-2.0,0.0,1.2,.069
Nikola Peković,2015-16,30,MIN,12,156,6.5,-7.9,-0.2,-0.1,-0.022
Jake Pelkington,1948-49,33,2TM,54,,,,,8.1,
Jake Pelkington,1948-49,33,FTW,14,,,,,1.8,
Jake Pelkington,1948-49,33,BLB,40,,,,,6.3,
Norvel Pelle,2019-20,26,PHI,24,232,10.5,-5.2,-0.2,0.3,.069
Norvel Pelle,2020-21,27,3TM,13,84,11.6,-2.6,0.0,0.2,.112
Norvel Pelle,2020-21,27,BRK,3,28,2.1,-13.0,-0.1,0.0,-0.069
Norvel Pelle,2020-21,27,SAC,1,4,30.1,3.2,0.0,0.0,.374
Norvel Pelle,2020-21,27,NYK,9,52,15.3,2.5,0.1,0.2,.189
Norvel Pelle,2021-22,28,UTA,3,19,12.2,-7.1,0.0,0.0,.038
Sam Pellom,1979-80,28,ATL,44,373,9.4,-2.6,0.0,0.7,.084
Sam Pellom,1980-81,29,ATL,77,1472,11.7,-1.4,0.2,2.2,.070
Sam Pellom,1981-82,30,ATL,69,1037,10.3,-2.0,0.0,1.8,.083
Sam Pellom,1982-83,31,2TM,6,29,6.7,-5.0,-0.1,0.0,-0.065
Sam Pellom,1982-83,31,ATL,2,9,6.6,-4.6,0.0,0.0,-0.097
Sam Pellom,1982-83,31,MIL,4,20,6.7,-5.1,0.0,0.0,-0.051
Mike Penberthy,2000-01,26,LAL,53,851,11.2,-1.6,0.1,1.6,.088
Mike Penberthy,2001-02,27,LAL,3,12,31.3,14.1,0.0,0.1,.420
Jerry Pender,1972-73,,Did not play - other,,,,,,,
Jerry Pender,1973-74,23,SDA,11,68,4.2,-5.6,-0.1,-0.2,-0.118
Desmond Penigar,2003-04,22,ORL,10,89,12.9,-4.8,-0.1,0.1,.049
Kirk Penney,2003-04,23,MIA,2,18,-7.2,-15.0,-0.1,-0.1,-0.326
Kirk Penney,2004-05,24,LAC,4,12,-4.3,-15.1,0.0,-0.1,-0.276
Mike Peplowski,1993-94,23,SAC,55,667,9.6,-4.4,-0.4,0.9,.066
Mike Peplowski,1994-95,24,DET,6,21,15.2,-5.2,0.0,0.1,.142
Mike Peplowski,1995-96,25,2TM,7,17,9.8,-7.4,0.0,0.0,.036
Mike Peplowski,1995-96,25,WSB,2,5,-12.5,-18.3,0.0,0.0,.010
Mike Peplowski,1995-96,25,MIL,5,12,19.2,-2.9,0.0,0.0,.048
Will Perdue,1988-89,23,CHI,30,190,7.2,-8.3,-0.3,-0.1,-0.021
Will Perdue,1989-90,24,CHI,77,884,9.1,-6.7,-1.1,0.5,.028
Will Perdue,1990-91,25,CHI,74,972,13.7,-2.2,-0.1,2.3,.115
Will Perdue,1991-92,26,CHI,77,1007,14.2,-0.9,0.3,2.5,.121
Will Perdue,1992-93,27,CHI,72,998,14.8,-1.3,0.2,2.5,.120
Will Perdue,1993-94,28,CHI,43,397,9.8,-4.4,-0.2,0.2,.030
Will Perdue,1994-95,29,CHI,78,1592,16.3,-1.2,0.3,4.7,.142
Will Perdue,1995-96,30,SAS,80,1396,13.7,-1.7,0.1,3.4,.118
Will Perdue,1996-97,31,SAS,65,1918,16.7,-1.1,0.4,4.4,.110
Will Perdue,1997-98,32,SAS,79,1491,14.8,0.2,0.8,4.7,.151
Will Perdue,1998-99,33,SAS,37,445,11.7,-0.9,0.1,1.5,.160
Will Perdue,1999-00,34,CHI,67,1012,6.6,-5.3,-0.8,-0.5,-0.023
Will Perdue,2000-01,35,POR,13,58,18.5,3.3,0.1,0.3,.245
Mãozinha Pereira,2023-24,23,MEM,7,122,15.7,-0.5,0.0,0.3,.123
Kendrick Perkins,2003-04,19,BOS,10,35,22.8,0.7,0.0,0.1,.145
Kendrick Perkins,2004-05,20,BOS,60,548,11.2,-3.9,-0.3,0.7,.065
Kendrick Perkins,2005-06,21,BOS,68,1332,13.2,-1.5,0.2,2.3,.082
Kendrick Perkins,2006-07,22,BOS,72,1576,9.5,-2.6,-0.3,1.4,.042
Kendrick Perkins,2007-08,23,BOS,78,1912,13.3,0.5,1.2,6.2,.156
Kendrick Perkins,2008-09,24,BOS,76,2253,13.2,0.1,1.2,5.6,.119
Kendrick Perkins,2009-10,25,BOS,78,2154,15.0,-0.7,0.7,5.2,.117
Kendrick Perkins,2010-11,26,2TM,29,742,9.6,-3.0,-0.2,1.0,.063
Kendrick Perkins,2010-11,26,BOS,12,313,10.2,-2.5,0.0,0.6,.088
Kendrick Perkins,2010-11,26,OKC,17,429,9.1,-3.4,-0.1,0.4,.046
Kendrick Perkins,2011-12,27,OKC,65,1744,8.7,-2.1,0.0,2.0,.056
Kendrick Perkins,2012-13,28,OKC,78,1954,8.2,-1.8,0.1,2.5,.062
Kendrick Perkins,2013-14,29,OKC,62,1207,6.3,-4.2,-0.7,0.8,.031
Kendrick Perkins,2014-15,30,2TM,68,1148,7.0,-5.4,-1.0,0.1,.006
Kendrick Perkins,2014-15,30,OKC,51,981,7.4,-4.6,-0.7,0.3,.017
Kendrick Perkins,2014-15,30,CLE,17,167,4.7,-9.7,-0.3,-0.2,-0.059
Kendrick Perkins,2015-16,31,NOP,37,542,6.0,-5.0,-0.4,-0.1,-0.007
Kendrick Perkins,2016-17,,Did not play - unsigned,,,,,,,
Kendrick Perkins,2017-18,33,CLE,1,15,8.4,-2.2,0.0,0.0,.026
Sam Perkins,1984-85,23,DAL,82,2317,15.0,0.0,1.2,5.8,.120
Sam Perkins,1985-86,24,DAL,80,2626,17.6,1.0,1.9,7.3,.133
Sam Perkins,1986-87,25,DAL,80,2687,15.9,1.2,2.2,7.5,.134
Sam Perkins,1987-88,26,DAL,75,2499,15.0,-0.3,1.1,6.7,.128
Sam Perkins,1988-89,27,DAL,78,2860,15.3,-0.5,1.1,6.4,.108
Sam Perkins,1989-90,28,DAL,76,2668,17.3,1.7,2.5,8.1,.146
Sam Perkins,1990-91,29,LAL,73,2504,14.8,0.9,1.9,8.0,.153
Sam Perkins,1991-92,30,LAL,63,2332,17.6,1.4,2.0,7.4,.153
Sam Perkins,1992-93,31,2TM,79,2351,16.5,1.4,2.0,6.9,.141
Sam Perkins,1992-93,31,LAL,49,1589,16.2,1.3,1.3,4.2,.126
Sam Perkins,1992-93,31,SEA,30,762,16.9,1.6,0.7,2.8,.173
Sam Perkins,1993-94,32,SEA,81,2170,14.9,1.0,1.7,7.0,.155
Sam Perkins,1994-95,33,SEA,82,2356,16.2,2.9,2.9,8.5,.173
Sam Perkins,1995-96,34,SEA,82,2169,15.4,2.0,2.2,6.9,.153
Sam Perkins,1996-97,35,SEA,81,1976,17.0,3.3,2.6,7.1,.173
Sam Perkins,1997-98,36,SEA,81,1675,13.6,1.4,1.4,4.5,.130
Sam Perkins,1998-99,37,IND,48,789,12.1,0.7,0.5,1.7,.103
Sam Perkins,1999-00,38,IND,81,1620,12.1,0.6,1.1,3.5,.103
Sam Perkins,2000-01,39,IND,64,999,11.1,1.0,0.8,2.0,.098
Warren Perkins,1949-50,27,TRI,60,,,,,1.3,
Warren Perkins,1950-51,28,TRI,66,,,,,1.8,
Kosta Perović,2006-07,,Did not play - other pro league,,,,,,,
Kosta Perović,2007-08,22,GSW,7,38,10.3,-5.9,0.0,0.0,.060
London Perrantes,2017-18,23,CLE,14,66,0.7,-9.2,-0.1,-0.1,-0.086
Aulcie Perry,1974-75,24,VIR,21,415,12.2,-3.3,-0.1,0.1,.008
Curtis Perry,1970-71,22,SDR,18,100,12.9,,,0.2,.087
Curtis Perry,1971-72,23,2TM,75,1826,8.5,,,1.3,.033
Curtis Perry,1971-72,23,HOU,25,355,7.9,,,-0.2,-0.022
Curtis Perry,1971-72,23,MIL,50,1471,8.7,,,1.4,.047
Curtis Perry,1972-73,24,MIL,67,2094,12.0,,,4.8,.111
Curtis Perry,1973-74,25,MIL,81,2386,13.2,0.5,1.5,5.3,.106
Curtis Perry,1974-75,26,PHO,79,2688,17.1,1.4,2.3,7.6,.135
Curtis Perry,1975-76,27,PHO,71,2353,15.8,0.5,1.5,6.0,.122
Curtis Perry,1976-77,28,PHO,44,1391,12.7,-1.2,0.3,2.8,.096
Curtis Perry,1977-78,29,PHO,45,818,11.8,-2.0,0.0,1.7,.102
Elliot Perry,1991-92,22,2TM,50,437,8.6,-4.2,-0.2,-0.4,-0.046
Elliot Perry,1991-92,22,LAC,10,66,6.5,-3.5,0.0,-0.1,-0.097
Elliot Perry,1991-92,22,CHH,40,371,9.0,-4.3,-0.2,-0.3,-0.037
Elliot Perry,1992-93,,Did not play - other pro league,,,,,,,
Elliot Perry,1993-94,24,PHO,27,432,11.3,-2.7,-0.1,0.3,.031
Elliot Perry,1994-95,25,PHO,82,1977,17.3,2.2,2.1,5.2,.126
Elliot Perry,1995-96,26,PHO,81,1668,16.2,-0.2,0.8,3.1,.088
Elliot Perry,1996-97,27,MIL,82,1595,15.2,1.0,1.2,3.2,.096
Elliot Perry,1997-98,28,MIL,81,1752,11.5,-2.2,-0.1,1.3,.035
Elliot Perry,1998-99,29,2TM,35,290,11.5,-3.4,-0.1,-0.1,-0.011
Elliot Perry,1998-99,29,MIL,5,47,27.3,10.4,0.1,0.3,.282
Elliot Perry,1998-99,29,NJN,30,243,8.4,-6.1,-0.3,-0.3,-0.068
Elliot Perry,1999-00,30,NJN,60,803,14.8,-1.8,0.0,0.9,.055
Elliot Perry,2000-01,31,2TM,49,499,11.6,-1.4,0.1,0.6,.061
Elliot Perry,2000-01,31,ORL,6,39,7.5,-3.5,0.0,-0.1,-0.083
Elliot Perry,2000-01,31,PHO,43,460,12.0,-1.2,0.1,0.7,.074
Elliot Perry,2001-02,32,MEM,2,48,5.3,-8.1,-0.1,-0.1,-0.087
Reggie Perry,2020-21,20,BRK,26,211,11.0,-6.7,-0.2,0.2,.040
Reggie Perry,2021-22,21,2TM,10,187,15.6,-4.1,-0.1,0.2,.058
Reggie Perry,2021-22,21,POR,9,177,16.2,-3.8,-0.1,0.2,.057
Reggie Perry,2021-22,21,IND,1,10,4.2,-8.9,0.0,0.0,.077
Ron Perry,1967-68,24,MNM,67,2125,9.8,,,4.4,.099
Ron Perry,1968-69,25,3TM,74,2385,10.3,,,1.4,.028
Ron Perry,1968-69,25,MMF,24,708,6.6,,,-0.5,-0.031
Ron Perry,1968-69,25,NYA,23,812,13.3,,,0.4,.021
Ron Perry,1968-69,25,INA,27,865,10.4,,,1.5,.082
Ron Perry,1969-70,26,2TM,46,522,10.6,,,0.3,.026
Ron Perry,1969-70,26,CAR,19,221,11.6,,,0.3,.067
Ron Perry,1969-70,26,NOB,27,301,9.9,,,0.0,-0.004
Tim Perry,1988-89,23,PHO,62,614,14.4,0.5,0.4,1.4,.109
Tim Perry,1989-90,24,PHO,60,612,13.5,-1.4,0.1,1.2,.094
Tim Perry,1990-91,25,PHO,46,587,13.8,0.7,0.4,1.4,.116
Tim Perry,1991-92,26,PHO,80,2483,13.8,-0.2,1.1,5.7,.110
Tim Perry,1992-93,27,PHI,81,2104,12.0,-2.7,-0.4,2.0,.046
Tim Perry,1993-94,28,PHI,80,2336,11.5,-1.6,0.2,2.6,.054
Tim Perry,1994-95,29,PHI,42,446,6.4,-5.3,-0.4,-0.1,-0.006
Tim Perry,1995-96,30,2TM,30,254,12.0,-1.0,0.1,0.3,.062
Tim Perry,1995-96,30,PHI,8,87,9.1,-3.0,0.0,0.0,.015
Tim Perry,1995-96,30,NJN,22,167,13.5,0.1,0.1,0.3,.087
Tim Perry,1996-97,,Did not play - other pro league,,,,,,,
Tim Perry,1997-98,,Did not play - other pro league,,,,,,,
Tim Perry,1998-99,,Did not play - other pro league,,,,,,,
Tim Perry,1999-00,,Did not play - other pro league,,,,,,,
Tim Perry,2000-01,,Did not play - other pro league,,,,,,,
Chuck Person,1986-87,22,IND,82,2956,15.6,0.3,1.7,5.4,.088
Chuck Person,1987-88,23,IND,79,2807,13.9,-0.4,1.1,3.3,.057
Chuck Person,1988-89,24,IND,80,3012,15.2,-1.1,0.7,3.0,.048
Chuck Person,1989-90,25,IND,77,2714,16.6,-0.1,1.3,5.4,.096
Chuck Person,1990-91,26,IND,80,2566,16.1,-0.7,0.8,3.9,.073
Chuck Person,1991-92,27,IND,81,2923,14.5,-0.3,1.2,4.6,.075
Chuck Person,1992-93,28,MIN,78,2985,12.2,-2.2,-0.2,0.0,.000
Chuck Person,1993-94,29,MIN,77,2029,11.7,-2.1,-0.1,1.2,.028
Chuck Person,1994-95,30,SAS,81,2033,11.5,-0.5,0.8,3.6,.085
Chuck Person,1995-96,31,SAS,80,2131,13.6,1.5,1.9,5.5,.125
Chuck Person,1996-97,,Did not play - injury,,,,,,,
Chuck Person,1997-98,33,SAS,61,1455,8.3,-1.6,0.1,2.1,.068
Chuck Person,1998-99,34,CHH,50,990,9.6,-1.9,0.0,0.9,.043
Chuck Person,1999-00,35,SEA,37,340,5.2,-5.5,-0.3,-0.1,-0.007
Wesley Person,1994-95,23,PHO,78,1800,14.2,0.0,0.9,3.8,.101
Wesley Person,1995-96,24,PHO,82,2609,12.6,-1.2,0.6,4.0,.074
Wesley Person,1996-97,25,PHO,80,2326,15.9,1.9,2.3,5.2,.108
Wesley Person,1997-98,26,CLE,82,3198,15.1,3.8,4.7,10.3,.155
Wesley Person,1998-99,27,CLE,45,1342,14.4,1.9,1.3,2.6,.094
Wesley Person,1999-00,28,CLE,79,2056,12.0,0.3,1.2,3.7,.086
Wesley Person,2000-01,29,CLE,44,958,11.6,-1.1,0.2,1.2,.061
Wesley Person,2001-02,30,CLE,78,2793,16.3,1.8,2.7,6.9,.119
Wesley Person,2002-03,31,MEM,66,1941,13.5,-0.6,0.7,3.3,.082
Wesley Person,2003-04,32,3TM,58,1037,11.5,-1.3,0.2,1.3,.061
Wesley Person,2003-04,32,MEM,16,284,4.6,-6.6,-0.3,-0.4,-0.075
Wesley Person,2003-04,32,POR,33,621,14.8,1.3,0.5,1.6,.124
Wesley Person,2003-04,32,ATL,9,132,10.6,-2.3,0.0,0.1,.053
Wesley Person,2004-05,33,2TM,41,667,14.1,0.6,0.4,1.6,.115
Wesley Person,2004-05,33,MIA,16,206,10.5,-0.4,0.1,0.3,.076
Wesley Person,2004-05,33,DEN,25,461,15.6,1.0,0.3,1.3,.133
Alec Peters,2017-18,22,PHO,20,225,10.7,-2.8,0.0,0.3,.055
Jim Petersen,1984-85,22,HOU,60,714,6.6,-4.6,-0.5,0.3,.023
Jim Petersen,1985-86,23,HOU,82,1664,10.8,-2.2,-0.1,2.9,.085
Jim Petersen,1986-87,24,HOU,82,2403,12.7,-1.3,0.5,4.7,.095
Jim Petersen,1987-88,25,HOU,69,1793,11.8,-1.6,0.2,3.4,.091
Jim Petersen,1988-89,26,SAC,66,1633,11.4,-4.1,-0.9,0.6,.019
Jim Petersen,1989-90,27,GSW,43,592,9.0,-4.4,-0.4,0.4,.035
Jim Petersen,1990-91,28,GSW,62,834,9.8,-4.1,-0.4,1.0,.055
Jim Petersen,1991-92,29,GSW,27,169,9.5,-2.9,0.0,0.3,.087
Loy Petersen,1968-69,23,CHI,38,299,9.8,,,0.3,.045
Loy Petersen,1969-70,24,CHI,31,231,9.1,,,0.0,-0.010
Bob Peterson,1953-54,22,2TM,8,60,10.9,,,0.2,.138
Bob Peterson,1953-54,22,BLB,4,36,1.1,,,0.0,.042
Bob Peterson,1953-54,22,MLH,4,24,25.6,,,0.1,.282
Bob Peterson,1954-55,23,NYK,37,503,11.2,,,0.4,.034
Bob Peterson,1955-56,24,NYK,58,779,12.9,,,0.9,.057
Drew Peterson,2023-24,24,BOS,3,23,18.5,5.3,0.0,0.1,.194
Drew Peterson,2024-25,25,BOS,25,186,10.5,-0.8,0.1,0.4,.115
Ed Peterson,1948-49,,Did not play - other pro league,,,,,,,
Ed Peterson,1949-50,25,SYR,62,,,,,5.1,
Ed Peterson,1950-51,26,2TM,53,,,,,1.5,
Ed Peterson,1950-51,26,SYR,17,,,,,0.3,
Ed Peterson,1950-51,26,TRI,36,,,,,1.2,
Mel Peterson,1963-64,25,BAL,2,3,20.8,,,0.0,.514
Mel Peterson,1964-65,,Did not play -,,,,,,,
Mel Peterson,1965-66,,Did not play -,,,,,,,
Mel Peterson,1966-67,,Did not play -,,,,,,,
Mel Peterson,1967-68,29,OAK,77,1589,15.1,,,1.0,.031
Mel Peterson,1968-69,30,OAK,51,709,13.8,,,1.3,.088
Mel Peterson,1969-70,31,LAS,4,53,4.4,,,-0.2,-0.223
Morris Peterson,2000-01,23,TOR,80,1809,14.1,-0.7,0.5,3.6,.096
Morris Peterson,2001-02,24,TOR,63,1988,15.3,0.7,1.4,4.9,.119
Morris Peterson,2002-03,25,TOR,82,2949,12.6,-1.8,0.1,3.2,.052
Morris Peterson,2003-04,26,TOR,82,2148,12.1,0.1,1.1,4.9,.110
Morris Peterson,2004-05,27,TOR,82,2510,14.4,0.2,1.4,5.1,.098
Morris Peterson,2005-06,28,TOR,82,3140,15.3,0.4,1.9,5.9,.090
Morris Peterson,2006-07,29,TOR,71,1515,13.2,0.1,0.8,2.9,.091
Morris Peterson,2007-08,30,NOH,76,1796,11.2,-0.3,0.8,3.8,.101
Morris Peterson,2008-09,31,NOH,43,515,10.7,-2.1,0.0,0.6,.058
Morris Peterson,2009-10,32,NOH,46,973,9.3,-3.2,-0.3,0.8,.039
Morris Peterson,2010-11,33,OKC,4,23,1.7,-9.8,0.0,0.0,.015
Geoff Petrie,1970-71,22,POR,82,3032,17.2,,,6.2,.099
Geoff Petrie,1971-72,23,POR,60,2155,13.0,,,0.1,.003
Geoff Petrie,1972-73,24,POR,79,3134,17.1,,,5.3,.081
Geoff Petrie,1973-74,25,POR,73,2800,17.4,-0.7,0.9,5.4,.093
Geoff Petrie,1974-75,26,POR,80,3109,14.1,-1.9,0.1,4.5,.069
Geoff Petrie,1975-76,27,POR,72,2557,15.2,-1.5,0.3,4.6,.086
Geoff Petrie,1976-77,,Did not play - injury,,,,,,,
Johan Petro,2005-06,20,SEA,68,1282,10.4,-4.7,-0.9,1.0,.037
Johan Petro,2006-07,21,SEA,81,1510,11.6,-3.7,-0.6,1.7,.053
Johan Petro,2007-08,22,SEA,72,1310,10.0,-5.1,-1.0,0.4,.014
Johan Petro,2008-09,23,2TM,49,559,8.1,-5.4,-0.5,0.2,.018
Johan Petro,2008-09,23,OKC,22,342,9.3,-4.6,-0.2,0.1,.019
Johan Petro,2008-09,23,DEN,27,217,6.4,-6.7,-0.3,0.1,.017
Johan Petro,2009-10,24,DEN,36,436,10.7,-3.6,-0.2,0.8,.089
Johan Petro,2010-11,25,NJN,77,893,9.9,-4.7,-0.6,0.4,.024
Johan Petro,2011-12,26,NJN,59,920,10.3,-4.7,-0.6,0.7,.034
Johan Petro,2012-13,27,ATL,31,352,11.0,-5.0,-0.3,0.4,.048
Dražen Petrović,1986-87,,Did not play - other pro league,,,,,,,
Dražen Petrović,1987-88,,Did not play - other pro league,,,,,,,
Dražen Petrović,1988-89,,Did not play - other pro league,,,,,,,
Dražen Petrović,1989-90,25,POR,77,967,15.5,0.9,0.7,2.8,.139
Dražen Petrović,1990-91,26,2TM,61,1015,16.6,-0.7,0.3,2.5,.119
Dražen Petrović,1990-91,26,POR,18,133,15.3,-2.8,0.0,0.3,.094
Dražen Petrović,1990-91,26,NJN,43,882,16.8,-0.4,0.3,2.3,.123
Dražen Petrović,1991-92,27,NJN,82,3027,15.8,0.4,1.8,7.7,.122
Dražen Petrović,1992-93,28,NJN,70,2660,17.3,1.8,2.5,8.4,.152
Filip Petrušev,2021-22,,Did not play - other pro league,,,,,,,
Filip Petrušev,2022-23,,Did not play - other pro league,,,,,,,
Filip Petrušev,2023-24,23,2TM,3,10,5.1,-8.0,0.0,0.0,.029
Filip Petrušev,2023-24,23,PHI,1,3,4.0,-4.9,0.0,0.0,.061
Filip Petrušev,2023-24,23,SAC,2,7,5.5,-9.3,0.0,0.0,.015
Richard Petruška,1993-94,25,HOU,22,92,12.3,-8.2,-0.1,0.0,-0.014
Bob Pettit,1954-55,22,MLH,72,2659,24.9,,,10.7,.194
Bob Pettit,1955-56,23,STL,72,2794,27.4,,,13.8,.236
Bob Pettit,1956-57,24,STL,71,2491,28.3,,,11.6,.224
Bob Pettit,1957-58,25,STL,70,2528,26.3,,,11.0,.209
Bob Pettit,1958-59,26,STL,72,2873,28.2,,,14.8,.246
Bob Pettit,1959-60,27,STL,72,2896,23.8,,,11.5,.191
Bob Pettit,1960-61,28,STL,76,3027,25.2,,,14.9,.237
Bob Pettit,1961-62,29,STL,78,3282,24.5,,,11.5,.168
Bob Pettit,1962-63,30,STL,79,3090,25.0,,,14.3,.222
Bob Pettit,1963-64,31,STL,80,3296,23.6,,,14.9,.217
Bob Pettit,1964-65,32,STL,50,1754,22.6,,,7.1,.193
Jerry Pettway,1967-68,23,HSM,76,1572,10.8,,,-1.2,-0.038
Jerry Pettway,1968-69,24,HSM,11,264,2.9,,,-0.8,-0.145
Roger Phegley,1978-79,22,WSB,29,153,9.8,-4.8,-0.1,0.0,.001
Roger Phegley,1979-80,23,2TM,78,1512,14.2,-1.9,0.1,2.6,.083
Roger Phegley,1979-80,23,WSB,50,971,14.0,-2.0,0.0,1.6,.078
Roger Phegley,1979-80,23,NJN,28,541,14.8,-1.5,0.1,1.0,.092
Roger Phegley,1980-81,24,CLE,82,2269,14.3,-1.6,0.3,3.7,.078
Roger Phegley,1981-82,25,2TM,81,1183,13.0,-2.2,-0.1,1.6,.063
Roger Phegley,1981-82,25,CLE,27,566,13.3,-1.5,0.1,0.7,.058
Roger Phegley,1981-82,25,SAS,54,617,12.8,-2.8,-0.1,0.9,.067
Roger Phegley,1982-83,26,SAS,62,599,13.0,-2.2,0.0,0.8,.063
Roger Phegley,1983-84,27,2TM,13,87,4.9,-5.9,-0.1,-0.1,-0.066
Roger Phegley,1983-84,27,SAS,3,11,20.7,-3.8,0.0,0.0,.212
Roger Phegley,1983-84,27,DAL,10,76,2.6,-6.2,-0.2,-0.2,-0.106
Jack Phelan,1949-50,24,2TM,55,,,,,-0.5,
Jack Phelan,1949-50,24,WAT,15,,,,,-0.1,
Jack Phelan,1949-50,24,SHE,40,,,,,-0.4,
Jim Phelan,1951-52,,Did not play - military service,,,,,,,
Jim Phelan,1952-53,,Did not play - military service,,,,,,,
Jim Phelan,1953-54,24,PHW,4,33,-4.8,,,-0.1,-0.187
Derrick Phelps,1994-95,22,SAC,3,5,-17.3,-27.9,0.0,0.0,-0.339
Michael Phelps,1985-86,24,SEA,70,880,7.7,-4.4,-0.5,-0.1,-0.003
Michael Phelps,1986-87,25,SEA,60,469,10.3,-3.3,-0.2,0.3,.035
Michael Phelps,1987-88,26,LAC,2,23,19.3,6.1,0.0,0.1,.126
Andy Phillip,1947-48,25,CHS,32,,,,,3.8,
Andy Phillip,1948-49,26,CHS,60,,,,,7.4,
Andy Phillip,1949-50,27,CHS,65,,,,,7.7,
Andy Phillip,1950-51,28,PHW,66,,,,,9.7,
Andy Phillip,1951-52,29,PHW,66,2933,16.0,,,4.8,.078
Andy Phillip,1952-53,30,2TM,70,2690,16.1,,,7.2,.129
Andy Phillip,1952-53,30,PHW,13,543,19.7,,,1.6,.140
Andy Phillip,1952-53,30,FTW,57,2147,15.2,,,5.6,.126
Andy Phillip,1953-54,31,FTW,71,2705,16.1,,,7.1,.125
Andy Phillip,1954-55,32,FTW,64,2332,15.5,,,5.5,.112
Andy Phillip,1955-56,33,FTW,70,2078,12.0,,,2.9,.066
Andy Phillip,1956-57,34,BOS,67,1476,9.0,,,3.1,.100
Andy Phillip,1957-58,35,BOS,70,1164,6.9,,,1.5,.060
Eddie Phillips,1982-83,21,NJN,48,416,7.5,-4.7,-0.3,0.1,.011
Gary Phillips,1961-62,22,BOS,67,713,7.2,,,0.3,.018
Gary Phillips,1962-63,23,SFW,75,1801,7.9,,,0.2,.006
Gary Phillips,1963-64,24,SFW,66,2010,8.7,,,1.7,.040
Gary Phillips,1964-65,25,SFW,73,1541,8.2,,,0.2,.007
Gary Phillips,1965-66,26,SFW,67,867,8.2,,,-0.1,-0.006
Gene Phillips,1971-72,23,DLC,28,174,11.8,,,0.2,.047
Gene Phillips,1972-73,24,DLC,3,10,-18.8,,,-0.1,-0.640
Julian Phillips,2023-24,20,CHI,40,323,7.0,-5.3,-0.3,0.2,.031
Julian Phillips,2024-25,21,CHI,79,1123,10.2,-3.0,-0.3,1.9,.080
Bobby Phills,1991-92,22,CLE,10,65,10.0,-6.6,-0.1,-0.1,-0.062
Bobby Phills,1992-93,23,CLE,31,139,14.2,-6.6,-0.2,-0.1,-0.027
Bobby Phills,1993-94,24,CLE,72,1531,14.1,-0.6,0.5,3.5,.111
Bobby Phills,1994-95,25,CLE,80,2500,12.2,-1.0,0.6,4.0,.078
Bobby Phills,1995-96,26,CLE,72,2530,16.8,1.7,2.3,7.1,.136
Bobby Phills,1996-97,27,CLE,69,2375,13.9,1.1,1.9,5.0,.101
Bobby Phills,1997-98,28,CHH,62,1887,12.5,-0.5,0.7,3.2,.081
Bobby Phills,1998-99,29,CHH,43,1574,14.4,0.9,1.2,3.0,.091
Bobby Phills,1999-00,30,CHH,28,825,14.6,0.2,0.5,1.5,.085
Eric Piatkowski,1994-95,24,LAC,81,1208,13.9,-0.5,0.4,2.0,.079
Eric Piatkowski,1995-96,25,LAC,65,784,12.2,-1.2,0.2,1.2,.071
Eric Piatkowski,1996-97,26,LAC,65,747,18.2,3.0,1.0,2.3,.146
Eric Piatkowski,1997-98,27,LAC,67,1740,15.5,0.2,0.9,3.9,.108
Eric Piatkowski,1998-99,28,LAC,49,1242,15.3,0.3,0.7,2.3,.091
Eric Piatkowski,1999-00,29,LAC,75,1712,13.0,-1.9,0.0,2.3,.064
Eric Piatkowski,2000-01,30,LAC,81,2144,14.6,0.7,1.4,5.5,.123
Eric Piatkowski,2001-02,31,LAC,71,1718,13.8,1.0,1.3,4.5,.127
Eric Piatkowski,2002-03,32,LAC,62,1360,16.0,1.3,1.1,3.6,.129
Eric Piatkowski,2003-04,33,HOU,49,703,8.7,-0.8,0.2,0.9,.061
Eric Piatkowski,2004-05,34,CHI,68,841,12.4,1.3,0.7,2.3,.129
Eric Piatkowski,2005-06,35,CHI,29,228,6.2,-3.4,-0.1,0.1,.018
Eric Piatkowski,2006-07,36,PHO,11,73,7.7,-3.5,0.0,0.0,.007
Eric Piatkowski,2007-08,37,PHO,16,113,8.3,-2.5,0.0,0.1,.045
Walt Piatkowski,1968-69,23,DNR,77,1819,14.0,,,1.2,.031
Walt Piatkowski,1969-70,24,DNR,74,1302,9.7,,,0.8,.031
Walt Piatkowski,1970-71,,Did not play - retired,,,,,,,
Walt Piatkowski,1971-72,26,FLO,6,28,-9.6,,,-0.2,-0.415
Jalen Pickett,2023-24,24,DEN,27,122,9.7,-3.3,0.0,0.2,.065
Jalen Pickett,2024-25,25,DEN,49,666,10.9,-1.5,0.1,1.1,.078
Jamorko Pickett,2021-22,24,DET,13,176,7.6,-5.0,-0.1,0.1,.015
Paul Pierce,1998-99,21,BOS,48,1632,19.2,3.7,2.3,4.9,.144
Paul Pierce,1999-00,22,BOS,73,2583,19.8,3.9,3.9,8.2,.152
Paul Pierce,2000-01,23,BOS,82,3120,22.3,4.4,5.0,10.4,.160
Paul Pierce,2001-02,24,BOS,82,3302,22.3,5.9,6.6,12.9,.187
Paul Pierce,2002-03,25,BOS,79,3096,22.7,4.9,5.4,10.1,.157
Paul Pierce,2003-04,26,BOS,80,3099,19.4,2.0,3.2,7.1,.109
Paul Pierce,2004-05,27,BOS,82,2960,21.8,4.6,4.9,11.2,.182
Paul Pierce,2005-06,28,BOS,79,3084,23.6,4.8,5.3,11.5,.178
Paul Pierce,2006-07,29,BOS,47,1740,21.7,4.2,2.7,5.4,.148
Paul Pierce,2007-08,30,BOS,80,2874,19.6,4.8,5.0,12.4,.207
Paul Pierce,2008-09,31,BOS,81,3035,17.7,3.1,3.9,10.3,.164
Paul Pierce,2009-10,32,BOS,71,2411,18.2,3.0,3.0,8.3,.165
Paul Pierce,2010-11,33,BOS,80,2774,19.7,4.6,4.6,11.6,.201
Paul Pierce,2011-12,34,BOS,61,2075,19.6,4.2,3.2,7.0,.161
Paul Pierce,2012-13,35,BOS,77,2575,19.1,3.6,3.6,7.2,.135
Paul Pierce,2013-14,36,BRK,75,2098,16.8,1.6,1.9,5.2,.119
Paul Pierce,2014-15,37,WAS,73,1914,15.2,1.5,1.7,5.5,.138
Paul Pierce,2015-16,38,LAC,68,1231,8.2,-3.3,-0.4,0.9,.033
Paul Pierce,2016-17,39,LAC,25,277,5.7,-4.7,-0.2,0.1,.015
Ricky Pierce,1982-83,23,DET,39,265,5.8,-5.9,-0.3,-0.1,-0.020
Ricky Pierce,1983-84,24,SDC,69,1280,13.2,-3.0,-0.3,1.8,.067
Ricky Pierce,1984-85,25,MIL,44,882,15.8,1.1,0.7,3.0,.162
Ricky Pierce,1985-86,26,MIL,81,2147,16.6,1.9,2.1,8.3,.186
Ricky Pierce,1986-87,27,MIL,79,2505,18.5,2.0,2.5,9.4,.180
Ricky Pierce,1987-88,28,MIL,37,965,16.6,-0.4,0.4,2.2,.107
Ricky Pierce,1988-89,29,MIL,75,2078,18.6,1.9,2.0,6.7,.155
Ricky Pierce,1989-90,30,MIL,59,1709,21.9,2.9,2.1,5.8,.163
Ricky Pierce,1990-91,31,2TM,78,2167,21.0,2.3,2.4,7.9,.174
Ricky Pierce,1990-91,31,MIL,46,1327,22.7,3.7,1.9,5.3,.192
Ricky Pierce,1990-91,31,SEA,32,840,18.3,0.1,0.4,2.5,.145
Ricky Pierce,1991-92,32,SEA,78,2658,18.2,1.5,2.3,7.8,.142
Ricky Pierce,1992-93,33,SEA,77,2218,19.2,2.5,2.5,7.7,.167
Ricky Pierce,1993-94,34,SEA,51,1022,20.8,2.2,1.1,4.0,.188
Ricky Pierce,1994-95,35,GSW,27,673,15.1,-0.5,0.2,1.5,.107
Ricky Pierce,1995-96,36,IND,76,1404,14.8,-0.6,0.5,3.1,.107
Ricky Pierce,1996-97,37,2TM,60,1250,16.4,-0.7,0.4,2.7,.105
Ricky Pierce,1996-97,37,DEN,33,600,15.3,-2.2,0.0,0.9,.069
Ricky Pierce,1996-97,37,CHH,27,650,17.3,0.8,0.5,1.9,.139
Ricky Pierce,1997-98,38,MIL,39,442,9.8,-2.8,-0.1,0.3,.033
Stan Pietkiewicz,1978-79,22,SDC,4,32,1.6,-4.7,0.0,0.0,-0.060
Stan Pietkiewicz,1979-80,23,SDC,50,577,14.3,-0.6,0.2,1.0,.080
Stan Pietkiewicz,1980-81,24,2TM,42,461,12.3,0.4,0.2,0.6,.058
Stan Pietkiewicz,1980-81,24,SDC,6,30,-4.5,-5.8,-0.1,-0.1,-0.219
Stan Pietkiewicz,1980-81,24,DAL,36,431,13.5,0.8,0.3,0.7,.077
Mickaël Piétrus,2003-04,21,GSW,53,748,12.9,-0.6,0.3,1.5,.095
Mickaël Piétrus,2004-05,22,GSW,67,1340,14.2,-1.0,0.3,2.1,.075
Mickaël Piétrus,2005-06,23,GSW,52,1179,10.0,-3.2,-0.4,0.6,.024
Mickaël Piétrus,2006-07,24,GSW,72,1937,13.0,-1.3,0.4,3.6,.088
Mickaël Piétrus,2007-08,25,GSW,66,1316,12.7,-0.2,0.6,2.8,.104
Mickaël Piétrus,2008-09,26,ORL,54,1329,11.6,0.3,0.8,3.0,.108
Mickaël Piétrus,2009-10,27,ORL,75,1687,11.9,0.9,1.2,3.6,.103
Mickaël Piétrus,2010-11,28,2TM,57,1107,9.8,-1.0,0.3,1.3,.055
Mickaël Piétrus,2010-11,28,ORL,19,418,8.3,-0.5,0.2,0.7,.082
Mickaël Piétrus,2010-11,28,PHO,38,689,10.8,-1.2,0.1,0.6,.039
Mickaël Piétrus,2011-12,29,BOS,42,921,8.5,-1.8,0.0,1.2,.063
Mickaël Piétrus,2012-13,30,TOR,19,386,6.0,-4.8,-0.3,0.0,-0.004
John Pilch,1951-52,26,MNL,9,41,-2.6,,,-0.1,-0.118
Ed Pinckney,1985-86,22,PHO,80,1602,12.8,-1.4,0.2,2.7,.080
Ed Pinckney,1986-87,23,PHO,80,2250,15.2,0.7,1.5,6.2,.132
Ed Pinckney,1987-88,24,SAC,79,1177,14.3,-0.8,0.4,2.3,.092
Ed Pinckney,1988-89,25,2TM,80,2012,17.2,1.5,1.8,6.1,.145
Ed Pinckney,1988-89,25,SAC,51,1334,17.0,0.9,1.0,3.6,.130
Ed Pinckney,1988-89,25,BOS,29,678,17.7,2.6,0.8,2.5,.176
Ed Pinckney,1989-90,26,BOS,77,1082,13.7,0.8,0.8,2.9,.131
Ed Pinckney,1990-91,27,BOS,70,1165,16.6,2.1,1.2,4.7,.195
Ed Pinckney,1991-92,28,BOS,81,1917,16.5,1.7,1.8,7.5,.187
Ed Pinckney,1992-93,29,BOS,7,151,10.5,-1.5,0.0,0.3,.084
Ed Pinckney,1993-94,30,BOS,76,1524,14.5,0.2,0.8,4.0,.126
Ed Pinckney,1994-95,31,MIL,62,835,10.9,-0.7,0.3,1.6,.092
Ed Pinckney,1995-96,32,2TM,74,1710,14.3,-1.1,0.4,3.7,.105
Ed Pinckney,1995-96,32,TOR,47,1031,14.6,-1.3,0.2,2.2,.101
Ed Pinckney,1995-96,32,PHI,27,679,13.9,-0.9,0.2,1.6,.110
Ed Pinckney,1996-97,33,MIA,27,273,11.4,-1.7,0.0,0.7,.121
Kevinn Pinkney,2006-07,23,BOS,6,100,11.6,-2.5,0.0,0.2,.075
John Pinone,1983-84,22,ATL,7,65,7.8,-3.8,0.0,0.1,.040
Theo Pinson,2018-19,23,BRK,18,211,8.1,-3.2,-0.1,0.0,.004
Theo Pinson,2019-20,24,BRK,33,365,5.2,-7.0,-0.5,-0.6,-0.078
Theo Pinson,2020-21,25,NYK,17,34,-8.1,-15.7,-0.1,-0.1,-0.205
Theo Pinson,2021-22,26,DAL,19,148,11.9,-0.5,0.1,0.4,.122
Theo Pinson,2022-23,27,DAL,40,323,10.1,-3.4,-0.1,0.5,.071
Theo Pinson,2023-24,,Did not play - other pro league,,,,,,,
Dave Piontek,1956-57,22,ROC,71,1759,13.5,,,3.7,.100
Dave Piontek,1957-58,23,CIN,71,1032,11.2,,,1.4,.066
Dave Piontek,1958-59,24,CIN,72,1674,13.4,,,0.5,.014
Dave Piontek,1959-60,25,2TM,77,1833,11.1,,,1.1,.028
Dave Piontek,1959-60,25,CIN,52,1111,13.8,,,0.8,.032
Dave Piontek,1959-60,25,STL,25,722,6.9,,,0.3,.021
Dave Piontek,1960-61,26,STL,29,254,13.7,,,0.8,.142
Dave Piontek,1961-62,27,CHP,45,614,8.3,,,-0.1,-0.008
Dave Piontek,1962-63,28,CIN,48,457,6.4,,,-0.3,-0.031
Tom Piotrowski,1983-84,23,POR,18,78,9.2,-4.6,-0.1,0.1,.070
Scottie Pippen,1987-88,22,CHI,79,1650,12.9,-0.6,0.6,2.3,.066
Scottie Pippen,1988-89,23,CHI,73,2413,14.9,0.4,1.5,4.0,.080
Scottie Pippen,1989-90,24,CHI,82,3148,16.3,1.8,3.0,5.7,.087
Scottie Pippen,1990-91,25,CHI,82,3014,20.6,5.8,5.9,11.2,.179
Scottie Pippen,1991-92,26,CHI,82,3164,21.5,6.1,6.4,12.7,.192
Scottie Pippen,1992-93,27,CHI,81,3123,19.2,4.0,4.7,8.6,.132
Scottie Pippen,1993-94,28,CHI,72,2759,23.2,7.7,6.8,11.2,.194
Scottie Pippen,1994-95,29,CHI,79,3014,22.6,7.5,7.2,11.8,.188
Scottie Pippen,1995-96,30,CHI,77,2825,21.0,6.3,5.9,12.3,.209
Scottie Pippen,1996-97,31,CHI,82,3095,21.3,5.7,6.1,13.1,.203
Scottie Pippen,1997-98,32,CHI,44,1652,20.4,5.0,2.9,6.6,.193
Scottie Pippen,1998-99,33,HOU,50,2011,16.8,2.5,2.3,4.9,.116
Scottie Pippen,1999-00,34,POR,82,2749,16.4,3.6,3.9,7.8,.137
Scottie Pippen,2000-01,35,POR,64,2133,15.3,2.2,2.3,5.1,.115
Scottie Pippen,2001-02,36,POR,62,1996,14.9,1.8,1.9,3.7,.090
Scottie Pippen,2002-03,37,POR,64,1911,15.3,1.6,1.7,3.8,.095
Scottie Pippen,2003-04,38,CHI,23,412,12.4,-0.6,0.1,0.3,.037
Scotty Pippen Jr.,2022-23,22,LAL,6,32,9.6,-5.9,0.0,0.0,-0.017
Scotty Pippen Jr.,2023-24,23,MEM,21,527,16.4,1.3,0.4,1.0,.090
Scotty Pippen Jr.,2024-25,24,MEM,79,1683,15.8,1.9,1.7,4.7,.133
Charles Pittman,1982-83,24,PHO,28,170,6.8,-5.8,-0.2,0.1,.032
Charles Pittman,1983-84,25,PHO,69,989,11.3,-1.7,0.1,1.7,.081
Charles Pittman,1984-85,26,PHO,68,1001,9.1,-4.2,-0.5,0.9,.044
Charles Pittman,1985-86,27,PHO,69,1132,10.3,-2.1,0.0,1.5,.065
Dexter Pittman,2010-11,22,MIA,2,11,-6.4,-17.9,0.0,-0.1,-0.246
Dexter Pittman,2011-12,23,MIA,35,301,10.4,-6.0,-0.3,0.6,.101
Dexter Pittman,2012-13,24,2TM,11,32,1.6,-18.8,-0.1,-0.1,-0.107
Dexter Pittman,2012-13,24,MIA,4,12,17.0,-11.3,0.0,0.0,.114
Dexter Pittman,2012-13,24,MEM,7,20,-7.7,-23.2,-0.1,-0.1,-0.239
Dexter Pittman,2013-14,25,ATL,2,3,13.1,-24.3,0.0,0.0,-0.180
Zoran Planinić,2003-04,21,NJN,49,473,10.0,-3.4,-0.2,0.7,.068
Zoran Planinić,2004-05,22,NJN,43,515,12.5,-1.0,0.1,0.8,.073
Zoran Planinić,2005-06,23,NJN,56,596,6.9,-5.7,-0.6,0.1,.005
Tibor Pleiß,2010-11,,Did not play - other pro league,,,,,,,
Tibor Pleiß,2011-12,,Did not play - other pro league,,,,,,,
Tibor Pleiß,2012-13,,Did not play - other pro league,,,,,,,
Tibor Pleiß,2013-14,,Did not play - other pro league,,,,,,,
Tibor Pleiß,2014-15,,Did not play - other pro league,,,,,,,
Tibor Pleiß,2015-16,26,UTA,12,82,3.5,-11.6,-0.2,-0.1,-0.041
Daeqwon Plowden,2024-25,26,ATL,6,72,16.1,-0.1,0.0,0.2,.125
Marshall Plumlee,2016-17,24,NYK,21,170,10.9,-4.6,-0.1,0.2,.048
Marshall Plumlee,2017-18,25,MIL,8,52,10.9,-4.5,0.0,0.2,.143
Mason Plumlee,2013-14,23,BRK,70,1275,19.0,1.0,1.0,4.7,.176
Mason Plumlee,2014-15,24,BRK,82,1743,18.0,0.1,0.9,4.8,.131
Mason Plumlee,2015-16,25,POR,82,2084,17.2,1.5,1.9,6.1,.140
Mason Plumlee,2016-17,26,2TM,81,2148,18.1,2.0,2.2,6.0,.135
Mason Plumlee,2016-17,26,POR,54,1516,18.9,2.8,1.8,4.6,.147
Mason Plumlee,2016-17,26,DEN,27,632,16.3,-0.1,0.3,1.4,.107
Mason Plumlee,2017-18,27,DEN,74,1439,16.9,0.5,0.9,3.6,.120
Mason Plumlee,2018-19,28,DEN,82,1731,17.8,2.1,1.8,5.8,.160
Mason Plumlee,2019-20,29,DEN,61,1057,18.8,2.0,1.1,3.4,.153
Mason Plumlee,2020-21,30,DET,56,1499,18.7,2.2,1.6,5.1,.164
Mason Plumlee,2021-22,31,CHO,73,1793,14.7,0.0,0.9,4.7,.127
Mason Plumlee,2022-23,32,2TM,79,2054,19.6,2.2,2.2,7.9,.185
Mason Plumlee,2022-23,32,CHO,56,1597,20.0,2.4,1.8,6.1,.183
Mason Plumlee,2022-23,32,LAC,23,457,18.2,1.4,0.4,1.8,.190
Mason Plumlee,2023-24,33,LAC,46,674,15.8,-0.8,0.2,2.0,.146
Mason Plumlee,2024-25,34,PHO,74,1300,14.8,-0.6,0.5,3.7,.136
Miles Plumlee,2012-13,24,IND,14,55,8.8,-7.8,-0.1,0.0,-0.015
Miles Plumlee,2013-14,25,PHO,80,1964,14.6,-1.3,0.3,4.0,.098
Miles Plumlee,2014-15,26,2TM,73,1194,13.4,-0.6,0.4,2.6,.103
Miles Plumlee,2014-15,26,PHO,54,1005,13.1,-0.7,0.3,2.1,.102
Miles Plumlee,2014-15,26,MIL,19,189,15.0,0.1,0.1,0.4,.107
Miles Plumlee,2015-16,27,MIL,61,870,17.4,-1.5,0.1,2.2,.124
Miles Plumlee,2016-17,28,2TM,45,484,8.4,-5.0,-0.4,0.5,.045
Miles Plumlee,2016-17,28,MIL,32,310,8.0,-5.4,-0.3,0.1,.021
Miles Plumlee,2016-17,28,CHO,13,174,9.0,-4.4,-0.1,0.3,.087
Miles Plumlee,2017-18,29,ATL,55,918,10.6,-3.8,-0.4,0.9,.046
Miles Plumlee,2018-19,30,ATL,18,173,18.9,1.6,0.2,0.5,.145
Gary Plummer,1984-85,22,GSW,66,702,7.5,-7.3,-0.9,-0.2,-0.012
Gary Plummer,1985-86,,Did not play - injury,,,,,,,
Gary Plummer,1986-87,,Did not play - other pro league,,,,,,,
Gary Plummer,1987-88,,Did not play - other pro league,,,,,,,
Gary Plummer,1988-89,,Did not play - other pro league,,,,,,,
Gary Plummer,1989-90,,Did not play - other pro league,,,,,,,
Gary Plummer,1990-91,,Did not play - other pro league,,,,,,,
Gary Plummer,1991-92,,Did not play - other pro league,,,,,,,
Gary Plummer,1992-93,30,DEN,60,737,8.6,-5.9,-0.7,0.4,.024
Pavel Podkolzin,2004-05,20,DAL,5,10,-12.1,-25.4,0.0,0.0,-0.214
Pavel Podkolzin,2005-06,21,DAL,1,18,2.3,-9.3,0.0,-0.1,-0.135
Brandin Podziemski,2023-24,20,GSW,74,1968,13.0,-0.1,0.9,4.1,.100
Brandin Podziemski,2024-25,21,GSW,64,1716,14.4,0.7,1.2,4.2,.117
Jakob Poeltl,2016-17,21,TOR,54,626,12.2,-3.1,-0.2,1.6,.125
Jakob Poeltl,2017-18,22,TOR,82,1524,17.5,0.4,0.9,5.6,.175
Jakob Poeltl,2018-19,23,SAS,77,1273,19.4,2.0,1.3,5.1,.193
Jakob Poeltl,2019-20,24,SAS,66,1171,19.1,2.5,1.3,4.0,.163
Jakob Poeltl,2020-21,25,SAS,69,1845,17.5,0.8,1.3,5.7,.148
Jakob Poeltl,2021-22,26,SAS,68,1970,20.8,1.6,1.7,6.9,.168
Jakob Poeltl,2022-23,27,2TM,72,1906,21.0,1.9,1.9,6.0,.150
Jakob Poeltl,2022-23,27,SAS,46,1199,19.7,0.9,0.9,2.9,.115
Jakob Poeltl,2022-23,27,TOR,26,707,23.1,3.6,1.0,3.1,.209
Jakob Poeltl,2023-24,28,TOR,50,1319,18.9,0.7,0.9,3.8,.138
Jakob Poeltl,2024-25,29,TOR,57,1686,20.0,2.0,1.7,5.5,.158
Vincent Poirier,2019-20,26,BOS,22,130,12.7,-3.8,-0.1,0.3,.113
Vincent Poirier,2020-21,27,PHI,10,39,1.6,-14.8,-0.1,-0.1,-0.127
Aleksej Pokusevski,2020-21,19,OKC,45,1090,6.1,-6.1,-1.1,-1.9,-0.084
Aleksej Pokusevski,2021-22,20,OKC,61,1233,12.0,-2.6,-0.2,0.4,.014
Aleksej Pokusevski,2022-23,21,OKC,34,701,13.4,0.0,0.3,1.0,.066
Aleksej Pokusevski,2023-24,22,2TM,28,405,12.7,-1.9,0.0,0.4,.050
Aleksej Pokusevski,2023-24,22,OKC,10,60,2.5,-9.9,-0.1,-0.1,-0.063
Aleksej Pokusevski,2023-24,22,CHO,18,345,14.5,-0.5,0.1,0.5,.070
Dwayne Polee,1986-87,23,LAC,1,6,-11.4,-22.3,0.0,0.0,-0.397
Jim Pollard,1947-48,,Did not play - other pro league,,,,,,,
Jim Pollard,1948-49,26,MNL,53,,,,,7.2,
Jim Pollard,1949-50,27,MNL,66,,,,,5.4,
Jim Pollard,1950-51,28,MNL,54,,,,,4.2,
Jim Pollard,1951-52,29,MNL,65,2545,16.5,,,5.7,.108
Jim Pollard,1952-53,30,MNL,66,2403,15.9,,,4.6,.091
Jim Pollard,1953-54,31,MNL,71,2483,16.0,,,5.7,.111
Jim Pollard,1954-55,32,MNL,63,1960,13.5,,,2.1,.052
Scot Pollard,1997-98,22,DET,33,317,13.3,-2.0,0.0,0.9,.141
Scot Pollard,1998-99,23,SAC,16,259,18.0,1.0,0.2,1.1,.200
Scot Pollard,1999-00,24,SAC,76,1336,15.8,0.1,0.7,5.1,.183
Scot Pollard,2000-01,25,SAC,77,1658,15.0,-0.3,0.7,5.4,.157
Scot Pollard,2001-02,26,SAC,80,1881,15.0,0.8,1.3,6.8,.175
Scot Pollard,2002-03,27,SAC,23,325,14.6,-1.8,0.0,1.0,.150
Scot Pollard,2003-04,28,IND,61,678,8.3,-3.4,-0.2,1.4,.098
Scot Pollard,2004-05,29,IND,49,865,11.2,-1.9,0.0,1.9,.104
Scot Pollard,2005-06,30,IND,45,771,12.3,-0.5,0.3,2.1,.134
Scot Pollard,2006-07,31,CLE,24,109,8.5,-5.6,-0.1,0.2,.100
Scot Pollard,2007-08,32,BOS,22,173,8.7,-2.2,0.0,0.6,.171
Ralph Polson,1952-53,23,2TM,49,810,11.0,,,0.8,.047
Ralph Polson,1952-53,23,NYK,3,37,9.6,,,0.1,.084
Ralph Polson,1952-53,23,PHW,46,773,11.1,,,0.7,.045
Olden Polynice,1987-88,23,SEA,82,1080,9.8,-4.7,-0.7,1.6,.069
Olden Polynice,1988-89,24,SEA,80,835,10.3,-3.2,-0.2,1.5,.086
Olden Polynice,1989-90,25,SEA,79,1085,12.4,-2.3,-0.1,2.5,.111
Olden Polynice,1990-91,26,2TM,79,2092,14.0,-1.3,0.4,5.2,.118
Olden Polynice,1990-91,26,SEA,48,960,15.2,-1.5,0.1,2.3,.113
Olden Polynice,1990-91,26,LAC,31,1132,12.9,-1.1,0.3,2.9,.123
Olden Polynice,1991-92,27,LAC,76,1834,13.1,-1.9,0.1,4.5,.118
Olden Polynice,1992-93,28,DET,67,1299,14.6,-2.3,-0.1,2.6,.095
Olden Polynice,1993-94,29,2TM,68,2402,14.9,-1.2,0.5,5.1,.102
Olden Polynice,1993-94,29,DET,37,1350,15.9,-0.6,0.5,2.9,.102
Olden Polynice,1993-94,29,SAC,31,1052,13.7,-2.0,0.0,2.2,.102
Olden Polynice,1994-95,30,SAC,81,2534,14.7,-0.7,0.8,6.7,.126
Olden Polynice,1995-96,31,SAC,81,2441,15.8,-1.7,0.2,5.3,.105
Olden Polynice,1996-97,32,SAC,82,2893,13.1,-2.8,-0.6,3.3,.055
Olden Polynice,1997-98,33,SAC,70,1458,14.7,-2.5,-0.2,1.5,.049
Olden Polynice,1998-99,34,SEA,48,1481,11.8,-3.6,-0.6,2.0,.065
Olden Polynice,1999-00,35,UTA,82,1819,10.4,-2.8,-0.4,3.2,.084
Olden Polynice,2000-01,36,UTA,81,1619,9.9,-3.9,-0.8,2.0,.058
Olden Polynice,2001-02,,Did not play - other pro league,,,,,,,
Olden Polynice,2002-03,,Did not play - other pro league,,,,,,,
Olden Polynice,2003-04,39,LAC,2,12,-9.2,-16.0,0.0,-0.1,-0.394
Cliff Pondexter,1974-75,,Did not play - injury,,,,,,,
Cliff Pondexter,1975-76,21,CHI,75,1326,13.1,-0.9,0.4,2.2,.081
Cliff Pondexter,1976-77,22,CHI,78,996,10.0,-1.6,0.1,1.5,.071
Cliff Pondexter,1977-78,23,CHI,44,534,11.6,2.2,0.6,1.0,.087
Quincy Pondexter,2010-11,22,NOH,66,734,8.5,-2.3,-0.1,0.9,.060
Quincy Pondexter,2011-12,23,MEM,64,1002,9.4,-2.0,0.0,1.7,.082
Quincy Pondexter,2012-13,24,MEM,59,1243,11.0,-0.1,0.6,3.2,.125
Quincy Pondexter,2013-14,25,MEM,15,270,10.3,-2.0,0.0,0.4,.063
Quincy Pondexter,2014-15,26,2TM,75,1793,9.9,-2.1,0.0,2.9,.078
Quincy Pondexter,2014-15,26,MEM,30,540,7.1,-3.9,-0.3,0.6,.051
Quincy Pondexter,2014-15,26,NOP,45,1253,11.1,-1.3,0.2,2.3,.089
Quincy Pondexter,2015-16,,Did not play - injury,,,,,,,
Quincy Pondexter,2016-17,,Did not play - injury,,,,,,,
Quincy Pondexter,2017-18,29,CHI,23,196,4.0,-7.4,-0.3,-0.2,-0.047
Quincy Pondexter,2018-19,30,SAS,53,292,13.2,-0.9,0.1,0.8,.128
Shamorie Ponds,2019-20,21,TOR,4,11,33.1,13.7,0.0,0.1,.450
Yves Pons,2021-22,22,MEM,12,71,5.9,-6.6,-0.1,0.0,.030
Jordan Poole,2019-20,20,GSW,57,1274,7.2,-6.6,-1.5,-1.2,-0.047
Jordan Poole,2020-21,21,GSW,51,988,15.1,-0.5,0.4,1.9,.094
Jordan Poole,2021-22,22,GSW,76,2283,16.1,1.0,1.7,6.0,.126
Jordan Poole,2022-23,23,GSW,82,2458,14.6,-1.9,0.1,3.2,.063
Jordan Poole,2023-24,24,WAS,78,2346,12.1,-3.9,-1.2,-0.6,-0.013
Jordan Poole,2024-25,25,WAS,68,2001,16.6,0.4,1.2,2.0,.047
David Pope,1984-85,22,KCK,22,129,2.1,-11.4,-0.3,-0.2,-0.088
David Pope,1985-86,23,SEA,11,74,9.2,-2.4,0.0,0.1,.081
Mark Pope,1996-97,,Did not play - other pro league,,,,,,,
Mark Pope,1997-98,25,IND,28,193,3.4,-7.6,-0.3,0.0,-0.003
Mark Pope,1998-99,26,IND,4,26,-8.5,-19.2,-0.1,-0.1,-0.230
Mark Pope,1999-00,,Did not play - other pro league,,,,,,,
Mark Pope,2000-01,28,MIL,63,942,7.2,-2.9,-0.2,1.3,.068
Mark Pope,2001-02,29,MIL,45,426,7.3,-4.2,-0.2,0.1,.016
Mark Pope,2002-03,,Did not play - other pro league,,,,,,,
Mark Pope,2003-04,31,DEN,4,20,-9.0,-15.4,-0.1,-0.1,-0.172
Mark Pope,2004-05,32,DEN,9,27,10.0,-4.9,0.0,0.0,.070
Dave Popson,1987-88,,Did not play - other pro league,,,,,,,
Dave Popson,1988-89,24,2TM,17,106,6.4,-7.3,-0.1,-0.1,-0.065
Dave Popson,1988-89,24,LAC,10,68,8.1,-5.5,-0.1,-0.1,-0.038
Dave Popson,1988-89,24,MIA,7,38,3.4,-10.6,-0.1,-0.1,-0.113
Dave Popson,1989-90,,Did not play - other pro league,,,,,,,
Dave Popson,1990-91,26,BOS,19,64,11.6,-8.8,-0.1,0.0,.035
Dave Popson,1991-92,27,MIL,5,26,6.9,-6.2,0.0,0.0,-0.075
Ben Poquette,1977-78,22,DET,52,626,10.6,-3.3,-0.2,0.6,.049
Ben Poquette,1978-79,23,DET,76,1337,13.1,-1.2,0.3,2.5,.091
Ben Poquette,1979-80,24,UTA,82,2349,14.0,-0.1,1.1,4.9,.099
Ben Poquette,1980-81,25,UTA,82,2808,13.0,-0.2,1.3,5.4,.092
Ben Poquette,1981-82,26,UTA,82,1698,13.1,-0.7,0.6,3.4,.096
Ben Poquette,1982-83,27,UTA,75,2331,13.4,-0.2,1.1,5.0,.103
Ben Poquette,1983-84,28,CLE,51,858,9.6,-1.3,0.1,1.3,.075
Ben Poquette,1984-85,29,CLE,79,1656,12.6,-0.7,0.5,3.5,.102
Ben Poquette,1985-86,30,CLE,81,1496,10.4,-1.4,0.2,2.3,.075
Ben Poquette,1986-87,31,2TM,58,604,10.8,-0.6,0.2,1.4,.110
Ben Poquette,1986-87,31,CLE,37,437,10.4,-0.4,0.2,0.9,.104
Ben Poquette,1986-87,31,CHI,21,167,11.9,-1.0,0.0,0.4,.127
Ben Poquette,1987-88,,Did not play - other pro league,,,,,,,
Ben Poquette,1988-89,,Did not play - other pro league,,,,,,,
Ben Poquette,1989-90,,Did not play - other pro league,,,,,,,
Chris Porter,2000-01,22,GSW,51,1147,11.1,-4.5,-0.7,0.2,.008
Craig Porter Jr.,2023-24,23,CLE,51,649,15.4,0.5,0.4,1.5,.108
Craig Porter Jr.,2024-25,24,CLE,51,513,13.1,1.1,0.4,1.1,.102
Howard Porter,1971-72,23,CHI,67,730,13.8,,,1.1,.076
Howard Porter,1972-73,24,CHI,43,407,15.7,,,1.0,.112
Howard Porter,1973-74,25,CHI,73,1229,15.4,-0.9,0.3,2.7,.104
Howard Porter,1974-75,26,2TM,58,1163,13.4,-1.4,0.2,2.4,.101
Howard Porter,1974-75,26,NYK,17,133,8.4,-4.0,-0.1,0.1,.033
Howard Porter,1974-75,26,DET,41,1030,14.0,-1.0,0.3,2.3,.109
Howard Porter,1975-76,27,DET,75,1482,13.0,-1.9,0.0,2.4,.076
Howard Porter,1976-77,28,DET,78,2200,13.6,-1.3,0.4,4.1,.089
Howard Porter,1977-78,29,2TM,63,1323,17.4,0.8,0.9,3.9,.142
Howard Porter,1977-78,29,DET,8,107,7.0,-4.1,-0.1,0.0,-0.004
Howard Porter,1977-78,29,NJN,55,1216,18.3,1.2,1.0,3.9,.155
Jontay Porter,2020-21,21,MEM,11,54,9.2,-6.5,-0.1,0.0,.019
Jontay Porter,2021-22,,Did not play - waived,,,,,,,
Jontay Porter,2022-23,,Did not play - other pro league,,,,,,,
Jontay Porter,2023-24,24,TOR,26,360,14.9,1.7,0.3,0.7,.089
Kevin Porter,1972-73,22,BAL,71,1217,12.4,,,2.3,.089
Kevin Porter,1973-74,23,CAP,81,2339,16.7,-0.2,1.1,5.2,.106
Kevin Porter,1974-75,24,WSB,81,2589,16.0,0.7,1.8,6.5,.120
Kevin Porter,1975-76,25,DET,19,687,15.4,-1.5,0.1,0.5,.036
Kevin Porter,1976-77,26,DET,81,2117,14.7,-1.7,0.2,2.7,.062
Kevin Porter,1977-78,27,2TM,82,2813,15.7,-0.3,1.2,4.2,.072
Kevin Porter,1977-78,27,DET,8,127,13.3,-1.9,0.0,0.2,.091
Kevin Porter,1977-78,27,NJN,74,2686,15.8,-0.2,1.2,4.0,.071
Kevin Porter,1978-79,28,DET,82,3064,17.2,1.4,2.6,6.2,.097
Kevin Porter,1979-80,29,WSB,70,1494,13.1,-1.5,0.2,1.8,.057
Kevin Porter,1980-81,30,WSB,81,2577,16.2,1.7,2.4,6.4,.119
Kevin Porter,1981-82,,Did not play - injury,,,,,,,
Kevin Porter,1982-83,32,WSB,11,210,8.4,-2.7,0.0,0.2,.055
Kevin Porter Jr.,2019-20,19,CLE,50,1162,10.8,-3.8,-0.5,0.3,.012
Kevin Porter Jr.,2020-21,20,HOU,26,835,12.5,-3.5,-0.3,0.0,.000
Kevin Porter Jr.,2021-22,21,HOU,61,1907,13.5,-1.6,0.2,0.8,.021
Kevin Porter Jr.,2022-23,22,HOU,59,2024,16.2,0.6,1.3,2.9,.068
Kevin Porter Jr.,2023-24,,Did not play - other pro league,,,,,,,
Kevin Porter Jr.,2024-25,24,2TM,75,1482,15.4,-0.6,0.5,2.2,.072
Kevin Porter Jr.,2024-25,24,LAC,45,884,12.1,-2.5,-0.1,0.2,.011
Kevin Porter Jr.,2024-25,24,MIL,30,598,20.2,2.1,0.6,2.0,.163
Michael Porter Jr.,2018-19,,Did not play - injury,,,,,,,
Michael Porter Jr.,2019-20,21,DEN,55,903,19.8,1.5,0.8,2.9,.154
Michael Porter Jr.,2020-21,22,DEN,61,1912,20.6,3.1,2.5,6.9,.173
Michael Porter Jr.,2021-22,23,DEN,9,265,7.5,-3.5,-0.1,-0.2,-0.032
Michael Porter Jr.,2022-23,24,DEN,62,1798,16.8,0.2,1.0,4.3,.116
Michael Porter Jr.,2023-24,25,DEN,81,2565,15.5,0.1,1.3,6.2,.115
Michael Porter Jr.,2024-25,26,DEN,77,2593,16.2,-0.1,1.2,6.4,.118
Otto Porter Jr.,2013-14,20,WAS,37,319,6.0,-6.2,-0.3,0.0,-0.006
Otto Porter Jr.,2014-15,21,WAS,74,1432,11.6,-0.5,0.6,2.7,.092
Otto Porter Jr.,2015-16,22,WAS,75,2276,14.5,1.1,1.8,5.6,.119
Otto Porter Jr.,2016-17,23,WAS,80,2605,17.3,3.3,3.5,9.4,.173
Otto Porter Jr.,2017-18,24,WAS,77,2432,18.3,3.5,3.4,8.1,.161
Otto Porter Jr.,2018-19,25,2TM,56,1683,15.9,0.9,1.2,3.2,.093
Otto Porter Jr.,2018-19,25,WAS,41,1191,15.0,0.3,0.7,2.1,.085
Otto Porter Jr.,2018-19,25,CHI,15,492,18.0,2.2,0.5,1.1,.112
Otto Porter Jr.,2019-20,26,CHI,14,331,15.8,1.0,0.3,0.8,.112
Otto Porter Jr.,2020-21,27,2TM,28,606,14.5,0.0,0.3,1.3,.101
Otto Porter Jr.,2020-21,27,CHI,25,540,14.8,0.2,0.3,1.2,.108
Otto Porter Jr.,2020-21,27,ORL,3,66,11.7,-1.7,0.0,0.1,.050
Otto Porter Jr.,2021-22,28,GSW,63,1396,15.9,3.1,1.8,4.9,.168
Otto Porter Jr.,2022-23,29,TOR,8,146,14.0,0.7,0.1,0.4,.142
Otto Porter Jr.,2023-24,30,TOR,15,174,8.7,-3.2,-0.1,0.3,.070
Terry Porter,1985-86,22,POR,79,1214,14.8,0.3,0.7,2.3,.093
Terry Porter,1986-87,23,POR,80,2714,16.2,1.9,2.7,6.8,.120
Terry Porter,1987-88,24,POR,82,2991,18.1,3.2,4.0,9.8,.157
Terry Porter,1988-89,25,POR,81,3102,17.7,2.3,3.3,9.2,.142
Terry Porter,1989-90,26,POR,80,2781,20.0,5.8,5.4,11.7,.202
Terry Porter,1990-91,27,POR,81,2665,21.7,7.4,6.2,13.0,.235
Terry Porter,1991-92,28,POR,82,2784,18.1,3.7,4.0,10.6,.182
Terry Porter,1992-93,29,POR,81,2883,17.0,2.6,3.3,8.8,.147
Terry Porter,1993-94,30,POR,77,2074,16.4,2.2,2.2,5.4,.124
Terry Porter,1994-95,31,POR,35,770,13.7,0.3,0.5,1.7,.106
Terry Porter,1995-96,32,MIN,82,2072,15.4,0.4,1.2,3.7,.085
Terry Porter,1996-97,33,MIN,82,1568,14.5,-0.1,0.7,2.7,.082
Terry Porter,1997-98,34,MIN,82,1786,17.3,2.4,2.0,5.2,.139
Terry Porter,1998-99,35,MIA,50,1365,16.9,2.9,1.7,5.0,.178
Terry Porter,1999-00,36,SAS,68,1613,16.6,3.4,2.2,5.6,.168
Terry Porter,2000-01,37,SAS,80,1678,15.5,2.6,2.0,5.4,.154
Terry Porter,2001-02,38,SAS,72,1294,13.9,1.7,1.2,3.5,.131
Willie Porter,1965-66,,Did not play - other pro league,,,,,,,
Willie Porter,1966-67,,Did not play - other pro league,,,,,,,
Willie Porter,1967-68,26,2TM,56,1294,14.2,,,1.8,.068
Willie Porter,1967-68,26,OAK,43,1123,14.0,,,1.6,.070
Willie Porter,1967-68,26,PTP,13,171,15.4,,,0.2,.061
Willie Porter,1968-69,27,2TM,13,148,19.6,,,0.6,.189
Willie Porter,1968-69,27,MNP,11,137,17.9,,,0.5,.182
Willie Porter,1968-69,27,HSM,2,11,41.3,,,0.1,.285
Bobby Portis,2015-16,20,CHI,62,1102,13.8,-3.3,-0.4,1.5,.066
Bobby Portis,2016-17,21,CHI,64,1000,14.9,-1.5,0.1,2.4,.114
Bobby Portis,2017-18,22,CHI,73,1643,19.7,0.8,1.2,3.5,.101
Bobby Portis,2018-19,23,2TM,50,1299,16.1,-2.4,-0.1,1.6,.060
Bobby Portis,2018-19,23,CHI,22,531,17.2,-1.9,0.0,0.7,.062
Bobby Portis,2018-19,23,WAS,28,768,15.3,-2.8,-0.2,0.9,.058
Bobby Portis,2019-20,24,NYK,66,1393,14.6,-1.1,0.3,1.9,.064
Bobby Portis,2020-21,25,MIL,66,1372,19.9,1.5,1.2,4.8,.167
Bobby Portis,2021-22,26,MIL,72,2028,17.7,0.2,1.1,5.5,.131
Bobby Portis,2022-23,27,MIL,70,1818,17.8,0.7,1.2,5.3,.139
Bobby Portis,2023-24,28,MIL,82,2008,17.5,-0.8,0.6,4.7,.112
Bobby Portis,2024-25,29,MIL,49,1244,17.7,0.2,0.7,2.7,.106
Bob Portman,1969-70,22,SFW,60,813,14.6,,,1.2,.068
Bob Portman,1970-71,23,SFW,68,1395,12.1,,,1.9,.066
Bob Portman,1971-72,24,GSW,61,553,12.0,,,0.8,.067
Bob Portman,1972-73,25,GSW,32,176,16.1,,,0.5,.142
Kristaps Porziņģis,2015-16,20,NYK,72,2047,17.7,0.9,1.5,4.4,.102
Kristaps Porziņģis,2016-17,21,NYK,66,2164,17.4,0.3,1.3,4.5,.100
Kristaps Porziņģis,2017-18,22,NYK,48,1553,20.4,1.8,1.5,3.2,.099
Kristaps Porziņģis,2018-19,,Did not play - injury,,,,,,,
Kristaps Porziņģis,2019-20,24,DAL,57,1814,20.2,1.9,1.8,5.2,.138
Kristaps Porziņģis,2020-21,25,DAL,43,1327,21.3,2.2,1.4,4.3,.154
Kristaps Porziņģis,2021-22,26,2TM,51,1481,23.7,3.9,2.2,5.6,.180
Kristaps Porziņģis,2021-22,26,DAL,34,1002,21.8,3.0,1.3,3.4,.161
Kristaps Porziņģis,2021-22,26,WAS,17,479,27.7,5.7,0.9,2.2,.220
Kristaps Porziņģis,2022-23,27,WAS,65,2120,23.1,4.3,3.4,7.7,.174
Kristaps Porziņģis,2023-24,28,BOS,57,1690,23.2,5.1,3.0,7.9,.226
Kristaps Porziņģis,2024-25,29,BOS,42,1210,22.3,4.7,2.1,5.3,.212
James Posey,1999-00,23,DEN,81,2052,13.0,0.7,1.4,4.3,.101
James Posey,2000-01,24,DEN,82,2255,12.5,-0.4,0.9,3.8,.080
James Posey,2001-02,25,DEN,73,2238,12.9,-0.8,0.7,2.7,.058
James Posey,2002-03,26,2TM,83,2518,13.5,0.6,1.7,5.4,.104
James Posey,2002-03,26,DEN,25,872,12.3,0.1,0.5,1.0,.055
James Posey,2002-03,26,HOU,58,1646,14.2,0.8,1.2,4.4,.129
James Posey,2003-04,27,MEM,82,2451,18.8,3.7,3.5,10.0,.195
James Posey,2004-05,28,MEM,50,1382,10.5,-0.7,0.5,2.3,.079
James Posey,2005-06,29,MIA,67,1914,9.8,0.1,1.0,4.2,.104
James Posey,2006-07,30,MIA,71,1919,12.7,0.9,1.4,5.2,.130
James Posey,2007-08,31,BOS,74,1821,12.0,2.5,2.1,6.2,.164
James Posey,2008-09,32,NOH,75,2140,10.8,-1.0,0.6,4.2,.095
James Posey,2009-10,33,NOH,77,1731,8.7,-1.8,0.1,2.4,.067
James Posey,2010-11,34,IND,49,839,7.5,-2.0,0.0,1.0,.056
Quinten Post,2024-25,24,GSW,42,686,14.2,0.1,0.4,1.7,.116
Lavor Postell,2000-01,22,NYK,26,169,7.2,-5.1,-0.1,-0.1,-0.027
Lavor Postell,2001-02,23,NYK,23,179,11.0,-3.5,-0.1,-0.1,-0.019
Lavor Postell,2002-03,24,NYK,12,98,7.8,-7.4,-0.1,-0.1,-0.032
John Postley,1967-68,27,PTP,1,6,20.9,,,0.0,.007
Vitaly Potapenko,1996-97,21,CLE,80,1238,9.5,-6.6,-1.4,0.5,.020
Vitaly Potapenko,1997-98,22,CLE,80,1412,11.0,-4.1,-0.8,1.5,.052
Vitaly Potapenko,1998-99,23,2TM,50,1394,13.6,-2.0,0.0,2.2,.076
Vitaly Potapenko,1998-99,23,CLE,17,467,10.5,-2.9,-0.1,0.4,.041
Vitaly Potapenko,1998-99,23,BOS,33,927,15.1,-1.6,0.1,1.8,.094
Vitaly Potapenko,1999-00,24,BOS,79,1797,13.8,-3.5,-0.7,2.5,.066
Vitaly Potapenko,2000-01,25,BOS,82,1901,12.8,-3.6,-0.8,3.4,.087
Vitaly Potapenko,2001-02,26,BOS,79,1343,11.4,-3.8,-0.6,3.1,.111
Vitaly Potapenko,2002-03,27,SEA,26,403,8.2,-5.4,-0.3,0.2,.027
Vitaly Potapenko,2003-04,28,SEA,65,1419,11.2,-4.3,-0.8,1.1,.037
Vitaly Potapenko,2004-05,29,SEA,33,335,14.5,-1.4,0.1,1.0,.142
Vitaly Potapenko,2005-06,30,2TM,33,353,7.4,-6.7,-0.4,0.1,.012
Vitaly Potapenko,2005-06,30,SEA,24,321,7.4,-6.8,-0.4,0.0,.006
Vitaly Potapenko,2005-06,30,SAC,9,32,8.2,-6.1,0.0,0.0,.068
Vitaly Potapenko,2006-07,31,SAC,3,13,-22.1,-28.6,-0.1,-0.1,-0.534
Micah Potter,2021-22,23,DET,3,31,13.6,-7.1,0.0,0.0,.073
Micah Potter,2022-23,24,UTA,7,52,18.6,3.5,0.1,0.2,.186
Micah Potter,2023-24,25,UTA,16,186,11.0,-2.3,0.0,0.3,.075
Micah Potter,2024-25,26,UTA,38,705,8.5,-3.5,-0.3,0.4,.030
Leon Powe,2006-07,23,BOS,63,720,14.6,-3.8,-0.3,1.7,.116
Leon Powe,2007-08,24,BOS,56,809,20.9,0.2,0.5,4.3,.256
Leon Powe,2008-09,25,BOS,70,1227,17.2,-0.3,0.5,4.9,.192
Leon Powe,2009-10,26,CLE,20,236,10.2,-5.8,-0.2,0.5,.097
Leon Powe,2010-11,27,2TM,30,328,15.0,-3.4,-0.1,0.6,.090
Leon Powe,2010-11,27,CLE,14,187,12.9,-3.3,-0.1,0.2,.051
Leon Powe,2010-11,27,MEM,16,141,17.8,-3.5,-0.1,0.4,.142
Cincy Powell,1966-67,,Did not play - other pro league,,,,,,,
Cincy Powell,1967-68,25,DLC,77,2524,20.4,,,8.1,.154
Cincy Powell,1968-69,26,DLC,75,2573,19.4,,,6.4,.119
Cincy Powell,1969-70,27,DLC,76,2624,18.5,,,6.8,.125
Cincy Powell,1970-71,28,KEN,81,2933,17.1,,,7.0,.114
Cincy Powell,1971-72,29,KEN,65,2288,14.7,,,5.4,.114
Cincy Powell,1972-73,30,UTS,83,1985,14.7,,,4.3,.104
Cincy Powell,1973-74,31,VIR,82,2485,13.9,-2.1,-0.1,3.0,.059
Cincy Powell,1974-75,32,VIR,60,1224,10.9,-3.4,-0.4,0.1,.002
Dwight Powell,2014-15,23,2TM,29,236,13.8,-1.0,0.1,0.6,.122
Dwight Powell,2014-15,23,BOS,5,9,34.9,12.9,0.0,0.0,.138
Dwight Powell,2014-15,23,DAL,24,227,13.0,-1.6,0.0,0.6,.121
Dwight Powell,2015-16,24,DAL,69,992,16.8,0.1,0.5,3.1,.151
Dwight Powell,2016-17,25,DAL,77,1333,17.6,1.0,1.0,4.6,.165
Dwight Powell,2017-18,26,DAL,79,1672,18.8,1.6,1.5,6.6,.191
Dwight Powell,2018-19,27,DAL,77,1662,20.4,2.9,2.1,7.5,.215
Dwight Powell,2019-20,28,DAL,40,1061,15.9,1.3,0.9,3.6,.162
Dwight Powell,2020-21,29,DAL,58,966,16.8,0.6,0.6,3.8,.188
Dwight Powell,2021-22,30,DAL,82,1798,18.1,0.9,1.3,8.2,.219
Dwight Powell,2022-23,31,DAL,76,1458,15.5,-1.2,0.3,5.1,.168
Dwight Powell,2023-24,32,DAL,63,836,14.5,-0.3,0.4,3.1,.181
Dwight Powell,2024-25,33,DAL,55,551,12.9,0.0,0.3,1.7,.147
Josh Powell,2003-04,,Did not play - other pro league,,,,,,,
Josh Powell,2004-05,,Did not play - other pro league,,,,,,,
Josh Powell,2005-06,23,DAL,37,429,9.2,-3.6,-0.2,0.7,.079
Josh Powell,2006-07,24,2TM,37,353,9.6,-6.0,-0.4,0.3,.036
Josh Powell,2006-07,24,IND,7,64,-1.3,-14.4,-0.2,-0.1,-0.096
Josh Powell,2006-07,24,GSW,30,289,12.0,-4.1,-0.2,0.4,.065
Josh Powell,2007-08,25,LAC,64,1228,10.7,-4.9,-0.9,1.1,.042
Josh Powell,2008-09,26,LAL,60,703,9.9,-6.4,-0.8,0.6,.043
Josh Powell,2009-10,27,LAL,63,581,6.7,-6.3,-0.6,0.0,.001
Josh Powell,2010-11,28,ATL,54,653,8.0,-7.3,-0.9,-0.2,-0.012
Josh Powell,2011-12,,Did not play - other pro league,,,,,,,
Josh Powell,2012-13,,Did not play - other pro league,,,,,,,
Josh Powell,2013-14,31,HOU,1,19,2.5,-11.4,0.0,0.0,-0.094
Josh Powell,2014-15,,Did not play - coaching staff,,,,,,,
Kasib Powell,2007-08,26,MIA,11,304,9.0,-3.8,-0.1,0.0,.006
Myles Powell,2021-22,24,PHI,11,52,0.2,-12.7,-0.1,-0.1,-0.109
Norman Powell,2015-16,22,TOR,49,725,13.3,-0.3,0.3,1.6,.105
Norman Powell,2016-17,23,TOR,76,1368,14.0,-0.5,0.5,2.8,.097
Norman Powell,2017-18,24,TOR,70,1062,8.5,-2.9,-0.3,0.6,.027
Norman Powell,2018-19,25,TOR,60,1126,13.3,-0.7,0.4,2.4,.102
Norman Powell,2019-20,26,TOR,52,1479,16.8,2.0,1.5,4.6,.150
Norman Powell,2020-21,27,2TM,69,2205,16.2,0.4,1.3,4.7,.103
Norman Powell,2020-21,27,TOR,42,1277,17.7,1.5,1.1,3.2,.120
Norman Powell,2020-21,27,POR,27,928,14.2,-1.2,0.2,1.5,.078
Norman Powell,2021-22,28,2TM,45,1458,16.3,-0.3,0.6,2.8,.093
Norman Powell,2021-22,28,POR,40,1333,15.3,-1.0,0.3,2.1,.076
Norman Powell,2021-22,28,LAC,5,125,27.1,7.7,0.3,0.7,.272
Norman Powell,2022-23,29,LAC,60,1567,17.1,0.3,0.9,3.5,.107
Norman Powell,2023-24,30,LAC,76,1990,13.9,-0.8,0.6,4.1,.099
Norman Powell,2024-25,31,LAC,60,1958,17.5,1.5,1.8,5.3,.129
Roger Powell,2006-07,24,UTA,3,13,-8.3,-18.9,-0.1,-0.1,-0.327
Alex Poythress,2016-17,23,PHI,6,157,13.2,-2.9,0.0,0.3,.099
Alex Poythress,2017-18,24,IND,25,104,7.8,-5.1,-0.1,0.1,.066
Alex Poythress,2018-19,25,ATL,21,305,12.2,-3.5,-0.1,0.5,.086
Mal Pradd,1967-68,23,NOB,29,125,12.2,,,0.4,.156
Mal Pradd,1968-69,24,NOB,50,323,21.7,,,1.3,.193
Mike Pratt,1970-71,22,KEN,78,1213,10.4,,,0.9,.037
Mike Pratt,1971-72,23,KEN,65,889,11.3,,,2.2,.121
Paul Pressey,1982-83,24,MIL,79,1528,12.8,0.8,1.1,2.0,.062
Paul Pressey,1983-84,25,MIL,81,1730,14.5,1.9,1.7,3.8,.106
Paul Pressey,1984-85,26,MIL,80,2876,17.6,4.2,4.5,9.6,.160
Paul Pressey,1985-86,27,MIL,80,2704,18.6,5.7,5.3,9.8,.174
Paul Pressey,1986-87,28,MIL,61,2057,16.7,3.5,2.9,5.5,.129
Paul Pressey,1987-88,29,MIL,75,2484,17.0,3.0,3.2,7.1,.136
Paul Pressey,1988-89,30,MIL,67,2170,15.0,2.2,2.3,4.8,.105
Paul Pressey,1989-90,31,MIL,57,1400,15.9,1.3,1.2,3.0,.102
Paul Pressey,1990-91,32,SAS,70,1683,11.4,-0.1,0.8,3.2,.090
Paul Pressey,1991-92,33,SAS,56,759,8.0,-2.2,0.0,0.3,.019
Paul Pressey,1992-93,34,GSW,18,268,8.4,-2.9,-0.1,0.1,.018
Phil Pressey,2013-14,22,BOS,75,1132,8.8,-3.3,-0.4,0.1,.005
Phil Pressey,2014-15,23,BOS,50,600,11.8,-1.2,0.1,0.8,.060
Phil Pressey,2015-16,24,2TM,23,283,10.6,-3.2,-0.1,-0.1,-0.017
Phil Pressey,2015-16,24,PHI,14,170,11.8,-2.6,0.0,0.0,-0.014
Phil Pressey,2015-16,24,PHO,9,113,8.6,-3.9,-0.1,-0.1,-0.022
Dominic Pressley,1986-87,,Did not play - other pro league,,,,,,,
Dominic Pressley,1987-88,,Did not play - other pro league,,,,,,,
Dominic Pressley,1988-89,24,2TM,13,124,5.3,-6.7,-0.1,-0.2,-0.069
Dominic Pressley,1988-89,24,WSB,10,107,5.9,-6.1,-0.1,-0.1,-0.063
Dominic Pressley,1988-89,24,CHI,3,17,1.0,-10.3,0.0,0.0,-0.109
Harold Pressley,1986-87,23,SAC,67,913,11.8,-0.6,0.3,0.7,.035
Harold Pressley,1987-88,24,SAC,80,2029,12.7,-0.8,0.6,2.2,.052
Harold Pressley,1988-89,25,SAC,80,2257,15.7,1.9,2.2,4.8,.102
Harold Pressley,1989-90,26,SAC,72,1603,13.7,0.0,0.8,2.3,.069
Harold Pressley,1990-91,,Did not play - other pro league,,,,,,,
Harold Pressley,1991-92,,Did not play - other pro league,,,,,,,
Harold Pressley,1992-93,,Did not play - other pro league,,,,,,,
Harold Pressley,1993-94,,Did not play - other pro league,,,,,,,
Harold Pressley,1994-95,,Did not play - other pro league,,,,,,,
Jason Preston,2021-22,,Did not play - injury,,,,,,,
Jason Preston,2022-23,23,LAC,14,124,10.3,-2.6,0.0,0.1,.021
Jason Preston,2023-24,24,UTA,7,71,10.5,-2.6,0.0,0.0,.026
Steve Previs,1972-73,22,CAR,30,147,6.2,,,-0.1,-0.035
A.J. Price,2009-10,23,IND,56,865,14.0,-0.5,0.3,1.2,.065
A.J. Price,2010-11,24,IND,50,795,10.7,-2.9,-0.2,0.3,.020
A.J. Price,2011-12,25,IND,44,568,11.5,-1.0,0.1,0.7,.063
A.J. Price,2012-13,26,WAS,57,1278,12.4,-0.6,0.5,2.2,.084
A.J. Price,2013-14,27,MIN,28,99,9.7,-4.8,-0.1,0.0,-0.012
A.J. Price,2014-15,28,3TM,26,324,12.0,-1.4,0.0,0.3,.041
A.J. Price,2014-15,28,IND,10,193,17.1,3.0,0.2,0.5,.123
A.J. Price,2014-15,28,CLE,11,87,7.7,-5.9,-0.1,-0.1,-0.051
A.J. Price,2014-15,28,PHO,5,44,-1.6,-11.8,-0.1,-0.1,-0.140
Brent Price,1992-93,24,WSB,68,859,9.3,-4.8,-0.6,-0.6,-0.035
Brent Price,1993-94,25,WSB,65,1035,13.2,-2.1,0.0,0.7,.033
Brent Price,1994-95,,Did not play - injury,,,,,,,
Brent Price,1995-96,27,WSB,81,2042,17.5,3.0,2.6,7.4,.174
Brent Price,1996-97,28,HOU,25,390,12.0,-1.4,0.1,0.7,.092
Brent Price,1997-98,29,HOU,72,1332,10.9,-2.0,0.0,1.6,.059
Brent Price,1998-99,30,HOU,40,806,15.0,0.3,0.5,2.2,.128
Brent Price,1999-00,31,VAN,41,424,9.5,-4.0,-0.2,0.1,.009
Brent Price,2000-01,32,VAN,6,30,9.4,-5.5,0.0,0.0,-0.003
Brent Price,2001-02,33,SAC,20,89,6.6,-5.9,-0.1,0.0,-0.009
Jim Price,1972-73,23,LAL,59,828,12.7,,,1.5,.088
Jim Price,1973-74,24,LAL,82,2628,15.5,0.2,1.5,5.0,.091
Jim Price,1974-75,25,2TM,50,1870,16.1,0.7,1.3,3.7,.095
Jim Price,1974-75,25,LAL,9,339,19.7,1.5,0.3,0.8,.111
Jim Price,1974-75,25,MIL,41,1531,15.4,0.5,1.0,2.9,.092
Jim Price,1975-76,26,MIL,80,2525,13.7,-1.0,0.7,2.6,.049
Jim Price,1976-77,27,3TM,81,1828,11.8,-0.8,0.6,2.7,.070
Jim Price,1976-77,27,MIL,6,111,15.4,-1.1,0.1,0.2,.108
Jim Price,1976-77,27,BUF,20,333,10.8,-2.2,0.0,0.2,.032
Jim Price,1976-77,27,DEN,55,1384,11.8,-0.5,0.5,2.2,.076
Jim Price,1977-78,28,2TM,83,1929,12.2,-1.3,0.3,2.4,.061
Jim Price,1977-78,28,DEN,49,1090,11.2,-1.2,0.2,1.3,.056
Jim Price,1977-78,28,DET,34,839,13.5,-1.4,0.1,1.2,.066
Jim Price,1978-79,29,LAL,75,1207,12.3,-0.8,0.4,1.8,.070
Mark Price,1986-87,22,CLE,67,1217,11.3,-2.6,-0.2,1.1,.043
Mark Price,1987-88,23,CLE,80,2626,17.6,2.2,2.8,7.8,.143
Mark Price,1988-89,24,CLE,75,2728,20.6,4.5,4.5,11.3,.199
Mark Price,1989-90,25,CLE,73,2706,21.1,5.2,4.9,10.1,.179
Mark Price,1990-91,26,CLE,16,571,21.7,5.6,1.1,2.0,.167
Mark Price,1991-92,27,CLE,72,2138,22.7,5.8,4.2,9.1,.205
Mark Price,1992-93,28,CLE,75,2380,22.1,5.3,4.4,9.8,.197
Mark Price,1993-94,29,CLE,76,2386,22.7,6.4,5.0,10.0,.201
Mark Price,1994-95,30,CLE,48,1375,20.6,4.9,2.4,4.2,.147
Mark Price,1995-96,31,WSB,7,127,10.3,-2.5,0.0,0.0,-0.011
Mark Price,1996-97,32,GSW,70,1876,16.5,1.2,1.5,4.0,.102
Mark Price,1997-98,33,ORL,63,1430,14.9,-0.4,0.6,1.7,.058
Mike Price,1970-71,22,NYK,56,251,5.6,,,0.2,.034
Mike Price,1971-72,23,2TM,10,65,6.9,,,0.1,.038
Mike Price,1971-72,23,NYK,6,40,13.6,,,0.1,.121
Mike Price,1971-72,23,INA,4,25,-3.9,,,0.0,-0.096
Mike Price,1972-73,24,PHI,57,751,10.4,,,0.2,.011
Ronnie Price,2005-06,22,SAC,29,150,10.5,-3.2,0.0,0.1,.021
Ronnie Price,2006-07,23,SAC,58,563,10.5,-1.8,0.0,0.4,.035
Ronnie Price,2007-08,24,UTA,61,588,12.3,-0.7,0.2,1.1,.094
Ronnie Price,2008-09,25,UTA,52,738,8.5,-3.5,-0.3,0.1,.009
Ronnie Price,2009-10,26,UTA,60,806,10.3,-1.3,0.1,0.9,.056
Ronnie Price,2010-11,27,UTA,59,717,5.5,-6.3,-0.8,-0.7,-0.048
Ronnie Price,2011-12,28,PHO,36,517,8.4,-3.1,-0.2,0.1,.008
Ronnie Price,2012-13,29,POR,39,510,6.8,-4.9,-0.4,-0.2,-0.017
Ronnie Price,2013-14,30,ORL,31,377,7.6,-4.3,-0.2,-0.1,-0.007
Ronnie Price,2014-15,31,LAL,43,982,10.2,-2.6,-0.1,0.7,.036
Ronnie Price,2015-16,32,PHO,62,1211,9.6,-1.8,0.1,1.4,.056
Ronnie Price,2016-17,33,PHO,14,134,5.9,-3.4,0.0,0.0,.002
Tony Price,1979-80,,Did not play - waived,,,,,,,
Tony Price,1980-81,24,SDC,5,29,2.4,-4.3,0.0,-0.1,-0.089
Bob Priddy,1952-53,22,BLB,16,149,7.8,,,0.0,.006
Pablo Prigioni,2012-13,35,NYK,78,1263,13.0,0.1,0.7,3.2,.123
Pablo Prigioni,2013-14,36,NYK,66,1283,13.0,0.5,0.8,3.4,.127
Pablo Prigioni,2014-15,37,2TM,67,1197,12.2,0.0,0.6,2.3,.092
Pablo Prigioni,2014-15,37,NYK,43,795,12.7,0.1,0.4,1.2,.075
Pablo Prigioni,2014-15,37,HOU,24,402,11.4,-0.2,0.2,1.1,.127
Pablo Prigioni,2015-16,38,LAC,59,823,10.2,-0.4,0.3,1.5,.087
Joshua Primo,2021-22,19,SAS,50,965,7.1,-5.0,-0.7,0.0,.001
Joshua Primo,2022-23,20,SAS,4,93,6.1,-6.3,-0.1,-0.1,-0.073
Joshua Primo,2023-24,21,LAC,2,10,-12.8,-25.0,-0.1,-0.1,-0.585
Taurean Prince,2016-17,22,ATL,59,981,9.8,-1.8,0.0,1.1,.054
Taurean Prince,2017-18,23,ATL,82,2464,12.8,-1.1,0.6,2.0,.038
Taurean Prince,2018-19,24,ATL,55,1552,11.9,-2.0,0.0,1.5,.047
Taurean Prince,2019-20,25,BRK,64,1857,9.1,-2.9,-0.4,0.6,.014
Taurean Prince,2020-21,26,2TM,41,905,12.1,-1.8,0.0,1.0,.052
Taurean Prince,2020-21,26,BRK,12,218,11.7,-2.2,0.0,0.3,.062
Taurean Prince,2020-21,26,CLE,29,687,12.2,-1.7,0.0,0.7,.049
Taurean Prince,2021-22,27,MIN,69,1177,12.4,-0.9,0.3,2.2,.090
Taurean Prince,2022-23,28,MIN,54,1192,10.0,-3.3,-0.4,1.3,.052
Taurean Prince,2023-24,29,LAL,78,2108,8.8,-2.8,-0.4,1.9,.043
Taurean Prince,2024-25,30,MIL,80,2166,9.8,-1.7,0.1,3.5,.077
Tayshaun Prince,2002-03,22,DET,42,435,11.7,0.0,0.2,0.8,.084
Tayshaun Prince,2003-04,23,DET,82,2701,13.3,1.8,2.6,7.5,.134
Tayshaun Prince,2004-05,24,DET,82,3039,16.2,2.1,3.1,9.4,.149
Tayshaun Prince,2005-06,25,DET,82,2898,14.8,0.3,1.7,7.0,.115
Tayshaun Prince,2006-07,26,DET,82,3001,16.0,1.8,2.9,8.0,.128
Tayshaun Prince,2007-08,27,DET,82,2694,15.6,1.6,2.5,7.5,.133
Tayshaun Prince,2008-09,28,DET,82,3057,15.0,1.2,2.5,6.2,.098
Tayshaun Prince,2009-10,29,DET,49,1664,16.0,0.8,1.2,3.2,.091
Tayshaun Prince,2010-11,30,DET,78,2562,15.1,-0.8,0.7,3.3,.062
Tayshaun Prince,2011-12,31,DET,63,2087,12.8,-1.5,0.3,2.1,.048
Tayshaun Prince,2012-13,32,2TM,82,2631,11.5,-1.2,0.5,3.6,.065
Tayshaun Prince,2012-13,32,DET,45,1457,12.5,-1.4,0.2,1.7,.057
Tayshaun Prince,2012-13,32,MEM,37,1174,10.2,-0.9,0.3,1.8,.075
Tayshaun Prince,2013-14,33,MEM,76,1948,8.2,-2.5,-0.2,1.5,.038
Tayshaun Prince,2014-15,34,3TM,58,1397,12.0,-0.6,0.5,2.5,.086
Tayshaun Prince,2014-15,34,MEM,26,628,10.6,-1.6,0.1,1.0,.073
Tayshaun Prince,2014-15,34,BOS,9,198,16.9,4.0,0.3,0.7,.165
Tayshaun Prince,2014-15,34,DET,23,571,11.8,-1.2,0.1,0.9,.072
Tayshaun Prince,2015-16,35,MIN,77,1462,6.3,-3.0,-0.4,0.4,.014
John Pritchard,1949-50,23,WAT,7,,,,,-0.2,
Kevin Pritchard,1990-91,23,GSW,62,773,6.9,-5.0,-0.6,-0.2,-0.012
Kevin Pritchard,1991-92,24,BOS,11,136,12.6,-0.3,0.1,0.2,.087
Kevin Pritchard,1992-93,,Did not play - other pro league,,,,,,,
Kevin Pritchard,1993-94,,Did not play - other pro league,,,,,,,
Kevin Pritchard,1994-95,27,2TM,19,194,8.1,-4.3,-0.1,0.2,.038
Kevin Pritchard,1994-95,27,PHI,5,36,-1.3,-14.3,-0.1,-0.2,-0.211
Kevin Pritchard,1994-95,27,MIA,14,158,10.3,-2.1,0.0,0.3,.095
Kevin Pritchard,1995-96,28,WSB,2,22,25.6,11.9,0.1,0.2,.384
Payton Pritchard,2020-21,23,BOS,66,1268,12.4,-0.7,0.4,2.5,.095
Payton Pritchard,2021-22,24,BOS,71,1001,15.0,1.8,1.0,3.1,.148
Payton Pritchard,2022-23,25,BOS,48,643,10.3,-3.4,-0.2,0.6,.045
Payton Pritchard,2023-24,26,BOS,82,1825,15.3,1.0,1.4,6.1,.160
Payton Pritchard,2024-25,27,BOS,80,2271,17.6,3.5,3.2,8.6,.183
Laron Profit,1999-00,22,WAS,33,225,4.4,-5.8,-0.2,-0.3,-0.073
Laron Profit,2000-01,23,WAS,35,605,11.7,-1.0,0.2,0.3,.023
Laron Profit,2001-02,,Did not play - other pro league,,,,,,,
Laron Profit,2002-03,,Did not play - other pro league,,,,,,,
Laron Profit,2003-04,,Did not play - other pro league,,,,,,,
Laron Profit,2004-05,27,WAS,42,428,11.5,-1.9,0.0,0.4,.049
Laron Profit,2005-06,28,LAL,25,279,11.8,-1.8,0.0,0.3,.050
Olivier-Maxence Prosper,2023-24,21,DAL,40,336,11.6,-2.9,-0.1,0.5,.076
Olivier-Maxence Prosper,2024-25,22,DAL,52,584,12.6,-2.1,0.0,0.9,.072
Gabe Pruitt,2007-08,21,BOS,15,95,8.3,-4.8,-0.1,0.1,.028
Gabe Pruitt,2008-09,22,BOS,47,366,7.6,-2.2,0.0,0.4,.047
Joel Przybilla,2000-01,21,MIL,33,270,5.9,-6.3,-0.3,0.1,.018
Joel Przybilla,2001-02,22,MIL,71,1128,10.2,-2.3,-0.1,1.9,.079
Joel Przybilla,2002-03,23,MIL,32,546,7.9,-4.0,-0.3,0.6,.051
Joel Przybilla,2003-04,24,2TM,17,347,6.7,-7.1,-0.4,0.1,.007
Joel Przybilla,2003-04,24,MIL,5,33,3.4,-5.3,0.0,0.0,.016
Joel Przybilla,2003-04,24,ATL,12,314,7.1,-7.3,-0.4,0.0,.006
Joel Przybilla,2004-05,25,POR,76,1858,15.5,-0.2,0.8,4.7,.121
Joel Przybilla,2005-06,26,POR,56,1395,15.3,-0.6,0.5,2.3,.078
Joel Przybilla,2006-07,27,POR,43,701,7.4,-3.5,-0.3,0.3,.020
Joel Przybilla,2007-08,28,POR,77,1819,12.3,-1.7,0.1,4.3,.113
Joel Przybilla,2008-09,29,POR,82,1952,15.4,0.9,1.4,6.6,.163
Joel Przybilla,2009-10,30,POR,30,681,11.2,-1.3,0.1,1.4,.101
Joel Przybilla,2010-11,31,2TM,36,519,6.2,-4.8,-0.4,0.5,.046
Joel Przybilla,2010-11,31,POR,31,445,7.2,-3.7,-0.2,0.6,.066
Joel Przybilla,2010-11,31,CHA,5,74,0.3,-11.8,-0.2,-0.1,-0.074
Joel Przybilla,2011-12,32,POR,27,449,6.0,-5.5,-0.4,0.3,.034
Joel Przybilla,2012-13,33,MIL,12,68,3.3,-7.1,-0.1,0.0,-0.005
Les Pugh,1948-49,26,PRO,60,,,,,0.0,
Les Pugh,1949-50,27,BLB,56,,,,,0.6,
Roy Pugh,1948-49,26,3TM,23,,,,,-0.2,
Roy Pugh,1948-49,26,INJ,6,,,,,-0.1,
Roy Pugh,1948-49,26,FTW,4,,,,,0.1,
Roy Pugh,1948-49,26,PHW,13,,,,,-0.2,
Anthony Pullard,1992-93,26,MIL,8,37,9.2,-7.7,-0.1,-0.1,-0.114
Jacob Pullen,2017-18,28,PHI,3,6,-2.3,-12.7,0.0,0.0,-0.210
Zyon Pullin,2024-25,23,MEM,3,3,-11.7,-22.7,0.0,0.0,-0.304
Rodney Purvis,2017-18,23,ORL,16,290,4.5,-8.2,-0.5,-0.3,-0.056
Don Putman,1946-47,24,STB,58,,,,,1.7,
Don Putman,1947-48,25,STB,42,,,,,1.5,
Don Putman,1948-49,26,STB,59,,,,,-0.5,
Don Putman,1949-50,27,STB,57,,,,,-0.7,
Zhou Qi,2016-17,,Did not play - other pro league,,,,,,,
Zhou Qi,2017-18,22,HOU,18,124,1.9,-10.1,-0.3,-0.3,-0.104
Zhou Qi,2018-19,23,HOU,1,1,80.4,52.0,0.0,0.0,1.261
Tim Quarterman,2016-17,22,POR,16,80,10.2,-2.8,0.0,-0.1,-0.044
Tim Quarterman,2017-18,23,HOU,3,13,2.9,-9.7,0.0,0.0,-0.083
Trevelin Queen,2021-22,24,HOU,10,74,18.2,1.9,0.1,0.1,.080
Trevelin Queen,2022-23,25,IND,7,70,6.0,-7.2,-0.1,-0.2,-0.133
Trevelin Queen,2023-24,26,ORL,14,165,8.3,-3.4,-0.1,0.2,.056
Trevelin Queen,2024-25,27,ORL,31,430,11.9,-0.3,0.2,0.7,.074
Neemias Queta,2021-22,22,SAC,15,120,12.7,-5.1,-0.1,0.1,.051
Neemias Queta,2022-23,23,SAC,5,29,17.0,-3.4,0.0,0.1,.149
Neemias Queta,2023-24,24,BOS,28,333,22.9,1.5,0.3,1.8,.259
Neemias Queta,2024-25,25,BOS,62,863,16.3,-0.7,0.3,3.2,.179
Bob Quick,1968-69,22,BAL,28,154,14.9,,,0.3,.092
Bob Quick,1969-70,23,2TM,34,364,12.9,,,0.6,.076
Bob Quick,1969-70,23,BAL,15,67,15.9,,,0.2,.162
Bob Quick,1969-70,23,DET,19,297,12.2,,,0.4,.057
Bob Quick,1970-71,24,DET,56,1146,12.4,,,2.6,.110
Bob Quick,1971-72,25,2TM,24,261,17.2,,,0.8,.148
Bob Quick,1971-72,25,DET,18,204,17.1,,,0.5,.121
Bob Quick,1971-72,25,DLC,6,57,17.8,,,0.3,.245
Immanuel Quickley,2020-21,21,NYK,64,1243,15.8,0.9,0.9,3.2,.125
Immanuel Quickley,2021-22,22,NYK,78,1802,14.6,0.2,1.0,4.2,.113
Immanuel Quickley,2022-23,23,NYK,81,2344,16.3,1.7,2.1,6.7,.137
Immanuel Quickley,2023-24,24,2TM,68,1985,16.7,1.3,1.7,4.7,.115
Immanuel Quickley,2023-24,24,NYK,30,720,17.1,2.5,0.8,2.2,.149
Immanuel Quickley,2023-24,24,TOR,38,1265,16.5,0.6,0.8,2.5,.095
Immanuel Quickley,2024-25,25,TOR,33,918,17.5,2.2,1.0,2.5,.128
Chris Quinn,2006-07,23,MIA,42,408,12.3,-1.9,0.0,0.6,.070
Chris Quinn,2007-08,24,MIA,60,1340,13.8,-0.5,0.5,2.6,.092
Chris Quinn,2008-09,25,MIA,66,962,12.9,-1.0,0.2,2.1,.104
Chris Quinn,2009-10,26,NJN,25,223,9.3,-2.5,0.0,0.1,.025
Chris Quinn,2010-11,27,SAS,41,292,7.5,-4.3,-0.2,0.1,.024
Chris Quinn,2011-12,,Did not play - other pro league,,,,,,,
Chris Quinn,2012-13,29,CLE,7,78,1.3,-9.2,-0.1,-0.2,-0.124
Brian Quinnett,1989-90,23,NYK,31,193,3.9,-7.0,-0.2,-0.1,-0.015
Brian Quinnett,1990-91,24,NYK,68,1011,9.0,-3.4,-0.3,0.8,.039
Brian Quinnett,1991-92,25,2TM,39,326,9.1,-2.7,-0.1,0.1,.016
Brian Quinnett,1991-92,25,NYK,24,190,10.1,-1.4,0.0,0.3,.067
Brian Quinnett,1991-92,25,DAL,15,136,7.7,-4.6,-0.1,-0.2,-0.054
Lester Quiñones,2022-23,22,GSW,4,18,8.6,-10.2,0.0,0.0,-0.103
Lester Quiñones,2023-24,23,GSW,37,394,10.3,-3.3,-0.1,0.6,.068
Lester Quiñones,2024-25,24,2TM,13,183,9.5,-6.1,-0.2,-0.1,-0.025
Lester Quiñones,2024-25,24,PHI,4,17,8.2,-10.5,0.0,-0.1,-0.208
Lester Quiñones,2024-25,24,NOP,9,166,9.7,-5.6,-0.2,0.0,-0.006
Ivan Rabb,2017-18,20,MEM,36,516,16.6,-2.0,0.0,1.2,.109
Ivan Rabb,2018-19,21,MEM,49,721,16.1,-1.4,0.1,2.1,.137
Luther Rackley,1969-70,23,CIN,66,1256,11.5,,,1.8,.069
Luther Rackley,1970-71,24,CLE,74,1434,12.5,,,1.9,.063
Luther Rackley,1971-72,25,2TM,71,683,11.0,,,0.8,.059
Luther Rackley,1971-72,25,CLE,9,65,12.0,,,0.0,.009
Luther Rackley,1971-72,25,NYK,62,618,10.9,,,0.8,.064
Luther Rackley,1972-73,26,2TM,58,895,15.3,,,1.3,.070
Luther Rackley,1972-73,26,NYK,1,2,-6.7,,,0.0,.128
Luther Rackley,1972-73,26,MMT,57,893,15.4,,,1.3,.070
Luther Rackley,1973-74,27,PHI,9,68,10.9,-3.4,0.0,0.1,.083
Howie Rader,1948-49,27,BLB,13,,,,,-0.6,
Mark Radford,1981-82,22,SEA,43,369,10.3,-3.0,-0.1,0.4,.052
Mark Radford,1982-83,23,SEA,54,439,12.1,-2.4,0.0,0.0,-0.001
Wayne Radford,1978-79,22,IND,52,649,9.7,-2.2,0.0,0.7,.049
Dino Radja,1989-90,,Did not play - other pro league,,,,,,,
Dino Radja,1990-91,,Did not play - other pro league,,,,,,,
Dino Radja,1991-92,,Did not play - other pro league,,,,,,,
Dino Radja,1992-93,,Did not play - other pro league,,,,,,,
Dino Radja,1993-94,26,BOS,80,2303,18.2,0.0,1.2,5.9,.124
Dino Radja,1994-95,27,BOS,66,2147,17.9,0.0,1.1,4.5,.102
Dino Radja,1995-96,28,BOS,53,1984,18.0,-0.3,0.9,4.0,.096
Dino Radja,1996-97,29,BOS,25,874,12.6,-2.8,-0.2,-0.2,-0.010
Vladimir Radmanović,2001-02,21,SEA,61,1230,12.7,0.6,0.8,2.1,.084
Vladimir Radmanović,2002-03,22,SEA,72,1910,13.0,-0.3,0.8,2.7,.068
Vladimir Radmanović,2003-04,23,SEA,77,2321,15.1,0.8,1.6,4.2,.088
Vladimir Radmanović,2004-05,24,SEA,63,1856,13.7,1.3,1.5,3.7,.096
Vladimir Radmanović,2005-06,25,2TM,77,1974,13.6,0.5,1.2,3.8,.091
Vladimir Radmanović,2005-06,25,SEA,47,1089,13.1,-1.1,0.2,1.4,.062
Vladimir Radmanović,2005-06,25,LAC,30,885,14.2,2.5,1.0,2.3,.127
Vladimir Radmanović,2006-07,26,LAL,55,986,11.0,-2.8,-0.2,0.8,.040
Vladimir Radmanović,2007-08,27,LAL,65,1483,12.6,0.2,0.8,3.5,.113
Vladimir Radmanović,2008-09,28,2TM,78,1445,11.0,-0.7,0.5,1.9,.062
Vladimir Radmanović,2008-09,28,LAL,46,771,11.6,0.7,0.5,1.6,.098
Vladimir Radmanović,2008-09,28,CHA,32,674,10.2,-2.3,-0.1,0.3,.021
Vladimir Radmanović,2009-10,29,2TM,41,891,7.9,-3.8,-0.4,0.0,-0.002
Vladimir Radmanović,2009-10,29,CHA,8,133,8.0,-1.0,0.0,0.2,.055
Vladimir Radmanović,2009-10,29,GSW,33,758,7.9,-4.2,-0.4,-0.2,-0.012
Vladimir Radmanović,2010-11,30,GSW,74,1169,12.6,-0.1,0.6,2.1,.086
Vladimir Radmanović,2011-12,31,ATL,49,755,11.7,0.2,0.4,1.6,.103
Vladimir Radmanović,2012-13,32,CHI,25,144,6.3,-5.4,-0.1,0.1,.020
Aleksandar Radojević,1999-00,23,TOR,3,24,2.4,-12.1,-0.1,-0.1,-0.202
Aleksandar Radojević,2000-01,,Did not play - other,,,,,,,
Aleksandar Radojević,2001-02,,Did not play - other pro league,,,,,,,
Aleksandar Radojević,2002-03,,Did not play - other pro league,,,,,,,
Aleksandar Radojević,2003-04,,Did not play - other pro league,,,,,,,
Aleksandar Radojević,2004-05,28,UTA,12,128,-1.5,-11.6,-0.3,-0.3,-0.117
Frank Radovich,1961-62,23,PHW,37,175,9.9,,,0.0,.006
Moe Radovich,1952-53,23,PHW,4,33,20.0,,,0.1,.153
Miroslav Raduljica,2013-14,26,MIL,48,465,15.3,-3.6,-0.2,1.1,.112
Miroslav Raduljica,2014-15,27,MIN,5,23,3.3,-15.0,-0.1,0.0,-0.057
Ray Radziszewski,1957-58,22,PHW,1,6,-8.9,,,-0.1,-0.496
Ray Ragelis,1951-52,23,ROC,51,337,6.1,,,-0.4,-0.059
Sherwin Raiken,1952-53,24,NYK,6,63,-3.2,,,-0.3,-0.253
Ed Rains,1981-82,25,SAS,49,637,8.2,-3.8,-0.3,0.6,.043
Ed Rains,1982-83,26,SAS,34,292,8.2,-4.1,-0.2,0.1,.015
Igor Rakočević,2000-01,,Did not play - other pro league,,,,,,,
Igor Rakočević,2001-02,,Did not play - other pro league,,,,,,,
Igor Rakočević,2002-03,24,MIN,42,244,8.4,-4.9,-0.2,0.1,.022
Kurt Rambis,1980-81,,Did not play - other pro league,,,,,,,
Kurt Rambis,1981-82,23,LAL,64,1131,12.8,-0.1,0.5,2.3,.100
Kurt Rambis,1982-83,24,LAL,78,1806,14.1,0.2,1.0,4.3,.116
Kurt Rambis,1983-84,25,LAL,47,743,10.9,-1.5,0.1,1.5,.095
Kurt Rambis,1984-85,26,LAL,82,1617,12.7,0.0,0.8,4.1,.120
Kurt Rambis,1985-86,27,LAL,74,1573,12.7,0.6,1.1,4.3,.131
Kurt Rambis,1986-87,28,LAL,78,1514,12.6,-0.6,0.5,3.9,.123
Kurt Rambis,1987-88,29,LAL,70,845,15.0,0.2,0.5,2.6,.147
Kurt Rambis,1988-89,30,CHH,75,2233,16.1,0.3,1.3,4.8,.104
Kurt Rambis,1989-90,31,2TM,74,1904,12.1,0.7,1.3,4.1,.103
Kurt Rambis,1989-90,31,CHH,16,448,14.5,0.2,0.3,0.7,.079
Kurt Rambis,1989-90,31,PHO,58,1456,11.3,0.8,1.0,3.3,.110
Kurt Rambis,1990-91,32,PHO,62,900,11.4,-0.3,0.4,2.2,.115
Kurt Rambis,1991-92,33,PHO,28,381,10.6,-0.6,0.1,0.6,.079
Kurt Rambis,1992-93,34,2TM,72,822,11.2,-0.6,0.3,1.7,.098
Kurt Rambis,1992-93,34,PHO,5,41,4.6,-2.8,0.0,-0.1,-0.061
Kurt Rambis,1992-93,34,SAC,67,781,11.6,-0.5,0.3,1.7,.107
Kurt Rambis,1993-94,35,LAL,50,635,14.0,-1.1,0.1,1.7,.125
Kurt Rambis,1994-95,36,LAL,26,195,9.4,-2.9,0.0,0.3,.076
Peter John Ramos,2004-05,19,WAS,6,20,8.2,-10.0,0.0,0.0,-0.108
Cal Ramsey,1959-60,22,2TM,11,195,13.7,,,0.2,.039
Cal Ramsey,1959-60,22,STL,4,35,15.2,,,0.0,.015
Cal Ramsey,1959-60,22,NYK,7,160,13.4,,,0.1,.045
Cal Ramsey,1960-61,23,SYR,2,27,0.5,,,-0.1,-0.173
Frank Ramsey,1953-54,,Did not play - other,,,,,,,
Frank Ramsey,1954-55,23,BOS,64,1754,15.1,,,4.0,.110
Frank Ramsey,1955-56,,Did not play - military service,,,,,,,
Frank Ramsey,1956-57,25,BOS,35,807,17.6,,,3.3,.194
Frank Ramsey,1957-58,26,BOS,69,2047,19.5,,,10.0,.234
Frank Ramsey,1958-59,27,BOS,72,2013,15.7,,,5.9,.142
Frank Ramsey,1959-60,28,BOS,73,2009,14.5,,,5.3,.128
Frank Ramsey,1960-61,29,BOS,79,2019,15.2,,,6.5,.155
Frank Ramsey,1961-62,30,BOS,79,1913,16.5,,,7.3,.183
Frank Ramsey,1962-63,31,BOS,77,1541,12.8,,,3.6,.113
Frank Ramsey,1963-64,32,BOS,75,1227,12.6,,,3.2,.125
Jahmi'us Ramsey,2020-21,19,SAC,13,94,10.5,-4.5,-0.1,0.0,.012
Jahmi'us Ramsey,2021-22,20,SAC,19,134,7.9,-6.9,-0.2,-0.1,-0.048
Jahmi'us Ramsey,2022-23,,Did not play - other pro league,,,,,,,
Jahmi'us Ramsey,2023-24,22,TOR,7,121,10.6,-4.4,-0.1,0.1,.021
Ray Ramsey,1948-49,27,BLB,2,,,,,0.0,
Mark Randall,1991-92,24,2TM,54,441,12.3,-2.7,-0.1,0.5,.050
Mark Randall,1991-92,24,CHI,15,67,8.7,-4.9,0.0,0.0,.036
Mark Randall,1991-92,24,MIN,39,374,12.9,-2.3,0.0,0.4,.052
Mark Randall,1992-93,25,2TM,37,248,11.9,-4.1,-0.1,0.3,.061
Mark Randall,1992-93,25,MIN,2,8,-8.6,-15.5,0.0,0.0,-0.287
Mark Randall,1992-93,25,DET,35,240,12.6,-3.8,-0.1,0.4,.072
Mark Randall,1993-94,26,DEN,28,155,11.2,-2.2,0.0,0.2,.074
Mark Randall,1994-95,27,DEN,8,39,4.4,-10.3,-0.1,0.0,-0.020
Chasson Randle,2016-17,23,2TM,26,299,13.6,-1.7,0.0,0.7,.106
Chasson Randle,2016-17,23,PHI,8,74,17.7,2.9,0.1,0.3,.197
Chasson Randle,2016-17,23,NYK,18,225,12.3,-3.2,-0.1,0.4,.075
Chasson Randle,2017-18,,Did not play - other pro league,,,,,,,
Chasson Randle,2018-19,25,WAS,49,743,9.9,-4.0,-0.4,0.6,.041
Chasson Randle,2019-20,26,GSW,3,40,6.7,-5.9,0.0,0.0,.045
Chasson Randle,2020-21,27,ORL,41,837,7.4,-5.9,-0.8,0.0,-0.001
Julius Randle,2014-15,20,LAL,1,14,-7.5,-15.1,0.0,-0.1,-0.276
Julius Randle,2015-16,21,LAL,81,2286,13.9,-3.2,-0.7,1.6,.035
Julius Randle,2016-17,22,LAL,74,2132,16.3,-0.9,0.6,3.5,.080
Julius Randle,2017-18,23,LAL,82,2190,19.9,0.6,1.4,6.6,.145
Julius Randle,2018-19,24,NOP,73,2232,20.9,1.5,2.0,6.1,.131
Julius Randle,2019-20,25,NYK,64,2080,17.5,-0.3,0.9,2.7,.062
Julius Randle,2020-21,26,NYK,71,2667,19.7,3.8,3.9,7.8,.140
Julius Randle,2021-22,27,NYK,72,2544,15.7,0.5,1.6,3.1,.059
Julius Randle,2022-23,28,NYK,77,2737,20.3,3.7,3.9,8.1,.142
Julius Randle,2023-24,29,NYK,46,1630,18.9,1.9,1.6,3.8,.113
Julius Randle,2024-25,30,MIN,69,2226,17.5,1.3,1.8,6.2,.134
Anthony Randolph,2008-09,19,GSW,63,1129,16.9,-2.3,-0.1,1.6,.069
Anthony Randolph,2009-10,20,GSW,33,749,18.7,-0.6,0.3,1.5,.098
Anthony Randolph,2010-11,21,2TM,40,590,16.2,-2.2,0.0,0.5,.038
Anthony Randolph,2010-11,21,NYK,17,127,7.6,-6.5,-0.1,-0.2,-0.074
Anthony Randolph,2010-11,21,MIN,23,463,18.5,-1.0,0.1,0.7,.069
Anthony Randolph,2011-12,22,MIN,34,517,17.6,-0.8,0.2,1.1,.099
Anthony Randolph,2012-13,23,DEN,39,329,15.6,-2.9,-0.1,0.5,.073
Anthony Randolph,2013-14,24,DEN,43,527,12.2,-0.8,0.2,0.6,.055
Shavlik Randolph,2005-06,22,PHI,57,487,12.6,-2.9,-0.1,1.1,.105
Shavlik Randolph,2006-07,23,PHI,13,179,15.3,-0.5,0.1,0.4,.102
Shavlik Randolph,2007-08,24,PHI,9,27,15.6,-5.1,0.0,0.0,-0.012
Shavlik Randolph,2008-09,25,POR,10,37,19.4,-3.8,0.0,0.0,.041
Shavlik Randolph,2009-10,26,2TM,6,53,6.2,-8.8,-0.1,0.0,-0.013
Shavlik Randolph,2009-10,26,MIA,3,47,4.9,-9.3,-0.1,0.0,-0.015
Shavlik Randolph,2009-10,26,POR,3,6,16.5,-5.1,0.0,0.0,.005
Shavlik Randolph,2010-11,,Did not play - other pro league,,,,,,,
Shavlik Randolph,2011-12,,Did not play - other pro league,,,,,,,
Shavlik Randolph,2012-13,29,BOS,16,198,15.9,-3.5,-0.1,0.7,.159
Shavlik Randolph,2013-14,30,PHO,14,95,7.7,-4.9,-0.1,0.1,.060
Shavlik Randolph,2014-15,31,2TM,21,126,7.2,-5.7,-0.1,0.0,-0.004
Shavlik Randolph,2014-15,31,PHO,16,101,6.1,-6.0,-0.1,0.0,-0.008
Shavlik Randolph,2014-15,31,BOS,5,25,11.4,-4.4,0.0,0.0,.012
Zach Randolph,2001-02,20,POR,41,238,16.9,-3.0,-0.1,0.5,.098
Zach Randolph,2002-03,21,POR,77,1301,19.9,0.1,0.7,4.8,.177
Zach Randolph,2003-04,22,POR,81,3067,19.6,-0.5,1.2,7.1,.111
Zach Randolph,2004-05,23,POR,46,1603,18.6,-0.7,0.5,3.1,.094
Zach Randolph,2005-06,24,POR,74,2545,16.9,-2.0,0.0,1.3,.024
Zach Randolph,2006-07,25,POR,68,2425,22.8,1.6,2.2,5.7,.112
Zach Randolph,2007-08,26,NYK,69,2244,18.0,-0.6,0.8,3.0,.063
Zach Randolph,2008-09,27,2TM,50,1757,19.7,0.1,0.9,3.0,.083
Zach Randolph,2008-09,27,NYK,11,388,19.8,-0.2,0.2,0.9,.108
Zach Randolph,2008-09,27,LAC,39,1369,19.6,0.1,0.7,2.2,.076
Zach Randolph,2009-10,28,MEM,81,3051,21.2,1.3,2.5,9.7,.153
Zach Randolph,2010-11,29,MEM,75,2724,22.6,2.6,3.2,10.5,.185
Zach Randolph,2011-12,30,MEM,28,735,17.9,0.3,0.4,2.1,.135
Zach Randolph,2012-13,31,MEM,76,2607,17.9,0.2,1.5,7.9,.145
Zach Randolph,2013-14,32,MEM,79,2705,18.3,-0.1,1.3,6.4,.113
Zach Randolph,2014-15,33,MEM,71,2304,19.5,1.3,1.9,7.2,.149
Zach Randolph,2015-16,34,MEM,68,2016,18.3,-0.3,0.9,4.3,.103
Zach Randolph,2016-17,35,MEM,73,1786,18.5,-0.5,0.7,3.2,.086
Zach Randolph,2017-18,36,SAC,59,1508,17.3,-1.0,0.4,1.5,.048
Wally Rank,1980-81,22,SDC,25,153,4.0,-7.5,-0.3,-0.4,-0.140
Kelvin Ransey,1980-81,22,POR,80,2431,14.9,-1.9,0.1,2.8,.056
Kelvin Ransey,1981-82,23,POR,78,2418,16.5,-0.6,0.9,3.7,.073
Kelvin Ransey,1982-83,24,DAL,76,1607,15.7,-1.0,0.4,2.2,.066
Kelvin Ransey,1983-84,25,NJN,80,1937,14.0,-0.1,0.9,3.8,.095
Kelvin Ransey,1984-85,26,NJN,81,1689,15.3,0.3,1.0,3.4,.096
Kelvin Ransey,1985-86,27,NJN,79,1504,11.8,-1.9,0.1,2.0,.063
Sam Ranzino,1951-52,23,ROC,39,234,9.6,,,0.2,.038
Bobby Rascoe,1962-63,,Did not play - other pro league,,,,,,,
Bobby Rascoe,1963-64,,Did not play - other pro league,,,,,,,
Bobby Rascoe,1964-65,,Did not play - other pro league,,,,,,,
Bobby Rascoe,1965-66,,Did not play - other pro league,,,,,,,
Bobby Rascoe,1966-67,,Did not play - other pro league,,,,,,,
Bobby Rascoe,1967-68,27,KEN,77,1606,15.4,,,4.2,.125
Bobby Rascoe,1968-69,28,KEN,78,1247,11.6,,,1.9,.074
Bobby Rascoe,1969-70,29,KEN,4,34,-0.1,,,-0.2,-0.281
Blair Rasmussen,1985-86,23,DEN,48,330,8.7,-8.1,-0.5,-0.1,-0.021
Blair Rasmussen,1986-87,24,DEN,74,1421,15.5,-3.0,-0.4,3.3,.111
Blair Rasmussen,1987-88,25,DEN,79,1779,16.0,-1.8,0.1,4.2,.114
Blair Rasmussen,1988-89,26,DEN,77,1308,11.6,-4.4,-0.8,1.8,.065
Blair Rasmussen,1989-90,27,DEN,81,1995,16.0,-1.0,0.5,5.2,.125
Blair Rasmussen,1990-91,28,DEN,70,2325,11.7,-4.3,-1.3,1.7,.036
Blair Rasmussen,1991-92,29,ATL,81,1968,11.6,-3.0,-0.5,3.0,.072
Blair Rasmussen,1992-93,30,ATL,22,283,4.8,-8.5,-0.5,0.0,-0.002
Blair Rasmussen,1993-94,,Did not play - injury,,,,,,,
Blair Rasmussen,1994-95,,Did not play - injury,,,,,,,
Xavier Rathan-Mayes,2017-18,23,MEM,5,118,0.9,-11.5,-0.3,-0.4,-0.171
George Ratkovicz,1949-50,27,SYR,62,,,,,6.0,
George Ratkovicz,1950-51,28,SYR,66,,,,,9.3,
George Ratkovicz,1951-52,29,SYR,66,1356,13.4,,,2.8,.098
George Ratkovicz,1952-53,30,2TM,71,2235,16.0,,,5.4,.117
George Ratkovicz,1952-53,30,BLB,10,197,12.7,,,0.2,.040
George Ratkovicz,1952-53,30,MLH,61,2038,16.4,,,5.3,.124
George Ratkovicz,1953-54,31,MLH,69,2170,15.5,,,5.2,.116
George Ratkovicz,1954-55,32,MLH,9,102,4.2,,,-0.1,-0.065
Ed Ratleff,1973-74,23,HOU,81,1773,12.5,-0.7,0.6,2.1,.058
Ed Ratleff,1974-75,24,HOU,80,2563,14.9,1.7,2.4,5.6,.105
Ed Ratleff,1975-76,25,HOU,72,2401,13.5,0.7,1.6,4.5,.090
Ed Ratleff,1976-77,26,HOU,37,533,10.8,-0.9,0.1,0.5,.044
Ed Ratleff,1977-78,27,HOU,68,1163,11.5,0.1,0.6,1.0,.042
Mike Ratliff,1972-73,21,KCO,58,681,10.2,,,-0.2,-0.014
Mike Ratliff,1973-74,22,KCO,2,4,0.0,-4.6,0.0,0.0,-0.017
Theo Ratliff,1995-96,22,DET,75,1305,14.0,0.6,0.9,3.8,.141
Theo Ratliff,1996-97,23,DET,76,1292,15.9,-0.8,0.4,3.9,.144
Theo Ratliff,1997-98,24,2TM,82,2447,16.2,0.9,1.8,6.8,.132
Theo Ratliff,1997-98,24,DET,24,586,13.0,0.3,0.3,1.4,.111
Theo Ratliff,1997-98,24,PHI,58,1861,17.2,1.1,1.4,5.4,.139
Theo Ratliff,1998-99,25,PHI,50,1627,16.9,1.3,1.4,5.4,.159
Theo Ratliff,1999-00,26,PHI,57,1795,16.7,1.2,1.4,5.6,.149
Theo Ratliff,2000-01,27,PHI,50,1800,16.3,1.6,1.6,5.2,.138
Theo Ratliff,2001-02,28,ATL,3,82,11.1,-1.3,0.0,0.0,.012
Theo Ratliff,2002-03,29,ATL,81,2518,13.8,-0.7,0.8,4.0,.077
Theo Ratliff,2003-04,30,2TM,85,2664,14.4,0.3,1.5,5.2,.094
Theo Ratliff,2003-04,30,ATL,53,1648,12.9,-0.8,0.5,2.3,.066
Theo Ratliff,2003-04,30,POR,32,1016,16.8,2.1,1.0,3.0,.140
Theo Ratliff,2004-05,31,POR,63,1731,10.1,-1.8,0.1,2.3,.063
Theo Ratliff,2005-06,32,POR,55,1301,12.2,-1.6,0.1,2.0,.074
Theo Ratliff,2006-07,33,BOS,2,44,6.7,-2.8,0.0,0.1,.073
Theo Ratliff,2007-08,34,2TM,26,437,11.9,-1.1,0.1,0.8,.091
Theo Ratliff,2007-08,34,MIN,10,214,12.3,-1.5,0.0,0.3,.067
Theo Ratliff,2007-08,34,DET,16,223,11.6,-0.7,0.1,0.5,.115
Theo Ratliff,2008-09,35,PHI,46,579,11.2,-0.4,0.2,1.4,.115
Theo Ratliff,2009-10,36,2TM,49,807,10.3,-2.1,0.0,1.4,.084
Theo Ratliff,2009-10,36,SAS,21,183,7.8,-4.1,-0.1,0.1,.019
Theo Ratliff,2009-10,36,CHA,28,624,11.0,-1.5,0.1,1.3,.104
Theo Ratliff,2010-11,37,LAL,10,71,4.4,-3.5,0.0,0.0,.000
Andy Rautins,2010-11,24,NYK,5,24,-1.2,-13.2,-0.1,-0.2,-0.314
Leo Rautins,1983-84,23,PHI,28,196,6.2,-4.5,-0.1,-0.1,-0.024
Leo Rautins,1984-85,24,ATL,4,12,-1.8,-6.5,0.0,0.0,-0.126
Allan Ray,2006-07,22,BOS,47,710,10.0,-2.7,-0.1,0.6,.039
Clifford Ray,1971-72,23,CHI,82,1872,17.3,,,8.7,.222
Clifford Ray,1972-73,24,CHI,73,2009,17.4,,,8.1,.194
Clifford Ray,1973-74,25,CHI,80,2632,15.7,3.2,3.5,8.2,.150
Clifford Ray,1974-75,26,GSW,82,2519,15.0,0.9,1.8,6.7,.128
Clifford Ray,1975-76,27,GSW,82,2184,14.1,1.6,2.0,7.0,.154
Clifford Ray,1976-77,28,GSW,77,2018,14.1,1.0,1.5,5.7,.136
Clifford Ray,1977-78,29,GSW,79,2268,14.9,0.8,1.6,6.9,.145
Clifford Ray,1978-79,30,GSW,82,1917,12.5,-1.0,0.5,3.8,.095
Clifford Ray,1979-80,31,GSW,81,1683,11.3,-1.6,0.2,1.9,.054
Clifford Ray,1980-81,32,GSW,66,838,4.7,-5.6,-0.8,-0.3,-0.018
Don Ray,1948-49,,Did not play - other pro league,,,,,,,
Don Ray,1949-50,28,TRI,61,,,,,1.3,
James Ray,1980-81,23,DEN,18,148,4.2,-6.1,-0.2,-0.2,-0.070
James Ray,1981-82,24,DEN,40,262,10.2,-5.7,-0.3,-0.3,-0.051
James Ray,1982-83,25,DEN,45,433,11.9,-3.2,-0.1,0.2,.022
Jim Ray,1956-57,23,SYR,4,43,1.8,,,-0.1,-0.094
Jim Ray,1957-58,,Did not play -,,,,,,,
Jim Ray,1958-59,,Did not play -,,,,,,,
Jim Ray,1959-60,26,SYR,4,21,-3.5,,,-0.1,-0.158
Jimmy Rayl,1966-67,,Did not play - other pro league,,,,,,,
Jimmy Rayl,1967-68,26,INA,74,2193,10.4,,,3.5,.078
Jimmy Rayl,1968-69,27,INA,27,567,10.6,,,1.2,.102
Craig Raymond,1967-68,,Did not play - other pro league,,,,,,,
Craig Raymond,1968-69,23,PHI,27,177,7.6,,,0.0,-0.001
Craig Raymond,1969-70,24,2TM,80,2356,13.0,,,4.7,.096
Craig Raymond,1969-70,24,PTP,34,789,7.2,,,0.7,.043
Craig Raymond,1969-70,24,LAS,46,1567,15.9,,,4.0,.123
Craig Raymond,1970-71,25,MMP,56,1102,9.3,,,1.7,.073
Craig Raymond,1971-72,26,FLO,64,889,8.9,,,1.0,.055
Craig Raymond,1972-73,27,2TM,14,168,7.1,,,0.0,.013
Craig Raymond,1972-73,27,SDA,8,135,8.7,,,0.1,.035
Craig Raymond,1972-73,27,INA,6,33,0.6,,,-0.1,-0.077
Connie Rea,1953-54,23,BLB,20,154,4.5,,,-0.6,-0.184
Duop Reath,2023-24,27,POR,68,1214,15.1,-0.9,0.3,2.4,.095
Duop Reath,2024-25,28,POR,46,469,13.7,-0.3,0.2,1.0,.105
Austin Reaves,2021-22,23,LAL,61,1418,11.5,-1.9,0.0,2.9,.097
Austin Reaves,2022-23,24,LAL,64,1843,14.9,0.7,1.2,5.4,.142
Austin Reaves,2023-24,25,LAL,82,2629,15.5,0.4,1.6,5.9,.108
Austin Reaves,2024-25,26,LAL,73,2550,18.1,1.9,2.6,7.6,.144
Joe Reaves,1973-74,23,2TM,19,210,9.5,-5.0,-0.2,-0.1,-0.032
Joe Reaves,1973-74,23,PHO,7,38,10.8,-4.3,0.0,0.0,-0.013
Joe Reaves,1973-74,23,MMT,12,172,9.3,-5.2,-0.2,-0.1,-0.036
Josh Reaves,2019-20,22,DAL,4,28,5.8,-9.4,-0.1,0.0,.031
Željko Rebrača,1994-95,,Did not play - other pro league,,,,,,,
Željko Rebrača,1995-96,,Did not play - other pro league,,,,,,,
Željko Rebrača,1996-97,,Did not play - other pro league,,,,,,,
Željko Rebrača,1997-98,,Did not play - other pro league,,,,,,,
Željko Rebrača,1998-99,,Did not play - other pro league,,,,,,,
Željko Rebrača,1999-00,,Did not play - other pro league,,,,,,,
Željko Rebrača,2000-01,,Did not play - other pro league,,,,,,,
Željko Rebrača,2001-02,29,DET,74,1179,16.2,-2.3,-0.1,3.3,.134
Željko Rebrača,2002-03,30,DET,30,488,14.0,-2.6,-0.1,1.3,.133
Željko Rebrača,2003-04,31,2TM,24,273,10.5,-3.9,-0.1,0.5,.097
Željko Rebrača,2003-04,31,DET,21,222,9.6,-3.9,-0.1,0.5,.115
Željko Rebrača,2003-04,31,ATL,3,51,14.1,-4.0,0.0,0.0,.016
Željko Rebrača,2004-05,32,LAC,58,928,14.0,-1.3,0.2,2.4,.122
Željko Rebrača,2005-06,33,LAC,29,412,10.7,-2.8,-0.1,0.7,.086
Eldridge Recasner,1994-95,27,DEN,3,13,15.3,-0.9,0.0,0.0,-0.047
Eldridge Recasner,1995-96,28,HOU,63,1275,12.3,-0.7,0.4,2.6,.099
Eldridge Recasner,1996-97,29,ATL,71,1207,11.5,-0.7,0.4,2.5,.099
Eldridge Recasner,1997-98,30,ATL,59,1454,13.0,-0.4,0.6,2.9,.095
Eldridge Recasner,1998-99,31,CHH,44,708,11.1,-2.8,-0.1,0.8,.052
Eldridge Recasner,1999-00,32,CHH,7,28,13.1,-0.8,0.0,0.1,.135
Eldridge Recasner,2000-01,33,CHH,43,403,6.2,-4.9,-0.3,0.0,-0.004
Eldridge Recasner,2001-02,34,2TM,6,33,5.3,-5.6,0.0,0.0,.013
Eldridge Recasner,2001-02,34,CHH,1,2,-9.1,-16.4,0.0,0.0,.004
Eldridge Recasner,2001-02,34,LAC,5,31,6.2,-4.9,0.0,0.0,.013
Michael Redd,2000-01,21,MIL,6,35,3.4,-11.4,-0.1,-0.1,-0.163
Michael Redd,2001-02,22,MIL,67,1417,20.0,2.5,1.6,4.6,.155
Michael Redd,2002-03,23,MIL,82,2316,21.0,3.9,3.4,8.0,.167
Michael Redd,2003-04,24,MIL,82,3021,19.9,2.5,3.5,9.7,.154
Michael Redd,2004-05,25,MIL,75,2848,18.3,1.0,2.2,6.2,.105
Michael Redd,2005-06,26,MIL,80,3130,21.2,3.8,4.6,10.8,.166
Michael Redd,2006-07,27,MIL,53,2036,22.3,3.0,2.5,6.1,.145
Michael Redd,2007-08,28,MIL,72,2702,18.8,1.5,2.4,5.8,.104
Michael Redd,2008-09,29,MIL,33,1203,17.9,2.2,1.3,3.2,.128
Michael Redd,2009-10,30,MIL,18,492,12.1,0.1,0.2,0.6,.059
Michael Redd,2010-11,31,MIL,10,134,9.7,-4.0,-0.1,0.1,.048
Michael Redd,2011-12,32,PHO,51,770,13.9,-2.6,-0.1,0.8,.052
Cam Reddish,2019-20,20,ATL,58,1551,9.0,-4.2,-0.9,-0.4,-0.011
Cam Reddish,2020-21,21,ATL,26,750,9.3,-3.2,-0.2,0.4,.026
Cam Reddish,2021-22,22,2TM,49,1012,12.8,-1.3,0.2,1.0,.046
Cam Reddish,2021-22,22,ATL,34,797,12.8,-1.5,0.1,0.6,.034
Cam Reddish,2021-22,22,NYK,15,215,12.9,-0.8,0.1,0.4,.092
Cam Reddish,2022-23,23,2TM,40,990,10.6,-3.4,-0.4,0.9,.046
Cam Reddish,2022-23,23,NYK,20,438,10.6,-2.3,0.0,0.7,.071
Cam Reddish,2022-23,23,POR,20,552,10.6,-4.3,-0.3,0.3,.025
Cam Reddish,2023-24,24,LAL,48,984,7.7,-3.2,-0.3,0.6,.030
Cam Reddish,2024-25,25,LAL,33,589,7.4,-2.7,-0.1,0.7,.054
Frank Reddout,1953-54,22,ROC,7,18,42.9,,,0.3,.802
JJ Redick,2006-07,22,ORL,42,622,13.0,0.1,0.3,1.7,.134
JJ Redick,2007-08,23,ORL,34,276,12.7,-2.4,0.0,0.5,.091
JJ Redick,2008-09,24,ORL,64,1111,9.9,-1.0,0.3,2.3,.098
JJ Redick,2009-10,25,ORL,82,1808,15.0,1.8,1.8,6.5,.173
JJ Redick,2010-11,26,ORL,59,1513,12.8,1.1,1.2,4.5,.142
JJ Redick,2011-12,27,ORL,65,1765,15.1,1.0,1.3,5.2,.142
JJ Redick,2012-13,28,2TM,78,2379,14.7,-0.4,0.9,4.5,.091
JJ Redick,2012-13,28,ORL,50,1575,16.1,0.4,0.9,3.2,.097
JJ Redick,2012-13,28,MIL,28,804,11.9,-2.0,0.0,1.3,.078
JJ Redick,2013-14,29,LAC,35,987,16.6,1.7,0.9,3.0,.147
JJ Redick,2014-15,30,LAC,78,2409,16.2,1.3,2.0,6.7,.134
JJ Redick,2015-16,31,LAC,75,2097,17.5,2.2,2.2,6.7,.154
JJ Redick,2016-17,32,LAC,78,2198,14.8,0.4,1.4,4.8,.105
JJ Redick,2017-18,33,PHI,70,2116,15.9,1.1,1.7,6.6,.150
JJ Redick,2018-19,34,PHI,76,2379,15.1,0.2,1.3,5.9,.118
JJ Redick,2019-20,35,NOP,60,1581,15.4,0.7,1.1,4.1,.125
JJ Redick,2020-21,36,2TM,44,723,9.9,-3.5,-0.3,0.7,.045
JJ Redick,2020-21,36,NOP,31,576,10.9,-2.8,-0.1,0.8,.065
JJ Redick,2020-21,36,DAL,13,147,5.9,-6.0,-0.1,-0.1,-0.031
Marlon Redmond,1977-78,,Did not play - waived,,,,,,,
Marlon Redmond,1978-79,23,2TM,53,759,10.6,-2.8,-0.2,0.3,.017
Marlon Redmond,1978-79,23,KCK,49,736,11.3,-2.7,-0.1,0.4,.029
Marlon Redmond,1978-79,23,PHI,4,23,-13.4,-6.8,-0.1,-0.2,-0.369
Marlon Redmond,1979-80,24,KCK,24,298,12.0,-2.7,0.0,0.3,.051
Davon Reed,2017-18,22,PHO,21,242,4.8,-6.4,-0.3,-0.3,-0.060
Davon Reed,2018-19,23,IND,10,47,8.1,-5.5,0.0,0.1,.064
Davon Reed,2019-20,,Did not play - other pro league,,,,,,,
Davon Reed,2020-21,,Did not play - other pro league,,,,,,,
Davon Reed,2021-22,26,DEN,48,668,12.2,-0.3,0.3,1.6,.117
Davon Reed,2022-23,27,2TM,43,342,6.2,-5.3,-0.3,0.1,.008
Davon Reed,2022-23,27,DEN,35,315,5.2,-6.1,-0.3,-0.1,-0.009
Davon Reed,2022-23,27,LAL,8,27,16.7,4.3,0.0,0.1,.208
Davon Reed,2023-24,,Did not play - other pro league,,,,,,,
Hub Reed,1958-59,22,STL,65,950,11.5,,,1.7,.088
Hub Reed,1959-60,23,2TM,71,1820,12.9,,,2.8,.075
Hub Reed,1959-60,23,STL,2,17,0.7,,,0.0,-0.028
Hub Reed,1959-60,23,CIN,69,1803,13.1,,,2.8,.076
Hub Reed,1960-61,24,CIN,75,1216,10.2,,,1.0,.039
Hub Reed,1961-62,25,CIN,80,1446,8.9,,,1.3,.042
Hub Reed,1962-63,26,CIN,80,1299,11.2,,,2.0,.074
Hub Reed,1963-64,27,LAL,46,386,6.5,,,0.0,-0.006
Hub Reed,1964-65,28,DET,62,753,8.3,,,0.6,.036
Justin Reed,2004-05,23,BOS,23,121,13.7,-0.9,0.0,0.3,.121
Justin Reed,2005-06,24,2TM,72,997,7.9,-5.8,-0.9,0.4,.021
Justin Reed,2005-06,24,BOS,32,291,3.3,-8.7,-0.5,-0.3,-0.045
Justin Reed,2005-06,24,MIN,40,706,9.8,-4.6,-0.5,0.7,.048
Justin Reed,2006-07,25,MIN,41,318,6.3,-8.3,-0.5,-0.2,-0.037
Paul Reed,2020-21,21,PHI,26,177,21.2,-1.0,0.0,0.6,.162
Paul Reed,2021-22,22,PHI,38,302,21.4,2.1,0.3,1.3,.212
Paul Reed,2022-23,23,PHI,69,755,19.2,-0.1,0.4,2.8,.180
Paul Reed,2023-24,24,PHI,82,1590,17.4,0.4,0.9,5.1,.154
Paul Reed,2024-25,25,DET,45,438,18.6,2.9,0.5,1.6,.173
Ron Reed,1965-66,23,DET,57,997,11.6,,,-0.8,-0.039
Ron Reed,1966-67,24,DET,62,1248,12.1,,,-0.2,-0.006
Willie Reed,2015-16,25,BRK,39,426,19.2,-0.5,0.2,1.2,.134
Willie Reed,2016-17,26,MIA,71,1031,17.1,-0.9,0.3,3.6,.168
Willie Reed,2017-18,27,2TM,42,428,19.2,0.8,0.3,1.5,.172
Willie Reed,2017-18,27,LAC,39,419,19.4,0.8,0.3,1.5,.171
Willie Reed,2017-18,27,DET,3,9,8.8,-2.7,0.0,0.0,.187
Willis Reed,1964-65,22,NYK,80,3042,17.8,,,5.5,.087
Willis Reed,1965-66,23,NYK,76,2537,14.4,,,3.6,.069
Willis Reed,1966-67,24,NYK,78,2824,19.7,,,7.9,.134
Willis Reed,1967-68,25,NYK,81,2879,19.5,,,10.0,.167
Willis Reed,1968-69,26,NYK,82,3108,21.4,,,14.7,.227
Willis Reed,1969-70,27,NYK,81,3089,20.3,,,14.6,.227
Willis Reed,1970-71,28,NYK,73,2855,19.3,,,10.6,.179
Willis Reed,1971-72,29,NYK,11,363,13.7,,,0.6,.081
Willis Reed,1972-73,30,NYK,69,1876,15.4,,,5.8,.149
Willis Reed,1973-74,31,NYK,19,500,15.9,1.3,0.4,1.5,.145
Willis Reed,1974-75,,Did not play - injury,,,,,,,
Alex Reese,2024-25,25,2TM,15,216,14.0,-1.2,0.0,0.5,.109
Alex Reese,2024-25,25,OKC,1,2,53.6,19.6,0.0,0.0,.590
Alex Reese,2024-25,25,PHI,14,214,13.6,-1.4,0.0,0.5,.105
Antonio Reeves,2024-25,24,NOP,44,660,11.7,-3.2,-0.2,0.4,.029
Bryant Reeves,1995-96,22,VAN,77,2460,13.4,-3.7,-1.0,2.3,.045
Bryant Reeves,1996-97,23,VAN,75,2777,14.4,-4.0,-1.4,2.4,.042
Bryant Reeves,1997-98,24,VAN,74,2527,17.3,-1.1,0.5,4.9,.093
Bryant Reeves,1998-99,25,VAN,25,702,10.3,-6.3,-0.8,-0.1,-0.010
Bryant Reeves,1999-00,26,VAN,69,1773,10.6,-4.9,-1.3,0.6,.017
Bryant Reeves,2000-01,27,VAN,75,1832,12.8,-2.8,-0.4,2.9,.075
Khalid Reeves,1994-95,22,MIA,67,1462,16.9,1.9,1.4,3.5,.115
Khalid Reeves,1995-96,23,2TM,51,833,11.1,-2.9,-0.2,1.1,.064
Khalid Reeves,1995-96,23,CHH,20,418,15.1,-0.6,0.1,1.0,.111
Khalid Reeves,1995-96,23,NJN,31,415,7.2,-5.1,-0.3,0.1,.017
Khalid Reeves,1996-97,24,2TM,63,1432,11.1,-2.4,-0.1,1.2,.041
Khalid Reeves,1996-97,24,NJN,50,1048,12.1,-1.6,0.1,1.3,.060
Khalid Reeves,1996-97,24,DAL,13,384,8.3,-4.4,-0.2,-0.1,-0.011
Khalid Reeves,1997-98,25,DAL,82,1950,13.1,-1.9,0.0,2.5,.062
Khalid Reeves,1998-99,26,DET,11,112,6.8,-5.8,-0.1,0.1,.025
Khalid Reeves,1999-00,27,CHI,3,48,7.8,-5.2,0.0,0.0,-0.046
Richie Regan,1953-54,,Did not play - military service,,,,,,,
Richie Regan,1954-55,,Did not play - military service,,,,,,,
Richie Regan,1955-56,25,ROC,72,1746,8.9,,,0.4,.010
Richie Regan,1956-57,26,ROC,71,2100,10.1,,,1.6,.037
Richie Regan,1957-58,27,CIN,72,1648,9.0,,,1.5,.044
Don Rehfeldt,1950-51,24,BLB,59,,,,,2.7,
Don Rehfeldt,1951-52,25,2TM,39,788,15.7,,,0.8,.048
Don Rehfeldt,1951-52,25,BLB,10,194,14.0,,,0.1,.017
Don Rehfeldt,1951-52,25,MLH,29,594,16.3,,,0.7,.058
Billy Reid,1980-81,23,GSW,59,597,6.2,-5.6,-0.5,-0.6,-0.050
Don Reid,1995-96,22,DET,69,997,12.1,-0.6,0.3,2.9,.141
Don Reid,1996-97,23,DET,47,462,11.1,-4.3,-0.3,1.0,.109
Don Reid,1997-98,24,DET,68,994,11.4,-1.1,0.2,2.8,.135
Don Reid,1998-99,25,DET,47,935,12.5,-0.5,0.4,2.7,.139
Don Reid,1999-00,26,2TM,38,498,12.1,-1.8,0.0,1.1,.110
Don Reid,1999-00,26,DET,21,165,4.1,-6.2,-0.2,0.0,-0.006
Don Reid,1999-00,26,WAS,17,333,16.0,0.4,0.2,1.2,.167
Don Reid,2000-01,27,ORL,65,764,13.1,-2.8,-0.2,2.3,.141
Don Reid,2001-02,28,ORL,68,714,10.1,-5.5,-0.6,0.9,.062
Don Reid,2002-03,29,DET,1,10,-17.3,-27.5,-0.1,-0.1,-0.285
J.R. Reid,1989-90,21,CHH,82,2757,10.2,-4.2,-1.5,1.1,.020
J.R. Reid,1990-91,22,CHH,80,2467,10.8,-3.7,-1.1,1.8,.034
J.R. Reid,1991-92,23,CHH,51,1257,14.1,-2.3,-0.1,2.1,.082
J.R. Reid,1992-93,24,2TM,83,1887,12.5,-2.9,-0.4,3.4,.087
J.R. Reid,1992-93,24,CHH,17,295,12.3,-3.1,-0.1,0.4,.068
J.R. Reid,1992-93,24,SAS,66,1592,12.6,-2.8,-0.3,3.0,.091
J.R. Reid,1993-94,25,SAS,70,1344,14.7,-1.9,0.1,3.0,.107
J.R. Reid,1994-95,26,SAS,81,1566,12.7,-1.7,0.1,3.5,.106
J.R. Reid,1995-96,27,2TM,65,1313,10.6,-3.2,-0.4,2.5,.091
J.R. Reid,1995-96,27,SAS,32,643,8.6,-4.6,-0.4,0.6,.048
J.R. Reid,1995-96,27,NYK,33,670,12.6,-1.9,0.0,1.8,.133
J.R. Reid,1996-97,,Did not play - other pro league,,,,,,,
J.R. Reid,1997-98,29,CHH,79,1109,11.3,-3.3,-0.4,1.8,.076
J.R. Reid,1998-99,30,2TM,41,1029,13.7,-1.0,0.3,2.5,.115
J.R. Reid,1998-99,30,CHH,16,556,17.6,1.4,0.5,1.9,.161
J.R. Reid,1998-99,30,LAL,25,473,9.0,-3.8,-0.2,0.6,.060
J.R. Reid,1999-00,31,MIL,34,602,9.0,-3.6,-0.2,0.7,.059
J.R. Reid,2000-01,32,CLE,6,39,15.7,1.5,0.0,0.1,.174
J.R. Reid,2001-02,,Did not play - other pro league,,,,,,,
J.R. Reid,2002-03,,Did not play - other pro league,,,,,,,
Jim Reid,1967-68,22,PHI,6,52,10.6,,,0.1,.078
Naz Reid,2019-20,20,MIN,30,495,15.3,-1.9,0.0,0.8,.074
Naz Reid,2020-21,21,MIN,70,1347,18.2,-0.2,0.6,3.2,.113
Naz Reid,2021-22,22,MIN,77,1215,17.2,0.0,0.6,3.2,.125
Naz Reid,2022-23,23,MIN,68,1251,18.5,1.0,1.0,3.0,.114
Naz Reid,2023-24,24,MIN,81,1964,16.0,1.5,1.7,4.9,.120
Naz Reid,2024-25,25,MIN,80,2200,15.8,1.6,2.0,5.7,.125
Robert Reid,1977-78,22,HOU,80,1849,11.3,-1.3,0.3,2.3,.061
Robert Reid,1978-79,23,HOU,82,2259,13.9,0.4,1.4,4.5,.096
Robert Reid,1979-80,24,HOU,76,2304,15.3,1.4,2.0,4.9,.101
Robert Reid,1980-81,25,HOU,82,2963,16.4,2.1,3.0,7.2,.116
Robert Reid,1981-82,26,HOU,77,2913,13.3,0.1,1.6,5.2,.086
Robert Reid,1982-83,,Did not play - retired,,,,,,,
Robert Reid,1983-84,28,HOU,64,1936,14.5,0.0,1.0,3.5,.088
Robert Reid,1984-85,29,HOU,82,1763,11.8,-1.3,0.3,3.0,.082
Robert Reid,1985-86,30,HOU,82,2157,13.7,-1.2,0.5,4.4,.098
Robert Reid,1986-87,31,HOU,75,2594,11.4,-1.5,0.3,4.1,.076
Robert Reid,1987-88,32,HOU,62,980,10.9,-2.5,-0.1,1.7,.083
Robert Reid,1988-89,33,CHH,82,2152,12.2,-4.1,-1.1,-0.1,-0.002
Robert Reid,1989-90,34,2TM,72,1202,8.0,-4.7,-0.8,-0.3,-0.011
Robert Reid,1989-90,34,POR,12,85,7.7,-2.6,0.0,0.1,.076
Robert Reid,1989-90,34,CHH,60,1117,8.0,-4.9,-0.8,-0.4,-0.018
Robert Reid,1990-91,35,PHI,3,37,0.3,-11.9,-0.1,-0.2,-0.235
Ryan Reid,2011-12,25,OKC,5,17,17.6,-2.0,0.0,0.1,.142
Jared Reiner,2004-05,22,CHI,19,132,2.3,-8.5,-0.2,0.0,-0.013
Jared Reiner,2005-06,,Did not play - injury,,,,,,,
Jared Reiner,2006-07,24,MIL,27,244,4.8,-7.8,-0.4,-0.1,-0.027
Chick Reiser,1947-48,33,BLB,47,,,,,5.5,
Chick Reiser,1948-49,34,BLB,57,,,,,3.7,
Chick Reiser,1949-50,35,WSC,67,,,,,3.9,
Richard Rellford,1986-87,,Did not play - other pro league,,,,,,,
Richard Rellford,1987-88,23,SAS,4,42,11.6,-1.8,0.0,0.0,.048
Terrence Rencher,1995-96,22,2TM,36,405,6.5,-4.0,-0.2,-0.2,-0.021
Terrence Rencher,1995-96,22,MIA,34,397,6.5,-3.9,-0.2,-0.1,-0.016
Terrence Rencher,1995-96,22,PHO,2,8,4.4,-5.6,0.0,0.0,-0.225
John Rennicke,1951-52,22,MLH,6,54,-1.3,,,-0.2,-0.218
Bob Rensberger,1946-47,25,CHS,3,,,,,-0.1,
Efthimios Rentzias,1996-97,,Did not play - other pro league,,,,,,,
Efthimios Rentzias,1997-98,,Did not play - other pro league,,,,,,,
Efthimios Rentzias,1998-99,,Did not play - other pro league,,,,,,,
Efthimios Rentzias,1999-00,,Did not play - other pro league,,,,,,,
Efthimios Rentzias,2000-01,,Did not play - other pro league,,,,,,,
Efthimios Rentzias,2001-02,,Did not play - other pro league,,,,,,,
Efthimios Rentzias,2002-03,27,PHI,35,144,10.6,-3.8,-0.1,0.2,.058
Shawn Respert,1995-96,23,MIL,62,845,10.8,-1.9,0.0,0.5,.027
Shawn Respert,1996-97,24,2TM,41,495,11.5,-1.6,0.0,0.7,.068
Shawn Respert,1996-97,24,MIL,14,83,4.4,-7.3,-0.1,-0.1,-0.067
Shawn Respert,1996-97,24,TOR,27,412,13.0,-0.5,0.2,0.8,.095
Shawn Respert,1997-98,25,2TM,57,911,12.3,-3.2,-0.3,0.8,.045
Shawn Respert,1997-98,25,TOR,47,696,12.9,-2.4,-0.1,0.9,.064
Shawn Respert,1997-98,25,DAL,10,215,10.3,-5.8,-0.2,-0.1,-0.017
Shawn Respert,1998-99,26,PHO,12,99,11.4,-1.8,0.0,0.1,.046
Kevin Restani,1974-75,23,MIL,76,1755,9.7,-1.7,0.1,2.0,.055
Kevin Restani,1975-76,24,MIL,82,1650,10.9,-1.7,0.1,2.2,.065
Kevin Restani,1976-77,25,MIL,64,1116,12.2,-0.4,0.5,1.8,.079
Kevin Restani,1977-78,26,2TM,54,547,9.0,-2.7,-0.1,0.5,.044
Kevin Restani,1977-78,26,MIL,8,84,10.8,-2.7,0.0,0.1,.055
Kevin Restani,1977-78,26,KCK,46,463,8.7,-2.7,-0.1,0.4,.042
Kevin Restani,1978-79,27,MIL,81,1598,12.1,-1.8,0.1,2.6,.078
Kevin Restani,1979-80,28,SAS,82,1966,13.9,-0.9,0.5,3.5,.085
Kevin Restani,1980-81,29,SAS,64,999,13.8,-1.3,0.2,2.1,.100
Kevin Restani,1981-82,30,2TM,47,483,6.4,-3.6,-0.2,0.0,.005
Kevin Restani,1981-82,30,SAS,13,145,4.8,-4.2,-0.1,0.0,-0.002
Kevin Restani,1981-82,30,CLE,34,338,7.1,-3.4,-0.1,0.1,.008
Cameron Reynolds,2018-19,23,MIN,19,259,10.4,-2.5,0.0,0.4,.078
Cameron Reynolds,2019-20,,Did not play - other pro league,,,,,,,
Cameron Reynolds,2020-21,25,2TM,5,40,6.5,-8.1,-0.1,0.0,-0.039
Cameron Reynolds,2020-21,25,SAS,3,6,6.2,-8.0,0.0,0.0,-0.017
Cameron Reynolds,2020-21,25,HOU,2,34,6.5,-8.2,-0.1,0.0,-0.043
George Reynolds,1969-70,22,DET,10,44,18.8,,,0.1,.055
Jerry Reynolds,1985-86,23,MIL,55,508,15.2,3.6,0.7,1.0,.096
Jerry Reynolds,1986-87,24,MIL,58,963,12.9,-0.5,0.4,0.9,.046
Jerry Reynolds,1987-88,25,MIL,62,1161,13.6,0.3,0.7,1.3,.055
Jerry Reynolds,1988-89,26,SEA,56,737,17.6,1.5,0.7,1.6,.107
Jerry Reynolds,1989-90,27,ORL,67,1817,14.1,-0.6,0.6,1.3,.035
Jerry Reynolds,1990-91,28,ORL,80,1843,17.8,2.3,2.0,3.7,.096
Jerry Reynolds,1991-92,29,ORL,46,1159,13.9,-1.0,0.3,0.6,.025
Jerry Reynolds,1992-93,,Did not play - injury,,,,,,,
Jerry Reynolds,1993-94,,Did not play - waived,,,,,,,
Jerry Reynolds,1994-95,,Did not play - other pro league,,,,,,,
Jerry Reynolds,1995-96,33,MIL,19,191,11.2,0.4,0.1,0.0,-0.002
Kendall Rhine,1967-68,24,KEN,52,552,6.9,,,-0.1,-0.009
Kendall Rhine,1968-69,25,HSM,73,2116,13.0,,,1.9,.043
Jared Rhoden,2022-23,23,DET,14,198,6.5,-6.1,-0.2,0.1,.027
Jared Rhoden,2023-24,24,DET,17,245,10.3,-2.5,0.0,0.3,.060
Jared Rhoden,2024-25,25,2TM,14,227,16.4,-0.5,0.1,0.6,.131
Jared Rhoden,2024-25,25,CHO,4,12,5.4,-8.6,0.0,-0.1,-0.229
Jared Rhoden,2024-25,25,TOR,10,215,17.0,0.0,0.1,0.7,.151
Gene Rhodes,1952-53,25,INO,65,1162,11.2,,,0.9,.037
Rodrick Rhodes,1997-98,24,HOU,58,1070,7.7,-5.4,-0.9,-0.9,-0.040
Rodrick Rhodes,1998-99,25,2TM,13,156,0.7,-11.4,-0.4,-0.7,-0.201
Rodrick Rhodes,1998-99,25,HOU,3,33,0.4,-11.4,-0.1,-0.1,-0.143
Rodrick Rhodes,1998-99,25,VAN,10,123,0.8,-11.4,-0.3,-0.6,-0.217
Rodrick Rhodes,1999-00,26,DAL,1,8,-9.2,-14.9,0.0,-0.1,-0.553
Glen Rice,1989-90,22,MIA,77,2311,11.3,-3.2,-0.7,1.4,.029
Glen Rice,1990-91,23,MIA,77,2646,14.1,-0.5,1.0,4.4,.080
Glen Rice,1991-92,24,MIA,79,3007,17.5,1.8,2.9,7.9,.126
Glen Rice,1992-93,25,MIA,82,3082,15.0,0.7,2.0,6.3,.098
Glen Rice,1993-94,26,MIA,81,2999,18.5,2.7,3.6,10.2,.163
Glen Rice,1994-95,27,MIA,82,3014,19.7,3.3,4.0,10.0,.159
Glen Rice,1995-96,28,CHH,79,3142,17.8,1.4,2.7,8.3,.127
Glen Rice,1996-97,29,CHH,79,3362,19.7,1.8,3.2,10.8,.154
Glen Rice,1997-98,30,CHH,82,3295,17.4,0.9,2.4,9.3,.136
Glen Rice,1998-99,31,LAL,27,985,15.2,-0.3,0.4,2.2,.108
Glen Rice,1999-00,32,LAL,80,2530,16.2,0.9,1.8,9.0,.170
Glen Rice,2000-01,33,NYK,75,2212,13.7,0.5,1.4,5.7,.123
Glen Rice,2001-02,34,HOU,20,606,8.0,-3.8,-0.3,0.0,.002
Glen Rice,2002-03,35,HOU,62,1532,11.9,-0.4,0.6,3.3,.103
Glen Rice,2003-04,36,LAC,18,262,7.3,-4.4,-0.2,-0.1,-0.017
Glen Rice Jr.,2013-14,23,WAS,11,109,6.6,-2.9,0.0,-0.1,-0.043
Glen Rice Jr.,2014-15,24,WAS,5,43,-3.6,-15.9,-0.1,-0.1,-0.121
Chris Richard,2007-08,23,MIN,52,556,7.9,-5.7,-0.5,0.4,.037
Chris Richard,2008-09,,Did not play - other pro league,,,,,,,
Chris Richard,2009-10,25,CHI,18,224,6.5,-5.8,-0.2,0.3,.067
Nick Richards,2020-21,23,CHO,18,63,5.5,-8.0,-0.1,0.0,.026
Nick Richards,2021-22,24,CHO,50,367,15.9,-2.8,-0.1,1.0,.125
Nick Richards,2022-23,25,CHO,65,1217,18.3,-1.3,0.2,4.2,.165
Nick Richards,2023-24,26,CHO,67,1759,16.7,-2.3,-0.1,5.1,.140
Nick Richards,2024-25,27,2TM,57,1256,16.6,-3.3,-0.4,3.0,.114
Nick Richards,2024-25,27,CHO,21,440,17.2,-2.0,0.0,1.1,.117
Nick Richards,2024-25,27,PHO,36,816,16.3,-3.9,-0.4,1.9,.112
Clint Richardson,1979-80,23,PHI,52,988,9.9,-2.6,-0.2,1.1,.052
Clint Richardson,1980-81,24,PHI,77,1313,12.2,-1.1,0.3,2.4,.087
Clint Richardson,1981-82,25,PHI,77,1040,9.8,-2.8,-0.2,1.0,.048
Clint Richardson,1982-83,26,PHI,77,1755,11.4,-0.4,0.7,3.3,.090
Clint Richardson,1983-84,27,PHI,69,1571,10.1,-2.2,-0.1,1.9,.057
Clint Richardson,1984-85,28,PHI,74,1531,9.1,-2.1,0.0,1.8,.058
Clint Richardson,1985-86,29,IND,82,2224,12.2,-1.0,0.6,3.1,.067
Clint Richardson,1986-87,30,IND,78,1396,12.8,-0.5,0.5,2.1,.071
Clint Richardson,1987-88,,Did not play - other pro league,,,,,,,
Clint Richardson,1988-89,,Did not play - other pro league,,,,,,,
Jason Richardson,2001-02,21,GSW,80,2629,13.8,-0.9,0.7,2.9,.052
Jason Richardson,2002-03,22,GSW,82,2698,14.8,-0.5,1.0,3.7,.066
Jason Richardson,2003-04,23,GSW,78,2936,16.8,0.5,1.9,5.2,.085
Jason Richardson,2004-05,24,GSW,72,2724,19.0,2.5,3.0,5.7,.100
Jason Richardson,2005-06,25,GSW,75,2877,19.2,3.1,3.7,7.3,.122
Jason Richardson,2006-07,26,GSW,51,1675,15.5,0.8,1.2,3.0,.085
Jason Richardson,2007-08,27,CHA,82,3149,18.4,3.0,4.0,7.4,.113
Jason Richardson,2008-09,28,2TM,72,2410,16.7,1.2,2.0,5.8,.116
Jason Richardson,2008-09,28,CHA,14,491,15.8,1.3,0.4,1.1,.104
Jason Richardson,2008-09,28,PHO,58,1919,16.9,1.2,1.6,4.7,.119
Jason Richardson,2009-10,29,PHO,79,2485,16.6,1.7,2.3,6.6,.128
Jason Richardson,2010-11,30,2TM,80,2715,15.0,1.7,2.5,6.9,.123
Jason Richardson,2010-11,30,PHO,25,796,19.1,1.7,0.7,1.9,.117
Jason Richardson,2010-11,30,ORL,55,1919,13.2,1.6,1.7,5.0,.125
Jason Richardson,2011-12,31,ORL,54,1591,13.3,0.7,1.1,2.8,.084
Jason Richardson,2012-13,32,PHI,33,936,12.6,-0.5,0.4,1.4,.070
Jason Richardson,2013-14,,Did not play - injury,,,,,,,
Jason Richardson,2014-15,34,PHI,19,416,11.7,-1.3,0.1,0.4,.045
Jeremy Richardson,2006-07,22,2TM,6,20,13.8,1.8,0.0,0.0,.099
Jeremy Richardson,2006-07,22,ATL,5,19,14.5,2.1,0.0,0.0,.105
Jeremy Richardson,2006-07,22,POR,1,1,0.0,-4.1,0.0,0.0,-0.021
Jeremy Richardson,2007-08,23,3TM,27,132,4.2,-7.8,-0.2,-0.1,-0.041
Jeremy Richardson,2007-08,23,MEM,3,15,-18.1,-23.7,-0.1,-0.2,-0.505
Jeremy Richardson,2007-08,23,SAS,5,29,11.0,-1.7,0.0,0.1,.189
Jeremy Richardson,2007-08,23,ATL,19,88,5.8,-7.1,-0.1,-0.1,-0.037
Jeremy Richardson,2008-09,24,ORL,12,93,2.8,-10.3,-0.2,-0.2,-0.107
Josh Richardson,2015-16,22,MIA,52,1107,11.4,-0.4,0.5,2.5,.109
Josh Richardson,2016-17,23,MIA,53,1614,10.7,-1.1,0.4,2.2,.066
Josh Richardson,2017-18,24,MIA,81,2689,13.6,0.7,1.8,5.4,.096
Josh Richardson,2018-19,25,MIA,73,2539,14.0,0.3,1.5,5.6,.106
Josh Richardson,2019-20,26,PHI,55,1693,12.0,-1.8,0.1,2.1,.061
Josh Richardson,2020-21,27,DAL,59,1790,11.9,-1.7,0.1,2.4,.066
Josh Richardson,2021-22,28,2TM,65,1600,12.8,0.1,0.9,3.5,.106
Josh Richardson,2021-22,28,BOS,44,1087,12.2,0.3,0.6,2.6,.113
Josh Richardson,2021-22,28,SAS,21,513,14.0,-0.2,0.2,1.0,.091
Josh Richardson,2022-23,29,2TM,65,1530,12.3,-1.2,0.3,1.8,.055
Josh Richardson,2022-23,29,SAS,42,997,13.6,-1.1,0.2,1.0,.047
Josh Richardson,2022-23,29,NOP,23,533,9.9,-1.3,0.1,0.8,.071
Josh Richardson,2023-24,30,MIA,43,1103,11.4,-1.3,0.2,2.1,.093
Josh Richardson,2024-25,31,MIA,8,150,4.4,-6.7,-0.2,-0.1,-0.021
Malachi Richardson,2016-17,21,SAC,22,198,9.6,-4.8,-0.1,0.1,.028
Malachi Richardson,2017-18,22,2TM,26,324,5.9,-6.0,-0.3,-0.1,-0.015
Malachi Richardson,2017-18,22,SAC,25,319,5.8,-6.0,-0.3,-0.1,-0.016
Malachi Richardson,2017-18,22,TOR,1,5,10.5,-8.6,0.0,0.0,.045
Malachi Richardson,2018-19,23,TOR,22,103,0.9,-8.8,-0.2,-0.1,-0.060
Michael Ray Richardson,1978-79,23,NYK,72,1218,12.4,-1.1,0.3,0.3,.013
Michael Ray Richardson,1979-80,24,NYK,82,3060,17.8,3.1,3.9,6.0,.094
Michael Ray Richardson,1980-81,25,NYK,79,3175,17.1,3.2,4.2,6.9,.104
Michael Ray Richardson,1981-82,26,NYK,82,3044,17.7,2.7,3.6,5.5,.086
Michael Ray Richardson,1982-83,27,2TM,64,2076,13.9,0.4,1.3,2.0,.047
Michael Ray Richardson,1982-83,27,GSW,33,1074,13.6,-0.8,0.3,0.1,.006
Michael Ray Richardson,1982-83,27,NJN,31,1002,14.2,1.7,0.9,1.9,.092
Michael Ray Richardson,1983-84,28,NJN,48,1285,15.1,1.8,1.2,2.4,.090
Michael Ray Richardson,1984-85,29,NJN,82,3127,19.8,4.1,4.8,8.7,.134
Michael Ray Richardson,1985-86,30,NJN,47,1604,16.9,2.8,1.9,3.3,.099
Michael Ray Richardson,1986-87,,Did not play - suspended,,,,,,,
Norm Richardson,2001-02,22,2TM,11,67,10.3,-6.4,-0.1,0.0,.006
Norm Richardson,2001-02,22,IND,3,4,-10.2,-21.0,0.0,0.0,-0.570
Norm Richardson,2001-02,22,CHI,8,63,11.6,-5.4,-0.1,0.1,.043
Pooh Richardson,1989-90,23,MIN,82,2581,15.8,1.4,2.2,4.4,.082
Pooh Richardson,1990-91,24,MIN,82,3154,18.1,2.0,3.2,5.9,.089
Pooh Richardson,1991-92,25,MIN,82,2922,17.4,1.3,2.4,4.1,.068
Pooh Richardson,1992-93,26,IND,74,2396,14.5,0.3,1.4,4.0,.079
Pooh Richardson,1993-94,27,IND,37,1022,13.3,-0.4,0.4,1.4,.064
Pooh Richardson,1994-95,28,LAC,80,2864,12.6,-1.6,0.2,2.1,.036
Pooh Richardson,1995-96,29,LAC,63,2013,14.5,0.0,1.0,3.8,.091
Pooh Richardson,1996-97,30,LAC,59,1065,11.8,-0.8,0.3,1.0,.043
Pooh Richardson,1997-98,31,LAC,69,1252,10.3,-3.9,-0.6,0.2,.006
Pooh Richardson,1998-99,32,LAC,11,130,10.7,-4.9,-0.1,-0.1,-0.038
Pooh Richardson,1999-00,,Did not play - other pro league,,,,,,,
Quentin Richardson,2000-01,20,LAC,76,1358,16.5,0.8,0.9,3.0,.106
Quentin Richardson,2001-02,21,LAC,81,2152,17.4,2.2,2.3,5.6,.125
Quentin Richardson,2002-03,22,LAC,59,1368,12.5,-2.3,-0.1,1.0,.036
Quentin Richardson,2003-04,23,LAC,65,2338,15.1,-0.8,0.7,2.4,.050
Quentin Richardson,2004-05,24,PHO,79,2839,13.6,0.5,1.8,5.8,.098
Quentin Richardson,2005-06,25,NYK,55,1442,9.6,-1.9,0.0,0.7,.023
Quentin Richardson,2006-07,26,NYK,49,1621,14.3,0.7,1.1,3.5,.104
Quentin Richardson,2007-08,27,NYK,65,1841,8.5,-2.8,-0.4,0.3,.008
Quentin Richardson,2008-09,28,NYK,72,1894,11.6,-1.2,0.4,2.1,.054
Quentin Richardson,2009-10,29,MIA,76,2082,12.9,1.3,1.7,5.8,.133
Quentin Richardson,2010-11,30,ORL,57,955,8.1,-1.5,0.1,1.3,.067
Quentin Richardson,2011-12,31,ORL,48,866,8.7,-1.6,0.1,1.3,.070
Quentin Richardson,2012-13,32,NYK,1,29,0.7,-14.9,-0.1,-0.1,-0.181
Mitch Richmond,1988-89,23,GSW,79,2717,17.2,-0.1,1.3,5.6,.098
Mitch Richmond,1989-90,24,GSW,78,2799,17.0,-0.4,1.2,5.2,.090
Mitch Richmond,1990-91,25,GSW,77,3027,17.8,1.0,2.3,7.1,.113
Mitch Richmond,1991-92,26,SAC,80,3095,16.3,0.0,1.5,4.9,.076
Mitch Richmond,1992-93,27,SAC,45,1728,15.6,0.4,1.1,3.1,.087
Mitch Richmond,1993-94,28,SAC,78,2897,17.7,1.6,2.7,6.4,.106
Mitch Richmond,1994-95,29,SAC,82,3172,17.2,2.1,3.2,8.0,.120
Mitch Richmond,1995-96,30,SAC,81,2946,19.2,3.5,4.1,9.3,.151
Mitch Richmond,1996-97,31,SAC,81,3125,21.6,4.6,5.2,10.8,.166
Mitch Richmond,1997-98,32,SAC,70,2569,20.4,3.6,3.6,7.9,.148
Mitch Richmond,1998-99,33,WAS,50,1912,15.5,-0.2,0.9,3.3,.082
Mitch Richmond,1999-00,34,WAS,74,2397,16.5,1.1,1.9,5.2,.104
Mitch Richmond,2000-01,35,WAS,37,1216,14.9,-0.3,0.5,1.6,.065
Mitch Richmond,2001-02,36,LAL,64,709,10.7,-2.9,-0.2,0.9,.062
John Richter,1959-60,22,BOS,66,808,8.1,,,0.4,.026
Dick Ricketts,1955-56,22,2TM,68,1943,9.6,,,0.0,-0.001
Dick Ricketts,1955-56,22,STL,29,777,9.5,,,-0.2,-0.010
Dick Ricketts,1955-56,22,ROC,39,1166,9.7,,,0.1,.005
Dick Ricketts,1956-57,23,ROC,72,2114,10.7,,,2.0,.046
Dick Ricketts,1957-58,24,CIN,72,1620,8.4,,,0.1,.004
Dick Ricketts,1958-59,,Did not play - Major League Baseball,,,,,,,
Isaiah Rider,1993-94,22,MIN,79,2415,14.2,-1.7,0.2,1.7,.034
Isaiah Rider,1994-95,23,MIN,75,2645,15.6,-0.5,1.0,1.9,.034
Isaiah Rider,1995-96,24,MIN,75,2594,15.6,-0.9,0.7,3.4,.063
Isaiah Rider,1996-97,25,POR,76,2563,13.8,-0.7,0.9,5.0,.093
Isaiah Rider,1997-98,26,POR,74,2786,15.2,0.1,1.5,5.8,.099
Isaiah Rider,1998-99,27,POR,47,1385,13.7,-1.3,0.3,2.5,.086
Isaiah Rider,1999-00,28,ATL,60,2084,15.7,-1.4,0.3,1.6,.037
Isaiah Rider,2000-01,29,LAL,67,1206,11.8,-3.4,-0.4,0.8,.033
Isaiah Rider,2001-02,30,DEN,10,173,16.3,-0.2,0.1,0.2,.050
Jackie Ridgle,1971-72,23,CLE,32,107,13.7,,,0.2,.102
Luke Ridnour,2003-04,22,SEA,69,1114,13.1,-1.5,0.2,1.2,.051
Luke Ridnour,2004-05,23,SEA,82,2571,14.6,0.7,1.8,5.4,.100
Luke Ridnour,2005-06,24,SEA,79,2625,16.0,-0.2,1.2,4.4,.081
Luke Ridnour,2006-07,25,SEA,71,2091,13.7,-1.5,0.2,2.3,.052
Luke Ridnour,2007-08,26,SEA,61,1223,11.3,-3.1,-0.4,0.9,.035
Luke Ridnour,2008-09,27,MIL,72,2033,12.9,0.0,1.0,3.4,.081
Luke Ridnour,2009-10,28,MIL,82,1759,17.7,2.2,1.8,6.2,.168
Luke Ridnour,2010-11,29,MIN,71,2159,15.0,0.0,1.1,4.0,.089
Luke Ridnour,2011-12,30,MIN,53,1750,13.6,-0.5,0.7,3.3,.090
Luke Ridnour,2012-13,31,MIN,82,2474,13.0,-0.8,0.8,4.3,.084
Luke Ridnour,2013-14,32,2TM,61,1141,9.0,-4.4,-0.7,0.1,.005
Luke Ridnour,2013-14,32,MIL,36,763,9.1,-4.4,-0.5,-0.1,-0.008
Luke Ridnour,2013-14,32,CHA,25,378,8.6,-4.2,-0.2,0.2,.030
Luke Ridnour,2014-15,33,ORL,47,683,10.0,-3.3,-0.2,0.6,.042
Mel Riebe,1946-47,30,CLR,55,,,,,4.2,
Mel Riebe,1947-48,31,BOS,48,,,,,2.2,
Mel Riebe,1948-49,32,2TM,43,,,,,0.0,
Mel Riebe,1948-49,32,BOS,33,,,,,0.3,
Mel Riebe,1948-49,32,PRO,10,,,,,-0.3,
Bob Riedy,1967-68,22,HSM,23,331,9.1,,,0.0,.003
Jim Riffey,1950-51,27,FTW,35,,,,,0.2,
Antoine Rigaudeau,2002-03,31,DAL,11,91,-2.4,-14.7,-0.3,-0.4,-0.192
Tom Riker,1972-73,22,NYK,14,65,14.1,,,0.2,.151
Tom Riker,1973-74,23,NYK,17,57,19.9,-3.3,0.0,0.2,.159
Tom Riker,1974-75,24,NYK,51,483,9.4,-4.5,-0.3,0.0,.002
Bob Riley,1970-71,22,ATL,7,39,10.9,,,0.0,.056
Eric Riley,1993-94,23,HOU,47,219,13.4,-4.0,-0.1,0.4,.097
Eric Riley,1994-95,24,LAC,40,434,14.7,-3.5,-0.2,0.6,.063
Eric Riley,1995-96,25,MIN,25,310,12.0,-3.8,-0.1,0.5,.071
Eric Riley,1996-97,,Did not play - other pro league,,,,,,,
Eric Riley,1997-98,27,DAL,39,544,11.2,-4.4,-0.3,0.3,.029
Eric Riley,1998-99,28,BOS,35,337,11.8,-2.9,-0.1,0.7,.102
Pat Riley,1967-68,22,SDR,80,1263,10.3,,,-0.6,-0.023
Pat Riley,1968-69,23,SDR,56,1027,11.6,,,1.0,.048
Pat Riley,1969-70,24,SDR,36,474,11.6,,,0.6,.065
Pat Riley,1970-71,25,LAL,54,506,12.3,,,0.3,.027
Pat Riley,1971-72,26,LAL,67,926,11.8,,,1.3,.067
Pat Riley,1972-73,27,LAL,55,801,11.3,,,1.0,.060
Pat Riley,1973-74,28,LAL,72,1361,12.3,-3.9,-0.6,1.1,.040
Pat Riley,1974-75,29,LAL,46,1016,12.4,-4.5,-0.6,0.0,.002
Pat Riley,1975-76,30,2TM,62,813,7.6,-6.5,-0.9,-0.3,-0.019
Pat Riley,1975-76,30,LAL,2,23,7.4,-4.8,0.0,0.0,-0.093
Pat Riley,1975-76,30,PHO,60,790,7.6,-6.5,-0.9,-0.3,-0.017
Ron Riley,1972-73,22,KCO,74,1634,11.7,,,0.0,.000
Ron Riley,1973-74,23,2TM,48,591,10.9,-3.4,-0.2,0.2,.013
Ron Riley,1973-74,23,KCO,12,170,11.4,-4.3,-0.1,0.0,.005
Ron Riley,1973-74,23,HOU,36,421,10.7,-3.1,-0.1,0.1,.017
Ron Riley,1974-75,24,HOU,77,1578,11.4,-1.8,0.1,1.6,.048
Ron Riley,1975-76,25,HOU,65,1049,10.5,-2.2,-0.1,0.7,.033
Grant Riller,2020-21,23,CHO,7,27,23.6,5.1,0.0,0.1,.177
Rich Rinaldi,1971-72,22,BAL,39,159,14.0,,,0.0,-0.006
Rich Rinaldi,1972-73,23,BAL,33,646,11.4,,,0.4,.033
Rich Rinaldi,1973-74,24,2TM,12,76,7.4,-4.8,-0.1,-0.2,-0.103
Rich Rinaldi,1973-74,24,CAP,7,48,4.4,-5.3,-0.1,-0.2,-0.210
Rich Rinaldi,1973-74,24,NYA,5,28,12.6,-3.9,0.0,0.0,.080
Mike Riordan,1967-68,,Did not play - other pro league,,,,,,,
Mike Riordan,1968-69,23,NYK,54,397,6.2,,,-0.1,-0.016
Mike Riordan,1969-70,24,NYK,81,1677,11.5,,,3.8,.108
Mike Riordan,1970-71,25,NYK,82,1320,8.8,,,1.7,.063
Mike Riordan,1971-72,26,2TM,58,1377,11.6,,,2.1,.072
Mike Riordan,1971-72,26,NYK,4,33,3.2,,,-0.1,-0.083
Mike Riordan,1971-72,26,BAL,54,1344,11.8,,,2.1,.076
Mike Riordan,1972-73,27,BAL,82,3466,15.6,,,11.1,.154
Mike Riordan,1973-74,28,CAP,81,3230,12.5,-0.4,1.3,7.0,.104
Mike Riordan,1974-75,29,WSB,74,2191,15.1,0.3,1.3,6.1,.134
Mike Riordan,1975-76,30,WSB,78,1943,9.2,-3.1,-0.6,1.7,.042
Mike Riordan,1976-77,31,WSB,49,289,5.6,-5.5,-0.3,-0.1,-0.024
Zaccharie Risacher,2024-25,19,ATL,75,1843,12.2,-3.5,-0.7,1.8,.046
Arnie Risen,1948-49,24,ROC,60,,,,,10.6,
Arnie Risen,1949-50,25,ROC,62,,,,,4.6,
Arnie Risen,1950-51,26,ROC,66,,,,,9.3,
Arnie Risen,1951-52,27,ROC,66,2396,20.8,,,6.8,.137
Arnie Risen,1952-53,28,ROC,68,2288,18.2,,,5.8,.122
Arnie Risen,1953-54,29,ROC,72,2385,18.4,,,7.8,.157
Arnie Risen,1954-55,30,ROC,69,1970,17.4,,,3.9,.095
Arnie Risen,1955-56,31,BOS,68,1597,12.1,,,2.6,.079
Arnie Risen,1956-57,32,BOS,43,935,12.9,,,2.7,.140
Arnie Risen,1957-58,33,BOS,63,1119,9.9,,,1.8,.076
Tex Ritter,1948-49,24,NYK,55,,,,,2.4,
Tex Ritter,1949-50,25,NYK,62,,,,,2.3,
Tex Ritter,1950-51,26,NYK,34,,,,,1.0,
Ramón Rivas,1988-89,22,BOS,28,91,9.3,-8.2,-0.1,0.0,.019
Austin Rivers,2012-13,20,NOH,61,1418,5.9,-6.2,-1.5,-1.1,-0.038
Austin Rivers,2013-14,21,NOP,69,1339,11.6,-3.4,-0.5,0.6,.023
Austin Rivers,2014-15,22,2TM,76,1563,10.3,-2.8,-0.3,1.5,.046
Austin Rivers,2014-15,22,NOP,35,772,10.1,-3.0,-0.2,0.7,.046
Austin Rivers,2014-15,22,LAC,41,791,10.6,-2.7,-0.1,0.8,.046
Austin Rivers,2015-16,23,LAC,67,1464,11.1,-2.7,-0.2,1.9,.063
Austin Rivers,2016-17,24,LAC,74,2054,11.4,-2.2,-0.1,2.5,.059
Austin Rivers,2017-18,25,LAC,61,2057,12.6,-1.2,0.4,2.4,.056
Austin Rivers,2018-19,26,2TM,76,2028,7.7,-4.3,-1.1,1.2,.028
Austin Rivers,2018-19,26,WAS,29,683,6.8,-5.3,-0.6,-0.2,-0.014
Austin Rivers,2018-19,26,HOU,47,1345,8.2,-3.8,-0.6,1.4,.050
Austin Rivers,2019-20,27,HOU,68,1594,10.4,-2.5,-0.2,2.4,.072
Austin Rivers,2020-21,28,2TM,36,845,9.9,-1.9,0.0,1.3,.072
Austin Rivers,2020-21,28,NYK,21,442,9.5,-2.2,0.0,0.6,.063
Austin Rivers,2020-21,28,DEN,15,403,10.3,-1.7,0.0,0.7,.081
Austin Rivers,2021-22,29,DEN,67,1480,7.2,-3.8,-0.7,1.2,.037
Austin Rivers,2022-23,30,MIN,52,1016,7.4,-2.8,-0.2,1.3,.061
David Rivers,1988-89,24,LAL,47,440,9.8,-3.4,-0.2,0.0,.002
David Rivers,1989-90,25,LAC,52,724,9.9,-4.3,-0.4,-0.2,-0.012
David Rivers,1990-91,,Did not play - other pro league,,,,,,,
David Rivers,1991-92,27,LAC,15,122,7.6,-4.4,-0.1,-0.1,-0.035
Doc Rivers,1983-84,22,ATL,81,1938,14.9,1.1,1.5,4.2,.103
Doc Rivers,1984-85,23,ATL,69,2126,18.1,3.7,3.1,6.3,.143
Doc Rivers,1985-86,24,ATL,53,1571,17.4,3.4,2.1,4.2,.128
Doc Rivers,1986-87,25,ATL,82,2590,19.9,6.0,5.3,10.3,.191
Doc Rivers,1987-88,26,ATL,80,2502,20.4,4.9,4.4,8.3,.159
Doc Rivers,1988-89,27,ATL,76,2462,18.4,4.8,4.2,8.5,.167
Doc Rivers,1989-90,28,ATL,48,1526,17.2,3.0,2.0,4.0,.126
Doc Rivers,1990-91,29,ATL,79,2586,16.2,1.9,2.6,6.3,.116
Doc Rivers,1991-92,30,LAC,59,1657,13.8,0.5,1.1,3.9,.113
Doc Rivers,1992-93,31,NYK,77,1886,14.6,3.0,2.4,6.5,.166
Doc Rivers,1993-94,32,NYK,19,499,12.9,2.2,0.5,1.5,.146
Doc Rivers,1994-95,33,2TM,63,989,12.2,1.0,0.8,2.0,.097
Doc Rivers,1994-95,33,NYK,3,47,16.2,2.5,0.1,0.2,.170
Doc Rivers,1994-95,33,SAS,60,942,12.0,0.9,0.7,1.8,.094
Doc Rivers,1995-96,34,SAS,78,1235,9.6,0.2,0.7,2.2,.087
Lee Robbins,1947-48,25,PRO,31,,,,,0.0,
Lee Robbins,1948-49,26,PRO,16,,,,,0.2,
Liam Robbins,2024-25,25,MIL,13,57,2.6,-10.5,-0.1,-0.1,-0.066
Red Robbins,1966-67,,Did not play - other pro league,,,,,,,
Red Robbins,1967-68,23,NOB,73,2159,25.7,,,9.3,.208
Red Robbins,1968-69,24,NOB,76,2736,19.5,,,7.0,.122
Red Robbins,1969-70,25,NOB,82,3266,21.1,,,10.7,.157
Red Robbins,1970-71,26,UTS,82,2995,15.0,,,6.9,.111
Red Robbins,1971-72,27,UTS,78,2567,16.3,,,6.7,.125
Red Robbins,1972-73,28,SDA,58,1618,12.2,,,2.3,.067
Red Robbins,1973-74,29,2TM,80,1627,14.7,0.0,0.8,3.7,.110
Red Robbins,1973-74,29,SDA,46,1012,15.2,0.0,0.5,2.1,.100
Red Robbins,1973-74,29,KEN,34,615,13.7,0.0,0.3,1.6,.128
Red Robbins,1974-75,30,2TM,57,1777,15.9,0.7,1.3,3.9,.105
Red Robbins,1974-75,30,KEN,4,29,39.8,-1.2,0.1,0.3,.420
Red Robbins,1974-75,30,VIR,53,1748,15.5,0.8,1.2,3.6,.099
Red Robbins,1975-76,,Did not play - other pro league,,,,,,,
Andre Roberson,2013-14,22,OKC,40,399,9.0,-2.4,0.0,0.8,.099
Andre Roberson,2014-15,23,OKC,67,1286,9.1,-0.7,0.4,2.1,.079
Andre Roberson,2015-16,24,OKC,70,1553,10.2,0.5,1.0,3.4,.105
Andre Roberson,2016-17,25,OKC,79,2376,9.6,-1.0,0.6,4.2,.085
Andre Roberson,2017-18,26,OKC,39,1037,10.9,-0.1,0.5,2.2,.100
Andre Roberson,2018-19,,Did not play - injury,,,,,,,
Andre Roberson,2019-20,28,OKC,7,87,5.4,-5.4,-0.1,0.0,-0.017
Andre Roberson,2020-21,29,BRK,5,63,4.2,-6.1,-0.1,-0.1,-0.043
Anthony Roberson,2005-06,22,MEM,16,88,11.7,-2.3,0.0,0.2,.088
Anthony Roberson,2006-07,23,GSW,20,227,11.4,-2.3,0.0,0.1,.031
Anthony Roberson,2007-08,,Did not play - other pro league,,,,,,,
Anthony Roberson,2008-09,25,2TM,29,276,11.4,-1.4,0.0,0.2,.041
Anthony Roberson,2008-09,25,NYK,23,253,11.8,-0.8,0.1,0.3,.057
Anthony Roberson,2008-09,25,CHI,6,23,8.0,-8.0,0.0,-0.1,-0.136
Rick Roberson,1969-70,22,LAL,74,2005,11.2,,,3.0,.072
Rick Roberson,1970-71,23,LAL,65,909,11.8,,,1.0,.050
Rick Roberson,1971-72,24,CLE,63,2207,13.6,,,3.5,.075
Rick Roberson,1972-73,25,CLE,62,2127,13.3,,,3.6,.080
Rick Roberson,1973-74,26,POR,69,2060,16.1,-1.9,0.1,3.2,.075
Rick Roberson,1974-75,27,NOJ,16,339,13.1,-2.6,-0.1,0.4,.053
Rick Roberson,1975-76,28,KCK,74,709,10.3,-4.4,-0.4,0.0,.002
Terrance Roberson,2000-01,24,CHH,3,13,-15.0,-21.1,-0.1,-0.1,-0.334
Anthony Roberts,1977-78,22,DEN,82,1598,12.2,-4.0,-0.8,1.9,.057
Anthony Roberts,1978-79,23,DEN,63,1236,11.2,-2.8,-0.3,1.7,.067
Anthony Roberts,1979-80,24,DEN,23,486,9.3,-5.6,-0.4,0.1,.009
Anthony Roberts,1980-81,25,WSB,26,350,6.2,-6.2,-0.4,-0.2,-0.032
Anthony Roberts,1981-82,,Did not play - other pro league,,,,,,,
Anthony Roberts,1982-83,,Did not play - other pro league,,,,,,,
Anthony Roberts,1983-84,28,DEN,19,197,6.7,-7.9,-0.4,-0.2,-0.058
Bill Roberts,1948-49,23,3TM,50,,,,,0.7,
Bill Roberts,1948-49,23,CHS,2,,,,,0.0,
Bill Roberts,1948-49,23,BOS,26,,,,,0.2,
Bill Roberts,1948-49,23,STB,22,,,,,0.5,
Bill Roberts,1949-50,24,STB,67,,,,,0.2,
Brian Roberts,2012-13,27,NOH,78,1324,14.6,-0.6,0.5,2.2,.078
Brian Roberts,2013-14,28,NOP,72,1667,13.4,-1.7,0.1,2.2,.063
Brian Roberts,2014-15,29,CHO,72,1330,11.7,-1.7,0.1,1.8,.064
Brian Roberts,2015-16,30,2TM,51,470,13.8,-1.6,0.0,1.0,.105
Brian Roberts,2015-16,30,CHO,30,333,13.9,-1.4,0.0,0.8,.108
Brian Roberts,2015-16,30,POR,21,137,13.7,-2.2,0.0,0.3,.096
Brian Roberts,2016-17,31,CHO,41,416,9.8,-4.2,-0.2,0.2,.028
Fred Roberts,1982-83,,Did not play - other pro league,,,,,,,
Fred Roberts,1983-84,23,SAS,79,1531,12.6,-0.9,0.4,3.0,.093
Fred Roberts,1984-85,24,2TM,74,1178,13.5,-1.1,0.3,2.6,.106
Fred Roberts,1984-85,24,SAS,22,305,9.7,-2.5,-0.1,0.3,.043
Fred Roberts,1984-85,24,UTA,52,873,14.8,-0.5,0.3,2.3,.128
Fred Roberts,1985-86,25,UTA,58,469,9.1,-5.5,-0.4,0.2,.020
Fred Roberts,1986-87,26,BOS,73,1079,10.7,-3.3,-0.4,1.8,.078
Fred Roberts,1987-88,27,BOS,74,1032,12.6,-2.3,-0.1,1.9,.087
Fred Roberts,1988-89,28,MIL,71,1251,10.6,-1.6,0.1,2.0,.077
Fred Roberts,1989-90,29,MIL,82,2235,11.6,-2.3,-0.1,3.5,.075
Fred Roberts,1990-91,30,MIL,82,2114,13.4,-1.1,0.5,4.2,.096
Fred Roberts,1991-92,31,MIL,80,1746,12.9,-1.7,0.2,2.2,.060
Fred Roberts,1992-93,32,MIL,79,1488,15.5,0.7,1.0,3.9,.127
Fred Roberts,1993-94,,Did not play - other pro league,,,,,,,
Fred Roberts,1994-95,34,CLE,21,223,11.6,-3.4,-0.1,0.4,.092
Fred Roberts,1995-96,35,LAL,33,317,14.1,-0.1,0.1,0.6,.086
Fred Roberts,1996-97,36,DAL,12,40,12.8,-7.1,-0.1,0.0,-0.015
Joe Roberts,1960-61,24,SYR,68,800,9.9,,,0.2,.014
Joe Roberts,1961-62,25,SYR,80,1642,10.4,,,1.9,.056
Joe Roberts,1962-63,26,SYR,33,466,10.1,,,0.0,.004
Joe Roberts,1963-64,,Did not play - other pro league,,,,,,,
Joe Roberts,1964-65,,Did not play - other pro league,,,,,,,
Joe Roberts,1965-66,,Did not play - other pro league,,,,,,,
Joe Roberts,1966-67,,Did not play - other pro league,,,,,,,
Joe Roberts,1967-68,31,KEN,37,564,6.7,,,0.2,.019
Lawrence Roberts,2005-06,23,MEM,33,181,13.8,-3.0,-0.1,0.5,.144
Lawrence Roberts,2006-07,24,MEM,54,969,13.4,-1.7,0.1,2.0,.099
Marv Roberts,1971-72,22,DNR,68,1047,12.8,,,0.4,.019
Marv Roberts,1972-73,23,DNR,77,1959,15.8,,,4.3,.105
Marv Roberts,1973-74,24,2TM,74,1599,14.0,-0.6,0.6,3.4,.101
Marv Roberts,1973-74,24,DNR,35,645,11.6,-2.1,0.0,0.8,.062
Marv Roberts,1973-74,24,CAR,39,954,15.6,0.4,0.6,2.5,.127
Marv Roberts,1974-75,25,KEN,83,1370,9.8,-2.9,-0.3,2.4,.084
Marv Roberts,1975-76,26,2TM,72,1559,10.2,-3.1,-0.4,1.2,.035
Marv Roberts,1975-76,26,KEN,40,1003,11.6,-1.9,0.0,1.5,.072
Marv Roberts,1975-76,26,VIR,32,556,7.6,-5.3,-0.5,-0.4,-0.031
Marv Roberts,1976-77,27,LAL,28,209,6.0,-6.3,-0.3,-0.2,-0.051
Stanley Roberts,1991-92,21,ORL,55,1118,16.3,-1.4,0.2,2.1,.092
Stanley Roberts,1992-93,22,LAC,77,1816,14.7,-2.8,-0.4,3.2,.085
Stanley Roberts,1993-94,23,LAC,14,350,8.5,-6.0,-0.3,-0.1,-0.014
Stanley Roberts,1994-95,,Did not play - injury,,,,,,,
Stanley Roberts,1995-96,25,LAC,51,795,12.8,-4.8,-0.6,0.7,.040
Stanley Roberts,1996-97,26,LAC,18,378,14.1,-2.3,0.0,0.5,.060
Stanley Roberts,1997-98,27,MIN,74,1328,11.9,-4.1,-0.7,1.8,.064
Stanley Roberts,1998-99,28,HOU,6,33,9.7,-12.6,-0.1,-0.1,-0.083
Stanley Roberts,1999-00,29,PHI,5,51,3.0,-9.0,-0.1,0.0,-0.025
Alvin Robertson,1984-85,22,SAS,79,1685,15.3,0.9,1.2,3.1,.087
Alvin Robertson,1985-86,23,SAS,82,2878,19.5,4.7,4.9,8.6,.143
Alvin Robertson,1986-87,24,SAS,81,2697,18.5,3.0,3.4,5.3,.094
Alvin Robertson,1987-88,25,SAS,82,2978,18.9,2.9,3.7,5.8,.094
Alvin Robertson,1988-89,26,SAS,65,2287,17.2,2.5,2.6,4.4,.093
Alvin Robertson,1989-90,27,MIL,81,2599,18.9,3.7,3.7,7.5,.138
Alvin Robertson,1990-91,28,MIL,81,2598,18.6,4.4,4.2,7.7,.142
Alvin Robertson,1991-92,29,MIL,82,2463,15.0,1.6,2.2,3.6,.071
Alvin Robertson,1992-93,30,2TM,69,2006,13.2,1.0,1.6,3.4,.080
Alvin Robertson,1992-93,30,MIL,39,1065,13.6,1.0,0.8,1.6,.073
Alvin Robertson,1992-93,30,DET,30,941,12.7,1.1,0.7,1.7,.088
Alvin Robertson,1993-94,,Did not play - injury,,,,,,,
Alvin Robertson,1994-95,,Did not play - injury,,,,,,,
Alvin Robertson,1995-96,33,TOR,77,2478,12.7,-0.7,0.8,2.8,.054
Oscar Robertson,1960-61,22,CIN,71,3032,25.9,,,13.2,.210
Oscar Robertson,1961-62,23,CIN,79,3503,26.2,,,15.6,.214
Oscar Robertson,1962-63,24,CIN,80,3521,24.6,,,16.8,.229
Oscar Robertson,1963-64,25,CIN,79,3559,27.6,,,20.6,.278
Oscar Robertson,1964-65,26,CIN,75,3421,26.7,,,17.0,.238
Oscar Robertson,1965-66,27,CIN,76,3493,25.2,,,16.9,.232
Oscar Robertson,1966-67,28,CIN,79,3468,25.5,,,17.4,.241
Oscar Robertson,1967-68,29,CIN,65,2765,24.6,,,12.3,.214
Oscar Robertson,1968-69,30,CIN,79,3461,21.8,,,12.9,.180
Oscar Robertson,1969-70,31,CIN,69,2865,21.5,,,11.4,.191
Oscar Robertson,1970-71,32,MIL,81,3194,19.6,,,12.4,.186
Oscar Robertson,1971-72,33,MIL,64,2390,18.9,,,8.3,.167
Oscar Robertson,1972-73,34,MIL,73,2737,17.2,,,8.4,.148
Oscar Robertson,1973-74,35,MIL,70,2477,14.2,-0.1,1.2,5.9,.113
Ryan Robertson,1999-00,23,SAC,1,25,2.6,-5.4,0.0,0.0,-0.022
Tony Robertson,1977-78,22,ATL,63,929,10.6,-2.3,-0.1,0.5,.024
Tony Robertson,1978-79,23,GSW,12,74,10.7,-4.0,0.0,0.0,-0.027
Rick Robey,1978-79,23,2TM,79,1763,14.5,-1.6,0.2,3.1,.085
Rick Robey,1978-79,23,IND,43,849,13.4,-2.2,-0.1,1.3,.072
Rick Robey,1978-79,23,BOS,36,914,15.5,-1.0,0.2,1.8,.097
Rick Robey,1979-80,24,BOS,82,1918,15.4,-0.8,0.6,5.5,.139
Rick Robey,1980-81,25,BOS,82,1569,14.9,-0.3,0.7,3.7,.114
Rick Robey,1981-82,26,BOS,80,1186,11.0,-2.7,-0.2,1.9,.076
Rick Robey,1982-83,27,BOS,59,855,8.6,-3.5,-0.3,0.9,.049
Rick Robey,1983-84,28,PHO,61,856,12.8,-2.0,0.0,1.4,.078
Rick Robey,1984-85,29,PHO,4,48,-2.6,-10.9,-0.1,-0.2,-0.191
Rick Robey,1985-86,30,PHO,46,629,5.7,-6.3,-0.7,-0.6,-0.042
Bernard Robinson,2004-05,24,CHA,31,328,9.8,-2.8,-0.1,0.3,.037
Bernard Robinson,2005-06,25,CHA,66,1303,12.0,-1.8,0.1,1.7,.061
Bernard Robinson,2006-07,26,2TM,31,278,7.6,-2.3,0.0,0.1,.010
Bernard Robinson,2006-07,26,CHA,21,241,6.3,-3.3,-0.1,-0.1,-0.016
Bernard Robinson,2006-07,26,NJN,10,37,16.2,4.1,0.1,0.1,.181
Chris Robinson,1996-97,22,VAN,41,681,9.4,-3.3,-0.2,0.2,.017
Chris Robinson,1997-98,23,2TM,35,414,9.1,-5.1,-0.3,-0.3,-0.034
Chris Robinson,1997-98,23,VAN,16,143,4.7,-9.5,-0.3,-0.4,-0.130
Chris Robinson,1997-98,23,SAC,19,271,11.4,-2.8,-0.1,0.1,.017
Cliff Robinson,1979-80,19,NJN,70,1661,17.0,-0.6,0.6,3.6,.104
Cliff Robinson,1980-81,20,NJN,63,1822,17.9,-0.9,0.5,2.5,.065
Cliff Robinson,1981-82,21,2TM,68,2175,18.3,0.1,1.1,3.5,.077
Cliff Robinson,1981-82,21,KCK,38,1229,18.5,0.0,0.6,1.9,.074
Cliff Robinson,1981-82,21,CLE,30,946,18.1,0.2,0.5,1.6,.080
Cliff Robinson,1982-83,22,CLE,77,2601,17.5,-0.3,1.1,4.4,.081
Cliff Robinson,1983-84,23,CLE,73,2402,16.6,-0.6,0.9,3.1,.062
Cliff Robinson,1984-85,24,WSB,60,1870,16.4,-0.7,0.6,2.9,.075
Cliff Robinson,1985-86,25,WSB,78,2563,18.3,0.7,1.7,5.6,.104
Cliff Robinson,1986-87,26,PHI,55,1586,15.1,-1.5,0.2,2.1,.064
Cliff Robinson,1987-88,27,PHI,62,2110,15.7,-1.7,0.2,2.6,.059
Cliff Robinson,1988-89,28,PHI,14,416,14.1,-2.9,-0.1,0.3,.033
Cliff Robinson,1989-90,,Did not play - injury,,,,,,,
Cliff Robinson,1990-91,,Did not play - unsigned,,,,,,,
Cliff Robinson,1991-92,31,LAL,9,78,14.9,0.1,0.0,0.1,.052
Cliff Robinson,1992-93,,Did not play - other pro league,,,,,,,
Cliff Robinson,1993-94,,Did not play - other pro league,,,,,,,
Clifford Robinson,1989-90,23,POR,82,1565,9.3,-5.0,-1.2,0.3,.010
Clifford Robinson,1990-91,24,POR,82,1940,14.1,-0.4,0.8,4.2,.104
Clifford Robinson,1991-92,25,POR,82,2124,14.2,-0.2,1.0,4.6,.104
Clifford Robinson,1992-93,26,POR,82,2575,18.8,2.3,2.8,6.8,.127
Clifford Robinson,1993-94,27,POR,82,2853,17.4,1.1,2.3,7.5,.126
Clifford Robinson,1994-95,28,POR,75,2725,18.3,3.5,3.8,8.7,.153
Clifford Robinson,1995-96,29,POR,78,2980,16.3,2.1,3.0,8.0,.130
Clifford Robinson,1996-97,30,POR,81,3077,13.1,0.6,2.0,6.6,.103
Clifford Robinson,1997-98,31,PHO,80,2359,17.4,1.1,1.8,7.1,.144
Clifford Robinson,1998-99,32,PHO,50,1740,18.3,2.8,2.1,5.3,.146
Clifford Robinson,1999-00,33,PHO,80,2839,17.3,2.5,3.2,9.6,.162
Clifford Robinson,2000-01,34,PHO,82,2751,14.8,0.9,2.0,5.4,.095
Clifford Robinson,2001-02,35,DET,80,2855,13.5,-0.5,1.1,4.3,.073
Clifford Robinson,2002-03,36,DET,81,2825,12.4,0.0,1.4,4.4,.075
Clifford Robinson,2003-04,37,GSW,82,2846,10.8,-1.1,0.6,2.0,.033
Clifford Robinson,2004-05,38,2TM,71,1689,10.3,-1.3,0.3,1.7,.049
Clifford Robinson,2004-05,38,GSW,42,1090,11.0,-0.4,0.5,1.1,.046
Clifford Robinson,2004-05,38,NJN,29,599,9.0,-2.9,-0.1,0.7,.052
Clifford Robinson,2005-06,39,NJN,80,1863,9.6,-1.9,0.1,2.8,.073
Clifford Robinson,2006-07,40,NJN,50,955,5.9,-4.1,-0.5,0.3,.013
David Robinson,1987-88,,Did not play - military service,,,,,,,
David Robinson,1988-89,,Did not play - military service,,,,,,,
David Robinson,1989-90,24,SAS,82,3002,26.3,6.9,6.8,15.1,.241
David Robinson,1990-91,25,SAS,82,3095,27.4,8.5,8.2,17.0,.264
David Robinson,1991-92,26,SAS,68,2564,27.5,9.4,7.4,13.9,.260
David Robinson,1992-93,27,SAS,82,3211,24.2,6.4,6.8,13.2,.197
David Robinson,1993-94,28,SAS,80,3241,30.7,11.9,11.4,20.0,.296
David Robinson,1994-95,29,SAS,81,3074,29.1,9.2,8.7,17.5,.273
David Robinson,1995-96,30,SAS,82,3019,29.4,8.9,8.3,18.3,.290
David Robinson,1996-97,31,SAS,6,147,31.0,6.1,0.3,0.7,.227
David Robinson,1997-98,32,SAS,73,2457,27.8,8.3,6.3,13.8,.269
David Robinson,1998-99,33,SAS,49,1554,24.9,6.7,3.4,8.4,.261
David Robinson,1999-00,34,SAS,80,2557,24.6,5.8,5.0,12.7,.238
David Robinson,2000-01,35,SAS,80,2371,23.7,5.2,4.3,12.1,.246
David Robinson,2001-02,36,SAS,78,2303,20.3,3.9,3.4,10.1,.211
David Robinson,2002-03,37,SAS,64,1676,17.8,2.1,1.8,6.0,.172
Devin Robinson,2017-18,22,WAS,1,13,10.5,-2.1,0.0,0.0,.098
Devin Robinson,2018-19,23,WAS,7,95,20.6,1.9,0.1,0.3,.175
Duncan Robinson,2018-19,24,MIA,15,161,7.6,-3.5,-0.1,0.2,.051
Duncan Robinson,2019-20,25,MIA,73,2166,13.1,0.5,1.3,5.3,.118
Duncan Robinson,2020-21,26,MIA,72,2262,11.0,-1.0,0.6,3.7,.079
Duncan Robinson,2021-22,27,MIA,79,2043,10.6,-0.6,0.7,3.9,.092
Duncan Robinson,2022-23,28,MIA,42,691,7.8,-5.0,-0.5,0.5,.035
Duncan Robinson,2023-24,29,MIA,68,1905,12.2,-0.9,0.6,3.6,.091
Duncan Robinson,2024-25,30,MIA,74,1785,11.8,-1.7,0.1,2.7,.071
Eddie Robinson,1999-00,23,CHH,67,1112,16.4,0.6,0.7,3.0,.130
Eddie Robinson,2000-01,24,CHH,67,1201,17.9,2.6,1.4,4.0,.159
Eddie Robinson,2001-02,25,CHI,29,653,12.5,-2.3,-0.1,0.2,.015
Eddie Robinson,2002-03,26,CHI,64,1355,11.5,-0.8,0.4,2.2,.076
Eddie Robinson,2003-04,27,CHI,51,1024,11.0,-2.5,-0.1,0.8,.039
Flynn Robinson,1965-66,,Did not play - other,,,,,,,
Flynn Robinson,1966-67,25,CIN,76,1140,14.0,,,2.2,.093
Flynn Robinson,1967-68,26,2TM,75,2046,17.2,,,4.9,.116
Flynn Robinson,1967-68,26,CIN,2,16,12.4,,,-0.1,-0.208
Flynn Robinson,1967-68,26,CHI,73,2030,17.2,,,5.0,.119
Flynn Robinson,1968-69,27,2TM,83,2616,18.6,,,6.7,.123
Flynn Robinson,1968-69,27,CHI,18,550,18.6,,,1.6,.142
Flynn Robinson,1968-69,27,MIL,65,2066,18.6,,,5.1,.118
Flynn Robinson,1969-70,28,MIL,81,2762,19.3,,,9.3,.162
Flynn Robinson,1970-71,29,CIN,71,1368,17.3,,,3.3,.115
Flynn Robinson,1971-72,30,LAL,64,1007,17.7,,,3.6,.172
Flynn Robinson,1972-73,31,2TM,44,630,14.3,,,1.3,.100
Flynn Robinson,1972-73,31,LAL,6,47,20.8,,,0.2,.219
Flynn Robinson,1972-73,31,BAL,38,583,13.8,,,1.1,.091
Flynn Robinson,1973-74,32,SDA,49,779,15.5,-0.6,0.3,1.2,.074
Glenn Robinson,1994-95,22,MIL,80,2958,16.6,-0.9,0.8,3.2,.053
Glenn Robinson,1995-96,23,MIL,82,3249,15.9,0.0,1.6,3.5,.052
Glenn Robinson,1996-97,24,MIL,80,3114,17.5,0.7,2.1,4.7,.072
Glenn Robinson,1997-98,25,MIL,56,2294,16.8,0.0,1.1,3.1,.065
Glenn Robinson,1998-99,26,MIL,47,1579,19.7,1.9,1.5,4.0,.122
Glenn Robinson,1999-00,27,MIL,81,2909,17.8,0.1,1.5,4.8,.080
Glenn Robinson,2000-01,28,MIL,76,2813,20.1,1.3,2.4,6.7,.114
Glenn Robinson,2001-02,29,MIL,66,2346,19.1,0.3,1.4,4.7,.096
Glenn Robinson,2002-03,30,ATL,69,2591,16.7,-0.8,0.8,2.9,.055
Glenn Robinson,2003-04,31,PHI,42,1336,15.0,-1.5,0.1,1.6,.056
Glenn Robinson,2004-05,32,SAS,9,157,17.2,0.7,0.1,0.5,.147
Glenn Robinson III,2014-15,21,2TM,35,261,8.5,-5.4,-0.2,0.1,.012
Glenn Robinson III,2014-15,21,MIN,25,108,8.2,-5.4,-0.1,0.0,.009
Glenn Robinson III,2014-15,21,PHI,10,153,8.6,-5.4,-0.1,0.0,.013
Glenn Robinson III,2015-16,22,IND,45,508,11.4,-1.1,0.1,0.8,.078
Glenn Robinson III,2016-17,23,IND,69,1427,11.5,-0.3,0.6,2.5,.085
Glenn Robinson III,2017-18,24,IND,23,338,10.8,-0.7,0.1,0.6,.088
Glenn Robinson III,2018-19,25,DET,47,610,8.7,-3.0,-0.2,0.7,.054
Glenn Robinson III,2019-20,26,2TM,62,1786,13.3,-1.7,0.1,2.9,.078
Glenn Robinson III,2019-20,26,GSW,48,1516,13.1,-1.7,0.1,2.1,.067
Glenn Robinson III,2019-20,26,PHI,14,270,14.7,-1.4,0.0,0.8,.137
Glenn Robinson III,2020-21,27,SAC,23,369,9.0,-4.0,-0.2,0.3,.033
Jackie Robinson,1978-79,23,SEA,12,105,13.6,-1.9,0.1,0.1,.065
Jackie Robinson,1979-80,24,DET,7,51,17.1,-2.4,0.0,0.2,.167
Jackie Robinson,1980-81,,Did not play - waived,,,,,,,
Jackie Robinson,1981-82,26,CHI,3,29,8.0,-4.3,0.0,0.0,.037
Jamal Robinson,2000-01,27,MIA,6,72,-1.9,-9.9,-0.1,-0.2,-0.166
James Robinson,1993-94,23,POR,58,673,10.0,-2.1,0.0,0.2,.015
James Robinson,1994-95,24,POR,71,1539,10.5,-2.3,-0.1,1.2,.038
James Robinson,1995-96,25,POR,76,1627,10.6,-1.4,0.3,2.3,.068
James Robinson,1996-97,26,MIN,69,1309,12.7,-1.1,0.3,1.9,.071
James Robinson,1997-98,27,LAC,70,1231,12.4,-3.0,-0.3,0.2,.007
James Robinson,1998-99,28,2TM,31,506,10.7,-2.4,0.0,-0.1,-0.006
James Robinson,1998-99,28,LAC,14,280,12.7,-1.5,0.0,0.2,.027
James Robinson,1998-99,28,MIN,17,226,8.2,-3.4,-0.1,-0.2,-0.047
James Robinson,1999-00,,Did not play - other pro league,,,,,,,
James Robinson,2000-01,30,ORL,6,50,5.1,-5.9,-0.1,0.0,-0.017
Jerome Robinson,2018-19,21,LAC,33,320,7.2,-4.7,-0.2,0.1,.012
Jerome Robinson,2019-20,22,2TM,63,979,7.4,-3.9,-0.5,0.2,.009
Jerome Robinson,2019-20,22,LAC,42,476,4.8,-4.7,-0.3,0.0,-0.004
Jerome Robinson,2019-20,22,WAS,21,503,9.8,-3.2,-0.1,0.2,.022
Jerome Robinson,2020-21,23,WAS,17,305,4.1,-7.0,-0.4,-0.4,-0.057
Jerome Robinson,2021-22,,Did not play - unsigned,,,,,,,
Jerome Robinson,2022-23,,Did not play - other pro league,,,,,,,
Jerome Robinson,2023-24,26,GSW,22,81,5.7,-8.3,-0.1,-0.1,-0.040
Justin Robinson,2019-20,22,WAS,9,49,8.2,-5.7,0.0,0.0,.007
Justin Robinson,2020-21,23,OKC,9,88,6.0,-6.8,-0.1,0.0,.021
Justin Robinson,2021-22,24,3TM,25,304,3.6,-7.6,-0.4,-0.3,-0.055
Justin Robinson,2021-22,24,MIL,17,198,4.3,-6.6,-0.2,-0.1,-0.030
Justin Robinson,2021-22,24,SAC,3,15,-13.5,-26.2,-0.1,-0.1,-0.459
Justin Robinson,2021-22,24,DET,5,91,4.9,-6.9,-0.1,-0.1,-0.041
Larry Robinson,1990-91,23,2TM,36,425,7.6,-4.8,-0.3,-0.1,-0.016
Larry Robinson,1990-91,23,GSW,24,170,6.6,-6.0,-0.2,-0.2,-0.051
Larry Robinson,1990-91,23,WSB,12,255,8.3,-4.0,-0.1,0.0,.007
Larry Robinson,1991-92,24,BOS,1,6,-9.3,-25.9,0.0,-0.1,-0.434
Larry Robinson,1992-93,25,WSB,4,33,12.0,-3.1,0.0,0.0,-0.024
Larry Robinson,1993-94,26,HOU,6,55,13.0,-2.9,0.0,0.0,-0.002
Larry Robinson,1994-95,,Did not play - other pro league,,,,,,,
Larry Robinson,1995-96,,Did not play - other pro league,,,,,,,
Larry Robinson,1996-97,,Did not play - other pro league,,,,,,,
Larry Robinson,1997-98,30,VAN,6,41,15.8,-2.4,0.0,0.0,.033
Larry Robinson,1998-99,,Did not play - other pro league,,,,,,,
Larry Robinson,1999-00,,Did not play - other pro league,,,,,,,
Larry Robinson,2000-01,33,2TM,34,632,11.8,0.9,0.5,1.1,.083
Larry Robinson,2000-01,33,CLE,1,1,-54.4,-38.2,0.0,0.0,-1.521
Larry Robinson,2000-01,33,ATL,33,631,11.9,1.0,0.5,1.1,.085
Larry Robinson,2001-02,34,NYK,2,10,3.8,-8.1,0.0,0.0,-0.038
Mitchell Robinson,2018-19,20,NYK,66,1360,22.0,2.5,1.6,6.1,.217
Mitchell Robinson,2019-20,21,NYK,61,1412,23.5,2.9,1.8,6.8,.230
Mitchell Robinson,2020-21,22,NYK,31,853,17.7,1.2,0.7,3.4,.192
Mitchell Robinson,2021-22,23,NYK,72,1848,20.7,2.2,2.0,8.5,.221
Mitchell Robinson,2022-23,24,NYK,59,1591,18.9,2.4,1.7,6.5,.197
Mitchell Robinson,2023-24,25,NYK,31,768,16.1,0.0,0.4,2.5,.155
Mitchell Robinson,2024-25,26,NYK,17,290,20.4,3.3,0.4,1.3,.221
Nate Robinson,2005-06,21,NYK,72,1544,12.6,-2.1,-0.1,1.5,.046
Nate Robinson,2006-07,22,NYK,64,1356,15.2,1.1,1.0,3.2,.114
Nate Robinson,2007-08,23,NYK,72,1883,15.3,0.0,1.0,3.2,.082
Nate Robinson,2008-09,24,NYK,74,2209,18.9,2.4,2.4,5.9,.128
Nate Robinson,2009-10,25,2TM,56,1115,16.3,0.7,0.7,2.2,.095
Nate Robinson,2009-10,25,NYK,30,733,17.6,0.9,0.5,1.4,.091
Nate Robinson,2009-10,25,BOS,26,382,13.9,0.2,0.2,0.8,.103
Nate Robinson,2010-11,26,2TM,59,1013,10.0,-2.6,-0.2,1.1,.051
Nate Robinson,2010-11,26,BOS,55,983,10.2,-2.3,-0.1,1.1,.054
Nate Robinson,2010-11,26,OKC,4,30,3.3,-12.9,-0.1,0.0,-0.063
Nate Robinson,2011-12,27,GSW,51,1192,18.0,0.4,0.7,2.8,.111
Nate Robinson,2012-13,28,CHI,82,2086,17.4,2.8,2.5,5.9,.136
Nate Robinson,2013-14,29,DEN,44,866,15.6,0.6,0.6,1.8,.101
Nate Robinson,2014-15,30,2TM,42,591,10.6,-3.0,-0.1,0.3,.021
Nate Robinson,2014-15,30,DEN,33,465,10.6,-3.1,-0.1,0.2,.024
Nate Robinson,2014-15,30,LAC,9,126,10.4,-2.7,0.0,0.0,.012
Nate Robinson,2015-16,31,NOP,2,23,2.6,-4.6,0.0,0.0,.038
Oliver Robinson,1982-83,22,SAS,35,147,14.1,-5.0,-0.1,0.1,.018
Orlando Robinson,2022-23,22,MIA,31,425,13.4,-2.1,0.0,1.1,.129
Orlando Robinson,2023-24,23,MIA,36,304,14.0,-1.1,0.1,0.9,.135
Orlando Robinson,2024-25,24,2TM,44,770,12.9,-3.4,-0.3,1.2,.072
Orlando Robinson,2024-25,24,SAC,9,57,12.2,-2.9,0.0,0.1,.047
Orlando Robinson,2024-25,24,TOR,35,713,12.9,-3.5,-0.3,1.1,.074
Ronnie Robinson,1973-74,22,2TM,62,1170,10.6,-4.0,-0.6,0.7,.029
Ronnie Robinson,1973-74,22,UTS,22,308,9.1,-5.2,-0.3,-0.1,-0.008
Ronnie Robinson,1973-74,22,MMT,40,862,11.2,-3.6,-0.3,0.8,.042
Ronnie Robinson,1974-75,23,MMS,10,102,12.7,-3.6,0.0,0.1,.046
Rumeal Robinson,1990-91,24,ATL,47,674,11.7,-3.0,-0.2,-0.1,-0.004
Rumeal Robinson,1991-92,25,ATL,81,2220,14.9,-0.3,1.0,2.4,.053
Rumeal Robinson,1992-93,26,NJN,80,1585,13.7,-0.9,0.5,1.9,.059
Rumeal Robinson,1993-94,27,2TM,31,396,6.1,-6.9,-0.5,-0.6,-0.077
Rumeal Robinson,1993-94,27,NJN,17,301,7.5,-5.3,-0.3,-0.2,-0.038
Rumeal Robinson,1993-94,27,CHH,14,95,1.6,-12.0,-0.2,-0.4,-0.203
Rumeal Robinson,1994-95,,Did not play - other pro league,,,,,,,
Rumeal Robinson,1995-96,29,POR,43,715,11.8,-1.1,0.2,1.0,.069
Rumeal Robinson,1996-97,30,3TM,54,508,10.5,-3.1,-0.1,0.5,.046
Rumeal Robinson,1996-97,30,LAL,15,126,7.7,-4.6,-0.1,-0.1,-0.024
Rumeal Robinson,1996-97,30,PHO,12,87,9.7,-5.6,-0.1,0.0,-0.005
Rumeal Robinson,1996-97,30,POR,27,295,11.9,-1.7,0.0,0.6,.091
Sam Robinson,1970-71,23,FLO,83,2172,12.5,,,1.6,.036
Sam Robinson,1971-72,24,FLO,51,686,13.7,,,0.2,.014
Thomas Robinson,2012-13,21,2TM,70,1056,10.9,-5.3,-0.9,-0.1,-0.002
Thomas Robinson,2012-13,21,SAC,51,809,10.6,-5.6,-0.7,-0.2,-0.010
Thomas Robinson,2012-13,21,HOU,19,247,12.0,-4.2,-0.1,0.1,.024
Thomas Robinson,2013-14,22,POR,70,873,14.1,-3.2,-0.3,1.6,.090
Thomas Robinson,2014-15,23,2TM,54,798,15.3,-2.0,0.0,1.5,.089
Thomas Robinson,2014-15,23,POR,32,391,11.0,-3.3,-0.1,0.5,.059
Thomas Robinson,2014-15,23,PHI,22,407,19.3,-0.7,0.1,1.0,.118
Thomas Robinson,2015-16,24,BRK,71,917,14.5,-3.8,-0.4,0.6,.033
Thomas Robinson,2016-17,25,LAL,48,560,17.3,-2.1,0.0,0.9,.079
Truck Robinson,1974-75,23,WSB,76,995,15.1,-0.3,0.4,2.7,.130
Truck Robinson,1975-76,24,WSB,82,2055,15.5,-0.3,0.9,4.3,.099
Truck Robinson,1976-77,25,2TM,77,2777,17.1,0.5,1.7,7.3,.125
Truck Robinson,1976-77,25,WSB,41,1328,15.2,-0.7,0.4,3.2,.114
Truck Robinson,1976-77,25,ATL,36,1449,18.8,1.6,1.3,4.1,.136
Truck Robinson,1977-78,26,NOJ,82,3638,15.7,-1.5,0.5,6.5,.086
Truck Robinson,1978-79,27,2TM,69,2537,16.9,-1.5,0.3,5.1,.096
Truck Robinson,1978-79,27,NOJ,43,1781,18.0,-0.7,0.6,4.1,.111
Truck Robinson,1978-79,27,PHO,26,756,14.2,-3.5,-0.3,1.0,.061
Truck Robinson,1979-80,28,PHO,82,2710,15.3,-1.7,0.2,6.0,.106
Truck Robinson,1980-81,29,PHO,82,3088,14.9,-0.7,1.0,7.6,.119
Truck Robinson,1981-82,30,PHO,74,2745,16.1,-0.6,1.0,6.9,.121
Truck Robinson,1982-83,31,NYK,81,2426,10.7,-1.9,0.1,3.3,.065
Truck Robinson,1983-84,32,NYK,65,2135,10.4,-2.2,-0.1,3.2,.071
Truck Robinson,1984-85,33,NYK,2,35,7.3,-0.7,0.0,-0.1,-0.082
Wayne Robinson,1980-81,22,DET,81,1592,11.5,-2.7,-0.3,1.7,.052
Wil Robinson,1973-74,24,MMT,45,956,10.8,-3.9,-0.5,-0.1,-0.006
Jeremiah Robinson-Earl,2021-22,21,OKC,49,1087,11.7,-2.2,-0.1,1.5,.066
Jeremiah Robinson-Earl,2022-23,22,OKC,43,814,13.0,-1.5,0.1,1.9,.111
Jeremiah Robinson-Earl,2023-24,23,NOP,39,334,11.8,-2.2,0.0,0.6,.086
Jeremiah Robinson-Earl,2024-25,24,NOP,66,1239,12.9,-2.5,-0.2,1.7,.067
Bill Robinzine,1975-76,23,KCK,75,1327,14.6,-2.9,-0.3,2.4,.087
Bill Robinzine,1976-77,24,KCK,75,1594,15.6,-1.6,0.2,3.4,.104
Bill Robinzine,1977-78,25,KCK,82,1748,13.6,-2.7,-0.3,3.0,.082
Bill Robinzine,1978-79,26,KCK,82,2179,16.4,0.3,1.3,6.9,.151
Bill Robinzine,1979-80,27,KCK,81,1917,15.3,-0.8,0.6,5.5,.137
Bill Robinzine,1980-81,28,2TM,78,2016,14.8,-2.4,-0.2,2.3,.054
Bill Robinzine,1980-81,28,CLE,8,84,6.0,-5.4,-0.1,-0.1,-0.057
Bill Robinzine,1980-81,28,DAL,70,1932,15.2,-2.2,-0.1,2.4,.059
Bill Robinzine,1981-82,29,UTA,56,651,11.3,-6.0,-0.7,-0.2,-0.013
Dave Robisch,1971-72,22,DNR,84,2420,19.7,,,5.2,.103
Dave Robisch,1972-73,23,DNR,83,2647,20.3,,,10.1,.184
Dave Robisch,1973-74,24,DNR,84,2469,18.5,2.6,2.9,9.1,.176
Dave Robisch,1974-75,25,DNA,84,1899,19.4,2.6,2.2,8.5,.214
Dave Robisch,1975-76,26,2TM,87,2789,15.8,0.3,1.7,7.8,.134
Dave Robisch,1975-76,26,SDS,11,374,20.7,3.7,0.6,1.6,.208
Dave Robisch,1975-76,26,INA,76,2415,15.0,-0.2,1.1,6.1,.122
Dave Robisch,1976-77,27,IND,80,1966,16.5,0.3,1.1,5.0,.122
Dave Robisch,1977-78,28,2TM,78,1277,12.8,-1.0,0.3,2.3,.086
Dave Robisch,1977-78,28,IND,23,598,13.0,-0.1,0.3,1.1,.090
Dave Robisch,1977-78,28,LAL,55,679,12.6,-1.8,0.0,1.2,.083
Dave Robisch,1978-79,29,LAL,80,1219,11.9,-1.1,0.3,2.3,.092
Dave Robisch,1979-80,30,CLE,82,2670,17.2,1.8,2.6,8.6,.154
Dave Robisch,1980-81,31,2TM,84,2116,14.1,-0.5,0.8,4.2,.095
Dave Robisch,1980-81,31,CLE,11,372,12.5,0.2,0.2,0.6,.072
Dave Robisch,1980-81,31,DEN,73,1744,14.4,-0.7,0.6,3.6,.100
Dave Robisch,1981-82,32,DEN,12,257,17.9,0.0,0.2,0.7,.139
Dave Robisch,1982-83,33,DEN,61,711,10.3,-4.3,-0.4,0.4,.024
Dave Robisch,1983-84,34,3TM,31,340,6.5,-4.4,-0.3,0.1,.009
Dave Robisch,1983-84,34,DEN,19,141,3.6,-6.2,-0.2,-0.2,-0.079
Dave Robisch,1983-84,34,SAS,4,37,4.8,-4.5,0.0,0.0,.029
Dave Robisch,1983-84,34,KCK,8,162,9.4,-2.7,0.0,0.3,.080
Isaiah Roby,2019-20,21,OKC,3,11,-7.7,-15.4,0.0,0.0,-0.188
Isaiah Roby,2020-21,22,OKC,61,1425,11.9,-3.3,-0.5,1.3,.043
Isaiah Roby,2021-22,23,OKC,45,948,18.3,0.6,0.6,2.9,.147
Isaiah Roby,2022-23,24,SAS,42,474,9.3,-4.6,-0.3,-0.1,-0.011
Isaiah Roby,2023-24,,Did not play - other pro league,,,,,,,
Red Rocha,1947-48,24,STB,48,,,,,7.2,
Red Rocha,1948-49,25,STB,58,,,,,5.1,
Red Rocha,1949-50,26,STB,65,,,,,7.0,
Red Rocha,1950-51,27,BLB,64,,,,,4.6,
Red Rocha,1951-52,28,SYR,66,2543,15.3,,,7.8,.148
Red Rocha,1952-53,29,SYR,69,2454,14.4,,,6.5,.126
Red Rocha,1953-54,,Did not play - retired,,,,,,,
Red Rocha,1954-55,31,SYR,72,2473,12.2,,,5.0,.096
Red Rocha,1955-56,32,SYR,72,1883,12.4,,,3.6,.092
Red Rocha,1956-57,33,FTW,72,1154,11.1,,,1.0,.044
John Roche,1971-72,22,NYA,82,2593,10.9,,,4.1,.076
John Roche,1972-73,23,NYA,77,2615,11.4,,,2.5,.045
John Roche,1973-74,24,2TM,84,2180,13.9,-0.3,0.9,4.8,.105
John Roche,1973-74,24,NYA,50,1254,14.6,0.0,0.6,3.2,.121
John Roche,1973-74,24,KEN,34,926,13.0,-0.8,0.3,1.6,.083
John Roche,1974-75,25,2TM,58,1387,13.1,-0.4,0.5,2.3,.081
John Roche,1974-75,25,KEN,19,258,6.5,-3.7,-0.1,0.1,.026
John Roche,1974-75,25,UTS,39,1129,14.6,0.3,0.7,2.2,.094
John Roche,1975-76,26,2TM,31,536,13.9,-1.3,0.0,0.5,.047
John Roche,1975-76,26,UTS,16,484,15.3,-0.8,0.1,0.7,.069
John Roche,1975-76,26,LAL,15,52,0.9,-6.2,-0.1,-0.2,-0.151
John Roche,1976-77,,Did not play - retired,,,,,,,
John Roche,1977-78,,Did not play - other pro league,,,,,,,
John Roche,1978-79,,Did not play - retired,,,,,,,
John Roche,1979-80,30,DEN,82,2286,13.9,-1.0,0.6,4.2,.088
John Roche,1980-81,31,DEN,26,611,13.1,-1.4,0.1,0.8,.060
John Roche,1981-82,32,DEN,39,501,11.8,-1.4,0.1,0.6,.061
Gene Rock,1947-48,26,CHS,11,,,,,0.0,
Jack Rocker,1947-48,25,PHW,9,,,,,0.2,
David Roddy,2022-23,21,MEM,70,1258,8.8,-3.9,-0.6,1.1,.043
David Roddy,2023-24,22,2TM,65,1177,8.7,-5.0,-0.9,0.1,.004
David Roddy,2023-24,22,MEM,48,1114,8.7,-5.0,-0.8,0.1,.005
David Roddy,2023-24,22,PHO,17,63,7.9,-5.8,-0.1,0.0,-0.006
David Roddy,2024-25,23,3TM,33,410,11.9,-1.5,0.1,0.5,.062
David Roddy,2024-25,23,ATL,27,346,11.8,-1.2,0.1,0.5,.070
David Roddy,2024-25,23,PHI,3,29,19.1,2.9,0.0,0.0,.036
David Roddy,2024-25,23,HOU,3,35,7.2,-8.3,-0.1,0.0,.007
Guy Rodgers,1958-59,23,PHW,45,1565,13.0,,,2.4,.073
Guy Rodgers,1959-60,24,PHW,68,2483,11.8,,,4.3,.084
Guy Rodgers,1960-61,25,PHW,78,2905,13.5,,,4.8,.080
Guy Rodgers,1961-62,26,PHW,80,2650,9.8,,,2.1,.038
Guy Rodgers,1962-63,27,SFW,79,3249,12.9,,,2.5,.037
Guy Rodgers,1963-64,28,SFW,79,2695,12.4,,,4.0,.071
Guy Rodgers,1964-65,29,SFW,79,2699,14.2,,,2.8,.051
Guy Rodgers,1965-66,30,SFW,79,2902,16.9,,,2.3,.039
Guy Rodgers,1966-67,31,CHI,81,3063,17.9,,,6.2,.097
Guy Rodgers,1967-68,32,2TM,79,1546,10.5,,,-0.2,-0.007
Guy Rodgers,1967-68,32,CHI,4,129,9.8,,,-0.2,-0.066
Guy Rodgers,1967-68,32,CIN,75,1417,10.6,,,0.0,-0.001
Guy Rodgers,1968-69,33,MIL,81,2157,14.2,,,1.3,.030
Guy Rodgers,1969-70,34,MIL,64,749,12.4,,,0.6,.041
Dennis Rodman,1986-87,25,DET,77,1155,15.5,0.5,0.7,2.9,.120
Dennis Rodman,1987-88,26,DET,82,2147,17.4,1.6,2.0,6.8,.153
Dennis Rodman,1988-89,27,DET,82,2208,16.3,2.2,2.3,8.1,.175
Dennis Rodman,1989-90,28,DET,82,2377,15.4,1.6,2.2,9.3,.189
Dennis Rodman,1990-91,29,DET,82,2747,13.9,0.6,1.8,8.7,.151
Dennis Rodman,1991-92,30,DET,82,3301,17.0,2.8,4.0,12.6,.183
Dennis Rodman,1992-93,31,DET,62,2410,13.6,-0.6,0.9,5.5,.110
Dennis Rodman,1993-94,32,SAS,79,2989,13.4,1.0,2.3,8.7,.140
Dennis Rodman,1994-95,33,SAS,49,1568,16.6,1.8,1.5,5.8,.178
Dennis Rodman,1995-96,34,CHI,64,2088,13.6,0.0,1.1,6.2,.143
Dennis Rodman,1996-97,35,CHI,55,1947,13.9,0.5,1.2,6.0,.148
Dennis Rodman,1997-98,36,CHI,80,2856,12.4,-0.3,1.3,7.8,.131
Dennis Rodman,1998-99,37,LAL,23,657,8.0,-2.0,0.0,0.8,.056
Dennis Rodman,1999-00,38,DAL,12,389,8.4,-3.2,-0.1,0.6,.074
Sergio Rodríguez,2006-07,20,POR,67,862,14.1,-1.1,0.2,0.9,.050
Sergio Rodríguez,2007-08,21,POR,72,628,9.0,-3.7,-0.3,-0.2,-0.017
Sergio Rodríguez,2008-09,22,POR,80,1225,12.5,-1.4,0.2,1.7,.068
Sergio Rodríguez,2009-10,23,2TM,66,1048,14.8,-1.3,0.2,1.2,.053
Sergio Rodríguez,2009-10,23,SAC,39,517,16.9,0.5,0.3,0.8,.074
Sergio Rodríguez,2009-10,23,NYK,27,531,12.8,-3.0,-0.1,0.4,.033
Sergio Rodríguez,2010-11,,Did not play - other pro league,,,,,,,
Sergio Rodríguez,2011-12,,Did not play - other pro league,,,,,,,
Sergio Rodríguez,2012-13,,Did not play - other pro league,,,,,,,
Sergio Rodríguez,2013-14,,Did not play - other pro league,,,,,,,
Sergio Rodríguez,2014-15,,Did not play - other pro league,,,,,,,
Sergio Rodríguez,2015-16,,Did not play - other pro league,,,,,,,
Sergio Rodríguez,2016-17,30,PHI,68,1518,11.1,-2.7,-0.3,0.7,.023
Lou Roe,1995-96,23,DET,49,372,9.0,-3.0,-0.1,0.4,.053
Lou Roe,1996-97,24,GSW,17,107,3.0,-11.5,-0.3,-0.4,-0.187
Carlos Rogers,1994-95,23,GSW,49,1017,14.3,-3.3,-0.3,0.9,.045
Carlos Rogers,1995-96,24,TOR,56,1043,13.9,-2.5,-0.1,0.9,.042
Carlos Rogers,1996-97,25,TOR,56,1397,17.0,0.9,1.0,4.0,.138
Carlos Rogers,1997-98,26,2TM,21,376,12.7,-2.7,-0.1,0.5,.064
Carlos Rogers,1997-98,26,TOR,18,351,13.1,-2.6,-0.1,0.5,.064
Carlos Rogers,1997-98,26,POR,3,25,8.1,-3.1,0.0,0.0,.057
Carlos Rogers,1998-99,27,POR,2,8,23.3,5.5,0.0,0.0,.259
Carlos Rogers,1999-00,28,HOU,53,1101,15.2,-0.9,0.3,2.2,.096
Carlos Rogers,2000-01,29,HOU,39,544,18.1,2.0,0.6,2.0,.180
Carlos Rogers,2001-02,30,IND,22,168,15.3,0.4,0.1,0.5,.140
Harry Rogers,1974-75,,Did not play - other pro league,,,,,,,
Harry Rogers,1975-76,25,SSL,18,298,16.2,-1.0,0.1,0.7,.106
Johnny Rogers,1986-87,23,SAC,45,468,10.5,-4.2,-0.3,0.4,.041
Johnny Rogers,1987-88,24,CLE,24,168,7.5,-6.4,-0.2,0.0,.008
Johnny Rogers,1988-89,,Did not play - other pro league,,,,,,,
Johnny Rogers,1989-90,,Did not play - other pro league,,,,,,,
Johnny Rogers,1990-91,,Did not play - other pro league,,,,,,,
Johnny Rogers,1991-92,,Did not play - other pro league,,,,,,,
Johnny Rogers,1992-93,,Did not play - other pro league,,,,,,,
Johnny Rogers,1993-94,,Did not play - other pro league,,,,,,,
Johnny Rogers,1994-95,,Did not play - other pro league,,,,,,,
Johnny Rogers,1995-96,,Did not play - other pro league,,,,,,,
Johnny Rogers,1996-97,,Did not play - other pro league,,,,,,,
Johnny Rogers,1997-98,,Did not play - other pro league,,,,,,,
Johnny Rogers,1998-99,,Did not play - other pro league,,,,,,,
Johnny Rogers,1999-00,,Did not play - other pro league,,,,,,,
Johnny Rogers,2000-01,,Did not play - other pro league,,,,,,,
Johnny Rogers,2001-02,,Did not play - other pro league,,,,,,,
Johnny Rogers,2002-03,,Did not play - other pro league,,,,,,,
Johnny Rogers,2003-04,,Did not play - other pro league,,,,,,,
Marshall Rogers,1976-77,23,GSW,26,176,9.8,-6.9,-0.3,-0.2,-0.043
Rodney Rogers,1993-94,22,DEN,79,1406,12.9,-0.6,0.5,2.0,.067
Rodney Rogers,1994-95,23,DEN,80,2142,15.2,-0.1,1.1,3.9,.088
Rodney Rogers,1995-96,24,LAC,67,1950,13.5,-1.1,0.5,2.3,.058
Rodney Rogers,1996-97,25,LAC,81,2480,14.2,-0.7,0.8,2.9,.056
Rodney Rogers,1997-98,26,LAC,76,2499,15.8,-0.9,0.7,3.3,.063
Rodney Rogers,1998-99,27,LAC,47,968,14.7,-0.6,0.3,1.2,.062
Rodney Rogers,1999-00,28,PHO,82,2286,17.1,2.6,2.7,7.4,.154
Rodney Rogers,2000-01,29,PHO,82,2183,14.6,0.6,1.4,4.7,.104
Rodney Rogers,2001-02,30,2TM,77,1880,17.0,1.3,1.6,5.4,.138
Rodney Rogers,2001-02,30,PHO,50,1254,17.8,1.7,1.2,3.7,.142
Rodney Rogers,2001-02,30,BOS,27,626,15.4,0.4,0.4,1.7,.128
Rodney Rogers,2002-03,31,NJN,68,1303,11.7,-1.1,0.3,2.3,.086
Rodney Rogers,2003-04,32,NJN,69,1409,14.2,-0.3,0.6,3.1,.104
Rodney Rogers,2004-05,33,2TM,58,1367,8.9,-4.2,-0.7,0.3,.010
Rodney Rogers,2004-05,33,NOH,30,882,7.1,-5.7,-0.8,-0.6,-0.035
Rodney Rogers,2004-05,33,PHI,28,485,12.2,-1.5,0.1,0.9,.090
Roy Rogers,1996-97,23,VAN,82,1848,12.6,-3.7,-0.8,1.4,.037
Roy Rogers,1997-98,24,2TM,15,106,5.4,-8.8,-0.2,-0.1,-0.047
Roy Rogers,1997-98,24,BOS,9,37,8.2,-1.8,0.0,0.0,.036
Roy Rogers,1997-98,24,TOR,6,69,3.9,-12.6,-0.2,-0.1,-0.091
Roy Rogers,1998-99,,Did not play - other pro league,,,,,,,
Roy Rogers,1999-00,26,DEN,40,355,11.4,-1.8,0.0,0.4,.048
Willie Rogers,1968-69,23,DNR,40,294,3.1,,,0.0,-0.005
Al Roges,1953-54,23,BLB,67,1937,10.7,,,0.7,.018
Al Roges,1954-55,24,2TM,17,201,4.3,,,0.0,.005
Al Roges,1954-55,24,BLB,13,159,,,,,
Al Roges,1954-55,24,FTW,4,42,4.3,,,0.0,.025
Ken Rohloff,1963-64,24,STL,2,7,-9.6,,,0.0,-0.131
Kenny Rollins,1948-49,25,CHS,59,,,,,1.5,
Kenny Rollins,1949-50,26,CHS,66,,,,,2.6,
Kenny Rollins,1950-51,,Did not play - other pro league,,,,,,,
Kenny Rollins,1951-52,,Did not play -,,,,,,,
Kenny Rollins,1952-53,29,BOS,43,426,7.9,,,0.1,.011
Phil Rollins,1956-57,,Did not play - military service,,,,,,,
Phil Rollins,1957-58,,Did not play - military service,,,,,,,
Phil Rollins,1958-59,25,2TM,44,691,13.1,,,0.7,.048
Phil Rollins,1958-59,25,PHW,23,251,12.5,,,0.3,.055
Phil Rollins,1958-59,25,CIN,21,440,13.4,,,0.4,.044
Phil Rollins,1959-60,26,CIN,72,1235,11.7,,,1.1,.041
Phil Rollins,1960-61,27,3TM,61,816,8.9,,,0.1,.007
Phil Rollins,1960-61,27,STL,7,71,5.2,,,0.1,.043
Phil Rollins,1960-61,27,CIN,14,86,5.3,,,-0.1,-0.070
Phil Rollins,1960-61,27,NYK,40,659,9.8,,,0.2,.013
Ryan Rollins,2022-23,20,GSW,12,62,-1.4,-15.0,-0.2,-0.3,-0.218
Ryan Rollins,2023-24,21,2TM,13,78,22.0,5.7,0.2,0.3,.155
Ryan Rollins,2023-24,21,WAS,10,66,22.7,5.0,0.1,0.2,.147
Ryan Rollins,2023-24,21,MIL,3,12,18.5,9.2,0.0,0.0,.199
Ryan Rollins,2024-25,22,MIL,56,820,14.0,-0.5,0.3,1.7,.101
Tree Rollins,1977-78,22,ATL,80,1795,15.6,1.3,1.5,5.0,.133
Tree Rollins,1978-79,23,ATL,81,1900,17.3,2.4,2.1,6.4,.163
Tree Rollins,1979-80,24,ATL,82,2123,18.9,4.0,3.2,9.2,.208
Tree Rollins,1980-81,25,ATL,40,1044,14.5,1.7,1.0,2.6,.120
Tree Rollins,1981-82,26,ATL,79,2018,14.7,2.6,2.3,6.4,.153
Tree Rollins,1982-83,27,ATL,80,2472,15.4,2.7,3.0,7.3,.142
Tree Rollins,1983-84,28,ATL,77,2351,14.2,1.0,1.8,5.5,.113
Tree Rollins,1984-85,29,ATL,70,1750,12.3,0.7,1.2,3.8,.105
Tree Rollins,1985-86,30,ATL,74,1781,11.0,0.3,1.0,3.4,.093
Tree Rollins,1986-87,31,ATL,75,1764,12.0,1.0,1.4,4.9,.134
Tree Rollins,1987-88,32,ATL,76,1765,10.6,-0.5,0.7,4.1,.112
Tree Rollins,1988-89,33,CLE,60,583,8.8,-2.9,-0.1,1.0,.080
Tree Rollins,1989-90,34,CLE,48,674,8.8,-3.0,-0.2,0.7,.050
Tree Rollins,1990-91,35,DET,37,202,5.9,-4.0,-0.1,0.1,.022
Tree Rollins,1991-92,36,HOU,59,697,11.2,-0.5,0.3,1.7,.119
Tree Rollins,1992-93,37,HOU,42,247,5.2,-5.1,-0.2,0.2,.030
Tree Rollins,1993-94,38,ORL,45,384,11.4,-0.6,0.1,0.9,.113
Tree Rollins,1994-95,39,ORL,51,478,7.0,-2.8,-0.1,0.5,.054
Lorenzo Romar,1980-81,22,GSW,53,726,10.2,-2.7,-0.1,0.5,.030
Lorenzo Romar,1981-82,23,GSW,79,1259,14.6,0.4,0.8,2.7,.101
Lorenzo Romar,1982-83,24,GSW,82,2130,12.3,-1.3,0.4,2.6,.058
Lorenzo Romar,1983-84,25,2TM,68,1022,14.8,1.2,0.8,2.4,.113
Lorenzo Romar,1983-84,25,GSW,3,15,8.9,-4.5,0.0,0.0,.043
Lorenzo Romar,1983-84,25,MIL,65,1007,14.9,1.3,0.8,2.4,.114
Lorenzo Romar,1984-85,26,2TM,9,51,3.9,-6.1,-0.1,-0.1,-0.073
Lorenzo Romar,1984-85,26,MIL,4,16,-7.6,-17.9,-0.1,-0.1,-0.231
Lorenzo Romar,1984-85,26,DET,5,35,9.1,-0.7,0.0,0.0,.000
Rajon Rondo,2006-07,20,BOS,78,1831,13.1,-0.2,0.8,2.4,.064
Rajon Rondo,2007-08,21,BOS,77,2306,15.6,2.1,2.4,7.2,.150
Rajon Rondo,2008-09,22,BOS,80,2642,18.8,4.0,4.0,9.9,.179
Rajon Rondo,2009-10,23,BOS,81,2963,19.1,3.6,4.2,9.6,.156
Rajon Rondo,2010-11,24,BOS,68,2527,17.1,3.1,3.2,6.6,.126
Rajon Rondo,2011-12,25,BOS,53,1957,17.5,2.2,2.1,4.9,.121
Rajon Rondo,2012-13,26,BOS,38,1423,18.1,2.2,1.5,3.2,.108
Rajon Rondo,2013-14,27,BOS,30,998,15.3,-0.3,0.5,1.1,.054
Rajon Rondo,2014-15,28,2TM,68,2018,13.5,-0.8,0.6,1.6,.037
Rajon Rondo,2014-15,28,BOS,22,699,15.4,0.4,0.4,0.9,.064
Rajon Rondo,2014-15,28,DAL,46,1319,12.4,-1.5,0.2,0.6,.023
Rajon Rondo,2015-16,29,SAC,72,2537,16.9,1.0,1.9,4.6,.087
Rajon Rondo,2016-17,30,CHI,69,1843,13.6,-0.5,0.7,2.3,.060
Rajon Rondo,2017-18,31,NOP,65,1705,15.3,-0.3,0.7,3.6,.101
Rajon Rondo,2018-19,32,LAL,46,1369,12.1,-1.5,0.2,1.3,.047
Rajon Rondo,2019-20,33,LAL,48,984,12.4,-1.4,0.2,1.4,.068
Rajon Rondo,2020-21,34,2TM,45,770,13.2,-0.2,0.4,1.3,.081
Rajon Rondo,2020-21,34,ATL,27,402,9.9,-2.5,0.0,0.2,.019
Rajon Rondo,2020-21,34,LAC,18,368,16.8,2.3,0.4,1.1,.148
Rajon Rondo,2021-22,35,2TM,39,697,10.9,-1.7,0.1,0.7,.048
Rajon Rondo,2021-22,35,LAL,18,289,6.5,-4.5,-0.2,-0.3,-0.053
Rajon Rondo,2021-22,35,CLE,21,408,13.9,0.3,0.2,1.0,.119
Jerry Rook,1969-70,26,NOB,28,155,14.4,,,0.3,.083
Sean Rooks,1992-93,23,DAL,72,2087,14.7,-2.4,-0.2,1.5,.034
Sean Rooks,1993-94,24,DAL,47,1255,14.6,-1.7,0.1,2.2,.083
Sean Rooks,1994-95,25,MIN,80,2405,12.6,-3.0,-0.6,3.0,.060
Sean Rooks,1995-96,26,2TM,65,1117,13.4,-2.5,-0.1,1.8,.078
Sean Rooks,1995-96,26,MIN,49,902,13.3,-1.9,0.0,1.7,.088
Sean Rooks,1995-96,26,ATL,16,215,13.7,-4.9,-0.2,0.2,.036
Sean Rooks,1996-97,27,LAL,69,735,13.4,-2.6,-0.1,1.8,.115
Sean Rooks,1997-98,28,LAL,41,425,13.4,-3.0,-0.1,1.1,.130
Sean Rooks,1998-99,29,LAL,36,315,9.1,-6.7,-0.4,0.3,.052
Sean Rooks,1999-00,30,DAL,71,1001,11.8,-2.8,-0.2,1.1,.051
Sean Rooks,2000-01,31,LAC,82,1553,11.5,-1.7,0.1,2.3,.070
Sean Rooks,2001-02,32,LAC,61,728,7.5,-4.5,-0.5,0.6,.038
Sean Rooks,2002-03,33,LAC,70,1344,7.7,-3.7,-0.6,0.4,.015
Sean Rooks,2003-04,34,2TM,55,595,6.8,-6.1,-0.6,0.2,.014
Sean Rooks,2003-04,34,NOH,35,325,5.0,-7.4,-0.4,-0.1,-0.011
Sean Rooks,2003-04,34,ORL,20,270,9.0,-4.5,-0.2,0.2,.044
Sean Rooks,2004-05,,Did not play - other pro league,,,,,,,
Derrick Rose,2008-09,20,CHI,81,3000,16.0,-0.4,1.2,4.9,.078
Derrick Rose,2009-10,21,CHI,78,2871,18.6,1.7,2.7,6.0,.100
Derrick Rose,2010-11,22,CHI,81,3026,23.5,6.8,6.7,13.1,.208
Derrick Rose,2011-12,23,CHI,39,1375,23.0,6.4,2.9,6.0,.211
Derrick Rose,2012-13,,Did not play - injury,,,,,,,
Derrick Rose,2013-14,25,CHI,10,311,9.7,-3.1,-0.1,-0.2,-0.036
Derrick Rose,2014-15,26,CHI,51,1530,15.9,-0.6,0.6,1.2,.038
Derrick Rose,2015-16,27,CHI,66,2097,13.4,-2.5,-0.3,0.4,.009
Derrick Rose,2016-17,28,NYK,64,2082,17.0,-1.0,0.5,3.0,.068
Derrick Rose,2017-18,29,2TM,25,420,11.5,-5.4,-0.4,-0.2,-0.018
Derrick Rose,2017-18,29,CLE,16,308,11.6,-5.4,-0.3,-0.1,-0.014
Derrick Rose,2017-18,29,MIN,9,112,11.2,-5.5,-0.1,-0.1,-0.029
Derrick Rose,2018-19,30,MIN,51,1392,19.5,1.4,1.2,3.0,.102
Derrick Rose,2019-20,31,DET,50,1298,21.0,2.2,1.4,2.5,.092
Derrick Rose,2020-21,32,2TM,50,1279,18.3,1.9,1.3,3.1,.118
Derrick Rose,2020-21,32,DET,15,342,17.1,0.6,0.2,0.4,.051
Derrick Rose,2020-21,32,NYK,35,937,18.8,2.4,1.0,2.8,.142
Derrick Rose,2021-22,33,NYK,26,636,16.9,2.3,0.7,1.4,.108
Derrick Rose,2022-23,34,NYK,27,338,10.1,-3.7,-0.1,0.0,-0.001
Derrick Rose,2023-24,35,MEM,24,399,13.1,-2.8,-0.1,0.4,.046
Jalen Rose,1994-95,22,DEN,81,1798,15.1,0.5,1.1,3.8,.103
Jalen Rose,1995-96,23,DEN,80,2134,14.3,-0.6,0.7,2.9,.065
Jalen Rose,1996-97,24,IND,66,1188,13.8,0.3,0.7,2.1,.086
Jalen Rose,1997-98,25,IND,82,1706,14.1,-0.6,0.6,3.3,.092
Jalen Rose,1998-99,26,IND,49,1238,14.4,-1.2,0.2,1.8,.069
Jalen Rose,1999-00,27,IND,80,2978,16.7,1.4,2.5,7.3,.118
Jalen Rose,2000-01,28,IND,72,2943,17.8,1.8,2.7,7.3,.119
Jalen Rose,2001-02,29,2TM,83,3153,16.8,0.3,1.9,5.7,.087
Jalen Rose,2001-02,29,IND,53,1937,15.7,0.3,1.1,3.6,.090
Jalen Rose,2001-02,29,CHI,30,1216,18.4,0.5,0.7,2.1,.082
Jalen Rose,2002-03,30,CHI,82,3351,14.9,-1.2,0.7,3.6,.052
Jalen Rose,2003-04,31,2TM,66,2497,12.4,-2.6,-0.4,1.5,.029
Jalen Rose,2003-04,31,CHI,16,529,10.8,-3.4,-0.2,0.3,.024
Jalen Rose,2003-04,31,TOR,50,1968,12.8,-2.4,-0.2,1.3,.031
Jalen Rose,2004-05,32,TOR,81,2710,16.6,-0.5,1.0,4.8,.085
Jalen Rose,2005-06,33,2TM,72,1983,13.9,-1.5,0.2,2.5,.060
Jalen Rose,2005-06,33,TOR,46,1236,13.5,-2.5,-0.1,1.2,.045
Jalen Rose,2005-06,33,NYK,26,747,14.5,0.0,0.4,1.3,.085
Jalen Rose,2006-07,34,PHO,29,246,13.4,1.2,0.2,0.6,.111
Malik Rose,1996-97,22,CHH,54,525,13.7,-3.3,-0.2,1.1,.100
Malik Rose,1997-98,23,SAS,53,429,10.1,-4.8,-0.3,0.4,.044
Malik Rose,1998-99,24,SAS,47,608,19.7,0.6,0.4,2.6,.204
Malik Rose,1999-00,25,SAS,74,1341,13.2,-2.6,-0.2,3.4,.120
Malik Rose,2000-01,26,SAS,57,1219,14.8,0.4,0.8,3.3,.131
Malik Rose,2001-02,27,SAS,82,1725,16.4,-1.3,0.3,4.4,.123
Malik Rose,2002-03,28,SAS,79,1933,16.1,-0.6,0.7,5.2,.130
Malik Rose,2003-04,29,SAS,67,1256,15.0,-1.0,0.3,3.8,.145
Malik Rose,2004-05,30,2TM,76,1475,12.2,-2.9,-0.3,2.6,.085
Malik Rose,2004-05,30,SAS,50,862,14.0,-1.4,0.1,2.3,.130
Malik Rose,2004-05,30,NYK,26,613,9.5,-5.1,-0.5,0.3,.021
Malik Rose,2005-06,31,NYK,72,1119,10.2,-2.8,-0.2,0.5,.021
Malik Rose,2006-07,32,NYK,65,810,7.7,-3.9,-0.4,0.1,.007
Malik Rose,2007-08,33,NYK,49,494,7.3,-7.5,-0.7,-0.5,-0.052
Malik Rose,2008-09,34,2TM,38,470,5.3,-7.1,-0.6,-0.4,-0.039
Malik Rose,2008-09,34,NYK,18,160,-1.9,-12.0,-0.4,-0.6,-0.167
Malik Rose,2008-09,34,OKC,20,310,9.0,-4.6,-0.2,0.2,.027
Rob Rose,1988-89,24,LAC,2,3,5.0,-12.4,0.0,0.0,-0.121
Petey Rosenberg,1946-47,28,PHW,51,,,,,-0.4,
Lennie Rosenbluth,1957-58,25,PHW,53,373,14.3,,,-0.1,-0.014
Lennie Rosenbluth,1958-59,26,PHW,29,205,8.9,,,-0.6,-0.135
Hank Rosenstein,1946-47,26,2TM,60,,,,,4.6,
Hank Rosenstein,1946-47,26,NYK,31,,,,,1.8,
Hank Rosenstein,1946-47,26,PRO,29,,,,,2.8,
Dick Rosenthal,1954-55,25,FTW,67,1406,14.0,,,2.4,.081
Dick Rosenthal,1955-56,,Did not play - military service,,,,,,,
Dick Rosenthal,1956-57,27,FTW,18,188,6.8,,,-0.5,-0.124
Quinton Ross,2004-05,23,LAC,78,1659,8.9,-2.6,-0.3,1.7,.050
Quinton Ross,2005-06,24,LAC,67,1515,7.4,-2.5,-0.2,1.6,.050
Quinton Ross,2006-07,25,LAC,81,1700,10.5,-1.0,0.4,3.2,.090
Quinton Ross,2007-08,26,LAC,76,1505,7.6,-3.2,-0.4,0.7,.022
Quinton Ross,2008-09,27,MEM,68,1164,6.9,-3.6,-0.5,0.6,.025
Quinton Ross,2009-10,28,2TM,52,562,3.0,-6.4,-0.6,-0.1,-0.008
Quinton Ross,2009-10,28,DAL,27,301,5.4,-4.3,-0.2,0.3,.043
Quinton Ross,2009-10,28,WAS,25,261,0.3,-8.9,-0.5,-0.4,-0.067
Quinton Ross,2010-11,29,NJN,36,353,3.7,-6.2,-0.4,0.0,-0.007
Terrence Ross,2012-13,21,TOR,73,1239,10.4,-2.5,-0.1,0.9,.034
Terrence Ross,2013-14,22,TOR,81,2159,12.0,-0.2,1.0,4.2,.094
Terrence Ross,2014-15,23,TOR,82,2092,11.2,-1.4,0.3,2.4,.054
Terrence Ross,2015-16,24,TOR,73,1747,12.9,0.3,1.0,3.6,.100
Terrence Ross,2016-17,25,2TM,78,1955,13.4,-0.2,0.9,3.5,.086
Terrence Ross,2016-17,25,TOR,54,1207,14.9,1.2,1.0,2.9,.116
Terrence Ross,2016-17,25,ORL,24,748,11.1,-2.5,-0.1,0.6,.037
Terrence Ross,2017-18,26,ORL,24,600,9.9,-2.7,-0.1,0.3,.025
Terrence Ross,2018-19,27,ORL,81,2150,15.4,0.8,1.5,4.3,.095
Terrence Ross,2019-20,28,ORL,69,1889,14.0,-0.4,0.8,3.0,.077
Terrence Ross,2020-21,29,ORL,46,1347,13.2,-2.3,-0.1,0.9,.030
Terrence Ross,2021-22,30,ORL,63,1448,10.0,-3.7,-0.6,0.3,.011
Terrence Ross,2022-23,31,2TM,63,1330,10.2,-2.1,0.0,1.6,.059
Terrence Ross,2022-23,31,ORL,42,944,8.6,-3.1,-0.3,0.6,.032
Terrence Ross,2022-23,31,PHO,21,386,14.2,0.5,0.2,1.0,.127
Doug Roth,1989-90,22,WSB,42,412,8.2,-5.3,-0.3,0.4,.052
Scott Roth,1985-86,,Did not play - other pro league,,,,,,,
Scott Roth,1986-87,,Did not play - other pro league,,,,,,,
Scott Roth,1987-88,24,UTA,26,201,10.1,-3.8,-0.1,0.3,.078
Scott Roth,1988-89,25,2TM,63,536,7.7,-4.7,-0.4,0.1,.005
Scott Roth,1988-89,25,UTA,16,72,4.6,-6.1,-0.1,0.0,-0.025
Scott Roth,1988-89,25,SAS,47,464,8.2,-4.5,-0.3,0.1,.010
Scott Roth,1989-90,26,MIN,71,1061,11.7,-2.5,-0.2,0.7,.034
Irv Rothenberg,1946-47,25,CLR,29,,,,,-0.2,
Irv Rothenberg,1947-48,26,3TM,49,,,,,2.3,
Irv Rothenberg,1947-48,26,WSC,11,,,,,0.4,
Irv Rothenberg,1947-48,26,BLB,14,,,,,0.2,
Irv Rothenberg,1947-48,26,STB,24,,,,,1.7,
Irv Rothenberg,1948-49,27,NYK,53,,,,,1.6,
Mickey Rottner,1946-47,27,CHS,56,,,,,3.0,
Mickey Rottner,1947-48,28,CHS,44,,,,,0.7,
Dan Roundfield,1975-76,22,INA,67,767,13.8,-3.4,-0.3,1.3,.080
Dan Roundfield,1976-77,23,IND,61,1645,17.6,-0.4,0.7,3.9,.115
Dan Roundfield,1977-78,24,IND,79,2423,18.0,1.9,2.4,6.9,.138
Dan Roundfield,1978-79,25,ATL,80,2539,19.4,1.9,2.5,8.7,.164
Dan Roundfield,1979-80,26,ATL,81,2588,19.7,2.9,3.2,9.1,.169
Dan Roundfield,1980-81,27,ATL,63,2128,20.7,3.1,2.7,7.0,.159
Dan Roundfield,1981-82,28,ATL,61,2217,19.5,2.3,2.4,6.5,.141
Dan Roundfield,1982-83,29,ATL,77,2811,18.8,1.7,2.6,7.4,.127
Dan Roundfield,1983-84,30,ATL,73,2610,18.9,1.7,2.4,7.1,.131
Dan Roundfield,1984-85,31,DET,56,1492,13.9,-0.8,0.5,2.7,.087
Dan Roundfield,1985-86,32,WSB,79,2321,14.7,-0.8,0.7,5.1,.106
Dan Roundfield,1986-87,33,WSB,36,669,10.6,-3.2,-0.2,0.6,.042
Dan Roundfield,1987-88,,Did not play - other pro league,,,,,,,
Giff Roux,1946-47,23,STB,60,,,,,3.4,
Giff Roux,1947-48,24,STB,46,,,,,0.8,
Giff Roux,1948-49,25,2TM,45,,,,,-0.5,
Giff Roux,1948-49,25,STB,19,,,,,0.0,
Giff Roux,1948-49,25,PRO,26,,,,,-0.5,
Ron Rowan,1986-87,24,POR,7,16,22.2,8.5,0.0,0.0,.084
Curtis Rowe,1971-72,22,DET,82,2661,12.3,,,2.3,.041
Curtis Rowe,1972-73,23,DET,81,3009,15.6,,,8.3,.132
Curtis Rowe,1973-74,24,DET,82,2499,12.2,-0.1,1.2,6.1,.117
Curtis Rowe,1974-75,25,DET,82,2787,13.0,-1.2,0.6,5.2,.090
Curtis Rowe,1975-76,26,DET,80,2998,14.7,-0.3,1.3,6.2,.099
Curtis Rowe,1976-77,27,BOS,79,2190,12.6,-0.2,1.0,5.2,.114
Curtis Rowe,1977-78,28,BOS,51,911,9.7,-3.1,-0.2,0.9,.046
Curtis Rowe,1978-79,29,BOS,53,1222,7.7,-4.1,-0.6,0.0,.001
Jackson Rowe,2024-25,28,GSW,6,52,15.9,1.0,0.0,0.2,.153
Jim Rowinski,1988-89,28,2TM,9,15,17.9,-0.7,0.0,0.1,.205
Jim Rowinski,1988-89,28,DET,6,8,17.1,-1.4,0.0,0.0,.246
Jim Rowinski,1988-89,28,PHI,3,7,18.8,0.0,0.0,0.0,.157
Jim Rowinski,1989-90,29,MIA,14,112,13.2,-4.3,-0.1,0.2,.101
Derrick Rowland,1981-82,,Did not play - other pro league,,,,,,,
Derrick Rowland,1982-83,,Did not play - other pro league,,,,,,,
Derrick Rowland,1983-84,,Did not play - other pro league,,,,,,,
Derrick Rowland,1984-85,,Did not play - other pro league,,,,,,,
Derrick Rowland,1985-86,26,MIL,2,9,7.0,-8.9,0.0,0.0,.048
Brian Rowsom,1987-88,22,IND,4,16,8.2,-8.4,0.0,0.0,-0.008
Brian Rowsom,1988-89,23,CHH,34,517,15.7,-0.9,0.1,1.5,.135
Brian Rowsom,1989-90,24,CHH,44,559,13.6,-2.0,0.0,1.0,.085
Brandon Roy,2006-07,22,POR,57,2015,18.0,2.0,2.0,4.8,.114
Brandon Roy,2007-08,23,POR,74,2792,19.4,3.3,3.6,8.0,.138
Brandon Roy,2008-09,24,POR,78,2903,24.0,6.2,6.0,13.5,.223
Brandon Roy,2009-10,25,POR,65,2419,21.3,4.7,4.1,9.1,.180
Brandon Roy,2010-11,26,POR,47,1310,13.9,-0.2,0.6,2.1,.077
Brandon Roy,2011-12,,Did not play - retired,,,,,,,
Brandon Roy,2012-13,28,MIN,5,122,8.3,-4.2,-0.1,0.0,-0.017
Donald Royal,1987-88,,Did not play - other pro league,,,,,,,
Donald Royal,1988-89,,Did not play - other pro league,,,,,,,
Donald Royal,1989-90,23,MIN,66,746,15.2,-1.7,0.1,1.3,.087
Donald Royal,1990-91,,Did not play - other pro league,,,,,,,
Donald Royal,1991-92,25,SAS,60,718,11.7,-1.6,0.1,1.6,.105
Donald Royal,1992-93,26,ORL,77,1636,14.5,0.0,0.8,5.1,.149
Donald Royal,1993-94,27,ORL,74,1357,14.6,-0.3,0.6,3.8,.135
Donald Royal,1994-95,28,ORL,70,1841,12.2,-1.7,0.1,3.6,.094
Donald Royal,1995-96,29,ORL,64,963,12.7,-2.4,-0.1,2.3,.113
Donald Royal,1996-97,30,3TM,62,858,9.1,-4.3,-0.5,1.0,.054
Donald Royal,1996-97,30,ORL,1,29,5.8,-7.0,0.0,0.0,-0.048
Donald Royal,1996-97,30,GSW,36,509,9.7,-4.1,-0.3,0.6,.055
Donald Royal,1996-97,30,CHH,25,320,8.5,-4.4,-0.2,0.4,.061
Donald Royal,1997-98,31,2TM,31,323,8.3,-4.0,-0.2,0.4,.065
Donald Royal,1997-98,31,ORL,2,18,-1.6,-15.6,-0.1,-0.1,-0.199
Donald Royal,1997-98,31,CHH,29,305,8.9,-3.3,-0.1,0.5,.080
Reggie Royals,1974-75,24,SDA,2,11,6.5,-4.6,0.0,0.0,.016
Bob Royer,1949-50,22,DNN,42,,,,,0.0,
Clifford Rozier,1994-95,22,GSW,66,1494,11.5,-4.3,-0.9,1.3,.043
Clifford Rozier,1995-96,23,GSW,59,723,10.6,-2.9,-0.2,1.1,.072
Clifford Rozier,1996-97,24,2TM,42,737,14.5,-1.7,0.1,1.6,.102
Clifford Rozier,1996-97,24,GSW,1,5,-7.2,-13.5,0.0,0.0,-0.230
Clifford Rozier,1996-97,24,TOR,41,732,14.7,-1.6,0.1,1.6,.105
Clifford Rozier,1997-98,25,MIN,6,30,-1.7,-15.5,-0.1,-0.1,-0.140
Terry Rozier,2015-16,21,BOS,39,311,5.0,-6.1,-0.3,-0.3,-0.047
Terry Rozier,2016-17,22,BOS,74,1263,10.9,-1.4,0.2,1.4,.054
Terry Rozier,2017-18,23,BOS,80,2068,15.1,2.1,2.1,5.6,.130
Terry Rozier,2018-19,24,BOS,79,1791,12.9,-0.2,0.8,3.2,.086
Terry Rozier,2019-20,25,CHO,63,2164,14.8,-0.4,0.8,3.0,.066
Terry Rozier,2020-21,26,CHO,69,2383,17.1,1.6,2.2,5.2,.105
Terry Rozier,2021-22,27,CHO,73,2458,17.6,1.7,2.3,5.9,.115
Terry Rozier,2022-23,28,CHO,63,2221,14.7,-0.6,0.8,1.7,.037
Terry Rozier,2023-24,29,2TM,61,2040,17.3,1.5,1.8,3.9,.091
Terry Rozier,2023-24,29,CHO,30,1065,19.2,2.3,1.1,2.0,.090
Terry Rozier,2023-24,29,MIA,31,975,15.1,0.7,0.7,1.9,.092
Terry Rozier,2024-25,30,MIA,64,1658,10.5,-3.7,-0.7,1.0,.029
Ricky Rubio,2009-10,,Did not play - other pro league,,,,,,,
Ricky Rubio,2010-11,,Did not play - other pro league,,,,,,,
Ricky Rubio,2011-12,21,MIN,41,1404,14.6,1.0,1.1,2.0,.070
Ricky Rubio,2012-13,22,MIN,57,1691,16.2,1.1,1.3,3.0,.085
Ricky Rubio,2013-14,23,MIN,82,2638,15.4,1.2,2.1,5.9,.107
Ricky Rubio,2014-15,24,MIN,22,692,15.2,-0.1,0.3,0.5,.033
Ricky Rubio,2015-16,25,MIN,76,2323,17.6,1.8,2.3,5.8,.119
Ricky Rubio,2016-17,26,MIN,75,2469,16.8,0.9,1.8,6.1,.119
Ricky Rubio,2017-18,27,UTA,77,2254,15.4,0.7,1.6,5.3,.112
Ricky Rubio,2018-19,28,UTA,68,1899,14.0,-0.2,0.9,3.7,.095
Ricky Rubio,2019-20,29,PHO,65,2016,16.5,1.0,1.5,4.9,.117
Ricky Rubio,2020-21,30,MIN,68,1772,13.5,-1.9,0.0,3.1,.085
Ricky Rubio,2021-22,31,CLE,34,970,14.0,0.2,0.5,1.3,.064
Ricky Rubio,2022-23,32,CLE,33,566,10.4,-2.8,-0.1,0.7,.062
Ricky Rubio,2023-24,,Did not play - other pro league,,,,,,,
Guy Rucker,2002-03,25,GSW,3,4,7.8,5.6,0.0,0.0,.117
Delaney Rudd,1989-90,27,UTA,77,850,8.6,-4.6,-0.6,0.1,.004
Delaney Rudd,1990-91,28,UTA,82,874,11.8,-2.4,-0.1,0.6,.033
Delaney Rudd,1991-92,29,UTA,65,538,10.0,-4.1,-0.3,0.3,.028
Delaney Rudd,1992-93,30,POR,15,95,1.7,-11.0,-0.2,-0.3,-0.151
John Rudd,1978-79,23,NYK,58,723,8.2,-3.8,-0.3,0.6,.040
Damjan Rudež,2014-15,28,IND,68,1047,8.2,-2.3,-0.1,1.3,.061
Damjan Rudež,2015-16,29,MIN,33,277,5.5,-4.8,-0.2,0.1,.009
Damjan Rudež,2016-17,30,ORL,45,314,6.3,-4.5,-0.2,0.1,.008
John Rudometkin,1962-63,22,NYK,56,572,12.3,,,-0.5,-0.038
John Rudometkin,1963-64,23,NYK,52,696,16.5,,,1.6,.108
John Rudometkin,1964-65,24,2TM,23,376,9.0,,,-0.1,-0.012
John Rudometkin,1964-65,24,NYK,1,22,5.5,,,0.0,-0.042
John Rudometkin,1964-65,24,SFW,22,354,9.2,,,-0.1,-0.010
Michael Ruffin,1999-00,23,CHI,71,975,7.8,-5.4,-0.8,0.6,.032
Michael Ruffin,2000-01,24,CHI,45,879,10.1,-3.4,-0.3,1.0,.056
Michael Ruffin,2001-02,25,PHI,15,169,5.5,-5.4,-0.1,0.0,-0.005
Michael Ruffin,2002-03,,Did not play - other pro league,,,,,,,
Michael Ruffin,2003-04,27,UTA,41,733,7.0,-3.5,-0.3,0.2,.014
Michael Ruffin,2004-05,28,WAS,79,1262,8.6,-2.1,0.0,1.9,.074
Michael Ruffin,2005-06,29,WAS,76,1010,8.1,-2.7,-0.2,1.7,.081
Michael Ruffin,2006-07,30,WAS,30,271,4.4,-5.9,-0.3,0.0,.002
Michael Ruffin,2007-08,31,MIL,46,632,12.1,-1.8,0.0,1.2,.095
Michael Ruffin,2008-09,32,POR,11,35,10.3,-3.0,0.0,0.1,.080
Trevor Ruffin,1994-95,24,PHO,49,319,15.5,-2.2,0.0,0.1,.009
Trevor Ruffin,1995-96,25,PHI,61,1551,14.8,-2.0,0.0,1.2,.037
Paul Ruffner,1970-71,22,CHI,10,60,12.5,,,0.0,.021
Paul Ruffner,1971-72,23,PTC,79,1059,13.8,,,0.9,.039
Paul Ruffner,1972-73,,Did not play - other pro league,,,,,,,
Paul Ruffner,1973-74,25,BUF,20,51,11.7,-5.7,-0.1,0.0,-0.012
Paul Ruffner,1974-75,26,BUF,22,103,12.1,-4.2,-0.1,0.1,.029
Paul Ruffner,1975-76,27,SSL,2,5,35.8,-4.1,0.0,0.0,.336
Joe Ruklick,1959-60,21,PHW,39,384,13.3,,,0.6,.081
Joe Ruklick,1960-61,22,PHW,29,223,7.8,,,-0.2,-0.035
Joe Ruklick,1961-62,23,PHW,46,302,5.3,,,-0.5,-0.080
Jeff Ruland,1980-81,,Did not play - other pro league,,,,,,,
Jeff Ruland,1981-82,23,WSB,82,2214,18.8,1.3,1.9,7.8,.170
Jeff Ruland,1982-83,24,WSB,79,2862,19.4,2.8,3.5,10.1,.169
Jeff Ruland,1983-84,25,WSB,75,3082,19.6,2.6,3.6,9.3,.144
Jeff Ruland,1984-85,26,WSB,37,1436,17.0,1.4,1.3,3.3,.111
Jeff Ruland,1985-86,27,WSB,30,1114,20.0,3.5,1.5,3.5,.151
Jeff Ruland,1986-87,28,PHI,5,116,16.1,1.7,0.1,0.3,.132
Jeff Ruland,1987-88,,Did not play - retired,,,,,,,
Jeff Ruland,1988-89,,Did not play - retired,,,,,,,
Jeff Ruland,1989-90,,Did not play - retired,,,,,,,
Jeff Ruland,1990-91,,Did not play - retired,,,,,,,
Jeff Ruland,1991-92,33,PHI,13,209,6.1,-6.0,-0.2,0.0,.006
Jeff Ruland,1992-93,34,DET,11,55,5.2,-9.9,-0.1,0.0,-0.007
Bob Rule,1967-68,23,SEA,82,2424,17.4,,,6.4,.127
Bob Rule,1968-69,24,SEA,82,3104,18.6,,,7.8,.121
Bob Rule,1969-70,25,SEA,80,2959,17.7,,,5.2,.084
Bob Rule,1970-71,26,SEA,4,142,24.2,,,0.5,.174
Bob Rule,1971-72,27,2TM,76,2230,14.3,,,2.4,.052
Bob Rule,1971-72,27,SEA,16,243,9.0,,,-0.4,-0.087
Bob Rule,1971-72,27,PHI,60,1987,14.9,,,2.9,.069
Bob Rule,1972-73,28,2TM,52,452,9.1,,,0.1,.007
Bob Rule,1972-73,28,PHI,3,12,0.4,,,0.0,-0.077
Bob Rule,1972-73,28,CLE,49,440,9.3,,,0.1,.009
Bob Rule,1973-74,29,CLE,26,540,10.8,-3.1,-0.2,0.3,.025
Bob Rule,1974-75,30,MIL,1,11,-0.2,-4.5,0.0,0.0,-0.147
Jerry Rullo,1946-47,23,PHW,50,,,,,1.5,
Jerry Rullo,1947-48,24,BLB,2,,,,,-0.1,
Jerry Rullo,1948-49,25,PHW,39,,,,,0.6,
Jerry Rullo,1949-50,26,PHW,4,,,,,0.0,
Rayan Rupert,2023-24,19,POR,39,633,5.8,-6.7,-0.8,-0.1,-0.009
Rayan Rupert,2024-25,20,POR,52,460,8.1,-4.7,-0.3,0.1,.007
Stefano Rusconi,1990-91,,Did not play - other pro league,,,,,,,
Stefano Rusconi,1991-92,,Did not play - other pro league,,,,,,,
Stefano Rusconi,1992-93,,Did not play - other pro league,,,,,,,
Stefano Rusconi,1993-94,,Did not play - other pro league,,,,,,,
Stefano Rusconi,1994-95,,Did not play - other pro league,,,,,,,
Stefano Rusconi,1995-96,27,PHO,7,30,2.4,-11.4,-0.1,-0.1,-0.104
Brandon Rush,2008-09,23,IND,75,1803,9.0,-2.8,-0.3,0.9,.024
Brandon Rush,2009-10,24,IND,82,2491,9.6,-1.3,0.4,2.5,.047
Brandon Rush,2010-11,25,IND,67,1754,10.6,-0.8,0.5,2.6,.070
Brandon Rush,2011-12,26,GSW,65,1717,15.2,1.7,1.6,3.5,.099
Brandon Rush,2012-13,27,GSW,2,25,11.9,-1.0,0.0,0.0,.051
Brandon Rush,2013-14,28,UTA,38,418,4.1,-5.6,-0.4,-0.4,-0.050
Brandon Rush,2014-15,29,GSW,33,271,0.8,-7.3,-0.4,-0.3,-0.056
Brandon Rush,2015-16,30,GSW,72,1055,10.1,-0.8,0.3,2.0,.090
Brandon Rush,2016-17,31,MIN,47,1030,6.6,-2.5,-0.1,0.4,.019
Kareem Rush,2002-03,22,LAL,76,872,5.8,-6.0,-0.9,-0.6,-0.033
Kareem Rush,2003-04,23,LAL,72,1244,10.4,-2.2,0.0,1.5,.056
Kareem Rush,2004-05,24,2TM,48,968,10.1,-3.0,-0.2,0.1,.003
Kareem Rush,2004-05,24,LAL,14,91,1.3,-6.5,-0.1,-0.2,-0.090
Kareem Rush,2004-05,24,CHA,34,877,11.0,-2.6,-0.1,0.2,.013
Kareem Rush,2005-06,25,CHA,47,1111,9.8,-3.4,-0.4,-0.2,-0.010
Kareem Rush,2006-07,,Did not play - other pro league,,,,,,,
Kareem Rush,2007-08,27,IND,71,1504,10.0,-2.3,-0.1,1.0,.033
Kareem Rush,2008-09,28,PHI,25,199,6.3,-3.9,-0.1,0.0,-0.003
Kareem Rush,2009-10,29,LAC,7,58,4.8,-3.5,0.0,0.0,-0.019
Bill Russell,1956-57,22,BOS,48,1695,21.1,,,6.2,.176
Bill Russell,1957-58,23,BOS,69,2640,22.8,,,11.3,.206
Bill Russell,1958-59,24,BOS,70,2979,20.7,,,12.9,.208
Bill Russell,1959-60,25,BOS,74,3146,20.2,,,13.8,.211
Bill Russell,1960-61,26,BOS,78,3458,18.1,,,13.0,.181
Bill Russell,1961-62,27,BOS,76,3433,19.6,,,15.5,.217
Bill Russell,1962-63,28,BOS,78,3500,18.2,,,13.5,.185
Bill Russell,1963-64,29,BOS,78,3482,19.3,,,17.3,.238
Bill Russell,1964-65,30,BOS,78,3466,19.5,,,16.9,.233
Bill Russell,1965-66,31,BOS,78,3386,17.3,,,11.7,.165
Bill Russell,1966-67,32,BOS,81,3297,18.6,,,12.2,.178
Bill Russell,1967-68,33,BOS,78,2953,17.0,,,8.2,.133
Bill Russell,1968-69,34,BOS,77,3291,15.2,,,10.9,.159
Bryon Russell,1993-94,23,UTA,67,1121,11.1,-0.8,0.3,2.1,.089
Bryon Russell,1994-95,24,UTA,63,860,11.0,-1.2,0.2,1.4,.079
Bryon Russell,1995-96,25,UTA,59,577,10.0,-1.6,0.1,0.8,.064
Bryon Russell,1996-97,26,UTA,81,2525,13.7,1.9,2.5,7.4,.140
Bryon Russell,1997-98,27,UTA,82,2219,12.9,0.8,1.6,6.0,.130
Bryon Russell,1998-99,28,UTA,50,1770,14.1,1.5,1.6,5.6,.151
Bryon Russell,1999-00,29,UTA,82,2900,15.1,1.7,2.7,8.8,.146
Bryon Russell,2000-01,30,UTA,78,2473,14.1,1.3,2.0,6.8,.133
Bryon Russell,2001-02,31,UTA,66,1998,9.8,-2.7,-0.3,2.3,.055
Bryon Russell,2002-03,32,WAS,70,1388,9.1,-1.6,0.1,1.5,.052
Bryon Russell,2003-04,33,LAL,72,945,11.6,-0.2,0.4,2.2,.111
Bryon Russell,2004-05,34,DEN,70,1026,11.8,0.5,0.7,2.6,.121
Bryon Russell,2005-06,35,DEN,1,3,16.4,8.2,0.0,0.0,.194
Campy Russell,1974-75,23,CLE,68,754,15.8,-2.7,-0.1,1.1,.069
Campy Russell,1975-76,24,CLE,82,1961,19.0,1.6,1.8,6.7,.164
Campy Russell,1976-77,25,CLE,70,2109,17.3,1.1,1.7,5.5,.126
Campy Russell,1977-78,26,CLE,72,2520,18.2,1.7,2.3,6.6,.127
Campy Russell,1978-79,27,CLE,74,2859,18.6,1.6,2.6,6.7,.112
Campy Russell,1979-80,28,CLE,41,1331,16.2,0.8,0.9,1.8,.067
Campy Russell,1980-81,29,NYK,79,2865,12.9,-1.6,0.3,4.3,.071
Campy Russell,1981-82,30,NYK,77,2358,13.3,-1.2,0.5,3.2,.066
Campy Russell,1982-83,,Did not play - injury,,,,,,,
Campy Russell,1983-84,,Did not play - injury,,,,,,,
Campy Russell,1984-85,33,CLE,3,24,-2.6,-13.0,-0.1,-0.1,-0.246
Cazzie Russell,1966-67,22,NYK,77,1696,14.2,,,2.2,.061
Cazzie Russell,1967-68,23,NYK,82,2296,16.7,,,5.9,.124
Cazzie Russell,1968-69,24,NYK,50,1645,15.2,,,4.1,.119
Cazzie Russell,1969-70,25,NYK,78,1563,16.9,,,5.2,.161
Cazzie Russell,1970-71,26,NYK,57,1056,14.7,,,2.0,.093
Cazzie Russell,1971-72,27,GSW,79,2902,17.3,,,7.3,.120
Cazzie Russell,1972-73,28,GSW,80,2429,15.0,,,5.2,.104
Cazzie Russell,1973-74,29,GSW,82,2574,17.6,0.2,1.5,7.1,.133
Cazzie Russell,1974-75,30,LAL,40,1055,16.5,-0.7,0.3,1.8,.083
Cazzie Russell,1975-76,31,LAL,74,1625,14.7,-1.4,0.2,3.0,.090
Cazzie Russell,1976-77,32,LAL,82,2583,15.3,-0.1,1.3,6.6,.123
Cazzie Russell,1977-78,33,CHI,36,789,11.6,-2.1,0.0,1.1,.070
D'Angelo Russell,2015-16,19,LAL,80,2259,13.2,-2.3,-0.1,0.0,.001
D'Angelo Russell,2016-17,20,LAL,63,1811,15.3,-0.8,0.6,1.3,.033
D'Angelo Russell,2017-18,21,BRK,48,1234,15.2,-1.2,0.3,0.4,.014
D'Angelo Russell,2018-19,22,BRK,81,2448,19.4,3.4,3.4,5.0,.097
D'Angelo Russell,2019-20,23,2TM,45,1452,18.7,1.9,1.4,1.8,.060
D'Angelo Russell,2019-20,23,GSW,33,1060,19.1,2.6,1.2,1.3,.058
D'Angelo Russell,2019-20,23,MIN,12,392,17.6,0.1,0.2,0.5,.064
D'Angelo Russell,2020-21,24,MIN,42,1196,17.6,1.6,1.1,1.6,.063
D'Angelo Russell,2021-22,25,MIN,65,2077,16.3,0.8,1.4,4.4,.101
D'Angelo Russell,2022-23,26,2TM,71,2304,16.3,1.5,2.0,5.1,.106
D'Angelo Russell,2022-23,26,MIN,54,1778,16.1,1.2,1.4,3.8,.103
D'Angelo Russell,2022-23,26,LAL,17,526,17.1,2.4,0.6,1.3,.118
D'Angelo Russell,2023-24,27,LAL,76,2484,16.0,0.9,1.8,5.1,.099
D'Angelo Russell,2024-25,28,2TM,58,1480,14.0,-0.4,0.6,1.9,.063
D'Angelo Russell,2024-25,28,LAL,29,763,13.0,-1.7,0.1,1.0,.063
D'Angelo Russell,2024-25,28,BRK,29,717,15.1,1.0,0.5,0.9,.063
Frank Russell,1972-73,23,CHI,23,131,14.5,,,0.1,.030
Pierre Russell,1971-72,22,KEN,51,397,11.0,,,0.4,.048
Pierre Russell,1972-73,23,KEN,59,618,16.2,,,1.1,.084
Rubin Russell,1967-68,23,2TM,26,269,6.1,,,-0.3,-0.054
Rubin Russell,1967-68,23,DLC,16,157,0.2,,,-0.3,-0.101
Rubin Russell,1967-68,23,KEN,10,112,14.4,,,0.0,.013
Walker Russell,1982-83,22,DET,68,757,5.3,-6.7,-0.9,-0.8,-0.054
Walker Russell,1983-84,23,DET,16,119,9.0,-4.1,-0.1,0.1,.040
Walker Russell,1984-85,24,ATL,21,377,9.0,-1.3,0.1,0.2,.029
Walker Russell,1985-86,25,DET,1,2,-0.8,-7.7,0.0,0.0,-0.271
Walker Russell,1986-87,26,IND,48,511,9.5,-3.1,-0.1,-0.2,-0.018
Walker Russell,1987-88,27,DET,1,1,-1.8,-25.8,0.0,0.0,-0.540
Walker Russell,2011-12,29,DET,28,357,7.2,-5.5,-0.3,-0.4,-0.049
Matt Ryan,2021-22,24,BOS,1,5,3.5,-13.7,0.0,0.0,-0.250
Matt Ryan,2022-23,25,2TM,34,310,8.1,-3.4,-0.1,0.3,.044
Matt Ryan,2022-23,25,LAL,12,129,4.6,-5.7,-0.1,0.0,-0.014
Matt Ryan,2022-23,25,MIN,22,181,10.6,-1.7,0.0,0.3,.084
Matt Ryan,2023-24,26,NOP,28,390,9.0,-2.7,-0.1,0.5,.065
Matt Ryan,2024-25,27,NYK,19,68,6.1,-7.5,-0.1,-0.1,-0.057
Arvydas Sabonis,1986-87,,Did not play - other pro league,,,,,,,
Arvydas Sabonis,1987-88,,Did not play - other pro league,,,,,,,
Arvydas Sabonis,1988-89,,Did not play - other pro league,,,,,,,
Arvydas Sabonis,1989-90,,Did not play - other pro league,,,,,,,
Arvydas Sabonis,1990-91,,Did not play - other pro league,,,,,,,
Arvydas Sabonis,1991-92,,Did not play - other pro league,,,,,,,
Arvydas Sabonis,1992-93,,Did not play - other pro league,,,,,,,
Arvydas Sabonis,1993-94,,Did not play - other pro league,,,,,,,
Arvydas Sabonis,1994-95,,Did not play - other pro league,,,,,,,
Arvydas Sabonis,1995-96,31,POR,73,1735,24.7,6.7,3.8,8.4,.233
Arvydas Sabonis,1996-97,32,POR,69,1762,21.8,5.3,3.2,7.5,.205
Arvydas Sabonis,1997-98,33,POR,73,2333,20.9,4.4,3.8,9.7,.200
Arvydas Sabonis,1998-99,34,POR,50,1349,20.4,4.3,2.1,5.8,.207
Arvydas Sabonis,1999-00,35,POR,66,1688,20.3,3.6,2.4,7.1,.203
Arvydas Sabonis,2000-01,36,POR,61,1299,18.4,1.2,1.1,3.7,.138
Arvydas Sabonis,2001-02,,Did not play - retired,,,,,,,
Arvydas Sabonis,2002-03,38,POR,78,1209,20.5,4.6,2.0,4.9,.196
Domantas Sabonis,2016-17,20,OKC,81,1632,6.9,-4.5,-1.0,0.8,.022
Domantas Sabonis,2017-18,21,IND,74,1810,17.5,-1.1,0.4,4.7,.126
Domantas Sabonis,2018-19,22,IND,74,1838,21.9,3.1,2.4,7.6,.197
Domantas Sabonis,2019-20,23,IND,62,2159,20.7,3.2,2.9,7.5,.168
Domantas Sabonis,2020-21,24,IND,62,2231,20.6,3.8,3.3,6.9,.149
Domantas Sabonis,2021-22,25,2TM,62,2136,21.9,4.1,3.2,7.1,.159
Domantas Sabonis,2021-22,25,IND,47,1632,22.2,4.6,2.7,5.7,.168
Domantas Sabonis,2021-22,25,SAC,15,504,21.0,2.3,0.5,1.4,.132
Domantas Sabonis,2022-23,26,SAC,79,2736,23.5,5.8,5.4,12.6,.221
Domantas Sabonis,2023-24,27,SAC,82,2928,23.2,6.5,6.2,12.6,.206
Domantas Sabonis,2024-25,28,SAC,70,2429,22.9,5.2,4.4,10.1,.199
Robert Sacre,2012-13,23,LAL,32,203,3.4,-8.8,-0.4,-0.1,-0.024
Robert Sacre,2013-14,24,LAL,65,1089,12.1,-3.6,-0.4,1.4,.061
Robert Sacre,2014-15,25,LAL,67,1133,10.9,-3.5,-0.4,0.8,.035
Robert Sacre,2015-16,26,LAL,25,320,10.4,-4.6,-0.2,0.3,.040
Ed Sadowski,1946-47,31,2TM,53,,,,,11.8,
Ed Sadowski,1946-47,31,TRH,10,,,,,2.3,
Ed Sadowski,1946-47,31,CLR,43,,,,,9.5,
Ed Sadowski,1947-48,32,BOS,47,,,,,9.3,
Ed Sadowski,1948-49,33,PHW,60,,,,,10.7,
Ed Sadowski,1949-50,34,2TM,69,,,,,4.3,
Ed Sadowski,1949-50,34,PHW,17,,,,,1.2,
Ed Sadowski,1949-50,34,BLB,52,,,,,3.1,
Kenny Sailors,1946-47,26,CLR,58,,,,,5.2,
Kenny Sailors,1947-48,27,3TM,44,,,,,1.7,
Kenny Sailors,1947-48,27,CHS,1,,,,,-0.1,
Kenny Sailors,1947-48,27,PHW,2,,,,,0.1,
Kenny Sailors,1947-48,27,PRO,41,,,,,1.6,
Kenny Sailors,1948-49,28,PRO,57,,,,,4.9,
Kenny Sailors,1949-50,29,DNN,57,,,,,3.7,
Kenny Sailors,1950-51,30,2TM,60,,,,,1.6,
Kenny Sailors,1950-51,30,BOS,10,,,,,-0.2,
Kenny Sailors,1950-51,30,BLB,50,,,,,1.8,
Tidjane Salaün,2024-25,19,CHO,60,1244,7.7,-5.2,-1.0,0.0,.002
John Salley,1986-87,22,DET,82,1463,11.9,0.9,1.1,3.8,.124
John Salley,1987-88,23,DET,82,2003,14.2,2.2,2.1,6.2,.148
John Salley,1988-89,24,DET,67,1458,12.4,0.7,1.0,3.5,.115
John Salley,1989-90,25,DET,82,1914,13.5,1.5,1.7,6.1,.152
John Salley,1990-91,26,DET,74,1649,13.6,1.1,1.3,4.8,.139
John Salley,1991-92,27,DET,72,1774,14.7,1.7,1.6,5.1,.138
John Salley,1992-93,28,MIA,51,1422,11.9,-0.9,0.4,2.5,.085
John Salley,1993-94,29,MIA,76,1910,13.0,0.6,1.2,4.8,.122
John Salley,1994-95,30,MIA,75,1955,11.4,-1.2,0.4,3.6,.089
John Salley,1995-96,31,2TM,42,673,10.0,-3.3,-0.2,0.6,.045
John Salley,1995-96,31,TOR,25,482,10.6,-3.6,-0.2,0.4,.038
John Salley,1995-96,31,CHI,17,191,8.7,-2.8,0.0,0.2,.062
John Salley,1996-97,,Did not play - other pro league,,,,,,,
John Salley,1997-98,,Did not play - retired,,,,,,,
John Salley,1998-99,,Did not play - retired,,,,,,,
John Salley,1999-00,35,LAL,45,303,8.3,-2.9,-0.1,0.5,.083
John Salmons,2002-03,23,PHI,64,504,9.5,-1.3,0.1,0.6,.058
John Salmons,2003-04,24,PHI,77,1603,10.6,-0.8,0.5,2.1,.064
John Salmons,2004-05,25,PHI,58,993,9.7,-0.9,0.2,1.4,.066
John Salmons,2005-06,26,PHI,82,2059,10.7,-2.7,-0.3,1.7,.040
John Salmons,2006-07,27,SAC,79,2135,12.7,-0.5,0.8,3.6,.081
John Salmons,2007-08,28,SAC,81,2517,13.9,-0.6,0.9,3.7,.071
John Salmons,2008-09,29,2TM,79,2959,16.0,0.3,1.7,5.6,.090
John Salmons,2008-09,29,SAC,53,1980,16.0,-0.2,0.9,3.0,.072
John Salmons,2008-09,29,CHI,26,979,16.0,1.3,0.8,2.6,.127
John Salmons,2009-10,30,2TM,81,2824,14.7,1.6,2.5,7.1,.121
John Salmons,2009-10,30,CHI,51,1695,12.7,0.5,1.1,3.2,.092
John Salmons,2009-10,30,MIL,30,1129,17.6,3.2,1.4,3.9,.165
John Salmons,2010-11,31,MIL,73,2554,12.8,-0.3,1.1,4.3,.081
John Salmons,2011-12,32,SAC,46,1250,9.0,-3.4,-0.5,0.4,.014
John Salmons,2012-13,33,SAC,76,2278,10.2,-2.5,-0.3,1.6,.034
John Salmons,2013-14,34,2TM,78,1726,7.8,-1.9,0.0,1.7,.046
John Salmons,2013-14,34,SAC,18,445,8.3,-2.4,0.0,0.3,.029
John Salmons,2013-14,34,TOR,60,1281,7.6,-1.8,0.1,1.4,.052
John Salmons,2014-15,35,NOP,21,270,5.1,-3.3,-0.1,0.1,.017
Al Salvadori,1967-68,22,OAK,17,186,6.0,,,-0.1,-0.018
Kevin Salvadori,1996-97,26,SAC,23,154,8.3,-5.9,-0.2,0.0,-0.007
Kevin Salvadori,1997-98,27,SAC,16,87,2.1,-8.3,-0.1,-0.2,-0.100
Soumaila Samake,2000-01,22,NJN,34,226,9.0,-3.9,-0.1,0.1,.028
Soumaila Samake,2001-02,,Did not play - other pro league,,,,,,,
Soumaila Samake,2002-03,24,LAL,13,77,12.9,-3.4,0.0,0.2,.102
Luka Šamanić,2019-20,20,SAS,3,48,8.8,-4.1,0.0,0.0,.011
Luka Šamanić,2020-21,21,SAS,33,308,9.8,-4.9,-0.2,0.1,.015
Luka Šamanić,2021-22,,Did not play - other pro league,,,,,,,
Luka Šamanić,2022-23,23,UTA,7,161,11.0,-2.1,0.0,0.2,.045
Luka Šamanić,2023-24,24,UTA,43,404,8.9,-7.8,-0.6,-0.2,-0.029
Cheikh Samb,2006-07,,Did not play - other pro league,,,,,,,
Cheikh Samb,2007-08,23,DET,4,31,12.0,-2.3,0.0,0.1,.178
Cheikh Samb,2008-09,24,3TM,18,83,5.3,-11.7,-0.2,-0.2,-0.144
Cheikh Samb,2008-09,24,DEN,6,24,2.9,-12.1,-0.1,-0.1,-0.246
Cheikh Samb,2008-09,24,LAC,10,51,9.2,-9.5,-0.1,0.0,-0.046
Cheikh Samb,2008-09,24,NYK,2,8,-12.6,-24.5,0.0,-0.1,-0.458
Brandon Sampson,2018-19,21,CHI,14,214,8.5,-4.7,-0.1,0.0,.010
JaKarr Sampson,2014-15,21,PHI,74,1131,9.4,-4.2,-0.6,0.6,.025
JaKarr Sampson,2015-16,22,2TM,73,1160,8.3,-5.4,-1.0,0.1,.006
JaKarr Sampson,2015-16,22,PHI,47,691,7.7,-6.7,-0.8,-0.3,-0.021
JaKarr Sampson,2015-16,22,DEN,26,469,9.3,-3.6,-0.2,0.4,.045
JaKarr Sampson,2016-17,,Did not play - other pro league,,,,,,,
JaKarr Sampson,2017-18,24,SAC,22,344,13.9,-1.2,0.1,0.8,.114
JaKarr Sampson,2018-19,25,CHI,4,127,22.5,3.7,0.2,0.5,.173
JaKarr Sampson,2019-20,26,IND,34,471,12.6,-1.4,0.1,1.2,.124
JaKarr Sampson,2020-21,27,IND,29,316,10.9,-7.5,-0.4,0.3,.044
Jamal Sampson,2002-03,19,MIL,5,8,8.4,-3.2,0.0,0.0,-0.066
Jamal Sampson,2003-04,20,LAL,10,130,15.0,-2.0,0.0,0.4,.156
Jamal Sampson,2004-05,21,CHA,23,329,11.6,-3.9,-0.2,0.5,.077
Jamal Sampson,2005-06,22,SAC,12,39,24.4,9.8,0.1,0.2,.293
Jamal Sampson,2006-07,23,DEN,22,125,11.3,-2.1,0.0,0.2,.083
Ralph Sampson,1983-84,23,HOU,82,2693,20.1,0.9,2.0,6.0,.108
Ralph Sampson,1984-85,24,HOU,82,3086,17.4,0.4,1.8,6.2,.096
Ralph Sampson,1985-86,25,HOU,79,2864,16.9,0.4,1.8,5.0,.084
Ralph Sampson,1986-87,26,HOU,43,1326,15.4,-0.4,0.5,2.2,.078
Ralph Sampson,1987-88,27,2TM,48,1663,13.4,-2.2,-0.1,0.6,.018
Ralph Sampson,1987-88,27,HOU,19,705,12.6,-1.8,0.0,0.7,.048
Ralph Sampson,1987-88,27,GSW,29,958,14.0,-2.4,-0.1,-0.1,-0.004
Ralph Sampson,1988-89,28,GSW,61,1086,11.4,-2.6,-0.2,1.1,.048
Ralph Sampson,1989-90,29,SAC,26,417,5.5,-5.7,-0.4,-0.6,-0.068
Ralph Sampson,1990-91,30,SAC,25,348,7.2,-6.5,-0.4,-0.3,-0.038
Ralph Sampson,1991-92,31,WSB,10,108,5.8,-6.8,-0.1,-0.2,-0.069
Jermaine Samuels,2023-24,25,HOU,14,60,15.1,0.8,0.0,0.2,.178
Samardo Samuels,2010-11,22,CLE,37,701,11.7,-5.8,-0.7,0.0,.002
Samardo Samuels,2011-12,23,CLE,54,825,11.1,-5.3,-0.7,0.7,.039
Samardo Samuels,2012-13,24,CLE,18,196,6.2,-6.2,-0.2,-0.1,-0.016
Pepe Sánchez,2000-01,23,2TM,29,150,12.6,0.6,0.1,0.3,.107
Pepe Sánchez,2000-01,23,ATL,5,34,-4.8,-12.6,-0.1,-0.2,-0.249
Pepe Sánchez,2000-01,23,PHI,24,116,17.7,4.5,0.2,0.5,.212
Pepe Sánchez,2001-02,,Did not play - other pro league,,,,,,,
Pepe Sánchez,2002-03,25,DET,9,37,11.0,4.0,0.1,0.0,.042
Al Sanders,1972-73,23,VIR,4,25,6.5,,,0.1,.209
Frankie Sanders,1978-79,22,2TM,46,479,13.9,-2.9,-0.1,0.4,.039
Frankie Sanders,1978-79,22,SAS,22,263,11.8,-3.6,-0.1,0.1,.024
Frankie Sanders,1978-79,22,BOS,24,216,16.4,-2.0,0.0,0.3,.059
Frankie Sanders,1979-80,,Did not play - waived,,,,,,,
Frankie Sanders,1980-81,24,KCK,23,186,13.0,-2.4,0.0,0.1,.035
Jeff Sanders,1989-90,24,CHI,31,182,2.5,-10.2,-0.4,-0.3,-0.069
Jeff Sanders,1990-91,25,CHH,3,43,8.6,-6.8,-0.1,0.0,.022
Jeff Sanders,1991-92,26,ATL,12,117,13.8,-1.5,0.0,0.2,.086
Jeff Sanders,1992-93,27,ATL,9,120,6.9,-4.7,-0.1,-0.1,-0.020
Larry Sanders,2010-11,22,MIL,60,872,11.0,-3.5,-0.3,1.0,.057
Larry Sanders,2011-12,23,MIL,52,643,13.3,-1.9,0.0,1.0,.072
Larry Sanders,2012-13,24,MIL,71,1937,18.7,1.0,1.5,6.0,.149
Larry Sanders,2013-14,25,MIL,23,584,14.0,-3.0,-0.1,0.7,.057
Larry Sanders,2014-15,26,MIL,27,586,15.2,-1.0,0.2,1.6,.132
Larry Sanders,2015-16,,Did not play - mental health,,,,,,,
Larry Sanders,2016-17,28,CLE,5,13,6.5,-15.0,0.0,0.0,-0.029
Melvin Sanders,2005-06,25,SAS,16,113,10.5,-3.9,-0.1,0.2,.093
Mike Sanders,1982-83,22,SAS,26,393,14.2,-1.8,0.0,0.8,.093
Mike Sanders,1983-84,23,PHO,50,586,10.5,-3.2,-0.2,0.6,.045
Mike Sanders,1984-85,24,PHO,21,418,15.0,-1.4,0.1,0.8,.093
Mike Sanders,1985-86,25,PHO,82,1644,16.0,0.2,0.9,3.9,.115
Mike Sanders,1986-87,26,PHO,82,1655,14.4,-1.6,0.2,2.7,.079
Mike Sanders,1987-88,27,2TM,59,883,11.1,-2.7,-0.1,1.2,.066
Mike Sanders,1987-88,27,PHO,35,466,11.2,-2.9,-0.1,0.5,.051
Mike Sanders,1987-88,27,CLE,24,417,10.9,-2.4,0.0,0.7,.083
Mike Sanders,1988-89,28,CLE,82,2102,10.5,-2.3,-0.2,3.1,.071
Mike Sanders,1989-90,29,IND,82,1531,9.1,-3.8,-0.7,1.0,.031
Mike Sanders,1990-91,30,IND,80,1357,8.4,-4.9,-1.0,0.1,.003
Mike Sanders,1991-92,31,2TM,31,633,13.6,-0.3,0.3,1.8,.137
Mike Sanders,1991-92,31,IND,10,81,9.7,-2.1,0.0,0.1,.039
Mike Sanders,1991-92,31,CLE,21,552,14.1,-0.1,0.3,1.7,.151
Mike Sanders,1992-93,32,CLE,53,1189,11.8,-2.3,-0.1,2.0,.080
Tom Sanders,1960-61,22,BOS,68,1084,11.7,,,3.0,.132
Tom Sanders,1961-62,23,BOS,80,2325,12.5,,,7.2,.149
Tom Sanders,1962-63,24,BOS,80,2148,12.6,,,6.8,.152
Tom Sanders,1963-64,25,BOS,80,2370,12.7,,,7.6,.154
Tom Sanders,1964-65,26,BOS,80,2459,12.2,,,7.4,.145
Tom Sanders,1965-66,27,BOS,72,1896,13.6,,,5.5,.139
Tom Sanders,1966-67,28,BOS,81,1926,11.2,,,4.0,.100
Tom Sanders,1967-68,29,BOS,78,1981,11.4,,,4.3,.105
Tom Sanders,1968-69,30,BOS,82,2184,12.8,,,5.4,.119
Tom Sanders,1969-70,31,BOS,57,1616,11.6,,,3.0,.090
Tom Sanders,1970-71,32,BOS,17,121,6.1,,,0.0,.006
Tom Sanders,1971-72,33,BOS,82,1631,8.9,,,2.4,.070
Tom Sanders,1972-73,34,BOS,59,423,4.9,,,-0.2,-0.021
Ron Sanford,1971-72,25,DLC,1,2,-10.4,,,0.0,.016
Adama Sanogo,2023-24,21,CHI,9,66,21.9,-6.7,-0.1,0.2,.133
Adama Sanogo,2024-25,22,CHI,4,21,15.2,-2.6,0.0,0.0,.105
Daniel Santiago,2000-01,24,PHO,54,581,7.9,-4.8,-0.4,0.6,.052
Daniel Santiago,2001-02,25,PHO,3,24,9.6,-2.4,0.0,0.0,.025
Daniel Santiago,2002-03,,Did not play - other pro league,,,,,,,
Daniel Santiago,2003-04,27,MIL,54,708,11.2,-1.9,0.0,1.2,.083
Daniel Santiago,2004-05,28,MIL,11,105,4.3,-9.1,-0.2,0.0,.012
Bob Santini,1953-54,,Did not play - military service,,,,,,,
Bob Santini,1954-55,,Did not play - military service,,,,,,,
Bob Santini,1955-56,20,NYK,4,23,12.7,,,0.1,.127
Gui Santos,2023-24,21,GSW,23,192,15.6,-0.5,0.1,0.7,.169
Gui Santos,2024-25,22,GSW,56,762,11.7,-1.7,0.1,1.7,.110
Wayne Sappleton,1982-83,,Did not play - other pro league,,,,,,,
Wayne Sappleton,1983-84,,Did not play - other pro league,,,,,,,
Wayne Sappleton,1984-85,24,NJN,33,298,7.7,-6.3,-0.3,0.1,.012
Dario Šarić,2014-15,,Did not play - other pro league,,,,,,,
Dario Šarić,2015-16,,Did not play - other pro league,,,,,,,
Dario Šarić,2016-17,22,PHI,81,2129,12.8,-2.3,-0.2,1.0,.023
Dario Šarić,2017-18,23,PHI,78,2310,15.8,1.3,1.9,6.6,.137
Dario Šarić,2018-19,24,2TM,81,2023,13.1,-1.6,0.2,3.5,.084
Dario Šarić,2018-19,24,PHI,13,396,8.1,-4.7,-0.3,0.2,.023
Dario Šarić,2018-19,24,MIN,68,1627,14.3,-0.8,0.5,3.3,.099
Dario Šarić,2019-20,25,PHO,66,1632,14.2,-0.4,0.7,3.6,.105
Dario Šarić,2020-21,26,PHO,50,871,14.3,-2.0,0.0,1.7,.093
Dario Šarić,2021-22,,Did not play - injury,,,,,,,
Dario Šarić,2022-23,28,2TM,57,806,13.5,-1.4,0.1,1.7,.099
Dario Šarić,2022-23,28,PHO,37,533,12.3,-2.0,0.0,0.9,.085
Dario Šarić,2022-23,28,OKC,20,273,15.9,-0.2,0.1,0.7,.127
Dario Šarić,2023-24,29,GSW,64,1098,15.3,1.0,0.9,2.8,.123
Dario Šarić,2024-25,30,DEN,16,210,7.7,-4.8,-0.1,0.0,.001
Alex Sarr,2024-25,19,WAS,67,1814,12.9,-3.3,-0.6,-0.3,-0.007
Olivier Sarr,2021-22,22,OKC,22,421,14.0,-4.0,-0.2,1.0,.117
Olivier Sarr,2022-23,23,OKC,9,114,11.5,-4.9,-0.1,0.2,.094
Olivier Sarr,2023-24,24,OKC,15,98,14.8,-2.6,0.0,0.4,.186
Jason Sasser,1996-97,23,2TM,8,69,5.8,-6.6,-0.1,0.0,-0.032
Jason Sasser,1996-97,23,SAS,6,62,4.9,-8.1,-0.1,0.0,-0.030
Jason Sasser,1996-97,23,DAL,2,7,14.3,6.4,0.0,0.0,-0.049
Jason Sasser,1997-98,,Did not play - other pro league,,,,,,,
Jason Sasser,1998-99,25,VAN,6,39,10.7,-4.1,0.0,0.0,.017
Jeryl Sasser,2001-02,22,ORL,7,36,7.0,-7.6,0.0,-0.1,-0.070
Jeryl Sasser,2002-03,23,ORL,75,1025,8.3,-2.3,-0.1,0.8,.036
Marcus Sasser,2023-24,23,DET,71,1351,11.8,-2.6,-0.2,0.9,.033
Marcus Sasser,2024-25,24,DET,57,811,14.0,-0.6,0.3,1.8,.108
Tomáš Satoranský,2012-13,,Did not play - other pro league,,,,,,,
Tomáš Satoranský,2013-14,,Did not play - other pro league,,,,,,,
Tomáš Satoranský,2014-15,,Did not play - other pro league,,,,,,,
Tomáš Satoranský,2015-16,,Did not play - other pro league,,,,,,,
Tomáš Satoranský,2016-17,25,WAS,57,719,8.5,-2.4,-0.1,0.6,.040
Tomáš Satoranský,2017-18,26,WAS,73,1643,15.4,1.2,1.3,5.0,.145
Tomáš Satoranský,2018-19,27,WAS,80,2164,14.1,-0.7,0.7,4.7,.104
Tomáš Satoranský,2019-20,28,CHI,65,1878,13.5,-1.2,0.4,3.5,.090
Tomáš Satoranský,2020-21,29,CHI,58,1307,13.8,-0.5,0.5,3.1,.113
Tomáš Satoranský,2021-22,30,3TM,55,906,10.2,-3.7,-0.4,1.0,.055
Tomáš Satoranský,2021-22,30,NOP,32,481,6.5,-5.6,-0.4,0.0,-0.003
Tomáš Satoranský,2021-22,30,SAS,1,9,12.8,-1.3,0.0,0.0,.200
Tomáš Satoranský,2021-22,30,WAS,22,416,14.4,-1.5,0.1,1.0,.120
Kenny Satterfield,2001-02,20,DEN,36,560,11.5,-3.5,-0.2,-0.2,-0.014
Kenny Satterfield,2002-03,21,2TM,39,502,4.8,-4.8,-0.4,-1.0,-0.091
Kenny Satterfield,2002-03,21,DEN,22,420,5.2,-4.3,-0.2,-0.8,-0.088
Kenny Satterfield,2002-03,21,PHI,17,82,2.6,-7.4,-0.1,-0.2,-0.108
Pep Saul,1949-50,25,ROC,49,,,,,1.5,
Pep Saul,1950-51,26,ROC,65,,,,,0.6,
Pep Saul,1951-52,27,2TM,64,1479,12.3,,,2.9,.093
Pep Saul,1951-52,27,BLB,39,720,11.4,,,0.2,.013
Pep Saul,1951-52,27,MNL,25,759,13.2,,,2.7,.170
Pep Saul,1952-53,28,MNL,70,1796,11.0,,,4.2,.111
Pep Saul,1953-54,29,MNL,71,1805,9.8,,,2.8,.075
Pep Saul,1954-55,30,MLH,65,1139,8.3,,,0.8,.032
Woody Sauldsberry,1957-58,23,PHW,71,2377,10.7,,,0.3,.007
Woody Sauldsberry,1958-59,24,PHW,72,2743,10.8,,,-0.6,-0.010
Woody Sauldsberry,1959-60,25,PHW,71,1848,7.2,,,-1.8,-0.048
Woody Sauldsberry,1960-61,26,STL,69,1491,6.1,,,-2.8,-0.091
Woody Sauldsberry,1961-62,27,2TM,63,1765,9.0,,,-2.8,-0.075
Woody Sauldsberry,1961-62,27,STL,14,291,7.8,,,-0.4,-0.061
Woody Sauldsberry,1961-62,27,CHP,49,1474,9.3,,,-2.4,-0.078
Woody Sauldsberry,1962-63,28,2TM,77,2034,9.1,,,-2.2,-0.052
Woody Sauldsberry,1962-63,28,CHZ,54,1664,9.7,,,-1.8,-0.052
Woody Sauldsberry,1962-63,28,STL,23,370,6.5,,,-0.4,-0.056
Woody Sauldsberry,1963-64,,Did not play - retired,,,,,,,
Woody Sauldsberry,1964-65,,Did not play - retired,,,,,,,
Woody Sauldsberry,1965-66,31,BOS,39,530,4.6,,,-0.8,-0.072
Glynn Saulters,1968-69,23,NOB,22,120,5.7,,,-0.2,-0.099
Fred Saunders,1974-75,23,PHO,69,1059,13.2,-1.8,0.1,1.3,.060
Fred Saunders,1975-76,24,PHO,17,146,12.7,-3.7,-0.1,0.1,.026
Fred Saunders,1976-77,25,BOS,68,1051,10.9,-2.7,-0.2,1.2,.054
Fred Saunders,1977-78,26,2TM,56,643,8.9,-2.9,-0.2,0.5,.039
Fred Saunders,1977-78,26,BOS,26,243,4.1,-6.0,-0.3,-0.3,-0.050
Fred Saunders,1977-78,26,NOJ,30,400,11.8,-1.1,0.1,0.8,.092
Don Savage,1951-52,23,SYR,12,118,7.2,,,-0.1,-0.053
Don Savage,1952-53,,Did not play - other pro league,,,,,,,
Don Savage,1953-54,,Did not play - military service,,,,,,,
Don Savage,1954-55,,Did not play - military service,,,,,,,
Don Savage,1955-56,,Did not play - military service,,,,,,,
Don Savage,1956-57,28,SYR,5,55,7.2,,,0.0,.022
Predrag Savović,2002-03,26,DEN,27,256,6.0,-5.3,-0.2,-0.2,-0.040
Alan Sawyer,1950-51,23,WSC,33,,,,,0.9,
Brian Scalabrine,2001-02,23,NJN,28,290,4.2,-6.4,-0.3,-0.1,-0.015
Brian Scalabrine,2002-03,24,NJN,59,724,8.9,-2.1,0.0,1.0,.068
Brian Scalabrine,2003-04,25,NJN,69,928,9.5,-2.6,-0.1,1.7,.089
Brian Scalabrine,2004-05,26,NJN,54,1167,11.0,-1.8,0.1,1.4,.058
Brian Scalabrine,2005-06,27,BOS,71,938,5.9,-3.6,-0.4,0.3,.015
Brian Scalabrine,2006-07,28,BOS,54,1027,6.6,-2.7,-0.2,0.9,.043
Brian Scalabrine,2007-08,29,BOS,48,512,5.1,-2.8,-0.1,0.6,.057
Brian Scalabrine,2008-09,30,BOS,39,504,7.4,-1.5,0.1,1.1,.105
Brian Scalabrine,2009-10,31,BOS,52,472,3.6,-4.3,-0.3,0.2,.019
Brian Scalabrine,2010-11,32,CHI,18,88,6.5,-3.8,0.0,0.1,.071
Brian Scalabrine,2011-12,33,CHI,28,122,13.5,1.6,0.1,0.3,.108
Alex Scales,2005-06,27,SAS,1,0,,,0.0,0.0,
DeWayne Scales,1980-81,22,NYK,44,484,11.5,-5.6,-0.4,0.3,.028
DeWayne Scales,1981-82,23,NYK,3,24,1.0,-4.9,0.0,-0.1,-0.116
DeWayne Scales,1982-83,,Did not play - other pro league,,,,,,,
DeWayne Scales,1983-84,25,WSB,2,13,8.4,-4.5,0.0,0.0,-0.131
Frank Schade,1972-73,23,KCO,9,76,5.8,,,0.0,.031
Ben Schadler,1947-48,23,CHS,37,,,,,-0.5,
Herm Schaefer,1948-49,30,MNL,58,,,,,6.8,
Herm Schaefer,1949-50,31,MNL,65,,,,,5.4,
Billy Schaeffer,1973-74,22,NYA,59,871,11.8,-2.4,-0.1,1.9,.104
Billy Schaeffer,1974-75,23,NYA,27,280,12.6,-2.7,0.0,0.5,.080
Billy Schaeffer,1975-76,24,2TM,51,637,12.2,-2.3,0.0,0.8,.060
Billy Schaeffer,1975-76,24,NYA,20,119,15.9,-2.3,0.0,0.2,.084
Billy Schaeffer,1975-76,24,VIR,31,518,11.3,-2.3,0.0,0.6,.054
Bob Schafer,1955-56,22,2TM,54,578,7.5,,,-0.6,-0.046
Bob Schafer,1955-56,22,PHW,12,82,8.4,,,0.0,-0.017
Bob Schafer,1955-56,22,STL,42,496,7.4,,,-0.5,-0.051
Bob Schafer,1956-57,23,SYR,11,167,5.3,,,-0.2,-0.055
Jordan Schakel,2021-22,23,WAS,4,30,-1.2,-13.0,-0.1,-0.1,-0.204
Jordan Schakel,2022-23,24,WAS,2,6,24.3,17.0,0.0,0.0,.314
Jordan Schakel,2023-24,,Did not play - other pro league,,,,,,,
Ben Scharnus,1946-47,29,CLR,51,,,,,-0.1,
Ben Scharnus,1947-48,,Did not play - other pro league,,,,,,,
Ben Scharnus,1948-49,31,PRO,1,,,,,0.0,
Marv Schatzman,1949-50,22,BLB,34,,,,,-0.9,
Fred Schaus,1949-50,24,FTW,68,,,,,8.4,
Fred Schaus,1950-51,25,FTW,68,,,,,8.5,
Fred Schaus,1951-52,26,FTW,62,2581,16.5,,,6.8,.127
Fred Schaus,1952-53,27,FTW,69,2541,13.2,,,4.0,.076
Fred Schaus,1953-54,28,2TM,67,1515,14.4,,,3.7,.118
Fred Schaus,1953-54,28,FTW,23,272,16.6,,,1.0,.185
Fred Schaus,1953-54,28,NYK,44,1243,13.9,,,2.7,.103
Danny Schayes,1981-82,22,UTA,82,1623,13.2,-2.3,-0.1,1.7,.050
Danny Schayes,1982-83,23,2TM,82,2284,12.1,-3.0,-0.6,2.0,.041
Danny Schayes,1982-83,23,UTA,50,1638,11.7,-2.8,-0.3,1.1,.033
Danny Schayes,1982-83,23,DEN,32,646,13.2,-3.5,-0.2,0.8,.062
Danny Schayes,1983-84,24,DEN,82,1420,12.9,-3.4,-0.5,2.8,.095
Danny Schayes,1984-85,25,DEN,56,542,12.8,-2.1,0.0,1.2,.109
Danny Schayes,1985-86,26,DEN,80,1654,13.4,-2.0,0.0,4.6,.134
Danny Schayes,1986-87,27,DEN,76,1556,13.4,-2.3,-0.1,3.9,.121
Danny Schayes,1987-88,28,DEN,81,2166,18.4,0.9,1.6,8.8,.195
Danny Schayes,1988-89,29,DEN,76,1918,15.4,-1.2,0.4,5.6,.141
Danny Schayes,1989-90,30,DEN,53,1194,16.5,0.3,0.7,4.5,.183
Danny Schayes,1990-91,31,MIL,82,2228,14.8,-0.6,0.8,6.8,.147
Danny Schayes,1991-92,32,MIL,43,726,10.7,-4.1,-0.4,0.9,.061
Danny Schayes,1992-93,33,MIL,70,1124,10.6,-3.1,-0.3,1.4,.058
Danny Schayes,1993-94,34,2TM,36,363,7.4,-5.9,-0.4,0.0,-0.001
Danny Schayes,1993-94,34,MIL,23,230,6.3,-6.3,-0.3,0.0,-0.007
Danny Schayes,1993-94,34,LAL,13,133,9.3,-5.2,-0.1,0.0,.011
Danny Schayes,1994-95,35,PHO,69,823,13.2,-1.7,0.1,1.4,.084
Danny Schayes,1995-96,36,MIA,32,399,8.1,-4.1,-0.2,0.4,.049
Danny Schayes,1996-97,37,ORL,45,540,9.3,-4.6,-0.4,0.6,.055
Danny Schayes,1997-98,38,ORL,74,1272,10.9,-3.3,-0.4,2.0,.076
Danny Schayes,1998-99,39,ORL,19,143,1.9,-7.6,-0.2,0.0,-0.008
Dolph Schayes,1948-49,,Did not play - other pro league,,,,,,,
Dolph Schayes,1949-50,21,SYR,64,,,,,12.8,
Dolph Schayes,1950-51,22,SYR,66,,,,,10.3,
Dolph Schayes,1951-52,23,SYR,63,2004,23.9,,,8.5,.203
Dolph Schayes,1952-53,24,SYR,71,2668,25.4,,,13.1,.236
Dolph Schayes,1953-54,25,SYR,72,2655,24.5,,,14.8,.267
Dolph Schayes,1954-55,26,SYR,72,2526,23.5,,,12.0,.229
Dolph Schayes,1955-56,27,SYR,72,2517,23.8,,,11.8,.225
Dolph Schayes,1956-57,28,SYR,72,2851,24.6,,,12.5,.211
Dolph Schayes,1957-58,29,SYR,72,2918,24.2,,,13.7,.226
Dolph Schayes,1958-59,30,SYR,72,2645,21.0,,,9.4,.171
Dolph Schayes,1959-60,31,SYR,75,2741,20.6,,,9.5,.167
Dolph Schayes,1960-61,32,SYR,79,3007,19.2,,,8.5,.136
Dolph Schayes,1961-62,33,SYR,56,1480,15.9,,,3.1,.099
Dolph Schayes,1962-63,34,SYR,66,1438,14.2,,,2.4,.081
Dolph Schayes,1963-64,35,PHI,24,350,11.5,,,-0.1,-0.010
Ossie Schectman,1946-47,27,NYK,54,,,,,4.3,
Steve Scheffler,1990-91,23,CHH,39,227,12.4,-1.1,0.0,0.6,.132
Steve Scheffler,1991-92,24,2TM,11,61,16.6,0.4,0.0,0.3,.220
Steve Scheffler,1991-92,24,SAC,4,15,27.1,6.5,0.0,0.1,.407
Steve Scheffler,1991-92,24,DEN,7,46,13.2,-1.6,0.0,0.2,.159
Steve Scheffler,1992-93,25,SEA,29,166,13.1,-3.4,-0.1,0.6,.163
Steve Scheffler,1993-94,26,SEA,35,152,17.7,0.0,0.1,0.7,.228
Steve Scheffler,1994-95,27,SEA,18,102,16.1,0.0,0.1,0.4,.193
Steve Scheffler,1995-96,28,SEA,35,181,10.3,-3.9,-0.1,0.4,.096
Steve Scheffler,1996-97,29,SEA,7,29,7.2,-9.3,-0.1,0.0,-0.056
Tom Scheffler,1982-83,,Did not play - other pro league,,,,,,,
Tom Scheffler,1983-84,,Did not play - other pro league,,,,,,,
Tom Scheffler,1984-85,30,POR,39,268,6.9,-4.5,-0.2,0.2,.037
Baylor Scheierman,2024-25,24,BOS,31,384,10.3,-1.7,0.0,0.7,.089
Dave Schellhase,1966-67,22,CHI,31,212,8.9,,,-0.2,-0.045
Dave Schellhase,1967-68,23,CHI,42,301,8.3,,,-0.4,-0.072
Luke Schenscher,2005-06,23,CHI,20,149,9.3,-1.7,0.0,0.3,.095
Luke Schenscher,2006-07,24,POR,11,118,3.9,-8.7,-0.2,0.0,-0.013
Herb Scherer,1950-51,22,TRI,20,,,,,-0.1,
Herb Scherer,1951-52,23,NYK,12,167,3.9,,,-0.3,-0.092
Dwayne Schintzius,1990-91,22,SAS,42,398,10.1,-5.0,-0.3,0.2,.027
Dwayne Schintzius,1991-92,23,SAC,33,400,10.6,-4.3,-0.2,0.4,.045
Dwayne Schintzius,1992-93,24,NJN,5,35,12.5,0.2,0.0,0.1,.149
Dwayne Schintzius,1993-94,25,NJN,30,319,7.8,-5.0,-0.2,0.2,.029
Dwayne Schintzius,1994-95,26,NJN,43,318,8.2,-6.4,-0.3,-0.1,-0.012
Dwayne Schintzius,1995-96,27,IND,33,297,11.9,-3.8,-0.1,0.3,.054
Dwayne Schintzius,1996-97,28,LAC,15,116,8.1,-6.0,-0.1,0.0,.002
Dwayne Schintzius,1997-98,,Did not play - injury,,,,,,,
Dwayne Schintzius,1998-99,30,BOS,16,67,0.7,-11.1,-0.2,-0.2,-0.138
Dale Schlueter,1968-69,23,SFW,31,559,12.6,,,1.1,.095
Dale Schlueter,1969-70,24,SFW,63,685,11.8,,,1.6,.113
Dale Schlueter,1970-71,25,POR,80,1823,14.0,,,4.4,.116
Dale Schlueter,1971-72,26,POR,81,2693,15.8,,,6.3,.112
Dale Schlueter,1972-73,27,PHI,78,1136,15.3,,,3.0,.126
Dale Schlueter,1973-74,28,ATL,57,547,13.3,0.1,0.3,1.1,.098
Dale Schlueter,1974-75,29,BUF,76,962,13.1,0.0,0.5,2.0,.102
Dale Schlueter,1975-76,30,BUF,71,773,10.7,-1.6,0.1,1.2,.076
Dale Schlueter,1976-77,31,PHO,39,337,8.5,-3.4,-0.1,0.1,.009
Dale Schlueter,1977-78,32,POR,10,109,6.0,-3.2,0.0,0.0,-0.006
Otto Schnellbacher,1948-49,25,2TM,43,,,,,1.2,
Otto Schnellbacher,1948-49,25,PRO,23,,,,,0.0,
Otto Schnellbacher,1948-49,25,STB,20,,,,,1.3,
Dick Schnittker,1950-51,22,WSC,29,,,,,3.5,
Dick Schnittker,1951-52,,Did not play - military service,,,,,,,
Dick Schnittker,1952-53,,Did not play - military service,,,,,,,
Dick Schnittker,1953-54,25,MNL,71,1040,12.0,,,2.8,.129
Dick Schnittker,1954-55,26,MNL,72,1798,15.7,,,6.2,.166
Dick Schnittker,1955-56,27,MNL,72,1930,13.9,,,5.3,.132
Dick Schnittker,1956-57,28,MNL,70,997,11.2,,,1.6,.078
Dick Schnittker,1957-58,29,MNL,50,979,15.4,,,2.6,.125
Russ Schoene,1982-83,22,2TM,77,1222,10.9,-3.5,-0.4,1.7,.066
Russ Schoene,1982-83,22,PHI,46,702,9.8,-2.9,-0.2,1.3,.089
Russ Schoene,1982-83,22,IND,31,520,12.3,-4.3,-0.3,0.4,.034
Russ Schoene,1983-84,,Did not play - injury,,,,,,,
Russ Schoene,1984-85,,Did not play - other pro league,,,,,,,
Russ Schoene,1985-86,,Did not play - other pro league,,,,,,,
Russ Schoene,1986-87,26,SEA,63,579,6.2,-6.0,-0.6,-0.2,-0.018
Russ Schoene,1987-88,27,SEA,81,973,13.5,-2.3,-0.1,1.8,.087
Russ Schoene,1988-89,28,SEA,69,774,12.1,-2.7,-0.1,1.3,.078
Admiral Schofield,2019-20,22,WAS,33,368,6.1,-5.5,-0.3,0.1,.017
Admiral Schofield,2020-21,,Did not play - other pro league,,,,,,,
Admiral Schofield,2021-22,24,ORL,38,469,7.5,-5.4,-0.4,0.3,.027
Admiral Schofield,2022-23,25,ORL,37,451,10.1,-2.9,-0.1,0.8,.089
Admiral Schofield,2023-24,26,ORL,23,84,6.0,-4.9,-0.1,0.0,.006
Dave Scholz,1969-70,21,PHI,1,1,67.6,,,0.0,1.316
Milt Schoon,1946-47,24,DTF,41,,,,,0.3,
Milt Schoon,1947-48,,Did not play - other pro league,,,,,,,
Milt Schoon,1948-49,,Did not play - other pro league,,,,,,,
Milt Schoon,1949-50,27,SHE,62,,,,,4.0,
Detlef Schrempf,1985-86,23,DAL,64,969,10.9,-3.8,-0.4,0.8,.040
Detlef Schrempf,1986-87,24,DAL,81,1711,13.7,-0.3,0.7,4.0,.113
Detlef Schrempf,1987-88,25,DAL,82,1587,14.2,-0.3,0.7,3.6,.110
Detlef Schrempf,1988-89,26,2TM,69,1850,15.3,0.0,0.9,4.4,.113
Detlef Schrempf,1988-89,26,DAL,37,845,13.8,-1.4,0.1,1.7,.098
Detlef Schrempf,1988-89,26,IND,32,1005,16.5,1.3,0.8,2.6,.125
Detlef Schrempf,1989-90,27,IND,78,2573,17.6,1.4,2.2,8.1,.151
Detlef Schrempf,1990-91,28,IND,82,2632,18.6,2.0,2.6,9.0,.165
Detlef Schrempf,1991-92,29,IND,80,2605,19.5,3.2,3.3,9.8,.181
Detlef Schrempf,1992-93,30,IND,82,3098,19.2,3.3,4.2,10.4,.161
Detlef Schrempf,1993-94,31,SEA,81,2728,14.9,0.3,1.6,8.4,.148
Detlef Schrempf,1994-95,32,SEA,82,2886,20.3,4.4,4.7,12.9,.215
Detlef Schrempf,1995-96,33,SEA,63,2200,17.3,2.5,2.5,8.2,.179
Detlef Schrempf,1996-97,34,SEA,61,2192,18.3,3.3,2.9,8.0,.174
Detlef Schrempf,1997-98,35,SEA,78,2742,18.7,2.9,3.4,10.4,.182
Detlef Schrempf,1998-99,36,SEA,50,1765,18.4,2.0,1.8,5.8,.158
Detlef Schrempf,1999-00,37,POR,77,1662,14.5,1.1,1.3,5.2,.149
Detlef Schrempf,2000-01,38,POR,26,397,9.8,-3.1,-0.1,0.5,.057
Dennis Schröder,2013-14,20,ATL,49,641,5.8,-7.3,-0.9,-0.7,-0.054
Dennis Schröder,2014-15,21,ATL,77,1516,15.7,-1.3,0.2,2.5,.080
Dennis Schröder,2015-16,22,ATL,80,1621,15.5,-0.8,0.5,2.2,.064
Dennis Schröder,2016-17,23,ATL,79,2485,16.1,0.0,1.3,3.7,.071
Dennis Schröder,2017-18,24,ATL,67,2078,17.3,-0.6,0.7,2.6,.059
Dennis Schröder,2018-19,25,OKC,79,2314,12.7,-2.0,0.0,2.9,.060
Dennis Schröder,2019-20,26,OKC,65,1999,16.7,-0.1,1.0,3.6,.087
Dennis Schröder,2020-21,27,LAL,61,1956,13.8,-1.1,0.4,3.8,.093
Dennis Schröder,2021-22,28,2TM,64,1837,13.0,-1.9,0.0,2.9,.076
Dennis Schröder,2021-22,28,BOS,49,1433,13.5,-1.2,0.3,2.8,.092
Dennis Schröder,2021-22,28,HOU,15,404,11.5,-4.4,-0.2,0.2,.020
Dennis Schröder,2022-23,29,LAL,66,1986,11.5,-2.9,-0.4,2.8,.068
Dennis Schröder,2023-24,30,2TM,80,2486,13.3,-1.8,0.1,3.3,.063
Dennis Schröder,2023-24,30,TOR,51,1559,13.9,-1.8,0.1,2.5,.076
Dennis Schröder,2023-24,30,BRK,29,927,12.3,-1.9,0.0,0.8,.042
Dennis Schröder,2024-25,31,3TM,75,2105,12.7,-2.2,-0.1,3.2,.073
Dennis Schröder,2024-25,31,BRK,23,772,16.0,0.0,0.4,1.6,.099
Dennis Schröder,2024-25,31,GSW,24,628,8.4,-5.2,-0.5,0.2,.012
Dennis Schröder,2024-25,31,DET,28,705,12.9,-2.1,0.0,1.5,.100
Howie Schultz,1949-50,27,2TM,67,,,,,3.0,
Howie Schultz,1949-50,27,AND,35,,,,,2.5,
Howie Schultz,1949-50,27,FTW,32,,,,,0.5,
Howie Schultz,1950-51,,Did not play - other pro league,,,,,,,
Howie Schultz,1951-52,29,MNL,66,1301,8.1,,,2.0,.074
Howie Schultz,1952-53,30,MNL,40,474,7.6,,,0.6,.059
Dick Schulz,1946-47,30,2TM,57,,,,,0.6,
Dick Schulz,1946-47,30,CLR,16,,,,,-0.1,
Dick Schulz,1946-47,30,TRH,41,,,,,0.7,
Dick Schulz,1947-48,31,BLB,48,,,,,2.9,
Dick Schulz,1948-49,32,WSC,50,,,,,0.0,
Dick Schulz,1949-50,33,3TM,50,,,,,0.8,
Dick Schulz,1949-50,33,WSC,13,,,,,0.2,
Dick Schulz,1949-50,33,TRI,8,,,,,0.1,
Dick Schulz,1949-50,33,SHE,29,,,,,0.4,
Roger Schurig,1967-68,25,HSM,21,252,7.6,,,0.3,.064
John Schweitz,1982-83,,Did not play - other pro league,,,,,,,
John Schweitz,1983-84,,Did not play - other pro league,,,,,,,
John Schweitz,1984-85,24,SEA,19,110,5.8,-10.7,-0.2,-0.4,-0.191
John Schweitz,1985-86,,Did not play - other pro league,,,,,,,
John Schweitz,1986-87,26,DET,3,7,-20.3,-27.2,0.0,-0.1,-0.463
Luis Scola,1999-00,,Did not play - other pro league,,,,,,,
Luis Scola,2000-01,,Did not play - other pro league,,,,,,,
Luis Scola,2001-02,,Did not play - other pro league,,,,,,,
Luis Scola,2002-03,,Did not play - other pro league,,,,,,,
Luis Scola,2003-04,,Did not play - other pro league,,,,,,,
Luis Scola,2004-05,,Did not play - other pro league,,,,,,,
Luis Scola,2005-06,,Did not play - other pro league,,,,,,,
Luis Scola,2006-07,,Did not play - other pro league,,,,,,,
Luis Scola,2007-08,27,HOU,82,2024,16.1,0.0,1.0,6.5,.154
Luis Scola,2008-09,28,HOU,82,2488,17.0,0.5,1.6,8.6,.165
Luis Scola,2009-10,29,HOU,82,2671,17.2,-0.3,1.1,6.3,.114
Luis Scola,2010-11,30,HOU,74,2412,18.4,-0.4,1.0,5.5,.110
Luis Scola,2011-12,31,HOU,66,2067,15.4,-1.9,0.0,3.4,.080
Luis Scola,2012-13,32,PHO,82,2184,16.7,-0.5,0.8,4.4,.096
Luis Scola,2013-14,33,IND,82,1399,13.4,-2.5,-0.2,2.5,.084
Luis Scola,2014-15,34,IND,81,1659,16.8,-0.3,0.7,4.4,.126
Luis Scola,2015-16,35,TOR,76,1636,13.6,-1.1,0.4,3.3,.098
Luis Scola,2016-17,36,BRK,36,461,13.9,-2.9,-0.1,0.8,.082
Luis Scola,2017-18,,Did not play - other pro league,,,,,,,
Luis Scola,2018-19,,Did not play - other pro league,,,,,,,
Luis Scola,2019-20,,Did not play - other pro league,,,,,,,
Luis Scola,2020-21,,Did not play - other pro league,,,,,,,
Fred Scolari,1946-47,24,WSC,58,,,,,8.5,
Fred Scolari,1947-48,25,WSC,47,,,,,5.6,
Fred Scolari,1948-49,26,WSC,48,,,,,3.1,
Fred Scolari,1949-50,27,WSC,66,,,,,5.4,
Fred Scolari,1950-51,28,2TM,66,,,,,3.4,
Fred Scolari,1950-51,28,WSC,35,,,,,2.4,
Fred Scolari,1950-51,28,SYR,31,,,,,0.9,
Fred Scolari,1951-52,29,BLB,64,2242,16.2,,,4.5,.096
Fred Scolari,1952-53,30,2TM,62,2123,14.3,,,2.7,.060
Fred Scolari,1952-53,30,BLB,46,1618,14.6,,,1.5,.044
Fred Scolari,1952-53,30,FTW,16,505,13.2,,,1.2,.111
Fred Scolari,1953-54,31,FTW,64,1589,9.9,,,1.2,.035
Fred Scolari,1954-55,32,BOS,59,619,8.0,,,-0.7,-0.057
Alvin Scott,1977-78,22,PHO,81,1538,12.3,-0.5,0.6,4.0,.126
Alvin Scott,1978-79,23,PHO,81,1737,13.2,1.4,1.5,4.4,.121
Alvin Scott,1979-80,24,PHO,79,1303,9.9,-0.8,0.4,1.7,.062
Alvin Scott,1980-81,25,PHO,82,1423,13.4,2.3,1.6,4.3,.144
Alvin Scott,1981-82,26,PHO,81,1740,11.7,0.7,1.2,3.8,.106
Alvin Scott,1982-83,27,PHO,81,1139,11.8,0.6,0.8,2.9,.121
Alvin Scott,1983-84,28,PHO,65,735,7.6,-2.2,0.0,0.8,.049
Alvin Scott,1984-85,29,PHO,77,1238,8.0,-2.0,0.0,1.2,.045
Brent Scott,1996-97,25,IND,16,55,7.0,-6.4,-0.1,0.0,.019
Byron Scott,1983-84,22,LAL,74,1637,13.4,-1.5,0.2,2.7,.079
Byron Scott,1984-85,23,LAL,81,2305,16.8,0.9,1.7,6.9,.143
Byron Scott,1985-86,24,LAL,76,2190,15.0,-0.3,0.9,5.2,.113
Byron Scott,1986-87,25,LAL,82,2729,16.0,1.1,2.1,7.7,.136
Byron Scott,1987-88,26,LAL,81,3048,19.2,3.4,4.2,10.7,.168
Byron Scott,1988-89,27,LAL,74,2605,16.6,1.0,1.9,6.8,.125
Byron Scott,1989-90,28,LAL,77,2593,14.3,0.6,1.7,6.0,.111
Byron Scott,1990-91,29,LAL,82,2630,14.2,0.9,2.0,6.6,.120
Byron Scott,1991-92,30,LAL,82,2679,15.5,1.0,2.0,6.0,.107
Byron Scott,1992-93,31,LAL,58,1677,14.4,-0.7,0.5,3.3,.094
Byron Scott,1993-94,32,IND,67,1197,17.6,1.5,1.1,3.1,.123
Byron Scott,1994-95,33,IND,80,1528,15.8,1.4,1.3,3.9,.124
Byron Scott,1995-96,34,VAN,80,1894,13.0,-1.3,0.3,2.3,.059
Byron Scott,1996-97,35,LAL,79,1440,13.5,1.0,1.1,4.1,.137
Byron Scott,1997-98,,Did not play - other pro league,,,,,,,
Charlie Scott,1970-71,22,VIR,84,3185,18.8,,,7.2,.109
Charlie Scott,1971-72,23,2TM,79,3238,20.8,,,7.4,.110
Charlie Scott,1971-72,23,VIR,73,3061,21.1,,,7.2,.114
Charlie Scott,1971-72,23,PHO,6,177,16.4,,,0.2,.054
Charlie Scott,1972-73,24,PHO,81,3062,19.0,,,6.5,.101
Charlie Scott,1973-74,25,PHO,52,2003,18.8,0.8,1.4,3.9,.093
Charlie Scott,1974-75,26,PHO,69,2592,17.7,0.0,1.3,4.7,.086
Charlie Scott,1975-76,27,BOS,82,2913,14.5,-0.3,1.3,6.4,.106
Charlie Scott,1976-77,28,BOS,43,1581,14.1,-0.4,0.6,2.5,.075
Charlie Scott,1977-78,29,2TM,79,2473,12.3,-1.9,0.1,2.4,.046
Charlie Scott,1977-78,29,BOS,31,1080,12.3,-2.0,0.0,0.8,.037
Charlie Scott,1977-78,29,LAL,48,1393,12.3,-1.8,0.1,1.6,.053
Charlie Scott,1978-79,30,DEN,79,2617,9.8,-3.1,-0.7,1.9,.035
Charlie Scott,1979-80,31,DEN,69,1860,7.4,-6.0,-1.9,-1.4,-0.037
Dennis Scott,1990-91,22,ORL,82,2336,13.0,-1.5,0.3,2.6,.054
Dennis Scott,1991-92,23,ORL,18,608,14.4,-0.4,0.2,0.7,.059
Dennis Scott,1992-93,24,ORL,54,1759,13.2,0.5,1.1,2.8,.076
Dennis Scott,1993-94,25,ORL,82,2283,14.1,0.8,1.6,5.0,.104
Dennis Scott,1994-95,26,ORL,62,1499,16.3,2.5,1.7,4.6,.147
Dennis Scott,1995-96,27,ORL,82,3041,16.1,2.3,3.3,8.8,.138
Dennis Scott,1996-97,28,ORL,66,2166,12.4,0.0,1.1,3.8,.084
Dennis Scott,1997-98,29,2TM,81,2290,12.1,-1.1,0.5,2.4,.050
Dennis Scott,1997-98,29,DAL,52,1797,12.2,-1.3,0.3,1.3,.036
Dennis Scott,1997-98,29,PHO,29,493,11.9,-0.6,0.2,1.0,.101
Dennis Scott,1998-99,30,2TM,36,738,10.1,-1.8,0.0,1.2,.080
Dennis Scott,1998-99,30,NYK,15,206,3.9,-4.3,-0.1,0.0,-0.006
Dennis Scott,1998-99,30,MIN,21,532,12.4,-0.8,0.2,1.3,.113
Dennis Scott,1999-00,31,VAN,66,1263,9.4,-2.2,-0.1,1.5,.057
James Scott,1996-97,24,MIA,8,32,-4.1,-13.1,-0.1,-0.1,-0.187
Mike Scott,2012-13,24,ATL,40,376,16.3,-3.5,-0.1,0.9,.110
Mike Scott,2013-14,25,ATL,80,1482,15.3,-1.6,0.1,2.6,.084
Mike Scott,2014-15,26,ATL,68,1123,15.1,-0.5,0.4,2.7,.115
Mike Scott,2015-16,27,ATL,75,1146,14.0,-0.1,0.6,3.2,.132
Mike Scott,2016-17,28,ATL,18,195,5.9,-5.5,-0.2,-0.1,-0.014
Mike Scott,2017-18,29,WAS,76,1406,13.6,-1.7,0.1,2.5,.085
Mike Scott,2018-19,30,2TM,79,1395,8.6,-2.5,-0.2,1.6,.053
Mike Scott,2018-19,30,LAC,52,748,9.4,-1.5,0.1,0.9,.055
Mike Scott,2018-19,30,PHI,27,647,7.7,-3.7,-0.3,0.7,.052
Mike Scott,2019-20,31,PHI,68,1207,11.2,-1.8,0.1,2.5,.100
Mike Scott,2020-21,32,PHI,51,852,6.8,-2.8,-0.2,1.0,.058
Ray Scott,1961-62,23,DET,75,2087,15.6,,,2.5,.057
Ray Scott,1962-63,24,DET,76,2538,15.1,,,3.5,.066
Ray Scott,1963-64,25,DET,80,2964,16.9,,,3.4,.055
Ray Scott,1964-65,26,DET,66,2167,15.0,,,1.3,.029
Ray Scott,1965-66,27,DET,79,2652,17.1,,,5.3,.096
Ray Scott,1966-67,28,2TM,72,2446,14.6,,,2.4,.047
Ray Scott,1966-67,28,DET,45,1477,12.7,,,0.8,.024
Ray Scott,1966-67,28,BAL,27,969,17.5,,,1.6,.080
Ray Scott,1967-68,29,BAL,81,2924,16.0,,,5.5,.090
Ray Scott,1968-69,30,BAL,82,2168,14.9,,,4.5,.099
Ray Scott,1969-70,31,BAL,73,1393,15.1,,,2.5,.086
Ray Scott,1970-71,32,VIR,72,1552,19.6,,,3.0,.093
Ray Scott,1971-72,33,VIR,55,818,14.9,,,0.9,.052
Shawnelle Scott,1994-95,,Did not play - other pro league,,,,,,,
Shawnelle Scott,1995-96,,Did not play - other pro league,,,,,,,
Shawnelle Scott,1996-97,24,CLE,16,50,18.7,0.3,0.0,0.2,.170
Shawnelle Scott,1997-98,25,CLE,41,188,10.6,-2.5,0.0,0.5,.132
Shawnelle Scott,1998-99,,Did not play - other pro league,,,,,,,
Shawnelle Scott,1999-00,,Did not play - other pro league,,,,,,,
Shawnelle Scott,2000-01,28,SAS,27,144,12.0,-5.1,-0.1,0.2,.071
Shawnelle Scott,2001-02,29,DEN,21,252,14.5,-4.9,-0.2,0.4,.083
Tre Scott,2021-22,25,CLE,2,11,20.4,-3.0,0.0,0.0,.138
Willie Scott,1969-70,22,DLC,8,51,-7.1,,,-0.1,-0.065
Paul Scranton,1967-68,23,ANA,5,41,10.6,,,0.0,-0.001
Jay Scrubb,2020-21,20,LAC,4,84,6.3,-10.9,-0.2,-0.1,-0.072
Jay Scrubb,2021-22,21,LAC,18,121,9.3,-4.8,-0.1,0.0,.002
Jay Scrubb,2022-23,22,ORL,2,30,14.2,-1.9,0.0,0.1,.083
Jay Scrubb,2023-24,,Did not play - injury,,,,,,,
Carey Scurry,1985-86,23,UTA,78,1168,11.9,-0.2,0.5,1.8,.072
Carey Scurry,1986-87,24,UTA,69,753,18.3,3.9,1.1,2.6,.168
Carey Scurry,1987-88,25,2TM,33,455,12.9,2.8,0.6,0.9,.095
Carey Scurry,1987-88,25,UTA,29,447,12.8,2.7,0.5,0.9,.097
Carey Scurry,1987-88,25,NYK,4,8,14.8,6.3,0.0,0.0,.009
Dereon Seabron,2022-23,22,NOP,5,12,4.6,-11.3,0.0,0.0,-0.034
Dereon Seabron,2023-24,23,NOP,6,55,9.2,-1.5,0.0,0.1,.087
Bruce Seals,1973-74,20,UTS,78,1358,11.2,-4.2,-0.8,0.3,.010
Bruce Seals,1974-75,21,UTS,35,371,12.3,-2.4,0.0,0.6,.071
Bruce Seals,1975-76,22,SEA,81,2435,11.5,-2.9,-0.5,2.9,.057
Bruce Seals,1976-77,23,SEA,81,1977,12.3,-2.7,-0.3,2.4,.059
Bruce Seals,1977-78,24,SEA,73,1322,10.3,-3.0,-0.3,1.6,.059
Shea Seals,1997-98,22,LAL,4,9,4.9,-17.5,0.0,-0.1,-0.270
Malik Sealy,1992-93,22,IND,58,672,12.7,-2.8,-0.1,0.2,.014
Malik Sealy,1993-94,23,IND,43,623,12.1,-3.1,-0.2,0.6,.043
Malik Sealy,1994-95,24,LAC,60,1604,14.7,-1.2,0.3,2.1,.062
Malik Sealy,1995-96,25,LAC,62,1601,13.8,-1.9,0.1,1.2,.036
Malik Sealy,1996-97,26,LAC,80,2456,13.7,-0.8,0.7,3.2,.063
Malik Sealy,1997-98,27,DET,77,1641,12.8,-0.6,0.6,3.2,.093
Malik Sealy,1998-99,28,MIN,31,731,11.1,-2.6,-0.1,1.1,.074
Malik Sealy,1999-00,29,MIN,82,2392,14.4,-0.3,1.0,5.5,.111
Ed Searcy,1974-75,,Did not play - waived,,,,,,,
Ed Searcy,1975-76,23,BOS,4,12,5.6,-5.0,0.0,0.0,-0.086
Kenny Sears,1955-56,22,NYK,70,2069,17.9,,,6.2,.144
Kenny Sears,1956-57,23,NYK,72,2516,16.7,,,8.0,.153
Kenny Sears,1957-58,24,NYK,72,2685,18.5,,,10.0,.179
Kenny Sears,1958-59,25,NYK,71,2498,22.6,,,13.3,.256
Kenny Sears,1959-60,26,NYK,64,2099,21.8,,,8.8,.201
Kenny Sears,1960-61,27,NYK,52,1396,16.1,,,4.0,.138
Kenny Sears,1961-62,,Did not play - other pro league,,,,,,,
Kenny Sears,1962-63,29,2TM,77,1141,13.8,,,3.7,.155
Kenny Sears,1962-63,29,NYK,23,359,13.3,,,0.8,.104
Kenny Sears,1962-63,29,SFW,54,782,14.1,,,2.9,.178
Kenny Sears,1963-64,30,SFW,51,519,12.1,,,1.8,.165
Wayne See,1949-50,26,WAT,61,,,,,1.6,
Thabo Sefolosha,2006-07,22,CHI,71,868,8.5,-2.6,-0.1,0.8,.047
Thabo Sefolosha,2007-08,23,CHI,69,1436,11.4,-1.0,0.4,1.5,.050
Thabo Sefolosha,2008-09,24,2TM,66,1453,12.1,0.8,1.0,2.2,.074
Thabo Sefolosha,2008-09,24,CHI,43,735,11.7,0.5,0.5,1.0,.067
Thabo Sefolosha,2008-09,24,OKC,23,718,12.5,1.2,0.6,1.2,.081
Thabo Sefolosha,2009-10,25,OKC,82,2348,9.8,0.1,1.3,4.0,.082
Thabo Sefolosha,2010-11,26,OKC,79,2049,10.4,0.6,1.3,4.1,.097
Thabo Sefolosha,2011-12,27,OKC,42,914,9.8,0.4,0.6,1.8,.095
Thabo Sefolosha,2012-13,28,OKC,81,2229,12.8,2.4,2.5,6.8,.146
Thabo Sefolosha,2013-14,29,OKC,61,1584,10.4,0.3,0.9,3.0,.092
Thabo Sefolosha,2014-15,30,ATL,52,976,13.8,1.0,0.8,2.5,.121
Thabo Sefolosha,2015-16,31,ATL,75,1758,12.4,0.8,1.3,4.5,.122
Thabo Sefolosha,2016-17,32,ATL,62,1596,11.9,0.4,1.0,3.3,.098
Thabo Sefolosha,2017-18,33,UTA,38,806,15.8,2.7,0.9,2.6,.156
Thabo Sefolosha,2018-19,34,UTA,50,609,12.1,1.5,0.5,1.5,.115
Thabo Sefolosha,2019-20,35,HOU,41,436,9.4,-1.2,0.1,0.7,.072
Rony Seikaly,1988-89,23,MIA,78,1962,10.8,-5.8,-1.9,-0.5,-0.012
Rony Seikaly,1989-90,24,MIA,74,2409,15.9,-1.7,0.2,3.2,.063
Rony Seikaly,1990-91,25,MIA,64,2171,15.2,-1.7,0.1,3.0,.067
Rony Seikaly,1991-92,26,MIA,79,2800,16.6,-1.3,0.5,6.2,.106
Rony Seikaly,1992-93,27,MIA,72,2456,18.0,-0.3,1.0,6.5,.127
Rony Seikaly,1993-94,28,MIA,72,2410,17.1,-0.2,1.1,6.7,.133
Rony Seikaly,1994-95,29,GSW,36,1035,12.7,-3.0,-0.2,0.7,.032
Rony Seikaly,1995-96,30,GSW,64,1813,14.2,-3.4,-0.7,2.3,.061
Rony Seikaly,1996-97,31,ORL,74,2615,18.3,-1.1,0.6,6.8,.125
Rony Seikaly,1997-98,32,2TM,56,1636,15.0,-1.9,0.1,2.7,.080
Rony Seikaly,1997-98,32,ORL,47,1484,15.8,-1.5,0.2,2.8,.090
Rony Seikaly,1997-98,32,NJN,9,152,6.8,-6.1,-0.2,-0.1,-0.019
Rony Seikaly,1998-99,33,NJN,9,88,0.5,-11.3,-0.2,-0.3,-0.177
Rony Seikaly,1999-00,,Did not play - other pro league,,,,,,,
Glen Selbo,1947-48,,Did not play - other pro league,,,,,,,
Glen Selbo,1948-49,,Did not play - other pro league,,,,,,,
Glen Selbo,1949-50,23,SHE,13,,,,,-0.2,
Josh Selby,2011-12,20,MEM,28,237,3.3,-8.8,-0.4,-0.5,-0.105
Josh Selby,2012-13,21,MEM,10,59,0.1,-12.4,-0.2,-0.2,-0.143
Wayne Selden,2016-17,22,2TM,14,236,6.9,-5.5,-0.2,0.1,.016
Wayne Selden,2016-17,22,NOP,3,47,10.0,-1.8,0.0,0.1,.089
Wayne Selden,2016-17,22,MEM,11,189,6.2,-6.5,-0.2,0.0,-0.002
Wayne Selden,2017-18,23,MEM,35,692,11.8,-3.1,-0.2,0.3,.023
Wayne Selden,2018-19,24,2TM,75,1439,8.3,-5.4,-1.2,-0.3,-0.009
Wayne Selden,2018-19,24,MEM,32,455,8.8,-4.4,-0.3,0.1,.014
Wayne Selden,2018-19,24,CHI,43,984,8.1,-5.9,-1.0,-0.4,-0.019
Wayne Selden,2019-20,,Did not play - other pro league,,,,,,,
Wayne Selden,2020-21,,Did not play - other pro league,,,,,,,
Wayne Selden,2021-22,27,NYK,3,19,4.3,-5.9,0.0,0.0,.016
Brad Sellers,1986-87,24,CHI,80,1751,13.4,-1.9,0.1,3.3,.091
Brad Sellers,1987-88,25,CHI,82,2212,10.7,-2.0,0.0,3.3,.071
Brad Sellers,1988-89,26,CHI,80,1732,10.6,-1.7,0.1,2.6,.073
Brad Sellers,1989-90,27,2TM,59,700,9.2,-3.9,-0.3,0.2,.011
Brad Sellers,1989-90,27,SEA,45,587,9.9,-2.7,-0.1,0.5,.038
Brad Sellers,1989-90,27,MIN,14,113,6.0,-10.0,-0.2,-0.3,-0.127
Brad Sellers,1990-91,,Did not play - other pro league,,,,,,,
Brad Sellers,1991-92,29,DET,43,226,13.7,-1.6,0.0,0.4,.084
Brad Sellers,1992-93,30,MIN,54,533,8.4,-4.2,-0.3,0.0,.004
Brad Sellers,1993-94,,Did not play - other pro league,,,,,,,
Brad Sellers,1994-95,,Did not play - other pro league,,,,,,,
Brad Sellers,1995-96,,Did not play - other pro league,,,,,,,
Brad Sellers,1996-97,,Did not play - other pro league,,,,,,,
Brad Sellers,1997-98,,Did not play - other pro league,,,,,,,
Brad Sellers,1998-99,,Did not play - other pro league,,,,,,,
Phil Sellers,1976-77,23,DET,44,329,14.0,-5.0,-0.3,0.0,-0.007
Rollie Seltz,1949-50,26,AND,34,,,,,1.8,
Les Selvage,1967-68,24,ANA,78,2432,10.6,,,2.4,.047
Les Selvage,1968-69,,Did not play - waived,,,,,,,
Les Selvage,1969-70,26,LAS,4,17,7.6,,,-0.1,-0.305
Frank Selvy,1954-55,22,2TM,71,2668,17.4,,,5.9,.106
Frank Selvy,1954-55,22,BLB,11,432,,,,,
Frank Selvy,1954-55,22,MLH,60,2236,17.4,,,5.9,.127
Frank Selvy,1955-56,23,STL,17,444,12.0,,,0.6,.064
Frank Selvy,1956-57,,Did not play - military service,,,,,,,
Frank Selvy,1957-58,25,2TM,38,426,7.0,,,-0.6,-0.068
Frank Selvy,1957-58,25,STL,26,195,4.9,,,-0.6,-0.143
Frank Selvy,1957-58,25,MNL,12,231,8.8,,,0.0,-0.006
Frank Selvy,1958-59,26,NYK,68,1448,13.8,,,2.4,.079
Frank Selvy,1959-60,27,2TM,62,1308,12.4,,,2.3,.084
Frank Selvy,1959-60,27,SYR,19,217,14.4,,,0.4,.085
Frank Selvy,1959-60,27,MNL,43,1091,12.0,,,1.9,.083
Frank Selvy,1960-61,28,LAL,77,2153,11.8,,,4.1,.092
Frank Selvy,1961-62,29,LAL,79,2806,13.2,,,5.5,.094
Frank Selvy,1962-63,30,LAL,80,2369,11.5,,,3.6,.074
Frank Selvy,1963-64,31,LAL,73,1286,9.0,,,0.0,.000
Jim Seminoff,1946-47,24,CHS,60,,,,,4.5,
Jim Seminoff,1947-48,25,CHS,48,,,,,3.4,
Jim Seminoff,1948-49,26,BOS,58,,,,,5.4,
Jim Seminoff,1949-50,27,BOS,65,,,,,3.6,
Mouhamed Sene,2006-07,20,SEA,28,169,8.5,-8.1,-0.3,0.0,-0.011
Mouhamed Sene,2007-08,21,SEA,13,62,18.2,-3.2,0.0,0.2,.121
Mouhamed Sene,2008-09,22,2TM,6,29,32.9,8.5,0.1,0.2,.274
Mouhamed Sene,2008-09,22,OKC,5,23,33.2,8.9,0.1,0.1,.292
Mouhamed Sene,2008-09,22,NYK,1,6,32.0,7.0,0.0,0.0,.207
George Senesky,1946-47,24,PHW,58,,,,,2.3,
George Senesky,1947-48,25,PHW,47,,,,,3.6,
George Senesky,1948-49,26,PHW,60,,,,,2.0,
George Senesky,1949-50,27,PHW,68,,,,,4.4,
George Senesky,1950-51,28,PHW,65,,,,,6.2,
George Senesky,1951-52,29,PHW,57,1925,13.4,,,2.6,.066
George Senesky,1952-53,30,PHW,69,2336,9.0,,,0.3,.006
George Senesky,1953-54,31,PHW,58,771,7.4,,,0.5,.032
Alperen Şengün,2021-22,19,HOU,72,1489,16.0,-1.0,0.4,2.1,.068
Alperen Şengün,2022-23,20,HOU,75,2171,19.7,1.4,1.9,5.2,.115
Alperen Şengün,2023-24,21,HOU,63,2046,22.0,4.9,3.5,6.9,.163
Alperen Şengün,2024-25,22,HOU,76,2395,21.4,4.4,3.9,8.3,.166
Brice Sensabaugh,2023-24,20,UTA,32,584,8.6,-5.5,-0.5,-0.3,-0.024
Brice Sensabaugh,2024-25,21,UTA,71,1432,13.4,-1.2,0.3,1.2,.042
Kevin Séraphin,2010-11,21,WAS,58,635,8.4,-6.9,-0.8,0.2,.017
Kevin Séraphin,2011-12,22,WAS,57,1176,15.8,-1.7,0.1,2.3,.094
Kevin Séraphin,2012-13,23,WAS,79,1721,10.3,-5.5,-1.5,0.1,.004
Kevin Séraphin,2013-14,24,WAS,53,578,12.5,-5.2,-0.5,0.8,.066
Kevin Séraphin,2014-15,25,WAS,79,1235,12.5,-3.8,-0.6,1.7,.066
Kevin Séraphin,2015-16,26,NYK,48,526,10.8,-3.8,-0.2,-0.2,-0.015
Kevin Séraphin,2016-17,27,IND,49,559,14.4,-3.4,-0.2,1.0,.082
Ansu Sesay,1998-99,,Did not play - injury,,,,,,,
Ansu Sesay,1999-00,,Did not play - other pro league,,,,,,,
Ansu Sesay,2000-01,,Did not play - other pro league,,,,,,,
Ansu Sesay,2001-02,25,SEA,9,142,15.5,-1.8,0.0,0.5,.156
Ansu Sesay,2002-03,26,SEA,45,448,6.1,-5.7,-0.4,-0.1,-0.007
Ansu Sesay,2003-04,27,SEA,57,583,13.0,-2.5,-0.1,0.8,.065
Ansu Sesay,2004-05,28,GSW,16,128,14.8,0.1,0.1,0.2,.077
Ramon Sessions,2007-08,21,MIL,17,450,16.2,-1.0,0.1,0.7,.077
Ramon Sessions,2008-09,22,MIL,79,2173,17.6,1.6,1.9,5.6,.123
Ramon Sessions,2009-10,23,MIN,82,1732,12.9,-3.0,-0.4,1.1,.031
Ramon Sessions,2010-11,24,CLE,81,2133,19.0,0.3,1.3,4.4,.099
Ramon Sessions,2011-12,25,2TM,64,1707,16.7,-0.4,0.7,3.7,.104
Ramon Sessions,2011-12,25,CLE,41,1006,16.4,-0.6,0.4,1.8,.085
Ramon Sessions,2011-12,25,LAL,23,701,17.3,-0.1,0.3,1.9,.131
Ramon Sessions,2012-13,26,CHA,61,1652,17.7,-0.4,0.7,2.9,.084
Ramon Sessions,2013-14,27,2TM,83,2214,16.0,-0.8,0.7,4.3,.094
Ramon Sessions,2013-14,27,CHA,55,1305,14.6,-1.3,0.2,2.0,.075
Ramon Sessions,2013-14,27,MIL,28,909,18.0,-0.1,0.4,2.3,.121
Ramon Sessions,2014-15,28,2TM,64,1188,11.1,-2.7,-0.2,1.1,.044
Ramon Sessions,2014-15,28,SAC,36,642,8.1,-5.1,-0.5,-0.3,-0.025
Ramon Sessions,2014-15,28,WAS,28,546,14.7,0.1,0.3,1.4,.125
Ramon Sessions,2015-16,29,WAS,82,1667,15.9,-0.3,0.7,3.8,.109
Ramon Sessions,2016-17,30,CHO,50,811,12.4,-2.4,-0.1,0.9,.055
Ramon Sessions,2017-18,31,2TM,28,392,11.2,-3.2,-0.1,0.3,.039
Ramon Sessions,2017-18,31,NYK,13,167,6.2,-5.4,-0.1,-0.2,-0.065
Ramon Sessions,2017-18,31,WAS,15,225,14.9,-1.6,0.0,0.5,.116
Ha Seung-Jin,2004-05,19,POR,19,104,2.5,-12.2,-0.3,-0.2,-0.094
Ha Seung-Jin,2005-06,20,POR,27,212,6.9,-7.1,-0.3,0.0,.003
Tom Sewell,1984-85,22,WSB,21,87,-2.7,-12.7,-0.2,-0.4,-0.201
Collin Sexton,2018-19,20,CLE,82,2605,12.0,-4.7,-1.8,-0.6,-0.011
Collin Sexton,2019-20,21,CLE,65,2143,16.3,-1.8,0.1,2.5,.057
Collin Sexton,2020-21,22,CLE,60,2115,18.0,-0.2,1.0,3.5,.080
Collin Sexton,2021-22,23,CLE,11,316,11.2,-4.1,-0.2,-0.1,-0.009
Collin Sexton,2022-23,24,UTA,48,1145,15.9,-1.3,0.2,2.5,.105
Collin Sexton,2023-24,25,UTA,78,2075,19.9,1.9,2.0,5.5,.127
Collin Sexton,2024-25,26,UTA,63,1758,16.6,-0.6,0.6,2.4,.066
Paul Seymour,1947-48,20,BLB,22,,,,,0.4,
Paul Seymour,1948-49,,Did not play - other pro league,,,,,,,
Paul Seymour,1949-50,22,SYR,62,,,,,3.8,
Paul Seymour,1950-51,23,SYR,51,,,,,1.8,
Paul Seymour,1951-52,24,SYR,66,2209,11.0,,,3.2,.069
Paul Seymour,1952-53,25,SYR,67,2684,16.0,,,8.7,.155
Paul Seymour,1953-54,26,SYR,71,2727,16.4,,,9.3,.164
Paul Seymour,1954-55,27,SYR,72,2950,15.5,,,6.7,.108
Paul Seymour,1955-56,28,SYR,57,1826,12.1,,,2.3,.059
Paul Seymour,1956-57,29,SYR,65,1235,11.4,,,0.8,.033
Paul Seymour,1957-58,30,SYR,64,763,9.9,,,0.5,.028
Paul Seymour,1958-59,31,SYR,21,266,11.0,,,0.3,.046
Paul Seymour,1959-60,32,SYR,4,7,-17.1,,,-0.1,-0.596
Nick Shaback,1946-47,28,CLR,53,,,,,0.3,
Lynn Shackelford,1969-70,22,MMF,22,183,4.7,,,-0.3,-0.066
Charles Shackleford,1988-89,22,NJN,60,484,13.9,-2.9,-0.1,0.8,.076
Charles Shackleford,1989-90,23,NJN,70,1557,12.3,-3.6,-0.6,1.5,.046
Charles Shackleford,1990-91,,Did not play - other pro league,,,,,,,
Charles Shackleford,1991-92,25,PHI,72,1399,13.4,-2.7,-0.2,2.7,.093
Charles Shackleford,1992-93,26,PHI,48,568,13.1,-3.3,-0.2,0.9,.073
Charles Shackleford,1993-94,,Did not play - other pro league,,,,,,,
Charles Shackleford,1994-95,28,MIN,21,239,16.6,-0.4,0.1,0.8,.160
Charles Shackleford,1995-96,,Did not play - other pro league,,,,,,,
Charles Shackleford,1996-97,,Did not play - other pro league,,,,,,,
Charles Shackleford,1997-98,,Did not play - other pro league,,,,,,,
Charles Shackleford,1998-99,32,CHH,32,367,12.1,-3.4,-0.1,0.7,.086
Carl Shaeffer,1949-50,25,INO,43,,,,,0.8,
Carl Shaeffer,1950-51,26,INO,10,,,,,-0.1,
Lee Shaffer,1960-61,,Did not play - other pro league,,,,,,,
Lee Shaffer,1961-62,22,SYR,75,2083,15.6,,,5.0,.115
Lee Shaffer,1962-63,23,SYR,80,2392,15.3,,,3.8,.077
Lee Shaffer,1963-64,24,PHI,41,1013,11.1,,,-0.6,-0.030
Lee Shaffer,1964-65,,Did not play - contract dispute,,,,,,,
Mustafa Shakur,2010-11,26,WAS,22,159,6.8,-6.6,-0.2,-0.4,-0.112
Mustafa Shakur,2011-12,,Did not play - other pro league,,,,,,,
Mustafa Shakur,2012-13,,Did not play - other pro league,,,,,,,
Mustafa Shakur,2013-14,29,OKC,3,11,-8.8,-18.6,0.0,-0.1,-0.347
Landry Shamet,2018-19,21,2TM,79,1802,11.0,-1.6,0.2,3.6,.095
Landry Shamet,2018-19,21,PHI,54,1108,10.7,-1.9,0.0,2.2,.096
Landry Shamet,2018-19,21,LAC,25,694,11.3,-1.2,0.1,1.4,.094
Landry Shamet,2019-20,22,LAC,53,1452,8.5,-2.1,0.0,2.6,.086
Landry Shamet,2020-21,23,BRK,61,1403,10.3,-2.4,-0.2,1.8,.063
Landry Shamet,2021-22,24,PHO,69,1437,10.2,-1.2,0.3,2.6,.085
Landry Shamet,2022-23,25,PHO,40,807,10.9,-1.4,0.1,1.2,.071
Landry Shamet,2023-24,26,WAS,46,726,10.5,-4.0,-0.4,0.3,.022
Landry Shamet,2024-25,27,NYK,50,762,9.7,-2.4,-0.1,1.0,.065
God Shammgod,1997-98,21,WAS,20,146,9.2,-6.2,-0.2,-0.1,-0.049
Earl Shannon,1946-47,25,PRO,57,,,,,7.0,
Earl Shannon,1947-48,26,PRO,45,,,,,0.6,
Earl Shannon,1948-49,27,2TM,32,,,,,0.0,
Earl Shannon,1948-49,27,PRO,27,,,,,0.1,
Earl Shannon,1948-49,27,BOS,5,,,,,-0.1,
Howie Shannon,1948-49,25,PRO,55,,,,,3.4,
Howie Shannon,1949-50,26,BOS,67,,,,,2.9,
Terrence Shannon Jr.,2024-25,24,MIN,32,339,11.9,-2.1,0.0,0.6,.091
Chuck Share,1950-51,,Did not play - other pro league,,,,,,,
Chuck Share,1951-52,24,FTW,63,882,16.0,,,1.3,.070
Chuck Share,1952-53,25,FTW,67,1044,19.1,,,4.0,.186
Chuck Share,1953-54,26,2TM,68,1576,20.2,,,4.7,.143
Chuck Share,1953-54,26,FTW,21,155,14.0,,,0.1,.039
Chuck Share,1953-54,26,MLH,47,1421,20.9,,,4.6,.155
Chuck Share,1954-55,27,MLH,69,1685,22.5,,,8.1,.232
Chuck Share,1955-56,28,STL,72,1975,20.6,,,8.6,.210
Chuck Share,1956-57,29,STL,72,1673,19.0,,,6.7,.193
Chuck Share,1957-58,30,STL,72,1824,14.7,,,4.2,.110
Chuck Share,1958-59,31,STL,72,1713,12.1,,,3.3,.091
Chuck Share,1959-60,32,2TM,41,651,10.1,,,1.0,.077
Chuck Share,1959-60,32,STL,38,633,9.9,,,0.9,.070
Chuck Share,1959-60,32,MNL,3,18,19.4,,,0.1,.315
Bill Sharman,1950-51,24,WSC,31,,,,,1.8,
Bill Sharman,1951-52,25,BOS,63,1389,17.8,,,4.3,.148
Bill Sharman,1952-53,26,BOS,71,2333,19.8,,,9.8,.201
Bill Sharman,1953-54,27,BOS,72,2467,18.8,,,10.4,.202
Bill Sharman,1954-55,28,BOS,68,2453,17.6,,,7.7,.150
Bill Sharman,1955-56,29,BOS,72,2698,17.7,,,8.8,.157
Bill Sharman,1956-57,30,BOS,67,2403,19.6,,,10.4,.207
Bill Sharman,1957-58,31,BOS,63,2214,18.8,,,8.7,.189
Bill Sharman,1958-59,32,BOS,72,2382,16.8,,,7.6,.154
Bill Sharman,1959-60,33,BOS,71,1916,18.5,,,7.9,.198
Bill Sharman,1960-61,34,BOS,61,1538,17.0,,,5.4,.169
Day'Ron Sharpe,2021-22,20,BRK,32,391,20.7,-2.8,-0.1,1.2,.152
Day'Ron Sharpe,2022-23,21,BRK,48,552,17.8,-2.3,0.0,1.6,.139
Day'Ron Sharpe,2023-24,22,BRK,61,921,20.0,0.0,0.5,2.9,.152
Day'Ron Sharpe,2024-25,23,BRK,50,907,19.7,0.9,0.7,2.7,.141
Shaedon Sharpe,2022-23,19,POR,80,1779,11.5,-3.3,-0.6,1.2,.032
Shaedon Sharpe,2023-24,20,POR,32,1059,11.4,-2.8,-0.2,0.5,.022
Shaedon Sharpe,2024-25,21,POR,72,2252,14.5,-1.3,0.4,3.0,.064
Walter Sharpe,2008-09,22,DET,8,20,4.8,-10.1,0.0,-0.1,-0.131
John Shasky,1986-87,,Did not play - other pro league,,,,,,,
John Shasky,1987-88,,Did not play - other pro league,,,,,,,
John Shasky,1988-89,24,MIA,65,944,12.7,-2.4,-0.1,1.9,.097
John Shasky,1989-90,25,GSW,14,51,2.5,-11.5,-0.1,-0.1,-0.084
John Shasky,1990-91,26,DAL,57,510,11.1,-4.4,-0.3,0.7,.063
Ron Shavlik,1956-57,23,NYK,7,72,-0.9,,,-0.3,-0.180
Ron Shavlik,1957-58,24,NYK,1,2,-6.6,,,0.0,-0.519
Brian Shaw,1988-89,22,BOS,82,2301,12.2,-0.7,0.8,2.2,.046
Brian Shaw,1989-90,,Did not play - other pro league,,,,,,,
Brian Shaw,1990-91,24,BOS,79,2772,15.5,1.1,2.2,5.9,.102
Brian Shaw,1991-92,25,2TM,63,1423,12.3,-1.2,0.3,1.0,.034
Brian Shaw,1991-92,25,BOS,17,436,15.0,0.9,0.3,0.7,.078
Brian Shaw,1991-92,25,MIA,46,987,11.1,-2.2,-0.1,0.3,.014
Brian Shaw,1992-93,26,MIA,68,1603,11.3,-0.9,0.4,1.8,.054
Brian Shaw,1993-94,27,MIA,77,2037,13.4,0.8,1.4,3.2,.076
Brian Shaw,1994-95,28,ORL,78,1836,10.4,-2.3,-0.1,1.3,.035
Brian Shaw,1995-96,29,ORL,75,1679,10.2,-3.1,-0.4,0.6,.018
Brian Shaw,1996-97,30,ORL,77,1867,10.4,-2.2,-0.1,1.1,.029
Brian Shaw,1997-98,31,2TM,59,1530,9.1,-3.3,-0.5,0.1,.002
Brian Shaw,1997-98,31,GSW,39,1028,8.7,-3.7,-0.4,-0.3,-0.014
Brian Shaw,1997-98,31,PHI,20,502,10.0,-2.5,-0.1,0.4,.035
Brian Shaw,1998-99,32,POR,1,5,-11.7,-21.6,0.0,0.0,-0.358
Brian Shaw,1999-00,33,LAL,74,1249,10.9,-0.8,0.4,2.1,.082
Brian Shaw,2000-01,34,LAL,80,1833,10.9,-0.9,0.5,2.5,.067
Brian Shaw,2001-02,35,LAL,58,631,11.8,0.0,0.3,1.2,.089
Brian Shaw,2002-03,36,LAL,72,900,10.2,-1.2,0.2,0.6,.034
Casey Shaw,1998-99,23,PHI,9,14,-14.9,-29.8,-0.1,-0.1,-0.498
Marial Shayok,2019-20,24,PHI,4,28,1.4,-13.0,-0.1,-0.1,-0.130
Bob Shea,1946-47,22,PRO,43,,,,,-0.4,
Jamal Shead,2024-25,22,TOR,75,1467,9.9,-4.1,-0.8,0.8,.027
Fred Sheffield,1946-47,23,PHW,22,,,,,-0.5,
Craig Shelton,1980-81,23,ATL,55,586,8.8,-6.5,-0.7,0.0,-0.002
Craig Shelton,1981-82,24,ATL,4,21,5.8,-4.4,0.0,0.0,.034
Lonnie Shelton,1976-77,21,NYK,82,2104,16.7,0.4,1.3,4.6,.105
Lonnie Shelton,1977-78,22,NYK,82,2319,17.4,0.9,1.7,5.9,.122
Lonnie Shelton,1978-79,23,SEA,76,2158,14.9,0.0,1.1,5.1,.114
Lonnie Shelton,1979-80,24,SEA,76,2243,16.8,1.6,2.0,7.5,.161
Lonnie Shelton,1980-81,25,SEA,14,440,10.9,-3.0,-0.1,0.1,.016
Lonnie Shelton,1981-82,26,SEA,81,2667,14.2,-0.2,1.2,5.8,.105
Lonnie Shelton,1982-83,27,SEA,82,2572,12.7,-0.5,1.0,4.8,.090
Lonnie Shelton,1983-84,28,CLE,79,2101,12.6,-1.3,0.4,2.1,.048
Lonnie Shelton,1984-85,29,CLE,57,1244,9.0,-3.0,-0.3,0.9,.036
Lonnie Shelton,1985-86,30,CLE,44,682,8.5,-3.6,-0.3,0.5,.037
Tornike Shengelia,2012-13,21,BRK,19,93,8.5,-6.5,-0.1,0.0,-0.017
Tornike Shengelia,2013-14,22,2TM,26,154,3.9,-7.3,-0.2,-0.1,-0.040
Tornike Shengelia,2013-14,22,BRK,17,137,3.3,-7.9,-0.2,-0.2,-0.054
Tornike Shengelia,2013-14,22,CHI,9,17,9.0,-2.7,0.0,0.0,.073
Billy Shepherd,1972-73,23,VIR,16,68,-0.2,,,-0.3,-0.183
Billy Shepherd,1973-74,24,SDA,84,1738,11.4,-1.1,0.4,1.3,.035
Billy Shepherd,1974-75,25,MMS,69,1315,13.8,0.1,0.7,1.7,.064
Ben Sheppard,2023-24,22,IND,57,814,8.1,-3.4,-0.3,0.8,.046
Ben Sheppard,2024-25,23,IND,63,1228,9.2,-2.0,0.0,2.1,.081
Jeff Sheppard,1998-99,24,ATL,18,185,8.7,-1.7,0.0,0.3,.073
Reed Sheppard,2024-25,20,HOU,52,654,9.7,-1.7,0.1,0.8,.055
Steve Sheppard,1977-78,23,CHI,64,698,11.5,-2.8,-0.1,0.8,.054
Steve Sheppard,1978-79,24,2TM,42,279,9.2,-3.6,-0.1,0.1,.023
Steve Sheppard,1978-79,24,CHI,22,203,7.4,-3.9,-0.1,0.0,-0.007
Steve Sheppard,1978-79,24,DET,20,76,14.2,-2.9,0.0,0.2,.103
Ed Sherod,1981-82,,Did not play - other pro league,,,,,,,
Ed Sherod,1982-83,23,NYK,64,1624,11.4,0.8,1.1,2.5,.073
Charley Shipp,1949-50,36,WAT,23,,,,,-0.6,
Paul Shirley,2002-03,25,ATL,2,5,-28.0,-26.0,0.0,-0.1,-0.823
Paul Shirley,2003-04,26,CHI,7,86,4.6,-9.2,-0.2,-0.1,-0.083
Paul Shirley,2004-05,27,PHO,9,30,9.9,-6.2,0.0,0.0,.031
Gene Short,1975-76,22,2TM,34,222,9.8,-5.0,-0.2,-0.1,-0.025
Gene Short,1975-76,22,SEA,7,37,10.1,-4.0,0.0,0.1,.080
Gene Short,1975-76,22,NYK,27,185,9.7,-5.2,-0.2,-0.2,-0.046
Purvis Short,1978-79,21,GSW,75,1703,13.1,-2.3,-0.1,2.6,.074
Purvis Short,1979-80,22,GSW,62,1636,19.1,0.8,1.2,3.7,.109
Purvis Short,1980-81,23,GSW,79,2309,17.0,0.6,1.5,5.4,.111
Purvis Short,1981-82,24,GSW,76,1782,18.8,1.5,1.6,5.0,.135
Purvis Short,1982-83,25,GSW,67,2397,17.6,0.1,1.3,5.2,.103
Purvis Short,1983-84,26,GSW,79,2945,16.9,0.0,1.5,6.0,.098
Purvis Short,1984-85,27,GSW,78,3081,18.9,0.6,2.0,6.2,.097
Purvis Short,1985-86,28,GSW,64,2427,19.1,1.0,1.8,5.7,.113
Purvis Short,1986-87,29,GSW,34,950,18.6,0.7,0.7,2.2,.111
Purvis Short,1987-88,30,HOU,81,1949,15.8,-0.6,0.7,4.4,.108
Purvis Short,1988-89,31,HOU,65,1157,11.4,-1.9,0.0,1.4,.058
Purvis Short,1989-90,32,NJN,82,2213,13.4,-2.0,0.0,3.3,.071
Dexter Shouse,1988-89,,Did not play - other pro league,,,,,,,
Dexter Shouse,1989-90,26,PHI,3,18,-6.8,-12.0,0.0,-0.1,-0.281
Dick Shrider,1948-49,25,NYK,4,,,,,0.0,
Gene Shue,1954-55,23,2TM,62,947,10.4,,,0.4,.022
Gene Shue,1954-55,23,PHW,6,65,9.1,,,0.0,-0.025
Gene Shue,1954-55,23,NYK,56,882,10.5,,,0.5,.026
Gene Shue,1955-56,24,NYK,72,1750,13.0,,,2.4,.065
Gene Shue,1956-57,25,FTW,72,2470,13.9,,,4.6,.090
Gene Shue,1957-58,26,DET,63,2333,13.6,,,4.6,.095
Gene Shue,1958-59,27,DET,72,2745,14.6,,,5.6,.098
Gene Shue,1959-60,28,DET,75,3338,15.6,,,8.5,.122
Gene Shue,1960-61,29,DET,78,3361,15.9,,,7.6,.108
Gene Shue,1961-62,30,DET,80,3143,14.8,,,5.6,.086
Gene Shue,1962-63,31,NYK,78,2288,10.7,,,0.7,.015
Gene Shue,1963-64,32,BAL,47,963,6.0,,,-1.1,-0.057
John Shumate,1974-75,,Did not play - illness,,,,,,,
John Shumate,1975-76,23,2TM,75,1976,17.3,2.1,2.0,6.5,.158
John Shumate,1975-76,23,PHO,43,930,19.0,2.3,1.0,3.1,.158
John Shumate,1975-76,23,BUF,32,1046,15.8,1.9,1.0,3.4,.158
John Shumate,1976-77,24,BUF,74,2601,15.9,1.0,2.0,6.3,.117
John Shumate,1977-78,25,2TM,80,2760,16.0,1.1,2.1,7.7,.134
John Shumate,1977-78,25,BUF,18,590,14.2,0.3,0.3,1.3,.106
John Shumate,1977-78,25,DET,62,2170,16.5,1.3,1.8,6.4,.142
John Shumate,1978-79,,Did not play - injury,,,,,,,
John Shumate,1979-80,27,3TM,65,1337,16.0,0.5,0.9,3.5,.126
John Shumate,1979-80,27,DET,9,228,15.1,-0.6,0.1,0.5,.101
John Shumate,1979-80,27,HOU,29,332,11.7,-1.1,0.1,0.6,.081
John Shumate,1979-80,27,SAS,27,777,18.0,1.4,0.7,2.5,.152
John Shumate,1980-81,28,2TM,24,527,9.3,-2.6,-0.1,0.5,.045
John Shumate,1980-81,28,SAS,22,519,9.7,-2.6,-0.1,0.5,.050
John Shumate,1980-81,28,SEA,2,8,-11.5,-5.6,0.0,-0.1,-0.309
Iman Shumpert,2011-12,21,NYK,59,1705,10.8,-1.4,0.2,2.4,.068
Iman Shumpert,2012-13,22,NYK,45,996,11.7,-0.1,0.5,1.9,.094
Iman Shumpert,2013-14,23,NYK,74,1962,9.6,-2.0,0.0,2.0,.048
Iman Shumpert,2014-15,24,2TM,62,1545,11.4,-0.9,0.4,1.5,.047
Iman Shumpert,2014-15,24,NYK,24,625,11.9,-2.0,0.0,0.3,.020
Iman Shumpert,2014-15,24,CLE,38,920,11.1,-0.1,0.4,1.2,.065
Iman Shumpert,2015-16,25,CLE,54,1316,8.4,-1.5,0.1,1.7,.063
Iman Shumpert,2016-17,26,CLE,76,1937,9.0,-2.3,-0.1,2.0,.050
Iman Shumpert,2017-18,27,CLE,14,276,6.4,-3.3,-0.1,0.0,-0.006
Iman Shumpert,2018-19,28,2TM,62,1481,9.1,-1.9,0.0,1.4,.045
Iman Shumpert,2018-19,28,SAC,42,1099,10.1,-1.3,0.2,1.2,.054
Iman Shumpert,2018-19,28,HOU,20,382,6.3,-3.7,-0.2,0.2,.019
Iman Shumpert,2019-20,29,BRK,13,241,5.3,-5.5,-0.2,0.0,-0.005
Iman Shumpert,2020-21,30,BRK,2,11,-0.4,-12.6,0.0,0.0,-0.212
Alexey Shved,2012-13,24,MIN,77,1840,11.0,-1.7,0.1,0.8,.020
Alexey Shved,2013-14,25,MIN,63,664,10.2,-1.9,0.0,0.2,.017
Alexey Shved,2014-15,26,3TM,42,767,19.5,2.9,0.9,2.2,.135
Alexey Shved,2014-15,26,PHI,17,285,20.0,2.7,0.3,0.9,.160
Alexey Shved,2014-15,26,HOU,9,59,9.3,-6.7,-0.1,0.0,.013
Alexey Shved,2014-15,26,NYK,16,423,20.5,4.4,0.7,1.2,.135
Pascal Siakam,2016-17,22,TOR,55,859,11.5,-2.4,-0.1,1.6,.089
Pascal Siakam,2017-18,23,TOR,81,1679,14.5,1.3,1.4,4.7,.133
Pascal Siakam,2018-19,24,TOR,80,2548,18.7,2.4,2.8,9.3,.175
Pascal Siakam,2019-20,25,TOR,60,2110,17.9,1.8,2.0,5.4,.123
Pascal Siakam,2020-21,26,TOR,56,2006,17.7,0.8,1.4,4.2,.101
Pascal Siakam,2021-22,27,TOR,68,2578,20.3,3.5,3.6,8.1,.151
Pascal Siakam,2022-23,28,TOR,71,2652,20.3,3.1,3.4,7.8,.141
Pascal Siakam,2023-24,29,2TM,80,2657,19.7,1.9,2.7,6.9,.124
Pascal Siakam,2023-24,29,TOR,39,1354,18.8,1.4,1.2,3.0,.106
Pascal Siakam,2023-24,29,IND,41,1303,20.7,2.5,1.5,3.9,.143
Pascal Siakam,2024-25,30,IND,78,2548,19.2,1.7,2.4,7.5,.142
Jordan Sibert,2018-19,26,ATL,1,4,29.7,16.0,0.0,0.0,.183
Sam Sibert,1972-73,23,KCO,5,26,6.4,,,-0.1,-0.105
Mark Sibley,1973-74,23,POR,28,124,9.3,-5.7,-0.2,-0.2,-0.065
Jerry Sichting,1979-80,,Did not play - other pro league,,,,,,,
Jerry Sichting,1980-81,24,IND,47,450,8.4,-2.7,-0.1,0.3,.032
Jerry Sichting,1981-82,25,IND,51,800,10.2,-2.1,0.0,1.1,.064
Jerry Sichting,1982-83,26,IND,78,2435,11.7,-2.5,-0.3,2.7,.053
Jerry Sichting,1983-84,27,IND,80,2497,13.9,-0.6,0.9,5.2,.099
Jerry Sichting,1984-85,28,IND,70,1808,13.6,-0.8,0.5,3.5,.094
Jerry Sichting,1985-86,29,BOS,82,1596,11.9,-0.2,0.7,4.2,.126
Jerry Sichting,1986-87,30,BOS,78,1566,9.4,-2.4,-0.1,2.3,.070
Jerry Sichting,1987-88,31,2TM,52,694,11.1,-1.1,0.2,1.5,.103
Jerry Sichting,1987-88,31,BOS,24,370,11.1,-0.5,0.1,0.7,.091
Jerry Sichting,1987-88,31,POR,28,324,11.1,-1.7,0.0,0.8,.116
Jerry Sichting,1988-89,32,POR,25,390,8.8,-3.1,-0.1,0.2,.030
Jerry Sichting,1989-90,33,2TM,35,496,8.9,-4.1,-0.3,0.2,.018
Jerry Sichting,1989-90,33,CHH,34,469,9.5,-3.7,-0.2,0.2,.026
Jerry Sichting,1989-90,33,MIL,1,27,-1.7,-11.3,-0.1,-0.1,-0.116
Don Sidle,1968-69,22,MMF,77,1984,16.5,,,5.6,.135
Don Sidle,1969-70,23,MMF,84,3493,19.4,,,9.7,.134
Don Sidle,1970-71,24,2TM,84,2151,17.4,,,5.9,.132
Don Sidle,1970-71,24,DNR,54,1623,17.9,,,4.2,.124
Don Sidle,1970-71,24,INA,30,528,16.1,,,1.7,.159
Don Sidle,1971-72,25,2TM,69,960,15.5,,,1.9,.094
Don Sidle,1971-72,25,INA,27,394,15.4,,,0.9,.108
Don Sidle,1971-72,25,MMP,42,566,15.5,,,1.0,.083
Larry Siegfried,1963-64,24,BOS,31,261,11.8,,,0.5,.084
Larry Siegfried,1964-65,25,BOS,72,996,14.0,,,3.2,.152
Larry Siegfried,1965-66,26,BOS,71,1675,16.5,,,5.8,.166
Larry Siegfried,1966-67,27,BOS,73,1891,16.2,,,6.4,.163
Larry Siegfried,1967-68,28,BOS,62,1937,13.1,,,5.1,.126
Larry Siegfried,1968-69,29,BOS,79,2560,13.6,,,5.6,.106
Larry Siegfried,1969-70,30,BOS,78,2081,13.7,,,2.9,.067
Larry Siegfried,1970-71,31,SDR,53,1673,11.6,,,3.5,.101
Larry Siegfried,1971-72,32,2TM,31,558,6.9,,,0.1,.010
Larry Siegfried,1971-72,32,HOU,10,223,6.0,,,0.2,.044
Larry Siegfried,1971-72,32,ATL,21,335,7.6,,,-0.1,-0.012
Ralph Siewert,1946-47,23,2TM,21,,,,,-0.3,
Ralph Siewert,1946-47,23,STB,7,,,,,-0.1,
Ralph Siewert,1946-47,23,TRH,14,,,,,-0.1,
Jack Sikma,1977-78,22,SEA,82,2238,13.5,-0.9,0.6,5.4,.115
Jack Sikma,1978-79,23,SEA,82,2958,16.3,1.2,2.4,8.8,.143
Jack Sikma,1979-80,24,SEA,82,2793,16.5,1.8,2.7,8.6,.148
Jack Sikma,1980-81,25,SEA,82,2920,18.0,1.4,2.5,8.0,.132
Jack Sikma,1981-82,26,SEA,82,3049,20.6,3.9,4.5,12.6,.199
Jack Sikma,1982-83,27,SEA,75,2564,19.6,2.5,2.9,9.8,.183
Jack Sikma,1983-84,28,SEA,82,2993,19.7,2.9,3.7,9.7,.156
Jack Sikma,1984-85,29,SEA,68,2402,20.4,4.4,3.9,8.3,.166
Jack Sikma,1985-86,30,SEA,80,2790,17.6,2.5,3.1,7.8,.134
Jack Sikma,1986-87,31,MIL,82,2536,16.0,1.1,2.0,7.4,.141
Jack Sikma,1987-88,32,MIL,82,2923,17.4,2.3,3.2,9.4,.154
Jack Sikma,1988-89,33,MIL,80,2587,15.8,2.8,3.2,8.1,.151
Jack Sikma,1989-90,34,MIL,71,2250,14.7,0.6,1.5,5.0,.107
Jack Sikma,1990-91,35,MIL,77,1940,13.7,-0.5,0.8,3.5,.088
James Silas,1972-73,23,DLC,78,2417,14.1,,,7.4,.147
James Silas,1973-74,24,SAA,84,3096,14.6,0.3,1.8,7.9,.123
James Silas,1974-75,25,SAA,82,3105,17.2,1.7,2.9,9.8,.152
James Silas,1975-76,26,SAA,84,3112,21.2,3.4,4.2,13.1,.202
James Silas,1976-77,27,SAS,22,356,17.1,-1.7,0.0,0.7,.099
James Silas,1977-78,28,SAS,37,311,13.3,-2.6,0.0,0.6,.095
James Silas,1978-79,29,SAS,79,2171,16.0,-0.6,0.8,5.7,.126
James Silas,1979-80,30,SAS,77,2293,16.7,-0.5,0.9,5.5,.116
James Silas,1980-81,31,SAS,75,2055,19.4,1.0,1.6,7.0,.164
James Silas,1981-82,32,CLE,67,1447,15.7,-0.7,0.5,2.4,.078
James Silas,1982-83,,Did not play - injury,,,,,,,
Paul Silas,1964-65,21,STL,79,1243,12.3,,,1.2,.046
Paul Silas,1965-66,22,STL,46,586,11.4,,,0.5,.040
Paul Silas,1966-67,23,STL,77,1570,12.9,,,1.8,.054
Paul Silas,1967-68,24,STL,82,2652,15.9,,,6.9,.125
Paul Silas,1968-69,25,ATL,79,1853,15.4,,,3.3,.085
Paul Silas,1969-70,26,PHO,78,2836,12.8,,,3.3,.056
Paul Silas,1970-71,27,PHO,81,2944,14.1,,,6.7,.110
Paul Silas,1971-72,28,PHO,80,3082,18.3,,,11.0,.172
Paul Silas,1972-73,29,BOS,80,2618,17.9,,,11.5,.210
Paul Silas,1973-74,30,BOS,82,2599,14.5,0.4,1.6,7.7,.141
Paul Silas,1974-75,31,BOS,82,2661,14.6,0.6,1.7,7.2,.130
Paul Silas,1975-76,32,BOS,81,2662,14.6,1.0,2.0,7.2,.129
Paul Silas,1976-77,33,DEN,81,1959,10.8,-2.4,-0.2,2.5,.062
Paul Silas,1977-78,34,SEA,82,2172,10.2,-1.2,0.4,3.1,.067
Paul Silas,1978-79,35,SEA,82,1957,10.4,-1.2,0.4,3.9,.096
Paul Silas,1979-80,36,SEA,82,1595,8.2,-2.9,-0.4,2.2,.066
Xavier Silas,2011-12,24,PHI,2,39,0.1,-14.7,-0.1,-0.1,-0.131
Xavier Silas,2012-13,,Did not play - other pro league,,,,,,,
Xavier Silas,2013-14,,Did not play - other pro league,,,,,,,
Xavier Silas,2014-15,,Did not play - other pro league,,,,,,,
Xavier Silas,2015-16,,Did not play - other pro league,,,,,,,
Xavier Silas,2016-17,,Did not play - other pro league,,,,,,,
Xavier Silas,2017-18,30,BOS,2,7,-4.9,-8.1,0.0,0.0,-0.250
Garret Siler,2010-11,24,PHO,21,101,13.5,-5.8,-0.1,0.1,.054
Mike Silliman,1970-71,26,BUF,36,366,8.0,,,0.3,.037
Chris Silva,2019-20,23,MIA,44,346,17.3,-2.3,0.0,1.3,.178
Chris Silva,2020-21,24,2TM,15,92,11.5,-5.5,-0.1,0.2,.101
Chris Silva,2020-21,24,MIA,11,83,13.4,-3.9,0.0,0.2,.136
Chris Silva,2020-21,24,SAC,4,9,-5.9,-20.6,0.0,0.0,-0.219
Chris Silva,2021-22,25,2TM,10,91,11.6,-4.9,-0.1,0.3,.137
Chris Silva,2021-22,25,MIN,1,3,3.8,-5.8,0.0,0.0,.052
Chris Silva,2021-22,25,MIA,9,88,11.9,-4.9,-0.1,0.3,.140
Chris Silva,2022-23,26,DAL,1,3,-2.2,-22.6,0.0,0.0,-0.260
Chris Silva,2023-24,,Did not play - other pro league,,,,,,,
Wayne Simien,2005-06,22,MIA,43,414,11.5,-4.3,-0.2,0.8,.096
Wayne Simien,2006-07,23,MIA,8,93,6.3,-5.0,-0.1,0.0,.025
Ben Simmons,2016-17,,Did not play - injury,,,,,,,
Ben Simmons,2017-18,21,PHI,81,2732,20.0,4.5,4.5,9.2,.162
Ben Simmons,2018-19,22,PHI,79,2700,20.0,3.6,3.8,8.2,.146
Ben Simmons,2019-20,23,PHI,57,2017,20.4,3.6,2.8,6.9,.165
Ben Simmons,2020-21,24,PHI,58,1877,18.3,2.9,2.3,6.0,.153
Ben Simmons,2021-22,,Did not play - holdout/back injury,,,,,,,
Ben Simmons,2022-23,26,BRK,42,1105,13.4,0.4,0.7,2.2,.097
Ben Simmons,2023-24,27,BRK,15,359,16.3,2.4,0.4,1.0,.133
Ben Simmons,2024-25,28,2TM,51,1120,12.4,-0.5,0.4,1.8,.078
Ben Simmons,2024-25,28,BRK,33,825,12.6,-1.0,0.2,1.1,.065
Ben Simmons,2024-25,28,LAC,18,295,11.9,0.9,0.2,0.7,.116
Bobby Simmons,2001-02,21,WAS,30,343,13.2,0.0,0.2,0.7,.092
Bobby Simmons,2002-03,22,WAS,36,378,13.0,-2.9,-0.1,0.9,.111
Bobby Simmons,2003-04,23,LAC,56,1376,12.6,-1.6,0.1,2.0,.070
Bobby Simmons,2004-05,24,LAC,75,2799,16.1,0.7,1.9,6.8,.117
Bobby Simmons,2005-06,25,MIL,75,2538,13.8,0.3,1.5,5.3,.101
Bobby Simmons,2006-07,,Did not play - injury,,,,,,,
Bobby Simmons,2007-08,27,MIL,70,1521,10.3,-3.2,-0.4,0.7,.022
Bobby Simmons,2008-09,28,NJN,71,1729,12.0,0.0,0.8,3.4,.095
Bobby Simmons,2009-10,29,NJN,23,395,8.0,-3.6,-0.2,0.1,.014
Bobby Simmons,2010-11,30,SAS,2,16,-5.5,-11.8,0.0,0.0,-0.138
Bobby Simmons,2011-12,31,LAC,28,418,6.0,-3.6,-0.2,0.3,.029
Cedric Simmons,2006-07,21,NOK,43,534,8.0,-4.4,-0.3,0.3,.025
Cedric Simmons,2007-08,22,2TM,14,87,0.0,-9.4,-0.2,-0.2,-0.134
Cedric Simmons,2007-08,22,CLE,7,68,2.4,-6.7,-0.1,-0.1,-0.070
Cedric Simmons,2007-08,22,CHI,7,19,-8.7,-19.1,-0.1,-0.1,-0.362
Cedric Simmons,2008-09,23,2TM,18,84,10.8,-4.1,0.0,0.0,.022
Cedric Simmons,2008-09,23,CHI,11,61,18.0,1.0,0.0,0.2,.139
Cedric Simmons,2008-09,23,SAC,7,23,-8.3,-17.9,-0.1,-0.1,-0.288
Connie Simmons,1946-47,21,BOS,60,,,,,6.1,
Connie Simmons,1947-48,22,2TM,45,,,,,1.1,
Connie Simmons,1947-48,22,BOS,32,,,,,0.3,
Connie Simmons,1947-48,22,BLB,13,,,,,0.8,
Connie Simmons,1948-49,23,BLB,60,,,,,5.3,
Connie Simmons,1949-50,24,NYK,60,,,,,2.4,
Connie Simmons,1950-51,25,NYK,66,,,,,2.6,
Connie Simmons,1951-52,26,NYK,66,1558,17.8,,,3.3,.102
Connie Simmons,1952-53,27,NYK,65,1707,18.9,,,5.7,.159
Connie Simmons,1953-54,28,NYK,72,2006,14.9,,,2.5,.059
Connie Simmons,1954-55,29,2TM,36,862,12.1,,,0.3,.018
Connie Simmons,1954-55,29,BLB,11,355,,,,,
Connie Simmons,1954-55,29,SYR,25,507,12.1,,,0.3,.031
Connie Simmons,1955-56,30,ROC,68,903,10.8,,,0.1,.003
Grant Simmons,1966-67,,Did not play - other,,,,,,,
Grant Simmons,1967-68,24,DNR,78,2264,10.6,,,5.0,.106
Grant Simmons,1968-69,25,DNR,17,252,4.0,,,0.1,.027
Johnny Simmons,1946-47,22,BOS,60,,,,,1.7,
Jonathon Simmons,2015-16,26,SAS,55,813,11.9,-2.7,-0.2,2.0,.119
Jonathon Simmons,2016-17,27,SAS,78,1392,9.9,-2.6,-0.2,2.0,.068
Jonathon Simmons,2017-18,28,ORL,69,2029,12.7,-3.1,-0.5,1.9,.045
Jonathon Simmons,2018-19,29,2TM,56,1064,8.5,-4.2,-0.6,0.3,.013
Jonathon Simmons,2018-19,29,ORL,41,845,7.4,-5.2,-0.7,-0.2,-0.010
Jonathon Simmons,2018-19,29,PHI,15,219,12.9,-0.8,0.1,0.5,.101
Kobi Simmons,2017-18,20,MEM,32,643,7.7,-6.9,-0.8,-0.2,-0.013
Kobi Simmons,2018-19,21,CLE,1,2,0.0,-10.6,0.0,0.0,-0.033
Kobi Simmons,2019-20,,Did not play - other pro league,,,,,,,
Kobi Simmons,2020-21,,Did not play - other pro league,,,,,,,
Kobi Simmons,2021-22,,Did not play - other pro league,,,,,,,
Kobi Simmons,2022-23,25,CHO,5,28,9.0,-0.9,0.0,0.0,.019
Kobi Simmons,2023-24,26,TOR,4,67,14.5,-1.0,0.0,0.1,.098
Lionel Simmons,1990-91,22,SAC,79,2978,15.4,-0.4,1.2,2.7,.044
Lionel Simmons,1991-92,23,SAC,78,2895,16.5,1.1,2.2,4.3,.071
Lionel Simmons,1992-93,24,SAC,69,2502,15.5,0.4,1.5,3.8,.074
Lionel Simmons,1993-94,25,SAC,75,2702,14.8,0.2,1.5,3.8,.067
Lionel Simmons,1994-95,26,SAC,58,1064,10.0,-2.2,0.0,0.9,.039
Lionel Simmons,1995-96,27,SAC,54,810,11.6,-0.3,0.3,1.1,.062
Lionel Simmons,1996-97,28,SAC,41,521,9.4,-2.8,-0.1,0.3,.028
Miles Simon,1998-99,23,ORL,5,19,-7.2,-17.4,-0.1,-0.1,-0.289
Walt Simon,1967-68,28,NJA,78,2518,13.8,,,4.8,.092
Walt Simon,1968-69,29,NYA,68,2750,16.4,,,3.4,.059
Walt Simon,1969-70,30,NYA,81,2696,14.0,,,4.5,.080
Walt Simon,1970-71,31,KEN,84,1411,12.1,,,2.0,.068
Walt Simon,1971-72,32,KEN,67,1111,18.4,,,4.1,.177
Walt Simon,1972-73,33,KEN,83,2403,15.3,,,6.1,.122
Walt Simon,1973-74,34,KEN,80,1164,14.1,0.1,0.6,2.7,.111
Marko Simonovic,2020-21,,Did not play - other pro league,,,,,,,
Marko Simonovic,2021-22,22,CHI,9,35,10.2,-11.1,-0.1,0.0,-0.011
Marko Simonovic,2022-23,23,CHI,7,20,-0.1,-14.4,-0.1,0.0,-0.052
Marko Simonovic,2023-24,,Did not play - other pro league,,,,,,,
Anfernee Simons,2018-19,19,POR,20,141,11.1,-5.3,-0.1,0.1,.020
Anfernee Simons,2019-20,20,POR,70,1449,9.0,-4.5,-0.9,0.2,.005
Anfernee Simons,2020-21,21,POR,64,1104,12.3,-1.0,0.3,1.8,.078
Anfernee Simons,2021-22,22,POR,57,1681,15.3,-0.7,0.5,1.9,.055
Anfernee Simons,2022-23,23,POR,62,2171,14.8,-1.1,0.5,2.5,.054
Anfernee Simons,2023-24,24,POR,46,1582,15.9,0.2,0.8,2.2,.068
Anfernee Simons,2024-25,25,POR,70,2292,14.9,-0.1,1.1,4.2,.087
Dickey Simpkins,1994-95,22,CHI,59,586,11.0,-4.9,-0.4,0.7,.058
Dickey Simpkins,1995-96,23,CHI,60,685,10.4,-3.7,-0.3,1.2,.084
Dickey Simpkins,1996-97,24,CHI,48,395,6.5,-6.9,-0.5,0.1,.006
Dickey Simpkins,1997-98,25,2TM,40,433,10.6,-3.0,-0.1,0.6,.068
Dickey Simpkins,1997-98,25,GSW,19,196,9.0,-4.5,-0.1,-0.1,-0.027
Dickey Simpkins,1997-98,25,CHI,21,237,11.9,-1.8,0.0,0.7,.146
Dickey Simpkins,1998-99,26,CHI,50,1448,13.4,-2.5,-0.2,2.9,.095
Dickey Simpkins,1999-00,27,CHI,69,1651,5.5,-6.3,-1.8,-0.7,-0.021
Dickey Simpkins,2000-01,,Did not play - other pro league,,,,,,,
Dickey Simpkins,2001-02,29,ATL,1,3,11.6,14.0,0.0,0.0,.116
KJ Simpson,2024-25,22,CHO,36,842,8.3,-5.4,-0.7,-0.4,-0.025
Ralph Simpson,1970-71,21,DNR,81,1820,14.4,,,1.1,.029
Ralph Simpson,1971-72,22,DNR,84,3006,20.0,,,7.2,.115
Ralph Simpson,1972-73,23,DNR,81,2589,19.2,,,4.2,.078
Ralph Simpson,1973-74,24,DNR,75,2244,15.4,-0.8,0.7,2.3,.050
Ralph Simpson,1974-75,25,DNA,82,2863,17.3,1.4,2.4,7.2,.120
Ralph Simpson,1975-76,26,DNA,84,3121,15.7,0.7,2.1,6.3,.097
Ralph Simpson,1976-77,27,DET,77,1597,14.4,-2.1,0.0,1.2,.037
Ralph Simpson,1977-78,28,2TM,64,1323,10.1,-3.4,-0.5,-0.2,-0.007
Ralph Simpson,1977-78,28,DET,32,739,11.7,-3.2,-0.2,0.2,.012
Ralph Simpson,1977-78,28,DEN,32,584,8.1,-3.7,-0.3,-0.4,-0.032
Ralph Simpson,1978-79,29,2TM,69,979,9.7,-4.0,-0.5,-0.2,-0.010
Ralph Simpson,1978-79,29,PHI,37,452,11.2,-2.7,-0.1,0.2,.021
Ralph Simpson,1978-79,29,NJN,32,527,8.4,-5.1,-0.4,-0.4,-0.036
Ralph Simpson,1979-80,30,NJN,8,81,12.6,-2.9,0.0,-0.1,-0.064
Zavier Simpson,2021-22,24,OKC,4,174,7.7,-7.9,-0.3,-0.1,-0.018
Zavier Simpson,2022-23,,Did not play - other pro league,,,,,,,
Zavier Simpson,2023-24,26,MEM,7,161,6.3,-5.9,-0.2,-0.2,-0.046
Alvin Sims,1998-99,24,PHO,4,25,10.9,-4.0,0.0,-0.1,-0.139
Bob Sims,1960-61,,Did not play - other pro league,,,,,,,
Bob Sims,1961-62,23,2TM,65,1345,9.1,,,0.4,.015
Bob Sims,1961-62,23,LAL,19,171,6.0,,,0.0,.007
Bob Sims,1961-62,23,STL,46,1174,9.5,,,0.4,.016
Bob Sims,1962-63,,Did not play - contract dispute,,,,,,,
Bob Sims,1963-64,,Did not play - other,,,,,,,
Bob Sims,1964-65,,Did not play - other,,,,,,,
Bob Sims,1965-66,,Did not play - other,,,,,,,
Bob Sims,1966-67,,Did not play - other,,,,,,,
Bob Sims,1967-68,29,ANA,2,19,6.9,,,0.0,-0.023
Courtney Sims,2007-08,24,IND,3,11,1.1,-7.5,0.0,0.0,.008
Courtney Sims,2008-09,25,2TM,2,13,12.8,-7.0,0.0,0.0,-0.013
Courtney Sims,2008-09,25,PHO,1,2,-26.0,-28.8,0.0,0.0,-0.735
Courtney Sims,2008-09,25,NYK,1,11,19.8,-3.1,0.0,0.0,.118
Doug Sims,1968-69,25,CIN,4,12,5.0,,,0.0,-0.053
Henry Sims,2012-13,22,NOH,2,5,29.2,-1.2,0.0,0.0,.061
Henry Sims,2013-14,23,2TM,46,875,16.1,-2.2,0.0,2.1,.115
Henry Sims,2013-14,23,CLE,20,168,10.7,-6.0,-0.2,0.2,.059
Henry Sims,2013-14,23,PHI,26,707,17.4,-1.3,0.1,1.9,.128
Henry Sims,2014-15,24,PHI,73,1399,14.5,-2.8,-0.3,2.1,.072
Henry Sims,2015-16,25,BRK,14,263,13.9,-4.3,-0.2,0.4,.079
Jaylen Sims,2024-25,26,CHO,6,112,9.8,-4.1,-0.1,0.1,.048
Jericho Sims,2021-22,23,NYK,41,555,11.6,-1.7,0.0,1.5,.128
Jericho Sims,2022-23,24,NYK,52,812,13.8,-0.5,0.3,2.6,.153
Jericho Sims,2023-24,25,NYK,45,585,10.9,-1.8,0.0,1.5,.127
Jericho Sims,2024-25,26,2TM,53,632,10.0,-3.0,-0.2,1.3,.096
Jericho Sims,2024-25,26,NYK,39,422,9.9,-3.5,-0.2,0.8,.096
Jericho Sims,2024-25,26,MIL,14,210,10.2,-1.9,0.0,0.4,.097
Scott Sims,1977-78,22,SAS,12,95,5.2,-5.7,-0.1,-0.2,-0.088
Kyle Singler,2011-12,,Did not play - other pro league,,,,,,,
Kyle Singler,2012-13,24,DET,82,2293,10.0,-3.0,-0.6,2.3,.048
Kyle Singler,2013-14,25,DET,82,2337,11.8,-1.4,0.3,4.4,.090
Kyle Singler,2014-15,26,2TM,80,1743,8.5,-2.1,0.0,2.0,.056
Kyle Singler,2014-15,26,DET,54,1287,9.4,-1.7,0.1,1.6,.061
Kyle Singler,2014-15,26,OKC,26,456,5.8,-3.2,-0.1,0.4,.041
Kyle Singler,2015-16,27,OKC,68,977,6.6,-3.2,-0.3,1.1,.054
Kyle Singler,2016-17,28,OKC,32,385,5.9,-4.3,-0.2,0.3,.034
Kyle Singler,2017-18,29,OKC,12,59,5.9,-6.7,-0.1,0.0,-0.031
Sean Singletary,2008-09,23,2TM,37,303,6.7,-5.1,-0.2,0.0,.006
Sean Singletary,2008-09,23,PHO,13,122,8.5,-3.8,-0.1,0.1,.026
Sean Singletary,2008-09,23,CHA,24,181,5.5,-6.0,-0.2,0.0,-0.007
Chris Singleton,2011-12,22,WAS,66,1431,8.3,-2.2,-0.1,1.5,.052
Chris Singleton,2012-13,23,WAS,57,924,7.8,-4.3,-0.6,0.5,.028
Chris Singleton,2013-14,24,WAS,25,250,8.8,-4.6,-0.2,0.2,.033
James Singleton,2005-06,24,LAC,59,753,13.6,0.4,0.4,2.3,.147
James Singleton,2006-07,25,LAC,53,376,11.9,-1.2,0.1,0.7,.083
James Singleton,2007-08,,Did not play - other pro league,,,,,,,
James Singleton,2008-09,27,DAL,62,884,16.4,-0.5,0.3,3.0,.163
James Singleton,2009-10,28,2TM,57,977,11.4,-3.2,-0.3,1.1,.056
James Singleton,2009-10,28,DAL,25,211,10.2,-3.5,-0.1,0.2,.048
James Singleton,2009-10,28,WAS,32,766,11.8,-3.1,-0.2,0.9,.059
James Singleton,2010-11,,Did not play - other pro league,,,,,,,
James Singleton,2011-12,30,WAS,12,262,19.6,1.7,0.2,1.0,.186
McKinley Singleton,1984-85,,Did not play - other pro league,,,,,,,
McKinley Singleton,1985-86,,Did not play - other pro league,,,,,,,
McKinley Singleton,1986-87,25,NYK,2,10,13.3,0.1,0.0,0.0,.131
Zeke Sinicola,1951-52,23,FTW,3,15,-7.2,,,-0.1,-0.236
Zeke Sinicola,1952-53,,Did not play - military service,,,,,,,
Zeke Sinicola,1953-54,25,FTW,9,33,-1.7,,,-0.1,-0.216
Deividas Sirvydis,2019-20,,Did not play - other pro league,,,,,,,
Deividas Sirvydis,2020-21,20,DET,20,133,5.7,-5.4,-0.1,0.0,-0.010
Deividas Sirvydis,2021-22,21,DET,3,27,0.1,-8.7,0.0,-0.1,-0.139
Charlie Sitton,1984-85,22,DAL,43,304,8.0,-5.3,-0.2,0.1,.008
Peyton Siva,2013-14,23,DET,24,224,5.7,-6.4,-0.2,-0.2,-0.032
Dmytro Skapintsev,2023-24,25,NYK,2,2,-19.3,-25.9,0.0,0.0,-0.483
Scott Skiles,1986-87,22,MIL,13,205,6.2,-5.0,-0.2,-0.2,-0.050
Scott Skiles,1987-88,23,IND,51,760,9.5,-4.2,-0.4,0.3,.016
Scott Skiles,1988-89,24,IND,80,1571,12.5,-1.7,0.1,1.3,.040
Scott Skiles,1989-90,25,ORL,70,1460,13.2,-2.0,0.0,2.0,.065
Scott Skiles,1990-91,26,ORL,79,2714,17.8,1.9,2.7,7.0,.124
Scott Skiles,1991-92,27,ORL,75,2377,14.4,-0.8,0.7,3.2,.065
Scott Skiles,1992-93,28,ORL,78,3086,15.2,0.7,2.1,8.0,.125
Scott Skiles,1993-94,29,ORL,82,2303,13.1,-1.3,0.4,4.4,.091
Scott Skiles,1994-95,30,WSB,62,2077,15.7,0.6,1.3,4.5,.103
Scott Skiles,1995-96,31,PHI,10,236,9.0,-4.2,-0.1,0.1,.014
Scott Skiles,1996-97,,Did not play - other pro league,,,,,,,
Al Skinner,1974-75,22,NYA,51,773,14.7,0.3,0.5,2.1,.130
Al Skinner,1975-76,23,NYA,83,2082,14.3,0.6,1.4,4.9,.114
Al Skinner,1976-77,24,NYN,79,2256,15.7,-0.1,1.1,3.3,.069
Al Skinner,1977-78,25,2TM,77,1551,10.6,-2.6,-0.2,1.8,.055
Al Skinner,1977-78,25,NJN,8,277,13.3,-0.9,0.1,0.4,.073
Al Skinner,1977-78,25,DET,69,1274,10.0,-2.9,-0.3,1.3,.051
Al Skinner,1978-79,26,2TM,45,643,12.2,-1.7,0.1,1.2,.088
Al Skinner,1978-79,26,NJN,23,334,16.2,0.2,0.2,1.0,.137
Al Skinner,1978-79,26,PHI,22,309,8.0,-3.8,-0.2,0.2,.035
Al Skinner,1979-80,27,PHI,2,10,-0.6,-4.8,0.0,0.0,-0.152
Al Skinner,1980-81,,Did not play - other pro league,,,,,,,
Brian Skinner,1998-99,22,LAC,21,258,13.2,-2.7,0.0,0.1,.012
Brian Skinner,1999-00,23,LAC,33,775,11.9,-2.3,-0.1,0.9,.057
Brian Skinner,2000-01,24,LAC,39,584,10.4,-4.2,-0.3,0.3,.028
Brian Skinner,2001-02,25,CLE,65,1107,11.3,-2.4,-0.1,1.9,.084
Brian Skinner,2002-03,26,PHI,77,1381,15.4,-0.6,0.5,4.1,.144
Brian Skinner,2003-04,27,MIL,56,1577,14.4,-1.8,0.1,2.7,.083
Brian Skinner,2004-05,28,2TM,49,941,13.7,-1.2,0.2,1.9,.096
Brian Skinner,2004-05,28,PHI,24,246,5.9,-6.3,-0.3,-0.1,-0.013
Brian Skinner,2004-05,28,SAC,25,695,16.5,0.6,0.5,1.9,.134
Brian Skinner,2005-06,29,2TM,65,944,10.5,-2.7,-0.2,1.1,.057
Brian Skinner,2005-06,29,SAC,38,429,10.8,-1.0,0.1,0.8,.094
Brian Skinner,2005-06,29,POR,27,515,10.3,-4.1,-0.3,0.3,.026
Brian Skinner,2006-07,30,MIL,67,1523,8.9,-3.6,-0.6,1.1,.035
Brian Skinner,2007-08,31,PHO,66,844,11.4,-3.0,-0.2,1.2,.069
Brian Skinner,2008-09,32,LAC,51,843,10.6,-4.4,-0.5,0.4,.024
Brian Skinner,2009-10,33,LAC,16,123,5.5,-7.2,-0.2,0.0,-0.006
Brian Skinner,2010-11,34,MIL,2,6,0.0,-4.3,0.0,0.0,.023
Brian Skinner,2011-12,35,MEM,1,4,-14.7,-15.5,0.0,0.0,-0.248
Tal Skinner,1974-75,22,SEA,73,1574,9.0,-2.4,-0.2,1.5,.045
Tal Skinner,1975-76,23,SEA,72,1224,10.2,-0.9,0.3,1.9,.074
Whitey Skoog,1951-52,25,MNL,35,988,7.7,,,1.0,.048
Whitey Skoog,1952-53,26,MNL,68,996,10.3,,,1.9,.093
Whitey Skoog,1953-54,27,MNL,71,1877,11.4,,,4.1,.106
Whitey Skoog,1954-55,28,MNL,72,2365,11.6,,,3.6,.074
Whitey Skoog,1955-56,29,MNL,72,2311,11.9,,,2.9,.059
Whitey Skoog,1956-57,30,MNL,23,656,10.2,,,0.7,.054
Jeff Slade,1962-63,21,CHZ,3,20,5.8,,,0.0,-0.053
Reggie Slater,1994-95,24,DEN,25,236,14.5,-3.0,0.0,0.4,.081
Reggie Slater,1995-96,25,3TM,11,72,9.5,-6.3,-0.1,-0.1,-0.043
Reggie Slater,1995-96,25,POR,4,20,8.8,-3.6,0.0,0.0,-0.040
Reggie Slater,1995-96,25,DEN,4,26,17.2,-1.2,0.0,0.0,.038
Reggie Slater,1995-96,25,DAL,3,26,2.4,-13.4,-0.1,-0.1,-0.126
Reggie Slater,1996-97,26,TOR,26,406,17.8,-1.6,0.0,0.8,.095
Reggie Slater,1997-98,27,TOR,78,1662,12.4,-4.6,-1.1,1.5,.042
Reggie Slater,1998-99,28,TOR,30,263,11.3,-7.3,-0.4,0.2,.040
Reggie Slater,1999-00,,Did not play - other pro league,,,,,,,
Reggie Slater,2000-01,30,MIN,55,686,14.1,-3.7,-0.3,1.8,.129
Reggie Slater,2001-02,31,2TM,8,47,17.9,-0.5,0.0,0.1,.150
Reggie Slater,2001-02,31,NJN,4,10,17.5,-1.5,0.0,0.0,.169
Reggie Slater,2001-02,31,ATL,4,37,18.0,-0.2,0.0,0.1,.145
Reggie Slater,2002-03,32,MIN,26,141,19.2,0.0,0.1,0.5,.186
Jim Slaughter,1951-52,23,BLB,28,525,10.1,,,-0.1,-0.010
Jose Slaughter,1982-83,22,IND,63,515,10.5,-4.2,-0.3,-0.1,-0.007
Jalen Slawson,2023-24,24,SAC,12,37,6.6,-6.4,0.0,0.0,.058
Tamar Slay,2002-03,22,NJN,36,274,7.1,-4.7,-0.2,0.0,-0.004
Tamar Slay,2003-04,23,NJN,22,165,7.8,-5.1,-0.1,0.0,-0.004
Tamar Slay,2004-05,24,CHA,8,78,1.5,-10.6,-0.2,-0.3,-0.166
Donald Sloan,2011-12,24,3TM,33,669,8.9,-5.3,-0.6,-0.3,-0.024
Donald Sloan,2011-12,24,ATL,5,20,11.6,-3.6,0.0,0.0,.012
Donald Sloan,2011-12,24,NOH,3,41,8.0,-4.7,0.0,-0.1,-0.104
Donald Sloan,2011-12,24,CLE,25,608,8.9,-5.4,-0.5,-0.3,-0.020
Donald Sloan,2012-13,25,2TM,23,263,9.6,-3.0,-0.1,0.1,.017
Donald Sloan,2012-13,25,CLE,20,257,9.9,-2.9,-0.1,0.1,.022
Donald Sloan,2012-13,25,NOH,3,6,-3.3,-9.4,0.0,0.0,-0.212
Donald Sloan,2013-14,26,IND,48,392,8.5,-3.0,-0.1,0.3,.039
Donald Sloan,2014-15,27,IND,53,1107,13.1,-0.1,0.5,2.0,.085
Donald Sloan,2015-16,28,BRK,61,1318,13.9,-1.7,0.1,2.0,.071
Jerry Sloan,1965-66,23,BAL,59,952,11.1,,,1.4,.072
Jerry Sloan,1966-67,24,CHI,80,2942,14.2,,,6.5,.106
Jerry Sloan,1967-68,25,CHI,77,2454,13.2,,,2.6,.051
Jerry Sloan,1968-69,26,CHI,78,2939,14.9,,,6.4,.104
Jerry Sloan,1969-70,27,CHI,53,1822,12.6,,,1.9,.050
Jerry Sloan,1970-71,28,CHI,80,3140,14.6,,,6.0,.092
Jerry Sloan,1971-72,29,CHI,82,3035,13.4,,,7.2,.114
Jerry Sloan,1972-73,30,CHI,69,2412,9.3,,,2.9,.058
Jerry Sloan,1973-74,31,CHI,77,2860,12.6,0.8,2.0,6.8,.114
Jerry Sloan,1974-75,32,CHI,78,2577,14.4,1.2,2.1,7.0,.130
Jerry Sloan,1975-76,33,CHI,22,617,11.2,-2.1,0.0,0.9,.068
Uroš Slokar,2005-06,,Did not play - other pro league,,,,,,,
Uroš Slokar,2006-07,23,TOR,20,72,13.9,-5.6,-0.1,0.1,.042
Tom Sluby,1984-85,22,DAL,31,151,12.2,-3.4,0.0,0.2,.052
Alen Smailagić,2019-20,19,GSW,14,139,14.5,-2.2,0.0,0.2,.081
Alen Smailagić,2020-21,20,GSW,15,84,8.9,-5.3,-0.1,0.0,.015
Javonte Smart,2021-22,22,2TM,17,200,5.1,-6.6,-0.2,-0.2,-0.038
Javonte Smart,2021-22,22,MIL,13,160,2.5,-8.1,-0.2,-0.2,-0.071
Javonte Smart,2021-22,22,MIA,4,40,15.6,-0.9,0.0,0.1,.094
Javonte Smart,2022-23,,Did not play - other pro league,,,,,,,
Javonte Smart,2023-24,24,PHI,1,1,0.0,-8.3,0.0,0.0,.005
Keith Smart,1988-89,24,SAS,2,12,0.0,-14.1,0.0,0.0,-0.175
Marcus Smart,2014-15,20,BOS,67,1808,11.0,-0.5,0.7,2.9,.077
Marcus Smart,2015-16,21,BOS,61,1667,11.3,-1.0,0.4,2.9,.083
Marcus Smart,2016-17,22,BOS,79,2399,12.0,-1.3,0.4,3.2,.064
Marcus Smart,2017-18,23,BOS,54,1614,10.8,-1.2,0.3,1.9,.056
Marcus Smart,2018-19,24,BOS,80,2200,13.1,0.8,1.5,5.3,.116
Marcus Smart,2019-20,25,BOS,60,1919,13.8,1.4,1.6,4.5,.112
Marcus Smart,2020-21,26,BOS,48,1581,13.8,-0.3,0.7,3.3,.100
Marcus Smart,2021-22,27,BOS,71,2296,13.6,0.5,1.5,5.6,.116
Marcus Smart,2022-23,28,BOS,61,1957,12.1,-1.0,0.5,3.7,.092
Marcus Smart,2023-24,29,MEM,20,605,11.8,-2.4,0.0,0.2,.020
Marcus Smart,2024-25,30,2TM,34,680,12.4,-1.5,0.1,0.7,.051
Marcus Smart,2024-25,30,MEM,19,400,11.3,-1.2,0.1,0.4,.054
Marcus Smart,2024-25,30,WAS,15,280,14.0,-1.9,0.0,0.3,.046
Belus Smawley,1946-47,28,STB,22,,,,,3.0,
Belus Smawley,1947-48,29,STB,48,,,,,4.5,
Belus Smawley,1948-49,30,STB,59,,,,,5.3,
Belus Smawley,1949-50,31,STB,61,,,,,5.0,
Belus Smawley,1950-51,32,2TM,60,,,,,5.6,
Belus Smawley,1950-51,32,SYR,16,,,,,0.7,
Belus Smawley,1950-51,32,BLB,44,,,,,4.9,
Belus Smawley,1951-52,33,BLB,11,139,3.1,,,-0.6,-0.195
Jack Smiley,1948-49,26,FTW,59,,,,,0.4,
Jack Smiley,1949-50,27,2TM,59,,,,,0.2,
Jack Smiley,1949-50,27,AND,12,,,,,-0.2,
Jack Smiley,1949-50,27,WAT,47,,,,,0.4,
Adrian Smith,1958-59,,Did not play - military service,,,,,,,
Adrian Smith,1959-60,,Did not play - military service,,,,,,,
Adrian Smith,1960-61,,Did not play - other pro league,,,,,,,
Adrian Smith,1961-62,25,CIN,80,1462,11.1,,,1.8,.061
Adrian Smith,1962-63,26,CIN,79,1522,13.1,,,3.4,.107
Adrian Smith,1963-64,27,CIN,66,1524,10.7,,,1.9,.059
Adrian Smith,1964-65,28,CIN,80,2745,12.9,,,6.1,.106
Adrian Smith,1965-66,29,CIN,80,2982,12.4,,,4.4,.071
Adrian Smith,1966-67,30,CIN,81,2636,12.6,,,5.1,.092
Adrian Smith,1967-68,31,CIN,82,2783,12.4,,,5.2,.089
Adrian Smith,1968-69,32,CIN,73,1336,13.5,,,2.6,.092
Adrian Smith,1969-70,33,2TM,77,1087,10.7,,,0.8,.036
Adrian Smith,1969-70,33,CIN,32,453,9.4,,,0.5,.051
Adrian Smith,1969-70,33,SFW,45,634,11.7,,,0.3,.024
Adrian Smith,1970-71,34,SFW,21,247,14.2,,,0.5,.105
Adrian Smith,1971-72,35,VIR,53,686,10.0,,,1.5,.105
Al Smith,1971-72,25,DNR,83,1764,11.3,,,3.3,.088
Al Smith,1972-73,26,DNR,83,2343,12.1,,,4.5,.093
Al Smith,1973-74,27,DNR,76,2435,12.0,-1.9,0.1,1.8,.036
Al Smith,1974-75,28,UTS,80,2037,9.2,-3.6,-0.8,0.9,.022
Al Smith,1975-76,29,UTS,15,392,12.1,-1.0,0.1,0.6,.071
Bill Smith,1961-62,22,NYK,9,83,5.7,,,-0.2,-0.101
Bingo Smith,1969-70,23,SDR,75,1198,12.4,,,1.1,.043
Bingo Smith,1970-71,24,CLE,77,2332,15.5,,,2.4,.049
Bingo Smith,1971-72,25,CLE,82,2734,13.5,,,3.3,.057
Bingo Smith,1972-73,26,CLE,73,1068,16.3,,,1.6,.074
Bingo Smith,1973-74,27,CLE,82,2612,13.9,-0.7,0.9,4.2,.077
Bingo Smith,1974-75,28,CLE,82,2636,15.9,0.8,1.8,6.1,.112
Bingo Smith,1975-76,29,CLE,81,2338,13.1,-1.2,0.5,3.7,.077
Bingo Smith,1976-77,30,CLE,81,2135,15.0,-0.3,0.9,4.2,.095
Bingo Smith,1977-78,31,CLE,82,1581,14.3,-1.4,0.2,2.5,.076
Bingo Smith,1978-79,32,CLE,72,1650,13.4,-2.3,-0.1,2.1,.061
Bingo Smith,1979-80,33,2TM,78,2123,11.3,-3.2,-0.7,2.1,.047
Bingo Smith,1979-80,33,CLE,8,135,10.8,-3.7,-0.1,0.1,.028
Bingo Smith,1979-80,33,SDC,70,1988,11.4,-3.2,-0.6,2.0,.048
Bobby Smith,1959-60,22,MNL,10,130,7.4,,,-0.3,-0.095
Bobby Smith,1960-61,,Did not play -,,,,,,,
Bobby Smith,1961-62,24,LAL,3,7,-6.7,,,0.0,-0.148
Charles Smith,1988-89,23,LAC,71,2161,15.6,-1.7,0.2,4.0,.089
Charles Smith,1989-90,24,LAC,78,2732,19.5,1.9,2.7,9.4,.165
Charles Smith,1990-91,25,LAC,74,2703,17.6,1.1,2.1,7.4,.131
Charles Smith,1991-92,26,LAC,49,1310,18.6,1.8,1.3,4.4,.162
Charles Smith,1992-93,27,NYK,81,2172,14.9,1.2,1.8,6.6,.146
Charles Smith,1993-94,28,NYK,43,1105,11.3,-1.5,0.2,2.4,.104
Charles Smith,1994-95,29,NYK,76,2150,13.9,-1.0,0.6,4.8,.107
Charles Smith,1995-96,30,2TM,73,1716,11.3,-3.4,-0.6,1.9,.053
Charles Smith,1995-96,30,NYK,41,890,9.1,-4.7,-0.6,0.2,.013
Charles Smith,1995-96,30,SAS,32,826,13.7,-1.9,0.0,1.7,.096
Charles Smith,1996-97,31,SAS,19,329,10.6,-3.6,-0.1,0.0,.003
Charles Smith,1989-90,22,BOS,60,519,13.3,-0.8,0.2,1.1,.102
Charles Smith,1990-91,23,BOS,5,30,6.3,-8.8,-0.1,0.0,.009
Charles Smith,1991-92,,Did not play - other pro league,,,,,,,
Charles Smith,1992-93,,Did not play - legal,,,,,,,
Charles Smith,1993-94,,Did not play - legal,,,,,,,
Charles Smith,1994-95,,Did not play - other pro league,,,,,,,
Charles Smith,1995-96,28,MIN,8,39,-2.2,-15.9,-0.1,-0.2,-0.212
Charles Smith,1997-98,22,2TM,34,292,9.8,-5.1,-0.2,-0.3,-0.057
Charles Smith,1997-98,22,MIA,11,32,-0.5,-16.2,-0.1,-0.2,-0.323
Charles Smith,1997-98,22,LAC,23,260,11.1,-3.7,-0.1,-0.1,-0.024
Charles Smith,1998-99,23,LAC,23,317,7.1,-4.1,-0.2,-0.5,-0.069
Charles Smith,1999-00,,Did not play - other pro league,,,,,,,
Charles Smith,2000-01,,Did not play - other pro league,,,,,,,
Charles Smith,2001-02,26,SAS,60,1141,13.2,0.9,0.8,2.0,.085
Charles Smith,2002-03,27,POR,3,13,5.9,-6.5,0.0,0.0,.007
Charles Smith,2003-04,,Did not play - other pro league,,,,,,,
Charles Smith,2004-05,,Did not play - other pro league,,,,,,,
Charles Smith,2005-06,30,2TM,22,210,12.0,-1.7,0.0,0.3,.060
Charles Smith,2005-06,30,POR,21,208,12.4,-1.4,0.0,0.3,.066
Charles Smith,2005-06,30,DEN,1,2,-28.1,-32.6,0.0,0.0,-0.511
Chris Smith,1992-93,22,MIN,80,1266,11.1,-2.1,0.0,1.1,.042
Chris Smith,1993-94,23,MIN,80,1617,10.2,-3.2,-0.5,0.9,.025
Chris Smith,1994-95,24,MIN,64,1073,11.2,-1.1,0.2,1.2,.056
Chris Smith,2013-14,26,NYK,2,2,0.0,-9.7,0.0,0.0,-0.020
Clinton Smith,1986-87,23,GSW,41,341,11.5,-2.2,0.0,0.2,.032
Clinton Smith,1987-88,,Did not play - other pro league,,,,,,,
Clinton Smith,1988-89,,Did not play - other pro league,,,,,,,
Clinton Smith,1989-90,,Did not play - other pro league,,,,,,,
Clinton Smith,1990-91,27,WSB,5,45,7.2,-4.1,0.0,0.1,.061
Craig Smith,2006-07,23,MIN,82,1537,15.7,-1.8,0.1,3.9,.121
Craig Smith,2007-08,24,MIN,77,1547,16.7,-1.3,0.3,3.5,.109
Craig Smith,2008-09,25,MIN,74,1460,16.9,-0.6,0.5,3.1,.104
Craig Smith,2009-10,26,LAC,75,1232,16.9,-0.8,0.4,3.0,.117
Craig Smith,2010-11,27,LAC,48,586,15.4,-1.1,0.1,1.5,.120
Craig Smith,2011-12,28,POR,47,464,13.6,-1.5,0.1,1.0,.105
Deb Smith,1946-47,27,STB,48,,,,,0.7,
Dennis Smith Jr.,2017-18,20,DAL,69,2049,12.8,-2.4,-0.2,-0.7,-0.017
Dennis Smith Jr.,2018-19,21,2TM,53,1508,12.3,-1.9,0.0,0.0,.001
Dennis Smith Jr.,2018-19,21,DAL,32,908,11.5,-2.1,0.0,0.2,.010
Dennis Smith Jr.,2018-19,21,NYK,21,600,13.5,-1.7,0.0,-0.2,-0.014
Dennis Smith Jr.,2019-20,22,NYK,34,537,7.4,-6.1,-0.6,-0.9,-0.079
Dennis Smith Jr.,2020-21,23,2TM,23,420,13.6,0.4,0.3,0.6,.070
Dennis Smith Jr.,2020-21,23,NYK,3,28,6.8,-3.8,0.0,0.0,-0.015
Dennis Smith Jr.,2020-21,23,DET,20,392,14.1,0.7,0.3,0.6,.076
Dennis Smith Jr.,2021-22,24,POR,37,638,13.2,-1.7,0.1,0.4,.031
Dennis Smith Jr.,2022-23,25,CHO,54,1390,11.6,-2.2,-0.1,1.1,.039
Dennis Smith Jr.,2023-24,26,BRK,56,1059,13.4,-0.8,0.3,1.8,.080
Derek Smith,1982-83,21,GSW,27,154,6.9,-6.9,-0.3,0.0,.014
Derek Smith,1983-84,22,SDC,61,1297,14.0,-0.7,0.4,2.6,.098
Derek Smith,1984-85,23,LAC,80,2762,19.1,1.4,2.4,8.0,.139
Derek Smith,1985-86,24,LAC,11,339,21.8,4.4,0.6,0.8,.115
Derek Smith,1986-87,25,SAC,52,1658,13.1,-2.2,-0.1,1.6,.045
Derek Smith,1987-88,26,SAC,35,899,13.9,-1.6,0.1,1.5,.078
Derek Smith,1988-89,27,2TM,65,1295,11.7,-2.8,-0.3,0.9,.033
Derek Smith,1988-89,27,SAC,29,600,11.3,-4.2,-0.3,0.0,-0.002
Derek Smith,1988-89,27,PHI,36,695,12.0,-1.6,0.1,0.9,.063
Derek Smith,1989-90,28,PHI,75,1405,13.7,-1.1,0.3,2.9,.098
Derek Smith,1990-91,29,BOS,2,16,13.7,2.1,0.0,0.0,.102
Don Smith,1947-48,,Did not play - other pro league,,,,,,,
Don Smith,1948-49,28,MNL,8,,,,,-0.1,
Don Smith,1974-75,23,PHI,54,538,12.6,-3.3,-0.2,0.0,.004
Donta Smith,2004-05,21,ATL,38,433,10.6,-3.5,-0.2,0.2,.026
Donta Smith,2005-06,22,ATL,23,127,12.7,-1.9,0.0,0.3,.104
Doug Smith,1991-92,22,DAL,76,1707,11.9,-3.3,-0.6,0.8,.023
Doug Smith,1992-93,23,DAL,61,1524,10.3,-5.2,-1.2,-0.9,-0.029
Doug Smith,1993-94,24,DAL,79,1684,13.5,-2.1,-0.1,2.3,.066
Doug Smith,1994-95,25,DAL,63,826,11.0,-3.3,-0.3,1.0,.058
Doug Smith,1995-96,26,BOS,17,92,4.2,-12.2,-0.2,-0.2,-0.123
Dru Smith,2022-23,25,2TM,15,158,11.4,-0.9,0.0,0.3,.099
Dru Smith,2022-23,25,MIA,5,67,7.1,-3.1,0.0,0.1,.053
Dru Smith,2022-23,25,BRK,10,91,14.6,0.7,0.1,0.3,.132
Dru Smith,2023-24,26,MIA,9,131,12.8,1.4,0.1,0.3,.125
Dru Smith,2024-25,27,MIA,14,268,13.3,2.1,0.3,0.7,.118
Ed Smith,1951-52,,Did not play - military service,,,,,,,
Ed Smith,1952-53,,Did not play - military service,,,,,,,
Ed Smith,1953-54,24,NYK,12,127,8.5,,,-0.3,-0.105
Elmore Smith,1971-72,22,BUF,78,3186,15.0,,,1.5,.022
Elmore Smith,1972-73,23,BUF,76,2829,16.5,,,3.9,.067
Elmore Smith,1973-74,24,LAL,81,2922,14.5,1.1,2.3,5.9,.097
Elmore Smith,1974-75,25,LAL,74,2341,15.9,1.1,1.8,4.7,.097
Elmore Smith,1975-76,26,MIL,78,2809,17.7,2.1,2.9,8.7,.149
Elmore Smith,1976-77,27,2TM,70,1464,14.9,-0.4,0.6,2.9,.094
Elmore Smith,1976-77,27,MIL,34,789,12.6,-1.9,0.0,0.8,.051
Elmore Smith,1976-77,27,CLE,36,675,17.6,1.3,0.6,2.0,.145
Elmore Smith,1977-78,28,CLE,81,1996,19.9,2.0,2.0,6.8,.164
Elmore Smith,1978-79,29,CLE,24,332,14.5,-3.6,-0.1,0.3,.046
Elmore Smith,1979-80,,Did not play - injury,,,,,,,
Garfield Smith,1970-71,25,BOS,37,281,7.6,,,-0.2,-0.035
Garfield Smith,1971-72,26,BOS,26,134,8.9,,,-0.1,-0.038
Garfield Smith,1972-73,27,SDA,71,1055,8.4,,,1.0,.046
Greg Smith,1968-69,22,MIL,79,2207,12.1,,,2.7,.058
Greg Smith,1969-70,23,MIL,82,2368,12.5,,,5.5,.111
Greg Smith,1970-71,24,MIL,82,2428,14.1,,,6.8,.134
Greg Smith,1971-72,25,2TM,82,2256,11.6,,,4.5,.096
Greg Smith,1971-72,25,MIL,28,737,11.7,,,1.8,.118
Greg Smith,1971-72,25,HOU,54,1519,11.6,,,2.7,.085
Greg Smith,1972-73,26,2TM,76,1610,11.5,,,1.9,.056
Greg Smith,1972-73,26,HOU,4,41,4.7,,,-0.1,-0.112
Greg Smith,1972-73,26,POR,72,1569,11.6,,,2.0,.061
Greg Smith,1973-74,27,POR,67,878,10.6,-2.8,-0.2,0.4,.020
Greg Smith,1974-75,28,POR,55,519,10.4,-3.0,-0.1,0.6,.058
Greg Smith,1975-76,29,POR,1,3,-18.2,-5.2,0.0,0.0,-0.709
Greg Smith,2011-12,21,HOU,8,69,12.3,-0.8,0.0,0.2,.165
Greg Smith,2012-13,22,HOU,70,1110,16.1,-0.6,0.4,4.0,.172
Greg Smith,2013-14,23,HOU,11,100,13.7,-2.5,0.0,0.2,.119
Greg Smith,2014-15,24,DAL,42,363,10.2,-2.6,-0.1,0.8,.108
Greg Smith,2015-16,25,MIN,18,192,7.9,-5.5,-0.2,0.2,.045
Ish Smith,2010-11,22,2TM,43,442,7.6,-5.0,-0.3,-0.1,-0.016
Ish Smith,2010-11,22,HOU,28,329,8.8,-3.8,-0.1,0.0,.002
Ish Smith,2010-11,22,MEM,15,113,4.3,-8.5,-0.2,-0.2,-0.066
Ish Smith,2011-12,23,2TM,26,234,14.1,0.1,0.1,0.3,.062
Ish Smith,2011-12,23,GSW,6,63,16.7,3.1,0.1,0.1,.069
Ish Smith,2011-12,23,ORL,20,171,13.1,-1.0,0.0,0.2,.060
Ish Smith,2012-13,24,2TM,52,516,8.5,-4.1,-0.3,-0.4,-0.040
Ish Smith,2012-13,24,ORL,36,378,7.2,-5.2,-0.3,-0.6,-0.073
Ish Smith,2012-13,24,MIL,16,138,12.1,-1.2,0.0,0.1,.049
Ish Smith,2013-14,25,PHO,70,1006,11.7,-1.4,0.2,1.0,.048
Ish Smith,2014-15,26,2TM,55,832,12.3,-2.5,-0.1,-0.1,-0.006
Ish Smith,2014-15,26,OKC,30,155,9.0,-3.1,0.0,0.0,.014
Ish Smith,2014-15,26,PHI,25,677,13.0,-2.4,-0.1,-0.1,-0.010
Ish Smith,2015-16,27,2TM,77,2239,14.9,-1.6,0.2,1.3,.027
Ish Smith,2015-16,27,NOP,27,617,16.3,0.3,0.4,0.9,.070
Ish Smith,2015-16,27,PHI,50,1622,14.4,-2.3,-0.1,0.4,.011
Ish Smith,2016-17,28,DET,81,1955,14.7,0.3,1.1,3.1,.076
Ish Smith,2017-18,29,DET,82,2043,15.4,0.0,1.0,4.4,.102
Ish Smith,2018-19,30,DET,56,1251,11.8,-2.0,0.0,1.7,.064
Ish Smith,2019-20,31,WAS,68,1787,13.9,-1.3,0.3,1.9,.051
Ish Smith,2020-21,32,WAS,44,924,11.6,-1.5,0.1,1.1,.056
Ish Smith,2021-22,33,2TM,65,1126,12.5,-2.9,-0.2,0.5,.023
Ish Smith,2021-22,33,CHO,37,511,9.6,-4.5,-0.3,-0.1,-0.011
Ish Smith,2021-22,33,WAS,28,615,15.0,-1.5,0.1,0.7,.052
Ish Smith,2022-23,34,DEN,43,398,6.5,-6.6,-0.5,-0.5,-0.056
Ish Smith,2023-24,35,CHO,43,741,6.8,-6.8,-0.9,-0.4,-0.025
J.R. Smith,2004-05,19,NOH,76,1859,10.9,-2.9,-0.4,0.2,.006
J.R. Smith,2005-06,20,NOK,55,989,12.7,-1.0,0.3,1.2,.060
J.R. Smith,2006-07,21,DEN,63,1471,15.6,1.4,1.2,3.7,.120
J.R. Smith,2007-08,22,DEN,74,1421,18.1,2.6,1.6,3.7,.126
J.R. Smith,2008-09,23,DEN,81,2245,16.8,2.2,2.4,5.8,.124
J.R. Smith,2009-10,24,DEN,75,2082,15.0,0.1,1.1,2.7,.062
J.R. Smith,2010-11,25,DEN,79,1968,16.4,1.7,1.9,5.0,.121
J.R. Smith,2011-12,26,NYK,35,967,15.2,2.1,1.0,2.5,.122
J.R. Smith,2012-13,27,NYK,80,2678,17.6,1.3,2.2,6.7,.120
J.R. Smith,2013-14,28,NYK,74,2421,13.9,-0.2,1.1,3.7,.073
J.R. Smith,2014-15,29,2TM,70,2080,13.6,0.7,1.5,3.7,.085
J.R. Smith,2014-15,29,NYK,24,619,11.5,-2.8,-0.1,-0.1,-0.008
J.R. Smith,2014-15,29,CLE,46,1461,14.5,2.2,1.6,3.8,.124
J.R. Smith,2015-16,30,CLE,77,2362,12.4,0.5,1.5,5.5,.111
J.R. Smith,2016-17,31,CLE,41,1187,8.1,-2.1,0.0,0.8,.034
J.R. Smith,2017-18,32,CLE,80,2244,8.4,-3.0,-0.6,1.4,.031
J.R. Smith,2018-19,33,CLE,11,222,7.8,-3.2,-0.1,-0.2,-0.038
J.R. Smith,2019-20,34,LAL,6,79,0.0,-9.8,-0.2,-0.1,-0.077
Jabari Smith,2000-01,23,SAC,9,66,14.7,-1.9,0.0,0.2,.126
Jabari Smith,2001-02,24,2TM,23,181,13.1,-2.3,0.0,0.5,.121
Jabari Smith,2001-02,24,SAC,12,71,7.0,-3.8,0.0,0.0,.014
Jabari Smith,2001-02,24,PHI,11,110,17.1,-1.3,0.0,0.4,.189
Jabari Smith,2002-03,,Did not play - other pro league,,,,,,,
Jabari Smith,2003-04,26,SAC,31,168,9.2,-7.7,-0.2,0.0,-0.005
Jabari Smith,2004-05,27,NJN,45,648,8.4,-4.2,-0.4,0.7,.050
Jabari Smith Jr.,2022-23,19,HOU,79,2451,11.2,-3.7,-1.1,1.9,.037
Jabari Smith Jr.,2023-24,20,HOU,76,2424,13.8,-0.4,1.0,5.6,.111
Jabari Smith Jr.,2024-25,21,HOU,57,1716,12.6,-0.7,0.6,4.2,.117
Jalen Smith,2020-21,20,PHO,27,156,8.4,-6.1,-0.2,0.1,.022
Jalen Smith,2021-22,21,2TM,51,925,18.4,-0.5,0.3,2.8,.145
Jalen Smith,2021-22,21,PHO,29,382,15.9,-2.3,0.0,1.1,.137
Jalen Smith,2021-22,21,IND,22,543,20.2,0.8,0.4,1.7,.150
Jalen Smith,2022-23,22,IND,68,1279,15.9,-2.1,0.0,2.3,.085
Jalen Smith,2023-24,23,IND,61,1047,20.7,2.4,1.2,4.0,.182
Jalen Smith,2024-25,24,CHI,64,962,18.7,0.9,0.7,2.9,.146
Jason Smith,2007-08,21,PHI,76,1107,10.7,-3.5,-0.4,1.5,.067
Jason Smith,2008-09,,Did not play - injury,,,,,,,
Jason Smith,2009-10,23,PHI,56,658,10.6,-4.3,-0.4,0.7,.048
Jason Smith,2010-11,24,NOH,77,1102,10.8,-3.5,-0.4,1.6,.070
Jason Smith,2011-12,25,NOH,40,947,16.6,-0.4,0.4,2.2,.110
Jason Smith,2012-13,26,NOH,51,876,16.8,-1.6,0.1,1.7,.095
Jason Smith,2013-14,27,NOP,31,830,12.4,-3.6,-0.3,0.9,.054
Jason Smith,2014-15,28,NYK,82,1785,12.0,-3.8,-0.8,1.2,.032
Jason Smith,2015-16,29,ORL,76,1181,14.6,-2.2,-0.1,1.8,.072
Jason Smith,2016-17,30,WAS,74,1068,13.6,-1.8,0.1,2.3,.103
Jason Smith,2017-18,31,WAS,33,285,8.8,-6.4,-0.3,0.0,.003
Jason Smith,2018-19,32,3TM,20,190,9.8,-4.7,-0.1,0.2,.038
Jason Smith,2018-19,32,WAS,12,130,11.7,-3.4,0.0,0.2,.070
Jason Smith,2018-19,32,MIL,6,40,6.3,-6.9,-0.1,0.0,-0.020
Jason Smith,2018-19,32,NOP,2,20,4.6,-8.8,0.0,0.0,-0.049
Jerry Smith,2011-12,24,NJN,5,46,7.8,-2.0,0.0,0.0,-0.007
Jim Smith,1981-82,23,SDC,72,858,9.2,-3.1,-0.2,0.6,.034
Jim Smith,1982-83,24,DET,4,18,14.2,-4.0,0.0,0.1,.189
Joe Smith,1995-96,20,GSW,82,2821,17.2,-0.7,0.9,6.8,.116
Joe Smith,1996-97,21,GSW,80,3086,16.0,-2.3,-0.2,4.4,.068
Joe Smith,1997-98,22,2TM,79,2344,14.4,-2.4,-0.3,2.6,.052
Joe Smith,1997-98,22,GSW,49,1645,15.1,-2.0,0.0,1.8,.053
Joe Smith,1997-98,22,PHI,30,699,12.9,-3.5,-0.3,0.8,.052
Joe Smith,1998-99,23,MIN,43,1418,16.6,-0.4,0.6,3.7,.126
Joe Smith,1999-00,24,MIN,78,1975,14.4,-2.4,-0.2,4.7,.114
Joe Smith,2000-01,25,DET,69,1941,14.6,-1.9,0.1,4.4,.110
Joe Smith,2001-02,26,MIN,72,1922,16.0,-0.2,0.9,6.1,.153
Joe Smith,2002-03,27,MIN,54,1117,14.3,-2.4,-0.1,3.0,.131
Joe Smith,2003-04,28,MIL,76,2254,16.6,-0.4,0.9,6.3,.134
Joe Smith,2004-05,29,MIL,74,2265,15.0,-0.9,0.6,5.5,.116
Joe Smith,2005-06,30,MIL,44,887,16.1,-2.0,0.0,2.3,.123
Joe Smith,2006-07,31,2TM,65,1503,13.9,-2.3,-0.1,2.8,.088
Joe Smith,2006-07,31,DEN,11,148,12.4,-4.2,-0.1,0.2,.060
Joe Smith,2006-07,31,PHI,54,1355,14.1,-2.1,0.0,2.6,.091
Joe Smith,2007-08,32,2TM,77,1726,16.1,-1.1,0.4,4.1,.115
Joe Smith,2007-08,32,CHI,50,1146,16.8,-0.6,0.4,2.6,.109
Joe Smith,2007-08,32,CLE,27,580,14.9,-2.0,0.0,1.5,.128
Joe Smith,2008-09,33,2TM,57,1102,13.8,-1.2,0.2,2.7,.118
Joe Smith,2008-09,33,OKC,36,691,13.2,-1.9,0.0,1.3,.088
Joe Smith,2008-09,33,CLE,21,411,14.8,0.0,0.2,1.4,.168
Joe Smith,2009-10,34,ATL,64,592,11.2,-5.5,-0.5,0.9,.077
Joe Smith,2010-11,35,2TM,16,69,-0.1,-9.2,-0.1,-0.1,-0.099
Joe Smith,2010-11,35,NJN,4,25,-3.9,-10.1,-0.1,-0.1,-0.159
Joe Smith,2010-11,35,LAL,12,44,2.1,-8.7,-0.1,-0.1,-0.065
John Smith,1968-69,24,DLC,77,2172,10.3,,,0.2,.004
John Smith,1969-70,25,3TM,70,1190,7.0,,,0.0,.001
John Smith,1969-70,25,DLC,48,966,8.1,,,0.4,.018
John Smith,1969-70,25,PTP,6,59,3.3,,,-0.1,-0.045
John Smith,1969-70,25,NYA,16,165,1.8,,,-0.3,-0.081
Josh Smith,2004-05,19,ATL,74,2050,15.4,-0.5,0.8,2.4,.055
Josh Smith,2005-06,20,ATL,80,2559,15.5,0.3,1.4,3.6,.067
Josh Smith,2006-07,21,ATL,72,2647,18.3,2.0,2.7,4.4,.079
Josh Smith,2007-08,22,ATL,81,2873,19.0,3.0,3.7,5.8,.097
Josh Smith,2008-09,23,ATL,69,2421,17.2,1.7,2.3,4.9,.097
Josh Smith,2009-10,24,ATL,81,2871,21.0,5.1,5.1,9.3,.155
Josh Smith,2010-11,25,ATL,77,2645,19.2,2.8,3.2,6.4,.116
Josh Smith,2011-12,26,ATL,66,2329,21.1,3.8,3.3,6.8,.139
Josh Smith,2012-13,27,ATL,76,2683,17.7,1.8,2.5,4.2,.075
Josh Smith,2013-14,28,DET,77,2730,14.1,-0.8,0.8,1.1,.020
Josh Smith,2014-15,29,2TM,83,2300,14.9,0.7,1.6,2.3,.048
Josh Smith,2014-15,29,DET,28,896,14.3,1.5,0.8,0.2,.012
Josh Smith,2014-15,29,HOU,55,1404,15.2,0.2,0.8,2.1,.071
Josh Smith,2015-16,30,2TM,55,880,10.6,-3.1,-0.2,0.0,.000
Josh Smith,2015-16,30,LAC,32,459,13.2,-0.5,0.2,0.3,.036
Josh Smith,2015-16,30,HOU,23,421,7.7,-5.9,-0.4,-0.4,-0.040
Josh Smith,2016-17,,Did not play - other pro league,,,,,,,
Josh Smith,2017-18,32,NOP,3,12,3.5,-14.6,0.0,0.0,-0.013
Keith Smith,1986-87,22,MIL,42,461,6.0,-5.5,-0.4,0.0,-0.003
Ken Smith,1975-76,22,SAA,19,164,10.6,-4.8,-0.1,0.2,.045
Kenny Smith,1987-88,22,SAC,61,2170,13.3,-1.8,0.1,2.2,.049
Kenny Smith,1988-89,23,SAC,81,3145,14.3,-1.4,0.4,4.1,.062
Kenny Smith,1989-90,24,2TM,79,2421,13.3,-1.7,0.2,2.6,.052
Kenny Smith,1989-90,24,SAC,46,1747,12.8,-2.0,0.0,1.5,.040
Kenny Smith,1989-90,24,ATL,33,674,14.5,-0.7,0.2,1.2,.084
Kenny Smith,1990-91,25,HOU,78,2699,18.3,2.9,3.3,9.0,.161
Kenny Smith,1991-92,26,HOU,81,2735,15.0,-0.3,1.2,5.1,.089
Kenny Smith,1992-93,27,HOU,82,2422,17.1,2.1,2.5,8.2,.162
Kenny Smith,1993-94,28,HOU,78,2209,14.2,0.2,1.2,6.1,.132
Kenny Smith,1994-95,29,HOU,81,2030,16.2,2.0,2.1,6.1,.144
Kenny Smith,1995-96,30,HOU,68,1617,12.5,-1.6,0.2,2.9,.085
Kenny Smith,1996-97,31,3TM,48,765,12.3,-2.3,-0.1,0.6,.039
Kenny Smith,1996-97,31,DET,9,64,14.7,2.2,0.1,0.2,.130
Kenny Smith,1996-97,31,ORL,6,47,6.9,-6.4,-0.1,0.0,-0.032
Kenny Smith,1996-97,31,DEN,33,654,12.5,-2.4,-0.1,0.5,.035
LaBradford Smith,1991-92,22,WSB,48,708,9.6,-5.0,-0.5,-0.1,-0.003
LaBradford Smith,1992-93,23,WSB,69,1546,10.9,-3.9,-0.7,0.8,.024
LaBradford Smith,1993-94,24,2TM,66,877,11.6,-1.9,0.0,0.8,.045
LaBradford Smith,1993-94,24,WSB,7,48,25.5,8.3,0.1,0.3,.283
LaBradford Smith,1993-94,24,SAC,59,829,10.8,-2.5,-0.1,0.5,.031
Larry Smith,1980-81,23,GSW,82,2578,14.8,-0.5,1.0,6.1,.113
Larry Smith,1981-82,24,GSW,74,2213,12.8,-0.3,1.0,5.2,.113
Larry Smith,1982-83,25,GSW,49,1433,13.2,-1.8,0.1,3.1,.102
Larry Smith,1983-84,26,GSW,75,2091,12.1,-2.2,-0.1,4.0,.091
Larry Smith,1984-85,27,GSW,80,2497,15.1,-1.6,0.2,4.7,.090
Larry Smith,1985-86,28,GSW,77,2441,13.4,-2.1,-0.1,4.3,.085
Larry Smith,1986-87,29,GSW,80,2374,14.2,-1.1,0.6,5.4,.109
Larry Smith,1987-88,30,GSW,20,499,10.8,-4.1,-0.3,0.3,.025
Larry Smith,1988-89,31,GSW,80,1897,11.9,-1.6,0.2,3.7,.094
Larry Smith,1989-90,32,HOU,74,1300,9.8,-1.8,0.1,2.6,.095
Larry Smith,1990-91,33,HOU,81,1923,10.3,-1.0,0.5,4.4,.109
Larry Smith,1991-92,34,HOU,45,800,8.1,-3.7,-0.4,1.2,.069
Larry Smith,1992-93,35,SAS,66,833,7.1,-3.7,-0.4,1.2,.069
Leon Smith,1999-00,,Did not play - waived,,,,,,,
Leon Smith,2000-01,,Did not play - other pro league,,,,,,,
Leon Smith,2001-02,21,ATL,14,100,14.0,-3.0,0.0,0.2,.109
Leon Smith,2002-03,,Did not play - other pro league,,,,,,,
Leon Smith,2003-04,23,SEA,1,4,21.7,0.0,0.0,0.0,.201
Michael Smith,1989-90,24,BOS,65,620,14.2,-3.3,-0.2,0.7,.055
Michael Smith,1990-91,25,BOS,47,389,14.3,-3.7,-0.2,0.3,.042
Michael Smith,1991-92,,Did not play - other pro league,,,,,,,
Michael Smith,1992-93,,Did not play - other pro league,,,,,,,
Michael Smith,1993-94,,Did not play - other pro league,,,,,,,
Michael Smith,1994-95,29,LAC,29,319,13.3,-4.0,-0.2,0.3,.046
Michael Smith,1994-95,22,SAC,82,1736,13.5,-0.9,0.5,3.7,.101
Michael Smith,1995-96,23,SAC,65,1384,14.2,0.8,1.0,3.1,.108
Michael Smith,1996-97,24,SAC,81,2526,13.3,0.1,1.3,5.4,.102
Michael Smith,1997-98,25,2TM,48,1053,14.3,-0.3,0.4,2.1,.096
Michael Smith,1997-98,25,SAC,18,347,12.9,-0.3,0.2,0.7,.092
Michael Smith,1997-98,25,VAN,30,706,15.0,-0.3,0.3,1.4,.099
Michael Smith,1998-99,26,VAN,48,1098,14.3,-1.0,0.3,2.3,.099
Michael Smith,1999-00,27,WAS,46,1145,14.5,0.4,0.7,3.3,.137
Michael Smith,2000-01,28,WAS,79,1610,14.0,0.2,0.9,3.6,.108
Mike Smith,2000-01,24,WAS,17,180,8.1,-4.2,-0.1,-0.1,-0.033
Nick Smith Jr.,2023-24,19,CHO,51,729,8.1,-5.9,-0.7,-0.5,-0.036
Nick Smith Jr.,2024-25,20,CHO,60,1369,8.3,-5.7,-1.3,-0.5,-0.019
Nolan Smith,2011-12,23,POR,44,541,7.8,-5.5,-0.5,-0.3,-0.029
Nolan Smith,2012-13,24,POR,40,288,7.1,-6.9,-0.4,-0.5,-0.082
Otis Smith,1986-87,23,DEN,28,168,8.1,-7.8,-0.2,-0.2,-0.053
Otis Smith,1987-88,24,2TM,72,1549,18.4,1.9,1.5,3.6,.111
Otis Smith,1987-88,24,DEN,15,191,11.1,-4.9,-0.1,0.1,.022
Otis Smith,1987-88,24,GSW,57,1358,19.4,2.9,1.7,3.5,.124
Otis Smith,1988-89,25,GSW,80,1597,14.8,-0.9,0.4,2.5,.074
Otis Smith,1989-90,26,ORL,65,1644,17.2,1.5,1.5,3.3,.097
Otis Smith,1990-91,27,ORL,75,1885,17.2,1.3,1.6,3.5,.090
Otis Smith,1991-92,28,ORL,55,877,8.1,-4.4,-0.5,-0.4,-0.023
Pete Smith,1971-72,,Did not play - other pro league,,,,,,,
Pete Smith,1972-73,,SDA,5,32,-9.1,,,-0.2,-0.262
Phil Smith,1974-75,22,GSW,74,1055,17.6,0.2,0.6,2.9,.132
Phil Smith,1975-76,23,GSW,82,2793,18.4,2.0,2.8,9.4,.161
Phil Smith,1976-77,24,GSW,82,2880,16.1,0.2,1.6,7.0,.117
Phil Smith,1977-78,25,GSW,82,2940,16.5,0.3,1.7,6.3,.102
Phil Smith,1978-79,26,GSW,59,2288,16.1,1.0,1.7,5.2,.110
Phil Smith,1979-80,27,GSW,51,1552,14.6,-0.9,0.4,2.2,.067
Phil Smith,1980-81,28,SDC,76,2378,16.2,-0.2,1.1,4.8,.097
Phil Smith,1981-82,29,2TM,74,2042,12.2,-2.2,-0.1,1.6,.037
Phil Smith,1981-82,29,SDC,48,1446,12.4,-2.6,-0.2,0.5,.017
Phil Smith,1981-82,29,SEA,26,596,11.5,-1.0,0.1,1.0,.083
Phil Smith,1982-83,30,SEA,79,1238,11.7,-1.7,0.1,1.7,.065
Reggie Smith,1992-93,22,POR,23,68,7.6,-10.2,-0.1,0.0,-0.027
Reggie Smith,1993-94,23,POR,43,316,9.4,-4.0,-0.2,0.4,.068
Robert Smith,1977-78,22,DEN,45,378,10.9,-1.4,0.1,0.8,.097
Robert Smith,1978-79,23,DEN,82,1479,11.6,-1.2,0.3,2.9,.095
Robert Smith,1979-80,24,2TM,65,809,10.8,-2.6,-0.1,1.4,.080
Robert Smith,1979-80,24,UTA,6,73,9.6,-2.7,0.0,0.1,.050
Robert Smith,1979-80,24,NJN,59,736,10.9,-2.6,-0.1,1.3,.083
Robert Smith,1980-81,25,CLE,1,20,7.2,-4.6,0.0,0.0,.019
Robert Smith,1981-82,26,MIL,17,316,10.6,-2.1,0.0,0.6,.096
Robert Smith,1982-83,27,2TM,12,68,6.8,-4.6,-0.1,0.0,-0.024
Robert Smith,1982-83,27,SDC,5,43,6.3,-4.4,0.0,0.0,-0.033
Robert Smith,1982-83,27,SAS,7,25,7.8,-5.0,0.0,0.0,-0.007
Robert Smith,1983-84,,Did not play - other pro league,,,,,,,
Robert Smith,1984-85,29,CLE,7,48,6.2,-5.6,0.0,0.0,-0.034
Russ Smith,2014-15,23,2TM,12,65,5.2,-8.8,-0.1,-0.1,-0.094
Russ Smith,2014-15,23,NOP,6,29,-16.6,-25.2,-0.2,-0.3,-0.477
Russ Smith,2014-15,23,MEM,6,36,22.7,4.4,0.1,0.2,.214
Russ Smith,2015-16,24,MEM,15,66,10.5,-1.4,0.0,-0.1,-0.041
Sam Smith,1967-68,24,MNM,77,2175,12.9,,,4.6,.101
Sam Smith,1968-69,25,KEN,62,1421,12.0,,,1.4,.048
Sam Smith,1969-70,26,KEN,81,2405,12.8,,,3.3,.066
Sam Smith,1970-71,27,2TM,35,302,10.6,,,0.2,.037
Sam Smith,1970-71,27,KEN,25,259,10.6,,,0.3,.055
Sam Smith,1970-71,27,UTS,10,43,11.0,,,-0.1,-0.067
Sam Smith,1978-79,24,MIL,16,125,14.2,-1.0,0.1,0.2,.090
Sam Smith,1979-80,25,CHI,30,496,14.2,-0.9,0.1,0.8,.079
Steve Smith,1991-92,22,MIA,61,1806,12.5,-1.3,0.3,1.5,.040
Steve Smith,1992-93,23,MIA,48,1610,16.1,1.6,1.5,3.5,.104
Steve Smith,1993-94,24,MIA,78,2776,17.2,2.6,3.2,8.1,.141
Steve Smith,1994-95,25,2TM,80,2665,16.1,1.1,2.1,7.8,.140
Steve Smith,1994-95,25,MIA,2,62,19.5,-0.2,0.0,0.2,.153
Steve Smith,1994-95,25,ATL,78,2603,16.1,1.2,2.1,7.6,.139
Steve Smith,1995-96,26,ATL,80,2856,16.6,1.0,2.1,7.9,.133
Steve Smith,1996-97,27,ATL,72,2818,17.4,1.7,2.7,9.1,.154
Steve Smith,1997-98,28,ATL,73,2857,18.8,3.0,3.6,10.2,.171
Steve Smith,1998-99,29,ATL,36,1314,17.9,3.1,1.7,4.4,.162
Steve Smith,1999-00,30,POR,82,2689,17.3,2.9,3.3,10.4,.186
Steve Smith,2000-01,31,POR,81,2542,15.9,0.6,1.7,8.2,.155
Steve Smith,2001-02,32,SAS,77,2211,13.9,0.9,1.6,6.4,.139
Steve Smith,2002-03,33,SAS,53,1032,12.0,-0.4,0.4,2.5,.117
Steve Smith,2003-04,34,NOH,71,929,11.8,-2.0,0.0,1.9,.099
Steve Smith,2004-05,35,2TM,50,750,13.6,0.0,0.4,1.8,.113
Steve Smith,2004-05,35,CHA,37,636,14.8,0.6,0.4,1.7,.128
Steve Smith,2004-05,35,MIA,13,114,7.0,-3.9,-0.1,0.1,.028
Steven Smith,2006-07,23,PHI,8,28,-1.8,-14.9,-0.1,-0.1,-0.154
Stevin Smith,1996-97,25,DAL,8,60,3.3,-9.5,-0.1,-0.1,-0.072
Terquavion Smith,2023-24,21,PHI,16,84,14.8,0.8,0.1,0.1,.050
Theron Smith,2003-04,23,MEM,20,178,8.4,-3.3,-0.1,0.1,.019
Theron Smith,2004-05,24,CHA,33,510,5.2,-7.5,-0.7,-0.4,-0.040
Tolu Smith,2024-25,24,DET,1,22,19.5,-8.9,0.0,0.1,.128
Tony Smith,1990-91,22,LAL,64,695,10.9,-2.2,0.0,0.5,.037
Tony Smith,1991-92,23,LAL,63,820,10.1,-3.6,-0.3,0.1,.008
Tony Smith,1992-93,24,LAL,55,752,15.2,0.6,0.5,1.5,.098
Tony Smith,1993-94,25,LAL,73,1617,12.8,-2.0,0.0,1.7,.050
Tony Smith,1994-95,26,LAL,61,1024,11.0,-2.2,-0.1,1.3,.059
Tony Smith,1995-96,27,2TM,59,938,11.7,-1.0,0.2,1.3,.065
Tony Smith,1995-96,27,PHO,34,528,12.2,-1.1,0.1,0.5,.045
Tony Smith,1995-96,27,MIA,25,410,11.0,-0.9,0.1,0.8,.091
Tony Smith,1996-97,28,CHH,69,1291,9.4,-2.5,-0.2,0.6,.024
Tony Smith,1997-98,29,MIL,7,80,6.4,-3.3,0.0,-0.1,-0.088
Tony Smith,1998-99,,Did not play - other pro league,,,,,,,
Tony Smith,1999-00,,Did not play - waived,,,,,,,
Tony Smith,2000-01,32,ATL,6,78,3.8,-8.6,-0.1,-0.2,-0.110
Tyler Smith,2024-25,20,MIL,23,122,15.2,-0.9,0.0,0.2,.083
William Smith,1971-72,22,POR,22,448,10.8,,,0.0,-0.003
William Smith,1972-73,23,POR,8,43,15.5,,,0.2,.199
Willie Smith,1976-77,23,CHI,2,11,-3.8,-4.9,0.0,0.0,-0.067
Willie Smith,1977-78,24,IND,1,7,2.0,-4.5,0.0,0.0,.034
Willie Smith,1978-79,25,POR,13,131,14.6,-1.3,0.1,0.3,.103
Willie Smith,1979-80,26,CLE,62,1051,12.2,0.0,0.5,1.0,.047
Zhaire Smith,2018-19,19,PHI,6,111,9.5,-5.0,-0.1,0.1,.048
Zhaire Smith,2019-20,20,PHI,7,32,1.1,-9.8,-0.1,-0.1,-0.120
Rik Smits,1988-89,22,IND,82,2041,15.6,-0.8,0.6,4.3,.101
Rik Smits,1989-90,23,IND,82,2404,18.1,0.7,1.6,6.6,.132
Rik Smits,1990-91,24,IND,76,1690,14.9,-2.1,-0.1,2.9,.081
Rik Smits,1991-92,25,IND,74,1772,16.8,-1.0,0.5,3.4,.093
Rik Smits,1992-93,26,IND,81,2072,14.8,-2.8,-0.4,2.7,.064
Rik Smits,1993-94,27,IND,78,2113,19.7,2.2,2.3,7.8,.177
Rik Smits,1994-95,28,IND,78,2381,19.5,0.3,1.4,7.2,.146
Rik Smits,1995-96,29,IND,63,1901,19.0,0.5,1.2,5.0,.127
Rik Smits,1996-97,30,IND,52,1518,18.3,-0.4,0.6,3.3,.105
Rik Smits,1997-98,31,IND,73,2085,19.9,0.9,1.6,6.1,.141
Rik Smits,1998-99,32,IND,49,1271,20.2,0.6,0.9,3.4,.130
Rik Smits,1999-00,33,IND,79,1852,17.3,-1.5,0.2,3.8,.099
Mike Smrek,1985-86,23,CHI,38,408,6.5,-7.5,-0.6,-0.2,-0.024
Mike Smrek,1986-87,24,LAL,35,233,5.0,-7.3,-0.3,0.1,.031
Mike Smrek,1987-88,25,LAL,48,421,7.7,-6.0,-0.4,0.4,.047
Mike Smrek,1988-89,26,SAS,43,623,9.0,-4.6,-0.4,0.4,.031
Mike Smrek,1989-90,27,GSW,13,107,7.1,-5.8,-0.1,-0.1,-0.039
Mike Smrek,1990-91,28,2TM,15,95,5.4,-7.6,-0.1,0.0,.018
Mike Smrek,1990-91,28,GSW,5,25,14.6,-4.9,0.0,0.1,.111
Mike Smrek,1990-91,28,LAC,10,70,2.1,-8.5,-0.1,0.0,-0.015
Mike Smrek,1991-92,29,GSW,2,3,4.9,-2.6,0.0,0.0,.054
Joe Smyth,1953-54,24,2TM,40,495,12.0,,,0.1,.006
Joe Smyth,1953-54,24,NYK,8,59,7.6,,,0.0,.008
Joe Smyth,1953-54,24,BLB,32,436,12.6,,,0.1,.006
Xavier Sneed,2021-22,24,2TM,9,39,0.4,-10.6,-0.1,0.0,-0.056
Xavier Sneed,2021-22,24,MEM,2,8,-7.1,-19.9,0.0,0.0,-0.143
Xavier Sneed,2021-22,24,UTA,7,31,2.4,-8.2,0.0,0.0,-0.033
Xavier Sneed,2022-23,25,CHO,4,48,9.5,-3.6,0.0,0.1,.086
Xavier Sneed,2023-24,,Did not play - other pro league,,,,,,,
Tony Snell,2013-14,22,CHI,77,1231,8.0,-2.6,-0.2,1.6,.063
Tony Snell,2014-15,23,CHI,72,1412,10.2,-1.4,0.2,2.4,.082
Tony Snell,2015-16,24,CHI,64,1301,6.4,-4.0,-0.6,0.4,.016
Tony Snell,2016-17,25,MIL,80,2336,9.7,-1.7,0.2,3.4,.071
Tony Snell,2017-18,26,MIL,75,2053,8.5,-2.3,-0.1,2.4,.056
Tony Snell,2018-19,27,MIL,74,1304,10.7,-0.7,0.4,3.2,.117
Tony Snell,2019-20,28,DET,59,1641,9.7,-1.8,0.1,2.6,.076
Tony Snell,2020-21,29,ATL,47,992,9.5,-0.5,0.4,2.0,.099
Tony Snell,2021-22,30,2TM,53,823,6.3,-4.2,-0.5,0.4,.023
Tony Snell,2021-22,30,POR,38,546,5.2,-5.0,-0.4,0.1,.005
Tony Snell,2021-22,30,NOP,15,277,8.6,-2.6,0.0,0.3,.058
Eric Snow,1995-96,22,SEA,43,389,10.7,-2.4,0.0,0.5,.061
Eric Snow,1996-97,23,SEA,67,775,12.5,-1.1,0.2,1.9,.117
Eric Snow,1997-98,24,2TM,64,918,11.7,-1.2,0.2,1.3,.067
Eric Snow,1997-98,24,SEA,17,74,2.2,-13.0,-0.2,-0.2,-0.132
Eric Snow,1997-98,24,PHI,47,844,12.5,-0.2,0.4,1.5,.085
Eric Snow,1998-99,25,PHI,48,1716,12.9,-0.1,0.8,3.8,.105
Eric Snow,1999-00,26,PHI,82,2866,12.8,0.1,1.5,6.1,.102
Eric Snow,2000-01,27,PHI,50,1740,13.9,0.3,1.0,3.8,.105
Eric Snow,2001-02,28,PHI,61,2225,14.7,0.3,1.3,5.5,.119
Eric Snow,2002-03,29,PHI,82,3108,15.6,0.7,2.1,8.4,.130
Eric Snow,2003-04,30,PHI,82,2966,13.5,-1.3,0.5,5.5,.090
Eric Snow,2004-05,31,CLE,81,1844,9.0,-2.7,-0.3,1.9,.050
Eric Snow,2005-06,32,CLE,82,2351,8.1,-3.0,-0.6,2.1,.042
Eric Snow,2006-07,33,CLE,82,1929,8.6,-2.6,-0.3,2.8,.069
Eric Snow,2007-08,34,CLE,22,305,3.1,-6.4,-0.3,-0.1,-0.021
Dick Snyder,1966-67,22,STL,55,676,12.3,,,0.6,.045
Dick Snyder,1967-68,23,STL,75,1622,10.4,,,1.8,.052
Dick Snyder,1968-69,24,PHO,81,2108,13.9,,,3.7,.085
Dick Snyder,1969-70,25,2TM,82,2437,14.3,,,6.2,.121
Dick Snyder,1969-70,25,PHO,6,147,8.3,,,0.2,.058
Dick Snyder,1969-70,25,SEA,76,2290,14.7,,,6.0,.125
Dick Snyder,1970-71,26,SEA,82,2824,17.4,,,10.0,.170
Dick Snyder,1971-72,27,SEA,73,2534,15.8,,,8.0,.152
Dick Snyder,1972-73,28,SEA,82,3060,12.0,,,4.1,.065
Dick Snyder,1973-74,29,SEA,74,2670,14.5,-0.1,1.3,6.0,.107
Dick Snyder,1974-75,30,CLE,82,2590,15.1,0.7,1.8,6.4,.118
Dick Snyder,1975-76,31,CLE,82,2274,14.7,0.7,1.6,6.2,.131
Dick Snyder,1976-77,32,CLE,82,1685,13.3,-0.6,0.6,3.4,.097
Dick Snyder,1977-78,33,CLE,58,660,12.0,-1.2,0.1,0.9,.067
Dick Snyder,1978-79,34,SEA,56,536,10.8,-1.9,0.0,0.9,.080
Kirk Snyder,2004-05,21,UTA,68,906,8.6,-4.4,-0.5,-0.2,-0.012
Kirk Snyder,2005-06,22,NOK,68,1310,14.6,0.6,0.9,2.2,.082
Kirk Snyder,2006-07,23,HOU,39,563,12.2,0.2,0.3,1.4,.117
Kirk Snyder,2007-08,24,2TM,36,761,13.3,-1.8,0.0,1.1,.068
Kirk Snyder,2007-08,24,HOU,9,81,14.4,1.3,0.1,0.2,.117
Kirk Snyder,2007-08,24,MIN,27,680,13.2,-2.1,0.0,0.9,.063
Chips Sobek,1949-50,29,SHE,60,,,,,3.1,
Ricky Sobers,1975-76,23,PHO,78,1898,13.1,-1.6,0.2,2.8,.072
Ricky Sobers,1976-77,24,PHO,79,2005,16.5,0.5,1.3,5.3,.126
Ricky Sobers,1977-78,25,IND,79,3019,15.4,-0.3,1.3,4.8,.076
Ricky Sobers,1978-79,26,IND,81,2825,14.8,-0.7,1.0,4.3,.074
Ricky Sobers,1979-80,27,CHI,82,2673,12.5,-1.9,0.1,2.4,.044
Ricky Sobers,1980-81,28,CHI,71,1803,15.6,-0.6,0.6,3.8,.101
Ricky Sobers,1981-82,29,CHI,80,1938,12.2,-3.4,-0.7,1.0,.024
Ricky Sobers,1982-83,30,WSB,41,1438,12.8,-0.7,0.5,2.4,.080
Ricky Sobers,1983-84,31,WSB,81,2624,13.2,-1.6,0.3,2.9,.053
Ricky Sobers,1984-85,32,SEA,71,1490,11.3,-3.7,-0.6,0.1,.002
Ricky Sobers,1985-86,33,SEA,78,1279,13.4,-1.3,0.2,2.2,.081
Ron Sobie,1956-57,22,NYK,71,1378,14.1,,,2.6,.090
Ron Sobie,1957-58,23,NYK,55,1399,14.9,,,3.6,.124
Ron Sobie,1958-59,24,NYK,50,857,13.5,,,0.9,.050
Ron Sobie,1959-60,25,2TM,16,234,11.1,,,0.1,.016
Ron Sobie,1959-60,25,NYK,15,221,11.8,,,0.1,.024
Ron Sobie,1959-60,25,MNL,1,13,-0.8,,,0.0,-0.121
Jeremy Sochan,2022-23,19,SAS,56,1458,11.4,-4.0,-0.7,0.2,.005
Jeremy Sochan,2023-24,20,SAS,74,2193,11.4,-3.4,-0.8,1.4,.030
Jeremy Sochan,2024-25,21,SAS,54,1364,15.9,-1.2,0.3,2.7,.096
Mike Sojourner,1974-75,21,ATL,73,2129,14.1,-0.4,0.8,4.7,.106
Mike Sojourner,1975-76,22,ATL,67,1602,13.1,-1.6,0.2,2.7,.079
Mike Sojourner,1976-77,23,ATL,51,551,13.5,-1.5,0.1,0.9,.079
Willie Sojourner,1971-72,23,VIR,84,1313,15.9,,,3.5,.129
Willie Sojourner,1972-73,24,VIR,64,1065,13.9,,,1.9,.086
Willie Sojourner,1973-74,25,NYA,82,1316,12.3,-1.3,0.2,3.0,.109
Willie Sojourner,1974-75,26,NYA,79,1020,11.9,-2.6,-0.2,2.4,.111
Will Solomon,2001-02,23,MEM,62,872,8.8,-4.4,-0.5,-0.5,-0.027
Will Solomon,2002-03,,Did not play - other pro league,,,,,,,
Will Solomon,2003-04,,Did not play - other pro league,,,,,,,
Will Solomon,2004-05,,Did not play - other pro league,,,,,,,
Will Solomon,2005-06,,Did not play - other pro league,,,,,,,
Will Solomon,2006-07,,Did not play - other pro league,,,,,,,
Will Solomon,2007-08,,Did not play - other pro league,,,,,,,
Will Solomon,2008-09,30,2TM,53,712,12.5,-1.9,0.0,0.5,.033
Will Solomon,2008-09,30,TOR,39,544,12.5,-1.9,0.0,0.4,.032
Will Solomon,2008-09,30,SAC,14,168,12.6,-1.6,0.0,0.1,.037
Willie Somerset,1965-66,23,BAL,8,98,10.2,,,0.1,.056
Willie Somerset,1966-67,,Did not play - other pro league,,,,,,,
Willie Somerset,1967-68,25,HSM,61,2334,20.5,,,9.4,.193
Willie Somerset,1968-69,26,2TM,74,3118,16.3,,,5.3,.081
Willie Somerset,1968-69,26,HSM,43,1793,16.5,,,3.2,.085
Willie Somerset,1968-69,26,NYA,31,1325,16.2,,,2.1,.076
Darius Songaila,2002-03,,Did not play - other pro league,,,,,,,
Darius Songaila,2003-04,25,SAC,73,976,14.6,-1.2,0.2,2.6,.129
Darius Songaila,2004-05,26,SAC,81,1668,14.9,-0.9,0.5,4.3,.124
Darius Songaila,2005-06,27,CHI,62,1329,13.6,-1.1,0.3,2.5,.090
Darius Songaila,2006-07,28,WAS,37,700,13.6,-3.2,-0.2,1.1,.078
Darius Songaila,2007-08,29,WAS,80,1554,11.8,-2.6,-0.2,1.7,.053
Darius Songaila,2008-09,30,WAS,77,1521,13.9,-2.0,0.0,2.4,.076
Darius Songaila,2009-10,31,NOH,75,1410,11.6,-3.7,-0.6,1.3,.044
Darius Songaila,2010-11,32,PHI,10,71,1.2,-10.3,-0.1,0.0,-0.019
Dave Sorenson,1970-71,22,CLE,79,1940,15.2,,,2.6,.065
Dave Sorenson,1971-72,23,CLE,76,1162,14.6,,,2.1,.086
Dave Sorenson,1972-73,24,2TM,58,755,12.4,,,0.7,.042
Dave Sorenson,1972-73,24,CLE,10,129,3.4,,,-0.4,-0.147
Dave Sorenson,1972-73,24,PHI,48,626,14.3,,,1.1,.081
James Southerland,2013-14,23,2TM,4,30,11.8,-2.7,0.0,0.0,-0.023
James Southerland,2013-14,23,CHA,1,3,-40.6,-47.0,0.0,-0.1,-1.119
James Southerland,2013-14,23,NOP,3,27,17.7,2.2,0.0,0.1,.098
Gino Sovran,1946-47,22,TRH,6,,,,,0.1,
Pape Sow,2004-05,23,TOR,27,255,7.8,-5.8,-0.2,0.2,.029
Pape Sow,2005-06,24,TOR,42,590,9.5,-5.8,-0.6,0.6,.045
Pape Sow,2006-07,25,TOR,7,34,16.4,-2.1,0.0,0.1,.128
Ken Spain,1970-71,24,PTC,11,112,5.2,,,0.0,.000
Ray Spalding,2018-19,21,2TM,14,148,14.6,-5.1,-0.1,0.2,.051
Ray Spalding,2018-19,21,DAL,1,1,0.0,-12.6,0.0,0.0,.000
Ray Spalding,2018-19,21,PHO,13,147,14.7,-5.1,-0.1,0.2,.051
Ray Spalding,2019-20,,Did not play - other pro league,,,,,,,
Ray Spalding,2020-21,23,HOU,2,19,0.8,-14.3,-0.1,-0.1,-0.184
Jim Spanarkel,1979-80,22,PHI,40,442,10.7,-3.6,-0.2,0.4,.048
Jim Spanarkel,1980-81,23,DAL,82,2317,17.3,1.2,1.9,5.5,.115
Jim Spanarkel,1981-82,24,DAL,82,1755,17.2,2.2,1.9,5.2,.142
Jim Spanarkel,1982-83,25,DAL,48,722,12.2,-1.5,0.1,1.0,.064
Jim Spanarkel,1983-84,26,DAL,7,54,16.8,-1.9,0.1,0.2,.141
Vassilis Spanoulis,2004-05,,Did not play - other pro league,,,,,,,
Vassilis Spanoulis,2005-06,,Did not play - other pro league,,,,,,,
Vassilis Spanoulis,2006-07,24,HOU,31,272,5.4,-5.9,-0.3,-0.1,-0.010
Dan Sparks,1968-69,23,MMF,64,1138,10.3,,,0.7,.029
Dan Sparks,1969-70,24,MMF,3,52,12.5,,,0.0,.036
Guy Sparrow,1955-56,,Did not play - military service,,,,,,,
Guy Sparrow,1956-57,,Did not play - military service,,,,,,,
Guy Sparrow,1957-58,25,NYK,72,1661,12.5,,,1.2,.035
Guy Sparrow,1958-59,26,2TM,67,842,8.9,,,-0.9,-0.051
Guy Sparrow,1958-59,26,NYK,44,607,8.8,,,-0.9,-0.072
Guy Sparrow,1958-59,26,PHW,23,235,9.2,,,0.0,.003
Guy Sparrow,1959-60,27,PHW,11,80,3.8,,,-0.2,-0.105
Rory Sparrow,1980-81,22,NJN,15,212,8.2,-3.0,-0.1,-0.1,-0.023
Rory Sparrow,1981-82,23,ATL,82,2610,13.0,0.1,1.4,5.6,.104
Rory Sparrow,1982-83,24,2TM,81,2428,13.2,-0.7,0.8,4.2,.084
Rory Sparrow,1982-83,24,ATL,49,1548,13.7,-0.8,0.5,2.8,.087
Rory Sparrow,1982-83,24,NYK,32,880,12.3,-0.5,0.3,1.4,.079
Rory Sparrow,1983-84,25,NYK,79,2436,12.4,-0.5,0.9,4.2,.083
Rory Sparrow,1984-85,26,NYK,79,2292,14.3,-0.1,1.1,4.3,.091
Rory Sparrow,1985-86,27,NYK,74,2344,13.0,-0.3,1.0,3.7,.077
Rory Sparrow,1986-87,28,NYK,80,1951,11.2,-2.4,-0.2,1.0,.024
Rory Sparrow,1987-88,29,2TM,58,1044,8.3,-4.0,-0.5,0.5,.024
Rory Sparrow,1987-88,29,NYK,3,52,-1.7,-8.3,-0.1,-0.2,-0.179
Rory Sparrow,1987-88,29,CHI,55,992,8.9,-3.8,-0.4,0.7,.035
Rory Sparrow,1988-89,30,MIA,80,2613,11.7,-2.3,-0.2,1.6,.029
Rory Sparrow,1989-90,31,MIA,82,1756,8.8,-4.0,-0.9,0.7,.019
Rory Sparrow,1990-91,32,SAC,80,2375,12.4,-1.5,0.3,2.8,.057
Rory Sparrow,1991-92,33,2TM,46,489,6.5,-6.6,-0.6,-0.4,-0.037
Rory Sparrow,1991-92,33,CHI,4,18,-5.5,-16.8,-0.1,-0.1,-0.260
Rory Sparrow,1991-92,33,LAL,42,471,6.9,-6.3,-0.5,-0.3,-0.029
Odie Spears,1948-49,24,CHS,57,,,,,3.3,
Odie Spears,1949-50,25,CHS,68,,,,,5.6,
Odie Spears,1950-51,,Did not play - other pro league,,,,,,,
Odie Spears,1951-52,27,ROC,66,1673,14.0,,,3.1,.090
Odie Spears,1952-53,28,ROC,62,1414,17.2,,,5.2,.177
Odie Spears,1953-54,29,ROC,72,1633,14.3,,,4.7,.137
Odie Spears,1954-55,30,ROC,71,1888,12.7,,,3.8,.096
Odie Spears,1955-56,31,FTW,72,1378,11.3,,,2.0,.070
Odie Spears,1956-57,32,2TM,11,118,8.4,,,0.2,.078
Odie Spears,1956-57,32,FTW,4,21,11.9,,,0.0,.080
Odie Spears,1956-57,32,STL,7,97,7.6,,,0.2,.078
Art Spector,1946-47,28,BOS,55,,,,,1.4,
Art Spector,1947-48,29,BOS,48,,,,,1.0,
Art Spector,1948-49,30,BOS,59,,,,,0.6,
Art Spector,1949-50,31,BOS,7,,,,,-0.2,
Marreese Speights,2008-09,21,PHI,79,1263,17.9,-1.4,0.2,3.8,.146
Marreese Speights,2009-10,22,PHI,62,1016,17.6,-2.9,-0.2,2.1,.101
Marreese Speights,2010-11,23,PHI,64,734,15.3,-3.0,-0.2,1.7,.110
Marreese Speights,2011-12,24,MEM,60,1345,14.1,-3.0,-0.4,2.7,.096
Marreese Speights,2012-13,25,2TM,79,1300,17.3,-2.8,-0.2,2.8,.104
Marreese Speights,2012-13,25,MEM,40,579,16.1,-2.4,0.0,1.4,.116
Marreese Speights,2012-13,25,CLE,39,721,18.2,-3.1,-0.2,1.4,.094
Marreese Speights,2013-14,26,GSW,79,982,15.2,-3.7,-0.4,2.1,.103
Marreese Speights,2014-15,27,GSW,76,1207,19.5,-1.9,0.0,4.0,.158
Marreese Speights,2015-16,28,GSW,72,832,17.1,-3.7,-0.4,1.8,.102
Marreese Speights,2016-17,29,LAC,82,1286,17.5,0.6,0.9,4.2,.155
Marreese Speights,2017-18,30,ORL,52,675,13.7,-1.1,0.1,0.6,.045
Omari Spellman,2018-19,21,ATL,46,805,12.4,-1.2,0.2,1.2,.070
Omari Spellman,2019-20,22,GSW,49,886,14.4,-1.8,0.1,1.2,.066
Andre Spencer,1992-93,28,2TM,20,422,12.8,-2.5,-0.1,0.6,.071
Andre Spencer,1992-93,28,ATL,3,15,-8.8,-15.2,-0.1,-0.1,-0.284
Andre Spencer,1992-93,28,GSW,17,407,13.5,-2.0,0.0,0.7,.084
Andre Spencer,1993-94,29,2TM,28,349,15.6,0.6,0.2,0.8,.109
Andre Spencer,1993-94,29,GSW,5,63,12.0,1.2,0.1,0.1,.096
Andre Spencer,1993-94,29,SAC,23,286,16.4,0.4,0.2,0.7,.112
Cam Spencer,2024-25,24,MEM,25,252,14.2,0.5,0.2,0.8,.160
Elmore Spencer,1992-93,23,LAC,44,280,9.7,-5.3,-0.2,0.2,.026
Elmore Spencer,1993-94,24,LAC,76,1930,10.7,-4.1,-1.0,0.6,.016
Elmore Spencer,1994-95,25,LAC,19,368,7.7,-5.9,-0.3,-0.7,-0.085
Elmore Spencer,1995-96,26,2TM,17,58,2.3,-10.0,-0.1,-0.1,-0.056
Elmore Spencer,1995-96,26,DEN,6,21,-11.2,-19.2,-0.1,-0.1,-0.209
Elmore Spencer,1995-96,26,POR,11,37,10.0,-4.8,0.0,0.0,.032
Elmore Spencer,1996-97,27,SEA,1,5,-7.3,-11.1,0.0,0.0,-0.366
Felton Spencer,1990-91,23,MIN,81,2099,13.8,-2.6,-0.3,5.6,.128
Felton Spencer,1991-92,24,MIN,61,1481,11.2,-4.3,-0.9,2.0,.064
Felton Spencer,1992-93,25,MIN,71,1296,8.2,-5.9,-1.3,1.1,.039
Felton Spencer,1993-94,26,UTA,79,2210,11.7,-3.1,-0.6,4.7,.102
Felton Spencer,1994-95,27,UTA,34,905,12.3,-3.2,-0.3,2.0,.104
Felton Spencer,1995-96,28,UTA,71,1267,10.4,-4.5,-0.8,2.4,.089
Felton Spencer,1996-97,29,2TM,73,1558,9.2,-5.6,-1.4,1.3,.040
Felton Spencer,1996-97,29,ORL,1,19,17.1,0.6,0.0,0.1,.186
Felton Spencer,1996-97,29,GSW,72,1539,9.1,-5.6,-1.4,1.2,.038
Felton Spencer,1997-98,30,GSW,68,813,8.5,-5.9,-0.8,0.9,.052
Felton Spencer,1998-99,31,GSW,26,159,9.8,-4.7,-0.1,0.3,.078
Felton Spencer,1999-00,32,SAS,26,149,13.6,-2.0,0.0,0.5,.159
Felton Spencer,2000-01,33,NYK,18,113,13.5,-4.6,-0.1,0.4,.152
Felton Spencer,2001-02,34,NYK,32,248,0.8,-9.9,-0.5,-0.1,-0.013
Pat Spencer,2023-24,27,GSW,6,26,9.4,-6.4,0.0,0.0,.084
Pat Spencer,2024-25,28,GSW,39,250,12.6,-1.6,0.0,0.3,.055
Lou Spicer,1946-47,24,PRO,4,,,,,-0.2,
Craig Spitzer,1967-68,22,CHI,10,44,14.6,,,0.0,-0.007
Tiago Splitter,2007-08,,Did not play - other pro league,,,,,,,
Tiago Splitter,2008-09,,Did not play - other pro league,,,,,,,
Tiago Splitter,2009-10,,Did not play - other pro league,,,,,,,
Tiago Splitter,2010-11,26,SAS,60,738,16.0,-0.8,0.2,2.3,.149
Tiago Splitter,2011-12,27,SAS,59,1121,20.5,2.0,1.1,4.6,.197
Tiago Splitter,2012-13,28,SAS,81,1997,18.7,2.2,2.1,8.2,.197
Tiago Splitter,2013-14,29,SAS,59,1271,16.5,0.6,0.8,4.3,.163
Tiago Splitter,2014-15,30,SAS,52,1030,18.9,2.3,1.1,4.0,.189
Tiago Splitter,2015-16,31,ATL,36,579,13.7,-1.7,0.0,1.7,.144
Tiago Splitter,2016-17,32,PHI,8,76,15.0,-4.3,0.0,0.1,.072
Art Spoelstra,1954-55,22,ROC,70,1127,13.2,,,1.7,.074
Art Spoelstra,1955-56,23,ROC,72,1640,12.7,,,3.7,.107
Art Spoelstra,1956-57,24,ROC,69,1176,12.3,,,1.8,.073
Art Spoelstra,1957-58,25,2TM,67,1305,9.9,,,1.4,.053
Art Spoelstra,1957-58,25,MNL,50,1098,10.4,,,1.4,.060
Art Spoelstra,1957-58,25,NYK,17,207,6.8,,,0.1,.017
Bruce Spraggins,1967-68,28,NJA,70,1590,18.0,,,4.3,.131
Latrell Sprewell,1992-93,22,GSW,77,2741,13.6,0.2,1.5,4.0,.070
Latrell Sprewell,1993-94,23,GSW,82,3533,15.9,1.9,3.5,8.0,.108
Latrell Sprewell,1994-95,24,GSW,69,2771,14.1,-1.2,0.5,2.0,.034
Latrell Sprewell,1995-96,25,GSW,78,3064,15.9,0.7,2.1,5.5,.086
Latrell Sprewell,1996-97,26,GSW,80,3353,19.7,2.7,4.0,8.1,.115
Latrell Sprewell,1997-98,27,GSW,14,547,15.1,0.0,0.3,0.4,.033
Latrell Sprewell,1998-99,28,NYK,37,1233,16.7,1.3,1.1,3.0,.117
Latrell Sprewell,1999-00,29,NYK,82,3276,15.7,1.0,2.5,6.6,.097
Latrell Sprewell,2000-01,30,NYK,77,3017,15.1,0.7,2.1,5.1,.082
Latrell Sprewell,2001-02,31,NYK,81,3326,13.7,-0.8,0.9,2.8,.041
Latrell Sprewell,2002-03,32,NYK,74,2859,14.3,0.1,1.5,3.2,.054
Latrell Sprewell,2003-04,33,MIN,82,3100,14.7,-0.3,1.3,5.7,.088
Latrell Sprewell,2004-05,34,MIN,80,2450,12.1,-2.4,-0.3,1.9,.038
Larry Spriggs,1981-82,22,HOU,4,37,11.7,-3.5,0.0,0.0,.037
Larry Spriggs,1982-83,23,CHI,9,39,15.7,-3.4,0.0,0.1,.069
Larry Spriggs,1983-84,24,LAL,38,363,9.6,-2.9,-0.1,0.5,.062
Larry Spriggs,1984-85,25,LAL,75,1292,11.9,-1.7,0.1,2.6,.095
Larry Spriggs,1985-86,26,LAL,43,471,10.5,-3.9,-0.2,0.3,.027
Jaden Springer,2021-22,19,PHI,2,6,26.4,17.1,0.0,0.0,.138
Jaden Springer,2022-23,20,PHI,16,89,17.2,0.3,0.1,0.3,.145
Jaden Springer,2023-24,21,2TM,49,507,10.7,-3.4,-0.2,0.6,.052
Jaden Springer,2023-24,21,PHI,32,377,10.6,-3.4,-0.1,0.3,.038
Jaden Springer,2023-24,21,BOS,17,130,10.9,-3.2,0.0,0.2,.092
Jaden Springer,2024-25,22,2TM,43,365,10.7,-2.7,-0.1,0.5,.070
Jaden Springer,2024-25,22,BOS,26,141,12.1,-0.3,0.1,0.4,.133
Jaden Springer,2024-25,22,UTA,17,224,9.8,-4.3,-0.1,0.1,.031
Jim Springer,1948-49,22,INJ,2,,,,,0.0,
Jim Spruill,1948-49,25,INJ,1,,,,,0.0,
Ryan Stack,1998-99,23,CLE,18,199,9.7,-5.0,-0.2,0.4,.086
Ryan Stack,1999-00,24,CLE,25,198,4.6,-8.4,-0.3,-0.1,-0.031
Jerry Stackhouse,1995-96,21,PHI,72,2701,14.8,-1.0,0.7,1.2,.021
Jerry Stackhouse,1996-97,22,PHI,81,3166,14.1,-2.2,-0.2,2.1,.032
Jerry Stackhouse,1997-98,23,2TM,79,2545,16.2,0.5,1.6,4.7,.089
Jerry Stackhouse,1997-98,23,PHI,22,748,14.9,-0.3,0.3,0.9,.056
Jerry Stackhouse,1997-98,23,DET,57,1797,16.8,0.9,1.3,3.8,.103
Jerry Stackhouse,1998-99,24,DET,42,1188,15.2,-0.8,0.4,1.9,.076
Jerry Stackhouse,1999-00,25,DET,82,3148,18.9,1.0,2.4,7.3,.111
Jerry Stackhouse,2000-01,26,DET,80,3215,21.8,5.1,5.8,9.2,.137
Jerry Stackhouse,2001-02,27,DET,76,2685,19.0,1.5,2.4,5.8,.104
Jerry Stackhouse,2002-03,28,WAS,70,2747,18.7,1.3,2.3,6.5,.114
Jerry Stackhouse,2003-04,29,WAS,26,774,13.2,-3.7,-0.3,0.2,.013
Jerry Stackhouse,2004-05,30,DAL,56,1617,15.9,-0.2,0.8,3.5,.103
Jerry Stackhouse,2005-06,31,DAL,55,1525,14.5,-1.5,0.2,2.4,.076
Jerry Stackhouse,2006-07,32,DAL,67,1615,16.8,1.2,1.3,4.1,.122
Jerry Stackhouse,2007-08,33,DAL,58,1412,13.3,-0.8,0.4,2.3,.077
Jerry Stackhouse,2008-09,34,DAL,10,162,3.4,-7.5,-0.2,-0.4,-0.110
Jerry Stackhouse,2009-10,35,MIL,42,855,11.1,-1.7,0.1,0.9,.048
Jerry Stackhouse,2010-11,36,MIA,7,50,6.0,-6.2,-0.1,0.0,.005
Jerry Stackhouse,2011-12,37,ATL,30,273,11.5,-1.3,0.0,0.3,.060
Jerry Stackhouse,2012-13,38,BRK,37,544,8.5,-3.3,-0.2,0.4,.037
Kevin Stacom,1974-75,23,BOS,61,447,12.0,-1.7,0.0,0.9,.092
Kevin Stacom,1975-76,24,BOS,77,1114,11.7,-1.3,0.2,1.8,.076
Kevin Stacom,1976-77,25,BOS,79,1051,10.1,-2.7,-0.2,0.6,.027
Kevin Stacom,1977-78,26,BOS,55,1006,12.0,-2.3,-0.1,0.8,.038
Kevin Stacom,1978-79,27,2TM,68,831,8.0,-5.1,-0.7,-0.8,-0.048
Kevin Stacom,1978-79,27,IND,44,571,7.1,-5.4,-0.5,-0.6,-0.049
Kevin Stacom,1978-79,27,BOS,24,260,10.1,-4.3,-0.2,-0.2,-0.046
Kevin Stacom,1979-80,,Did not play - waived,,,,,,,
Kevin Stacom,1980-81,,Did not play - retired,,,,,,,
Kevin Stacom,1981-82,30,MIL,7,90,4.0,-5.3,-0.1,-0.1,-0.060
Erv Staggs,1969-70,21,MMF,53,1058,6.7,,,-0.2,-0.011
Bud Stallworth,1972-73,23,SEA,77,1225,9.3,,,-0.9,-0.036
Bud Stallworth,1973-74,24,SEA,67,1019,8.4,-5.9,-1.0,-0.3,-0.014
Bud Stallworth,1974-75,25,NOJ,73,1668,10.2,-4.5,-1.1,0.4,.012
Bud Stallworth,1975-76,26,NOJ,56,1051,12.2,-2.9,-0.2,1.1,.049
Bud Stallworth,1976-77,27,NOJ,40,526,12.2,-2.9,-0.1,0.4,.040
Dave Stallworth,1965-66,24,NYK,80,1893,16.3,,,3.7,.095
Dave Stallworth,1966-67,25,NYK,76,1889,15.8,,,3.9,.098
Dave Stallworth,1967-68,,Did not play - illness,,,,,,,
Dave Stallworth,1968-69,,Did not play - illness,,,,,,,
Dave Stallworth,1969-70,28,NYK,82,1375,14.2,,,3.4,.119
Dave Stallworth,1970-71,29,NYK,81,1565,14.8,,,3.8,.116
Dave Stallworth,1971-72,30,2TM,78,2040,12.9,,,2.8,.066
Dave Stallworth,1971-72,30,NYK,14,225,12.1,,,0.2,.053
Dave Stallworth,1971-72,30,BAL,64,1815,13.0,,,2.5,.067
Dave Stallworth,1972-73,31,BAL,73,1217,11.7,,,1.7,.065
Dave Stallworth,1973-74,32,CAP,45,458,15.0,0.1,0.2,1.1,.117
Dave Stallworth,1974-75,33,NYK,7,57,7.6,-3.9,0.0,0.0,-0.040
Ed Stanczak,1949-50,28,AND,57,,,,,6.2,
Ed Stanczak,1950-51,29,BOS,19,,,,,0.3,
Cassius Stanley,2020-21,21,IND,24,93,5.5,-11.2,-0.2,-0.1,-0.050
Cassius Stanley,2021-22,22,DET,9,155,8.0,-5.8,-0.2,0.1,.021
Terence Stansbury,1984-85,23,IND,74,1278,10.3,-3.4,-0.5,1.5,.056
Terence Stansbury,1985-86,24,IND,74,1331,9.5,-3.4,-0.5,0.6,.020
Terence Stansbury,1986-87,25,SEA,44,375,9.7,-4.3,-0.2,0.3,.042
John Starks,1988-89,23,GSW,36,316,10.3,-3.5,-0.1,0.0,-0.002
John Starks,1989-90,,Did not play - other pro league,,,,,,,
John Starks,1990-91,25,NYK,61,1173,14.3,0.9,0.9,2.4,.097
John Starks,1991-92,26,NYK,82,2118,16.4,2.6,2.4,6.4,.146
John Starks,1992-93,27,NYK,80,2477,16.3,2.8,3.0,7.5,.145
John Starks,1993-94,28,NYK,59,2057,16.0,2.7,2.4,5.8,.135
John Starks,1994-95,29,NYK,80,2725,13.8,1.2,2.2,6.2,.109
John Starks,1995-96,30,NYK,81,2491,14.2,1.0,1.9,5.7,.110
John Starks,1996-97,31,NYK,77,2042,15.9,2.6,2.4,5.8,.136
John Starks,1997-98,32,NYK,82,2188,14.3,0.7,1.5,4.6,.101
John Starks,1998-99,33,GSW,50,1686,13.9,0.8,1.2,3.0,.085
John Starks,1999-00,34,2TM,37,1190,12.4,-1.9,0.0,0.6,.026
John Starks,1999-00,34,GSW,33,1108,12.4,-2.0,0.0,0.5,.024
John Starks,1999-00,34,CHI,4,82,12.5,-0.2,0.0,0.1,.058
John Starks,2000-01,35,UTA,75,2122,9.3,-2.5,-0.3,2.1,.048
John Starks,2001-02,36,UTA,66,929,6.0,-6.2,-1.0,-0.1,-0.004
Keith Starr,1976-77,22,CHI,17,65,3.7,-6.1,-0.1,-0.2,-0.111
Nik Stauskas,2014-15,21,SAC,73,1127,7.5,-3.3,-0.4,0.5,.021
Nik Stauskas,2015-16,22,PHI,73,1809,9.2,-3.8,-0.8,0.5,.012
Nik Stauskas,2016-17,23,PHI,80,2188,9.0,-2.8,-0.5,1.4,.031
Nik Stauskas,2017-18,24,2TM,41,523,9.0,-2.3,-0.1,0.3,.031
Nik Stauskas,2017-18,24,PHI,6,45,0.9,-5.9,0.0,0.0,-0.044
Nik Stauskas,2017-18,24,BRK,35,478,9.8,-2.0,0.0,0.4,.038
Nik Stauskas,2018-19,25,2TM,68,1015,10.9,-1.9,0.0,1.1,.052
Nik Stauskas,2018-19,25,POR,44,673,10.8,-1.6,0.1,0.8,.055
Nik Stauskas,2018-19,25,CLE,24,342,11.3,-2.5,0.0,0.3,.046
Nik Stauskas,2019-20,,Did not play - other pro league,,,,,,,
Nik Stauskas,2020-21,,Did not play - other pro league,,,,,,,
Nik Stauskas,2021-22,28,2TM,8,39,10.5,-3.6,0.0,0.1,.078
Nik Stauskas,2021-22,28,MIA,2,24,13.1,-1.3,0.0,0.1,.142
Nik Stauskas,2021-22,28,BOS,6,15,6.2,-7.3,0.0,0.0,-0.025
Larry Staverman,1958-59,22,CIN,57,681,15.2,,,1.6,.112
Larry Staverman,1959-60,23,CIN,49,479,14.5,,,1.1,.112
Larry Staverman,1960-61,24,CIN,66,944,11.8,,,1.4,.072
Larry Staverman,1961-62,,Did not play - other pro league,,,,,,,
Larry Staverman,1962-63,26,CHZ,33,602,13.5,,,1.2,.093
Larry Staverman,1963-64,27,3TM,60,674,12.5,,,1.6,.111
Larry Staverman,1963-64,27,BAL,6,99,5.6,,,0.1,.046
Larry Staverman,1963-64,27,DET,20,255,14.8,,,0.8,.153
Larry Staverman,1963-64,27,CIN,34,320,12.8,,,0.7,.098
Larry Steele,1971-72,22,POR,72,1311,10.9,,,1.6,.057
Larry Steele,1972-73,23,POR,66,1301,10.2,,,1.9,.070
Larry Steele,1973-74,24,POR,81,2648,12.8,0.1,1.4,3.6,.065
Larry Steele,1974-75,25,POR,76,2389,13.1,1.5,2.1,5.7,.114
Larry Steele,1975-76,26,POR,81,2382,13.7,0.3,1.4,4.8,.096
Larry Steele,1976-77,27,POR,81,1680,16.3,1.6,1.5,5.2,.148
Larry Steele,1977-78,28,POR,65,1132,13.8,-0.3,0.5,3.0,.127
Larry Steele,1978-79,29,POR,72,1488,10.1,-2.5,-0.2,2.0,.065
Larry Steele,1979-80,30,POR,16,446,10.8,-2.3,0.0,0.5,.052
Matt Steigenga,1992-93,,Did not play - other pro league,,,,,,,
Matt Steigenga,1993-94,,Did not play - other pro league,,,,,,,
Matt Steigenga,1994-95,,Did not play - other pro league,,,,,,,
Matt Steigenga,1995-96,,Did not play - other pro league,,,,,,,
Matt Steigenga,1996-97,26,CHI,2,12,7.0,-8.5,0.0,0.0,-0.126
Vladimir Stepania,1998-99,22,SEA,23,313,11.3,-6.2,-0.3,-0.1,-0.022
Vladimir Stepania,1999-00,23,SEA,30,202,6.7,-10.8,-0.5,-0.3,-0.080
Vladimir Stepania,2000-01,24,NJN,29,280,12.2,-4.5,-0.2,0.2,.035
Vladimir Stepania,2001-02,25,MIA,67,884,13.9,-2.3,-0.1,1.7,.094
Vladimir Stepania,2002-03,26,MIA,79,1594,13.6,-2.3,-0.1,2.9,.089
Vladimir Stepania,2003-04,27,POR,42,453,12.2,-2.6,-0.1,0.8,.081
D.J. Stephens,2013-14,23,MIL,3,15,16.1,1.7,0.0,0.0,.067
D.J. Stephens,2014-15,,Did not play - other pro league,,,,,,,
D.J. Stephens,2015-16,,Did not play - other pro league,,,,,,,
D.J. Stephens,2016-17,,Did not play - other pro league,,,,,,,
D.J. Stephens,2017-18,,Did not play - other pro league,,,,,,,
D.J. Stephens,2018-19,28,MEM,1,7,5.5,-5.5,0.0,0.0,-0.119
Everette Stephens,1988-89,22,IND,35,209,6.4,-5.6,-0.2,-0.4,-0.103
Everette Stephens,1989-90,,Did not play - other pro league,,,,,,,
Everette Stephens,1990-91,24,MIL,3,6,44.3,24.6,0.0,0.1,.618
Jack Stephens,1955-56,22,STL,72,2219,13.3,,,4.8,.103
Joe Stephens,1996-97,24,HOU,2,9,3.0,-11.9,0.0,-0.1,-0.308
Joe Stephens,1997-98,25,HOU,7,37,17.7,-0.2,0.0,0.0,-0.010
Joe Stephens,1998-99,,Did not play - other pro league,,,,,,,
Joe Stephens,1999-00,27,VAN,13,181,10.2,-1.5,0.0,0.0,.012
Lance Stephenson,2010-11,20,IND,12,115,5.5,-7.2,-0.2,-0.2,-0.093
Lance Stephenson,2011-12,21,IND,42,442,7.0,-3.7,-0.2,-0.3,-0.031
Lance Stephenson,2012-13,22,IND,78,2278,11.8,0.0,1.2,5.5,.115
Lance Stephenson,2013-14,23,IND,78,2752,14.7,1.3,2.3,7.4,.130
Lance Stephenson,2014-15,24,CHO,61,1573,8.8,-4.5,-1.0,-0.9,-0.026
Lance Stephenson,2015-16,25,2TM,69,1372,13.5,-1.2,0.3,2.2,.076
Lance Stephenson,2015-16,25,LAC,43,680,9.8,-1.9,0.0,0.9,.066
Lance Stephenson,2015-16,25,MEM,26,692,17.1,-0.5,0.3,1.2,.086
Lance Stephenson,2016-17,26,3TM,18,361,9.6,-4.0,-0.2,0.1,.008
Lance Stephenson,2016-17,26,NOP,6,162,10.3,-3.6,-0.1,0.1,.027
Lance Stephenson,2016-17,26,MIN,6,67,6.6,-7.3,-0.1,-0.1,-0.045
Lance Stephenson,2016-17,26,IND,6,132,10.3,-2.7,0.0,0.0,.012
Lance Stephenson,2017-18,27,IND,82,1850,12.4,-1.8,0.1,1.8,.046
Lance Stephenson,2018-19,28,LAL,68,1123,11.8,-1.5,0.1,1.1,.049
Lance Stephenson,2019-20,,Did not play - other pro league,,,,,,,
Lance Stephenson,2020-21,,Did not play - unsigned,,,,,,,
Lance Stephenson,2021-22,31,2TM,46,814,13.6,-3.2,-0.2,0.8,.048
Lance Stephenson,2021-22,31,ATL,6,70,4.5,-7.7,-0.1,0.0,-0.023
Lance Stephenson,2021-22,31,IND,40,744,14.5,-2.8,-0.1,0.8,.055
Alex Stepheson,2015-16,28,2TM,8,73,14.8,-2.4,0.0,0.1,.068
Alex Stepheson,2015-16,28,LAC,4,12,8.9,-2.6,0.0,0.0,.113
Alex Stepheson,2015-16,28,MEM,4,61,16.0,-2.4,0.0,0.1,.059
Brook Steppe,1982-83,23,KCK,62,606,11.5,-1.6,0.1,1.1,.084
Brook Steppe,1983-84,24,IND,61,857,13.9,-1.8,0.0,1.3,.074
Brook Steppe,1984-85,25,DET,54,486,13.1,-1.9,0.0,1.0,.097
Brook Steppe,1985-86,,Did not play - other pro league,,,,,,,
Brook Steppe,1986-87,27,SAC,34,665,11.4,-2.0,0.0,0.7,.050
Brook Steppe,1987-88,,Did not play - other pro league,,,,,,,
Brook Steppe,1988-89,29,POR,27,244,12.0,-1.6,0.0,0.6,.113
Barry Stevens,1985-86,,Did not play - other pro league,,,,,,,
Barry Stevens,1986-87,,Did not play - other pro league,,,,,,,
Barry Stevens,1987-88,,Did not play - other pro league,,,,,,,
Barry Stevens,1988-89,,Did not play - other pro league,,,,,,,
Barry Stevens,1989-90,,Did not play - other pro league,,,,,,,
Barry Stevens,1990-91,,Did not play - other pro league,,,,,,,
Barry Stevens,1991-92,,Did not play - other pro league,,,,,,,
Barry Stevens,1992-93,30,GSW,2,6,15.2,-0.8,0.0,0.0,.157
Isaiah Stevens,2024-25,24,MIA,3,6,0.1,-11.8,0.0,0.0,-0.196
Lamar Stevens,2020-21,23,CLE,40,499,10.5,-4.2,-0.3,0.4,.043
Lamar Stevens,2021-22,24,CLE,63,1015,11.3,-2.9,-0.2,1.6,.078
Lamar Stevens,2022-23,25,CLE,62,1120,9.5,-2.8,-0.2,1.9,.080
Lamar Stevens,2023-24,26,2TM,38,559,14.6,-2.2,0.0,0.8,.068
Lamar Stevens,2023-24,26,BOS,19,122,14.5,-2.0,0.0,0.2,.093
Lamar Stevens,2023-24,26,MEM,19,437,14.7,-2.3,0.0,0.6,.061
Lamar Stevens,2024-25,27,MEM,17,155,11.5,-4.2,-0.1,0.2,.052
Wayne Stevens,1959-60,23,CIN,8,49,6.2,,,-0.2,-0.169
DeShawn Stevenson,2000-01,19,UTA,40,293,4.3,-7.7,-0.4,-0.4,-0.071
DeShawn Stevenson,2001-02,20,UTA,67,1134,8.2,-3.9,-0.5,-0.2,-0.010
DeShawn Stevenson,2002-03,21,UTA,61,760,8.2,-5.6,-0.7,-0.1,-0.009
DeShawn Stevenson,2003-04,22,2TM,80,2444,11.6,-3.0,-0.6,1.5,.029
DeShawn Stevenson,2003-04,22,UTA,54,1511,12.2,-2.4,-0.2,1.5,.046
DeShawn Stevenson,2003-04,22,ORL,26,933,10.5,-3.9,-0.5,0.0,.002
DeShawn Stevenson,2004-05,23,ORL,55,1089,9.3,-4.8,-0.8,-0.1,-0.007
DeShawn Stevenson,2005-06,24,ORL,82,2648,10.9,-2.5,-0.3,2.4,.044
DeShawn Stevenson,2006-07,25,WAS,82,2419,12.9,-1.3,0.4,3.1,.061
DeShawn Stevenson,2007-08,26,WAS,82,2564,12.6,-0.2,1.2,4.1,.077
DeShawn Stevenson,2008-09,27,WAS,32,886,6.9,-4.7,-0.6,-0.6,-0.032
DeShawn Stevenson,2009-10,28,2TM,64,883,3.3,-5.6,-0.8,-0.4,-0.022
DeShawn Stevenson,2009-10,28,WAS,40,616,3.3,-5.0,-0.5,-0.3,-0.025
DeShawn Stevenson,2009-10,28,DAL,24,267,3.2,-6.9,-0.3,-0.1,-0.015
DeShawn Stevenson,2010-11,29,DAL,72,1158,9.8,-0.4,0.5,1.8,.074
DeShawn Stevenson,2011-12,30,NJN,51,960,4.3,-4.4,-0.6,-0.3,-0.014
DeShawn Stevenson,2012-13,31,ATL,56,1158,8.1,-2.4,-0.1,1.5,.061
Dennis Stewart,1969-70,,Did not play - waived,,,,,,,
Dennis Stewart,1970-71,23,2TM,12,72,4.6,,,-0.2,-0.122
Dennis Stewart,1970-71,23,BAL,2,6,24.4,,,0.0,.015
Dennis Stewart,1970-71,23,FLO,10,66,2.8,,,-0.2,-0.134
Isaiah Stewart,2020-21,19,DET,68,1455,16.4,-1.1,0.3,4.0,.132
Isaiah Stewart,2021-22,20,DET,71,1816,14.0,-3.3,-0.6,3.4,.091
Isaiah Stewart,2022-23,21,DET,50,1414,13.1,-2.1,0.0,2.0,.068
Isaiah Stewart,2023-24,22,DET,46,1423,11.3,-2.3,-0.1,1.7,.056
Isaiah Stewart,2024-25,23,DET,72,1434,14.6,0.6,0.9,4.3,.144
Kebu Stewart,1997-98,24,PHI,15,110,14.0,-1.4,0.0,0.2,.098
Larry Stewart,1991-92,23,WSB,76,2229,12.9,-1.5,0.3,4.7,.101
Larry Stewart,1992-93,24,WSB,81,1823,14.5,-1.6,0.2,2.9,.077
Larry Stewart,1993-94,25,WSB,3,35,13.6,-0.6,0.0,0.1,.083
Larry Stewart,1994-95,26,WSB,40,346,11.5,-2.3,0.0,0.5,.063
Larry Stewart,1995-96,,Did not play - other pro league,,,,,,,
Larry Stewart,1996-97,28,SEA,70,982,10.8,-3.1,-0.3,1.6,.076
Larry Stewart,1997-98,,Did not play - other pro league,,,,,,,
Larry Stewart,1998-99,,Did not play - other pro league,,,,,,,
Larry Stewart,1999-00,,Did not play - other pro league,,,,,,,
Larry Stewart,2000-01,,Did not play - other pro league,,,,,,,
Larry Stewart,2001-02,,Did not play - other pro league,,,,,,,
Larry Stewart,2002-03,,Did not play - other pro league,,,,,,,
Larry Stewart,2003-04,,Did not play - other pro league,,,,,,,
Larry Stewart,2004-05,,Did not play - other pro league,,,,,,,
Larry Stewart,2005-06,,Did not play - other pro league,,,,,,,
Larry Stewart,2006-07,,Did not play - other pro league,,,,,,,
Larry Stewart,2007-08,,Did not play - other pro league,,,,,,,
Michael Stewart,1997-98,22,SAC,81,1761,12.9,-1.5,0.2,3.0,.081
Michael Stewart,1998-99,23,TOR,42,394,8.8,-4.9,-0.3,0.7,.079
Michael Stewart,1999-00,24,TOR,42,389,5.4,-8.2,-0.6,0.2,.030
Michael Stewart,2000-01,25,TOR,26,123,8.7,-6.5,-0.1,0.1,.036
Michael Stewart,2001-02,26,TOR,11,93,8.6,-4.4,-0.1,0.1,.058
Michael Stewart,2002-03,27,CLE,47,251,5.9,-6.4,-0.3,0.1,.014
Michael Stewart,2003-04,28,2TM,25,147,4.2,-5.2,-0.1,0.2,.057
Michael Stewart,2003-04,28,CLE,8,76,6.8,-3.2,0.0,0.2,.102
Michael Stewart,2003-04,28,BOS,17,71,1.5,-7.4,-0.1,0.0,.009
Michael Stewart,2004-05,29,ATL,12,145,10.6,-4.9,-0.1,0.2,.077
Norm Stewart,1956-57,22,STL,5,37,-2.0,,,-0.1,-0.157
Greg Stiemsma,2011-12,26,BOS,55,766,13.6,1.4,0.7,2.7,.170
Greg Stiemsma,2012-13,27,MIN,76,1209,10.5,-2.8,-0.3,1.7,.069
Greg Stiemsma,2013-14,28,NOP,55,1007,9.7,-1.7,0.1,1.5,.072
Greg Stiemsma,2014-15,29,TOR,17,66,7.8,-6.0,-0.1,0.1,.050
Steve Stipanovich,1983-84,23,IND,81,2426,12.6,-1.8,0.1,3.6,.072
Steve Stipanovich,1984-85,24,IND,82,2315,15.9,0.8,1.6,5.0,.104
Steve Stipanovich,1985-86,25,IND,79,2397,15.9,1.4,2.0,5.9,.118
Steve Stipanovich,1986-87,26,IND,81,2761,15.9,1.8,2.6,9.0,.156
Steve Stipanovich,1987-88,27,IND,80,2692,15.0,1.0,2.1,6.9,.123
Steve Stipanovich,1988-89,,Did not play - injury,,,,,,,
Bryant Stith,1992-93,22,DEN,39,865,11.7,-2.0,0.0,1.6,.090
Bryant Stith,1993-94,23,DEN,82,2853,12.7,0.0,1.4,6.8,.114
Bryant Stith,1994-95,24,DEN,81,2329,14.4,0.1,1.2,5.6,.115
Bryant Stith,1995-96,25,DEN,82,2810,13.9,-0.6,1.0,5.2,.089
Bryant Stith,1996-97,26,DEN,52,1788,14.4,0.0,0.9,3.0,.080
Bryant Stith,1997-98,27,DEN,31,718,9.2,-4.4,-0.4,-0.3,-0.018
Bryant Stith,1998-99,28,DEN,46,1194,10.0,-2.7,-0.2,0.5,.019
Bryant Stith,1999-00,29,DEN,45,691,13.8,0.2,0.4,1.6,.110
Bryant Stith,2000-01,30,BOS,78,2504,11.7,-1.1,0.6,4.8,.093
Bryant Stith,2001-02,31,CLE,50,665,11.1,-2.1,0.0,0.7,.047
Sam Stith,1960-61,,Did not play - other pro league,,,,,,,
Sam Stith,1961-62,24,NYK,32,440,8.0,,,-0.1,-0.006
Tom Stith,1961-62,,Did not play - illness,,,,,,,
Tom Stith,1962-63,24,NYK,25,209,6.5,,,-0.6,-0.143
Alex Stivrins,1985-86,23,SEA,3,14,-5.9,-17.0,-0.1,-0.1,-0.347
Alex Stivrins,1986-87,,Did not play - other pro league,,,,,,,
Alex Stivrins,1987-88,,Did not play - waived,,,,,,,
Alex Stivrins,1988-89,,Did not play - other pro league,,,,,,,
Alex Stivrins,1989-90,,Did not play - other pro league,,,,,,,
Alex Stivrins,1990-91,,Did not play - other pro league,,,,,,,
Alex Stivrins,1991-92,,Did not play - other pro league,,,,,,,
Alex Stivrins,1992-93,30,4TM,19,76,13.5,-5.6,-0.1,0.0,.013
Alex Stivrins,1992-93,30,PHO,10,35,14.5,-5.5,0.0,0.0,.022
Alex Stivrins,1992-93,30,LAC,1,1,-32.3,-42.3,0.0,0.0,-0.903
Alex Stivrins,1992-93,30,MIL,3,25,10.9,-7.4,0.0,0.0,-0.004
Alex Stivrins,1992-93,30,ATL,5,15,18.8,-0.5,0.0,0.0,.082
David Stockton,2014-15,23,SAC,3,33,10.8,-3.9,0.0,0.0,-0.014
David Stockton,2015-16,,Did not play - other pro league,,,,,,,
David Stockton,2016-17,,Did not play - other pro league,,,,,,,
David Stockton,2017-18,26,UTA,3,9,33.9,7.9,0.0,0.1,.459
John Stockton,1984-85,22,UTA,82,1490,13.3,-0.1,0.7,3.1,.100
John Stockton,1985-86,23,UTA,82,1935,17.0,2.4,2.1,5.9,.146
John Stockton,1986-87,24,UTA,82,1858,19.0,5.3,3.4,6.7,.174
John Stockton,1987-88,25,UTA,82,2842,23.2,8.5,7.6,14.1,.238
John Stockton,1988-89,26,UTA,82,3171,22.9,8.3,8.3,15.6,.236
John Stockton,1989-90,27,UTA,78,2915,23.9,8.9,8.0,14.4,.238
John Stockton,1990-91,28,UTA,82,3103,23.4,8.3,8.1,14.0,.217
John Stockton,1991-92,29,UTA,82,3002,22.8,8.7,8.1,13.4,.215
John Stockton,1992-93,30,UTA,82,2863,21.3,6.6,6.2,10.6,.177
John Stockton,1993-94,31,UTA,82,2969,22.5,8.0,7.5,13.2,.214
John Stockton,1994-95,32,UTA,82,2867,23.3,9.0,7.9,13.9,.233
John Stockton,1995-96,33,UTA,82,2915,21.9,6.8,6.4,13.0,.214
John Stockton,1996-97,34,UTA,82,2896,22.1,6.6,6.3,13.6,.226
John Stockton,1997-98,35,UTA,64,1858,21.8,5.6,3.6,8.0,.206
John Stockton,1998-99,36,UTA,50,1410,21.9,6.1,2.8,6.4,.217
John Stockton,1999-00,37,UTA,82,2432,22.4,6.6,5.3,11.2,.222
John Stockton,2000-01,38,UTA,82,2397,22.3,6.7,5.3,10.8,.216
John Stockton,2001-02,39,UTA,82,2566,21.9,5.3,4.8,10.7,.200
John Stockton,2002-03,40,UTA,82,2275,21.0,5.0,4.0,9.0,.190
Peja Stojaković,1996-97,,Did not play - other pro league,,,,,,,
Peja Stojaković,1997-98,,Did not play - other pro league,,,,,,,
Peja Stojaković,1998-99,21,SAC,48,1025,13.5,0.1,0.5,1.7,.081
Peja Stojaković,1999-00,22,SAC,74,1749,16.3,1.6,1.6,4.8,.133
Peja Stojaković,2000-01,23,SAC,75,2905,18.4,2.5,3.2,10.1,.168
Peja Stojaković,2001-02,24,SAC,71,2649,19.3,3.0,3.3,9.9,.179
Peja Stojaković,2002-03,25,SAC,72,2450,19.6,3.5,3.4,10.1,.199
Peja Stojaković,2003-04,26,SAC,81,3264,21.8,3.9,4.9,13.5,.198
Peja Stojaković,2004-05,27,SAC,66,2534,17.3,1.2,2.1,7.3,.137
Peja Stojaković,2005-06,28,2TM,71,2601,16.7,1.6,2.3,8.0,.147
Peja Stojaković,2005-06,28,SAC,31,1147,13.6,-0.6,0.4,2.4,.099
Peja Stojaković,2005-06,28,IND,40,1454,19.1,3.3,1.9,5.6,.184
Peja Stojaković,2006-07,29,NOK,13,425,15.8,2.5,0.5,0.9,.100
Peja Stojaković,2007-08,30,NOH,77,2711,15.7,1.7,2.5,8.1,.144
Peja Stojaković,2008-09,31,NOH,61,2089,12.5,-0.7,0.7,3.8,.087
Peja Stojaković,2009-10,32,NOH,62,1947,12.4,-0.9,0.5,2.7,.067
Peja Stojaković,2010-11,33,3TM,33,617,15.2,2.1,0.6,1.6,.126
Peja Stojaković,2010-11,33,NOH,6,89,16.7,3.8,0.1,0.3,.144
Peja Stojaković,2010-11,33,TOR,2,22,34.0,15.5,0.1,0.1,.242
Peja Stojaković,2010-11,33,DAL,25,506,14.1,1.3,0.4,1.2,.118
Ed Stokes,1993-94,,Did not play - other pro league,,,,,,,
Ed Stokes,1994-95,,Did not play - other pro league,,,,,,,
Ed Stokes,1995-96,,Did not play - other pro league,,,,,,,
Ed Stokes,1996-97,,Did not play - other pro league,,,,,,,
Ed Stokes,1997-98,26,TOR,4,17,6.4,-7.6,0.0,0.0,-0.078
Greg Stokes,1985-86,22,PHI,31,350,10.6,-2.8,-0.1,0.5,.068
Greg Stokes,1986-87,,Did not play - other pro league,,,,,,,
Greg Stokes,1987-88,,Did not play - other pro league,,,,,,,
Greg Stokes,1988-89,,Did not play - other pro league,,,,,,,
Greg Stokes,1989-90,26,SAC,11,34,-8.2,-16.9,-0.1,-0.2,-0.238
Jarnell Stokes,2014-15,21,MEM,19,126,18.6,-1.1,0.0,0.5,.186
Jarnell Stokes,2015-16,22,2TM,7,18,20.0,2.0,0.0,0.1,.209
Jarnell Stokes,2015-16,22,MEM,2,4,13.6,-3.9,0.0,0.0,.163
Jarnell Stokes,2015-16,22,MIA,5,14,21.8,3.7,0.0,0.1,.222
Jarnell Stokes,2016-17,23,DEN,2,7,31.5,16.8,0.0,0.1,.480
Maurice Stokes,1955-56,22,ROC,67,2323,22.1,,,6.0,.125
Maurice Stokes,1956-57,23,ROC,72,2761,20.1,,,5.5,.096
Maurice Stokes,1957-58,24,CIN,63,2460,20.6,,,4.5,.088
Maurice Stokes,1958-59,,Did not play - illness,,,,,,,
Art Stolkey,1946-47,26,DTF,23,,,,,1.6,
Randy Stoll,1967-68,,ANA,25,403,9.8,,,0.3,.042
Diamond Stone,2016-17,19,LAC,7,24,-1.2,-20.8,-0.1,-0.1,-0.211
George Stone,1968-69,22,LAS,74,2199,16.7,,,4.5,.098
George Stone,1969-70,23,LAS,83,2639,15.1,,,4.6,.084
George Stone,1970-71,24,UTS,78,1734,16.9,,,4.6,.128
George Stone,1971-72,25,2TM,24,381,8.1,,,0.2,.021
George Stone,1971-72,25,UTS,8,142,9.6,,,0.1,.045
George Stone,1971-72,25,CAR,16,239,7.2,,,0.0,.006
Julyan Stone,2011-12,23,DEN,22,179,13.0,2.7,0.2,0.4,.101
Julyan Stone,2012-13,24,DEN,4,28,11.4,-0.1,0.0,0.1,.128
Julyan Stone,2013-14,25,TOR,21,120,6.6,-2.9,0.0,0.2,.061
Julyan Stone,2014-15,,Did not play - other pro league,,,,,,,
Julyan Stone,2015-16,,Did not play - other pro league,,,,,,,
Julyan Stone,2016-17,,Did not play - other pro league,,,,,,,
Julyan Stone,2017-18,29,CHO,23,175,7.6,-1.3,0.0,0.3,.087
Awvee Storey,2004-05,27,NJN,9,32,6.9,-6.0,0.0,0.0,.026
Awvee Storey,2005-06,28,WAS,25,116,9.2,-6.2,-0.1,0.1,.039
Awvee Storey,2006-07,,Did not play - other pro league,,,,,,,
Awvee Storey,2007-08,30,MIL,26,259,11.5,-5.2,-0.2,0.2,.031
Damon Stoudamire,1995-96,22,TOR,70,2865,16.7,0.1,1.6,4.3,.072
Damon Stoudamire,1996-97,23,TOR,81,3311,18.1,1.8,3.1,7.6,.110
Damon Stoudamire,1997-98,24,2TM,71,2839,16.8,0.1,1.5,4.7,.079
Damon Stoudamire,1997-98,24,TOR,49,2033,17.7,0.1,1.1,3.2,.074
Damon Stoudamire,1997-98,24,POR,22,806,14.5,0.3,0.5,1.5,.091
Damon Stoudamire,1998-99,25,POR,50,1673,14.7,0.1,0.9,3.6,.102
Damon Stoudamire,1999-00,26,POR,78,2372,15.5,0.9,1.7,6.1,.124
Damon Stoudamire,2000-01,27,POR,82,2655,16.3,1.0,2.0,6.7,.121
Damon Stoudamire,2001-02,28,POR,75,2796,14.7,0.5,1.7,6.6,.113
Damon Stoudamire,2002-03,29,POR,59,1315,12.1,-0.9,0.4,1.6,.059
Damon Stoudamire,2003-04,30,POR,82,3118,14.8,0.2,1.7,5.9,.091
Damon Stoudamire,2004-05,31,POR,81,2762,16.6,1.0,2.1,5.7,.099
Damon Stoudamire,2005-06,32,MEM,27,862,13.7,-0.1,0.4,1.7,.093
Damon Stoudamire,2006-07,33,MEM,62,1501,12.6,-1.9,0.1,1.1,.036
Damon Stoudamire,2007-08,34,2TM,60,1037,8.9,-3.7,-0.4,-0.1,-0.004
Damon Stoudamire,2007-08,34,MEM,29,624,11.8,-2.2,0.0,0.4,.033
Damon Stoudamire,2007-08,34,SAS,31,413,4.6,-5.9,-0.4,-0.5,-0.060
Salim Stoudamire,2005-06,23,ATL,61,1236,12.5,-2.5,-0.2,1.2,.046
Salim Stoudamire,2006-07,24,ATL,61,1034,11.4,-3.1,-0.3,0.8,.036
Salim Stoudamire,2007-08,25,ATL,35,402,11.1,-3.5,-0.1,0.3,.031
Amar'e Stoudemire,2002-03,20,PHO,82,2570,16.2,-1.4,0.4,6.2,.116
Amar'e Stoudemire,2003-04,21,PHO,55,2025,19.8,0.1,1.1,4.4,.105
Amar'e Stoudemire,2004-05,22,PHO,80,2889,26.6,4.4,4.7,14.6,.243
Amar'e Stoudemire,2005-06,23,PHO,3,50,17.8,-4.4,0.0,0.1,.085
Amar'e Stoudemire,2006-07,24,PHO,82,2689,23.1,1.8,2.6,11.2,.201
Amar'e Stoudemire,2007-08,25,PHO,79,2677,27.6,4.8,4.6,14.6,.262
Amar'e Stoudemire,2008-09,26,PHO,53,1948,20.3,1.7,1.8,6.1,.149
Amar'e Stoudemire,2009-10,27,PHO,82,2838,22.6,1.0,2.2,10.7,.181
Amar'e Stoudemire,2010-11,28,NYK,78,2870,22.7,1.4,2.4,8.0,.134
Amar'e Stoudemire,2011-12,29,NYK,47,1543,17.7,-0.3,0.7,4.1,.128
Amar'e Stoudemire,2012-13,30,NYK,29,682,22.1,0.7,0.5,2.7,.191
Amar'e Stoudemire,2013-14,31,NYK,65,1466,18.8,-1.6,0.2,3.8,.124
Amar'e Stoudemire,2014-15,32,2TM,59,1245,20.3,0.1,0.7,3.6,.138
Amar'e Stoudemire,2014-15,32,NYK,36,865,19.5,-0.6,0.3,2.2,.120
Amar'e Stoudemire,2014-15,32,DAL,23,380,22.3,1.9,0.4,1.4,.181
Amar'e Stoudemire,2015-16,33,MIA,52,762,17.3,-0.6,0.3,2.4,.150
Amar'e Stoudemire,2016-17,,Did not play - other pro league,,,,,,,
Paul Stovall,1972-73,24,PHO,25,211,9.4,,,-0.1,-0.024
Paul Stovall,1973-74,25,SDA,13,194,15.0,-2.4,0.0,0.3,.081
D.J. Strawberry,2007-08,22,PHO,33,270,6.2,-5.6,-0.2,-0.2,-0.031
Joe Strawder,1964-65,,Did not play - other pro league,,,,,,,
Joe Strawder,1965-66,25,DET,79,2180,11.6,,,3.6,.078
Joe Strawder,1966-67,26,DET,79,2156,12.3,,,4.3,.096
Joe Strawder,1967-68,27,DET,73,2029,10.1,,,3.0,.070
Julian Strawther,2023-24,21,DEN,50,545,8.2,-6.0,-0.6,0.2,.015
Julian Strawther,2024-25,22,DEN,65,1384,9.5,-4.5,-0.9,1.3,.043
Bill Stricker,1970-71,23,POR,1,2,45.1,,,0.0,.770
Erick Strickland,1996-97,23,DAL,28,759,11.0,-2.8,-0.2,0.3,.017
Erick Strickland,1997-98,24,DAL,67,1505,9.3,-5.0,-1.1,-0.9,-0.028
Erick Strickland,1998-99,25,DAL,33,567,18.0,1.8,0.6,1.3,.112
Erick Strickland,1999-00,26,DAL,68,2025,16.5,1.1,1.6,4.9,.116
Erick Strickland,2000-01,27,2TM,50,830,10.7,-1.3,0.1,0.8,.046
Erick Strickland,2000-01,27,NYK,28,421,8.4,-1.8,0.0,0.3,.039
Erick Strickland,2000-01,27,VAN,22,409,13.1,-0.8,0.1,0.5,.053
Erick Strickland,2001-02,28,BOS,79,1643,12.9,-0.5,0.6,3.8,.111
Erick Strickland,2002-03,29,IND,71,1275,13.5,0.2,0.7,2.7,.101
Erick Strickland,2003-04,30,MIL,43,571,14.0,-0.1,0.3,0.8,.069
Erick Strickland,2004-05,31,MIL,62,1014,8.1,-4.6,-0.6,-0.3,-0.012
Mark Strickland,1994-95,24,IND,4,9,13.8,-5.6,0.0,0.0,-0.024
Mark Strickland,1995-96,,Did not play - other pro league,,,,,,,
Mark Strickland,1996-97,26,MIA,31,153,11.1,-8.2,-0.2,0.0,-0.003
Mark Strickland,1997-98,27,MIA,51,847,17.4,0.2,0.5,2.8,.157
Mark Strickland,1998-99,28,MIA,32,357,14.7,-0.6,0.1,1.0,.136
Mark Strickland,1999-00,29,MIA,58,663,17.2,0.8,0.5,2.2,.161
Mark Strickland,2000-01,30,2TM,55,719,11.9,-3.3,-0.2,0.6,.037
Mark Strickland,2000-01,30,DEN,46,517,13.3,-2.7,-0.1,0.6,.054
Mark Strickland,2000-01,30,NJN,9,202,8.2,-4.8,-0.1,0.0,-0.006
Mark Strickland,2001-02,31,ATL,46,654,11.4,-3.3,-0.2,0.5,.034
Mark Strickland,2002-03,32,DAL,4,13,16.3,-3.8,0.0,0.0,.101
Rod Strickland,1988-89,22,NYK,81,1358,18.0,2.2,1.4,3.7,.131
Rod Strickland,1989-90,23,2TM,82,2140,15.7,1.2,1.7,4.3,.095
Rod Strickland,1989-90,23,NYK,51,1019,15.9,1.2,0.8,1.8,.083
Rod Strickland,1989-90,23,SAS,31,1121,15.4,1.2,0.9,2.5,.107
Rod Strickland,1990-91,24,SAS,58,2076,16.2,2.4,2.3,5.7,.132
Rod Strickland,1991-92,25,SAS,57,2053,16.9,2.4,2.3,5.2,.123
Rod Strickland,1992-93,26,POR,78,2474,18.0,3.3,3.3,7.4,.143
Rod Strickland,1993-94,27,POR,82,2889,19.8,3.6,4.1,9.3,.155
Rod Strickland,1994-95,28,POR,64,2267,21.6,5.3,4.2,8.5,.179
Rod Strickland,1995-96,29,POR,67,2526,19.1,3.1,3.2,7.1,.136
Rod Strickland,1996-97,30,WSB,82,2997,19.7,2.7,3.6,8.8,.141
Rod Strickland,1997-98,31,WAS,76,3020,19.6,2.9,3.7,8.1,.129
Rod Strickland,1998-99,32,WAS,44,1632,20.2,3.1,2.1,4.1,.120
Rod Strickland,1999-00,33,WAS,69,2188,17.1,1.0,1.6,3.7,.081
Rod Strickland,2000-01,34,2TM,54,1371,16.1,0.6,0.9,2.2,.076
Rod Strickland,2000-01,34,WAS,33,1020,17.4,1.5,0.9,1.8,.084
Rod Strickland,2000-01,34,POR,21,351,12.2,-1.8,0.0,0.4,.053
Rod Strickland,2001-02,35,MIA,76,2294,15.6,0.7,1.6,4.9,.103
Rod Strickland,2002-03,36,MIN,47,956,15.4,0.5,0.6,1.7,.084
Rod Strickland,2003-04,37,2TM,61,1197,14.9,-1.9,0.0,1.3,.052
Rod Strickland,2003-04,37,ORL,46,915,15.8,-1.5,0.1,1.2,.062
Rod Strickland,2003-04,37,TOR,15,282,11.8,-3.2,-0.1,0.1,.019
Rod Strickland,2004-05,38,HOU,16,196,4.6,-5.3,-0.2,-0.2,-0.051
Roger Strickland,1963-64,23,BAL,1,4,-0.1,,,0.0,-0.224
John Stroeder,1980-81,,Did not play - other pro league,,,,,,,
John Stroeder,1981-82,,Did not play - other pro league,,,,,,,
John Stroeder,1982-83,,Did not play - other pro league,,,,,,,
John Stroeder,1983-84,,Did not play - other pro league,,,,,,,
John Stroeder,1984-85,,Did not play - other pro league,,,,,,,
John Stroeder,1985-86,,Did not play - other pro league,,,,,,,
John Stroeder,1986-87,,Did not play - other pro league,,,,,,,
John Stroeder,1987-88,29,MIL,41,271,7.0,-6.1,-0.3,-0.1,-0.013
John Stroeder,1988-89,30,2TM,5,22,13.2,-2.5,0.0,0.0,.037
John Stroeder,1988-89,30,SAS,1,2,-38.8,-46.9,0.0,0.0,-0.652
John Stroeder,1988-89,30,GSW,4,20,18.4,1.9,0.0,0.0,.106
Derek Strong,1990-91,,Did not play - other pro league,,,,,,,
Derek Strong,1991-92,23,WSB,1,12,3.2,-13.8,0.0,0.0,-0.160
Derek Strong,1992-93,24,MIL,23,339,20.0,1.5,0.3,1.5,.208
Derek Strong,1993-94,25,MIL,67,1131,14.6,-2.5,-0.2,2.1,.088
Derek Strong,1994-95,26,BOS,70,1344,12.5,-2.8,-0.3,2.4,.086
Derek Strong,1995-96,27,LAL,63,746,12.4,-1.8,0.0,1.9,.125
Derek Strong,1996-97,28,ORL,82,2004,13.6,-2.5,-0.3,4.1,.099
Derek Strong,1997-98,29,ORL,58,1638,16.6,-1.1,0.4,4.4,.130
Derek Strong,1998-99,30,ORL,44,695,12.1,-2.5,-0.1,1.6,.109
Derek Strong,1999-00,31,ORL,20,148,12.0,-3.7,-0.1,0.2,.069
Derek Strong,2000-01,32,LAC,28,491,8.8,-2.6,-0.1,0.3,.026
Lamont Strothers,1991-92,23,POR,4,17,6.0,-12.3,0.0,-0.1,-0.158
Lamont Strothers,1992-93,24,DAL,9,138,5.7,-7.1,-0.2,-0.4,-0.141
John Stroud,1980-81,23,HOU,9,88,6.4,-4.6,-0.1,-0.1,-0.036
Red Stroud,1967-68,26,NOB,7,33,5.7,,,0.2,.292
Max Strus,2019-20,23,CHI,2,6,30.7,3.9,0.0,0.0,.316
Max Strus,2020-21,24,MIA,39,507,12.1,-2.2,0.0,0.9,.088
Max Strus,2021-22,25,MIA,68,1587,12.7,0.9,1.2,3.6,.110
Max Strus,2022-23,26,MIA,80,2272,10.8,-1.7,0.2,3.4,.071
Max Strus,2023-24,27,CLE,70,2239,11.7,-0.6,0.8,3.9,.083
Max Strus,2024-25,28,CLE,50,1273,12.6,1.3,1.1,3.4,.130
Rodney Stuckey,2007-08,21,DET,57,1081,13.8,-1.1,0.3,2.0,.090
Rodney Stuckey,2008-09,22,DET,79,2517,14.8,-0.5,0.9,3.8,.073
Rodney Stuckey,2009-10,23,DET,73,2499,15.6,-0.4,1.0,2.7,.052
Rodney Stuckey,2010-11,24,DET,70,2183,18.4,0.2,1.2,5.0,.111
Rodney Stuckey,2011-12,25,DET,55,1644,17.6,0.6,1.1,4.5,.131
Rodney Stuckey,2012-13,26,DET,76,2171,13.0,-1.8,0.1,2.5,.055
Rodney Stuckey,2013-14,27,DET,73,1950,14.0,-2.9,-0.4,2.2,.053
Rodney Stuckey,2014-15,28,IND,71,1874,15.4,0.3,1.1,4.0,.103
Rodney Stuckey,2015-16,29,IND,58,1275,12.6,-1.4,0.2,2.0,.077
Rodney Stuckey,2016-17,30,IND,39,696,9.5,-4.4,-0.4,-0.1,-0.006
Gene Stump,1947-48,22,BOS,43,,,,,-0.8,
Gene Stump,1948-49,23,BOS,56,,,,,2.1,
Gene Stump,1949-50,24,2TM,49,,,,,-0.2,
Gene Stump,1949-50,24,MNL,23,,,,,0.0,
Gene Stump,1949-50,24,WAT,26,,,,,-0.1,
Stan Stutz,1946-47,26,NYK,60,,,,,3.9,
Stan Stutz,1947-48,27,NYK,47,,,,,1.7,
Stan Stutz,1948-49,28,BLB,59,,,,,1.1,
Jalen Suggs,2021-22,20,ORL,48,1307,8.6,-5.6,-1.2,-1.6,-0.060
Jalen Suggs,2022-23,21,ORL,53,1246,12.5,-1.0,0.3,1.4,.053
Jalen Suggs,2023-24,22,ORL,75,2025,14.1,1.0,1.5,4.7,.112
Jalen Suggs,2024-25,23,ORL,35,1002,14.4,0.4,0.6,1.1,.052
Gary Suiter,1970-71,26,CLE,30,140,6.0,,,-0.3,-0.099
Jared Sullinger,2012-13,20,BOS,45,892,13.5,-1.9,0.0,2.7,.146
Jared Sullinger,2013-14,21,BOS,74,2041,16.4,-1.4,0.3,3.9,.091
Jared Sullinger,2014-15,22,BOS,58,1566,17.9,1.1,1.2,4.0,.123
Jared Sullinger,2015-16,23,BOS,81,1915,16.7,0.6,1.3,4.8,.121
Jared Sullinger,2016-17,24,TOR,11,118,6.0,-7.2,-0.2,-0.1,-0.031
Jared Sullinger,2017-18,,Did not play - other pro league,,,,,,,
Jared Sullinger,2018-19,,Did not play - other pro league,,,,,,,
DaJuan Summers,2009-10,22,DET,44,405,7.5,-5.2,-0.3,0.0,.002
DaJuan Summers,2010-11,23,DET,22,199,4.4,-9.5,-0.4,-0.3,-0.083
DaJuan Summers,2011-12,24,NOH,15,209,9.0,-3.2,-0.1,0.2,.049
DaJuan Summers,2012-13,25,LAC,2,7,4.3,-8.9,0.0,0.0,-0.124
Edmond Sumner,2017-18,22,IND,1,2,39.8,6.9,0.0,0.0,.425
Edmond Sumner,2018-19,23,IND,23,210,7.6,-5.3,-0.2,0.1,.020
Edmond Sumner,2019-20,24,IND,31,447,10.1,-2.9,-0.1,0.4,.047
Edmond Sumner,2020-21,25,IND,53,861,12.7,-2.8,-0.2,1.4,.077
Edmond Sumner,2021-22,,Did not play - injury,,,,,,,
Edmond Sumner,2022-23,27,BRK,53,736,14.0,-2.6,-0.1,1.3,.086
Edmond Sumner,2023-24,,Did not play - other pro league,,,,,,,
Barry Sumpter,1988-89,23,LAC,1,1,-30.2,-49.2,0.0,0.0,-0.894
Don Sunderlage,1951-52,,Did not play - military service,,,,,,,
Don Sunderlage,1952-53,,Did not play - military service,,,,,,,
Don Sunderlage,1953-54,24,MLH,68,2232,12.6,,,3.0,.065
Don Sunderlage,1954-55,25,MNL,45,404,6.1,,,-0.3,-0.038
Bruno Šundov,1998-99,18,DAL,3,11,-8.8,-19.4,0.0,-0.1,-0.328
Bruno Šundov,1999-00,19,DAL,14,61,7.8,-11.0,-0.1,-0.1,-0.050
Bruno Šundov,2000-01,20,IND,11,120,11.0,-4.3,-0.1,0.2,.079
Bruno Šundov,2001-02,21,IND,22,88,8.7,-6.6,-0.1,0.0,-0.021
Bruno Šundov,2002-03,22,BOS,26,138,1.2,-9.8,-0.3,-0.4,-0.139
Bruno Šundov,2003-04,23,2TM,5,33,3.5,-10.7,-0.1,0.0,-0.046
Bruno Šundov,2003-04,23,CLE,4,29,0.9,-14.0,-0.1,-0.1,-0.111
Bruno Šundov,2003-04,23,NYK,1,4,22.4,13.7,0.0,0.0,.424
Bruno Šundov,2004-05,24,NYK,21,73,1.2,-13.6,-0.2,-0.3,-0.174
Jon Sundvold,1983-84,22,SEA,73,1284,12.1,-2.7,-0.2,1.2,.044
Jon Sundvold,1984-85,23,SEA,73,1150,9.8,-4.5,-0.7,0.2,.008
Jon Sundvold,1985-86,24,SAS,70,1150,13.4,-1.9,0.0,1.5,.062
Jon Sundvold,1986-87,25,SAS,76,1765,14.5,-1.5,0.2,3.0,.080
Jon Sundvold,1987-88,26,SAS,52,1024,12.7,-2.3,-0.1,1.0,.048
Jon Sundvold,1988-89,27,MIA,68,1338,12.6,-2.3,-0.1,1.0,.037
Jon Sundvold,1989-90,28,MIA,63,867,11.2,-2.0,0.0,0.8,.046
Jon Sundvold,1990-91,29,MIA,24,225,11.6,-2.2,0.0,0.2,.037
Jon Sundvold,1991-92,30,MIA,3,8,10.7,1.3,0.0,0.0,.151
Bob Sura,1995-96,22,CLE,79,1150,15.0,0.1,0.6,1.6,.069
Bob Sura,1996-97,23,CLE,82,2269,14.8,1.7,2.1,5.2,.111
Bob Sura,1997-98,24,CLE,46,942,9.6,-1.9,0.0,0.7,.036
Bob Sura,1998-99,25,CLE,50,841,11.0,-1.3,0.2,0.4,.023
Bob Sura,1999-00,26,CLE,73,2216,15.6,1.7,2.1,4.9,.107
Bob Sura,2000-01,27,GSW,53,1684,11.2,-3.3,-0.6,0.1,.003
Bob Sura,2001-02,28,GSW,78,1780,17.1,1.6,1.6,4.1,.111
Bob Sura,2002-03,29,GSW,55,1130,14.2,-0.7,0.4,1.8,.075
Bob Sura,2003-04,30,2TM,80,1663,16.2,1.1,1.3,4.6,.133
Bob Sura,2003-04,30,DET,53,707,13.0,1.6,0.6,2.0,.137
Bob Sura,2003-04,30,ATL,27,956,18.5,0.7,0.7,2.6,.130
Bob Sura,2004-05,31,HOU,61,1922,14.4,1.5,1.7,4.8,.119
Dick Surhoff,1952-53,23,NYK,26,187,1.5,,,-0.4,-0.106
Dick Surhoff,1953-54,24,MLH,32,358,14.5,,,0.6,.075
George Sutor,1967-68,24,KEN,1,5,-4.8,,,0.0,.039
George Sutor,1968-69,25,MNP,64,886,11.4,,,0.0,-0.001
George Sutor,1969-70,26,2TM,14,147,2.3,,,-0.3,-0.102
George Sutor,1969-70,26,CAR,11,135,3.4,,,-0.2,-0.065
George Sutor,1969-70,26,MMF,3,12,-9.1,,,-0.1,-0.517
Dane Suttle,1983-84,22,KCK,40,469,15.3,-0.4,0.2,0.9,.094
Dane Suttle,1984-85,23,KCK,6,24,14.3,-2.0,0.0,0.0,.072
Greg Sutton,1991-92,24,SAS,67,601,7.8,-5.2,-0.5,-0.1,-0.006
Greg Sutton,1992-93,,Did not play - other pro league,,,,,,,
Greg Sutton,1993-94,,Did not play - other pro league,,,,,,,
Greg Sutton,1994-95,27,CHH,53,690,10.6,-2.3,-0.1,0.8,.058
Greg Sutton,1995-96,28,2TM,48,655,10.6,-3.6,-0.3,0.2,.016
Greg Sutton,1995-96,28,CHH,18,190,11.0,-3.0,-0.1,0.2,.059
Greg Sutton,1995-96,28,PHI,30,465,10.5,-3.9,-0.2,0.0,-0.002
Keith Swagerty,1967-68,,Did not play - other pro league,,,,,,,
Keith Swagerty,1968-69,23,HSM,77,2447,15.2,,,2.3,.045
Keith Swagerty,1969-70,24,KEN,3,30,4.2,,,0.0,-0.046
Bennie Swain,1958-59,25,BOS,58,708,12.3,,,1.9,.128
Caleb Swanigan,2017-18,20,POR,27,189,7.5,-5.5,-0.2,0.0,-0.003
Caleb Swanigan,2018-19,21,2TM,21,178,4.7,-7.2,-0.2,-0.2,-0.060
Caleb Swanigan,2018-19,21,POR,18,145,3.1,-8.2,-0.2,-0.3,-0.086
Caleb Swanigan,2018-19,21,SAC,3,33,11.7,-2.7,0.0,0.0,.053
Caleb Swanigan,2019-20,22,2TM,27,288,7.6,-6.0,-0.3,0.0,.004
Caleb Swanigan,2019-20,22,SAC,7,23,-0.1,-11.7,-0.1,-0.1,-0.177
Caleb Swanigan,2019-20,22,POR,20,265,8.2,-5.5,-0.2,0.1,.020
Norm Swanson,1953-54,23,ROC,63,611,4.0,,,-0.4,-0.034
Dan Swartz,1956-57,,Did not play - other pro league,,,,,,,
Dan Swartz,1957-58,,Did not play - other pro league,,,,,,,
Dan Swartz,1958-59,,Did not play - other pro league,,,,,,,
Dan Swartz,1959-60,,Did not play - other pro league,,,,,,,
Dan Swartz,1960-61,,Did not play - other pro league,,,,,,,
Dan Swartz,1961-62,,Did not play - other pro league,,,,,,,
Dan Swartz,1962-63,28,BOS,39,335,12.3,,,1.0,.143
Mike Sweetney,2003-04,21,NYK,42,494,17.2,-1.2,0.1,1.4,.138
Mike Sweetney,2004-05,22,NYK,77,1509,16.4,-2.5,-0.2,3.8,.122
Mike Sweetney,2005-06,23,CHI,66,1222,13.9,-2.8,-0.3,2.1,.084
Mike Sweetney,2006-07,24,CHI,48,385,10.9,-4.8,-0.3,0.4,.049
Cole Swider,2022-23,23,LAL,7,41,7.4,-3.4,0.0,0.1,.080
Cole Swider,2023-24,24,MIA,18,87,7.1,-4.5,-0.1,-0.1,-0.050
Cole Swider,2024-25,25,2TM,10,169,6.5,-7.3,-0.2,0.0,-0.009
Cole Swider,2024-25,25,DET,2,13,-11.0,-20.4,-0.1,-0.1,-0.316
Cole Swider,2024-25,25,TOR,8,156,8.0,-6.2,-0.2,0.1,.017
Robert Swift,2004-05,19,SEA,16,72,5.2,-5.7,-0.1,0.0,.004
Robert Swift,2005-06,20,SEA,47,987,12.7,-3.9,-0.5,1.1,.052
Robert Swift,2006-07,,Did not play - injury,,,,,,,
Robert Swift,2007-08,22,SEA,8,98,2.9,-6.5,-0.1,-0.2,-0.074
Robert Swift,2008-09,23,OKC,26,343,11.5,-2.5,0.0,0.7,.104
Skeeter Swift,1969-70,23,NOB,66,1089,11.1,,,1.8,.078
Skeeter Swift,1970-71,24,2TM,80,2134,12.9,,,4.3,.098
Skeeter Swift,1970-71,24,MMP,28,507,13.2,,,0.7,.070
Skeeter Swift,1970-71,24,PTC,52,1627,12.8,,,3.6,.106
Skeeter Swift,1971-72,25,PTC,79,2340,11.1,,,3.4,.069
Skeeter Swift,1972-73,26,DLC,42,1123,10.3,,,2.7,.116
Skeeter Swift,1973-74,27,SAA,16,153,7.1,-5.4,-0.2,0.0,-0.015
Stromile Swift,2000-01,21,VAN,80,1312,13.1,-2.0,0.0,1.9,.069
Stromile Swift,2001-02,22,MEM,68,1805,17.2,-1.0,0.4,3.7,.099
Stromile Swift,2002-03,23,MEM,67,1478,18.0,-0.1,0.7,3.3,.108
Stromile Swift,2003-04,24,MEM,77,1528,19.2,0.5,1.0,4.8,.150
Stromile Swift,2004-05,25,MEM,60,1279,16.7,-1.3,0.2,2.9,.107
Stromile Swift,2005-06,26,HOU,66,1344,14.6,-2.7,-0.2,2.5,.091
Stromile Swift,2006-07,27,MEM,54,1029,14.2,-4.0,-0.5,1.0,.047
Stromile Swift,2007-08,28,2TM,56,844,14.8,-2.8,-0.2,1.4,.078
Stromile Swift,2007-08,28,MEM,35,549,15.9,-1.9,0.0,0.9,.079
Stromile Swift,2007-08,28,NJN,21,295,12.7,-4.4,-0.2,0.5,.074
Stromile Swift,2008-09,29,2TM,19,185,6.8,-9.5,-0.4,-0.1,-0.033
Stromile Swift,2008-09,29,NJN,6,64,6.6,-9.5,-0.1,0.0,-0.026
Stromile Swift,2008-09,29,PHO,13,121,6.8,-9.6,-0.2,-0.1,-0.037
Aaron Swinson,1994-95,24,PHO,9,51,11.7,-6.8,-0.1,0.0,.039
Craig Sword,2021-22,28,WAS,3,19,14.2,1.4,0.0,0.1,.158
Pape Sy,2010-11,22,ATL,3,21,9.2,-6.0,0.0,0.0,-0.047
Buck Sydnor,1946-47,25,CHS,15,,,,,-0.1,
Keifer Sykes,2021-22,28,IND,32,566,5.9,-6.9,-0.7,-0.5,-0.040
Larry Sykes,1995-96,22,BOS,1,2,0.0,-17.7,0.0,0.0,-0.397
Brett Szabo,1996-97,28,BOS,70,662,8.8,-6.0,-0.7,0.4,.031
Wally Szczerbiak,1999-00,22,MIN,73,2171,15.4,0.9,1.6,6.2,.137
Wally Szczerbiak,2000-01,23,MIN,82,2856,15.8,0.4,1.7,7.4,.125
Wally Szczerbiak,2001-02,24,MIN,82,3117,17.1,1.4,2.7,8.7,.134
Wally Szczerbiak,2002-03,25,MIN,52,1836,17.3,0.9,1.3,5.2,.135
Wally Szczerbiak,2003-04,26,MIN,28,622,15.3,0.6,0.4,1.6,.126
Wally Szczerbiak,2004-05,27,MIN,81,2558,17.1,0.7,1.8,7.3,.136
Wally Szczerbiak,2005-06,28,2TM,72,2729,17.7,1.6,2.5,8.0,.141
Wally Szczerbiak,2005-06,28,MIN,40,1555,18.1,1.9,1.5,4.6,.141
Wally Szczerbiak,2005-06,28,BOS,32,1174,17.2,1.2,0.9,3.4,.140
Wally Szczerbiak,2006-07,29,BOS,32,900,14.8,-1.5,0.1,1.6,.083
Wally Szczerbiak,2007-08,30,2TM,75,1736,13.9,-0.5,0.7,2.9,.079
Wally Szczerbiak,2007-08,30,SEA,50,1180,15.7,0.7,0.8,2.3,.095
Wally Szczerbiak,2007-08,30,CLE,25,556,10.3,-2.9,-0.1,0.5,.044
Wally Szczerbiak,2008-09,31,CLE,74,1527,12.1,0.1,0.8,4.5,.140
Walt Szczerbiak,1971-72,22,PTC,53,598,19.6,,,2.2,.174
Žan Tabak,1985-86,,Did not play - other pro league,,,,,,,
Žan Tabak,1986-87,,Did not play - other pro league,,,,,,,
Žan Tabak,1987-88,,Did not play - other pro league,,,,,,,
Žan Tabak,1988-89,,Did not play - other pro league,,,,,,,
Žan Tabak,1989-90,,Did not play - other pro league,,,,,,,
Žan Tabak,1990-91,,Did not play - other pro league,,,,,,,
Žan Tabak,1991-92,,Did not play - other pro league,,,,,,,
Žan Tabak,1992-93,,Did not play - other pro league,,,,,,,
Žan Tabak,1993-94,,Did not play - other pro league,,,,,,,
Žan Tabak,1994-95,24,HOU,37,182,11.2,-8.4,-0.3,0.2,.043
Žan Tabak,1995-96,25,TOR,67,1332,12.4,-4.6,-0.9,1.1,.038
Žan Tabak,1996-97,26,TOR,13,218,12.5,-3.5,-0.1,0.1,.032
Žan Tabak,1997-98,27,2TM,57,984,9.7,-6.0,-1.0,0.0,-0.001
Žan Tabak,1997-98,27,TOR,39,752,9.9,-6.3,-0.8,-0.2,-0.013
Žan Tabak,1997-98,27,BOS,18,232,9.2,-4.7,-0.2,0.2,.036
Žan Tabak,1998-99,,Did not play - other pro league,,,,,,,
Žan Tabak,1999-00,29,IND,18,114,13.6,-2.1,0.0,0.1,.054
Žan Tabak,2000-01,30,IND,55,777,10.5,-4.2,-0.4,0.9,.056
Žan Tabak,2001-02,,Did not play - other pro league,,,,,,,
Žan Tabak,2002-03,,Did not play - other pro league,,,,,,,
Žan Tabak,2003-04,,Did not play - other pro league,,,,,,,
Žan Tabak,2004-05,,Did not play - other pro league,,,,,,,
Yuta Tabuse,2004-05,24,PHO,4,17,15.6,0.1,0.0,0.0,.129
Chris Taft,2005-06,20,GSW,17,144,15.6,-0.7,0.0,0.5,.155
Sid Tanenbaum,1947-48,22,NYK,24,,,,,1.1,
Sid Tanenbaum,1948-49,23,2TM,46,,,,,1.1,
Sid Tanenbaum,1948-49,23,NYK,32,,,,,0.6,
Sid Tanenbaum,1948-49,23,BLB,14,,,,,0.5,
Dragan Tarlać,1995-96,,Did not play - other pro league,,,,,,,
Dragan Tarlać,1996-97,,Did not play - other pro league,,,,,,,
Dragan Tarlać,1997-98,,Did not play - other pro league,,,,,,,
Dragan Tarlać,1998-99,,Did not play - other pro league,,,,,,,
Dragan Tarlać,1999-00,,Did not play - other pro league,,,,,,,
Dragan Tarlać,2000-01,27,CHI,43,598,5.6,-7.3,-0.8,-0.2,-0.016
Roy Tarpley,1986-87,22,DAL,75,1405,15.2,-1.9,0.0,3.1,.105
Roy Tarpley,1987-88,23,DAL,81,2307,19.5,0.2,1.3,7.8,.163
Roy Tarpley,1988-89,24,DAL,19,591,22.2,2.2,0.6,2.0,.166
Roy Tarpley,1989-90,25,DAL,45,1648,18.0,-0.3,0.7,3.5,.103
Roy Tarpley,1990-91,26,DAL,5,171,23.6,3.6,0.2,0.6,.165
Roy Tarpley,1991-92,,Did not play - suspended,,,,,,,
Roy Tarpley,1992-93,,Did not play - suspended,,,,,,,
Roy Tarpley,1993-94,,Did not play - suspended,,,,,,,
Roy Tarpley,1994-95,30,DAL,55,1354,17.8,-0.6,0.5,2.8,.098
Roy Tarpley,1995-96,,Did not play - suspended,,,,,,,
Roy Tarpley,1996-97,,Did not play - suspended,,,,,,,
Levern Tart,1964-65,,Did not play - other pro league,,,,,,,
Levern Tart,1965-66,,Did not play - other pro league,,,,,,,
Levern Tart,1966-67,,Did not play - other pro league,,,,,,,
Levern Tart,1967-68,25,2TM,73,2853,17.3,,,5.8,.098
Levern Tart,1967-68,25,OAK,42,1768,18.0,,,3.5,.094
Levern Tart,1967-68,25,NJA,31,1085,16.2,,,2.4,.104
Levern Tart,1968-69,26,3TM,61,1403,14.2,,,1.9,.066
Levern Tart,1968-69,26,NYA,35,920,16.4,,,1.8,.092
Levern Tart,1968-69,26,HSM,6,138,11.0,,,0.2,.073
Levern Tart,1968-69,26,DNR,20,345,9.7,,,0.0,-0.006
Levern Tart,1969-70,27,NYA,80,3210,20.7,,,10.9,.164
Levern Tart,1970-71,28,2TM,60,1806,12.0,,,1.2,.031
Levern Tart,1970-71,28,NYA,27,985,11.5,,,0.6,.029
Levern Tart,1970-71,28,TEX,33,821,12.6,,,0.6,.035
Jae'Sean Tate,2020-21,25,HOU,70,2043,13.8,-1.4,0.3,3.8,.088
Jae'Sean Tate,2021-22,26,HOU,78,2056,14.3,-1.8,0.1,3.0,.071
Jae'Sean Tate,2022-23,27,HOU,31,677,12.2,-3.5,-0.3,0.7,.049
Jae'Sean Tate,2023-24,28,HOU,65,1031,9.3,-2.3,-0.1,1.8,.082
Jae'Sean Tate,2024-25,29,HOU,52,588,12.3,-0.7,0.2,1.6,.133
Earl Tatum,1976-77,23,LAL,68,1249,16.5,0.6,0.8,2.6,.101
Earl Tatum,1977-78,24,2TM,82,2522,14.7,0.2,1.4,4.4,.085
Earl Tatum,1977-78,24,LAL,25,663,15.9,0.2,0.4,1.4,.099
Earl Tatum,1977-78,24,IND,57,1859,14.2,0.2,1.1,3.1,.079
Earl Tatum,1978-79,25,2TM,79,1233,11.9,-2.3,-0.1,0.7,.028
Earl Tatum,1978-79,25,BOS,3,38,7.1,-4.9,-0.1,0.0,-0.036
Earl Tatum,1978-79,25,DET,76,1195,12.1,-2.2,-0.1,0.7,.030
Earl Tatum,1979-80,26,CLE,33,225,9.3,-2.8,0.0,0.0,-0.005
Jayson Tatum,2017-18,19,BOS,80,2443,15.2,1.2,2.0,7.1,.139
Jayson Tatum,2018-19,20,BOS,79,2455,15.1,-0.2,1.1,5.0,.097
Jayson Tatum,2019-20,21,BOS,66,2265,20.4,4.0,3.4,6.9,.146
Jayson Tatum,2020-21,22,BOS,64,2290,21.3,3.9,3.4,6.5,.137
Jayson Tatum,2021-22,23,BOS,76,2731,21.8,5.0,4.8,9.6,.169
Jayson Tatum,2022-23,24,BOS,74,2732,23.7,5.5,5.1,10.5,.185
Jayson Tatum,2023-24,25,BOS,74,2645,22.3,5.1,4.7,10.4,.189
Jayson Tatum,2024-25,26,BOS,72,2624,21.7,5.2,4.8,9.5,.174
Edy Tavares,2014-15,,Did not play - other pro league,,,,,,,
Edy Tavares,2015-16,23,ATL,11,73,14.4,-1.8,0.0,0.2,.106
Edy Tavares,2016-17,24,2TM,2,28,21.3,3.3,0.0,0.1,.150
Edy Tavares,2016-17,24,ATL,1,4,13.1,-1.1,0.0,0.0,-0.047
Edy Tavares,2016-17,24,CLE,1,24,22.6,4.1,0.0,0.1,.183
Anthony Taylor,1988-89,23,MIA,21,368,11.1,-2.1,0.0,0.2,.029
Brian Taylor,1972-73,21,NYA,63,2038,13.2,,,3.6,.085
Brian Taylor,1973-74,22,NYA,75,2505,12.7,0.6,1.6,5.3,.102
Brian Taylor,1974-75,23,NYA,79,2611,16.0,2.6,3.0,8.3,.153
Brian Taylor,1975-76,24,NYA,54,1733,17.2,2.6,2.0,4.8,.133
Brian Taylor,1976-77,25,KCK,72,2488,17.6,3.0,3.1,7.9,.152
Brian Taylor,1977-78,26,DEN,39,1222,11.6,-1.4,0.2,1.8,.071
Brian Taylor,1978-79,27,SDC,20,212,11.1,-1.9,0.0,0.1,.032
Brian Taylor,1979-80,28,SDC,78,2754,13.9,0.4,1.7,5.6,.098
Brian Taylor,1980-81,29,SDC,80,2312,15.9,2.3,2.5,7.1,.146
Brian Taylor,1981-82,30,SDC,41,1274,13.7,-0.2,0.6,2.3,.085
Donell Taylor,2005-06,23,WAS,51,465,10.1,-2.4,0.0,0.2,.017
Donell Taylor,2006-07,24,WAS,47,369,10.3,-3.0,-0.1,-0.2,-0.022
Fatty Taylor,1969-70,23,WSA,83,1994,10.4,,,2.6,.062
Fatty Taylor,1970-71,24,VIR,84,1629,9.8,,,3.0,.090
Fatty Taylor,1971-72,25,VIR,84,2669,8.9,,,3.7,.067
Fatty Taylor,1972-73,26,VIR,78,2553,12.2,,,2.6,.048
Fatty Taylor,1973-74,27,VIR,80,2812,10.8,-1.1,0.6,1.3,.023
Fatty Taylor,1974-75,28,DNA,76,2018,9.9,-1.1,0.5,1.2,.029
Fatty Taylor,1975-76,29,VIR,76,2483,10.4,-1.2,0.5,0.4,.009
Fatty Taylor,1976-77,30,DEN,79,1548,11.1,0.5,1.0,2.1,.066
Fred Taylor,1970-71,22,PHO,54,552,10.9,,,0.2,.019
Fred Taylor,1971-72,23,2TM,34,283,4.4,,,-0.8,-0.139
Fred Taylor,1971-72,23,PHO,13,69,2.6,,,-0.3,-0.206
Fred Taylor,1971-72,23,CIN,21,214,5.0,,,-0.5,-0.118
Isaiah Taylor,2016-17,22,HOU,4,52,0.3,-7.8,-0.1,0.0,-0.028
Isaiah Taylor,2017-18,23,ATL,67,1167,10.9,-4.4,-0.7,0.6,.027
Jay Taylor,1989-90,22,NJN,17,114,9.5,-2.6,0.0,-0.1,-0.028
Jeff Taylor,1982-83,23,HOU,44,774,7.9,-3.1,-0.2,-0.2,-0.011
Jeff Taylor,1983-84,,Did not play - waived,,,,,,,
Jeff Taylor,1984-85,,Did not play - waived,,,,,,,
Jeff Taylor,1985-86,,Did not play - unsigned,,,,,,,
Jeff Taylor,1986-87,27,DET,12,44,11.7,-1.8,0.0,0.0,.050
Jeff Taylor,2012-13,23,CHA,77,1507,10.3,-3.6,-0.6,1.2,.039
Jeff Taylor,2013-14,24,CHA,26,629,5.9,-5.4,-0.5,-0.2,-0.019
Jeff Taylor,2014-15,25,CHO,29,430,8.2,-4.9,-0.3,0.3,.034
Jermaine Taylor,2009-10,23,HOU,31,303,11.4,-3.9,-0.2,0.1,.015
Jermaine Taylor,2010-11,24,2TM,34,483,12.2,-3.6,-0.2,0.1,.014
Jermaine Taylor,2010-11,24,HOU,8,77,13.3,-1.8,0.0,0.0,.027
Jermaine Taylor,2010-11,24,SAC,26,406,12.0,-3.9,-0.2,0.1,.011
Johnny Taylor,1997-98,23,ORL,12,108,4.4,-9.6,-0.2,-0.1,-0.032
Johnny Taylor,1998-99,24,DEN,36,724,9.5,-3.0,-0.2,0.2,.014
Johnny Taylor,1999-00,25,2TM,6,34,6.2,-8.4,-0.1,0.0,-0.030
Johnny Taylor,1999-00,25,DEN,1,5,-15.2,-23.6,0.0,0.0,-0.370
Johnny Taylor,1999-00,25,ORL,5,29,9.9,-5.8,0.0,0.0,.028
Leonard Taylor,1989-90,23,GSW,10,37,3.8,-10.2,-0.1,-0.1,-0.097
Maurice Taylor,1997-98,21,LAC,71,1513,16.1,-3.8,-0.7,1.8,.057
Maurice Taylor,1998-99,22,LAC,46,1505,15.2,-4.2,-0.9,0.7,.024
Maurice Taylor,1999-00,23,LAC,62,2227,13.4,-3.8,-1.0,-0.3,-0.007
Maurice Taylor,2000-01,24,HOU,69,1972,14.9,-1.9,0.0,3.2,.077
Maurice Taylor,2001-02,,Did not play - injury,,,,,,,
Maurice Taylor,2002-03,26,HOU,67,1377,11.5,-4.3,-0.8,0.9,.030
Maurice Taylor,2003-04,27,HOU,75,2081,13.6,-1.8,0.1,3.7,.085
Maurice Taylor,2004-05,28,2TM,65,1336,9.4,-4.4,-0.8,0.5,.020
Maurice Taylor,2004-05,28,HOU,38,905,8.2,-4.3,-0.5,0.3,.018
Maurice Taylor,2004-05,28,NYK,27,431,12.1,-4.7,-0.3,0.2,.022
Maurice Taylor,2005-06,29,NYK,67,1210,8.5,-5.7,-1.1,-0.5,-0.021
Maurice Taylor,2006-07,30,SAC,12,103,6.3,-7.3,-0.1,-0.1,-0.030
Mike Taylor,2008-09,23,LAC,51,771,10.1,-5.2,-0.6,-0.4,-0.028
Ollie Taylor,1970-71,23,NYA,80,1617,12.6,,,3.9,.115
Ollie Taylor,1971-72,24,NYA,82,1891,10.8,,,2.8,.070
Ollie Taylor,1972-73,25,SDA,69,2121,12.7,,,3.8,.086
Ollie Taylor,1973-74,26,2TM,31,519,10.5,-2.3,0.0,0.4,.041
Ollie Taylor,1973-74,26,NYA,8,76,9.7,-3.5,0.0,0.0,.028
Ollie Taylor,1973-74,26,CAR,23,443,10.7,-2.1,0.0,0.4,.043
Ron Taylor,1969-70,22,2TM,75,910,9.7,,,1.7,.090
Ron Taylor,1969-70,22,NYA,72,873,10.3,,,1.7,.096
Ron Taylor,1969-70,22,WSA,3,37,-3.3,,,0.0,-0.038
Ron Taylor,1970-71,23,VIR,1,4,29.3,,,-0.1,-0.621
Ron Taylor,1971-72,24,PTC,1,4,-35.8,,,0.0,-0.305
Terry Taylor,2021-22,22,IND,33,714,19.0,-0.6,0.2,2.4,.160
Terry Taylor,2022-23,23,2TM,31,264,11.0,-4.1,-0.1,0.3,.054
Terry Taylor,2022-23,23,IND,26,228,8.8,-5.3,-0.2,0.1,.021
Terry Taylor,2022-23,23,CHI,5,36,25.0,3.7,0.1,0.2,.262
Terry Taylor,2023-24,24,CHI,31,188,10.1,-3.2,0.0,0.3,.070
Terry Taylor,2024-25,25,SAC,3,6,9.8,3.3,0.0,0.0,.049
Tyshawn Taylor,2012-13,22,BRK,38,221,6.2,-7.4,-0.3,-0.4,-0.077
Tyshawn Taylor,2013-14,23,BRK,23,270,5.4,-8.7,-0.5,-0.6,-0.098
Vince Taylor,1982-83,22,NYK,31,321,7.6,-3.2,-0.1,0.1,.009
Terry Teagle,1982-83,22,HOU,73,1708,10.3,-4.2,-1.0,-0.8,-0.022
Terry Teagle,1983-84,23,HOU,68,616,11.8,-3.9,-0.3,0.2,.016
Terry Teagle,1984-85,24,2TM,21,349,15.5,-0.6,0.1,0.7,.103
Terry Teagle,1984-85,24,DET,2,5,-7.1,-15.9,0.0,0.0,-0.213
Terry Teagle,1984-85,24,GSW,19,344,15.9,-0.3,0.1,0.8,.108
Terry Teagle,1985-86,25,GSW,82,2158,14.2,-2.1,0.0,3.1,.069
Terry Teagle,1986-87,26,GSW,82,1650,13.2,-3.3,-0.5,1.3,.037
Terry Teagle,1987-88,27,GSW,47,958,13.0,-4.3,-0.6,-0.2,-0.012
Terry Teagle,1988-89,28,GSW,66,1569,16.7,-1.3,0.3,3.1,.095
Terry Teagle,1989-90,29,GSW,82,2376,14.8,-2.4,-0.3,2.7,.054
Terry Teagle,1990-91,30,LAL,82,1498,12.8,-3.9,-0.7,2.1,.066
Terry Teagle,1991-92,31,LAL,82,1602,14.5,-2.6,-0.2,1.3,.038
Terry Teagle,1992-93,32,HOU,2,25,2.1,-12.3,-0.1,0.0,-0.078
Terry Teagle,1993-94,,Did not play - other pro league,,,,,,,
Terry Teagle,1994-95,,Did not play - other pro league,,,,,,,
Jeff Teague,2009-10,21,ATL,71,719,11.0,-3.6,-0.3,0.6,.042
Jeff Teague,2010-11,22,ATL,70,963,14.6,0.5,0.6,1.7,.083
Jeff Teague,2011-12,23,ATL,66,2183,15.8,1.3,1.8,6.0,.131
Jeff Teague,2012-13,24,ATL,80,2628,16.8,0.3,1.5,6.1,.111
Jeff Teague,2013-14,25,ATL,79,2542,17.1,-0.1,1.2,5.2,.098
Jeff Teague,2014-15,26,ATL,73,2228,20.6,2.9,2.8,7.7,.166
Jeff Teague,2015-16,27,ATL,79,2255,17.9,1.3,1.9,5.9,.125
Jeff Teague,2016-17,28,IND,82,2657,19.2,2.2,2.8,8.1,.146
Jeff Teague,2017-18,29,MIN,70,2311,16.4,0.4,1.4,4.9,.101
Jeff Teague,2018-19,30,MIN,42,1264,15.4,-0.4,0.5,2.2,.085
Jeff Teague,2019-20,31,2TM,59,1464,14.6,-1.5,0.2,2.5,.082
Jeff Teague,2019-20,31,MIN,34,945,15.9,-0.6,0.3,2.1,.108
Jeff Teague,2019-20,31,ATL,25,519,12.2,-3.2,-0.2,0.4,.035
Jeff Teague,2020-21,32,2TM,55,950,12.3,-2.2,-0.1,1.6,.079
Jeff Teague,2020-21,32,BOS,34,616,11.4,-2.7,-0.1,0.8,.062
Jeff Teague,2020-21,32,MIL,21,334,14.1,-1.4,0.1,0.8,.110
Marquis Teague,2012-13,19,CHI,48,392,6.0,-5.6,-0.4,-0.3,-0.031
Marquis Teague,2013-14,20,2TM,40,443,3.8,-7.4,-0.6,-0.5,-0.059
Marquis Teague,2013-14,20,CHI,19,242,0.0,-8.1,-0.4,-0.5,-0.094
Marquis Teague,2013-14,20,BRK,21,201,8.4,-6.7,-0.2,-0.1,-0.017
Marquis Teague,2014-15,,Did not play - other pro league,,,,,,,
Marquis Teague,2015-16,,Did not play - other pro league,,,,,,,
Marquis Teague,2016-17,,Did not play - other pro league,,,,,,,
Marquis Teague,2017-18,24,MEM,3,74,5.7,-5.7,-0.1,-0.1,-0.038
Mirza Teletović,2012-13,27,BRK,53,499,12.3,-1.3,0.1,0.9,.087
Mirza Teletović,2013-14,28,BRK,72,1396,14.3,-0.2,0.6,2.7,.094
Mirza Teletović,2014-15,29,BRK,40,892,10.7,-1.7,0.1,0.5,.026
Mirza Teletović,2015-16,30,PHO,79,1686,16.2,1.3,1.4,3.8,.109
Mirza Teletović,2016-17,31,MIL,70,1133,8.8,-3.8,-0.5,0.6,.025
Mirza Teletović,2017-18,32,MIL,10,159,13.5,0.4,0.1,0.3,.090
Sebastian Telfair,2004-05,19,POR,68,1330,9.7,-5.9,-1.3,-0.4,-0.013
Sebastian Telfair,2005-06,20,POR,68,1641,13.0,-2.8,-0.3,0.6,.017
Sebastian Telfair,2006-07,21,BOS,78,1578,8.6,-4.2,-0.9,0.5,.015
Sebastian Telfair,2007-08,22,MIN,60,1933,10.4,-3.1,-0.6,0.7,.018
Sebastian Telfair,2008-09,23,MIN,75,2095,10.8,-3.4,-0.7,0.8,.019
Sebastian Telfair,2009-10,24,2TM,43,659,10.3,-4.4,-0.4,0.3,.020
Sebastian Telfair,2009-10,24,LAC,39,582,9.8,-4.3,-0.3,0.2,.015
Sebastian Telfair,2009-10,24,CLE,4,77,14.0,-4.7,-0.1,0.1,.065
Sebastian Telfair,2010-11,25,MIN,37,711,10.5,-3.5,-0.3,0.1,.008
Sebastian Telfair,2011-12,26,PHO,60,895,13.2,-1.3,0.1,1.1,.058
Sebastian Telfair,2012-13,27,2TM,59,980,10.9,-1.7,0.1,0.8,.039
Sebastian Telfair,2012-13,27,PHO,46,795,10.9,-1.7,0.1,0.7,.042
Sebastian Telfair,2012-13,27,TOR,13,185,10.7,-1.7,0.0,0.1,.029
Sebastian Telfair,2013-14,,Did not play - other pro league,,,,,,,
Sebastian Telfair,2014-15,29,OKC,16,327,11.4,-1.4,0.1,0.4,.063
Collis Temple,1974-75,22,SAA,24,102,12.9,-3.0,0.0,0.1,.067
Garrett Temple,2009-10,23,3TM,27,334,10.5,-2.9,-0.1,0.4,.057
Garrett Temple,2009-10,23,HOU,9,118,8.6,-5.5,-0.1,0.0,.004
Garrett Temple,2009-10,23,SAC,5,23,15.4,0.5,0.0,0.0,.078
Garrett Temple,2009-10,23,SAS,13,193,11.1,-1.8,0.0,0.3,.086
Garrett Temple,2010-11,24,3TM,24,230,4.7,-6.4,-0.3,-0.4,-0.085
Garrett Temple,2010-11,24,SAS,3,21,0.6,-5.4,0.0,-0.1,-0.135
Garrett Temple,2010-11,24,MIL,9,83,3.1,-6.4,-0.1,0.0,-0.019
Garrett Temple,2010-11,24,CHA,12,126,6.4,-6.6,-0.1,-0.3,-0.119
Garrett Temple,2011-12,,Did not play - other pro league,,,,,,,
Garrett Temple,2012-13,26,WAS,51,1156,8.8,-2.3,-0.1,1.2,.049
Garrett Temple,2013-14,27,WAS,75,638,7.8,-3.0,-0.2,0.3,.025
Garrett Temple,2014-15,28,WAS,52,735,10.9,0.6,0.5,1.5,.100
Garrett Temple,2015-16,29,WAS,80,1951,9.3,-2.1,0.0,2.7,.066
Garrett Temple,2016-17,30,SAC,65,1728,11.2,-0.8,0.5,2.2,.061
Garrett Temple,2017-18,31,SAC,65,1615,10.3,-2.5,-0.2,1.2,.035
Garrett Temple,2018-19,32,2TM,75,2040,8.5,-2.8,-0.4,2.2,.052
Garrett Temple,2018-19,32,MEM,49,1530,8.6,-2.7,-0.3,1.6,.050
Garrett Temple,2018-19,32,LAC,26,510,8.0,-3.1,-0.1,0.6,.061
Garrett Temple,2019-20,33,BRK,62,1730,10.5,-1.1,0.4,2.4,.066
Garrett Temple,2020-21,34,CHI,56,1528,8.2,-3.0,-0.4,1.6,.050
Garrett Temple,2021-22,35,NOP,59,1098,8.6,-2.5,-0.1,0.8,.037
Garrett Temple,2022-23,36,NOP,25,162,10.5,-1.0,0.0,0.3,.094
Garrett Temple,2023-24,37,TOR,27,289,9.5,-4.7,-0.2,0.2,.032
Garrett Temple,2024-25,38,TOR,28,227,8.5,-3.6,-0.1,0.2,.033
Miloš Teodosić,2017-18,30,LAC,45,1134,11.6,-1.7,0.1,1.4,.058
Miloš Teodosić,2018-19,31,LAC,15,150,6.5,-5.4,-0.1,-0.1,-0.019
Ira Terrell,1976-77,22,PHO,78,1751,12.8,-0.5,0.7,3.6,.097
Ira Terrell,1977-78,,Did not play - injury,,,,,,,
Ira Terrell,1978-79,24,2TM,49,732,9.3,-3.1,-0.1,0.6,.037
Ira Terrell,1978-79,24,NOJ,31,572,8.0,-3.6,-0.2,0.3,.023
Ira Terrell,1978-79,24,POR,18,160,14.1,-1.3,0.1,0.3,.087
Jared Terrell,2018-19,23,MIN,14,111,0.7,-10.9,-0.2,-0.3,-0.140
Carlos Terry,1978-79,,Did not play - other pro league,,,,,,,
Carlos Terry,1979-80,,Did not play - other pro league,,,,,,,
Carlos Terry,1980-81,24,WSB,26,504,13.7,1.4,0.4,0.8,.074
Carlos Terry,1981-82,25,WSB,13,60,3.1,-4.7,-0.1,-0.1,-0.048
Carlos Terry,1982-83,26,WSB,55,514,7.9,-0.6,0.2,0.8,.072
Chuck Terry,1972-73,22,MIL,67,693,5.0,,,0.1,.004
Chuck Terry,1973-74,23,2TM,68,1125,9.7,-1.5,0.1,2.1,.091
Chuck Terry,1973-74,23,MIL,7,32,7.0,-4.3,0.0,0.0,-0.046
Chuck Terry,1973-74,23,SAA,61,1093,9.8,-1.4,0.2,2.2,.095
Chuck Terry,1974-75,24,SAA,79,1186,10.3,-0.9,0.3,2.3,.093
Chuck Terry,1975-76,25,NYA,66,970,7.0,-2.8,-0.2,1.2,.060
Chuck Terry,1976-77,26,NYN,61,1075,8.8,-3.1,-0.3,0.7,.029
Claude Terry,1972-73,23,DNR,68,667,10.8,,,0.8,.055
Claude Terry,1973-74,24,DNR,60,587,13.7,-0.7,0.2,1.0,.078
Claude Terry,1974-75,25,DNA,70,989,14.3,0.5,0.6,2.4,.117
Claude Terry,1975-76,26,DNA,79,1349,10.9,-2.3,-0.1,1.8,.065
Claude Terry,1976-77,27,2TM,45,545,13.2,-1.3,0.2,1.0,.088
Claude Terry,1976-77,27,BUF,33,304,11.6,-2.6,0.0,0.3,.055
Claude Terry,1976-77,27,ATL,12,241,15.2,0.4,0.2,0.6,.129
Claude Terry,1977-78,28,ATL,27,166,6.9,-4.8,-0.1,0.0,-0.008
Dalen Terry,2022-23,20,CHI,38,214,14.1,0.0,0.1,0.5,.105
Dalen Terry,2023-24,21,CHI,59,681,10.2,-2.3,0.0,0.8,.060
Dalen Terry,2024-25,22,CHI,73,987,9.6,-3.8,-0.5,1.1,.052
Emanuel Terry,2018-19,22,2TM,3,23,19.7,2.3,0.0,0.1,.117
Emanuel Terry,2018-19,22,PHO,2,20,19.9,2.3,0.0,0.1,.127
Emanuel Terry,2018-19,22,MIA,1,3,18.4,2.1,0.0,0.0,.045
Emanuel Terry,2019-20,,Did not play - other pro league,,,,,,,
Emanuel Terry,2020-21,,Did not play - other pro league,,,,,,,
Emanuel Terry,2021-22,25,PHO,3,18,-0.1,-18.3,-0.1,-0.1,-0.256
Jason Terry,1999-00,22,ATL,81,1888,13.9,-1.0,0.5,1.9,.047
Jason Terry,2000-01,23,ATL,82,3089,17.3,1.3,2.6,6.5,.100
Jason Terry,2001-02,24,ATL,78,2967,19.2,3.2,3.9,8.6,.139
Jason Terry,2002-03,25,ATL,81,3081,18.2,1.8,3.0,7.4,.116
Jason Terry,2003-04,26,ATL,81,3018,16.2,0.3,1.7,5.1,.080
Jason Terry,2004-05,27,DAL,80,2401,18.4,3.3,3.2,8.5,.171
Jason Terry,2005-06,28,DAL,80,2798,18.4,3.3,3.7,9.6,.165
Jason Terry,2006-07,29,DAL,81,2846,18.9,4.0,4.3,10.8,.182
Jason Terry,2007-08,30,DAL,82,2579,17.8,3.1,3.3,8.6,.160
Jason Terry,2008-09,31,DAL,74,2491,19.3,2.9,3.1,7.3,.140
Jason Terry,2009-10,32,DAL,77,2540,16.5,1.5,2.2,6.5,.123
Jason Terry,2010-11,33,DAL,82,2564,15.9,0.9,1.9,5.3,.100
Jason Terry,2011-12,34,DAL,63,2000,15.7,1.4,1.7,3.8,.092
Jason Terry,2012-13,35,BOS,79,2124,12.8,-0.2,1.0,4.0,.091
Jason Terry,2013-14,36,BRK,35,570,7.4,-3.5,-0.2,0.2,.016
Jason Terry,2014-15,37,HOU,77,1641,11.4,0.5,1.0,3.6,.104
Jason Terry,2015-16,38,HOU,72,1258,10.2,-1.6,0.1,1.5,.057
Jason Terry,2016-17,39,MIL,74,1365,9.1,-0.9,0.4,2.1,.075
Jason Terry,2017-18,40,MIL,51,814,8.1,-2.0,0.0,0.7,.042
Tyrell Terry,2020-21,20,DAL,11,56,6.0,-5.0,0.0,-0.1,-0.049
Tyrell Terry,2021-22,21,MEM,2,3,20.0,-1.0,0.0,0.0,.222
Jon Teske,2021-22,24,MEM,3,8,1.5,-4.8,0.0,0.0,-0.080
Hasheem Thabeet,2009-10,22,MEM,68,883,12.9,-1.2,0.2,2.0,.109
Hasheem Thabeet,2010-11,23,2TM,47,373,4.7,-5.7,-0.3,0.3,.043
Hasheem Thabeet,2010-11,23,MEM,45,369,4.9,-5.5,-0.3,0.3,.045
Hasheem Thabeet,2010-11,23,HOU,2,4,-13.6,-19.9,0.0,0.0,-0.179
Hasheem Thabeet,2011-12,24,2TM,20,139,12.4,-3.9,-0.1,0.3,.102
Hasheem Thabeet,2011-12,24,HOU,5,23,16.4,2.8,0.0,0.1,.228
Hasheem Thabeet,2011-12,24,POR,15,116,11.6,-5.2,-0.1,0.2,.077
Hasheem Thabeet,2012-13,25,OKC,66,770,11.6,-1.5,0.1,2.2,.134
Hasheem Thabeet,2013-14,26,OKC,23,192,2.6,-7.3,-0.3,0.0,.012
Tom Thacker,1963-64,24,CIN,48,457,7.3,,,-0.9,-0.096
Tom Thacker,1964-65,25,CIN,55,470,7.8,,,-0.6,-0.057
Tom Thacker,1965-66,26,CIN,50,478,10.3,,,0.0,-0.004
Tom Thacker,1966-67,,Did not play - retired,,,,,,,
Tom Thacker,1967-68,28,BOS,65,782,8.6,,,0.9,.055
Tom Thacker,1968-69,29,INA,18,346,7.7,,,-0.1,-0.013
Tom Thacker,1969-70,30,INA,70,1016,5.3,,,0.4,.020
Tom Thacker,1970-71,31,INA,8,92,1.7,,,0.0,.011
Floyd Theard,1969-70,25,DNR,25,406,2.3,,,0.0,-0.001
Daniel Theis,2017-18,25,BOS,63,936,16.1,0.3,0.5,3.5,.178
Daniel Theis,2018-19,26,BOS,66,908,17.0,0.0,0.5,3.5,.188
Daniel Theis,2019-20,27,BOS,65,1566,17.9,2.4,1.7,6.5,.201
Daniel Theis,2020-21,28,2TM,65,1601,15.0,0.0,0.8,4.3,.128
Daniel Theis,2020-21,28,BOS,42,1027,15.0,0.4,0.6,2.9,.134
Daniel Theis,2020-21,28,CHI,23,574,14.9,-0.7,0.2,1.4,.116
Daniel Theis,2021-22,29,2TM,47,977,13.2,-2.1,0.0,1.9,.093
Daniel Theis,2021-22,29,HOU,26,584,10.7,-3.4,-0.2,0.3,.028
Daniel Theis,2021-22,29,BOS,21,393,17.0,-0.1,0.2,1.6,.190
Daniel Theis,2022-23,30,IND,7,109,14.2,-1.4,0.0,0.1,.046
Daniel Theis,2023-24,31,2TM,60,1015,14.4,-1.6,0.1,2.5,.119
Daniel Theis,2023-24,31,IND,1,8,-6.9,-20.5,0.0,0.0,-0.261
Daniel Theis,2023-24,31,LAC,59,1007,14.5,-1.5,0.1,2.6,.122
Daniel Theis,2024-25,32,NOP,38,621,12.1,-3.3,-0.2,1.0,.077
Reggie Theus,1978-79,21,CHI,82,2753,13.3,-1.9,0.1,3.2,.056
Reggie Theus,1979-80,22,CHI,82,3029,17.0,0.8,2.1,6.9,.110
Reggie Theus,1980-81,23,CHI,82,2820,18.4,1.8,2.7,9.2,.156
Reggie Theus,1981-82,24,CHI,82,2838,16.2,-0.2,1.2,5.3,.090
Reggie Theus,1982-83,25,CHI,82,2856,19.2,1.4,2.4,6.5,.110
Reggie Theus,1983-84,26,2TM,61,1498,14.3,-1.2,0.3,1.8,.056
Reggie Theus,1983-84,26,CHI,31,601,12.9,-2.3,0.0,0.5,.043
Reggie Theus,1983-84,26,KCK,30,897,15.3,-0.5,0.3,1.2,.065
Reggie Theus,1984-85,27,KCK,82,2543,17.0,0.7,1.7,4.6,.086
Reggie Theus,1985-86,28,SAC,82,2919,17.9,1.2,2.4,6.4,.105
Reggie Theus,1986-87,29,SAC,79,2872,17.9,0.9,2.1,6.2,.104
Reggie Theus,1987-88,30,SAC,73,2653,16.5,-0.9,0.7,3.7,.066
Reggie Theus,1988-89,31,ATL,82,2517,16.1,0.6,1.6,5.9,.113
Reggie Theus,1989-90,32,ORL,76,2350,15.9,-1.2,0.5,2.5,.052
Reggie Theus,1990-91,33,NJN,81,2955,14.2,-1.1,0.6,4.7,.076
Reggie Theus,1991-92,,Did not play - other pro league,,,,,,,
Reggie Theus,1992-93,,Did not play - other pro league,,,,,,,
Peter Thibeaux,1983-84,,Did not play - other pro league,,,,,,,
Peter Thibeaux,1984-85,23,GSW,51,461,11.7,-5.1,-0.4,0.3,.027
Peter Thibeaux,1985-86,24,GSW,42,531,9.5,-5.4,-0.5,-0.2,-0.015
Bill Thieben,1956-57,21,FTW,58,633,12.2,,,0.2,.015
Bill Thieben,1957-58,22,DET,27,243,5.0,,,-0.7,-0.133
Justus Thigpen,1969-70,22,PTP,3,58,0.0,,,-0.2,-0.142
Justus Thigpen,1970-71,,Did not play - other,,,,,,,
Justus Thigpen,1971-72,,Did not play -,,,,,,,
Justus Thigpen,1972-73,25,DET,18,99,7.8,,,-0.1,-0.061
Justus Thigpen,1973-74,26,KCO,1,2,20.6,-4.8,0.0,0.0,-0.078
David Thirdkill,1982-83,22,PHO,49,521,7.5,-5.5,-0.5,0.3,.023
David Thirdkill,1983-84,23,DET,46,291,5.9,-4.5,-0.2,0.0,.002
David Thirdkill,1984-85,24,3TM,18,183,5.8,-4.8,-0.1,0.0,.012
David Thirdkill,1984-85,24,DET,10,115,2.0,-7.1,-0.1,-0.1,-0.054
David Thirdkill,1984-85,24,MIL,6,16,15.4,1.5,0.0,0.1,.195
David Thirdkill,1984-85,24,SAS,2,52,11.1,-1.8,0.0,0.1,.103
David Thirdkill,1985-86,25,BOS,49,385,12.1,-3.2,-0.1,1.0,.129
David Thirdkill,1986-87,26,BOS,17,89,4.5,-10.7,-0.2,-0.1,-0.038
Adonis Thomas,2013-14,20,2TM,6,37,7.3,-6.2,0.0,0.0,.001
Adonis Thomas,2013-14,20,ORL,4,24,5.8,-6.4,0.0,0.0,-0.031
Adonis Thomas,2013-14,20,PHI,2,13,10.1,-5.9,0.0,0.0,.060
Billy Thomas,2004-05,29,NJN,25,356,8.2,-3.3,-0.1,0.4,.055
Billy Thomas,2005-06,30,WAS,17,131,9.8,-0.2,0.1,0.2,.063
Billy Thomas,2006-07,,Did not play - other pro league,,,,,,,
Billy Thomas,2007-08,32,2TM,11,42,-1.9,-12.3,-0.1,-0.1,-0.165
Billy Thomas,2007-08,32,NJN,4,8,-10.3,-20.0,0.0,-0.1,-0.389
Billy Thomas,2007-08,32,CLE,7,34,0.1,-10.5,-0.1,-0.1,-0.112
Brodric Thomas,2020-21,24,2TM,32,399,8.0,-4.4,-0.2,0.1,.006
Brodric Thomas,2020-21,24,HOU,4,24,7.2,-6.4,0.0,0.0,-0.063
Brodric Thomas,2020-21,24,CLE,28,375,8.0,-4.3,-0.2,0.1,.010
Brodric Thomas,2021-22,25,BOS,12,60,10.0,-2.8,0.0,0.1,.052
Cam Thomas,2021-22,20,BRK,67,1176,11.7,-3.4,-0.4,0.8,.033
Cam Thomas,2022-23,21,BRK,57,948,14.7,-2.7,-0.2,1.0,.049
Cam Thomas,2023-24,22,BRK,66,2075,16.1,-1.2,0.4,2.5,.058
Cam Thomas,2024-25,23,BRK,25,781,18.0,0.3,0.5,1.2,.071
Carl Thomas,1991-92,22,SAC,1,31,6.4,-8.6,-0.1,0.0,-0.027
Carl Thomas,1992-93,,Did not play - other pro league,,,,,,,
Carl Thomas,1993-94,,Did not play - other pro league,,,,,,,
Carl Thomas,1994-95,,Did not play - other pro league,,,,,,,
Carl Thomas,1995-96,,Did not play - other pro league,,,,,,,
Carl Thomas,1996-97,27,CLE,19,77,8.5,-3.0,0.0,0.0,.004
Carl Thomas,1997-98,28,3TM,43,426,10.9,-0.3,0.2,0.7,.075
Carl Thomas,1997-98,28,GSW,10,139,11.0,-2.6,0.0,0.1,.019
Carl Thomas,1997-98,28,ORL,4,15,27.8,13.4,0.1,0.1,.271
Carl Thomas,1997-98,28,CLE,29,272,10.0,0.1,0.1,0.5,.092
Charles Thomas,1991-92,22,DET,36,156,6.1,-7.2,-0.2,-0.1,-0.042
Etan Thomas,2000-01,,Did not play - injury,,,,,,,
Etan Thomas,2001-02,23,WAS,47,618,15.7,-1.2,0.1,1.6,.127
Etan Thomas,2002-03,24,WAS,38,513,15.8,-3.0,-0.1,1.3,.125
Etan Thomas,2003-04,25,WAS,79,1901,16.4,-1.1,0.4,4.5,.115
Etan Thomas,2004-05,26,WAS,47,976,13.0,-4.0,-0.5,1.6,.079
Etan Thomas,2005-06,27,WAS,71,1121,13.6,-1.7,0.1,2.5,.107
Etan Thomas,2006-07,28,WAS,65,1246,15.6,-1.2,0.3,2.7,.105
Etan Thomas,2007-08,,Did not play - illness,,,,,,,
Etan Thomas,2008-09,30,WAS,26,306,10.1,-4.9,-0.2,0.1,.018
Etan Thomas,2009-10,31,OKC,23,321,6.9,-5.0,-0.2,0.2,.028
Etan Thomas,2010-11,32,ATL,13,82,15.1,-1.7,0.0,0.2,.130
Irving Thomas,1990-91,25,LAL,26,108,7.3,-10.3,-0.2,-0.1,-0.057
Isaiah Thomas,2011-12,22,SAC,65,1656,17.6,0.8,1.2,4.3,.124
Isaiah Thomas,2012-13,23,SAC,79,2122,17.5,0.5,1.3,5.0,.114
Isaiah Thomas,2013-14,24,SAC,72,2497,20.5,3.2,3.2,7.7,.149
Isaiah Thomas,2014-15,25,2TM,67,1726,20.6,3.2,2.3,6.1,.169
Isaiah Thomas,2014-15,25,PHO,46,1181,19.7,2.5,1.4,4.0,.162
Isaiah Thomas,2014-15,25,BOS,21,545,22.3,4.6,0.9,2.1,.185
Isaiah Thomas,2015-16,26,BOS,82,2644,21.5,4.3,4.2,9.7,.177
Isaiah Thomas,2016-17,27,BOS,76,2569,26.5,6.7,5.6,12.5,.234
Isaiah Thomas,2017-18,28,2TM,32,862,12.6,-4.9,-0.6,0.2,.009
Isaiah Thomas,2017-18,28,CLE,15,406,12.3,-4.8,-0.3,-0.1,-0.008
Isaiah Thomas,2017-18,28,LAL,17,456,12.8,-4.9,-0.3,0.2,.024
Isaiah Thomas,2018-19,29,DEN,12,181,7.0,-6.5,-0.2,-0.3,-0.077
Isaiah Thomas,2019-20,30,WAS,40,925,11.6,-4.4,-0.5,0.0,.002
Isaiah Thomas,2020-21,31,NOP,3,48,2.4,-13.1,-0.1,-0.2,-0.179
Isaiah Thomas,2021-22,32,3TM,22,333,12.0,-4.5,-0.2,0.2,.026
Isaiah Thomas,2021-22,32,LAL,4,101,3.2,-8.5,-0.2,-0.2,-0.084
Isaiah Thomas,2021-22,32,DAL,1,13,12.6,-4.2,0.0,0.0,.006
Isaiah Thomas,2021-22,32,CHO,17,219,16.0,-2.7,0.0,0.4,.078
Isaiah Thomas,2022-23,,Did not play - unsigned,,,,,,,
Isaiah Thomas,2023-24,34,PHO,6,19,6.7,-6.9,0.0,0.0,-0.030
Isiah Thomas,1981-82,20,DET,72,2433,14.5,-0.8,0.7,2.3,.046
Isiah Thomas,1982-83,21,DET,81,3093,18.9,1.9,3.0,7.4,.115
Isiah Thomas,1983-84,22,DET,82,3007,20.9,4.8,5.1,9.1,.144
Isiah Thomas,1984-85,23,DET,81,3089,22.2,6.3,6.5,11.2,.173
Isiah Thomas,1985-86,24,DET,77,2790,21.2,5.0,4.9,8.8,.151
Isiah Thomas,1986-87,25,DET,81,3013,18.8,3.3,4.0,7.6,.121
Isiah Thomas,1987-88,26,DET,81,2927,18.2,3.0,3.7,7.6,.124
Isiah Thomas,1988-89,27,DET,80,2924,17.1,2.6,3.4,7.0,.115
Isiah Thomas,1989-90,28,DET,81,2993,17.3,2.9,3.7,6.7,.107
Isiah Thomas,1990-91,29,DET,48,1657,17.4,2.7,2.0,3.4,.098
Isiah Thomas,1991-92,30,DET,78,2918,16.0,1.1,2.3,5.8,.095
Isiah Thomas,1992-93,31,DET,79,2922,15.4,0.5,1.9,3.7,.061
Isiah Thomas,1993-94,32,DET,58,1750,15.2,-1.0,0.5,0.2,.007
Jamel Thomas,1999-00,26,2TM,7,46,9.1,-5.2,0.0,-0.1,-0.065
Jamel Thomas,1999-00,26,BOS,3,19,17.7,-1.3,0.0,0.0,.079
Jamel Thomas,1999-00,26,GSW,4,27,3.0,-8.0,0.0,-0.1,-0.166
Jamel Thomas,2000-01,27,NJN,5,56,0.8,-9.8,-0.1,-0.2,-0.171
James Thomas,2004-05,24,2TM,11,117,14.0,-1.9,0.0,0.2,.094
James Thomas,2004-05,24,POR,9,112,13.6,-2.0,0.0,0.2,.090
James Thomas,2004-05,24,ATL,2,5,21.8,-1.6,0.0,0.0,.181
James Thomas,2005-06,25,2TM,22,150,5.4,-7.1,-0.2,0.2,.052
James Thomas,2005-06,25,PHI,15,124,4.1,-8.1,-0.2,0.1,.033
James Thomas,2005-06,25,CHI,7,26,11.7,-2.3,0.0,0.1,.140
Jim Thomas,1983-84,23,IND,72,1219,12.1,-1.4,0.2,1.6,.065
Jim Thomas,1984-85,24,IND,80,2059,13.0,-1.1,0.5,3.5,.081
Jim Thomas,1985-86,25,LAC,6,69,5.3,-5.6,-0.1,-0.1,-0.081
Jim Thomas,1986-87,,Did not play - waived,,,,,,,
Jim Thomas,1987-88,,Did not play - other pro league,,,,,,,
Jim Thomas,1988-89,,Did not play - other pro league,,,,,,,
Jim Thomas,1989-90,,Did not play - other pro league,,,,,,,
Jim Thomas,1990-91,30,MIN,3,14,0.7,-7.4,0.0,0.0,-0.167
Joe Thomas,1970-71,22,PHO,39,204,4.3,,,-0.6,-0.149
John Thomas,1997-98,22,2TM,54,535,9.1,-5.2,-0.4,0.4,.034
John Thomas,1997-98,22,BOS,33,368,10.1,-3.5,-0.1,0.4,.054
John Thomas,1997-98,22,TOR,21,167,6.8,-9.1,-0.3,0.0,-0.009
John Thomas,1998-99,23,TOR,39,593,13.7,-1.9,0.0,1.5,.125
John Thomas,1999-00,24,TOR,55,477,6.5,-6.9,-0.6,0.4,.038
John Thomas,2000-01,,Did not play -,,,,,,,
John Thomas,2001-02,,Did not play - other pro league,,,,,,,
John Thomas,2002-03,,Did not play - other pro league,,,,,,,
John Thomas,2003-04,,Did not play - other pro league,,,,,,,
John Thomas,2004-05,29,MIN,44,521,9.1,-3.0,-0.1,0.9,.083
John Thomas,2005-06,30,3TM,16,127,3.4,-8.5,-0.2,0.0,-0.017
John Thomas,2005-06,30,MEM,3,25,3.8,-5.6,0.0,0.0,.012
John Thomas,2005-06,30,ATL,11,66,3.1,-6.5,-0.1,0.0,-0.023
John Thomas,2005-06,30,NJN,2,36,3.5,-14.1,-0.1,0.0,-0.027
Kenny Thomas,1999-00,22,HOU,72,1797,12.0,-2.6,-0.3,2.2,.058
Kenny Thomas,2000-01,23,HOU,74,1820,11.2,-2.3,-0.1,2.2,.058
Kenny Thomas,2001-02,24,HOU,72,2484,16.4,0.1,1.3,4.4,.085
Kenny Thomas,2002-03,25,2TM,66,1978,14.9,-0.7,0.6,4.6,.111
Kenny Thomas,2002-03,25,HOU,20,586,12.6,-2.1,0.0,0.7,.057
Kenny Thomas,2002-03,25,PHI,46,1392,15.8,-0.2,0.6,3.9,.134
Kenny Thomas,2003-04,26,PHI,74,2699,15.9,-0.7,0.9,6.6,.118
Kenny Thomas,2004-05,27,2TM,73,2167,15.2,-1.5,0.3,4.3,.096
Kenny Thomas,2004-05,27,PHI,47,1344,13.0,-2.6,-0.2,2.0,.071
Kenny Thomas,2004-05,27,SAC,26,823,18.9,0.2,0.5,2.3,.135
Kenny Thomas,2005-06,28,SAC,82,2293,15.0,0.0,1.1,5.5,.115
Kenny Thomas,2006-07,29,SAC,62,1412,10.2,-2.7,-0.3,1.2,.041
Kenny Thomas,2007-08,30,SAC,23,281,2.6,-6.0,-0.3,-0.3,-0.047
Kenny Thomas,2008-09,31,SAC,8,62,8.8,-1.9,0.0,0.1,.056
Kenny Thomas,2009-10,32,SAC,26,313,9.0,-2.7,-0.1,0.4,.059
Khyri Thomas,2018-19,22,DET,26,195,6.2,-5.0,-0.2,0.0,.005
Khyri Thomas,2019-20,23,DET,8,61,3.1,-7.9,-0.1,0.0,-0.038
Khyri Thomas,2020-21,24,HOU,5,153,21.3,2.4,0.2,0.5,.164
Kurt Thomas,1995-96,23,MIA,74,1655,13.5,-1.8,0.1,3.8,.110
Kurt Thomas,1996-97,24,MIA,18,374,9.5,-3.7,-0.2,0.5,.070
Kurt Thomas,1997-98,25,DAL,5,73,6.4,-16.8,-0.3,-0.2,-0.161
Kurt Thomas,1998-99,26,NYK,50,1182,13.1,-0.8,0.4,2.5,.100
Kurt Thomas,1999-00,27,NYK,80,1971,13.6,-0.1,1.0,5.2,.127
Kurt Thomas,2000-01,28,NYK,77,2125,16.9,1.2,1.7,8.2,.185
Kurt Thomas,2001-02,29,NYK,82,2771,15.8,-1.0,0.7,6.5,.112
Kurt Thomas,2002-03,30,NYK,81,2577,16.7,0.1,1.3,5.4,.100
Kurt Thomas,2003-04,31,NYK,80,2548,14.1,-0.8,0.8,5.0,.094
Kurt Thomas,2004-05,32,NYK,80,2855,14.1,-0.8,0.9,5.2,.087
Kurt Thomas,2005-06,33,PHO,53,1411,13.1,-1.8,0.1,3.3,.112
Kurt Thomas,2006-07,34,PHO,67,1208,11.4,-1.7,0.1,2.9,.115
Kurt Thomas,2007-08,35,2TM,70,1584,14.2,0.1,0.9,4.1,.123
Kurt Thomas,2007-08,35,SEA,42,1060,15.8,0.8,0.7,3.0,.134
Kurt Thomas,2007-08,35,SAS,28,524,11.1,-1.1,0.1,1.1,.100
Kurt Thomas,2008-09,36,SAS,79,1404,14.0,-0.3,0.6,4.5,.152
Kurt Thomas,2009-10,37,MIL,70,1049,9.9,-2.2,-0.1,2.1,.095
Kurt Thomas,2010-11,38,CHI,52,1178,10.0,-0.6,0.4,3.2,.131
Kurt Thomas,2011-12,39,POR,53,803,9.5,-1.9,0.0,1.1,.067
Kurt Thomas,2012-13,40,NYK,39,392,13.3,-0.1,0.2,1.1,.135
Lance Thomas,2011-12,23,NOH,42,630,10.1,-4.3,-0.4,1.2,.088
Lance Thomas,2012-13,24,NOH,59,646,10.1,-3.0,-0.2,1.2,.087
Lance Thomas,2013-14,25,NOP,5,42,0.5,-9.6,-0.1,-0.1,-0.117
Lance Thomas,2014-15,26,2TM,62,1490,8.0,-5.6,-1.3,-0.4,-0.014
Lance Thomas,2014-15,26,OKC,22,450,6.6,-4.7,-0.3,0.0,.005
Lance Thomas,2014-15,26,NYK,40,1040,8.6,-5.9,-1.0,-0.5,-0.022
Lance Thomas,2015-16,27,NYK,59,1313,10.4,-3.2,-0.4,1.7,.062
Lance Thomas,2016-17,28,NYK,46,968,8.4,-3.5,-0.4,0.9,.046
Lance Thomas,2017-18,29,NYK,73,1353,6.3,-3.7,-0.6,0.9,.031
Lance Thomas,2018-19,30,NYK,46,783,6.4,-5.7,-0.7,0.1,.004
Lance Thomas,2019-20,31,BRK,7,98,3.0,-8.2,-0.2,0.0,-0.015
Malcolm Thomas,2011-12,23,SAS,3,15,7.1,-2.0,0.0,0.0,-0.028
Malcolm Thomas,2012-13,24,2TM,12,57,13.8,0.3,0.0,0.2,.133
Malcolm Thomas,2012-13,24,GSW,5,21,8.8,0.4,0.0,0.0,.077
Malcolm Thomas,2012-13,24,CHI,7,36,16.7,0.2,0.0,0.1,.166
Malcolm Thomas,2013-14,25,2TM,8,63,4.6,-9.1,-0.1,-0.2,-0.132
Malcolm Thomas,2013-14,25,SAS,1,15,6.6,-7.4,0.0,0.0,-0.107
Malcolm Thomas,2013-14,25,UTA,7,48,4.0,-9.6,-0.1,-0.1,-0.140
Malcolm Thomas,2014-15,26,PHI,17,194,8.2,-7.0,-0.2,0.1,.023
Matt Thomas,2019-20,25,TOR,41,440,13.3,1.1,0.3,1.2,.133
Matt Thomas,2020-21,26,2TM,45,326,9.1,-4.6,-0.2,0.2,.031
Matt Thomas,2020-21,26,TOR,26,192,8.2,-3.9,-0.1,0.1,.028
Matt Thomas,2020-21,26,UTA,19,134,10.5,-5.5,-0.1,0.1,.034
Matt Thomas,2021-22,27,CHI,40,459,9.9,-2.6,-0.1,0.6,.058
Ron Thomas,1972-73,22,KEN,31,369,15.6,,,0.8,.103
Ron Thomas,1973-74,23,KEN,71,976,11.6,-1.1,0.2,2.0,.098
Ron Thomas,1974-75,24,KEN,79,830,13.3,-0.7,0.3,1.8,.107
Ron Thomas,1975-76,25,KEN,83,1117,12.9,0.5,0.7,2.7,.117
Terry Thomas,1975-76,22,DET,28,136,16.3,-3.7,-0.1,0.2,.082
Tim Thomas,1997-98,20,PHI,77,1779,14.8,-0.5,0.7,3.4,.091
Tim Thomas,1998-99,21,2TM,50,812,16.0,0.5,0.5,2.2,.130
Tim Thomas,1998-99,21,PHI,17,188,12.8,-1.0,0.1,0.4,.091
Tim Thomas,1998-99,21,MIL,33,624,16.9,0.9,0.5,1.8,.141
Tim Thomas,1999-00,22,MIL,80,2093,14.7,-0.8,0.6,3.8,.088
Tim Thomas,2000-01,23,MIL,76,2086,16.4,1.5,1.8,5.5,.126
Tim Thomas,2001-02,24,MIL,74,1987,13.1,-2.3,-0.1,2.2,.052
Tim Thomas,2002-03,25,MIL,80,2358,14.3,-2.2,-0.1,2.9,.060
Tim Thomas,2003-04,26,2TM,66,2089,15.1,0.2,1.1,4.1,.093
Tim Thomas,2003-04,26,MIL,42,1343,14.2,0.0,0.7,2.2,.079
Tim Thomas,2003-04,26,NYK,24,746,16.7,0.5,0.4,1.8,.118
Tim Thomas,2004-05,27,NYK,71,1940,12.3,-2.0,0.0,2.2,.054
Tim Thomas,2005-06,28,2TM,29,666,12.2,-3.1,-0.2,0.9,.065
Tim Thomas,2005-06,28,CHI,3,32,8.5,-2.1,0.0,0.0,-0.031
Tim Thomas,2005-06,28,PHO,26,634,12.4,-3.2,-0.2,0.9,.069
Tim Thomas,2006-07,29,LAC,76,2054,13.6,0.7,1.4,3.9,.092
Tim Thomas,2007-08,30,LAC,63,1940,12.2,-1.4,0.3,1.7,.042
Tim Thomas,2008-09,31,3TM,64,1247,12.2,-1.3,0.2,1.7,.065
Tim Thomas,2008-09,31,LAC,10,220,9.1,-6.0,-0.2,-0.2,-0.038
Tim Thomas,2008-09,31,NYK,36,773,13.4,0.2,0.4,1.5,.091
Tim Thomas,2008-09,31,CHI,18,254,11.5,-2.0,0.0,0.4,.078
Tim Thomas,2009-10,32,DAL,18,285,15.1,-0.4,0.1,0.7,.120
Tyrus Thomas,2006-07,20,CHI,72,966,14.8,-1.0,0.2,2.2,.110
Tyrus Thomas,2007-08,21,CHI,74,1330,14.6,-0.6,0.5,2.4,.088
Tyrus Thomas,2008-09,22,CHI,79,2175,15.9,0.0,1.1,4.6,.101
Tyrus Thomas,2009-10,23,2TM,54,1220,16.8,0.9,0.9,2.6,.103
Tyrus Thomas,2009-10,23,CHI,29,678,16.5,2.0,0.7,1.4,.101
Tyrus Thomas,2009-10,23,CHA,25,542,17.1,-0.5,0.2,1.2,.106
Tyrus Thomas,2010-11,24,CHA,41,861,18.2,-0.6,0.3,1.8,.103
Tyrus Thomas,2011-12,25,CHA,54,1013,9.0,-6.0,-1.0,-0.6,-0.029
Tyrus Thomas,2012-13,26,CHA,26,360,9.6,-6.1,-0.4,-0.2,-0.025
Tyrus Thomas,2013-14,,Did not play - waived,,,,,,,
Tyrus Thomas,2014-15,28,MEM,2,7,31.4,18.5,0.0,0.1,.477
Willis Thomas,1967-68,,2TM,62,1067,12.2,,,1.5,.066
Willis Thomas,1967-68,,DNR,24,542,13.2,,,0.8,.075
Willis Thomas,1967-68,,ANA,38,525,11.3,,,0.6,.058
Trey Thompkins,2011-12,21,LAC,24,119,12.0,-5.7,-0.1,0.0,.004
Amen Thompson,2023-24,21,HOU,62,1388,18.2,1.8,1.3,4.3,.149
Amen Thompson,2024-25,22,HOU,69,2225,18.7,4.1,3.4,8.0,.172
Ausar Thompson,2023-24,21,DET,63,1583,12.8,-2.2,-0.1,1.8,.053
Ausar Thompson,2024-25,22,DET,59,1328,17.2,1.7,1.2,3.8,.138
Bernard Thompson,1984-85,22,POR,59,535,9.5,-4.0,-0.3,0.2,.022
Bernard Thompson,1985-86,23,PHO,61,1281,11.8,-1.9,0.0,2.1,.080
Bernard Thompson,1986-87,24,PHO,24,331,7.2,-6.1,-0.3,0.1,.019
Bernard Thompson,1987-88,25,PHO,37,566,11.0,-1.6,0.1,0.9,.074
Bernard Thompson,1988-89,26,HOU,23,222,5.5,-4.3,-0.1,0.0,.000
Billy Thompson,1986-87,23,LAL,59,762,12.8,-2.7,-0.1,1.6,.102
Billy Thompson,1987-88,24,LAL,9,38,-0.8,-16.2,-0.1,-0.1,-0.135
Billy Thompson,1988-89,25,MIA,79,2273,13.4,-1.3,0.4,2.8,.060
Billy Thompson,1989-90,26,MIA,79,2142,14.7,-0.2,1.0,3.6,.081
Billy Thompson,1990-91,27,MIA,73,1481,11.3,-1.9,0.0,1.7,.054
Billy Thompson,1991-92,28,GSW,1,1,0.0,-6.2,0.0,0.0,-0.014
Brooks Thompson,1994-95,24,ORL,38,246,10.5,-5.3,-0.2,0.1,.022
Brooks Thompson,1995-96,25,ORL,33,246,16.9,1.1,0.2,0.6,.121
Brooks Thompson,1996-97,26,2TM,67,1055,13.6,-1.2,0.2,1.1,.051
Brooks Thompson,1996-97,26,UTA,2,8,-9.1,-15.1,0.0,0.0,-0.260
Brooks Thompson,1996-97,26,DEN,65,1047,13.7,-1.1,0.2,1.2,.054
Brooks Thompson,1997-98,27,2TM,30,167,11.2,-1.9,0.0,0.2,.051
Brooks Thompson,1997-98,27,PHO,13,46,11.4,-3.2,0.0,0.0,-0.034
Brooks Thompson,1997-98,27,NYK,17,121,11.2,-1.4,0.0,0.2,.084
Corny Thompson,1982-83,22,DAL,44,520,6.0,-5.9,-0.5,-0.1,-0.010
David Thompson,1975-76,21,DNA,83,3101,21.1,3.7,4.4,12.4,.193
David Thompson,1976-77,22,DEN,82,3001,19.8,2.5,3.4,10.7,.172
David Thompson,1977-78,23,DEN,80,3025,23.2,4.8,5.2,12.7,.202
David Thompson,1978-79,24,DEN,76,2670,19.9,3.1,3.5,9.5,.171
David Thompson,1979-80,25,DEN,39,1239,19.0,1.6,1.1,3.0,.116
David Thompson,1980-81,26,DEN,77,2620,19.4,0.9,1.9,6.4,.117
David Thompson,1981-82,27,DEN,61,1246,17.6,-1.8,0.1,2.0,.079
David Thompson,1982-83,28,SEA,75,2155,16.1,0.3,1.3,5.4,.120
David Thompson,1983-84,29,SEA,19,349,20.0,1.6,0.4,1.0,.144
Dijon Thompson,2005-06,22,PHO,10,43,22.0,2.9,0.1,0.1,.146
Dijon Thompson,2006-07,23,ATL,6,50,11.6,-3.3,0.0,0.1,.064
George Thompson,1969-70,22,PTP,54,1017,17.6,,,1.8,.083
George Thompson,1970-71,23,PTC,82,2470,16.9,,,5.6,.109
George Thompson,1971-72,24,PTC,70,2904,19.2,,,6.7,.110
George Thompson,1972-73,25,MMT,80,2925,17.2,,,6.5,.107
George Thompson,1973-74,26,MMT,78,2732,18.9,1.8,2.7,7.7,.135
George Thompson,1974-75,27,MIL,73,1983,12.7,-2.3,-0.1,2.7,.064
Hollis Thompson,2013-14,22,PHI,77,1742,9.5,-3.2,-0.5,2.0,.055
Hollis Thompson,2014-15,23,PHI,71,1776,10.9,-1.8,0.1,2.6,.070
Hollis Thompson,2015-16,24,PHI,77,2154,9.2,-3.4,-0.7,1.2,.026
Hollis Thompson,2016-17,25,2TM,40,752,7.9,-2.6,-0.1,0.7,.047
Hollis Thompson,2016-17,25,PHI,31,561,9.0,-2.4,-0.1,0.7,.060
Hollis Thompson,2016-17,25,NOP,9,191,4.7,-3.1,-0.1,0.0,.007
Jack Thompson,1968-69,22,INA,2,4,5.0,,,0.0,-0.088
Jason Thompson,2008-09,22,SAC,82,2303,13.9,-4.2,-1.3,2.7,.057
Jason Thompson,2009-10,23,SAC,75,2357,14.5,-2.4,-0.2,4.0,.081
Jason Thompson,2010-11,24,SAC,75,1748,13.6,-2.2,-0.1,2.9,.079
Jason Thompson,2011-12,25,SAC,64,1657,16.4,-0.9,0.5,3.9,.114
Jason Thompson,2012-13,26,SAC,82,2285,14.6,-2.6,-0.3,3.6,.075
Jason Thompson,2013-14,27,SAC,82,2007,11.1,-3.2,-0.6,2.7,.064
Jason Thompson,2014-15,28,SAC,81,1991,10.2,-2.8,-0.4,2.4,.057
Jason Thompson,2015-16,29,2TM,47,471,14.2,-0.8,0.1,1.6,.165
Jason Thompson,2015-16,29,GSW,28,179,13.3,-1.3,0.0,0.6,.169
Jason Thompson,2015-16,29,TOR,19,292,14.7,-0.6,0.1,1.0,.163
Jason Thompson,2016-17,,Did not play - other pro league,,,,,,,
Jason Thompson,2017-18,,Did not play - other pro league,,,,,,,
Jason Thompson,2018-19,,Did not play - other pro league,,,,,,,
John Thompson,1964-65,23,BOS,64,699,9.8,,,1.8,.124
John Thompson,1965-66,24,BOS,10,72,14.8,,,0.3,.169
Kevin Thompson,1993-94,22,POR,14,58,4.9,-8.1,-0.1,0.0,-0.016
Klay Thompson,2011-12,21,GSW,66,1608,14.9,-1.4,0.2,1.7,.050
Klay Thompson,2012-13,22,GSW,82,2936,12.7,-0.3,1.3,4.3,.070
Klay Thompson,2013-14,23,GSW,81,2868,14.3,0.8,2.0,6.7,.112
Klay Thompson,2014-15,24,GSW,77,2455,20.8,4.4,4.0,8.8,.172
Klay Thompson,2015-16,25,GSW,80,2666,18.6,1.8,2.5,8.0,.144
Klay Thompson,2016-17,26,GSW,78,2649,17.4,0.8,1.9,7.1,.129
Klay Thompson,2017-18,27,GSW,73,2506,16.0,-0.4,1.0,4.9,.094
Klay Thompson,2018-19,28,GSW,78,2652,16.6,-0.3,1.2,5.3,.095
Klay Thompson,2019-20,,Did not play - injury,,,,,,,
Klay Thompson,2020-21,,Did not play - injury,,,,,,,
Klay Thompson,2021-22,31,GSW,32,941,16.7,1.1,0.7,1.8,.091
Klay Thompson,2022-23,32,GSW,69,2279,14.7,-0.3,1.0,3.1,.066
Klay Thompson,2023-24,33,GSW,77,2284,13.9,-0.4,0.9,3.6,.075
Klay Thompson,2024-25,34,DAL,72,1965,12.9,-1.0,0.5,1.8,.045
LaSalle Thompson,1982-83,21,KCK,71,987,14.7,-1.1,0.2,2.3,.110
LaSalle Thompson,1983-84,22,KCK,80,1915,16.9,-0.1,0.9,4.9,.122
LaSalle Thompson,1984-85,23,KCK,82,2458,15.6,0.3,1.4,5.3,.103
LaSalle Thompson,1985-86,24,SAC,80,2377,16.4,0.7,1.6,5.6,.113
LaSalle Thompson,1986-87,25,SAC,82,2166,15.7,-0.4,0.8,4.5,.100
LaSalle Thompson,1987-88,26,SAC,69,1257,15.3,-2.1,0.0,1.9,.074
LaSalle Thompson,1988-89,27,2TM,76,2329,15.6,-1.4,0.4,4.4,.090
LaSalle Thompson,1988-89,27,SAC,43,1276,15.6,-2.5,-0.2,1.7,.065
LaSalle Thompson,1988-89,27,IND,33,1053,15.5,0.0,0.5,2.6,.120
LaSalle Thompson,1989-90,28,IND,82,2126,10.3,-2.6,-0.3,2.4,.055
LaSalle Thompson,1990-91,29,IND,82,1946,11.2,-2.7,-0.3,1.2,.030
LaSalle Thompson,1991-92,30,IND,80,1299,10.9,-2.5,-0.2,1.6,.058
LaSalle Thompson,1992-93,31,IND,63,730,10.7,-2.8,-0.1,0.9,.061
LaSalle Thompson,1993-94,32,IND,30,282,6.1,-6.5,-0.3,0.0,-0.005
LaSalle Thompson,1994-95,33,IND,38,453,6.8,-5.3,-0.4,0.1,.015
LaSalle Thompson,1995-96,34,PHI,44,773,6.2,-5.8,-0.7,0.2,.013
LaSalle Thompson,1996-97,35,2TM,26,140,-0.5,-10.1,-0.3,-0.3,-0.086
LaSalle Thompson,1996-97,35,DEN,17,105,-0.9,-11.0,-0.2,-0.2,-0.109
LaSalle Thompson,1996-97,35,IND,9,35,0.8,-7.4,0.0,0.0,-0.017
Mychal Thompson,1978-79,24,POR,73,2144,17.0,0.5,1.3,4.4,.098
Mychal Thompson,1979-80,,Did not play - injury,,,,,,,
Mychal Thompson,1980-81,26,POR,79,2790,16.6,0.9,2.1,5.3,.092
Mychal Thompson,1981-82,27,POR,79,3129,19.2,2.3,3.4,8.2,.125
Mychal Thompson,1982-83,28,POR,80,3017,15.4,1.5,2.7,5.4,.086
Mychal Thompson,1983-84,29,POR,79,2648,17.9,2.7,3.1,6.9,.125
Mychal Thompson,1984-85,30,POR,79,2616,17.5,0.7,1.8,6.1,.111
Mychal Thompson,1985-86,31,POR,82,2569,13.7,-1.9,0.1,3.7,.068
Mychal Thompson,1986-87,32,2TM,82,1890,13.9,-2.6,-0.3,2.6,.066
Mychal Thompson,1986-87,32,SAS,49,1210,14.6,-1.8,0.1,1.6,.063
Mychal Thompson,1986-87,32,LAL,33,680,12.6,-4.0,-0.3,1.0,.071
Mychal Thompson,1987-88,33,LAL,80,2007,14.6,-2.4,-0.2,4.6,.111
Mychal Thompson,1988-89,34,LAL,80,1994,13.3,-1.0,0.5,5.2,.126
Mychal Thompson,1989-90,35,LAL,70,1883,13.4,-2.0,0.0,4.7,.119
Mychal Thompson,1990-91,36,LAL,72,1077,9.6,-2.2,-0.1,2.1,.091
Mychal Thompson,1991-92,,Did not play - other pro league,,,,,,,
Mychel Thompson,2011-12,23,CLE,5,95,2.2,-7.1,-0.1,-0.2,-0.079
Paul Thompson,1983-84,22,CLE,82,1731,14.9,0.7,1.2,3.7,.104
Paul Thompson,1984-85,23,2TM,49,942,13.4,0.0,0.5,1.1,.056
Paul Thompson,1984-85,23,CLE,33,715,13.6,0.5,0.5,0.7,.047
Paul Thompson,1984-85,23,MIL,16,227,12.8,-1.6,0.0,0.4,.083
Paul Thompson,1985-86,24,PHI,23,432,9.3,-3.9,-0.2,0.1,.008
Stephen Thompson,1991-92,23,2TM,19,91,11.5,-3.0,0.0,0.0,-0.014
Stephen Thompson,1991-92,23,ORL,1,15,-4.6,-14.6,0.0,-0.1,-0.205
Stephen Thompson,1991-92,23,SAC,18,76,14.6,-0.7,0.0,0.0,.024
Tristan Thompson,2011-12,20,CLE,60,1424,13.3,-4.7,-1.0,1.1,.038
Tristan Thompson,2012-13,21,CLE,82,2564,16.1,-1.8,0.1,5.2,.098
Tristan Thompson,2013-14,22,CLE,82,2594,14.9,-2.1,-0.1,5.7,.106
Tristan Thompson,2014-15,23,CLE,82,2194,15.6,-1.2,0.4,6.8,.148
Tristan Thompson,2015-16,24,CLE,82,2269,15.9,0.2,1.2,8.7,.185
Tristan Thompson,2016-17,25,CLE,78,2336,15.3,-0.7,0.7,7.3,.149
Tristan Thompson,2017-18,26,CLE,53,1072,13.6,-2.9,-0.2,2.5,.113
Tristan Thompson,2018-19,27,CLE,43,1198,18.4,-0.5,0.4,2.6,.105
Tristan Thompson,2019-20,28,CLE,57,1721,16.8,-1.5,0.2,3.1,.085
Tristan Thompson,2020-21,29,BOS,54,1287,14.2,-2.5,-0.2,2.9,.107
Tristan Thompson,2021-22,30,3TM,57,897,14.9,-3.1,-0.3,1.6,.087
Tristan Thompson,2021-22,30,SAC,30,455,15.1,-3.7,-0.2,0.6,.065
Tristan Thompson,2021-22,30,IND,4,66,12.5,-6.8,-0.1,0.0,.013
Tristan Thompson,2021-22,30,CHI,23,376,15.0,-1.7,0.0,1.0,.126
Tristan Thompson,2022-23,,Did not play - unsigned,,,,,,,
Tristan Thompson,2023-24,32,CLE,49,549,13.9,-1.4,0.1,1.4,.119
Tristan Thompson,2024-25,33,CLE,40,328,9.1,-4.6,-0.2,0.4,.057
JT Thor,2021-22,19,CHO,33,262,9.7,-3.0,-0.1,0.3,.058
JT Thor,2022-23,20,CHO,69,969,7.0,-4.7,-0.7,0.2,.009
JT Thor,2023-24,21,CHO,63,781,9.1,-4.5,-0.5,0.6,.034
JT Thor,2024-25,22,2TM,20,249,10.0,-5.4,-0.2,0.2,.033
JT Thor,2024-25,22,CLE,9,42,19.1,0.0,0.0,0.1,.132
JT Thor,2024-25,22,WAS,11,207,8.2,-6.5,-0.2,0.1,.013
Skip Thoren,1965-66,,Did not play - other pro league,,,,,,,
Skip Thoren,1966-67,,Did not play - other pro league,,,,,,,
Skip Thoren,1967-68,24,MNM,63,1203,17.7,,,4.4,.176
Skip Thoren,1968-69,25,MMF,78,2645,20.1,,,7.0,.126
Skip Thoren,1969-70,26,MMF,29,1020,15.7,,,1.6,.077
Rod Thorn,1963-64,22,BAL,75,2594,12.9,,,2.9,.053
Rod Thorn,1964-65,23,DET,74,1770,14.2,,,3.4,.093
Rod Thorn,1965-66,24,2TM,73,1739,12.1,,,2.3,.063
Rod Thorn,1965-66,24,DET,27,815,12.5,,,1.3,.075
Rod Thorn,1965-66,24,STL,46,924,11.7,,,1.0,.052
Rod Thorn,1966-67,25,STL,67,1166,14.7,,,2.1,.086
Rod Thorn,1967-68,26,SEA,66,1668,17.4,,,3.5,.101
Rod Thorn,1968-69,27,SEA,29,567,17.6,,,1.4,.118
Rod Thorn,1969-70,28,SEA,19,105,15.7,,,0.1,.063
Rod Thorn,1970-71,29,SEA,63,767,17.2,,,1.5,.096
Al Thornton,2007-08,24,LAC,79,2158,12.7,-3.4,-0.8,1.1,.025
Al Thornton,2008-09,25,LAC,71,2654,12.6,-4.1,-1.4,1.3,.023
Al Thornton,2009-10,26,2TM,75,2079,11.8,-3.1,-0.6,2.2,.050
Al Thornton,2009-10,26,LAC,51,1405,11.6,-3.7,-0.6,1.5,.050
Al Thornton,2009-10,26,WAS,24,674,12.1,-2.1,0.0,0.7,.051
Al Thornton,2010-11,27,2TM,71,1383,11.7,-3.3,-0.4,1.6,.054
Al Thornton,2010-11,27,WAS,49,1069,11.8,-2.7,-0.2,1.3,.058
Al Thornton,2010-11,27,GSW,22,314,11.3,-5.5,-0.3,0.3,.042
Al Thornton,2011-12,,Did not play - other pro league,,,,,,,
Bob Thornton,1984-85,,Did not play - other pro league,,,,,,,
Bob Thornton,1985-86,23,NYK,71,1323,6.9,-5.1,-1.0,0.9,.034
Bob Thornton,1986-87,24,NYK,33,282,4.1,-7.9,-0.4,-0.3,-0.044
Bob Thornton,1987-88,25,2TM,48,593,7.0,-5.7,-0.6,0.4,.034
Bob Thornton,1987-88,25,NYK,7,85,-0.9,-10.2,-0.2,-0.1,-0.070
Bob Thornton,1987-88,25,PHI,41,508,8.3,-4.9,-0.4,0.5,.051
Bob Thornton,1988-89,26,PHI,54,449,6.4,-6.7,-0.5,0.1,.010
Bob Thornton,1989-90,27,PHI,56,592,6.1,-5.1,-0.5,0.3,.022
Bob Thornton,1990-91,28,MIN,12,110,-0.5,-11.3,-0.3,-0.2,-0.079
Bob Thornton,1991-92,29,UTA,2,6,1.7,-35.8,-0.1,0.0,-0.288
Bob Thornton,1992-93,,Did not play - other pro league,,,,,,,
Bob Thornton,1993-94,,Did not play - other pro league,,,,,,,
Bob Thornton,1994-95,,Did not play - other pro league,,,,,,,
Bob Thornton,1995-96,33,WSB,7,31,4.1,-12.4,-0.1,0.0,.001
Dallas Thornton,1968-69,22,MMF,45,756,9.1,,,1.1,.069
Dallas Thornton,1969-70,23,MMF,5,114,8.5,,,0.2,.092
Marcus Thornton,2009-10,22,NOH,73,1872,17.4,0.9,1.4,4.0,.103
Marcus Thornton,2010-11,23,2TM,73,1775,16.5,1.0,1.3,3.5,.095
Marcus Thornton,2010-11,23,NOH,46,745,14.0,-0.3,0.3,0.9,.057
Marcus Thornton,2010-11,23,SAC,27,1030,18.2,1.9,1.0,2.6,.123
Marcus Thornton,2011-12,24,SAC,51,1780,17.4,1.1,1.4,3.8,.103
Marcus Thornton,2012-13,25,SAC,72,1726,16.3,0.3,1.0,3.2,.089
Marcus Thornton,2013-14,26,2TM,72,1741,12.0,-1.5,0.2,2.0,.055
Marcus Thornton,2013-14,26,SAC,46,1121,9.7,-2.3,-0.1,0.9,.038
Marcus Thornton,2013-14,26,BRK,26,620,16.1,0.0,0.3,1.1,.087
Marcus Thornton,2014-15,27,2TM,48,721,15.0,1.2,0.6,1.2,.083
Marcus Thornton,2014-15,27,BOS,39,640,15.8,2.0,0.7,1.4,.104
Marcus Thornton,2014-15,27,PHO,9,81,8.3,-4.9,-0.1,-0.1,-0.077
Marcus Thornton,2015-16,28,2TM,61,1109,14.7,-0.5,0.4,1.7,.074
Marcus Thornton,2015-16,28,HOU,47,885,14.6,-0.8,0.2,1.3,.072
Marcus Thornton,2015-16,28,WAS,14,224,15.5,0.8,0.2,0.4,.080
Marcus Thornton,2016-17,29,WAS,33,575,10.4,-2.4,-0.1,0.5,.042
Sindarius Thornwell,2017-18,23,LAC,73,1156,8.2,-2.4,-0.1,1.0,.041
Sindarius Thornwell,2018-19,24,LAC,64,313,5.2,-4.7,-0.2,0.0,.004
Sindarius Thornwell,2019-20,25,NOP,2,35,14.7,-0.8,0.0,0.1,.101
Sindarius Thornwell,2020-21,26,2TM,21,217,6.6,-4.7,-0.2,0.0,.009
Sindarius Thornwell,2020-21,26,NOP,14,73,4.5,-5.3,-0.1,-0.1,-0.057
Sindarius Thornwell,2020-21,26,ORL,7,144,7.7,-4.4,-0.1,0.1,.042
Otis Thorpe,1984-85,22,KCK,82,1918,16.6,-1.0,0.5,4.0,.100
Otis Thorpe,1985-86,23,SAC,75,1675,14.4,-0.8,0.5,3.8,.109
Otis Thorpe,1986-87,24,SAC,82,2956,18.0,1.2,2.4,9.0,.146
Otis Thorpe,1987-88,25,SAC,82,3072,18.7,0.9,2.2,8.1,.126
Otis Thorpe,1988-89,26,HOU,82,3135,15.4,0.6,2.1,8.7,.133
Otis Thorpe,1989-90,27,HOU,82,2947,16.1,0.7,2.0,8.5,.138
Otis Thorpe,1990-91,28,HOU,82,3039,17.2,1.2,2.5,10.4,.164
Otis Thorpe,1991-92,29,HOU,82,3056,17.2,0.4,1.8,8.9,.140
Otis Thorpe,1992-93,30,HOU,72,2357,14.6,-0.8,0.7,6.0,.122
Otis Thorpe,1993-94,31,HOU,82,2909,16.1,0.3,1.7,9.8,.162
Otis Thorpe,1994-95,32,2TM,70,2096,16.4,-0.5,0.8,5.6,.129
Otis Thorpe,1994-95,32,HOU,36,1188,14.7,-1.9,0.0,2.3,.094
Otis Thorpe,1994-95,32,POR,34,908,18.6,1.2,0.7,3.3,.174
Otis Thorpe,1995-96,33,DET,82,2841,15.7,-0.4,1.2,7.6,.128
Otis Thorpe,1996-97,34,DET,79,2661,16.1,-0.6,0.9,7.9,.142
Otis Thorpe,1997-98,35,2TM,74,2197,13.4,-2.1,0.0,2.5,.055
Otis Thorpe,1997-98,35,VAN,47,1574,13.0,-2.4,-0.2,1.4,.041
Otis Thorpe,1997-98,35,SAC,27,623,14.4,-1.2,0.1,1.1,.088
Otis Thorpe,1998-99,36,WAS,49,1539,15.0,-0.3,0.6,3.7,.116
Otis Thorpe,1999-00,37,MIA,51,777,11.1,-4.0,-0.4,1.1,.069
Otis Thorpe,2000-01,38,CHH,49,647,7.6,-4.9,-0.5,1.0,.071
Sedale Threatt,1983-84,22,PHI,45,464,6.6,-5.7,-0.4,0.1,.012
Sedale Threatt,1984-85,23,PHI,82,1304,10.2,-2.1,0.0,1.3,.047
Sedale Threatt,1985-86,24,PHI,70,1754,11.1,-2.3,-0.2,2.1,.056
Sedale Threatt,1986-87,25,2TM,68,1446,13.6,-1.6,0.2,2.5,.082
Sedale Threatt,1986-87,25,PHI,28,668,10.5,-3.8,-0.3,0.4,.027
Sedale Threatt,1986-87,25,CHI,40,778,16.2,0.4,0.5,2.1,.129
Sedale Threatt,1987-88,26,2TM,71,1055,16.0,0.7,0.7,2.7,.121
Sedale Threatt,1987-88,26,CHI,45,701,13.7,-1.5,0.1,1.4,.094
Sedale Threatt,1987-88,26,SEA,26,354,20.7,5.1,0.6,1.3,.176
Sedale Threatt,1988-89,27,SEA,63,1220,16.3,1.3,1.0,3.4,.135
Sedale Threatt,1989-90,28,SEA,65,1481,17.4,2.0,1.5,4.6,.149
Sedale Threatt,1990-91,29,SEA,80,2066,15.5,0.3,1.2,4.6,.106
Sedale Threatt,1991-92,30,LAL,82,3070,16.6,1.2,2.5,7.3,.114
Sedale Threatt,1992-93,31,LAL,82,2893,16.5,0.7,2.0,7.1,.117
Sedale Threatt,1993-94,32,LAL,81,2278,15.3,-0.4,0.9,4.5,.096
Sedale Threatt,1994-95,33,LAL,59,1384,15.8,0.6,0.9,3.8,.131
Sedale Threatt,1995-96,34,LAL,82,1687,13.2,-0.7,0.6,3.7,.105
Sedale Threatt,1996-97,35,HOU,21,334,8.5,-2.8,-0.1,0.4,.061
Sedale Threatt,1997-98,,Did not play - other pro league,,,,,,,
Nate Thurmond,1963-64,22,SFW,76,1966,12.1,,,3.5,.085
Nate Thurmond,1964-65,23,SFW,77,3173,16.5,,,6.1,.092
Nate Thurmond,1965-66,24,SFW,73,2891,15.0,,,4.3,.072
Nate Thurmond,1966-67,25,SFW,65,2761,17.4,,,7.2,.125
Nate Thurmond,1967-68,26,SFW,51,2222,19.0,,,5.2,.112
Nate Thurmond,1968-69,27,SFW,71,3208,18.4,,,6.5,.098
Nate Thurmond,1969-70,28,SFW,43,1919,18.2,,,3.7,.093
Nate Thurmond,1970-71,29,SFW,82,3351,18.5,,,7.2,.103
Nate Thurmond,1971-72,30,GSW,78,3362,18.7,,,9.0,.128
Nate Thurmond,1972-73,31,GSW,79,3419,17.3,,,9.9,.140
Nate Thurmond,1973-74,32,GSW,62,2463,15.0,1.3,2.1,6.0,.117
Nate Thurmond,1974-75,33,CHI,80,2756,13.4,1.5,2.4,4.7,.081
Nate Thurmond,1975-76,34,2TM,78,1393,12.0,-0.1,0.7,2.4,.082
Nate Thurmond,1975-76,34,CHI,13,260,11.4,1.0,0.2,0.4,.081
Nate Thurmond,1975-76,34,CLE,65,1133,12.1,-0.3,0.5,1.9,.082
Nate Thurmond,1976-77,35,CLE,49,997,14.3,1.0,0.8,2.3,.113
Mel Thurston,1947-48,29,PRO,14,,,,,-0.1,
Matisse Thybulle,2019-20,22,PHI,65,1287,10.0,0.3,0.8,2.3,.086
Matisse Thybulle,2020-21,23,PHI,65,1298,10.1,1.9,1.3,2.8,.102
Matisse Thybulle,2021-22,24,PHI,66,1685,11.2,1.1,1.3,3.7,.107
Matisse Thybulle,2022-23,25,2TM,71,1200,10.5,-0.5,0.4,2.1,.086
Matisse Thybulle,2022-23,25,PHI,49,591,10.0,0.1,0.3,1.3,.102
Matisse Thybulle,2022-23,25,POR,22,609,11.0,-1.2,0.1,0.9,.070
Matisse Thybulle,2023-24,26,POR,65,1487,10.4,0.6,0.9,2.2,.072
Matisse Thybulle,2024-25,27,POR,15,312,17.0,5.0,0.6,0.9,.146
Hal Tidrick,1948-49,33,2TM,61,,,,,2.5,
Hal Tidrick,1948-49,33,INJ,8,,,,,-0.4,
Hal Tidrick,1948-49,33,BLB,53,,,,,2.9,
Dan Tieman,1962-63,22,CIN,29,176,4.1,,,-0.5,-0.123
Killian Tillie,2020-21,22,MEM,18,182,8.5,-3.7,-0.1,0.2,.055
Killian Tillie,2021-22,23,MEM,36,461,7.6,-2.7,-0.1,0.6,.058
Darren Tillis,1982-83,22,2TM,52,526,10.8,-2.7,-0.2,0.5,.043
Darren Tillis,1982-83,22,BOS,15,44,1.5,-6.6,-0.1,-0.1,-0.147
Darren Tillis,1982-83,22,CLE,37,482,11.6,-2.3,0.0,0.6,.061
Darren Tillis,1983-84,23,GSW,72,730,9.5,-5.6,-0.7,0.5,.030
Xavier Tillman Sr.,2020-21,22,MEM,59,1085,14.7,-0.2,0.5,2.9,.127
Xavier Tillman Sr.,2021-22,23,MEM,53,701,15.1,0.7,0.5,1.8,.121
Xavier Tillman Sr.,2022-23,24,MEM,61,1180,17.3,1.9,1.2,4.2,.171
Xavier Tillman Sr.,2023-24,25,2TM,54,974,12.2,-1.2,0.2,1.4,.071
Xavier Tillman Sr.,2023-24,25,MEM,34,700,11.8,-1.7,0.1,0.6,.043
Xavier Tillman Sr.,2023-24,25,BOS,20,274,13.3,0.0,0.1,0.8,.142
Xavier Tillman Sr.,2024-25,26,BOS,33,231,2.4,-8.1,-0.4,-0.3,-0.057
Drew Timme,2024-25,24,BRK,9,254,11.0,-6.7,-0.3,0.0,.009
Jack Tingle,1947-48,23,WSC,37,,,,,0.4,
Jack Tingle,1948-49,24,MNL,2,,,,,-0.1,
George Tinsley,1969-70,23,2TM,82,1446,11.4,,,2.9,.096
George Tinsley,1969-70,23,WSA,5,27,-0.1,,,0.0,-0.044
George Tinsley,1969-70,23,KEN,77,1419,11.6,,,2.9,.099
George Tinsley,1970-71,,Did not play - waived,,,,,,,
George Tinsley,1971-72,25,FLO,51,418,10.6,,,0.2,.026
Jamaal Tinsley,2001-02,23,IND,80,2442,13.4,-0.4,1.0,1.7,.033
Jamaal Tinsley,2002-03,24,IND,73,2237,13.4,0.0,1.1,3.7,.079
Jamaal Tinsley,2003-04,25,IND,52,1378,16.4,3.5,1.9,4.4,.154
Jamaal Tinsley,2004-05,26,IND,40,1301,18.6,3.3,1.7,2.8,.102
Jamaal Tinsley,2005-06,27,IND,42,1122,12.1,-1.6,0.1,0.7,.031
Jamaal Tinsley,2006-07,28,IND,72,2243,15.2,0.8,1.6,2.8,.060
Jamaal Tinsley,2007-08,29,IND,39,1293,12.8,-1.5,0.1,0.8,.028
Jamaal Tinsley,2008-09,,Did not play - contractual issues,,,,,,,
Jamaal Tinsley,2009-10,31,MEM,38,589,7.8,-4.3,-0.3,-0.3,-0.027
Jamaal Tinsley,2010-11,,Did not play - dropped from roster,,,,,,,
Jamaal Tinsley,2011-12,33,UTA,37,507,10.9,-3.2,-0.2,0.1,.006
Jamaal Tinsley,2012-13,34,UTA,66,1221,10.6,-1.5,0.2,0.9,.035
Jamaal Tinsley,2013-14,35,UTA,8,110,1.9,-7.6,-0.2,-0.3,-0.122
Wayman Tisdale,1985-86,21,IND,81,2277,14.0,-2.8,-0.4,3.2,.068
Wayman Tisdale,1986-87,22,IND,81,2159,16.3,-0.6,0.7,5.6,.124
Wayman Tisdale,1987-88,23,IND,79,2378,16.1,-0.7,0.8,5.7,.116
Wayman Tisdale,1988-89,24,2TM,79,2434,17.5,-0.1,1.2,5.9,.117
Wayman Tisdale,1988-89,24,IND,48,1326,17.3,0.0,0.7,3.1,.113
Wayman Tisdale,1988-89,24,SAC,31,1108,17.8,-0.3,0.5,2.8,.120
Wayman Tisdale,1989-90,25,SAC,79,2937,18.1,-0.3,1.3,7.0,.114
Wayman Tisdale,1990-91,26,SAC,33,1116,17.6,0.0,0.6,1.8,.078
Wayman Tisdale,1991-92,27,SAC,72,2521,13.9,-2.8,-0.5,3.4,.064
Wayman Tisdale,1992-93,28,SAC,76,2283,15.7,-1.3,0.4,4.5,.094
Wayman Tisdale,1993-94,29,SAC,79,2557,15.8,-1.4,0.4,5.4,.101
Wayman Tisdale,1994-95,30,PHO,65,1276,13.8,-4.3,-0.7,1.7,.065
Wayman Tisdale,1995-96,31,PHO,63,1152,16.4,-2.6,-0.2,2.0,.083
Wayman Tisdale,1996-97,32,PHO,53,778,8.8,-8.3,-1.2,-0.6,-0.037
Mike Tobey,2016-17,22,CHO,2,25,-0.1,-9.5,0.0,0.0,-0.070
Isaiah Todd,2021-22,20,WAS,12,74,4.7,-6.9,-0.1,-0.2,-0.104
Isaiah Todd,2022-23,21,WAS,6,61,-1.0,-14.2,-0.2,-0.2,-0.147
Isaiah Todd,2023-24,,Did not play - other pro league,,,,,,,
Mike Todorovich,1949-50,26,2TM,65,,,,,3.0,
Mike Todorovich,1949-50,26,STB,14,,,,,-0.3,
Mike Todorovich,1949-50,26,TRI,51,,,,,3.3,
Mike Todorovich,1950-51,27,TRI,66,,,,,2.3,
Ray Tolbert,1981-82,23,2TM,64,607,10.3,-3.0,-0.2,0.7,.058
Ray Tolbert,1981-82,23,NJN,12,115,9.1,-4.0,-0.1,0.0,.012
Ray Tolbert,1981-82,23,SEA,52,492,10.5,-2.8,-0.1,0.7,.068
Ray Tolbert,1982-83,24,2TM,73,1107,9.8,-2.8,-0.2,1.1,.047
Ray Tolbert,1982-83,24,SEA,45,712,9.7,-2.5,-0.1,0.9,.061
Ray Tolbert,1982-83,24,DET,28,395,10.1,-3.4,-0.1,0.2,.022
Ray Tolbert,1983-84,25,DET,49,475,10.5,-1.9,0.0,0.8,.081
Ray Tolbert,1984-85,,Did not play - other pro league,,,,,,,
Ray Tolbert,1985-86,,Did not play - other pro league,,,,,,,
Ray Tolbert,1986-87,,Did not play - other pro league,,,,,,,
Ray Tolbert,1987-88,29,2TM,25,259,9.7,-2.6,0.0,0.3,.056
Ray Tolbert,1987-88,29,NYK,11,177,7.2,-2.4,0.0,0.1,.040
Ray Tolbert,1987-88,29,LAL,14,82,15.1,-3.0,0.0,0.2,.090
Ray Tolbert,1988-89,30,ATL,50,341,8.3,-5.4,-0.3,0.0,.005
Tom Tolbert,1988-89,23,CHH,14,117,10.0,-3.4,0.0,0.1,.051
Tom Tolbert,1989-90,24,GSW,70,1347,13.8,-3.1,-0.4,2.5,.091
Tom Tolbert,1990-91,25,GSW,62,1371,10.1,-3.6,-0.5,1.3,.045
Tom Tolbert,1991-92,26,GSW,35,310,5.3,-5.9,-0.3,0.0,-0.005
Tom Tolbert,1992-93,27,ORL,72,1838,10.4,-2.1,-0.1,2.7,.071
Tom Tolbert,1993-94,28,LAC,49,640,7.9,-5.1,-0.5,0.0,.000
Tom Tolbert,1994-95,29,CHH,10,57,5.6,-10.4,-0.1,0.0,-0.015
Anthony Tolliver,2008-09,23,SAS,19,208,7.6,-3.9,-0.1,0.0,.010
Anthony Tolliver,2009-10,24,2TM,46,1427,13.6,-1.6,0.1,2.5,.084
Anthony Tolliver,2009-10,24,POR,2,4,-11.5,-17.6,0.0,0.0,-0.217
Anthony Tolliver,2009-10,24,GSW,44,1423,13.7,-1.6,0.2,2.5,.085
Anthony Tolliver,2010-11,25,MIN,65,1362,13.3,0.0,0.7,3.3,.115
Anthony Tolliver,2011-12,26,MIN,51,882,8.3,-2.6,-0.2,0.9,.049
Anthony Tolliver,2012-13,27,ATL,62,963,8.4,-3.1,-0.3,1.2,.059
Anthony Tolliver,2013-14,28,CHA,64,1298,11.0,0.0,0.6,3.2,.117
Anthony Tolliver,2014-15,29,2TM,76,1432,11.1,-1.4,0.2,2.7,.092
Anthony Tolliver,2014-15,29,PHO,24,272,7.8,-2.5,0.0,0.2,.040
Anthony Tolliver,2014-15,29,DET,52,1160,11.8,-1.1,0.3,2.5,.104
Anthony Tolliver,2015-16,30,DET,72,1341,10.2,0.4,0.8,2.8,.100
Anthony Tolliver,2016-17,31,SAC,65,1477,11.1,-1.0,0.4,2.3,.075
Anthony Tolliver,2017-18,32,DET,79,1757,13.9,0.9,1.3,5.3,.146
Anthony Tolliver,2018-19,33,MIN,65,1079,8.6,-2.4,-0.1,1.2,.052
Anthony Tolliver,2019-20,34,3TM,55,872,7.0,-3.2,-0.3,0.5,.026
Anthony Tolliver,2019-20,34,POR,33,554,7.5,-3.3,-0.2,0.4,.031
Anthony Tolliver,2019-20,34,SAC,9,82,0.2,-8.8,-0.1,-0.2,-0.100
Anthony Tolliver,2019-20,34,MEM,13,236,8.0,-1.2,0.0,0.3,.061
Anthony Tolliver,2020-21,35,PHI,11,99,4.0,-7.0,-0.1,0.1,.025
Dean Tolson,1974-75,23,SEA,19,87,17.6,-2.4,0.0,0.2,.097
Dean Tolson,1975-76,,Did not play - other pro league,,,,,,,
Dean Tolson,1976-77,25,SEA,60,587,20.8,2.8,0.7,2.0,.166
Dean Tolson,1977-78,26,SEA,1,7,-7.1,-4.7,0.0,0.0,-0.196
Rudy Tomjanovich,1970-71,22,SDR,77,1062,12.2,,,1.0,.043
Rudy Tomjanovich,1971-72,23,HOU,78,2689,16.6,,,8.4,.150
Rudy Tomjanovich,1972-73,24,HOU,81,2972,17.5,,,6.9,.111
Rudy Tomjanovich,1973-74,25,HOU,80,3227,20.5,3.2,4.2,12.8,.191
Rudy Tomjanovich,1974-75,26,HOU,81,3134,17.8,1.5,2.8,10.1,.155
Rudy Tomjanovich,1975-76,27,HOU,79,2912,16.1,0.1,1.5,7.3,.120
Rudy Tomjanovich,1976-77,28,HOU,81,3130,17.9,1.7,2.9,10.4,.159
Rudy Tomjanovich,1977-78,29,HOU,23,849,17.1,-0.5,0.3,1.7,.095
Rudy Tomjanovich,1978-79,30,HOU,74,2641,16.4,-0.2,1.2,6.2,.112
Rudy Tomjanovich,1979-80,31,HOU,62,1834,14.2,-1.3,0.3,3.6,.094
Rudy Tomjanovich,1980-81,32,HOU,52,1264,13.5,-2.0,0.0,2.1,.079
Nae'Qwan Tomlin,2024-25,24,CLE,5,63,14.4,-5.5,-0.1,0.1,.093
Andrew Toney,1980-81,23,PHI,75,1768,12.7,-3.0,-0.4,2.2,.061
Andrew Toney,1981-82,24,PHI,77,1909,17.2,-0.7,0.6,4.0,.100
Andrew Toney,1982-83,25,PHI,81,2474,17.9,0.7,1.7,7.3,.141
Andrew Toney,1983-84,26,PHI,78,2556,17.3,0.0,1.3,6.4,.120
Andrew Toney,1984-85,27,PHI,70,2237,16.2,0.4,1.4,5.5,.118
Andrew Toney,1985-86,28,PHI,6,84,2.1,-8.9,-0.1,-0.2,-0.128
Andrew Toney,1986-87,29,PHI,52,1058,14.3,-2.1,0.0,1.2,.056
Andrew Toney,1987-88,30,PHI,29,522,13.2,-1.7,0.1,0.5,.050
Sedric Toney,1985-86,23,2TM,13,230,7.3,-5.6,-0.2,0.0,-0.001
Sedric Toney,1985-86,23,ATL,3,24,-5.5,-14.6,-0.1,-0.1,-0.169
Sedric Toney,1985-86,23,PHO,10,206,8.8,-4.5,-0.1,0.1,.018
Sedric Toney,1986-87,,Did not play - other pro league,,,,,,,
Sedric Toney,1987-88,25,NYK,21,139,12.8,-0.6,0.1,0.3,.099
Sedric Toney,1988-89,26,IND,2,9,-14.9,-26.6,-0.1,-0.1,-0.586
Sedric Toney,1989-90,27,2TM,64,968,8.0,-4.9,-0.7,0.0,-0.001
Sedric Toney,1989-90,27,ATL,32,286,10.1,-2.4,0.0,0.3,.047
Sedric Toney,1989-90,27,SAC,32,682,7.1,-6.0,-0.7,-0.3,-0.021
Sedric Toney,1990-91,,Did not play - other pro league,,,,,,,
Sedric Toney,1991-92,,Did not play - other pro league,,,,,,,
Sedric Toney,1992-93,,Did not play - other pro league,,,,,,,
Sedric Toney,1993-94,31,CLE,12,64,-0.9,-10.6,-0.1,-0.2,-0.117
Andy Tonkovich,1948-49,26,PRO,17,,,,,-0.4,
Andy Toolson,1990-91,25,UTA,47,470,8.4,-2.8,-0.1,0.6,.057
Andy Toolson,1991-92,,Did not play - other pro league,,,,,,,
Andy Toolson,1992-93,,Did not play - other pro league,,,,,,,
Andy Toolson,1993-94,,Did not play - other pro league,,,,,,,
Andy Toolson,1994-95,,Did not play - other pro league,,,,,,,
Andy Toolson,1995-96,30,UTA,13,53,4.4,-10.3,-0.1,0.0,-0.003
Jack Toomay,1947-48,25,2TM,33,,,,,1.6,
Jack Toomay,1947-48,25,CHS,19,,,,,-0.1,
Jack Toomay,1947-48,25,PRO,14,,,,,1.6,
Jack Toomay,1948-49,26,2TM,36,,,,,1.1,
Jack Toomay,1948-49,26,WSC,13,,,,,0.3,
Jack Toomay,1948-49,26,BLB,23,,,,,0.8,
Jack Toomay,1949-50,27,DNN,62,,,,,3.6,
Bernard Toone,1979-80,23,PHI,23,124,8.9,-5.4,-0.1,-0.1,-0.036
Jacob Toppin,2023-24,23,NYK,9,38,14.3,-0.7,0.0,0.1,.161
Jacob Toppin,2024-25,24,2TM,17,76,9.2,-2.6,0.0,0.0,.030
Jacob Toppin,2024-25,24,NYK,16,49,4.5,-6.0,0.0,0.0,-0.024
Jacob Toppin,2024-25,24,ATL,1,27,17.9,3.5,0.0,0.1,.127
Obi Toppin,2020-21,22,NYK,62,683,12.7,-0.7,0.2,1.5,.109
Obi Toppin,2021-22,23,NYK,72,1230,18.3,2.0,1.2,3.9,.153
Obi Toppin,2022-23,24,NYK,67,1050,13.6,-0.5,0.4,2.1,.095
Obi Toppin,2023-24,25,IND,82,1730,16.5,1.5,1.5,4.8,.132
Obi Toppin,2024-25,26,IND,79,1545,17.4,1.7,1.4,4.3,.135
Irv Torgoff,1946-47,29,WSC,58,,,,,5.4,
Irv Torgoff,1947-48,30,WSC,47,,,,,1.0,
Irv Torgoff,1948-49,31,2TM,42,,,,,0.1,
Irv Torgoff,1948-49,31,BLB,29,,,,,-0.2,
Irv Torgoff,1948-49,31,PHW,13,,,,,0.3,
Gene Tormohlen,1959-60,,Did not play - other pro league,,,,,,,
Gene Tormohlen,1960-61,,Did not play - other pro league,,,,,,,
Gene Tormohlen,1961-62,,Did not play - other pro league,,,,,,,
Gene Tormohlen,1962-63,25,STL,7,47,8.6,,,0.1,.056
Gene Tormohlen,1963-64,26,STL,51,640,9.4,,,0.0,-0.002
Gene Tormohlen,1964-65,,Did not play - retired,,,,,,,
Gene Tormohlen,1965-66,28,STL,71,775,15.4,,,1.4,.088
Gene Tormohlen,1966-67,29,STL,63,1036,11.9,,,0.8,.039
Gene Tormohlen,1967-68,30,STL,77,714,10.5,,,0.0,-0.001
Gene Tormohlen,1968-69,,Did not play - retired,,,,,,,
Gene Tormohlen,1969-70,32,ATL,2,11,11.4,,,0.0,.062
Óscar Torres,2001-02,25,HOU,65,1075,11.4,-2.7,-0.2,0.9,.039
Óscar Torres,2002-03,26,GSW,17,109,14.7,1.1,0.1,0.2,.088
Juan Toscano-Anderson,2019-20,26,GSW,13,272,9.4,-3.6,-0.1,0.2,.030
Juan Toscano-Anderson,2020-21,27,GSW,53,1107,12.6,0.8,0.8,3.0,.130
Juan Toscano-Anderson,2021-22,28,GSW,73,994,11.0,-0.8,0.3,2.0,.098
Juan Toscano-Anderson,2022-23,29,2TM,52,700,7.2,-3.8,-0.3,0.5,.038
Juan Toscano-Anderson,2022-23,29,LAL,30,365,7.5,-3.4,-0.1,0.4,.055
Juan Toscano-Anderson,2022-23,29,UTA,22,335,6.9,-4.3,-0.2,0.1,.019
Juan Toscano-Anderson,2023-24,30,SAC,11,53,2.5,-9.4,-0.1,0.0,-0.024
Bill Tosheff,1951-52,25,INO,65,2055,11.7,,,2.9,.068
Bill Tosheff,1952-53,26,INO,67,2459,12.5,,,2.8,.055
Bill Tosheff,1953-54,27,MLH,71,1825,9.2,,,-0.6,-0.014
Bob Tough,1948-49,28,FTW,53,,,,,-0.2,
Bob Tough,1949-50,29,2TM,29,,,,,-0.6,
Bob Tough,1949-50,29,BLB,8,,,,,-0.1,
Bob Tough,1949-50,29,WAT,21,,,,,-0.5,
Axel Toupane,2015-16,23,DEN,21,305,7.1,-4.7,-0.2,0.3,.049
Axel Toupane,2016-17,24,2TM,4,47,6.2,-6.2,-0.1,0.1,.061
Axel Toupane,2016-17,24,MIL,2,6,-9.9,-18.8,0.0,0.0,-0.191
Axel Toupane,2016-17,24,NOP,2,41,8.6,-4.4,0.0,0.1,.098
Axel Toupane,2017-18,,Did not play - other pro league,,,,,,,
Axel Toupane,2018-19,,Did not play - other pro league,,,,,,,
Axel Toupane,2019-20,,Did not play - other pro league,,,,,,,
Axel Toupane,2020-21,28,MIL,8,61,9.0,-3.0,0.0,0.1,.097
Monte Towe,1975-76,22,DNA,64,576,9.1,-3.5,-0.2,0.1,.006
Monte Towe,1976-77,23,DEN,51,409,10.3,-4.5,-0.3,0.1,.013
Keith Tower,1993-94,23,ORL,11,32,5.5,-6.7,0.0,0.0,.051
Keith Tower,1994-95,24,ORL,3,7,-6.2,-23.0,0.0,0.0,-0.304
Keith Tower,1995-96,25,LAC,34,305,7.5,-6.3,-0.3,0.1,.014
Keith Tower,1996-97,26,MIL,5,72,0.6,-7.4,-0.1,-0.1,-0.054
Blackie Towery,1948-49,28,2TM,60,,,,,1.6,
Blackie Towery,1948-49,28,FTW,22,,,,,0.4,
Blackie Towery,1948-49,28,INJ,38,,,,,1.2,
Blackie Towery,1949-50,29,BLB,68,,,,,2.6,
Linton Townes,1982-83,23,POR,55,516,11.9,-2.8,-0.1,0.7,.064
Linton Townes,1983-84,24,2TM,4,19,11.7,-4.0,0.0,0.0,.036
Linton Townes,1983-84,24,MIL,2,2,30.3,-4.5,0.0,0.0,.361
Linton Townes,1983-84,24,SDC,2,17,9.6,-3.9,0.0,0.0,-0.002
Linton Townes,1984-85,25,SAS,1,8,-11.4,-29.9,-0.1,-0.1,-0.403
Karl-Anthony Towns,2015-16,20,MIN,82,2627,22.5,2.2,2.7,8.3,.151
Karl-Anthony Towns,2016-17,21,MIN,82,3030,25.9,4.7,5.2,12.7,.201
Karl-Anthony Towns,2017-18,22,MIN,82,2918,24.9,5.1,5.2,14.0,.230
Karl-Anthony Towns,2018-19,23,MIN,77,2545,26.3,6.0,5.1,10.4,.197
Karl-Anthony Towns,2019-20,24,MIN,35,1187,26.5,7.8,2.9,5.1,.204
Karl-Anthony Towns,2020-21,25,MIN,50,1689,23.1,4.5,2.8,5.4,.153
Karl-Anthony Towns,2021-22,26,MIN,74,2476,24.1,5.0,4.4,10.3,.199
Karl-Anthony Towns,2022-23,27,MIN,29,957,18.8,3.0,1.2,2.7,.133
Karl-Anthony Towns,2023-24,28,MIN,62,2026,18.8,2.5,2.3,6.3,.148
Karl-Anthony Towns,2024-25,29,NYK,72,2517,23.4,3.6,3.5,10.1,.193
Raymond Townsend,1978-79,23,GSW,65,771,10.8,-2.4,-0.1,0.8,.048
Raymond Townsend,1979-80,24,GSW,75,1159,9.6,-3.4,-0.4,0.4,.015
Raymond Townsend,1980-81,,Did not play - other pro league,,,,,,,
Raymond Townsend,1981-82,26,IND,14,95,4.4,-6.2,-0.2,-0.2,-0.078
Armel Traoré,2024-25,22,LAL,9,67,3.5,-9.8,-0.1,-0.1,-0.092
George Trapp,1971-72,23,ATL,60,890,10.2,,,-0.2,-0.012
George Trapp,1972-73,24,ATL,77,1853,13.1,,,2.4,.063
George Trapp,1973-74,25,DET,82,1489,14.8,-1.0,0.4,3.5,.113
George Trapp,1974-75,26,DET,78,1472,12.3,-4.5,-0.9,1.0,.033
George Trapp,1975-76,27,DET,76,1091,15.6,-2.2,-0.1,1.5,.068
George Trapp,1976-77,28,DET,6,68,11.5,-3.9,0.0,0.1,.062
John Trapp,1968-69,23,SDR,25,142,10.9,,,0.0,.007
John Trapp,1969-70,24,SDR,70,1025,10.6,,,1.2,.057
John Trapp,1970-71,25,SDR,82,2080,10.5,,,3.3,.077
John Trapp,1971-72,26,LAL,58,759,11.0,,,1.2,.078
John Trapp,1972-73,27,3TM,68,1231,11.5,,,0.6,.022
John Trapp,1972-73,27,2TM,44,889,12.3,,,0.4,.021
John Trapp,1972-73,27,LAL,5,35,9.5,,,0.0,.009
John Trapp,1972-73,27,PHI,39,854,12.4,,,0.4,.021
John Trapp,1972-73,27,DNR,24,342,9.6,,,0.2,.025
Luke Travers,2024-25,23,CLE,12,88,1.9,-9.7,-0.2,-0.1,-0.082
Robert Traylor,1998-99,21,MIL,49,786,17.0,0.9,0.6,2.5,.152
Robert Traylor,1999-00,22,MIL,44,447,15.8,-1.5,0.1,1.0,.112
Robert Traylor,2000-01,23,CLE,70,1212,14.1,-1.6,0.1,1.9,.074
Robert Traylor,2001-02,24,CHH,61,678,13.0,-3.0,-0.2,1.2,.085
Robert Traylor,2002-03,25,NOH,69,851,15.3,-0.6,0.3,2.4,.133
Robert Traylor,2003-04,26,NOH,71,942,16.2,-1.4,0.1,2.5,.127
Robert Traylor,2004-05,27,CLE,74,1327,12.0,-3.0,-0.3,1.8,.066
Gary Trent,1995-96,21,POR,69,1219,12.4,-2.9,-0.3,1.7,.065
Gary Trent,1996-97,22,POR,82,1918,16.8,0.1,1.0,5.5,.139
Gary Trent,1997-98,23,2TM,54,1360,16.2,-0.8,0.4,3.1,.110
Gary Trent,1997-98,23,POR,41,1005,16.7,0.8,0.7,2.8,.135
Gary Trent,1997-98,23,TOR,13,355,14.9,-5.2,-0.3,0.3,.039
Gary Trent,1998-99,24,DAL,45,1362,20.8,1.2,1.1,4.0,.140
Gary Trent,1999-00,25,DAL,11,301,14.6,-2.8,-0.1,0.1,.014
Gary Trent,2000-01,26,DAL,33,319,13.8,-4.3,-0.2,0.4,.057
Gary Trent,2001-02,27,MIN,64,1140,15.4,-1.6,0.1,3.0,.125
Gary Trent,2002-03,28,MIN,80,1222,15.9,-0.1,0.6,3.3,.128
Gary Trent,2003-04,29,MIN,68,1025,12.9,-3.2,-0.3,2.3,.106
Gary Trent Jr.,2018-19,20,POR,15,111,3.6,-10.8,-0.2,-0.2,-0.092
Gary Trent Jr.,2019-20,21,POR,61,1332,12.9,-0.3,0.6,2.5,.089
Gary Trent Jr.,2020-21,22,2TM,58,1802,12.1,-2.3,-0.1,1.7,.045
Gary Trent Jr.,2020-21,22,POR,41,1262,12.4,-1.9,0.0,1.5,.056
Gary Trent Jr.,2020-21,22,TOR,17,540,11.3,-3.1,-0.2,0.2,.019
Gary Trent Jr.,2021-22,23,TOR,70,2448,14.7,0.2,1.3,5.6,.110
Gary Trent Jr.,2022-23,24,TOR,66,2118,15.0,0.2,1.2,4.5,.102
Gary Trent Jr.,2023-24,25,TOR,71,1994,12.0,-2.6,-0.3,1.7,.040
Gary Trent Jr.,2024-25,26,MIL,74,1893,11.7,-1.6,0.2,3.3,.084
Jeff Trepagnier,2001-02,22,CLE,12,77,8.4,-1.1,0.0,-0.2,-0.114
Jeff Trepagnier,2002-03,23,DEN,8,97,17.5,2.9,0.1,0.2,.105
Jeff Trepagnier,2003-04,24,DEN,11,96,2.3,-9.9,-0.2,-0.2,-0.122
John Tresvant,1964-65,25,STL,4,35,18.9,,,0.1,.155
John Tresvant,1965-66,26,2TM,61,969,16.8,,,2.7,.136
John Tresvant,1965-66,26,STL,15,213,16.8,,,0.7,.166
John Tresvant,1965-66,26,DET,46,756,16.8,,,2.0,.128
John Tresvant,1966-67,27,DET,68,1553,14.0,,,3.5,.109
John Tresvant,1967-68,28,2TM,85,2473,13.2,,,4.1,.079
John Tresvant,1967-68,28,DET,55,1671,14.4,,,3.4,.098
John Tresvant,1967-68,28,CIN,30,802,10.6,,,0.7,.040
John Tresvant,1968-69,29,2TM,77,2482,12.8,,,3.3,.063
John Tresvant,1968-69,29,CIN,51,1681,11.3,,,1.3,.038
John Tresvant,1968-69,29,SEA,26,801,15.9,,,1.9,.116
John Tresvant,1969-70,30,2TM,69,1499,14.6,,,2.6,.084
John Tresvant,1969-70,30,SEA,49,1278,14.2,,,1.8,.067
John Tresvant,1969-70,30,LAL,20,221,17.0,,,0.9,.185
John Tresvant,1970-71,31,2TM,75,1517,12.3,,,3.8,.119
John Tresvant,1970-71,31,LAL,8,66,22.7,,,0.3,.193
John Tresvant,1970-71,31,BAL,67,1451,11.8,,,3.5,.116
John Tresvant,1971-72,32,BAL,65,1227,13.0,,,2.8,.110
John Tresvant,1972-73,33,BAL,55,541,13.3,,,1.5,.130
Allonzo Trier,2018-19,23,NYK,64,1459,12.2,-3.1,-0.4,0.9,.030
Allonzo Trier,2019-20,24,NYK,24,291,14.5,-0.4,0.1,0.5,.087
Dick Triptow,1948-49,26,FTW,55,,,,,1.5,
Dick Triptow,1949-50,27,BLB,4,,,,,-0.1,
Kelly Tripucka,1981-82,22,DET,82,3077,16.4,0.2,1.7,7.5,.117
Kelly Tripucka,1982-83,23,DET,58,2252,19.8,1.9,2.2,7.1,.151
Kelly Tripucka,1983-84,24,DET,76,2493,16.8,-0.3,1.1,5.7,.109
Kelly Tripucka,1984-85,25,DET,55,1675,16.7,0.5,1.0,4.2,.121
Kelly Tripucka,1985-86,26,DET,81,2626,18.3,1.8,2.5,7.5,.136
Kelly Tripucka,1986-87,27,UTA,79,1865,13.0,-0.7,0.6,3.3,.085
Kelly Tripucka,1987-88,28,UTA,49,976,11.4,-0.9,0.3,1.7,.083
Kelly Tripucka,1988-89,29,CHH,71,2302,17.7,0.2,1.3,3.3,.069
Kelly Tripucka,1989-90,30,CHH,79,2404,13.6,-1.8,0.1,2.1,.042
Kelly Tripucka,1990-91,31,CHH,77,1289,13.5,-1.0,0.3,2.0,.076
Kelly Tripucka,1991-92,,Did not play - other pro league,,,,,,,
Ansley Truitt,1972-73,22,DLC,16,86,12.6,,,-0.1,-0.045
Cezary Trybański,2002-03,23,MEM,15,86,-1.4,-12.0,-0.2,-0.3,-0.186
Cezary Trybański,2003-04,24,2TM,7,15,-12.1,-22.3,-0.1,-0.1,-0.396
Cezary Trybański,2003-04,24,PHO,4,10,-14.8,-25.7,0.0,-0.1,-0.480
Cezary Trybański,2003-04,24,NYK,3,5,-6.6,-15.5,0.0,0.0,-0.228
Jake Tsakalidis,2000-01,21,PHO,57,947,9.6,-4.0,-0.5,1.3,.067
Jake Tsakalidis,2001-02,22,PHO,67,1582,11.7,-3.5,-0.6,2.8,.085
Jake Tsakalidis,2002-03,23,PHO,33,543,10.2,-3.5,-0.2,0.9,.078
Jake Tsakalidis,2003-04,24,MEM,40,533,12.5,-2.2,0.0,1.2,.105
Jake Tsakalidis,2004-05,25,MEM,31,278,11.8,-1.8,0.0,0.6,.107
Jake Tsakalidis,2005-06,26,MEM,51,732,17.3,-0.5,0.3,2.8,.186
Jake Tsakalidis,2006-07,27,2TM,36,390,8.4,-5.3,-0.3,0.3,.031
Jake Tsakalidis,2006-07,27,MEM,23,258,6.5,-6.3,-0.3,-0.2,-0.039
Jake Tsakalidis,2006-07,27,HOU,13,132,12.0,-3.2,0.0,0.5,.169
John Tschogl,1972-73,22,ATL,10,94,4.6,,,-0.2,-0.081
John Tschogl,1973-74,23,ATL,64,499,7.2,-4.1,-0.3,-0.3,-0.025
John Tschogl,1974-75,24,PHI,39,623,7.8,-2.2,0.0,0.1,.011
Oscar Tshiebwe,2023-24,24,IND,8,42,24.8,2.2,0.0,0.2,.221
Oscar Tshiebwe,2024-25,25,UTA,14,255,21.0,-1.4,0.0,1.0,.182
Lou Tsioropoulos,1953-54,,Did not play - other,,,,,,,
Lou Tsioropoulos,1954-55,,Did not play - military service,,,,,,,
Lou Tsioropoulos,1955-56,,Did not play - military service,,,,,,,
Lou Tsioropoulos,1956-57,26,BOS,52,670,8.9,,,0.7,.049
Lou Tsioropoulos,1957-58,27,BOS,70,1819,7.9,,,1.4,.038
Lou Tsioropoulos,1958-59,28,BOS,35,488,5.6,,,0.0,-0.005
Nikoloz Tskitishvili,2002-03,19,DEN,81,1320,4.9,-5.5,-1.2,-1.0,-0.035
Nikoloz Tskitishvili,2003-04,20,DEN,39,307,7.1,-6.6,-0.4,-0.1,-0.012
Nikoloz Tskitishvili,2004-05,21,2TM,35,220,2.7,-8.0,-0.3,-0.5,-0.109
Nikoloz Tskitishvili,2004-05,21,DEN,23,158,2.5,-8.1,-0.2,-0.4,-0.109
Nikoloz Tskitishvili,2004-05,21,GSW,12,62,3.1,-7.8,-0.1,-0.1,-0.108
Nikoloz Tskitishvili,2005-06,22,2TM,17,99,8.3,-7.5,-0.1,0.0,-0.023
Nikoloz Tskitishvili,2005-06,22,MIN,5,13,-6.7,-18.6,-0.1,-0.1,-0.331
Nikoloz Tskitishvili,2005-06,22,PHO,12,86,10.6,-5.8,-0.1,0.0,.024
Al Tucker,1967-68,24,SEA,81,2368,12.0,,,2.3,.046
Al Tucker,1968-69,25,2TM,84,1885,12.7,,,2.1,.052
Al Tucker,1968-69,25,SEA,56,1259,12.9,,,1.1,.044
Al Tucker,1968-69,25,CIN,28,626,12.4,,,0.9,.070
Al Tucker,1969-70,26,2TM,61,819,13.3,,,2.3,.134
Al Tucker,1969-70,26,CHI,33,557,12.9,,,1.4,.123
Al Tucker,1969-70,26,BAL,28,262,14.1,,,0.9,.158
Al Tucker,1970-71,27,2TM,45,607,13.1,,,1.1,.085
Al Tucker,1970-71,27,BAL,31,276,13.7,,,0.6,.107
Al Tucker,1970-71,27,FLO,14,331,12.6,,,0.5,.067
Al Tucker,1971-72,28,FLO,81,1799,14.7,,,3.5,.093
Alando Tucker,2007-08,23,PHO,6,48,11.8,-7.2,-0.1,0.0,.042
Alando Tucker,2008-09,24,PHO,30,282,13.0,-4.2,-0.2,0.2,.039
Alando Tucker,2009-10,25,2TM,15,96,13.4,-4.0,0.0,0.1,.061
Alando Tucker,2009-10,25,PHO,11,71,15.7,-2.1,0.0,0.1,.099
Alando Tucker,2009-10,25,MIN,4,25,6.9,-9.5,0.0,0.0,-0.047
Anthony Tucker,1994-95,25,WSB,62,982,9.2,-3.1,-0.3,0.6,.030
Jim Tucker,1954-55,22,SYR,20,287,11.5,,,0.3,.053
Jim Tucker,1955-56,23,SYR,70,895,8.3,,,1.0,.053
Jim Tucker,1956-57,24,SYR,9,119,3.5,,,0.0,-0.009
P.J. Tucker,2006-07,21,TOR,17,83,12.8,-3.0,0.0,0.1,.085
P.J. Tucker,2007-08,,Did not play - other pro league,,,,,,,
P.J. Tucker,2008-09,,Did not play - other pro league,,,,,,,
P.J. Tucker,2009-10,,Did not play - other pro league,,,,,,,
P.J. Tucker,2010-11,,Did not play - other pro league,,,,,,,
P.J. Tucker,2011-12,,Did not play - other pro league,,,,,,,
P.J. Tucker,2012-13,27,PHO,79,1910,11.6,-1.5,0.2,2.9,.074
P.J. Tucker,2013-14,28,PHO,81,2490,13.3,1.0,1.9,6.1,.117
P.J. Tucker,2014-15,29,PHO,78,2383,12.5,0.4,1.4,4.9,.098
P.J. Tucker,2015-16,30,PHO,82,2540,10.8,-1.2,0.5,3.5,.066
P.J. Tucker,2016-17,31,2TM,81,2236,10.5,-0.3,1.0,3.6,.078
P.J. Tucker,2016-17,31,PHO,57,1627,10.6,-0.6,0.6,2.4,.069
P.J. Tucker,2016-17,31,TOR,24,609,10.4,0.5,0.4,1.3,.099
P.J. Tucker,2017-18,32,HOU,82,2281,8.3,-1.1,0.5,3.9,.082
P.J. Tucker,2018-19,33,HOU,82,2802,9.2,-0.6,1.0,5.0,.086
P.J. Tucker,2019-20,34,HOU,72,2467,8.3,-1.9,0.1,4.0,.078
P.J. Tucker,2020-21,35,2TM,52,1356,5.5,-4.1,-0.7,1.0,.034
P.J. Tucker,2020-21,35,HOU,32,959,5.5,-4.6,-0.6,0.4,.021
P.J. Tucker,2020-21,35,MIL,20,397,5.7,-2.9,-0.1,0.5,.065
P.J. Tucker,2021-22,36,MIA,71,1981,11.3,0.6,1.3,5.0,.121
P.J. Tucker,2022-23,37,PHI,75,1920,5.7,-3.0,-0.5,2.5,.064
P.J. Tucker,2023-24,38,2TM,31,486,5.9,-3.6,-0.2,0.7,.068
P.J. Tucker,2023-24,38,PHI,3,66,4.7,-4.0,0.0,0.1,.053
P.J. Tucker,2023-24,38,LAC,28,420,6.1,-3.5,-0.2,0.6,.070
P.J. Tucker,2024-25,39,NYK,3,58,5.5,-7.2,-0.1,0.1,.070
Rayjon Tucker,2019-20,22,UTA,20,161,9.7,-6.1,-0.2,0.2,.063
Rayjon Tucker,2020-21,23,PHI,14,68,15.1,-3.4,0.0,0.2,.166
Rayjon Tucker,2021-22,24,2TM,5,71,17.7,3.5,0.1,0.4,.243
Rayjon Tucker,2021-22,24,DEN,3,29,13.6,1.9,0.0,0.1,.213
Rayjon Tucker,2021-22,24,MIL,2,42,20.5,4.6,0.1,0.2,.264
Trent Tucker,1982-83,23,NYK,78,1830,11.6,-0.4,0.7,4.0,.104
Trent Tucker,1983-84,24,NYK,63,1228,13.6,1.3,1.0,3.0,.119
Trent Tucker,1984-85,25,NYK,77,1819,12.6,0.2,1.0,3.3,.086
Trent Tucker,1985-86,26,NYK,77,1788,14.6,0.9,1.3,4.0,.107
Trent Tucker,1986-87,27,NYK,70,1691,15.4,1.8,1.6,3.4,.096
Trent Tucker,1987-88,28,NYK,71,1248,11.8,0.7,0.8,2.9,.110
Trent Tucker,1988-89,29,NYK,81,1824,12.1,1.4,1.6,4.6,.122
Trent Tucker,1989-90,30,NYK,81,1725,12.0,0.0,0.9,3.3,.091
Trent Tucker,1990-91,31,NYK,65,1194,11.7,-0.5,0.4,1.9,.078
Trent Tucker,1991-92,32,SAS,24,415,12.3,0.2,0.2,1.1,.127
Trent Tucker,1992-93,33,CHI,69,909,14.1,0.7,0.6,2.8,.150
Ronny Turiaf,2005-06,23,LAL,23,161,12.2,-2.7,0.0,0.4,.115
Ronny Turiaf,2006-07,24,LAL,72,1087,15.5,-0.7,0.4,3.1,.137
Ronny Turiaf,2007-08,25,LAL,78,1458,15.0,0.7,1.0,4.2,.137
Ronny Turiaf,2008-09,26,GSW,79,1696,14.5,1.2,1.4,3.6,.101
Ronny Turiaf,2009-10,27,GSW,42,872,12.6,0.1,0.5,1.4,.078
Ronny Turiaf,2010-11,28,NYK,64,1141,13.6,1.4,1.0,3.2,.134
Ronny Turiaf,2011-12,29,2TM,17,279,12.3,-0.2,0.1,0.8,.137
Ronny Turiaf,2011-12,29,WAS,4,58,10.8,1.3,0.0,0.1,.057
Ronny Turiaf,2011-12,29,MIA,13,221,12.6,-0.6,0.1,0.7,.158
Ronny Turiaf,2012-13,30,LAC,65,701,9.4,-1.7,0.1,1.1,.075
Ronny Turiaf,2013-14,31,MIN,31,606,13.9,0.5,0.4,1.5,.122
Ronny Turiaf,2014-15,32,MIN,2,19,4.3,-3.2,0.0,0.0,.009
Mirsad Türkcan,1998-99,,Did not play - other pro league,,,,,,,
Mirsad Türkcan,1999-00,23,2TM,17,90,11.1,-6.3,-0.1,0.0,-0.019
Mirsad Türkcan,1999-00,23,NYK,7,25,3.8,-8.1,0.0,-0.1,-0.101
Mirsad Türkcan,1999-00,23,MIL,10,65,13.9,-5.7,-0.1,0.0,.012
Hedo Türkoğlu,2000-01,21,SAC,74,1245,11.7,-0.9,0.4,2.8,.106
Hedo Türkoğlu,2001-02,22,SAC,80,1970,14.2,0.8,1.4,5.2,.127
Hedo Türkoğlu,2002-03,23,SAC,67,1175,12.0,-1.6,0.1,2.6,.105
Hedo Türkoğlu,2003-04,24,SAS,80,2073,14.1,2.5,2.3,6.7,.155
Hedo Türkoğlu,2004-05,25,ORL,67,1757,16.0,0.7,1.2,3.4,.092
Hedo Türkoğlu,2005-06,26,ORL,78,2615,16.7,2.0,2.5,7.6,.140
Hedo Türkoğlu,2006-07,27,ORL,73,2268,14.2,0.4,1.3,4.9,.105
Hedo Türkoğlu,2007-08,28,ORL,82,3026,17.8,2.7,3.6,9.0,.143
Hedo Türkoğlu,2008-09,29,ORL,77,2815,14.8,1.3,2.4,7.3,.125
Hedo Türkoğlu,2009-10,30,TOR,74,2272,13.3,0.4,1.4,3.4,.071
Hedo Türkoğlu,2010-11,31,2TM,81,2540,13.4,1.7,2.3,6.8,.129
Hedo Türkoğlu,2010-11,31,PHO,25,630,13.1,0.8,0.4,1.2,.092
Hedo Türkoğlu,2010-11,31,ORL,56,1910,13.6,2.0,1.9,5.6,.142
Hedo Türkoğlu,2011-12,32,ORL,53,1653,11.7,-0.9,0.5,2.1,.060
Hedo Türkoğlu,2012-13,33,ORL,11,189,3.4,-8.2,-0.3,-0.5,-0.116
Hedo Türkoğlu,2013-14,34,LAC,38,392,11.3,0.2,0.2,0.8,.095
Hedo Türkoğlu,2014-15,35,LAC,62,705,10.5,-0.2,0.3,1.2,.081
Andre Turner,1986-87,22,BOS,3,18,-7.1,-18.0,-0.1,-0.1,-0.354
Andre Turner,1987-88,23,HOU,12,99,10.4,-1.9,0.0,0.0,.001
Andre Turner,1988-89,24,MIL,4,13,3.6,-11.1,0.0,-0.1,-0.257
Andre Turner,1989-90,25,2TM,11,115,6.2,-5.7,-0.1,-0.3,-0.111
Andre Turner,1989-90,25,LAC,3,31,-4.8,-16.2,-0.1,-0.2,-0.326
Andre Turner,1989-90,25,CHH,8,84,10.2,-1.9,0.0,-0.1,-0.031
Andre Turner,1990-91,26,PHI,70,1407,12.8,-1.7,0.1,1.9,.064
Andre Turner,1991-92,27,WSB,70,871,12.1,-2.3,-0.1,0.4,.021
Bill Turner,1967-68,23,SFW,42,482,10.6,,,0.7,.074
Bill Turner,1968-69,24,SFW,79,1486,12.2,,,3.1,.099
Bill Turner,1969-70,25,2TM,72,1170,11.0,,,1.1,.047
Bill Turner,1969-70,25,SFW,3,75,9.3,,,0.1,.089
Bill Turner,1969-70,25,CIN,69,1095,11.1,,,1.0,.044
Bill Turner,1970-71,26,SFW,18,200,6.0,,,-0.4,-0.097
Bill Turner,1971-72,27,GSW,62,597,8.8,,,0.5,.041
Bill Turner,1972-73,28,2TM,21,125,6.8,,,-0.2,-0.093
Bill Turner,1972-73,28,POR,2,8,1.5,,,0.0,-0.252
Bill Turner,1972-73,28,LAL,19,117,7.2,,,-0.2,-0.082
Elston Turner,1981-82,22,DAL,80,1996,10.7,-2.3,-0.2,1.4,.033
Elston Turner,1982-83,23,DAL,59,879,9.0,-2.2,-0.1,0.1,.006
Elston Turner,1983-84,24,DAL,47,536,9.9,-2.0,0.0,0.3,.029
Elston Turner,1984-85,25,DEN,81,1491,10.9,-0.6,0.5,2.3,.075
Elston Turner,1985-86,26,DEN,73,1324,9.6,-1.9,0.0,1.3,.047
Elston Turner,1986-87,27,CHI,70,936,9.4,-2.6,-0.1,1.2,.063
Elston Turner,1987-88,28,CHI,17,98,3.1,-6.8,-0.1,-0.2,-0.117
Elston Turner,1988-89,29,DEN,78,1746,7.8,-2.1,0.0,2.1,.056
Evan Turner,2010-11,22,PHI,78,1797,10.8,-2.2,-0.1,2.3,.060
Evan Turner,2011-12,23,PHI,65,1713,12.6,-1.3,0.3,2.4,.068
Evan Turner,2012-13,24,PHI,82,2892,12.1,-2.3,-0.3,2.1,.035
Evan Turner,2013-14,25,2TM,81,2457,12.4,-3.3,-0.8,1.4,.027
Evan Turner,2013-14,25,PHI,54,1886,13.2,-3.5,-0.7,0.7,.017
Evan Turner,2013-14,25,IND,27,571,9.7,-2.6,-0.1,0.7,.059
Evan Turner,2014-15,26,BOS,82,2260,12.8,-1.0,0.6,2.5,.054
Evan Turner,2015-16,27,BOS,81,2271,13.6,0.0,1.1,4.0,.085
Evan Turner,2016-17,28,POR,65,1658,11.4,-2.5,-0.2,1.2,.035
Evan Turner,2017-18,29,POR,79,2034,9.8,-2.5,-0.3,2.6,.061
Evan Turner,2018-19,30,POR,73,1605,11.6,-1.3,0.3,2.0,.060
Evan Turner,2019-20,31,ATL,19,251,6.8,-5.5,-0.2,-0.3,-0.064
Gary Turner,1967-68,25,HSM,2,21,10.1,,,0.1,.238
Henry Turner,1989-90,23,SAC,36,315,14.2,-2.0,0.0,0.3,.046
Henry Turner,1990-91,,Did not play - other pro league,,,,,,,
Henry Turner,1991-92,,Did not play - other pro league,,,,,,,
Henry Turner,1992-93,,Did not play - other pro league,,,,,,,
Henry Turner,1993-94,,Did not play - other pro league,,,,,,,
Henry Turner,1994-95,28,SAC,30,149,12.6,-4.2,-0.1,0.1,.038
Herschell Turner,1960-61,,Did not play - other pro league,,,,,,,
Herschell Turner,1961-62,,Did not play - other pro league,,,,,,,
Herschell Turner,1962-63,,Did not play - other pro league,,,,,,,
Herschell Turner,1963-64,,Did not play - other pro league,,,,,,,
Herschell Turner,1964-65,,Did not play - other pro league,,,,,,,
Herschell Turner,1965-66,,Did not play - other pro league,,,,,,,
Herschell Turner,1966-67,,Did not play - other pro league,,,,,,,
Herschell Turner,1967-68,29,2TM,41,500,2.2,,,-0.6,-0.055
Herschell Turner,1967-68,29,PTP,9,65,-2.1,,,-0.1,-0.065
Herschell Turner,1967-68,29,ANA,32,435,2.8,,,-0.5,-0.054
Jack Turner,1954-55,24,NYK,65,922,10.8,,,0.6,.032
Jack Turner,1961-62,22,CHP,42,567,8.8,,,0.0,-0.002
Jeff Turner,1984-85,22,NJN,72,1429,7.4,-4.8,-1.0,1.2,.040
Jeff Turner,1985-86,23,NJN,53,650,8.4,-5.0,-0.5,0.8,.057
Jeff Turner,1986-87,24,NJN,76,1003,9.1,-3.9,-0.5,0.6,.031
Jeff Turner,1987-88,,Did not play - other pro league,,,,,,,
Jeff Turner,1988-89,,Did not play - other pro league,,,,,,,
Jeff Turner,1989-90,27,ORL,60,1105,6.6,-6.1,-1.2,-0.2,-0.009
Jeff Turner,1990-91,28,ORL,71,1683,9.7,-4.2,-0.9,1.2,.034
Jeff Turner,1991-92,29,ORL,75,1591,7.2,-5.9,-1.6,-0.2,-0.005
Jeff Turner,1992-93,30,ORL,75,1479,11.4,-1.6,0.2,3.1,.100
Jeff Turner,1993-94,31,ORL,68,1536,7.6,-5.1,-1.2,1.4,.043
Jeff Turner,1994-95,32,ORL,49,576,9.6,-3.7,-0.2,1.1,.091
Jeff Turner,1995-96,33,ORL,13,192,3.6,-8.2,-0.3,-0.1,-0.015
John Turner,1991-92,24,HOU,42,345,7.8,-7.9,-0.5,-0.1,-0.021
Myles Turner,2015-16,19,IND,60,1367,15.4,-1.6,0.1,3.1,.109
Myles Turner,2016-17,20,IND,81,2541,18.5,1.1,2.0,8.0,.151
Myles Turner,2017-18,21,IND,65,1836,16.6,-0.2,0.8,4.7,.122
Myles Turner,2018-19,22,IND,74,2119,18.0,2.5,2.4,6.3,.144
Myles Turner,2019-20,23,IND,62,1826,14.8,0.1,1.0,4.2,.111
Myles Turner,2020-21,24,IND,47,1455,15.3,0.4,0.9,3.3,.110
Myles Turner,2021-22,25,IND,42,1235,17.4,1.4,1.1,3.1,.120
Myles Turner,2022-23,26,IND,62,1825,20.0,2.1,1.9,5.4,.142
Myles Turner,2023-24,27,IND,77,2076,19.3,0.9,1.5,5.8,.134
Myles Turner,2024-25,28,IND,72,2174,16.1,0.4,1.3,4.7,.104
Wayne Turner,1999-00,23,BOS,3,41,-1.7,-12.5,-0.1,-0.1,-0.148
Melvin Turpin,1984-85,24,CLE,79,1949,13.1,-1.7,0.2,3.1,.075
Melvin Turpin,1985-86,25,CLE,80,2292,16.4,0.4,1.4,6.0,.125
Melvin Turpin,1986-87,26,CLE,64,801,13.0,-3.4,-0.3,0.8,.046
Melvin Turpin,1987-88,27,UTA,79,1011,13.8,-1.6,0.1,2.1,.100
Melvin Turpin,1988-89,,Did not play - other pro league,,,,,,,
Melvin Turpin,1989-90,29,WSB,59,818,12.8,-2.8,-0.2,1.8,.105
Dave Twardzik,1972-73,22,VIR,80,1357,9.2,,,3.0,.107
Dave Twardzik,1973-74,23,VIR,57,1413,12.2,-1.0,0.3,2.4,.081
Dave Twardzik,1974-75,24,VIR,76,2679,14.4,0.1,1.4,5.1,.091
Dave Twardzik,1975-76,25,VIR,43,871,12.2,-1.4,0.1,1.1,.059
Dave Twardzik,1976-77,26,POR,74,1937,16.3,3.0,2.5,7.5,.186
Dave Twardzik,1977-78,27,POR,75,1820,14.3,1.1,1.4,5.5,.146
Dave Twardzik,1978-79,28,POR,64,1570,14.9,0.4,0.9,5.1,.157
Dave Twardzik,1979-80,29,POR,67,1594,13.9,-0.5,0.6,3.7,.110
Jack Twyman,1955-56,21,ROC,72,2186,15.9,,,5.9,.129
Jack Twyman,1956-57,22,ROC,72,2338,17.1,,,8.8,.180
Jack Twyman,1957-58,23,CIN,72,2178,18.9,,,9.3,.204
Jack Twyman,1958-59,24,CIN,72,2713,21.3,,,7.3,.129
Jack Twyman,1959-60,25,CIN,75,3023,21.1,,,8.3,.131
Jack Twyman,1960-61,26,CIN,79,2920,19.6,,,9.6,.157
Jack Twyman,1961-62,27,CIN,80,2991,16.8,,,8.6,.138
Jack Twyman,1962-63,28,CIN,80,2623,17.7,,,7.3,.133
Jack Twyman,1963-64,29,CIN,68,1996,14.6,,,4.3,.105
Jack Twyman,1964-65,30,CIN,80,2236,13.9,,,3.9,.084
Jack Twyman,1965-66,31,CIN,73,943,14.6,,,1.8,.094
B.J. Tyler,1994-95,23,PHI,55,809,8.5,-5.0,-0.6,-0.7,-0.039
Jeremy Tyler,2011-12,20,GSW,42,568,10.4,-7.8,-0.8,-0.2,-0.014
Jeremy Tyler,2012-13,21,2TM,21,68,6.2,-8.9,-0.1,-0.1,-0.049
Jeremy Tyler,2012-13,21,GSW,20,63,6.1,-9.4,-0.1,-0.1,-0.063
Jeremy Tyler,2012-13,21,ATL,1,5,8.5,-3.2,0.0,0.0,.122
Jeremy Tyler,2013-14,22,NYK,41,398,13.0,-5.5,-0.4,0.5,.064
Terry Tyler,1978-79,22,DET,82,2560,15.5,0.6,1.7,5.4,.101
Terry Tyler,1979-80,23,DET,82,2670,14.2,-0.3,1.2,3.4,.062
Terry Tyler,1980-81,24,DET,82,2549,17.2,2.3,2.8,6.4,.121
Terry Tyler,1981-82,25,DET,82,1989,16.9,2.9,2.5,5.5,.133
Terry Tyler,1982-83,26,DET,82,2543,15.1,1.6,2.3,5.8,.110
Terry Tyler,1983-84,27,DET,82,1602,13.2,-0.9,0.4,2.5,.074
Terry Tyler,1984-85,28,DET,82,2004,14.6,0.0,1.0,4.5,.108
Terry Tyler,1985-86,29,SAC,71,1651,13.3,-0.6,0.6,1.9,.056
Terry Tyler,1986-87,30,SAC,82,1930,12.8,-0.6,0.7,2.9,.072
Terry Tyler,1987-88,31,SAC,74,1185,12.4,-1.3,0.2,1.2,.049
Terry Tyler,1988-89,32,DAL,70,1057,12.3,-2.3,-0.1,1.2,.055
Terry Tyler,1989-90,,Did not play - other pro league,,,,,,,
Terry Tyler,1990-91,,Did not play - other pro league,,,,,,,
Terry Tyler,1991-92,,Did not play - other pro league,,,,,,,
Charlie Tyra,1957-58,22,NYK,68,1182,13.5,,,1.1,.046
Charlie Tyra,1958-59,23,NYK,69,1586,12.0,,,1.5,.046
Charlie Tyra,1959-60,24,NYK,74,2033,12.8,,,2.3,.053
Charlie Tyra,1960-61,25,NYK,59,1404,10.2,,,-0.2,-0.006
Charlie Tyra,1961-62,26,CHP,78,1606,10.9,,,0.2,.007
Hunter Tyson,2023-24,23,DEN,18,48,6.0,-8.9,-0.1,0.0,.007
Hunter Tyson,2024-25,24,DEN,51,400,9.0,-4.8,-0.3,0.4,.047
Jaylon Tyson,2024-25,22,CLE,47,453,11.1,-2.7,-0.1,0.8,.083
Edwin Ubiles,2011-12,25,WAS,4,52,7.3,-3.9,0.0,0.0,-0.026
Ekpe Udoh,2010-11,23,GSW,58,1030,9.7,-3.8,-0.5,0.7,.032
Ekpe Udoh,2011-12,24,2TM,61,1290,12.5,-1.5,0.2,2.1,.077
Ekpe Udoh,2011-12,24,GSW,38,827,11.5,-2.0,0.0,0.9,.054
Ekpe Udoh,2011-12,24,MIL,23,463,14.3,-0.7,0.2,1.1,.119
Ekpe Udoh,2012-13,25,MIL,76,1312,12.0,-1.7,0.1,2.7,.098
Ekpe Udoh,2013-14,26,MIL,42,804,7.6,-4.8,-0.6,0.0,.000
Ekpe Udoh,2014-15,27,LAC,33,128,11.6,-1.2,0.0,0.3,.101
Ekpe Udoh,2015-16,,Did not play - other pro league,,,,,,,
Ekpe Udoh,2016-17,,Did not play - other pro league,,,,,,,
Ekpe Udoh,2017-18,30,UTA,63,810,15.2,3.1,1.1,3.2,.187
Ekpe Udoh,2018-19,31,UTA,51,320,20.9,4.7,0.5,1.6,.238
Ime Udoka,2002-03,,Did not play - other pro league,,,,,,,
Ime Udoka,2003-04,26,LAL,4,28,6.7,-5.0,0.0,0.0,-0.073
Ime Udoka,2004-05,,Did not play - other pro league,,,,,,,
Ime Udoka,2005-06,28,NYK,8,114,6.1,-5.4,-0.1,0.0,.001
Ime Udoka,2006-07,29,POR,75,2144,12.1,0.2,1.2,3.9,.088
Ime Udoka,2007-08,30,SAS,73,1316,11.5,0.2,0.7,2.8,.102
Ime Udoka,2008-09,31,SAS,67,1035,9.5,-1.6,0.1,1.3,.058
Ime Udoka,2009-10,32,SAC,69,944,9.6,-1.9,0.0,0.8,.041
Ime Udoka,2010-11,33,SAS,20,130,5.3,-3.1,0.0,0.0,.008
Ime Udoka,2011-12,,Did not play - other pro league,,,,,,,
Beno Udrih,2004-05,22,SAS,80,1149,14.3,0.9,0.9,3.1,.128
Beno Udrih,2005-06,23,SAS,54,586,15.3,-1.0,0.1,1.3,.109
Beno Udrih,2006-07,24,SAS,73,948,10.3,-3.0,-0.2,1.0,.053
Beno Udrih,2007-08,25,SAC,65,2080,13.3,-1.4,0.3,2.4,.056
Beno Udrih,2008-09,26,SAC,73,2270,12.3,-3.1,-0.6,1.2,.026
Beno Udrih,2009-10,27,SAC,79,2477,15.7,0.4,1.5,5.5,.107
Beno Udrih,2010-11,28,SAC,79,2734,15.7,0.5,1.7,7.2,.126
Beno Udrih,2011-12,29,MIL,59,1080,13.1,-2.1,0.0,1.4,.061
Beno Udrih,2012-13,30,2TM,66,1457,14.2,-1.4,0.2,2.2,.071
Beno Udrih,2012-13,30,MIL,39,719,13.6,-1.4,0.1,1.1,.070
Beno Udrih,2012-13,30,ORL,27,738,14.9,-1.3,0.1,1.1,.073
Beno Udrih,2013-14,31,2TM,41,643,12.7,-1.8,0.0,0.8,.061
Beno Udrih,2013-14,31,NYK,31,588,12.4,-2.0,0.0,0.7,.056
Beno Udrih,2013-14,31,MEM,10,55,16.0,0.4,0.0,0.1,.117
Beno Udrih,2014-15,32,MEM,79,1494,15.4,0.5,0.9,3.6,.115
Beno Udrih,2015-16,33,2TM,44,707,9.5,-3.6,-0.3,0.4,.029
Beno Udrih,2015-16,33,MEM,8,120,12.6,-1.9,0.0,0.1,.024
Beno Udrih,2015-16,33,MIA,36,587,8.9,-4.0,-0.3,0.4,.030
Beno Udrih,2016-17,34,DET,39,560,16.2,0.3,0.3,1.3,.113
Beno Udrih,2017-18,,Did not play - other pro league,,,,,,,
Roko Ukić,2005-06,,Did not play - other pro league,,,,,,,
Roko Ukić,2006-07,,Did not play - other pro league,,,,,,,
Roko Ukić,2007-08,,Did not play - other pro league,,,,,,,
Roko Ukić,2008-09,24,TOR,72,890,9.8,-4.6,-0.6,-0.4,-0.019
Roko Ukić,2009-10,25,MIL,13,97,12.2,-1.8,0.0,0.2,.101
Tyler Ulis,2016-17,21,PHO,61,1123,13.0,-2.4,-0.1,0.7,.029
Tyler Ulis,2017-18,22,PHO,71,1658,10.1,-4.4,-1.0,-0.2,-0.006
Tyler Ulis,2018-19,23,CHI,1,1,0.0,-10.4,0.0,0.0,-0.015
Stanley Umude,2022-23,23,DET,1,2,65.6,48.6,0.0,0.0,.626
Stanley Umude,2023-24,24,DET,24,307,11.4,-1.6,0.0,0.5,.085
Stanley Umude,2024-25,25,MIL,22,86,3.4,-8.1,-0.1,-0.2,-0.086
Wes Unseld,1968-69,22,BAL,82,2970,18.1,,,10.8,.175
Wes Unseld,1969-70,23,BAL,82,3234,17.8,,,11.1,.164
Wes Unseld,1970-71,24,BAL,74,2904,17.9,,,10.0,.166
Wes Unseld,1971-72,25,BAL,76,3171,16.7,,,8.3,.125
Wes Unseld,1972-73,26,BAL,79,3085,18.1,,,10.7,.166
Wes Unseld,1973-74,27,CAP,56,1727,11.1,0.9,1.3,3.6,.100
Wes Unseld,1974-75,28,WSB,73,2904,15.0,4.0,4.4,10.6,.175
Wes Unseld,1975-76,29,WSB,78,2922,16.2,4.0,4.4,9.5,.156
Wes Unseld,1976-77,30,WSB,82,2860,12.8,2.0,2.9,6.2,.103
Wes Unseld,1977-78,31,WSB,80,2644,14.4,2.9,3.3,6.8,.123
Wes Unseld,1978-79,32,WSB,77,2406,17.8,4.3,3.8,8.7,.174
Wes Unseld,1979-80,33,WSB,82,2973,15.4,2.5,3.3,8.4,.135
Wes Unseld,1980-81,34,WSB,63,2032,13.5,1.7,1.9,5.5,.130
Hal Uplinger,1953-54,24,BLB,23,268,10.8,,,0.1,.026
Kelvin Upshaw,1988-89,26,2TM,32,617,10.3,-3.5,-0.2,0.3,.021
Kelvin Upshaw,1988-89,26,MIA,9,144,8.5,-6.5,-0.2,-0.1,-0.030
Kelvin Upshaw,1988-89,26,BOS,23,473,10.9,-2.5,-0.1,0.4,.036
Kelvin Upshaw,1989-90,27,3TM,40,387,11.9,-1.6,0.0,0.3,.036
Kelvin Upshaw,1989-90,27,BOS,14,131,4.2,-6.7,-0.2,-0.2,-0.063
Kelvin Upshaw,1989-90,27,DAL,3,4,3.0,-13.0,0.0,0.0,-0.193
Kelvin Upshaw,1989-90,27,GSW,23,252,16.1,1.1,0.2,0.5,.091
Kelvin Upshaw,1990-91,28,DAL,48,514,17.2,-0.1,0.3,1.0,.094
Jarrod Uthoff,2016-17,23,DAL,9,115,13.9,-2.2,0.0,0.2,.083
Jarrod Uthoff,2017-18,,Did not play - other pro league,,,,,,,
Jarrod Uthoff,2018-19,,Did not play - other pro league,,,,,,,
Jarrod Uthoff,2019-20,26,2TM,7,53,8.8,-4.6,0.0,0.0,.018
Jarrod Uthoff,2019-20,26,MEM,4,14,-0.1,-13.9,0.0,0.0,-0.166
Jarrod Uthoff,2019-20,26,WAS,3,39,12.0,-1.3,0.0,0.1,.083
Ben Uzoh,2010-11,22,NJN,42,438,14.7,-0.6,0.2,0.5,.054
Ben Uzoh,2011-12,23,2TM,18,370,10.9,-1.1,0.1,0.2,.032
Ben Uzoh,2011-12,23,CLE,2,13,21.0,5.9,0.0,0.0,.161
Ben Uzoh,2011-12,23,TOR,16,357,10.5,-1.4,0.1,0.2,.027
Steve Vacendak,1966-67,,Did not play - other,,,,,,,
Steve Vacendak,1967-68,23,PTP,9,73,9.6,,,0.1,.040
Steve Vacendak,1968-69,24,MNP,60,1589,12.4,,,2.2,.066
Steve Vacendak,1969-70,25,2TM,14,173,2.2,,,-0.4,-0.115
Steve Vacendak,1969-70,25,PTP,2,36,-4.1,,,-0.2,-0.219
Steve Vacendak,1969-70,25,MMF,12,137,3.9,,,-0.3,-0.088
Jonas Valančiūnas,2011-12,,Did not play - other pro league,,,,,,,
Jonas Valančiūnas,2012-13,20,TOR,62,1482,15.6,-1.2,0.3,3.9,.127
Jonas Valančiūnas,2013-14,21,TOR,81,2282,16.1,-1.3,0.4,6.7,.141
Jonas Valančiūnas,2014-15,22,TOR,80,2096,20.6,0.5,1.3,8.2,.189
Jonas Valančiūnas,2015-16,23,TOR,60,1557,22.6,1.7,1.4,6.9,.211
Jonas Valančiūnas,2016-17,24,TOR,80,2066,20.1,0.3,1.2,7.9,.183
Jonas Valančiūnas,2017-18,25,TOR,77,1727,22.5,2.4,1.9,7.6,.210
Jonas Valančiūnas,2018-19,26,2TM,49,1091,24.4,2.7,1.3,4.2,.183
Jonas Valančiūnas,2018-19,26,TOR,30,564,24.4,3.2,0.7,2.6,.224
Jonas Valančiūnas,2018-19,26,MEM,19,527,24.4,2.1,0.5,1.5,.140
Jonas Valančiūnas,2019-20,27,MEM,70,1845,22.2,2.4,2.0,7.0,.182
Jonas Valančiūnas,2020-21,28,MEM,62,1755,24.4,3.0,2.2,7.8,.213
Jonas Valančiūnas,2021-22,29,NOP,74,2240,21.2,1.9,2.2,7.3,.156
Jonas Valančiūnas,2022-23,30,NOP,79,1968,19.3,-0.4,0.8,5.8,.142
Jonas Valančiūnas,2023-24,31,NOP,82,1925,19.8,1.2,1.6,7.1,.177
Jonas Valančiūnas,2024-25,32,2TM,81,1524,20.8,0.6,1.0,4.3,.137
Jonas Valančiūnas,2024-25,32,WAS,49,983,20.6,0.4,0.6,2.3,.112
Jonas Valančiūnas,2024-25,32,SAC,32,541,21.1,1.1,0.4,2.1,.183
Darnell Valentine,1981-82,22,POR,82,1387,13.1,-1.6,0.2,1.7,.059
Darnell Valentine,1982-83,23,POR,47,1298,17.3,2.0,1.3,3.4,.124
Darnell Valentine,1983-84,24,POR,68,1893,13.8,-0.2,0.9,3.7,.093
Darnell Valentine,1984-85,25,POR,75,2278,15.1,0.6,1.5,5.0,.106
Darnell Valentine,1985-86,26,2TM,62,1217,12.4,-1.7,0.1,1.0,.038
Darnell Valentine,1985-86,26,POR,28,734,12.7,0.0,0.4,1.1,.074
Darnell Valentine,1985-86,26,LAC,34,483,11.8,-4.3,-0.3,-0.2,-0.017
Darnell Valentine,1986-87,27,LAC,65,1759,14.5,-1.0,0.5,1.1,.029
Darnell Valentine,1987-88,28,LAC,79,1636,13.5,-0.8,0.5,1.5,.043
Darnell Valentine,1988-89,29,CLE,77,1086,11.5,-1.5,0.1,1.7,.074
Darnell Valentine,1989-90,,Did not play - unsigned,,,,,,,
Darnell Valentine,1990-91,31,CLE,65,1841,13.5,-0.9,0.5,3.1,.082
Darnell Valentine,1991-92,,Did not play - other pro league,,,,,,,
Darnell Valentine,1992-93,,Did not play - other pro league,,,,,,,
Darnell Valentine,1993-94,,Did not play - other pro league,,,,,,,
Denzel Valentine,2016-17,23,CHI,57,976,7.3,-3.3,-0.3,0.6,.031
Denzel Valentine,2017-18,24,CHI,77,2095,12.1,-1.0,0.5,2.5,.057
Denzel Valentine,2018-19,,Did not play - injury,,,,,,,
Denzel Valentine,2019-20,26,CHI,36,488,13.0,-0.6,0.2,0.5,.048
Denzel Valentine,2020-21,27,CHI,62,1036,10.1,-2.7,-0.2,0.7,.032
Denzel Valentine,2021-22,28,2TM,24,222,8.1,-2.7,0.0,0.2,.039
Denzel Valentine,2021-22,28,CLE,22,204,8.4,-2.4,0.0,0.2,.045
Denzel Valentine,2021-22,28,UTA,2,18,4.2,-6.5,0.0,0.0,-0.026
Ronnie Valentine,1980-81,23,DEN,24,123,10.3,-7.2,-0.2,-0.3,-0.128
John Vallely,1970-71,22,ATL,51,430,9.1,,,-0.4,-0.046
John Vallely,1971-72,23,2TM,49,366,10.2,,,0.1,.010
John Vallely,1971-72,23,ATL,9,110,12.8,,,0.2,.081
John Vallely,1971-72,23,HOU,40,256,9.1,,,-0.1,-0.020
Dick Van Arsdale,1965-66,22,NYK,79,2289,11.7,,,2.6,.055
Dick Van Arsdale,1966-67,23,NYK,79,2892,13.3,,,5.2,.087
Dick Van Arsdale,1967-68,24,NYK,78,2348,11.7,,,3.8,.077
Dick Van Arsdale,1968-69,25,PHO,80,3388,15.1,,,5.6,.080
Dick Van Arsdale,1969-70,26,PHO,77,2966,16.0,,,9.0,.145
Dick Van Arsdale,1970-71,27,PHO,81,3157,16.5,,,10.2,.155
Dick Van Arsdale,1971-72,28,PHO,82,3096,16.0,,,10.4,.161
Dick Van Arsdale,1972-73,29,PHO,81,2979,15.4,,,8.7,.141
Dick Van Arsdale,1973-74,30,PHO,78,2832,15.5,-0.2,1.3,7.0,.119
Dick Van Arsdale,1974-75,31,PHO,70,2419,14.3,-0.5,0.9,5.9,.116
Dick Van Arsdale,1975-76,32,PHO,58,1870,12.4,-1.3,0.3,4.0,.102
Dick Van Arsdale,1976-77,33,PHO,78,1535,11.1,-1.9,0.0,2.7,.086
Tom Van Arsdale,1965-66,22,DET,79,2041,10.6,,,1.4,.033
Tom Van Arsdale,1966-67,23,DET,79,2134,12.6,,,3.1,.069
Tom Van Arsdale,1967-68,24,2TM,77,1514,10.6,,,1.0,.032
Tom Van Arsdale,1967-68,24,DET,50,832,9.9,,,0.4,.024
Tom Van Arsdale,1967-68,24,CIN,27,682,11.5,,,0.6,.043
Tom Van Arsdale,1968-69,25,CIN,77,3059,12.7,,,4.8,.075
Tom Van Arsdale,1969-70,26,CIN,71,2544,16.3,,,5.0,.093
Tom Van Arsdale,1970-71,27,CIN,82,3146,15.0,,,5.5,.084
Tom Van Arsdale,1971-72,28,CIN,73,2598,14.7,,,4.0,.073
Tom Van Arsdale,1972-73,29,2TM,79,2311,13.3,,,2.2,.045
Tom Van Arsdale,1972-73,29,KCO,49,1282,13.0,,,1.5,.057
Tom Van Arsdale,1972-73,29,PHI,30,1029,13.6,,,0.6,.030
Tom Van Arsdale,1973-74,30,PHI,78,3041,12.5,-3.1,-0.8,2.7,.043
Tom Van Arsdale,1974-75,31,2TM,82,2843,13.8,-1.8,0.2,4.4,.074
Tom Van Arsdale,1974-75,31,PHI,9,273,12.7,-2.1,0.0,0.3,.051
Tom Van Arsdale,1974-75,31,ATL,73,2570,13.9,-1.7,0.2,4.1,.076
Tom Van Arsdale,1975-76,32,ATL,75,2026,11.1,-3.3,-0.7,1.6,.038
Tom Van Arsdale,1976-77,33,PHO,77,1425,7.7,-4.4,-0.9,1.1,.037
Nick Van Exel,1993-94,22,LAL,81,2700,13.6,-1.1,0.6,3.4,.061
Nick Van Exel,1994-95,23,LAL,80,2944,16.3,0.5,1.9,6.4,.104
Nick Van Exel,1995-96,24,LAL,74,2513,15.9,0.6,1.6,5.7,.109
Nick Van Exel,1996-97,25,LAL,79,2937,16.0,1.1,2.3,7.2,.118
Nick Van Exel,1997-98,26,LAL,64,2053,17.8,2.6,2.4,7.1,.166
Nick Van Exel,1998-99,27,DEN,50,1802,16.7,-0.8,0.6,2.2,.058
Nick Van Exel,1999-00,28,DEN,79,2950,16.0,-0.2,1.3,4.9,.079
Nick Van Exel,2000-01,29,DEN,71,2688,18.5,1.9,2.7,6.4,.114
Nick Van Exel,2001-02,30,2TM,72,2496,17.8,1.7,2.4,4.4,.084
Nick Van Exel,2001-02,30,DEN,45,1739,18.4,2.1,1.8,2.9,.080
Nick Van Exel,2001-02,30,DAL,27,757,16.3,0.7,0.5,1.5,.093
Nick Van Exel,2002-03,31,DAL,73,2026,15.6,0.2,1.1,4.0,.094
Nick Van Exel,2003-04,32,GSW,39,1255,13.1,-1.4,0.2,1.2,.045
Nick Van Exel,2004-05,33,POR,53,1619,12.5,-1.0,0.4,1.6,.049
Nick Van Exel,2005-06,34,SAS,65,986,11.0,-1.1,0.2,1.4,.070
Dennis Van Zant,1974-75,,Did not play - other pro league,,,,,,,
Dennis Van Zant,1975-76,23,SAA,1,2,39.3,-4.4,0.0,0.0,.856
Fred VanVleet,2016-17,22,TOR,37,294,10.5,-2.1,0.0,0.2,.040
Fred VanVleet,2017-18,23,TOR,76,1520,15.9,2.4,1.7,4.7,.149
Fred VanVleet,2018-19,24,TOR,64,1760,13.7,0.5,1.1,4.3,.117
Fred VanVleet,2019-20,25,TOR,54,1928,16.3,2.7,2.3,5.8,.145
Fred VanVleet,2020-21,26,TOR,52,1899,16.8,2.5,2.2,4.3,.108
Fred VanVleet,2021-22,27,TOR,65,2462,17.3,3.6,3.5,6.7,.131
Fred VanVleet,2022-23,28,TOR,69,2535,17.0,2.5,2.9,6.5,.123
Fred VanVleet,2023-24,29,HOU,73,2684,16.7,3.4,3.6,8.4,.150
Fred VanVleet,2024-25,30,HOU,60,2111,12.8,0.9,1.5,5.2,.119
Gene Vance,1947-48,24,CHS,48,,,,,1.3,
Gene Vance,1948-49,25,CHS,56,,,,,5.3,
Gene Vance,1949-50,26,TRI,35,,,,,2.2,
Gene Vance,1950-51,27,TRI,29,,,,,1.6,
Gene Vance,1951-52,28,MLH,7,118,6.0,,,0.0,-0.008
Logan Vander Velden,1995-96,24,LAC,15,31,1.8,-13.9,-0.1,-0.1,-0.124
Jarred Vanderbilt,2018-19,19,DEN,17,69,12.4,-4.2,0.0,0.1,.037
Jarred Vanderbilt,2019-20,20,2TM,11,46,7.6,-6.3,-0.1,0.0,-0.026
Jarred Vanderbilt,2019-20,20,DEN,9,41,7.2,-6.4,0.0,0.0,-0.042
Jarred Vanderbilt,2019-20,20,MIN,2,5,11.1,-5.6,0.0,0.0,.104
Jarred Vanderbilt,2020-21,21,MIN,64,1139,16.2,-0.1,0.5,3.1,.132
Jarred Vanderbilt,2021-22,22,MIN,74,1880,15.3,0.2,1.1,6.0,.153
Jarred Vanderbilt,2022-23,23,2TM,78,1879,15.1,1.1,1.5,5.2,.132
Jarred Vanderbilt,2022-23,23,UTA,52,1254,16.0,1.5,1.1,3.6,.139
Jarred Vanderbilt,2022-23,23,LAL,26,625,13.2,0.2,0.4,1.5,.118
Jarred Vanderbilt,2023-24,24,LAL,29,581,11.6,-1.6,0.0,1.1,.089
Jarred Vanderbilt,2024-25,25,LAL,36,581,13.2,-1.0,0.2,1.4,.114
Ernie Vandeweghe,1949-50,21,NYK,42,,,,,3.9,
Ernie Vandeweghe,1950-51,22,NYK,44,,,,,2.1,
Ernie Vandeweghe,1951-52,23,NYK,57,1507,16.7,,,4.8,.154
Ernie Vandeweghe,1952-53,24,NYK,61,1745,18.8,,,7.1,.194
Ernie Vandeweghe,1953-54,25,NYK,15,271,11.8,,,0.3,.055
Ernie Vandeweghe,1954-55,,Did not play - other,,,,,,,
Ernie Vandeweghe,1955-56,27,NYK,5,77,7.3,,,-0.1,-0.054
Kiki Vandeweghe,1980-81,22,DEN,51,1376,11.9,-2.7,-0.3,1.2,.040
Kiki Vandeweghe,1981-82,23,DEN,82,2775,18.9,0.6,1.8,7.7,.133
Kiki Vandeweghe,1982-83,24,DEN,82,2909,21.8,2.4,3.2,11.0,.182
Kiki Vandeweghe,1983-84,25,DEN,78,2734,23.6,3.6,3.9,10.3,.181
Kiki Vandeweghe,1984-85,26,POR,72,2502,18.0,0.4,1.5,8.4,.161
Kiki Vandeweghe,1985-86,27,POR,79,2791,19.7,1.4,2.4,9.9,.169
Kiki Vandeweghe,1986-87,28,POR,79,3029,19.2,1.5,2.7,10.8,.171
Kiki Vandeweghe,1987-88,29,POR,37,1038,19.8,1.7,1.0,3.8,.176
Kiki Vandeweghe,1988-89,30,2TM,45,934,13.7,-1.7,0.1,2.0,.105
Kiki Vandeweghe,1988-89,30,POR,18,432,14.6,-1.6,0.1,1.0,.112
Kiki Vandeweghe,1988-89,30,NYK,27,502,13.0,-1.9,0.0,1.0,.099
Kiki Vandeweghe,1989-90,31,NYK,22,563,12.5,-2.5,-0.1,0.8,.072
Kiki Vandeweghe,1990-91,32,NYK,75,2420,14.4,-0.8,0.7,5.7,.112
Kiki Vandeweghe,1991-92,33,NYK,67,956,14.2,0.6,0.6,2.9,.144
Kiki Vandeweghe,1992-93,34,LAC,41,494,13.8,-0.9,0.1,1.1,.107
Nick Vanos,1985-86,22,PHO,11,202,3.4,-10.1,-0.4,-0.4,-0.106
Nick Vanos,1986-87,23,PHO,57,640,9.1,-4.1,-0.3,0.3,.024
David Vanterpool,2000-01,27,WAS,22,411,10.9,-3.7,-0.2,0.0,.000
Ratko Varda,2001-02,22,DET,1,6,15.0,-6.1,0.0,0.0,.098
Anderson Varejão,2004-05,22,CLE,54,863,17.0,0.2,0.5,3.0,.164
Anderson Varejão,2005-06,23,CLE,48,760,14.8,-0.8,0.2,2.3,.146
Anderson Varejão,2006-07,24,CLE,81,1932,14.4,0.0,1.0,6.6,.164
Anderson Varejão,2007-08,25,CLE,48,1320,12.0,-2.6,-0.2,2.4,.086
Anderson Varejão,2008-09,26,CLE,81,2306,14.6,0.6,1.5,8.0,.166
Anderson Varejão,2009-10,27,CLE,76,2166,15.8,1.3,1.8,8.1,.179
Anderson Varejão,2010-11,28,CLE,31,994,15.2,-0.8,0.3,2.2,.105
Anderson Varejão,2011-12,29,CLE,25,785,18.9,1.1,0.6,2.1,.131
Anderson Varejão,2012-13,30,CLE,25,901,21.7,3.7,1.3,3.3,.173
Anderson Varejão,2013-14,31,CLE,65,1800,17.0,1.4,1.6,5.4,.144
Anderson Varejão,2014-15,32,CLE,26,636,17.7,0.6,0.4,1.9,.145
Anderson Varejão,2015-16,33,2TM,53,496,11.1,-2.9,-0.1,1.0,.101
Anderson Varejão,2015-16,33,CLE,31,310,11.2,-2.4,0.0,0.6,.089
Anderson Varejão,2015-16,33,GSW,22,186,11.0,-3.6,-0.1,0.5,.120
Anderson Varejão,2016-17,34,GSW,14,92,9.4,-4.2,-0.1,0.2,.097
Anderson Varejão,2017-18,,Did not play - other pro league,,,,,,,
Anderson Varejão,2018-19,,Did not play - other pro league,,,,,,,
Anderson Varejão,2019-20,,Did not play - unsigned,,,,,,,
Anderson Varejão,2020-21,38,CLE,5,36,12.9,-7.1,0.0,0.0,-0.029
Jarvis Varnado,2010-11,,Did not play - other pro league,,,,,,,
Jarvis Varnado,2011-12,,Did not play - other pro league,,,,,,,
Jarvis Varnado,2012-13,24,2TM,13,58,1.2,-9.5,-0.1,-0.1,-0.059
Jarvis Varnado,2012-13,24,BOS,5,18,12.8,-0.4,0.0,0.0,.083
Jarvis Varnado,2012-13,24,MIA,8,40,-4.1,-13.5,-0.1,-0.1,-0.122
Jarvis Varnado,2013-14,25,2TM,24,339,13.3,-2.3,0.0,0.8,.114
Jarvis Varnado,2013-14,25,CHI,1,2,-9.1,-14.6,0.0,0.0,.038
Jarvis Varnado,2013-14,25,PHI,23,337,13.4,-2.2,0.0,0.8,.115
Greivis Vásquez,2010-11,24,MEM,70,860,9.4,-3.3,-0.3,0.5,.030
Greivis Vásquez,2011-12,25,NOH,66,1706,14.2,-1.1,0.4,2.3,.064
Greivis Vásquez,2012-13,26,NOH,78,2685,16.3,-0.4,1.1,3.8,.067
Greivis Vásquez,2013-14,27,2TM,79,1779,14.1,-0.4,0.7,3.6,.097
Greivis Vásquez,2013-14,27,SAC,18,465,14.1,-1.8,0.0,0.9,.097
Greivis Vásquez,2013-14,27,TOR,61,1314,14.2,0.1,0.7,2.6,.096
Greivis Vásquez,2014-15,28,TOR,82,1991,12.6,-1.0,0.5,2.8,.066
Greivis Vásquez,2015-16,29,MIL,23,460,7.4,-6.2,-0.5,-0.3,-0.033
Greivis Vásquez,2016-17,30,BRK,3,39,4.1,-5.5,0.0,0.0,-0.006
Devin Vassell,2020-21,20,SAS,62,1056,10.6,-1.5,0.1,1.5,.069
Devin Vassell,2021-22,21,SAS,71,1937,13.3,-0.5,0.7,3.3,.082
Devin Vassell,2022-23,22,SAS,38,1178,15.5,0.4,0.7,1.2,.051
Devin Vassell,2023-24,23,SAS,68,2248,15.7,0.0,1.1,3.6,.077
Devin Vassell,2024-25,24,SAS,64,1983,14.2,-1.1,0.4,2.2,.054
Chico Vaughn,1962-63,22,STL,77,1845,13.2,,,3.4,.090
Chico Vaughn,1963-64,23,STL,68,1340,11.5,,,2.3,.084
Chico Vaughn,1964-65,24,STL,75,1965,11.8,,,3.4,.084
Chico Vaughn,1965-66,25,2TM,56,1219,10.3,,,0.8,.031
Chico Vaughn,1965-66,25,STL,19,445,10.0,,,0.1,.010
Chico Vaughn,1965-66,25,DET,37,774,10.5,,,0.7,.044
Chico Vaughn,1966-67,26,DET,51,680,9.1,,,0.4,.026
Chico Vaughn,1967-68,27,PTP,74,2858,13.7,,,4.9,.082
Chico Vaughn,1968-69,28,MNP,69,2301,11.7,,,2.3,.049
Chico Vaughn,1969-70,29,PTP,21,401,11.2,,,0.4,.045
David Vaughn,1974-75,22,VIR,83,2507,13.9,-1.6,0.2,1.6,.031
David Vaughn,1975-76,23,VIR,10,86,6.0,-5.4,-0.1,-0.1,-0.034
David Vaughn,1995-96,22,ORL,33,266,6.0,-10.9,-0.6,-0.1,-0.013
David Vaughn,1996-97,23,ORL,35,298,10.3,-5.1,-0.2,0.1,.019
David Vaughn,1997-98,24,3TM,40,489,11.4,-4.8,-0.4,0.4,.040
David Vaughn,1997-98,24,GSW,22,322,10.8,-5.5,-0.3,0.0,-0.002
David Vaughn,1997-98,24,CHI,3,6,23.3,5.7,0.0,0.0,.315
David Vaughn,1997-98,24,NJN,15,161,12.1,-3.8,-0.1,0.4,.114
David Vaughn,1998-99,25,NJN,10,103,13.5,-5.9,-0.1,0.2,.080
Jacque Vaughn,1997-98,22,UTA,45,419,6.9,-7.6,-0.6,-0.4,-0.048
Jacque Vaughn,1998-99,23,UTA,19,87,13.3,-4.0,0.0,0.1,.069
Jacque Vaughn,1999-00,24,UTA,78,884,9.2,-4.3,-0.5,0.4,.022
Jacque Vaughn,2000-01,25,UTA,82,1620,12.8,-1.0,0.4,3.0,.088
Jacque Vaughn,2001-02,26,ATL,82,1856,13.1,-2.2,-0.1,3.5,.091
Jacque Vaughn,2002-03,27,ORL,80,1686,10.5,-3.3,-0.6,2.0,.058
Jacque Vaughn,2003-04,28,ATL,71,1271,8.0,-5.0,-1.0,0.0,-0.002
Jacque Vaughn,2004-05,29,NJN,71,1410,8.9,-3.9,-0.7,1.8,.062
Jacque Vaughn,2005-06,30,NJN,80,1234,7.5,-4.1,-0.7,1.5,.060
Jacque Vaughn,2006-07,31,SAS,64,760,10.9,-2.3,0.0,1.7,.107
Jacque Vaughn,2007-08,32,SAS,74,1139,9.2,-3.5,-0.4,1.6,.069
Jacque Vaughn,2008-09,33,SAS,30,292,7.6,-5.9,-0.3,0.1,.020
Rashad Vaughn,2015-16,19,MIL,70,1001,4.2,-5.7,-0.9,-0.8,-0.036
Rashad Vaughn,2016-17,20,MIL,41,458,7.8,-3.6,-0.2,0.0,-0.005
Rashad Vaughn,2017-18,21,3TM,28,212,9.3,-2.6,0.0,0.2,.050
Rashad Vaughn,2017-18,21,MIL,22,173,11.1,-1.3,0.0,0.3,.073
Rashad Vaughn,2017-18,21,BRK,1,4,4.1,-5.3,0.0,0.0,.106
Rashad Vaughn,2017-18,21,ORL,5,35,1.1,-9.0,-0.1,-0.1,-0.070
Virgil Vaughn,1946-47,28,BOS,17,,,,,-0.3,
Loy Vaught,1990-91,22,LAC,73,1178,12.1,-2.9,-0.3,2.2,.091
Loy Vaught,1991-92,23,LAC,79,1687,13.7,-1.5,0.2,4.1,.117
Loy Vaught,1992-93,24,LAC,79,1653,16.0,-1.2,0.3,4.2,.123
Loy Vaught,1993-94,25,LAC,75,2118,16.0,-1.3,0.3,5.5,.125
Loy Vaught,1994-95,26,LAC,80,2966,17.1,-0.7,1.0,5.5,.089
Loy Vaught,1995-96,27,LAC,80,2966,16.7,-0.9,0.8,6.3,.102
Loy Vaught,1996-97,28,LAC,82,2838,16.6,-1.1,0.7,6.3,.106
Loy Vaught,1997-98,29,LAC,10,265,7.8,-7.1,-0.3,-0.2,-0.029
Loy Vaught,1998-99,30,DET,37,481,10.2,-4.3,-0.3,0.5,.050
Loy Vaught,1999-00,31,DET,43,292,8.5,-5.5,-0.3,0.2,.026
Loy Vaught,2000-01,32,2TM,51,549,13.3,-1.9,0.0,1.0,.091
Loy Vaught,2000-01,32,DAL,37,392,11.9,-2.3,0.0,0.7,.084
Loy Vaught,2000-01,32,WAS,14,157,16.8,-1.2,0.0,0.3,.106
Bob Verga,1967-68,22,DLC,31,1285,16.5,,,2.8,.106
Bob Verga,1968-69,23,3TM,63,1804,17.3,,,3.3,.087
Bob Verga,1968-69,23,DNR,6,150,3.2,,,-0.3,-0.091
Bob Verga,1968-69,23,NYA,24,521,12.7,,,0.1,.010
Bob Verga,1968-69,23,HSM,33,1133,21.4,,,3.4,.146
Bob Verga,1969-70,24,CAR,82,3411,19.1,,,8.2,.116
Bob Verga,1970-71,25,CAR,75,2009,19.2,,,3.8,.090
Bob Verga,1971-72,26,2TM,70,2029,14.6,,,1.5,.035
Bob Verga,1971-72,26,CAR,8,127,6.7,,,0.0,.001
Bob Verga,1971-72,26,PTC,62,1902,15.1,,,1.5,.037
Bob Verga,1972-73,,Did not play - unsigned,,,,,,,
Bob Verga,1973-74,28,POR,21,216,13.3,-2.9,0.0,0.1,.032
Pete Verhoeven,1981-82,22,POR,71,1207,10.4,-2.4,-0.1,2.1,.085
Pete Verhoeven,1982-83,23,POR,48,527,10.9,-2.7,-0.1,0.8,.069
Pete Verhoeven,1983-84,24,POR,43,327,12.0,-1.2,0.1,0.7,.099
Pete Verhoeven,1984-85,25,KCK,54,366,8.6,-4.0,-0.2,0.4,.053
Pete Verhoeven,1985-86,26,GSW,61,749,10.1,-2.9,-0.2,1.2,.076
Pete Verhoeven,1986-87,27,IND,5,44,5.2,-7.3,-0.1,0.0,.040
Jan Veselý,2011-12,21,WAS,57,1078,11.5,-2.6,-0.2,1.7,.076
Jan Veselý,2012-13,22,WAS,51,601,7.6,-4.7,-0.4,0.7,.059
Jan Veselý,2013-14,23,2TM,54,776,12.7,-1.1,0.2,1.6,.097
Jan Veselý,2013-14,23,WAS,33,470,11.5,-2.3,0.0,0.9,.090
Jan Veselý,2013-14,23,DEN,21,306,14.5,0.7,0.2,0.7,.109
Gundars Vētra,1992-93,25,MIN,13,89,13.6,-1.7,0.0,0.1,.070
Sasha Vezenkov,2017-18,,Did not play - other pro league,,,,,,,
Sasha Vezenkov,2018-19,,Did not play - other pro league,,,,,,,
Sasha Vezenkov,2019-20,,Did not play - other pro league,,,,,,,
Sasha Vezenkov,2020-21,,Did not play - other pro league,,,,,,,
Sasha Vezenkov,2021-22,,Did not play - other pro league,,,,,,,
Sasha Vezenkov,2022-23,,Did not play - other pro league,,,,,,,
Sasha Vezenkov,2023-24,28,SAC,42,511,13.3,-0.9,0.1,1.0,.098
João Vianna,1991-92,25,DAL,1,9,1.0,-11.9,0.0,0.0,-0.065
Charlie Villanueva,2005-06,21,TOR,81,2361,16.4,-0.9,0.6,3.9,.079
Charlie Villanueva,2006-07,22,MIL,39,984,15.8,-1.4,0.2,1.7,.085
Charlie Villanueva,2007-08,23,MIL,76,1829,14.9,-2.8,-0.3,1.7,.045
Charlie Villanueva,2008-09,24,MIL,78,2095,18.6,1.1,1.6,4.9,.112
Charlie Villanueva,2009-10,25,DET,78,1848,16.0,0.0,0.9,3.5,.092
Charlie Villanueva,2010-11,26,DET,76,1666,15.9,-0.4,0.7,3.1,.091
Charlie Villanueva,2011-12,27,DET,13,180,16.2,-0.7,0.1,0.4,.096
Charlie Villanueva,2012-13,28,DET,69,1092,14.0,0.0,0.6,1.6,.069
Charlie Villanueva,2013-14,29,DET,20,180,12.7,-2.4,0.0,0.1,.034
Charlie Villanueva,2014-15,30,DAL,64,678,17.4,1.5,0.6,1.4,.096
Charlie Villanueva,2015-16,31,DAL,62,665,11.9,-2.7,-0.1,0.2,.016
Gabe Vincent,2019-20,23,MIA,9,83,1.2,-10.4,-0.2,-0.2,-0.117
Gabe Vincent,2020-21,24,MIA,50,655,7.6,-5.4,-0.6,0.2,.011
Gabe Vincent,2021-22,25,MIA,68,1589,10.6,-1.4,0.2,2.5,.076
Gabe Vincent,2022-23,26,MIA,68,1759,9.0,-3.4,-0.6,1.4,.038
Gabe Vincent,2023-24,27,LAL,11,218,3.1,-6.5,-0.2,-0.1,-0.033
Gabe Vincent,2024-25,28,LAL,72,1527,7.4,-4.0,-0.8,1.3,.039
Jay Vincent,1981-82,22,DAL,81,2626,18.7,0.5,1.6,5.6,.102
Jay Vincent,1982-83,23,DAL,81,2726,17.1,-0.2,1.2,6.0,.105
Jay Vincent,1983-84,24,DAL,61,1421,12.1,-3.9,-0.7,1.1,.038
Jay Vincent,1984-85,25,DAL,79,2543,18.0,-0.2,1.1,6.5,.123
Jay Vincent,1985-86,26,DAL,80,1994,16.4,-1.2,0.4,3.4,.081
Jay Vincent,1986-87,27,WSB,51,1386,13.2,-2.5,-0.2,1.9,.067
Jay Vincent,1987-88,28,DEN,73,1755,15.6,-2.0,0.0,2.8,.076
Jay Vincent,1988-89,29,2TM,29,646,7.0,-6.8,-0.8,-0.3,-0.024
Jay Vincent,1988-89,29,DEN,5,95,4.7,-8.0,-0.1,-0.1,-0.056
Jay Vincent,1988-89,29,SAS,24,551,7.4,-6.6,-0.6,-0.2,-0.018
Jay Vincent,1989-90,30,2TM,41,459,11.8,-3.6,-0.2,0.5,.052
Jay Vincent,1989-90,30,PHI,17,259,13.2,-2.2,0.0,0.4,.076
Jay Vincent,1989-90,30,LAL,24,200,10.2,-5.4,-0.2,0.1,.020
Jay Vincent,1990-91,,Did not play - other pro league,,,,,,,
Jay Vincent,1991-92,,Did not play - other pro league,,,,,,,
Jay Vincent,1992-93,,Did not play - other pro league,,,,,,,
Jay Vincent,1993-94,,Did not play - other pro league,,,,,,,
Sam Vincent,1985-86,22,BOS,57,432,10.0,-4.8,-0.3,0.3,.037
Sam Vincent,1986-87,23,BOS,46,374,12.8,-2.4,0.0,0.5,.069
Sam Vincent,1987-88,24,2TM,72,1501,15.1,0.2,0.8,3.3,.106
Sam Vincent,1987-88,24,SEA,43,548,13.5,-0.5,0.2,1.0,.089
Sam Vincent,1987-88,24,CHI,29,953,16.1,0.6,0.6,2.3,.115
Sam Vincent,1988-89,25,CHI,70,1703,13.6,-1.4,0.3,2.3,.065
Sam Vincent,1989-90,26,ORL,63,1657,15.4,0.4,1.0,2.4,.070
Sam Vincent,1990-91,27,ORL,49,975,13.1,-1.8,0.0,0.9,.043
Sam Vincent,1991-92,28,ORL,39,885,14.6,-0.4,0.4,1.1,.059
Marcus Vinicius,2006-07,22,NOK,13,103,6.9,-3.3,0.0,0.1,.045
Marcus Vinicius,2007-08,23,NOH,13,69,11.6,-2.5,0.0,0.1,.073
Fred Vinson,1994-95,24,ATL,5,27,-6.5,-15.4,-0.1,-0.1,-0.180
Fred Vinson,1995-96,,Did not play - other pro league,,,,,,,
Fred Vinson,1996-97,,Did not play - other pro league,,,,,,,
Fred Vinson,1997-98,,Did not play - other pro league,,,,,,,
Fred Vinson,1998-99,,Did not play - other pro league,,,,,,,
Fred Vinson,1999-00,29,SEA,8,40,1.0,-13.1,-0.1,-0.1,-0.178
Claude Virden,1970-71,,Did not play - military service,,,,,,,
Claude Virden,1971-72,,Did not play - military service,,,,,,,
Claude Virden,1972-73,25,KEN,31,825,10.9,,,0.4,.023
Gary Voce,1989-90,24,CLE,1,4,19.2,-6.9,0.0,0.0,.031
Floyd Volker,1949-50,28,2TM,54,,,,,-2.0,
Floyd Volker,1949-50,28,INO,17,,,,,-0.1,
Floyd Volker,1949-50,28,DNN,37,,,,,-1.9,
Alexander Volkov,1986-87,,Did not play - other pro league,,,,,,,
Alexander Volkov,1987-88,,Did not play - other pro league,,,,,,,
Alexander Volkov,1988-89,,Did not play - other pro league,,,,,,,
Alexander Volkov,1989-90,25,ATL,72,937,11.9,-1.2,0.2,1.4,.074
Alexander Volkov,1990-91,,Did not play - injury,,,,,,,
Alexander Volkov,1991-92,27,ATL,77,1516,15.5,1.5,1.3,3.0,.096
Whitey Von Nieda,1949-50,27,2TM,59,,,,,2.3,
Whitey Von Nieda,1949-50,27,TRI,26,,,,,0.6,
Whitey Von Nieda,1949-50,27,BLB,33,,,,,1.7,
Noah Vonleh,2014-15,19,CHO,25,259,13.2,-3.1,-0.1,0.5,.085
Noah Vonleh,2015-16,20,POR,78,1174,8.6,-4.2,-0.6,1.2,.047
Noah Vonleh,2016-17,21,POR,74,1265,10.8,-3.9,-0.6,1.8,.069
Noah Vonleh,2017-18,22,2TM,54,875,12.8,-1.3,0.2,1.6,.090
Noah Vonleh,2017-18,22,POR,33,476,12.0,-0.9,0.1,1.2,.117
Noah Vonleh,2017-18,22,CHI,21,399,13.9,-1.7,0.0,0.5,.059
Noah Vonleh,2018-19,23,NYK,68,1722,13.9,-0.7,0.6,3.2,.090
Noah Vonleh,2019-20,24,2TM,36,377,15.5,-1.0,0.1,1.0,.127
Noah Vonleh,2019-20,24,MIN,29,347,15.3,-1.0,0.1,0.9,.124
Noah Vonleh,2019-20,24,DEN,7,30,17.6,-0.6,0.0,0.1,.166
Noah Vonleh,2020-21,25,BRK,4,11,-19.0,-26.3,-0.1,-0.1,-0.488
Noah Vonleh,2021-22,,Did not play - other pro league,,,,,,,
Noah Vonleh,2022-23,27,BOS,23,171,5.9,-6.3,-0.2,0.2,.060
Noah Vonleh,2023-24,,Did not play - other pro league,,,,,,,
Jake Voskuhl,2000-01,23,CHI,16,143,5.8,-9.9,-0.3,0.0,-0.007
Jake Voskuhl,2001-02,24,PHO,59,900,13.9,-3.0,-0.2,2.7,.143
Jake Voskuhl,2002-03,25,PHO,65,947,11.8,-2.2,0.0,2.5,.129
Jake Voskuhl,2003-04,26,PHO,66,1606,11.2,-2.9,-0.4,3.3,.097
Jake Voskuhl,2004-05,27,PHO,38,360,8.7,-3.2,-0.1,0.6,.075
Jake Voskuhl,2005-06,28,CHA,51,818,11.0,-4.4,-0.5,1.0,.061
Jake Voskuhl,2006-07,29,CHA,73,1043,10.9,-3.9,-0.5,1.7,.077
Jake Voskuhl,2007-08,30,MIL,44,386,8.7,-5.9,-0.4,0.2,.025
Jake Voskuhl,2008-09,31,TOR,38,240,0.4,-10.9,-0.5,-0.3,-0.064
Danny Vranes,1981-82,23,SEA,77,1075,11.2,-1.6,0.1,2.4,.106
Danny Vranes,1982-83,24,SEA,82,2054,10.6,-0.7,0.7,4.2,.099
Danny Vranes,1983-84,25,SEA,80,2174,10.7,-1.8,0.1,3.4,.076
Danny Vranes,1984-85,26,SEA,76,2163,8.3,-2.2,-0.1,1.8,.039
Danny Vranes,1985-86,27,SEA,80,1569,7.8,-1.6,0.1,2.1,.065
Danny Vranes,1986-87,28,PHI,58,817,6.9,-2.6,-0.1,0.8,.048
Danny Vranes,1987-88,29,PHI,57,772,7.0,-1.7,0.1,0.6,.035
Danny Vranes,1988-89,,Did not play - other pro league,,,,,,,
Danny Vranes,1989-90,,Did not play - other pro league,,,,,,,
Danny Vranes,1990-91,,Did not play - other pro league,,,,,,,
Danny Vranes,1991-92,,Did not play - other pro league,,,,,,,
Slavko Vraneš,2003-04,21,POR,1,3,-20.4,-26.2,0.0,0.0,-0.371
Stojko Vranković,1990-91,27,BOS,31,166,8.8,-7.6,-0.2,-0.1,-0.026
Stojko Vranković,1991-92,28,BOS,19,110,11.2,-4.8,-0.1,0.1,.037
Stojko Vranković,1992-93,,Did not play - other pro league,,,,,,,
Stojko Vranković,1993-94,,Did not play - other pro league,,,,,,,
Stojko Vranković,1994-95,,Did not play - other pro league,,,,,,,
Stojko Vranković,1995-96,,Did not play - other pro league,,,,,,,
Stojko Vranković,1996-97,33,MIN,53,766,10.1,-3.3,-0.3,0.9,.055
Stojko Vranković,1997-98,34,LAC,65,996,9.4,-3.9,-0.5,0.4,.020
Stojko Vranković,1998-99,35,LAC,2,12,10.7,-9.3,0.0,0.0,.011
Brett Vroman,1978-79,,Did not play - other,,,,,,,
Brett Vroman,1979-80,,Did not play - other pro league,,,,,,,
Brett Vroman,1980-81,25,UTA,11,93,11.8,-3.6,0.0,0.1,.048
Jackson Vroman,2004-05,23,2TM,46,705,9.6,-4.8,-0.5,-0.1,-0.006
Jackson Vroman,2004-05,23,PHO,10,57,8.2,-2.1,0.0,0.0,-0.021
Jackson Vroman,2004-05,23,NOH,36,648,9.7,-5.0,-0.5,-0.1,-0.005
Jackson Vroman,2005-06,24,NOK,41,406,5.9,-5.7,-0.4,0.1,.014
Nikola Vučević,2011-12,21,PHI,51,812,14.3,-2.2,0.0,1.8,.109
Nikola Vučević,2012-13,22,ORL,77,2559,17.8,-0.5,0.9,5.7,.106
Nikola Vučević,2013-14,23,ORL,57,1812,18.8,0.1,1.0,4.4,.116
Nikola Vučević,2014-15,24,ORL,74,2529,21.5,0.9,1.8,7.0,.133
Nikola Vučević,2015-16,25,ORL,65,2037,21.1,1.9,2.0,5.2,.122
Nikola Vučević,2016-17,26,ORL,75,2163,19.1,1.4,1.9,4.0,.088
Nikola Vučević,2017-18,27,ORL,57,1683,19.7,2.7,2.0,3.6,.102
Nikola Vučević,2018-19,28,ORL,80,2510,25.5,6.6,5.5,10.1,.193
Nikola Vučević,2019-20,29,ORL,62,1998,21.9,4.2,3.1,6.4,.153
Nikola Vučević,2020-21,30,2TM,70,2348,22.9,5.3,4.4,6.3,.129
Nikola Vučević,2020-21,30,ORL,44,1500,23.5,5.9,3.0,3.9,.125
Nikola Vučević,2020-21,30,CHI,26,848,21.8,4.4,1.4,2.4,.137
Nikola Vučević,2021-22,31,CHI,73,2418,18.2,0.9,1.8,4.5,.090
Nikola Vučević,2022-23,32,CHI,82,2746,19.1,2.7,3.2,8.3,.145
Nikola Vučević,2023-24,33,CHI,76,2610,17.7,0.1,1.4,5.4,.100
Nikola Vučević,2024-25,34,CHI,73,2278,20.3,2.6,2.7,7.3,.153
Sasha Vujačić,2004-05,20,LAL,35,403,8.9,-3.7,-0.2,0.2,.018
Sasha Vujačić,2005-06,21,LAL,82,1449,8.4,-2.2,-0.1,2.0,.066
Sasha Vujačić,2006-07,22,LAL,73,935,11.7,-1.0,0.2,1.8,.091
Sasha Vujačić,2007-08,23,LAL,72,1279,15.1,1.2,1.0,3.6,.136
Sasha Vujačić,2008-09,24,LAL,80,1293,12.6,0.8,0.9,3.7,.138
Sasha Vujačić,2009-10,25,LAL,67,575,11.4,-0.7,0.2,1.4,.120
Sasha Vujačić,2010-11,26,2TM,67,1648,12.3,-1.5,0.2,2.1,.061
Sasha Vujačić,2010-11,26,LAL,11,54,3.4,-10.5,-0.1,-0.1,-0.082
Sasha Vujačić,2010-11,26,NJN,56,1594,12.6,-1.2,0.3,2.2,.066
Sasha Vujačić,2011-12,,Did not play - other pro league,,,,,,,
Sasha Vujačić,2012-13,,Did not play - other pro league,,,,,,,
Sasha Vujačić,2013-14,29,LAC,2,10,1.5,-12.4,0.0,-0.1,-0.289
Sasha Vujačić,2014-15,,Did not play - other pro league,,,,,,,
Sasha Vujačić,2015-16,31,NYK,61,908,11.1,-1.2,0.2,1.1,.060
Sasha Vujačić,2016-17,32,NYK,42,408,8.6,-3.2,-0.1,0.1,.014
Tristan Vukcevic,2023-24,20,WAS,10,153,13.9,-3.6,-0.1,0.1,.045
Tristan Vukcevic,2024-25,21,WAS,35,513,17.8,-0.5,0.2,0.7,.069
Butch van Breda Kolff,1946-47,24,NYK,16,,,,,0.2,
Butch van Breda Kolff,1947-48,25,NYK,44,,,,,2.5,
Butch van Breda Kolff,1948-49,26,NYK,59,,,,,4.4,
Butch van Breda Kolff,1949-50,27,NYK,56,,,,,2.3,
Jan van Breda Kolff,1974-75,23,DNA,84,1639,11.9,0.9,1.2,3.8,.111
Jan van Breda Kolff,1975-76,24,2TM,80,1978,12.9,1.2,1.6,3.4,.083
Jan van Breda Kolff,1975-76,24,VIR,37,1117,13.2,0.8,0.8,1.6,.067
Jan van Breda Kolff,1975-76,24,KEN,43,861,12.5,1.8,0.8,1.9,.103
Jan van Breda Kolff,1976-77,25,NYN,72,2398,12.0,-0.7,0.8,4.5,.091
Jan van Breda Kolff,1977-78,26,NJN,68,1419,7.5,-2.2,-0.1,1.2,.040
Jan van Breda Kolff,1978-79,27,NJN,80,1998,10.8,0.1,1.1,3.6,.087
Jan van Breda Kolff,1979-80,28,NJN,82,2399,9.5,-0.4,1.0,3.9,.078
Jan van Breda Kolff,1980-81,29,NJN,78,1426,6.5,-3.1,-0.4,0.6,.019
Jan van Breda Kolff,1981-82,30,NJN,41,452,10.2,-0.7,0.1,1.1,.119
Jan van Breda Kolff,1982-83,31,NJN,13,63,8.6,-3.1,0.0,0.1,.095
Jan van Breda Kolff,1983-84,,Did not play - other pro league,,,,,,,
Jan van Breda Kolff,1984-85,,Did not play - other pro league,,,,,,,
Dean Wade,2019-20,23,CLE,12,71,13.9,-1.3,0.0,0.2,.105
Dean Wade,2020-21,24,CLE,63,1212,11.3,-1.3,0.2,2.0,.080
Dean Wade,2021-22,25,CLE,51,980,10.1,-0.6,0.4,2.3,.111
Dean Wade,2022-23,26,CLE,44,891,8.5,-0.7,0.3,1.8,.097
Dean Wade,2023-24,27,CLE,54,1108,10.2,0.1,0.6,2.5,.110
Dean Wade,2024-25,28,CLE,59,1252,10.1,0.3,0.7,3.0,.113
Dwyane Wade,2003-04,22,MIA,61,2126,17.6,1.4,1.9,4.6,.103
Dwyane Wade,2004-05,23,MIA,77,2974,23.1,4.6,4.9,11.0,.177
Dwyane Wade,2005-06,24,MIA,75,2892,27.6,7.7,7.1,14.4,.239
Dwyane Wade,2006-07,25,MIA,51,1931,28.9,8.2,4.9,8.8,.219
Dwyane Wade,2007-08,26,MIA,51,1954,21.5,2.9,2.3,3.3,.082
Dwyane Wade,2008-09,27,MIA,79,3048,30.4,10.6,9.6,14.7,.232
Dwyane Wade,2009-10,28,MIA,77,2792,28.0,9.2,7.9,13.0,.224
Dwyane Wade,2010-11,29,MIA,76,2823,25.6,6.6,6.1,12.8,.218
Dwyane Wade,2011-12,30,MIA,49,1625,26.3,7.9,4.0,7.7,.227
Dwyane Wade,2012-13,31,MIA,69,2391,24.0,4.4,3.8,9.6,.192
Dwyane Wade,2013-14,32,MIA,54,1775,22.0,2.9,2.2,5.5,.149
Dwyane Wade,2014-15,33,MIA,62,1971,21.4,2.1,2.1,3.5,.086
Dwyane Wade,2015-16,34,MIA,74,2258,20.3,1.9,2.2,4.9,.105
Dwyane Wade,2016-17,35,CHI,60,1792,18.5,2.5,2.1,3.4,.090
Dwyane Wade,2017-18,36,2TM,67,1536,15.0,-1.0,0.4,1.1,.036
Dwyane Wade,2017-18,36,CLE,46,1069,15.9,-0.2,0.5,1.3,.057
Dwyane Wade,2017-18,36,MIA,21,467,13.1,-2.8,-0.1,-0.1,-0.014
Dwyane Wade,2018-19,37,MIA,72,1885,15.8,0.6,1.2,2.4,.061
Mark Wade,1987-88,22,GSW,11,123,4.5,-7.1,-0.2,-0.3,-0.110
Mark Wade,1988-89,,Did not play - other pro league,,,,,,,
Mark Wade,1989-90,24,DAL,1,3,21.3,7.1,0.0,0.0,.234
Von Wafer,2005-06,20,LAL,16,73,-1.6,-14.0,-0.2,-0.3,-0.174
Von Wafer,2006-07,21,LAC,1,1,-40.7,-52.4,0.0,0.0,-1.068
Von Wafer,2007-08,22,2TM,29,154,1.0,-10.3,-0.3,-0.5,-0.163
Von Wafer,2007-08,22,DEN,21,90,-1.6,-14.0,-0.3,-0.4,-0.231
Von Wafer,2007-08,22,POR,8,64,4.7,-5.0,0.0,-0.1,-0.067
Von Wafer,2008-09,23,HOU,63,1225,14.7,0.2,0.7,2.6,.103
Von Wafer,2009-10,,Did not play - other pro league,,,,,,,
Von Wafer,2010-11,25,BOS,58,553,10.6,-1.4,0.1,1.1,.092
Von Wafer,2011-12,26,ORL,33,469,11.4,-2.6,-0.1,0.4,.042
Clint Wager,1949-50,30,FTW,63,,,,,1.5,
Dajuan Wagner,2002-03,19,CLE,47,1385,10.9,-4.7,-0.9,0.3,.011
Dajuan Wagner,2003-04,20,CLE,44,708,8.6,-4.9,-0.5,-0.1,-0.008
Dajuan Wagner,2004-05,21,CLE,11,102,5.0,-9.1,-0.2,-0.2,-0.099
Dajuan Wagner,2005-06,,Did not play - illness,,,,,,,
Dajuan Wagner,2006-07,23,GSW,1,7,17.2,4.2,0.0,0.0,.122
Danny Wagner,1949-50,27,SHE,11,,,,,0.6,
Franz Wagner,2021-22,20,ORL,79,2429,14.7,-0.7,0.8,4.0,.079
Franz Wagner,2022-23,21,ORL,80,2609,15.9,-0.1,1.3,5.4,.099
Franz Wagner,2023-24,22,ORL,72,2337,17.6,1.2,1.9,6.4,.131
Franz Wagner,2024-25,23,ORL,60,2023,20.1,3.1,2.6,5.6,.133
Milt Wagner,1986-87,,Did not play - other pro league,,,,,,,
Milt Wagner,1987-88,24,LAL,40,380,10.4,-4.5,-0.2,0.4,.046
Milt Wagner,1988-89,,Did not play - other pro league,,,,,,,
Milt Wagner,1989-90,,Did not play - other pro league,,,,,,,
Milt Wagner,1990-91,27,MIA,13,116,11.2,-2.2,0.0,0.0,.016
Moritz Wagner,2018-19,21,LAL,43,446,10.1,-4.3,-0.3,0.2,.020
Moritz Wagner,2019-20,22,WAS,45,835,15.1,-2.3,-0.1,1.7,.099
Moritz Wagner,2020-21,23,3TM,45,722,12.5,-2.6,-0.1,1.2,.082
Moritz Wagner,2020-21,23,WAS,25,375,15.4,-0.1,0.2,1.0,.134
Moritz Wagner,2020-21,23,BOS,9,61,-1.0,-10.3,-0.1,-0.2,-0.146
Moritz Wagner,2020-21,23,ORL,11,286,11.5,-4.0,-0.1,0.4,.063
Moritz Wagner,2021-22,24,ORL,63,960,18.1,1.6,0.9,2.8,.138
Moritz Wagner,2022-23,25,ORL,57,1109,17.4,0.6,0.7,3.4,.149
Moritz Wagner,2023-24,26,ORL,80,1415,20.6,2.0,1.4,5.6,.188
Moritz Wagner,2024-25,27,ORL,30,564,22.3,4.0,0.9,2.0,.174
Phil Wagner,1968-69,23,INA,12,180,0.5,,,-0.1,-0.015
Ish Wainright,2021-22,27,PHO,45,359,9.4,-2.0,0.0,0.6,.079
Ish Wainright,2022-23,28,PHO,60,915,9.2,-1.2,0.2,1.7,.089
Ish Wainright,2023-24,29,2TM,11,62,8.9,-2.4,0.0,0.0,.029
Ish Wainright,2023-24,29,POR,7,46,10.2,-0.6,0.0,0.1,.054
Ish Wainright,2023-24,29,PHO,4,16,5.2,-7.5,0.0,0.0,-0.042
Dion Waiters,2012-13,21,CLE,61,1756,13.7,-2.1,-0.1,0.9,.026
Dion Waiters,2013-14,22,CLE,70,2072,14.0,-1.5,0.3,1.6,.037
Dion Waiters,2014-15,23,2TM,80,2208,10.9,-3.3,-0.7,1.1,.025
Dion Waiters,2014-15,23,CLE,33,786,12.2,-2.6,-0.1,0.5,.029
Dion Waiters,2014-15,23,OKC,47,1422,10.1,-3.7,-0.6,0.7,.023
Dion Waiters,2015-16,24,OKC,78,2152,9.4,-2.8,-0.4,2.1,.046
Dion Waiters,2016-17,25,MIA,46,1384,14.5,-0.1,0.7,1.6,.057
Dion Waiters,2017-18,26,MIA,30,918,10.5,-3.5,-0.4,0.1,.004
Dion Waiters,2018-19,27,MIA,44,1138,11.4,-1.1,0.3,1.2,.052
Dion Waiters,2019-20,28,2TM,10,207,11.5,-1.2,0.0,0.1,.030
Dion Waiters,2019-20,28,MIA,3,42,13.4,1.8,0.0,0.0,-0.003
Dion Waiters,2019-20,28,LAL,7,165,11.0,-2.0,0.0,0.1,.038
Granville Waiters,1983-84,23,IND,78,1040,10.4,-1.9,0.0,1.3,.062
Granville Waiters,1984-85,24,IND,62,703,8.5,-3.8,-0.3,0.2,.015
Granville Waiters,1985-86,25,HOU,43,156,3.2,-7.1,-0.2,-0.2,-0.051
Granville Waiters,1986-87,26,CHI,44,534,6.5,-3.2,-0.2,0.5,.049
Granville Waiters,1987-88,27,CHI,22,114,4.2,-8.4,-0.2,0.0,-0.021
Andre Wakefield,1978-79,24,2TM,73,586,4.9,-7.0,-0.8,-0.9,-0.072
Andre Wakefield,1978-79,24,CHI,2,8,-15.9,-5.4,0.0,-0.1,-0.397
Andre Wakefield,1978-79,24,DET,71,578,5.2,-7.0,-0.7,-0.8,-0.067
Andre Wakefield,1979-80,25,UTA,8,47,-2.0,-7.1,-0.2,-0.2,-0.187
Neal Walk,1969-70,21,PHO,82,1394,14.0,,,2.1,.071
Neal Walk,1970-71,22,PHO,82,2033,16.1,,,5.1,.121
Neal Walk,1971-72,23,PHO,81,2142,18.4,,,7.1,.159
Neal Walk,1972-73,24,PHO,81,3114,18.0,,,6.8,.105
Neal Walk,1973-74,25,PHO,82,2549,19.1,1.9,2.5,6.1,.115
Neal Walk,1974-75,26,2TM,67,1125,14.8,-1.3,0.2,1.2,.053
Neal Walk,1974-75,26,NOJ,37,851,15.4,-0.6,0.3,1.0,.055
Neal Walk,1974-75,26,NYK,30,274,13.0,-3.3,-0.1,0.3,.046
Neal Walk,1975-76,27,NYK,82,1340,14.5,-1.4,0.2,1.7,.060
Neal Walk,1976-77,28,NYK,11,135,12.6,-2.7,0.0,0.2,.070
Neal Walk,1977-78,,Did not play - other pro league,,,,,,,
Neal Walk,1978-79,,Did not play - other pro league,,,,,,,
Neal Walk,1979-80,,Did not play - other pro league,,,,,,,
Neal Walk,1980-81,,Did not play - other pro league,,,,,,,
Andy Walker,1976-77,21,NOJ,40,438,13.0,-1.1,0.1,0.7,.081
Antoine Walker,1996-97,20,BOS,82,2970,15.5,-2.1,-0.1,1.7,.027
Antoine Walker,1997-98,21,BOS,82,3268,17.8,0.6,2.2,4.8,.070
Antoine Walker,1998-99,22,BOS,42,1549,17.0,1.0,1.2,2.6,.079
Antoine Walker,1999-00,23,BOS,82,3003,17.8,0.7,2.1,5.0,.080
Antoine Walker,2000-01,24,BOS,81,3396,18.9,3.0,4.3,6.6,.093
Antoine Walker,2001-02,25,BOS,81,3406,17.1,2.2,3.6,6.7,.094
Antoine Walker,2002-03,26,BOS,78,3235,14.6,-0.5,1.3,2.6,.039
Antoine Walker,2003-04,27,DAL,82,2840,15.8,0.5,1.8,3.9,.066
Antoine Walker,2004-05,28,2TM,77,2955,15.5,-0.4,1.2,0.9,.015
Antoine Walker,2004-05,28,ATL,53,2128,15.5,-0.3,0.9,0.2,.004
Antoine Walker,2004-05,28,BOS,24,827,15.4,-0.7,0.3,0.7,.041
Antoine Walker,2005-06,29,MIA,82,2199,14.4,0.4,1.3,3.6,.080
Antoine Walker,2006-07,30,MIA,78,1818,9.6,-3.6,-0.7,-0.3,-0.007
Antoine Walker,2007-08,31,MIN,46,892,11.4,-2.2,-0.1,0.1,.004
Brady Walker,1948-49,27,PRO,59,,,,,1.2,
Brady Walker,1949-50,28,BOS,68,,,,,1.9,
Brady Walker,1950-51,29,2TM,66,,,,,2.8,
Brady Walker,1950-51,29,BOS,17,,,,,0.1,
Brady Walker,1950-51,29,BLB,49,,,,,2.7,
Brady Walker,1951-52,30,BLB,35,699,15.6,,,1.0,.066
Chet Walker,1962-63,22,SYR,78,1992,14.8,,,5.3,.129
Chet Walker,1963-64,23,PHI,76,2775,15.2,,,5.4,.094
Chet Walker,1964-65,24,PHI,79,2187,14.3,,,3.7,.081
Chet Walker,1965-66,25,PHI,80,2603,15.3,,,7.8,.143
Chet Walker,1966-67,26,PHI,81,2691,17.9,,,10.1,.181
Chet Walker,1967-68,27,PHI,82,2623,15.9,,,8.2,.150
Chet Walker,1968-69,28,PHI,82,2753,16.7,,,9.8,.170
Chet Walker,1969-70,29,CHI,78,2726,18.8,,,9.8,.172
Chet Walker,1970-71,30,CHI,81,2927,18.9,,,10.9,.178
Chet Walker,1971-72,31,CHI,78,2588,21.8,,,14.5,.268
Chet Walker,1972-73,32,CHI,79,2455,20.3,,,10.9,.213
Chet Walker,1973-74,33,CHI,82,2661,18.5,2.6,3.1,10.6,.191
Chet Walker,1974-75,34,CHI,76,2452,19.5,2.5,2.8,10.5,.205
Darrell Walker,1983-84,22,NYK,82,1324,15.9,1.8,1.3,2.3,.083
Darrell Walker,1984-85,23,NYK,82,2489,14.7,0.6,1.7,2.8,.054
Darrell Walker,1985-86,24,NYK,81,2023,14.0,1.3,1.7,2.1,.050
Darrell Walker,1986-87,25,DEN,81,2020,15.8,0.4,1.3,3.8,.090
Darrell Walker,1987-88,26,WSB,52,940,10.6,-0.7,0.3,0.8,.041
Darrell Walker,1988-89,27,WSB,79,2565,13.4,0.9,1.8,3.7,.070
Darrell Walker,1989-90,28,WSB,81,2883,15.6,2.3,3.1,6.3,.105
Darrell Walker,1990-91,29,WSB,71,2305,12.4,0.2,1.3,2.9,.061
Darrell Walker,1991-92,30,DET,74,1541,10.9,-0.1,0.7,2.4,.075
Darrell Walker,1992-93,31,2TM,37,511,6.4,-3.1,-0.1,0.2,.019
Darrell Walker,1992-93,31,DET,9,144,0.1,-6.1,-0.1,-0.3,-0.117
Darrell Walker,1992-93,31,CHI,28,367,8.9,-1.9,0.0,0.6,.073
Foots Walker,1974-75,23,CLE,72,1070,14.2,0.1,0.6,1.5,.067
Foots Walker,1975-76,24,CLE,81,1280,15.3,0.9,0.9,2.3,.088
Foots Walker,1976-77,25,CLE,62,1216,16.0,1.5,1.1,3.0,.120
Foots Walker,1977-78,26,CLE,81,2496,14.2,1.1,1.9,5.2,.101
Foots Walker,1978-79,27,CLE,55,1753,15.0,1.3,1.5,3.4,.093
Foots Walker,1979-80,28,CLE,76,2422,15.3,1.9,2.4,6.1,.120
Foots Walker,1980-81,29,NJN,41,1172,10.1,-2.1,0.0,1.5,.060
Foots Walker,1981-82,30,NJN,77,1861,11.8,0.4,1.1,4.2,.108
Foots Walker,1982-83,31,NJN,79,1388,11.4,0.2,0.8,3.4,.118
Foots Walker,1983-84,32,NJN,34,378,9.4,-1.8,0.0,0.3,.043
Henry Walker,2008-09,21,BOS,29,216,10.9,-4.5,-0.1,0.5,.117
Henry Walker,2009-10,22,2TM,35,768,14.6,-0.5,0.3,1.9,.121
Henry Walker,2009-10,22,BOS,8,29,7.6,-5.0,0.0,0.0,.062
Henry Walker,2009-10,22,NYK,27,739,14.9,-0.3,0.3,1.9,.123
Henry Walker,2010-11,23,NYK,61,784,11.3,-1.8,0.0,1.1,.069
Henry Walker,2011-12,24,NYK,32,620,8.2,-2.1,0.0,0.9,.067
Henry Walker,2012-13,,Did not play - other pro league,,,,,,,
Henry Walker,2013-14,,Did not play - other pro league,,,,,,,
Henry Walker,2014-15,27,MIA,24,628,8.0,-2.0,0.0,0.5,.039
Horace Walker,1960-61,,Did not play - other pro league,,,,,,,
Horace Walker,1961-62,24,CHP,65,1331,10.4,,,0.3,.010
Jabari Walker,2022-23,20,POR,56,619,9.6,-6.1,-0.6,0.2,.015
Jabari Walker,2023-24,21,POR,72,1700,13.0,-3.3,-0.6,2.9,.083
Jabari Walker,2024-25,22,POR,60,749,15.0,-0.8,0.2,2.0,.128
Jarace Walker,2023-24,20,IND,33,340,11.8,0.2,0.2,0.4,.058
Jarace Walker,2024-25,21,IND,75,1187,11.9,-0.9,0.3,1.6,.065
Jimmy Walker,1967-68,23,DET,81,1585,10.9,,,0.4,.012
Jimmy Walker,1968-69,24,DET,69,1639,14.9,,,3.6,.105
Jimmy Walker,1969-70,25,DET,81,2869,16.4,,,6.2,.104
Jimmy Walker,1970-71,26,DET,79,2765,14.5,,,5.1,.088
Jimmy Walker,1971-72,27,DET,78,3083,15.6,,,5.5,.085
Jimmy Walker,1972-73,28,HOU,81,3079,14.7,,,6.1,.095
Jimmy Walker,1973-74,29,2TM,75,2958,14.5,-1.6,0.3,4.8,.077
Jimmy Walker,1973-74,29,HOU,3,38,10.0,-3.7,0.0,0.0,.051
Jimmy Walker,1973-74,29,KCO,72,2920,14.6,-1.6,0.3,4.7,.078
Jimmy Walker,1974-75,30,KCO,81,3122,12.7,-1.4,0.5,6.2,.095
Jimmy Walker,1975-76,31,KCK,73,2490,13.6,-1.0,0.6,5.2,.101
Kemba Walker,2011-12,21,CHA,66,1792,14.9,-0.8,0.6,0.3,.009
Kemba Walker,2012-13,22,CHA,82,2859,18.8,1.4,2.4,4.8,.080
Kemba Walker,2013-14,23,CHA,73,2614,16.8,1.7,2.4,5.1,.093
Kemba Walker,2014-15,24,CHO,62,2119,17.6,2.3,2.3,4.5,.101
Kemba Walker,2015-16,25,CHO,81,2885,20.8,4.0,4.3,9.9,.164
Kemba Walker,2016-17,26,CHO,79,2739,21.3,4.1,4.2,8.1,.142
Kemba Walker,2017-18,27,CHO,80,2736,20.6,4.0,4.2,8.6,.150
Kemba Walker,2018-19,28,CHO,82,2863,21.7,4.2,4.4,7.4,.123
Kemba Walker,2019-20,29,BOS,56,1742,20.0,4.6,2.9,5.9,.162
Kemba Walker,2020-21,30,BOS,43,1369,17.7,2.1,1.4,3.3,.115
Kemba Walker,2021-22,31,NYK,37,948,13.9,0.4,0.6,1.8,.093
Kemba Walker,2022-23,32,DAL,9,144,15.0,-0.3,0.1,0.3,.098
Kemba Walker,2023-24,,Did not play - other pro league,,,,,,,
Kenny Walker,1986-87,22,NYK,68,1719,13.3,-1.6,0.2,3.1,.088
Kenny Walker,1987-88,23,NYK,82,2139,12.3,-0.7,0.7,4.7,.106
Kenny Walker,1988-89,24,NYK,79,1163,11.8,-1.2,0.2,2.7,.112
Kenny Walker,1989-90,25,NYK,68,1595,12.7,-1.2,0.3,4.0,.121
Kenny Walker,1990-91,26,NYK,54,771,10.3,-3.4,-0.3,1.3,.082
Kenny Walker,1991-92,,Did not play - other pro league,,,,,,,
Kenny Walker,1992-93,,Did not play - other pro league,,,,,,,
Kenny Walker,1993-94,29,WSB,73,1397,10.7,-2.8,-0.3,1.9,.065
Kenny Walker,1994-95,30,WSB,24,266,6.6,-6.1,-0.3,0.1,.023
Lonnie Walker IV,2018-19,20,SAS,17,118,10.8,-2.4,0.0,0.0,.019
Lonnie Walker IV,2019-20,21,SAS,61,988,10.5,-3.5,-0.4,0.3,.016
Lonnie Walker IV,2020-21,22,SAS,60,1522,9.8,-3.7,-0.7,0.4,.012
Lonnie Walker IV,2021-22,23,SAS,70,1612,12.3,-2.5,-0.2,1.2,.037
Lonnie Walker IV,2022-23,24,LAL,56,1297,12.2,-1.4,0.2,1.8,.066
Lonnie Walker IV,2023-24,25,BRK,58,1011,13.1,-1.4,0.2,0.8,.038
Lonnie Walker IV,2024-25,26,PHI,20,477,13.1,-2.4,0.0,0.3,.033
M.J. Walker,2021-22,23,PHO,2,8,-3.3,-9.6,0.0,0.0,-0.276
Phil Walker,1977-78,21,WSB,40,384,9.0,-4.6,-0.3,-0.4,-0.045
Samaki Walker,1996-97,20,DAL,43,602,12.2,-4.4,-0.4,0.5,.037
Samaki Walker,1997-98,21,DAL,41,1027,14.4,-3.4,-0.4,1.4,.067
Samaki Walker,1998-99,22,DAL,39,568,12.6,-4.7,-0.4,0.6,.047
Samaki Walker,1999-00,23,SAS,71,980,13.1,-2.7,-0.2,2.0,.098
Samaki Walker,2000-01,24,SAS,61,963,12.2,-2.6,-0.1,1.9,.093
Samaki Walker,2001-02,25,LAL,69,1655,14.5,0.1,0.9,5.3,.153
Samaki Walker,2002-03,26,LAL,67,1243,11.6,-2.6,-0.2,2.1,.079
Samaki Walker,2003-04,27,MIA,33,418,10.4,-3.5,-0.2,0.7,.080
Samaki Walker,2004-05,28,WAS,14,134,3.1,-7.0,-0.2,-0.1,-0.047
Samaki Walker,2005-06,29,IND,7,22,-6.2,-12.2,-0.1,0.0,-0.091
Wally Walker,1976-77,22,POR,66,627,14.0,-3.2,-0.2,0.9,.068
Wally Walker,1977-78,23,2TM,77,1104,12.2,-1.8,0.0,1.9,.084
Wally Walker,1977-78,23,POR,9,101,9.5,-3.8,-0.1,0.1,.024
Wally Walker,1977-78,23,SEA,68,1003,12.5,-1.6,0.1,1.9,.090
Wally Walker,1978-79,24,SEA,60,969,11.6,-1.7,0.1,1.8,.087
Wally Walker,1979-80,25,SEA,70,844,12.3,-1.4,0.1,2.0,.116
Wally Walker,1980-81,26,SEA,82,1796,11.3,-2.1,-0.1,2.1,.055
Wally Walker,1981-82,27,SEA,70,1965,11.4,-1.1,0.4,3.5,.087
Wally Walker,1982-83,28,HOU,82,2251,10.1,-3.6,-0.9,0.1,.002
Wally Walker,1983-84,29,HOU,58,612,10.9,-2.5,-0.1,0.5,.041
Wally Walker,1984-85,,Did not play - other pro league,,,,,,,
John Wall,2010-11,20,WAS,69,2606,15.8,-0.8,0.8,2.2,.041
John Wall,2011-12,21,WAS,66,2386,17.7,0.7,1.6,3.5,.071
John Wall,2012-13,22,WAS,49,1602,20.8,3.9,2.4,4.5,.134
John Wall,2013-14,23,WAS,82,2980,19.5,2.7,3.6,7.9,.128
John Wall,2014-15,24,WAS,79,2837,19.9,3.6,4.0,7.8,.132
John Wall,2015-16,25,WAS,77,2784,19.8,3.5,3.9,5.7,.098
John Wall,2016-17,26,WAS,78,2836,23.2,4.7,4.8,8.8,.149
John Wall,2017-18,27,WAS,41,1410,19.1,3.0,1.8,2.7,.092
John Wall,2018-19,28,WAS,32,1104,18.0,0.9,0.8,1.2,.051
John Wall,2019-20,,Did not play - injury,,,,,,,
John Wall,2020-21,30,HOU,40,1288,15.4,-0.7,0.4,-0.2,-0.007
John Wall,2021-22,,Did not play - sat out,,,,,,,
John Wall,2022-23,32,LAC,34,755,13.6,-1.2,0.1,0.3,.020
Ben Wallace,1996-97,22,WSB,34,197,6.0,-8.3,-0.3,-0.2,-0.052
Ben Wallace,1997-98,23,WAS,67,1124,13.4,0.7,0.8,2.9,.125
Ben Wallace,1998-99,24,WAS,46,1231,16.2,1.7,1.2,3.6,.142
Ben Wallace,1999-00,25,ORL,81,1959,14.4,1.8,1.9,5.6,.138
Ben Wallace,2000-01,26,DET,80,2760,14.8,1.9,2.7,7.0,.121
Ben Wallace,2001-02,27,DET,80,2921,18.6,4.4,4.8,11.6,.190
Ben Wallace,2002-03,28,DET,73,2873,17.2,3.9,4.3,10.6,.176
Ben Wallace,2003-04,29,DET,81,3050,17.3,3.5,4.3,10.2,.160
Ben Wallace,2004-05,30,DET,74,2671,17.4,2.8,3.2,8.5,.153
Ben Wallace,2005-06,31,DET,82,2890,17.5,3.5,4.0,10.1,.168
Ben Wallace,2006-07,32,CHI,77,2697,14.6,3.4,3.7,8.2,.146
Ben Wallace,2007-08,33,2TM,72,2205,12.0,0.2,1.2,3.6,.078
Ben Wallace,2007-08,33,CHI,50,1627,11.8,0.4,1.0,2.4,.072
Ben Wallace,2007-08,33,CLE,22,578,12.4,-0.3,0.2,1.2,.097
Ben Wallace,2008-09,34,CLE,56,1314,12.2,1.6,1.2,3.8,.138
Ben Wallace,2009-10,35,DET,69,1975,15.8,1.9,1.9,4.7,.115
Ben Wallace,2010-11,36,DET,54,1238,12.3,0.0,0.6,1.9,.072
Ben Wallace,2011-12,37,DET,62,980,10.7,0.6,0.7,1.4,.070
Cason Wallace,2023-24,20,OKC,82,1692,12.0,0.1,0.9,4.0,.115
Cason Wallace,2024-25,21,OKC,68,1876,12.3,1.0,1.5,5.2,.133
Gerald Wallace,2001-02,19,SAC,54,430,13.3,-2.4,0.0,0.6,.071
Gerald Wallace,2002-03,20,SAC,47,571,12.5,-2.3,0.0,0.9,.074
Gerald Wallace,2003-04,21,SAC,37,337,10.6,-3.0,-0.1,0.4,.052
Gerald Wallace,2004-05,22,CHA,70,2147,14.1,0.2,1.2,2.4,.055
Gerald Wallace,2005-06,23,CHA,55,1895,21.3,4.9,3.2,6.4,.163
Gerald Wallace,2006-07,24,CHA,72,2640,19.8,3.7,3.7,7.7,.141
Gerald Wallace,2007-08,25,CHA,62,2376,17.5,2.1,2.5,4.6,.094
Gerald Wallace,2008-09,26,CHA,71,2669,18.6,3.5,3.7,9.5,.172
Gerald Wallace,2009-10,27,CHA,76,3119,18.3,2.7,3.7,11.5,.177
Gerald Wallace,2010-11,28,2TM,71,2693,16.2,1.5,2.4,6.2,.111
Gerald Wallace,2010-11,28,CHA,48,1872,15.0,0.4,1.1,3.6,.092
Gerald Wallace,2010-11,28,POR,23,821,18.9,3.9,1.2,2.6,.153
Gerald Wallace,2011-12,29,2TM,58,2076,15.9,1.0,1.6,4.8,.112
Gerald Wallace,2011-12,29,POR,42,1503,15.5,0.9,1.1,3.5,.111
Gerald Wallace,2011-12,29,NJN,16,573,17.2,1.3,0.5,1.4,.113
Gerald Wallace,2012-13,30,BRK,69,2076,11.6,0.7,1.3,3.1,.072
Gerald Wallace,2013-14,31,BOS,58,1416,10.0,-0.8,0.4,1.3,.043
Gerald Wallace,2014-15,32,BOS,32,286,6.2,-3.1,-0.1,0.1,.014
John Wallace,1996-97,22,NYK,68,787,13.0,-1.3,0.1,1.6,.095
John Wallace,1997-98,23,TOR,82,2361,14.8,-3.0,-0.6,1.5,.031
John Wallace,1998-99,24,TOR,48,812,15.9,-2.2,-0.1,1.0,.061
John Wallace,1999-00,25,NYK,60,798,13.3,-2.8,-0.2,1.0,.061
John Wallace,2000-01,26,DET,40,527,11.2,-3.6,-0.2,0.3,.027
John Wallace,2001-02,27,PHO,46,490,13.7,-2.6,-0.1,0.7,.071
John Wallace,2002-03,,Did not play - other pro league,,,,,,,
John Wallace,2003-04,29,MIA,37,368,11.6,-2.6,-0.1,0.3,.039
Keaton Wallace,2024-25,25,ATL,31,501,10.1,-2.3,0.0,0.4,.034
Rasheed Wallace,1995-96,21,WSB,65,1788,11.8,-1.4,0.3,2.3,.063
Rasheed Wallace,1996-97,22,POR,62,1892,18.4,1.3,1.6,6.4,.163
Rasheed Wallace,1997-98,23,POR,77,2896,14.9,1.2,2.4,7.6,.125
Rasheed Wallace,1998-99,24,POR,49,1414,16.7,2.0,1.4,5.0,.169
Rasheed Wallace,1999-00,25,POR,81,2845,18.1,2.2,3.0,9.3,.156
Rasheed Wallace,2000-01,26,POR,77,2940,20.9,4.4,4.8,11.0,.180
Rasheed Wallace,2001-02,27,POR,79,2963,19.3,3.0,3.7,9.7,.158
Rasheed Wallace,2002-03,28,POR,74,2684,18.5,2.5,3.1,8.5,.151
Rasheed Wallace,2003-04,29,3TM,68,2390,17.8,2.3,2.6,6.2,.125
Rasheed Wallace,2003-04,29,POR,45,1675,17.5,1.5,1.5,3.9,.111
Rasheed Wallace,2003-04,29,ATL,1,42,13.7,-3.3,0.0,-0.1,-0.068
Rasheed Wallace,2003-04,29,DET,22,673,18.8,4.6,1.1,2.4,.171
Rasheed Wallace,2004-05,30,DET,79,2687,16.4,1.5,2.3,7.1,.127
Rasheed Wallace,2005-06,31,DET,80,2780,17.6,3.7,4.0,8.9,.154
Rasheed Wallace,2006-07,32,DET,75,2419,15.7,2.0,2.5,6.2,.123
Rasheed Wallace,2007-08,33,DET,77,2346,17.2,4.1,3.6,7.6,.155
Rasheed Wallace,2008-09,34,DET,66,2123,14.9,2.0,2.1,5.1,.114
Rasheed Wallace,2009-10,35,BOS,79,1780,13.1,0.0,0.9,3.6,.096
Rasheed Wallace,2010-11,,Did not play - retired,,,,,,,
Rasheed Wallace,2011-12,,Did not play - retired,,,,,,,
Rasheed Wallace,2012-13,38,NYK,21,296,16.7,-1.0,0.1,0.6,.101
Red Wallace,1946-47,28,2TM,61,,,,,1.9,
Red Wallace,1946-47,28,BOS,24,,,,,-0.5,
Red Wallace,1946-47,28,TRH,37,,,,,2.4,
Tyrone Wallace,2017-18,23,LAC,30,851,10.1,-3.5,-0.3,0.7,.042
Tyrone Wallace,2018-19,24,LAC,62,628,7.0,-6.4,-0.7,-0.3,-0.023
Tyrone Wallace,2019-20,25,ATL,14,160,3.9,-8.7,-0.3,-0.2,-0.075
Tyrone Wallace,2020-21,,Did not play - other pro league,,,,,,,
Tyrone Wallace,2021-22,27,NOP,6,75,2.5,-8.2,-0.1,-0.1,-0.057
Dwight Waller,1968-69,23,ATL,11,29,2.3,,,-0.1,-0.134
Dwight Waller,1969-70,24,DNR,7,87,7.9,,,0.1,.077
Dwight Waller,1970-71,,Did not play - other,,,,,,,
Dwight Waller,1971-72,26,DNR,2,10,13.1,,,0.0,.133
Jamie Waller,1987-88,23,NJN,9,91,7.1,-7.1,-0.1,-0.2,-0.097
Jim Walsh,1957-58,27,PHW,10,72,5.0,,,-0.2,-0.106
Jordan Walsh,2023-24,19,BOS,9,83,8.4,-3.8,0.0,0.2,.089
Jordan Walsh,2024-25,20,BOS,52,403,6.9,-3.9,-0.2,0.4,.044
Matt Walsh,2005-06,23,MIA,2,3,-2.4,-15.7,0.0,0.0,-0.642
Ja'Kobe Walter,2024-25,20,TOR,52,1103,10.8,-3.0,-0.3,1.2,.052
Rex Walters,1993-94,23,NJN,48,386,16.2,0.3,0.2,1.2,.149
Rex Walters,1994-95,24,NJN,80,1435,10.2,-2.9,-0.3,1.6,.052
Rex Walters,1995-96,25,2TM,44,610,12.8,-1.5,0.1,0.9,.068
Rex Walters,1995-96,25,NJN,11,87,10.3,-1.6,0.0,0.0,.017
Rex Walters,1995-96,25,PHI,33,523,13.2,-1.5,0.1,0.8,.076
Rex Walters,1996-97,26,PHI,59,1041,13.0,-0.9,0.3,1.6,.073
Rex Walters,1997-98,27,2TM,38,235,11.8,-1.6,0.0,0.4,.073
Rex Walters,1997-98,27,PHI,19,127,9.7,-3.6,-0.1,0.1,.022
Rex Walters,1997-98,27,MIA,19,108,14.2,0.7,0.1,0.3,.134
Rex Walters,1998-99,28,MIA,33,506,6.9,-2.7,-0.1,0.5,.046
Rex Walters,1999-00,29,MIA,33,389,8.0,-4.4,-0.2,0.3,.034
Paul Walther,1949-50,22,2TM,53,,,,,2.2,
Paul Walther,1949-50,22,MNL,22,,,,,0.8,
Paul Walther,1949-50,22,INO,31,,,,,1.4,
Paul Walther,1950-51,23,INO,63,,,,,2.0,
Paul Walther,1951-52,24,INO,55,1903,15.7,,,6.6,.167
Paul Walther,1952-53,25,INO,67,2468,13.2,,,5.2,.100
Paul Walther,1953-54,26,PHW,64,2067,10.9,,,3.1,.071
Paul Walther,1954-55,27,FTW,68,820,11.1,,,1.3,.074
Isaac Walthour,1953-54,23,MLH,4,30,-5.4,,,-0.1,-0.165
Bill Walton,1974-75,22,POR,35,1153,20.0,5.1,2.1,3.6,.151
Bill Walton,1975-76,23,POR,51,1687,19.5,3.1,2.2,3.8,.109
Bill Walton,1976-77,24,POR,65,2264,22.9,6.7,5.0,10.2,.215
Bill Walton,1977-78,25,POR,58,1929,24.8,8.1,4.9,8.4,.209
Bill Walton,1978-79,,Did not play - injury,,,,,,,
Bill Walton,1979-80,27,SDC,14,337,22.2,3.0,0.5,0.8,.108
Bill Walton,1980-81,,Did not play - injury,,,,,,,
Bill Walton,1981-82,,Did not play - injury,,,,,,,
Bill Walton,1982-83,30,SDC,33,1099,18.0,2.9,1.4,2.0,.086
Bill Walton,1983-84,31,SDC,55,1476,17.9,2.6,1.7,2.3,.074
Bill Walton,1984-85,32,LAC,67,1647,17.8,2.2,1.7,3.3,.097
Bill Walton,1985-86,33,BOS,80,1546,17.0,3.0,2.0,5.0,.157
Bill Walton,1986-87,34,BOS,10,112,5.6,-4.1,-0.1,-0.1,-0.047
Bill Walton,1987-88,,Did not play - injury,,,,,,,
Derrick Walton,2017-18,22,MIA,16,147,11.2,1.3,0.1,0.4,.128
Derrick Walton,2018-19,,Did not play - other pro league,,,,,,,
Derrick Walton,2019-20,24,2TM,26,248,8.7,-1.0,0.1,0.6,.111
Derrick Walton,2019-20,24,LAC,23,222,8.4,-1.3,0.0,0.5,.112
Derrick Walton,2019-20,24,DET,3,26,11.3,1.8,0.0,0.1,.105
Derrick Walton,2020-21,,Did not play - other pro league,,,,,,,
Derrick Walton,2021-22,26,DET,3,108,5.9,-4.3,-0.1,-0.2,-0.071
Lloyd Walton,1976-77,23,MIL,53,678,14.5,-0.3,0.3,1.1,.078
Lloyd Walton,1977-78,24,MIL,76,1264,11.3,-1.4,0.2,1.1,.040
Lloyd Walton,1978-79,25,MIL,75,1381,12.4,-0.7,0.5,1.9,.067
Lloyd Walton,1979-80,26,MIL,76,1243,9.6,-2.4,-0.1,1.1,.041
Lloyd Walton,1980-81,27,KCK,61,821,9.9,-3.0,-0.2,0.1,.005
Luke Walton,2003-04,23,LAL,72,730,12.7,0.9,0.5,1.6,.103
Luke Walton,2004-05,24,LAL,61,768,11.4,-1.6,0.1,0.5,.031
Luke Walton,2005-06,25,LAL,69,1333,11.6,-1.1,0.3,2.0,.071
Luke Walton,2006-07,26,LAL,60,1982,14.7,0.4,1.2,3.8,.092
Luke Walton,2007-08,27,LAL,74,1729,12.3,-0.3,0.7,3.2,.088
Luke Walton,2008-09,28,LAL,65,1166,11.3,-1.0,0.3,2.0,.083
Luke Walton,2009-10,29,LAL,29,272,9.7,-2.3,0.0,0.3,.047
Luke Walton,2010-11,30,LAL,54,484,5.1,-5.0,-0.4,-0.2,-0.016
Luke Walton,2011-12,31,2TM,30,364,3.4,-7.1,-0.5,-0.4,-0.050
Luke Walton,2011-12,31,LAL,9,65,8.9,-1.5,0.0,0.1,.072
Luke Walton,2011-12,31,CLE,21,299,2.2,-8.4,-0.5,-0.5,-0.076
Luke Walton,2012-13,32,CLE,50,857,11.3,-1.0,0.2,0.8,.045
Brad Wanamaker,2018-19,29,BOS,36,343,14.3,-0.7,0.1,1.0,.134
Brad Wanamaker,2019-20,30,BOS,71,1369,12.8,-0.6,0.5,3.5,.124
Brad Wanamaker,2020-21,31,2TM,61,1053,9.5,-4.0,-0.5,0.9,.039
Brad Wanamaker,2020-21,31,GSW,39,625,8.5,-3.5,-0.2,0.5,.036
Brad Wanamaker,2020-21,31,CHO,22,428,10.9,-4.8,-0.3,0.4,.044
Brad Wanamaker,2021-22,32,2TM,23,320,7.5,-5.8,-0.3,0.0,.004
Brad Wanamaker,2021-22,32,IND,22,293,6.5,-6.6,-0.3,-0.1,-0.016
Brad Wanamaker,2021-22,32,WAS,1,27,18.1,2.9,0.0,0.1,.216
Bobby Wanzer,1948-49,27,ROC,60,,,,,7.0,
Bobby Wanzer,1949-50,28,ROC,68,,,,,10.5,
Bobby Wanzer,1950-51,29,ROC,68,,,,,6.9,
Bobby Wanzer,1951-52,30,ROC,66,2498,20.0,,,11.4,.218
Bobby Wanzer,1952-53,31,ROC,70,2577,17.2,,,7.9,.147
Bobby Wanzer,1953-54,32,ROC,72,2538,18.0,,,9.1,.172
Bobby Wanzer,1954-55,33,ROC,72,2376,16.3,,,5.4,.109
Bobby Wanzer,1955-56,34,ROC,72,1980,14.0,,,4.8,.117
Bobby Wanzer,1956-57,35,ROC,21,159,20.7,,,1.0,.300
Perry Warbington,1974-75,22,PHI,5,70,3.1,-6.6,-0.2,-0.3,-0.178
Charlie Ward,1994-95,24,NYK,10,44,-2.1,-15.0,-0.1,-0.2,-0.258
Charlie Ward,1995-96,25,NYK,62,787,12.0,0.0,0.4,1.0,.064
Charlie Ward,1996-97,26,NYK,79,1763,11.1,0.4,1.1,3.6,.099
Charlie Ward,1997-98,27,NYK,82,2317,15.6,4.1,3.6,7.1,.148
Charlie Ward,1998-99,28,NYK,50,1556,13.2,1.7,1.5,3.1,.094
Charlie Ward,1999-00,29,NYK,72,1986,13.6,2.8,2.4,5.5,.133
Charlie Ward,2000-01,30,NYK,61,1492,14.5,2.1,1.5,3.9,.127
Charlie Ward,2001-02,31,NYK,63,1058,14.5,2.0,1.1,1.9,.087
Charlie Ward,2002-03,32,NYK,66,1465,15.9,2.4,1.6,3.7,.121
Charlie Ward,2003-04,33,2TM,71,1252,14.5,2.3,1.4,2.9,.110
Charlie Ward,2003-04,33,NYK,35,827,17.5,4.1,1.3,2.3,.134
Charlie Ward,2003-04,33,SAS,36,425,8.7,-1.1,0.1,0.6,.064
Charlie Ward,2004-05,34,HOU,14,360,8.7,-0.5,0.1,0.5,.061
Gerry Ward,1963-64,22,STL,24,139,7.0,,,-0.1,-0.049
Gerry Ward,1964-65,23,BOS,3,30,-4.7,,,-0.2,-0.366
Gerry Ward,1965-66,24,PHI,66,838,4.1,,,0.4,.022
Gerry Ward,1966-67,25,CHI,76,1042,8.9,,,1.0,.045
Henry Ward,1975-76,24,SAA,61,688,11.5,-4.0,-0.3,0.7,.048
Henry Ward,1976-77,25,SAS,27,171,10.3,-6.1,-0.2,-0.1,-0.023
Casper Ware,2013-14,24,PHI,9,116,13.0,-2.4,0.0,0.2,.071
Jim Ware,1966-67,22,CIN,33,201,6.1,,,-0.5,-0.127
Jim Ware,1967-68,23,SDR,30,228,6.4,,,-0.6,-0.124
Jim Ware,1968-69,24,DLC,1,15,22.6,,,0.1,.261
Kel'el Ware,2024-25,20,MIA,64,1422,17.4,-0.1,0.7,4.1,.140
Ben Warley,1960-61,,Did not play - other pro league,,,,,,,
Ben Warley,1961-62,,Did not play - other pro league,,,,,,,
Ben Warley,1962-63,26,SYR,26,206,16.8,,,0.5,.117
Ben Warley,1963-64,27,PHI,79,1740,13.5,,,3.8,.104
Ben Warley,1964-65,28,PHI,64,900,11.2,,,1.5,.080
Ben Warley,1965-66,29,2TM,57,773,9.6,,,0.6,.034
Ben Warley,1965-66,29,PHI,1,6,5.2,,,0.0,-0.091
Ben Warley,1965-66,29,BAL,56,767,9.6,,,0.6,.035
Ben Warley,1966-67,30,BAL,62,1037,11.7,,,1.7,.078
Ben Warley,1967-68,31,ANA,71,2297,18.2,,,6.3,.132
Ben Warley,1968-69,32,LAS,35,876,15.5,,,1.4,.075
Ben Warley,1969-70,33,DNR,42,475,9.6,,,0.8,.077
Bob Warlick,1965-66,24,DET,10,78,5.9,,,-0.2,-0.145
Bob Warlick,1966-67,25,SFW,12,65,10.4,,,-0.3,-0.207
Bob Warlick,1967-68,26,SFW,69,1320,12.5,,,1.4,.050
Bob Warlick,1968-69,27,2TM,66,997,13.2,,,0.2,.011
Bob Warlick,1968-69,27,MIL,3,22,0.0,,,-0.1,-0.176
Bob Warlick,1968-69,27,PHO,63,975,13.5,,,0.3,.016
Bob Warlick,1969-70,28,LAS,29,711,9.7,,,-0.3,-0.023
Cornell Warner,1970-71,22,BUF,65,1293,11.1,,,0.6,.024
Cornell Warner,1971-72,23,BUF,62,1239,11.8,,,0.6,.025
Cornell Warner,1972-73,24,2TM,72,1370,11.9,,,1.7,.059
Cornell Warner,1972-73,24,BUF,4,47,14.5,,,0.0,.036
Cornell Warner,1972-73,24,CLE,68,1323,11.8,,,1.7,.060
Cornell Warner,1973-74,25,2TM,72,1405,11.9,-1.0,0.3,3.5,.119
Cornell Warner,1973-74,25,CLE,5,49,6.4,-4.6,-0.1,-0.1,-0.061
Cornell Warner,1973-74,25,MIL,67,1356,12.1,-0.9,0.4,3.5,.125
Cornell Warner,1974-75,26,MIL,79,2519,11.4,-1.1,0.6,4.7,.090
Cornell Warner,1975-76,27,LAL,81,2512,10.2,-1.7,0.2,4.3,.083
Cornell Warner,1976-77,28,LAL,14,170,12.4,-3.2,-0.1,0.3,.091
Jameel Warney,2017-18,24,DAL,3,27,22.6,-0.2,0.0,0.1,.157
Bob Warren,1968-69,22,LAS,76,2045,13.6,,,4.9,.115
Bob Warren,1969-70,23,LAS,72,1672,11.7,,,2.3,.066
Bob Warren,1970-71,24,MMP,46,763,16.0,,,1.6,.103
Bob Warren,1971-72,25,2TM,75,1801,14.1,,,4.0,.106
Bob Warren,1971-72,25,MMP,38,1300,16.0,,,3.4,.125
Bob Warren,1971-72,25,CAR,37,501,9.4,,,0.6,.057
Bob Warren,1972-73,26,3TM,77,1571,13.2,,,4.8,.147
Bob Warren,1972-73,26,CAR,17,353,12.4,,,1.1,.154
Bob Warren,1972-73,26,DLC,9,172,9.3,,,0.2,.059
Bob Warren,1972-73,26,UTS,51,1046,14.1,,,3.5,.160
Bob Warren,1973-74,27,2TM,59,799,11.6,-1.4,0.1,0.9,.056
Bob Warren,1973-74,27,UTS,23,313,12.7,-2.0,0.0,0.1,.019
Bob Warren,1973-74,27,SAA,36,486,10.9,-1.0,0.1,0.8,.080
Bob Warren,1974-75,28,SAA,71,992,10.8,-1.1,0.2,1.6,.077
Bob Warren,1975-76,29,SDS,10,265,13.6,-0.1,0.1,0.6,.102
John Warren,1969-70,22,NYK,44,272,9.8,,,0.3,.060
John Warren,1970-71,23,CLE,82,2610,11.4,,,1.7,.031
John Warren,1971-72,24,CLE,68,969,9.9,,,0.5,.026
John Warren,1972-73,25,CLE,40,290,14.0,,,0.8,.136
John Warren,1973-74,26,CLE,69,790,11.3,-2.6,-0.1,0.9,.054
T.J. Warren,2014-15,21,PHO,40,614,14.0,-0.9,0.2,1.1,.085
T.J. Warren,2015-16,22,PHO,47,1070,15.7,-0.5,0.4,2.2,.101
T.J. Warren,2016-17,23,PHO,66,2048,15.6,-0.6,0.7,4.1,.096
T.J. Warren,2017-18,24,PHO,65,2142,17.6,-0.7,0.7,3.4,.077
T.J. Warren,2018-19,25,PHO,43,1360,16.3,-0.2,0.6,2.1,.074
T.J. Warren,2019-20,26,IND,67,2202,18.4,1.1,1.7,6.5,.143
T.J. Warren,2020-21,27,IND,4,117,11.6,-5.5,-0.1,0.1,.045
T.J. Warren,2021-22,,Did not play - injury,,,,,,,
T.J. Warren,2022-23,29,2TM,42,687,13.5,-2.0,0.0,1.2,.081
T.J. Warren,2022-23,29,BRK,26,490,14.3,-2.0,0.0,0.8,.081
T.J. Warren,2022-23,29,PHO,16,197,11.6,-1.9,0.0,0.3,.080
T.J. Warren,2023-24,30,MIN,11,125,9.2,-4.5,-0.1,0.2,.060
Willie Warren,2010-11,21,LAC,19,134,10.8,-2.7,0.0,0.2,.065
Bryan Warrick,1982-83,23,WSB,43,727,6.5,-4.3,-0.4,0.1,.008
Bryan Warrick,1983-84,24,WSB,32,254,6.9,-4.1,-0.1,0.0,-0.008
Bryan Warrick,1984-85,25,LAC,58,713,10.5,-3.3,-0.2,0.5,.035
Bryan Warrick,1985-86,26,2TM,36,685,11.1,-2.1,0.0,1.0,.071
Bryan Warrick,1985-86,26,MIL,5,27,8.4,-1.7,0.0,0.0,-0.038
Bryan Warrick,1985-86,26,IND,31,658,11.2,-2.2,0.0,1.0,.075
Hakim Warrick,2005-06,23,MEM,68,724,11.0,-5.0,-0.5,0.8,.053
Hakim Warrick,2006-07,24,MEM,82,2152,15.9,-2.0,0.0,3.7,.082
Hakim Warrick,2007-08,25,MEM,75,1754,16.2,-1.9,0.0,3.3,.090
Hakim Warrick,2008-09,26,MEM,82,2029,16.9,-0.7,0.7,4.7,.111
Hakim Warrick,2009-10,27,2TM,76,1557,15.6,-1.3,0.3,4.0,.124
Hakim Warrick,2009-10,27,MIL,48,1024,15.6,-1.0,0.3,2.5,.119
Hakim Warrick,2009-10,27,CHI,28,533,15.7,-1.9,0.0,1.5,.133
Hakim Warrick,2010-11,28,PHO,80,1416,16.5,-1.0,0.3,3.4,.116
Hakim Warrick,2011-12,29,PHO,35,503,13.1,-2.7,-0.1,0.5,.050
Hakim Warrick,2012-13,30,2TM,28,489,11.5,-4.8,-0.3,0.0,-0.001
Hakim Warrick,2012-13,30,NOH,1,7,28.8,14.0,0.0,0.1,.353
Hakim Warrick,2012-13,30,CHA,27,482,11.3,-5.1,-0.4,-0.1,-0.007
Hakim Warrick,2013-14,,Did not play - other pro league,,,,,,,
Chris Washburn,1986-87,21,GSW,35,385,5.4,-9.0,-0.7,-0.8,-0.100
Chris Washburn,1987-88,22,2TM,37,260,10.9,-5.0,-0.2,0.2,.035
Chris Washburn,1987-88,22,GSW,8,86,8.3,-7.2,-0.1,-0.1,-0.036
Chris Washburn,1987-88,22,ATL,29,174,12.2,-3.9,-0.1,0.3,.070
Chris Washburn,1988-89,,Did not play - rehab,,,,,,,
Chris Washburn,1989-90,,Did not play - permanently banned,,,,,,,
Julian Washburn,2018-19,27,MEM,18,254,6.5,-4.6,-0.2,0.1,.023
Bobby Washington,1969-70,22,KEN,2,5,-17.6,,,0.0,-0.223
Bobby Washington,1970-71,23,CLE,47,823,15.2,,,0.7,.041
Bobby Washington,1971-72,24,CLE,69,967,13.9,,,1.5,.073
Darius Washington,2007-08,22,SAS,18,146,9.0,-4.7,-0.1,0.0,.012
Don Washington,1974-75,22,DNA,50,438,9.2,-5.3,-0.4,0.2,.022
Don Washington,1975-76,23,UTS,6,58,12.2,-3.2,0.0,0.2,.126
Duane Washington,1987-88,23,NJN,15,156,16.1,2.0,0.2,0.4,.138
Duane Washington,1988-89,,Did not play - suspended,,,,,,,
Duane Washington,1989-90,,Did not play - suspended,,,,,,,
Duane Washington,1990-91,,Did not play - other pro league,,,,,,,
Duane Washington,1991-92,,Did not play - other pro league,,,,,,,
Duane Washington,1992-93,28,LAC,4,28,-2.1,-8.6,0.0,-0.1,-0.167
Duane Washington Jr.,2021-22,21,IND,48,968,10.2,-4.7,-0.7,0.0,-0.002
Duane Washington Jr.,2022-23,22,PHO,31,394,9.3,-4.6,-0.3,-0.5,-0.065
Duane Washington Jr.,2023-24,,Did not play - other pro league,,,,,,,
Eric Washington,1997-98,23,DEN,66,1539,9.6,-4.1,-0.8,-0.3,-0.008
Eric Washington,1998-99,24,DEN,38,761,9.5,-2.3,-0.1,0.3,.022
Jim Washington,1965-66,22,STL,65,1104,10.0,,,0.5,.023
Jim Washington,1966-67,23,CHI,77,1475,11.4,,,1.3,.041
Jim Washington,1967-68,24,CHI,82,2525,14.7,,,4.9,.093
Jim Washington,1968-69,25,CHI,80,2705,14.7,,,5.4,.097
Jim Washington,1969-70,26,PHI,79,2459,13.0,,,5.5,.107
Jim Washington,1970-71,27,PHI,78,2501,14.3,,,6.7,.129
Jim Washington,1971-72,28,2TM,84,2961,12.0,,,4.3,.070
Jim Washington,1971-72,28,PHI,17,545,11.5,,,0.9,.084
Jim Washington,1971-72,28,ATL,67,2416,12.2,,,3.4,.067
Jim Washington,1972-73,29,ATL,75,2833,10.7,,,3.6,.060
Jim Washington,1973-74,30,ATL,73,2519,11.9,-0.6,0.9,4.7,.090
Jim Washington,1974-75,31,2TM,80,1579,10.8,-1.1,0.4,2.4,.072
Jim Washington,1974-75,31,ATL,38,905,10.9,-0.7,0.3,1.3,.071
Jim Washington,1974-75,31,BUF,42,674,10.6,-1.6,0.1,1.0,.074
Jim Washington,1975-76,32,BUF,1,7,3.7,-4.5,0.0,0.0,-0.017
Kermit Washington,1973-74,22,LAL,45,400,15.6,-1.8,0.0,0.8,.099
Kermit Washington,1974-75,23,LAL,55,949,12.0,-3.1,-0.3,0.9,.046
Kermit Washington,1975-76,24,LAL,36,492,11.6,-2.0,0.0,0.9,.087
Kermit Washington,1976-77,25,LAL,53,1342,16.0,-0.6,0.5,4.3,.153
Kermit Washington,1977-78,26,2TM,57,1617,17.4,0.8,1.1,5.3,.158
Kermit Washington,1977-78,26,LAL,25,751,15.1,-1.4,0.1,1.7,.111
Kermit Washington,1977-78,26,BOS,32,866,19.3,2.7,1.0,3.6,.199
Kermit Washington,1978-79,27,SDC,82,2764,15.0,0.9,2.0,6.9,.120
Kermit Washington,1979-80,28,POR,80,2657,18.2,1.9,2.6,9.1,.165
Kermit Washington,1980-81,29,POR,73,2120,17.4,1.7,2.0,6.8,.153
Kermit Washington,1981-82,30,POR,20,418,11.7,-0.6,0.2,0.8,.095
Kermit Washington,1982-83,,Did not play - retired,,,,,,,
Kermit Washington,1983-84,,Did not play - retired,,,,,,,
Kermit Washington,1984-85,,Did not play - retired,,,,,,,
Kermit Washington,1985-86,,Did not play - retired,,,,,,,
Kermit Washington,1986-87,,Did not play - retired,,,,,,,
Kermit Washington,1987-88,36,GSW,6,56,12.9,-2.7,0.0,0.1,.082
P.J. Washington,2019-20,21,CHO,58,1759,12.4,-1.6,0.2,2.0,.054
P.J. Washington,2020-21,22,CHO,64,1954,13.4,-0.9,0.6,2.7,.066
P.J. Washington,2021-22,23,CHO,65,1768,13.6,-0.1,0.9,3.4,.091
P.J. Washington,2022-23,24,CHO,73,2380,12.9,-1.3,0.4,2.6,.052
P.J. Washington,2023-24,25,2TM,73,2221,12.2,-2.1,-0.1,1.9,.040
P.J. Washington,2023-24,25,CHO,44,1286,13.0,-2.8,-0.3,0.8,.028
P.J. Washington,2023-24,25,DAL,29,935,11.0,-1.2,0.2,1.1,.056
P.J. Washington,2024-25,26,DAL,57,1835,14.0,-0.9,0.5,2.4,.062
Pearl Washington,1986-87,23,NJN,72,1600,11.5,-2.0,0.0,0.7,.022
Pearl Washington,1987-88,24,NJN,68,1379,13.1,-1.9,0.0,0.7,.025
Pearl Washington,1988-89,25,MIA,54,1065,13.0,-1.1,0.3,0.5,.021
Richard Washington,1976-77,21,KCK,82,2265,14.2,-3.1,-0.6,3.2,.068
Richard Washington,1977-78,22,KCK,78,2231,14.2,-1.3,0.4,3.9,.085
Richard Washington,1978-79,23,KCK,18,161,5.3,-4.7,-0.1,0.0,-0.006
Richard Washington,1979-80,24,MIL,75,1092,12.3,-2.6,-0.2,2.0,.089
Richard Washington,1980-81,25,2TM,80,1812,13.6,-2.2,-0.1,2.1,.056
Richard Washington,1980-81,25,DAL,11,307,11.5,-3.8,-0.2,0.1,.013
Richard Washington,1980-81,25,CLE,69,1505,14.1,-1.9,0.0,2.0,.065
Richard Washington,1981-82,26,CLE,18,313,7.1,-7.1,-0.5,-0.5,-0.072
Richard Washington,1982-83,,Did not play - injury,,,,,,,
Stan Washington,1974-75,23,WSB,1,4,-10.3,-5.0,0.0,0.0,-0.195
Trooper Washington,1967-68,23,PTP,63,1844,19.9,,,6.0,.157
Trooper Washington,1968-69,24,MNP,69,2625,16.9,,,8.3,.152
Trooper Washington,1969-70,25,2TM,81,2353,16.0,,,6.9,.140
Trooper Washington,1969-70,25,PTP,44,1249,15.8,,,3.4,.130
Trooper Washington,1969-70,25,LAS,37,1104,16.2,,,3.5,.152
Trooper Washington,1970-71,26,FLO,57,1876,11.0,,,3.4,.087
Trooper Washington,1971-72,27,NYA,80,2510,14.1,,,6.3,.121
Trooper Washington,1972-73,28,NYA,76,2027,10.0,,,2.2,.051
TyTy Washington Jr.,2022-23,21,HOU,31,433,7.5,-6.3,-0.5,-0.1,-0.016
TyTy Washington Jr.,2023-24,22,MIL,11,56,4.6,-8.2,-0.1,-0.1,-0.072
TyTy Washington Jr.,2024-25,23,PHO,16,118,6.5,-8.0,-0.2,-0.2,-0.065
Wilson Washington,1977-78,22,2TM,38,561,11.4,-3.1,-0.2,0.3,.026
Wilson Washington,1977-78,22,PHI,14,38,5.5,-5.8,-0.1,-0.1,-0.184
Wilson Washington,1977-78,22,NJN,24,523,11.9,-2.9,-0.1,0.4,.041
Wilson Washington,1978-79,23,NJN,62,1139,12.9,-2.1,0.0,1.8,.077
Yuta Watanabe,2018-19,24,MEM,15,174,3.3,-9.1,-0.3,-0.2,-0.065
Yuta Watanabe,2019-20,25,MEM,18,105,11.2,-1.7,0.0,0.1,.065
Yuta Watanabe,2020-21,26,TOR,50,723,12.2,-0.7,0.2,1.5,.102
Yuta Watanabe,2021-22,27,TOR,38,445,11.5,-2.0,0.0,0.7,.075
Yuta Watanabe,2022-23,28,BRK,58,928,12.1,-0.6,0.3,2.1,.111
Yuta Watanabe,2023-24,29,2TM,34,464,4.7,-6.4,-0.5,-0.1,-0.009
Yuta Watanabe,2023-24,29,PHO,29,382,5.4,-6.0,-0.4,0.0,.004
Yuta Watanabe,2023-24,29,MEM,5,82,1.5,-8.6,-0.1,-0.1,-0.074
Lindy Waters III,2021-22,24,OKC,25,465,13.0,-1.6,0.1,0.8,.081
Lindy Waters III,2022-23,25,OKC,41,531,11.8,0.1,0.3,1.1,.101
Lindy Waters III,2023-24,26,OKC,38,280,15.3,1.9,0.3,0.9,.150
Lindy Waters III,2024-25,27,2TM,52,778,8.8,-2.8,-0.2,1.0,.062
Lindy Waters III,2024-25,27,GSW,38,655,8.4,-3.1,-0.2,0.8,.057
Lindy Waters III,2024-25,27,DET,14,123,11.0,-1.2,0.0,0.2,.086
Tremont Waters,2019-20,22,BOS,11,119,4.3,-7.5,-0.2,-0.3,-0.103
Tremont Waters,2020-21,23,BOS,26,238,14.6,0.3,0.1,0.4,.080
Tremont Waters,2021-22,24,2TM,3,50,5.4,-7.7,-0.1,0.0,-0.042
Tremont Waters,2021-22,24,TOR,2,42,5.1,-8.1,-0.1,-0.1,-0.061
Tremont Waters,2021-22,24,WAS,1,8,7.3,-5.4,0.0,0.0,.058
Trendon Watford,2021-22,21,POR,48,869,15.8,-1.7,0.1,1.9,.104
Trendon Watford,2022-23,22,POR,62,1182,13.6,-1.8,0.1,2.1,.084
Trendon Watford,2023-24,23,BRK,63,856,15.7,-0.5,0.3,1.8,.100
Trendon Watford,2024-25,24,BRK,44,913,13.0,-3.1,-0.3,0.7,.038
Darryl Watkins,2007-08,23,SAC,9,71,0.5,-11.8,-0.2,-0.2,-0.136
Darryl Watkins,2008-09,,Did not play - other pro league,,,,,,,
Darryl Watkins,2009-10,,Did not play - waived,,,,,,,
Darryl Watkins,2010-11,,Did not play - other pro league,,,,,,,
Darryl Watkins,2011-12,27,NOH,5,98,10.8,-3.9,0.0,0.1,.056
Anton Watson,2024-25,24,NYK,9,22,5.9,-10.1,0.0,0.0,-0.070
Bobby Watson,1954-55,24,2TM,63,702,8.0,,,-0.1,-0.007
Bobby Watson,1954-55,24,MNL,50,546,8.9,,,0.3,.024
Bobby Watson,1954-55,24,MLH,13,156,4.7,,,-0.4,-0.117
C.J. Watson,2007-08,23,GSW,32,368,11.0,-2.8,-0.1,0.4,.056
C.J. Watson,2008-09,24,GSW,77,1883,14.2,-0.5,0.7,3.3,.084
C.J. Watson,2009-10,25,GSW,65,1788,13.8,-0.4,0.7,3.1,.082
C.J. Watson,2010-11,26,CHI,82,1091,12.8,-0.3,0.5,2.1,.093
C.J. Watson,2011-12,27,CHI,49,1159,13.3,-0.3,0.5,2.6,.109
C.J. Watson,2012-13,28,BRK,80,1521,13.9,0.9,1.1,3.8,.120
C.J. Watson,2013-14,29,IND,63,1193,13.0,1.3,1.0,3.2,.130
C.J. Watson,2014-15,30,IND,57,1422,15.4,1.3,1.2,4.0,.135
C.J. Watson,2015-16,31,ORL,33,656,8.6,-3.0,-0.2,0.6,.047
C.J. Watson,2016-17,32,ORL,62,1012,9.3,-3.6,-0.4,0.9,.041
Earl Watson,2001-02,22,SEA,64,964,11.6,-0.2,0.4,1.5,.076
Earl Watson,2002-03,23,MEM,79,1366,14.6,0.5,0.9,2.3,.080
Earl Watson,2003-04,24,MEM,81,1669,12.8,-1.0,0.4,1.8,.052
Earl Watson,2004-05,25,MEM,80,1808,13.1,-0.7,0.6,2.3,.062
Earl Watson,2005-06,26,2TM,70,1578,14.6,0.2,0.9,2.7,.081
Earl Watson,2005-06,26,DEN,46,975,12.8,-0.1,0.4,1.6,.080
Earl Watson,2005-06,26,SEA,24,603,17.3,0.8,0.4,1.1,.084
Earl Watson,2006-07,27,SEA,77,2152,13.5,-0.7,0.7,2.0,.044
Earl Watson,2007-08,28,SEA,78,2269,14.6,-0.9,0.6,2.9,.061
Earl Watson,2008-09,29,OKC,68,1776,9.5,-4.6,-1.2,-0.2,-0.005
Earl Watson,2009-10,30,IND,79,2322,10.9,-2.3,-0.2,2.6,.055
Earl Watson,2010-11,31,UTA,80,1567,10.2,-2.1,-0.1,1.0,.030
Earl Watson,2011-12,32,UTA,50,1033,9.5,-1.4,0.2,0.4,.018
Earl Watson,2012-13,33,UTA,48,829,7.7,-3.5,-0.3,0.0,.001
Earl Watson,2013-14,34,POR,24,161,2.1,-6.7,-0.2,-0.1,-0.018
Jamie Watson,1994-95,22,UTA,60,673,9.6,-1.6,0.1,0.8,.055
Jamie Watson,1995-96,23,UTA,16,217,6.9,-2.9,0.0,0.1,.020
Jamie Watson,1996-97,24,2TM,23,340,10.4,-0.2,0.2,0.3,.046
Jamie Watson,1996-97,24,UTA,13,129,11.5,1.9,0.1,0.3,.098
Jamie Watson,1996-97,24,DAL,10,211,9.7,-1.5,0.0,0.1,.014
Jamie Watson,1997-98,,Did not play - other pro league,,,,,,,
Jamie Watson,1998-99,26,MIA,3,18,1.9,-3.7,0.0,0.0,-0.024
Paul Watson,2019-20,25,2TM,10,87,12.6,-0.2,0.0,0.2,.097
Paul Watson,2019-20,25,ATL,2,17,-7.1,-13.1,0.0,-0.1,-0.320
Paul Watson,2019-20,25,TOR,8,70,17.3,2.9,0.1,0.3,.198
Paul Watson,2020-21,26,TOR,27,297,10.9,-1.3,0.1,0.6,.096
Paul Watson,2021-22,27,OKC,9,156,5.7,-5.4,-0.1,0.0,.001
Peyton Watson,2022-23,20,DEN,23,186,12.8,-2.8,0.0,0.3,.073
Peyton Watson,2023-24,21,DEN,80,1488,11.8,-2.2,-0.1,2.5,.079
Peyton Watson,2024-25,22,DEN,68,1656,11.4,-1.8,0.1,2.5,.073
Ron Watts,1965-66,22,BOS,1,3,24.8,,,0.0,.290
Ron Watts,1966-67,23,BOS,27,89,8.4,,,-0.1,-0.073
Sam Watts,1970-71,22,PTC,54,650,6.9,,,0.0,-0.002
Slick Watts,1973-74,22,SEA,62,1424,14.7,-0.6,0.5,1.2,.039
Slick Watts,1974-75,23,SEA,82,2056,15.2,0.6,1.3,2.7,.063
Slick Watts,1975-76,24,SEA,82,2776,17.2,1.8,2.6,4.7,.080
Slick Watts,1976-77,25,SEA,79,2627,16.3,0.7,1.8,3.3,.060
Slick Watts,1977-78,26,2TM,71,1584,10.9,-1.4,0.2,0.8,.025
Slick Watts,1977-78,26,SEA,32,809,9.3,-2.3,-0.1,0.2,.009
Slick Watts,1977-78,26,NOJ,39,775,12.7,-0.4,0.3,0.7,.041
Slick Watts,1978-79,27,HOU,61,1046,11.3,0.5,0.7,1.2,.057
Maalik Wayns,2012-13,21,2TM,27,202,5.0,-9.9,-0.4,-0.3,-0.079
Maalik Wayns,2012-13,21,PHI,21,165,1.8,-12.4,-0.4,-0.5,-0.147
Maalik Wayns,2012-13,21,LAC,6,37,19.5,0.9,0.0,0.2,.227
Maalik Wayns,2013-14,22,LAC,2,9,19.3,4.8,0.0,0.1,.313
David Wear,2014-15,24,SAC,2,7,2.4,-9.4,0.0,0.0,-0.110
Travis Wear,2014-15,24,NYK,51,672,8.5,-5.5,-0.6,-0.3,-0.020
Travis Wear,2015-16,,Did not play - other pro league,,,,,,,
Travis Wear,2016-17,,Did not play - other pro league,,,,,,,
Travis Wear,2017-18,27,LAL,17,228,6.9,-3.7,-0.1,0.2,.042
Clarence Weatherspoon,1992-93,22,PHI,82,2654,15.0,-1.9,0.1,3.3,.059
Clarence Weatherspoon,1993-94,23,PHI,82,3147,18.1,0.4,1.9,6.0,.091
Clarence Weatherspoon,1994-95,24,PHI,76,2991,15.2,-0.6,1.1,3.6,.057
Clarence Weatherspoon,1995-96,25,PHI,78,3096,17.1,-0.2,1.4,5.8,.089
Clarence Weatherspoon,1996-97,26,PHI,82,2949,14.2,-1.2,0.6,5.0,.081
Clarence Weatherspoon,1997-98,27,2TM,79,2325,14.0,-0.8,0.7,4.5,.093
Clarence Weatherspoon,1997-98,27,PHI,48,1290,13.7,-1.6,0.1,2.4,.087
Clarence Weatherspoon,1997-98,27,GSW,31,1035,14.4,0.1,0.6,2.2,.101
Clarence Weatherspoon,1998-99,28,MIA,49,1040,17.0,0.7,0.7,4.0,.184
Clarence Weatherspoon,1999-00,29,MIA,78,1615,16.2,1.2,1.3,5.1,.152
Clarence Weatherspoon,2000-01,30,CLE,82,2774,17.4,1.4,2.4,8.6,.148
Clarence Weatherspoon,2001-02,31,NYK,56,1728,13.3,-1.1,0.4,3.5,.097
Clarence Weatherspoon,2002-03,32,NYK,79,2024,14.5,0.0,1.0,5.5,.131
Clarence Weatherspoon,2003-04,33,2TM,52,868,14.6,0.3,0.5,2.6,.141
Clarence Weatherspoon,2003-04,33,NYK,15,216,13.5,0.8,0.2,0.6,.132
Clarence Weatherspoon,2003-04,33,HOU,37,652,15.0,0.2,0.4,2.0,.145
Clarence Weatherspoon,2004-05,34,HOU,40,525,9.0,-3.0,-0.1,1.1,.098
Nick Weatherspoon,1973-74,23,CAP,65,1216,13.2,-2.6,-0.2,2.1,.082
Nick Weatherspoon,1974-75,24,WSB,82,1347,14.5,-0.9,0.4,3.6,.128
Nick Weatherspoon,1975-76,25,WSB,64,1083,15.8,-0.9,0.3,2.4,.108
Nick Weatherspoon,1976-77,26,2TM,62,1657,12.8,-2.0,-0.1,2.6,.076
Nick Weatherspoon,1976-77,26,WSB,11,152,7.1,-5.5,-0.2,-0.1,-0.046
Nick Weatherspoon,1976-77,26,SEA,51,1505,13.3,-1.6,0.1,2.8,.089
Nick Weatherspoon,1977-78,27,CHI,41,611,10.5,-2.7,-0.1,0.6,.049
Nick Weatherspoon,1978-79,28,SDC,82,2642,12.7,-1.7,0.2,3.7,.068
Nick Weatherspoon,1979-80,29,SDC,57,1124,9.3,-4.8,-0.8,0.1,.002
Quinndary Weatherspoon,2019-20,23,SAS,11,78,3.2,-7.4,-0.1,-0.1,-0.071
Quinndary Weatherspoon,2020-21,24,SAS,20,121,9.6,-5.0,-0.1,0.1,.023
Quinndary Weatherspoon,2021-22,25,GSW,11,73,12.0,-4.4,0.0,0.2,.148
Kyle Weaver,2008-09,22,OKC,56,1166,10.2,-1.2,0.2,1.2,.049
Kyle Weaver,2009-10,23,OKC,12,144,10.7,0.8,0.1,0.3,.106
Kyle Weaver,2010-11,24,UTA,5,69,11.3,-2.7,0.0,0.0,-0.018
James Webb III,2017-18,24,BRK,10,120,2.2,-8.3,-0.2,-0.1,-0.041
Jeff Webb,1970-71,22,MIL,29,300,3.9,,,-0.1,-0.024
Jeff Webb,1971-72,23,2TM,46,238,10.0,,,0.1,.018
Jeff Webb,1971-72,23,MIL,19,109,6.1,,,-0.1,-0.056
Jeff Webb,1971-72,23,PHO,27,129,13.3,,,0.2,.080
Marcus Webb,1992-93,22,BOS,9,51,20.1,-2.1,0.0,0.1,.130
Spud Webb,1985-86,22,ATL,79,1229,18.5,2.9,1.5,3.5,.137
Spud Webb,1986-87,23,ATL,33,532,16.5,2.4,0.6,1.2,.107
Spud Webb,1987-88,24,ATL,82,1347,14.8,0.1,0.7,2.3,.082
Spud Webb,1988-89,25,ATL,81,1219,13.0,0.4,0.7,2.2,.088
Spud Webb,1989-90,26,ATL,82,2184,15.3,0.5,1.4,4.5,.099
Spud Webb,1990-91,27,ATL,75,2197,16.6,1.1,1.7,5.4,.118
Spud Webb,1991-92,28,SAC,77,2724,15.1,-0.8,0.8,4.1,.072
Spud Webb,1992-93,29,SAC,69,2335,14.4,-0.7,0.8,3.9,.080
Spud Webb,1993-94,30,SAC,79,2567,15.2,0.5,1.6,5.1,.096
Spud Webb,1994-95,31,SAC,76,2458,13.7,-0.3,1.1,5.1,.099
Spud Webb,1995-96,32,2TM,77,1462,14.8,-0.3,0.6,3.0,.099
Spud Webb,1995-96,32,ATL,51,817,15.3,-0.3,0.4,2.2,.132
Spud Webb,1995-96,32,MIN,26,645,14.3,-0.4,0.3,0.8,.058
Spud Webb,1996-97,,Did not play - other pro league,,,,,,,
Spud Webb,1997-98,34,ORL,4,34,3.2,-11.4,-0.1,-0.1,-0.161
Chris Webber,1993-94,20,GSW,76,2438,21.7,4.0,3.6,7.8,.154
Chris Webber,1994-95,21,WSB,54,2067,20.1,3.5,2.9,4.0,.093
Chris Webber,1995-96,22,WSB,15,558,23.6,5.7,1.1,1.9,.165
Chris Webber,1996-97,23,WSB,72,2806,21.8,5.3,5.1,9.3,.159
Chris Webber,1997-98,24,WAS,71,2809,20.9,4.6,4.7,8.3,.142
Chris Webber,1998-99,25,SAC,42,1719,19.5,1.9,1.7,3.6,.102
Chris Webber,1999-00,26,SAC,75,2880,23.4,5.7,5.6,10.7,.179
Chris Webber,2000-01,27,SAC,70,2836,24.7,5.5,5.3,11.0,.186
Chris Webber,2001-02,28,SAC,54,2071,24.4,5.4,3.9,8.6,.200
Chris Webber,2002-03,29,SAC,67,2622,20.9,3.5,3.6,6.9,.127
Chris Webber,2003-04,30,SAC,23,831,17.2,-0.6,0.3,1.1,.061
Chris Webber,2004-05,31,2TM,67,2370,18.6,0.7,1.6,3.4,.070
Chris Webber,2004-05,31,SAC,46,1668,20.9,2.5,1.9,3.5,.100
Chris Webber,2004-05,31,PHI,21,702,13.1,-3.6,-0.3,0.0,-0.002
Chris Webber,2005-06,32,PHI,75,2893,18.4,-0.1,1.3,4.4,.074
Chris Webber,2006-07,33,2TM,61,1821,16.0,1.0,1.4,3.4,.090
Chris Webber,2006-07,33,PHI,18,544,13.8,-0.7,0.2,0.2,.014
Chris Webber,2006-07,33,DET,43,1277,16.9,1.7,1.2,3.3,.123
Chris Webber,2007-08,34,GSW,9,126,10.7,-1.1,0.0,0.1,.025
Briante Weber,2015-16,23,2TM,7,169,8.9,-3.7,-0.1,0.0,.004
Briante Weber,2015-16,23,MEM,6,166,8.3,-4.0,-0.1,0.0,-0.008
Briante Weber,2015-16,23,MIA,1,3,39.3,12.9,0.0,0.0,.634
Briante Weber,2016-17,24,2TM,20,205,11.0,-3.7,-0.1,0.3,.059
Briante Weber,2016-17,24,GSW,7,46,5.9,-8.4,-0.1,0.0,-0.018
Briante Weber,2016-17,24,CHO,13,159,12.5,-2.3,0.0,0.3,.081
Briante Weber,2017-18,25,2TM,18,237,10.1,-1.3,0.0,0.4,.072
Briante Weber,2017-18,25,HOU,13,118,11.1,1.5,0.1,0.3,.119
Briante Weber,2017-18,25,MEM,5,119,9.2,-4.0,-0.1,0.1,.025
Jake Weber,1946-47,28,2TM,50,,,,,1.4,
Jake Weber,1946-47,28,NYK,11,,,,,0.3,
Jake Weber,1946-47,28,PRO,39,,,,,1.1,
Elnardo Webster,1969-70,,Did not play - other pro league,,,,,,,
Elnardo Webster,1970-71,,Did not play - illness,,,,,,,
Elnardo Webster,1971-72,23,2TM,24,237,9.2,,,0.5,.094
Elnardo Webster,1971-72,23,NYA,8,14,1.9,,,0.0,-0.036
Elnardo Webster,1971-72,23,MMP,16,223,9.7,,,0.5,.102
Jeff Webster,1994-95,,Did not play - other pro league,,,,,,,
Jeff Webster,1995-96,24,WSB,11,58,7.0,-4.9,0.0,0.0,-0.030
Martell Webster,2005-06,19,POR,61,1070,11.6,-2.5,-0.1,0.9,.039
Martell Webster,2006-07,20,POR,82,1759,9.9,-2.0,0.0,1.3,.036
Martell Webster,2007-08,21,POR,75,2132,12.0,-0.2,1.0,3.5,.079
Martell Webster,2008-09,22,POR,1,5,-8.4,-14.2,0.0,0.0,-0.204
Martell Webster,2009-10,23,POR,82,2005,12.5,0.0,1.0,4.4,.105
Martell Webster,2010-11,24,MIN,46,1094,12.4,-1.3,0.2,1.8,.077
Martell Webster,2011-12,25,MIN,47,1140,10.0,-1.6,0.1,1.5,.064
Martell Webster,2012-13,26,WAS,76,2200,13.9,0.8,1.6,6.3,.138
Martell Webster,2013-14,27,WAS,78,2157,11.5,-0.4,0.9,5.0,.112
Martell Webster,2014-15,28,WAS,32,352,5.9,-5.6,-0.3,0.0,.000
Martell Webster,2015-16,,Did not play - injury,,,,,,,
Martell Webster,2016-17,,Did not play - injury,,,,,,,
Marvin Webster,1975-76,23,DNA,38,398,18.1,1.6,0.4,1.3,.155
Marvin Webster,1976-77,24,DEN,80,1276,16.7,0.9,1.0,3.9,.146
Marvin Webster,1977-78,25,SEA,82,2910,17.0,1.5,2.6,8.7,.143
Marvin Webster,1978-79,26,NYK,60,2027,13.4,-0.6,0.7,2.8,.066
Marvin Webster,1979-80,27,NYK,20,298,9.2,-4.1,-0.2,0.2,.039
Marvin Webster,1980-81,28,NYK,82,1708,10.8,-1.4,0.2,2.7,.076
Marvin Webster,1981-82,29,NYK,82,1883,11.8,-1.2,0.4,3.2,.082
Marvin Webster,1982-83,30,NYK,82,1472,14.0,0.6,1.0,4.0,.130
Marvin Webster,1983-84,31,NYK,76,1290,10.7,-0.3,0.5,2.5,.091
Marvin Webster,1984-85,,Did not play - illness,,,,,,,
Marvin Webster,1985-86,,Did not play - illness,,,,,,,
Marvin Webster,1986-87,34,MIL,15,102,10.7,-2.6,0.0,0.2,.095
Scott Wedman,1974-75,22,KCO,80,2554,12.0,-1.2,0.5,4.8,.091
Scott Wedman,1975-76,23,KCK,82,2968,13.9,-1.0,0.7,4.9,.079
Scott Wedman,1976-77,24,KCK,81,2743,14.6,0.1,1.4,6.0,.104
Scott Wedman,1977-78,25,KCK,81,2961,15.9,0.8,2.1,7.8,.127
Scott Wedman,1978-79,26,KCK,73,2498,16.9,1.9,2.4,8.6,.165
Scott Wedman,1979-80,27,KCK,68,2347,16.9,1.5,2.1,7.1,.145
Scott Wedman,1980-81,28,KCK,81,2902,14.8,-1.1,0.7,4.7,.077
Scott Wedman,1981-82,29,CLE,54,1638,12.5,-1.2,0.4,1.6,.048
Scott Wedman,1982-83,30,2TM,75,1793,12.7,-2.1,-0.1,2.2,.058
Scott Wedman,1982-83,30,CLE,35,1290,13.7,-1.7,0.1,1.5,.056
Scott Wedman,1982-83,30,BOS,40,503,10.3,-3.1,-0.1,0.7,.063
Scott Wedman,1983-84,31,BOS,68,916,9.9,-2.6,-0.1,1.2,.065
Scott Wedman,1984-85,32,BOS,78,1127,12.7,-1.2,0.2,2.2,.093
Scott Wedman,1985-86,33,BOS,79,1402,12.5,-1.4,0.2,2.7,.093
Scott Wedman,1986-87,34,BOS,6,78,5.7,-5.6,-0.1,-0.1,-0.032
Sonny Weems,2008-09,22,DEN,12,55,-3.9,-18.9,-0.2,-0.3,-0.255
Sonny Weems,2009-10,23,TOR,69,1368,12.9,-2.0,0.0,1.3,.044
Sonny Weems,2010-11,24,TOR,59,1413,10.2,-4.6,-0.9,-0.4,-0.013
Sonny Weems,2011-12,,Did not play - other pro league,,,,,,,
Sonny Weems,2012-13,,Did not play - other pro league,,,,,,,
Sonny Weems,2013-14,,Did not play - other pro league,,,,,,,
Sonny Weems,2014-15,,Did not play - other pro league,,,,,,,
Sonny Weems,2015-16,29,2TM,43,499,3.7,-7.3,-0.7,-0.5,-0.053
Sonny Weems,2015-16,29,PHO,36,421,4.3,-6.7,-0.5,-0.4,-0.043
Sonny Weems,2015-16,29,PHI,7,78,0.8,-10.2,-0.2,-0.2,-0.104
Dick Wehr,1948-49,23,INJ,9,,,,,-0.1,
Brant Weidner,1983-84,23,SAS,8,38,5.4,-4.9,-0.1,0.0,-0.014
Bob Weiss,1965-66,23,PHI,7,30,3.5,,,0.0,-0.010
Bob Weiss,1966-67,24,PHI,6,29,14.3,,,0.1,.122
Bob Weiss,1967-68,25,SEA,82,1614,15.8,,,2.9,.086
Bob Weiss,1968-69,26,2TM,77,1478,10.7,,,1.7,.054
Bob Weiss,1968-69,26,MIL,15,242,8.6,,,-0.3,-0.066
Bob Weiss,1968-69,26,CHI,62,1236,11.1,,,2.0,.078
Bob Weiss,1969-70,27,CHI,82,2544,12.5,,,3.6,.068
Bob Weiss,1970-71,28,CHI,82,2237,12.6,,,4.7,.102
Bob Weiss,1971-72,29,CHI,82,2450,12.4,,,5.6,.110
Bob Weiss,1972-73,30,CHI,82,2086,12.0,,,4.3,.099
Bob Weiss,1973-74,31,CHI,79,1708,15.4,1.4,1.5,4.4,.124
Bob Weiss,1974-75,32,BUF,76,1338,10.5,-1.2,0.3,1.1,.040
Bob Weiss,1975-76,33,BUF,66,995,10.0,-0.7,0.3,1.4,.066
Bob Weiss,1976-77,34,WSB,62,768,11.3,0.9,0.6,1.4,.089
Rick Weitzman,1967-68,21,BOS,25,75,5.6,,,-0.3,-0.184
Bonzi Wells,1998-99,22,POR,7,35,26.3,1.0,0.0,0.1,.103
Bonzi Wells,1999-00,23,POR,66,1162,17.3,1.1,0.9,3.1,.130
Bonzi Wells,2000-01,24,POR,75,1995,18.8,2.3,2.1,5.9,.143
Bonzi Wells,2001-02,25,POR,74,2348,18.4,1.9,2.3,6.0,.122
Bonzi Wells,2002-03,26,POR,75,2396,15.7,-0.2,1.1,4.0,.080
Bonzi Wells,2003-04,27,2TM,72,1872,13.0,-3.0,-0.4,0.9,.023
Bonzi Wells,2003-04,27,POR,13,404,11.3,-4.4,-0.3,-0.1,-0.017
Bonzi Wells,2003-04,27,MEM,59,1468,13.5,-2.5,-0.2,1.0,.034
Bonzi Wells,2004-05,28,MEM,69,1489,15.9,0.6,1.0,3.1,.100
Bonzi Wells,2005-06,29,SAC,52,1684,16.6,0.4,1.0,3.4,.096
Bonzi Wells,2006-07,30,HOU,28,590,8.9,-4.4,-0.4,-0.1,-0.009
Bonzi Wells,2007-08,31,2TM,73,1562,14.4,-0.3,0.7,3.0,.092
Bonzi Wells,2007-08,31,HOU,51,1124,14.1,-0.2,0.5,2.1,.091
Bonzi Wells,2007-08,31,NOH,22,438,15.1,-0.4,0.2,0.8,.093
Bonzi Wells,2008-09,,Did not play - other pro league,,,,,,,
Bonzi Wells,2009-10,,Did not play - other pro league,,,,,,,
Bubba Wells,1997-98,23,DAL,39,395,11.1,-3.5,-0.2,0.1,.013
Jaylen Wells,2024-25,21,MEM,79,2043,10.5,-2.2,-0.1,3.5,.083
Owen Wells,1974-75,24,HOU,33,214,12.9,-3.7,-0.1,0.1,.018
Ralph Wells,1962-63,22,CHZ,3,48,-0.2,,,-0.2,-0.179
Chris Welp,1987-88,24,PHI,10,132,12.4,-2.3,0.0,0.3,.099
Chris Welp,1988-89,25,PHI,72,843,8.7,-4.7,-0.6,0.7,.042
Chris Welp,1989-90,26,2TM,27,198,6.3,-8.1,-0.3,0.0,.006
Chris Welp,1989-90,26,SAS,13,56,-1.9,-16.0,-0.2,-0.1,-0.121
Chris Welp,1989-90,26,GSW,14,142,9.6,-5.0,-0.1,0.2,.056
Jiří Welsch,2002-03,23,GSW,37,234,4.5,-7.6,-0.3,-0.4,-0.086
Jiří Welsch,2003-04,24,BOS,81,2179,12.6,-0.9,0.6,3.6,.080
Jiří Welsch,2004-05,25,2TM,71,1317,10.9,-2.4,-0.1,1.7,.061
Jiří Welsch,2004-05,25,BOS,55,1125,12.1,-1.4,0.2,1.9,.083
Jiří Welsch,2004-05,25,CLE,16,192,4.3,-8.0,-0.3,-0.3,-0.064
Jiří Welsch,2005-06,26,MIL,58,866,9.8,-2.2,0.0,0.8,.043
Jiří Welsch,2006-07,,Did not play - other pro league,,,,,,,
Jiří Welsch,2007-08,,Did not play - other pro league,,,,,,,
Jiří Welsch,2008-09,,Did not play - other pro league,,,,,,,
Jiří Welsch,2009-10,,Did not play - other pro league,,,,,,,
Thomas Welsh,2018-19,22,DEN,11,36,16.1,1.2,0.0,0.1,.162
Victor Wembanyama,2023-24,20,SAS,71,2106,23.1,5.2,3.8,3.7,.085
Victor Wembanyama,2024-25,21,SAS,46,1527,24.2,6.5,3.3,3.8,.118
Bill Wennington,1985-86,22,DAL,56,562,11.4,-2.8,-0.1,0.9,.080
Bill Wennington,1986-87,23,DAL,58,560,7.9,-4.7,-0.4,0.5,.045
Bill Wennington,1987-88,24,DAL,30,125,16.6,-2.1,0.0,0.4,.146
Bill Wennington,1988-89,25,DAL,65,1074,8.8,-4.9,-0.8,1.3,.056
Bill Wennington,1989-90,26,DAL,60,814,10.6,-3.8,-0.4,1.2,.073
Bill Wennington,1990-91,27,SAC,77,1455,11.0,-2.8,-0.3,2.1,.070
Bill Wennington,1991-92,,Did not play - other pro league,,,,,,,
Bill Wennington,1992-93,,Did not play - other pro league,,,,,,,
Bill Wennington,1993-94,30,CHI,76,1371,14.0,-2.3,-0.1,3.5,.124
Bill Wennington,1994-95,31,CHI,73,956,11.6,-4.1,-0.5,2.3,.116
Bill Wennington,1995-96,32,CHI,71,1065,11.0,-3.2,-0.3,2.8,.125
Bill Wennington,1996-97,33,CHI,61,783,11.2,-3.3,-0.3,2.0,.124
Bill Wennington,1997-98,34,CHI,48,467,9.4,-6.2,-0.5,0.8,.085
Bill Wennington,1998-99,35,CHI,38,451,7.0,-6.9,-0.6,-0.3,-0.030
Bill Wennington,1999-00,36,SAC,7,57,7.6,-5.8,-0.1,0.1,.050
Matt Wenstrom,1993-94,23,BOS,11,37,15.6,-3.7,0.0,0.1,.098
Robert Werdann,1992-93,22,DEN,28,149,7.7,-8.5,-0.2,-0.1,-0.020
Robert Werdann,1993-94,,Did not play - other pro league,,,,,,,
Robert Werdann,1994-95,,Did not play - other pro league,,,,,,,
Robert Werdann,1995-96,25,NJN,13,93,13.6,-2.3,0.0,0.2,.084
Robert Werdann,1996-97,26,NJN,6,31,8.7,-7.9,0.0,0.0,.077
Ray Wertis,1946-47,23,2TM,61,,,,,-0.6,
Ray Wertis,1946-47,23,TRH,18,,,,,-0.3,
Ray Wertis,1946-47,23,CLR,43,,,,,-0.4,
Ray Wertis,1947-48,24,PRO,7,,,,,-0.7,
Blake Wesley,2022-23,19,SAS,37,669,3.5,-9.6,-1.3,-1.6,-0.114
Blake Wesley,2023-24,20,SAS,61,876,10.1,-4.0,-0.4,0.9,.050
Blake Wesley,2024-25,21,SAS,58,683,9.9,-4.2,-0.4,0.2,.011
David Wesley,1993-94,23,NJN,60,542,13.0,-0.9,0.2,0.6,.053
David Wesley,1994-95,24,BOS,51,1380,12.9,0.5,0.9,2.6,.091
David Wesley,1995-96,25,BOS,82,2104,18.5,2.8,2.5,6.3,.144
David Wesley,1996-97,26,BOS,74,2991,16.5,0.6,1.9,6.1,.097
David Wesley,1997-98,27,CHH,81,2845,15.2,0.7,1.9,5.8,.098
David Wesley,1998-99,28,CHH,50,1848,16.9,1.7,1.7,4.8,.124
David Wesley,1999-00,29,CHH,82,2760,15.0,0.1,1.5,6.1,.106
David Wesley,2000-01,30,CHH,82,3106,15.3,0.4,1.9,7.6,.117
David Wesley,2001-02,31,CHH,67,2487,11.3,-2.1,0.0,2.6,.050
David Wesley,2002-03,32,NOH,73,2710,15.1,1.1,2.1,7.0,.124
David Wesley,2003-04,33,NOH,61,2001,12.6,-1.5,0.2,2.8,.067
David Wesley,2004-05,34,2TM,80,2774,11.8,-0.5,1.1,5.2,.089
David Wesley,2004-05,34,NOH,26,934,12.2,-1.4,0.1,0.7,.038
David Wesley,2004-05,34,HOU,54,1840,11.6,0.0,0.9,4.4,.115
David Wesley,2005-06,35,HOU,71,2372,9.6,-2.0,0.0,3.6,.072
David Wesley,2006-07,36,CLE,35,352,6.6,-3.1,-0.1,0.3,.043
Walt Wesley,1966-67,22,CIN,64,909,8.6,,,-0.4,-0.022
Walt Wesley,1967-68,23,CIN,66,918,12.6,,,0.7,.037
Walt Wesley,1968-69,24,CIN,82,1334,13.6,,,1.7,.063
Walt Wesley,1969-70,25,CHI,72,1407,13.2,,,1.2,.041
Walt Wesley,1970-71,26,CLE,82,2425,17.1,,,4.1,.082
Walt Wesley,1971-72,27,CLE,82,2185,13.2,,,1.2,.026
Walt Wesley,1972-73,28,2TM,57,474,10.3,,,-0.3,-0.026
Walt Wesley,1972-73,28,CLE,12,110,7.8,,,-0.2,-0.082
Walt Wesley,1972-73,28,PHO,45,364,11.1,,,-0.1,-0.010
Walt Wesley,1973-74,29,CAP,39,400,15.1,-1.9,0.0,1.0,.121
Walt Wesley,1974-75,30,2TM,45,247,12.0,-4.1,-0.1,0.2,.046
Walt Wesley,1974-75,30,PHI,4,33,10.7,-4.4,0.0,0.0,.065
Walt Wesley,1974-75,30,MIL,41,214,12.2,-4.1,-0.1,0.2,.043
Walt Wesley,1975-76,31,LAL,1,7,13.3,-4.6,0.0,0.0,.042
David West,2003-04,23,NOH,71,930,15.9,-0.5,0.4,2.8,.143
David West,2004-05,24,NOH,30,552,11.1,-3.2,-0.2,0.2,.022
David West,2005-06,25,NOK,74,2526,19.7,1.4,2.2,7.4,.141
David West,2006-07,26,NOK,52,1900,18.9,0.9,1.4,5.2,.131
David West,2007-08,27,NOH,76,2870,19.9,1.5,2.6,8.4,.140
David West,2008-09,28,NOH,76,2982,18.9,0.6,2.0,7.8,.125
David West,2009-10,29,NOH,81,2949,18.9,0.8,2.1,7.5,.122
David West,2010-11,30,NOH,70,2451,20.4,2.8,3.0,7.8,.152
David West,2011-12,31,IND,66,1925,17.8,1.8,1.8,5.9,.147
David West,2012-13,32,IND,73,2435,20.1,4.0,3.7,9.1,.179
David West,2013-14,33,IND,80,2472,17.5,2.6,2.9,8.1,.157
David West,2014-15,34,IND,66,1895,16.0,1.6,1.7,4.3,.108
David West,2015-16,35,SAS,78,1404,17.6,2.9,1.7,5.4,.184
David West,2016-17,36,GSW,68,854,16.6,2.8,1.0,2.6,.148
David West,2017-18,37,GSW,73,999,20.9,3.1,1.3,3.5,.168
Delonte West,2004-05,21,BOS,39,507,12.3,-0.2,0.2,0.9,.090
Delonte West,2005-06,22,BOS,71,2418,15.1,1.9,2.4,5.7,.114
Delonte West,2006-07,23,BOS,69,2219,14.0,0.4,1.3,3.7,.081
Delonte West,2007-08,24,2TM,61,1533,12.1,-0.8,0.5,1.3,.041
Delonte West,2007-08,24,SEA,35,727,9.8,-2.8,-0.1,-0.4,-0.028
Delonte West,2007-08,24,CLE,26,806,14.1,1.1,0.6,1.7,.104
Delonte West,2008-09,25,CLE,64,2152,14.1,1.7,2.0,6.4,.142
Delonte West,2009-10,26,CLE,60,1500,13.8,0.7,1.0,3.3,.106
Delonte West,2010-11,27,BOS,24,453,12.3,1.8,0.4,0.9,.093
Delonte West,2011-12,28,DAL,44,1060,15.3,1.0,0.8,2.2,.098
Doug West,1989-90,22,MIN,52,378,7.5,-7.0,-0.5,-0.1,-0.017
Doug West,1990-91,23,MIN,75,824,12.6,-1.9,0.0,1.2,.073
Doug West,1991-92,24,MIN,80,2540,14.6,-0.9,0.7,4.6,.086
Doug West,1992-93,25,MIN,80,3104,14.2,-2.2,-0.1,4.3,.066
Doug West,1993-94,26,MIN,72,2182,13.3,-2.6,-0.3,2.6,.056
Doug West,1994-95,27,MIN,71,2328,11.6,-3.4,-0.8,1.8,.038
Doug West,1995-96,28,MIN,73,1639,7.6,-5.1,-1.3,0.8,.024
Doug West,1996-97,29,MIN,68,1920,8.5,-3.6,-0.8,1.7,.042
Doug West,1997-98,30,MIN,38,688,5.6,-6.0,-0.7,0.1,.004
Doug West,1998-99,31,VAN,14,294,11.5,-1.5,0.0,0.4,.066
Doug West,1999-00,32,VAN,38,581,8.6,-4.2,-0.3,0.5,.038
Doug West,2000-01,33,VAN,15,171,4.2,-4.8,-0.1,-0.1,-0.028
Jerry West,1960-61,22,LAL,79,2797,16.0,,,6.6,.113
Jerry West,1961-62,23,LAL,75,3087,22.9,,,12.9,.201
Jerry West,1962-63,24,LAL,55,2163,21.9,,,8.1,.180
Jerry West,1963-64,25,LAL,72,2906,24.2,,,14.0,.232
Jerry West,1964-65,26,LAL,74,3066,25.0,,,16.7,.261
Jerry West,1965-66,27,LAL,79,3218,24.6,,,17.1,.256
Jerry West,1966-67,28,LAL,66,2670,22.7,,,11.7,.210
Jerry West,1967-68,29,LAL,51,1919,23.2,,,9.6,.241
Jerry West,1968-69,30,LAL,61,2394,22.3,,,10.8,.216
Jerry West,1969-70,31,LAL,74,3106,24.6,,,15.2,.234
Jerry West,1970-71,32,LAL,69,2845,23.5,,,12.8,.215
Jerry West,1971-72,33,LAL,77,2973,23.1,,,13.3,.216
Jerry West,1972-73,34,LAL,69,2460,23.2,,,10.6,.206
Jerry West,1973-74,35,LAL,31,967,22.4,4.7,1.6,3.2,.159
Mario West,2007-08,23,ATL,64,269,8.6,-3.8,-0.1,0.5,.082
Mario West,2008-09,24,ATL,53,269,10.0,-0.3,0.1,0.4,.080
Mario West,2009-10,25,ATL,39,142,9.9,-2.1,0.0,0.3,.106
Mario West,2010-11,26,NJN,6,116,9.1,-4.2,-0.1,0.2,.069
Mark West,1983-84,23,DAL,34,202,4.1,-6.3,-0.3,-0.1,-0.023
Mark West,1984-85,24,2TM,66,888,9.0,-4.3,-0.5,1.1,.059
Mark West,1984-85,24,MIL,1,6,-7.7,-22.8,0.0,0.0,-0.207
Mark West,1984-85,24,CLE,65,882,9.1,-4.2,-0.5,1.1,.060
Mark West,1985-86,25,CLE,67,1172,7.7,-4.0,-0.6,0.9,.037
Mark West,1986-87,26,CLE,78,1333,11.5,-3.0,-0.4,1.9,.068
Mark West,1987-88,27,2TM,83,2098,13.1,-2.0,0.0,3.1,.071
Mark West,1987-88,27,CLE,54,1183,13.9,-0.8,0.3,2.5,.102
Mark West,1987-88,27,PHO,29,915,12.2,-3.4,-0.3,0.6,.032
Mark West,1988-89,28,PHO,82,2019,12.9,1.0,1.5,5.5,.131
Mark West,1989-90,29,PHO,82,2399,15.7,1.4,2.0,8.2,.163
Mark West,1990-91,30,PHO,82,1957,14.6,1.0,1.5,6.5,.160
Mark West,1991-92,31,PHO,82,1436,12.5,-1.9,0.0,3.9,.131
Mark West,1992-93,32,PHO,82,1558,11.4,-2.3,-0.1,3.4,.104
Mark West,1993-94,33,PHO,82,1236,12.3,-2.2,-0.1,2.4,.094
Mark West,1994-95,34,DET,67,1543,12.8,-4.1,-0.8,1.8,.057
Mark West,1995-96,35,DET,47,682,7.2,-4.8,-0.5,0.8,.059
Mark West,1996-97,36,CLE,70,959,9.9,-3.4,-0.3,1.6,.081
Mark West,1997-98,37,IND,15,105,5.1,-5.5,-0.1,0.0,-0.002
Mark West,1998-99,38,ATL,49,499,6.5,-3.7,-0.2,0.7,.067
Mark West,1999-00,39,PHO,22,127,4.3,-5.1,-0.1,0.2,.061
Roland West,1967-68,23,BAL,4,14,6.8,,,0.0,-0.003
Dexter Westbrook,1967-68,,2TM,12,127,7.0,,,0.3,.119
Dexter Westbrook,1967-68,,NJA,7,59,13.5,,,0.3,.270
Dexter Westbrook,1967-68,,PTP,5,68,1.3,,,0.0,-0.012
Russell Westbrook,2008-09,20,OKC,82,2668,15.2,-1.0,0.7,1.9,.035
Russell Westbrook,2009-10,21,OKC,82,2813,17.8,1.2,2.3,6.1,.105
Russell Westbrook,2010-11,22,OKC,82,2847,23.6,4.2,4.4,9.4,.159
Russell Westbrook,2011-12,23,OKC,66,2331,22.9,3.0,3.0,7.9,.163
Russell Westbrook,2012-13,24,OKC,82,2861,23.9,4.4,4.6,11.6,.195
Russell Westbrook,2013-14,25,OKC,46,1412,24.7,5.5,2.7,5.2,.178
Russell Westbrook,2014-15,26,OKC,67,2302,29.1,8.1,5.8,10.6,.222
Russell Westbrook,2015-16,27,OKC,80,2750,27.6,7.8,6.8,14.0,.245
Russell Westbrook,2016-17,28,OKC,81,2802,30.6,11.1,9.3,13.1,.224
Russell Westbrook,2017-18,29,OKC,80,2914,24.7,6.3,6.1,10.1,.166
Russell Westbrook,2018-19,30,OKC,73,2630,21.1,5.2,4.7,6.8,.124
Russell Westbrook,2019-20,31,HOU,57,2049,21.0,1.5,1.8,4.2,.098
Russell Westbrook,2020-21,32,WAS,65,2369,19.5,3.7,3.4,3.7,.075
Russell Westbrook,2021-22,33,LAL,78,2678,15.0,-1.6,0.2,1.7,.030
Russell Westbrook,2022-23,34,2TM,73,2126,16.1,0.2,1.2,1.9,.044
Russell Westbrook,2022-23,34,LAL,52,1491,15.3,-0.1,0.7,0.7,.023
Russell Westbrook,2022-23,34,LAC,21,635,17.8,0.8,0.5,1.2,.092
Russell Westbrook,2023-24,35,LAC,68,1529,16.2,0.5,1.0,2.1,.066
Russell Westbrook,2024-25,36,DEN,75,2092,14.3,-1.1,0.5,1.9,.045
Paul Westphal,1972-73,22,BOS,60,482,14.2,,,1.4,.140
Paul Westphal,1973-74,23,BOS,82,1165,16.1,1.4,1.0,3.2,.132
Paul Westphal,1974-75,24,BOS,82,1581,17.3,2.6,1.8,5.1,.156
Paul Westphal,1975-76,25,PHO,82,2960,19.9,3.1,3.8,9.6,.155
Paul Westphal,1976-77,26,PHO,81,2600,21.4,4.0,4.0,9.6,.178
Paul Westphal,1977-78,27,PHO,80,2481,23.8,4.7,4.2,9.8,.190
Paul Westphal,1978-79,28,PHO,81,2641,22.6,3.7,3.8,10.4,.189
Paul Westphal,1979-80,29,PHO,82,2665,21.1,3.9,4.0,10.5,.189
Paul Westphal,1980-81,30,SEA,36,1078,16.5,0.8,0.7,2.4,.106
Paul Westphal,1981-82,31,NYK,18,451,13.3,-1.8,0.0,0.3,.032
Paul Westphal,1982-83,32,NYK,80,1978,14.1,0.4,1.2,3.7,.091
Paul Westphal,1983-84,33,PHO,59,865,14.6,-0.9,0.2,1.5,.086
John Wetzel,1966-67,,Did not play - injury,,,,,,,
John Wetzel,1967-68,23,LAL,38,434,11.0,,,0.7,.076
John Wetzel,1968-69,,Did not play - military service,,,,,,,
John Wetzel,1969-70,,Did not play - military service,,,,,,,
John Wetzel,1970-71,26,PHO,70,1091,9.4,,,2.0,.086
John Wetzel,1971-72,27,PHO,51,419,7.3,,,0.5,.056
John Wetzel,1972-73,28,ATL,28,504,6.8,,,0.5,.044
John Wetzel,1973-74,29,ATL,70,1232,9.2,-1.1,0.3,1.1,.043
John Wetzel,1974-75,30,ATL,63,785,12.2,0.1,0.4,1.5,.093
John Wetzel,1975-76,31,PHO,37,249,10.1,-1.9,0.0,0.4,.083
Robert Whaley,2005-06,23,UTA,23,212,7.6,-5.1,-0.2,0.0,.004
Ennis Whatley,1983-84,21,CHI,80,2159,13.5,-0.6,0.8,1.9,.043
Ennis Whatley,1984-85,22,CHI,70,1385,11.3,-1.7,0.1,0.8,.029
Ennis Whatley,1985-86,23,3TM,14,107,11.5,-1.1,0.0,0.0,.011
Ennis Whatley,1985-86,23,CLE,8,66,12.4,0.4,0.0,0.1,.049
Ennis Whatley,1985-86,23,WSB,4,27,17.8,2.7,0.0,0.0,.075
Ennis Whatley,1985-86,23,SAS,2,14,-5.1,-15.8,0.0,-0.1,-0.295
Ennis Whatley,1986-87,24,WSB,73,1816,14.0,-0.5,0.7,3.3,.088
Ennis Whatley,1987-88,25,ATL,5,24,9.6,-5.3,0.0,0.0,-0.046
Ennis Whatley,1988-89,26,LAC,8,90,12.1,-4.4,-0.1,0.0,.005
Ennis Whatley,1989-90,,Did not play - other pro league,,,,,,,
Ennis Whatley,1990-91,,Did not play - other pro league,,,,,,,
Ennis Whatley,1991-92,29,POR,23,209,14.0,2.0,0.2,0.6,.134
Ennis Whatley,1992-93,,Did not play - other pro league,,,,,,,
Ennis Whatley,1993-94,31,ATL,82,1004,12.8,-1.0,0.3,2.2,.105
Ennis Whatley,1994-95,32,ATL,27,292,12.4,-1.3,0.1,0.7,.109
Ennis Whatley,1995-96,,Did not play - unsigned,,,,,,,
Ennis Whatley,1996-97,34,POR,3,22,5.1,-9.0,0.0,0.0,.063
Ennis Whatley,1997-98,,Did not play - other pro league,,,,,,,
DeJuan Wheat,1997-98,24,MIN,34,150,13.5,0.0,0.1,0.2,.072
DeJuan Wheat,1998-99,25,VAN,46,590,12.8,-2.4,-0.1,0.3,.024
Clinton Wheeler,1984-85,,Did not play - other pro league,,,,,,,
Clinton Wheeler,1985-86,,Did not play - other pro league,,,,,,,
Clinton Wheeler,1986-87,,Did not play - other pro league,,,,,,,
Clinton Wheeler,1987-88,28,IND,59,513,12.0,-0.4,0.2,0.4,.039
Clinton Wheeler,1988-89,29,2TM,28,354,12.8,0.6,0.2,0.6,.087
Clinton Wheeler,1988-89,29,MIA,8,143,16.5,1.7,0.1,0.4,.146
Clinton Wheeler,1988-89,29,POR,20,211,10.3,-0.1,0.1,0.2,.047
Phillip Wheeler,2024-25,22,PHI,5,44,-2.3,-18.2,-0.2,-0.3,-0.283
Tyson Wheeler,1998-99,23,DEN,1,3,76.1,51.1,0.0,0.1,1.367
Skippy Whitaker,1952-53,,Did not play - military service,,,,,,,
Skippy Whitaker,1953-54,,Did not play - military service,,,,,,,
Skippy Whitaker,1954-55,24,BOS,3,15,-8.9,,,-0.1,-0.283
Andrew White,2017-18,24,ATL,15,209,5.8,-5.5,-0.2,-0.1,-0.034
Coby White,2019-20,19,CHI,65,1674,11.9,-2.9,-0.4,0.9,.026
Coby White,2020-21,20,CHI,69,2156,12.0,-2.4,-0.2,2.4,.052
Coby White,2021-22,21,CHI,61,1675,12.6,-2.1,0.0,2.4,.067
Coby White,2022-23,22,CHI,74,1730,12.5,-0.8,0.5,3.1,.087
Coby White,2023-24,23,CHI,79,2881,14.5,-0.7,0.9,4.7,.078
Coby White,2024-25,24,CHI,74,2450,15.5,-0.9,0.7,4.5,.088
D.J. White,2008-09,22,OKC,7,130,19.8,0.4,0.1,0.4,.157
D.J. White,2009-10,23,OKC,12,102,25.9,6.4,0.2,0.6,.276
D.J. White,2010-11,24,2TM,47,685,15.3,-1.1,0.2,1.8,.128
D.J. White,2010-11,24,OKC,23,219,10.1,-3.7,-0.1,0.3,.056
D.J. White,2010-11,24,CHA,24,466,17.7,0.1,0.2,1.6,.161
D.J. White,2011-12,25,CHA,58,1098,12.4,-3.8,-0.5,0.8,.034
D.J. White,2012-13,26,BOS,12,86,14.7,-0.9,0.0,0.2,.117
D.J. White,2013-14,27,CHA,2,10,2.4,-5.6,0.0,0.0,.004
Derrick White,2017-18,23,SAS,17,139,15.9,2.3,0.2,0.5,.170
Derrick White,2018-19,24,SAS,67,1728,14.8,0.9,1.3,3.6,.101
Derrick White,2019-20,25,SAS,68,1677,16.4,1.3,1.4,4.2,.119
Derrick White,2020-21,26,SAS,36,1064,15.0,1.3,0.9,1.9,.085
Derrick White,2021-22,27,2TM,75,2199,14.8,0.9,1.6,5.1,.111
Derrick White,2021-22,27,SAS,49,1486,15.7,1.8,1.4,3.3,.107
Derrick White,2021-22,27,BOS,26,713,12.9,-0.9,0.2,1.8,.121
Derrick White,2022-23,28,BOS,82,2319,15.4,2.4,2.6,7.4,.154
Derrick White,2023-24,29,BOS,73,2381,16.9,3.8,3.5,8.5,.171
Derrick White,2024-25,30,BOS,76,2574,16.6,3.5,3.6,8.5,.158
Eric White,1987-88,22,LAC,17,352,15.2,-1.5,0.0,0.8,.115
Eric White,1988-89,23,2TM,38,436,10.3,-4.4,-0.3,0.5,.050
Eric White,1988-89,23,UTA,1,2,-24.7,-33.9,0.0,0.0,-0.425
Eric White,1988-89,23,LAC,37,434,10.5,-4.3,-0.2,0.5,.052
Herb White,1970-71,22,ATL,38,315,8.4,,,0.1,.013
Hubie White,1962-63,23,SFW,29,271,6.3,,,-0.2,-0.038
Hubie White,1963-64,24,PHI,23,196,6.1,,,-0.6,-0.143
Hubie White,1964-65,,Did not play - other pro league,,,,,,,
Hubie White,1965-66,,Did not play - other pro league,,,,,,,
Hubie White,1966-67,,Did not play - other pro league,,,,,,,
Hubie White,1967-68,,Did not play - other pro league,,,,,,,
Hubie White,1968-69,,Did not play - injury,,,,,,,
Hubie White,1969-70,30,MMF,54,824,10.8,,,0.3,.019
Hubie White,1970-71,31,PTC,14,166,3.9,,,-0.3,-0.084
Jack White,2022-23,25,DEN,17,66,12.6,-1.9,0.0,0.1,.108
Jack White,2023-24,26,MEM,4,64,1.1,-10.3,-0.1,-0.1,-0.100
Jahidi White,1998-99,22,WAS,20,191,9.4,-6.1,-0.2,0.2,.039
Jahidi White,1999-00,23,WAS,80,1537,15.7,-2.7,-0.3,3.2,.101
Jahidi White,2000-01,24,WAS,68,1609,14.7,-3.3,-0.5,2.1,.061
Jahidi White,2001-02,25,WAS,71,1346,14.9,-1.5,0.2,3.3,.118
Jahidi White,2002-03,26,WAS,16,230,14.8,-4.2,-0.1,0.6,.134
Jahidi White,2003-04,27,2TM,62,865,11.8,-4.7,-0.6,1.2,.064
Jahidi White,2003-04,27,WAS,1,4,-13.4,-21.0,0.0,0.0,-0.570
Jahidi White,2003-04,27,PHO,61,861,11.9,-4.6,-0.6,1.2,.067
Jahidi White,2004-05,28,CHA,17,135,6.8,-8.5,-0.2,-0.1,-0.046
James White,2006-07,24,SAS,6,137,12.1,-4.0,-0.1,0.3,.108
James White,2007-08,,Did not play - other pro league,,,,,,,
James White,2008-09,26,HOU,4,11,14.6,2.4,0.0,0.0,-0.066
James White,2009-10,,Did not play - other pro league,,,,,,,
James White,2010-11,,Did not play - other pro league,,,,,,,
James White,2011-12,,Did not play - other pro league,,,,,,,
James White,2012-13,30,NYK,57,435,9.1,-3.1,-0.1,0.5,.051
Jo Jo White,1969-70,23,BOS,60,1328,14.7,,,2.0,.074
Jo Jo White,1970-71,24,BOS,75,2787,16.2,,,6.7,.116
Jo Jo White,1971-72,25,BOS,79,3261,15.3,,,5.4,.079
Jo Jo White,1972-73,26,BOS,82,3250,14.7,,,6.1,.091
Jo Jo White,1973-74,27,BOS,82,3238,14.0,0.0,1.6,7.3,.108
Jo Jo White,1974-75,28,BOS,82,3220,14.9,0.5,2.1,8.0,.119
Jo Jo White,1975-76,29,BOS,82,3257,14.6,0.4,2.0,7.4,.109
Jo Jo White,1976-77,30,BOS,82,3333,14.9,0.4,2.0,6.5,.094
Jo Jo White,1977-78,31,BOS,46,1641,11.9,-1.8,0.1,1.7,.049
Jo Jo White,1978-79,32,2TM,76,2338,11.2,-3.0,-0.6,1.1,.023
Jo Jo White,1978-79,32,BOS,47,1455,10.2,-3.9,-0.7,-0.3,-0.008
Jo Jo White,1978-79,32,GSW,29,883,12.7,-1.4,0.1,1.4,.075
Jo Jo White,1979-80,33,GSW,78,2052,11.2,-2.4,-0.2,1.5,.035
Jo Jo White,1980-81,34,KCK,13,236,10.4,-3.0,-0.1,0.1,.021
Okaro White,2016-17,24,MIA,35,471,7.5,-3.1,-0.1,0.6,.066
Okaro White,2017-18,25,MIA,6,80,8.9,-0.7,0.0,0.2,.096
Okaro White,2018-19,26,WAS,3,6,-4.5,-16.8,0.0,0.0,-0.251
Randy White,1989-90,22,DAL,55,707,7.4,-7.5,-1.0,-0.2,-0.012
Randy White,1990-91,23,DAL,79,1901,10.8,-5.2,-1.5,0.7,.018
Randy White,1991-92,24,DAL,65,1021,10.9,-4.9,-0.8,0.4,.019
Randy White,1992-93,25,DAL,64,1433,13.2,-3.6,-0.6,0.8,.026
Randy White,1993-94,26,DAL,18,320,11.4,-3.8,-0.1,0.2,.032
Rodney White,2001-02,21,DET,16,129,11.0,-4.5,-0.1,-0.2,-0.056
Rodney White,2002-03,22,DEN,72,1563,9.8,-3.7,-0.7,-0.4,-0.011
Rodney White,2003-04,23,DEN,72,985,16.4,-0.3,0.4,1.8,.087
Rodney White,2004-05,24,2TM,58,677,12.3,-1.0,0.2,0.5,.038
Rodney White,2004-05,24,DEN,42,531,14.0,0.9,0.4,0.7,.068
Rodney White,2004-05,24,GSW,16,146,6.2,-8.1,-0.2,-0.2,-0.069
Rory White,1982-83,23,PHO,65,626,14.7,-1.1,0.2,1.5,.118
Rory White,1983-84,24,3TM,36,372,13.9,-2.5,-0.1,0.4,.050
Rory White,1983-84,24,PHO,22,308,15.3,-2.0,0.0,0.5,.071
Rory White,1983-84,24,MIL,8,45,7.1,-4.6,0.0,-0.1,-0.062
Rory White,1983-84,24,SDC,6,19,7.6,-4.9,0.0,0.0,-0.020
Rory White,1984-85,25,LAC,80,1106,10.4,-2.5,-0.2,1.0,.045
Rory White,1985-86,26,LAC,75,1761,14.0,-2.1,-0.1,2.6,.070
Rory White,1986-87,27,LAC,68,1545,10.8,-3.8,-0.7,1.0,.030
Royce White,2013-14,22,SAC,3,9,-8.3,-16.9,0.0,0.0,-0.121
Rudy White,1975-76,22,HOU,32,284,12.5,-1.4,0.1,0.2,.036
Rudy White,1976-77,23,HOU,46,368,9.6,-2.6,-0.1,0.2,.025
Rudy White,1977-78,24,HOU,21,219,6.4,-5.7,-0.3,-0.3,-0.070
Rudy White,1978-79,,Did not play - injury,,,,,,,
Rudy White,1979-80,26,HOU,9,106,9.6,-2.9,0.0,0.1,.052
Rudy White,1980-81,27,2TM,16,208,6.6,-4.4,-0.1,0.0,.001
Rudy White,1980-81,27,GSW,4,43,13.3,-3.1,0.0,0.1,.094
Rudy White,1980-81,27,SEA,12,165,4.9,-4.8,-0.2,-0.1,-0.024
Tony White,1987-88,22,3TM,49,581,9.4,-5.4,-0.5,-0.3,-0.025
Tony White,1987-88,22,CHI,2,2,0.0,-6.1,0.0,0.0,.012
Tony White,1987-88,22,NYK,12,117,1.7,-9.9,-0.2,-0.3,-0.108
Tony White,1987-88,22,GSW,35,462,11.3,-4.3,-0.3,0.0,-0.004
Willie White,1984-85,22,DEN,39,234,10.5,-6.2,-0.3,-0.2,-0.035
Willie White,1985-86,23,DEN,43,343,15.1,0.3,0.2,0.5,.070
Isaiah Whitehead,2016-17,21,BRK,73,1643,7.6,-5.1,-1.3,-0.8,-0.023
Isaiah Whitehead,2017-18,22,BRK,16,180,11.5,-3.8,-0.1,-0.1,-0.035
Jerome Whitehead,1978-79,22,SDC,31,152,8.4,-4.1,-0.1,0.1,.026
Jerome Whitehead,1979-80,23,2TM,50,553,8.4,-4.8,-0.4,0.2,.017
Jerome Whitehead,1979-80,23,SDC,18,225,11.6,-2.9,-0.1,0.4,.087
Jerome Whitehead,1979-80,23,UTA,32,328,6.2,-6.0,-0.4,-0.2,-0.031
Jerome Whitehead,1980-81,24,3TM,48,688,8.3,-5.2,-0.6,0.2,.011
Jerome Whitehead,1980-81,24,DAL,7,118,6.0,-5.6,-0.2,-0.2,-0.072
Jerome Whitehead,1980-81,24,CLE,3,8,5.6,-5.0,0.0,0.0,.118
Jerome Whitehead,1980-81,24,SDC,38,562,8.8,-5.1,-0.4,0.3,.027
Jerome Whitehead,1981-82,25,SDC,72,2214,16.7,-0.6,0.8,5.3,.114
Jerome Whitehead,1982-83,26,SDC,46,905,15.4,-1.9,0.0,2.1,.110
Jerome Whitehead,1983-84,27,SDC,70,921,12.2,-3.8,-0.4,1.5,.080
Jerome Whitehead,1984-85,28,GSW,79,2536,12.6,-3.5,-0.9,3.6,.069
Jerome Whitehead,1985-86,29,GSW,81,1079,7.9,-6.5,-1.2,0.3,.013
Jerome Whitehead,1986-87,30,GSW,73,937,10.8,-5.6,-0.9,1.2,.059
Jerome Whitehead,1987-88,31,GSW,72,1221,10.8,-4.2,-0.7,1.6,.062
Jerome Whitehead,1988-89,32,2TM,57,622,6.9,-5.9,-0.6,0.4,.032
Jerome Whitehead,1988-89,32,GSW,5,42,2.5,-5.1,0.0,0.0,.007
Jerome Whitehead,1988-89,32,SAS,52,580,7.2,-6.0,-0.6,0.4,.034
Donald Whiteside,1996-97,27,TOR,27,259,7.6,-3.6,-0.1,0.1,.020
Donald Whiteside,1997-98,28,ATL,3,16,0.7,-7.7,0.0,0.0,-0.120
Hassan Whiteside,2010-11,21,SAC,1,2,-17.9,-27.9,0.0,0.0,.007
Hassan Whiteside,2011-12,22,SAC,18,109,16.2,-1.6,0.0,0.2,.073
Hassan Whiteside,2012-13,,Did not play - other pro league,,,,,,,
Hassan Whiteside,2013-14,,Did not play - other pro league,,,,,,,
Hassan Whiteside,2014-15,25,MIA,48,1142,26.2,4.1,1.8,5.3,.221
Hassan Whiteside,2015-16,26,MIA,73,2125,25.6,4.1,3.3,10.3,.233
Hassan Whiteside,2016-17,27,MIA,77,2513,22.6,1.5,2.2,9.5,.181
Hassan Whiteside,2017-18,28,MIA,54,1364,24.1,2.6,1.6,5.3,.187
Hassan Whiteside,2018-19,29,MIA,72,1674,23.5,2.3,1.8,6.3,.180
Hassan Whiteside,2019-20,30,POR,67,2008,25.0,3.2,2.6,8.5,.204
Hassan Whiteside,2020-21,31,SAC,36,546,19.2,-2.2,0.0,0.9,.081
Hassan Whiteside,2021-22,32,UTA,65,1162,22.9,2.1,1.2,5.8,.238
Dwayne Whitfield,1995-96,23,TOR,8,122,9.3,-7.2,-0.2,0.0,.010
Cam Whitmore,2023-24,19,HOU,47,880,16.6,0.1,0.5,1.5,.082
Cam Whitmore,2024-25,20,HOU,51,827,15.5,0.3,0.5,1.8,.106
Chris Whitney,1993-94,22,SAS,40,339,3.5,-8.2,-0.5,-0.3,-0.049
Chris Whitney,1994-95,23,SAS,25,179,3.0,-8.4,-0.3,-0.2,-0.044
Chris Whitney,1995-96,24,WSB,21,335,17.1,2.4,0.4,1.3,.181
Chris Whitney,1996-97,25,WSB,82,1117,15.2,1.5,1.0,3.2,.137
Chris Whitney,1997-98,26,WAS,82,1073,14.8,0.3,0.6,2.7,.120
Chris Whitney,1998-99,27,WAS,39,441,15.8,1.5,0.4,1.0,.108
Chris Whitney,1999-00,28,WAS,82,1627,15.6,1.1,1.2,4.0,.117
Chris Whitney,2000-01,29,WAS,59,1532,13.2,-1.1,0.4,2.3,.072
Chris Whitney,2001-02,30,WAS,82,2171,15.6,1.5,2.0,6.5,.143
Chris Whitney,2002-03,31,2TM,51,1052,9.2,-4.1,-0.6,0.6,.028
Chris Whitney,2002-03,31,DEN,29,762,10.2,-3.5,-0.3,0.8,.049
Chris Whitney,2002-03,31,ORL,22,290,6.7,-5.7,-0.3,-0.2,-0.026
Chris Whitney,2003-04,32,WAS,16,186,10.1,-0.4,0.1,0.2,.058
Hank Whitney,1961-62,,Did not play - other pro league,,,,,,,
Hank Whitney,1962-63,,Did not play - other pro league,,,,,,,
Hank Whitney,1963-64,,Did not play - other pro league,,,,,,,
Hank Whitney,1964-65,,Did not play - other pro league,,,,,,,
Hank Whitney,1965-66,,Did not play - other pro league,,,,,,,
Hank Whitney,1966-67,,Did not play - other pro league,,,,,,,
Hank Whitney,1967-68,28,NJA,37,1159,19.6,,,1.8,.076
Hank Whitney,1968-69,29,2TM,49,892,11.2,,,0.5,.028
Hank Whitney,1968-69,29,NYA,31,643,12.8,,,0.5,.040
Hank Whitney,1968-69,29,HSM,18,249,7.1,,,0.0,-0.004
Hank Whitney,1969-70,30,CAR,59,981,12.8,,,1.1,.056
Hawkeye Whitney,1980-81,23,KCK,47,782,14.0,-0.7,0.3,1.5,.091
Hawkeye Whitney,1981-82,24,KCK,23,266,5.4,-4.3,-0.2,-0.1,-0.025
Greg Whittington,2020-21,27,DEN,4,12,-10.2,-17.2,0.0,-0.1,-0.259
Shayne Whittington,2014-15,23,IND,20,108,20.0,0.4,0.1,0.4,.200
Shayne Whittington,2015-16,24,IND,7,41,7.4,-7.5,-0.1,0.0,-0.009
Sidney Wicks,1971-72,22,POR,82,3245,19.2,,,2.3,.034
Sidney Wicks,1972-73,23,POR,80,3152,20.3,,,5.6,.085
Sidney Wicks,1973-74,24,POR,75,2853,19.0,1.0,2.2,5.6,.094
Sidney Wicks,1974-75,25,POR,82,3162,19.7,2.2,3.4,9.7,.147
Sidney Wicks,1975-76,26,POR,79,3044,16.4,0.3,1.8,7.1,.112
Sidney Wicks,1976-77,27,BOS,82,2642,15.4,-0.1,1.3,6.1,.110
Sidney Wicks,1977-78,28,BOS,81,2413,13.9,-1.1,0.5,4.2,.084
Sidney Wicks,1978-79,29,SDC,79,2022,11.1,-2.6,-0.3,1.5,.037
Sidney Wicks,1979-80,30,SDC,71,2146,8.5,-2.8,-0.4,-0.1,-0.001
Sidney Wicks,1980-81,31,SDC,49,1083,9.7,-2.6,-0.2,0.4,.016
Sidney Wicks,1981-82,,Did not play - other pro league,,,,,,,
Ron Widby,1967-68,22,NOB,20,137,11.5,,,0.0,-0.006
Murray Wier,1948-49,,Did not play - other pro league,,,,,,,
Murray Wier,1949-50,23,TRI,56,,,,,1.6,
Bob Wiesenhahn,1961-62,23,CIN,60,326,7.5,,,-0.7,-0.107
Joe Wieskamp,2021-22,22,SAS,29,205,7.1,-3.9,-0.1,0.1,.035
Joe Wieskamp,2022-23,23,TOR,9,50,-0.4,-10.6,-0.1,-0.1,-0.076
Joe Wieskamp,2023-24,,Did not play - other pro league,,,,,,,
Aaron Wiggins,2021-22,23,OKC,50,1209,10.3,-4.3,-0.7,1.2,.048
Aaron Wiggins,2022-23,24,OKC,70,1297,12.2,-2.1,0.0,2.6,.097
Aaron Wiggins,2023-24,25,OKC,78,1228,15.6,0.7,0.8,3.7,.144
Aaron Wiggins,2024-25,26,OKC,76,1744,16.1,1.1,1.4,5.4,.148
Andrew Wiggins,2014-15,19,MIN,82,2969,13.9,-2.4,-0.3,2.1,.034
Andrew Wiggins,2015-16,20,MIN,81,2845,16.5,-1.3,0.5,4.1,.069
Andrew Wiggins,2016-17,21,MIN,82,3048,16.5,-1.7,0.2,4.2,.066
Andrew Wiggins,2017-18,22,MIN,82,2979,13.0,-2.4,-0.3,2.1,.033
Andrew Wiggins,2018-19,23,MIN,73,2543,12.4,-3.0,-0.6,0.6,.012
Andrew Wiggins,2019-20,24,2TM,54,1858,16.4,-0.3,0.8,1.9,.050
Andrew Wiggins,2019-20,24,MIN,42,1455,16.1,-0.4,0.6,1.4,.046
Andrew Wiggins,2019-20,24,GSW,12,403,17.5,-0.1,0.2,0.5,.064
Andrew Wiggins,2020-21,25,GSW,71,2364,15.0,-0.4,1.0,3.9,.080
Andrew Wiggins,2021-22,26,GSW,73,2329,15.0,0.4,1.4,5.1,.105
Andrew Wiggins,2022-23,27,GSW,37,1190,14.7,-0.5,0.5,2.3,.091
Andrew Wiggins,2023-24,28,GSW,71,1920,12.7,-2.5,-0.3,2.8,.070
Andrew Wiggins,2024-25,29,2TM,60,1842,16.4,0.9,1.4,4.0,.104
Andrew Wiggins,2024-25,29,GSW,43,1296,16.4,1.0,1.0,3.2,.119
Andrew Wiggins,2024-25,29,MIA,17,546,16.4,0.7,0.4,0.8,.069
Mitchell Wiggins,1983-84,24,CHI,82,2123,13.7,-1.1,0.5,3.3,.076
Mitchell Wiggins,1984-85,25,HOU,82,1575,14.0,-0.2,0.7,3.5,.107
Mitchell Wiggins,1985-86,26,HOU,78,1198,12.6,-2.3,-0.1,2.0,.079
Mitchell Wiggins,1986-87,27,HOU,32,788,13.5,-1.2,0.2,1.2,.070
Mitchell Wiggins,1987-88,,Did not play - suspended,,,,,,,
Mitchell Wiggins,1988-89,,Did not play - suspended,,,,,,,
Mitchell Wiggins,1989-90,30,HOU,66,1852,16.3,0.2,1.0,5.4,.139
Mitchell Wiggins,1990-91,,Did not play - unsigned,,,,,,,
Mitchell Wiggins,1991-92,32,PHI,49,569,8.9,-6.4,-0.6,-0.1,-0.008
Lindell Wigginton,2021-22,23,MIL,19,199,10.2,-5.0,-0.2,0.2,.044
Lindell Wigginton,2022-23,24,MIL,7,87,11.8,-6.7,-0.1,0.1,.028
Lindell Wigginton,2023-24,25,MIL,3,8,5.6,-23.9,0.0,0.0,-0.154
Ken Wilburn,1966-67,,Did not play - other pro league,,,,,,,
Ken Wilburn,1967-68,23,CHI,3,26,16.2,,,0.1,.125
Ken Wilburn,1968-69,24,4TM,51,479,13.3,,,0.0,.004
Ken Wilburn,1968-69,24,3TM,47,465,13.4,,,0.1,.008
Ken Wilburn,1968-69,24,CHI,4,14,9.9,,,0.0,-0.123
Ken Wilburn,1968-69,24,NYA,4,22,1.7,,,0.0,-0.031
Ken Wilburn,1968-69,24,DNR,37,409,15.1,,,0.1,.014
Ken Wilburn,1968-69,24,MNP,6,34,1.5,,,0.0,-0.037
C.J. Wilcox,2014-15,24,LAC,21,101,8.5,-4.9,-0.1,0.0,-0.024
C.J. Wilcox,2015-16,25,LAC,23,167,12.9,-1.5,0.0,0.3,.089
C.J. Wilcox,2016-17,26,ORL,22,108,2.9,-8.1,-0.2,-0.2,-0.090
Chris Wilcox,2002-03,20,LAC,46,479,12.5,-3.2,-0.1,0.6,.062
Chris Wilcox,2003-04,21,LAC,65,1340,15.3,-2.2,-0.1,2.6,.094
Chris Wilcox,2004-05,22,LAC,54,1005,13.6,-2.7,-0.2,1.3,.064
Chris Wilcox,2005-06,23,2TM,77,1529,17.3,-0.1,0.7,4.4,.138
Chris Wilcox,2005-06,23,LAC,48,657,13.2,-1.3,0.1,1.6,.119
Chris Wilcox,2005-06,23,SEA,29,872,20.4,0.8,0.6,2.8,.153
Chris Wilcox,2006-07,24,SEA,82,2586,16.6,-1.1,0.6,6.0,.112
Chris Wilcox,2007-08,25,SEA,62,1739,16.3,-1.0,0.4,3.4,.093
Chris Wilcox,2008-09,26,2TM,62,1049,13.3,-3.8,-0.5,1.1,.048
Chris Wilcox,2008-09,26,OKC,37,719,13.4,-4.0,-0.4,0.6,.039
Chris Wilcox,2008-09,26,NYK,25,330,13.2,-3.5,-0.1,0.5,.070
Chris Wilcox,2009-10,27,DET,34,441,12.0,-3.8,-0.2,0.2,.022
Chris Wilcox,2010-11,28,DET,57,995,18.0,-1.4,0.2,2.8,.133
Chris Wilcox,2011-12,29,BOS,28,481,12.4,-2.1,0.0,1.3,.132
Chris Wilcox,2012-13,30,BOS,61,830,15.3,0.0,0.4,3.1,.181
D.C. Wilcutt,1948-49,25,STB,22,,,,,0.4,
D.C. Wilcutt,1949-50,26,STB,37,,,,,0.6,
Gene Wiley,1962-63,25,LAL,75,1488,7.7,,,1.8,.058
Gene Wiley,1963-64,26,LAL,78,1510,10.4,,,2.8,.090
Gene Wiley,1964-65,27,LAL,80,2002,10.3,,,2.4,.058
Gene Wiley,1965-66,28,LAL,67,1386,8.9,,,1.3,.045
Gene Wiley,1966-67,,Did not play - retired,,,,,,,
Gene Wiley,1967-68,30,2TM,9,85,6.1,,,-0.1,-0.035
Gene Wiley,1967-68,30,OAK,8,64,10.4,,,0.0,-0.028
Gene Wiley,1967-68,30,DLC,1,21,-6.9,,,0.0,-0.057
Jacob Wiley,2017-18,23,BRK,5,33,8.2,-2.3,0.0,0.1,.094
Michael Wiley,1980-81,23,SAS,33,271,19.8,-0.8,0.1,0.8,.144
Michael Wiley,1981-82,24,SDC,61,1013,16.2,-0.1,0.5,2.1,.097
Morlon Wiley,1988-89,22,DAL,51,408,10.3,-2.4,0.0,0.2,.028
Morlon Wiley,1989-90,23,ORL,40,638,11.3,-2.4,-0.1,0.1,.009
Morlon Wiley,1990-91,24,ORL,34,350,10.5,-2.2,0.0,0.1,.015
Morlon Wiley,1991-92,25,3TM,53,870,10.6,-2.1,0.0,0.9,.051
Morlon Wiley,1991-92,25,ORL,9,90,3.3,-8.2,-0.1,-0.2,-0.100
Morlon Wiley,1991-92,25,SAS,3,13,12.2,-3.3,0.0,0.0,.162
Morlon Wiley,1991-92,25,ATL,41,767,11.4,-1.3,0.1,1.1,.067
Morlon Wiley,1992-93,26,2TM,58,995,9.9,-2.1,0.0,0.5,.023
Morlon Wiley,1992-93,26,ATL,25,354,9.3,-1.9,0.0,0.2,.032
Morlon Wiley,1992-93,26,DAL,33,641,10.3,-2.1,0.0,0.3,.019
Morlon Wiley,1993-94,27,2TM,16,158,4.1,-4.6,-0.1,-0.2,-0.069
Morlon Wiley,1993-94,27,MIA,4,34,4.2,-6.6,0.0,-0.1,-0.104
Morlon Wiley,1993-94,27,DAL,12,124,4.1,-4.1,-0.1,-0.2,-0.059
Morlon Wiley,1994-95,28,2TM,43,424,13.8,1.8,0.4,1.1,.124
Morlon Wiley,1994-95,28,DAL,38,407,13.5,1.6,0.4,1.1,.127
Morlon Wiley,1994-95,28,ATL,5,17,19.7,7.6,0.0,0.0,.041
Win Wilfong,1957-58,24,STL,71,1360,12.6,,,2.1,.073
Win Wilfong,1958-59,25,STL,63,741,8.3,,,0.2,.015
Win Wilfong,1959-60,26,CIN,72,1992,11.0,,,0.6,.015
Win Wilfong,1960-61,27,CIN,62,717,9.7,,,-0.3,-0.018
Lenny Wilkens,1960-61,23,STL,75,1898,13.4,,,4.9,.123
Lenny Wilkens,1961-62,24,STL,20,870,11.9,,,0.4,.022
Lenny Wilkens,1962-63,25,STL,75,2569,12.1,,,4.0,.075
Lenny Wilkens,1963-64,26,STL,78,2526,12.5,,,5.0,.094
Lenny Wilkens,1964-65,27,STL,78,2854,15.6,,,8.1,.135
Lenny Wilkens,1965-66,28,STL,69,2692,15.9,,,7.6,.135
Lenny Wilkens,1966-67,29,STL,78,2974,15.6,,,7.6,.123
Lenny Wilkens,1967-68,30,STL,82,3169,19.0,,,10.1,.153
Lenny Wilkens,1968-69,31,SEA,82,3463,18.4,,,9.0,.125
Lenny Wilkens,1969-70,32,SEA,75,2802,17.3,,,4.9,.084
Lenny Wilkens,1970-71,33,SEA,71,2641,19.0,,,5.7,.104
Lenny Wilkens,1971-72,34,SEA,80,2989,20.3,,,9.6,.154
Lenny Wilkens,1972-73,35,CLE,75,2973,19.3,,,9.5,.154
Lenny Wilkens,1973-74,36,CLE,74,2483,18.7,1.9,2.4,6.5,.126
Lenny Wilkens,1974-75,37,POR,65,1161,16.6,1.3,1.0,2.7,.111
Bob Wilkerson,1976-77,22,SEA,78,1552,11.2,-2.2,-0.1,0.9,.028
Bob Wilkerson,1977-78,23,DEN,81,2780,10.0,-2.8,-0.6,0.7,.011
Bob Wilkerson,1978-79,24,DEN,80,2425,12.0,-0.9,0.7,2.9,.058
Bob Wilkerson,1979-80,25,DEN,75,2381,10.9,-3.8,-1.1,0.2,.004
Bob Wilkerson,1980-81,26,CHI,80,2238,12.3,-0.7,0.7,3.2,.068
Bob Wilkerson,1981-82,27,CLE,65,1805,12.5,-1.5,0.2,0.7,.018
Bob Wilkerson,1982-83,28,CLE,77,1702,9.2,-3.2,-0.5,-0.3,-0.010
Jamaal Wilkes,1974-75,21,GSW,82,2515,15.3,-0.8,0.8,5.1,.097
Jamaal Wilkes,1975-76,22,GSW,82,2716,16.8,0.8,1.9,8.3,.147
Jamaal Wilkes,1976-77,23,GSW,76,2579,16.8,1.0,2.0,7.3,.135
Jamaal Wilkes,1977-78,24,LAL,51,1490,16.1,1.1,1.2,3.3,.106
Jamaal Wilkes,1978-79,25,LAL,82,2915,16.4,-0.2,1.3,6.9,.113
Jamaal Wilkes,1979-80,26,LAL,82,3111,17.6,1.3,2.6,10.0,.154
Jamaal Wilkes,1980-81,27,LAL,81,3028,18.0,0.5,1.9,8.5,.135
Jamaal Wilkes,1981-82,28,LAL,82,2906,16.5,-0.8,0.9,7.7,.127
Jamaal Wilkes,1982-83,29,LAL,80,2552,17.6,-0.5,1.0,7.4,.139
Jamaal Wilkes,1983-84,30,LAL,75,2507,15.4,-0.3,1.1,6.0,.115
Jamaal Wilkes,1984-85,31,LAL,42,761,11.0,-3.7,-0.3,0.9,.056
Jamaal Wilkes,1985-86,32,LAC,13,195,10.2,-3.4,-0.1,0.0,.005
James Wilkes,1980-81,22,CHI,48,540,11.2,-2.0,0.0,0.8,.072
James Wilkes,1981-82,23,CHI,57,862,11.8,-1.6,0.1,1.1,.061
James Wilkes,1982-83,24,DET,9,129,6.9,-4.0,-0.1,0.1,.038
Damien Wilkins,2004-05,25,SEA,29,520,13.4,0.0,0.3,1.0,.092
Damien Wilkins,2005-06,26,SEA,82,1525,13.1,-1.6,0.1,1.7,.054
Damien Wilkins,2006-07,27,SEA,82,2037,13.1,-0.9,0.6,2.8,.066
Damien Wilkins,2007-08,28,SEA,76,1843,11.3,-2.3,-0.2,1.0,.027
Damien Wilkins,2008-09,29,OKC,41,636,8.3,-4.7,-0.4,0.0,.002
Damien Wilkins,2009-10,30,MIN,80,1585,11.5,-1.3,0.3,1.9,.056
Damien Wilkins,2010-11,31,ATL,52,676,11.4,-1.0,0.2,1.5,.104
Damien Wilkins,2011-12,32,DET,60,922,6.9,-4.0,-0.5,0.4,.019
Damien Wilkins,2012-13,33,PHI,61,1095,12.5,-2.2,-0.1,1.9,.083
Damien Wilkins,2013-14,,Did not play - other pro league,,,,,,,
Damien Wilkins,2014-15,,Did not play - other pro league,,,,,,,
Damien Wilkins,2015-16,,Did not play - other pro league,,,,,,,
Damien Wilkins,2016-17,,Did not play - other pro league,,,,,,,
Damien Wilkins,2017-18,38,IND,19,152,4.9,-6.1,-0.2,-0.1,-0.019
Dominique Wilkins,1982-83,23,ATL,82,2697,16.6,0.5,1.7,5.8,.103
Dominique Wilkins,1983-84,24,ATL,81,2961,19.2,1.6,2.7,7.0,.113
Dominique Wilkins,1984-85,25,ATL,81,3023,20.9,2.2,3.2,7.6,.121
Dominique Wilkins,1985-86,26,ATL,78,3049,23.3,4.2,4.8,10.8,.170
Dominique Wilkins,1986-87,27,ATL,79,2969,23.5,5.5,5.6,12.2,.197
Dominique Wilkins,1987-88,28,ATL,78,2948,23.7,4.3,4.7,9.8,.160
Dominique Wilkins,1988-89,29,ATL,80,2997,21.8,3.4,4.1,10.4,.166
Dominique Wilkins,1989-90,30,ATL,80,2888,24.6,5.4,5.4,11.1,.184
Dominique Wilkins,1990-91,31,ATL,81,3078,23.5,4.9,5.4,11.4,.177
Dominique Wilkins,1991-92,32,ATL,42,1601,22.2,4.7,2.7,5.1,.152
Dominique Wilkins,1992-93,33,ATL,71,2647,24.3,5.4,4.9,10.5,.191
Dominique Wilkins,1993-94,34,2TM,74,2635,21.4,2.6,3.0,8.4,.153
Dominique Wilkins,1993-94,34,ATL,49,1687,21.1,2.7,2.0,5.8,.166
Dominique Wilkins,1993-94,34,LAC,25,948,21.8,2.2,1.0,2.6,.130
Dominique Wilkins,1994-95,35,BOS,77,2423,16.3,0.1,1.3,3.9,.076
Dominique Wilkins,1995-96,,Did not play - other pro league,,,,,,,
Dominique Wilkins,1996-97,37,SAS,63,1945,19.6,0.3,1.1,3.4,.083
Dominique Wilkins,1997-98,,Did not play - other pro league,,,,,,,
Dominique Wilkins,1998-99,39,ORL,27,252,15.4,-2.4,0.0,0.3,.053
Eddie Lee Wilkins,1984-85,22,NYK,54,917,9.5,-5.3,-0.8,0.8,.043
Eddie Lee Wilkins,1985-86,,Did not play - injury,,,,,,,
Eddie Lee Wilkins,1986-87,24,NYK,24,454,7.0,-7.7,-0.7,-0.1,-0.012
Eddie Lee Wilkins,1987-88,,Did not play - other pro league,,,,,,,
Eddie Lee Wilkins,1988-89,26,NYK,71,584,10.2,-7.5,-0.8,0.3,.023
Eddie Lee Wilkins,1989-90,27,NYK,79,972,9.9,-6.6,-1.1,0.8,.040
Eddie Lee Wilkins,1990-91,28,NYK,68,668,10.5,-6.6,-0.8,0.3,.019
Eddie Lee Wilkins,1991-92,,Did not play - other pro league,,,,,,,
Eddie Lee Wilkins,1992-93,30,PHI,26,192,21.2,-2.1,0.0,0.5,.122
Gerald Wilkins,1985-86,22,NYK,81,2025,12.2,-2.1,-0.1,0.7,.018
Gerald Wilkins,1986-87,23,NYK,80,2758,16.2,0.0,1.4,3.3,.057
Gerald Wilkins,1987-88,24,NYK,81,2703,13.7,-0.4,1.1,3.4,.061
Gerald Wilkins,1988-89,25,NYK,81,2414,13.8,-0.2,1.1,4.3,.086
Gerald Wilkins,1989-90,26,NYK,82,2609,14.3,-0.3,1.1,4.4,.082
Gerald Wilkins,1990-91,27,NYK,68,2164,13.3,-1.0,0.5,3.0,.066
Gerald Wilkins,1991-92,28,NYK,82,2344,12.0,-1.0,0.6,4.0,.082
Gerald Wilkins,1992-93,29,CLE,80,2079,12.9,-2.2,-0.1,3.5,.080
Gerald Wilkins,1993-94,30,CLE,82,2768,14.9,1.1,2.2,6.8,.118
Gerald Wilkins,1994-95,,Did not play - injury,,,,,,,
Gerald Wilkins,1995-96,32,VAN,28,738,7.3,-6.0,-0.7,-0.2,-0.014
Gerald Wilkins,1996-97,33,ORL,80,2202,11.2,-2.5,-0.3,2.1,.046
Gerald Wilkins,1997-98,34,ORL,72,1252,5.4,-6.6,-1.5,-1.2,-0.048
Gerald Wilkins,1998-99,35,ORL,3,28,-14.8,-20.1,-0.1,-0.2,-0.381
Jeff Wilkins,1977-78,,Did not play - other pro league,,,,,,,
Jeff Wilkins,1978-79,,Did not play - other pro league,,,,,,,
Jeff Wilkins,1979-80,,Did not play - other pro league,,,,,,,
Jeff Wilkins,1980-81,25,UTA,56,1058,9.2,-4.0,-0.5,0.5,.024
Jeff Wilkins,1981-82,26,UTA,82,2274,10.5,-4.0,-1.2,1.0,.021
Jeff Wilkins,1982-83,27,UTA,81,2307,11.6,-3.6,-0.9,2.4,.049
Jeff Wilkins,1983-84,28,UTA,81,1734,10.9,-3.6,-0.7,2.3,.065
Jeff Wilkins,1984-85,29,UTA,79,1505,11.6,-2.7,-0.3,2.3,.074
Jeff Wilkins,1985-86,30,2TM,75,1126,7.2,-6.2,-1.2,0.3,.012
Jeff Wilkins,1985-86,30,UTA,48,604,7.7,-6.7,-0.7,0.1,.006
Jeff Wilkins,1985-86,30,SAS,27,522,6.7,-5.6,-0.5,0.2,.020
Dale Wilkinson,1982-83,,Did not play - other pro league,,,,,,,
Dale Wilkinson,1983-84,,Did not play - other pro league,,,,,,,
Dale Wilkinson,1984-85,24,2TM,12,45,-1.3,-14.0,-0.1,-0.1,-0.124
Dale Wilkinson,1984-85,24,DET,2,7,-10.9,-19.3,0.0,0.0,-0.197
Dale Wilkinson,1984-85,24,LAC,10,38,0.5,-13.0,-0.1,-0.1,-0.110
Mike Wilks,2002-03,23,2TM,46,688,9.3,-1.7,0.0,0.7,.049
Mike Wilks,2002-03,23,ATL,15,364,9.4,-1.0,0.1,0.3,.042
Mike Wilks,2002-03,23,MIN,31,324,9.1,-2.5,0.0,0.4,.056
Mike Wilks,2003-04,24,HOU,26,145,14.4,1.7,0.1,0.5,.169
Mike Wilks,2004-05,25,SAS,48,278,11.0,-1.1,0.1,0.6,.099
Mike Wilks,2005-06,26,2TM,47,348,5.8,-5.8,-0.3,-0.3,-0.042
Mike Wilks,2005-06,26,CLE,37,243,2.0,-7.5,-0.3,-0.4,-0.075
Mike Wilks,2005-06,26,SEA,10,105,14.6,-1.7,0.0,0.1,.035
Mike Wilks,2006-07,27,SEA,47,534,12.7,-1.5,0.1,0.8,.070
Mike Wilks,2007-08,28,3TM,15,188,8.6,-2.3,0.0,0.2,.052
Mike Wilks,2007-08,28,DEN,8,122,6.4,-3.4,0.0,0.1,.032
Mike Wilks,2007-08,28,WAS,4,44,10.1,1.0,0.0,0.1,.094
Mike Wilks,2007-08,28,SEA,3,22,17.7,-2.8,0.0,0.0,.074
Mike Wilks,2008-09,,Did not play - injury,,,,,,,
Mike Wilks,2009-10,30,OKC,4,59,5.9,-6.2,-0.1,0.0,.023
Aaron Williams,1993-94,22,UTA,6,12,-7.0,-23.9,-0.1,-0.1,-0.327
Aaron Williams,1994-95,23,MIL,15,72,7.0,-9.0,-0.1,-0.1,-0.067
Aaron Williams,1995-96,,Did not play - other pro league,,,,,,,
Aaron Williams,1996-97,25,2TM,33,563,16.4,-1.6,0.1,1.1,.098
Aaron Williams,1996-97,25,DEN,1,10,19.1,-5.5,0.0,-0.1,-0.281
Aaron Williams,1996-97,25,VAN,32,553,16.4,-1.6,0.1,1.2,.104
Aaron Williams,1997-98,26,SEA,65,757,13.4,-3.3,-0.2,1.7,.105
Aaron Williams,1998-99,27,SEA,40,458,15.2,-1.6,0.0,1.1,.110
Aaron Williams,1999-00,28,WAS,81,1545,17.7,0.3,0.9,4.8,.150
Aaron Williams,2000-01,29,NJN,82,2336,15.1,-1.6,0.2,5.2,.107
Aaron Williams,2001-02,30,NJN,82,1546,15.2,-0.4,0.6,5.0,.154
Aaron Williams,2002-03,31,NJN,81,1597,11.9,-1.6,0.2,3.7,.110
Aaron Williams,2003-04,32,NJN,72,1337,13.2,-1.6,0.1,3.4,.122
Aaron Williams,2004-05,33,2TM,42,315,5.9,-6.7,-0.4,0.3,.039
Aaron Williams,2004-05,33,NJN,19,150,8.9,-3.2,0.0,0.2,.073
Aaron Williams,2004-05,33,TOR,23,165,3.3,-9.8,-0.3,0.0,.008
Aaron Williams,2005-06,34,2TM,48,791,11.6,-3.6,-0.3,1.6,.096
Aaron Williams,2005-06,34,TOR,14,99,7.2,-6.0,-0.1,0.1,.048
Aaron Williams,2005-06,34,NOK,34,692,12.2,-3.3,-0.2,1.5,.103
Aaron Williams,2006-07,35,LAC,38,374,9.4,-2.7,-0.1,0.7,.089
Aaron Williams,2007-08,36,LAC,30,297,10.3,-2.5,0.0,0.4,.072
Al Williams,1970-71,22,KEN,11,70,15.3,,,0.0,.012
Alan Williams,2015-16,23,PHO,10,68,21.1,-0.2,0.0,0.2,.146
Alan Williams,2016-17,24,PHO,47,708,19.5,-1.3,0.1,2.1,.142
Alan Williams,2017-18,25,PHO,5,70,9.3,-5.0,-0.1,0.0,-0.004
Alan Williams,2018-19,26,BRK,5,26,32.9,11.8,0.1,0.2,.312
Alondes Williams,2022-23,23,BRK,1,5,-20.9,-26.5,0.0,-0.1,-0.517
Alondes Williams,2023-24,24,MIA,7,16,-7.9,-23.2,-0.1,-0.1,-0.357
Alondes Williams,2024-25,25,DET,1,4,53.4,44.1,0.0,0.0,.565
Alvin Williams,1997-98,23,2TM,54,1071,10.3,-2.6,-0.2,1.3,.059
Alvin Williams,1997-98,23,POR,41,864,11.0,-1.8,0.0,1.4,.075
Alvin Williams,1997-98,23,TOR,13,207,7.3,-5.8,-0.2,0.0,-0.009
Alvin Williams,1998-99,24,TOR,50,1051,10.4,-2.2,-0.1,1.2,.053
Alvin Williams,1999-00,25,TOR,55,779,13.6,-1.1,0.2,1.0,.063
Alvin Williams,2000-01,26,TOR,82,2394,15.2,0.8,1.7,5.4,.109
Alvin Williams,2001-02,27,TOR,82,2927,13.8,0.3,1.7,5.2,.086
Alvin Williams,2002-03,28,TOR,78,2638,16.7,0.4,1.6,5.5,.101
Alvin Williams,2003-04,29,TOR,56,1730,11.4,-1.9,0.0,2.1,.058
Alvin Williams,2004-05,,Did not play - injury,,,,,,,
Alvin Williams,2005-06,31,TOR,1,10,-4.7,-15.1,0.0,-0.1,-0.278
Alvin Williams,2006-07,32,LAC,2,10,6.6,-4.7,0.0,-0.1,-0.309
Art Williams,1967-68,28,SDR,79,1739,12.3,,,0.0,-0.001
Art Williams,1968-69,29,SDR,79,1987,13.1,,,3.4,.083
Art Williams,1969-70,30,SDR,80,1545,15.2,,,3.1,.096
Art Williams,1970-71,31,BOS,74,1141,12.5,,,2.7,.114
Art Williams,1971-72,32,BOS,81,1326,14.7,,,4.4,.159
Art Williams,1972-73,33,BOS,81,974,13.2,,,2.8,.138
Art Williams,1973-74,34,BOS,67,617,14.7,0.0,0.3,1.2,.096
Art Williams,1974-75,35,SDA,7,89,10.3,-2.7,0.0,0.1,.043
Bernie Williams,1969-70,24,SDR,72,1228,11.5,,,0.1,.004
Bernie Williams,1970-71,25,SDR,56,708,10.1,,,-0.3,-0.020
Bernie Williams,1971-72,26,VIR,78,1667,10.7,,,1.1,.032
Bernie Williams,1972-73,27,VIR,71,1513,11.9,,,0.8,.026
Bernie Williams,1973-74,28,VIR,6,51,4.8,-4.7,-0.1,-0.1,-0.088
Bob Williams,1955-56,24,MNL,20,173,13.1,,,0.5,.126
Bob Williams,1956-57,25,MNL,4,20,6.1,,,0.0,.006
Brandon Williams,1997-98,22,GSW,9,140,2.9,-9.1,-0.3,-0.3,-0.089
Brandon Williams,1998-99,23,SAS,3,4,24.4,7.4,0.0,0.0,.328
Brandon Williams,1999-00,,Did not play - other pro league,,,,,,,
Brandon Williams,2000-01,,Did not play - other pro league,,,,,,,
Brandon Williams,2001-02,,Did not play - other pro league,,,,,,,
Brandon Williams,2002-03,27,ATL,6,19,-10.4,-21.8,-0.1,-0.2,-0.392
Brandon Williams,2021-22,22,POR,24,640,11.0,-5.7,-0.6,-0.5,-0.037
Brandon Williams,2022-23,,Did not play - other pro league,,,,,,,
Brandon Williams,2023-24,24,DAL,17,113,9.3,-5.5,-0.1,-0.1,-0.044
Brandon Williams,2024-25,25,DAL,33,487,18.3,1.0,0.4,1.3,.129
Buck Williams,1981-82,21,NJN,82,2825,17.2,0.7,1.9,8.9,.152
Buck Williams,1982-83,22,NJN,82,2961,18.6,2.0,3.0,11.4,.185
Buck Williams,1983-84,23,NJN,81,3003,15.8,-0.1,1.4,7.3,.117
Buck Williams,1984-85,24,NJN,82,3182,16.7,-0.3,1.4,7.7,.116
Buck Williams,1985-86,25,NJN,82,3070,15.1,-0.6,1.1,6.8,.106
Buck Williams,1986-87,26,NJN,82,2976,17.6,0.5,1.9,7.9,.127
Buck Williams,1987-88,27,NJN,70,2637,18.2,0.2,1.5,7.6,.138
Buck Williams,1988-89,28,NJN,74,2446,14.6,-1.2,0.5,5.2,.101
Buck Williams,1989-90,29,POR,82,2801,14.3,0.7,1.9,8.7,.149
Buck Williams,1990-91,30,POR,80,2582,14.3,0.5,1.6,8.5,.158
Buck Williams,1991-92,31,POR,80,2519,15.0,1.2,2.0,9.2,.175
Buck Williams,1992-93,32,POR,82,2498,11.9,-1.0,0.6,6.1,.117
Buck Williams,1993-94,33,POR,81,2636,14.0,-0.6,0.9,7.9,.143
Buck Williams,1994-95,34,POR,82,2422,13.6,-0.8,0.7,6.1,.121
Buck Williams,1995-96,35,POR,70,1672,12.3,-1.4,0.3,3.9,.113
Buck Williams,1996-97,36,NYK,74,1496,13.9,0.1,0.8,4.8,.155
Buck Williams,1997-98,37,NYK,41,738,12.3,-1.2,0.2,2.1,.135
C.J. Williams,2017-18,27,LAC,38,707,9.5,-2.1,0.0,0.7,.051
C.J. Williams,2018-19,28,MIN,15,128,8.8,-3.7,-0.1,0.1,.042
Charlie Williams,1965-66,,Did not play - suspended,,,,,,,
Charlie Williams,1966-67,,Did not play - suspended,,,,,,,
Charlie Williams,1967-68,24,PTP,78,3042,12.2,,,3.9,.061
Charlie Williams,1968-69,25,MNP,66,2282,11.1,,,0.6,.012
Charlie Williams,1969-70,26,PTP,26,925,11.0,,,-0.7,-0.039
Charlie Williams,1970-71,27,2TM,88,2242,11.6,,,1.3,.027
Charlie Williams,1970-71,27,PTC,32,973,9.1,,,0.6,.028
Charlie Williams,1970-71,27,MMP,56,1269,13.5,,,0.7,.027
Charlie Williams,1971-72,28,MMP,82,2583,10.0,,,1.1,.020
Charlie Williams,1972-73,29,2TM,32,370,4.7,,,-0.3,-0.041
Charlie Williams,1972-73,29,MMT,10,219,5.1,,,-0.2,-0.054
Charlie Williams,1972-73,29,UTS,22,151,4.3,,,-0.1,-0.021
Chuck Williams,1970-71,24,PTC,83,1795,11.7,,,3.0,.080
Chuck Williams,1971-72,25,DNR,84,1580,13.2,,,3.2,.098
Chuck Williams,1972-73,26,SDA,83,3074,16.0,,,10.0,.156
Chuck Williams,1973-74,27,2TM,90,2876,13.0,-1.7,0.2,3.8,.064
Chuck Williams,1973-74,27,SDA,57,1954,14.2,-1.4,0.3,2.9,.071
Chuck Williams,1973-74,27,KEN,33,922,10.3,-2.5,-0.1,1.0,.050
Chuck Williams,1974-75,28,MMS,81,3171,15.0,-0.3,1.3,6.1,.093
Chuck Williams,1975-76,29,DNA,79,2529,11.4,-1.0,0.6,4.7,.089
Chuck Williams,1976-77,30,2TM,65,867,10.2,-2.4,-0.1,0.6,.035
Chuck Williams,1976-77,30,DEN,21,311,9.8,-3.4,-0.1,0.3,.041
Chuck Williams,1976-77,30,BUF,44,556,10.4,-1.8,0.0,0.4,.032
Chuck Williams,1977-78,31,BUF,73,2002,9.5,-3.0,-0.5,1.3,.031
Chuckie Williams,1976-77,23,CLE,22,65,8.8,-6.5,-0.1,-0.2,-0.137
Cliff Williams,1968-69,23,DET,3,18,-3.5,,,-0.1,-0.277
Cody Williams,2024-25,20,UTA,50,1060,3.7,-7.3,-1.4,-1.2,-0.053
Corey Williams,1992-93,22,CHI,35,242,9.3,-5.7,-0.2,0.2,.042
Corey Williams,1993-94,23,MIN,4,46,8.0,-5.2,0.0,0.0,.009
Deron Williams,2005-06,21,UTA,80,2307,12.4,-1.7,0.2,2.8,.059
Deron Williams,2006-07,22,UTA,80,2950,17.1,1.3,2.4,7.2,.117
Deron Williams,2007-08,23,UTA,82,3059,20.8,3.8,4.5,11.3,.177
Deron Williams,2008-09,24,UTA,68,2505,21.1,4.0,3.8,8.4,.160
Deron Williams,2009-10,25,UTA,76,2802,20.6,3.8,4.1,10.3,.177
Deron Williams,2010-11,26,2TM,65,2465,21.1,3.0,3.1,7.3,.142
Deron Williams,2010-11,26,UTA,53,2009,22.1,3.7,2.9,6.7,.159
Deron Williams,2010-11,26,NJN,12,456,17.0,-0.1,0.2,0.6,.066
Deron Williams,2011-12,27,NJN,55,1999,20.3,2.3,2.2,4.1,.099
Deron Williams,2012-13,28,BRK,78,2842,20.3,3.8,4.2,10.9,.184
Deron Williams,2013-14,29,BRK,64,2059,17.6,1.2,1.7,5.4,.125
Deron Williams,2014-15,30,BRK,68,2114,15.7,0.2,1.2,3.6,.083
Deron Williams,2015-16,31,DAL,65,2106,14.6,-0.3,0.9,3.7,.083
Deron Williams,2016-17,32,2TM,64,1657,14.0,-1.8,0.1,2.4,.069
Deron Williams,2016-17,32,DAL,40,1171,15.0,-1.3,0.2,1.8,.073
Deron Williams,2016-17,32,CLE,24,486,11.4,-3.0,-0.1,0.6,.059
Derrick Williams,2011-12,20,MIN,66,1418,12.9,-2.1,0.0,1.8,.059
Derrick Williams,2012-13,21,MIN,78,1916,14.5,-1.5,0.2,3.0,.076
Derrick Williams,2013-14,22,2TM,78,1820,11.5,-2.1,0.0,2.6,.068
Derrick Williams,2013-14,22,MIN,11,162,7.6,-4.2,-0.1,0.0,.008
Derrick Williams,2013-14,22,SAC,67,1658,11.9,-1.9,0.1,2.5,.073
Derrick Williams,2014-15,23,SAC,74,1462,12.8,-2.0,0.0,2.1,.069
Derrick Williams,2015-16,24,NYK,80,1435,17.2,0.3,0.8,3.6,.120
Derrick Williams,2016-17,25,2TM,50,804,10.6,-2.9,-0.2,1.1,.064
Derrick Williams,2016-17,25,MIA,25,377,10.1,-3.4,-0.1,0.3,.038
Derrick Williams,2016-17,25,CLE,25,427,11.1,-2.5,-0.1,0.8,.086
Derrick Williams,2017-18,26,LAL,2,9,-3.2,-16.8,0.0,0.0,-0.191
Derrick Williams,2018-19,,Did not play - other pro league,,,,,,,
Duck Williams,1978-79,,Did not play - other pro league,,,,,,,
Duck Williams,1979-80,23,UTA,77,1794,8.6,-4.0,-0.9,-0.3,-0.009
Earl Williams,1974-75,23,PHO,79,1040,15.2,-1.6,0.1,1.0,.048
Earl Williams,1975-76,24,DET,46,562,15.2,-0.7,0.2,1.3,.114
Earl Williams,1976-77,25,NYN,1,7,11.2,-4.9,0.0,0.0,-0.328
Earl Williams,1977-78,,Did not play - other pro league,,,,,,,
Earl Williams,1978-79,27,BOS,20,273,15.3,-2.6,0.0,0.4,.069
Elliot Williams,2010-11,,Did not play - injury,,,,,,,
Elliot Williams,2011-12,22,POR,24,149,18.8,-0.1,0.1,0.3,.105
Elliot Williams,2012-13,,Did not play - injury,,,,,,,
Elliot Williams,2013-14,24,PHI,67,1157,8.7,-5.6,-1.1,0.3,.014
Elliot Williams,2014-15,25,2TM,13,119,8.7,-2.8,0.0,0.1,.039
Elliot Williams,2014-15,25,UTA,5,42,14.4,3.6,0.1,0.1,.090
Elliot Williams,2014-15,25,NOP,8,77,5.6,-6.4,-0.1,0.0,.012
Elliot Williams,2015-16,26,MEM,5,45,3.3,-7.9,-0.1,0.0,-0.046
Eric Williams,1995-96,23,BOS,64,1470,13.3,-2.9,-0.3,1.6,.052
Eric Williams,1996-97,24,BOS,72,2435,13.3,-3.0,-0.6,2.9,.056
Eric Williams,1997-98,25,DEN,4,145,17.0,-0.2,0.1,0.1,.049
Eric Williams,1998-99,26,DEN,38,780,10.7,-3.4,-0.3,0.2,.015
Eric Williams,1999-00,27,BOS,68,1378,11.8,-1.7,0.1,2.5,.088
Eric Williams,2000-01,28,BOS,81,1745,10.0,-2.9,-0.4,2.2,.060
Eric Williams,2001-02,29,BOS,74,1747,8.8,-3.0,-0.4,2.2,.061
Eric Williams,2002-03,30,BOS,82,2350,13.1,-0.9,0.7,6.0,.123
Eric Williams,2003-04,31,2TM,71,1886,12.5,-2.0,0.0,3.1,.079
Eric Williams,2003-04,31,BOS,21,513,15.7,-1.1,0.1,1.2,.116
Eric Williams,2003-04,31,CLE,50,1373,11.2,-2.4,-0.1,1.9,.065
Eric Williams,2004-05,32,2TM,55,1322,10.7,-1.7,0.1,2.1,.075
Eric Williams,2004-05,32,NJN,21,739,11.9,-0.6,0.3,1.7,.107
Eric Williams,2004-05,32,TOR,34,583,9.1,-3.1,-0.2,0.4,.034
Eric Williams,2005-06,33,TOR,28,352,6.8,-5.7,-0.3,0.1,.011
Eric Williams,2006-07,34,2TM,21,121,11.4,-3.6,0.0,0.1,.057
Eric Williams,2006-07,34,SAS,16,88,14.8,-0.5,0.0,0.2,.120
Eric Williams,2006-07,34,CHA,5,33,2.4,-11.8,-0.1,-0.1,-0.111
Fly Williams,1974-75,21,SSL,71,1239,11.8,-3.9,-0.6,-0.3,-0.014
Frank Williams,2002-03,22,NYK,21,167,6.4,-4.1,-0.1,-0.1,-0.035
Frank Williams,2003-04,23,NYK,56,714,10.7,-2.9,-0.2,0.3,.023
Frank Williams,2004-05,24,CHI,9,71,0.3,-4.5,0.0,-0.2,-0.102
Freeman Williams,1978-79,22,SDC,72,1195,16.1,-1.5,0.1,1.8,.072
Freeman Williams,1979-80,23,SDC,82,2118,19.4,0.5,1.3,4.1,.092
Freeman Williams,1980-81,24,SDC,82,1976,20.2,1.2,1.6,4.0,.096
Freeman Williams,1981-82,25,2TM,60,997,15.4,-3.2,-0.3,0.4,.020
Freeman Williams,1981-82,25,SDC,37,808,16.4,-2.9,-0.2,0.5,.028
Freeman Williams,1981-82,25,ATL,23,189,11.2,-4.5,-0.1,-0.1,-0.018
Freeman Williams,1982-83,26,UTA,18,210,5.9,-7.3,-0.4,-0.2,-0.050
Freeman Williams,1983-84,,Did not play - other pro league,,,,,,,
Freeman Williams,1984-85,,Did not play - other pro league,,,,,,,
Freeman Williams,1985-86,29,WSB,9,110,12.5,-2.1,0.0,-0.1,-0.034
Freeman Williams,1986-87,,Did not play - other pro league,,,,,,,
Gene Williams,1969-70,22,KEN,1,8,-22.7,,,0.0,-0.133
Grant Williams,2019-20,21,BOS,69,1043,7.9,-2.7,-0.2,1.6,.071
Grant Williams,2020-21,22,BOS,63,1138,7.5,-3.7,-0.5,1.1,.046
Grant Williams,2021-22,23,BOS,77,1875,11.2,-0.4,0.8,5.1,.130
Grant Williams,2022-23,24,BOS,79,2045,10.3,-1.1,0.5,4.4,.104
Grant Williams,2023-24,25,2TM,76,2130,10.6,-2.6,-0.3,2.6,.059
Grant Williams,2023-24,25,DAL,47,1242,8.3,-3.4,-0.4,1.3,.052
Grant Williams,2023-24,25,CHO,29,888,13.9,-1.5,0.1,1.3,.070
Grant Williams,2024-25,26,CHO,16,479,11.5,-1.6,0.1,0.7,.071
Gus Williams,1975-76,22,GSW,77,1728,17.0,1.9,1.7,4.2,.117
Gus Williams,1976-77,23,GSW,82,1930,14.2,0.0,1.0,3.6,.088
Gus Williams,1977-78,24,SEA,79,2572,18.1,3.1,3.3,7.7,.143
Gus Williams,1978-79,25,SEA,76,2266,21.1,4.9,4.0,8.3,.175
Gus Williams,1979-80,26,SEA,82,2969,20.6,4.7,5.0,11.6,.187
Gus Williams,1980-81,,Did not play - holdout,,,,,,,
Gus Williams,1981-82,28,SEA,80,2876,21.8,5.1,5.2,10.2,.171
Gus Williams,1982-83,29,SEA,80,2761,20.5,4.2,4.3,8.5,.148
Gus Williams,1983-84,30,SEA,80,2818,18.9,2.7,3.4,5.9,.101
Gus Williams,1984-85,31,WSB,79,2960,17.3,2.1,3.1,5.1,.083
Gus Williams,1985-86,32,WSB,77,2284,15.0,-0.3,1.0,2.8,.060
Gus Williams,1986-87,33,ATL,33,481,9.6,-2.5,-0.1,0.1,.007
Guy Williams,1983-84,,Did not play - injury,,,,,,,
Guy Williams,1984-85,24,WSB,21,119,14.7,-1.3,0.0,0.1,.050
Guy Williams,1985-86,25,GSW,5,25,8.5,-2.1,0.0,0.0,.079
Hank Williams,1974-75,22,UTS,39,454,9.6,-3.3,-0.1,0.4,.042
Herb Williams,1981-82,23,IND,82,2277,16.1,0.8,1.6,4.6,.097
Herb Williams,1982-83,24,IND,78,2513,17.4,0.8,1.8,3.5,.067
Herb Williams,1983-84,25,IND,69,2279,14.8,-0.4,0.9,2.8,.059
Herb Williams,1984-85,26,IND,75,2557,15.5,0.0,1.3,2.2,.041
Herb Williams,1985-86,27,IND,78,2770,17.9,1.4,2.4,6.2,.107
Herb Williams,1986-87,28,IND,74,2526,14.1,-0.2,1.1,4.7,.090
Herb Williams,1987-88,29,IND,75,1966,12.0,-2.1,0.0,1.8,.044
Herb Williams,1988-89,30,2TM,76,2470,10.6,-2.3,-0.2,1.4,.027
Herb Williams,1988-89,30,IND,46,1567,11.8,-1.8,0.1,0.9,.029
Herb Williams,1988-89,30,DAL,30,903,8.6,-3.1,-0.3,0.5,.025
Herb Williams,1989-90,31,DAL,81,2199,10.4,-2.0,0.0,2.2,.048
Herb Williams,1990-91,32,DAL,60,1832,13.1,-2.1,-0.1,1.7,.045
Herb Williams,1991-92,33,DAL,75,2040,12.6,-2.8,-0.4,0.8,.020
Herb Williams,1992-93,34,NYK,55,571,10.1,-1.3,0.1,1.1,.095
Herb Williams,1993-94,35,NYK,70,774,10.4,-2.7,-0.1,1.6,.098
Herb Williams,1994-95,36,NYK,56,743,7.7,-3.3,-0.2,0.6,.041
Herb Williams,1995-96,37,2TM,44,571,8.0,-3.6,-0.2,0.4,.033
Herb Williams,1995-96,37,TOR,1,31,8.7,-6.5,0.0,0.0,.033
Herb Williams,1995-96,37,NYK,43,540,7.9,-3.4,-0.2,0.4,.033
Herb Williams,1996-97,38,NYK,21,184,7.0,-3.5,-0.1,0.2,.051
Herb Williams,1997-98,39,NYK,27,178,6.1,-4.2,-0.1,0.2,.041
Herb Williams,1998-99,40,NYK,6,34,12.2,-1.5,0.0,0.1,.094
Hot Rod Williams,1985-86,,Did not play - other pro league,,,,,,,
Hot Rod Williams,1986-87,24,CLE,80,2714,16.2,1.4,2.3,7.5,.132
Hot Rod Williams,1987-88,25,CLE,77,2106,15.8,0.8,1.5,5.7,.130
Hot Rod Williams,1988-89,26,CLE,82,2125,17.6,2.2,2.3,7.7,.173
Hot Rod Williams,1989-90,27,CLE,82,2776,19.0,2.1,2.9,8.7,.150
Hot Rod Williams,1990-91,28,CLE,43,1293,14.9,-0.2,0.6,2.4,.090
Hot Rod Williams,1991-92,29,CLE,80,2432,18.6,3.5,3.4,9.2,.181
Hot Rod Williams,1992-93,30,CLE,67,2055,13.7,-0.1,0.9,4.5,.105
Hot Rod Williams,1993-94,31,CLE,76,2660,16.2,1.5,2.4,7.4,.134
Hot Rod Williams,1994-95,32,CLE,74,2641,14.6,0.8,1.9,5.3,.096
Hot Rod Williams,1995-96,33,PHO,62,1652,12.4,-1.6,0.2,2.8,.080
Hot Rod Williams,1996-97,34,PHO,68,2137,13.8,0.0,1.0,5.3,.119
Hot Rod Williams,1997-98,35,PHO,71,1333,11.5,-0.2,0.6,3.7,.135
Hot Rod Williams,1998-99,36,DAL,25,403,7.4,-1.6,0.0,0.4,.045
Jalen Williams,2022-23,21,OKC,75,2276,15.6,0.3,1.3,5.6,.119
Jalen Williams,2023-24,22,OKC,71,2223,19.1,2.3,2.4,7.3,.157
Jalen Williams,2024-25,23,OKC,69,2237,20.3,4.0,3.4,7.8,.168
Jason Williams,1998-99,23,SAC,50,1805,12.8,-1.0,0.5,2.1,.055
Jason Williams,1999-00,24,SAC,81,2760,11.6,-1.9,0.1,1.5,.026
Jason Williams,2000-01,25,SAC,77,2290,12.8,-0.6,0.8,3.8,.079
Jason Williams,2001-02,26,MEM,65,2236,15.1,-0.1,1.1,0.9,.020
Jason Williams,2002-03,27,MEM,76,2407,17.1,1.2,1.9,4.7,.094
Jason Williams,2003-04,28,MEM,72,2115,16.9,2.4,2.3,5.4,.122
Jason Williams,2004-05,29,MEM,71,1952,15.4,1.4,1.7,4.3,.106
Jason Williams,2005-06,30,MIA,59,1874,15.0,1.1,1.5,4.8,.124
Jason Williams,2006-07,31,MIA,61,1865,15.0,0.4,1.1,4.3,.110
Jason Williams,2007-08,32,MIA,67,1886,12.7,-0.9,0.6,2.1,.052
Jason Williams,2008-09,,Did not play - retired,,,,,,,
Jason Williams,2009-10,34,ORL,82,1703,12.9,1.0,1.3,4.5,.127
Jason Williams,2010-11,35,2TM,27,295,8.4,-1.6,0.0,0.2,.031
Jason Williams,2010-11,35,ORL,16,171,8.5,-0.3,0.1,0.2,.053
Jason Williams,2010-11,35,MEM,11,124,8.2,-3.3,0.0,0.0,.000
Jawad Williams,2008-09,25,CLE,10,20,14.1,-3.5,0.0,0.0,.045
Jawad Williams,2009-10,26,CLE,54,742,8.2,-4.1,-0.4,1.1,.069
Jawad Williams,2010-11,27,CLE,26,391,4.8,-6.8,-0.5,-0.5,-0.067
Jay Williams,2002-03,21,CHI,75,1961,12.2,-2.0,0.0,0.8,.020
Jay Williams,2003-04,,Did not play - injury,,,,,,,
Jaylin Williams,2022-23,20,OKC,49,914,11.2,-1.7,0.1,1.9,.099
Jaylin Williams,2023-24,21,OKC,69,897,12.7,1.1,0.7,2.4,.130
Jaylin Williams,2024-25,22,OKC,47,784,16.4,4.3,1.2,3.3,.199
Jayson Williams,1990-91,22,PHI,52,508,8.0,-7.7,-0.7,0.1,.006
Jayson Williams,1991-92,23,PHI,50,646,7.4,-7.9,-1.0,-0.3,-0.020
Jayson Williams,1992-93,24,NJN,12,139,10.6,-5.4,-0.1,0.2,.052
Jayson Williams,1993-94,25,NJN,70,877,13.0,-3.6,-0.4,1.8,.099
Jayson Williams,1994-95,26,NJN,75,982,16.2,-3.0,-0.3,2.1,.102
Jayson Williams,1995-96,27,NJN,80,1858,16.4,-3.1,-0.5,3.8,.099
Jayson Williams,1996-97,28,NJN,41,1432,15.0,-4.2,-0.8,1.7,.057
Jayson Williams,1997-98,29,NJN,65,2343,18.7,0.3,1.4,8.4,.172
Jayson Williams,1998-99,30,NJN,30,1020,14.5,-1.0,0.3,2.2,.102
Jayson Williams,1999-00,,Did not play - injury,,,,,,,
Jeenathan Williams,2022-23,23,POR,5,127,15.5,-3.0,0.0,0.3,.120
Jeenathan Williams,2023-24,24,HOU,22,129,15.6,-1.6,0.0,0.3,.110
Jeenathan Williams,2024-25,25,HOU,20,147,8.6,-5.7,-0.1,0.0,-0.007
Jerome Williams,1996-97,23,DET,33,177,12.6,-2.8,0.0,0.2,.049
Jerome Williams,1997-98,24,DET,77,1305,16.3,0.6,0.9,4.5,.166
Jerome Williams,1998-99,25,DET,50,1154,18.2,1.7,1.1,4.8,.201
Jerome Williams,1999-00,26,DET,82,2102,17.9,1.2,1.7,7.6,.174
Jerome Williams,2000-01,27,2TM,59,1182,15.7,-0.2,0.6,3.5,.141
Jerome Williams,2000-01,27,DET,33,804,14.9,-0.4,0.3,2.1,.125
Jerome Williams,2000-01,27,TOR,26,378,17.3,0.2,0.2,1.4,.174
Jerome Williams,2001-02,28,TOR,68,1641,15.7,0.6,1.1,5.0,.147
Jerome Williams,2002-03,29,TOR,71,2346,15.6,-0.3,1.0,5.4,.110
Jerome Williams,2003-04,30,2TM,68,1637,14.7,0.4,1.0,4.3,.127
Jerome Williams,2003-04,30,TOR,15,407,12.4,-0.8,0.1,1.0,.117
Jerome Williams,2003-04,30,CHI,53,1230,15.4,0.7,0.9,3.3,.130
Jerome Williams,2004-05,31,NYK,79,1211,13.2,-1.4,0.2,2.6,.102
John Williams,1986-87,20,WSB,78,1773,15.5,1.8,1.7,3.5,.096
John Williams,1987-88,21,WSB,82,2428,14.9,1.3,2.0,5.0,.098
John Williams,1988-89,22,WSB,82,2413,18.8,4.6,4.0,6.9,.136
John Williams,1989-90,23,WSB,18,632,17.6,2.9,0.8,1.3,.101
John Williams,1990-91,24,WSB,33,941,14.1,-0.4,0.4,1.0,.051
John Williams,1991-92,,Did not play - suspended,,,,,,,
John Williams,1992-93,26,LAC,74,1638,10.5,-1.5,0.2,1.9,.055
John Williams,1993-94,27,LAC,34,725,10.5,-1.7,0.0,0.8,.050
John Williams,1994-95,28,IND,34,402,4.2,-6.3,-0.4,-0.5,-0.055
Johnathan Williams,2018-19,23,LAL,24,372,15.1,-3.2,-0.1,1.0,.135
Johnathan Williams,2019-20,24,WAS,15,180,14.0,-2.0,0.0,0.4,.109
Jordan Williams,2011-12,21,NJN,43,635,14.5,-2.1,0.0,1.3,.101
Justin Williams,2006-07,22,SAC,26,333,17.3,-2.9,-0.1,0.9,.132
Justin Williams,2007-08,23,2TM,23,123,13.2,-3.5,0.0,0.2,.071
Justin Williams,2007-08,23,SAC,22,117,14.5,-2.0,0.0,0.2,.096
Justin Williams,2007-08,23,HOU,1,6,-13.0,-31.9,0.0,-0.1,-0.425
Kenny Williams,1990-91,21,IND,75,527,13.9,-2.5,-0.1,0.7,.068
Kenny Williams,1991-92,22,IND,60,565,16.4,0.3,0.3,1.6,.133
Kenny Williams,1992-93,23,IND,57,844,17.7,1.0,0.6,2.7,.151
Kenny Williams,1993-94,24,IND,68,982,15.8,0.5,0.6,2.4,.119
Kenrich Williams,2018-19,24,NOP,46,1079,9.7,-1.9,0.0,1.2,.053
Kenrich Williams,2019-20,25,NOP,39,832,7.5,-2.4,-0.1,0.9,.050
Kenrich Williams,2020-21,26,OKC,66,1426,14.0,-0.7,0.4,2.8,.096
Kenrich Williams,2021-22,27,OKC,49,1072,13.3,-0.3,0.5,1.8,.081
Kenrich Williams,2022-23,28,OKC,53,1206,14.4,0.5,0.8,3.3,.133
Kenrich Williams,2023-24,29,OKC,69,1029,11.9,-0.8,0.3,2.5,.115
Kenrich Williams,2024-25,30,OKC,69,1132,13.7,0.6,0.7,3.6,.151
Kevin Williams,1983-84,22,SAS,19,200,9.9,-3.6,-0.1,0.1,.026
Kevin Williams,1984-85,23,CLE,46,413,9.7,-3.8,-0.2,0.1,.017
Kevin Williams,1985-86,,Did not play - other pro league,,,,,,,
Kevin Williams,1986-87,25,SEA,65,703,10.4,-3.8,-0.3,0.6,.038
Kevin Williams,1987-88,26,SEA,80,1084,12.0,-2.6,-0.1,1.9,.084
Kevin Williams,1988-89,27,2TM,50,547,9.0,-4.4,-0.3,-0.1,-0.009
Kevin Williams,1988-89,27,NJN,41,433,8.7,-5.1,-0.3,-0.1,-0.015
Kevin Williams,1988-89,27,LAC,9,114,10.1,-1.6,0.0,0.0,.016
Lorenzo Williams,1992-93,23,3TM,27,179,10.9,-1.6,0.0,0.3,.074
Lorenzo Williams,1992-93,23,CHH,2,18,5.7,-8.0,0.0,0.0,-0.029
Lorenzo Williams,1992-93,23,ORL,3,10,3.2,-4.7,0.0,0.0,-0.031
Lorenzo Williams,1992-93,23,BOS,22,151,12.1,-0.6,0.1,0.3,.093
Lorenzo Williams,1993-94,24,3TM,38,716,11.1,-2.5,-0.1,1.1,.072
Lorenzo Williams,1993-94,24,ORL,3,19,12.6,2.7,0.0,0.0,.049
Lorenzo Williams,1993-94,24,CHH,1,19,3.3,-6.7,0.0,0.0,-0.040
Lorenzo Williams,1993-94,24,DAL,34,678,11.3,-2.5,-0.1,1.1,.076
Lorenzo Williams,1994-95,25,DAL,82,2383,10.3,-1.7,0.2,3.1,.063
Lorenzo Williams,1995-96,26,DAL,65,1806,9.6,-3.0,-0.5,1.7,.045
Lorenzo Williams,1996-97,27,WSB,19,264,8.0,-4.2,-0.1,0.4,.074
Lorenzo Williams,1997-98,28,WAS,14,111,14.1,-0.7,0.0,0.4,.169
Lorenzo Williams,1998-99,,Did not play - injury,,,,,,,
Lorenzo Williams,1999-00,30,WAS,8,76,16.1,1.6,0.1,0.3,.165
Lou Williams,2005-06,19,PHI,30,145,9.0,-6.3,-0.2,-0.1,-0.036
Lou Williams,2006-07,20,PHI,61,688,14.6,-0.4,0.3,1.1,.078
Lou Williams,2007-08,21,PHI,80,1862,16.7,1.4,1.6,4.4,.112
Lou Williams,2008-09,22,PHI,81,1919,16.3,0.6,1.3,3.4,.085
Lou Williams,2009-10,23,PHI,64,1912,18.2,1.6,1.7,5.2,.130
Lou Williams,2010-11,24,PHI,75,1747,18.9,2.3,1.9,5.1,.141
Lou Williams,2011-12,25,PHI,64,1682,20.2,4.0,2.5,6.1,.174
Lou Williams,2012-13,26,ATL,39,1119,15.9,1.0,0.9,2.4,.103
Lou Williams,2013-14,27,ATL,60,1445,14.2,-0.8,0.5,2.6,.087
Lou Williams,2014-15,28,TOR,80,2016,19.9,2.6,2.3,6.6,.157
Lou Williams,2015-16,29,LAL,67,1907,17.7,1.3,1.6,4.7,.119
Lou Williams,2016-17,30,2TM,81,1994,21.4,3.9,3.0,6.1,.148
Lou Williams,2016-17,30,LAL,58,1403,23.9,5.8,2.8,4.9,.169
Lou Williams,2016-17,30,HOU,23,591,15.4,-0.5,0.2,1.2,.096
Lou Williams,2017-18,31,LAC,79,2589,20.2,2.3,2.8,6.7,.125
Lou Williams,2018-19,32,LAC,75,1993,21.2,2.2,2.1,5.1,.123
Lou Williams,2019-20,33,LAC,65,1864,17.3,0.7,1.3,4.1,.105
Lou Williams,2020-21,34,2TM,66,1423,14.0,-2.5,-0.2,1.7,.056
Lou Williams,2020-21,34,LAC,42,918,15.7,-1.5,0.1,1.6,.084
Lou Williams,2020-21,34,ATL,24,505,10.8,-4.3,-0.3,0.0,.004
Lou Williams,2021-22,35,ATL,56,799,12.1,-3.4,-0.3,0.6,.034
Malik Williams,2023-24,25,TOR,7,107,4.9,-11.5,-0.3,-0.2,-0.069
Marcus Williams,2006-07,21,NJN,79,1315,11.5,-3.7,-0.6,-0.1,-0.004
Marcus Williams,2007-08,22,NJN,53,854,11.0,-2.4,-0.1,0.2,.009
Marcus Williams,2008-09,23,GSW,9,54,3.7,-8.2,-0.1,-0.1,-0.127
Marcus Williams,2009-10,24,MEM,62,872,10.6,-3.1,-0.2,0.0,.002
Marcus Williams,2007-08,21,2TM,11,36,6.8,-7.8,-0.1,-0.1,-0.134
Marcus Williams,2007-08,21,SAS,1,2,0.0,-1.8,0.0,0.0,-0.364
Marcus Williams,2007-08,21,LAC,10,34,7.2,-8.1,-0.1,-0.1,-0.121
Marcus Williams,2008-09,22,SAS,2,3,53.0,22.7,0.0,0.0,.517
Mark Williams,2022-23,21,CHO,43,828,19.8,0.1,0.4,2.8,.163
Mark Williams,2023-24,22,CHO,19,508,22.5,0.8,0.3,2.1,.198
Mark Williams,2024-25,23,CHO,44,1171,23.9,3.5,1.6,4.7,.195
Marvin Williams,2005-06,19,ATL,79,1952,12.2,-3.5,-0.7,2.8,.069
Marvin Williams,2006-07,20,ATL,64,2179,12.2,-3.1,-0.6,2.3,.051
Marvin Williams,2007-08,21,ATL,80,2765,14.5,-1.4,0.4,5.7,.099
Marvin Williams,2008-09,22,ATL,61,2093,16.0,0.8,1.5,6.1,.140
Marvin Williams,2009-10,23,ATL,81,2468,13.0,-0.4,1.0,5.7,.112
Marvin Williams,2010-11,24,ATL,65,1865,13.5,-0.8,0.6,4.0,.102
Marvin Williams,2011-12,25,ATL,57,1500,15.8,1.3,1.2,4.9,.156
Marvin Williams,2012-13,26,UTA,73,1727,10.9,-1.2,0.4,2.3,.063
Marvin Williams,2013-14,27,UTA,66,1674,14.0,0.0,0.9,2.9,.084
Marvin Williams,2014-15,28,CHO,78,2035,11.8,0.0,1.0,4.3,.102
Marvin Williams,2015-16,29,CHO,81,2338,16.9,2.7,2.7,7.8,.161
Marvin Williams,2016-17,30,CHO,76,2295,13.7,0.0,1.1,5.0,.105
Marvin Williams,2017-18,31,CHO,78,2006,13.9,1.0,1.5,5.0,.119
Marvin Williams,2018-19,32,CHO,75,2133,12.6,-0.3,0.9,3.8,.086
Marvin Williams,2019-20,33,2TM,58,1129,11.2,-0.6,0.4,2.4,.102
Marvin Williams,2019-20,33,CHO,41,808,11.8,-1.3,0.1,1.5,.087
Marvin Williams,2019-20,33,MIL,17,321,9.8,0.9,0.2,0.9,.139
Matt Williams,2017-18,24,MIA,3,11,-0.7,-11.2,0.0,0.0,-0.197
Micheal Williams,1988-89,22,DET,49,358,7.7,-5.4,-0.3,-0.2,-0.029
Micheal Williams,1989-90,23,2TM,28,329,17.9,2.1,0.3,0.7,.103
Micheal Williams,1989-90,23,PHO,6,26,-6.5,-15.9,-0.1,-0.2,-0.360
Micheal Williams,1989-90,23,CHH,22,303,20.0,3.6,0.4,0.9,.143
Micheal Williams,1990-91,24,IND,73,1706,19.5,3.2,2.3,5.7,.161
Micheal Williams,1991-92,25,IND,79,2750,18.4,3.7,3.9,9.0,.156
Micheal Williams,1992-93,26,MIN,76,2661,19.0,2.7,3.1,7.6,.138
Micheal Williams,1993-94,27,MIN,71,2206,18.0,1.9,2.2,5.6,.122
Micheal Williams,1994-95,28,MIN,1,28,5.2,-8.0,0.0,0.0,-0.057
Micheal Williams,1995-96,29,MIN,9,189,6.9,-7.1,-0.2,-0.1,-0.021
Micheal Williams,1996-97,,Did not play - injury,,,,,,,
Micheal Williams,1997-98,31,MIN,25,161,13.9,-1.9,0.0,0.3,.080
Micheal Williams,1998-99,32,TOR,2,15,-6.5,-13.3,0.0,-0.1,-0.259
Mike Williams,1986-87,,Did not play - other pro league,,,,,,,
Mike Williams,1987-88,,Did not play - other pro league,,,,,,,
Mike Williams,1988-89,,Did not play - other pro league,,,,,,,
Mike Williams,1989-90,26,2TM,21,102,3.5,-7.4,-0.1,0.0,.012
Mike Williams,1989-90,26,SAC,16,88,5.8,-5.1,-0.1,0.1,.055
Mike Williams,1989-90,26,ATL,5,14,-11.0,-21.7,-0.1,-0.1,-0.256
Milt Williams,1969-70,,Did not play - other pro league,,,,,,,
Milt Williams,1970-71,25,NYK,5,13,11.4,,,0.1,.266
Milt Williams,1971-72,26,ATL,10,127,14.3,,,0.2,.088
Milt Williams,1972-73,,Did not play - other pro league,,,,,,,
Milt Williams,1973-74,28,SEA,53,505,11.9,-3.4,-0.2,0.4,.036
Milt Williams,1974-75,29,SSL,4,95,10.7,-1.5,0.0,0.1,.042
Mo Williams,2003-04,21,UTA,57,772,9.4,-4.1,-0.4,0.2,.011
Mo Williams,2004-05,22,MIL,80,2254,14.1,-1.5,0.2,2.2,.046
Mo Williams,2005-06,23,MIL,58,1531,15.0,0.0,0.8,2.5,.079
Mo Williams,2006-07,24,MIL,68,2472,16.3,-0.5,0.9,3.2,.061
Mo Williams,2007-08,25,MIL,66,2410,17.0,0.3,1.4,4.5,.091
Mo Williams,2008-09,26,CLE,81,2834,17.2,2.3,3.1,9.8,.165
Mo Williams,2009-10,27,CLE,69,2359,16.1,1.8,2.3,6.7,.136
Mo Williams,2010-11,28,2TM,58,1788,13.9,-2.4,-0.2,1.0,.026
Mo Williams,2010-11,28,CLE,36,1065,13.8,-2.8,-0.2,-0.1,-0.005
Mo Williams,2010-11,28,LAC,22,723,14.0,-1.8,0.1,1.1,.073
Mo Williams,2011-12,29,LAC,52,1472,15.0,0.2,0.8,2.8,.093
Mo Williams,2012-13,30,UTA,46,1418,14.4,-0.9,0.4,1.8,.062
Mo Williams,2013-14,31,POR,74,1834,11.8,-2.0,0.0,2.2,.056
Mo Williams,2014-15,32,2TM,68,1980,15.4,-0.8,0.6,2.1,.052
Mo Williams,2014-15,32,MIN,41,1149,14.4,-2.2,-0.1,0.7,.031
Mo Williams,2014-15,32,CHO,27,831,16.9,1.1,0.6,1.4,.080
Mo Williams,2015-16,33,CLE,41,748,12.4,-1.5,0.1,1.1,.067
Monty Williams,1994-95,23,NYK,41,503,8.4,-3.8,-0.2,0.3,.032
Monty Williams,1995-96,24,2TM,31,184,8.4,-7.5,-0.3,-0.1,-0.018
Monty Williams,1995-96,24,NYK,14,62,7.9,-6.8,-0.1,0.0,-0.025
Monty Williams,1995-96,24,SAS,17,122,8.7,-7.8,-0.2,0.0,-0.014
Monty Williams,1996-97,25,SAS,65,1345,15.6,-0.6,0.5,1.2,.042
Monty Williams,1997-98,26,SAS,72,1314,11.3,-1.8,0.1,2.3,.086
Monty Williams,1998-99,27,DEN,1,6,-7.6,-20.0,0.0,0.0,-0.341
Monty Williams,1999-00,28,ORL,75,1501,13.8,-1.1,0.3,3.1,.099
Monty Williams,2000-01,29,ORL,82,1211,11.0,-3.6,-0.5,1.3,.051
Monty Williams,2001-02,30,ORL,68,1284,14.7,-0.9,0.4,2.9,.107
Monty Williams,2002-03,31,PHI,21,276,12.5,-0.5,0.1,0.5,.080
Nate Williams,1971-72,21,CIN,81,2173,11.2,,,0.4,.009
Nate Williams,1972-73,22,KCO,80,1979,12.9,,,2.5,.060
Nate Williams,1973-74,23,KCO,82,2513,15.5,-0.4,1.0,4.0,.077
Nate Williams,1974-75,24,2TM,85,1945,17.5,0.8,1.4,4.5,.112
Nate Williams,1974-75,24,KCO,50,1131,16.1,-0.3,0.5,2.1,.087
Nate Williams,1974-75,24,NOJ,35,814,19.5,2.4,0.9,2.5,.146
Nate Williams,1975-76,25,NOJ,81,1935,15.9,-0.1,0.9,4.3,.106
Nate Williams,1976-77,26,NOJ,79,1776,14.7,-1.4,0.3,2.8,.077
Nate Williams,1977-78,27,2TM,73,1249,14.8,-1.6,0.1,1.9,.073
Nate Williams,1977-78,27,NOJ,27,434,14.4,-0.5,0.2,0.8,.091
Nate Williams,1977-78,27,GSW,46,815,15.0,-2.1,0.0,1.1,.063
Nate Williams,1978-79,28,GSW,81,1299,14.7,-1.0,0.3,2.9,.107
Patrick Williams,2020-21,19,CHI,71,1983,10.5,-2.4,-0.2,2.5,.060
Patrick Williams,2021-22,20,CHI,17,422,12.7,-1.5,0.0,0.9,.099
Patrick Williams,2022-23,21,CHI,82,2323,11.2,-1.3,0.4,3.5,.072
Patrick Williams,2023-24,22,CHI,43,1174,11.0,-2.3,-0.1,1.2,.048
Patrick Williams,2024-25,23,CHI,63,1576,9.0,-3.7,-0.7,0.4,.012
Pete Williams,1985-86,20,DEN,53,573,11.6,-1.0,0.1,1.4,.116
Pete Williams,1986-87,21,DEN,5,10,2.2,-7.2,0.0,0.0,-0.072
Ray Williams,1977-78,23,NYK,81,1550,14.5,-1.3,0.3,1.0,.031
Ray Williams,1978-79,24,NYK,81,2370,17.7,0.6,1.6,3.9,.078
Ray Williams,1979-80,25,NYK,82,2582,21.6,3.9,3.9,8.2,.152
Ray Williams,1980-81,26,NYK,79,2742,19.0,3.0,3.5,7.2,.127
Ray Williams,1981-82,27,NJN,82,2732,19.0,3.6,3.9,7.9,.139
Ray Williams,1982-83,28,KCK,72,2170,14.4,-1.1,0.5,0.9,.021
Ray Williams,1983-84,29,NYK,76,2230,17.4,3.1,2.9,6.2,.132
Ray Williams,1984-85,30,BOS,23,459,10.9,-1.6,0.1,0.4,.042
Ray Williams,1985-86,31,3TM,47,827,13.5,-0.8,0.3,1.0,.058
Ray Williams,1985-86,31,ATL,19,367,13.7,0.8,0.3,0.5,.063
Ray Williams,1985-86,31,SAS,23,397,14.2,-1.1,0.1,0.6,.071
Ray Williams,1985-86,31,NJN,5,63,7.8,-7.9,-0.1,-0.1,-0.060
Ray Williams,1986-87,32,NJN,32,800,11.9,-1.9,0.0,0.4,.022
Reggie Williams,1987-88,23,LAC,35,857,7.6,-6.6,-1.0,-1.1,-0.061
Reggie Williams,1988-89,24,LAC,63,1303,12.1,-2.5,-0.2,0.4,.014
Reggie Williams,1989-90,25,3TM,47,743,9.1,-5.0,-0.6,0.0,-0.002
Reggie Williams,1989-90,25,LAC,5,133,12.6,-2.8,0.0,0.1,.029
Reggie Williams,1989-90,25,CLE,32,542,7.8,-5.5,-0.5,-0.2,-0.016
Reggie Williams,1989-90,25,SAS,10,68,12.1,-5.9,-0.1,0.1,.044
Reggie Williams,1990-91,26,2TM,73,1896,14.8,0.1,1.0,3.3,.082
Reggie Williams,1990-91,26,SAS,22,354,15.5,1.8,0.3,1.0,.141
Reggie Williams,1990-91,26,DEN,51,1542,14.6,-0.3,0.6,2.2,.069
Reggie Williams,1991-92,27,DEN,81,2623,18.1,3.2,3.4,6.6,.121
Reggie Williams,1992-93,28,DEN,79,2722,15.8,1.5,2.4,5.9,.105
Reggie Williams,1993-94,29,DEN,82,2654,13.1,0.6,1.7,4.8,.088
Reggie Williams,1994-95,30,DEN,74,2198,16.9,2.4,2.5,5.8,.126
Reggie Williams,1995-96,31,DEN,52,817,8.4,-3.6,-0.3,0.3,.016
Reggie Williams,1996-97,32,2TM,13,200,9.2,-2.3,0.0,0.1,.024
Reggie Williams,1996-97,32,IND,2,33,-1.5,-10.1,-0.1,-0.1,-0.128
Reggie Williams,1996-97,32,NJN,11,167,11.4,-0.8,0.1,0.2,.054
Reggie Williams,2009-10,23,GSW,24,782,16.1,-0.6,0.3,1.7,.105
Reggie Williams,2010-11,24,GSW,80,1626,14.9,-0.2,0.7,3.7,.109
Reggie Williams,2011-12,25,CHA,33,747,12.4,-2.4,-0.1,0.3,.022
Reggie Williams,2012-13,26,CHA,40,380,13.2,-1.4,0.1,0.3,.035
Reggie Williams,2013-14,27,OKC,3,17,16.4,-2.4,0.0,0.0,.034
Reggie Williams,2014-15,28,SAS,20,105,10.5,-3.0,0.0,0.2,.083
Reggie Williams,2015-16,,Did not play - other pro league,,,,,,,
Reggie Williams,2016-17,30,NOP,6,79,11.7,-0.8,0.0,0.2,.098
Rickey Williams,1981-82,,Did not play - other pro league,,,,,,,
Rickey Williams,1982-83,25,UTA,44,346,9.6,-4.5,-0.2,-0.1,-0.017
