player_name,year_id,age,team_name_abbr,games,mp,per,bpm,vorp,ws,ws_per_48
Don Hanrahan,1952-53,23,INO,18,121,14.0,,,0.2,.098
Reggie Johnson,1980-81,23,SAS,79,1716,12.9,-3.2,-0.5,3.0,.085
Reggie Johnson,1981-82,24,3TM,75,1904,14.2,-1.4,0.3,3.9,.099
Reggie Johnson,1981-82,24,SAS,21,504,13.7,-2.4,0.0,1.0,.095
Reggie Johnson,1981-82,24,CLE,23,617,12.7,-1.7,0.0,1.1,.085
Reggie Johnson,1981-82,24,KCK,31,783,15.7,-0.6,0.3,1.8,.113
Reggie Johnson,1982-83,25,2TM,79,1541,10.5,-2.6,-0.2,2.4,.074
Reggie Johnson,1982-83,25,KCK,50,992,12.2,-2.0,0.0,1.8,.087
Reggie Johnson,1982-83,25,PHI,29,549,7.4,-3.6,-0.2,0.6,.050
Reggie Johnson,1983-84,26,NJN,72,818,11.3,-2.4,-0.1,1.6,.094
Darko Miličić,2003-04,18,DET,34,159,6.1,-10.4,-0.3,-0.2,-0.049
Darko Miličić,2004-05,19,DET,37,254,4.7,-7.9,-0.4,-0.2,-0.031
Darko Miličić,2005-06,20,2TM,55,767,15.2,-0.2,0.4,1.2,.073
Darko Miličić,2005-06,20,DET,25,140,10.1,-3.4,0.0,0.0,.016
Darko Miličić,2005-06,20,ORL,30,627,16.3,0.6,0.4,1.1,.086
Darko Miličić,2006-07,21,ORL,80,1913,13.8,-0.5,0.7,3.3,.082
Darko Miličić,2007-08,22,MEM,70,1663,11.0,-3.8,-0.8,0.2,.006
Darko Miličić,2008-09,23,MEM,61,1034,13.8,-2.0,0.0,1.9,.088
Darko Miličić,2009-10,24,2TM,32,685,12.8,-1.7,0.1,0.7,.050
Darko Miličić,2009-10,24,NYK,8,71,12.1,-1.8,0.0,0.1,.073
Darko Miličić,2009-10,24,MIN,24,614,12.9,-1.7,0.0,0.6,.048
Darko Miličić,2010-11,25,MIN,69,1686,12.2,-2.7,-0.3,0.2,.007
Darko Miličić,2011-12,26,MIN,29,472,9.0,-3.5,-0.2,0.0,.003
Darko Miličić,2012-13,27,BOS,1,5,-30.2,-38.3,0.0,-0.1,-0.779
Nat Militzok,1946-47,23,2TM,57,,,,,1.7,
Nat Militzok,1946-47,23,NYK,36,,,,,0.9,
Nat Militzok,1946-47,23,TRH,21,,,,,0.8,
Andre Miller,1999-00,23,CLE,82,2093,17.9,1.9,2.1,5.3,.122
Andre Miller,2000-01,24,CLE,82,2848,20.1,2.8,3.4,8.0,.136
Andre Miller,2001-02,25,CLE,81,3023,21.8,3.9,4.5,10.3,.163
Andre Miller,2002-03,26,LAC,80,2913,15.2,-1.1,0.6,4.6,.076
Andre Miller,2003-04,27,DEN,82,2838,18.8,2.5,3.3,8.8,.148
Andre Miller,2004-05,28,DEN,82,2852,16.5,0.8,2.0,7.0,.119
Andre Miller,2005-06,29,DEN,82,2937,16.4,0.2,1.7,6.2,.101
Andre Miller,2006-07,30,2TM,80,2966,16.1,0.2,1.7,5.9,.095
Andre Miller,2006-07,30,DEN,23,822,16.6,0.7,0.6,1.9,.113
Andre Miller,2006-07,30,PHI,57,2144,15.9,0.1,1.1,3.9,.088
Andre Miller,2007-08,31,PHI,82,3016,18.4,1.8,2.9,8.3,.131
Andre Miller,2008-09,32,PHI,82,2976,18.6,2.4,3.3,8.8,.141
Andre Miller,2009-10,33,POR,82,2500,18.1,1.8,2.4,7.0,.134
Andre Miller,2010-11,34,POR,81,2650,17.8,1.6,2.4,7.0,.127
Andre Miller,2011-12,35,DEN,66,1809,14.8,-0.3,0.7,2.9,.078
Andre Miller,2012-13,36,DEN,82,2151,15.7,0.9,1.6,5.4,.120
Andre Miller,2013-14,37,2TM,58,982,13.9,0.8,0.7,2.2,.108
Andre Miller,2013-14,37,DEN,30,570,13.4,0.8,0.4,1.1,.091
Andre Miller,2013-14,37,WAS,28,412,14.6,0.8,0.3,1.1,.132
Andre Miller,2014-15,38,2TM,81,1253,13.3,-2.1,0.0,2.2,.084
Andre Miller,2014-15,38,WAS,51,631,14.3,-0.5,0.2,1.6,.124
Andre Miller,2014-15,38,SAC,30,622,12.3,-3.6,-0.3,0.6,.043
Andre Miller,2015-16,39,2TM,39,461,13.4,-1.9,0.0,1.0,.100
Andre Miller,2015-16,39,MIN,26,280,13.7,-2.2,0.0,0.5,.088
Andre Miller,2015-16,39,SAS,13,181,12.9,-1.3,0.0,0.4,.118
Anthony Miller,1994-95,23,LAL,46,527,14.7,-2.1,0.0,1.2,.111
Anthony Miller,1995-96,24,LAL,27,123,7.8,-6.6,-0.1,0.0,.014
Anthony Miller,1996-97,25,ATL,1,14,-4.6,-15.9,0.0,-0.1,-0.195
Anthony Miller,1997-98,26,ATL,37,228,16.4,-1.8,0.0,0.8,.159
Anthony Miller,1998-99,27,HOU,29,249,13.1,-1.7,0.0,0.6,.118
Anthony Miller,1999-00,28,HOU,35,476,13.5,-2.4,0.0,1.2,.120
Anthony Miller,2000-01,29,3TM,4,11,0.9,-9.9,0.0,0.0,-0.082
Anthony Miller,2000-01,29,ATL,2,6,4.7,-9.5,0.0,0.0,-0.150
Anthony Miller,2000-01,29,HOU,1,3,-6.2,-13.3,0.0,0.0,-0.007
Anthony Miller,2000-01,29,PHI,1,2,0.0,-6.1,0.0,0.0,.012
Anthony Miller,2001-02,,Did not play - other pro league,,,,,,,
Anthony Miller,2002-03,,Did not play - other pro league,,,,,,,
Anthony Miller,2003-04,,Did not play - other pro league,,,,,,,
Anthony Miller,2004-05,33,ATL,2,9,16.9,2.3,0.0,0.0,.091
Bill Miller,1948-49,24,2TM,28,,,,,0.0,
Bill Miller,1948-49,24,CHS,14,,,,,0.0,
Bill Miller,1948-49,24,STB,14,,,,,0.0,
Bob Miller,1983-84,27,SAS,2,8,25.0,-4.0,0.0,0.1,.360
Brad Miller,1998-99,22,CHH,38,469,21.2,1.6,0.4,2.1,.220
Brad Miller,1999-00,23,CHH,55,961,18.9,0.2,0.5,3.8,.192
Brad Miller,2000-01,24,CHI,57,1434,16.4,-1.2,0.3,3.4,.114
Brad Miller,2001-02,25,2TM,76,2263,20.1,2.3,2.5,8.3,.176
Brad Miller,2001-02,25,CHI,48,1391,19.6,1.5,1.2,4.4,.152
Brad Miller,2001-02,25,IND,28,872,20.8,3.6,1.2,3.9,.214
Brad Miller,2002-03,26,IND,73,2270,19.3,3.0,2.9,9.6,.202
Brad Miller,2003-04,27,SAC,72,2621,19.4,3.1,3.4,10.0,.184
Brad Miller,2004-05,28,SAC,56,2089,20.7,4.0,3.1,8.6,.198
Brad Miller,2005-06,29,SAC,79,2923,17.5,2.5,3.3,9.1,.150
Brad Miller,2006-07,30,SAC,63,1783,13.5,0.1,0.9,2.7,.072
Brad Miller,2007-08,31,SAC,72,2513,16.8,1.7,2.3,6.5,.125
Brad Miller,2008-09,32,2TM,70,2100,16.7,1.1,1.6,5.1,.117
Brad Miller,2008-09,32,SAC,43,1354,15.7,0.5,0.8,2.6,.091
Brad Miller,2008-09,32,CHI,27,746,18.6,2.1,0.8,2.6,.165
Brad Miller,2009-10,33,CHI,82,1950,12.9,-0.8,0.6,4.0,.098
Brad Miller,2010-11,34,HOU,60,1015,16.3,2.8,1.2,3.0,.142
Brad Miller,2011-12,35,MIN,15,146,10.7,-1.0,0.0,0.2,.060
Brandon Miller,2023-24,21,CHO,74,2383,13.0,-2.6,-0.3,0.8,.015
Brandon Miller,2024-25,22,CHO,27,924,14.0,0.0,0.4,0.4,.023
Darius Miller,2012-13,22,NOH,52,694,6.3,-2.7,-0.1,0.5,.034
Darius Miller,2013-14,23,NOP,45,723,9.0,-2.8,-0.1,0.8,.055
Darius Miller,2014-15,24,NOP,5,43,-5.1,-11.3,-0.1,-0.1,-0.122
Darius Miller,2015-16,,Did not play - other pro league,,,,,,,
Darius Miller,2016-17,,Did not play - other pro league,,,,,,,
Darius Miller,2017-18,27,NOP,82,1944,9.3,-1.9,0.1,3.0,.075
Darius Miller,2018-19,28,NOP,69,1757,8.4,-2.9,-0.4,1.6,.045
Darius Miller,2019-20,,Did not play - injury,,,,,,,
Darius Miller,2020-21,30,OKC,18,197,15.9,3.6,0.3,0.6,.156
Dick Miller,1980-81,22,2TM,8,53,3.3,-4.3,-0.1,-0.1,-0.102
Dick Miller,1980-81,22,IND,5,34,4.4,-4.0,0.0,-0.1,-0.071
Dick Miller,1980-81,22,UTA,3,19,1.4,-4.9,0.0,-0.1,-0.156
Eddie Miller,1952-53,21,2TM,70,2018,15.4,,,0.2,.005
Eddie Miller,1952-53,21,MLH,10,160,9.3,,,-0.2,-0.061
Eddie Miller,1952-53,21,BLB,60,1858,15.9,,,0.4,.011
Eddie Miller,1953-54,22,BLB,72,1657,21.5,,,4.9,.141
Emanuel Miller,2024-25,24,CHI,6,25,18.1,-1.8,0.0,0.1,.201
Harry Miller,1946-47,23,TRH,53,,,,,-0.1,
Jay Miller,1967-68,24,STL,8,52,-0.8,,,-0.3,-0.263
Jay Miller,1968-69,25,3TM,55,769,12.3,,,0.9,.058
Jay Miller,1968-69,25,2TM,52,742,12.7,,,1.0,.065
Jay Miller,1968-69,25,MIL,3,27,1.5,,,-0.1,-0.127
Jay Miller,1968-69,25,LAS,11,248,11.8,,,0.0,-0.009
Jay Miller,1968-69,25,INA,41,494,13.2,,,1.0,.102
Jay Miller,1969-70,26,INA,52,415,12.2,,,0.7,.076
Jay Miller,1970-71,27,INA,2,9,40.5,,,0.1,.513
Jordan Miller,2023-24,24,LAC,8,28,14.1,-3.8,0.0,0.1,.116
Jordan Miller,2024-25,25,LAC,37,420,10.5,-2.8,-0.1,0.4,.049
Larry Miller,1968-69,22,LAS,78,2871,14.9,,,3.2,.053
Larry Miller,1969-70,23,2TM,80,2037,13.4,,,3.0,.071
Larry Miller,1969-70,23,LAS,21,654,12.2,,,0.8,.060
Larry Miller,1969-70,23,CAR,59,1383,14.0,,,2.2,.077
Larry Miller,1970-71,24,CAR,77,2140,14.6,,,3.4,.076
Larry Miller,1971-72,25,CAR,83,3199,14.1,,,6.2,.093
Larry Miller,1972-73,26,SDA,83,2700,12.5,,,2.4,.043
Larry Miller,1973-74,27,2TM,80,1968,10.2,-2.6,-0.3,1.3,.031
Larry Miller,1973-74,27,SDA,7,68,10.3,-2.8,0.0,0.1,.046
Larry Miller,1973-74,27,VIR,73,1900,10.2,-2.6,-0.3,1.2,.030
Larry Miller,1974-75,28,UTS,5,26,11.0,-3.7,0.0,0.0,.022
Leonard Miller,2023-24,20,MIN,17,52,27.0,9.6,0.2,0.3,.323
Leonard Miller,2024-25,21,MIN,13,32,19.9,-3.7,0.0,0.1,.145
Malcolm Miller,2017-18,24,TOR,15,126,8.9,-1.0,0.0,0.2,.087
Malcolm Miller,2018-19,25,TOR,10,67,13.7,-0.5,0.0,0.2,.130
Malcolm Miller,2019-20,26,TOR,28,162,6.7,-2.3,0.0,0.3,.082
Mike Miller,2000-01,20,ORL,82,2390,13.2,-0.2,1.0,5.3,.106
Mike Miller,2001-02,21,ORL,63,2123,15.0,0.3,1.2,4.5,.101
Mike Miller,2002-03,22,2TM,65,2186,14.7,-0.2,1.0,4.0,.087
Mike Miller,2002-03,22,ORL,49,1826,13.9,-0.5,0.7,3.0,.080
Mike Miller,2002-03,22,MEM,16,360,19.0,1.4,0.3,0.9,.124
Mike Miller,2003-04,23,MEM,65,1770,14.9,0.6,1.1,3.9,.107
Mike Miller,2004-05,24,MEM,76,2278,16.7,2.9,2.8,7.0,.148
Mike Miller,2005-06,25,MEM,74,2268,17.2,3.0,2.9,7.4,.157
Mike Miller,2006-07,26,MEM,70,2740,16.4,1.4,2.3,4.8,.085
Mike Miller,2007-08,27,MEM,70,2474,16.1,1.1,2.0,5.0,.098
Mike Miller,2008-09,28,MIN,73,2356,13.8,1.1,1.8,4.2,.086
Mike Miller,2009-10,29,WAS,54,1805,13.9,1.3,1.5,3.9,.104
Mike Miller,2010-11,30,MIA,41,838,9.7,-1.4,0.1,1.6,.090
Mike Miller,2011-12,31,MIA,39,752,11.4,0.1,0.4,1.8,.113
Mike Miller,2012-13,32,MIA,59,900,13.5,1.5,0.8,2.6,.137
Mike Miller,2013-14,33,MEM,82,1707,12.5,0.4,1.0,3.9,.111
Mike Miller,2014-15,34,CLE,52,701,4.6,-3.4,-0.2,0.4,.028
Mike Miller,2015-16,35,DEN,47,373,6.5,-2.6,0.0,0.3,.040
Mike Miller,2016-17,36,DEN,20,151,7.6,-1.5,0.0,0.1,.018
Oliver Miller,1992-93,22,PHO,56,1069,12.7,0.9,0.8,1.6,.070
Oliver Miller,1993-94,23,PHO,69,1786,18.2,4.6,3.0,5.3,.142
Oliver Miller,1994-95,24,DET,64,1558,16.9,0.1,0.8,3.1,.095
Oliver Miller,1995-96,25,TOR,76,2516,16.2,0.0,1.2,3.8,.072
Oliver Miller,1996-97,26,2TM,61,1152,13.1,-1.5,0.1,1.8,.073
Oliver Miller,1996-97,26,DAL,42,836,11.6,-2.5,-0.1,0.8,.047
Oliver Miller,1996-97,26,TOR,19,316,17.0,1.0,0.2,0.9,.144
Oliver Miller,1997-98,27,TOR,64,1628,12.8,-1.8,0.1,0.9,.026
Oliver Miller,1998-99,28,SAC,4,35,8.3,-8.2,-0.1,0.0,-0.052
Oliver Miller,1999-00,29,PHO,51,1088,15.5,2.0,1.1,3.4,.152
Oliver Miller,2000-01,,Did not play - other pro league,,,,,,,
Oliver Miller,2001-02,,Did not play - other pro league,,,,,,,
Oliver Miller,2002-03,,Did not play - other pro league,,,,,,,
Oliver Miller,2003-04,,Did not play - other pro league,,,,,,,
Oliver Miller,2003-04,33,MIN,48,506,12.9,-0.2,0.2,1.4,.130
Quincy Miller,2012-13,20,DEN,7,26,5.9,-9.2,0.0,0.0,-0.051
Quincy Miller,2013-14,21,DEN,52,789,8.6,-3.7,-0.4,0.0,.002
Quincy Miller,2014-15,22,2TM,10,119,7.4,-3.8,-0.1,-0.1,-0.030
Quincy Miller,2014-15,22,SAC,6,61,11.1,-0.1,0.0,0.0,.010
Quincy Miller,2014-15,22,DET,4,58,3.6,-7.7,-0.1,-0.1,-0.072
Reggie Miller,1987-88,22,IND,82,1840,14.0,0.7,1.3,4.2,.110
Reggie Miller,1988-89,23,IND,74,2536,15.7,2.0,2.5,6.5,.124
Reggie Miller,1989-90,24,IND,82,3192,20.8,4.0,4.8,12.1,.182
Reggie Miller,1990-91,25,IND,82,2972,21.2,4.2,4.6,12.5,.202
Reggie Miller,1991-92,26,IND,82,3120,17.6,2.6,3.6,11.0,.169
Reggie Miller,1992-93,27,IND,82,2954,19.4,4.3,4.7,11.3,.183
Reggie Miller,1993-94,28,IND,79,2638,20.2,4.7,4.5,11.7,.212
Reggie Miller,1994-95,29,IND,81,2665,20.1,5.2,4.9,11.4,.204
Reggie Miller,1995-96,30,IND,76,2621,20.1,4.7,4.5,10.3,.188
Reggie Miller,1996-97,31,IND,81,2966,20.2,5.8,5.8,12.3,.200
Reggie Miller,1997-98,32,IND,81,2795,19.8,4.8,4.8,12.0,.206
Reggie Miller,1998-99,33,IND,50,1787,18.7,3.2,2.3,6.4,.172
Reggie Miller,1999-00,34,IND,81,2987,17.3,2.7,3.6,10.1,.162
Reggie Miller,2000-01,35,IND,81,3181,17.3,2.3,3.4,10.3,.155
Reggie Miller,2001-02,36,IND,79,2889,16.5,2.5,3.3,9.5,.159
Reggie Miller,2002-03,37,IND,70,2117,15.9,2.3,2.3,7.4,.168
Reggie Miller,2003-04,38,IND,80,2254,16.1,3.5,3.1,8.9,.189
Reggie Miller,2004-05,39,IND,66,2105,16.6,1.8,2.0,6.6,.151
Walt Miller,1946-47,31,PIT,12,,,,,0.3,
Dariq Whitehead,2023-24,19,BRK,2,24,4.9,-7.9,0.0,0.0,-0.030
Dariq Whitehead,2024-25,20,BRK,20,246,9.4,-3.7,-0.1,0.1,.010
Chris Mills,1993-94,24,CLE,79,2022,12.6,-1.4,0.3,4.0,.096
Chris Mills,1994-95,25,CLE,80,2814,11.6,-1.1,0.7,5.4,.091
Chris Mills,1995-96,26,CLE,80,3060,15.2,-0.1,1.5,7.8,.122
Chris Mills,1996-97,27,CLE,80,3167,14.1,1.1,2.5,8.9,.134
Chris Mills,1997-98,28,NYK,80,2183,12.7,-0.4,0.9,5.1,.113
Chris Mills,1998-99,29,GSW,47,1395,13.0,0.0,0.7,3.0,.104
Chris Mills,1999-00,30,GSW,20,649,16.2,0.5,0.4,1.2,.090
Chris Mills,2000-01,31,GSW,15,493,9.6,-4.4,-0.3,0.1,.007
Chris Mills,2001-02,32,GSW,66,1237,12.3,-1.5,0.1,1.9,.074
Chris Mills,2002-03,33,GSW,21,262,12.7,-2.1,0.0,0.3,.059
Chris Mills,2003-04,,Did not play - injury,,,,,,,
John Mills,1946-47,27,PIT,47,,,,,1.4,
Patty Mills,2009-10,21,POR,10,38,11.9,-10.2,-0.1,0.0,-0.036
Patty Mills,2010-11,22,POR,64,783,13.0,-1.5,0.1,0.7,.044
Patty Mills,2011-12,23,SAS,16,261,21.5,2.5,0.3,0.9,.161
Patty Mills,2012-13,24,SAS,58,656,14.1,0.2,0.4,1.5,.109
Patty Mills,2013-14,25,SAS,81,1527,18.7,4.0,2.3,5.6,.175
Patty Mills,2014-15,26,SAS,51,801,13.0,-0.3,0.4,1.4,.087
Patty Mills,2015-16,27,SAS,81,1662,14.6,1.5,1.5,4.8,.139
Patty Mills,2016-17,28,SAS,80,1754,15.2,1.6,1.6,5.1,.139
Patty Mills,2017-18,29,SAS,82,2107,11.8,-1.0,0.5,4.1,.093
Patty Mills,2018-19,30,SAS,82,1908,13.2,-0.3,0.8,3.5,.087
Patty Mills,2019-20,31,SAS,66,1485,14.8,0.0,0.8,2.8,.091
Patty Mills,2020-21,32,SAS,68,1685,11.8,-1.2,0.4,2.2,.062
Patty Mills,2021-22,33,BRK,81,2346,10.4,-1.7,0.2,2.8,.058
Patty Mills,2022-23,34,BRK,40,567,10.6,-3.1,-0.2,0.4,.035
Patty Mills,2023-24,35,2TM,32,415,7.2,-4.6,-0.3,0.1,.009
Patty Mills,2023-24,35,ATL,19,202,6.6,-3.8,-0.1,0.0,.008
Patty Mills,2023-24,35,MIA,13,213,7.9,-5.3,-0.2,0.0,.009
Patty Mills,2024-25,36,2TM,29,321,8.4,-3.2,-0.1,0.1,.017
Patty Mills,2024-25,36,UTA,17,260,6.2,-4.4,-0.2,-0.2,-0.040
Patty Mills,2024-25,36,LAC,12,61,17.5,2.1,0.1,0.3,.259
Terry Mills,1990-91,23,2TM,55,819,13.6,-2.7,-0.1,1.3,.078
Terry Mills,1990-91,23,DEN,17,279,14.5,-2.4,0.0,0.3,.053
Terry Mills,1990-91,23,NJN,38,540,13.1,-2.8,-0.1,1.0,.091
Terry Mills,1991-92,24,NJN,82,1714,14.7,-1.5,0.2,3.9,.108
Terry Mills,1992-93,25,DET,81,2183,15.5,-1.8,0.1,3.8,.084
Terry Mills,1993-94,26,DET,80,2773,17.7,0.5,1.7,6.3,.110
Terry Mills,1994-95,27,DET,72,2514,14.7,-1.2,0.5,3.7,.071
Terry Mills,1995-96,28,DET,82,1656,15.2,0.0,0.8,3.7,.106
Terry Mills,1996-97,29,DET,79,1997,16.4,2.7,2.4,6.2,.148
Terry Mills,1997-98,30,MIA,50,782,7.7,-3.8,-0.4,0.9,.057
Terry Mills,1998-99,31,MIA,1,29,6.7,-6.8,0.0,0.0,-0.015
Terry Mills,1999-00,32,DET,82,1842,11.0,-0.3,0.8,3.8,.099
Terry Mills,2000-01,33,IND,14,113,1.1,-8.2,-0.2,-0.2,-0.096
Elijah Millsap,2014-15,27,UTA,47,924,7.9,-3.1,-0.3,0.4,.020
Elijah Millsap,2015-16,28,UTA,20,173,6.5,-3.8,-0.1,0.1,.033
Elijah Millsap,2016-17,29,PHO,2,23,-3.4,-19.0,-0.1,-0.1,-0.233
Paul Millsap,2006-07,21,UTA,82,1472,17.6,0.6,0.9,4.7,.153
Paul Millsap,2007-08,22,UTA,82,1702,16.1,-0.2,0.8,5.2,.148
Paul Millsap,2008-09,23,UTA,76,2290,18.6,1.1,1.8,7.7,.162
Paul Millsap,2009-10,24,UTA,82,2277,16.7,0.4,1.4,7.2,.151
Paul Millsap,2010-11,25,UTA,76,2605,19.8,1.9,2.5,7.7,.143
Paul Millsap,2011-12,26,UTA,64,2100,21.8,3.9,3.1,7.8,.179
Paul Millsap,2012-13,27,UTA,78,2375,19.8,2.7,2.8,7.6,.154
Paul Millsap,2013-14,28,ATL,74,2482,19.8,2.8,3.0,6.7,.129
Paul Millsap,2014-15,29,ATL,73,2390,20.0,3.4,3.3,8.3,.166
Paul Millsap,2015-16,30,ATL,81,2647,21.3,4.2,4.1,10.1,.183
Paul Millsap,2016-17,31,ATL,69,2343,17.9,2.1,2.4,6.4,.132
Paul Millsap,2017-18,32,DEN,38,1143,17.0,0.4,0.7,2.5,.107
Paul Millsap,2018-19,33,DEN,70,1895,17.9,1.7,1.8,6.1,.155
Paul Millsap,2019-20,34,DEN,51,1240,16.9,0.1,0.7,3.5,.136
Paul Millsap,2020-21,35,DEN,56,1162,16.4,1.0,0.9,3.2,.133
Paul Millsap,2021-22,36,2TM,33,376,10.8,-3.5,-0.1,0.5,.061
Paul Millsap,2021-22,36,BRK,24,270,11.2,-3.1,-0.1,0.4,.069
Paul Millsap,2021-22,36,PHI,9,106,9.7,-4.5,-0.1,0.1,.041
Shake Milton,2018-19,22,PHI,20,268,9.3,-3.2,-0.1,0.3,.059
Shake Milton,2019-20,23,PHI,40,805,14.4,-1.0,0.2,2.1,.126
Shake Milton,2020-21,24,PHI,63,1461,14.6,-1.6,0.1,2.8,.091
Shake Milton,2021-22,25,PHI,55,1179,11.9,-2.2,-0.1,1.7,.069
Shake Milton,2022-23,26,PHI,76,1567,12.7,-2.0,0.0,2.9,.087
Shake Milton,2023-24,27,3TM,48,581,9.2,-3.7,-0.3,0.6,.048
Shake Milton,2023-24,27,MIN,38,491,8.3,-4.2,-0.3,0.4,.039
Shake Milton,2023-24,27,DET,4,63,14.6,0.3,0.0,0.1,.047
Shake Milton,2023-24,27,NYK,6,27,13.8,-3.5,0.0,0.1,.201
Shake Milton,2024-25,28,2TM,57,837,11.9,-2.2,0.0,1.3,.077
Shake Milton,2024-25,28,BRK,27,492,12.8,-0.9,0.1,1.0,.093
Shake Milton,2024-25,28,LAL,30,345,10.5,-4.0,-0.2,0.4,.055
Justin Minaya,2022-23,23,POR,4,89,4.0,-9.0,-0.2,-0.1,-0.067
Justin Minaya,2023-24,24,POR,34,381,5.8,-5.6,-0.3,0.1,.009
Justin Minaya,2024-25,25,POR,19,101,5.0,-5.4,-0.1,0.0,-0.007
Harold Miner,1992-93,21,MIA,73,1383,14.3,-2.0,0.0,2.0,.069
Harold Miner,1993-94,22,MIA,63,1358,14.0,-1.6,0.1,2.7,.094
Harold Miner,1994-95,23,MIA,45,871,8.5,-5.8,-0.8,-0.4,-0.023
Harold Miner,1995-96,24,CLE,19,136,7.6,-9.1,-0.2,-0.1,-0.029
Yao Ming,2002-03,22,HOU,82,2382,20.6,2.2,2.5,8.7,.176
Yao Ming,2003-04,23,HOU,82,2692,21.9,2.8,3.2,11.4,.202
Yao Ming,2004-05,24,HOU,80,2447,23.2,2.4,2.8,10.7,.210
Yao Ming,2005-06,25,HOU,57,1949,25.6,4.4,3.2,8.6,.211
Yao Ming,2006-07,26,HOU,48,1624,26.5,5.0,2.8,7.4,.220
Yao Ming,2007-08,27,HOU,55,2044,22.5,3.4,2.8,8.3,.196
Yao Ming,2008-09,28,HOU,77,2589,22.7,3.1,3.3,10.6,.196
Yao Ming,2009-10,,Did not play - injury,,,,,,,
Yao Ming,2010-11,30,HOU,5,91,19.8,1.2,0.1,0.3,.147
Riley Minix,2024-25,24,SAS,1,7,-1.7,-11.8,0.0,0.0,-0.114
Dirk Minniefield,1983-84,,Did not play - other pro league,,,,,,,
Dirk Minniefield,1984-85,,Did not play - other pro league,,,,,,,
Dirk Minniefield,1985-86,25,CLE,76,1131,14.1,0.1,0.6,1.9,.083
Dirk Minniefield,1986-87,26,2TM,74,1600,10.3,-2.7,-0.3,1.1,.032
Dirk Minniefield,1986-87,26,CLE,11,122,1.8,-8.1,-0.2,-0.3,-0.131
Dirk Minniefield,1986-87,26,HOU,63,1478,11.0,-2.3,-0.1,1.4,.045
Dirk Minniefield,1987-88,27,2TM,72,1070,10.4,-1.6,0.1,1.1,.050
Dirk Minniefield,1987-88,27,GSW,11,202,13.2,-0.1,0.1,0.3,.068
Dirk Minniefield,1987-88,27,BOS,61,868,9.7,-2.0,0.0,0.8,.046
Dave Minor,1951-52,29,BLB,57,1558,12.6,,,1.1,.033
Dave Minor,1952-53,30,2TM,59,1610,11.2,,,2.6,.077
Dave Minor,1952-53,30,BLB,19,301,10.2,,,0.1,.013
Dave Minor,1952-53,30,MLH,40,1309,11.4,,,2.5,.091
Greg Minor,1994-95,23,BOS,63,945,14.7,0.2,0.5,2.1,.106
Greg Minor,1995-96,24,BOS,78,1761,14.0,-1.6,0.2,3.0,.082
Greg Minor,1996-97,25,BOS,23,547,13.2,-2.0,0.0,0.6,.056
Greg Minor,1997-98,26,BOS,69,1126,11.8,-1.5,0.1,1.7,.074
Greg Minor,1998-99,27,BOS,44,765,9.7,-2.9,-0.2,0.8,.048
Mark Minor,1972-73,22,BOS,4,20,6.8,,,0.0,.081
Josh Minott,2022-23,20,MIN,15,96,17.9,-1.6,0.0,0.3,.146
Josh Minott,2023-24,21,MIN,32,91,20.4,5.1,0.2,0.4,.222
Josh Minott,2024-25,22,MIN,46,276,15.5,2.2,0.3,0.9,.153
Nikola Mirotić,2011-12,,Did not play - other pro league,,,,,,,
Nikola Mirotić,2012-13,,Did not play - other pro league,,,,,,,
Nikola Mirotić,2013-14,,Did not play - other pro league,,,,,,,
Nikola Mirotić,2014-15,23,CHI,82,1654,17.9,2.3,1.8,5.7,.165
Nikola Mirotić,2015-16,24,CHI,66,1646,15.6,1.5,1.5,3.9,.115
Nikola Mirotić,2016-17,25,CHI,70,1679,14.5,0.7,1.1,3.8,.107
Nikola Mirotić,2017-18,26,2TM,55,1494,18.7,2.2,1.6,4.0,.128
Nikola Mirotić,2017-18,26,CHI,25,622,22.0,4.6,1.0,2.0,.158
Nikola Mirotić,2017-18,26,NOP,30,872,16.3,0.5,0.5,1.9,.106
Nikola Mirotić,2018-19,27,2TM,46,1245,17.2,1.5,1.1,3.5,.133
Nikola Mirotić,2018-19,27,NOP,32,925,17.5,1.4,0.8,2.5,.129
Nikola Mirotić,2018-19,27,MIL,14,320,16.2,2.0,0.3,1.0,.147
Wat Misaka,1947-48,24,NYK,3,,,,,0.0,
Jason Miskiri,1999-00,24,CHH,1,3,-12.4,-18.6,0.0,0.0,-0.205
Yves Missi,2024-25,20,NOP,73,1956,15.4,-3.0,-0.5,3.6,.089
Ajay Mitchell,2024-25,22,OKC,36,597,12.0,-1.6,0.1,1.5,.122
Davion Mitchell,2021-22,23,SAC,75,2076,10.8,-3.8,-0.9,0.1,.003
Davion Mitchell,2022-23,24,SAC,80,1447,9.4,-2.8,-0.3,1.5,.050
Davion Mitchell,2023-24,25,SAC,72,1101,9.3,-3.4,-0.4,1.3,.059
Davion Mitchell,2024-25,26,2TM,74,2027,10.2,-2.6,-0.3,3.0,.070
Davion Mitchell,2024-25,26,TOR,44,1080,7.9,-4.3,-0.6,0.7,.031
Davion Mitchell,2024-25,26,MIA,30,947,12.9,-0.6,0.3,2.3,.114
Donovan Mitchell,2017-18,21,UTA,79,2638,16.7,1.2,2.2,5.2,.095
Donovan Mitchell,2018-19,22,UTA,77,2598,17.2,1.3,2.2,5.0,.092
Donovan Mitchell,2019-20,23,UTA,69,2364,18.8,1.9,2.3,5.4,.110
Donovan Mitchell,2020-21,24,UTA,53,1771,21.3,4.3,2.8,6.2,.167
Donovan Mitchell,2021-22,25,UTA,67,2266,21.6,4.3,3.6,7.2,.152
Donovan Mitchell,2022-23,26,CLE,68,2432,22.9,6.3,5.0,8.9,.176
Donovan Mitchell,2023-24,27,CLE,55,1942,22.1,5.8,3.9,6.4,.159
Donovan Mitchell,2024-25,28,CLE,71,2232,20.9,3.7,3.2,7.6,.163
Leland Mitchell,1967-68,26,NOB,78,1091,3.7,,,0.6,.026
Mike Mitchell,1978-79,23,CLE,80,1576,16.8,-0.6,0.5,3.6,.111
Mike Mitchell,1979-80,24,CLE,82,2802,19.1,1.2,2.2,8.3,.142
Mike Mitchell,1980-81,25,CLE,82,3194,17.5,-0.3,1.3,6.0,.091
Mike Mitchell,1981-82,26,2TM,84,3063,15.9,-1.4,0.4,5.9,.093
Mike Mitchell,1981-82,26,CLE,27,973,14.2,-2.3,-0.1,0.5,.023
Mike Mitchell,1981-82,26,SAS,57,2090,16.7,-1.0,0.5,5.5,.126
Mike Mitchell,1982-83,27,SAS,80,2803,16.9,-0.7,0.9,7.6,.131
Mike Mitchell,1983-84,28,SAS,79,2853,17.1,-1.7,0.2,5.5,.092
Mike Mitchell,1984-85,29,SAS,82,2853,16.5,-1.1,0.6,6.0,.101
Mike Mitchell,1985-86,30,SAS,82,2970,15.9,-2.3,-0.3,4.4,.071
Mike Mitchell,1986-87,31,SAS,40,922,11.9,-5.0,-0.7,0.4,.019
Mike Mitchell,1987-88,32,SAS,68,1501,15.7,-2.4,-0.2,2.4,.076
Mike Mitchell,1988-89,,Did not play - other pro league,,,,,,,
Mike Mitchell,1989-90,,Did not play - other pro league,,,,,,,
Mike Mitchell,1990-91,,Did not play - other pro league,,,,,,,
Mike Mitchell,1991-92,,Did not play - other pro league,,,,,,,
Mike Mitchell,1992-93,,Did not play - other pro league,,,,,,,
Mike Mitchell,1993-94,,Did not play - other pro league,,,,,,,
Mike Mitchell,1994-95,,Did not play - other pro league,,,,,,,
Mike Mitchell,1995-96,,Did not play - other pro league,,,,,,,
Mike Mitchell,1996-97,,Did not play - other pro league,,,,,,,
Mike Mitchell,1997-98,,Did not play - other pro league,,,,,,,
Mike Mitchell,1998-99,,Did not play - other pro league,,,,,,,
Murray Mitchell,1949-50,26,AND,2,,,,,0.0,
Sam Mitchell,1985-86,,Did not play - other pro league,,,,,,,
Sam Mitchell,1986-87,,Did not play - other pro league,,,,,,,
Sam Mitchell,1987-88,,Did not play - other pro league,,,,,,,
Sam Mitchell,1988-89,,Did not play - other pro league,,,,,,,
Sam Mitchell,1989-90,26,MIN,80,2414,13.7,-2.4,-0.3,5.1,.102
Sam Mitchell,1990-91,27,MIN,82,3121,12.3,-3.2,-0.9,5.1,.078
Sam Mitchell,1991-92,28,MIN,82,2151,12.0,-3.9,-1.0,2.3,.051
Sam Mitchell,1992-93,29,IND,81,1402,11.9,-3.2,-0.4,2.8,.095
Sam Mitchell,1993-94,30,IND,75,1084,10.9,-2.4,-0.1,2.2,.099
Sam Mitchell,1994-95,31,IND,81,1377,13.4,-1.1,0.3,3.7,.130
Sam Mitchell,1995-96,32,MIN,78,2145,13.0,-2.2,-0.1,4.3,.095
Sam Mitchell,1996-97,33,MIN,82,2044,11.8,-3.7,-0.9,3.3,.077
Sam Mitchell,1997-98,34,MIN,81,2239,15.8,-0.5,0.8,6.1,.131
Sam Mitchell,1998-99,35,MIN,50,1344,14.1,-0.9,0.4,3.0,.108
Sam Mitchell,1999-00,36,MIN,66,1227,12.0,-1.7,0.1,2.3,.092
Sam Mitchell,2000-01,37,MIN,82,983,8.2,-4.6,-0.6,0.6,.030
Sam Mitchell,2001-02,38,MIN,74,726,9.4,-3.8,-0.3,0.9,.058
Todd Mitchell,1988-89,22,2TM,24,353,7.5,-5.6,-0.3,-0.1,-0.008
Todd Mitchell,1988-89,22,MIA,22,320,8.8,-4.6,-0.2,0.1,.017
Todd Mitchell,1988-89,22,SAS,2,33,-4.8,-15.4,-0.1,-0.2,-0.249
Tony Mitchell,2013-14,24,MIL,3,10,30.9,10.6,0.0,0.1,.242
Tony Mitchell,2013-14,21,DET,21,79,18.1,0.4,0.0,0.2,.151
Naz Mitrou-Long,2017-18,24,UTA,1,1,133.8,242.2,0.0,0.1,2.712
Naz Mitrou-Long,2018-19,25,UTA,14,84,2.2,-8.7,-0.1,-0.1,-0.046
Naz Mitrou-Long,2019-20,26,IND,5,47,7.8,-1.4,0.0,0.0,-0.022
Steve Mix,1969-70,22,DET,18,276,13.1,,,0.4,.063
Steve Mix,1970-71,23,DET,35,731,12.7,,,1.3,.083
Steve Mix,1971-72,24,2TM,9,108,7.9,,,-0.3,-0.122
Steve Mix,1971-72,24,DET,8,104,7.2,,,-0.3,-0.142
Steve Mix,1971-72,24,DNR,1,4,25.1,,,0.0,.396
Steve Mix,1972-73,,Did not play - other pro league,,,,,,,
Steve Mix,1973-74,26,PHI,82,2969,16.3,1.7,2.8,8.2,.132
Steve Mix,1974-75,27,PHI,46,1748,16.4,1.4,1.5,5.1,.141
Steve Mix,1975-76,28,PHI,81,3039,15.1,1.9,3.0,9.4,.148
Steve Mix,1976-77,29,PHI,75,1958,15.1,1.8,1.9,6.5,.158
Steve Mix,1977-78,30,PHI,82,1819,14.8,1.0,1.4,5.1,.134
Steve Mix,1978-79,31,PHI,74,1269,19.4,3.3,1.7,4.9,.186
Steve Mix,1979-80,32,PHI,81,1543,19.5,2.4,1.7,5.5,.172
Steve Mix,1980-81,33,PHI,72,1327,19.7,3.0,1.7,5.5,.201
Steve Mix,1981-82,34,PHI,75,1235,15.8,1.0,0.9,3.7,.144
Steve Mix,1982-83,35,2TM,58,809,15.1,0.8,0.6,2.4,.142
Steve Mix,1982-83,35,MIL,57,792,15.1,0.9,0.6,2.4,.143
Steve Mix,1982-83,35,LAL,1,17,13.2,-4.1,0.0,0.0,.086
Bill Mlkvy,1952-53,22,PHW,31,608,9.5,,,-1.0,-0.082
Cuttino Mobley,1998-99,23,HOU,49,1456,12.2,-1.1,0.4,2.3,.077
Cuttino Mobley,1999-00,24,HOU,81,2496,16.0,-0.1,1.2,5.2,.099
Cuttino Mobley,2000-01,25,HOU,79,3002,17.7,0.9,2.2,8.2,.130
Cuttino Mobley,2001-02,26,HOU,74,3116,16.7,0.3,1.8,5.7,.087
Cuttino Mobley,2002-03,27,HOU,73,3044,14.7,0.2,1.7,6.9,.109
Cuttino Mobley,2003-04,28,HOU,80,3229,14.1,1.4,2.8,7.6,.114
Cuttino Mobley,2004-05,29,2TM,66,2388,15.0,-0.1,1.1,4.4,.089
Cuttino Mobley,2004-05,29,ORL,23,726,15.3,0.9,0.5,1.5,.101
Cuttino Mobley,2004-05,29,SAC,43,1662,14.9,-0.5,0.6,2.9,.084
Cuttino Mobley,2005-06,30,LAC,79,2979,13.1,-0.2,1.3,5.3,.086
Cuttino Mobley,2006-07,31,LAC,78,2841,12.5,-1.0,0.8,4.6,.078
Cuttino Mobley,2007-08,32,LAC,77,2702,11.5,-2.3,-0.2,2.1,.037
Cuttino Mobley,2008-09,33,LAC,11,365,10.3,-3.9,-0.2,-0.1,-0.017
Cuttino Mobley,2009-10,,Did not play - illness,,,,,,,
Eric Mobley,1994-95,24,MIL,46,587,14.3,-1.2,0.1,1.3,.107
Eric Mobley,1995-96,25,2TM,39,676,9.4,-5.1,-0.5,0.2,.015
Eric Mobley,1995-96,25,MIL,5,65,3.9,-6.0,-0.1,0.0,-0.010
Eric Mobley,1995-96,25,VAN,34,611,10.0,-5.0,-0.5,0.2,.017
Eric Mobley,1996-97,26,VAN,28,307,6.3,-8.4,-0.5,-0.4,-0.063
Evan Mobley,2021-22,20,CLE,69,2331,16.1,0.6,1.5,5.2,.107
Evan Mobley,2022-23,21,CLE,79,2715,17.9,1.7,2.5,8.5,.151
Evan Mobley,2023-24,22,CLE,50,1532,20.1,2.9,1.9,5.5,.174
Evan Mobley,2024-25,23,CLE,71,2167,22.3,4.6,3.6,9.0,.200
Isaiah Mobley,2022-23,23,CLE,12,84,14.1,-1.4,0.0,0.2,.135
Isaiah Mobley,2023-24,24,CLE,10,72,8.1,-6.6,-0.1,0.0,.032
Isaiah Mobley,2024-25,25,PHI,1,17,17.2,4.7,0.0,0.0,.119
Doug Moe,1961-62,,Did not play - suspended,,,,,,,
Doug Moe,1962-63,,Did not play - suspended,,,,,,,
Doug Moe,1963-64,,Did not play - suspended,,,,,,,
Doug Moe,1964-65,,Did not play - suspended,,,,,,,
Doug Moe,1965-66,,Did not play - other pro league,,,,,,,
Doug Moe,1966-67,,Did not play - other pro league,,,,,,,
Doug Moe,1967-68,29,NOB,78,3113,21.2,,,9.4,.144
Doug Moe,1968-69,30,OAK,75,2528,16.8,,,4.8,.091
Doug Moe,1969-70,31,CAR,80,2671,16.6,,,5.2,.093
Doug Moe,1970-71,32,VIR,78,2297,13.3,,,4.3,.090
Doug Moe,1971-72,33,VIR,67,1472,8.5,,,1.8,.058
Larry Moffett,1977-78,23,HOU,20,110,4.0,-4.6,-0.1,-0.1,-0.042
Jonathan Mogbo,2024-25,23,TOR,63,1286,11.9,-1.9,0.0,1.9,.071
Leo Mogus,1946-47,25,2TM,58,,,,,7.7,
Leo Mogus,1946-47,25,CLR,17,,,,,2.5,
Leo Mogus,1946-47,25,TRH,41,,,,,5.1,
Leo Mogus,1947-48,,Did not play - other pro league,,,,,,,
Leo Mogus,1948-49,27,3TM,52,,,,,5.0,
Leo Mogus,1948-49,27,BLB,13,,,,,0.0,
Leo Mogus,1948-49,27,FTW,20,,,,,1.7,
Leo Mogus,1948-49,27,INJ,19,,,,,3.3,
Leo Mogus,1949-50,28,PHW,64,,,,,8.0,
Leo Mogus,1950-51,29,PHW,57,,,,,1.2,
Nazr Mohammed,1998-99,21,PHI,26,121,10.0,-7.5,-0.2,0.0,.013
Nazr Mohammed,1999-00,22,PHI,28,190,7.0,-7.0,-0.2,-0.1,-0.016
Nazr Mohammed,2000-01,23,2TM,58,912,19.2,-1.5,0.1,2.5,.129
Nazr Mohammed,2000-01,23,PHI,30,196,15.3,-3.9,-0.1,0.5,.116
Nazr Mohammed,2000-01,23,ATL,28,716,20.3,-0.9,0.2,2.0,.133
Nazr Mohammed,2001-02,24,ATL,82,2168,14.0,-3.8,-1.0,3.3,.072
Nazr Mohammed,2002-03,25,ATL,35,445,12.4,-5.3,-0.4,0.4,.045
Nazr Mohammed,2003-04,26,2TM,80,1611,16.1,-1.4,0.3,3.7,.110
Nazr Mohammed,2003-04,26,ATL,53,938,14.7,-2.8,-0.2,1.7,.087
Nazr Mohammed,2003-04,26,NYK,27,673,18.1,0.5,0.4,2.0,.144
Nazr Mohammed,2004-05,27,2TM,77,1933,16.4,-1.8,0.1,4.6,.115
Nazr Mohammed,2004-05,27,NYK,54,1519,17.0,-0.9,0.4,3.8,.120
Nazr Mohammed,2004-05,27,SAS,23,414,14.2,-4.7,-0.3,0.8,.095
Nazr Mohammed,2005-06,28,SAS,80,1389,15.0,-2.0,0.0,4.5,.156
Nazr Mohammed,2006-07,29,DET,51,773,16.5,-1.9,0.0,2.3,.145
Nazr Mohammed,2007-08,30,2TM,82,1650,15.8,-2.3,-0.1,3.4,.098
Nazr Mohammed,2007-08,30,DET,21,228,13.1,-3.1,-0.1,0.5,.112
Nazr Mohammed,2007-08,30,CHA,61,1422,16.2,-2.2,-0.1,2.8,.096
Nazr Mohammed,2008-09,31,CHA,39,341,7.7,-7.1,-0.4,0.0,.004
Nazr Mohammed,2009-10,32,CHA,58,984,19.6,0.5,0.6,3.6,.174
Nazr Mohammed,2010-11,33,2TM,75,1280,15.9,-2.8,-0.3,2.7,.100
Nazr Mohammed,2010-11,33,CHA,51,851,15.9,-3.2,-0.3,1.4,.080
Nazr Mohammed,2010-11,33,OKC,24,429,16.0,-2.1,0.0,1.2,.139
Nazr Mohammed,2011-12,34,OKC,63,692,11.0,-2.4,-0.1,1.3,.090
Nazr Mohammed,2012-13,35,CHI,63,693,10.8,-3.6,-0.3,1.2,.082
Nazr Mohammed,2013-14,36,CHI,80,562,10.1,-3.9,-0.3,0.8,.070
Nazr Mohammed,2014-15,37,CHI,23,128,8.7,-4.5,-0.1,0.1,.040
Nazr Mohammed,2015-16,38,OKC,5,19,6.0,-11.7,0.0,0.0,-0.009
Jérôme Moïso,2000-01,22,BOS,24,135,3.2,-10.3,-0.3,-0.3,-0.096
Jérôme Moïso,2001-02,23,CHH,15,76,5.9,-7.1,-0.1,-0.1,-0.040
Jérôme Moïso,2002-03,24,NOH,51,644,14.5,-1.3,0.1,1.5,.109
Jérôme Moïso,2003-04,25,TOR,35,417,12.3,-2.6,-0.1,0.8,.090
Jérôme Moïso,2004-05,26,3TM,20,120,12.3,-2.1,0.0,0.2,.098
Jérôme Moïso,2004-05,26,TOR,8,69,9.5,-4.5,0.0,0.1,.039
Jérôme Moïso,2004-05,26,NJN,8,24,17.0,0.8,0.0,0.1,.174
Jérôme Moïso,2004-05,26,CLE,4,27,15.3,1.4,0.0,0.1,.181
Paul Mokeski,1979-80,23,HOU,12,113,4.4,-6.4,-0.2,-0.1,-0.041
Paul Mokeski,1980-81,24,DET,80,1815,10.3,-2.6,-0.3,1.7,.046
Paul Mokeski,1981-82,25,2TM,67,868,8.7,-3.3,-0.3,0.8,.045
Paul Mokeski,1981-82,25,DET,39,523,7.1,-4.1,-0.3,0.3,.031
Paul Mokeski,1981-82,25,CLE,28,345,11.1,-2.1,0.0,0.5,.066
Paul Mokeski,1982-83,26,2TM,73,1128,8.3,-3.7,-0.5,1.4,.060
Paul Mokeski,1982-83,26,CLE,23,539,9.9,-2.3,0.0,0.6,.057
Paul Mokeski,1982-83,26,MIL,50,589,6.9,-5.0,-0.4,0.8,.063
Paul Mokeski,1983-84,27,MIL,68,838,8.9,-3.1,-0.2,1.6,.090
Paul Mokeski,1984-85,28,MIL,79,1586,10.1,-1.7,0.1,3.4,.102
Paul Mokeski,1985-86,29,MIL,45,521,7.9,-3.2,-0.2,0.9,.079
Paul Mokeski,1986-87,30,MIL,62,626,7.4,-3.5,-0.2,1.1,.081
Paul Mokeski,1987-88,31,MIL,60,848,8.8,-4.5,-0.5,1.3,.073
Paul Mokeski,1988-89,32,MIL,74,690,8.2,-3.6,-0.3,1.0,.072
Paul Mokeski,1989-90,33,CLE,38,449,7.7,-6.7,-0.5,0.2,.018
Paul Mokeski,1990-91,34,GSW,36,257,6.6,-5.0,-0.2,0.3,.056
Adam Mokoka,2019-20,21,CHI,11,112,8.2,-4.1,-0.1,0.2,.073
Adam Mokoka,2020-21,22,CHI,14,56,2.2,-9.3,-0.1,-0.1,-0.112
Jack Molinas,1953-54,22,FTW,32,958,19.3,,,3.6,.179
Jack Molinas,1954-55,,Did not play - suspended,,,,,,,
Wayne Molis,1966-67,23,NYK,13,75,11.7,,,-0.2,-0.099
Wayne Molis,1967-68,24,2TM,46,535,18.6,,,1.1,.103
Wayne Molis,1967-68,24,OAK,5,46,11.1,,,0.0,.038
Wayne Molis,1967-68,24,HSM,41,489,19.3,,,1.1,.109
Sidney Moncrief,1979-80,22,MIL,77,1557,15.9,1.5,1.4,4.9,.150
Sidney Moncrief,1980-81,23,MIL,80,2417,18.0,3.8,3.5,9.9,.196
Sidney Moncrief,1981-82,24,MIL,80,2980,20.1,4.8,5.1,13.4,.216
Sidney Moncrief,1982-83,25,MIL,76,2710,22.6,5.4,5.1,13.2,.233
Sidney Moncrief,1983-84,26,MIL,79,3075,19.8,4.1,4.7,12.7,.198
Sidney Moncrief,1984-85,27,MIL,73,2734,20.1,4.8,4.7,11.2,.197
Sidney Moncrief,1985-86,28,MIL,73,2567,20.0,4.9,4.5,11.7,.219
Sidney Moncrief,1986-87,29,MIL,39,992,15.9,1.7,0.9,2.9,.142
Sidney Moncrief,1987-88,30,MIL,56,1428,15.2,0.9,1.1,3.7,.123
Sidney Moncrief,1988-89,31,MIL,62,1594,16.4,2.6,1.9,5.0,.151
Sidney Moncrief,1989-90,,Did not play - retired,,,,,,,
Sidney Moncrief,1990-91,33,ATL,72,1096,11.2,-0.7,0.4,1.8,.079
Chima Moneke,2022-23,27,SAC,2,8,-3.5,-20.7,0.0,0.0,-0.288
Chima Moneke,2023-24,,Did not play - other pro league,,,,,,,
Eric Money,1974-75,19,DET,66,889,11.3,-3.9,-0.4,0.3,.019
Eric Money,1975-76,20,DET,80,2267,16.3,0.3,1.3,4.2,.090
Eric Money,1976-77,21,DET,73,1586,15.8,0.2,0.9,3.3,.099
Eric Money,1977-78,22,DET,76,2557,15.4,-1.1,0.6,3.6,.067
Eric Money,1978-79,23,2TM,70,1979,14.4,-1.1,0.5,2.7,.065
Eric Money,1978-79,23,NJN,47,1434,15.4,-0.3,0.6,2.1,.072
Eric Money,1978-79,23,PHI,23,545,11.8,-3.3,-0.2,0.5,.048
Eric Money,1979-80,24,2TM,61,1549,11.4,-3.6,-0.7,0.6,.020
Eric Money,1979-80,24,PHI,6,82,4.4,-5.8,-0.2,-0.2,-0.094
Eric Money,1979-80,24,DET,55,1467,11.7,-3.4,-0.5,0.8,.026
Sergei Monia,2004-05,,Did not play - other pro league,,,,,,,
Sergei Monia,2005-06,22,2TM,26,343,6.3,-5.3,-0.3,-0.2,-0.025
Sergei Monia,2005-06,22,POR,23,336,6.2,-5.3,-0.3,-0.2,-0.026
Sergei Monia,2005-06,22,SAC,3,7,12.1,-4.6,0.0,0.0,.062
Malik Monk,2017-18,19,CHO,63,854,10.2,-3.4,-0.3,0.0,.000
Malik Monk,2018-19,20,CHO,73,1258,11.8,-3.0,-0.3,0.3,.012
Malik Monk,2019-20,21,CHO,55,1169,12.6,-2.3,-0.1,0.7,.028
Malik Monk,2020-21,22,CHO,42,878,13.6,-1.8,0.0,1.0,.054
Malik Monk,2021-22,23,LAL,76,2139,14.4,-0.5,0.8,3.6,.081
Malik Monk,2022-23,24,SAC,77,1719,16.6,0.3,1.0,3.2,.091
Malik Monk,2023-24,25,SAC,72,1872,16.0,0.6,1.2,3.5,.090
Malik Monk,2024-25,26,SAC,65,2054,15.0,-0.8,0.6,2.8,.065
Earl Monroe,1967-68,23,BAL,82,3012,19.3,,,9.3,.148
Earl Monroe,1968-69,24,BAL,80,3075,18.4,,,8.8,.138
Earl Monroe,1969-70,25,BAL,82,3051,17.3,,,8.3,.130
Earl Monroe,1970-71,26,BAL,81,2843,17.1,,,7.1,.119
Earl Monroe,1971-72,27,2TM,63,1337,14.9,,,2.5,.089
Earl Monroe,1971-72,27,BAL,3,103,14.7,,,0.0,.009
Earl Monroe,1971-72,27,NYK,60,1234,14.9,,,2.4,.095
Earl Monroe,1972-73,28,NYK,75,2370,16.1,,,7.8,.158
Earl Monroe,1973-74,29,NYK,41,1194,14.5,0.5,0.8,2.8,.111
Earl Monroe,1974-75,30,NYK,78,2814,17.7,1.5,2.5,6.6,.113
Earl Monroe,1975-76,31,NYK,76,2889,17.1,1.5,2.5,7.2,.119
Earl Monroe,1976-77,32,NYK,77,2656,18.1,1.7,2.5,7.8,.141
Earl Monroe,1977-78,33,NYK,76,2369,16.9,-0.1,1.1,5.8,.117
Earl Monroe,1978-79,34,NYK,64,1393,15.4,-1.1,0.3,2.5,.085
Earl Monroe,1979-80,35,NYK,51,633,15.3,-1.8,0.0,1.1,.081
Greg Monroe,2010-11,20,DET,80,2222,18.0,0.4,1.4,6.6,.143
Greg Monroe,2011-12,21,DET,66,2082,22.0,2.9,2.6,7.0,.161
Greg Monroe,2012-13,22,DET,81,2687,19.5,1.8,2.6,5.9,.105
Greg Monroe,2013-14,23,DET,82,2690,18.1,0.1,1.4,5.9,.106
Greg Monroe,2014-15,24,DET,69,2137,21.2,2.0,2.1,6.8,.153
Greg Monroe,2015-16,25,MIL,79,2314,21.8,2.1,2.4,7.5,.155
Greg Monroe,2016-17,26,MIL,81,1823,21.1,1.8,1.7,5.6,.147
Greg Monroe,2017-18,27,3TM,51,1040,21.2,2.2,1.1,3.4,.155
Greg Monroe,2017-18,27,MIL,5,79,11.1,-5.6,-0.1,0.0,-0.013
Greg Monroe,2017-18,27,PHO,20,465,21.0,2.1,0.5,1.4,.142
Greg Monroe,2017-18,27,BOS,26,496,23.0,3.6,0.7,2.0,.193
Greg Monroe,2018-19,28,3TM,43,480,16.0,-3.2,-0.1,1.1,.108
Greg Monroe,2018-19,28,TOR,38,423,13.5,-5.0,-0.3,0.6,.071
Greg Monroe,2018-19,28,BOS,2,5,60.2,25.2,0.0,0.1,.534
Greg Monroe,2018-19,28,PHI,3,52,31.7,8.2,0.1,0.4,.370
Greg Monroe,2019-20,,Did not play - other pro league,,,,,,,
Greg Monroe,2020-21,,Did not play - other pro league,,,,,,,
Greg Monroe,2021-22,31,4TM,14,195,19.5,0.4,0.1,0.7,.169
Greg Monroe,2021-22,31,MIN,4,81,18.9,4.5,0.1,0.3,.149
Greg Monroe,2021-22,31,WAS,2,18,25.1,-4.4,0.0,0.1,.135
Greg Monroe,2021-22,31,MIL,5,70,16.0,-4.5,0.0,0.2,.119
Greg Monroe,2021-22,31,UTA,3,26,27.0,4.4,0.0,0.2,.390
Rodney Monroe,1991-92,23,ATL,38,313,8.8,-5.3,-0.3,-0.2,-0.035
Luis Montero,2015-16,22,POR,12,42,-2.7,-15.5,-0.1,-0.2,-0.238
Luis Montero,2016-17,,Did not play - other pro league,,,,,,,
Luis Montero,2017-18,24,DET,2,8,-15.5,-25.6,0.0,-0.1,-0.445
Howie Montgomery,1962-63,22,SFW,20,364,9.9,,,0.1,.018
Eric Montross,1994-95,23,BOS,78,2315,12.1,-3.0,-0.6,4.1,.084
Eric Montross,1995-96,24,BOS,61,1432,10.6,-4.0,-0.7,1.3,.044
Eric Montross,1996-97,25,2TM,78,1828,8.8,-4.8,-1.3,1.4,.036
Eric Montross,1996-97,25,DAL,47,984,6.6,-6.0,-1.0,0.1,.005
Eric Montross,1996-97,25,NJN,31,844,11.3,-3.4,-0.3,1.3,.072
Eric Montross,1997-98,26,2TM,48,691,8.0,-5.4,-0.6,0.7,.049
Eric Montross,1997-98,26,PHI,20,337,6.7,-6.2,-0.4,0.1,.015
Eric Montross,1997-98,26,DET,28,354,9.4,-4.7,-0.2,0.6,.082
Eric Montross,1998-99,27,DET,46,577,9.1,-2.4,-0.1,1.3,.106
Eric Montross,1999-00,28,DET,51,332,0.2,-9.3,-0.6,-0.4,-0.058
Eric Montross,2000-01,29,2TM,54,649,5.4,-6.7,-0.8,0.0,-0.001
Eric Montross,2000-01,29,DET,42,568,5.0,-6.7,-0.7,-0.1,-0.006
Eric Montross,2000-01,29,TOR,12,81,8.1,-6.9,-0.1,0.0,.028
Eric Montross,2001-02,30,TOR,49,655,5.8,-5.6,-0.6,0.2,.015
Moses Moody,2021-22,19,GSW,52,607,10.5,-2.5,-0.1,1.3,.101
Moses Moody,2022-23,20,GSW,63,817,10.3,-2.6,-0.1,1.3,.076
Moses Moody,2023-24,21,GSW,66,1156,13.7,-0.1,0.6,2.4,.101
Moses Moody,2024-25,22,GSW,74,1649,12.4,-0.9,0.5,3.5,.102
Jamario Moon,2007-08,27,TOR,78,2166,15.0,1.9,2.2,5.7,.126
Jamario Moon,2008-09,28,2TM,80,2068,13.3,1.7,1.9,4.9,.114
Jamario Moon,2008-09,28,TOR,54,1379,14.2,2.7,1.6,3.4,.119
Jamario Moon,2008-09,28,MIA,26,689,11.6,-0.2,0.3,1.5,.103
Jamario Moon,2009-10,29,CLE,61,1052,12.6,1.4,0.9,2.9,.131
Jamario Moon,2010-11,30,2TM,59,1042,10.1,-1.1,0.2,1.1,.050
Jamario Moon,2010-11,30,CLE,40,764,10.7,-0.8,0.2,0.7,.043
Jamario Moon,2010-11,30,LAC,19,278,8.4,-1.9,0.0,0.4,.068
Jamario Moon,2011-12,31,CHA,8,123,3.4,-7.3,-0.2,-0.3,-0.100
Xavier Moon,2021-22,27,LAC,10,137,16.2,-0.1,0.1,0.3,.121
Xavier Moon,2022-23,28,LAC,4,20,7.2,-5.1,0.0,0.0,-0.030
Xavier Moon,2023-24,29,LAC,14,119,8.1,-6.1,-0.1,-0.1,-0.026
Jim Mooney,1952-53,22,PHW,18,529,9.5,,,0.2,.019
Matt Mooney,2019-20,23,CLE,4,19,8.1,-0.4,0.0,0.0,.007
Matt Mooney,2020-21,,Did not play - other pro league,,,,,,,
Matt Mooney,2021-22,25,NYK,1,2,-20.0,-22.3,0.0,0.0,-0.915
Andre Moore,1987-88,23,2TM,10,50,12.1,-6.0,-0.1,0.0,-0.013
Andre Moore,1987-88,23,DEN,7,34,15.5,-6.3,0.0,0.0,-0.007
Andre Moore,1987-88,23,MIL,3,16,4.9,-5.3,0.0,0.0,-0.025
Ben Moore,2017-18,22,IND,2,9,-2.3,-9.3,0.0,0.0,.072
E'Twaun Moore,2011-12,22,BOS,38,331,8.8,-2.4,0.0,0.2,.031
E'Twaun Moore,2012-13,23,ORL,75,1682,10.7,-2.3,-0.1,0.2,.006
E'Twaun Moore,2013-14,24,ORL,79,1506,11.1,-1.6,0.2,1.7,.055
E'Twaun Moore,2014-15,25,CHI,56,504,10.3,-1.5,0.1,0.8,.080
E'Twaun Moore,2015-16,26,CHI,59,1263,11.4,-1.9,0.0,1.8,.070
E'Twaun Moore,2016-17,27,NOP,73,1820,12.1,-1.6,0.2,2.7,.070
E'Twaun Moore,2017-18,28,NOP,82,2586,12.1,-1.6,0.3,4.4,.081
E'Twaun Moore,2018-19,29,NOP,53,1463,11.5,-2.3,-0.1,1.7,.055
E'Twaun Moore,2019-20,30,NOP,56,1020,11.3,-2.7,-0.2,0.9,.043
E'Twaun Moore,2020-21,31,PHO,27,389,10.4,-2.9,-0.1,0.4,.049
Gene Moore,1968-69,23,KEN,76,2026,18.8,,,5.0,.119
Gene Moore,1969-70,24,KEN,83,2613,17.4,,,5.7,.105
Gene Moore,1970-71,25,TEX,84,2243,14.9,,,4.5,.095
Gene Moore,1971-72,26,2TM,77,1412,12.0,,,1.9,.064
Gene Moore,1971-72,26,DLC,9,263,9.4,,,0.2,.030
Gene Moore,1971-72,26,NYA,68,1149,12.6,,,1.7,.072
Gene Moore,1972-73,27,SDA,83,2481,15.3,,,6.8,.132
Gene Moore,1973-74,28,SDA,49,897,13.1,-2.4,-0.1,0.8,.045
Gene Moore,1974-75,29,SSL,13,108,11.4,-3.4,0.0,0.0,.014
Jackie Moore,1954-55,22,3TM,22,371,9.7,,,0.3,.034
Jackie Moore,1954-55,22,SYR,1,5,-3.2,,,0.0,-0.097
Jackie Moore,1954-55,22,MLH,1,13,0.1,,,-0.1,-0.404
Jackie Moore,1954-55,22,PHW,20,353,10.2,,,0.4,.051
Jackie Moore,1955-56,23,PHW,54,402,10.2,,,0.5,.054
Jackie Moore,1956-57,24,PHW,57,400,11.7,,,0.9,.103
Johnny Moore,1979-80,,Did not play - waived,,,,,,,
Johnny Moore,1980-81,22,SAS,82,1578,15.8,1.2,1.3,3.2,.099
Johnny Moore,1981-82,23,SAS,79,2294,17.0,2.5,2.6,5.8,.122
Johnny Moore,1982-83,24,SAS,77,2552,17.5,3.0,3.2,6.6,.123
Johnny Moore,1983-84,25,SAS,59,1650,17.5,3.1,2.1,3.8,.110
Johnny Moore,1984-85,26,SAS,82,2689,18.3,3.7,3.9,7.2,.128
Johnny Moore,1985-86,27,SAS,28,856,18.3,4.0,1.3,2.1,.119
Johnny Moore,1986-87,28,SAS,55,1234,13.4,-1.7,0.1,1.2,.048
Johnny Moore,1987-88,29,2TM,5,61,5.9,-6.0,-0.1,-0.1,-0.077
Johnny Moore,1987-88,29,SAS,4,51,9.0,-2.8,0.0,0.0,-0.009
Johnny Moore,1987-88,29,NJN,1,10,-9.8,-22.7,-0.1,-0.1,-0.428
Johnny Moore,1988-89,,Did not play - other pro league,,,,,,,
Johnny Moore,1989-90,31,SAS,53,516,8.1,-2.7,-0.1,0.3,.029
Larry Moore,1967-68,25,ANA,12,78,-0.3,,,-0.2,-0.116
Lowes Moore,1980-81,23,NJN,71,1406,11.1,-2.1,0.0,1.1,.037
Lowes Moore,1981-82,24,CLE,4,70,21.5,-0.3,0.1,0.2,.152
Lowes Moore,1982-83,25,SDC,37,642,8.8,-4.3,-0.4,0.2,.017
Mikki Moore,1998-99,23,DET,2,6,35.7,18.2,0.0,0.1,.527
Mikki Moore,1999-00,24,DET,29,488,19.6,0.7,0.3,2.2,.218
Mikki Moore,2000-01,25,DET,81,1154,12.9,-2.6,-0.2,2.8,.116
Mikki Moore,2001-02,26,DET,30,217,14.9,-1.3,0.0,0.6,.133
Mikki Moore,2002-03,27,2TM,8,43,17.9,-1.8,0.0,0.1,.157
Mikki Moore,2002-03,27,BOS,3,12,-3.1,-13.0,0.0,0.0,.018
Mikki Moore,2002-03,27,ATL,5,31,26.1,2.5,0.0,0.1,.211
Mikki Moore,2003-04,28,2TM,32,395,13.3,-1.0,0.1,1.0,.122
Mikki Moore,2003-04,28,NJN,4,10,-3.5,-17.5,0.0,0.0,-0.202
Mikki Moore,2003-04,28,UTA,28,385,13.7,-0.6,0.1,1.0,.131
Mikki Moore,2004-05,29,LAC,74,1178,12.7,-2.4,-0.1,2.6,.106
Mikki Moore,2005-06,30,SEA,47,583,8.6,-5.5,-0.5,0.1,.006
Mikki Moore,2006-07,31,NJN,79,2082,14.8,-1.2,0.4,5.7,.131
Mikki Moore,2007-08,32,SAC,82,2385,11.5,-2.4,-0.3,4.6,.092
Mikki Moore,2008-09,33,2TM,70,1202,8.9,-3.5,-0.5,2.1,.083
Mikki Moore,2008-09,33,SAC,46,746,8.6,-3.9,-0.3,0.8,.052
Mikki Moore,2008-09,33,BOS,24,456,9.3,-3.0,-0.1,1.3,.135
Mikki Moore,2009-10,34,GSW,23,406,11.2,-1.9,0.0,0.6,.071
Mikki Moore,2010-11,,Did not play - waived,,,,,,,
Mikki Moore,2011-12,36,GSW,7,118,6.3,-6.9,-0.1,0.1,.022
Otto Moore,1968-69,22,DET,74,1605,11.7,,,0.9,.027
Otto Moore,1969-70,23,DET,81,2523,14.3,,,3.5,.067
Otto Moore,1970-71,24,DET,82,1926,14.0,,,2.4,.060
Otto Moore,1971-72,25,PHO,81,1624,12.1,,,2.3,.067
Otto Moore,1972-73,26,HOU,82,2712,13.5,,,4.7,.083
Otto Moore,1973-74,27,2TM,78,946,13.7,0.5,0.6,1.8,.093
Otto Moore,1973-74,27,HOU,13,313,10.4,-0.5,0.1,0.4,.061
Otto Moore,1973-74,27,KCO,65,633,15.4,1.0,0.5,1.4,.109
Otto Moore,1974-75,28,2TM,42,1066,11.5,-1.7,0.1,1.3,.056
Otto Moore,1974-75,28,DET,2,11,5.4,-4.8,0.0,0.0,-0.138
Otto Moore,1974-75,28,NOJ,40,1055,11.5,-1.7,0.1,1.3,.058
Otto Moore,1975-76,29,NOJ,81,2407,14.2,1.6,2.2,5.0,.099
Otto Moore,1976-77,30,NOJ,81,2084,11.5,0.0,1.1,2.9,.067
Otto Moore,1977-78,,Did not play - other pro league,,,,,,,
Richie Moore,1967-68,,DNR,18,211,3.0,,,0.0,.010
Ron Moore,1987-88,26,2TM,14,59,2.0,-12.5,-0.2,-0.1,-0.074
Ron Moore,1987-88,26,DET,9,25,-1.0,-13.4,-0.1,-0.1,-0.165
Ron Moore,1987-88,26,PHO,5,34,4.3,-11.9,-0.1,0.0,-0.008
Taze Moore,2023-24,25,POR,4,40,11.8,-3.1,0.0,0.0,-0.017
Taze Moore,2024-25,26,POR,2,20,7.1,-4.3,0.0,-0.1,-0.150
Tracy Moore,1991-92,26,DAL,42,782,11.6,-2.6,-0.1,0.6,.039
Tracy Moore,1992-93,27,DAL,39,510,14.8,-0.2,0.2,0.5,.046
Tracy Moore,1993-94,28,DET,3,10,33.0,16.8,0.0,0.1,.395
Tracy Moore,1994-95,,Did not play - other pro league,,,,,,,
Tracy Moore,1995-96,30,HOU,8,190,12.4,-4.4,-0.1,0.3,.076
Tracy Moore,1996-97,31,HOU,27,237,11.4,-2.9,-0.1,0.3,.066
Wendell Moore Jr.,2022-23,21,MIN,29,153,9.3,-2.4,0.0,0.1,.028
Wendell Moore Jr.,2023-24,22,MIN,25,75,8.6,-2.8,0.0,0.1,.052
Wendell Moore Jr.,2024-25,23,2TM,36,499,11.0,-2.7,-0.1,0.7,.063
Wendell Moore Jr.,2024-25,23,DET,20,219,12.4,0.0,0.1,0.5,.115
Wendell Moore Jr.,2024-25,23,CHO,16,280,10.0,-4.7,-0.2,0.1,.023
Ja Morant,2019-20,20,MEM,67,2074,17.4,0.3,1.2,3.8,.088
Ja Morant,2020-21,21,MEM,63,2053,16.7,-0.4,0.8,3.2,.074
Ja Morant,2021-22,22,MEM,57,1889,24.4,6.1,3.9,6.7,.171
Ja Morant,2022-23,23,MEM,61,1948,23.3,5.7,3.8,6.0,.148
Ja Morant,2023-24,24,MEM,9,318,20.6,3.1,0.4,0.8,.124
Ja Morant,2024-25,25,MEM,50,1519,19.3,2.4,1.7,3.5,.112
Eric Moreland,2014-15,23,SAC,3,2,40.8,17.2,0.0,0.0,.431
Eric Moreland,2015-16,24,SAC,8,48,7.4,-4.5,0.0,0.0,.012
Eric Moreland,2016-17,,Did not play - other pro league,,,,,,,
Eric Moreland,2017-18,26,DET,67,805,13.9,0.5,0.5,2.3,.135
Eric Moreland,2018-19,27,2TM,5,43,6.7,-4.7,0.0,0.0,.032
Eric Moreland,2018-19,27,PHO,1,5,3.9,-6.1,0.0,0.0,.077
Eric Moreland,2018-19,27,TOR,4,38,7.1,-4.5,0.0,0.0,.026
Jackie Moreland,1960-61,22,DET,64,1003,11.7,,,0.5,.026
Jackie Moreland,1961-62,23,DET,74,1219,14.7,,,2.6,.101
Jackie Moreland,1962-63,24,DET,78,1516,13.9,,,2.5,.078
Jackie Moreland,1963-64,25,DET,78,1780,12.1,,,2.3,.062
Jackie Moreland,1964-65,26,DET,54,732,9.5,,,0.1,.006
Jackie Moreland,1965-66,,Did not play - retired,,,,,,,
Jackie Moreland,1966-67,,Did not play - retired,,,,,,,
Jackie Moreland,1967-68,29,NOB,76,2332,16.4,,,5.3,.108
Jackie Moreland,1968-69,30,NOB,78,2714,13.5,,,3.6,.063
Jackie Moreland,1969-70,31,NOB,80,2321,9.7,,,2.3,.048
Guy Morgan,1982-83,22,IND,8,46,9.9,-4.6,0.0,-0.1,-0.059
Juwan Morgan,2019-20,22,UTA,21,134,10.1,-3.2,0.0,0.3,.106
Juwan Morgan,2020-21,23,UTA,29,147,8.5,-2.3,0.0,0.3,.105
Juwan Morgan,2021-22,24,2TM,2,31,8.3,-7.1,0.0,0.1,.124
Juwan Morgan,2021-22,24,TOR,1,27,9.5,-7.3,0.0,0.1,.139
Juwan Morgan,2021-22,24,BOS,1,4,0.0,-6.0,0.0,0.0,.024
Rex Morgan,1970-71,22,BOS,34,266,10.7,,,0.4,.074
Rex Morgan,1971-72,23,BOS,28,150,8.7,,,0.1,.045
Elmore Morgenthaler,1946-47,24,PRO,11,,,,,0.2,
Elmore Morgenthaler,1947-48,,Did not play - other pro league,,,,,,,
Elmore Morgenthaler,1948-49,26,PHW,20,,,,,0.5,
Darren Morningstar,1992-93,,Did not play - other pro league,,,,,,,
Darren Morningstar,1993-94,24,2TM,23,367,8.9,-4.5,-0.2,0.4,.048
Darren Morningstar,1993-94,24,DAL,22,363,8.8,-4.6,-0.2,0.3,.045
Darren Morningstar,1993-94,24,UTA,1,4,19.4,0.9,0.0,0.0,.247
Chris Morris,1988-89,23,NJN,76,2096,15.0,-0.3,0.9,2.8,.064
Chris Morris,1989-90,24,NJN,80,2449,14.8,0.6,1.6,3.2,.062
Chris Morris,1990-91,25,NJN,79,2553,14.7,1.0,1.9,4.5,.085
Chris Morris,1991-92,26,NJN,77,2394,14.4,0.8,1.7,4.7,.094
Chris Morris,1992-93,27,NJN,77,2302,17.8,3.1,2.9,7.2,.151
Chris Morris,1993-94,28,NJN,50,1349,15.4,2.3,1.5,3.8,.137
Chris Morris,1994-95,29,NJN,71,2131,15.5,1.4,1.8,4.0,.090
Chris Morris,1995-96,30,UTA,66,1424,15.8,0.8,1.0,3.3,.112
Chris Morris,1996-97,31,UTA,73,977,9.7,-2.6,-0.2,1.2,.059
Chris Morris,1997-98,32,UTA,54,538,14.7,-1.2,0.1,1.0,.092
Chris Morris,1998-99,33,PHO,44,535,15.3,0.1,0.3,1.6,.142
Darius Morris,2011-12,21,LAL,19,169,5.2,-7.8,-0.2,-0.2,-0.045
Darius Morris,2012-13,22,LAL,48,683,8.1,-4.2,-0.4,0.2,.016
Darius Morris,2013-14,23,3TM,27,313,9.2,-4.5,-0.2,0.0,.006
Darius Morris,2013-14,23,PHI,12,193,11.9,-3.9,-0.1,0.1,.027
Darius Morris,2013-14,23,LAC,10,54,1.5,-9.1,-0.1,0.0,-0.041
Darius Morris,2013-14,23,MEM,5,66,7.9,-2.5,0.0,0.0,-0.016
Darius Morris,2014-15,24,BRK,38,299,6.7,-6.4,-0.3,-0.4,-0.068
Isaiah Morris,1992-93,23,DET,25,102,10.6,-5.7,-0.1,0.0,-0.022
Jaylen Morris,2017-18,22,ATL,6,98,6.5,-5.4,-0.1,-0.1,-0.053
Jaylen Morris,2018-19,23,MIL,4,29,12.2,-0.4,0.0,0.1,.084
Jaylen Morris,2019-20,,Did not play - other pro league,,,,,,,
Jaylen Morris,2020-21,,Did not play - other pro league,,,,,,,
Jaylen Morris,2021-22,26,SAS,3,16,-11.4,-21.5,-0.1,-0.1,-0.376
Marcus Morris,2011-12,22,HOU,17,126,3.8,-9.3,-0.2,-0.2,-0.083
Marcus Morris,2012-13,23,2TM,77,1524,11.3,-2.0,0.0,1.8,.058
Marcus Morris,2012-13,23,HOU,54,1154,12.1,-1.2,0.2,2.0,.084
Marcus Morris,2012-13,23,PHO,23,370,8.6,-4.4,-0.2,-0.2,-0.022
Marcus Morris,2013-14,24,PHO,82,1800,14.8,0.5,1.1,4.2,.111
Marcus Morris,2014-15,25,PHO,81,2045,13.7,0.1,1.1,4.0,.093
Marcus Morris,2015-16,26,DET,80,2856,12.7,-0.2,1.3,5.4,.091
Marcus Morris,2016-17,27,DET,79,2565,12.4,-1.1,0.6,3.9,.072
Marcus Morris,2017-18,28,BOS,54,1442,14.5,-0.1,0.7,3.2,.108
Marcus Morris,2018-19,29,BOS,75,2091,14.2,-0.9,0.6,4.5,.104
Marcus Morris,2019-20,30,2TM,62,1936,14.3,-0.1,0.9,3.6,.088
Marcus Morris,2019-20,30,NYK,43,1387,16.5,0.7,0.9,2.9,.101
Marcus Morris,2019-20,30,LAC,19,549,8.9,-2.2,0.0,0.6,.055
Marcus Morris,2020-21,31,LAC,57,1502,14.5,0.0,0.8,3.6,.115
Marcus Morris,2021-22,32,LAC,54,1564,13.7,-1.4,0.3,2.4,.074
Marcus Morris,2022-23,33,LAC,65,1825,10.5,-1.9,0.0,2.0,.053
Marcus Morris,2023-24,34,2TM,49,817,9.9,-3.8,-0.4,1.0,.060
Marcus Morris,2023-24,34,PHI,37,637,10.5,-3.4,-0.2,1.0,.073
Marcus Morris,2023-24,34,CLE,12,180,8.0,-5.1,-0.1,0.1,.015
Markieff Morris,2011-12,22,PHO,63,1227,12.1,-2.1,0.0,1.5,.059
Markieff Morris,2012-13,23,PHO,82,1837,12.6,-1.9,0.0,1.7,.044
Markieff Morris,2013-14,24,PHO,81,2153,18.4,1.0,1.6,6.4,.143
Markieff Morris,2014-15,25,PHO,82,2581,15.8,-0.3,1.1,4.6,.085
Markieff Morris,2015-16,26,2TM,64,1629,12.2,-2.4,-0.2,0.5,.015
Markieff Morris,2015-16,26,PHO,37,917,10.8,-3.7,-0.4,-0.5,-0.029
Markieff Morris,2015-16,26,WAS,27,712,14.0,-0.9,0.2,1.1,.072
Markieff Morris,2016-17,27,WAS,76,2374,13.7,-1.5,0.3,4.1,.083
Markieff Morris,2017-18,28,WAS,73,1968,13.2,-1.3,0.4,3.3,.080
Markieff Morris,2018-19,29,2TM,58,1270,11.7,-2.7,-0.2,1.6,.061
Markieff Morris,2018-19,29,WAS,34,883,12.3,-2.7,-0.2,0.9,.051
Markieff Morris,2018-19,29,OKC,24,387,10.4,-2.8,-0.1,0.7,.083
Markieff Morris,2019-20,30,2TM,58,1187,12.5,-2.0,0.0,1.4,.058
Markieff Morris,2019-20,30,DET,44,988,12.7,-2.1,0.0,1.0,.049
Markieff Morris,2019-20,30,LAL,14,199,11.5,-1.4,0.0,0.4,.106
Markieff Morris,2020-21,31,LAL,61,1200,9.3,-2.6,-0.2,1.6,.062
Markieff Morris,2021-22,32,MIA,17,298,10.9,-1.9,0.0,0.3,.054
Markieff Morris,2022-23,33,2TM,35,355,10.4,-2.7,-0.1,0.4,.059
Markieff Morris,2022-23,33,BRK,27,285,10.7,-1.9,0.0,0.4,.074
Markieff Morris,2022-23,33,DAL,8,70,9.1,-5.8,-0.1,0.0,.002
Markieff Morris,2023-24,34,DAL,26,216,6.6,-5.3,-0.2,-0.1,-0.014
Markieff Morris,2024-25,35,2TM,15,165,6.0,-7.6,-0.2,-0.2,-0.044
Markieff Morris,2024-25,35,DAL,7,41,0.0,-13.1,-0.1,-0.2,-0.225
Markieff Morris,2024-25,35,LAL,8,124,7.9,-5.8,-0.1,0.0,.016
Max Morris,1949-50,24,SHE,62,,,,,4.1,
Monte Morris,2017-18,22,DEN,3,25,27.1,9.4,0.1,0.2,.312
Monte Morris,2018-19,23,DEN,82,1970,16.2,1.5,1.7,6.2,.151
Monte Morris,2019-20,24,DEN,73,1636,14.9,-0.2,0.7,3.8,.112
Monte Morris,2020-21,25,DEN,47,1196,14.0,-0.3,0.5,2.9,.115
Monte Morris,2021-22,26,DEN,75,2239,14.7,0.0,1.1,5.4,.116
Monte Morris,2022-23,27,WAS,62,1695,15.0,0.5,1.1,4.2,.120
Monte Morris,2023-24,28,2TM,33,476,13.2,0.7,0.3,1.2,.123
Monte Morris,2023-24,28,DET,6,68,8.5,-6.9,-0.1,-0.1,-0.065
Monte Morris,2023-24,28,MIN,27,408,13.9,2.0,0.4,1.3,.154
Monte Morris,2024-25,29,PHO,45,571,13.1,-1.8,0.0,0.8,.064
Randolph Morris,2006-07,21,NYK,5,44,1.5,-6.6,0.0,-0.1,-0.083
Randolph Morris,2007-08,22,NYK,18,181,4.3,-11.6,-0.4,-0.2,-0.061
Randolph Morris,2008-09,23,ATL,23,89,1.8,-10.5,-0.2,0.0,-0.013
Randolph Morris,2009-10,24,ATL,28,124,14.6,-6.0,-0.1,0.3,.108
Terence Morris,2001-02,23,HOU,68,1110,9.5,-3.3,-0.4,0.2,.009
Terence Morris,2002-03,24,HOU,49,632,11.9,-1.3,0.1,0.9,.070
Terence Morris,2003-04,,Did not play - other pro league,,,,,,,
Terence Morris,2004-05,,Did not play - other pro league,,,,,,,
Terence Morris,2005-06,27,ORL,22,192,5.1,-4.4,-0.1,-0.1,-0.031
Adam Morrison,2006-07,22,CHA,78,2326,7.9,-5.1,-1.8,-1.5,-0.030
Adam Morrison,2007-08,,Did not play - injury,,,,,,,
Adam Morrison,2008-09,24,2TM,52,711,5.7,-4.8,-0.5,0.0,.001
Adam Morrison,2008-09,24,CHA,44,667,5.8,-4.5,-0.4,0.1,.004
Adam Morrison,2008-09,24,LAL,8,44,2.9,-9.2,-0.1,0.0,-0.045
Adam Morrison,2009-10,25,LAL,31,241,7.4,-4.7,-0.2,0.0,.009
Adam Morrison,2010-11,,Did not play - other pro league,,,,,,,
John Morrison,1967-68,22,DNR,9,76,0.1,,,-0.1,-0.058
Mike Morrison,1989-90,22,PHO,36,153,4.2,-10.5,-0.3,-0.3,-0.106
Red Morrison,1954-55,22,BOS,71,1227,11.8,,,1.7,.068
Red Morrison,1955-56,23,BOS,71,910,9.6,,,0.5,.024
Red Morrison,1956-57,,Did not play - retired,,,,,,,
Red Morrison,1957-58,25,STL,13,79,6.9,,,0.0,-0.001
Anthony Morrow,2008-09,23,GSW,67,1515,14.7,-0.2,0.7,3.0,.096
Anthony Morrow,2009-10,24,GSW,69,2018,14.0,-0.4,0.8,3.5,.084
Anthony Morrow,2010-11,25,NJN,58,1856,12.1,-1.0,0.5,3.0,.078
Anthony Morrow,2011-12,26,NJN,62,1636,13.1,-1.9,0.0,1.7,.051
Anthony Morrow,2012-13,27,2TM,41,383,12.0,-1.8,0.0,0.7,.084
Anthony Morrow,2012-13,27,ATL,24,301,12.3,-0.8,0.1,0.6,.100
Anthony Morrow,2012-13,27,DAL,17,82,10.9,-5.7,-0.1,0.0,.028
Anthony Morrow,2013-14,28,NOP,76,1426,13.9,-0.9,0.4,2.4,.081
Anthony Morrow,2014-15,29,OKC,74,1806,14.8,1.8,1.7,5.7,.151
Anthony Morrow,2015-16,30,OKC,68,926,10.7,-1.1,0.2,1.9,.097
Anthony Morrow,2016-17,31,2TM,49,714,10.1,-2.3,0.0,1.2,.083
Anthony Morrow,2016-17,31,OKC,40,627,9.2,-2.8,-0.1,0.9,.069
Anthony Morrow,2016-17,31,CHI,9,87,16.0,1.5,0.1,0.3,.190
Dwayne Morton,1994-95,23,GSW,41,395,11.0,-3.5,-0.1,0.2,.025
John Morton,1989-90,22,CLE,37,402,5.9,-7.7,-0.6,-0.9,-0.109
John Morton,1990-91,23,CLE,66,1207,12.2,-1.2,0.2,1.5,.058
John Morton,1991-92,24,2TM,25,270,9.7,-4.1,-0.1,-0.1,-0.009
John Morton,1991-92,24,CLE,4,54,6.7,-4.7,0.0,0.0,-0.006
John Morton,1991-92,24,MIA,21,216,10.5,-4.0,-0.1,0.0,-0.010
Richard Morton,1988-89,22,IND,2,11,12.9,-2.7,0.0,0.0,.067
Glenn Mosley,1977-78,22,PHI,6,21,0.6,-5.9,-0.1,-0.1,-0.228
Glenn Mosley,1978-79,23,SAS,26,221,12.2,-2.6,0.0,0.3,.068
Perry Moss,1982-83,,Did not play - other pro league,,,,,,,
Perry Moss,1983-84,,Did not play - other pro league,,,,,,,
Perry Moss,1984-85,,Did not play - other pro league,,,,,,,
Perry Moss,1985-86,27,2TM,72,1012,8.5,-2.7,-0.2,0.5,.026
Perry Moss,1985-86,27,WSB,12,160,8.2,-3.6,-0.1,0.0,-0.014
Perry Moss,1985-86,27,PHI,60,852,8.6,-2.5,-0.1,0.6,.033
Perry Moss,1986-87,28,GSW,64,698,10.2,-2.5,-0.1,0.4,.025
Lawrence Moten,1995-96,23,VAN,44,573,15.7,0.6,0.4,0.6,.047
Lawrence Moten,1996-97,24,VAN,67,1214,11.4,-3.0,-0.3,-0.4,-0.017
Lawrence Moten,1997-98,25,WAS,8,27,-0.2,-14.7,-0.1,-0.1,-0.134
Donatas Motiejūnas,2011-12,,Did not play - other pro league,,,,,,,
Donatas Motiejūnas,2012-13,22,HOU,44,538,12.2,-3.5,-0.2,0.7,.061
Donatas Motiejūnas,2013-14,23,HOU,62,952,10.7,-3.8,-0.4,1.4,.069
Donatas Motiejūnas,2014-15,24,HOU,71,2037,14.4,-0.5,0.8,4.7,.110
Donatas Motiejūnas,2015-16,25,HOU,37,547,11.3,-4.5,-0.3,0.3,.027
Donatas Motiejūnas,2016-17,26,NOP,34,479,9.1,-4.3,-0.3,0.2,.016
Donatas Motiejūnas,2017-18,,Did not play - other pro league,,,,,,,
Donatas Motiejūnas,2018-19,28,SAS,3,13,-0.5,-21.7,-0.1,-0.1,-0.246
Johnathan Motley,2017-18,22,DAL,11,176,17.2,-3.3,-0.1,0.3,.084
Johnathan Motley,2018-19,23,LAC,22,156,18.9,-1.9,0.0,0.3,.092
Johnathan Motley,2019-20,24,LAC,13,41,28.5,8.1,0.1,0.3,.299
Hanno Möttölä,2000-01,24,ATL,73,989,7.5,-6.6,-1.1,0.4,.018
Hanno Möttölä,2001-02,25,ATL,82,1371,8.4,-5.4,-1.2,0.5,.019
Arnett Moultrie,2012-13,22,PHI,47,542,16.7,-1.2,0.1,1.7,.149
Arnett Moultrie,2013-14,23,PHI,12,187,6.7,-7.3,-0.3,0.0,.007
Rick Mount,1970-71,24,INA,66,832,10.5,,,0.7,.039
Rick Mount,1971-72,25,INA,78,2126,14.4,,,4.6,.104
Rick Mount,1972-73,26,KEN,61,1780,14.4,,,3.5,.094
Rick Mount,1973-74,27,2TM,52,753,15.0,-1.5,0.1,1.1,.073
Rick Mount,1973-74,27,KEN,18,276,7.5,-6.0,-0.3,-0.1,-0.017
Rick Mount,1973-74,27,UTS,34,477,19.3,1.1,0.4,1.2,.125
Rick Mount,1974-75,28,MMS,26,895,13.3,-2.2,0.0,0.6,.032
Alonzo Mourning,1992-93,22,CHH,78,2644,20.8,0.9,1.9,8.2,.148
Alonzo Mourning,1993-94,23,CHH,60,2018,21.7,1.4,1.7,6.3,.151
Alonzo Mourning,1994-95,24,CHH,77,2941,20.1,1.1,2.3,9.4,.153
Alonzo Mourning,1995-96,25,MIA,70,2671,22.7,4.2,4.2,9.9,.178
Alonzo Mourning,1996-97,26,MIA,66,2320,21.6,2.9,2.9,8.4,.174
Alonzo Mourning,1997-98,27,MIA,58,1939,22.4,2.5,2.2,7.5,.185
Alonzo Mourning,1998-99,28,MIA,46,1753,24.6,4.7,3.0,7.9,.216
Alonzo Mourning,1999-00,29,MIA,79,2748,25.8,5.3,5.0,12.9,.226
Alonzo Mourning,2000-01,30,MIA,13,306,24.6,2.9,0.4,0.9,.148
Alonzo Mourning,2001-02,31,MIA,75,2455,18.9,1.3,2.0,7.4,.145
Alonzo Mourning,2002-03,,Did not play - illness,,,,,,,
Alonzo Mourning,2003-04,33,NJN,12,215,13.3,-1.4,0.0,0.6,.140
Alonzo Mourning,2004-05,34,2TM,37,702,15.4,-0.1,0.3,1.2,.080
Alonzo Mourning,2004-05,34,NJN,18,457,13.5,-1.7,0.0,0.3,.030
Alonzo Mourning,2004-05,34,MIA,19,245,18.9,2.7,0.3,0.9,.173
Alonzo Mourning,2005-06,35,MIA,65,1302,19.4,1.8,1.2,4.8,.176
Alonzo Mourning,2006-07,36,MIA,77,1572,16.7,-1.9,0.0,3.5,.107
Alonzo Mourning,2007-08,37,MIA,25,389,16.2,-1.5,0.1,0.8,.098
Timofey Mozgov,2008-09,,Did not play - other pro league,,,,,,,
Timofey Mozgov,2009-10,,Did not play - other pro league,,,,,,,
Timofey Mozgov,2010-11,24,2TM,45,524,10.8,-4.7,-0.3,0.6,.053
Timofey Mozgov,2010-11,24,NYK,34,458,10.3,-4.8,-0.3,0.4,.044
Timofey Mozgov,2010-11,24,DEN,11,66,14.4,-3.5,0.0,0.2,.112
Timofey Mozgov,2011-12,25,DEN,44,687,13.2,-2.5,-0.1,1.1,.074
Timofey Mozgov,2012-13,26,DEN,41,366,12.3,-3.7,-0.2,0.7,.096
Timofey Mozgov,2013-14,27,DEN,82,1770,16.7,-0.8,0.5,4.5,.123
Timofey Mozgov,2014-15,28,2TM,81,2045,16.6,-0.7,0.7,5.7,.133
Timofey Mozgov,2014-15,28,DEN,35,897,13.8,-1.9,0.0,1.8,.096
Timofey Mozgov,2014-15,28,CLE,46,1148,18.7,0.3,0.7,3.9,.161
Timofey Mozgov,2015-16,29,CLE,76,1326,14.6,-1.4,0.2,3.7,.133
Timofey Mozgov,2016-17,30,LAL,54,1104,12.3,-4.3,-0.7,1.1,.048
Timofey Mozgov,2017-18,31,BRK,31,359,12.3,-3.9,-0.2,0.4,.055
Chuck Mrazovich,1950-51,26,INO,25,,,,,0.4,
Emmanuel Mudiay,2015-16,19,DEN,68,2068,9.9,-4.2,-1.2,-2.1,-0.049
Emmanuel Mudiay,2016-17,20,DEN,55,1406,10.9,-3.2,-0.4,0.2,.006
Emmanuel Mudiay,2017-18,21,2TM,64,1245,11.5,-3.9,-0.6,0.0,-0.002
Emmanuel Mudiay,2017-18,21,DEN,42,752,12.3,-3.5,-0.3,0.3,.019
Emmanuel Mudiay,2017-18,21,NYK,22,493,10.2,-4.6,-0.3,-0.3,-0.034
Emmanuel Mudiay,2018-19,22,NYK,59,1607,14.6,-2.0,0.0,0.8,.023
Emmanuel Mudiay,2019-20,23,UTA,54,850,13.0,-1.9,0.0,1.0,.057
Emmanuel Mudiay,2020-21,,Did not play - unsigned,,,,,,,
Emmanuel Mudiay,2021-22,25,SAC,2,11,12.3,-1.2,0.0,0.0,.023
Erwin Mueller,1966-67,22,CHI,80,2136,13.3,,,3.5,.078
Erwin Mueller,1967-68,23,2TM,74,1788,10.9,,,2.5,.066
Erwin Mueller,1967-68,23,CHI,35,815,9.4,,,0.3,.019
Erwin Mueller,1967-68,23,LAL,39,973,12.2,,,2.1,.106
Erwin Mueller,1968-69,24,2TM,78,1355,10.7,,,0.9,.031
Erwin Mueller,1968-69,24,CHI,52,872,9.3,,,0.3,.017
Erwin Mueller,1968-69,24,SEA,26,483,13.0,,,0.6,.055
Erwin Mueller,1969-70,25,2TM,78,2353,12.2,,,3.2,.064
Erwin Mueller,1969-70,25,SEA,4,69,10.2,,,-0.1,-0.045
Erwin Mueller,1969-70,25,DET,74,2284,12.2,,,3.2,.068
Erwin Mueller,1970-71,26,DET,52,1224,9.1,,,0.6,.024
Erwin Mueller,1971-72,27,DET,42,605,9.1,,,-0.8,-0.064
Erwin Mueller,1972-73,28,2TM,38,285,3.5,,,-0.5,-0.080
Erwin Mueller,1972-73,28,DET,21,80,5.2,,,-0.2,-0.103
Erwin Mueller,1972-73,28,VIR,17,205,2.8,,,-0.3,-0.071
Erwin Mueller,1973-74,29,MMT,3,20,-10.3,-6.0,-0.1,-0.1,-0.335
Shabazz Muhammad,2013-14,21,MIN,37,290,13.1,-4.5,-0.2,0.3,.053
Shabazz Muhammad,2014-15,22,MIN,38,866,19.9,0.7,0.6,2.0,.110
Shabazz Muhammad,2015-16,23,MIN,82,1682,15.2,-2.5,-0.2,2.7,.077
Shabazz Muhammad,2016-17,24,MIN,78,1516,14.9,-2.4,-0.1,2.7,.086
Shabazz Muhammad,2017-18,25,2TM,43,418,15.4,-2.5,-0.1,0.7,.081
Shabazz Muhammad,2017-18,25,MIN,32,301,9.3,-5.9,-0.3,0.0,.008
Shabazz Muhammad,2017-18,25,MIL,11,117,31.0,6.0,0.2,0.7,.271
Mychal Mulder,2019-20,25,GSW,7,204,7.8,-6.0,-0.2,0.1,.017
Mychal Mulder,2020-21,26,GSW,60,766,10.8,-1.8,0.0,1.2,.075
Mychal Mulder,2021-22,27,2TM,17,239,3.7,-7.7,-0.3,-0.2,-0.050
Mychal Mulder,2021-22,27,ORL,15,195,2.1,-8.6,-0.3,-0.4,-0.091
Mychal Mulder,2021-22,27,MIA,2,44,10.7,-3.9,0.0,0.1,.132
Joe Mullaney,1949-50,25,BOS,37,,,,,-0.6,
Bob Mullens,1946-47,24,2TM,54,,,,,2.1,
Bob Mullens,1946-47,24,NYK,26,,,,,0.7,
Bob Mullens,1946-47,24,TRH,28,,,,,1.3,
Byron Mullens,2009-10,20,OKC,13,54,0.7,-11.8,-0.1,-0.1,-0.077
Byron Mullens,2010-11,21,OKC,13,85,3.5,-11.7,-0.2,-0.2,-0.113
Byron Mullens,2011-12,22,CHA,65,1465,13.0,-4.6,-1.0,0.2,.007
Byron Mullens,2012-13,23,CHA,53,1428,12.3,-3.4,-0.5,0.1,.005
Byron Mullens,2013-14,24,2TM,45,414,12.8,-1.7,0.0,0.5,.057
Byron Mullens,2013-14,24,LAC,27,167,7.8,-4.5,-0.1,0.0,.012
Byron Mullens,2013-14,24,PHI,18,247,16.1,0.2,0.1,0.4,.087
Chris Mullin,1985-86,22,GSW,55,1391,16.0,0.3,0.8,2.9,.100
Chris Mullin,1986-87,23,GSW,82,2377,15.8,0.7,1.6,5.2,.104
Chris Mullin,1987-88,24,GSW,60,2033,19.8,3.2,2.7,5.1,.121
Chris Mullin,1988-89,25,GSW,82,3093,21.9,4.0,4.7,10.6,.165
Chris Mullin,1989-90,26,GSW,78,2830,22.7,5.0,5.0,10.2,.174
Chris Mullin,1990-91,27,GSW,82,3315,21.4,4.7,5.6,12.2,.176
Chris Mullin,1991-92,28,GSW,81,3346,19.9,3.7,4.8,10.8,.155
Chris Mullin,1992-93,29,GSW,46,1902,19.0,3.3,2.5,4.9,.122
Chris Mullin,1993-94,30,GSW,62,2324,15.8,1.1,1.8,4.7,.097
Chris Mullin,1994-95,31,GSW,25,890,17.7,2.1,0.9,1.7,.093
Chris Mullin,1995-96,32,GSW,55,1617,16.7,2.1,1.7,4.0,.117
Chris Mullin,1996-97,33,GSW,79,2733,17.6,2.8,3.3,7.1,.124
Chris Mullin,1997-98,34,IND,82,2177,16.9,4.3,3.5,7.6,.168
Chris Mullin,1998-99,35,IND,50,1179,18.1,4.5,1.9,4.1,.167
Chris Mullin,1999-00,36,IND,47,582,15.4,3.4,0.8,1.7,.142
Chris Mullin,2000-01,37,GSW,20,374,10.0,-2.0,0.0,0.3,.034
Jeff Mullins,1964-65,22,STL,44,492,13.2,,,0.8,.079
Jeff Mullins,1965-66,23,STL,44,587,9.9,,,-0.3,-0.021
Jeff Mullins,1966-67,24,SFW,77,1835,15.8,,,4.5,.119
Jeff Mullins,1967-68,25,SFW,79,2805,15.1,,,5.7,.098
Jeff Mullins,1968-69,26,SFW,78,2916,18.9,,,10.0,.165
Jeff Mullins,1969-70,27,SFW,74,2861,17.0,,,6.8,.114
Jeff Mullins,1970-71,28,SFW,75,2909,17.1,,,8.2,.135
Jeff Mullins,1971-72,29,GSW,80,3214,18.0,,,9.9,.148
Jeff Mullins,1972-73,30,GSW,81,3005,15.5,,,8.3,.133
Jeff Mullins,1973-74,31,GSW,77,2498,15.1,-0.5,1.0,5.6,.107
Jeff Mullins,1974-75,32,GSW,66,1141,15.2,-0.3,0.5,2.3,.097
Jeff Mullins,1975-76,33,GSW,29,311,14.5,-0.3,0.2,0.9,.134
Todd Mundt,1995-96,25,2TM,33,151,7.0,-7.1,-0.2,0.1,.035
Todd Mundt,1995-96,25,ATL,24,118,8.0,-6.6,-0.1,0.1,.049
Todd Mundt,1995-96,25,BOS,9,33,3.7,-8.5,-0.1,0.0,-0.016
Xavier Munford,2015-16,23,MEM,14,244,9.9,-2.5,0.0,0.1,.017
Xavier Munford,2016-17,,Did not play - other pro league,,,,,,,
Xavier Munford,2017-18,25,MIL,6,21,-2.1,-11.3,0.0,-0.1,-0.197
Chris Munk,1990-91,23,UTA,11,29,14.5,-2.9,0.0,0.0,.048
George Munroe,1946-47,25,STB,59,,,,,2.6,
George Munroe,1947-48,26,BOS,21,,,,,0.3,
Eric Murdock,1991-92,23,UTA,50,478,13.6,-0.7,0.2,0.6,.056
Eric Murdock,1992-93,24,MIL,79,2437,19.3,2.9,3.0,6.1,.121
Eric Murdock,1993-94,25,MIL,82,2533,20.3,4.0,3.8,7.2,.137
Eric Murdock,1994-95,26,MIL,75,2158,17.3,1.5,1.9,4.3,.096
Eric Murdock,1995-96,27,2TM,73,1673,16.2,1.2,1.3,2.5,.073
Eric Murdock,1995-96,27,MIL,9,193,10.4,-2.8,0.0,0.0,.000
Eric Murdock,1995-96,27,VAN,64,1480,16.9,1.8,1.4,2.5,.082
Eric Murdock,1996-97,28,DEN,12,114,18.1,5.5,0.2,0.3,.122
Eric Murdock,1997-98,29,MIA,82,1395,15.7,2.2,1.5,4.1,.139
Eric Murdock,1998-99,30,NJN,15,401,12.3,-1.6,0.0,0.4,.048
Eric Murdock,1999-00,31,LAC,40,693,12.5,-1.8,0.0,0.1,.008
Gheorghe Mureșan,1993-94,22,WSB,54,650,17.4,-1.8,0.0,1.3,.094
Gheorghe Mureșan,1994-95,23,WSB,73,1720,17.4,-0.9,0.5,4.1,.116
Gheorghe Mureșan,1995-96,24,WSB,76,2242,21.0,1.6,2.1,8.0,.172
Gheorghe Mureșan,1996-97,25,WSB,73,1849,16.7,-0.7,0.6,5.3,.139
Gheorghe Mureșan,1997-98,,Did not play - injury,,,,,,,
Gheorghe Mureșan,1998-99,27,NJN,1,1,-90.6,-92.1,0.0,-0.1,-2.519
Gheorghe Mureșan,1999-00,28,NJN,30,267,11.8,-6.2,-0.3,0.3,.052
Gheorghe Mureșan,2000-01,,Did not play - other pro league,,,,,,,
Ade Murkey,2021-22,24,SAC,1,1,0.0,-9.7,0.0,0.0,-0.017
Allen Murphy,1975-76,23,KEN,29,248,8.4,-5.2,-0.2,0.0,-0.003
Allen Murphy,1976-77,24,LAL,2,18,1.8,-5.7,-0.1,-0.1,-0.229
Calvin Murphy,1970-71,22,SDR,82,2020,19.4,,,8.0,.191
Calvin Murphy,1971-72,23,HOU,82,2538,18.1,,,8.3,.157
Calvin Murphy,1972-73,24,HOU,77,1697,17.5,,,5.0,.141
Calvin Murphy,1973-74,25,HOU,81,2922,20.0,1.6,2.7,9.2,.152
Calvin Murphy,1974-75,26,HOU,78,2513,18.9,0.8,1.7,7.4,.141
Calvin Murphy,1975-76,27,HOU,82,2995,19.9,1.3,2.5,8.8,.141
Calvin Murphy,1976-77,28,HOU,82,2764,17.4,1.1,2.2,7.7,.134
Calvin Murphy,1977-78,29,HOU,76,2900,19.5,1.3,2.4,7.4,.122
Calvin Murphy,1978-79,30,HOU,82,2941,16.1,-0.1,1.4,6.8,.112
Calvin Murphy,1979-80,31,HOU,76,2676,16.8,0.7,1.8,7.2,.129
Calvin Murphy,1980-81,32,HOU,76,2014,18.1,0.8,1.4,5.4,.128
Calvin Murphy,1981-82,33,HOU,64,1204,13.2,-3.4,-0.4,1.3,.051
Calvin Murphy,1982-83,34,HOU,64,1423,14.8,-1.7,0.1,1.6,.055
Dick Murphy,1946-47,25,2TM,31,,,,,-0.5,
Dick Murphy,1946-47,25,NYK,24,,,,,-0.1,
Dick Murphy,1946-47,25,BOS,7,,,,,-0.4,
Erik Murphy,2013-14,23,CHI,24,62,0.2,-8.6,-0.1,-0.1,-0.055
Jay Murphy,1984-85,22,LAC,23,149,-0.9,-12.4,-0.4,-0.5,-0.154
Jay Murphy,1985-86,23,LAC,14,100,8.4,-6.3,-0.1,-0.1,-0.044
Jay Murphy,1986-87,24,WSB,21,141,13.5,-4.1,-0.1,0.2,.060
Jay Murphy,1987-88,25,WSB,9,46,6.6,-9.9,-0.1,-0.1,-0.085
John Murphy,1946-47,22,2TM,20,,,,,0.3,
John Murphy,1946-47,22,NYK,9,,,,,0.3,
John Murphy,1946-47,22,PHW,11,,,,,0.0,
Kevin Murphy,2012-13,22,UTA,17,52,-4.5,-16.8,-0.2,-0.3,-0.272
Ronnie Murphy,1987-88,23,POR,18,89,2.9,-11.5,-0.2,-0.2,-0.130
Tod Murphy,1986-87,,Did not play - other,,,,,,,
Tod Murphy,1987-88,24,LAC,1,19,15.7,1.7,0.0,0.1,.235
Tod Murphy,1988-89,,Did not play - other pro league,,,,,,,
Tod Murphy,1989-90,26,MIN,82,2493,13.0,-0.4,1.0,6.1,.117
Tod Murphy,1990-91,27,MIN,52,1063,10.6,-2.7,-0.2,1.4,.062
Tod Murphy,1991-92,28,MIN,47,429,9.5,-4.3,-0.2,0.4,.044
Tod Murphy,1992-93,,Did not play - injury,,,,,,,
Tod Murphy,1993-94,30,2TM,9,67,9.0,-3.0,0.0,0.1,.073
Tod Murphy,1993-94,30,DET,7,57,10.3,-2.5,0.0,0.1,.077
Tod Murphy,1993-94,30,GSW,2,10,1.5,-5.7,0.0,0.0,.052
Tod Murphy,1994-95,,Did not play - other pro league,,,,,,,
Tod Murphy,1995-96,,Did not play - other pro league,,,,,,,
Tod Murphy,1996-97,,Did not play - other pro league,,,,,,,
Tod Murphy,1997-98,,Did not play - other pro league,,,,,,,
Trey Murphy III,2021-22,21,NOP,62,864,12.5,-1.2,0.2,1.9,.104
Trey Murphy III,2022-23,22,NOP,79,2448,15.2,1.8,2.3,7.6,.150
Trey Murphy III,2023-24,23,NOP,57,1690,16.3,2.5,1.9,5.4,.154
Trey Murphy III,2024-25,24,NOP,53,1854,17.3,0.8,1.3,3.5,.091
Troy Murphy,2001-02,21,GSW,82,1448,10.3,-4.3,-0.8,1.4,.046
Troy Murphy,2002-03,22,GSW,79,2510,15.9,-0.7,0.8,6.4,.122
Troy Murphy,2003-04,23,GSW,28,610,16.8,-1.6,0.1,1.3,.104
Troy Murphy,2004-05,24,GSW,70,2375,16.8,-1.2,0.5,5.3,.107
Troy Murphy,2005-06,25,GSW,74,2516,15.9,-0.3,1.1,6.5,.125
Troy Murphy,2006-07,26,2TM,68,1852,14.5,0.5,1.1,4.5,.116
Troy Murphy,2006-07,26,GSW,26,667,14.8,1.1,0.5,1.7,.124
Troy Murphy,2006-07,26,IND,42,1185,14.3,0.1,0.6,2.8,.112
Troy Murphy,2007-08,27,IND,75,2106,16.0,1.2,1.7,6.2,.141
Troy Murphy,2008-09,28,IND,73,2482,17.8,3.2,3.3,8.5,.165
Troy Murphy,2009-10,29,IND,72,2344,18.0,2.9,2.9,7.8,.159
Troy Murphy,2010-11,30,2TM,35,466,8.0,-3.1,-0.1,0.3,.029
Troy Murphy,2010-11,30,NJN,18,288,6.7,-4.2,-0.2,-0.1,-0.022
Troy Murphy,2010-11,30,BOS,17,178,10.1,-1.3,0.0,0.4,.111
Troy Murphy,2011-12,31,LAL,59,956,9.0,-1.1,0.2,1.7,.088
Troy Murphy,2012-13,32,DAL,14,256,9.1,-1.9,0.0,0.3,.062
Dejounte Murray,2016-17,20,SAS,38,322,9.6,-4.8,-0.2,0.0,.004
Dejounte Murray,2017-18,21,SAS,81,1743,15.1,0.5,1.1,3.2,.087
Dejounte Murray,2018-19,,Did not play - injury,,,,,,,
Dejounte Murray,2019-20,23,SAS,66,1687,16.2,0.4,1.0,2.6,.074
Dejounte Murray,2020-21,24,SAS,67,2139,16.5,0.8,1.5,3.3,.074
Dejounte Murray,2021-22,25,SAS,68,2366,22.3,5.4,4.4,7.3,.149
Dejounte Murray,2022-23,26,ATL,74,2693,17.0,1.0,2.1,4.7,.084
Dejounte Murray,2023-24,27,ATL,78,2783,17.7,1.7,2.6,4.9,.084
Dejounte Murray,2024-25,28,NOP,31,1012,15.4,-1.6,0.1,0.2,.009
Jamal Murray,2016-17,19,DEN,82,1764,11.9,-2.0,0.0,1.3,.037
Jamal Murray,2017-18,20,DEN,81,2565,16.1,-0.3,1.1,5.5,.103
Jamal Murray,2018-19,21,DEN,75,2447,16.0,0.6,1.6,5.1,.100
Jamal Murray,2019-20,22,DEN,59,1904,17.7,1.2,1.5,4.3,.107
Jamal Murray,2020-21,23,DEN,48,1704,18.3,2.0,1.7,4.6,.129
Jamal Murray,2021-22,,Did not play - injury,,,,,,,
Jamal Murray,2022-23,25,DEN,65,2133,18.0,1.3,1.8,5.1,.116
Jamal Murray,2023-24,26,DEN,59,1861,20.7,4.1,2.9,5.9,.153
Jamal Murray,2024-25,27,DEN,67,2418,17.8,0.8,1.7,6.2,.123
Keegan Murray,2022-23,22,SAC,80,2382,12.3,-0.6,0.8,4.3,.087
Keegan Murray,2023-24,23,SAC,77,2588,13.3,-0.9,0.8,5.2,.096
Keegan Murray,2024-25,24,SAC,76,2610,12.0,-1.6,0.2,4.4,.082
Ken Murray,1950-51,22,2TM,66,,,,,3.6,
Ken Murray,1950-51,22,BLB,52,,,,,3.2,
Ken Murray,1950-51,22,FTW,14,,,,,0.5,
Ken Murray,1951-52,,Did not play - military service,,,,,,,
Ken Murray,1952-53,,Did not play - military service,,,,,,,
Ken Murray,1953-54,25,FTW,49,528,8.0,,,-0.7,-0.065
Ken Murray,1954-55,26,2TM,66,1590,10.6,,,0.7,.022
Ken Murray,1954-55,26,BLB,6,134,,,,,
Ken Murray,1954-55,26,PHW,60,1456,10.6,,,0.7,.024
Kris Murray,2023-24,23,POR,62,1348,9.0,-3.6,-0.6,0.7,.024
Kris Murray,2024-25,24,POR,69,1040,9.1,-3.0,-0.3,0.7,.033
Lamond Murray,1994-95,21,LAC,81,2556,11.6,-3.4,-0.9,-0.3,-0.006
Lamond Murray,1995-96,22,LAC,77,1816,11.1,-2.4,-0.2,1.2,.032
Lamond Murray,1996-97,23,LAC,74,1295,14.4,-0.8,0.4,2.1,.078
Lamond Murray,1997-98,24,LAC,79,2579,17.8,0.5,1.6,4.9,.092
Lamond Murray,1998-99,25,LAC,50,1317,14.3,-2.1,0.0,0.3,.010
Lamond Murray,1999-00,26,CLE,74,2365,14.9,-0.3,1.0,3.3,.067
Lamond Murray,2000-01,27,CLE,78,2225,13.9,-1.1,0.5,2.3,.050
Lamond Murray,2001-02,28,CLE,71,2312,16.7,0.5,1.5,4.1,.086
Lamond Murray,2002-03,,Did not play - injury,,,,,,,
Lamond Murray,2003-04,30,TOR,33,518,8.9,-3.8,-0.2,-0.3,-0.031
Lamond Murray,2004-05,31,TOR,62,918,13.7,0.0,0.5,1.3,.067
Lamond Murray,2005-06,32,NJN,57,576,10.8,-3.0,-0.1,0.9,.076
Lamond Murray,2006-07,,Did not play - other pro league,,,,,,,
Lamond Murray,2007-08,,Did not play - other pro league,,,,,,,
Lamond Murray,2008-09,,Did not play - other pro league,,,,,,,
Lamond Murray,2009-10,,Did not play - other pro league,,,,,,,
Lamond Murray,2010-11,,Did not play - other pro league,,,,,,,
Ronald Murray,2002-03,23,2TM,14,62,6.6,-8.5,-0.1,-0.3,-0.198
Ronald Murray,2002-03,23,MIL,12,42,10.7,-6.4,0.0,-0.1,-0.165
Ronald Murray,2002-03,23,SEA,2,20,-2.0,-12.9,-0.1,-0.1,-0.267
Ronald Murray,2003-04,24,SEA,82,2021,15.4,-1.2,0.4,1.7,.040
Ronald Murray,2004-05,25,SEA,49,883,9.9,-4.1,-0.5,-0.3,-0.016
Ronald Murray,2005-06,26,2TM,76,2112,11.5,-3.2,-0.6,0.7,.015
Ronald Murray,2005-06,26,SEA,48,1085,11.2,-4.9,-0.8,-0.7,-0.029
Ronald Murray,2005-06,26,CLE,28,1027,11.9,-1.4,0.2,1.3,.062
Ronald Murray,2006-07,27,DET,69,1477,10.8,-2.4,-0.1,1.3,.042
Ronald Murray,2007-08,28,2TM,42,874,13.2,-2.7,-0.1,0.4,.024
Ronald Murray,2007-08,28,DET,19,347,13.3,-2.2,0.0,0.3,.036
Ronald Murray,2007-08,28,IND,23,527,13.1,-3.0,-0.1,0.2,.016
Ronald Murray,2008-09,29,ATL,80,1975,14.7,-0.5,0.8,3.1,.076
Ronald Murray,2009-10,30,2TM,75,1673,11.7,-2.3,-0.1,1.8,.051
Ronald Murray,2009-10,30,CHA,46,993,11.4,-2.1,0.0,0.9,.041
Ronald Murray,2009-10,30,CHI,29,680,12.1,-2.5,-0.1,0.9,.065
Tracy Murray,1992-93,21,POR,48,495,11.9,-3.9,-0.2,0.5,.049
Tracy Murray,1993-94,22,POR,66,820,15.3,1.1,0.7,2.2,.126
Tracy Murray,1994-95,23,2TM,54,516,10.8,-4.0,-0.3,0.5,.047
Tracy Murray,1994-95,23,POR,29,313,12.4,-3.3,-0.1,0.5,.081
Tracy Murray,1994-95,23,HOU,25,203,8.2,-5.2,-0.2,0.0,-0.006
Tracy Murray,1995-96,24,TOR,82,2458,16.8,0.1,1.3,4.9,.096
Tracy Murray,1996-97,25,WSB,82,1814,14.6,0.4,1.1,4.4,.116
Tracy Murray,1997-98,26,WAS,82,2227,17.3,2.0,2.3,6.5,.139
Tracy Murray,1998-99,27,WAS,36,653,9.6,-2.6,-0.1,0.3,.025
Tracy Murray,1999-00,28,WAS,80,1831,14.1,0.6,1.2,3.8,.101
Tracy Murray,2000-01,29,2TM,51,588,11.4,-2.9,-0.1,0.6,.046
Tracy Murray,2000-01,29,DEN,13,135,9.8,-2.4,0.0,0.0,-0.002
Tracy Murray,2000-01,29,TOR,38,453,11.9,-3.1,-0.1,0.6,.061
Tracy Murray,2001-02,30,TOR,40,473,13.6,0.0,0.2,0.8,.079
Tracy Murray,2002-03,31,LAL,31,193,5.2,-6.9,-0.2,-0.2,-0.054
Tracy Murray,2003-04,32,POR,7,35,2.4,-8.7,-0.1,-0.1,-0.109
Tracy Murray,2004-05,,Did not play - other pro league,,,,,,,
Tracy Murray,2005-06,,Did not play - other pro league,,,,,,,
Tracy Murray,2006-07,,Did not play - other pro league,,,,,,,
Willie Murrell,1964-65,,Did not play - waived,,,,,,,
Willie Murrell,1965-66,,Did not play - other pro league,,,,,,,
Willie Murrell,1966-67,,Did not play - other pro league,,,,,,,
Willie Murrell,1967-68,26,DNR,71,2495,18.5,,,7.0,.135
Willie Murrell,1968-69,27,MMF,75,2493,14.4,,,4.6,.089
Willie Murrell,1969-70,28,2TM,82,1759,12.7,,,3.1,.084
Willie Murrell,1969-70,28,MMF,47,1321,14.0,,,2.6,.094
Willie Murrell,1969-70,28,KEN,35,438,8.6,,,0.5,.054
Dorie Murrey,1966-67,23,DET,35,311,10.0,,,0.5,.072
Dorie Murrey,1967-68,24,SEA,81,1494,12.8,,,2.2,.070
Dorie Murrey,1968-69,25,SEA,38,465,12.1,,,0.2,.024
Dorie Murrey,1969-70,26,SEA,81,1079,13.1,,,1.9,.083
Dorie Murrey,1970-71,27,2TM,71,716,10.4,,,1.6,.109
Dorie Murrey,1970-71,27,POR,2,20,16.3,,,0.0,.118
Dorie Murrey,1970-71,27,BAL,69,696,10.2,,,1.6,.108
Dorie Murrey,1971-72,28,BAL,51,421,7.8,,,0.1,.017
Toure' Murry,2013-14,24,NYK,51,373,11.1,-4.4,-0.2,0.0,.002
Toure' Murry,2014-15,25,2TM,5,18,1.1,-11.9,0.0,-0.1,-0.171
Toure' Murry,2014-15,25,UTA,1,1,-41.7,-56.3,0.0,0.0,-1.046
Toure' Murry,2014-15,25,WAS,4,17,3.6,-9.3,0.0,0.0,-0.120
Džanan Musa,2018-19,19,BRK,9,39,5.8,-7.2,-0.1,-0.1,-0.152
Džanan Musa,2019-20,20,BRK,40,487,9.4,-4.4,-0.3,0.2,.016
Mike Muscala,2013-14,22,ATL,20,215,10.8,-5.5,-0.2,0.2,.040
Mike Muscala,2014-15,23,ATL,40,502,18.0,0.1,0.3,1.9,.179
Mike Muscala,2015-16,24,ATL,60,565,13.6,-0.9,0.2,1.6,.136
Mike Muscala,2016-17,25,ATL,70,1237,14.4,1.1,1.0,3.4,.132
Mike Muscala,2017-18,26,ATL,53,1060,14.4,0.3,0.6,2.4,.109
Mike Muscala,2018-19,27,2TM,64,1306,10.8,-1.1,0.3,2.5,.091
Mike Muscala,2018-19,27,PHI,47,1041,10.4,-1.5,0.1,1.9,.087
Mike Muscala,2018-19,27,LAL,17,265,12.5,0.7,0.2,0.6,.107
Mike Muscala,2019-20,28,OKC,47,572,12.5,-0.1,0.3,1.3,.107
Mike Muscala,2020-21,29,OKC,35,645,14.7,-0.1,0.3,1.3,.096
Mike Muscala,2021-22,30,OKC,43,592,19.7,5.0,1.1,2.1,.170
Mike Muscala,2022-23,31,2TM,63,945,13.0,-0.4,0.4,2.5,.128
Mike Muscala,2022-23,31,OKC,43,622,13.8,0.1,0.3,1.7,.134
Mike Muscala,2022-23,31,BOS,20,323,11.6,-1.4,0.1,0.8,.116
Mike Muscala,2023-24,32,3TM,53,600,7.5,-5.3,-0.5,0.1,.009
Mike Muscala,2023-24,32,WAS,24,338,7.6,-6.2,-0.4,0.0,-0.005
Mike Muscala,2023-24,32,DET,13,171,8.9,-2.2,0.0,0.2,.049
Mike Muscala,2023-24,32,OKC,16,91,4.3,-8.0,-0.1,0.0,-0.017
Angelo Musi,1946-47,28,PHW,60,,,,,3.5,
Angelo Musi,1947-48,29,PHW,43,,,,,1.1,
Angelo Musi,1948-49,30,PHW,58,,,,,1.3,
Jerrod Mustaf,1990-91,21,NYK,62,825,8.3,-5.0,-0.6,0.4,.022
Jerrod Mustaf,1991-92,22,PHO,52,545,13.8,-1.2,0.1,0.8,.075
Jerrod Mustaf,1992-93,23,PHO,32,336,12.7,-3.7,-0.1,0.5,.065
Jerrod Mustaf,1993-94,24,PHO,33,196,8.9,-9.0,-0.3,0.0,.004
Dikembe Mutombo,1991-92,25,DEN,71,2716,16.5,0.0,1.4,4.8,.086
Dikembe Mutombo,1992-93,26,DEN,82,3029,17.2,1.6,2.7,8.8,.139
Dikembe Mutombo,1993-94,27,DEN,82,2853,17.9,3.2,3.7,9.4,.158
Dikembe Mutombo,1994-95,28,DEN,82,3100,17.0,1.8,2.9,8.7,.135
Dikembe Mutombo,1995-96,29,DEN,74,2713,17.1,2.1,2.8,7.6,.134
Dikembe Mutombo,1996-97,30,ATL,80,2973,19.0,2.6,3.5,11.3,.183
Dikembe Mutombo,1997-98,31,ATL,82,2917,19.8,2.6,3.4,10.8,.177
Dikembe Mutombo,1998-99,32,ATL,50,1829,18.8,3.7,2.6,7.9,.206
Dikembe Mutombo,1999-00,33,ATL,82,2984,19.4,2.4,3.3,9.9,.160
Dikembe Mutombo,2000-01,34,2TM,75,2591,17.5,1.7,2.4,8.1,.151
Dikembe Mutombo,2000-01,34,ATL,49,1716,16.5,1.4,1.5,4.5,.125
Dikembe Mutombo,2000-01,34,PHI,26,875,19.6,2.3,1.0,3.7,.201
Dikembe Mutombo,2001-02,35,PHI,80,2907,16.0,0.7,2.0,9.6,.158
Dikembe Mutombo,2002-03,36,NJN,24,514,11.2,-3.4,-0.2,0.8,.076
Dikembe Mutombo,2003-04,37,NYK,65,1494,14.3,0.1,0.8,3.8,.122
Dikembe Mutombo,2004-05,38,HOU,80,1212,16.4,0.9,0.9,4.7,.186
Dikembe Mutombo,2005-06,39,HOU,64,955,12.7,-0.8,0.3,3.1,.156
Dikembe Mutombo,2006-07,40,HOU,75,1289,14.4,0.6,0.8,5.2,.192
Dikembe Mutombo,2007-08,41,HOU,39,619,14.5,1.3,0.5,2.3,.178
Dikembe Mutombo,2008-09,42,HOU,9,96,10.8,-3.0,0.0,0.2,.088
Martin Müürsepp,1996-97,22,2TM,42,348,14.9,-1.7,0.0,0.6,.081
Martin Müürsepp,1996-97,22,MIA,10,27,11.9,-10.2,-0.1,0.0,-0.063
Martin Müürsepp,1996-97,22,DAL,32,321,15.1,-0.9,0.1,0.6,.093
Martin Müürsepp,1997-98,23,DAL,41,603,14.9,-1.6,0.1,1.4,.111
Pete Myers,1986-87,23,CHI,29,155,14.0,0.9,0.1,0.3,.092
Pete Myers,1987-88,24,SAS,22,328,10.1,-3.2,-0.1,-0.1,-0.009
Pete Myers,1988-89,25,2TM,33,270,12.4,-0.8,0.1,0.5,.087
Pete Myers,1988-89,25,PHI,4,40,11.9,-3.2,0.0,0.0,.008
Pete Myers,1988-89,25,NYK,29,230,12.5,-0.3,0.1,0.5,.101
Pete Myers,1989-90,26,2TM,52,751,9.8,-3.9,-0.4,0.0,.003
Pete Myers,1989-90,26,NYK,24,208,7.1,-2.7,0.0,0.0,-0.001
Pete Myers,1989-90,26,NJN,28,543,10.8,-4.4,-0.3,0.0,.004
Pete Myers,1990-91,27,SAS,8,103,7.1,-4.5,-0.1,0.0,-0.002
Pete Myers,1991-92,,Did not play - other pro league,,,,,,,
Pete Myers,1992-93,,Did not play - other pro league,,,,,,,
Pete Myers,1993-94,30,CHI,82,2030,10.6,-2.2,-0.1,3.0,.072
Pete Myers,1994-95,31,CHI,71,1270,9.1,-2.4,-0.1,1.3,.049
Pete Myers,1995-96,32,2TM,71,1092,8.4,-2.8,-0.2,0.6,.026
Pete Myers,1995-96,32,MIA,39,639,8.9,-2.7,-0.1,0.5,.035
Pete Myers,1995-96,32,CHH,32,453,7.8,-3.1,-0.1,0.1,.013
Pete Myers,1996-97,,Did not play - other pro league,,,,,,,
Pete Myers,1997-98,34,NYK,9,40,16.3,3.0,0.0,0.1,.149
Svi Mykhailiuk,2018-19,21,2TM,42,440,6.0,-5.0,-0.3,-0.1,-0.012
Svi Mykhailiuk,2018-19,21,LAL,39,420,5.8,-5.2,-0.3,-0.1,-0.013
Svi Mykhailiuk,2018-19,21,DET,3,20,9.8,-0.5,0.0,0.0,.016
Svi Mykhailiuk,2019-20,22,DET,56,1265,11.2,-1.9,0.0,1.6,.060
Svi Mykhailiuk,2020-21,23,2TM,66,1324,10.4,-2.6,-0.2,0.3,.010
Svi Mykhailiuk,2020-21,23,DET,36,634,10.2,-1.8,0.0,0.3,.025
Svi Mykhailiuk,2020-21,23,OKC,30,690,10.6,-3.3,-0.2,-0.1,-0.004
Svi Mykhailiuk,2021-22,24,TOR,56,716,9.6,-2.9,-0.2,0.8,.052
Svi Mykhailiuk,2022-23,25,2TM,32,468,14.0,-0.1,0.2,0.8,.081
Svi Mykhailiuk,2022-23,25,NYK,13,40,15.8,4.1,0.1,0.1,.141
Svi Mykhailiuk,2022-23,25,CHO,19,428,13.8,-0.5,0.2,0.7,.076
Svi Mykhailiuk,2023-24,26,BOS,41,413,11.7,-1.8,0.0,0.9,.106
Svi Mykhailiuk,2024-25,27,UTA,38,760,9.8,-3.5,-0.3,-0.1,-0.009
Hamady N'Diaye,2010-11,24,WAS,16,80,5.3,-6.3,-0.1,0.1,.046
Hamady N'Diaye,2011-12,25,WAS,3,3,-13.1,-21.1,0.0,0.0,-0.369
Hamady N'Diaye,2012-13,,Did not play - other pro league,,,,,,,
Hamady N'Diaye,2013-14,27,SAC,14,74,2.9,-7.8,-0.1,0.0,-0.008
Makhtar N'Diaye,1998-99,25,VAN,4,27,3.9,-10.6,-0.1,0.0,.026
Mamadou N'Diaye,2000-01,25,TOR,3,10,6.6,-11.7,0.0,0.0,.083
Mamadou N'Diaye,2001-02,26,TOR,5,46,20.6,2.1,0.0,0.3,.265
Mamadou N'Diaye,2002-03,27,TOR,22,364,13.5,-3.7,-0.2,0.6,.075
Mamadou N'Diaye,2003-04,28,2TM,28,366,12.9,-5.3,-0.3,0.8,.104
Mamadou N'Diaye,2003-04,28,DAL,3,7,-8.1,-17.2,0.0,0.0,-0.306
Mamadou N'Diaye,2003-04,28,ATL,25,359,13.3,-5.1,-0.3,0.8,.112
Mamadou N'Diaye,2004-05,29,LAC,11,72,10.6,-4.5,0.0,0.2,.115
Boniface N'Dong,2005-06,28,LAC,23,152,11.0,-5.0,-0.1,0.2,.058
Bob Naber,1952-53,23,INO,4,11,-10.4,,,-0.1,-0.418
Boris Nachamkin,1954-55,21,ROC,6,59,12.5,,,0.0,-0.010
Boštjan Nachbar,2002-03,22,HOU,14,77,5.8,-7.5,-0.1,-0.1,-0.053
Boštjan Nachbar,2003-04,23,HOU,45,516,8.3,-1.2,0.1,0.8,.071
Boštjan Nachbar,2004-05,24,2TM,71,1341,10.1,-2.2,-0.1,1.7,.061
Boštjan Nachbar,2004-05,24,HOU,16,204,6.1,-2.6,0.0,0.3,.080
Boštjan Nachbar,2004-05,24,NOH,55,1137,10.9,-2.2,0.0,1.4,.057
Boštjan Nachbar,2005-06,25,2TM,36,502,7.2,-4.6,-0.3,0.1,.005
Boštjan Nachbar,2005-06,25,NOK,25,405,7.3,-3.8,-0.2,0.0,.002
Boštjan Nachbar,2005-06,25,NJN,11,97,6.9,-8.1,-0.1,0.0,.016
Boštjan Nachbar,2006-07,26,NJN,76,1532,14.5,0.3,0.9,4.1,.128
Boštjan Nachbar,2007-08,27,NJN,75,1660,12.4,-1.8,0.1,2.2,.064
Abdel Nader,2017-18,24,BOS,48,522,5.1,-5.3,-0.4,-0.1,-0.014
Abdel Nader,2018-19,25,OKC,61,694,8.8,-3.2,-0.2,0.9,.062
Abdel Nader,2019-20,26,OKC,55,867,11.3,-1.0,0.2,1.3,.074
Abdel Nader,2020-21,27,PHO,24,355,13.4,0.0,0.2,0.7,.095
Abdel Nader,2021-22,28,PHO,14,145,4.9,-4.9,-0.1,0.0,-0.009
Jerry Nagel,1949-50,21,FTW,14,,,,,-0.1,
Fritz Nagy,1947-48,,Did not play - other pro league,,,,,,,
Fritz Nagy,1948-49,25,INJ,50,,,,,2.1,
Lee Nailon,1999-00,,Did not play - other pro league,,,,,,,
Lee Nailon,2000-01,25,CHH,42,469,11.7,-2.6,-0.1,0.9,.096
Lee Nailon,2001-02,26,CHH,79,1912,14.4,-1.5,0.3,3.5,.087
Lee Nailon,2002-03,27,NYK,38,405,14.3,-2.7,-0.1,0.3,.030
Lee Nailon,2003-04,28,3TM,57,780,13.2,-4.3,-0.5,0.7,.042
Lee Nailon,2003-04,28,ATL,27,300,14.3,-3.5,-0.1,0.2,.033
Lee Nailon,2003-04,28,ORL,8,83,13.5,-4.7,-0.1,0.2,.088
Lee Nailon,2003-04,28,CLE,22,397,12.2,-5.0,-0.3,0.3,.040
Lee Nailon,2004-05,29,NOH,68,2017,14.5,-1.3,0.4,2.2,.053
Lee Nailon,2005-06,30,PHI,22,237,14.5,-2.7,0.0,0.5,.096
Lee Nailon,2006-07,,Did not play - other pro league,,,,,,,
Lee Nailon,2007-08,,Did not play - other pro league,,,,,,,
Lee Nailon,2008-09,,Did not play - other pro league,,,,,,,
Lee Nailon,2009-10,,Did not play - other pro league,,,,,,,
Lee Nailon,2010-11,,Did not play - other pro league,,,,,,,
Lee Nailon,2011-12,,Did not play - other pro league,,,,,,,
Lee Nailon,2012-13,,Did not play - other pro league,,,,,,,
Lee Nailon,2013-14,,Did not play - other pro league,,,,,,,
Eduardo Nájera,2000-01,24,DAL,40,431,14.0,-0.1,0.2,1.1,.120
Eduardo Nájera,2001-02,25,DAL,62,1357,14.8,0.2,0.7,4.0,.142
Eduardo Nájera,2002-03,26,DAL,48,1103,14.8,1.2,0.9,4.0,.175
Eduardo Nájera,2003-04,27,DAL,58,720,11.5,-1.3,0.1,1.1,.074
Eduardo Nájera,2004-05,28,2TM,68,1185,11.2,-3.0,-0.3,1.6,.066
Eduardo Nájera,2004-05,28,GSW,42,610,9.9,-3.4,-0.2,0.4,.034
Eduardo Nájera,2004-05,28,DEN,26,575,12.5,-2.5,-0.1,1.2,.099
Eduardo Nájera,2005-06,29,DEN,64,1449,10.9,-1.8,0.1,2.7,.090
Eduardo Nájera,2006-07,30,DEN,75,1658,13.5,0.2,0.9,4.8,.138
Eduardo Nájera,2007-08,31,DEN,78,1664,12.1,0.2,0.9,4.1,.118
Eduardo Nájera,2008-09,32,NJN,27,319,7.7,-4.3,-0.2,0.1,.010
Eduardo Nájera,2009-10,33,2TM,46,685,8.4,-3.1,-0.2,0.8,.058
Eduardo Nájera,2009-10,33,NJN,13,204,7.0,-5.0,-0.2,-0.1,-0.017
Eduardo Nájera,2009-10,33,DAL,33,481,9.1,-2.3,0.0,0.9,.089
Eduardo Nájera,2010-11,34,CHA,31,372,5.5,-3.6,-0.2,0.2,.020
Eduardo Nájera,2011-12,35,CHA,22,270,9.3,-2.9,-0.1,0.2,.035
Larry Nance,1981-82,22,PHO,80,1186,14.7,-0.2,0.5,2.4,.098
Larry Nance,1982-83,23,PHO,82,2914,18.7,3.5,4.0,10.5,.172
Larry Nance,1983-84,24,PHO,82,2899,19.4,3.1,3.8,9.8,.163
Larry Nance,1984-85,25,PHO,61,2202,20.6,4.4,3.5,7.9,.173
Larry Nance,1985-86,26,PHO,73,2484,20.5,3.9,3.7,8.4,.163
Larry Nance,1986-87,27,PHO,69,2569,22.2,5.0,4.5,10.2,.190
Larry Nance,1987-88,28,2TM,67,2383,20.3,3.5,3.3,8.0,.161
Larry Nance,1987-88,28,PHO,40,1477,20.5,2.9,1.9,4.3,.141
Larry Nance,1987-88,28,CLE,27,906,19.9,4.3,1.4,3.6,.192
Larry Nance,1988-89,29,CLE,73,2526,19.9,3.9,3.8,10.3,.197
Larry Nance,1989-90,30,CLE,62,2065,19.1,2.7,2.4,6.5,.152
Larry Nance,1990-91,31,CLE,80,2927,20.6,3.6,4.2,9.8,.160
Larry Nance,1991-92,32,CLE,81,2880,21.4,5.2,5.2,12.2,.204
Larry Nance,1992-93,33,CLE,77,2753,19.8,3.6,3.9,10.7,.187
Larry Nance,1993-94,34,CLE,33,909,17.1,0.9,0.7,2.8,.146
Larry Nance Jr.,2015-16,23,LAL,63,1266,13.4,-1.5,0.2,2.2,.083
Larry Nance Jr.,2016-17,24,LAL,63,1442,15.7,0.6,1.0,3.5,.118
Larry Nance Jr.,2017-18,25,2TM,66,1421,20.2,2.4,1.6,5.8,.196
Larry Nance Jr.,2017-18,25,LAL,42,922,19.4,2.4,1.0,3.7,.191
Larry Nance Jr.,2017-18,25,CLE,24,499,21.5,2.2,0.5,2.1,.206
Larry Nance Jr.,2018-19,26,CLE,67,1795,18.6,2.4,2.0,4.9,.131
Larry Nance Jr.,2019-20,27,CLE,56,1472,17.3,1.7,1.4,3.9,.128
Larry Nance Jr.,2020-21,28,CLE,35,1091,13.2,0.4,0.7,1.8,.080
Larry Nance Jr.,2021-22,29,2TM,46,1040,14.4,-0.1,0.5,2.3,.104
Larry Nance Jr.,2021-22,29,POR,37,858,14.4,0.3,0.5,1.9,.104
Larry Nance Jr.,2021-22,29,NOP,9,182,14.2,-1.9,0.0,0.4,.104
Larry Nance Jr.,2022-23,30,NOP,65,1381,16.0,2.0,1.4,4.9,.171
Larry Nance Jr.,2023-24,31,NOP,61,1216,14.9,2.0,1.2,4.1,.160
Larry Nance Jr.,2024-25,32,ATL,24,463,16.0,1.8,0.4,1.3,.131
Pete Nance,2023-24,23,CLE,8,27,-3.9,-15.2,-0.1,-0.1,-0.154
Pete Nance,2024-25,24,2TM,13,138,8.5,-4.9,-0.1,0.2,.064
Pete Nance,2024-25,24,PHI,7,68,5.3,-6.3,-0.1,0.0,.027
Pete Nance,2024-25,24,MIL,6,70,11.5,-3.5,0.0,0.1,.100
Shabazz Napier,2014-15,23,MIA,51,1012,9.3,-3.2,-0.3,0.5,.024
Shabazz Napier,2015-16,24,ORL,55,600,9.6,-3.0,-0.2,0.1,.004
Shabazz Napier,2016-17,25,POR,53,512,13.6,-0.4,0.2,0.6,.060
Shabazz Napier,2017-18,26,POR,74,1535,14.2,0.7,1.0,3.2,.101
Shabazz Napier,2018-19,27,BRK,56,983,15.3,1.5,0.9,2.0,.098
Shabazz Napier,2019-20,28,2TM,56,1344,13.8,-1.1,0.3,1.7,.059
Shabazz Napier,2019-20,28,MIN,36,856,13.9,-0.8,0.3,1.3,.071
Shabazz Napier,2019-20,28,WAS,20,488,13.6,-1.6,0.0,0.4,.039
Paul Napolitano,1947-48,,Did not play - other pro league,,,,,,,
Paul Napolitano,1948-49,25,INJ,1,,,,,0.0,
Bob Nash,1972-73,22,DET,36,169,2.6,,,-0.7,-0.199
Bob Nash,1973-74,23,DET,35,281,10.5,-4.7,-0.2,0.1,.013
Bob Nash,1974-75,24,SDA,17,175,8.3,-6.1,-0.2,-0.2,-0.046
Bob Nash,1975-76,,Did not play - other pro league,,,,,,,
Bob Nash,1976-77,,Did not play - other pro league,,,,,,,
Bob Nash,1977-78,27,KCK,66,800,16.2,1.1,0.6,2.1,.123
Bob Nash,1978-79,28,KCK,82,1307,9.6,-3.2,-0.4,1.1,.042
Cotton Nash,1964-65,22,2TM,45,357,9.3,,,0.0,-0.001
Cotton Nash,1964-65,22,LAL,25,167,6.5,,,-0.2,-0.049
Cotton Nash,1964-65,22,SFW,20,190,11.8,,,0.2,.041
Cotton Nash,1965-66,,Did not play - minor league baseball,,,,,,,
Cotton Nash,1966-67,,Did not play - minor league baseball,,,,,,,
Cotton Nash,1967-68,25,KEN,39,786,14.2,,,0.9,.057
Steve Nash,1996-97,22,PHO,65,684,10.8,-3.1,-0.2,0.7,.047
Steve Nash,1997-98,23,PHO,76,1664,15.6,1.4,1.4,4.8,.137
Steve Nash,1998-99,24,DAL,40,1269,10.9,-2.4,-0.1,1.0,.037
Steve Nash,1999-00,25,DAL,56,1532,13.5,-0.9,0.4,3.0,.094
Steve Nash,2000-01,26,DAL,70,2387,19.6,2.8,2.9,8.4,.169
Steve Nash,2001-02,27,DAL,82,2837,20.7,3.1,3.6,9.9,.167
Steve Nash,2002-03,28,DAL,82,2711,22.6,4.6,4.5,11.6,.206
Steve Nash,2003-04,29,DAL,78,2612,20.5,2.5,3.0,8.8,.162
Steve Nash,2004-05,30,PHO,75,2573,22.0,4.7,4.4,10.9,.203
Steve Nash,2005-06,31,PHO,79,2796,23.3,5.0,4.9,12.4,.212
Steve Nash,2006-07,32,PHO,76,2682,23.8,5.9,5.3,12.6,.225
Steve Nash,2007-08,33,PHO,81,2780,21.1,3.9,4.2,10.5,.181
Steve Nash,2008-09,34,PHO,74,2484,19.5,2.4,2.8,7.3,.140
Steve Nash,2009-10,35,PHO,81,2660,21.6,4.3,4.2,9.9,.178
Steve Nash,2010-11,36,PHO,75,2497,20.8,3.2,3.3,7.9,.153
Steve Nash,2011-12,37,PHO,62,1961,20.3,3.4,2.7,5.9,.144
Steve Nash,2012-13,38,LAL,50,1627,16.0,0.4,1.0,4.3,.127
Steve Nash,2013-14,39,LAL,15,313,12.2,-3.6,-0.1,0.1,.017
Swen Nater,1973-74,24,2TM,79,2375,20.6,2.6,2.8,8.7,.176
Swen Nater,1973-74,24,VIR,17,374,19.9,0.7,0.3,0.9,.118
Swen Nater,1973-74,24,SAA,62,2001,20.8,3.0,2.5,7.8,.187
Swen Nater,1974-75,25,SAA,78,2713,19.3,1.7,2.5,9.7,.172
Swen Nater,1975-76,26,2TM,76,1790,14.4,-2.7,-0.3,3.1,.084
Swen Nater,1975-76,26,NYA,43,1016,13.1,-3.5,-0.4,1.9,.092
Swen Nater,1975-76,26,VIR,33,774,16.1,-1.6,0.1,1.2,.074
Swen Nater,1976-77,27,MIL,72,1960,19.1,1.4,1.7,6.9,.168
Swen Nater,1977-78,28,BUF,78,2778,16.9,0.3,1.6,6.8,.117
Swen Nater,1978-79,29,SDC,79,2006,16.9,0.6,1.3,5.5,.133
Swen Nater,1979-80,30,SDC,81,2860,17.2,0.0,1.5,6.8,.115
Swen Nater,1980-81,31,SDC,82,2809,18.2,0.7,1.9,8.6,.147
Swen Nater,1981-82,32,SDC,21,575,16.4,-0.7,0.2,1.2,.098
Swen Nater,1982-83,33,SDC,7,51,6.6,-5.0,-0.1,-0.1,-0.053
Swen Nater,1983-84,34,LAL,69,829,10.8,-4.9,-0.6,1.2,.071
Swen Nater,1984-85,,Did not play - other pro league,,,,,,,
Howard Nathan,1995-96,24,ATL,5,15,11.3,-12.2,0.0,-0.1,-0.370
Calvin Natt,1979-80,23,2TM,78,2857,17.0,0.4,1.8,7.1,.120
Calvin Natt,1979-80,23,NJN,53,2046,15.9,-0.1,1.0,4.8,.114
Calvin Natt,1979-80,23,POR,25,811,19.8,1.7,0.8,2.3,.136
Calvin Natt,1980-81,24,POR,74,2111,14.8,-0.8,0.7,4.2,.095
Calvin Natt,1981-82,25,POR,75,2599,19.0,2.3,2.8,9.3,.171
Calvin Natt,1982-83,26,POR,80,2879,19.0,1.8,2.8,9.8,.164
Calvin Natt,1983-84,27,POR,79,2638,16.9,1.5,2.3,8.4,.154
Calvin Natt,1984-85,28,DEN,78,2657,21.8,3.1,3.4,10.2,.185
Calvin Natt,1985-86,29,DEN,69,2007,18.6,1.3,1.7,6.1,.146
Calvin Natt,1986-87,30,DEN,1,20,15.2,-5.1,0.0,0.0,.076
Calvin Natt,1987-88,31,DEN,27,533,14.4,-0.9,0.2,1.1,.102
Calvin Natt,1988-89,32,2TM,24,353,10.7,-4.1,-0.2,0.3,.036
Calvin Natt,1988-89,32,DEN,14,168,12.1,-2.5,0.0,0.3,.075
Calvin Natt,1988-89,32,SAS,10,185,9.3,-5.5,-0.2,0.0,.000
Calvin Natt,1989-90,33,IND,14,164,14.4,-0.4,0.1,0.5,.159
Kenny Natt,1980-81,22,IND,19,149,5.2,-6.9,-0.3,-0.2,-0.075
Kenny Natt,1981-82,,Did not play - other pro league,,,,,,,
Kenny Natt,1982-83,24,UTA,22,210,9.1,-4.9,-0.2,0.1,.013
Kenny Natt,1983-84,,Did not play - other pro league,,,,,,,
Kenny Natt,1984-85,26,2TM,8,29,4.7,-4.8,0.0,0.0,-0.063
Kenny Natt,1984-85,26,UTA,4,13,1.5,-14.5,0.0,-0.1,-0.201
Kenny Natt,1984-85,26,KCK,4,16,7.3,3.1,0.0,0.0,.049
Willie Naulls,1956-57,22,2TM,71,1778,13.9,,,0.4,.012
Willie Naulls,1956-57,22,STL,19,438,15.5,,,0.4,.046
Willie Naulls,1956-57,22,NYK,52,1340,13.3,,,0.0,.000
Willie Naulls,1957-58,23,NYK,68,2369,17.1,,,4.6,.094
Willie Naulls,1958-59,24,NYK,68,2061,16.5,,,2.6,.061
Willie Naulls,1959-60,25,NYK,65,2250,20.1,,,5.3,.113
Willie Naulls,1960-61,26,NYK,79,2976,19.1,,,5.7,.092
Willie Naulls,1961-62,27,NYK,75,2978,17.9,,,5.5,.089
Willie Naulls,1962-63,28,2TM,70,1901,13.4,,,1.8,.046
Willie Naulls,1962-63,28,NYK,23,676,17.3,,,0.7,.046
Willie Naulls,1962-63,28,SFW,47,1225,11.2,,,1.2,.046
Willie Naulls,1963-64,29,BOS,78,1409,14.4,,,3.9,.132
Willie Naulls,1964-65,30,BOS,71,1465,12.4,,,2.6,.085
Willie Naulls,1965-66,31,BOS,71,1433,12.5,,,1.8,.059
Juan Carlos Navarro,2002-03,,Did not play - other pro league,,,,,,,
Juan Carlos Navarro,2003-04,,Did not play - other pro league,,,,,,,
Juan Carlos Navarro,2004-05,,Did not play - other pro league,,,,,,,
Juan Carlos Navarro,2005-06,,Did not play - other pro league,,,,,,,
Juan Carlos Navarro,2006-07,,Did not play - other pro league,,,,,,,
Juan Carlos Navarro,2007-08,27,MEM,82,2117,11.9,-2.3,-0.2,1.4,.031
Juan Carlos Navarro,2008-09,,Did not play - other pro league,,,,,,,
Juan Carlos Navarro,2009-10,,Did not play - other pro league,,,,,,,
Juan Carlos Navarro,2010-11,,Did not play - other pro league,,,,,,,
Juan Carlos Navarro,2011-12,,Did not play - other pro league,,,,,,,
Juan Carlos Navarro,2012-13,,Did not play - other pro league,,,,,,,
Juan Carlos Navarro,2013-14,,Did not play - other pro league,,,,,,,
Juan Carlos Navarro,2014-15,,Did not play - other pro league,,,,,,,
Juan Carlos Navarro,2015-16,,Did not play - other pro league,,,,,,,
Maurice Ndour,2016-17,24,NYK,32,331,11.3,-2.8,-0.1,0.4,.059
Craig Neal,1988-89,24,2TM,53,500,6.7,-5.2,-0.4,-0.3,-0.025
Craig Neal,1988-89,24,POR,21,159,4.3,-5.5,-0.1,-0.1,-0.032
Craig Neal,1988-89,24,MIA,32,341,7.9,-5.0,-0.3,-0.2,-0.022
Craig Neal,1989-90,,Did not play - other pro league,,,,,,,
Craig Neal,1990-91,26,DEN,10,125,8.2,-8.2,-0.2,-0.1,-0.047
Gary Neal,2010-11,26,SAS,80,1685,13.1,-0.3,0.7,3.5,.099
Gary Neal,2011-12,27,SAS,56,1206,14.2,-0.1,0.6,2.5,.101
Gary Neal,2012-13,28,SAS,68,1484,11.5,-2.0,0.0,1.9,.060
Gary Neal,2013-14,29,2TM,52,1114,12.5,-3.0,-0.3,1.0,.041
Gary Neal,2013-14,29,MIL,30,607,11.2,-4.2,-0.3,-0.2,-0.012
Gary Neal,2013-14,29,CHA,22,507,14.0,-1.6,0.0,1.1,.105
Gary Neal,2014-15,30,2TM,54,1193,11.1,-3.4,-0.5,0.6,.023
Gary Neal,2014-15,30,CHO,43,931,9.9,-4.3,-0.6,0.1,.006
Gary Neal,2014-15,30,MIN,11,262,15.1,-0.5,0.1,0.4,.080
Gary Neal,2015-16,31,WAS,40,807,13.5,-1.5,0.1,1.4,.085
Gary Neal,2016-17,32,ATL,2,18,-4.3,-15.9,-0.1,-0.1,-0.189
Jim Neal,1953-54,23,SYR,67,899,9.9,,,0.1,.007
Jim Neal,1954-55,24,BLB,13,194,,,,,
Lloyd Neal,1972-73,22,POR,82,2723,15.2,,,4.8,.085
Lloyd Neal,1973-74,23,POR,80,1517,15.6,-0.8,0.4,2.9,.091
Lloyd Neal,1974-75,24,POR,82,2278,15.4,-0.9,0.6,4.3,.091
Lloyd Neal,1975-76,25,POR,68,2320,14.8,-0.6,0.8,4.7,.097
Lloyd Neal,1976-77,26,POR,58,955,13.1,-2.2,0.0,1.8,.091
Lloyd Neal,1977-78,27,POR,61,1174,19.8,1.8,1.1,4.3,.178
Lloyd Neal,1978-79,28,POR,4,48,-0.6,-5.5,-0.1,-0.1,-0.112
Ed Nealy,1982-83,22,KCK,82,1643,11.6,0.6,1.1,4.7,.137
Ed Nealy,1983-84,23,KCK,71,960,9.2,-0.7,0.3,2.0,.101
Ed Nealy,1984-85,24,KCK,22,225,9.6,-2.4,0.0,0.3,.058
Ed Nealy,1985-86,,Did not play - other pro league,,,,,,,
Ed Nealy,1986-87,26,SAS,60,980,11.3,-1.8,0.1,1.9,.095
Ed Nealy,1987-88,27,SAS,68,837,9.2,-2.4,-0.1,1.2,.068
Ed Nealy,1988-89,28,2TM,43,258,6.0,-3.6,-0.1,0.4,.066
Ed Nealy,1988-89,28,CHI,13,94,7.3,-2.2,0.0,0.2,.128
Ed Nealy,1988-89,28,PHO,30,164,5.3,-4.4,-0.1,0.1,.030
Ed Nealy,1989-90,29,CHI,46,503,11.1,-1.2,0.1,1.3,.122
Ed Nealy,1990-91,30,PHO,55,573,11.3,1.1,0.4,1.5,.122
Ed Nealy,1991-92,31,PHO,52,505,12.9,1.5,0.4,1.5,.142
Ed Nealy,1992-93,32,2TM,41,308,8.3,-2.7,-0.1,0.5,.073
Ed Nealy,1992-93,32,GSW,30,229,7.4,-2.6,0.0,0.3,.067
Ed Nealy,1992-93,32,CHI,11,79,10.9,-3.1,0.0,0.2,.091
Nemanja Nedović,2013-14,22,GSW,24,142,-1.7,-10.0,-0.3,-0.4,-0.132
Al Negratti,1946-47,25,WSC,11,,,,,-0.1,
Barry Nelson,1971-72,22,MIL,28,102,7.6,,,0.1,.026
DeMarcus Nelson,2008-09,23,GSW,13,171,6.5,-5.5,-0.2,-0.3,-0.071
Don Nelson,1962-63,22,CHZ,62,1071,13.8,,,2.1,.094
Don Nelson,1963-64,23,LAL,80,1406,10.6,,,2.3,.080
Don Nelson,1964-65,24,LAL,39,238,14.0,,,0.4,.080
Don Nelson,1965-66,25,BOS,75,1765,13.3,,,5.4,.146
Don Nelson,1966-67,26,BOS,79,1202,14.3,,,3.3,.131
Don Nelson,1967-68,27,BOS,82,1498,18.2,,,6.1,.197
Don Nelson,1968-69,28,BOS,82,1773,17.5,,,7.5,.203
Don Nelson,1969-70,29,BOS,82,2224,18.5,,,8.3,.180
Don Nelson,1970-71,30,BOS,82,2254,15.9,,,7.4,.157
Don Nelson,1971-72,31,BOS,82,2086,17.7,,,8.8,.202
Don Nelson,1972-73,32,BOS,72,1425,16.8,,,5.8,.194
Don Nelson,1973-74,33,BOS,82,1748,16.1,0.8,1.3,5.9,.162
Don Nelson,1974-75,34,BOS,79,2052,18.1,2.4,2.3,8.7,.204
Don Nelson,1975-76,35,BOS,75,943,15.1,0.0,0.5,2.6,.134
Jameer Nelson,2004-05,22,ORL,79,1612,14.5,-0.7,0.5,2.5,.074
Jameer Nelson,2005-06,23,ORL,62,1784,19.5,2.0,1.8,4.9,.132
Jameer Nelson,2006-07,24,ORL,77,2331,13.9,-0.7,0.8,4.0,.082
Jameer Nelson,2007-08,25,ORL,69,1961,15.5,1.2,1.6,5.6,.136
Jameer Nelson,2008-09,26,ORL,42,1309,20.6,5.1,2.3,6.0,.220
Jameer Nelson,2009-10,27,ORL,65,1860,15.5,0.7,1.3,5.0,.130
Jameer Nelson,2010-11,28,ORL,76,2319,15.4,1.1,1.8,6.6,.136
Jameer Nelson,2011-12,29,ORL,57,1706,14.6,-0.1,0.8,3.5,.099
Jameer Nelson,2012-13,30,ORL,56,1977,14.4,-1.2,0.4,2.1,.050
Jameer Nelson,2013-14,31,ORL,68,2179,13.9,-1.1,0.5,2.8,.062
Jameer Nelson,2014-15,32,3TM,63,1407,12.1,-1.0,0.4,1.4,.047
Jameer Nelson,2014-15,32,DAL,23,584,9.9,-1.4,0.1,0.6,.047
Jameer Nelson,2014-15,32,BOS,6,121,8.7,-3.9,-0.1,0.0,-0.015
Jameer Nelson,2014-15,32,DEN,34,702,14.5,0.0,0.3,0.8,.058
Jameer Nelson,2015-16,33,DEN,39,1036,9.5,-3.0,-0.3,0.5,.024
Jameer Nelson,2016-17,34,DEN,75,2045,11.5,-2.0,0.0,2.8,.066
Jameer Nelson,2017-18,35,2TM,50,1013,8.1,-3.3,-0.3,0.6,.028
Jameer Nelson,2017-18,35,NOP,43,897,8.9,-2.6,-0.1,0.8,.045
Jameer Nelson,2017-18,35,DET,7,116,2.6,-8.4,-0.2,-0.3,-0.107
Louie Nelson,1973-74,22,CAP,49,556,13.7,-0.5,0.2,1.1,.091
Louie Nelson,1974-75,23,NOJ,72,1898,12.8,-2.2,-0.1,2.3,.059
Louie Nelson,1975-76,24,NOJ,66,2030,12.3,-1.4,0.3,2.9,.069
Louie Nelson,1976-77,25,SAS,4,57,8.4,-3.9,0.0,0.0,.032
Louie Nelson,1977-78,26,2TM,33,406,12.5,-2.2,-0.1,0.0,-0.001
Louie Nelson,1977-78,26,KCK,8,53,2.4,-5.1,-0.1,-0.1,-0.117
Louie Nelson,1977-78,26,NJN,25,353,14.0,-1.8,0.0,0.1,.016
Ron Nelson,1970-71,24,FLO,59,490,6.2,,,0.3,.030
Andrew Nembhard,2022-23,23,IND,75,2073,10.0,-3.2,-0.6,1.2,.029
Andrew Nembhard,2023-24,24,IND,68,1697,11.3,-2.2,-0.1,2.0,.057
Andrew Nembhard,2024-25,25,IND,65,1881,11.7,-2.3,-0.1,2.8,.071
RJ Nembhard Jr.,2021-22,22,CLE,14,63,8.0,-6.0,-0.1,0.0,.010
Ruben Nembhard,1996-97,24,2TM,10,113,13.3,1.0,0.1,0.2,.085
Ruben Nembhard,1996-97,24,UTA,8,94,13.8,1.3,0.1,0.2,.121
Ruben Nembhard,1996-97,24,POR,2,19,10.9,-0.8,0.0,0.0,-0.093
Dick Nemelka,1966-67,,Did not play - other,,,,,,,
Dick Nemelka,1967-68,,Did not play - other,,,,,,,
Dick Nemelka,1968-69,,Did not play - other,,,,,,,
Dick Nemelka,1969-70,,Did not play - other,,,,,,,
Dick Nemelka,1970-71,27,UTS,39,504,9.8,,,0.5,.052
Tyrone Nesby,1998-99,23,LAC,50,1288,17.0,1.8,1.2,3.1,.117
Tyrone Nesby,1999-00,24,LAC,73,2317,12.6,-2.7,-0.4,1.3,.027
Tyrone Nesby,2000-01,25,2TM,62,1556,8.9,-3.6,-0.6,0.3,.008
Tyrone Nesby,2000-01,25,LAC,14,333,8.5,-2.6,0.0,0.0,.004
Tyrone Nesby,2000-01,25,WAS,48,1223,9.0,-3.8,-0.6,0.2,.009
Tyrone Nesby,2001-02,26,WAS,70,1498,13.1,-0.8,0.4,2.9,.094
Aaron Nesmith,2020-21,21,BOS,46,669,9.4,-3.2,-0.2,1.1,.076
Aaron Nesmith,2021-22,22,BOS,52,574,7.3,-4.3,-0.3,0.4,.038
Aaron Nesmith,2022-23,23,IND,73,1816,10.5,-3.0,-0.4,2.0,.052
Aaron Nesmith,2023-24,24,IND,72,1995,12.8,-0.5,0.8,4.1,.098
Aaron Nesmith,2024-25,25,IND,45,1123,14.6,-0.5,0.4,2.9,.126
Martin Nessley,1987-88,22,2TM,44,336,2.8,-8.2,-0.5,-0.1,-0.014
Martin Nessley,1987-88,22,LAC,35,295,2.9,-8.0,-0.4,-0.1,-0.016
Martin Nessley,1987-88,22,SAC,9,41,2.3,-9.1,-0.1,0.0,-0.001
Rasho Nesterović,1998-99,22,MIN,2,30,3.5,-9.7,-0.1,0.0,-0.049
Rasho Nesterović,1999-00,23,MIN,82,1723,11.0,-2.6,-0.2,3.0,.082
Rasho Nesterović,2000-01,24,MIN,73,1233,10.4,-3.5,-0.5,1.5,.060
Rasho Nesterović,2001-02,25,MIN,82,2218,12.9,-1.7,0.2,4.1,.089
Rasho Nesterović,2002-03,26,MIN,77,2337,14.7,-0.1,1.1,5.2,.107
Rasho Nesterović,2003-04,27,SAS,82,2353,15.3,1.1,1.9,7.2,.147
Rasho Nesterović,2004-05,28,SAS,70,1785,12.0,-0.7,0.6,4.2,.114
Rasho Nesterović,2005-06,29,SAS,80,1515,11.0,-1.5,0.2,3.7,.118
Rasho Nesterović,2006-07,30,TOR,80,1676,13.9,-0.3,0.7,4.1,.118
Rasho Nesterović,2007-08,31,TOR,71,1486,16.1,0.0,0.7,3.9,.125
Rasho Nesterović,2008-09,32,IND,70,1214,14.1,-0.9,0.3,2.2,.086
Rasho Nesterović,2009-10,33,TOR,42,413,16.0,-1.2,0.1,0.8,.089
Raul Neto,2013-14,,Did not play - other pro league,,,,,,,
Raul Neto,2014-15,,Did not play - other pro league,,,,,,,
Raul Neto,2015-16,23,UTA,81,1499,10.2,-2.0,0.0,1.8,.058
Raul Neto,2016-17,24,UTA,40,346,10.7,-0.1,0.2,0.7,.100
Raul Neto,2017-18,25,UTA,41,498,11.9,-1.4,0.1,0.9,.086
Raul Neto,2018-19,26,UTA,37,474,13.5,-0.3,0.2,1.1,.116
Raul Neto,2019-20,27,PHI,54,668,12.7,-1.8,0.0,1.2,.083
Raul Neto,2020-21,28,WAS,64,1403,13.0,-0.6,0.5,2.8,.097
Raul Neto,2021-22,29,WAS,70,1372,12.4,-2.9,-0.4,1.5,.053
Raul Neto,2022-23,30,CLE,48,505,12.6,-0.2,0.2,1.5,.142
Raul Neto,2023-24,,Did not play - injury,,,,,,,
Bob Netolicky,1967-68,25,INA,71,2385,21.4,,,7.4,.149
Bob Netolicky,1968-69,26,INA,78,2721,19.1,,,8.3,.147
Bob Netolicky,1969-70,27,INA,82,3222,19.1,,,8.2,.122
Bob Netolicky,1970-71,28,INA,82,3137,16.7,,,7.5,.114
Bob Netolicky,1971-72,29,INA,83,2905,15.1,,,5.6,.093
Bob Netolicky,1972-73,30,DLC,84,3409,15.9,,,4.9,.069
Bob Netolicky,1973-74,31,2TM,75,1645,16.1,0.7,1.1,4.1,.120
Bob Netolicky,1973-74,31,SAA,19,488,18.1,3.1,0.6,1.3,.129
Bob Netolicky,1973-74,31,INA,56,1157,15.2,-0.4,0.5,2.8,.116
Bob Netolicky,1974-75,32,INA,59,1077,12.9,-2.2,-0.1,2.1,.093
Bob Netolicky,1975-76,33,INA,4,53,7.1,-4.8,-0.1,0.0,-0.044
Johnny Neumann,1971-72,20,MMP,77,1969,15.0,,,2.0,.048
Johnny Neumann,1972-73,21,MMT,79,2787,14.7,,,4.6,.078
Johnny Neumann,1973-74,22,2TM,87,2056,14.4,-2.3,-0.2,0.8,.018
Johnny Neumann,1973-74,22,MMT,43,1300,13.9,-2.6,-0.2,0.2,.009
Johnny Neumann,1973-74,22,UTS,44,756,15.4,-1.9,0.0,0.5,.033
Johnny Neumann,1974-75,23,2TM,52,931,11.5,-3.0,-0.3,0.6,.031
Johnny Neumann,1974-75,23,VIR,4,96,6.9,-5.1,-0.1,-0.3,-0.164
Johnny Neumann,1974-75,23,INA,48,835,12.0,-2.7,-0.2,0.9,.054
Johnny Neumann,1975-76,24,2TM,77,1589,14.4,-0.4,0.6,1.6,.047
Johnny Neumann,1975-76,24,VIR,35,777,16.6,0.6,0.5,0.8,.050
Johnny Neumann,1975-76,24,KEN,42,812,12.4,-1.4,0.1,0.8,.045
Johnny Neumann,1976-77,25,2TM,63,937,11.1,-4.9,-0.6,0.0,.000
Johnny Neumann,1976-77,25,BUF,4,49,19.8,-2.3,0.0,0.1,.084
Johnny Neumann,1976-77,25,LAL,59,888,10.7,-5.1,-0.7,-0.1,-0.005
Johnny Neumann,1977-78,26,IND,20,216,7.4,-5.0,-0.2,-0.1,-0.029
Johnny Neumann,1978-79,,Did not play - other pro league,,,,,,,
Paul Neumann,1959-60,,Did not play - other pro league,,,,,,,
Paul Neumann,1960-61,,Did not play - other pro league,,,,,,,
Paul Neumann,1961-62,24,SYR,77,1265,11.8,,,3.2,.123
Paul Neumann,1962-63,25,SYR,80,1581,13.4,,,4.6,.139
Paul Neumann,1963-64,26,PHI,74,1973,14.3,,,4.2,.103
Paul Neumann,1964-65,27,2TM,76,2034,14.9,,,6.5,.153
Paul Neumann,1964-65,27,PHI,40,1100,16.8,,,4.2,.185
Paul Neumann,1964-65,27,SFW,36,934,12.7,,,2.2,.115
Paul Neumann,1965-66,28,SFW,66,1729,14.8,,,4.0,.112
Paul Neumann,1966-67,29,SFW,78,2421,13.0,,,5.8,.115
Chuck Nevitt,1982-83,23,HOU,6,64,14.8,-2.7,0.0,0.1,.057
Chuck Nevitt,1983-84,,Did not play - waived,,,,,,,
Chuck Nevitt,1984-85,25,LAL,11,59,2.1,-11.7,-0.1,-0.2,-0.158
Chuck Nevitt,1985-86,26,2TM,29,126,11.2,-4.0,-0.1,0.1,.046
Chuck Nevitt,1985-86,26,LAL,4,25,5.4,-11.4,-0.1,-0.1,-0.137
Chuck Nevitt,1985-86,26,DET,25,101,12.7,-2.1,0.0,0.2,.091
Chuck Nevitt,1986-87,27,DET,41,267,10.3,-3.4,-0.1,0.5,.088
Chuck Nevitt,1987-88,28,DET,17,63,6.6,-7.4,-0.1,0.0,.018
Chuck Nevitt,1988-89,29,HOU,43,228,8.1,-4.5,-0.1,0.1,.022
Chuck Nevitt,1989-90,30,HOU,3,9,12.1,2.3,0.0,0.0,.037
Chuck Nevitt,1990-91,,Did not play - other pro league,,,,,,,
Chuck Nevitt,1991-92,32,CHI,4,9,-13.6,-22.6,0.0,-0.1,-0.467
Chuck Nevitt,1992-93,,Did not play - other pro league,,,,,,,
Chuck Nevitt,1993-94,34,SAS,1,1,46.0,-34.2,0.0,0.0,-0.174
Melvin Newbern,1992-93,25,DET,33,311,11.5,-2.4,0.0,0.0,.000
Ivano Newbill,1994-95,24,DET,34,331,7.3,-5.6,-0.3,0.1,.022
Ivano Newbill,1995-96,,Did not play - other pro league,,,,,,,
Ivano Newbill,1996-97,26,ATL,72,850,6.7,-3.4,-0.3,1.1,.060
Ivano Newbill,1997-98,27,VAN,28,249,7.6,-6.9,-0.3,-0.1,-0.022
Ira Newble,2000-01,26,SAS,27,184,8.9,-4.0,-0.1,0.2,.055
Ira Newble,2001-02,27,ATL,42,1273,11.5,-1.5,0.2,2.3,.089
Ira Newble,2002-03,28,ATL,73,1931,11.7,-1.2,0.4,3.3,.081
Ira Newble,2003-04,29,CLE,64,1245,6.7,-4.5,-0.8,0.1,.004
Ira Newble,2004-05,30,CLE,74,1832,8.6,-2.9,-0.4,1.9,.050
Ira Newble,2005-06,31,CLE,36,353,4.0,-5.2,-0.3,0.1,.009
Ira Newble,2006-07,32,CLE,15,129,14.9,0.0,0.1,0.5,.179
Ira Newble,2007-08,33,3TM,49,698,9.7,-3.0,-0.2,0.9,.061
Ira Newble,2007-08,33,CLE,41,650,10.0,-2.7,-0.1,0.9,.067
Ira Newble,2007-08,33,SEA,2,17,0.5,-9.8,0.0,-0.1,-0.144
Ira Newble,2007-08,33,LAL,6,31,10.0,-4.4,0.0,0.0,.037
Mike Newlin,1971-72,23,HOU,82,1495,10.6,,,1.6,.050
Mike Newlin,1972-73,24,HOU,82,2658,16.2,,,5.8,.105
Mike Newlin,1973-74,25,HOU,76,2591,16.6,-1.2,0.5,5.2,.096
Mike Newlin,1974-75,26,HOU,79,2709,15.1,-0.5,1.0,5.9,.105
Mike Newlin,1975-76,27,HOU,82,3065,17.4,0.6,2.0,8.5,.133
Mike Newlin,1976-77,28,HOU,82,2119,16.1,-0.5,0.8,4.7,.106
Mike Newlin,1977-78,29,HOU,45,1181,16.0,-0.2,0.5,1.8,.073
Mike Newlin,1978-79,30,HOU,76,1828,12.9,-1.3,0.3,2.9,.076
Mike Newlin,1979-80,31,NJN,78,2510,17.7,1.3,2.1,6.5,.124
Mike Newlin,1980-81,32,NJN,79,2911,15.6,-0.8,0.9,6.1,.100
Mike Newlin,1981-82,33,NYK,76,1507,11.5,-3.6,-0.6,1.5,.049
Johnny Newman,1986-87,23,CLE,59,630,9.8,-4.4,-0.4,0.3,.024
Johnny Newman,1987-88,24,NYK,77,1589,12.1,-1.9,0.1,3.1,.093
Johnny Newman,1988-89,25,NYK,81,2336,15.3,1.1,1.8,6.7,.138
Johnny Newman,1989-90,26,NYK,80,2277,12.7,-1.1,0.5,4.5,.095
Johnny Newman,1990-91,27,CHH,81,2477,15.1,-1.0,0.7,4.1,.080
Johnny Newman,1991-92,28,CHH,55,1651,13.6,-2.0,0.0,2.3,.068
Johnny Newman,1992-93,29,CHH,64,1471,15.5,0.0,0.8,3.7,.120
Johnny Newman,1993-94,30,2TM,81,1697,14.1,-1.3,0.3,3.7,.106
Johnny Newman,1993-94,30,CHH,18,429,16.9,0.3,0.2,1.0,.116
Johnny Newman,1993-94,30,NJN,63,1268,13.2,-1.8,0.1,2.7,.102
Johnny Newman,1994-95,31,MIL,82,1896,10.4,-2.7,-0.3,2.8,.070
Johnny Newman,1995-96,32,MIL,82,2690,11.5,-1.4,0.4,4.4,.079
Johnny Newman,1996-97,33,MIL,82,2060,10.8,-2.6,-0.3,2.8,.065
Johnny Newman,1997-98,34,DEN,74,2176,14.9,-2.6,-0.3,2.7,.060
Johnny Newman,1998-99,35,CLE,50,949,9.2,-3.1,-0.3,1.2,.059
Johnny Newman,1999-00,36,NJN,82,1763,13.6,-1.9,0.1,3.5,.095
Johnny Newman,2000-01,37,NJN,82,2049,13.0,-2.1,0.0,3.4,.081
Johnny Newman,2001-02,38,DAL,47,724,8.3,-2.6,-0.1,0.9,.061
Malik Newman,2019-20,22,CLE,1,4,-11.4,-25.7,0.0,0.0,-0.502
Malik Newman,2020-21,,Did not play - other pro league,,,,,,,
Malik Newman,2021-22,24,CLE,1,8,28.6,6.4,0.0,0.0,.179
Dave Newmark,1968-69,22,CHI,81,1159,11.2,,,0.8,.034
Dave Newmark,1969-70,23,ATL,64,612,12.7,,,0.4,.033
Dave Newmark,1970-71,24,CAR,31,457,14.7,,,0.7,.073
Bill Newton,1972-73,22,INA,24,117,14.7,,,0.1,.046
Bill Newton,1973-74,23,INA,11,73,4.9,-4.4,-0.1,0.0,.001
Tristen Newton,2024-25,23,2TM,8,16,-6.1,-20.7,-0.1,-0.1,-0.330
Tristen Newton,2024-25,23,IND,5,8,-15.3,-32.7,-0.1,-0.1,-0.553
Tristen Newton,2024-25,23,MIN,3,8,3.1,-8.7,0.0,0.0,-0.107
Georges Niang,2016-17,23,IND,23,93,0.1,-11.7,-0.2,-0.3,-0.168
Georges Niang,2017-18,24,UTA,9,32,9.2,-4.0,0.0,0.0,-0.029
Georges Niang,2018-19,25,UTA,59,516,13.0,0.0,0.3,1.3,.123
Georges Niang,2019-20,26,UTA,66,923,11.7,-0.1,0.4,1.8,.092
Georges Niang,2020-21,27,UTA,72,1154,11.4,-0.3,0.5,2.6,.108
Georges Niang,2021-22,28,PHI,76,1736,10.7,-1.9,0.0,2.8,.077
Georges Niang,2022-23,29,PHI,78,1512,10.9,-1.4,0.2,2.5,.078
Georges Niang,2023-24,30,CLE,82,1831,9.9,-2.9,-0.4,2.4,.064
Georges Niang,2024-25,31,2TM,79,1697,11.2,-2.3,-0.1,2.9,.081
Georges Niang,2024-25,31,CLE,51,1053,11.1,-1.8,0.1,2.2,.099
Georges Niang,2024-25,31,ATL,28,644,11.4,-3.1,-0.2,0.7,.051
Demetris Nichols,2007-08,23,2TM,14,44,-1.9,-12.1,-0.1,-0.2,-0.234
Demetris Nichols,2007-08,23,CLE,3,14,-20.8,-28.3,-0.1,-0.2,-0.615
Demetris Nichols,2007-08,23,CHI,11,30,7.0,-4.6,0.0,0.0,-0.056
Demetris Nichols,2008-09,24,2TM,4,14,8.8,-4.8,0.0,0.0,-0.108
Demetris Nichols,2008-09,24,CHI,2,5,-3.5,-11.3,0.0,0.0,-0.283
Demetris Nichols,2008-09,24,NYK,2,9,15.7,-1.2,0.0,0.0,-0.010
Jack Nichols,1948-49,22,WSC,34,,,,,4.3,
Jack Nichols,1949-50,23,2TM,67,,,,,6.7,
Jack Nichols,1949-50,23,WSC,49,,,,,4.5,
Jack Nichols,1949-50,23,TRI,18,,,,,2.1,
Jack Nichols,1950-51,24,TRI,6,,,,,0.3,
Jack Nichols,1951-52,,Did not play - military service,,,,,,,
Jack Nichols,1952-53,26,MLH,69,2626,16.8,,,4.1,.075
Jack Nichols,1953-54,27,2TM,75,1607,9.5,,,-1.0,-0.030
Jack Nichols,1953-54,27,MLH,15,356,4.1,,,-1.6,-0.211
Jack Nichols,1953-54,27,BOS,60,1251,11.1,,,0.6,.022
Jack Nichols,1954-55,28,BOS,64,1910,12.2,,,1.6,.040
Jack Nichols,1955-56,29,BOS,60,1964,16.5,,,4.4,.107
Jack Nichols,1956-57,30,BOS,61,1372,11.9,,,2.5,.088
Jack Nichols,1957-58,31,BOS,69,1224,9.3,,,1.0,.040
Andrew Nicholson,2012-13,23,ORL,75,1249,15.1,-2.7,-0.2,1.7,.065
Andrew Nicholson,2013-14,24,ORL,76,1174,9.9,-5.1,-0.9,0.6,.025
Andrew Nicholson,2014-15,25,ORL,40,492,10.3,-4.9,-0.4,0.1,.007
Andrew Nicholson,2015-16,26,ORL,56,823,14.8,-1.1,0.2,1.6,.092
Andrew Nicholson,2016-17,27,2TM,38,342,5.9,-6.0,-0.3,-0.1,-0.019
Andrew Nicholson,2016-17,27,WAS,28,231,6.3,-5.6,-0.2,-0.1,-0.014
Andrew Nicholson,2016-17,27,BRK,10,111,5.0,-6.8,-0.1,-0.1,-0.030
Gaylon Nickerson,1994-95,,Did not play - other pro league,,,,,,,
Gaylon Nickerson,1995-96,,Did not play - other pro league,,,,,,,
Gaylon Nickerson,1996-97,27,2TM,4,42,12.9,-1.2,0.0,0.1,.076
Gaylon Nickerson,1996-97,27,SAS,3,36,14.3,0.0,0.0,0.1,.127
Gaylon Nickerson,1996-97,27,WSB,1,6,4.5,-8.0,0.0,0.0,-0.229
Carl Nicks,1980-81,22,2TM,67,1109,10.2,-4.1,-0.6,-0.2,-0.008
Carl Nicks,1980-81,22,DEN,27,493,8.3,-4.8,-0.4,-0.4,-0.043
Carl Nicks,1980-81,22,UTA,40,616,11.7,-3.5,-0.2,0.3,.021
Carl Nicks,1981-82,23,UTA,80,1322,10.5,-5.0,-1.0,-0.3,-0.010
Carl Nicks,1982-83,24,CLE,9,148,12.1,-2.7,0.0,0.1,.032
Rich Niemann,1968-69,22,2TM,34,272,11.9,,,0.2,.038
Rich Niemann,1968-69,22,DET,16,123,11.6,,,0.1,.037
Rich Niemann,1968-69,22,MIL,18,149,12.2,,,0.1,.038
Rich Niemann,1969-70,23,2TM,69,1484,17.7,,,4.4,.143
Rich Niemann,1969-70,23,BOS,6,18,6.5,,,0.0,.107
Rich Niemann,1969-70,23,CAR,63,1466,17.8,,,4.4,.144
Rich Niemann,1970-71,24,FLO,51,642,14.0,,,1.4,.107
Rich Niemann,1971-72,25,DLC,33,524,9.9,,,1.2,.109
Richie Niemiera,1948-49,27,FTW,55,,,,,4.8,
Richie Niemiera,1949-50,28,2TM,60,,,,,2.7,
Richie Niemiera,1949-50,28,FTW,31,,,,,0.8,
Richie Niemiera,1949-50,28,AND,29,,,,,1.9,
Mike Niles,1980-81,25,PHO,44,231,6.7,-8.8,-0.5,-0.3,-0.062
Kurt Nimphius,1980-81,,Did not play - other pro league,,,,,,,
Kurt Nimphius,1981-82,23,DAL,63,1085,12.0,-2.0,0.0,1.5,.067
Kurt Nimphius,1982-83,24,DAL,81,1515,12.5,-0.7,0.5,2.9,.093
Kurt Nimphius,1983-84,25,DAL,82,2284,13.0,0.3,1.3,4.8,.101
Kurt Nimphius,1984-85,26,DAL,82,2010,10.9,-0.3,0.9,3.3,.079
Kurt Nimphius,1985-86,27,2TM,80,2226,12.6,-2.6,-0.3,3.1,.067
Kurt Nimphius,1985-86,27,DAL,13,280,11.3,-1.2,0.1,0.4,.070
Kurt Nimphius,1985-86,27,LAC,67,1946,12.8,-2.8,-0.4,2.7,.066
Kurt Nimphius,1986-87,28,2TM,66,1088,9.6,-4.2,-0.6,0.7,.033
Kurt Nimphius,1986-87,28,LAC,38,811,9.4,-4.7,-0.6,0.3,.017
Kurt Nimphius,1986-87,28,DET,28,277,10.1,-2.6,0.0,0.5,.080
Kurt Nimphius,1987-88,29,SAS,72,919,10.9,-2.8,-0.2,1.0,.052
Kurt Nimphius,1988-89,,Did not play - other pro league,,,,,,,
Kurt Nimphius,1989-90,31,PHI,38,314,7.9,-5.7,-0.3,0.1,.020
Kurt Nimphius,1990-91,,Did not play - other pro league,,,,,,,
Daishen Nix,2021-22,19,HOU,24,261,8.1,-6.4,-0.3,-0.2,-0.033
Daishen Nix,2022-23,20,HOU,57,914,5.3,-6.5,-1.0,-1.2,-0.062
Daishen Nix,2023-24,21,MIN,15,50,12.3,-1.4,0.0,0.0,.014
Daishen Nix,2024-25,22,MIN,3,13,-7.0,-16.2,0.0,-0.1,-0.327
Dyron Nix,1989-90,22,IND,20,109,8.2,-5.8,-0.1,0.0,-0.015
Norm Nixon,1977-78,22,LAL,81,2779,14.1,-0.9,0.8,4.5,.078
Norm Nixon,1978-79,23,LAL,82,3145,18.2,2.2,3.3,9.6,.146
Norm Nixon,1979-80,24,LAL,82,3226,14.9,-0.7,1.1,6.7,.100
Norm Nixon,1980-81,25,LAL,79,2962,15.5,-0.6,1.0,5.5,.089
Norm Nixon,1981-82,26,LAL,82,3024,15.3,-0.8,0.9,6.6,.104
Norm Nixon,1982-83,27,LAL,79,2711,13.9,-1.9,0.0,3.9,.069
Norm Nixon,1983-84,28,SDC,82,3053,16.9,0.8,2.2,5.4,.085
Norm Nixon,1984-85,29,LAC,81,2894,15.6,-0.6,1.1,3.7,.061
Norm Nixon,1985-86,30,LAC,67,2138,15.7,-0.9,0.6,2.0,.046
Norm Nixon,1986-87,,Did not play - injury,,,,,,,
Norm Nixon,1987-88,,Did not play - injury,,,,,,,
Norm Nixon,1988-89,33,LAC,53,1318,9.8,-4.4,-0.8,-0.4,-0.013
Norm Nixon,1989-90,,Did not play - other pro league,,,,,,,
Zeke Nnaji,2020-21,20,DEN,42,397,11.3,-1.7,0.0,0.9,.104
Zeke Nnaji,2021-22,21,DEN,41,698,13.5,-2.2,0.0,1.8,.123
Zeke Nnaji,2022-23,22,DEN,53,728,12.5,-3.7,-0.3,1.6,.106
Zeke Nnaji,2023-24,23,DEN,58,576,12.4,-3.7,-0.2,1.2,.099
Zeke Nnaji,2024-25,24,DEN,57,608,12.0,-1.3,0.1,1.2,.097
Joakim Noah,2007-08,22,CHI,74,1534,15.5,-0.2,0.7,3.8,.120
Joakim Noah,2008-09,23,CHI,80,1938,16.5,1.1,1.5,6.4,.159
Joakim Noah,2009-10,24,CHI,64,1925,17.9,1.6,1.7,6.2,.154
Joakim Noah,2010-11,25,CHI,48,1576,18.8,2.9,1.9,6.7,.205
Joakim Noah,2011-12,26,CHI,64,1945,19.6,3.8,2.8,9.0,.223
Joakim Noah,2012-13,27,CHI,66,2426,18.1,3.4,3.3,7.3,.145
Joakim Noah,2013-14,28,CHI,80,2820,20.0,5.3,5.2,11.2,.190
Joakim Noah,2014-15,29,CHI,67,2049,15.3,2.1,2.1,5.6,.130
Joakim Noah,2015-16,30,CHI,29,635,14.1,1.6,0.6,1.1,.079
Joakim Noah,2016-17,31,NYK,46,1015,15.2,-0.5,0.4,2.2,.106
Joakim Noah,2017-18,32,NYK,7,40,15.6,-0.8,0.0,0.1,.072
Joakim Noah,2018-19,33,MEM,42,693,18.6,2.1,0.7,2.2,.150
Joakim Noah,2019-20,34,LAC,5,50,11.1,-1.6,0.0,0.1,.096
Chuck Noble,1954-55,,Did not play - other pro league,,,,,,,
Chuck Noble,1955-56,24,FTW,72,2013,10.8,,,1.1,.026
Chuck Noble,1956-57,25,FTW,54,1260,11.0,,,0.4,.014
Chuck Noble,1957-58,26,DET,61,1363,7.0,,,-0.9,-0.033
Chuck Noble,1958-59,27,DET,65,939,10.6,,,-0.5,-0.024
Chuck Noble,1959-60,28,DET,58,1621,10.9,,,0.0,.000
Chuck Noble,1960-61,29,DET,75,1655,8.1,,,-0.5,-0.014
Chuck Noble,1961-62,30,DET,26,361,4.7,,,-0.5,-0.063
Andrés Nocioni,2001-02,,Did not play - other pro league,,,,,,,
Andrés Nocioni,2002-03,,Did not play - other pro league,,,,,,,
Andrés Nocioni,2003-04,,Did not play - other pro league,,,,,,,
Andrés Nocioni,2004-05,25,CHI,81,1892,10.1,-2.0,0.0,2.5,.062
Andrés Nocioni,2005-06,26,CHI,82,2239,16.1,1.7,2.1,6.7,.144
Andrés Nocioni,2006-07,27,CHI,53,1406,15.6,0.8,1.0,4.1,.139
Andrés Nocioni,2007-08,28,CHI,82,2021,13.6,-0.8,0.6,3.3,.077
Andrés Nocioni,2008-09,29,2TM,76,1991,12.2,-1.9,0.0,2.8,.068
Andrés Nocioni,2008-09,29,CHI,53,1278,11.4,-2.1,0.0,1.9,.072
Andrés Nocioni,2008-09,29,SAC,23,713,13.6,-1.7,0.1,0.9,.060
Andrés Nocioni,2009-10,30,SAC,75,1477,11.1,-2.4,-0.1,1.3,.044
Andrés Nocioni,2010-11,31,PHI,54,931,10.1,-2.5,-0.1,1.3,.067
Andrés Nocioni,2011-12,32,PHI,11,56,1.8,-12.9,-0.2,-0.2,-0.139
Andrés Nocioni,2012-13,,Did not play - other pro league,,,,,,,
Andrés Nocioni,2013-14,,Did not play - other pro league,,,,,,,
Andrés Nocioni,2014-15,,Did not play - other pro league,,,,,,,
Andrés Nocioni,2015-16,,Did not play - other pro league,,,,,,,
Andrés Nocioni,2016-17,,Did not play - other pro league,,,,,,,
David Noel,2006-07,22,MIL,68,792,9.0,-3.1,-0.2,0.4,.024
Nerlens Noel,2013-14,,Did not play - injury,,,,,,,
Nerlens Noel,2014-15,20,PHI,75,2311,15.0,-0.3,1.0,4.0,.083
Nerlens Noel,2015-16,21,PHI,67,1965,16.2,-0.2,0.9,3.0,.074
Nerlens Noel,2016-17,22,2TM,51,1047,20.4,2.4,1.2,4.0,.181
Nerlens Noel,2016-17,22,PHI,29,564,20.8,3.2,0.7,2.2,.184
Nerlens Noel,2016-17,22,DAL,22,483,19.8,1.4,0.4,1.8,.178
Nerlens Noel,2017-18,23,DAL,30,472,16.2,0.5,0.3,1.3,.135
Nerlens Noel,2018-19,24,OKC,77,1055,19.3,2.1,1.1,4.3,.198
Nerlens Noel,2019-20,25,OKC,61,1127,20.4,3.1,1.5,4.9,.209
Nerlens Noel,2020-21,26,NYK,64,1547,14.8,1.4,1.3,5.2,.162
Nerlens Noel,2021-22,27,NYK,25,562,11.8,0.3,0.3,1.5,.128
Nerlens Noel,2022-23,28,2TM,17,195,7.9,-3.8,-0.1,0.0,.007
Nerlens Noel,2022-23,28,DET,14,152,10.0,-2.0,0.0,0.1,.040
Nerlens Noel,2022-23,28,BRK,3,43,0.3,-10.3,-0.1,-0.1,-0.112
Nerlens Noel,2023-24,,Did not play - waived,,,,,,,
Paul Noel,1947-48,23,NYK,29,,,,,0.7,
Paul Noel,1948-49,24,NYK,47,,,,,-0.8,
Paul Noel,1949-50,25,NYK,65,,,,,0.9,
Paul Noel,1950-51,26,ROC,52,,,,,-0.5,
Paul Noel,1951-52,27,ROC,8,32,2.3,,,-0.1,-0.092
Lucas Nogueira,2013-14,,Did not play - other pro league,,,,,,,
Lucas Nogueira,2014-15,22,TOR,6,23,5.2,-10.5,0.0,0.0,-0.071
Lucas Nogueira,2015-16,23,TOR,29,225,15.6,0.0,0.1,0.7,.154
Lucas Nogueira,2016-17,24,TOR,57,1088,15.5,2.0,1.1,3.7,.164
Lucas Nogueira,2017-18,25,TOR,49,418,17.3,5.2,0.8,1.6,.188
Jim Nolan,1949-50,22,PHW,5,,,,,-0.2,
Paul Nolen,1953-54,24,BLB,1,2,-20.5,,,0.0,-0.724
Jeff Nordgaard,1996-97,,Did not play - other pro league,,,,,,,
Jeff Nordgaard,1997-98,24,MIL,13,48,11.6,-3.7,0.0,0.0,.043
Bevo Nordmann,1961-62,22,CIN,58,344,9.6,,,0.1,.014
Bevo Nordmann,1962-63,23,2TM,53,1000,12.3,,,1.7,.083
Bevo Nordmann,1962-63,23,STL,27,271,10.5,,,0.5,.092
Bevo Nordmann,1962-63,23,NYK,26,729,13.0,,,1.2,.080
Bevo Nordmann,1963-64,24,2TM,19,259,5.8,,,0.0,.008
Bevo Nordmann,1963-64,24,NYK,7,106,9.5,,,0.2,.076
Bevo Nordmann,1963-64,24,STL,12,153,3.2,,,-0.1,-0.039
Bevo Nordmann,1964-65,25,BOS,3,25,13.0,,,0.1,.240
Johnny Norlander,1946-47,25,WSC,60,,,,,9.7,
Johnny Norlander,1947-48,26,WSC,48,,,,,5.8,
Johnny Norlander,1948-49,27,WSC,60,,,,,4.2,
Johnny Norlander,1949-50,28,WSC,40,,,,,0.6,
Johnny Norlander,1950-51,29,WSC,9,,,,,0.2,
Connie Norman,1974-75,21,PHI,12,72,19.4,-1.7,0.1,0.2,.120
Connie Norman,1975-76,22,PHI,65,818,12.7,-2.2,0.0,0.8,.046
Connie Norman,1976-77,,Did not play - waived,,,,,,,
Connie Norman,1977-78,,Did not play - waived,,,,,,,
Connie Norman,1978-79,25,SDC,22,323,11.9,-3.6,-0.1,0.2,.032
Ken Norman,1987-88,23,LAC,66,1435,11.2,-3.1,-0.4,0.6,.021
Ken Norman,1988-89,24,LAC,80,3020,15.4,-0.5,1.1,4.0,.064
Ken Norman,1989-90,25,LAC,70,2334,14.6,-0.9,0.6,2.9,.061
Ken Norman,1990-91,26,LAC,70,2309,16.4,0.5,1.5,4.8,.100
Ken Norman,1991-92,27,LAC,77,2009,15.3,0.0,1.0,4.0,.095
Ken Norman,1992-93,28,LAC,76,2477,15.7,-0.3,1.1,5.2,.101
Ken Norman,1993-94,29,MIL,82,2539,12.6,-2.3,-0.2,1.9,.036
Ken Norman,1994-95,30,ATL,74,1879,14.8,-1.1,0.4,3.2,.081
Ken Norman,1995-96,31,ATL,34,770,13.4,-1.0,0.2,1.1,.069
Ken Norman,1996-97,32,ATL,17,220,3.1,-9.2,-0.4,-0.6,-0.129
Audie Norris,1982-83,22,POR,30,311,5.0,-5.2,-0.3,-0.1,-0.022
Audie Norris,1983-84,23,POR,79,1157,8.7,-3.7,-0.5,1.1,.046
Audie Norris,1984-85,24,POR,78,1117,10.6,-3.2,-0.3,1.9,.083
Audie Norris,1985-86,,Did not play - other pro league,,,,,,,
Audie Norris,1986-87,,Did not play - other pro league,,,,,,,
Audie Norris,1987-88,,Did not play - other pro league,,,,,,,
Audie Norris,1988-89,,Did not play - other pro league,,,,,,,
Audie Norris,1989-90,,Did not play - other pro league,,,,,,,
Audie Norris,1990-91,,Did not play - other pro league,,,,,,,
Audie Norris,1991-92,,Did not play - other pro league,,,,,,,
Audie Norris,1992-93,,Did not play - other pro league,,,,,,,
Audie Norris,1993-94,,Did not play - other pro league,,,,,,,
Miles Norris,2024-25,24,BOS,3,35,8.5,-1.9,0.0,0.0,.049
Moochie Norris,1996-97,23,VAN,8,89,8.2,-5.9,-0.1,-0.1,-0.066
Moochie Norris,1997-98,,Did not play - other pro league,,,,,,,
Moochie Norris,1998-99,25,SEA,12,140,7.6,-4.3,-0.1,-0.2,-0.057
Moochie Norris,1999-00,26,HOU,30,502,18.4,1.7,0.5,1.7,.158
Moochie Norris,2000-01,27,HOU,82,1654,16.2,1.0,1.2,4.4,.126
Moochie Norris,2001-02,28,HOU,82,2249,13.1,-2.4,-0.2,1.8,.039
Moochie Norris,2002-03,29,HOU,82,1375,11.8,-1.5,0.2,1.7,.061
Moochie Norris,2003-04,30,2TM,66,847,10.9,-1.1,0.2,0.8,.045
Moochie Norris,2003-04,30,HOU,30,401,6.7,-3.0,-0.1,0.0,-0.005
Moochie Norris,2003-04,30,NYK,36,446,14.8,0.6,0.3,0.8,.091
Moochie Norris,2004-05,31,2TM,38,360,6.1,-6.6,-0.4,-0.4,-0.056
Moochie Norris,2004-05,31,NYK,32,321,6.8,-5.5,-0.3,-0.3,-0.043
Moochie Norris,2004-05,31,HOU,6,39,0.6,-15.8,-0.1,-0.1,-0.168
Moochie Norris,2005-06,32,2TM,45,424,10.1,-3.0,-0.1,0.3,.029
Moochie Norris,2005-06,32,HOU,29,241,10.4,-1.9,0.0,0.2,.046
Moochie Norris,2005-06,32,NOK,16,183,9.6,-4.3,-0.1,0.0,.006
Sylvester Norris,1979-80,22,SAS,17,189,3.3,-6.2,-0.3,-0.2,-0.055
Zach Norvell,2019-20,22,2TM,5,41,2.6,-8.4,-0.1,-0.1,-0.084
Zach Norvell,2019-20,22,LAL,2,5,-5.6,-12.8,0.0,0.0,-0.152
Zach Norvell,2019-20,22,GSW,3,36,3.7,-7.7,-0.1,-0.1,-0.075
Willie Norwood,1969-70,,Did not play - waived,,,,,,,
Willie Norwood,1970-71,,Did not play - other pro league,,,,,,,
Willie Norwood,1971-72,24,DET,78,1272,13.4,,,2.6,.097
Willie Norwood,1972-73,25,DET,79,1282,15.8,,,3.8,.141
Willie Norwood,1973-74,26,DET,74,1178,15.8,0.7,0.8,3.5,.144
Willie Norwood,1974-75,27,DET,24,347,17.3,0.3,0.2,1.1,.146
Willie Norwood,1975-76,28,SEA,64,1004,15.4,-0.2,0.5,3.0,.141
Willie Norwood,1976-77,29,SEA,76,1647,12.0,-1.3,0.3,3.3,.095
Willie Norwood,1977-78,30,2TM,35,611,8.2,-3.5,-0.3,0.5,.037
Willie Norwood,1977-78,30,DET,16,260,10.4,-2.3,0.0,0.4,.070
Willie Norwood,1977-78,30,POR,19,351,6.6,-4.4,-0.2,0.1,.012
George Nostrand,1946-47,23,2TM,61,,,,,2.0,
George Nostrand,1946-47,23,TRH,13,,,,,1.0,
George Nostrand,1946-47,23,CLR,48,,,,,1.0,
George Nostrand,1947-48,24,PRO,45,,,,,1.3,
George Nostrand,1948-49,25,2TM,60,,,,,2.0,
George Nostrand,1948-49,25,PRO,33,,,,,-0.1,
George Nostrand,1948-49,25,BOS,27,,,,,2.1,
George Nostrand,1949-50,26,3TM,55,,,,,0.4,
George Nostrand,1949-50,26,BOS,18,,,,,0.2,
George Nostrand,1949-50,26,TRI,1,,,,,0.1,
George Nostrand,1949-50,26,CHS,36,,,,,0.1,
Stan Noszka,1946-47,26,PIT,58,,,,,1.8,
Stan Noszka,1947-48,27,BOS,22,,,,,0.4,
Stan Noszka,1948-49,28,BOS,30,,,,,-0.2,
Mike Novak,1948-49,33,ROC,60,,,,,1.8,
Mike Novak,1949-50,34,2TM,60,,,,,0.6,
Mike Novak,1949-50,34,ROC,5,,,,,-0.1,
Mike Novak,1949-50,34,PHW,55,,,,,0.7,
Mike Novak,1950-51,,Did not play - other pro league,,,,,,,
Mike Novak,1951-52,,Did not play - other pro league,,,,,,,
Mike Novak,1952-53,,Did not play - other pro league,,,,,,,
Mike Novak,1953-54,38,SYR,5,24,-14.7,,,-0.2,-0.344
Steve Novak,2006-07,23,HOU,35,191,7.7,-1.5,0.0,0.4,.091
Steve Novak,2007-08,24,HOU,35,264,17.3,4.2,0.4,1.1,.196
Steve Novak,2008-09,25,LAC,71,1161,13.5,-0.4,0.5,2.2,.092
Steve Novak,2009-10,26,LAC,54,362,8.3,-3.7,-0.2,0.3,.043
Steve Novak,2010-11,27,2TM,30,215,17.8,4.8,0.4,0.9,.196
Steve Novak,2010-11,27,DAL,7,18,19.6,5.8,0.0,0.1,.205
Steve Novak,2010-11,27,SAS,23,197,17.7,4.7,0.3,0.8,.195
Steve Novak,2011-12,28,NYK,54,1020,15.9,4.1,1.6,3.9,.181
Steve Novak,2012-13,29,NYK,81,1641,11.3,0.1,0.9,4.0,.116
Steve Novak,2013-14,30,TOR,54,540,11.1,1.5,0.5,1.4,.127
Steve Novak,2014-15,31,2TM,35,197,8.6,-1.9,0.0,0.3,.075
Steve Novak,2014-15,31,UTA,22,109,14.5,2.4,0.1,0.4,.162
Steve Novak,2014-15,31,OKC,13,88,1.3,-7.2,-0.1,-0.1,-0.032
Steve Novak,2015-16,32,2TM,10,44,14.4,1.2,0.0,0.1,.121
Steve Novak,2015-16,32,OKC,7,24,20.8,5.2,0.0,0.1,.181
Steve Novak,2015-16,32,MIL,3,20,6.7,-3.6,0.0,0.0,.050
Steve Novak,2016-17,33,MIL,8,22,1.3,-11.2,-0.1,0.0,-0.075
Jaylen Nowell,2019-20,20,MIN,15,151,10.5,-3.8,-0.1,0.2,.051
Jaylen Nowell,2020-21,21,MIN,42,759,12.3,-2.8,-0.2,0.7,.044
Jaylen Nowell,2021-22,22,MIN,62,975,16.8,0.8,0.7,2.8,.138
Jaylen Nowell,2022-23,23,MIN,65,1252,13.7,-2.5,-0.2,1.2,.046
Jaylen Nowell,2023-24,24,2TM,13,214,9.2,-5.4,-0.2,0.1,.016
Jaylen Nowell,2023-24,24,MEM,9,156,6.7,-7.4,-0.2,0.0,-0.007
Jaylen Nowell,2023-24,24,DET,4,58,15.9,-0.1,0.0,0.1,.078
Jaylen Nowell,2024-25,25,NOP,8,168,7.5,-5.7,-0.2,-0.2,-0.069
Markquis Nowell,2023-24,24,TOR,1,4,55.5,43.3,0.0,0.1,.665
Mel Nowell,1962-63,23,CHZ,39,589,10.5,,,-0.1,-0.006
Mel Nowell,1963-64,,Did not play - other pro league,,,,,,,
Mel Nowell,1964-65,,Did not play - other pro league,,,,,,,
Mel Nowell,1965-66,,Did not play - other pro league,,,,,,,
Mel Nowell,1966-67,,Did not play - other pro league,,,,,,,
Mel Nowell,1967-68,28,NJA,76,1555,12.1,,,2.6,.081
Dirk Nowitzki,1998-99,20,DAL,47,958,12.8,-2.5,-0.1,0.8,.040
Dirk Nowitzki,1999-00,21,DAL,82,2938,17.5,1.6,2.6,8.1,.132
Dirk Nowitzki,2000-01,22,DAL,82,3125,22.8,5.4,5.9,14.6,.224
Dirk Nowitzki,2001-02,23,DAL,76,2891,24.1,5.5,5.5,13.4,.222
Dirk Nowitzki,2002-03,24,DAL,80,3117,25.6,7.2,7.3,16.1,.249
Dirk Nowitzki,2003-04,25,DAL,77,2915,22.5,3.8,4.3,11.5,.190
Dirk Nowitzki,2004-05,26,DAL,78,3020,26.1,7.3,7.1,15.6,.248
Dirk Nowitzki,2005-06,27,DAL,81,3089,28.1,8.1,7.9,17.7,.275
Dirk Nowitzki,2006-07,28,DAL,78,2820,27.6,8.3,7.4,16.3,.278
Dirk Nowitzki,2007-08,29,DAL,77,2769,24.6,6.6,6.0,12.9,.223
Dirk Nowitzki,2008-09,30,DAL,81,3050,23.1,3.4,4.2,10.9,.171
Dirk Nowitzki,2009-10,31,DAL,81,3039,22.9,4.2,4.7,12.3,.194
Dirk Nowitzki,2010-11,32,DAL,73,2504,23.4,5.1,4.5,11.1,.213
Dirk Nowitzki,2011-12,33,DAL,62,2079,21.7,3.7,3.0,7.6,.175
Dirk Nowitzki,2012-13,34,DAL,53,1661,19.8,3.1,2.2,5.0,.145
Dirk Nowitzki,2013-14,35,DAL,80,2628,23.6,5.0,4.7,10.9,.199
Dirk Nowitzki,2014-15,36,DAL,77,2282,19.2,2.2,2.4,7.2,.152
Dirk Nowitzki,2015-16,37,DAL,75,2364,19.0,2.5,2.7,6.8,.138
Dirk Nowitzki,2016-17,38,DAL,54,1424,17.0,0.8,1.0,2.5,.084
Dirk Nowitzki,2017-18,39,DAL,77,1900,16.7,2.3,2.1,4.8,.121
Dirk Nowitzki,2018-19,40,DAL,51,795,9.6,-3.9,-0.4,0.3,.016
Frank Ntilikina,2017-18,19,NYK,78,1706,7.0,-5.0,-1.3,-0.9,-0.026
Frank Ntilikina,2018-19,20,NYK,43,904,6.0,-6.0,-0.9,-0.8,-0.045
Frank Ntilikina,2019-20,21,NYK,57,1187,9.8,-3.2,-0.4,0.9,.037
Frank Ntilikina,2020-21,22,NYK,33,322,7.7,-1.7,0.0,0.5,.070
Frank Ntilikina,2021-22,23,DAL,58,685,10.4,-1.9,0.0,0.9,.065
Frank Ntilikina,2022-23,24,DAL,47,607,5.2,-6.7,-0.7,-0.1,-0.010
Frank Ntilikina,2023-24,25,CHO,5,43,0.0,-13.4,-0.1,-0.1,-0.099
Kendrick Nunn,2019-20,24,MIA,67,1962,12.9,-2.3,-0.1,2.0,.049
Kendrick Nunn,2020-21,25,MIA,56,1650,14.2,-0.5,0.6,2.9,.084
Kendrick Nunn,2021-22,,Did not play - injury,,,,,,,
Kendrick Nunn,2022-23,27,2TM,70,964,11.1,-3.5,-0.4,0.2,.008
Kendrick Nunn,2022-23,27,LAL,39,528,8.7,-5.0,-0.4,-0.2,-0.021
Kendrick Nunn,2022-23,27,WAS,31,436,14.1,-1.6,0.0,0.4,.043
Kendrick Nunn,2023-24,,Did not play - other pro league,,,,,,,
James Nunnally,2013-14,23,2TM,13,165,6.1,-5.4,-0.1,-0.1,-0.021
James Nunnally,2013-14,23,ATL,4,54,6.2,-6.6,-0.1,-0.1,-0.055
James Nunnally,2013-14,23,PHI,9,111,6.1,-4.7,-0.1,0.0,-0.005
James Nunnally,2014-15,,Did not play - other pro league,,,,,,,
James Nunnally,2015-16,,Did not play - other pro league,,,,,,,
James Nunnally,2016-17,,Did not play - other pro league,,,,,,,
James Nunnally,2017-18,,Did not play - other pro league,,,,,,,
James Nunnally,2018-19,28,2TM,15,102,7.3,-4.8,-0.1,0.1,.035
James Nunnally,2018-19,28,MIN,13,64,12.1,0.1,0.0,0.1,.097
James Nunnally,2018-19,28,HOU,2,38,-0.8,-13.0,-0.1,-0.1,-0.068
James Nunnally,2019-20,,Did not play - other pro league,,,,,,,
James Nunnally,2020-21,30,NOP,9,48,8.3,-2.7,0.0,0.0,.031
Jusuf Nurkić,2014-15,20,DEN,62,1103,14.8,-2.8,-0.2,1.6,.069
Jusuf Nurkić,2015-16,21,DEN,32,547,15.9,-2.9,-0.1,0.4,.031
Jusuf Nurkić,2016-17,22,2TM,65,1391,17.5,-0.9,0.4,2.0,.068
Jusuf Nurkić,2016-17,22,DEN,45,807,15.0,-2.1,0.0,0.6,.034
Jusuf Nurkić,2016-17,22,POR,20,584,21.1,0.9,0.4,1.4,.116
Jusuf Nurkić,2017-18,23,POR,79,2088,19.2,0.0,1.1,4.7,.108
Jusuf Nurkić,2018-19,24,POR,72,1974,23.4,3.7,2.8,7.8,.189
Jusuf Nurkić,2019-20,25,POR,8,253,22.6,2.0,0.2,0.9,.164
Jusuf Nurkić,2020-21,26,POR,37,880,20.5,2.5,1.0,2.4,.133
Jusuf Nurkić,2021-22,27,POR,56,1579,20.0,0.3,0.9,3.6,.110
Jusuf Nurkić,2022-23,28,POR,52,1391,17.3,0.1,0.7,2.7,.092
Jusuf Nurkić,2023-24,29,PHO,76,2078,17.4,1.1,1.6,5.8,.133
Jusuf Nurkić,2024-25,30,2TM,51,1063,15.2,-1.3,0.2,1.5,.066
Jusuf Nurkić,2024-25,30,PHO,25,592,12.6,-3.4,-0.2,0.5,.039
Jusuf Nurkić,2024-25,30,CHO,26,471,18.4,1.2,0.4,1.0,.099
Dennis Nutt,1986-87,23,DAL,25,91,20.0,2.4,0.1,0.3,.156
David Nwaba,2016-17,24,LAL,20,397,12.2,-2.2,0.0,0.8,.091
David Nwaba,2017-18,25,CHI,70,1646,12.2,-2.5,-0.2,2.4,.071
David Nwaba,2018-19,26,CLE,51,984,12.5,-2.1,0.0,1.4,.069
David Nwaba,2019-20,27,BRK,20,268,14.0,1.1,0.2,0.8,.138
David Nwaba,2020-21,28,HOU,30,679,14.4,-0.8,0.2,1.3,.094
David Nwaba,2021-22,29,HOU,46,609,15.3,-0.6,0.2,1.3,.105
Jordan Nwora,2020-21,22,MIL,30,274,16.1,-1.1,0.1,0.4,.068
Jordan Nwora,2021-22,23,MIL,62,1185,9.9,-4.1,-0.6,0.6,.025
Jordan Nwora,2022-23,24,2TM,62,1188,12.2,-2.1,0.0,1.5,.060
Jordan Nwora,2022-23,24,MIL,38,597,10.0,-2.4,0.0,0.7,.057
Jordan Nwora,2022-23,24,IND,24,591,14.4,-1.8,0.0,0.8,.064
Jordan Nwora,2023-24,25,2TM,52,712,13.7,-2.5,-0.1,0.5,.034
Jordan Nwora,2023-24,25,IND,18,183,12.2,-4.0,-0.1,0.1,.030
Jordan Nwora,2023-24,25,TOR,34,529,14.2,-2.0,0.0,0.4,.035
Julius Nwosu,1994-95,23,SAS,23,84,6.8,-9.4,-0.2,0.0,-0.009
Charles O'Bannon,1997-98,22,DET,30,234,10.5,-2.1,0.0,0.2,.048
Charles O'Bannon,1998-99,23,DET,18,165,13.3,-2.0,0.0,0.3,.100
Ed O'Bannon,1995-96,23,NJN,64,1253,9.2,-3.4,-0.4,0.7,.026
Ed O'Bannon,1996-97,24,2TM,64,809,9.0,-3.6,-0.3,0.4,.024
Ed O'Bannon,1996-97,24,NJN,45,634,10.2,-2.4,-0.1,0.7,.057
Ed O'Bannon,1996-97,24,DAL,19,175,4.7,-7.8,-0.3,-0.3,-0.095
John O'Boyle,1952-53,24,MLH,5,97,3.4,,,0.0,-0.008
J.J. O'Brien,2015-16,23,UTA,2,6,1.3,-6.2,0.0,0.0,-0.028
Jim O'Brien,1973-74,22,NYA,11,54,22.0,-2.4,0.1,0.1,.076
Jim O'Brien,1974-75,23,MMS,47,611,14.0,0.3,0.4,0.3,.022
Jimmy O'Brien,1971-72,21,2TM,84,1778,8.1,,,1.4,.038
Jimmy O'Brien,1971-72,21,PTC,18,354,6.8,,,0.0,-0.006
Jimmy O'Brien,1971-72,21,KEN,66,1424,8.4,,,1.5,.050
Jimmy O'Brien,1972-73,22,KEN,68,1014,11.0,,,1.0,.046
Jimmy O'Brien,1973-74,23,2TM,72,1320,13.0,-1.1,0.3,1.4,.052
Jimmy O'Brien,1973-74,23,KEN,46,761,12.6,-0.9,0.2,1.0,.062
Jimmy O'Brien,1973-74,23,SDA,26,559,13.4,-1.4,0.1,0.5,.039
Jimmy O'Brien,1974-75,24,SDA,79,2036,10.1,-3.6,-0.8,0.2,.004
Ralph O'Brien,1950-51,,Did not play - other pro league,,,,,,,
Ralph O'Brien,1951-52,23,INO,64,1577,12.8,,,2.6,.079
Ralph O'Brien,1952-53,24,3TM,55,758,11.9,,,0.5,.034
Ralph O'Brien,1952-53,24,INO,34,526,11.7,,,0.3,.024
Ralph O'Brien,1952-53,24,FTW,7,50,11.6,,,0.1,.071
Ralph O'Brien,1952-53,24,BLB,14,182,12.6,,,0.2,.055
Johnny O'Bryant,2014-15,21,MIL,34,368,3.8,-9.5,-0.7,-0.5,-0.063
Johnny O'Bryant,2015-16,22,MIL,66,857,7.4,-5.9,-0.8,0.3,.014
Johnny O'Bryant,2016-17,23,2TM,11,80,14.9,-2.4,0.0,0.1,.088
Johnny O'Bryant,2016-17,23,DEN,7,46,14.4,-1.6,0.0,0.1,.096
Johnny O'Bryant,2016-17,23,CHO,4,34,15.5,-3.5,0.0,0.1,.078
Johnny O'Bryant,2017-18,24,CHO,36,379,11.9,-4.4,-0.2,0.3,.038
Patrick O'Bryant,2006-07,20,GSW,16,119,7.3,-4.6,-0.1,0.0,-0.003
Patrick O'Bryant,2007-08,21,GSW,24,99,14.0,-3.9,0.0,0.2,.105
Patrick O'Bryant,2008-09,22,2TM,39,255,11.8,-4.4,-0.2,0.3,.056
Patrick O'Bryant,2008-09,22,BOS,26,108,9.5,-5.6,-0.1,0.1,.025
Patrick O'Bryant,2008-09,22,TOR,13,147,13.5,-3.5,-0.1,0.2,.079
Patrick O'Bryant,2009-10,23,TOR,11,51,9.9,-6.6,-0.1,0.0,-0.009
Dermie O'Connell,1948-49,20,BOS,21,,,,,-0.6,
Dermie O'Connell,1949-50,21,2TM,61,,,,,-2.5,
Dermie O'Connell,1949-50,21,BOS,37,,,,,-1.3,
Dermie O'Connell,1949-50,21,STB,24,,,,,-1.2,
Andy O'Donnell,1949-50,24,BLB,25,,,,,0.3,
Buddy O'Grady,1946-47,27,WSC,55,,,,,1.4,
Buddy O'Grady,1947-48,28,STB,44,,,,,0.7,
Buddy O'Grady,1948-49,29,2TM,47,,,,,-0.5,
Buddy O'Grady,1948-49,29,STB,30,,,,,-0.1,
Buddy O'Grady,1948-49,29,PRO,17,,,,,-0.4,
Fran O'Hanlon,1970-71,22,FLO,14,101,-5.2,,,0.0,-0.004
Dick O'Keefe,1947-48,24,WSC,37,,,,,0.5,
Dick O'Keefe,1948-49,25,WSC,50,,,,,-0.1,
Dick O'Keefe,1949-50,26,WSC,68,,,,,2.1,
Dick O'Keefe,1950-51,27,WSC,17,,,,,-0.8,
Tommy O'Keefe,1950-51,22,2TM,6,,,,,0.1,
Tommy O'Keefe,1950-51,22,WSC,3,,,,,0.0,
Tommy O'Keefe,1950-51,22,BLB,3,,,,,0.0,
Mike O'Koren,1980-81,22,NJN,79,2473,12.6,-0.4,1.0,3.8,.075
Mike O'Koren,1981-82,23,NJN,80,2018,13.6,0.1,1.1,4.1,.098
Mike O'Koren,1982-83,24,NJN,46,803,13.4,1.3,0.7,2.0,.118
Mike O'Koren,1983-84,25,NJN,73,1191,10.0,-2.2,0.0,1.5,.062
Mike O'Koren,1984-85,26,NJN,43,1119,12.4,-0.5,0.4,1.9,.081
Mike O'Koren,1985-86,27,NJN,67,1031,9.9,-1.7,0.1,1.2,.057
Mike O'Koren,1986-87,28,WSB,15,123,5.8,-5.5,-0.1,-0.1,-0.034
Mike O'Koren,1987-88,29,NJN,4,52,13.7,3.1,0.1,0.1,.082
Grady O'Malley,1969-70,21,ATL,24,113,8.6,,,-0.3,-0.136
Jermaine O'Neal,1996-97,18,POR,45,458,13.7,-3.5,-0.2,0.8,.087
Jermaine O'Neal,1997-98,19,POR,60,808,12.7,-3.0,-0.2,1.2,.073
Jermaine O'Neal,1998-99,20,POR,36,311,13.6,-2.1,0.0,0.8,.125
Jermaine O'Neal,1999-00,21,POR,70,859,13.3,-2.5,-0.1,2.1,.117
Jermaine O'Neal,2000-01,22,IND,81,2641,17.5,0.3,1.5,6.4,.116
Jermaine O'Neal,2001-02,23,IND,72,2707,18.1,0.2,1.5,6.4,.113
Jermaine O'Neal,2002-03,24,IND,77,2864,21.4,2.9,3.5,10.5,.177
Jermaine O'Neal,2003-04,25,IND,78,2788,21.1,2.4,3.1,9.0,.155
Jermaine O'Neal,2004-05,26,IND,44,1530,22.9,1.8,1.5,3.8,.118
Jermaine O'Neal,2005-06,27,IND,51,1802,20.4,2.3,2.0,4.9,.131
Jermaine O'Neal,2006-07,28,IND,69,2459,18.8,0.8,1.7,4.7,.091
Jermaine O'Neal,2007-08,29,IND,42,1206,14.4,-1.8,0.1,0.9,.035
Jermaine O'Neal,2008-09,30,2TM,68,2027,15.4,-1.5,0.3,2.6,.060
Jermaine O'Neal,2008-09,30,TOR,41,1216,15.4,-1.3,0.2,1.4,.055
Jermaine O'Neal,2008-09,30,MIA,27,811,15.5,-1.7,0.1,1.2,.069
Jermaine O'Neal,2009-10,31,MIA,70,1991,17.9,-0.1,1.0,5.6,.135
Jermaine O'Neal,2010-11,32,BOS,24,431,9.2,-4.2,-0.2,0.6,.065
Jermaine O'Neal,2011-12,33,BOS,25,570,9.4,-2.5,-0.1,1.1,.091
Jermaine O'Neal,2012-13,34,PHO,55,1029,16.7,-1.3,0.2,2.0,.092
Jermaine O'Neal,2013-14,35,GSW,44,883,15.3,-1.4,0.1,2.7,.146
Shaquille O'Neal,1992-93,20,ORL,81,3071,22.9,3.5,4.3,10.4,.163
Shaquille O'Neal,1993-94,21,ORL,81,3224,28.5,6.8,7.2,16.9,.252
Shaquille O'Neal,1994-95,22,ORL,79,2923,28.6,5.8,5.7,14.0,.230
Shaquille O'Neal,1995-96,23,ORL,54,1946,26.4,3.7,2.8,6.9,.171
Shaquille O'Neal,1996-97,24,LAL,51,1941,27.1,6.5,4.1,8.0,.197
Shaquille O'Neal,1997-98,25,LAL,60,2175,28.8,5.8,4.3,10.2,.224
Shaquille O'Neal,1998-99,26,LAL,49,1705,30.6,7.1,3.9,9.0,.255
Shaquille O'Neal,1999-00,27,LAL,79,3163,30.6,9.3,9.0,18.6,.283
Shaquille O'Neal,2000-01,28,LAL,74,2924,30.2,7.7,7.1,14.9,.245
Shaquille O'Neal,2001-02,29,LAL,67,2422,29.7,8.0,6.1,13.2,.262
Shaquille O'Neal,2002-03,30,LAL,67,2535,29.5,6.5,5.5,13.2,.250
Shaquille O'Neal,2003-04,31,LAL,67,2464,24.4,4.8,4.1,9.9,.192
Shaquille O'Neal,2004-05,32,MIA,73,2492,27.0,5.3,4.6,11.0,.211
Shaquille O'Neal,2005-06,33,MIA,59,1806,24.4,2.7,2.1,6.2,.164
Shaquille O'Neal,2006-07,34,MIA,40,1135,21.7,1.7,1.1,2.8,.119
Shaquille O'Neal,2007-08,35,2TM,61,1748,17.1,-1.1,0.4,2.8,.078
Shaquille O'Neal,2007-08,35,MIA,33,945,17.7,-1.5,0.1,1.2,.059
Shaquille O'Neal,2007-08,35,PHO,28,803,16.5,-0.6,0.3,1.7,.100
Shaquille O'Neal,2008-09,36,PHO,75,2252,22.3,1.7,2.1,7.8,.166
Shaquille O'Neal,2009-10,37,CLE,53,1240,17.9,-0.2,0.6,3.1,.119
Shaquille O'Neal,2010-11,38,BOS,37,752,17.4,0.3,0.4,2.7,.174
Royce O'Neale,2017-18,24,UTA,69,1150,10.8,-0.2,0.5,2.4,.099
Royce O'Neale,2018-19,25,UTA,82,1671,9.0,-0.5,0.6,3.3,.094
Royce O'Neale,2019-20,26,UTA,71,2049,9.5,0.9,1.5,4.3,.101
Royce O'Neale,2020-21,27,UTA,71,2241,9.9,1.0,1.7,5.6,.121
Royce O'Neale,2021-22,28,UTA,77,2406,10.3,0.8,1.7,5.5,.109
Royce O'Neale,2022-23,29,BRK,76,2409,9.2,-1.1,0.5,2.9,.057
Royce O'Neale,2023-24,30,2TM,79,1954,11.1,0.0,1.0,3.4,.085
Royce O'Neale,2023-24,30,BRK,49,1202,10.4,-0.7,0.4,1.8,.070
Royce O'Neale,2023-24,30,PHO,30,752,12.3,1.3,0.6,1.7,.108
Royce O'Neale,2024-25,31,PHO,75,1837,12.6,0.1,1.0,2.8,.073
Mike O'Neill,1952-53,24,MLH,4,50,4.6,,,-0.1,-0.064
Kyle O'Quinn,2012-13,22,ORL,57,638,15.8,-1.6,0.1,1.4,.107
Kyle O'Quinn,2013-14,23,ORL,69,1188,16.5,-0.3,0.5,2.5,.101
Kyle O'Quinn,2014-15,24,ORL,51,824,14.8,-0.3,0.4,1.6,.091
Kyle O'Quinn,2015-16,25,NYK,65,764,17.5,0.4,0.5,1.6,.103
Kyle O'Quinn,2016-17,26,NYK,79,1229,20.5,1.9,1.2,3.9,.151
Kyle O'Quinn,2017-18,27,NYK,77,1387,20.0,3.1,1.8,4.8,.166
Kyle O'Quinn,2018-19,28,IND,45,371,16.8,0.4,0.2,1.0,.125
Kyle O'Quinn,2019-20,29,PHI,29,313,18.6,3.0,0.4,1.1,.165
Kevin O'Shea,1950-51,25,MNL,63,,,,,2.1,
Kevin O'Shea,1951-52,26,2TM,65,1725,10.4,,,1.2,.033
Kevin O'Shea,1951-52,26,MLH,43,1077,8.7,,,-0.1,-0.004
Kevin O'Shea,1951-52,26,BLB,22,648,13.3,,,1.3,.096
Kevin O'Shea,1952-53,27,BLB,46,643,12.3,,,0.5,.035
Garland O'Shields,1946-47,25,CHS,9,,,,,-0.1,
Dan O'Sullivan,1990-91,22,UTA,21,85,6.0,-6.5,-0.1,0.1,.062
Dan O'Sullivan,1991-92,,Did not play - other pro league,,,,,,,
Dan O'Sullivan,1992-93,24,2TM,6,17,24.4,3.6,0.0,0.1,.341
Dan O'Sullivan,1992-93,24,NJN,3,10,20.4,-0.8,0.0,0.1,.242
Dan O'Sullivan,1992-93,24,MIL,3,7,30.3,10.0,0.0,0.1,.483
Dan O'Sullivan,1993-94,25,DET,13,56,6.6,-7.8,-0.1,0.0,.017
Dan O'Sullivan,1994-95,,Did not play - other pro league,,,,,,,
Dan O'Sullivan,1995-96,27,TOR,5,139,8.4,-8.1,-0.2,0.0,.008
Charles Oakley,1985-86,22,CHI,77,1772,16.5,-0.4,0.7,3.3,.090
Charles Oakley,1986-87,23,CHI,82,2980,14.2,-2.0,0.0,3.5,.056
Charles Oakley,1987-88,24,CHI,82,2816,15.4,-0.6,1.0,6.7,.114
Charles Oakley,1988-89,25,NYK,82,2604,14.8,-0.4,1.0,5.7,.106
Charles Oakley,1989-90,26,NYK,61,2196,15.9,-0.3,0.9,6.0,.131
Charles Oakley,1990-91,27,NYK,76,2739,13.6,-1.0,0.7,6.2,.109
Charles Oakley,1991-92,28,NYK,82,2309,11.3,-0.4,0.9,5.7,.119
Charles Oakley,1992-93,29,NYK,82,2230,12.6,0.7,1.5,7.3,.157
Charles Oakley,1993-94,30,NYK,82,2932,15.3,1.6,2.6,10.5,.172
Charles Oakley,1994-95,31,NYK,50,1567,14.3,0.7,1.0,4.5,.138
Charles Oakley,1995-96,32,NYK,53,1775,15.1,0.9,1.3,5.6,.150
Charles Oakley,1996-97,33,NYK,80,2873,14.2,1.7,2.7,8.9,.149
Charles Oakley,1997-98,34,NYK,79,2734,13.1,1.0,2.1,7.0,.122
Charles Oakley,1998-99,35,TOR,50,1633,10.8,-2.2,-0.1,2.1,.062
Charles Oakley,1999-00,36,TOR,80,2431,10.1,-2.2,-0.1,2.2,.044
Charles Oakley,2000-01,37,TOR,78,2767,11.6,-1.4,0.4,3.7,.065
Charles Oakley,2001-02,38,CHI,57,1383,6.6,-5.1,-1.1,-0.5,-0.016
Charles Oakley,2002-03,39,WAS,42,514,8.3,-2.7,-0.1,0.9,.088
Charles Oakley,2003-04,40,HOU,7,25,8.1,-4.7,0.0,0.1,.147
Fabricio Oberto,1997-98,,Did not play - other pro league,,,,,,,
Fabricio Oberto,1998-99,,Did not play - other pro league,,,,,,,
Fabricio Oberto,1999-00,,Did not play - other pro league,,,,,,,
Fabricio Oberto,2000-01,,Did not play - other pro league,,,,,,,
Fabricio Oberto,2001-02,,Did not play - other pro league,,,,,,,
Fabricio Oberto,2002-03,,Did not play - other pro league,,,,,,,
Fabricio Oberto,2003-04,,Did not play - other pro league,,,,,,,
Fabricio Oberto,2004-05,,Did not play - other pro league,,,,,,,
Fabricio Oberto,2005-06,30,SAS,59,490,9.3,-3.2,-0.2,1.1,.105
Fabricio Oberto,2006-07,31,SAS,79,1365,11.9,-1.3,0.2,4.1,.144
Fabricio Oberto,2007-08,32,SAS,82,1644,13.8,0.4,1.0,6.1,.178
Fabricio Oberto,2008-09,33,SAS,54,677,10.6,-2.2,0.0,1.7,.119
Fabricio Oberto,2009-10,34,WAS,57,650,5.7,-4.4,-0.4,0.6,.047
Fabricio Oberto,2010-11,35,POR,5,45,0.8,-10.3,-0.1,0.0,-0.012
Daniel Ochefu,2016-17,23,WAS,19,75,6.6,-8.4,-0.1,0.0,.005
Greg Oden,2007-08,,Did not play - injury,,,,,,,
Greg Oden,2008-09,21,POR,61,1314,18.1,-1.1,0.3,4.6,.167
Greg Oden,2009-10,22,POR,21,502,23.1,3.5,0.7,2.2,.214
Greg Oden,2010-11,,Did not play - injury,,,,,,,
Greg Oden,2011-12,,Did not play - injury,,,,,,,
Greg Oden,2012-13,,Did not play - injury,,,,,,,
Greg Oden,2013-14,26,MIA,23,212,12.4,-4.8,-0.1,0.5,.119
Lamar Odom,1999-00,20,LAC,76,2767,16.8,0.6,1.8,3.2,.055
Lamar Odom,2000-01,21,LAC,76,2836,18.9,4.0,4.3,6.5,.111
Lamar Odom,2001-02,22,LAC,29,999,13.7,1.3,0.8,0.7,.033
Lamar Odom,2002-03,23,LAC,49,1679,14.6,-0.3,0.7,2.2,.062
Lamar Odom,2003-04,24,MIA,80,3003,18.5,2.9,3.8,8.4,.134
Lamar Odom,2004-05,25,LAL,64,2320,17.3,1.4,2.0,4.7,.098
Lamar Odom,2005-06,26,LAL,80,3221,17.0,2.7,3.9,9.2,.137
Lamar Odom,2006-07,27,LAL,56,2202,16.1,1.1,1.7,4.7,.102
Lamar Odom,2007-08,28,LAL,77,2921,16.9,2.3,3.2,9.7,.159
Lamar Odom,2008-09,29,LAL,78,2316,16.6,2.0,2.4,6.9,.143
Lamar Odom,2009-10,30,LAL,82,2585,15.9,2.5,2.9,7.7,.143
Lamar Odom,2010-11,31,LAL,82,2639,19.4,3.5,3.7,10.1,.184
Lamar Odom,2011-12,32,DAL,50,1027,9.2,-3.1,-0.3,0.3,.014
Lamar Odom,2012-13,33,LAC,82,1616,10.9,-0.7,0.6,2.7,.081
Bud Ogden,1969-70,23,PHI,47,357,14.2,,,0.7,.100
Bud Ogden,1970-71,24,PHI,27,133,11.4,,,0.0,-0.003
Ralph Ogden,1970-71,23,SFW,32,162,2.5,,,-0.7,-0.208
Alan Ogg,1990-91,23,MIA,31,261,7.4,-5.2,-0.2,0.3,.053
Alan Ogg,1991-92,24,MIA,43,367,9.8,-5.0,-0.3,0.5,.063
Alan Ogg,1992-93,25,2TM,6,29,15.7,-1.8,0.0,0.0,.020
Alan Ogg,1992-93,25,MIL,3,26,9.6,-3.7,0.0,0.0,-0.035
Alan Ogg,1992-93,25,WSB,3,3,67.9,15.0,0.0,0.0,.497
Don Ohl,1958-59,,Did not play - other pro league,,,,,,,
Don Ohl,1959-60,,Did not play - other pro league,,,,,,,
Don Ohl,1960-61,24,DET,79,2172,11.7,,,1.2,.026
Don Ohl,1961-62,25,DET,77,2526,13.9,,,4.5,.085
Don Ohl,1962-63,26,DET,80,2961,13.6,,,4.1,.067
Don Ohl,1963-64,27,DET,71,2366,12.2,,,0.8,.017
Don Ohl,1964-65,28,BAL,77,2821,13.5,,,3.9,.066
Don Ohl,1965-66,29,BAL,73,2645,14.9,,,5.1,.092
Don Ohl,1966-67,30,BAL,58,2024,15.3,,,4.4,.104
Don Ohl,1967-68,31,2TM,70,1919,13.0,,,3.2,.079
Don Ohl,1967-68,31,BAL,39,1096,13.4,,,1.6,.069
Don Ohl,1967-68,31,STL,31,823,12.5,,,1.6,.093
Don Ohl,1968-69,32,ATL,76,1995,11.5,,,1.9,.046
Don Ohl,1969-70,33,ATL,66,984,10.5,,,1.2,.057
Tim Ohlbrecht,2012-13,24,HOU,3,12,-6.1,-17.2,0.0,-0.1,-0.369
Semi Ojeleye,2017-18,23,BOS,73,1150,4.6,-4.7,-0.8,1.2,.048
Semi Ojeleye,2018-19,24,BOS,56,594,8.5,-4.0,-0.3,0.7,.057
Semi Ojeleye,2019-20,25,BOS,69,1011,7.7,-1.7,0.1,1.9,.088
Semi Ojeleye,2020-21,26,BOS,56,950,8.3,-2.4,-0.1,1.2,.063
Semi Ojeleye,2021-22,27,2TM,30,406,6.7,-5.7,-0.4,0.2,.029
Semi Ojeleye,2021-22,27,MIL,20,308,5.0,-6.6,-0.4,0.1,.011
Semi Ojeleye,2021-22,27,LAC,10,98,12.0,-3.1,0.0,0.2,.086
Emeka Okafor,2004-05,22,CHA,73,2600,16.3,-2.0,0.0,4.0,.074
Emeka Okafor,2005-06,23,CHA,26,874,14.9,-2.1,0.0,1.0,.054
Emeka Okafor,2006-07,24,CHA,67,2329,20.1,2.1,2.4,7.1,.147
Emeka Okafor,2007-08,25,CHA,82,2718,17.4,-1.1,0.6,5.8,.103
Emeka Okafor,2008-09,26,CHA,82,2691,18.0,0.2,1.5,8.2,.147
Emeka Okafor,2009-10,27,NOH,82,2370,16.5,-1.2,0.4,5.5,.111
Emeka Okafor,2010-11,28,NOH,72,2287,16.0,-0.4,0.9,6.5,.136
Emeka Okafor,2011-12,29,NOH,27,781,15.1,-0.5,0.3,1.7,.103
Emeka Okafor,2012-13,30,WAS,79,2052,15.8,-0.7,0.7,4.5,.104
Emeka Okafor,2013-14,,Did not play - injury,,,,,,,
Emeka Okafor,2014-15,,Did not play - injury,,,,,,,
Emeka Okafor,2015-16,,Did not play - injury,,,,,,,
Emeka Okafor,2016-17,,Did not play - injury,,,,,,,
Emeka Okafor,2017-18,35,NOP,26,353,16.4,-1.2,0.1,1.0,.140
Jahlil Okafor,2015-16,20,PHI,53,1591,17.1,-2.3,-0.1,1.2,.037
Jahlil Okafor,2016-17,21,PHI,50,1134,14.8,-2.5,-0.1,1.2,.050
Jahlil Okafor,2017-18,22,2TM,28,353,15.3,-1.7,0.0,0.6,.083
Jahlil Okafor,2017-18,22,PHI,2,25,8.8,-6.3,0.0,0.0,.005
Jahlil Okafor,2017-18,22,BRK,26,328,15.8,-1.4,0.0,0.6,.089
Jahlil Okafor,2018-19,23,NOP,59,935,17.9,-1.5,0.1,2.2,.115
Jahlil Okafor,2019-20,24,NOP,30,467,18.3,-0.2,0.2,1.3,.133
Jahlil Okafor,2020-21,25,DET,27,347,13.1,-3.2,-0.1,0.6,.082
Jahlil Okafor,2024-25,29,IND,1,3,13.8,7.5,0.0,0.0,.196
Chuma Okeke,2019-20,,Did not play - injury,,,,,,,
Chuma Okeke,2020-21,22,ORL,45,1133,11.8,-1.5,0.1,1.3,.056
Chuma Okeke,2021-22,23,ORL,70,1749,12.0,-0.1,0.8,2.2,.060
Chuma Okeke,2022-23,24,ORL,27,518,9.1,-1.6,0.1,0.7,.061
Chuma Okeke,2023-24,25,ORL,47,432,6.9,-3.4,-0.2,0.3,.029
Chuma Okeke,2024-25,26,2TM,9,196,15.3,-0.2,0.1,0.6,.145
Chuma Okeke,2024-25,26,PHI,7,171,16.5,0.3,0.1,0.6,.162
Chuma Okeke,2024-25,26,CLE,2,25,6.8,-4.1,0.0,0.0,.028
Elie Okobo,2018-19,21,PHO,53,958,7.6,-5.7,-0.9,-0.5,-0.027
Elie Okobo,2019-20,22,PHO,55,719,10.6,-1.9,0.0,1.0,.067
Josh Okogie,2018-19,20,MIN,74,1757,9.4,-3.1,-0.5,1.2,.034
Josh Okogie,2019-20,21,MIN,62,1547,11.5,-2.4,-0.2,2.2,.068
Josh Okogie,2020-21,22,MIN,59,1197,9.1,-3.3,-0.4,1.3,.051
Josh Okogie,2021-22,23,MIN,49,516,9.0,-2.7,-0.1,0.7,.062
Josh Okogie,2022-23,24,PHO,72,1350,13.3,-0.2,0.6,2.8,.101
Josh Okogie,2023-24,25,PHO,60,960,12.0,-0.5,0.4,2.1,.104
Josh Okogie,2024-25,26,2TM,40,625,16.3,1.5,0.6,1.3,.100
Josh Okogie,2024-25,26,PHO,25,351,15.8,0.4,0.2,0.7,.092
Josh Okogie,2024-25,26,CHO,15,274,16.8,3.1,0.4,0.6,.110
Onyeka Okongwu,2020-21,20,ATL,50,601,16.8,-1.4,0.1,1.9,.155
Onyeka Okongwu,2021-22,21,ATL,48,992,19.8,0.8,0.7,4.2,.202
Onyeka Okongwu,2022-23,22,ATL,80,1849,19.4,0.8,1.3,7.1,.185
Onyeka Okongwu,2023-24,23,ATL,55,1405,16.9,-0.4,0.5,4.5,.153
Onyeka Okongwu,2024-25,24,ATL,74,2064,19.0,1.3,1.7,7.2,.168
Isaac Okoro,2020-21,20,CLE,67,2173,7.9,-5.1,-1.7,0.9,.020
Isaac Okoro,2021-22,21,CLE,67,1981,10.4,-1.7,0.1,4.2,.103
Isaac Okoro,2022-23,22,CLE,76,1652,10.7,-0.3,0.7,4.2,.122
Isaac Okoro,2023-24,23,CLE,69,1887,11.4,-1.1,0.4,4.2,.106
Isaac Okoro,2024-25,24,CLE,55,1053,10.7,-0.5,0.4,2.5,.115
KZ Okpala,2019-20,20,MIA,5,26,13.7,2.4,0.0,0.1,.118
KZ Okpala,2020-21,21,MIA,37,447,5.2,-7.1,-0.6,0.1,.015
KZ Okpala,2021-22,22,MIA,21,244,10.4,-2.8,-0.1,0.5,.097
KZ Okpala,2022-23,23,SAC,35,248,6.2,-3.2,-0.1,0.3,.057
KZ Okpala,2023-24,,Did not play - waived,,,,,,,
Mehmet Okur,2001-02,,Did not play - other pro league,,,,,,,
Mehmet Okur,2002-03,23,DET,72,1366,14.8,-0.5,0.5,3.8,.134
Mehmet Okur,2003-04,24,DET,71,1580,18.3,1.5,1.4,5.9,.179
Mehmet Okur,2004-05,25,UTA,82,2304,18.9,2.0,2.3,7.0,.147
Mehmet Okur,2005-06,26,UTA,82,2945,19.0,1.6,2.7,9.3,.152
Mehmet Okur,2006-07,27,UTA,80,2664,18.1,2.2,2.8,8.8,.158
Mehmet Okur,2007-08,28,UTA,72,2390,15.2,0.8,1.7,6.7,.134
Mehmet Okur,2008-09,29,UTA,72,2409,17.5,1.3,2.0,7.4,.148
Mehmet Okur,2009-10,30,UTA,73,2149,15.6,0.5,1.4,5.6,.126
Mehmet Okur,2010-11,31,UTA,13,168,12.6,-2.8,0.0,0.2,.048
Mehmet Okur,2011-12,32,NJN,17,454,8.4,-4.5,-0.3,0.0,-0.004
Victor Oladipo,2013-14,21,ORL,80,2487,13.6,-1.4,0.3,1.3,.026
Victor Oladipo,2014-15,22,ORL,72,2573,15.9,-0.4,1.1,3.5,.065
Victor Oladipo,2015-16,23,ORL,72,2379,16.7,1.7,2.3,4.9,.099
Victor Oladipo,2016-17,24,OKC,67,2222,13.6,-0.5,0.8,4.0,.085
Victor Oladipo,2017-18,25,IND,75,2552,23.1,5.8,5.0,8.2,.155
Victor Oladipo,2018-19,26,IND,36,1147,17.6,2.9,1.4,2.3,.097
Victor Oladipo,2019-20,27,IND,19,528,11.3,-3.3,-0.2,0.0,.002
Victor Oladipo,2020-21,28,3TM,33,1080,14.3,-1.7,0.1,0.4,.017
Victor Oladipo,2020-21,28,IND,9,300,15.5,-0.2,0.1,0.4,.063
Victor Oladipo,2020-21,28,HOU,20,669,14.9,-1.3,0.1,0.1,.009
Victor Oladipo,2020-21,28,MIA,4,111,8.1,-8.7,-0.2,-0.1,-0.060
Victor Oladipo,2021-22,29,MIA,8,173,16.8,1.3,0.1,0.4,.124
Victor Oladipo,2022-23,30,MIA,42,1106,10.6,-2.1,0.0,0.6,.024
Victor Oladipo,2023-24,,Did not play - injury,,,,,,,
Hakeem Olajuwon,1984-85,22,HOU,82,2914,21.1,2.1,3.0,10.2,.168
Hakeem Olajuwon,1985-86,23,HOU,68,2467,24.2,4.0,3.8,9.5,.186
Hakeem Olajuwon,1986-87,24,HOU,75,2760,23.8,5.8,5.4,10.9,.189
Hakeem Olajuwon,1987-88,25,HOU,79,2825,23.4,4.4,4.6,10.7,.182
Hakeem Olajuwon,1988-89,26,HOU,82,3024,25.2,5.5,5.7,12.4,.197
Hakeem Olajuwon,1989-90,27,HOU,82,3124,24.1,5.8,6.2,11.2,.173
Hakeem Olajuwon,1990-91,28,HOU,56,2062,24.3,6.2,4.3,8.6,.201
Hakeem Olajuwon,1991-92,29,HOU,70,2636,23.7,5.0,4.6,9.8,.178
Hakeem Olajuwon,1992-93,30,HOU,82,3242,27.3,7.5,7.8,15.8,.234
Hakeem Olajuwon,1993-94,31,HOU,80,3277,25.3,6.8,7.3,14.3,.210
Hakeem Olajuwon,1994-95,32,HOU,72,2853,26.0,5.4,5.3,10.7,.181
Hakeem Olajuwon,1995-96,33,HOU,72,2797,25.5,4.9,4.9,9.7,.166
Hakeem Olajuwon,1996-97,34,HOU,78,2852,22.7,3.5,3.9,9.1,.154
Hakeem Olajuwon,1997-98,35,HOU,47,1633,20.8,3.0,2.1,4.5,.131
Hakeem Olajuwon,1998-99,36,HOU,50,1784,23.1,3.2,2.3,6.5,.175
Hakeem Olajuwon,1999-00,37,HOU,44,1049,16.7,0.4,0.6,1.6,.072
Hakeem Olajuwon,2000-01,38,HOU,58,1545,20.7,2.8,1.9,5.0,.155
Hakeem Olajuwon,2001-02,39,TOR,61,1378,14.4,-0.4,0.6,2.1,.074
Mark Olberding,1975-76,19,2TM,81,2055,13.7,-0.5,0.8,5.1,.118
Mark Olberding,1975-76,19,SDS,11,434,12.6,-1.4,0.1,0.9,.096
Mark Olberding,1975-76,19,SAA,70,1621,13.9,-0.3,0.7,4.2,.124
Mark Olberding,1976-77,20,SAS,82,1949,14.2,-1.7,0.2,4.3,.106
Mark Olberding,1977-78,21,SAS,79,1773,12.1,-1.5,0.2,3.9,.105
Mark Olberding,1978-79,22,SAS,80,1885,12.4,-1.3,0.3,4.2,.106
Mark Olberding,1979-80,23,SAS,75,2111,12.4,-1.0,0.5,3.1,.071
Mark Olberding,1980-81,24,SAS,82,2408,14.8,0.1,1.2,6.6,.132
Mark Olberding,1981-82,25,SAS,68,2098,14.6,-0.3,0.9,5.1,.116
Mark Olberding,1982-83,26,CHI,80,1817,11.0,-2.7,-0.3,2.3,.060
Mark Olberding,1983-84,27,KCK,81,2160,11.5,-1.4,0.3,4.1,.091
Mark Olberding,1984-85,28,KCK,81,2277,12.2,-0.9,0.6,4.1,.085
Mark Olberding,1985-86,29,SAC,81,2157,11.2,-0.5,0.8,3.9,.087
Mark Olberding,1986-87,30,SAC,76,1002,8.8,-2.7,-0.2,1.5,.070
Mark Olberding,1987-88,,Did not play - other pro league,,,,,,,
Jawann Oldham,1980-81,23,DEN,4,21,3.3,-5.0,0.0,0.0,-0.094
Jawann Oldham,1981-82,24,HOU,22,124,6.5,-5.3,-0.1,0.0,.008
Jawann Oldham,1982-83,25,CHI,16,171,14.5,-2.2,0.0,0.3,.085
Jawann Oldham,1983-84,26,CHI,64,870,10.0,-3.3,-0.3,0.5,.026
Jawann Oldham,1984-85,27,CHI,63,993,9.7,-1.6,0.1,1.0,.050
Jawann Oldham,1985-86,28,CHI,52,1276,11.9,-1.7,0.1,1.3,.049
Jawann Oldham,1986-87,29,NYK,44,776,8.5,-3.6,-0.3,0.0,-0.001
Jawann Oldham,1987-88,30,SAC,54,946,12.9,-1.9,0.0,1.2,.062
Jawann Oldham,1988-89,,Did not play - injury,,,,,,,
Jawann Oldham,1989-90,32,2TM,6,45,8.0,-8.2,-0.1,0.0,.006
Jawann Oldham,1989-90,32,ORL,3,36,7.6,-8.4,-0.1,0.0,-0.009
Jawann Oldham,1989-90,32,LAL,3,9,9.7,-7.1,0.0,0.0,.066
Jawann Oldham,1990-91,33,IND,4,19,8.1,-5.6,0.0,0.0,.028
John Oldham,1949-50,26,FTW,59,,,,,2.3,
John Oldham,1950-51,27,FTW,68,,,,,2.0,
Frank Oleynick,1975-76,20,SEA,52,650,10.9,-4.4,-0.4,0.1,.005
Frank Oleynick,1976-77,21,SEA,50,516,9.6,-5.3,-0.4,-0.2,-0.018
Quincy Olivari,2024-25,23,LAL,2,10,-5.2,-18.6,0.0,-0.1,-0.300
John Olive,1978-79,23,SDC,34,189,2.0,-6.5,-0.3,-0.2,-0.038
John Olive,1979-80,24,SDC,1,15,-11.5,-5.5,-0.1,-0.1,-0.303
Brian Oliver,1990-91,22,PHI,73,800,9.9,-4.4,-0.5,0.2,.010
Brian Oliver,1991-92,23,PHI,34,279,3.6,-9.5,-0.5,-0.7,-0.115
Brian Oliver,1992-93,,Did not play - other pro league,,,,,,,
Brian Oliver,1993-94,,Did not play - other pro league,,,,,,,
Brian Oliver,1994-95,26,WSB,6,42,6.9,-6.5,0.0,0.0,.022
Brian Oliver,1995-96,,Did not play - other pro league,,,,,,,
Brian Oliver,1996-97,,Did not play - other pro league,,,,,,,
Brian Oliver,1997-98,29,ATL,5,61,6.3,-8.3,-0.1,0.0,-0.012
Cameron Oliver,2020-21,24,HOU,4,87,17.2,-2.0,0.0,0.2,.114
Cameron Oliver,2021-22,25,ATL,2,43,21.4,1.7,0.0,0.2,.219
Dean Oliver,2001-02,23,GSW,20,139,6.0,-9.3,-0.3,-0.1,-0.049
Dean Oliver,2002-03,24,GSW,15,93,11.2,-1.6,0.0,-0.1,-0.029
Jimmy Oliver,1991-92,22,CLE,27,252,10.1,-5.2,-0.2,0.2,.029
Jimmy Oliver,1992-93,,Did not play - other pro league,,,,,,,
Jimmy Oliver,1993-94,24,BOS,44,540,10.1,-4.3,-0.3,0.2,.016
Jimmy Oliver,1994-95,,Did not play - other pro league,,,,,,,
Jimmy Oliver,1995-96,,Did not play - other pro league,,,,,,,
Jimmy Oliver,1996-97,27,TOR,4,43,4.7,-8.8,-0.1,-0.1,-0.067
Jimmy Oliver,1997-98,28,WAS,1,10,19.7,7.7,0.0,0.0,.228
Jimmy Oliver,1998-99,29,PHO,2,11,2.7,-7.9,0.0,0.0,.020
Kevin Ollie,1997-98,25,2TM,35,430,8.9,-4.4,-0.3,-0.1,-0.014
Kevin Ollie,1997-98,25,DAL,16,214,7.9,-5.4,-0.2,-0.1,-0.017
Kevin Ollie,1997-98,25,ORL,19,216,9.9,-3.3,-0.1,0.0,-0.011
Kevin Ollie,1998-99,26,2TM,8,72,3.7,-6.7,-0.1,0.0,-0.015
Kevin Ollie,1998-99,26,SAC,7,68,4.1,-6.3,-0.1,0.0,-0.011
Kevin Ollie,1998-99,26,ORL,1,4,-2.8,-13.1,0.0,0.0,-0.085
Kevin Ollie,1999-00,27,PHI,40,290,12.9,0.6,0.2,0.9,.146
Kevin Ollie,2000-01,28,2TM,70,925,10.3,-2.2,0.0,1.4,.075
Kevin Ollie,2000-01,28,NJN,19,161,5.5,-5.5,-0.1,-0.1,-0.045
Kevin Ollie,2000-01,28,PHI,51,764,11.4,-1.5,0.1,1.6,.100
Kevin Ollie,2001-02,29,2TM,81,1723,12.3,-1.9,0.0,2.4,.066
Kevin Ollie,2001-02,29,CHI,52,1146,11.2,-3.3,-0.4,0.7,.031
Kevin Ollie,2001-02,29,IND,29,577,14.3,0.9,0.4,1.6,.136
Kevin Ollie,2002-03,30,2TM,82,1897,13.7,-0.6,0.7,3.8,.097
Kevin Ollie,2002-03,30,MIL,53,1127,13.5,-1.1,0.3,2.1,.090
Kevin Ollie,2002-03,30,SEA,29,770,14.0,0.2,0.4,1.7,.106
Kevin Ollie,2003-04,31,CLE,82,1401,12.2,-2.0,0.0,2.4,.083
Kevin Ollie,2004-05,32,PHI,26,158,6.7,-4.5,-0.1,0.1,.025
Kevin Ollie,2005-06,33,PHI,70,1069,7.8,-3.7,-0.5,1.1,.048
Kevin Ollie,2006-07,34,PHI,53,919,8.4,-4.2,-0.5,0.6,.030
Kevin Ollie,2007-08,35,PHI,40,300,9.7,-2.7,-0.1,0.5,.084
Kevin Ollie,2008-09,36,MIN,50,850,9.9,-3.1,-0.3,1.2,.067
Kevin Ollie,2009-10,37,OKC,25,263,7.0,-2.4,0.0,0.3,.059
Gene Ollrich,1949-50,27,WAT,14,,,,,-0.6,
Michael Olowokandi,1998-99,23,LAC,45,1279,11.8,-5.0,-1.0,-0.3,-0.010
Michael Olowokandi,1999-00,24,LAC,80,2493,10.4,-6.0,-2.6,-0.8,-0.016
Michael Olowokandi,2000-01,25,LAC,82,2127,10.0,-5.5,-1.9,-0.4,-0.008
Michael Olowokandi,2001-02,26,LAC,80,2568,12.4,-2.8,-0.5,1.6,.029
Michael Olowokandi,2002-03,27,LAC,36,1369,10.5,-3.1,-0.4,-0.2,-0.006
Michael Olowokandi,2003-04,28,MIN,43,925,11.2,-3.5,-0.4,1.2,.061
Michael Olowokandi,2004-05,29,MIN,62,1215,10.4,-4.9,-0.9,1.2,.048
Michael Olowokandi,2005-06,30,2TM,48,919,8.3,-5.0,-0.7,0.3,.014
Michael Olowokandi,2005-06,30,MIN,32,752,8.6,-4.9,-0.5,0.4,.023
Michael Olowokandi,2005-06,30,BOS,16,167,6.8,-5.5,-0.2,-0.1,-0.028
Michael Olowokandi,2006-07,31,BOS,24,234,4.5,-5.5,-0.2,-0.1,-0.017
Bud Olsen,1962-63,22,CIN,52,373,7.9,,,-0.3,-0.043
Bud Olsen,1963-64,23,CIN,49,513,10.9,,,0.2,.022
Bud Olsen,1964-65,24,CIN,79,1372,13.0,,,2.5,.087
Bud Olsen,1965-66,25,2TM,59,602,9.5,,,0.4,.035
Bud Olsen,1965-66,25,CIN,4,36,8.1,,,0.0,-0.006
Bud Olsen,1965-66,25,SFW,55,566,9.6,,,0.4,.037
Bud Olsen,1966-67,26,SFW,40,348,13.4,,,0.5,.068
Bud Olsen,1967-68,27,SEA,73,897,8.5,,,0.2,.012
Bud Olsen,1968-69,28,2TM,17,113,6.7,,,-0.2,-0.077
Bud Olsen,1968-69,28,BOS,7,43,7.8,,,-0.1,-0.065
Bud Olsen,1968-69,28,DET,10,70,6.1,,,-0.1,-0.084
Bud Olsen,1969-70,29,KEN,84,1375,11.5,,,2.8,.099
Kelly Olynyk,2013-14,22,BOS,70,1400,15.2,-1.2,0.3,2.9,.101
Kelly Olynyk,2014-15,23,BOS,64,1423,15.9,0.4,0.8,3.6,.120
Kelly Olynyk,2015-16,24,BOS,69,1395,16.3,1.9,1.4,4.1,.141
Kelly Olynyk,2016-17,25,BOS,75,1538,15.3,0.3,0.9,4.1,.127
Kelly Olynyk,2017-18,26,MIA,76,1779,17.8,2.3,1.9,5.5,.148
Kelly Olynyk,2018-19,27,MIA,79,1812,14.4,0.7,1.2,4.7,.126
Kelly Olynyk,2019-20,28,MIA,67,1300,14.6,1.0,1.0,3.7,.135
Kelly Olynyk,2020-21,29,2TM,70,1997,16.4,1.2,1.6,5.1,.121
Kelly Olynyk,2020-21,29,MIA,43,1157,12.1,-0.7,0.4,1.9,.078
Kelly Olynyk,2020-21,29,HOU,27,840,22.3,3.8,1.2,3.2,.182
Kelly Olynyk,2021-22,30,DET,40,764,16.7,1.6,0.7,1.6,.104
Kelly Olynyk,2022-23,31,UTA,68,1942,14.4,0.4,1.2,4.3,.106
Kelly Olynyk,2023-24,32,2TM,78,1759,17.4,1.8,1.7,4.9,.133
Kelly Olynyk,2023-24,32,UTA,50,1019,17.3,2.6,1.2,3.1,.148
Kelly Olynyk,2023-24,32,TOR,28,740,17.4,0.7,0.5,1.7,.113
Kelly Olynyk,2024-25,33,2TM,44,891,14.9,-0.7,0.3,1.7,.092
Kelly Olynyk,2024-25,33,TOR,24,383,14.9,0.2,0.2,0.9,.112
Kelly Olynyk,2024-25,33,NOP,20,508,14.8,-1.4,0.1,0.8,.077
Eugene Omoruyi,2021-22,24,DAL,4,18,17.0,4.0,0.0,0.1,.201
Eugene Omoruyi,2022-23,25,2TM,40,645,10.9,-4.4,-0.4,0.6,.042
Eugene Omoruyi,2022-23,25,OKC,23,272,10.6,-4.9,-0.2,0.3,.052
Eugene Omoruyi,2022-23,25,DET,17,373,11.2,-4.1,-0.2,0.3,.034
Eugene Omoruyi,2023-24,26,WAS,43,393,16.0,-2.3,0.0,0.6,.074
Miye Oni,2019-20,22,UTA,10,109,9.7,-4.3,-0.1,0.1,.063
Miye Oni,2020-21,23,UTA,54,519,6.4,-1.7,0.0,0.9,.081
Miye Oni,2021-22,24,UTA,16,44,0.4,-7.9,-0.1,0.0,-0.032
Arinze Onuaku,2013-14,26,2TM,5,30,3.8,-5.2,0.0,0.0,-0.044
Arinze Onuaku,2013-14,26,NOP,3,25,5.6,-3.6,0.0,0.0,-0.016
Arinze Onuaku,2013-14,26,CLE,2,5,-5.3,-13.1,0.0,0.0,-0.179
Arinze Onuaku,2014-15,27,MIN,6,68,22.8,1.4,0.1,0.3,.197
Arinze Onuaku,2015-16,,Did not play - other pro league,,,,,,,
Arinze Onuaku,2016-17,29,ORL,8,28,5.8,-6.4,0.0,0.0,-0.005
Chinanu Onuaku,2016-17,20,HOU,5,52,12.3,-1.5,0.0,0.1,.123
Chinanu Onuaku,2017-18,21,HOU,1,22,-3.2,-14.7,-0.1,-0.1,-0.147
Barry Orms,1968-69,22,BAL,64,916,3.2,,,-0.7,-0.034
Barry Orms,1969-70,23,2TM,77,2091,7.9,,,-0.2,-0.004
Barry Orms,1969-70,23,INA,9,143,12.0,,,0.3,.084
Barry Orms,1969-70,23,PTP,68,1948,7.6,,,-0.4,-0.011
Johnny Orr,1949-50,22,2TM,34,,,,,-0.1,
Johnny Orr,1949-50,22,STB,21,,,,,0.1,
Johnny Orr,1949-50,22,WAT,13,,,,,-0.2,
Louis Orr,1980-81,22,IND,82,1787,16.1,0.0,0.9,4.3,.116
Louis Orr,1981-82,23,IND,80,1951,14.9,-0.3,0.9,4.3,.105
Louis Orr,1982-83,24,NYK,82,1666,13.3,0.4,1.0,3.8,.111
Louis Orr,1983-84,25,NYK,78,1640,12.4,-0.8,0.5,3.5,.103
Louis Orr,1984-85,26,NYK,79,2452,13.8,0.3,1.4,4.8,.093
Louis Orr,1985-86,27,NYK,74,2237,12.4,-0.7,0.7,3.7,.080
Louis Orr,1986-87,28,NYK,65,1440,11.0,-1.2,0.3,1.5,.050
Louis Orr,1987-88,29,NYK,29,180,2.7,-7.5,-0.3,-0.2,-0.059
José Ortiz,1987-88,,Did not play - other pro league,,,,,,,
José Ortiz,1988-89,25,UTA,51,327,8.1,-6.8,-0.4,-0.1,-0.010
José Ortiz,1989-90,26,UTA,13,64,16.0,-4.5,0.0,0.1,.061
Daniel Orton,2010-11,,Did not play - injury,,,,,,,
Daniel Orton,2011-12,21,ORL,16,187,12.7,-3.0,0.0,0.5,.129
Daniel Orton,2012-13,22,OKC,13,104,14.0,-3.1,0.0,0.3,.135
Daniel Orton,2013-14,23,PHI,22,251,10.5,-4.0,-0.1,0.3,.049
Chuck Osborne,1961-62,23,SYR,4,21,4.8,,,-0.1,-0.134
Cedi Osman,2015-16,,Did not play - other pro league,,,,,,,
Cedi Osman,2016-17,,Did not play - other pro league,,,,,,,
Cedi Osman,2017-18,22,CLE,61,672,11.0,-2.9,-0.1,0.9,.064
Cedi Osman,2018-19,23,CLE,76,2444,11.5,-3.2,-0.8,1.5,.029
Cedi Osman,2019-20,24,CLE,65,1910,10.7,-2.6,-0.3,1.6,.040
Cedi Osman,2020-21,25,CLE,59,1510,10.3,-3.2,-0.5,0.5,.014
Cedi Osman,2021-22,26,CLE,66,1462,13.3,0.2,0.8,2.9,.094
Cedi Osman,2022-23,27,CLE,77,1548,12.0,-0.7,0.5,3.3,.103
Cedi Osman,2023-24,28,SAS,72,1269,11.2,-2.1,0.0,1.9,.071
Wally Osterkorn,1950-51,,Did not play - other pro league,,,,,,,
Wally Osterkorn,1951-52,23,SYR,66,1721,13.5,,,4.0,.111
Wally Osterkorn,1952-53,24,SYR,49,1016,11.2,,,1.4,.065
Wally Osterkorn,1953-54,25,SYR,70,2164,12.7,,,4.3,.096
Wally Osterkorn,1954-55,26,SYR,19,286,2.8,,,-0.8,-0.133
Greg Ostertag,1995-96,22,UTA,57,661,13.2,-2.1,0.0,1.4,.104
Greg Ostertag,1996-97,23,UTA,77,1818,15.3,-0.3,0.8,5.9,.156
Greg Ostertag,1997-98,24,UTA,63,1288,12.5,-1.1,0.3,2.2,.084
Greg Ostertag,1998-99,25,UTA,48,1340,12.8,0.8,0.9,3.8,.136
Greg Ostertag,1999-00,26,UTA,81,1606,13.5,-0.3,0.7,4.2,.124
Greg Ostertag,2000-01,27,UTA,81,1491,13.3,-0.8,0.4,3.8,.121
Greg Ostertag,2001-02,28,UTA,74,1107,12.7,-1.1,0.3,2.1,.090
Greg Ostertag,2002-03,29,UTA,81,1926,11.5,-1.5,0.2,3.4,.084
Greg Ostertag,2003-04,30,UTA,78,2153,14.3,0.5,1.4,5.0,.111
Greg Ostertag,2004-05,31,SAC,56,556,10.0,-2.2,0.0,0.7,.064
Greg Ostertag,2005-06,32,UTA,60,807,11.6,-1.4,0.1,1.3,.076
