player_name,year_id,age,team_name_abbr,games,mp,per,bpm,vorp,ws,ws_per_48
Alaa Abdelnaby,1990-91,22,POR,43,290,13.1,-4.6,-0.2,0.5,.079
Alaa Abdelnaby,1991-92,23,POR,71,934,13.5,-2.6,-0.1,2.1,.110
Alaa Abdelnaby,1992-93,24,2TM,75,1311,13.2,-3.9,-0.6,2.0,.074
Alaa Abdelnaby,1992-93,24,MIL,12,159,11.9,-3.5,-0.1,0.1,.035
Alaa Abdelnaby,1992-93,24,BOS,63,1152,13.4,-4.0,-0.6,1.9,.079
Alaa Abdelnaby,1993-94,25,BOS,13,159,9.2,-7.4,-0.2,-0.1,-0.032
Alaa Abdelnaby,1994-95,26,2TM,54,506,12.6,-4.3,-0.3,0.3,.027
Alaa Abdelnaby,1994-95,26,SAC,51,476,14.1,-3.1,-0.1,0.6,.058
Alaa Abdelnaby,1994-95,26,PHI,3,30,-12.5,-24.9,-0.2,-0.3,-0.466
Zaid Abdul-Aziz,1968-69,22,2TM,49,945,12.3,,,-0.3,-0.016
Zaid Abdul-Aziz,1968-69,22,CIN,20,108,8.5,,,-0.1,-0.038
Zaid Abdul-Aziz,1968-69,22,MIL,29,837,12.8,,,-0.2,-0.013
Zaid Abdul-Aziz,1969-70,23,MIL,80,1637,12.4,,,2.0,.059
Zaid Abdul-Aziz,1970-71,24,SEA,61,1276,16.1,,,1.8,.067
Zaid Abdul-Aziz,1971-72,25,SEA,58,1780,15.9,,,1.9,.052
Zaid Abdul-Aziz,1972-73,26,HOU,48,900,14.5,,,1.0,.051
Zaid Abdul-Aziz,1973-74,27,HOU,79,2459,15.9,1.0,1.8,6.5,.126
Zaid Abdul-Aziz,1974-75,28,HOU,65,1450,17.1,0.4,0.9,3.7,.124
Zaid Abdul-Aziz,1975-76,29,SEA,27,223,16.4,-0.3,0.2,0.6,.119
Zaid Abdul-Aziz,1976-77,30,BUF,22,195,16.3,-3.3,-0.1,0.3,.078
Zaid Abdul-Aziz,1977-78,31,2TM,16,158,11.4,-4.0,-0.1,0.1,.033
Zaid Abdul-Aziz,1977-78,31,BOS,2,24,11.5,-4.3,0.0,0.0,-0.062
Zaid Abdul-Aziz,1977-78,31,HOU,14,134,11.4,-4.0,-0.1,0.1,.050
Kareem Abdul-Jabbar,1969-70,22,MIL,82,3534,22.5,,,13.8,.187
Kareem Abdul-Jabbar,1970-71,23,MIL,82,3288,29.0,,,22.3,.326
Kareem Abdul-Jabbar,1971-72,24,MIL,81,3583,29.9,,,25.4,.340
Kareem Abdul-Jabbar,1972-73,25,MIL,76,3254,28.5,,,21.9,.322
Kareem Abdul-Jabbar,1973-74,26,MIL,81,3548,24.4,7.5,8.6,18.4,.250
Kareem Abdul-Jabbar,1974-75,27,MIL,65,2747,26.4,7.6,6.7,12.9,.225
Kareem Abdul-Jabbar,1975-76,28,LAL,82,3379,27.2,8.5,9.0,17.0,.242
Kareem Abdul-Jabbar,1976-77,29,LAL,82,3016,27.8,9.4,8.7,17.8,.283
Kareem Abdul-Jabbar,1977-78,30,LAL,62,2265,29.2,9.3,6.5,12.1,.257
Kareem Abdul-Jabbar,1978-79,31,LAL,80,3157,25.5,7.6,7.7,14.4,.219
Kareem Abdul-Jabbar,1979-80,32,LAL,82,3143,25.3,7.2,7.3,14.8,.227
Kareem Abdul-Jabbar,1980-81,33,LAL,80,2976,25.5,6.1,6.1,14.3,.230
Kareem Abdul-Jabbar,1981-82,34,LAL,76,2677,23.4,5.0,4.7,10.7,.192
Kareem Abdul-Jabbar,1982-83,35,LAL,79,2554,23.6,4.5,4.2,10.9,.205
Kareem Abdul-Jabbar,1983-84,36,LAL,80,2622,21.3,3.0,3.3,8.9,.163
Kareem Abdul-Jabbar,1984-85,37,LAL,79,2630,22.9,5.1,4.8,11.2,.204
Kareem Abdul-Jabbar,1985-86,38,LAL,79,2629,22.7,5.4,4.9,10.8,.197
Kareem Abdul-Jabbar,1986-87,39,LAL,78,2441,17.9,1.6,2.2,7.5,.148
Kareem Abdul-Jabbar,1987-88,40,LAL,80,2308,15.8,0.0,1.2,5.3,.111
Kareem Abdul-Jabbar,1988-89,41,LAL,74,1695,12.9,-2.1,0.0,2.9,.082
Mahmoud Abdul-Rauf,1990-91,21,DEN,67,1505,12.2,-5.0,-1.1,-1.0,-0.031
Mahmoud Abdul-Rauf,1991-92,22,DEN,81,1538,12.6,-3.1,-0.4,0.6,.018
Mahmoud Abdul-Rauf,1992-93,23,DEN,81,2710,15.6,-0.1,1.3,5.1,.091
Mahmoud Abdul-Rauf,1993-94,24,DEN,80,2617,16.7,0.8,1.9,6.8,.125
Mahmoud Abdul-Rauf,1994-95,25,DEN,73,2082,17.8,1.2,1.7,5.0,.115
Mahmoud Abdul-Rauf,1995-96,26,DEN,57,2029,18.6,1.9,1.9,5.5,.131
Mahmoud Abdul-Rauf,1996-97,27,SAC,75,2131,13.2,-2.6,-0.4,2.7,.060
Mahmoud Abdul-Rauf,1997-98,28,SAC,31,530,10.5,-4.7,-0.4,-0.3,-0.025
Mahmoud Abdul-Rauf,1998-99,,Did not play - other pro league,,,,,,,
Mahmoud Abdul-Rauf,1999-00,,Did not play - retired,,,,,,,
Mahmoud Abdul-Rauf,2000-01,31,VAN,41,486,16.7,-1.0,0.1,0.7,.070
Tariq Abdul-Wahad,1997-98,23,SAC,59,959,10.1,-4.8,-0.7,-0.2,-0.008
Tariq Abdul-Wahad,1998-99,24,SAC,49,1205,11.8,-3.0,-0.3,1.4,.058
Tariq Abdul-Wahad,1999-00,25,2TM,61,1578,13.6,-1.2,0.3,2.2,.068
Tariq Abdul-Wahad,1999-00,25,ORL,46,1205,14.4,-0.8,0.4,2.0,.082
Tariq Abdul-Wahad,1999-00,25,DEN,15,373,10.8,-2.5,0.0,0.2,.023
Tariq Abdul-Wahad,2000-01,26,DEN,29,420,5.8,-5.8,-0.4,-0.4,-0.049
Tariq Abdul-Wahad,2001-02,27,2TM,24,441,9.8,-3.7,-0.2,0.0,-0.003
Tariq Abdul-Wahad,2001-02,27,DEN,20,417,10.3,-3.6,-0.2,0.0,.005
Tariq Abdul-Wahad,2001-02,27,DAL,4,24,0.3,-6.3,0.0,-0.1,-0.128
Tariq Abdul-Wahad,2002-03,28,DAL,14,204,12.4,-1.4,0.0,0.4,.104
Shareef Abdur-Rahim,1996-97,20,VAN,80,2802,17.4,-1.8,0.2,2.9,.049
Shareef Abdur-Rahim,1997-98,21,VAN,82,2950,21.1,1.6,2.6,6.9,.113
Shareef Abdur-Rahim,1998-99,22,VAN,50,2021,20.7,2.0,2.1,4.6,.108
Shareef Abdur-Rahim,1999-00,23,VAN,82,3223,20.2,2.2,3.4,8.8,.132
Shareef Abdur-Rahim,2000-01,24,VAN,81,3241,19.1,1.8,3.1,8.5,.126
Shareef Abdur-Rahim,2001-02,25,ATL,77,2980,19.8,1.7,2.8,7.2,.116
Shareef Abdur-Rahim,2002-03,26,ATL,81,3087,19.9,1.6,2.8,9.7,.151
Shareef Abdur-Rahim,2003-04,27,2TM,85,2684,19.9,1.6,2.4,8.1,.145
Shareef Abdur-Rahim,2003-04,27,ATL,53,1956,21.2,2.3,2.1,6.6,.163
Shareef Abdur-Rahim,2003-04,27,POR,32,728,16.5,-0.4,0.3,1.5,.098
Shareef Abdur-Rahim,2004-05,28,POR,54,1867,18.7,0.9,1.4,5.4,.139
Shareef Abdur-Rahim,2005-06,29,SAC,72,1961,17.2,0.9,1.4,6.2,.152
Shareef Abdur-Rahim,2006-07,30,SAC,80,2015,13.1,-2.5,-0.2,2.8,.067
Shareef Abdur-Rahim,2007-08,31,SAC,6,51,5.5,-6.9,-0.1,0.0,-0.005
Tom Abernethy,1976-77,22,LAL,70,1378,12.7,-0.3,0.6,3.1,.110
Tom Abernethy,1977-78,23,LAL,73,1317,15.6,1.9,1.3,4.1,.150
Tom Abernethy,1978-79,24,GSW,70,1219,13.6,0.9,0.9,3.7,.144
Tom Abernethy,1979-80,25,GSW,67,1222,11.0,-1.2,0.2,2.0,.080
Tom Abernethy,1980-81,26,2TM,39,298,8.0,-2.6,0.0,0.4,.062
Tom Abernethy,1980-81,26,GSW,10,39,3.2,-4.4,0.0,0.0,-0.004
Tom Abernethy,1980-81,26,IND,29,259,8.7,-2.4,0.0,0.4,.072
Forest Able,1956-57,24,SYR,1,1,-41.5,,,0.0,-2.062
John Abramovic,1946-47,27,PIT,47,,,,,-1.7,
John Abramovic,1947-48,28,2TM,9,,,,,-0.3,
John Abramovic,1947-48,28,STB,4,,,,,-0.1,
John Abramovic,1947-48,28,BLB,5,,,,,-0.2,
Álex Abrines,2013-14,,Did not play - other pro league,,,,,,,
Álex Abrines,2014-15,,Did not play - other pro league,,,,,,,
Álex Abrines,2015-16,,Did not play - other pro league,,,,,,,
Álex Abrines,2016-17,23,OKC,68,1055,10.1,-1.6,0.1,2.1,.096
Álex Abrines,2017-18,24,OKC,75,1134,9.0,-1.5,0.1,2.2,.094
Álex Abrines,2018-19,25,OKC,31,588,6.3,-3.3,-0.2,0.6,.053
Precious Achiuwa,2020-21,21,MIA,61,737,14.2,-4.1,-0.4,1.3,.085
Precious Achiuwa,2021-22,22,TOR,73,1725,12.7,-2.6,-0.2,2.5,.070
Precious Achiuwa,2022-23,23,TOR,55,1140,15.2,-2.3,-0.1,2.2,.093
Precious Achiuwa,2023-24,24,2TM,74,1624,14.6,-1.4,0.2,3.4,.102
Precious Achiuwa,2023-24,24,TOR,25,437,15.0,-1.6,0.0,0.4,.048
Precious Achiuwa,2023-24,24,NYK,49,1187,14.5,-1.4,0.2,3.0,.122
Precious Achiuwa,2024-25,25,NYK,57,1170,13.6,-1.9,0.0,2.3,.095
Alex Acker,2005-06,23,DET,5,35,-2.4,-15.3,-0.1,-0.2,-0.230
Alex Acker,2006-07,,Did not play - other pro league,,,,,,,
Alex Acker,2007-08,,Did not play - other pro league,,,,,,,
Alex Acker,2008-09,26,2TM,25,199,10.4,-3.6,-0.1,0.0,-0.011
Alex Acker,2008-09,26,DET,7,20,16.0,3.8,0.0,0.0,.009
Alex Acker,2008-09,26,LAC,18,179,9.8,-4.4,-0.1,0.0,-0.013
Don Ackerman,1953-54,23,NYK,28,220,1.0,,,-0.6,-0.123
Mark Acres,1985-86,,Did not play - other pro league,,,,,,,
Mark Acres,1986-87,,Did not play - other pro league,,,,,,,
Mark Acres,1987-88,25,BOS,79,1151,9.3,-2.8,-0.2,2.2,.090
Mark Acres,1988-89,26,BOS,62,632,8.2,-3.4,-0.2,0.9,.066
Mark Acres,1989-90,27,ORL,80,1691,8.3,-3.7,-0.7,1.6,.047
Mark Acres,1990-91,28,ORL,68,1313,9.2,-3.0,-0.3,2.5,.090
Mark Acres,1991-92,29,ORL,68,926,10.1,-2.9,-0.2,1.9,.097
Mark Acres,1992-93,30,2TM,18,269,8.9,-5.3,-0.2,0.3,.056
Mark Acres,1992-93,30,HOU,6,23,-0.6,-15.7,-0.1,-0.1,-0.165
Mark Acres,1992-93,30,WSB,12,246,9.8,-4.3,-0.1,0.4,.077
Bud Acton,1967-68,26,SDR,23,195,9.5,,,0.1,.021
Quincy Acy,2012-13,22,TOR,29,342,15.9,0.1,0.2,1.1,.157
Quincy Acy,2013-14,23,2TM,63,847,10.1,-1.7,0.1,1.5,.086
Quincy Acy,2013-14,23,TOR,7,61,17.2,5.0,0.1,0.2,.188
Quincy Acy,2013-14,23,SAC,56,786,9.6,-2.2,0.0,1.3,.078
Quincy Acy,2014-15,24,NYK,68,1287,11.9,-3.1,-0.3,1.7,.063
Quincy Acy,2015-16,25,SAC,59,876,14.7,-0.1,0.4,2.5,.137
Quincy Acy,2016-17,26,2TM,38,558,11.8,-2.1,0.0,0.9,.082
Quincy Acy,2016-17,26,DAL,6,48,-1.4,-14.3,-0.1,-0.1,-0.133
Quincy Acy,2016-17,26,BRK,32,510,13.1,-0.9,0.1,1.1,.102
Quincy Acy,2017-18,27,BRK,70,1359,8.2,-2.5,-0.2,1.0,.036
Quincy Acy,2018-19,28,PHO,10,123,2.9,-8.1,-0.2,-0.1,-0.022
Alvan Adams,1975-76,21,PHO,80,2656,21.7,4.4,4.3,7.2,.130
Alvan Adams,1976-77,22,PHO,72,2278,20.2,3.6,3.2,6.3,.134
Alvan Adams,1977-78,23,PHO,70,1914,17.7,1.0,1.5,4.9,.123
Alvan Adams,1978-79,24,PHO,77,2364,20.4,3.4,3.2,7.6,.154
Alvan Adams,1979-80,25,PHO,75,2168,19.2,3.6,3.1,7.0,.155
Alvan Adams,1980-81,26,PHO,75,2054,20.3,5.1,3.7,7.7,.180
Alvan Adams,1981-82,27,PHO,79,2393,18.6,3.6,3.4,7.2,.144
Alvan Adams,1982-83,28,PHO,80,2447,16.8,2.5,2.8,6.5,.128
Alvan Adams,1983-84,29,PHO,70,1452,16.6,1.6,1.3,3.3,.109
Alvan Adams,1984-85,30,PHO,82,2136,19.8,4.0,3.2,6.8,.152
Alvan Adams,1985-86,31,PHO,78,2005,15.3,1.6,1.8,3.9,.094
Alvan Adams,1986-87,32,PHO,68,1690,14.6,-0.1,0.8,2.8,.079
Alvan Adams,1987-88,33,PHO,82,1646,13.1,-0.5,0.6,2.2,.064
Don Adams,1970-71,23,SDR,82,2374,10.8,,,2.9,.059
Don Adams,1971-72,24,2TM,73,2071,11.5,,,0.7,.015
Don Adams,1971-72,24,HOU,3,41,4.5,,,-0.1,-0.116
Don Adams,1971-72,24,ATL,70,2030,11.6,,,0.8,.018
Don Adams,1972-73,25,2TM,74,1874,10.6,,,0.9,.024
Don Adams,1972-73,25,ATL,4,76,3.9,,,-0.3,-0.219
Don Adams,1972-73,25,DET,70,1798,10.9,,,1.3,.034
Don Adams,1973-74,26,DET,74,2298,10.9,-1.4,0.3,3.6,.076
Don Adams,1974-75,27,2TM,67,1718,8.9,-2.5,-0.2,0.8,.023
Don Adams,1974-75,27,DET,51,1376,8.4,-2.7,-0.2,0.5,.017
Don Adams,1974-75,27,SSL,16,342,11.0,-1.5,0.0,0.3,.049
Don Adams,1975-76,28,2TM,76,1429,10.3,-2.5,-0.2,1.1,.037
Don Adams,1975-76,28,SSL,20,725,11.6,-1.9,0.0,0.8,.050
Don Adams,1975-76,28,BUF,56,704,9.1,-3.1,-0.2,0.3,.023
Don Adams,1976-77,29,BUF,77,1710,11.7,-1.8,0.1,1.6,.046
Don Adams,1977-78,,Did not play - injury,,,,,,,
George Adams,1972-73,23,SDA,60,865,13.4,,,2.2,.120
George Adams,1973-74,24,SDA,80,1433,14.2,-0.5,0.5,2.2,.072
George Adams,1974-75,25,SDA,75,1605,13.9,-1.0,0.4,2.3,.068
Hassan Adams,2006-07,22,NJN,61,495,13.0,-1.5,0.1,1.0,.095
Hassan Adams,2007-08,,Did not play - other pro league,,,,,,,
Hassan Adams,2008-09,24,TOR,12,52,0.4,-9.4,-0.1,-0.2,-0.144
Jaylen Adams,2018-19,22,ATL,34,428,7.6,-4.3,-0.2,0.1,.011
Jaylen Adams,2019-20,,Did not play - other pro league,,,,,,,
Jaylen Adams,2020-21,24,MIL,7,18,-6.5,-19.8,-0.1,-0.1,-0.252
Jordan Adams,2014-15,20,MEM,30,248,12.8,1.4,0.2,0.4,.073
Jordan Adams,2015-16,21,MEM,2,15,17.3,6.9,0.0,0.0,.015
Michael Adams,1985-86,23,SAC,18,139,8.0,-3.8,-0.1,-0.1,-0.028
Michael Adams,1986-87,24,WSB,63,1303,14.3,1.2,1.0,2.7,.099
Michael Adams,1987-88,25,DEN,82,2778,15.6,2.5,3.1,7.5,.130
Michael Adams,1988-89,26,DEN,77,2787,17.5,2.9,3.4,8.3,.143
Michael Adams,1989-90,27,DEN,79,2690,15.4,1.8,2.6,6.9,.124
Michael Adams,1990-91,28,DEN,66,2346,22.3,5.3,4.3,6.3,.128
Michael Adams,1991-92,29,WSB,78,2795,17.1,1.8,2.6,5.3,.090
Michael Adams,1992-93,30,WSB,70,2499,15.6,0.0,1.3,4.6,.088
Michael Adams,1993-94,31,WSB,70,2337,14.2,-1.0,0.6,3.1,.063
Michael Adams,1994-95,32,CHH,29,443,17.7,3.3,0.6,1.6,.169
Michael Adams,1995-96,33,CHH,21,329,16.1,2.8,0.4,0.8,.117
Steven Adams,2013-14,20,OKC,81,1197,11.2,-2.2,-0.1,2.9,.114
Steven Adams,2014-15,21,OKC,70,1771,14.1,-1.3,0.3,4.1,.111
Steven Adams,2015-16,22,OKC,80,2014,15.5,0.2,1.1,6.5,.155
Steven Adams,2016-17,23,OKC,80,2389,16.5,-0.2,1.1,6.5,.130
Steven Adams,2017-18,24,OKC,76,2487,20.6,1.1,2.0,9.7,.187
Steven Adams,2018-19,25,OKC,80,2669,18.5,1.1,2.1,9.1,.163
Steven Adams,2019-20,26,OKC,63,1680,20.5,2.9,2.1,6.5,.185
Steven Adams,2020-21,27,NOP,58,1605,15.1,-0.3,0.7,4.0,.119
Steven Adams,2021-22,28,MEM,76,1999,17.6,2.0,2.0,6.8,.163
Steven Adams,2022-23,29,MEM,42,1133,17.5,0.6,0.7,3.4,.144
Steven Adams,2023-24,,Did not play - injury,,,,,,,
Steven Adams,2024-25,31,HOU,58,794,16.6,0.3,0.5,2.3,.137
Rafael Addison,1986-87,22,PHO,62,711,11.9,-3.9,-0.3,0.4,.024
Rafael Addison,1987-88,,Did not play - other pro league,,,,,,,
Rafael Addison,1988-89,,Did not play - other pro league,,,,,,,
Rafael Addison,1989-90,,Did not play - other pro league,,,,,,,
Rafael Addison,1990-91,,Did not play - other pro league,,,,,,,
Rafael Addison,1991-92,27,NJN,76,1175,10.9,-2.7,-0.2,1.5,.063
Rafael Addison,1992-93,28,NJN,68,1164,8.4,-4.8,-0.8,0.9,.038
Rafael Addison,1993-94,,Did not play - other pro league,,,,,,,
Rafael Addison,1994-95,30,DET,79,1776,11.3,-3.3,-0.6,1.5,.040
Rafael Addison,1995-96,31,CHH,53,516,9.6,-4.9,-0.4,0.2,.019
Rafael Addison,1996-97,32,CHH,41,355,10.6,-4.4,-0.2,0.4,.048
Bam Adebayo,2017-18,20,MIA,69,1368,15.7,-0.4,0.6,4.2,.148
Bam Adebayo,2018-19,21,MIA,82,1913,17.9,1.8,1.8,6.8,.171
Bam Adebayo,2019-20,22,MIA,72,2417,20.3,3.4,3.3,8.5,.168
Bam Adebayo,2020-21,23,MIA,64,2143,22.7,4.9,3.7,8.8,.197
Bam Adebayo,2021-22,24,MIA,56,1825,21.8,3.8,2.7,7.2,.188
Bam Adebayo,2022-23,25,MIA,75,2598,20.1,1.5,2.3,7.4,.137
Bam Adebayo,2023-24,26,MIA,71,2416,19.8,2.4,2.7,7.2,.144
Bam Adebayo,2024-25,27,MIA,78,2674,18.9,2.0,2.7,7.5,.135
Deng Adel,2018-19,21,CLE,19,194,2.7,-7.5,-0.3,-0.2,-0.054
Rick Adelman,1968-69,22,SDR,77,1448,11.4,,,2.2,.074
Rick Adelman,1969-70,23,SDR,35,717,10.2,,,0.7,.048
Rick Adelman,1970-71,24,POR,81,2303,13.4,,,3.4,.071
Rick Adelman,1971-72,25,POR,80,2445,11.5,,,1.6,.030
Rick Adelman,1972-73,26,POR,76,1822,9.5,,,0.1,.003
Rick Adelman,1973-74,27,CHI,55,618,10.0,-1.6,0.1,0.7,.053
Rick Adelman,1974-75,28,3TM,58,1074,11.1,-1.3,0.2,1.3,.059
Rick Adelman,1974-75,28,CHI,12,340,11.3,-1.8,0.0,0.5,.075
Rick Adelman,1974-75,28,NOJ,28,613,11.2,-0.9,0.2,0.6,.047
Rick Adelman,1974-75,28,KCO,18,121,10.0,-2.0,0.0,0.2,.077
Jeff Adrien,2010-11,24,GSW,23,196,11.3,-5.3,-0.2,0.2,.051
Jeff Adrien,2011-12,25,HOU,8,63,11.2,-4.3,0.0,0.1,.106
Jeff Adrien,2012-13,26,CHA,52,713,13.4,-3.0,-0.2,1.0,.064
Jeff Adrien,2013-14,27,2TM,53,961,17.4,-0.9,0.3,2.7,.134
Jeff Adrien,2013-14,27,CHA,25,256,14.9,0.0,0.1,0.9,.170
Jeff Adrien,2013-14,27,MIL,28,705,18.4,-1.2,0.1,1.8,.121
Jeff Adrien,2014-15,28,MIN,17,215,14.2,-2.4,0.0,0.4,.087
Arron Afflalo,2007-08,22,DET,75,970,10.2,-1.5,0.1,1.9,.092
Arron Afflalo,2008-09,23,DET,74,1234,8.9,-2.6,-0.2,1.8,.069
Arron Afflalo,2009-10,24,DEN,82,2221,10.9,-0.4,0.9,4.3,.092
Arron Afflalo,2010-11,25,DEN,69,2324,13.6,1.4,2.0,6.2,.128
Arron Afflalo,2011-12,26,DEN,62,2086,14.7,0.1,1.1,5.3,.121
Arron Afflalo,2012-13,27,ORL,64,2307,13.0,-2.9,-0.5,2.0,.042
Arron Afflalo,2013-14,28,ORL,73,2552,16.0,-0.2,1.1,5.3,.099
Arron Afflalo,2014-15,29,2TM,78,2502,10.7,-2.5,-0.3,2.6,.050
Arron Afflalo,2014-15,29,DEN,53,1750,11.7,-1.9,0.1,1.8,.050
Arron Afflalo,2014-15,29,POR,25,752,8.2,-3.8,-0.4,0.8,.049
Arron Afflalo,2015-16,30,NYK,71,2371,10.9,-2.9,-0.5,2.7,.055
Arron Afflalo,2016-17,31,SAC,61,1580,8.9,-3.6,-0.7,1.4,.043
Arron Afflalo,2017-18,32,ORL,53,682,5.8,-5.4,-0.6,0.1,.009
Ochai Agbaji,2022-23,22,UTA,59,1209,9.5,-3.0,-0.3,1.3,.053
Ochai Agbaji,2023-24,23,2TM,78,1641,7.7,-4.4,-1.0,0.1,.002
Ochai Agbaji,2023-24,23,UTA,51,1003,8.1,-3.0,-0.3,0.4,.019
Ochai Agbaji,2023-24,23,TOR,27,638,7.1,-6.5,-0.7,-0.3,-0.024
Ochai Agbaji,2024-25,24,TOR,64,1739,12.0,-0.7,0.5,3.1,.087
Maurice Ager,2006-07,22,DAL,32,214,2.9,-8.7,-0.4,-0.3,-0.060
Maurice Ager,2007-08,23,2TM,26,165,1.8,-11.1,-0.4,-0.4,-0.114
Maurice Ager,2007-08,23,DAL,12,77,-4.4,-13.7,-0.2,-0.3,-0.181
Maurice Ager,2007-08,23,NJN,14,88,7.1,-8.7,-0.1,-0.1,-0.056
Maurice Ager,2008-09,24,NJN,20,97,2.2,-10.7,-0.2,-0.3,-0.133
Maurice Ager,2009-10,,Did not play - other pro league,,,,,,,
Maurice Ager,2010-11,26,MIN,4,29,10.1,-0.7,0.0,0.0,-0.015
Mark Aguirre,1981-82,22,DAL,51,1468,17.3,0.7,1.0,1.9,.061
Mark Aguirre,1982-83,23,DAL,81,2784,20.5,1.7,2.6,6.9,.118
Mark Aguirre,1983-84,24,DAL,79,2900,23.5,3.7,4.1,9.0,.149
Mark Aguirre,1984-85,25,DAL,80,2699,21.3,1.8,2.6,7.2,.128
Mark Aguirre,1985-86,26,DAL,74,2501,19.2,0.3,1.4,4.7,.090
Mark Aguirre,1986-87,27,DAL,80,2663,22.1,3.1,3.4,8.9,.160
Mark Aguirre,1987-88,28,DAL,77,2610,21.9,3.8,3.9,8.8,.163
Mark Aguirre,1988-89,29,2TM,80,2597,16.4,0.1,1.4,4.5,.082
Mark Aguirre,1988-89,29,DAL,44,1529,17.3,-0.4,0.6,1.7,.052
Mark Aguirre,1988-89,29,DET,36,1068,15.1,0.9,0.8,2.8,.126
Mark Aguirre,1989-90,30,DET,78,2005,15.8,1.0,1.5,5.7,.136
Mark Aguirre,1990-91,31,DET,78,2006,16.7,1.4,1.7,5.5,.132
Mark Aguirre,1991-92,32,DET,75,1582,13.7,-1.6,0.1,2.2,.066
Mark Aguirre,1992-93,33,DET,51,1056,13.7,-0.2,0.5,1.8,.082
Mark Aguirre,1993-94,34,LAC,39,859,13.1,-1.8,0.0,0.9,.050
Blake Ahearn,2007-08,23,MIA,12,177,9.0,-4.8,-0.1,0.0,-0.006
Blake Ahearn,2008-09,24,SAS,3,19,12.9,-0.9,0.0,0.1,.149
Blake Ahearn,2009-10,,Did not play - other pro league,,,,,,,
Blake Ahearn,2010-11,,Did not play - other pro league,,,,,,,
Blake Ahearn,2011-12,27,UTA,4,30,-7.3,-19.5,-0.1,-0.2,-0.315
Danny Ainge,1981-82,22,BOS,53,564,10.1,-2.7,-0.1,0.5,.042
Danny Ainge,1982-83,23,BOS,80,2048,13.2,0.2,1.2,5.2,.121
Danny Ainge,1983-84,24,BOS,71,1154,10.4,-1.8,0.0,1.8,.076
Danny Ainge,1984-85,25,BOS,75,2564,14.2,0.7,1.8,6.6,.124
Danny Ainge,1985-86,26,BOS,80,2407,13.6,0.9,1.8,6.8,.136
Danny Ainge,1986-87,27,BOS,71,2499,15.2,1.2,2.0,6.7,.128
Danny Ainge,1987-88,28,BOS,81,3018,15.9,2.4,3.3,8.6,.136
Danny Ainge,1988-89,29,2TM,73,2377,18.0,2.5,2.7,6.7,.135
Danny Ainge,1988-89,29,BOS,45,1349,17.5,2.3,1.5,3.8,.133
Danny Ainge,1988-89,29,SAC,28,1028,18.6,2.7,1.2,2.9,.136
Danny Ainge,1989-90,30,SAC,75,2727,16.1,1.1,2.1,4.8,.085
Danny Ainge,1990-91,31,POR,80,1710,17.0,3.7,2.5,6.2,.175
Danny Ainge,1991-92,32,POR,81,1595,15.4,1.9,1.6,5.2,.155
Danny Ainge,1992-93,33,PHO,80,2163,14.3,1.4,1.9,6.2,.139
Danny Ainge,1993-94,34,PHO,68,1555,11.8,-1.3,0.3,2.8,.087
Danny Ainge,1994-95,35,PHO,74,1374,14.3,0.4,0.8,3.4,.118
Matt Aitch,1967-68,23,INA,45,637,12.1,,,0.5,.040
Alexis Ajinça,2008-09,20,CHA,31,182,7.0,-7.5,-0.3,-0.1,-0.018
Alexis Ajinça,2009-10,21,CHA,6,30,6.3,-5.3,0.0,0.0,-0.013
Alexis Ajinça,2010-11,22,2TM,34,340,12.2,-3.8,-0.2,0.4,.052
Alexis Ajinça,2010-11,22,DAL,10,75,12.8,-2.9,0.0,0.1,.084
Alexis Ajinça,2010-11,22,TOR,24,265,12.0,-4.1,-0.1,0.2,.042
Alexis Ajinça,2011-12,,Did not play - other pro league,,,,,,,
Alexis Ajinça,2012-13,,Did not play - other pro league,,,,,,,
Alexis Ajinça,2013-14,25,NOP,56,951,14.6,-2.6,-0.1,2.1,.104
Alexis Ajinça,2014-15,26,NOP,68,957,19.9,-0.3,0.4,3.2,.159
Alexis Ajinça,2015-16,27,NOP,59,861,13.8,-4.0,-0.4,1.0,.058
Alexis Ajinça,2016-17,28,NOP,39,584,12.9,-3.3,-0.2,1.0,.080
Henry Akin,1966-67,22,NYK,50,453,8.5,,,-0.7,-0.073
Henry Akin,1967-68,23,SEA,36,259,6.5,,,-0.6,-0.103
Henry Akin,1968-69,24,KEN,2,25,-1.3,,,0.0,-0.002
Josh Akognon,2012-13,26,DAL,3,9,15.3,-3.0,0.0,0.0,.196
DeVaughn Akoon-Purcell,2018-19,25,DEN,7,22,8.2,-5.8,0.0,0.0,-0.051
Solomon Alabi,2010-11,22,TOR,12,59,2.0,-8.9,-0.1,-0.2,-0.142
Solomon Alabi,2011-12,23,TOR,14,122,14.2,-2.2,0.0,0.2,.083
Mark Alarie,1986-87,23,DEN,64,1110,12.5,-3.2,-0.3,1.5,.064
Mark Alarie,1987-88,24,WSB,63,769,11.6,-3.2,-0.2,0.9,.058
Mark Alarie,1988-89,25,WSB,74,1141,13.3,-2.0,0.0,2.2,.093
Mark Alarie,1989-90,26,WSB,82,1893,14.1,-1.3,0.3,3.1,.079
Mark Alarie,1990-91,27,WSB,42,587,11.3,-3.8,-0.3,0.6,.050
Mark Alarie,1991-92,,Did not play - injury,,,,,,,
Gary Alcorn,1959-60,23,DET,58,670,7.6,,,-1.3,-0.090
Gary Alcorn,1960-61,24,LAL,20,174,2.5,,,0.0,-0.002
Santi Aldama,2021-22,21,MEM,32,360,10.2,-5.7,-0.3,0.3,.044
Santi Aldama,2022-23,22,MEM,77,1682,13.9,0.5,1.1,4.6,.130
Santi Aldama,2023-24,23,MEM,61,1618,13.1,-0.2,0.7,2.4,.070
Santi Aldama,2024-25,24,MEM,65,1660,16.8,3.2,2.2,5.0,.144
Furkan Aldemir,2012-13,,Did not play - other pro league,,,,,,,
Furkan Aldemir,2013-14,,Did not play - other pro league,,,,,,,
Furkan Aldemir,2014-15,23,PHI,41,540,12.0,-3.6,-0.2,1.4,.122
Cole Aldrich,2010-11,22,OKC,18,142,7.0,-4.0,-0.1,0.2,.066
Cole Aldrich,2011-12,23,OKC,26,173,17.7,1.0,0.1,0.6,.176
Cole Aldrich,2012-13,24,2TM,45,388,11.1,-2.9,-0.1,0.6,.070
Cole Aldrich,2012-13,24,HOU,30,213,7.3,-5.0,-0.2,0.2,.038
Cole Aldrich,2012-13,24,SAC,15,175,15.7,-0.5,0.1,0.4,.109
Cole Aldrich,2013-14,25,NYK,46,330,19.1,1.5,0.3,1.2,.178
Cole Aldrich,2014-15,26,NYK,61,976,18.1,0.3,0.6,2.2,.107
Cole Aldrich,2015-16,27,LAC,60,800,21.3,2.4,0.9,3.5,.209
Cole Aldrich,2016-17,28,MIN,62,531,12.7,-0.8,0.2,1.3,.116
Cole Aldrich,2017-18,29,MIN,21,49,6.0,-7.5,-0.1,0.0,-0.013
LaMarcus Aldridge,2006-07,21,POR,63,1392,17.1,-1.4,0.2,3.4,.118
LaMarcus Aldridge,2007-08,22,POR,76,2649,18.5,0.2,1.5,6.2,.113
LaMarcus Aldridge,2008-09,23,POR,81,3004,19.1,1.3,2.5,9.5,.151
LaMarcus Aldridge,2009-10,24,POR,78,2922,18.2,1.2,2.3,8.8,.145
LaMarcus Aldridge,2010-11,25,POR,81,3211,21.5,2.1,3.4,11.1,.166
LaMarcus Aldridge,2011-12,26,POR,55,1994,22.7,3.0,2.5,7.0,.169
LaMarcus Aldridge,2012-13,27,POR,74,2790,20.4,1.3,2.3,7.2,.124
LaMarcus Aldridge,2013-14,28,POR,69,2498,21.8,2.3,2.7,7.5,.144
LaMarcus Aldridge,2014-15,29,POR,71,2512,22.8,2.9,3.1,8.6,.165
LaMarcus Aldridge,2015-16,30,SAS,74,2261,22.4,2.3,2.5,10.1,.215
LaMarcus Aldridge,2016-17,31,SAS,72,2335,18.6,0.8,1.7,7.2,.149
LaMarcus Aldridge,2017-18,32,SAS,75,2509,25.0,3.9,3.7,10.9,.209
LaMarcus Aldridge,2018-19,33,SAS,81,2687,22.9,1.8,2.6,9.3,.167
LaMarcus Aldridge,2019-20,34,SAS,53,1754,19.7,1.4,1.5,4.5,.122
LaMarcus Aldridge,2020-21,35,2TM,26,674,15.7,-0.3,0.3,1.1,.080
LaMarcus Aldridge,2020-21,35,SAS,21,544,15.1,-0.9,0.2,0.8,.067
LaMarcus Aldridge,2020-21,35,BRK,5,130,18.2,2.2,0.1,0.4,.135
LaMarcus Aldridge,2021-22,36,BRK,47,1050,19.6,0.7,0.7,3.1,.141
Chuck Aleksinas,1982-83,,Did not play - waived,,,,,,,
Chuck Aleksinas,1983-84,,Did not play - other pro league,,,,,,,
Chuck Aleksinas,1984-85,25,GSW,74,1114,9.1,-5.6,-1.0,0.4,.019
Cliff Alexander,2015-16,20,POR,8,36,11.6,0.0,0.0,0.0,.052
Cory Alexander,1995-96,22,SAS,60,560,8.7,-4.3,-0.3,0.2,.021
Cory Alexander,1996-97,23,SAS,80,1454,14.3,-0.6,0.5,1.1,.035
Cory Alexander,1997-98,24,2TM,60,1298,15.2,0.5,0.8,2.2,.081
Cory Alexander,1997-98,24,SAS,37,501,11.1,-1.2,0.1,0.7,.065
Cory Alexander,1997-98,24,DEN,23,797,17.8,1.5,0.7,1.5,.091
Cory Alexander,1998-99,25,DEN,36,778,11.0,-3.4,-0.3,-0.3,-0.016
Cory Alexander,1999-00,26,DEN,29,329,8.8,-2.4,0.0,-0.1,-0.012
Cory Alexander,2000-01,27,ORL,26,227,6.3,-6.0,-0.2,-0.1,-0.031
Cory Alexander,2001-02,,Did not play - unsigned,,,,,,,
Cory Alexander,2002-03,,Did not play - other pro league,,,,,,,
Cory Alexander,2003-04,,Did not play - other pro league,,,,,,,
Cory Alexander,2004-05,31,CHA,16,201,8.8,-3.4,-0.1,0.0,.002
Courtney Alexander,2000-01,23,2TM,65,1382,11.6,-4.3,-0.8,0.8,.027
Courtney Alexander,2000-01,23,DAL,38,472,6.8,-6.2,-0.5,-0.1,-0.013
Courtney Alexander,2000-01,23,WAS,27,910,14.2,-3.3,-0.3,0.9,.048
Courtney Alexander,2001-02,24,WAS,56,1325,13.6,-2.2,-0.1,2.2,.080
Courtney Alexander,2002-03,25,NOH,66,1360,9.3,-4.5,-0.9,1.1,.040
Gary Alexander,1993-94,24,2TM,11,55,8.6,-8.1,-0.1,0.0,-0.032
Gary Alexander,1993-94,24,MIA,4,12,0.8,-10.0,0.0,0.0,-0.090
Gary Alexander,1993-94,24,CLE,7,43,10.7,-7.6,-0.1,0.0,-0.015
Joe Alexander,2008-09,22,MIL,59,716,10.1,-3.5,-0.3,0.4,.030
Joe Alexander,2009-10,23,CHI,8,29,2.8,-8.3,0.0,0.0,.030
Kyle Alexander,2019-20,23,MIA,2,13,4.7,-10.1,0.0,0.0,-0.003
Trey Alexander,2024-25,21,DEN,24,117,2.9,-9.7,-0.2,-0.2,-0.077
Ty-Shon Alexander,2020-21,22,PHO,15,47,4.2,-6.5,-0.1,0.0,-0.048
Victor Alexander,1991-92,22,GSW,80,1350,13.9,-2.0,0.0,2.5,.090
Victor Alexander,1992-93,23,GSW,72,1753,14.3,-1.6,0.2,3.0,.083
Victor Alexander,1993-94,24,GSW,69,1318,14.0,-2.1,0.0,2.3,.083
Victor Alexander,1994-95,25,GSW,50,1237,12.8,-2.9,-0.3,1.1,.044
Victor Alexander,1995-96,,Did not play - waived,,,,,,,
Victor Alexander,1996-97,,Did not play - other pro league,,,,,,,
Victor Alexander,1997-98,,Did not play - other pro league,,,,,,,
Victor Alexander,1998-99,,Did not play - other pro league,,,,,,,
Victor Alexander,1999-00,,Did not play - other pro league,,,,,,,
Victor Alexander,2000-01,,Did not play - other pro league,,,,,,,
Victor Alexander,2001-02,32,DET,15,97,9.2,-8.8,-0.2,-0.1,-0.073
Nickeil Alexander-Walker,2019-20,21,NOP,47,591,8.9,-4.6,-0.4,-0.2,-0.020
Nickeil Alexander-Walker,2020-21,22,NOP,46,1007,12.5,-1.3,0.2,0.7,.035
Nickeil Alexander-Walker,2021-22,23,2TM,65,1466,10.5,-2.9,-0.3,0.1,.003
Nickeil Alexander-Walker,2021-22,23,NOP,50,1317,10.5,-3.0,-0.3,-0.1,-0.005
Nickeil Alexander-Walker,2021-22,23,UTA,15,149,10.2,-1.7,0.0,0.2,.070
Nickeil Alexander-Walker,2022-23,24,2TM,59,884,11.6,-0.9,0.2,1.1,.062
Nickeil Alexander-Walker,2022-23,24,UTA,36,528,13.0,0.5,0.3,0.8,.074
Nickeil Alexander-Walker,2022-23,24,MIN,23,356,9.6,-3.0,-0.1,0.3,.044
Nickeil Alexander-Walker,2023-24,25,MIN,82,1921,10.9,0.2,1.1,4.3,.107
Nickeil Alexander-Walker,2024-25,26,MIN,82,2073,11.6,-0.4,0.8,4.3,.099
Steve Alford,1987-88,23,DAL,28,197,11.6,-1.1,0.0,0.3,.082
Steve Alford,1988-89,24,2TM,66,906,11.9,-2.5,-0.1,1.4,.072
Steve Alford,1988-89,24,DAL,9,38,7.2,-4.4,0.0,0.0,-0.026
Steve Alford,1988-89,24,GSW,57,868,12.1,-2.5,-0.1,1.4,.076
Steve Alford,1989-90,25,DAL,41,302,18.7,1.6,0.3,0.9,.144
Steve Alford,1990-91,26,DAL,34,236,20.5,2.1,0.2,0.6,.121
Rawle Alkins,2018-19,21,CHI,10,120,8.1,-7.3,-0.2,-0.1,-0.042
Bill Allen,1967-68,,ANA,38,857,11.9,,,0.6,.033
Bob Allen,1968-69,22,SFW,27,232,6.8,,,0.1,.028
Grayson Allen,2018-19,23,UTA,38,416,7.5,-6.3,-0.5,0.0,.002
Grayson Allen,2019-20,24,MEM,38,718,12.0,-1.3,0.1,1.2,.082
Grayson Allen,2020-21,25,MEM,50,1259,12.8,-0.2,0.6,2.7,.101
Grayson Allen,2021-22,26,MIL,66,1805,12.7,0.4,1.1,4.2,.110
Grayson Allen,2022-23,27,MIL,72,1972,12.3,0.1,1.0,5.1,.123
Grayson Allen,2023-24,28,PHO,75,2513,13.8,1.3,2.0,6.9,.132
Grayson Allen,2024-25,29,PHO,64,1544,13.7,-0.3,0.7,2.5,.079
Jarrett Allen,2017-18,19,BRK,72,1441,17.5,-0.8,0.5,4.2,.141
Jarrett Allen,2018-19,20,BRK,80,2096,18.5,1.6,1.9,7.6,.175
Jarrett Allen,2019-20,21,BRK,70,1852,20.7,2.3,2.0,8.2,.212
Jarrett Allen,2020-21,22,2TM,63,1864,20.1,1.1,1.4,6.4,.166
Jarrett Allen,2020-21,22,BRK,12,320,21.5,2.6,0.4,1.4,.216
Jarrett Allen,2020-21,22,CLE,51,1544,19.8,0.8,1.1,5.0,.155
Jarrett Allen,2021-22,23,CLE,56,1809,23.0,3.9,2.7,8.5,.225
Jarrett Allen,2022-23,24,CLE,68,2220,19.9,2.4,2.4,9.5,.205
Jarrett Allen,2023-24,25,CLE,77,2442,21.8,3.0,3.1,10.7,.210
Jarrett Allen,2024-25,26,CLE,82,2296,22.1,4.2,3.6,11.6,.243
Jerome Allen,1995-96,23,MIN,41,362,7.8,-4.6,-0.2,-0.3,-0.033
Jerome Allen,1996-97,24,2TM,76,943,8.7,-2.6,-0.1,0.4,.021
Jerome Allen,1996-97,24,IND,51,692,8.7,-2.3,-0.1,0.5,.035
Jerome Allen,1996-97,24,DEN,25,251,8.9,-3.5,-0.1,-0.1,-0.019
Kadeem Allen,2017-18,25,BOS,18,107,2.6,-7.7,-0.2,-0.1,-0.038
Kadeem Allen,2018-19,26,NYK,19,416,16.2,0.5,0.3,1.0,.111
Kadeem Allen,2019-20,27,NYK,10,117,14.0,-0.9,0.0,0.1,.053
Lavoy Allen,2011-12,22,PHI,41,624,12.7,-1.7,0.0,1.6,.124
Lavoy Allen,2012-13,23,PHI,79,1669,11.5,-3.3,-0.6,2.5,.072
Lavoy Allen,2013-14,24,2TM,65,1072,12.5,-3.5,-0.4,1.5,.066
Lavoy Allen,2013-14,24,PHI,51,960,11.9,-3.8,-0.4,1.1,.053
Lavoy Allen,2013-14,24,IND,14,112,17.5,-0.5,0.0,0.4,.180
Lavoy Allen,2014-15,25,IND,63,1070,14.9,0.0,0.6,2.8,.127
Lavoy Allen,2015-16,26,IND,79,1599,12.4,-1.6,0.2,3.7,.110
Lavoy Allen,2016-17,27,IND,61,871,11.6,-1.7,0.1,1.7,.093
Lucius Allen,1969-70,22,SEA,81,1817,13.7,,,2.2,.059
Lucius Allen,1970-71,23,MIL,61,1162,12.2,,,1.9,.078
Lucius Allen,1971-72,24,MIL,80,2316,15.9,,,7.6,.157
Lucius Allen,1972-73,25,MIL,80,2693,16.0,,,7.6,.135
Lucius Allen,1973-74,26,MIL,72,2388,18.8,2.5,2.7,8.2,.164
Lucius Allen,1974-75,27,2TM,66,2353,17.5,0.4,1.4,3.6,.074
Lucius Allen,1974-75,27,MIL,10,342,15.7,-1.2,0.1,0.4,.059
Lucius Allen,1974-75,27,LAL,56,2011,17.8,0.7,1.4,3.2,.077
Lucius Allen,1975-76,28,LAL,76,2388,15.1,-1.2,0.5,3.9,.079
Lucius Allen,1976-77,29,LAL,78,2482,15.6,0.0,1.2,4.9,.094
Lucius Allen,1977-78,30,KCK,77,2147,13.3,-1.0,0.6,2.1,.046
Lucius Allen,1978-79,31,KCK,31,413,8.7,-3.3,-0.1,0.1,.007
Malik Allen,2001-02,23,MIA,12,161,15.0,-1.1,0.0,0.5,.141
Malik Allen,2002-03,24,MIA,80,2318,9.9,-4.4,-1.4,0.9,.018
Malik Allen,2003-04,25,MIA,45,616,10.5,-3.8,-0.3,0.7,.051
Malik Allen,2004-05,26,2TM,36,519,14.2,-1.8,0.0,1.1,.100
Malik Allen,2004-05,26,MIA,14,248,13.6,-1.6,0.0,0.6,.113
Malik Allen,2004-05,26,CHA,22,271,14.8,-2.0,0.0,0.5,.088
Malik Allen,2005-06,27,CHI,54,701,11.5,-2.7,-0.1,1.0,.068
Malik Allen,2006-07,28,CHI,60,638,10.4,-3.4,-0.2,1.0,.073
Malik Allen,2007-08,29,2TM,73,1096,9.8,-3.5,-0.4,1.0,.045
Malik Allen,2007-08,29,NJN,48,763,10.1,-3.6,-0.3,0.4,.023
Malik Allen,2007-08,29,DAL,25,333,9.1,-3.3,-0.1,0.7,.096
Malik Allen,2008-09,30,MIL,49,579,7.3,-4.5,-0.4,0.3,.024
Malik Allen,2009-10,31,DEN,51,456,5.9,-5.7,-0.4,0.1,.009
Malik Allen,2010-11,32,ORL,18,178,3.3,-5.4,-0.2,0.2,.046
Randy Allen,1988-89,24,SAC,7,43,6.9,-7.2,-0.1,0.0,-0.035
Randy Allen,1989-90,25,SAC,63,746,8.4,-5.2,-0.6,0.2,.014
Ray Allen,1996-97,21,MIL,82,2532,14.6,-0.1,1.2,4.9,.092
Ray Allen,1997-98,22,MIL,82,3287,16.2,1.0,2.5,7.0,.102
Ray Allen,1998-99,23,MIL,50,1719,18.9,2.4,1.9,5.2,.146
Ray Allen,1999-00,24,MIL,82,3070,20.6,3.6,4.3,10.1,.157
Ray Allen,2000-01,25,MIL,82,3129,22.9,5.5,5.9,13.7,.211
Ray Allen,2001-02,26,MIL,69,2525,21.6,4.9,4.4,8.9,.169
Ray Allen,2002-03,27,2TM,76,2880,21.3,3.6,4.1,9.1,.152
Ray Allen,2002-03,27,MIL,47,1683,19.9,1.6,1.5,4.3,.123
Ray Allen,2002-03,27,SEA,29,1197,23.3,6.6,2.6,4.8,.193
Ray Allen,2003-04,28,SEA,56,2152,21.7,4.0,3.2,6.9,.153
Ray Allen,2004-05,29,SEA,78,3064,20.9,4.1,4.8,10.7,.168
Ray Allen,2005-06,30,SEA,78,3022,22.2,4.4,4.9,9.5,.150
Ray Allen,2006-07,31,SEA,55,2219,21.6,3.7,3.2,6.3,.136
Ray Allen,2007-08,32,BOS,73,2624,16.4,3.0,3.3,9.7,.177
Ray Allen,2008-09,33,BOS,79,2876,17.3,4.0,4.3,11.1,.186
Ray Allen,2009-10,34,BOS,80,2819,15.2,1.2,2.3,7.9,.135
Ray Allen,2010-11,35,BOS,80,2890,16.4,2.9,3.6,10.0,.166
Ray Allen,2011-12,36,BOS,46,1565,14.8,2.2,1.6,4.7,.145
Ray Allen,2012-13,37,MIA,79,2035,14.7,0.3,1.2,5.4,.126
Ray Allen,2013-14,38,MIA,73,1936,12.8,-0.4,0.8,4.1,.101
Timmy Allen,2023-24,24,MEM,5,125,0.8,-11.1,-0.3,-0.1,-0.041
Tony Allen,2004-05,23,BOS,77,1262,14.7,0.1,0.7,2.7,.103
Tony Allen,2005-06,24,BOS,51,978,12.9,-1.4,0.1,1.7,.082
Tony Allen,2006-07,25,BOS,33,805,17.0,1.0,0.6,1.9,.111
Tony Allen,2007-08,26,BOS,75,1373,10.7,-1.7,0.1,2.7,.093
Tony Allen,2008-09,27,BOS,46,887,12.9,0.1,0.5,1.6,.085
Tony Allen,2009-10,28,BOS,54,889,14.2,0.4,0.5,1.9,.100
Tony Allen,2010-11,29,MEM,72,1494,18.4,3.6,2.1,4.7,.152
Tony Allen,2011-12,30,MEM,58,1525,15.7,1.7,1.4,4.2,.131
Tony Allen,2012-13,31,MEM,79,2109,13.2,0.4,1.2,5.1,.115
Tony Allen,2013-14,32,MEM,55,1278,15.6,1.0,1.0,2.7,.100
Tony Allen,2014-15,33,MEM,63,1648,14.6,1.6,1.5,4.1,.119
Tony Allen,2015-16,34,MEM,64,1620,12.9,-1.0,0.4,2.4,.072
Tony Allen,2016-17,35,MEM,71,1914,13.3,-1.0,0.5,3.1,.077
Tony Allen,2017-18,36,NOP,22,273,8.7,-5.5,-0.2,0.1,.017
Willie Allen,1971-72,22,FLO,7,30,5.7,,,0.0,-0.021
Willie Allen,1972-73,,Did not play - other pro league,,,,,,,
Odis Allison,1971-72,22,GSW,36,166,4.7,,,-0.6,-0.181
Lance Allred,2007-08,26,CLE,3,10,-1.0,-11.1,0.0,0.0,-0.125
Darrell Allums,1980-81,22,DAL,22,276,5.3,-5.6,-0.3,-0.3,-0.054
Morris Almond,2007-08,22,UTA,9,39,2.0,-12.0,-0.1,-0.1,-0.081
Morris Almond,2008-09,23,UTA,25,255,7.3,-6.3,-0.3,0.1,.010
Morris Almond,2009-10,,Did not play - other pro league,,,,,,,
Morris Almond,2010-11,,Did not play - other pro league,,,,,,,
Morris Almond,2011-12,26,WAS,4,67,8.7,-1.8,0.0,0.0,.032
Derrick Alston,1994-95,22,PHI,64,1032,11.6,-2.6,-0.2,1.0,.045
Derrick Alston,1995-96,23,PHI,73,1614,11.8,-2.8,-0.3,1.7,.052
Derrick Alston,1996-97,24,ATL,2,11,-9.0,-21.6,-0.1,-0.1,-0.415
Rafer Alston,1998-99,,Did not play - other pro league,,,,,,,
Rafer Alston,1999-00,23,MIL,27,361,4.3,-7.3,-0.5,-0.7,-0.095
Rafer Alston,2000-01,24,MIL,37,288,12.1,-2.1,0.0,0.3,.055
Rafer Alston,2001-02,25,MIL,50,600,13.9,-0.7,0.2,0.7,.059
Rafer Alston,2002-03,26,TOR,47,980,14.4,-0.8,0.3,1.2,.059
Rafer Alston,2003-04,27,MIA,82,2581,13.7,0.9,1.9,5.9,.110
Rafer Alston,2004-05,28,TOR,80,2717,16.5,0.9,2.0,5.5,.098
Rafer Alston,2005-06,29,HOU,63,2431,12.6,-0.4,1.0,3.4,.067
Rafer Alston,2006-07,30,HOU,82,3040,12.9,0.6,2.0,6.6,.104
Rafer Alston,2007-08,31,HOU,74,2526,13.2,0.5,1.6,5.0,.095
Rafer Alston,2008-09,32,2TM,77,2447,13.8,0.8,1.8,5.3,.104
Rafer Alston,2008-09,32,HOU,48,1591,12.8,0.2,0.9,2.9,.088
Rafer Alston,2008-09,32,ORL,29,856,15.6,2.0,0.9,2.4,.135
Rafer Alston,2009-10,33,2TM,52,1421,8.2,-3.8,-0.6,-0.4,-0.013
Rafer Alston,2009-10,33,NJN,27,766,8.7,-4.0,-0.4,-0.8,-0.051
Rafer Alston,2009-10,33,MIA,25,655,7.7,-3.4,-0.2,0.4,.031
Rafer Alston,2010-11,,Did not play - other pro league,,,,,,,
Peter Aluma,1998-99,25,SAC,2,5,3.1,-19.8,0.0,0.0,-0.206
Jose Alvarado,2021-22,23,NOP,54,834,16.4,1.9,0.8,2.1,.121
Jose Alvarado,2022-23,24,NOP,61,1310,11.8,-1.2,0.3,1.8,.066
Jose Alvarado,2023-24,25,NOP,56,1028,12.5,-0.1,0.5,2.1,.097
Jose Alvarado,2024-25,26,NOP,56,1366,13.4,-1.4,0.2,1.2,.043
John Amaechi,1995-96,25,CLE,28,357,3.1,-9.1,-0.6,-0.6,-0.075
John Amaechi,1996-97,,Did not play - other pro league,,,,,,,
John Amaechi,1997-98,,Did not play - other pro league,,,,,,,
John Amaechi,1998-99,,Did not play - other pro league,,,,,,,
John Amaechi,1999-00,29,ORL,80,1684,13.2,-2.5,-0.2,2.4,.067
John Amaechi,2000-01,30,ORL,82,1710,8.7,-6.1,-1.7,0.0,.001
John Amaechi,2001-02,31,UTA,54,586,5.4,-8.2,-0.9,-0.7,-0.056
John Amaechi,2002-03,32,UTA,50,474,3.1,-8.0,-0.7,-0.7,-0.070
Ashraf Amaya,1995-96,24,VAN,54,1104,11.8,-4.8,-0.8,1.8,.078
Ashraf Amaya,1996-97,25,WSB,31,144,8.8,-7.1,-0.2,0.1,.019
Al-Farouq Aminu,2010-11,20,LAC,81,1452,9.6,-2.8,-0.3,0.7,.022
Al-Farouq Aminu,2011-12,21,NOH,66,1477,10.6,-2.2,-0.1,1.4,.044
Al-Farouq Aminu,2012-13,22,NOH,76,2066,13.7,-0.1,1.0,3.1,.073
Al-Farouq Aminu,2013-14,23,NOP,80,2045,13.2,-0.6,0.7,3.1,.072
Al-Farouq Aminu,2014-15,24,DAL,74,1366,14.4,0.7,1.0,3.3,.115
Al-Farouq Aminu,2015-16,25,POR,82,2341,12.7,0.1,1.2,4.0,.082
Al-Farouq Aminu,2016-17,26,POR,61,1773,11.3,-1.1,0.4,1.9,.051
Al-Farouq Aminu,2017-18,27,POR,69,2072,12.0,0.4,1.3,4.2,.097
Al-Farouq Aminu,2018-19,28,POR,81,2292,13.2,0.7,1.5,5.8,.121
Al-Farouq Aminu,2019-20,29,ORL,18,380,7.6,-3.0,-0.1,0.1,.014
Al-Farouq Aminu,2020-21,30,2TM,23,434,8.9,-3.8,-0.2,0.1,.010
Al-Farouq Aminu,2020-21,30,ORL,17,367,9.9,-3.1,-0.1,0.1,.014
Al-Farouq Aminu,2020-21,30,CHI,6,67,3.0,-7.3,-0.1,0.0,-0.013
Lou Amundson,2006-07,24,2TM,11,89,9.6,-4.8,-0.1,0.1,.039
Lou Amundson,2006-07,24,UTA,1,2,0.0,-7.3,0.0,0.0,-0.004
Lou Amundson,2006-07,24,PHI,10,87,9.8,-4.8,-0.1,0.1,.040
Lou Amundson,2007-08,25,PHI,16,64,7.4,-8.5,-0.1,0.1,.043
Lou Amundson,2008-09,26,PHO,76,1044,13.3,-2.5,-0.1,1.8,.082
Lou Amundson,2009-10,27,PHO,79,1168,14.4,-1.1,0.3,2.9,.118
Lou Amundson,2010-11,28,GSW,46,691,11.5,-4.5,-0.4,0.6,.044
Lou Amundson,2011-12,29,IND,60,753,11.5,-4.0,-0.4,1.0,.062
Lou Amundson,2012-13,30,3TM,39,372,9.3,-4.2,-0.2,0.1,.019
Lou Amundson,2012-13,30,MIN,20,161,6.3,-7.9,-0.2,-0.1,-0.038
Lou Amundson,2012-13,30,CHI,1,2,0.0,-22.8,0.0,0.0,-0.274
Lou Amundson,2012-13,30,NOH,18,209,11.7,-1.1,0.0,0.3,.065
Lou Amundson,2013-14,31,2TM,19,185,9.1,-6.5,-0.2,0.1,.024
Lou Amundson,2013-14,31,NOP,18,184,9.2,-6.5,-0.2,0.1,.024
Lou Amundson,2013-14,31,CHI,1,1,0.0,-8.3,0.0,0.0,.029
Lou Amundson,2014-15,32,2TM,53,937,11.8,-4.3,-0.5,0.3,.017
Lou Amundson,2014-15,32,CLE,12,79,3.8,-8.2,-0.1,0.0,-0.011
Lou Amundson,2014-15,32,NYK,41,858,12.5,-3.9,-0.4,0.4,.020
Lou Amundson,2015-16,33,NYK,29,204,6.7,-6.9,-0.3,-0.1,-0.014
Bob Anderegg,1959-60,22,NYK,33,373,9.3,,,0.0,.002
Chris Andersen,1999-00,,Did not play - other pro league,,,,,,,
Chris Andersen,2000-01,,Did not play - other pro league,,,,,,,
Chris Andersen,2001-02,23,DEN,24,262,13.8,-3.0,-0.1,0.3,.058
Chris Andersen,2002-03,24,DEN,59,907,14.0,-2.0,0.0,1.1,.059
Chris Andersen,2003-04,25,DEN,71,1029,14.4,0.4,0.6,2.4,.111
Chris Andersen,2004-05,26,NOH,67,1430,18.5,1.6,1.3,4.5,.152
Chris Andersen,2005-06,27,NOK,32,570,14.1,-1.2,0.1,1.3,.112
Chris Andersen,2006-07,,Did not play - suspended,,,,,,,
Chris Andersen,2007-08,29,NOH,5,34,6.1,-6.5,0.0,0.0,.012
Chris Andersen,2008-09,30,DEN,71,1460,18.1,2.2,1.5,5.4,.176
Chris Andersen,2009-10,31,DEN,76,1695,15.8,1.8,1.6,5.9,.166
Chris Andersen,2010-11,32,DEN,45,732,19.0,3.0,0.9,3.2,.207
Chris Andersen,2011-12,33,DEN,32,486,18.9,2.3,0.5,1.9,.183
Chris Andersen,2012-13,34,MIA,42,624,17.4,-0.2,0.3,2.7,.207
Chris Andersen,2013-14,35,MIA,72,1396,18.5,1.2,1.1,6.0,.205
Chris Andersen,2014-15,36,MIA,60,1132,16.1,1.1,0.9,3.6,.151
Chris Andersen,2015-16,37,2TM,27,402,15.3,0.7,0.3,1.3,.149
Chris Andersen,2015-16,37,MIA,7,36,17.6,4.5,0.1,0.1,.165
Chris Andersen,2015-16,37,MEM,20,366,15.1,0.4,0.2,1.1,.148
Chris Andersen,2016-17,38,CLE,12,114,11.6,-2.5,0.0,0.2,.102
David Andersen,2002-03,,Did not play - other pro league,,,,,,,
David Andersen,2003-04,,Did not play - other pro league,,,,,,,
David Andersen,2004-05,,Did not play - other pro league,,,,,,,
David Andersen,2005-06,,Did not play - other pro league,,,,,,,
David Andersen,2006-07,,Did not play - other pro league,,,,,,,
David Andersen,2007-08,,Did not play - other pro league,,,,,,,
David Andersen,2008-09,,Did not play - other pro league,,,,,,,
David Andersen,2009-10,29,HOU,63,891,12.1,-2.6,-0.1,1.3,.070
David Andersen,2010-11,30,2TM,40,373,10.9,-3.4,-0.1,0.3,.032
David Andersen,2010-11,30,TOR,11,150,13.8,-0.5,0.1,0.2,.063
David Andersen,2010-11,30,NOH,29,223,8.9,-5.4,-0.2,0.1,.012
Alan Anderson,2005-06,23,CHA,36,564,10.4,-3.3,-0.2,0.4,.037
Alan Anderson,2006-07,24,CHA,17,256,10.1,-4.5,-0.2,0.1,.024
Alan Anderson,2007-08,,Did not play - other pro league,,,,,,,
Alan Anderson,2008-09,,Did not play - other pro league,,,,,,,
Alan Anderson,2009-10,,Did not play - other pro league,,,,,,,
Alan Anderson,2010-11,,Did not play - other pro league,,,,,,,
Alan Anderson,2011-12,29,TOR,17,461,8.7,-3.0,-0.1,0.3,.032
Alan Anderson,2012-13,30,TOR,65,1495,12.6,-1.8,0.1,1.6,.052
Alan Anderson,2013-14,31,BRK,78,1773,9.5,-2.8,-0.4,1.7,.047
Alan Anderson,2014-15,32,BRK,74,1744,10.6,-1.5,0.2,2.7,.075
Alan Anderson,2015-16,33,WAS,13,192,9.2,-2.3,0.0,0.3,.078
Alan Anderson,2016-17,34,LAC,30,308,5.0,-6.1,-0.3,0.1,.020
Andy Anderson,1967-68,22,OAK,77,1894,7.6,,,-0.5,-0.012
Andy Anderson,1968-69,23,2TM,36,742,13.6,,,1.7,.107
Andy Anderson,1968-69,23,OAK,3,24,15.7,,,0.1,.165
Andy Anderson,1968-69,23,MMF,33,718,13.6,,,1.6,.105
Andy Anderson,1969-70,24,2TM,81,2150,13.0,,,2.3,.052
Andy Anderson,1969-70,24,MMF,32,617,12.3,,,1.0,.078
Andy Anderson,1969-70,24,LAS,49,1533,13.2,,,1.3,.041
Antonio Anderson,2009-10,24,OKC,1,15,-1.7,-12.4,0.0,0.0,-0.104
Cliff Anderson,1967-68,23,LAL,18,94,4.5,,,-0.2,-0.113
Cliff Anderson,1968-69,24,LAL,35,289,11.5,,,0.4,.063
Cliff Anderson,1969-70,25,DNR,3,22,6.7,,,0.0,.082
Cliff Anderson,1970-71,26,2TM,28,198,12.8,,,0.1,.022
Cliff Anderson,1970-71,26,CLE,23,171,13.2,,,0.1,.022
Cliff Anderson,1970-71,26,PHI,5,27,10.1,,,0.0,.021
Dan Anderson,1965-66,,Did not play - other pro league,,,,,,,
Dan Anderson,1966-67,,Did not play - other pro league,,,,,,,
Dan Anderson,1967-68,24,NJA,78,2626,18.3,,,7.9,.145
Dan Anderson,1968-69,25,3TM,62,1399,15.9,,,3.0,.103
Dan Anderson,1968-69,25,NYA,25,677,15.6,,,1.1,.077
Dan Anderson,1968-69,25,KEN,8,94,3.9,,,0.0,.015
Dan Anderson,1968-69,25,MNP,29,628,18.0,,,1.9,.145
Dan Anderson,1974-75,24,POR,43,453,11.2,-2.3,0.0,0.5,.050
Dan Anderson,1975-76,25,POR,52,614,13.1,-1.4,0.1,1.1,.086
Derek Anderson,1997-98,23,CLE,66,1839,15.3,1.7,1.7,5.3,.139
Derek Anderson,1998-99,24,CLE,38,978,16.5,1.6,0.9,2.1,.105
Derek Anderson,1999-00,25,LAC,64,2201,16.9,-0.1,1.1,3.3,.073
Derek Anderson,2000-01,26,SAS,82,2859,17.1,2.4,3.2,9.9,.166
Derek Anderson,2001-02,27,POR,70,1860,15.5,1.6,1.7,5.3,.137
Derek Anderson,2002-03,28,POR,76,2556,16.9,2.3,2.8,8.1,.153
Derek Anderson,2003-04,29,POR,51,1810,15.1,0.3,1.0,3.6,.097
Derek Anderson,2004-05,30,POR,47,1239,11.7,-1.2,0.2,1.3,.052
Derek Anderson,2005-06,31,2TM,43,1047,10.8,-1.2,0.2,1.6,.074
Derek Anderson,2005-06,31,HOU,20,582,12.5,0.3,0.3,1.0,.084
Derek Anderson,2005-06,31,MIA,23,465,8.7,-3.1,-0.1,0.6,.061
Derek Anderson,2006-07,32,CHA,50,1190,13.7,0.4,0.7,2.9,.117
Derek Anderson,2007-08,33,CHA,28,396,10.0,-3.2,-0.1,0.3,.032
Dwight Anderson,1982-83,22,DEN,5,33,10.6,-4.8,0.0,0.0,.001
Eric Anderson,1992-93,22,NYK,16,44,11.3,-5.6,0.0,0.1,.091
Eric Anderson,1993-94,23,NYK,11,39,15.2,-5.1,0.0,0.1,.126
Greg Anderson,1987-88,23,SAS,82,1984,14.7,-2.7,-0.4,2.3,.056
Greg Anderson,1988-89,24,SAS,82,2401,14.9,-2.0,0.0,3.4,.069
Greg Anderson,1989-90,25,MIL,60,1291,13.0,-3.8,-0.6,2.0,.073
Greg Anderson,1990-91,26,3TM,68,924,9.1,-6.1,-1.0,-0.3,-0.017
Greg Anderson,1990-91,26,MIL,26,247,7.5,-7.9,-0.4,-0.1,-0.027
Greg Anderson,1990-91,26,NJN,1,18,26.4,9.6,0.1,0.1,.300
Greg Anderson,1990-91,26,DEN,41,659,9.2,-5.9,-0.7,-0.3,-0.022
Greg Anderson,1991-92,27,DEN,82,2793,12.6,-3.4,-1.0,3.0,.052
Greg Anderson,1992-93,,Did not play - other pro league,,,,,,,
Greg Anderson,1993-94,29,DET,77,1624,14.6,-1.6,0.2,3.4,.101
Greg Anderson,1994-95,30,ATL,51,622,12.6,-2.2,0.0,1.5,.118
Greg Anderson,1995-96,31,SAS,46,344,7.7,-3.5,-0.1,0.4,.056
Greg Anderson,1996-97,32,SAS,82,1659,11.4,-3.5,-0.6,2.2,.064
Greg Anderson,1997-98,33,ATL,50,398,10.4,-3.4,-0.1,0.7,.090
J.J. Anderson,1982-83,22,2TM,65,1202,13.7,-0.9,0.3,2.3,.094
J.J. Anderson,1982-83,22,PHI,13,48,3.9,-5.9,-0.1,-0.1,-0.082
J.J. Anderson,1982-83,22,UTA,52,1154,14.2,-0.7,0.4,2.4,.101
J.J. Anderson,1983-84,23,UTA,48,311,11.6,-3.1,-0.1,0.1,.013
J.J. Anderson,1984-85,24,UTA,44,457,8.2,-3.8,-0.2,0.2,.025
James Anderson,2010-11,21,SAS,26,286,8.5,-1.7,0.0,0.3,.051
James Anderson,2011-12,22,SAS,51,603,8.8,-4.1,-0.3,0.5,.040
James Anderson,2012-13,23,2TM,39,401,13.9,1.0,0.3,0.9,.106
James Anderson,2012-13,23,SAS,10,94,13.0,0.4,0.1,0.2,.109
James Anderson,2012-13,23,HOU,29,307,14.2,1.2,0.2,0.7,.105
James Anderson,2013-14,24,PHI,80,2309,10.9,-2.6,-0.3,1.9,.039
James Anderson,2014-15,,Did not play - waived,,,,,,,
James Anderson,2015-16,26,SAC,51,721,6.0,-4.5,-0.5,-0.3,-0.017
Jerome Anderson,1975-76,22,BOS,22,126,13.0,-2.3,0.0,0.3,.120
Jerome Anderson,1976-77,23,IND,27,164,10.1,-4.2,-0.1,0.1,.027
Justin Anderson,2015-16,22,DAL,55,647,12.3,0.3,0.4,1.1,.083
Justin Anderson,2016-17,23,2TM,75,1228,13.9,-1.3,0.2,1.9,.074
Justin Anderson,2016-17,23,DAL,51,710,14.7,-1.0,0.2,1.0,.067
Justin Anderson,2016-17,23,PHI,24,518,12.8,-1.9,0.0,0.9,.084
Justin Anderson,2017-18,24,PHI,38,519,13.0,-0.9,0.1,1.2,.115
Justin Anderson,2018-19,25,ATL,48,463,11.2,-2.7,-0.1,0.4,.043
Justin Anderson,2019-20,26,BRK,10,107,3.2,-7.7,-0.2,-0.1,-0.054
Justin Anderson,2020-21,,Did not play - waived,,,,,,,
Justin Anderson,2021-22,28,2TM,16,316,10.4,-3.2,-0.1,0.4,.054
Justin Anderson,2021-22,28,CLE,3,47,10.7,-2.6,0.0,0.1,.124
Justin Anderson,2021-22,28,IND,13,269,10.3,-3.3,-0.1,0.2,.041
Kenny Anderson,1991-92,21,NJN,64,1086,12.8,-1.8,0.1,0.5,.022
Kenny Anderson,1992-93,22,NJN,55,2010,16.6,1.6,1.8,4.4,.106
Kenny Anderson,1993-94,23,NJN,82,3135,18.2,2.4,3.4,7.5,.114
Kenny Anderson,1994-95,24,NJN,72,2689,18.0,2.2,2.8,6.8,.122
Kenny Anderson,1995-96,25,2TM,69,2344,19.5,4.3,3.7,7.7,.158
Kenny Anderson,1995-96,25,NJN,31,1042,19.8,5.4,1.9,3.7,.172
Kenny Anderson,1995-96,25,CHH,38,1302,19.2,3.4,1.8,4.0,.148
Kenny Anderson,1996-97,26,POR,82,3081,19.5,4.4,5.0,12.4,.193
Kenny Anderson,1997-98,27,2TM,61,1858,14.8,0.3,1.1,3.7,.096
Kenny Anderson,1997-98,27,POR,45,1472,13.3,-0.2,0.7,2.3,.076
Kenny Anderson,1997-98,27,BOS,16,386,20.4,2.4,0.4,1.4,.171
Kenny Anderson,1998-99,28,BOS,34,1010,16.7,0.1,0.5,2.4,.116
Kenny Anderson,1999-00,29,BOS,82,2593,17.4,1.8,2.5,7.3,.136
Kenny Anderson,2000-01,30,BOS,33,849,12.2,-2.0,0.0,1.1,.063
Kenny Anderson,2001-02,31,BOS,76,2430,13.6,-0.4,1.0,5.2,.103
Kenny Anderson,2002-03,32,2TM,61,1135,13.6,-1.0,0.3,1.6,.069
Kenny Anderson,2002-03,32,SEA,38,689,15.9,0.5,0.4,1.5,.107
Kenny Anderson,2002-03,32,NOH,23,446,10.2,-3.3,-0.2,0.1,.009
Kenny Anderson,2003-04,33,IND,44,905,11.1,-1.7,0.1,1.5,.079
Kenny Anderson,2004-05,34,2TM,43,743,10.1,-3.9,-0.4,0.2,.011
Kenny Anderson,2004-05,34,ATL,39,717,10.4,-3.7,-0.3,0.2,.016
Kenny Anderson,2004-05,34,LAC,4,26,2.9,-11.6,-0.1,-0.1,-0.125
Kenny Anderson,2005-06,,Did not play - other pro league,,,,,,,
Kim Anderson,1977-78,,Did not play - other pro league,,,,,,,
Kim Anderson,1978-79,23,POR,21,224,3.0,-7.5,-0.4,-0.4,-0.078
Kyle Anderson,2014-15,21,SAS,33,358,8.2,-1.4,0.1,0.3,.044
Kyle Anderson,2015-16,22,SAS,78,1245,12.9,1.4,1.1,3.5,.133
Kyle Anderson,2016-17,23,SAS,72,1020,12.5,1.8,1.0,2.7,.127
Kyle Anderson,2017-18,24,SAS,74,1978,15.9,2.9,2.4,6.2,.151
Kyle Anderson,2018-19,25,MEM,43,1281,12.8,0.8,0.9,2.7,.100
Kyle Anderson,2019-20,26,MEM,67,1330,12.5,0.5,0.9,2.5,.091
Kyle Anderson,2020-21,27,MEM,69,1887,17.2,3.3,2.5,5.6,.143
Kyle Anderson,2021-22,28,MEM,69,1484,14.4,1.2,1.2,3.5,.113
Kyle Anderson,2022-23,29,MIN,69,1957,14.8,2.5,2.2,5.1,.125
Kyle Anderson,2023-24,30,MIN,79,1782,12.7,1.1,1.4,4.5,.121
Kyle Anderson,2024-25,31,2TM,61,1002,15.1,1.5,0.9,2.8,.135
Kyle Anderson,2024-25,31,GSW,36,541,14.8,2.3,0.6,1.5,.132
Kyle Anderson,2024-25,31,MIA,25,461,15.3,0.6,0.3,1.3,.139
Michael Anderson,1988-89,22,SAS,36,730,10.5,-2.4,-0.1,0.2,.010
Nick Anderson,1989-90,22,ORL,81,1785,14.9,-1.0,0.5,1.8,.049
Nick Anderson,1990-91,23,ORL,70,1971,15.1,0.3,1.1,3.1,.075
Nick Anderson,1991-92,24,ORL,60,2203,16.4,1.2,1.8,3.6,.078
Nick Anderson,1992-93,25,ORL,79,2920,17.3,2.8,3.5,7.7,.126
Nick Anderson,1993-94,26,ORL,81,2811,16.9,2.5,3.2,7.6,.129
Nick Anderson,1994-95,27,ORL,76,2588,17.5,4.0,3.9,8.3,.154
Nick Anderson,1995-96,28,ORL,77,2717,16.5,2.9,3.4,7.4,.131
Nick Anderson,1996-97,29,ORL,63,2163,13.8,1.8,2.1,4.2,.093
Nick Anderson,1997-98,30,ORL,58,1701,19.6,4.8,2.9,5.3,.149
Nick Anderson,1998-99,31,ORL,47,1581,15.3,2.1,1.7,3.9,.118
Nick Anderson,1999-00,32,SAC,72,2094,11.8,-0.3,0.9,2.8,.064
Nick Anderson,2000-01,33,SAC,21,169,6.4,-3.2,-0.1,0.0,-0.011
Nick Anderson,2001-02,34,MEM,15,219,4.9,-5.9,-0.2,-0.4,-0.080
Richard Anderson,1982-83,22,SDC,78,1274,10.4,-2.6,-0.2,0.5,.017
Richard Anderson,1983-84,23,DEN,78,1380,14.6,-1.9,0.0,1.3,.044
Richard Anderson,1984-85,,Did not play - other pro league,,,,,,,
Richard Anderson,1985-86,,Did not play - other pro league,,,,,,,
Richard Anderson,1986-87,26,HOU,51,312,13.6,-1.3,0.1,0.5,.082
Richard Anderson,1987-88,27,2TM,74,1350,11.1,-0.6,0.5,2.3,.082
Richard Anderson,1987-88,27,HOU,12,53,22.9,8.8,0.1,0.3,.253
Richard Anderson,1987-88,27,POR,62,1297,10.7,-1.0,0.3,2.0,.075
Richard Anderson,1988-89,28,POR,72,1082,12.0,0.1,0.6,2.1,.093
Richard Anderson,1989-90,29,CHH,54,604,13.3,0.7,0.4,1.0,.077
Ron Anderson,1984-85,26,CLE,36,520,10.7,-2.6,-0.1,0.3,.032
Ron Anderson,1985-86,27,2TM,77,1676,14.0,-0.1,0.8,3.1,.090
Ron Anderson,1985-86,27,CLE,17,207,10.4,-2.8,0.0,0.3,.064
Ron Anderson,1985-86,27,IND,60,1469,14.5,0.3,0.9,2.9,.094
Ron Anderson,1986-87,28,IND,63,721,16.0,0.0,0.4,1.5,.100
Ron Anderson,1987-88,29,IND,74,1097,16.2,0.6,0.7,2.5,.108
Ron Anderson,1988-89,30,PHI,82,2618,15.3,-1.3,0.4,4.4,.081
Ron Anderson,1989-90,31,PHI,78,2089,13.9,-1.4,0.3,3.8,.086
Ron Anderson,1990-91,32,PHI,82,2340,15.5,-1.6,0.2,4.1,.085
Ron Anderson,1991-92,33,PHI,82,2432,14.1,-1.4,0.4,3.5,.070
Ron Anderson,1992-93,34,PHI,69,1263,11.8,-3.7,-0.5,0.5,.019
Ron Anderson,1993-94,35,2TM,21,356,9.9,-2.7,-0.1,0.5,.061
Ron Anderson,1993-94,35,NJN,11,176,9.5,-1.9,0.0,0.3,.090
Ron Anderson,1993-94,35,WSB,10,180,10.2,-3.4,-0.1,0.1,.033
Ron Anderson,1994-95,,Did not play - other pro league,,,,,,,
Ron Anderson,1995-96,,Did not play - other pro league,,,,,,,
Ron Anderson,1996-97,,Did not play - other pro league,,,,,,,
Ron Anderson,1997-98,,Did not play - other pro league,,,,,,,
Ron Anderson,1998-99,,Did not play - other pro league,,,,,,,
Ryan Anderson,2008-09,20,NJN,66,1312,13.6,-1.1,0.3,2.5,.090
Ryan Anderson,2009-10,21,ORL,63,911,18.1,2.3,1.0,3.1,.161
Ryan Anderson,2010-11,22,ORL,64,1424,19.0,4.6,2.4,6.4,.216
Ryan Anderson,2011-12,23,ORL,61,1964,21.2,4.0,3.0,8.9,.219
Ryan Anderson,2012-13,24,NOH,81,2503,18.1,2.0,2.5,6.5,.125
Ryan Anderson,2013-14,25,NOP,22,795,18.8,1.4,0.6,2.3,.138
Ryan Anderson,2014-15,26,NOP,61,1675,15.6,-0.3,0.7,3.5,.100
Ryan Anderson,2015-16,27,NOP,66,2008,17.2,-0.2,0.9,3.9,.092
Ryan Anderson,2016-17,28,HOU,72,2116,13.5,-0.4,0.9,5.2,.117
Ryan Anderson,2017-18,29,HOU,66,1725,12.6,0.1,0.9,4.8,.132
Ryan Anderson,2018-19,30,2TM,25,322,4.6,-6.4,-0.4,-0.2,-0.035
Ryan Anderson,2018-19,30,PHO,15,278,4.6,-6.3,-0.3,-0.2,-0.039
Ryan Anderson,2018-19,30,MIA,10,44,4.5,-6.5,0.0,0.0,-0.009
Ryan Anderson,2019-20,31,HOU,2,14,9.4,-2.8,0.0,0.0,-0.037
Shandon Anderson,1996-97,23,UTA,65,1066,10.4,-3.6,-0.4,1.2,.056
Shandon Anderson,1997-98,24,UTA,82,1602,15.7,0.7,1.1,4.2,.127
Shandon Anderson,1998-99,25,UTA,50,1072,12.8,-1.2,0.3,2.0,.088
Shandon Anderson,1999-00,26,HOU,82,2700,13.8,-0.5,1.1,4.9,.087
Shandon Anderson,2000-01,27,HOU,82,2396,11.9,-0.4,0.9,3.9,.078
Shandon Anderson,2001-02,28,NYK,82,1596,8.0,-2.8,-0.3,0.4,.013
Shandon Anderson,2002-03,29,NYK,82,1731,13.4,-0.3,0.7,2.7,.074
Shandon Anderson,2003-04,30,NYK,80,1974,10.1,-2.4,-0.2,1.7,.042
Shandon Anderson,2004-05,31,2TM,66,1171,9.0,-1.6,0.1,2.1,.085
Shandon Anderson,2004-05,31,NYK,1,20,-6.5,-14.6,-0.1,-0.1,-0.172
Shandon Anderson,2004-05,31,MIA,65,1151,9.2,-1.4,0.2,2.2,.090
Shandon Anderson,2005-06,32,MIA,48,638,6.2,-3.7,-0.3,0.5,.039
Willie Anderson,1988-89,22,SAS,81,2738,16.6,1.3,2.3,4.9,.085
Willie Anderson,1989-90,23,SAS,82,2788,15.2,1.3,2.4,6.5,.111
Willie Anderson,1990-91,24,SAS,75,2592,13.0,0.1,1.4,4.8,.089
Willie Anderson,1991-92,25,SAS,57,1889,13.8,0.9,1.4,3.3,.083
Willie Anderson,1992-93,26,SAS,38,560,8.7,-4.7,-0.4,-0.1,-0.007
Willie Anderson,1993-94,27,SAS,80,2488,14.2,0.3,1.4,5.6,.107
Willie Anderson,1994-95,28,SAS,38,556,10.3,-1.1,0.1,0.7,.061
Willie Anderson,1995-96,29,2TM,76,2060,11.3,-2.2,-0.1,1.4,.033
Willie Anderson,1995-96,29,TOR,49,1564,11.9,-2.1,0.0,0.9,.027
Willie Anderson,1995-96,29,NYK,27,496,9.2,-2.4,-0.1,0.5,.052
Willie Anderson,1996-97,30,MIA,28,303,12.6,0.9,0.2,0.9,.142
Willie Anderson,1997-98,,Did not play - other pro league,,,,,,,
Willie Anderson,1998-99,,Did not play - other pro league,,,,,,,
Wally Anderzunas,1969-70,24,CIN,44,370,8.8,,,-0.2,-0.023
Martynas Andriuškevičius,2005-06,19,CLE,6,9,15.5,5.2,0.0,0.0,.155
Don Anielak,1954-55,24,NYK,1,10,1.8,,,-0.1,-0.263
Ike Anigbogu,2017-18,19,IND,11,30,21.6,1.9,0.0,0.1,.165
Ike Anigbogu,2018-19,20,IND,3,6,-6.0,-16.2,0.0,-0.1,-0.480
Michael Ansley,1989-90,22,ORL,72,1221,17.3,-1.3,0.2,3.3,.129
Michael Ansley,1990-91,23,ORL,67,877,16.9,-0.2,0.4,3.1,.168
Michael Ansley,1991-92,24,2TM,10,45,9.0,-6.6,-0.1,0.0,.013
Michael Ansley,1991-92,24,PHI,8,32,9.5,-6.8,0.0,0.0,.028
Michael Ansley,1991-92,24,CHH,2,13,8.0,-6.3,0.0,0.0,-0.026
Chris Anstey,1997-98,23,DAL,41,680,13.2,-2.8,-0.1,0.6,.044
Chris Anstey,1998-99,24,DAL,41,470,9.2,-4.4,-0.3,0.3,.027
Chris Anstey,1999-00,25,CHI,73,1007,15.1,-2.3,-0.1,1.9,.090
Giannis Antetokounmpo,2013-14,19,MIL,77,1897,10.8,-2.5,-0.2,1.2,.031
Giannis Antetokounmpo,2014-15,20,MIL,81,2541,14.8,0.0,1.2,6.2,.117
Giannis Antetokounmpo,2015-16,21,MIL,80,2823,18.8,2.1,2.9,7.1,.121
Giannis Antetokounmpo,2016-17,22,MIL,80,2845,26.1,7.3,6.7,12.4,.210
Giannis Antetokounmpo,2017-18,23,MIL,75,2756,27.3,6.2,5.7,11.9,.207
Giannis Antetokounmpo,2018-19,24,MIL,72,2358,30.9,10.4,7.4,14.4,.292
Giannis Antetokounmpo,2019-20,25,MIL,63,1917,31.9,11.5,6.6,11.1,.279
Giannis Antetokounmpo,2020-21,26,MIL,61,2013,29.2,9.0,5.6,10.2,.244
Giannis Antetokounmpo,2021-22,27,MIL,67,2204,32.1,11.2,7.4,12.9,.281
Giannis Antetokounmpo,2022-23,28,MIL,63,2024,29.0,8.5,5.4,8.6,.204
Giannis Antetokounmpo,2023-24,29,MIL,73,2567,29.9,9.0,7.2,13.2,.246
Giannis Antetokounmpo,2024-25,30,MIL,67,2289,30.5,9.5,6.6,11.5,.241
Kostas Antetokounmpo,2018-19,21,DAL,2,11,-0.9,-12.7,0.0,-0.1,-0.247
Kostas Antetokounmpo,2019-20,22,LAL,5,20,16.3,-0.7,0.0,0.1,.193
Kostas Antetokounmpo,2020-21,23,LAL,15,56,0.0,-12.6,-0.1,-0.2,-0.174
Thanasis Antetokounmpo,2013-14,,Did not play - other pro league,,,,,,,
Thanasis Antetokounmpo,2014-15,,Did not play - other pro league,,,,,,,
Thanasis Antetokounmpo,2015-16,23,NYK,2,6,32.9,5.9,0.0,0.0,.291
Thanasis Antetokounmpo,2016-17,,Did not play - other pro league,,,,,,,
Thanasis Antetokounmpo,2017-18,,Did not play - other pro league,,,,,,,
Thanasis Antetokounmpo,2018-19,,Did not play - other pro league,,,,,,,
Thanasis Antetokounmpo,2019-20,27,MIL,20,129,12.2,-3.2,0.0,0.2,.070
Thanasis Antetokounmpo,2020-21,28,MIL,57,551,10.3,-3.5,-0.2,0.7,.057
Thanasis Antetokounmpo,2021-22,29,MIL,48,473,12.5,-3.5,-0.2,0.9,.095
Thanasis Antetokounmpo,2022-23,30,MIL,37,206,6.7,-7.6,-0.3,0.1,.022
Thanasis Antetokounmpo,2023-24,31,MIL,34,155,5.5,-6.4,-0.2,0.0,-0.010
Carmelo Anthony,2003-04,19,DEN,82,2995,17.6,0.1,1.6,6.1,.098
Carmelo Anthony,2004-05,20,DEN,75,2608,16.7,-1.2,0.5,4.9,.090
Carmelo Anthony,2005-06,21,DEN,80,2941,22.0,2.7,3.5,9.4,.153
Carmelo Anthony,2006-07,22,DEN,65,2486,22.1,1.9,2.5,7.3,.140
Carmelo Anthony,2007-08,23,DEN,77,2806,21.1,1.6,2.5,8.2,.140
Carmelo Anthony,2008-09,24,DEN,66,2277,19.0,0.5,1.5,5.0,.105
Carmelo Anthony,2009-10,25,DEN,69,2634,22.2,2.3,2.9,7.9,.145
Carmelo Anthony,2010-11,26,2TM,77,2751,21.7,1.9,2.7,7.9,.138
Carmelo Anthony,2010-11,26,DEN,50,1774,21.2,1.4,1.5,4.7,.127
Carmelo Anthony,2010-11,26,NYK,27,977,22.8,2.9,1.2,3.2,.157
Carmelo Anthony,2011-12,27,NYK,55,1876,21.1,3.6,2.7,6.2,.160
Carmelo Anthony,2012-13,28,NYK,67,2482,24.8,4.3,3.9,9.5,.184
Carmelo Anthony,2013-14,29,NYK,77,2982,24.4,5.0,5.3,10.7,.172
Carmelo Anthony,2014-15,30,NYK,40,1428,21.5,3.0,1.8,2.9,.097
Carmelo Anthony,2015-16,31,NYK,72,2530,20.3,3.3,3.4,6.4,.121
Carmelo Anthony,2016-17,32,NYK,74,2538,17.9,0.7,1.7,4.7,.089
Carmelo Anthony,2017-18,33,OKC,78,2501,12.7,-1.9,0.0,3.7,.071
Carmelo Anthony,2018-19,34,HOU,10,294,10.9,-2.7,-0.1,0.3,.048
Carmelo Anthony,2019-20,35,POR,58,1902,12.4,-3.6,-0.8,1.3,.033
Carmelo Anthony,2020-21,36,POR,69,1690,14.6,-1.1,0.4,2.6,.073
Carmelo Anthony,2021-22,37,LAL,69,1793,14.8,-0.5,0.7,3.6,.097
Cole Anthony,2020-21,20,ORL,47,1273,12.1,-3.3,-0.4,0.0,-0.001
Cole Anthony,2021-22,21,ORL,65,2059,13.5,-1.2,0.4,1.6,.038
Cole Anthony,2022-23,22,ORL,60,1552,16.0,1.3,1.3,3.7,.116
Cole Anthony,2023-24,23,ORL,81,1817,14.6,0.1,1.0,3.6,.096
Cole Anthony,2024-25,24,ORL,67,1234,14.2,0.1,0.7,2.0,.078
Greg Anthony,1991-92,24,NYK,82,1510,10.6,-1.9,0.0,2.2,.070
Greg Anthony,1992-93,25,NYK,70,1699,13.7,2.7,2.0,4.6,.131
Greg Anthony,1993-94,26,NYK,80,1994,13.0,1.6,1.8,5.5,.132
Greg Anthony,1994-95,27,NYK,61,943,15.0,2.5,1.1,2.9,.147
Greg Anthony,1995-96,28,VAN,69,2096,18.6,2.9,2.6,4.8,.111
Greg Anthony,1996-97,29,VAN,65,1863,16.6,1.5,1.6,3.5,.090
Greg Anthony,1997-98,30,SEA,80,1021,16.8,2.5,1.2,2.7,.127
Greg Anthony,1998-99,31,POR,50,806,16.6,4.1,1.2,2.8,.165
Greg Anthony,1999-00,32,POR,82,1548,13.0,1.2,1.2,4.1,.128
Greg Anthony,2000-01,33,POR,58,856,12.0,0.1,0.5,1.6,.090
Greg Anthony,2001-02,34,2TM,60,1514,12.6,-1.9,0.1,1.1,.036
Greg Anthony,2001-02,34,CHI,36,961,14.2,-0.5,0.4,1.2,.059
Greg Anthony,2001-02,34,MIL,24,553,10.0,-4.2,-0.3,0.0,-0.004
Joel Anthony,2007-08,25,MIA,24,498,8.8,-5.5,-0.4,0.6,.054
Joel Anthony,2008-09,26,MIA,65,1048,9.3,-2.7,-0.2,1.7,.079
Joel Anthony,2009-10,27,MIA,80,1322,10.2,-1.7,0.1,3.1,.111
Joel Anthony,2010-11,28,MIA,75,1463,7.3,-1.6,0.2,3.3,.107
Joel Anthony,2011-12,29,MIA,64,1349,10.3,-0.5,0.5,3.4,.122
Joel Anthony,2012-13,30,MIA,62,566,10.4,-1.3,0.1,1.2,.100
Joel Anthony,2013-14,31,2TM,33,186,8.1,-5.0,-0.1,0.2,.044
Joel Anthony,2013-14,31,MIA,12,37,8.0,-5.5,0.0,0.0,.049
Joel Anthony,2013-14,31,BOS,21,149,8.1,-4.9,-0.1,0.1,.043
Joel Anthony,2014-15,32,DET,49,406,14.7,0.2,0.2,1.2,.142
Joel Anthony,2015-16,33,DET,19,96,14.1,0.4,0.1,0.4,.177
Joel Anthony,2016-17,34,SAS,19,122,11.6,-2.1,0.0,0.4,.141
Pero Antić,2013-14,31,ATL,50,925,11.7,-2.3,-0.1,1.4,.075
Pero Antić,2014-15,32,ATL,63,1037,9.5,-4.1,-0.6,1.5,.070
OG Anunoby,2017-18,20,TOR,74,1481,10.0,-0.6,0.5,3.0,.098
OG Anunoby,2018-19,21,TOR,67,1352,9.8,-2.4,-0.1,2.0,.070
OG Anunoby,2019-20,22,TOR,69,2066,13.2,1.2,1.7,5.7,.134
OG Anunoby,2020-21,23,TOR,43,1433,15.4,1.2,1.2,3.1,.104
OG Anunoby,2021-22,24,TOR,48,1728,14.8,0.5,1.1,3.7,.104
OG Anunoby,2022-23,25,TOR,67,2386,14.6,0.4,1.5,4.7,.094
OG Anunoby,2023-24,26,2TM,50,1702,12.8,-0.6,0.6,2.6,.073
OG Anunoby,2023-24,26,TOR,27,900,12.6,-1.6,0.1,1.0,.052
OG Anunoby,2023-24,26,NYK,23,802,13.0,0.6,0.5,1.6,.097
OG Anunoby,2024-25,27,NYK,74,2706,15.4,0.7,1.9,6.5,.116
Keith Appling,2015-16,23,ORL,5,27,-4.8,-15.1,-0.1,-0.1,-0.199
Rafael Araújo,2004-05,24,TOR,59,736,7.1,-7.4,-1.0,0.3,.016
Rafael Araújo,2005-06,25,TOR,52,601,4.5,-7.7,-0.9,-0.8,-0.066
Rafael Araújo,2006-07,26,UTA,28,248,8.3,-5.2,-0.2,0.1,.027
Stacey Arceneaux,1961-62,25,STL,7,110,10.5,,,-0.1,-0.036
Robert Archibald,2002-03,22,MEM,12,72,2.4,-12.0,-0.2,-0.2,-0.158
Robert Archibald,2003-04,23,3TM,32,256,5.6,-4.5,-0.1,0.2,.039
Robert Archibald,2003-04,23,PHO,1,6,-5.1,-13.2,0.0,0.0,-0.285
Robert Archibald,2003-04,23,ORL,1,4,20.6,5.6,0.0,0.0,-0.080
Robert Archibald,2003-04,23,TOR,30,246,5.6,-4.4,-0.1,0.2,.049
Tiny Archibald,1970-71,22,CIN,82,2867,14.0,,,5.1,.085
Tiny Archibald,1971-72,23,CIN,76,3272,23.0,,,12.9,.189
Tiny Archibald,1972-73,24,KCO,80,3681,25.2,,,14.2,.186
Tiny Archibald,1973-74,25,KCO,35,1272,18.3,0.3,0.8,2.3,.088
Tiny Archibald,1974-75,26,KCO,82,3244,21.7,2.4,3.6,11.2,.165
Tiny Archibald,1975-76,27,KCK,78,3184,20.1,1.4,2.8,8.0,.121
Tiny Archibald,1976-77,28,NYN,34,1277,19.4,1.8,1.2,2.8,.104
Tiny Archibald,1977-78,,Did not play - injury,,,,,,,
Tiny Archibald,1978-79,30,BOS,69,1662,13.1,-2.6,-0.3,1.6,.046
Tiny Archibald,1979-80,31,BOS,80,2864,15.3,1.1,2.3,8.9,.148
Tiny Archibald,1980-81,32,BOS,80,2820,14.3,-0.1,1.4,6.9,.118
Tiny Archibald,1981-82,33,BOS,68,2167,14.3,0.1,1.1,5.2,.115
Tiny Archibald,1982-83,34,BOS,66,1811,12.3,-2.0,0.0,2.9,.077
Tiny Archibald,1983-84,35,MIL,46,1038,10.6,-2.0,0.0,1.4,.065
Ryan Arcidiacono,2017-18,23,CHI,24,304,7.3,-4.1,-0.2,0.3,.040
Ryan Arcidiacono,2018-19,24,CHI,81,1961,11.6,-1.9,0.1,3.7,.090
Ryan Arcidiacono,2019-20,25,CHI,58,930,9.0,-2.8,-0.2,1.4,.071
Ryan Arcidiacono,2020-21,26,CHI,44,450,9.8,-2.3,0.0,0.9,.093
Ryan Arcidiacono,2021-22,27,NYK,10,76,6.1,-4.6,-0.1,0.1,.052
Ryan Arcidiacono,2022-23,28,2TM,20,172,2.7,-8.8,-0.3,-0.2,-0.043
Ryan Arcidiacono,2022-23,28,NYK,11,26,3.1,-5.1,0.0,0.0,-0.012
Ryan Arcidiacono,2022-23,28,POR,9,146,2.6,-9.4,-0.3,-0.1,-0.049
Ryan Arcidiacono,2023-24,29,NYK,20,45,-2.0,-9.6,-0.1,-0.1,-0.089
Jim Ard,1970-71,22,NYA,73,1027,11.8,,,1.0,.046
Jim Ard,1971-72,23,NYA,71,1145,10.1,,,1.0,.040
Jim Ard,1972-73,24,NYA,42,426,9.8,,,-0.4,-0.050
Jim Ard,1973-74,25,MMT,27,502,14.5,-0.4,0.2,0.6,.054
Jim Ard,1974-75,26,BOS,59,719,9.5,-4.0,-0.4,0.4,.025
Jim Ard,1975-76,27,BOS,81,853,11.3,-3.2,-0.3,0.9,.052
Jim Ard,1976-77,28,BOS,63,969,9.1,-2.6,-0.1,0.8,.039
Jim Ard,1977-78,29,2TM,15,125,3.2,-5.2,-0.1,-0.1,-0.041
Jim Ard,1977-78,29,BOS,1,9,9.4,-4.2,0.0,0.0,.081
Jim Ard,1977-78,29,CHI,14,116,2.7,-5.2,-0.1,-0.1,-0.050
Gilbert Arenas,2001-02,20,GSW,47,1155,17.0,1.0,0.9,2.7,.114
Gilbert Arenas,2002-03,21,GSW,82,2866,18.6,1.3,2.4,6.5,.109
Gilbert Arenas,2003-04,22,WAS,55,2066,16.0,0.1,1.1,2.6,.061
Gilbert Arenas,2004-05,23,WAS,80,3274,21.3,4.2,5.2,11.5,.169
Gilbert Arenas,2005-06,24,WAS,80,3384,23.8,5.4,6.3,13.6,.193
Gilbert Arenas,2006-07,25,WAS,74,2942,24.0,4.7,5.0,10.8,.177
Gilbert Arenas,2007-08,26,WAS,13,425,18.2,2.4,0.5,0.6,.070
Gilbert Arenas,2008-09,27,WAS,2,63,18.9,0.8,0.0,0.2,.115
Gilbert Arenas,2009-10,28,WAS,32,1169,18.7,1.7,1.1,1.8,.072
Gilbert Arenas,2010-11,29,2TM,70,1796,10.8,-2.4,-0.2,0.5,.014
Gilbert Arenas,2010-11,29,WAS,21,726,14.0,-0.8,0.2,0.4,.025
Gilbert Arenas,2010-11,29,ORL,49,1070,8.6,-3.6,-0.4,0.2,.007
Gilbert Arenas,2011-12,30,MEM,17,211,9.9,-1.3,0.0,0.4,.088
Gilbert Arenas,2012-13,,Did not play - other pro league,,,,,,,
Trevor Ariza,2004-05,19,NYK,80,1382,13.3,-0.6,0.5,2.1,.073
Trevor Ariza,2005-06,20,2TM,57,999,11.8,-0.7,0.3,0.9,.043
Trevor Ariza,2005-06,20,NYK,36,709,10.2,-0.9,0.2,0.3,.020
Trevor Ariza,2005-06,20,ORL,21,290,15.8,-0.3,0.1,0.6,.101
Trevor Ariza,2006-07,21,ORL,57,1278,16.2,1.6,1.2,3.4,.128
Trevor Ariza,2007-08,22,2TM,35,546,16.1,2.8,0.7,1.8,.157
Trevor Ariza,2007-08,22,ORL,11,115,12.7,1.4,0.1,0.2,.085
Trevor Ariza,2007-08,22,LAL,24,431,17.1,3.1,0.6,1.6,.176
Trevor Ariza,2008-09,23,LAL,82,1999,15.5,2.4,2.3,6.1,.146
Trevor Ariza,2009-10,24,HOU,72,2629,13.3,0.5,1.7,3.2,.058
Trevor Ariza,2010-11,25,NOH,75,2600,11.3,-0.4,1.0,3.4,.062
Trevor Ariza,2011-12,26,NOH,41,1350,14.2,1.3,1.1,2.2,.078
Trevor Ariza,2012-13,27,WAS,56,1471,14.0,2.1,1.6,3.1,.102
Trevor Ariza,2013-14,28,WAS,77,2723,15.8,2.3,3.0,8.0,.141
Trevor Ariza,2014-15,29,HOU,82,2930,12.7,1.0,2.2,6.6,.108
Trevor Ariza,2015-16,30,HOU,81,2859,12.9,0.4,1.7,5.4,.090
Trevor Ariza,2016-17,31,HOU,80,2773,12.3,1.0,2.1,6.0,.104
Trevor Ariza,2017-18,32,HOU,67,2269,11.8,0.7,1.5,5.3,.113
Trevor Ariza,2018-19,33,2TM,69,2349,12.1,-1.3,0.4,2.5,.052
Trevor Ariza,2018-19,33,PHO,26,884,10.5,-1.1,0.2,0.6,.035
Trevor Ariza,2018-19,33,WAS,43,1465,13.0,-1.4,0.2,1.9,.062
Trevor Ariza,2019-20,34,2TM,53,1493,11.0,-0.5,0.6,2.5,.081
Trevor Ariza,2019-20,34,SAC,32,791,9.4,-0.6,0.3,1.1,.066
Trevor Ariza,2019-20,34,POR,21,702,12.8,-0.4,0.3,1.4,.098
Trevor Ariza,2020-21,35,MIA,30,841,11.9,-1.1,0.2,1.6,.091
Trevor Ariza,2021-22,36,LAL,24,462,7.0,-3.4,-0.2,0.2,.020
Paul Arizin,1950-51,22,PHW,65,,,,,13.7,
Paul Arizin,1951-52,23,PHW,66,2939,25.7,,,16.0,.261
Paul Arizin,1952-53,,Did not play - military service,,,,,,,
Paul Arizin,1953-54,,Did not play - military service,,,,,,,
Paul Arizin,1954-55,26,PHW,72,2953,18.6,,,8.7,.141
Paul Arizin,1955-56,27,PHW,72,2724,21.3,,,12.2,.214
Paul Arizin,1956-57,28,PHW,71,2767,22.4,,,12.3,.213
Paul Arizin,1957-58,29,PHW,68,2377,18.2,,,7.7,.156
Paul Arizin,1958-59,30,PHW,70,2799,21.9,,,13.0,.223
Paul Arizin,1959-60,31,PHW,72,2618,17.3,,,9.2,.168
Paul Arizin,1960-61,32,PHW,79,2935,17.1,,,9.7,.159
Paul Arizin,1961-62,33,PHW,78,2785,15.0,,,6.3,.109
Joe Arlauckas,1987-88,22,SAC,9,85,7.9,-6.8,-0.1,-0.1,-0.045
Joe Arlauckas,1988-89,,Did not play - other pro league,,,,,,,
Joe Arlauckas,1989-90,,Did not play - other pro league,,,,,,,
Joe Arlauckas,1990-91,,Did not play - other pro league,,,,,,,
Joe Arlauckas,1991-92,,Did not play - other pro league,,,,,,,
Joe Arlauckas,1992-93,,Did not play - other pro league,,,,,,,
Joe Arlauckas,1993-94,,Did not play - other pro league,,,,,,,
Joe Arlauckas,1994-95,,Did not play - other pro league,,,,,,,
Joe Arlauckas,1995-96,,Did not play - other pro league,,,,,,,
Joe Arlauckas,1996-97,,Did not play - other pro league,,,,,,,
Joe Arlauckas,1997-98,,Did not play - other pro league,,,,,,,
Joe Arlauckas,1998-99,,Did not play - other pro league,,,,,,,
Joe Arlauckas,1999-00,,Did not play - other pro league,,,,,,,
B.J. Armstrong,1989-90,22,CHI,81,1291,11.9,-2.8,-0.3,1.7,.064
B.J. Armstrong,1990-91,23,CHI,82,1731,14.8,-0.5,0.7,4.1,.114
B.J. Armstrong,1991-92,24,CHI,82,1875,14.1,-0.6,0.7,4.6,.117
B.J. Armstrong,1992-93,25,CHI,82,2492,14.7,0.2,1.4,7.5,.144
B.J. Armstrong,1993-94,26,CHI,82,2770,14.5,-0.1,1.3,7.5,.130
B.J. Armstrong,1994-95,27,CHI,82,2577,15.1,1.0,1.9,8.1,.152
B.J. Armstrong,1995-96,28,GSW,82,2262,17.3,1.8,2.2,7.0,.149
B.J. Armstrong,1996-97,29,GSW,49,1020,12.9,-2.3,-0.1,1.3,.061
B.J. Armstrong,1997-98,30,2TM,66,831,14.6,0.1,0.4,2.2,.124
B.J. Armstrong,1997-98,30,GSW,4,59,6.3,-6.4,-0.1,-0.1,-0.092
B.J. Armstrong,1997-98,30,CHH,62,772,15.2,0.6,0.5,2.3,.141
B.J. Armstrong,1998-99,31,2TM,32,358,12.9,-1.2,0.1,0.7,.100
B.J. Armstrong,1998-99,31,CHH,10,178,13.3,-0.5,0.1,0.4,.114
B.J. Armstrong,1998-99,31,ORL,22,180,12.4,-1.9,0.0,0.3,.087
B.J. Armstrong,1999-00,32,CHI,27,583,10.7,-3.8,-0.3,0.4,.030
Bob Armstrong,1955-56,,Did not play - other,,,,,,,
Bob Armstrong,1956-57,23,PHW,19,110,7.8,,,-0.1,-0.063
Brandon Armstrong,2001-02,21,NJN,35,196,3.8,-9.0,-0.3,-0.2,-0.054
Brandon Armstrong,2002-03,22,NJN,17,69,3.9,-8.1,-0.1,-0.1,-0.050
Brandon Armstrong,2003-04,23,NJN,56,434,5.5,-7.5,-0.6,-0.3,-0.030
Curly Armstrong,1948-49,30,FTW,52,,,,,3.1,
Curly Armstrong,1949-50,31,FTW,63,,,,,3.5,
Curly Armstrong,1950-51,32,FTW,38,,,,,0.6,
Darrell Armstrong,1991-92,,Did not play - other pro league,,,,,,,
Darrell Armstrong,1992-93,,Did not play - other pro league,,,,,,,
Darrell Armstrong,1993-94,,Did not play - other pro league,,,,,,,
Darrell Armstrong,1994-95,26,ORL,3,8,40.2,17.6,0.0,0.1,.492
Darrell Armstrong,1995-96,27,ORL,13,41,32.4,9.5,0.1,0.1,.158
Darrell Armstrong,1996-97,28,ORL,67,1010,14.7,1.1,0.8,1.8,.085
Darrell Armstrong,1997-98,29,ORL,48,1236,15.7,1.1,1.0,2.5,.096
Darrell Armstrong,1998-99,30,ORL,50,1502,22.2,6.7,3.3,6.4,.205
Darrell Armstrong,1999-00,31,ORL,82,2590,19.5,4.5,4.3,8.0,.149
Darrell Armstrong,2000-01,32,ORL,75,2767,18.6,3.3,3.6,8.7,.151
Darrell Armstrong,2001-02,33,ORL,82,2730,16.7,2.4,3.0,7.6,.134
Darrell Armstrong,2002-03,34,ORL,82,2350,14.6,0.9,1.7,4.9,.100
Darrell Armstrong,2003-04,35,NOH,79,2247,15.6,2.4,2.5,5.3,.114
Darrell Armstrong,2004-05,36,2TM,66,988,11.0,-1.0,0.2,0.8,.039
Darrell Armstrong,2004-05,36,NOH,14,412,11.1,-1.3,0.1,0.0,-0.002
Darrell Armstrong,2004-05,36,DAL,52,576,10.9,-0.8,0.2,0.8,.069
Darrell Armstrong,2005-06,37,DAL,62,622,7.3,-4.0,-0.3,0.0,.003
Darrell Armstrong,2006-07,38,IND,81,1275,15.1,1.8,1.2,3.2,.121
Darrell Armstrong,2007-08,39,NJN,50,549,8.7,-2.7,-0.1,0.3,.024
Hilton Armstrong,2006-07,22,NOK,56,634,12.2,-2.6,-0.1,1.2,.091
Hilton Armstrong,2007-08,23,NOH,65,732,7.7,-5.8,-0.7,0.5,.032
Hilton Armstrong,2008-09,24,NOH,70,1092,10.7,-3.8,-0.5,1.5,.068
Hilton Armstrong,2009-10,25,3TM,33,335,6.9,-6.1,-0.4,-0.1,-0.017
Hilton Armstrong,2009-10,25,NOH,18,239,7.5,-5.8,-0.2,0.1,.010
Hilton Armstrong,2009-10,25,SAC,6,56,8.4,-3.0,0.0,0.0,-0.012
Hilton Armstrong,2009-10,25,HOU,9,40,1.1,-12.6,-0.1,-0.2,-0.185
Hilton Armstrong,2010-11,26,2TM,53,488,8.8,-3.7,-0.2,0.5,.045
Hilton Armstrong,2010-11,26,WAS,41,412,8.6,-4.2,-0.2,0.4,.043
Hilton Armstrong,2010-11,26,ATL,12,76,10.1,-1.2,0.0,0.1,.054
Hilton Armstrong,2011-12,,Did not play - other pro league,,,,,,,
Hilton Armstrong,2012-13,,Did not play - other pro league,,,,,,,
Hilton Armstrong,2013-14,29,GSW,15,97,17.0,-0.1,0.0,0.3,.162
Tate Armstrong,1977-78,22,CHI,66,716,11.1,-2.7,-0.1,0.4,.027
Tate Armstrong,1978-79,23,CHI,26,259,6.5,-4.2,-0.2,-0.1,-0.012
Jesse Arnelle,1955-56,22,FTW,31,409,12.6,,,0.0,-0.001
Jay Arnette,1960-61,,Did not play - minor league baseball,,,,,,,
Jay Arnette,1961-62,,Did not play - minor league baseball,,,,,,,
Jay Arnette,1962-63,,Did not play - minor league baseball,,,,,,,
Jay Arnette,1963-64,25,CIN,48,501,8.4,,,0.1,.010
Jay Arnette,1964-65,26,CIN,63,662,7.5,,,0.1,.009
Jay Arnette,1965-66,27,CIN,3,14,-9.0,,,-0.1,-0.301
Bob Arnzen,1969-70,22,NYA,13,98,9.0,,,-0.1,-0.054
Bob Arnzen,1970-71,23,CIN,55,594,14.5,,,1.0,.082
Bob Arnzen,1971-72,,Did not play - minor league baseball,,,,,,,
Bob Arnzen,1972-73,25,INA,23,111,16.4,,,0.3,.121
Bob Arnzen,1973-74,26,INA,20,149,11.2,-2.4,0.0,0.3,.083
Carlos Arroyo,2001-02,22,2TM,37,371,12.4,-2.9,-0.1,0.4,.047
Carlos Arroyo,2001-02,22,TOR,17,96,11.9,-3.4,0.0,0.0,.018
Carlos Arroyo,2001-02,22,DEN,20,275,12.6,-2.8,-0.1,0.3,.057
Carlos Arroyo,2002-03,23,UTA,44,287,14.1,-1.0,0.1,0.3,.057
Carlos Arroyo,2003-04,24,UTA,71,2008,16.8,0.9,1.5,4.7,.112
Carlos Arroyo,2004-05,25,2TM,70,1448,11.3,-2.9,-0.3,1.3,.043
Carlos Arroyo,2004-05,25,UTA,30,742,11.8,-2.6,-0.1,0.4,.027
Carlos Arroyo,2004-05,25,DET,40,706,10.7,-3.4,-0.2,0.9,.060
Carlos Arroyo,2005-06,26,2TM,77,1194,15.6,-0.5,0.5,2.7,.107
Carlos Arroyo,2005-06,26,DET,50,600,12.5,-2.2,0.0,1.0,.079
Carlos Arroyo,2005-06,26,ORL,27,594,18.8,1.3,0.5,1.7,.135
Carlos Arroyo,2006-07,27,ORL,72,1304,14.4,-0.8,0.4,2.5,.094
Carlos Arroyo,2007-08,28,ORL,62,1269,12.8,-0.9,0.3,2.8,.107
Carlos Arroyo,2008-09,,Did not play - other pro league,,,,,,,
Carlos Arroyo,2009-10,30,MIA,72,1585,12.3,-1.5,0.2,3.7,.113
Carlos Arroyo,2010-11,31,2TM,64,1185,9.0,-2.3,-0.1,1.7,.068
Carlos Arroyo,2010-11,31,MIA,49,995,9.5,-2.2,0.0,1.6,.078
Carlos Arroyo,2010-11,31,BOS,15,190,6.7,-3.0,-0.1,0.1,.016
Carlos Arroyo,2011-12,,Did not play - other pro league,,,,,,,
Darrell Arthur,2008-09,20,MEM,76,1464,11.3,-3.4,-0.5,1.7,.055
Darrell Arthur,2009-10,21,MEM,32,457,10.5,-4.1,-0.2,0.3,.031
Darrell Arthur,2010-11,22,MEM,80,1609,15.7,-1.6,0.2,3.8,.113
Darrell Arthur,2011-12,,Did not play - injury,,,,,,,
Darrell Arthur,2012-13,24,MEM,59,970,11.8,-2.4,-0.1,1.7,.084
Darrell Arthur,2013-14,25,DEN,68,1161,9.4,-3.2,-0.4,0.7,.029
Darrell Arthur,2014-15,26,DEN,58,988,11.5,-1.7,0.1,0.9,.042
Darrell Arthur,2015-16,27,DEN,70,1516,12.5,-0.8,0.4,2.3,.072
Darrell Arthur,2016-17,28,DEN,41,639,12.8,-0.1,0.3,1.1,.081
Darrell Arthur,2017-18,29,DEN,19,141,8.4,-5.3,-0.1,0.0,-0.011
John Arthurs,1969-70,22,MIL,11,86,11.3,,,0.0,-0.004
Jamel Artis,2017-18,25,ORL,15,279,6.9,-5.4,-0.2,0.0,-0.006
Ömer Aşık,2008-09,,Did not play - other pro league,,,,,,,
Ömer Aşık,2009-10,,Did not play - other pro league,,,,,,,
Ömer Aşık,2010-11,24,CHI,82,989,11.8,-1.8,0.1,2.7,.130
Ömer Aşık,2011-12,25,CHI,66,971,13.4,-0.7,0.3,2.6,.129
Ömer Aşık,2012-13,26,HOU,82,2464,14.9,-1.6,0.3,5.5,.108
Ömer Aşık,2013-14,27,HOU,48,968,14.0,-1.5,0.1,2.4,.121
Ömer Aşık,2014-15,28,NOP,76,1982,15.5,-1.2,0.4,5.0,.120
Ömer Aşık,2015-16,29,NOP,68,1178,11.0,-3.8,-0.5,1.7,.070
Ömer Aşık,2016-17,30,NOP,31,482,9.8,-3.7,-0.2,1.0,.100
Ömer Aşık,2017-18,31,2TM,18,182,3.1,-8.0,-0.3,-0.1,-0.021
Ömer Aşık,2017-18,31,NOP,14,121,4.5,-7.0,-0.2,0.0,.008
Ömer Aşık,2017-18,31,CHI,4,61,0.2,-10.0,-0.1,-0.1,-0.078
Vincent Askew,1987-88,21,PHI,14,234,7.1,-2.8,0.0,-0.2,-0.043
Vincent Askew,1988-89,,Did not play - other pro league,,,,,,,
Vincent Askew,1989-90,,Did not play - other pro league,,,,,,,
Vincent Askew,1990-91,24,GSW,7,85,10.9,-4.1,0.0,0.2,.093
Vincent Askew,1991-92,25,GSW,80,1496,12.7,0.6,1.0,2.9,.092
Vincent Askew,1992-93,26,2TM,73,1129,13.1,-0.2,0.5,2.7,.114
Vincent Askew,1992-93,26,SAC,9,76,8.9,-3.9,0.0,0.0,.027
Vincent Askew,1992-93,26,SEA,64,1053,13.4,0.0,0.5,2.6,.120
Vincent Askew,1993-94,27,SEA,80,1690,15.9,1.8,1.6,6.0,.169
Vincent Askew,1994-95,28,SEA,71,1721,13.6,-0.1,0.8,4.6,.128
Vincent Askew,1995-96,29,SEA,69,1725,11.9,-0.1,0.8,4.3,.120
Vincent Askew,1996-97,30,3TM,43,838,9.7,-1.9,0.0,1.5,.086
Vincent Askew,1996-97,30,NJN,1,7,-2.3,-9.1,0.0,0.0,-0.022
Vincent Askew,1996-97,30,IND,41,822,9.9,-1.7,0.1,1.6,.092
Vincent Askew,1996-97,30,DEN,1,9,0.9,-15.3,0.0,-0.1,-0.393
Vincent Askew,1997-98,31,POR,30,443,6.7,-2.1,0.0,0.2,.023
Vincent Askew,1998-99,,Did not play - other pro league,,,,,,,
Keith Askins,1990-91,23,MIA,39,266,13.5,-0.2,0.1,0.6,.103
Keith Askins,1991-92,24,MIA,59,843,8.7,-2.3,-0.1,0.7,.040
Keith Askins,1992-93,25,MIA,69,935,9.3,-1.9,0.0,1.4,.072
Keith Askins,1993-94,26,MIA,37,319,8.2,-4.6,-0.2,0.3,.044
Keith Askins,1994-95,27,MIA,50,854,12.3,-0.1,0.4,1.9,.107
Keith Askins,1995-96,28,MIA,75,1897,10.0,1.0,1.4,4.4,.111
Keith Askins,1996-97,29,MIA,78,1773,9.1,0.2,1.0,4.3,.116
Keith Askins,1997-98,30,MIA,46,681,5.5,-2.3,0.0,0.7,.050
Keith Askins,1998-99,31,MIA,33,415,3.5,-3.5,-0.2,0.2,.029
Don Asmonga,1953-54,25,BLB,7,46,-7.6,,,-0.3,-0.279
Dick Atha,1953-54,,Did not play - military service,,,,,,,
Dick Atha,1954-55,,Did not play - military service,,,,,,,
Dick Atha,1955-56,24,NYK,25,288,11.4,,,0.5,.076
Dick Atha,1956-57,,Did not play - injury,,,,,,,
Dick Atha,1957-58,26,DET,18,160,8.9,,,0.2,.054
Chucky Atkins,1997-98,,Did not play - other pro league,,,,,,,
Chucky Atkins,1998-99,,Did not play - other pro league,,,,,,,
Chucky Atkins,1999-00,25,ORL,82,1626,14.4,-0.8,0.5,2.4,.072
Chucky Atkins,2000-01,26,DET,81,2363,12.2,-1.6,0.3,2.8,.057
Chucky Atkins,2001-02,27,DET,79,2285,14.5,0.2,1.3,5.1,.107
Chucky Atkins,2002-03,28,DET,65,1398,10.1,-2.2,-0.1,1.5,.053
Chucky Atkins,2003-04,29,2TM,64,1544,12.1,-1.1,0.3,2.7,.085
Chucky Atkins,2003-04,29,DET,40,751,10.1,-1.6,0.1,1.2,.079
Chucky Atkins,2003-04,29,BOS,24,793,14.0,-0.7,0.3,1.5,.091
Chucky Atkins,2004-05,30,LAL,82,2903,13.4,-1.1,0.6,4.5,.074
Chucky Atkins,2005-06,31,2TM,71,1713,12.9,-0.9,0.4,3.6,.100
Chucky Atkins,2005-06,31,WAS,28,552,10.4,-1.6,0.0,0.6,.056
Chucky Atkins,2005-06,31,MEM,43,1161,14.1,-0.6,0.4,2.9,.121
Chucky Atkins,2006-07,32,MEM,75,2064,17.4,0.4,1.2,4.9,.114
Chucky Atkins,2007-08,33,DEN,24,352,8.9,-3.0,-0.1,0.3,.040
Chucky Atkins,2008-09,34,2TM,33,412,6.2,-5.3,-0.3,-0.2,-0.018
Chucky Atkins,2008-09,34,DEN,14,115,8.9,-3.6,0.0,0.0,.019
Chucky Atkins,2008-09,34,OKC,19,297,5.1,-5.9,-0.3,-0.2,-0.032
Chucky Atkins,2009-10,35,DET,40,644,8.3,-4.3,-0.4,0.2,.017
Al Attles,1960-61,24,PHW,77,1544,8.8,,,1.9,.058
Al Attles,1961-62,25,PHW,75,2468,10.9,,,5.2,.101
Al Attles,1962-63,26,SFW,71,1876,10.6,,,3.4,.086
Al Attles,1963-64,27,SFW,70,1883,12.6,,,5.3,.136
Al Attles,1964-65,28,SFW,73,1733,10.8,,,1.7,.048
Al Attles,1965-66,29,SFW,79,2053,13.2,,,5.6,.131
Al Attles,1966-67,30,SFW,69,1764,10.2,,,3.5,.096
Al Attles,1967-68,31,SFW,67,1992,12.5,,,5.2,.124
Al Attles,1968-69,32,SFW,51,1516,12.0,,,3.6,.113
Al Attles,1969-70,33,SFW,45,676,11.5,,,0.8,.056
Al Attles,1970-71,34,SFW,34,321,8.6,,,0.4,.057
Chet Aubuchon,1946-47,30,DTF,30,,,,,1.2,
Stacey Augmon,1991-92,23,ATL,82,2505,14.4,-0.6,0.8,3.7,.071
Stacey Augmon,1992-93,24,ATL,73,2112,15.2,-0.4,0.8,3.7,.084
Stacey Augmon,1993-94,25,ATL,82,2605,17.9,2.7,3.1,9.7,.179
Stacey Augmon,1994-95,26,ATL,76,2362,16.0,0.7,1.6,5.1,.103
Stacey Augmon,1995-96,27,ATL,77,2294,15.9,0.4,1.4,5.6,.117
Stacey Augmon,1996-97,28,2TM,60,942,11.3,-1.1,0.2,1.5,.076
Stacey Augmon,1996-97,28,DET,20,292,9.6,-3.3,-0.1,0.0,.003
Stacey Augmon,1996-97,28,POR,40,650,12.1,-0.2,0.3,1.5,.109
Stacey Augmon,1997-98,29,POR,71,1445,10.3,-1.6,0.2,1.8,.059
Stacey Augmon,1998-99,30,POR,48,874,13.0,2.7,1.0,2.6,.142
Stacey Augmon,1999-00,31,POR,59,692,12.2,-0.5,0.3,1.5,.102
Stacey Augmon,2000-01,32,POR,66,1182,12.3,0.2,0.7,2.5,.102
Stacey Augmon,2001-02,33,CHH,77,1319,11.5,-1.0,0.3,2.3,.084
Stacey Augmon,2002-03,34,NOH,70,862,9.3,-2.4,-0.1,1.2,.067
Stacey Augmon,2003-04,35,NOH,69,1416,10.0,-2.8,-0.3,1.6,.056
Stacey Augmon,2004-05,36,ORL,55,663,9.8,-3.3,-0.2,0.7,.053
Stacey Augmon,2005-06,37,ORL,36,385,7.6,-2.1,0.0,0.3,.033
D.J. Augustin,2008-09,21,CHA,72,1908,14.9,0.9,1.4,5.1,.128
D.J. Augustin,2009-10,22,CHA,80,1472,11.2,-1.1,0.3,2.8,.092
D.J. Augustin,2010-11,23,CHA,82,2757,15.9,0.1,1.5,6.2,.108
D.J. Augustin,2011-12,24,CHA,48,1408,14.1,-2.5,-0.2,0.5,.018
D.J. Augustin,2012-13,25,IND,76,1226,11.0,-0.6,0.5,2.8,.112
D.J. Augustin,2013-14,26,2TM,71,1939,16.2,1.4,1.7,6.2,.154
D.J. Augustin,2013-14,26,TOR,10,82,1.2,-9.1,-0.1,-0.2,-0.112
D.J. Augustin,2013-14,26,CHI,61,1857,16.8,1.9,1.8,6.4,.166
D.J. Augustin,2014-15,27,2TM,82,1964,13.9,-1.2,0.4,3.4,.083
D.J. Augustin,2014-15,27,DET,54,1287,15.8,-0.5,0.5,2.5,.094
D.J. Augustin,2014-15,27,OKC,28,677,10.2,-2.3,-0.1,0.9,.063
D.J. Augustin,2015-16,28,2TM,62,1178,13.9,-0.4,0.4,2.6,.106
D.J. Augustin,2015-16,28,OKC,34,519,8.7,-2.4,-0.1,0.7,.065
D.J. Augustin,2015-16,28,DEN,28,659,18.0,1.1,0.5,1.9,.139
D.J. Augustin,2016-17,29,ORL,78,1538,11.0,-3.0,-0.4,1.2,.038
D.J. Augustin,2017-18,30,ORL,75,1760,15.4,-0.2,0.8,4.1,.110
D.J. Augustin,2018-19,31,ORL,81,2269,15.7,0.5,1.4,6.9,.146
D.J. Augustin,2019-20,32,ORL,57,1420,14.0,-1.6,0.2,2.9,.098
D.J. Augustin,2020-21,33,2TM,57,1129,12.1,-2.1,0.0,2.1,.088
D.J. Augustin,2020-21,33,MIL,37,713,10.2,-2.2,0.0,1.2,.080
D.J. Augustin,2020-21,33,HOU,20,416,15.5,-2.0,0.0,0.9,.103
D.J. Augustin,2021-22,34,2TM,55,883,9.7,-3.6,-0.4,0.8,.043
D.J. Augustin,2021-22,34,HOU,34,510,9.7,-4.3,-0.3,0.2,.017
D.J. Augustin,2021-22,34,LAL,21,373,9.7,-2.6,-0.1,0.6,.078
James Augustine,2006-07,22,ORL,2,7,16.6,-1.0,0.0,0.0,.168
James Augustine,2007-08,23,ORL,25,149,10.8,-2.8,0.0,0.3,.098
Isaac Austin,1991-92,22,UTA,31,112,15.0,-4.4,-0.1,0.3,.112
Isaac Austin,1992-93,23,UTA,46,306,11.4,-6.0,-0.3,0.3,.052
Isaac Austin,1993-94,24,PHI,14,201,14.1,-4.2,-0.1,0.2,.040
Isaac Austin,1994-95,,Did not play - other pro league,,,,,,,
Isaac Austin,1995-96,,Did not play - other pro league,,,,,,,
Isaac Austin,1996-97,27,MIA,82,1881,14.2,-1.7,0.1,4.0,.102
Isaac Austin,1997-98,28,2TM,78,2266,16.3,-1.3,0.4,3.6,.077
Isaac Austin,1997-98,28,MIA,52,1371,16.8,-0.5,0.5,3.2,.113
Isaac Austin,1997-98,28,LAC,26,895,15.6,-2.6,-0.1,0.4,.022
Isaac Austin,1998-99,29,ORL,49,1259,12.0,-1.8,0.1,1.2,.045
Isaac Austin,1999-00,30,WAS,59,1173,10.2,-3.2,-0.4,0.0,.001
Isaac Austin,2000-01,31,VAN,52,845,8.3,-4.3,-0.5,-0.5,-0.026
Isaac Austin,2001-02,32,MEM,21,307,7.8,-5.4,-0.3,0.0,.003
Isaac Austin,2002-03,,Did not play - other pro league,,,,,,,
Johnny Austin,1966-67,22,BAL,4,61,5.7,,,-0.1,-0.043
Johnny Austin,1967-68,23,NJA,41,692,9.7,,,0.9,.064
Ken Austin,1983-84,22,DET,7,28,5.6,-4.9,0.0,0.0,-0.046
Deni Avdija,2020-21,20,WAS,54,1257,7.6,-3.1,-0.4,1.2,.046
Deni Avdija,2021-22,21,WAS,82,1984,11.6,-1.7,0.1,2.4,.058
Deni Avdija,2022-23,22,WAS,76,2020,11.2,-2.3,-0.1,2.3,.054
Deni Avdija,2023-24,23,WAS,75,2257,14.9,-0.9,0.6,3.2,.068
Deni Avdija,2024-25,24,POR,72,2161,17.7,2.1,2.2,5.6,.124
Anthony Avent,1991-92,,Did not play - other pro league,,,,,,,
Anthony Avent,1992-93,23,MIL,82,2285,10.2,-5.5,-2.0,0.3,.005
Anthony Avent,1993-94,24,2TM,74,1371,9.2,-5.1,-1.1,0.4,.014
Anthony Avent,1993-94,24,MIL,33,695,11.3,-4.3,-0.4,0.3,.022
Anthony Avent,1993-94,24,ORL,41,676,7.1,-6.0,-0.7,0.1,.006
Anthony Avent,1994-95,25,ORL,71,1066,9.8,-4.0,-0.5,1.5,.069
Anthony Avent,1995-96,26,VAN,71,1586,6.9,-7.3,-2.1,-1.2,-0.037
Anthony Avent,1996-97,,Did not play - other pro league,,,,,,,
Anthony Avent,1997-98,,Did not play - other pro league,,,,,,,
Anthony Avent,1998-99,29,UTA,5,44,1.3,-12.4,-0.1,-0.1,-0.153
Anthony Avent,1999-00,30,LAC,49,377,5.5,-7.4,-0.5,-0.5,-0.065
Anthony Avent,2000-01,,Did not play - other pro league,,,,,,,
Bird Averitt,1973-74,21,SAA,74,1639,10.4,-4.7,-1.1,-0.5,-0.016
Bird Averitt,1974-75,22,KEN,84,2031,13.0,-1.7,0.1,2.6,.061
Bird Averitt,1975-76,23,KEN,78,2272,15.3,-0.2,1.0,3.7,.077
Bird Averitt,1976-77,24,BUF,75,1136,11.2,-6.3,-1.2,-1.1,-0.046
Bird Averitt,1977-78,25,2TM,55,1085,10.3,-4.7,-0.7,-0.7,-0.030
Bird Averitt,1977-78,25,NJN,21,409,8.2,-5.9,-0.4,-0.5,-0.059
Bird Averitt,1977-78,25,BUF,34,676,11.5,-3.9,-0.3,-0.2,-0.013
William Avery,1999-00,20,MIN,59,484,6.7,-6.3,-0.5,-0.5,-0.046
William Avery,2000-01,21,MIN,55,463,9.0,-4.6,-0.3,0.0,-0.003
William Avery,2001-02,22,MIN,28,258,5.4,-6.3,-0.3,-0.4,-0.067
Dennis Awtrey,1970-71,22,PHI,70,1292,13.5,,,3.1,.114
Dennis Awtrey,1971-72,23,PHI,58,794,10.3,,,1.0,.060
Dennis Awtrey,1972-73,24,2TM,82,1687,12.1,,,5.0,.141
Dennis Awtrey,1972-73,24,PHI,3,37,7.6,,,0.0,-0.004
Dennis Awtrey,1972-73,24,CHI,79,1650,12.2,,,5.0,.145
Dennis Awtrey,1973-74,25,CHI,68,756,11.4,-0.3,0.3,1.4,.091
Dennis Awtrey,1974-75,26,PHO,82,2837,13.5,0.8,2.0,5.2,.087
Dennis Awtrey,1975-76,27,PHO,74,1376,11.2,-1.3,0.2,1.8,.062
Dennis Awtrey,1976-77,28,PHO,72,1760,9.6,-1.4,0.3,2.1,.057
Dennis Awtrey,1977-78,29,PHO,81,1623,6.1,-3.1,-0.5,1.0,.030
Dennis Awtrey,1978-79,30,2TM,63,746,6.7,-2.3,-0.1,0.7,.046
Dennis Awtrey,1978-79,30,BOS,23,247,5.4,-4.1,-0.1,0.0,-0.006
Dennis Awtrey,1978-79,30,SEA,40,499,7.3,-1.4,0.1,0.8,.073
Dennis Awtrey,1979-80,31,CHI,26,560,7.4,-1.4,0.1,0.6,.053
Dennis Awtrey,1980-81,32,SEA,47,607,6.7,-2.5,-0.1,0.6,.047
Dennis Awtrey,1981-82,33,POR,10,121,1.6,-5.1,-0.1,0.0,-0.013
Joel Ayayi,2021-22,21,WAS,7,20,3.4,-6.0,0.0,0.0,-0.098
Gustavo Ayón,2011-12,26,NOH,54,1088,16.7,2.5,1.2,3.2,.142
Gustavo Ayón,2012-13,27,2TM,55,734,12.8,-1.7,0.1,1.2,.077
Gustavo Ayón,2012-13,27,ORL,43,571,11.7,-2.0,0.0,0.7,.061
Gustavo Ayón,2012-13,27,MIL,12,163,16.6,-0.5,0.1,0.4,.132
Gustavo Ayón,2013-14,28,ATL,26,429,12.9,-1.2,0.1,0.7,.078
Jeff Ayres,2009-10,22,POR,39,405,12.1,-3.0,-0.1,1.3,.156
Jeff Ayres,2010-11,,Did not play - injury,,,,,,,
Jeff Ayres,2011-12,24,IND,20,106,13.4,-2.8,0.0,0.3,.115
Jeff Ayres,2012-13,25,IND,37,369,14.5,-1.0,0.1,1.0,.129
Jeff Ayres,2013-14,26,SAS,73,952,11.1,-2.1,0.0,2.4,.121
Jeff Ayres,2014-15,27,SAS,51,383,14.4,-2.2,0.0,1.2,.147
Jeff Ayres,2015-16,28,LAC,17,107,8.3,-6.1,-0.1,0.2,.077
Deandre Ayton,2018-19,20,PHO,71,2183,20.5,0.2,1.2,5.8,.128
Deandre Ayton,2019-20,21,PHO,38,1236,20.0,0.4,0.7,3.1,.121
Deandre Ayton,2020-21,22,PHO,69,2115,20.3,1.2,1.7,8.4,.191
Deandre Ayton,2021-22,23,PHO,58,1713,21.9,2.8,2.1,7.3,.203
Deandre Ayton,2022-23,24,PHO,67,2035,19.9,0.9,1.5,6.2,.147
Deandre Ayton,2023-24,25,POR,55,1784,18.9,0.3,1.0,3.9,.106
Deandre Ayton,2024-25,26,POR,40,1206,17.7,-0.7,0.4,2.8,.113
Kelenna Azubuike,2006-07,23,GSW,41,669,13.4,-0.9,0.2,1.2,.083
Kelenna Azubuike,2007-08,24,GSW,81,1732,13.5,-0.8,0.5,3.4,.094
Kelenna Azubuike,2008-09,25,GSW,74,2375,14.7,-0.5,0.9,4.1,.083
Kelenna Azubuike,2009-10,26,GSW,9,231,19.8,2.1,0.2,0.7,.148
Kelenna Azubuike,2010-11,,Did not play - injury,,,,,,,
Kelenna Azubuike,2011-12,28,DAL,3,18,-3.4,-14.0,-0.1,-0.1,-0.325
Udoka Azubuike,2020-21,21,UTA,15,57,10.3,-3.8,0.0,0.1,.119
Udoka Azubuike,2021-22,22,UTA,17,195,17.6,-1.4,0.0,0.6,.157
Udoka Azubuike,2022-23,23,UTA,36,359,16.1,-0.6,0.1,1.0,.134
Udoka Azubuike,2023-24,24,PHO,16,113,12.3,-3.2,0.0,0.2,.100
Chris Babb,2013-14,23,BOS,14,132,3.7,-6.1,-0.1,0.0,-0.008
Luke Babbitt,2010-11,21,POR,24,137,1.0,-10.8,-0.3,-0.4,-0.143
Luke Babbitt,2011-12,22,POR,40,537,11.3,-2.3,0.0,0.7,.064
Luke Babbitt,2012-13,23,POR,62,730,9.4,-2.4,-0.1,0.7,.047
Luke Babbitt,2013-14,24,NOP,27,473,12.1,-1.1,0.1,0.7,.074
Luke Babbitt,2014-15,25,NOP,63,830,11.1,-0.4,0.3,1.6,.092
Luke Babbitt,2015-16,26,NOP,47,845,11.6,-2.5,-0.1,1.1,.064
Luke Babbitt,2016-17,27,MIA,68,1065,8.3,-2.0,0.0,1.8,.081
Luke Babbitt,2017-18,28,2TM,50,715,9.8,-2.4,-0.1,0.9,.060
Luke Babbitt,2017-18,28,ATL,37,570,12.0,-0.7,0.2,1.1,.094
Luke Babbitt,2017-18,28,MIA,13,145,1.3,-9.2,-0.3,-0.2,-0.073
Miloš Babić,1990-91,22,CLE,12,52,6.0,-11.0,-0.1,-0.1,-0.085
Miloš Babić,1991-92,23,MIA,9,35,18.3,1.6,0.0,0.0,.057
Johnny Bach,1948-49,24,BOS,34,,,,,0.8,
Dwayne Bacon,2017-18,22,CHO,53,713,5.8,-4.7,-0.5,-0.1,-0.007
Dwayne Bacon,2018-19,23,CHO,43,759,11.7,-3.7,-0.3,1.2,.073
Dwayne Bacon,2019-20,24,CHO,39,687,6.1,-6.8,-0.8,-0.8,-0.053
Dwayne Bacon,2020-21,25,ORL,72,1853,9.9,-5.1,-1.5,0.5,.013
Henry Bacon,1972-73,24,SDA,47,425,4.2,,,-0.1,-0.016
Ibou Badji,2023-24,21,POR,22,226,8.1,-5.8,-0.2,0.2,.046
Jim Baechtold,1952-53,25,BLB,64,1893,12.9,,,2.6,.067
Jim Baechtold,1953-54,26,NYK,70,1627,10.5,,,2.1,.062
Jim Baechtold,1954-55,27,NYK,72,2536,14.2,,,6.0,.113
Jim Baechtold,1955-56,28,NYK,70,1738,14.2,,,3.2,.088
Jim Baechtold,1956-57,29,NYK,45,462,15.4,,,0.9,.096
Dalibor Bagarić,2000-01,20,CHI,35,259,3.3,-10.0,-0.5,-0.7,-0.121
Dalibor Bagarić,2001-02,21,CHI,50,638,8.6,-7.2,-0.8,-0.1,-0.011
Dalibor Bagarić,2002-03,22,CHI,10,76,7.1,-6.9,-0.1,-0.1,-0.048
John Bagley,1982-83,22,CLE,68,990,11.7,-2.7,-0.2,-0.2,-0.011
John Bagley,1983-84,23,CLE,76,1712,12.8,-1.8,0.1,0.9,.025
John Bagley,1984-85,24,CLE,81,2401,16.0,1.7,2.2,4.6,.092
John Bagley,1985-86,25,CLE,78,2472,15.2,0.6,1.6,3.0,.059
John Bagley,1986-87,26,CLE,72,2182,12.1,-1.3,0.4,2.6,.058
John Bagley,1987-88,27,NJN,82,2774,12.4,-1.4,0.4,2.6,.044
John Bagley,1988-89,28,NJN,68,1642,11.3,-2.7,-0.3,0.4,.013
John Bagley,1989-90,29,BOS,54,1095,10.8,-1.6,0.1,1.1,.047
John Bagley,1990-91,,Did not play - injury,,,,,,,
John Bagley,1991-92,31,BOS,73,1742,12.7,-1.2,0.4,1.9,.053
John Bagley,1992-93,32,BOS,10,97,2.0,-9.8,-0.2,-0.3,-0.159
John Bagley,1993-94,33,ATL,3,13,7.6,-6.8,0.0,0.0,.105
Marcus Bagley,2024-25,23,PHI,10,253,11.8,-4.3,-0.1,0.2,.045
Marvin Bagley III,2018-19,19,SAC,62,1567,18.9,-1.0,0.4,3.6,.110
Marvin Bagley III,2019-20,20,SAC,13,334,15.6,-3.5,-0.1,0.4,.051
Marvin Bagley III,2020-21,21,SAC,43,1112,16.3,-3.1,-0.3,1.4,.059
Marvin Bagley III,2021-22,22,2TM,48,1146,15.7,-2.3,-0.1,2.0,.085
Marvin Bagley III,2021-22,22,SAC,30,656,14.3,-3.5,-0.3,0.9,.068
Marvin Bagley III,2021-22,22,DET,18,490,17.7,-0.6,0.2,1.1,.107
Marvin Bagley III,2022-23,23,DET,42,990,17.2,-0.9,0.3,2.0,.095
Marvin Bagley III,2023-24,24,2TM,50,1053,19.4,-0.4,0.4,2.7,.122
Marvin Bagley III,2023-24,24,DET,26,478,18.2,-1.2,0.1,1.1,.112
Marvin Bagley III,2023-24,24,WAS,24,575,20.5,0.3,0.3,1.6,.130
Marvin Bagley III,2024-25,25,2TM,31,265,18.4,-1.2,0.1,0.6,.108
Marvin Bagley III,2024-25,25,WAS,19,166,19.9,-1.0,0.0,0.3,.089
Marvin Bagley III,2024-25,25,MEM,12,99,15.7,-1.5,0.0,0.3,.140
Amari Bailey,2023-24,19,CHO,10,65,9.7,-8.3,-0.1,-0.1,-0.044
Carl Bailey,1980-81,,Did not play - waived,,,,,,,
Carl Bailey,1981-82,23,POR,1,7,-6.8,-5.1,0.0,0.0,-0.268
Gus Bailey,1974-75,23,HOU,47,446,11.4,-0.8,0.1,0.2,.017
Gus Bailey,1975-76,24,HOU,30,262,11.9,-1.4,0.1,0.0,-0.004
Gus Bailey,1976-77,,Did not play - waived,,,,,,,
Gus Bailey,1977-78,26,NOJ,48,449,11.8,-0.4,0.2,0.5,.059
Gus Bailey,1978-79,27,NOJ,2,9,6.1,-4.8,0.0,0.0,-0.201
Gus Bailey,1979-80,28,WSB,20,180,9.3,-1.7,0.1,0.2,.043
James Bailey,1979-80,22,SEA,67,726,12.3,-3.3,-0.2,1.0,.063
James Bailey,1980-81,23,SEA,82,2539,14.5,-1.1,0.6,4.9,.094
James Bailey,1981-82,24,2TM,77,1468,13.3,-2.0,0.0,2.9,.094
James Bailey,1981-82,24,SEA,10,180,8.7,-4.7,-0.2,0.1,.016
James Bailey,1981-82,24,NJN,67,1288,14.0,-1.6,0.1,2.8,.104
James Bailey,1982-83,25,2TM,75,1765,15.6,-2.6,-0.3,2.0,.055
James Bailey,1982-83,25,NJN,6,50,5.0,-5.0,-0.1,0.0,.018
James Bailey,1982-83,25,HOU,69,1715,16.0,-2.6,-0.2,2.0,.056
James Bailey,1983-84,26,HOU,73,1174,15.5,-1.3,0.2,2.3,.093
James Bailey,1984-85,27,NYK,74,1297,7.9,-5.8,-1.3,0.6,.021
James Bailey,1985-86,28,NYK,48,1245,12.6,-3.2,-0.4,1.9,.075
James Bailey,1986-87,29,NJN,34,542,11.9,-4.9,-0.4,0.3,.031
James Bailey,1987-88,30,PHO,65,869,8.3,-5.7,-0.8,0.4,.023
James Bailey,1988-89,,Did not play - other pro league,,,,,,,
James Bailey,1989-90,,Did not play - other pro league,,,,,,,
Thurl Bailey,1983-84,22,UTA,81,2009,12.9,-0.5,0.8,3.6,.086
Thurl Bailey,1984-85,23,UTA,80,2481,14.7,-0.2,1.2,5.4,.104
Thurl Bailey,1985-86,24,UTA,82,2358,15.0,-0.9,0.7,4.0,.081
Thurl Bailey,1986-87,25,UTA,81,2155,13.9,-1.3,0.4,3.1,.070
Thurl Bailey,1987-88,26,UTA,82,2804,16.3,0.2,1.6,6.8,.116
Thurl Bailey,1988-89,27,UTA,82,2777,15.6,-0.3,1.2,6.5,.113
Thurl Bailey,1989-90,28,UTA,82,2583,13.4,-1.2,0.5,4.6,.085
Thurl Bailey,1990-91,29,UTA,82,2486,12.5,-1.4,0.4,3.7,.072
Thurl Bailey,1991-92,30,2TM,84,2104,14.5,-2.4,-0.2,2.6,.059
Thurl Bailey,1991-92,30,UTA,13,327,12.0,-2.0,0.0,0.5,.079
Thurl Bailey,1991-92,30,MIN,71,1777,14.9,-2.5,-0.2,2.0,.055
Thurl Bailey,1992-93,31,MIN,70,1276,12.9,-2.5,-0.1,1.2,.046
Thurl Bailey,1993-94,32,MIN,79,1297,15.2,-0.3,0.6,2.6,.097
Thurl Bailey,1994-95,,Did not play - other pro league,,,,,,,
Thurl Bailey,1995-96,,Did not play - other pro league,,,,,,,
Thurl Bailey,1996-97,,Did not play - other pro league,,,,,,,
Thurl Bailey,1997-98,,Did not play - other pro league,,,,,,,
Thurl Bailey,1998-99,37,UTA,43,543,11.5,-2.6,-0.1,0.9,.083
Toby Bailey,1998-99,23,PHO,27,249,11.3,-4.2,-0.1,0.2,.041
Toby Bailey,1999-00,24,PHO,46,449,10.8,-3.1,-0.1,0.8,.088
Cameron Bairstow,2014-15,24,CHI,18,64,2.1,-9.0,-0.1,-0.1,-0.048
Cameron Bairstow,2015-16,25,CHI,18,103,6.8,-7.5,-0.1,0.0,-0.004
Jimmie Baker,1975-76,22,KEN,5,40,-3.2,-6.1,-0.1,-0.2,-0.226
Mark Baker,1998-99,29,TOR,1,2,-46.6,-63.7,0.0,-0.1,-1.289
Maurice Baker,2004-05,25,2TM,5,19,-0.2,-7.1,0.0,0.0,-0.057
Maurice Baker,2004-05,25,LAC,1,1,0.0,-7.9,0.0,0.0,-0.009
Maurice Baker,2004-05,25,POR,4,18,-0.2,-7.0,0.0,0.0,-0.059
Norm Baker,1946-47,23,CHS,4,,,,,0.0,
Ron Baker,2016-17,23,NYK,52,857,7.5,-4.7,-0.6,-0.1,-0.008
Ron Baker,2017-18,24,NYK,29,385,9.3,-0.4,0.2,0.5,.059
Ron Baker,2018-19,25,2TM,15,152,2.5,-7.0,-0.2,-0.1,-0.034
Ron Baker,2018-19,25,NYK,11,107,4.4,-6.6,-0.1,0.0,.002
Ron Baker,2018-19,25,WAS,4,45,-2.0,-7.9,-0.1,-0.1,-0.120
Vin Baker,1993-94,22,MIL,82,2560,16.1,-1.2,0.5,4.4,.082
Vin Baker,1994-95,23,MIL,82,3361,16.6,0.2,1.8,5.8,.083
Vin Baker,1995-96,24,MIL,82,3319,18.4,0.1,1.8,6.2,.089
Vin Baker,1996-97,25,MIL,78,3159,20.1,2.0,3.2,8.3,.127
Vin Baker,1997-98,26,SEA,82,2944,20.4,1.0,2.2,10.4,.169
Vin Baker,1998-99,27,SEA,34,1162,12.5,-3.9,-0.5,0.4,.016
Vin Baker,1999-00,28,SEA,79,2849,14.0,-3.0,-0.7,3.5,.059
Vin Baker,2000-01,29,SEA,76,2129,13.0,-4.2,-1.2,1.8,.040
Vin Baker,2001-02,30,SEA,55,1710,14.1,-3.7,-0.7,2.2,.061
Vin Baker,2002-03,31,BOS,52,942,10.6,-4.7,-0.6,1.6,.082
Vin Baker,2003-04,32,2TM,54,1313,14.8,-2.1,0.0,2.8,.101
Vin Baker,2003-04,32,BOS,37,1000,16.1,-0.8,0.3,2.5,.119
Vin Baker,2003-04,32,NYK,17,313,10.5,-6.2,-0.3,0.3,.043
Vin Baker,2004-05,33,2TM,27,204,1.4,-9.6,-0.4,-0.4,-0.091
Vin Baker,2004-05,33,NYK,24,191,2.7,-8.3,-0.3,-0.3,-0.074
Vin Baker,2004-05,33,HOU,3,13,-18.3,-28.6,-0.1,-0.1,-0.344
Vin Baker,2005-06,34,LAC,8,85,11.2,-2.4,0.0,0.1,.072
Patrick Baldwin Jr.,2022-23,20,GSW,31,226,11.3,-2.1,0.0,0.1,.029
Patrick Baldwin Jr.,2023-24,21,WAS,38,493,9.7,-4.6,-0.3,0.2,.019
Patrick Baldwin Jr.,2024-25,22,2TM,24,107,16.2,1.5,0.1,0.2,.098
Patrick Baldwin Jr.,2024-25,22,WAS,22,101,14.5,-0.2,0.0,0.1,.070
Patrick Baldwin Jr.,2024-25,22,LAC,2,6,45.4,30.7,0.1,0.1,.573
Wade Baldwin,2016-17,20,MEM,33,405,6.5,-5.5,-0.3,-0.3,-0.041
Wade Baldwin,2017-18,21,POR,7,80,16.6,1.9,0.1,0.3,.187
Wade Baldwin,2018-19,22,POR,16,94,1.3,-10.3,-0.2,-0.3,-0.153
Renaldo Balkman,2006-07,22,NYK,68,1064,16.1,1.3,0.9,2.8,.125
Renaldo Balkman,2007-08,23,NYK,65,952,11.5,-1.8,0.0,1.3,.065
Renaldo Balkman,2008-09,24,DEN,53,780,16.8,1.4,0.7,2.6,.162
Renaldo Balkman,2009-10,25,DEN,13,91,6.6,-2.4,0.0,0.0,-0.001
Renaldo Balkman,2010-11,26,2TM,8,62,9.3,-4.1,0.0,0.1,.114
Renaldo Balkman,2010-11,26,DEN,5,44,12.8,-1.5,0.0,0.2,.182
Renaldo Balkman,2010-11,26,NYK,3,18,0.7,-10.5,0.0,0.0,-0.050
Renaldo Balkman,2011-12,27,NYK,14,115,14.3,-0.5,0.0,0.3,.142
Cedric Ball,1990-91,22,LAC,7,26,10.8,-6.8,0.0,0.0,.054
LaMelo Ball,2020-21,19,CHO,51,1469,17.5,1.8,1.4,2.8,.093
LaMelo Ball,2021-22,20,CHO,75,2422,19.7,3.4,3.3,5.8,.116
LaMelo Ball,2022-23,21,CHO,36,1268,17.9,2.4,1.4,1.8,.068
LaMelo Ball,2023-24,22,CHO,22,711,20.8,3.3,1.0,1.1,.074
LaMelo Ball,2024-25,23,CHO,47,1505,19.1,3.2,2.0,2.0,.065
Lonzo Ball,2017-18,20,LAL,52,1780,12.5,1.0,1.3,2.0,.053
Lonzo Ball,2018-19,21,LAL,47,1423,11.7,-0.3,0.6,1.6,.052
Lonzo Ball,2019-20,22,NOP,63,2025,13.1,0.6,1.3,2.4,.058
Lonzo Ball,2020-21,23,NOP,55,1747,15.2,1.7,1.6,3.2,.089
Lonzo Ball,2021-22,24,CHI,35,1212,14.5,2.5,1.4,2.2,.088
Lonzo Ball,2022-23,,Did not play - injury,,,,,,,
Lonzo Ball,2023-24,,Did not play - injury,,,,,,,
Lonzo Ball,2024-25,27,CHI,35,777,12.2,0.2,0.4,1.2,.075
Greg Ballard,1977-78,23,WSB,76,936,14.1,-0.1,0.5,2.0,.104
Greg Ballard,1978-79,24,WSB,82,1552,14.9,0.7,1.1,3.9,.120
Greg Ballard,1979-80,25,WSB,82,2438,18.1,2.0,2.5,6.9,.136
Greg Ballard,1980-81,26,WSB,82,2610,16.7,2.2,2.8,6.9,.127
Greg Ballard,1981-82,27,WSB,79,2946,17.9,3.2,3.9,9.4,.154
Greg Ballard,1982-83,28,WSB,78,2840,16.8,2.5,3.2,7.9,.133
Greg Ballard,1983-84,29,WSB,82,2701,15.3,1.1,2.1,5.6,.099
Greg Ballard,1984-85,30,WSB,82,2664,14.3,0.6,1.7,6.0,.109
Greg Ballard,1985-86,31,GSW,75,1792,13.4,-1.0,0.4,3.6,.097
Greg Ballard,1986-87,32,GSW,82,1579,11.5,-2.1,-0.1,1.7,.052
Greg Ballard,1987-88,,Did not play - other pro league,,,,,,,
Greg Ballard,1988-89,34,SEA,2,15,7.1,-10.8,0.0,0.0,.021
Herschel Baltimore,1946-47,25,STB,58,,,,,0.3,
Mo Bamba,2018-19,20,ORL,47,766,14.9,-1.4,0.1,1.7,.106
Mo Bamba,2019-20,21,ORL,62,878,17.5,0.4,0.5,2.5,.135
Mo Bamba,2020-21,22,ORL,46,725,19.3,0.1,0.4,1.8,.117
Mo Bamba,2021-22,23,ORL,71,1824,16.5,0.7,1.2,4.5,.118
Mo Bamba,2022-23,24,2TM,49,769,15.7,0.5,0.5,2.2,.139
Mo Bamba,2022-23,24,ORL,40,681,16.3,1.3,0.6,2.1,.150
Mo Bamba,2022-23,24,LAL,9,88,11.4,-5.5,-0.1,0.1,.054
Mo Bamba,2023-24,25,PHI,57,740,15.4,-1.0,0.2,2.0,.128
Mo Bamba,2024-25,26,2TM,32,413,13.9,-0.9,0.1,1.0,.117
Mo Bamba,2024-25,26,LAC,28,352,14.5,-0.2,0.2,0.9,.124
Mo Bamba,2024-25,26,NOP,4,61,10.6,-4.5,0.0,0.1,.080
Paolo Banchero,2022-23,20,ORL,72,2430,14.9,-1.5,0.3,2.4,.047
Paolo Banchero,2023-24,21,ORL,80,2799,17.3,1.3,2.3,5.3,.090
Paolo Banchero,2024-25,22,ORL,46,1582,20.0,3.5,2.2,3.5,.106
Desmond Bane,2020-21,22,MEM,68,1519,12.2,-0.8,0.5,2.9,.093
Desmond Bane,2021-22,23,MEM,76,2266,17.6,2.7,2.7,7.2,.153
Desmond Bane,2022-23,24,MEM,58,1841,19.1,3.5,2.5,5.8,.151
Desmond Bane,2023-24,25,MEM,42,1443,18.5,2.8,1.7,3.1,.102
Desmond Bane,2024-25,26,MEM,69,2205,17.9,3.2,2.9,6.5,.142
Gene Banks,1981-82,22,SAS,80,1700,14.7,-0.7,0.6,3.5,.099
Gene Banks,1982-83,23,SAS,81,2722,16.7,1.7,2.5,7.9,.140
Gene Banks,1983-84,24,SAS,80,2600,15.4,1.2,2.1,6.2,.115
Gene Banks,1984-85,25,SAS,82,2091,14.5,1.2,1.7,5.6,.130
Gene Banks,1985-86,26,CHI,82,2139,15.5,0.8,1.5,4.3,.097
Gene Banks,1986-87,27,CHI,63,1822,12.6,-1.2,0.4,3.6,.095
Marcus Banks,2003-04,22,BOS,81,1385,11.0,-3.0,-0.4,0.7,.026
Marcus Banks,2004-05,23,BOS,81,1145,12.3,-0.8,0.3,1.9,.081
Marcus Banks,2005-06,24,2TM,58,1497,13.6,-1.7,0.1,2.3,.074
Marcus Banks,2005-06,24,BOS,18,269,9.4,-5.9,-0.3,0.2,.033
Marcus Banks,2005-06,24,MIN,40,1228,14.5,-0.7,0.4,2.1,.083
Marcus Banks,2006-07,25,PHO,45,503,11.3,-3.6,-0.2,0.4,.037
Marcus Banks,2007-08,26,2TM,36,569,12.6,-1.5,0.1,0.8,.068
Marcus Banks,2007-08,26,PHO,24,310,10.1,-2.8,-0.1,0.3,.046
Marcus Banks,2007-08,26,MIA,12,259,15.5,0.1,0.1,0.5,.093
Marcus Banks,2008-09,27,2TM,22,206,7.8,-4.1,-0.1,0.0,-0.008
Marcus Banks,2008-09,27,MIA,16,166,8.7,-3.1,0.0,0.1,.023
Marcus Banks,2008-09,27,TOR,6,40,4.0,-8.1,-0.1,-0.1,-0.139
Marcus Banks,2009-10,28,TOR,22,244,15.3,-0.3,0.1,0.5,.095
Marcus Banks,2010-11,29,TOR,3,22,6.8,-6.5,0.0,0.0,.011
Walker Banks,1970-71,23,PTC,16,154,6.4,,,0.2,.056
Ken Bannister,1984-85,24,NYK,75,1404,7.3,-7.1,-1.8,-0.8,-0.028
Ken Bannister,1985-86,25,NYK,70,1405,10.4,-4.3,-0.8,0.7,.025
Ken Bannister,1986-87,,Did not play - other pro league,,,,,,,
Ken Bannister,1987-88,,Did not play - other pro league,,,,,,,
Ken Bannister,1988-89,28,LAC,9,130,17.9,0.2,0.1,0.4,.150
Ken Bannister,1989-90,29,LAC,52,589,7.6,-5.9,-0.6,0.1,.005
Ken Bannister,1990-91,30,LAC,47,339,7.8,-6.9,-0.4,0.2,.028
Mike Bantom,1973-74,22,PHO,76,1982,11.7,-3.7,-0.8,0.5,.012
Mike Bantom,1974-75,23,PHO,82,2239,15.5,-0.5,0.9,4.5,.097
Mike Bantom,1975-76,24,2TM,73,1571,12.5,-2.0,0.0,2.7,.083
Mike Bantom,1975-76,24,PHO,7,68,9.1,-4.9,-0.1,0.0,-0.020
Mike Bantom,1975-76,24,SEA,66,1503,12.7,-1.9,0.0,2.8,.088
Mike Bantom,1976-77,25,2TM,77,1909,16.8,0.2,1.1,4.8,.120
Mike Bantom,1976-77,25,SEA,44,795,14.8,0.1,0.4,1.9,.113
Mike Bantom,1976-77,25,NYN,33,1114,18.2,0.3,0.6,2.9,.125
Mike Bantom,1977-78,26,IND,82,2775,14.8,0.1,1.5,5.9,.102
Mike Bantom,1978-79,27,IND,81,2528,15.7,0.2,1.4,5.2,.099
Mike Bantom,1979-80,28,IND,77,2330,13.7,-0.7,0.7,3.9,.081
Mike Bantom,1980-81,29,IND,76,2375,14.5,-0.1,1.2,4.4,.088
Mike Bantom,1981-82,30,2TM,82,2016,12.7,-2.3,-0.1,2.9,.069
Mike Bantom,1981-82,30,IND,39,1037,12.6,-2.5,-0.1,1.0,.048
Mike Bantom,1981-82,30,PHI,43,979,12.7,-2.1,0.0,1.9,.092
Mike Bantom,1982-83,,Did not play - other pro league,,,,,,,
Mike Bantom,1983-84,,Did not play - other pro league,,,,,,,
Mike Bantom,1984-85,,Did not play - other pro league,,,,,,,
Mike Bantom,1985-86,,Did not play - other pro league,,,,,,,
Mike Bantom,1986-87,,Did not play - other pro league,,,,,,,
Mike Bantom,1987-88,,Did not play - other pro league,,,,,,,
Mike Bantom,1988-89,,Did not play - other pro league,,,,,,,
Dalano Banton,2021-22,22,TOR,64,696,10.0,-3.1,-0.2,0.4,.030
Dalano Banton,2022-23,23,TOR,31,279,14.9,-0.5,0.1,0.4,.064
Dalano Banton,2023-24,24,2TM,54,1047,13.3,-1.3,0.2,0.5,.024
Dalano Banton,2023-24,24,BOS,24,171,9.9,-4.1,-0.1,0.2,.063
Dalano Banton,2023-24,24,POR,30,876,14.0,-0.8,0.3,0.3,.016
Dalano Banton,2024-25,25,POR,67,1120,12.9,-0.8,0.3,0.8,.033
Cat Barber,2021-22,27,ATL,3,13,-11.2,-23.5,-0.1,-0.1,-0.450
John Barber,1956-57,29,STL,5,19,4.2,,,0.0,-0.108
Leandro Barbosa,2003-04,21,PHO,70,1500,12.7,-0.8,0.5,1.9,.061
Leandro Barbosa,2004-05,22,PHO,63,1087,12.8,-1.5,0.1,1.8,.081
Leandro Barbosa,2005-06,23,PHO,57,1592,15.1,-0.1,0.8,3.8,.115
Leandro Barbosa,2006-07,24,PHO,80,2613,18.4,2.7,3.1,8.2,.151
Leandro Barbosa,2007-08,25,PHO,82,2421,15.8,0.2,1.4,5.5,.109
Leandro Barbosa,2008-09,26,PHO,70,1705,19.4,1.9,1.7,5.0,.141
Leandro Barbosa,2009-10,27,PHO,44,786,14.0,-2.1,0.0,1.1,.065
Leandro Barbosa,2010-11,28,TOR,58,1395,15.3,-1.3,0.2,1.5,.052
Leandro Barbosa,2011-12,29,2TM,64,1382,14.0,-1.2,0.3,1.7,.060
Leandro Barbosa,2011-12,29,TOR,42,946,14.2,-1.1,0.2,1.0,.052
Leandro Barbosa,2011-12,29,IND,22,436,13.4,-1.4,0.1,0.7,.076
Leandro Barbosa,2012-13,30,BOS,41,513,13.5,-0.7,0.2,0.9,.086
Leandro Barbosa,2013-14,31,PHO,20,368,11.5,-2.8,-0.1,0.4,.058
Leandro Barbosa,2014-15,32,GSW,66,982,15.3,0.3,0.6,2.8,.137
Leandro Barbosa,2015-16,33,GSW,68,1079,11.7,-2.0,0.0,2.1,.092
Leandro Barbosa,2016-17,34,PHO,67,963,11.5,-2.5,-0.1,0.6,.031
Leandro Barbosa,2017-18,,Did not play - other pro league,,,,,,,
Leandro Barbosa,2018-19,,Did not play - other pro league,,,,,,,
Steve Bardo,1990-91,,Did not play - other pro league,,,,,,,
Steve Bardo,1991-92,23,SAS,1,1,32.3,17.1,0.0,0.0,.424
Steve Bardo,1992-93,24,DAL,23,175,7.7,-5.1,-0.1,-0.3,-0.084
Steve Bardo,1993-94,,Did not play - other pro league,,,,,,,
Steve Bardo,1994-95,,Did not play - other pro league,,,,,,,
Steve Bardo,1995-96,27,DET,9,123,8.4,-2.6,0.0,0.2,.069
J.J. Barea,2006-07,22,DAL,33,191,9.6,-5.2,-0.2,0.1,.015
J.J. Barea,2007-08,23,DAL,44,460,11.7,-1.9,0.0,0.5,.052
J.J. Barea,2008-09,24,DAL,79,1600,13.4,-1.5,0.2,2.2,.066
J.J. Barea,2009-10,25,DAL,78,1546,12.8,-1.3,0.3,2.2,.069
J.J. Barea,2010-11,26,DAL,81,1669,14.8,-0.5,0.6,3.2,.093
J.J. Barea,2011-12,27,MIN,41,1032,14.9,-1.0,0.3,1.2,.056
J.J. Barea,2012-13,28,MIN,74,1713,14.1,-0.6,0.6,1.9,.053
J.J. Barea,2013-14,29,MIN,79,1471,11.6,-2.7,-0.3,0.7,.024
J.J. Barea,2014-15,30,DAL,77,1362,15.1,-0.3,0.6,2.7,.096
J.J. Barea,2015-16,31,DAL,74,1667,15.4,0.0,0.9,2.8,.082
J.J. Barea,2016-17,32,DAL,35,771,17.2,1.5,0.7,1.3,.080
J.J. Barea,2017-18,33,DAL,69,1603,17.8,1.2,1.3,3.3,.098
J.J. Barea,2018-19,34,DAL,38,752,16.3,-0.6,0.3,1.0,.064
J.J. Barea,2019-20,35,DAL,29,450,14.6,-1.4,0.1,0.7,.072
Andrea Bargnani,2006-07,21,TOR,65,1629,12.8,-1.8,0.1,1.9,.057
Andrea Bargnani,2007-08,22,TOR,78,1861,10.6,-3.7,-0.8,1.4,.036
Andrea Bargnani,2008-09,23,TOR,78,2453,14.6,-0.8,0.7,3.9,.076
Andrea Bargnani,2009-10,24,TOR,80,2799,15.5,-0.8,0.9,4.2,.072
Andrea Bargnani,2010-11,25,TOR,66,2353,16.4,-1.4,0.4,2.5,.052
Andrea Bargnani,2011-12,26,TOR,31,1032,17.9,1.1,0.8,2.2,.104
Andrea Bargnani,2012-13,27,TOR,35,1003,11.2,-2.7,-0.2,0.1,.007
Andrea Bargnani,2013-14,28,NYK,42,1257,14.5,-2.3,-0.1,1.5,.058
Andrea Bargnani,2014-15,29,NYK,29,785,16.6,-1.1,0.2,0.9,.058
Andrea Bargnani,2015-16,30,BRK,46,634,11.8,-5.1,-0.5,0.2,.013
Andrea Bargnani,2016-17,,Did not play - other pro league,,,,,,,
Cliff Barker,1949-50,29,INO,49,,,,,2.2,
Cliff Barker,1950-51,30,INO,56,,,,,-0.2,
Cliff Barker,1951-52,31,INO,44,494,10.8,,,0.1,.008
Tom Barker,1976-77,21,ATL,59,1354,11.5,-3.5,-0.5,1.0,.035
Tom Barker,1977-78,,Did not play - other pro league,,,,,,,
Tom Barker,1978-79,23,3TM,39,476,9.1,-4.6,-0.4,0.3,.031
Tom Barker,1978-79,23,HOU,5,16,13.2,-4.6,0.0,0.0,.147
Tom Barker,1978-79,23,BOS,12,131,9.5,-4.4,-0.1,0.0,.017
Tom Barker,1978-79,23,NYK,22,329,8.8,-4.6,-0.2,0.2,.031
Charles Barkley,1984-85,21,PHI,82,2347,18.3,1.7,2.2,7.5,.154
Charles Barkley,1985-86,22,PHI,80,2952,22.4,5.1,5.3,10.8,.176
Charles Barkley,1986-87,23,PHI,68,2740,25.1,6.7,6.0,12.0,.210
Charles Barkley,1987-88,24,PHI,80,3170,27.6,7.4,7.5,16.7,.253
Charles Barkley,1988-89,25,PHI,79,3088,27.0,7.5,7.4,16.1,.250
Charles Barkley,1989-90,26,PHI,79,3085,27.1,8.2,8.0,17.3,.269
Charles Barkley,1990-91,27,PHI,67,2498,28.9,9.3,7.0,13.4,.258
Charles Barkley,1991-92,28,PHI,75,2881,24.5,6.3,6.1,12.3,.205
Charles Barkley,1992-93,29,PHO,76,2859,25.9,7.8,7.1,14.4,.242
Charles Barkley,1993-94,30,PHO,65,2298,22.8,5.2,4.2,8.8,.185
Charles Barkley,1994-95,31,PHO,68,2382,25.2,6.3,5.0,10.6,.214
Charles Barkley,1995-96,32,PHO,71,2632,24.8,5.7,5.1,10.5,.191
Charles Barkley,1996-97,33,HOU,53,2009,23.0,5.7,3.9,9.4,.224
Charles Barkley,1997-98,34,HOU,68,2243,21.6,2.8,2.7,8.6,.183
Charles Barkley,1998-99,35,HOU,42,1526,23.1,4.5,2.5,6.8,.215
Charles Barkley,1999-00,36,HOU,20,620,19.8,2.0,0.6,1.9,.148
Erick Barkley,2000-01,22,POR,8,38,10.3,-7.7,-0.1,-0.1,-0.075
Erick Barkley,2001-02,23,POR,19,228,9.8,-3.0,-0.1,0.2,.044
Don Barksdale,1951-52,28,BLB,62,2014,15.9,,,1.5,.036
Don Barksdale,1952-53,29,BLB,65,2298,16.7,,,3.1,.065
Don Barksdale,1953-54,30,BOS,63,1358,14.3,,,2.3,.082
Don Barksdale,1954-55,31,BOS,72,1790,14.7,,,2.2,.059
Dominick Barlow,2022-23,19,SAS,28,408,12.4,-4.6,-0.3,0.7,.082
Dominick Barlow,2023-24,20,SAS,33,420,14.6,-1.7,0.0,1.1,.126
Dominick Barlow,2024-25,21,ATL,35,375,14.6,-2.2,0.0,1.0,.131
Harrison Barnes,2012-13,20,GSW,81,2058,11.0,-1.7,0.1,2.8,.065
Harrison Barnes,2013-14,21,GSW,78,2204,9.8,-1.6,0.2,3.2,.070
Harrison Barnes,2014-15,22,GSW,82,2318,13.4,0.1,1.2,6.7,.139
Harrison Barnes,2015-16,23,GSW,66,2042,12.3,-1.3,0.3,4.9,.116
Harrison Barnes,2016-17,24,DAL,79,2803,16.3,-0.8,0.8,4.6,.078
Harrison Barnes,2017-18,25,DAL,77,2634,15.8,-0.5,1.0,3.8,.070
Harrison Barnes,2018-19,26,2TM,77,2533,12.8,-1.4,0.4,3.6,.068
Harrison Barnes,2018-19,26,DAL,49,1584,13.1,-1.2,0.3,1.9,.059
Harrison Barnes,2018-19,26,SAC,28,949,12.3,-1.7,0.1,1.7,.084
Harrison Barnes,2019-20,27,SAC,72,2482,13.3,-1.3,0.5,4.6,.088
Harrison Barnes,2020-21,28,SAC,58,2102,15.4,0.2,1.1,4.5,.103
Harrison Barnes,2021-22,29,SAC,77,2587,15.7,0.2,1.4,6.0,.112
Harrison Barnes,2022-23,30,SAC,82,2662,14.1,-1.0,0.7,6.5,.118
Harrison Barnes,2023-24,31,SAC,82,2381,11.9,-1.8,0.1,4.7,.094
Harrison Barnes,2024-25,32,SAS,82,2230,14.9,0.0,1.2,5.6,.120
Harry Barnes,1968-69,23,SDR,22,126,2.4,,,-0.4,-0.154
Jim Barnes,1964-65,23,NYK,75,2586,13.7,,,3.4,.063
Jim Barnes,1965-66,24,2TM,73,2191,12.8,,,2.9,.063
Jim Barnes,1965-66,24,NYK,7,263,12.3,,,0.4,.071
Jim Barnes,1965-66,24,BAL,66,1928,12.9,,,2.5,.062
Jim Barnes,1966-67,25,LAL,80,1398,11.0,,,2.1,.071
Jim Barnes,1967-68,26,2TM,79,1425,11.7,,,2.4,.081
Jim Barnes,1967-68,26,LAL,42,713,10.0,,,0.8,.057
Jim Barnes,1967-68,26,CHI,37,712,13.4,,,1.6,.106
Jim Barnes,1968-69,27,2TM,59,706,13.6,,,2.1,.141
Jim Barnes,1968-69,27,CHI,10,111,11.5,,,0.0,-0.010
Jim Barnes,1968-69,27,BOS,49,595,14.0,,,2.1,.169
Jim Barnes,1969-70,28,BOS,77,1049,11.3,,,1.1,.048
Jim Barnes,1970-71,29,BAL,11,100,10.5,,,0.3,.145
Marvin Barnes,1974-75,22,SSL,77,3076,20.8,1.7,2.9,8.6,.133
Marvin Barnes,1975-76,23,SSL,67,2487,21.6,2.7,3.0,7.6,.146
Marvin Barnes,1976-77,24,DET,53,989,15.0,-2.3,-0.1,1.3,.063
Marvin Barnes,1977-78,25,2TM,60,1646,13.9,-0.9,0.4,2.0,.060
Marvin Barnes,1977-78,25,DET,12,269,13.0,-2.9,-0.1,0.2,.038
Marvin Barnes,1977-78,25,BUF,48,1377,14.1,-0.5,0.5,1.8,.064
Marvin Barnes,1978-79,26,BOS,38,796,12.3,-1.5,0.1,1.0,.060
Marvin Barnes,1979-80,27,SDC,20,287,8.2,-4.3,-0.2,0.1,.019
Marvin Barnes,1980-81,,Did not play - other pro league,,,,,,,
Matt Barnes,2003-04,23,LAC,38,724,10.6,-2.2,0.0,0.7,.045
Matt Barnes,2004-05,24,SAC,43,715,9.0,-3.2,-0.2,0.4,.028
Matt Barnes,2005-06,25,2TM,56,631,10.7,-3.1,-0.2,1.0,.075
Matt Barnes,2005-06,25,NYK,6,93,9.8,-1.1,0.0,0.0,-0.012
Matt Barnes,2005-06,25,PHI,50,538,10.8,-3.4,-0.2,1.0,.090
Matt Barnes,2006-07,26,GSW,76,1813,14.7,0.9,1.3,3.7,.099
Matt Barnes,2007-08,27,GSW,73,1414,12.9,-0.2,0.6,2.3,.077
Matt Barnes,2008-09,28,PHO,77,2082,12.6,-0.4,0.8,3.0,.069
Matt Barnes,2009-10,29,ORL,81,2097,13.6,1.3,1.7,5.9,.135
Matt Barnes,2010-11,30,LAL,53,1020,14.6,0.6,0.7,3.0,.142
Matt Barnes,2011-12,31,LAL,63,1440,15.5,1.6,1.3,4.3,.142
Matt Barnes,2012-13,32,LAC,80,2058,15.5,1.8,2.0,6.3,.146
Matt Barnes,2013-14,33,LAC,63,1735,12.0,-0.2,0.8,3.5,.097
Matt Barnes,2014-15,34,LAC,76,2271,11.3,-0.3,1.0,4.3,.091
Matt Barnes,2015-16,35,MEM,76,2190,11.7,-0.9,0.6,2.6,.056
Matt Barnes,2016-17,36,2TM,74,1777,10.3,-1.4,0.3,2.0,.053
Matt Barnes,2016-17,36,SAC,54,1367,10.2,-1.6,0.1,1.0,.034
Matt Barnes,2016-17,36,GSW,20,410,10.7,-0.7,0.1,1.0,.115
Scottie Barnes,2021-22,20,TOR,74,2617,16.3,0.9,1.9,6.6,.122
Scottie Barnes,2022-23,21,TOR,77,2678,15.5,0.4,1.6,5.0,.090
Scottie Barnes,2023-24,22,TOR,60,2094,19.5,3.7,3.0,4.3,.098
Scottie Barnes,2024-25,23,TOR,65,2134,17.8,2.4,2.3,3.5,.078
Dick Barnett,1959-60,23,SYR,57,1235,15.1,,,2.2,.084
Dick Barnett,1960-61,24,SYR,78,2070,17.1,,,5.8,.135
Dick Barnett,1961-62,,Did not play - other pro league,,,,,,,
Dick Barnett,1962-63,26,LAL,80,2544,16.3,,,8.0,.150
Dick Barnett,1963-64,27,LAL,78,2620,15.7,,,6.5,.119
Dick Barnett,1964-65,28,LAL,74,2026,13.3,,,3.4,.081
Dick Barnett,1965-66,29,NYK,75,2589,18.4,,,8.0,.149
Dick Barnett,1966-67,30,NYK,67,1969,15.6,,,4.7,.114
Dick Barnett,1967-68,31,NYK,81,2488,16.4,,,7.7,.149
Dick Barnett,1968-69,32,NYK,82,2953,14.3,,,7.8,.126
Dick Barnett,1969-70,33,NYK,82,2772,12.9,,,6.8,.117
Dick Barnett,1970-71,34,NYK,82,2843,12.3,,,5.5,.093
Dick Barnett,1971-72,35,NYK,79,2256,10.9,,,2.6,.055
Dick Barnett,1972-73,36,NYK,51,514,8.1,,,-0.2,-0.022
Dick Barnett,1973-74,37,NYK,5,58,9.4,-3.6,0.0,0.0,.005
Jim Barnett,1966-67,22,BOS,48,383,10.4,,,0.0,.003
Jim Barnett,1967-68,23,SDR,47,1068,11.2,,,0.3,.012
Jim Barnett,1968-69,24,SDR,80,2346,14.7,,,4.8,.098
Jim Barnett,1969-70,25,SDR,80,2105,16.0,,,5.4,.122
Jim Barnett,1970-71,26,POR,78,2371,17.0,,,4.7,.094
Jim Barnett,1971-72,27,GSW,80,2200,14.1,,,3.7,.081
Jim Barnett,1972-73,28,GSW,82,2215,15.2,,,6.1,.132
Jim Barnett,1973-74,29,GSW,77,1689,16.4,0.1,0.9,4.1,.118
Jim Barnett,1974-75,30,2TM,73,1776,13.2,-1.6,0.2,2.5,.069
Jim Barnett,1974-75,30,NOJ,45,1238,14.6,-0.9,0.4,2.1,.080
Jim Barnett,1974-75,30,NYK,28,538,9.8,-3.2,-0.2,0.5,.042
Jim Barnett,1975-76,31,NYK,71,1026,12.5,-1.3,0.2,1.5,.072
Jim Barnett,1976-77,32,PHI,16,231,7.4,-4.4,-0.2,0.1,.014
Nate Barnett,1975-76,23,INA,12,73,4.9,-5.4,-0.1,0.0,-0.031
John Barnhill,1959-60,,Did not play - other pro league,,,,,,,
John Barnhill,1960-61,,Did not play - other pro league,,,,,,,
John Barnhill,1961-62,,Did not play - other pro league,,,,,,,
John Barnhill,1962-63,24,STL,77,2692,11.7,,,4.6,.082
John Barnhill,1963-64,25,STL,74,1367,10.1,,,1.0,.034
John Barnhill,1964-65,26,STL,41,777,10.1,,,0.4,.022
John Barnhill,1965-66,27,2TM,76,1617,10.8,,,1.1,.034
John Barnhill,1965-66,27,STL,31,691,11.8,,,0.9,.059
John Barnhill,1965-66,27,DET,45,926,10.0,,,0.3,.015
John Barnhill,1966-67,28,BAL,53,1214,10.6,,,0.7,.026
John Barnhill,1967-68,29,SDR,75,1883,11.4,,,1.7,.044
John Barnhill,1968-69,30,BAL,30,504,11.4,,,1.0,.091
John Barnhill,1969-70,31,INA,77,2374,10.4,,,2.5,.050
John Barnhill,1970-71,32,2TM,67,1303,9.2,,,0.3,.010
John Barnhill,1970-71,32,INA,43,619,7.9,,,-0.3,-0.025
John Barnhill,1970-71,32,DNR,24,684,10.5,,,0.6,.042
John Barnhill,1971-72,33,INA,19,194,4.9,,,-0.4,-0.110
Norton Barnhill,1976-77,23,SEA,4,10,4.7,-5.3,0.0,0.0,-0.198
Leo Barnhorst,1949-50,25,CHS,67,,,,,3.6,
Leo Barnhorst,1950-51,26,INO,68,,,,,1.3,
Leo Barnhorst,1951-52,27,INO,66,2344,16.0,,,4.7,.097
Leo Barnhorst,1952-53,28,INO,71,2871,16.0,,,4.6,.076
Leo Barnhorst,1953-54,29,2TM,72,2064,9.7,,,-0.9,-0.020
Leo Barnhorst,1953-54,29,BLB,55,1879,10.5,,,-0.3,-0.007
Leo Barnhorst,1953-54,29,FTW,17,185,1.8,,,-0.6,-0.154
John Barr,1946-47,28,STB,58,,,,,5.0,
Mike Barr,1972-73,22,VIR,79,2076,8.5,,,2.7,.062
Mike Barr,1973-74,23,VIR,45,652,9.6,-2.6,-0.1,0.4,.027
Mike Barr,1974-75,24,SSL,54,1341,8.2,-2.6,-0.2,0.7,.025
Mike Barr,1975-76,25,SSL,56,1048,12.5,-0.4,0.4,1.7,.080
Mike Barr,1976-77,26,KCK,73,1224,10.3,-0.7,0.4,1.4,.054
Moe Barr,1970-71,26,CIN,31,145,11.9,,,0.1,.029
Andre Barrett,2004-05,22,2TM,38,483,8.6,-2.8,-0.1,0.4,.041
Andre Barrett,2004-05,22,HOU,27,314,5.6,-3.5,-0.1,0.1,.017
Andre Barrett,2004-05,22,ORL,11,169,14.0,-1.3,0.0,0.3,.086
Andre Barrett,2005-06,23,2TM,19,282,11.3,-3.6,-0.1,-0.1,-0.019
Andre Barrett,2005-06,23,PHO,2,21,14.1,-1.9,0.0,0.0,.109
Andre Barrett,2005-06,23,TOR,17,261,11.0,-3.8,-0.1,-0.2,-0.029
Andre Barrett,2006-07,24,CHI,6,29,8.2,-5.3,0.0,0.0,.014
Andre Barrett,2007-08,25,LAC,4,25,12.5,-0.2,0.0,0.0,.078
Ernie Barrett,1953-54,24,BOS,59,641,4.8,,,-0.8,-0.058
Ernie Barrett,1954-55,,Did not play - retired,,,,,,,
Ernie Barrett,1955-56,26,BOS,72,1451,11.2,,,1.5,.051
Mike Barrett,1969-70,26,WSA,84,2262,14.0,,,2.7,.056
Mike Barrett,1970-71,27,VIR,84,2754,11.8,,,4.9,.085
Mike Barrett,1971-72,,Did not play - injury,,,,,,,
Mike Barrett,1972-73,29,SDA,19,284,4.1,,,-0.1,-0.022
RJ Barrett,2019-20,19,NYK,56,1704,10.7,-4.3,-1.0,-0.5,-0.015
RJ Barrett,2020-21,20,NYK,72,2511,13.4,-1.2,0.5,4.1,.078
RJ Barrett,2021-22,21,NYK,70,2417,13.7,-1.6,0.2,2.3,.046
RJ Barrett,2022-23,22,NYK,73,2475,12.9,-3.1,-0.7,2.2,.043
RJ Barrett,2023-24,23,2TM,58,1838,16.4,-0.8,0.6,2.9,.075
RJ Barrett,2023-24,23,NYK,26,766,14.3,-2.0,0.0,1.1,.070
RJ Barrett,2023-24,23,TOR,32,1072,17.8,0.1,0.6,1.7,.078
RJ Barrett,2024-25,24,TOR,58,1869,16.5,0.6,1.2,2.4,.061
Earl Barron,2005-06,24,MIA,8,45,-2.8,-17.7,-0.2,-0.2,-0.167
Earl Barron,2006-07,25,MIA,28,203,6.6,-9.6,-0.4,-0.3,-0.062
Earl Barron,2007-08,26,MIA,46,889,9.4,-7.2,-1.2,-0.4,-0.019
Earl Barron,2008-09,,Did not play - other pro league,,,,,,,
Earl Barron,2009-10,28,NYK,7,232,14.7,-4.5,-0.1,0.4,.091
Earl Barron,2010-11,29,3TM,21,305,6.2,-8.1,-0.5,-0.2,-0.039
Earl Barron,2010-11,29,PHO,12,183,1.5,-11.5,-0.4,-0.4,-0.106
Earl Barron,2010-11,29,MIL,7,85,17.3,0.0,0.0,0.2,.130
Earl Barron,2010-11,29,POR,2,37,3.8,-10.4,-0.1,-0.1,-0.093
Earl Barron,2011-12,30,GSW,2,9,4.7,-16.3,0.0,0.0,.054
Earl Barron,2012-13,31,2TM,12,159,8.9,-7.9,-0.2,0.0,-0.003
Earl Barron,2012-13,31,WAS,11,122,6.9,-8.9,-0.2,-0.1,-0.025
Earl Barron,2012-13,31,NYK,1,37,15.4,-4.9,0.0,0.1,.069
Earl Barron,2013-14,,Did not play - unsigned,,,,,,,
Earl Barron,2014-15,33,PHO,16,143,5.0,-7.4,-0.2,0.0,-0.011
Dana Barros,1989-90,22,SEA,81,1630,12.8,-0.6,0.6,1.8,.053
Dana Barros,1990-91,23,SEA,66,750,18.8,2.4,0.8,2.5,.158
Dana Barros,1991-92,24,SEA,75,1331,15.0,1.8,1.3,3.6,.132
Dana Barros,1992-93,25,SEA,69,1243,15.0,1.5,1.1,3.5,.134
Dana Barros,1993-94,26,PHI,81,2519,16.0,0.6,1.7,4.7,.089
Dana Barros,1994-95,27,PHI,82,3318,20.9,5.0,5.8,12.7,.183
Dana Barros,1995-96,28,BOS,80,2328,15.6,1.1,1.8,5.6,.116
Dana Barros,1996-97,29,BOS,24,708,14.0,1.0,0.5,1.0,.065
Dana Barros,1997-98,30,BOS,80,1686,18.6,3.5,2.3,5.6,.160
Dana Barros,1998-99,31,BOS,50,1156,17.7,2.0,1.2,3.4,.139
Dana Barros,1999-00,32,BOS,72,1139,15.1,0.3,0.7,2.4,.103
Dana Barros,2000-01,33,DET,60,1079,14.3,-0.3,0.5,2.3,.101
Dana Barros,2001-02,34,DET,29,582,10.5,-2.6,-0.1,0.5,.040
Dana Barros,2002-03,,Did not play - waived,,,,,,,
Dana Barros,2003-04,36,BOS,1,11,17.8,-6.4,0.0,0.1,.256
Brent Barry,1995-96,24,LAC,79,1898,15.9,2.2,2.0,4.9,.124
Brent Barry,1996-97,25,LAC,59,1094,15.0,0.4,0.7,2.1,.090
Brent Barry,1997-98,26,2TM,58,1600,14.3,0.5,1.0,2.7,.080
Brent Barry,1997-98,26,LAC,41,1341,14.9,0.5,0.8,2.0,.072
Brent Barry,1997-98,26,MIA,17,259,11.2,0.5,0.2,0.7,.125
Brent Barry,1998-99,27,CHI,37,1181,12.9,-0.5,0.4,1.6,.065
Brent Barry,1999-00,28,SEA,80,2726,14.6,1.8,2.6,7.5,.131
Brent Barry,2000-01,29,SEA,67,1778,16.6,3.3,2.4,5.8,.157
Brent Barry,2001-02,30,SEA,81,3040,19.3,5.5,5.8,12.1,.191
Brent Barry,2002-03,31,SEA,75,2480,15.8,2.6,2.9,7.3,.141
Brent Barry,2003-04,32,SEA,59,1803,18.3,3.2,2.4,5.7,.151
Brent Barry,2004-05,33,SAS,81,1742,14.0,2.4,1.9,6.1,.168
Brent Barry,2005-06,34,SAS,74,1259,14.8,3.4,1.7,4.3,.162
Brent Barry,2006-07,35,SAS,75,1631,16.6,4.3,2.6,6.8,.201
Brent Barry,2007-08,36,SAS,31,554,16.7,3.6,0.8,2.3,.203
Brent Barry,2008-09,37,HOU,56,857,9.2,0.1,0.5,1.5,.082
Drew Barry,1996-97,,Did not play - other pro league,,,,,,,
Drew Barry,1997-98,24,ATL,27,256,10.7,-3.2,-0.1,0.3,.058
Drew Barry,1998-99,25,SEA,17,183,9.0,-2.7,0.0,0.2,.048
Drew Barry,1999-00,26,2TM,16,159,9.5,-4.8,-0.1,0.1,.042
Drew Barry,1999-00,26,GSW,8,85,10.1,-3.6,0.0,0.1,.055
Drew Barry,1999-00,26,ATL,8,74,8.8,-6.1,-0.1,0.0,.027
Jon Barry,1992-93,23,MIL,47,552,9.6,-4.1,-0.3,-0.1,-0.011
Jon Barry,1993-94,24,MIL,72,1242,14.6,0.6,0.8,2.1,.080
Jon Barry,1994-95,25,MIL,52,602,12.6,-0.6,0.2,1.1,.084
Jon Barry,1995-96,26,GSW,68,712,14.9,2.8,0.9,1.8,.122
Jon Barry,1996-97,27,ATL,58,965,13.2,1.3,0.8,2.4,.118
Jon Barry,1997-98,28,LAL,49,374,13.3,0.2,0.2,0.9,.116
Jon Barry,1998-99,29,SAC,43,736,15.9,2.8,0.9,2.4,.156
Jon Barry,1999-00,30,SAC,62,1281,15.9,2.8,1.5,4.2,.157
Jon Barry,2000-01,31,SAC,62,1010,12.4,0.1,0.5,2.4,.114
Jon Barry,2001-02,32,DET,82,1985,17.7,3.9,3.0,7.5,.180
Jon Barry,2002-03,33,DET,80,1473,17.9,4.3,2.3,5.6,.183
Jon Barry,2003-04,34,DEN,57,1101,14.6,2.0,1.1,2.8,.122
Jon Barry,2004-05,35,2TM,69,1505,13.4,1.7,1.4,3.9,.125
Jon Barry,2004-05,35,ATL,16,275,10.6,-2.1,0.0,0.2,.038
Jon Barry,2004-05,35,HOU,53,1230,14.0,2.5,1.4,3.7,.144
Jon Barry,2005-06,36,HOU,20,342,8.5,-1.5,0.0,0.4,.055
Rick Barry,1965-66,21,SFW,80,2990,20.0,,,10.4,.167
Rick Barry,1966-67,22,SFW,78,3175,24.2,,,14.4,.218
Rick Barry,1967-68,,Did not play - legal,,,,,,,
Rick Barry,1968-69,24,OAK,35,1361,29.6,,,8.5,.301
Rick Barry,1969-70,25,WSA,52,1849,24.9,,,7.8,.204
Rick Barry,1970-71,26,NYA,59,2502,22.6,,,8.1,.155
Rick Barry,1971-72,27,NYA,80,3616,21.8,,,11.1,.147
Rick Barry,1972-73,28,GSW,82,3075,20.4,,,10.2,.159
Rick Barry,1973-74,29,GSW,80,2918,22.4,3.9,4.4,10.4,.172
Rick Barry,1974-75,30,GSW,80,3235,23.5,4.9,5.7,12.7,.188
Rick Barry,1975-76,31,GSW,81,3122,18.3,2.6,3.6,9.6,.148
Rick Barry,1976-77,32,GSW,79,2904,19.3,2.9,3.6,8.4,.139
Rick Barry,1977-78,33,GSW,82,3024,20.9,3.6,4.3,9.7,.154
Rick Barry,1978-79,34,HOU,80,2566,14.7,0.8,1.8,4.2,.078
Rick Barry,1979-80,35,HOU,72,1816,14.8,1.1,1.4,3.4,.090
Ed Bartels,1949-50,24,2TM,15,,,,,-0.6,
Ed Bartels,1949-50,24,DNN,13,,,,,-0.6,
Ed Bartels,1949-50,24,NYK,2,,,,,0.0,
Ed Bartels,1950-51,25,WSC,17,,,,,-0.5,
Vic Bartolome,1970-71,,Did not play - other pro league,,,,,,,
Vic Bartolome,1971-72,23,GSW,38,165,4.4,,,-0.4,-0.114
Will Barton,2012-13,22,POR,73,894,9.1,-4.6,-0.6,-0.5,-0.028
Will Barton,2013-14,23,POR,41,387,13.5,-1.3,0.1,0.6,.078
Will Barton,2014-15,24,2TM,58,983,13.6,-0.2,0.4,1.3,.063
Will Barton,2014-15,24,POR,30,300,8.3,-3.3,-0.1,0.0,.002
Will Barton,2014-15,24,DEN,28,683,15.9,1.2,0.5,1.3,.089
Will Barton,2015-16,25,DEN,82,2353,16.0,0.8,1.7,4.3,.088
Will Barton,2016-17,26,DEN,60,1705,15.5,0.2,1.0,3.3,.093
Will Barton,2017-18,27,DEN,81,2683,16.2,1.1,2.1,6.2,.111
Will Barton,2018-19,28,DEN,43,1189,11.0,-1.8,0.0,1.2,.049
Will Barton,2019-20,29,DEN,58,1916,15.6,1.1,1.5,4.2,.106
Will Barton,2020-21,30,DEN,56,1736,11.8,-1.9,0.1,2.2,.061
Will Barton,2021-22,31,DEN,71,2277,13.4,-0.5,0.9,3.2,.067
Will Barton,2022-23,32,2TM,56,993,10.0,-2.6,-0.2,0.4,.021
Will Barton,2022-23,32,WAS,40,782,10.0,-2.7,-0.1,0.2,.013
Will Barton,2022-23,32,TOR,16,211,9.9,-2.5,0.0,0.2,.051
Will Barton,2023-24,,Did not play - other pro league,,,,,,,
Eddie Basden,2005-06,22,CHI,19,141,10.3,-0.6,0.0,0.2,.065
Jerry Baskerville,1975-76,24,PHI,21,105,8.0,-5.2,-0.1,0.0,-0.019
Brandon Bass,2005-06,20,NOK,29,268,9.1,-5.0,-0.2,0.1,.013
Brandon Bass,2006-07,21,NOK,21,162,7.2,-5.6,-0.1,0.0,-0.011
Brandon Bass,2007-08,22,DAL,79,1557,15.9,-0.4,0.6,4.3,.132
Brandon Bass,2008-09,23,DAL,81,1574,16.4,-1.5,0.2,4.1,.124
Brandon Bass,2009-10,24,ORL,50,648,16.5,-0.6,0.2,2.0,.147
Brandon Bass,2010-11,25,ORL,76,1980,15.9,0.2,1.1,6.3,.153
Brandon Bass,2011-12,26,BOS,59,1868,14.1,-1.0,0.5,4.7,.122
Brandon Bass,2012-13,27,BOS,81,2239,12.3,-1.9,0.1,4.7,.101
Brandon Bass,2013-14,28,BOS,82,2266,15.0,-1.1,0.5,5.1,.107
Brandon Bass,2014-15,29,BOS,82,1929,16.3,0.0,1.0,5.3,.132
Brandon Bass,2015-16,30,LAL,66,1342,17.3,0.6,0.9,4.1,.146
Brandon Bass,2016-17,31,LAC,52,577,19.7,0.4,0.4,2.2,.186
Brandon Bass,2017-18,,Did not play - other pro league,,,,,,,
Brandon Bass,2018-19,,Did not play - other pro league,,,,,,,
Paris Bass,2021-22,26,PHO,2,7,13.9,-12.4,0.0,0.0,-0.170
Tim Bassett,1973-74,22,SDA,82,1854,13.4,-0.9,0.5,3.7,.097
Tim Bassett,1974-75,23,SDA,72,1998,11.4,-1.8,0.1,2.4,.057
Tim Bassett,1975-76,24,NYA,84,1790,8.9,-2.8,-0.4,2.6,.069
Tim Bassett,1976-77,25,NYN,76,2442,10.5,-2.7,-0.4,1.5,.029
Tim Bassett,1977-78,26,NJN,65,1474,8.6,-2.8,-0.3,1.1,.036
Tim Bassett,1978-79,27,NJN,82,1508,8.0,-3.1,-0.4,1.4,.045
Tim Bassett,1979-80,28,2TM,12,164,6.7,-3.4,-0.1,0.1,.033
Tim Bassett,1979-80,28,NJN,7,92,7.9,-3.4,0.0,0.1,.063
Tim Bassett,1979-80,28,SAS,5,72,5.3,-3.4,0.0,0.0,-0.005
Tim Bassett,1980-81,,Did not play - other pro league,,,,,,,
Tim Bassett,1981-82,,Did not play - other pro league,,,,,,,
Charles Bassey,2021-22,21,PHI,23,168,21.5,1.7,0.2,0.8,.220
Charles Bassey,2022-23,22,SAS,35,508,18.8,0.7,0.3,1.3,.123
Charles Bassey,2023-24,23,SAS,19,205,17.7,1.3,0.2,0.7,.157
Charles Bassey,2024-25,24,SAS,36,376,19.0,-1.1,0.1,1.1,.136
Maceo Baston,1998-99,,Did not play - other pro league,,,,,,,
Maceo Baston,1999-00,,Did not play - other pro league,,,,,,,
Maceo Baston,2000-01,,Did not play - other pro league,,,,,,,
Maceo Baston,2001-02,,Did not play - other pro league,,,,,,,
Maceo Baston,2002-03,27,TOR,16,106,18.0,1.0,0.1,0.3,.153
Maceo Baston,2003-04,,Did not play - other pro league,,,,,,,
Maceo Baston,2004-05,,Did not play - other pro league,,,,,,,
Maceo Baston,2005-06,,Did not play - other pro league,,,,,,,
Maceo Baston,2006-07,31,IND,47,405,13.7,-0.7,0.1,1.1,.127
Maceo Baston,2007-08,32,TOR,15,103,17.6,-0.9,0.0,0.4,.201
Maceo Baston,2008-09,33,IND,27,217,12.3,-3.2,-0.1,0.5,.105
Mengke Bateer,2001-02,26,DEN,27,408,8.0,-7.4,-0.6,0.1,.007
Mengke Bateer,2002-03,27,SAS,12,46,-8.4,-16.7,-0.2,-0.2,-0.248
Mengke Bateer,2003-04,28,TOR,7,40,7.2,-5.3,0.0,0.1,.090
Billy Ray Bates,1978-79,,Did not play - other pro league,,,,,,,
Billy Ray Bates,1979-80,23,POR,16,235,24.1,4.3,0.5,0.9,.188
Billy Ray Bates,1980-81,24,POR,77,1560,19.3,1.3,1.3,3.6,.111
Billy Ray Bates,1981-82,25,POR,75,1229,17.8,-0.5,0.5,2.4,.094
Billy Ray Bates,1982-83,26,2TM,19,304,8.4,-2.9,-0.2,0.0,-0.005
Billy Ray Bates,1982-83,26,WSB,15,277,9.9,-2.5,0.0,0.1,.023
Billy Ray Bates,1982-83,26,LAL,4,27,-7.3,-6.8,-0.1,-0.2,-0.287
Emoni Bates,2023-24,20,CLE,15,133,2.6,-9.2,-0.2,-0.3,-0.092
Emoni Bates,2024-25,21,CLE,10,75,9.8,-1.5,0.0,0.1,.038
Keita Bates-Diop,2018-19,23,MIN,30,503,9.6,-3.4,-0.2,0.3,.032
Keita Bates-Diop,2019-20,24,2TM,44,744,12.4,-1.4,0.1,1.2,.078
Keita Bates-Diop,2019-20,24,MIN,37,646,12.5,-0.9,0.2,1.0,.077
Keita Bates-Diop,2019-20,24,DEN,7,98,12.1,-5.0,-0.1,0.2,.084
Keita Bates-Diop,2020-21,25,SAS,30,245,12.0,-1.9,0.0,0.3,.068
Keita Bates-Diop,2021-22,26,SAS,59,956,12.4,-2.6,-0.1,1.6,.080
Keita Bates-Diop,2022-23,27,SAS,67,1452,14.9,-0.6,0.5,2.7,.089
Keita Bates-Diop,2023-24,28,2TM,53,665,11.5,-1.0,0.2,1.3,.091
Keita Bates-Diop,2023-24,28,PHO,39,597,11.3,-1.2,0.1,1.1,.089
Keita Bates-Diop,2023-24,28,BRK,14,68,13.4,0.2,0.0,0.2,.112
Esteban Batista,2005-06,22,ATL,57,495,7.1,-7.9,-0.7,0.1,.011
Esteban Batista,2006-07,23,ATL,13,81,12.5,-2.2,0.0,0.2,.101
Mike Batiste,2002-03,25,MEM,75,1248,12.2,-3.5,-0.5,0.8,.029
Tony Battie,1997-98,21,DEN,65,1506,13.3,-3.9,-0.7,0.5,.015
Tony Battie,1998-99,22,BOS,50,1121,15.5,0.2,0.6,3.3,.139
Tony Battie,1999-00,23,BOS,82,1505,15.1,-1.4,0.2,3.8,.120
Tony Battie,2000-01,24,BOS,40,845,15.2,-0.7,0.3,2.3,.131
Tony Battie,2001-02,25,BOS,74,1819,14.5,-0.7,0.6,6.2,.164
Tony Battie,2002-03,26,BOS,67,1683,15.2,-0.3,0.7,5.8,.164
Tony Battie,2003-04,27,2TM,73,1478,11.9,-2.4,-0.1,2.3,.074
Tony Battie,2003-04,27,BOS,23,501,11.7,-2.4,-0.1,0.8,.081
Tony Battie,2003-04,27,CLE,50,977,12.0,-2.3,-0.1,1.4,.070
Tony Battie,2004-05,28,ORL,81,1894,8.6,-3.3,-0.6,2.0,.051
Tony Battie,2005-06,29,ORL,82,2215,12.2,-1.8,0.1,3.8,.083
Tony Battie,2006-07,30,ORL,66,1575,9.8,-2.1,0.0,2.7,.081
Tony Battie,2007-08,,Did not play - injury,,,,,,,
Tony Battie,2008-09,32,ORL,77,1202,11.9,-1.6,0.1,2.8,.113
Tony Battie,2009-10,33,NJN,15,134,6.1,-8.0,-0.2,0.0,-0.014
Tony Battie,2010-11,34,PHI,38,377,9.5,-3.3,-0.1,0.6,.075
Tony Battie,2011-12,35,PHI,27,295,7.3,-2.9,-0.1,0.5,.076
Shane Battier,2001-02,23,MEM,78,3097,13.9,0.5,1.9,4.8,.074
Shane Battier,2002-03,24,MEM,78,2383,15.0,2.3,2.5,6.2,.126
Shane Battier,2003-04,25,MEM,79,1947,15.3,2.6,2.3,5.9,.145
Shane Battier,2004-05,26,MEM,80,2516,14.8,2.4,2.8,7.8,.149
Shane Battier,2005-06,27,MEM,81,2839,14.7,2.6,3.3,9.1,.153
Shane Battier,2006-07,28,HOU,82,2988,12.0,2.3,3.2,9.0,.144
Shane Battier,2007-08,29,HOU,80,2907,11.7,2.0,2.9,8.2,.135
Shane Battier,2008-09,30,HOU,60,2031,10.7,2.0,2.0,5.2,.123
Shane Battier,2009-10,31,HOU,67,2168,11.1,1.5,1.9,4.3,.095
Shane Battier,2010-11,32,2TM,82,2375,12.3,1.4,2.0,5.1,.103
Shane Battier,2010-11,32,HOU,59,1818,12.9,1.9,1.8,4.0,.105
Shane Battier,2010-11,32,MEM,23,557,10.6,-0.1,0.3,1.1,.097
Shane Battier,2011-12,33,MIA,65,1499,9.7,0.9,1.1,3.3,.104
Shane Battier,2012-13,34,MIA,72,1786,10.7,1.0,1.4,4.4,.119
Shane Battier,2013-14,35,MIA,73,1468,8.7,0.0,0.7,2.4,.078
Jamison Battle,2024-25,23,TOR,59,1042,10.7,-2.3,-0.1,1.7,.079
John Battle,1985-86,23,ATL,64,639,11.7,-1.9,0.0,1.0,.074
John Battle,1986-87,24,ATL,64,804,13.8,-0.8,0.3,1.5,.092
John Battle,1987-88,25,ATL,67,1227,16.3,0.4,0.7,2.3,.092
John Battle,1988-89,26,ATL,82,1672,13.5,-1.1,0.4,3.2,.092
John Battle,1989-90,27,ATL,60,1477,12.6,-3.1,-0.4,1.7,.055
John Battle,1990-91,28,ATL,79,1863,16.4,-0.9,0.5,4.0,.102
John Battle,1991-92,29,CLE,76,1637,12.6,-3.8,-0.8,2.0,.059
John Battle,1992-93,30,CLE,41,497,11.1,-4.8,-0.4,0.5,.047
John Battle,1993-94,31,CLE,51,814,12.2,-2.7,-0.1,1.4,.084
John Battle,1994-95,32,CLE,28,280,10.8,-3.4,-0.1,0.2,.038
Kenny Battle,1989-90,25,PHO,59,729,12.2,0.0,0.4,1.9,.127
Kenny Battle,1990-91,26,2TM,56,945,12.4,-0.8,0.3,1.3,.068
Kenny Battle,1990-91,26,PHO,16,263,12.8,-0.3,0.1,0.4,.081
Kenny Battle,1990-91,26,DEN,40,682,12.3,-0.9,0.2,0.9,.063
Kenny Battle,1991-92,27,2TM,16,92,13.4,0.3,0.1,0.3,.153
Kenny Battle,1991-92,27,BOS,8,46,13.2,0.2,0.0,0.2,.196
Kenny Battle,1991-92,27,GSW,8,46,13.5,0.5,0.0,0.1,.111
Kenny Battle,1992-93,28,BOS,3,29,20.7,0.1,0.0,0.1,.143
Dave Batton,1980-81,,Did not play - other pro league,,,,,,,
Dave Batton,1981-82,,Did not play - other pro league,,,,,,,
Dave Batton,1982-83,26,WSB,54,558,10.4,-1.8,0.0,0.7,.062
Dave Batton,1983-84,27,SAS,4,31,6.4,-4.2,0.0,0.0,-0.068
Lloyd Batts,1974-75,23,VIR,58,1317,11.3,-2.0,0.0,-0.5,-0.017
Nicolas Batum,2008-09,20,POR,79,1454,12.9,1.4,1.2,3.7,.123
Nicolas Batum,2009-10,21,POR,37,918,17.3,3.9,1.4,3.5,.181
Nicolas Batum,2010-11,22,POR,80,2522,14.8,1.1,2.0,6.6,.126
Nicolas Batum,2011-12,23,POR,59,1791,17.3,2.5,2.0,4.8,.127
Nicolas Batum,2012-13,24,POR,73,2807,15.7,2.8,3.4,5.8,.099
Nicolas Batum,2013-14,25,POR,82,2956,15.8,3.4,4.0,7.9,.128
Nicolas Batum,2014-15,26,POR,71,2380,13.1,2.1,2.4,5.2,.105
Nicolas Batum,2015-16,27,CHO,70,2448,15.6,1.2,2.0,5.0,.097
Nicolas Batum,2016-17,28,CHO,77,2617,15.8,0.8,1.9,4.6,.084
Nicolas Batum,2017-18,29,CHO,64,1981,14.4,0.4,1.2,3.5,.084
Nicolas Batum,2018-19,30,CHO,75,2354,11.9,-0.3,1.0,3.7,.076
Nicolas Batum,2019-20,31,CHO,22,505,9.2,-1.9,0.0,0.6,.055
Nicolas Batum,2020-21,32,LAC,67,1835,12.9,2.1,1.9,5.0,.132
Nicolas Batum,2021-22,33,LAC,59,1462,13.5,2.3,1.6,3.7,.123
Nicolas Batum,2022-23,34,LAC,78,1709,11.0,0.5,1.0,3.6,.101
Nicolas Batum,2023-24,35,2TM,60,1529,10.2,-0.4,0.6,3.3,.103
Nicolas Batum,2023-24,35,LAC,3,54,9.8,2.8,0.1,0.1,.091
Nicolas Batum,2023-24,35,PHI,57,1475,10.3,-0.5,0.5,3.2,.104
Nicolas Batum,2024-25,36,LAC,78,1367,10.3,0.8,1.0,3.5,.124
Damion Baugh,2024-25,24,CHO,15,370,6.3,-7.1,-0.5,-0.5,-0.069
Johnny Baum,1969-70,23,CHI,3,13,2.0,,,-0.1,-0.389
Johnny Baum,1970-71,24,CHI,62,543,13.4,,,0.4,.036
Johnny Baum,1971-72,25,NYA,44,551,17.2,,,2.0,.177
Johnny Baum,1972-73,26,NYA,75,1071,14.4,,,1.9,.083
Johnny Baum,1973-74,27,2TM,60,1219,11.6,-1.8,0.1,1.5,.060
Johnny Baum,1973-74,27,MMT,47,1106,11.7,-1.7,0.1,1.3,.058
Johnny Baum,1973-74,27,INA,13,113,10.9,-2.7,0.0,0.2,.081
Frankie Baumholtz,1946-47,28,CLR,45,,,,,3.8,
Lonny Baxter,2002-03,24,CHI,55,682,11.3,-5.4,-0.6,0.9,.063
Lonny Baxter,2003-04,25,3TM,62,766,12.6,-3.2,-0.2,1.5,.094
Lonny Baxter,2003-04,25,CHI,14,147,12.4,-4.7,-0.1,0.2,.070
Lonny Baxter,2003-04,25,TOR,36,487,12.6,-3.1,-0.1,1.0,.095
Lonny Baxter,2003-04,25,WAS,12,132,12.9,-1.9,0.0,0.3,.116
Lonny Baxter,2004-05,26,NOH,4,36,-8.0,-21.8,-0.2,-0.2,-0.266
Lonny Baxter,2005-06,27,2TM,41,400,11.9,-4.5,-0.2,0.7,.088
Lonny Baxter,2005-06,27,HOU,23,281,13.1,-4.2,-0.1,0.7,.119
Lonny Baxter,2005-06,27,CHA,18,119,9.2,-5.2,-0.1,0.0,.014
Jerryd Bayless,2008-09,20,POR,53,655,8.2,-5.0,-0.5,0.3,.019
Jerryd Bayless,2009-10,21,POR,74,1304,14.3,-1.7,0.1,2.7,.098
Jerryd Bayless,2010-11,22,2TM,71,1496,14.1,-1.8,0.1,1.6,.053
Jerryd Bayless,2010-11,22,NOH,11,149,7.2,-7.3,-0.2,-0.2,-0.050
Jerryd Bayless,2010-11,22,TOR,60,1347,14.9,-1.2,0.3,1.8,.064
Jerryd Bayless,2011-12,23,TOR,31,705,17.7,1.7,0.6,2.0,.139
Jerryd Bayless,2012-13,24,MEM,80,1765,13.5,0.1,1.0,4.0,.108
Jerryd Bayless,2013-14,25,2TM,72,1686,12.0,-1.8,0.1,2.4,.069
Jerryd Bayless,2013-14,25,MEM,31,650,11.2,-2.1,0.0,1.0,.077
Jerryd Bayless,2013-14,25,BOS,41,1036,12.5,-1.7,0.1,1.4,.064
Jerryd Bayless,2014-15,26,MIL,77,1717,11.1,-2.1,0.0,2.4,.066
Jerryd Bayless,2015-16,27,MIL,52,1505,12.4,-0.8,0.4,2.4,.075
Jerryd Bayless,2016-17,28,PHI,3,71,8.7,-4.4,0.0,-0.1,-0.067
Jerryd Bayless,2017-18,29,PHI,39,925,7.5,-2.8,-0.2,1.1,.055
Jerryd Bayless,2018-19,30,MIN,34,657,8.5,-4.6,-0.4,0.0,-0.003
Elgin Baylor,1958-59,24,MNL,70,2855,23.6,,,9.8,.165
Elgin Baylor,1959-60,25,MNL,70,2873,25.2,,,11.5,.192
Elgin Baylor,1960-61,26,LAL,73,3133,28.2,,,14.8,.227
Elgin Baylor,1961-62,27,LAL,48,2129,26.8,,,7.9,.179
Elgin Baylor,1962-63,28,LAL,80,3370,26.6,,,14.4,.205
Elgin Baylor,1963-64,29,LAL,78,3164,21.1,,,7.2,.109
Elgin Baylor,1964-65,30,LAL,74,3056,20.5,,,4.9,.078
Elgin Baylor,1965-66,31,LAL,65,1975,16.9,,,2.6,.062
Elgin Baylor,1966-67,32,LAL,70,2706,20.2,,,6.2,.109
Elgin Baylor,1967-68,33,LAL,77,3029,21.0,,,8.0,.127
Elgin Baylor,1968-69,34,LAL,76,3064,20.7,,,8.5,.133
Elgin Baylor,1969-70,35,LAL,54,2213,20.8,,,7.8,.168
Elgin Baylor,1970-71,36,LAL,2,57,9.0,,,0.0,.032
Elgin Baylor,1971-72,37,LAL,9,239,13.6,,,0.5,.097
Howard Bayne,1966-67,,Did not play - other,,,,,,,
Howard Bayne,1967-68,25,KEN,69,1181,8.2,,,0.8,.031
Aron Baynes,2012-13,26,SAS,16,141,8.8,-7.0,-0.2,0.1,.050
Aron Baynes,2013-14,27,SAS,53,491,9.7,-5.7,-0.5,0.6,.055
Aron Baynes,2014-15,28,SAS,70,1122,15.9,-1.8,0.1,3.9,.166
Aron Baynes,2015-16,29,DET,81,1233,17.8,-0.2,0.6,4.1,.158
Aron Baynes,2016-17,30,DET,75,1163,13.1,-2.7,-0.2,3.0,.123
Aron Baynes,2017-18,31,BOS,81,1485,12.0,-2.9,-0.3,3.0,.097
Aron Baynes,2018-19,32,BOS,51,821,14.0,-1.5,0.1,2.4,.139
Aron Baynes,2019-20,33,PHO,42,934,15.2,-1.0,0.2,2.1,.107
Aron Baynes,2020-21,34,TOR,53,980,10.5,-4.5,-0.6,1.0,.049
Sergei Bazarevich,1994-95,29,ATL,10,74,13.6,-1.6,0.0,0.2,.101
Kent Bazemore,2012-13,23,GSW,61,267,11.3,-2.4,0.0,0.1,.014
Kent Bazemore,2013-14,24,2TM,67,911,11.2,-3.3,-0.3,0.2,.011
Kent Bazemore,2013-14,24,GSW,44,268,6.2,-5.0,-0.2,-0.2,-0.034
Kent Bazemore,2013-14,24,LAL,23,643,13.3,-2.5,-0.1,0.4,.029
Kent Bazemore,2014-15,25,ATL,75,1324,9.7,-2.1,0.0,1.6,.057
Kent Bazemore,2015-16,26,ATL,75,2083,13.4,0.3,1.2,4.1,.094
Kent Bazemore,2016-17,27,ATL,73,1963,11.6,-1.0,0.5,2.1,.052
Kent Bazemore,2017-18,28,ATL,65,1789,14.5,0.6,1.2,2.2,.059
Kent Bazemore,2018-19,29,ATL,67,1643,11.9,-2.3,-0.1,0.7,.021
Kent Bazemore,2019-20,30,2TM,68,1688,9.3,-3.0,-0.5,0.6,.017
Kent Bazemore,2019-20,30,POR,43,1111,7.5,-3.2,-0.3,-0.2,-0.008
Kent Bazemore,2019-20,30,SAC,25,577,12.6,-2.8,-0.1,0.8,.065
Kent Bazemore,2020-21,31,GSW,67,1333,10.6,-1.2,0.2,1.8,.065
Kent Bazemore,2021-22,32,LAL,39,545,6.0,-4.3,-0.3,0.1,.006
Darius Bazley,2019-20,19,OKC,61,1130,9.6,-1.6,0.1,1.0,.041
Darius Bazley,2020-21,20,OKC,55,1714,9.7,-4.4,-1.0,-0.9,-0.026
Darius Bazley,2021-22,21,OKC,69,1924,12.6,-1.8,0.1,1.8,.044
Darius Bazley,2022-23,22,2TM,43,616,13.1,-1.0,0.2,1.0,.078
Darius Bazley,2022-23,22,OKC,36,555,12.9,-1.0,0.1,0.9,.079
Darius Bazley,2022-23,22,PHO,7,61,15.5,-0.4,0.0,0.1,.066
Darius Bazley,2023-24,23,2TM,9,152,13.9,-0.4,0.1,0.3,.084
Darius Bazley,2023-24,23,PHI,3,10,-1.6,-8.4,0.0,0.0,-0.142
Darius Bazley,2023-24,23,UTA,6,142,14.9,0.2,0.1,0.3,.100
Ed Beach,1950-51,22,2TM,12,,,,,-0.3,
Ed Beach,1950-51,22,MNL,11,,,,,-0.2,
Ed Beach,1950-51,22,TRI,1,,,,,-0.1,
Bradley Beal,2012-13,19,WAS,56,1745,13.6,0.2,1.0,3.0,.082
Bradley Beal,2013-14,20,WAS,73,2530,14.3,-0.4,1.0,4.0,.076
Bradley Beal,2014-15,21,WAS,63,2107,14.0,0.1,1.1,3.7,.085
Bradley Beal,2015-16,22,WAS,55,1708,15.5,0.3,1.0,2.7,.076
Bradley Beal,2016-17,23,WAS,77,2684,20.1,3.3,3.5,8.5,.152
Bradley Beal,2017-18,24,WAS,82,2977,18.4,2.2,3.1,6.9,.111
Bradley Beal,2018-19,25,WAS,82,3028,20.8,2.9,3.7,7.6,.120
Bradley Beal,2019-20,26,WAS,57,2053,23.2,2.9,2.5,5.1,.118
Bradley Beal,2020-21,27,WAS,60,2147,22.7,3.4,2.9,5.9,.132
Bradley Beal,2021-22,28,WAS,40,1439,17.5,0.8,1.0,1.4,.046
Bradley Beal,2022-23,29,WAS,50,1673,19.7,1.8,1.6,3.4,.099
Bradley Beal,2023-24,30,PHO,53,1767,16.3,0.4,1.1,3.9,.107
Bradley Beal,2024-25,31,PHO,53,1702,15.2,-1.1,0.4,2.4,.068
Al Beard,1967-68,25,NJA,12,118,6.3,,,0.3,.107
Butch Beard,1969-70,22,ATL,72,941,15.7,,,2.2,.113
Butch Beard,1970-71,,Did not play - military service,,,,,,,
Butch Beard,1971-72,24,CLE,68,2434,15.7,,,5.9,.115
Butch Beard,1972-73,25,SEA,73,1403,13.1,,,1.5,.051
Butch Beard,1973-74,26,GSW,79,2134,15.5,0.9,1.6,5.6,.126
Butch Beard,1974-75,27,GSW,82,2521,16.1,0.9,1.8,7.6,.144
Butch Beard,1975-76,28,2TM,75,1704,14.5,0.5,1.1,3.7,.105
Butch Beard,1975-76,28,CLE,15,255,14.5,-1.3,0.1,0.4,.073
Butch Beard,1975-76,28,NYK,60,1449,14.5,0.9,1.0,3.3,.110
Butch Beard,1976-77,29,NYK,70,1082,13.4,0.1,0.6,2.0,.088
Butch Beard,1977-78,30,NYK,79,1979,14.6,0.4,1.2,4.4,.107
Butch Beard,1978-79,31,NYK,7,85,9.0,-3.4,0.0,0.0,-0.012
Ralph Beard,1949-50,22,INO,60,,,,,4.8,
Ralph Beard,1950-51,23,INO,66,,,,,6.5,
Ralph Beard,1951-52,,Did not play - suspended,,,,,,,
Charlie Beasley,1967-68,22,DLC,78,2969,13.6,,,8.0,.130
Charlie Beasley,1968-69,23,DLC,75,1719,10.8,,,2.6,.073
Charlie Beasley,1969-70,24,DLC,80,2150,11.3,,,4.1,.091
Charlie Beasley,1970-71,25,2TM,48,509,8.1,,,0.7,.068
Charlie Beasley,1970-71,25,TEX,43,486,8.0,,,0.7,.071
Charlie Beasley,1970-71,25,FLO,5,23,10.6,,,0.0,.008
Jerome Beasley,2003-04,23,MIA,2,5,5.9,-5.2,0.0,0.0,-0.117
John Beasley,1966-67,,Did not play - other pro league,,,,,,,
John Beasley,1967-68,23,DLC,77,2840,23.8,,,8.9,.150
John Beasley,1968-69,24,DLC,78,3050,19.6,,,8.1,.127
John Beasley,1969-70,25,DLC,84,3066,19.1,,,8.0,.125
John Beasley,1970-71,26,TEX,83,2691,18.2,,,6.8,.122
John Beasley,1971-72,27,2TM,70,885,15.8,,,2.0,.106
John Beasley,1971-72,27,DLC,12,268,18.9,,,0.9,.157
John Beasley,1971-72,27,UTS,58,617,14.5,,,1.1,.084
John Beasley,1972-73,28,UTS,71,934,18.8,,,3.3,.172
John Beasley,1973-74,29,UTS,43,481,12.9,-1.7,0.0,0.8,.083
Malik Beasley,2016-17,20,DEN,22,165,13.7,-0.6,0.1,0.2,.057
Malik Beasley,2017-18,21,DEN,62,583,9.0,-3.8,-0.3,0.3,.028
Malik Beasley,2018-19,22,DEN,81,1879,14.2,0.1,1.0,4.5,.115
Malik Beasley,2019-20,23,2TM,55,1209,12.7,-2.1,0.0,1.2,.049
Malik Beasley,2019-20,23,DEN,41,746,10.5,-2.9,-0.2,0.5,.030
Malik Beasley,2019-20,23,MIN,14,463,16.2,-0.7,0.2,0.8,.079
Malik Beasley,2020-21,24,MIN,37,1214,14.6,-0.2,0.6,1.3,.053
Malik Beasley,2021-22,25,MIN,79,1976,11.9,-0.7,0.7,2.9,.069
Malik Beasley,2022-23,26,2TM,81,2093,10.9,-2.0,0.0,1.4,.032
Malik Beasley,2022-23,26,UTA,55,1472,11.5,-1.6,0.2,1.2,.040
Malik Beasley,2022-23,26,LAL,26,621,9.7,-2.9,-0.1,0.2,.012
Malik Beasley,2023-24,27,MIL,79,2337,10.3,-1.8,0.1,3.5,.073
Malik Beasley,2024-25,28,DET,82,2283,14.4,0.8,1.6,4.7,.100
Michael Beasley,2008-09,20,MIA,81,2009,17.2,-1.7,0.1,3.4,.081
Michael Beasley,2009-10,21,MIA,78,2328,16.1,-0.8,0.7,4.6,.095
Michael Beasley,2010-11,22,MIN,73,2361,15.5,-1.8,0.1,1.7,.035
Michael Beasley,2011-12,23,MIN,47,1087,13.0,-2.1,0.0,0.5,.022
Michael Beasley,2012-13,24,PHO,75,1554,10.8,-4.7,-1.1,-1.5,-0.047
Michael Beasley,2013-14,25,MIA,55,831,16.8,-2.0,0.0,1.6,.092
Michael Beasley,2014-15,26,MIA,24,505,10.6,-4.5,-0.3,-0.1,-0.007
Michael Beasley,2015-16,27,HOU,20,363,22.5,0.9,0.3,1.0,.128
Michael Beasley,2016-17,28,MIL,56,935,17.8,-0.8,0.3,1.8,.092
Michael Beasley,2017-18,29,NYK,74,1653,17.8,-0.2,0.7,2.4,.069
Michael Beasley,2018-19,30,LAL,26,277,15.9,-1.5,0.0,0.2,.039
Michael Beasley,2019-20,,Did not play - COVID-19,,,,,,,
Zelmo Beaty,1962-63,23,STL,80,1918,14.3,,,5.2,.131
Zelmo Beaty,1963-64,24,STL,59,1922,14.0,,,4.8,.121
Zelmo Beaty,1964-65,25,STL,80,2916,17.2,,,10.8,.178
Zelmo Beaty,1965-66,26,STL,80,3072,18.5,,,10.3,.161
Zelmo Beaty,1966-67,27,STL,48,1661,16.5,,,4.5,.131
Zelmo Beaty,1967-68,28,STL,82,3068,19.3,,,11.8,.185
Zelmo Beaty,1968-69,29,ATL,72,2578,19.1,,,8.4,.156
Zelmo Beaty,1969-70,,Did not play - legal,,,,,,,
Zelmo Beaty,1970-71,31,UTS,76,2915,25.2,,,16.0,.264
Zelmo Beaty,1971-72,32,UTS,84,3133,24.6,,,15.1,.232
Zelmo Beaty,1972-73,33,UTS,82,2804,17.4,,,9.0,.153
Zelmo Beaty,1973-74,34,UTS,77,2476,17.2,1.1,1.9,7.7,.149
Zelmo Beaty,1974-75,35,LAL,69,1213,12.8,-0.9,0.3,2.3,.091
Rodrigue Beaubois,2009-10,21,DAL,56,700,18.5,1.5,0.6,2.0,.134
Rodrigue Beaubois,2010-11,22,DAL,28,496,11.4,-2.7,-0.1,0.2,.022
Rodrigue Beaubois,2011-12,23,DAL,53,1151,15.3,1.3,1.0,2.2,.092
Rodrigue Beaubois,2012-13,24,DAL,45,549,10.6,-2.6,-0.1,0.4,.032
MarJon Beauchamp,2022-23,22,MIL,52,701,8.2,-4.8,-0.5,0.4,.027
MarJon Beauchamp,2023-24,23,MIL,48,608,9.7,-3.2,-0.2,0.7,.056
MarJon Beauchamp,2024-25,24,3TM,35,156,12.3,-4.3,-0.1,0.1,.020
MarJon Beauchamp,2024-25,24,MIL,26,122,8.5,-6.5,-0.1,-0.1,-0.041
MarJon Beauchamp,2024-25,24,LAC,3,17,22.3,4.0,0.0,0.1,.223
MarJon Beauchamp,2024-25,24,NYK,6,17,29.8,3.7,0.0,0.1,.254
Byron Beck,1967-68,23,DNR,71,1623,18.5,,,5.7,.168
Byron Beck,1968-69,24,DNR,71,2289,19.4,,,6.4,.134
Byron Beck,1969-70,25,DNR,79,2454,16.8,,,8.1,.159
Byron Beck,1970-71,26,DNR,84,2849,14.9,,,5.3,.088
Byron Beck,1971-72,27,DNR,66,1816,17.1,,,5.7,.150
Byron Beck,1972-73,28,DNR,77,2303,16.9,,,7.7,.161
Byron Beck,1973-74,29,DNR,82,1979,15.8,0.4,1.2,5.9,.142
Byron Beck,1974-75,30,DNA,84,1818,13.6,-0.9,0.5,5.1,.134
Byron Beck,1975-76,31,DNA,80,1586,14.9,-0.2,0.7,4.4,.133
Byron Beck,1976-77,32,DEN,53,480,13.2,-3.1,-0.1,0.8,.078
Corey Beck,1995-96,24,CHH,5,33,0.8,-9.7,-0.1,-0.1,-0.140
Corey Beck,1996-97,,Did not play - other pro league,,,,,,,
Corey Beck,1997-98,26,CHH,59,738,9.3,-2.9,-0.2,0.4,.028
Corey Beck,1998-99,27,2TM,24,180,10.1,-3.4,-0.1,0.2,.051
Corey Beck,1998-99,27,DET,8,30,12.6,-2.1,0.0,0.1,.114
Corey Beck,1998-99,27,CHH,16,150,9.7,-3.7,-0.1,0.1,.038
Ernie Beck,1953-54,22,PHW,15,422,8.2,,,-0.4,-0.051
Ernie Beck,1954-55,,Did not play - military service,,,,,,,
Ernie Beck,1955-56,24,PHW,67,1007,11.7,,,1.1,.053
Ernie Beck,1956-57,25,PHW,72,1743,11.8,,,2.1,.057
Ernie Beck,1957-58,26,PHW,71,1974,12.7,,,4.3,.104
Ernie Beck,1958-59,27,PHW,70,1017,10.4,,,0.9,.045
Ernie Beck,1959-60,28,PHW,66,809,8.2,,,0.9,.051
Ernie Beck,1960-61,29,2TM,10,82,12.5,,,0.1,.064
Ernie Beck,1960-61,29,STL,7,62,12.1,,,0.1,.071
Ernie Beck,1960-61,29,SYR,3,20,13.6,,,0.0,.039
Art Becker,1964-65,,Did not play - other pro league,,,,,,,
Art Becker,1965-66,,Did not play - other pro league,,,,,,,
Art Becker,1966-67,,Did not play - coach,,,,,,,
Art Becker,1967-68,26,HSM,76,2689,20.4,,,9.6,.171
Art Becker,1968-69,27,HSM,78,2429,14.2,,,5.4,.106
Art Becker,1969-70,28,INA,82,1504,16.7,,,4.6,.147
Art Becker,1970-71,29,2TM,80,1643,16.7,,,4.4,.129
Art Becker,1970-71,29,INA,51,840,15.3,,,2.3,.130
Art Becker,1970-71,29,DNR,29,803,18.2,,,2.1,.128
Art Becker,1971-72,30,DNR,84,2193,13.2,,,3.7,.082
Art Becker,1972-73,31,2TM,14,96,15.5,,,0.3,.173
Art Becker,1972-73,31,NYA,8,46,17.3,,,0.2,.162
Art Becker,1972-73,31,DLC,6,50,13.9,,,0.2,.183
Moe Becker,1946-47,29,3TM,43,,,,,-2.4,
Moe Becker,1946-47,29,PIT,17,,,,,-2.0,
Moe Becker,1946-47,29,BOS,6,,,,,0.0,
Moe Becker,1946-47,29,DTF,20,,,,,-0.4,
Bob Bedell,1967-68,23,ANA,76,1492,17.7,,,2.2,.072
Bob Bedell,1968-69,24,DLC,42,479,13.1,,,0.1,.014
Bob Bedell,1969-70,25,DLC,80,1536,15.9,,,2.4,.076
Bob Bedell,1970-71,26,TEX,71,970,14.2,,,0.8,.039
William Bedford,1986-87,23,PHO,50,979,7.6,-6.6,-1.1,-0.8,-0.041
William Bedford,1987-88,24,DET,38,298,9.0,-3.8,-0.1,0.2,.039
William Bedford,1988-89,,Did not play - rehab,,,,,,,
William Bedford,1989-90,26,DET,42,246,9.5,-6.4,-0.3,-0.1,-0.016
William Bedford,1990-91,27,DET,60,562,15.5,-0.7,0.2,1.3,.113
William Bedford,1991-92,28,DET,32,363,8.4,-4.8,-0.3,0.3,.043
William Bedford,1992-93,29,SAS,16,66,3.0,-13.0,-0.2,-0.1,-0.050
Reece Beekman,2024-25,23,2TM,36,469,7.5,-5.4,-0.4,0.1,.010
Reece Beekman,2024-25,23,GSW,2,4,42.3,26.0,0.0,0.0,.598
Reece Beekman,2024-25,23,BRK,34,465,7.2,-5.6,-0.4,0.1,.005
Hank Beenders,1946-47,30,PRO,58,,,,,1.1,
Hank Beenders,1947-48,31,2TM,45,,,,,0.9,
Hank Beenders,1947-48,31,PRO,21,,,,,-0.1,
Hank Beenders,1947-48,31,PHW,24,,,,,1.0,
Hank Beenders,1948-49,32,BOS,8,,,,,-0.1,
Ron Behagen,1973-74,23,KCO,80,2059,13.9,-2.8,-0.4,2.0,.046
Ron Behagen,1974-75,24,KCO,81,2205,12.6,-2.8,-0.5,2.2,.049
Ron Behagen,1975-76,25,NOJ,66,1733,16.3,0.4,1.0,4.3,.118
Ron Behagen,1976-77,26,NOJ,60,1170,15.1,-1.9,0.0,1.8,.073
Ron Behagen,1977-78,27,3TM,80,1735,14.2,-2.6,-0.3,2.4,.066
Ron Behagen,1977-78,27,ATL,26,571,15.9,-0.9,0.2,1.2,.103
Ron Behagen,1977-78,27,HOU,3,33,11.6,-3.8,0.0,0.0,.045
Ron Behagen,1977-78,27,IND,51,1131,13.5,-3.5,-0.4,1.1,.048
Ron Behagen,1978-79,28,3TM,15,165,9.6,-3.7,-0.1,0.2,.066
Ron Behagen,1978-79,28,DET,1,1,-60.3,-5.1,0.0,0.0,-1.277
Ron Behagen,1978-79,28,NYK,5,38,7.5,-4.4,0.0,0.0,.004
Ron Behagen,1978-79,28,KCK,9,126,10.8,-3.5,-0.1,0.3,.096
Ron Behagen,1979-80,29,WSB,6,64,10.2,-3.4,0.0,0.1,.055
Elmer Behnke,1951-52,22,MLH,4,55,7.8,,,-0.1,-0.098
Marco Belinelli,2007-08,21,GSW,33,241,8.2,-4.6,-0.2,0.0,-0.002
Marco Belinelli,2008-09,22,GSW,42,882,11.8,-2.3,-0.1,0.5,.028
Marco Belinelli,2009-10,23,TOR,66,1121,12.6,-1.3,0.2,1.2,.049
Marco Belinelli,2010-11,24,NOH,80,1957,12.1,-0.6,0.7,3.4,.084
Marco Belinelli,2011-12,25,NOH,66,1966,11.9,-1.2,0.4,2.9,.071
Marco Belinelli,2012-13,26,CHI,73,1882,10.4,-2.3,-0.1,3.0,.076
Marco Belinelli,2013-14,27,SAS,80,2016,15.0,1.3,1.7,5.9,.140
Marco Belinelli,2014-15,28,SAS,62,1388,12.4,-1.0,0.4,2.9,.100
Marco Belinelli,2015-16,29,SAC,68,1672,9.4,-3.8,-0.8,0.5,.014
Marco Belinelli,2016-17,30,CHO,74,1778,13.3,-1.1,0.4,3.2,.087
Marco Belinelli,2017-18,31,2TM,80,1947,14.1,-0.5,0.8,3.7,.092
Marco Belinelli,2017-18,31,ATL,52,1210,14.1,-0.2,0.5,1.9,.075
Marco Belinelli,2017-18,31,PHI,28,737,14.2,-0.8,0.2,1.8,.119
Marco Belinelli,2018-19,32,SAS,79,1815,11.9,-1.7,0.1,2.5,.065
Marco Belinelli,2019-20,33,SAS,57,883,10.8,-2.7,-0.2,0.8,.046
Charlie Bell,2001-02,22,2TM,7,44,-1.8,-12.3,-0.1,-0.2,-0.172
Charlie Bell,2001-02,22,PHO,5,42,-2.2,-13.2,-0.1,-0.2,-0.185
Charlie Bell,2001-02,22,DAL,2,2,7.6,5.6,0.0,0.0,.085
Charlie Bell,2002-03,,Did not play - other pro league,,,,,,,
Charlie Bell,2003-04,,Did not play - other pro league,,,,,,,
Charlie Bell,2004-05,,Did not play - other pro league,,,,,,,
Charlie Bell,2005-06,26,MIL,59,1283,14.7,1.0,0.9,3.3,.123
Charlie Bell,2006-07,27,MIL,82,2848,13.1,-1.3,0.5,4.0,.068
Charlie Bell,2007-08,28,MIL,68,1628,10.9,-2.5,-0.2,1.3,.038
Charlie Bell,2008-09,29,MIL,70,1783,9.8,-1.7,0.2,2.2,.059
Charlie Bell,2009-10,30,MIL,71,1611,7.9,-2.4,-0.2,2.0,.060
Charlie Bell,2010-11,31,GSW,19,171,4.7,-5.0,-0.1,-0.1,-0.040
Dennis Bell,1973-74,22,NYK,1,4,-6.8,-4.8,0.0,0.0,-0.222
Dennis Bell,1974-75,23,NYK,52,465,11.2,-2.4,0.0,0.1,.013
Dennis Bell,1975-76,24,NYK,10,76,8.8,-3.1,0.0,0.0,.009
Jordan Bell,2017-18,23,GSW,57,809,18.0,2.8,1.0,2.9,.174
Jordan Bell,2018-19,24,GSW,68,788,12.9,-0.9,0.2,1.6,.096
Jordan Bell,2019-20,25,2TM,29,256,13.9,-2.5,0.0,0.4,.070
Jordan Bell,2019-20,25,MIN,27,235,14.1,-2.6,0.0,0.4,.072
Jordan Bell,2019-20,25,MEM,2,21,12.6,-1.6,0.0,0.0,.047
Jordan Bell,2020-21,26,2TM,6,82,8.0,-5.8,-0.1,0.0,-0.008
Jordan Bell,2020-21,26,WAS,5,67,8.5,-5.7,-0.1,0.0,-0.004
Jordan Bell,2020-21,26,GSW,1,15,5.6,-6.5,0.0,0.0,-0.026
Jordan Bell,2021-22,27,CHI,1,2,29.9,2.7,0.0,0.0,.600
Raja Bell,2000-01,24,PHI,5,30,-0.6,-9.4,-0.1,-0.1,-0.091
Raja Bell,2001-02,25,PHI,74,890,8.6,-3.3,-0.3,1.1,.059
Raja Bell,2002-03,26,DAL,75,1173,7.9,-1.8,0.1,1.7,.069
Raja Bell,2003-04,27,UTA,82,2020,12.7,-2.0,0.0,3.7,.088
Raja Bell,2004-05,28,UTA,63,1790,12.2,-2.2,-0.1,2.2,.060
Raja Bell,2005-06,29,PHO,79,2959,12.9,0.2,1.6,6.8,.110
Raja Bell,2006-07,30,PHO,78,2917,12.0,-0.1,1.4,5.8,.095
Raja Bell,2007-08,31,PHO,75,2646,10.5,-0.8,0.8,4.5,.082
Raja Bell,2008-09,32,2TM,67,2315,10.7,-1.3,0.4,3.6,.074
Raja Bell,2008-09,32,PHO,22,712,8.5,-1.9,0.0,0.8,.054
Raja Bell,2008-09,32,CHA,45,1603,11.7,-1.0,0.4,2.8,.083
Raja Bell,2009-10,33,2TM,6,180,13.8,3.3,0.2,0.5,.131
Raja Bell,2009-10,33,CHA,5,157,12.8,2.5,0.2,0.4,.113
Raja Bell,2009-10,33,GSW,1,23,20.6,8.7,0.1,0.1,.256
Raja Bell,2010-11,34,UTA,68,2097,8.2,-3.1,-0.6,1.7,.040
Raja Bell,2011-12,35,UTA,34,796,8.3,-2.5,-0.1,1.1,.069
Troy Bell,2003-04,23,MEM,6,34,-4.5,-19.6,-0.2,-0.2,-0.326
Whitey Bell,1959-60,27,NYK,31,449,10.3,,,0.1,.008
Whitey Bell,1960-61,28,NYK,5,45,4.8,,,0.0,-0.043
Walt Bellamy,1961-62,22,CHP,79,3344,26.6,,,16.3,.233
Walt Bellamy,1962-63,23,CHZ,80,3306,24.9,,,13.7,.199
Walt Bellamy,1963-64,24,BAL,80,3394,23.3,,,14.4,.203
Walt Bellamy,1964-65,25,BAL,80,3301,21.7,,,12.1,.175
Walt Bellamy,1965-66,26,2TM,80,3352,19.3,,,9.5,.136
Walt Bellamy,1965-66,26,BAL,8,268,17.7,,,0.6,.108
Walt Bellamy,1965-66,26,NYK,72,3084,19.4,,,8.9,.139
Walt Bellamy,1966-67,27,NYK,79,3010,18.4,,,8.8,.140
Walt Bellamy,1967-68,28,NYK,82,2695,19.1,,,11.1,.198
Walt Bellamy,1968-69,29,2TM,88,3159,18.0,,,10.4,.157
Walt Bellamy,1968-69,29,NYK,35,1136,17.9,,,4.3,.181
Walt Bellamy,1968-69,29,DET,53,2023,18.0,,,6.1,.144
Walt Bellamy,1969-70,30,2TM,79,2028,16.4,,,4.9,.115
Walt Bellamy,1969-70,30,DET,56,1173,16.7,,,3.3,.133
Walt Bellamy,1969-70,30,ATL,23,855,16.0,,,1.6,.090
Walt Bellamy,1970-71,31,ATL,82,2908,16.5,,,6.2,.102
Walt Bellamy,1971-72,32,ATL,82,3187,19.0,,,10.3,.155
Walt Bellamy,1972-73,33,ATL,74,2802,15.9,,,7.1,.122
Walt Bellamy,1973-74,34,ATL,77,2440,15.2,-0.2,1.1,5.4,.107
Walt Bellamy,1974-75,35,NOJ,1,14,16.4,-3.7,0.0,0.1,.222
DeAndre' Bembry,2016-17,22,ATL,38,371,8.8,-3.5,-0.1,0.3,.038
DeAndre' Bembry,2017-18,23,ATL,26,455,7.6,-4.7,-0.3,-0.4,-0.040
DeAndre' Bembry,2018-19,24,ATL,82,1931,10.8,-2.4,-0.2,0.9,.022
DeAndre' Bembry,2019-20,25,ATL,43,915,9.6,-2.5,-0.1,0.2,.012
DeAndre' Bembry,2020-21,26,TOR,51,972,11.2,-1.9,0.0,1.2,.059
DeAndre' Bembry,2021-22,27,2TM,56,1026,11.9,-0.7,0.3,2.2,.104
DeAndre' Bembry,2021-22,27,BRK,48,949,12.4,-0.4,0.4,2.1,.108
DeAndre' Bembry,2021-22,27,MIL,8,77,4.8,-3.9,0.0,0.1,.053
Irv Bemoras,1953-54,23,MLH,69,1496,12.8,,,2.0,.063
Irv Bemoras,1954-55,,Did not play - military service,,,,,,,
Irv Bemoras,1955-56,,Did not play - military service,,,,,,,
Irv Bemoras,1956-57,26,STL,62,983,7.0,,,-0.6,-0.031
Leon Benbow,1974-75,24,CHI,39,252,10.8,-2.9,0.0,0.2,.033
Leon Benbow,1975-76,25,CHI,76,1586,10.9,-2.4,-0.2,1.5,.045
Leon Benbow,1976-77,,Did not play - injury,,,,,,,
Dragan Bender,2016-17,19,PHO,43,574,5.3,-5.1,-0.4,-0.3,-0.029
Dragan Bender,2017-18,20,PHO,82,2069,7.1,-3.7,-0.9,0.1,.001
Dragan Bender,2018-19,21,PHO,46,826,9.5,-4.1,-0.5,0.5,.027
Dragan Bender,2019-20,22,2TM,16,286,10.9,-2.9,-0.1,0.3,.052
Dragan Bender,2019-20,22,MIL,7,91,8.4,-1.2,0.0,0.2,.105
Dragan Bender,2019-20,22,GSW,9,195,12.1,-3.7,-0.1,0.1,.027
Jonathan Bender,1999-00,19,IND,24,130,7.6,-10.6,-0.3,-0.2,-0.074
Jonathan Bender,2000-01,20,IND,59,574,7.6,-4.7,-0.4,-0.1,-0.012
Jonathan Bender,2001-02,21,IND,78,1647,10.6,-2.2,-0.1,2.0,.059
Jonathan Bender,2002-03,22,IND,46,819,13.3,-0.3,0.4,1.7,.099
Jonathan Bender,2003-04,23,IND,21,271,15.7,-1.5,0.0,0.5,.087
Jonathan Bender,2004-05,24,IND,7,93,5.8,-7.6,-0.1,-0.2,-0.120
Jonathan Bender,2005-06,25,IND,2,21,26.4,9.8,0.1,0.2,.359
Jonathan Bender,2006-07,,Did not play - injury,,,,,,,
Jonathan Bender,2007-08,,Did not play - injury,,,,,,,
Jonathan Bender,2008-09,,Did not play - injury,,,,,,,
Jonathan Bender,2009-10,29,NYK,25,292,10.8,-4.1,-0.2,0.0,-0.001
Jerrelle Benimon,2014-15,23,UTA,2,3,4.7,-13.0,0.0,0.0,-0.215
Benoit Benjamin,1985-86,21,LAC,79,2088,16.1,-0.5,0.8,4.0,.093
Benoit Benjamin,1986-87,22,LAC,72,2230,12.6,-2.1,-0.1,1.1,.024
Benoit Benjamin,1987-88,23,LAC,66,2171,14.1,-0.1,1.0,2.0,.045
Benoit Benjamin,1988-89,24,LAC,79,2585,17.4,0.3,1.5,5.1,.095
Benoit Benjamin,1989-90,25,LAC,71,2313,16.7,1.6,2.1,5.4,.113
Benoit Benjamin,1990-91,26,2TM,70,2236,15.1,-1.1,0.5,3.0,.064
Benoit Benjamin,1990-91,26,LAC,39,1337,15.2,-1.0,0.3,1.9,.068
Benoit Benjamin,1990-91,26,SEA,31,899,15.1,-1.2,0.2,1.1,.059
Benoit Benjamin,1991-92,27,SEA,63,1941,14.1,-1.9,0.0,2.2,.054
Benoit Benjamin,1992-93,28,2TM,59,754,13.2,-3.8,-0.3,0.9,.057
Benoit Benjamin,1992-93,28,SEA,31,448,14.7,-2.2,0.0,0.9,.093
Benoit Benjamin,1992-93,28,LAL,28,306,11.0,-6.1,-0.3,0.0,.003
Benoit Benjamin,1993-94,29,NJN,77,1817,14.2,-2.1,0.0,4.1,.107
Benoit Benjamin,1994-95,30,NJN,61,1598,13.9,-2.8,-0.3,2.2,.066
Benoit Benjamin,1995-96,31,2TM,83,1896,14.4,-2.6,-0.3,2.3,.057
Benoit Benjamin,1995-96,31,VAN,13,404,13.6,-3.8,-0.2,0.1,.010
Benoit Benjamin,1995-96,31,MIL,70,1492,14.6,-2.3,-0.1,2.2,.070
Benoit Benjamin,1996-97,32,TOR,4,44,8.9,-5.4,0.0,0.0,.033
Benoit Benjamin,1997-98,33,PHI,14,197,12.5,-3.2,-0.1,0.4,.098
Benoit Benjamin,1998-99,34,PHI,6,33,-1.5,-11.7,-0.1,-0.1,-0.100
Benoit Benjamin,1999-00,35,CLE,3,8,5.5,-6.3,0.0,0.0,-0.036
Corey Benjamin,1998-99,20,CHI,31,320,8.3,-6.0,-0.3,-0.2,-0.023
Corey Benjamin,1999-00,21,CHI,48,862,9.7,-3.9,-0.4,-0.2,-0.013
Corey Benjamin,2000-01,22,CHI,65,857,8.8,-5.1,-0.7,-0.5,-0.028
Corey Benjamin,2001-02,,Did not play - other pro league,,,,,,,
Corey Benjamin,2002-03,24,ATL,9,152,7.3,-6.6,-0.2,0.0,.004
Anthony Bennett,2013-14,20,CLE,52,663,6.9,-7.4,-0.9,-0.4,-0.028
Anthony Bennett,2014-15,21,MIN,57,894,11.4,-3.9,-0.4,0.3,.017
Anthony Bennett,2015-16,22,TOR,19,84,10.4,-3.9,0.0,0.1,.054
Anthony Bennett,2016-17,23,BRK,23,264,14.7,-1.4,0.0,0.5,.090
Elmer Bennett,1992-93,,Did not play - other pro league,,,,,,,
Elmer Bennett,1993-94,,Did not play - other pro league,,,,,,,
Elmer Bennett,1994-95,24,CLE,4,18,32.5,14.3,0.1,0.1,.206
Elmer Bennett,1995-96,25,PHI,8,66,-0.5,-11.3,-0.2,-0.3,-0.200
Elmer Bennett,1996-97,26,2TM,9,75,5.8,-8.1,-0.1,-0.1,-0.075
Elmer Bennett,1996-97,26,HOU,4,16,32.1,11.8,0.1,0.1,.436
Elmer Bennett,1996-97,26,DEN,5,59,-1.3,-13.5,-0.2,-0.3,-0.213
Mario Bennett,1995-96,22,PHO,19,230,13.3,-2.6,0.0,0.5,.098
Mario Bennett,1996-97,,Did not play - other pro league,,,,,,,
Mario Bennett,1997-98,24,LAL,45,354,22.2,0.9,0.3,1.5,.201
Mario Bennett,1998-99,25,CHI,3,19,10.9,-3.5,0.0,0.0,.065
Mario Bennett,1999-00,26,LAC,1,3,-25.5,-44.2,0.0,-0.1,-0.859
Mel Bennett,1975-76,21,VIR,75,2193,11.1,-3.7,-0.9,0.7,.015
Mel Bennett,1976-77,22,IND,67,911,11.5,-4.4,-0.5,0.1,.005
Mel Bennett,1977-78,23,IND,31,285,7.6,-5.0,-0.2,-0.1,-0.014
Mel Bennett,1978-79,,Did not play - other pro league,,,,,,,
Mel Bennett,1979-80,,Did not play - other pro league,,,,,,,
Mel Bennett,1980-81,26,UTA,28,313,10.7,-5.0,-0.3,0.3,.045
Mel Bennett,1981-82,27,CLE,3,23,-2.7,-5.5,-0.1,-0.1,-0.270
Spider Bennett,1968-69,25,2TM,59,993,6.8,,,0.5,.026
Spider Bennett,1968-69,25,DLC,46,823,6.6,,,0.3,.016
Spider Bennett,1968-69,25,HSM,13,170,7.7,,,0.3,.078
Tony Bennett,1992-93,23,CHH,75,857,9.3,-3.1,-0.2,0.7,.039
Tony Bennett,1993-94,24,CHH,74,983,9.9,-2.1,0.0,0.9,.045
Tony Bennett,1994-95,25,CHH,3,46,5.2,-7.0,-0.1,0.0,-0.006
Winston Bennett,1988-89,,Did not play - other pro league,,,,,,,
Winston Bennett,1989-90,24,CLE,55,990,10.0,-4.2,-0.6,1.1,.055
Winston Bennett,1990-91,25,CLE,27,334,9.2,-5.5,-0.3,0.2,.026
Winston Bennett,1991-92,26,2TM,54,833,6.3,-6.5,-0.9,0.3,.020
Winston Bennett,1991-92,26,CLE,52,831,6.3,-6.5,-0.9,0.3,.019
Winston Bennett,1991-92,26,MIA,2,2,29.9,-5.0,0.0,0.0,.238
David Benoit,1991-92,23,UTA,77,1161,12.1,-2.9,-0.3,2.0,.085
David Benoit,1992-93,24,UTA,82,1712,11.3,-3.3,-0.6,2.3,.065
David Benoit,1993-94,25,UTA,55,1070,10.9,-3.5,-0.4,1.6,.072
David Benoit,1994-95,26,UTA,71,1841,13.9,-0.4,0.8,4.6,.121
David Benoit,1995-96,27,UTA,81,1961,12.2,-0.2,0.9,3.9,.096
David Benoit,1996-97,,Did not play - injury,,,,,,,
David Benoit,1997-98,29,2TM,77,1123,10.5,-2.6,-0.2,1.6,.067
David Benoit,1997-98,29,NJN,53,799,10.0,-2.7,-0.2,1.1,.067
David Benoit,1997-98,29,ORL,24,324,11.8,-2.3,0.0,0.5,.068
David Benoit,1998-99,,Did not play - other pro league,,,,,,,
David Benoit,1999-00,,Did not play - other pro league,,,,,,,
David Benoit,2000-01,32,UTA,49,446,11.1,-4.0,-0.2,0.7,.080
Keith Benson,2011-12,23,GSW,3,9,6.0,-7.7,0.0,0.0,-0.005
Kent Benson,1977-78,23,MIL,69,1288,13.2,-1.2,0.3,1.7,.064
Kent Benson,1978-79,24,MIL,82,2132,17.3,1.4,1.8,6.4,.143
Kent Benson,1979-80,25,2TM,73,1891,13.1,-0.3,0.8,3.2,.080
Kent Benson,1979-80,25,MIL,56,1389,13.3,0.5,0.9,2.9,.100
Kent Benson,1979-80,25,DET,17,502,12.4,-2.2,0.0,0.3,.026
Kent Benson,1980-81,26,DET,59,1956,15.1,0.1,1.0,3.1,.075
Kent Benson,1981-82,27,DET,75,2467,14.4,0.4,1.5,5.2,.101
Kent Benson,1982-83,28,DET,21,599,13.2,-0.6,0.2,1.1,.092
Kent Benson,1983-84,29,DET,82,1734,14.0,1.5,1.5,4.7,.131
Kent Benson,1984-85,30,DET,72,1401,12.6,0.2,0.8,3.3,.113
Kent Benson,1985-86,31,DET,72,1344,13.8,0.2,0.7,3.2,.116
Kent Benson,1986-87,32,UTA,73,895,11.7,-1.8,0.0,1.7,.089
Kent Benson,1987-88,33,CLE,2,12,11.8,-3.9,0.0,0.0,.015
Kent Benson,1988-89,,Did not play - other pro league,,,,,,,
Ben Bentil,2016-17,21,DAL,3,10,-17.6,-25.9,-0.1,-0.1,-0.473
Gene Berce,1948-49,,Did not play - other pro league,,,,,,,
Gene Berce,1949-50,23,TRI,3,,,,,-0.1,
Gary Bergen,1956-57,24,NYK,6,40,4.8,,,0.0,-0.044
Larry Bergh,1969-70,24,PTP,20,255,15.3,,,0.1,.023
Jules Bernard,2023-24,24,WAS,19,149,12.7,-3.0,0.0,0.1,.026
Ricky Berry,1988-89,24,SAC,64,1406,13.1,-1.7,0.1,2.4,.083
Walter Berry,1986-87,22,2TM,63,1586,16.8,-1.6,0.1,2.3,.071
Walter Berry,1986-87,22,POR,7,19,28.9,10.4,0.1,0.2,.399
Walter Berry,1986-87,22,SAS,56,1567,16.6,-1.8,0.1,2.2,.067
Walter Berry,1987-88,23,SAS,73,1922,18.8,-0.4,0.8,3.4,.086
Walter Berry,1988-89,24,2TM,69,1355,13.2,-1.2,0.3,2.4,.085
Walter Berry,1988-89,24,NJN,29,556,11.7,-4.1,-0.3,0.3,.027
Walter Berry,1988-89,24,HOU,40,799,14.4,0.8,0.6,2.1,.125
Walter Berry,1989-90,,Did not play - other pro league,,,,,,,
Walter Berry,1990-91,,Did not play - other pro league,,,,,,,
Walter Berry,1991-92,,Did not play - other pro league,,,,,,,
Walter Berry,1992-93,,Did not play - other pro league,,,,,,,
Walter Berry,1993-94,,Did not play - other pro league,,,,,,,
Walter Berry,1994-95,,Did not play - other pro league,,,,,,,
Walter Berry,1995-96,,Did not play - other pro league,,,,,,,
Walter Berry,1996-97,,Did not play - other pro league,,,,,,,
Walter Berry,1997-98,,Did not play - other pro league,,,,,,,
Walter Berry,1998-99,,Did not play - other pro league,,,,,,,
Walter Berry,1999-00,,Did not play - other pro league,,,,,,,
Walter Berry,2000-01,,Did not play - other pro league,,,,,,,
Walter Berry,2001-02,,Did not play - other pro league,,,,,,,
Dairis Bertāns,2018-19,29,NOP,12,167,2.0,-8.8,-0.3,-0.2,-0.054
Dāvis Bertāns,2011-12,,Did not play - other pro league,,,,,,,
Dāvis Bertāns,2012-13,,Did not play - other pro league,,,,,,,
Dāvis Bertāns,2013-14,,Did not play - other pro league,,,,,,,
Dāvis Bertāns,2014-15,,Did not play - other pro league,,,,,,,
Dāvis Bertāns,2015-16,,Did not play - other pro league,,,,,,,
Dāvis Bertāns,2016-17,24,SAS,67,808,12.9,1.3,0.7,2.3,.135
Dāvis Bertāns,2017-18,25,SAS,77,1086,14.1,1.6,1.0,3.1,.135
Dāvis Bertāns,2018-19,26,SAS,76,1632,13.0,1.3,1.4,4.0,.118
Dāvis Bertāns,2019-20,27,WAS,54,1583,15.5,0.9,1.1,3.5,.107
Dāvis Bertāns,2020-21,28,WAS,57,1464,11.4,-0.8,0.4,3.1,.101
Dāvis Bertāns,2021-22,29,2TM,56,807,9.4,-2.6,-0.1,0.9,.053
Dāvis Bertāns,2021-22,29,WAS,34,501,8.3,-3.8,-0.2,0.3,.025
Dāvis Bertāns,2021-22,29,DAL,22,306,11.2,-0.6,0.1,0.6,.098
Dāvis Bertāns,2022-23,30,DAL,45,492,11.9,-1.2,0.1,0.9,.090
Dāvis Bertāns,2023-24,31,2TM,43,674,11.6,-1.4,0.1,0.9,.061
Dāvis Bertāns,2023-24,31,OKC,15,91,17.3,4.0,0.1,0.4,.229
Dāvis Bertāns,2023-24,31,CHO,28,583,10.7,-2.3,0.0,0.4,.034
Del Beshore,1978-79,22,MIL,1,1,0.0,-4.7,0.0,0.0,-0.004
Del Beshore,1979-80,23,CHI,68,869,6.4,-5.1,-0.7,-0.9,-0.052
Travis Best,1995-96,23,IND,59,571,11.5,-2.2,0.0,0.7,.057
Travis Best,1996-97,24,IND,76,2064,13.3,0.0,1.0,4.1,.096
Travis Best,1997-98,25,IND,82,1547,13.6,0.3,0.9,3.3,.103
Travis Best,1998-99,26,IND,49,1043,14.1,-0.3,0.5,2.1,.097
Travis Best,1999-00,27,IND,82,1691,16.5,0.7,1.2,5.1,.145
Travis Best,2000-01,28,IND,77,2457,16.7,1.4,2.1,7.2,.140
Travis Best,2001-02,29,2TM,74,1747,14.3,-0.8,0.6,3.4,.093
Travis Best,2001-02,29,IND,44,954,13.7,0.1,0.5,2.0,.099
Travis Best,2001-02,29,CHI,30,793,14.9,-1.8,0.1,1.4,.085
Travis Best,2002-03,30,MIA,72,1807,11.2,-2.4,-0.2,1.8,.048
Travis Best,2003-04,31,DAL,61,762,10.1,-3.0,-0.2,0.7,.044
Travis Best,2004-05,32,NJN,76,1461,11.9,-1.3,0.3,2.5,.084
Travis Best,2005-06,,Did not play - other pro league,,,,,,,
Travis Best,2006-07,,Did not play - other pro league,,,,,,,
Travis Best,2007-08,,Did not play - other pro league,,,,,,,
Travis Best,2008-09,,Did not play - other pro league,,,,,,,
Patrick Beverley,2009-10,,Did not play - other pro league,,,,,,,
Patrick Beverley,2010-11,,Did not play - other pro league,,,,,,,
Patrick Beverley,2011-12,,Did not play - other pro league,,,,,,,
Patrick Beverley,2012-13,24,HOU,41,713,15.4,3.8,1.0,2.2,.148
Patrick Beverley,2013-14,25,HOU,56,1751,12.4,0.6,1.2,4.2,.116
Patrick Beverley,2014-15,26,HOU,56,1727,11.3,0.1,0.9,3.5,.096
Patrick Beverley,2015-16,27,HOU,71,2041,13.0,0.2,1.1,4.4,.103
Patrick Beverley,2016-17,28,HOU,67,2058,13.0,1.1,1.6,5.3,.123
Patrick Beverley,2017-18,29,LAC,11,334,12.4,0.5,0.2,0.4,.056
Patrick Beverley,2018-19,30,LAC,78,2137,11.8,0.9,1.5,4.8,.108
Patrick Beverley,2019-20,31,LAC,51,1342,12.5,2.2,1.4,3.6,.128
Patrick Beverley,2020-21,32,LAC,37,832,12.0,0.7,0.6,2.1,.119
Patrick Beverley,2021-22,33,MIN,58,1476,14.8,2.7,1.7,4.1,.132
Patrick Beverley,2022-23,34,2TM,67,1816,8.9,-1.2,0.3,3.0,.079
Patrick Beverley,2022-23,34,LAL,45,1211,8.3,-1.8,0.1,1.8,.071
Patrick Beverley,2022-23,34,CHI,22,605,10.1,-0.2,0.3,1.2,.096
Patrick Beverley,2023-24,35,2TM,73,1462,11.6,-1.1,0.3,2.7,.090
Patrick Beverley,2023-24,35,PHI,47,919,11.7,-1.5,0.1,1.7,.087
Patrick Beverley,2023-24,35,MIL,26,543,11.4,-0.4,0.2,1.1,.095
Saddiq Bey,2020-21,21,DET,70,1909,12.6,-0.5,0.7,3.3,.082
Saddiq Bey,2021-22,22,DET,82,2704,14.0,-0.3,1.2,4.0,.071
Saddiq Bey,2022-23,23,2TM,77,2129,14.6,-0.3,0.9,3.9,.087
Saddiq Bey,2022-23,23,DET,52,1500,14.3,-0.7,0.5,2.3,.074
Saddiq Bey,2022-23,23,ATL,25,629,15.2,0.5,0.4,1.6,.119
Saddiq Bey,2023-24,24,ATL,63,2062,13.1,-1.8,0.1,3.5,.081
Tyler Bey,2020-21,22,DAL,18,71,5.9,-9.5,-0.1,0.0,-0.033
Sim Bhullar,2014-15,22,SAC,3,3,44.3,32.5,0.0,0.0,.389
Wes Bialosuknia,1967-68,22,OAK,70,1224,12.9,,,1.5,.059
Al Bianchi,1954-55,,Did not play - military service,,,,,,,
Al Bianchi,1955-56,,Did not play - military service,,,,,,,
Al Bianchi,1956-57,24,SYR,68,1577,9.7,,,1.5,.046
Al Bianchi,1957-58,25,SYR,69,1421,9.6,,,0.8,.026
Al Bianchi,1958-59,26,SYR,72,1779,9.5,,,1.8,.048
Al Bianchi,1959-60,27,SYR,69,1256,9.6,,,0.8,.030
Al Bianchi,1960-61,28,SYR,52,667,8.8,,,-0.1,-0.010
Al Bianchi,1961-62,29,SYR,80,1925,11.5,,,2.4,.059
Al Bianchi,1962-63,30,SYR,61,1159,12.5,,,1.9,.079
Al Bianchi,1963-64,31,PHI,78,1437,8.9,,,-0.4,-0.012
Al Bianchi,1964-65,32,PHI,60,1116,7.3,,,-0.6,-0.025
Al Bianchi,1965-66,33,PHI,78,1312,7.1,,,0.2,.006
Hank Biasatti,1946-47,25,TRH,6,,,,,0.1,
Henry Bibby,1972-73,23,NYK,55,475,15.1,,,1.0,.106
Henry Bibby,1973-74,24,NYK,66,986,15.7,0.6,0.6,2.3,.110
Henry Bibby,1974-75,25,2TM,75,1400,14.6,-1.8,0.1,1.5,.052
Henry Bibby,1974-75,25,NYK,47,876,14.7,-1.3,0.1,1.1,.063
Henry Bibby,1974-75,25,NOJ,28,524,14.4,-2.6,-0.1,0.4,.035
Henry Bibby,1975-76,26,NOJ,79,1772,13.5,-1.6,0.2,2.9,.079
Henry Bibby,1976-77,27,PHI,81,2639,11.5,-1.5,0.4,4.1,.074
Henry Bibby,1977-78,28,PHI,82,2518,11.7,-0.7,0.8,4.7,.089
Henry Bibby,1978-79,29,PHI,82,2538,11.2,-2.4,-0.2,3.7,.069
Henry Bibby,1979-80,30,PHI,82,2035,11.1,-2.2,-0.1,3.4,.079
Henry Bibby,1980-81,31,SDC,73,1112,10.6,-1.9,0.0,1.0,.043
Mike Bibby,1998-99,20,VAN,50,1758,14.8,-1.8,0.1,1.3,.035
Mike Bibby,1999-00,21,VAN,82,3155,16.7,0.6,2.1,5.6,.086
Mike Bibby,2000-01,22,VAN,82,3190,16.8,0.7,2.2,5.3,.081
Mike Bibby,2001-02,23,SAC,80,2659,14.9,0.4,1.6,6.3,.113
Mike Bibby,2002-03,24,SAC,55,1835,17.6,1.8,1.8,5.6,.146
Mike Bibby,2003-04,25,SAC,82,2980,19.3,2.4,3.3,9.3,.151
Mike Bibby,2004-05,26,SAC,80,3084,19.2,2.6,3.6,8.5,.133
Mike Bibby,2005-06,27,SAC,82,3167,17.9,1.5,2.8,8.4,.127
Mike Bibby,2006-07,28,SAC,82,2784,16.0,0.4,1.7,4.4,.076
Mike Bibby,2007-08,29,2TM,48,1573,14.5,-1.3,0.3,2.1,.063
Mike Bibby,2007-08,29,SAC,15,473,13.5,-1.2,0.1,0.3,.035
Mike Bibby,2007-08,29,ATL,33,1100,14.9,-1.3,0.2,1.7,.076
Mike Bibby,2008-09,30,ATL,79,2740,16.3,2.0,2.8,6.9,.121
Mike Bibby,2009-10,31,ATL,80,2195,12.7,-0.2,1.0,4.8,.104
Mike Bibby,2010-11,32,3TM,80,2285,10.9,-0.9,0.6,4.0,.085
Mike Bibby,2010-11,32,ATL,56,1674,11.7,-0.6,0.6,3.1,.089
Mike Bibby,2010-11,32,WAS,2,29,1.1,-9.1,-0.1,-0.1,-0.161
Mike Bibby,2010-11,32,MIA,22,582,9.0,-1.5,0.1,1.0,.084
Mike Bibby,2011-12,33,NYK,39,557,7.8,-1.9,0.0,0.7,.061
Ed Biedenbach,1968-69,23,PHO,7,18,2.7,,,-0.1,-0.248
Andris Biedriņš,2004-05,18,GSW,30,384,14.8,-1.7,0.0,1.2,.154
Andris Biedriņš,2005-06,19,GSW,68,1000,13.6,-1.6,0.1,2.9,.137
Andris Biedriņš,2006-07,20,GSW,82,2382,16.2,-0.3,1.0,6.7,.136
Andris Biedriņš,2007-08,21,GSW,76,2078,19.2,1.1,1.6,8.0,.185
Andris Biedriņš,2008-09,22,GSW,62,1863,19.1,1.3,1.5,5.4,.139
Andris Biedriņš,2009-10,23,GSW,33,763,13.0,-0.2,0.4,1.6,.101
Andris Biedriņš,2010-11,24,GSW,59,1397,12.1,-2.3,-0.1,2.6,.088
Andris Biedriņš,2011-12,25,GSW,47,739,8.8,-2.3,0.0,1.3,.085
Andris Biedriņš,2012-13,26,GSW,53,495,7.7,-1.0,0.1,1.1,.102
Andris Biedriņš,2013-14,27,UTA,6,45,2.4,-8.2,-0.1,0.0,-0.033
Don Bielke,1955-56,23,FTW,7,38,12.2,,,0.2,.198
Bob Bigelow,1975-76,22,KCK,31,163,9.9,-4.4,-0.1,0.0,.014
Bob Bigelow,1976-77,23,KCK,29,162,14.7,-2.0,0.0,0.4,.117
Bob Bigelow,1977-78,24,2TM,5,24,6.7,-5.0,0.0,0.0,-0.027
Bob Bigelow,1977-78,24,KCK,1,7,21.4,-4.1,0.0,0.0,.318
Bob Bigelow,1977-78,24,BOS,4,17,0.6,-5.4,-0.1,-0.1,-0.169
Bob Bigelow,1978-79,25,SDC,29,413,6.0,-3.3,-0.1,0.0,.003
Lionel Billingy,1974-75,22,VIR,46,1022,10.5,-4.1,-0.6,-0.4,-0.018
Chauncey Billups,1997-98,21,2TM,80,2216,13.6,-1.2,0.5,3.0,.065
Chauncey Billups,1997-98,21,BOS,51,1296,15.4,0.8,0.9,2.6,.096
Chauncey Billups,1997-98,21,TOR,29,920,11.1,-4.0,-0.4,0.4,.020
Chauncey Billups,1998-99,22,DEN,45,1488,15.1,-0.6,0.5,2.3,.075
Chauncey Billups,1999-00,23,DEN,13,305,10.5,-2.6,0.0,0.1,.023
Chauncey Billups,2000-01,24,MIN,77,1790,14.1,-0.5,0.7,3.7,.098
Chauncey Billups,2001-02,25,MIN,82,2355,17.6,2.5,2.7,7.6,.156
Chauncey Billups,2002-03,26,DET,74,2327,20.4,4.6,3.8,9.9,.204
Chauncey Billups,2003-04,27,DET,78,2758,18.6,3.6,3.9,11.3,.198
Chauncey Billups,2004-05,28,DET,80,2866,19.0,4.2,4.5,12.1,.202
Chauncey Billups,2005-06,29,DET,81,2925,23.4,6.2,6.1,15.5,.254
Chauncey Billups,2006-07,30,DET,70,2533,21.3,4.7,4.3,11.4,.216
Chauncey Billups,2007-08,31,DET,78,2522,23.6,7.7,6.2,13.5,.257
Chauncey Billups,2008-09,32,2TM,79,2789,18.8,3.4,3.8,10.1,.174
Chauncey Billups,2008-09,32,DET,2,70,17.5,1.0,0.1,0.2,.124
Chauncey Billups,2008-09,32,DEN,77,2719,18.8,3.4,3.7,9.9,.176
Chauncey Billups,2009-10,33,DEN,73,2490,20.2,3.7,3.6,9.5,.182
Chauncey Billups,2010-11,34,2TM,72,2310,18.7,2.6,2.7,8.0,.166
Chauncey Billups,2010-11,34,DEN,51,1646,18.6,2.9,2.1,5.8,.171
Chauncey Billups,2010-11,34,NYK,21,664,19.1,1.6,0.6,2.1,.155
Chauncey Billups,2011-12,35,LAC,20,607,16.1,0.9,0.4,1.7,.135
Chauncey Billups,2012-13,36,LAC,22,418,15.0,0.5,0.3,1.3,.146
Chauncey Billups,2013-14,37,DET,19,309,5.3,-5.8,-0.3,-0.3,-0.042
Dave Bing,1966-67,23,DET,80,2762,16.5,,,5.3,.092
Dave Bing,1967-68,24,DET,79,3209,18.5,,,6.2,.093
Dave Bing,1968-69,25,DET,77,3039,17.8,,,4.5,.071
Dave Bing,1969-70,26,DET,70,2334,21.3,,,5.3,.109
Dave Bing,1970-71,27,DET,82,3065,22.5,,,11.7,.183
Dave Bing,1971-72,28,DET,45,1936,16.2,,,1.7,.042
Dave Bing,1972-73,29,DET,82,3361,18.3,,,8.6,.123
Dave Bing,1973-74,30,DET,81,3124,16.4,0.3,1.8,7.3,.113
Dave Bing,1974-75,31,DET,79,3222,17.1,-0.4,1.3,5.3,.080
Dave Bing,1975-76,32,WSB,82,2945,16.0,-0.1,1.4,6.3,.102
Dave Bing,1976-77,33,WSB,64,1516,15.3,-0.3,0.7,2.9,.092
Dave Bing,1977-78,34,BOS,80,2256,13.4,-1.2,0.4,3.6,.076
Joe Binion,1984-85,,Did not play - other pro league,,,,,,,
Joe Binion,1985-86,,Did not play - other pro league,,,,,,,
Joe Binion,1986-87,25,POR,11,51,12.0,-1.7,0.0,0.1,.092
Khem Birch,2017-18,25,ORL,42,578,16.4,-0.9,0.2,1.8,.150
Khem Birch,2018-19,26,ORL,50,643,19.2,1.2,0.5,2.8,.212
Khem Birch,2019-20,27,ORL,48,922,11.7,-2.4,-0.1,2.2,.112
Khem Birch,2020-21,28,2TM,67,1529,15.1,-1.0,0.4,3.8,.118
Khem Birch,2020-21,28,ORL,48,952,14.1,-1.6,0.1,2.1,.106
Khem Birch,2020-21,28,TOR,19,577,16.9,0.1,0.3,1.7,.138
Khem Birch,2021-22,29,TOR,55,991,13.2,-1.3,0.2,2.6,.126
Khem Birch,2022-23,30,TOR,20,162,9.4,-3.5,-0.1,0.2,.072
Khem Birch,2023-24,,Did not play - other pro league,,,,,,,
Jabari Bird,2017-18,23,BOS,13,115,12.1,-3.1,0.0,0.2,.098
Jerry Bird,1956-57,,Did not play - military service,,,,,,,
Jerry Bird,1957-58,,Did not play - military service,,,,,,,
Jerry Bird,1958-59,23,NYK,11,45,12.9,,,0.0,-0.043
Larry Bird,1978-79,,Did not play - other,,,,,,,
Larry Bird,1979-80,23,BOS,82,2955,20.5,4.5,4.8,11.2,.182
Larry Bird,1980-81,24,BOS,82,3239,19.9,4.3,5.2,10.8,.160
Larry Bird,1981-82,25,BOS,77,2923,22.6,6.6,6.4,12.5,.205
Larry Bird,1982-83,26,BOS,79,2982,24.1,7.5,7.2,14.0,.225
Larry Bird,1983-84,27,BOS,79,3028,24.2,7.6,7.3,13.6,.215
Larry Bird,1984-85,28,BOS,80,3161,26.5,8.8,8.7,15.7,.238
Larry Bird,1985-86,29,BOS,82,3113,25.6,8.7,8.4,15.8,.244
Larry Bird,1986-87,30,BOS,74,3005,26.4,9.4,8.6,15.2,.243
Larry Bird,1987-88,31,BOS,76,2965,27.8,8.8,8.1,15.0,.243
Larry Bird,1988-89,32,BOS,6,189,19.8,3.7,0.3,0.5,.129
Larry Bird,1989-90,33,BOS,75,2944,21.9,5.3,5.5,9.5,.154
Larry Bird,1990-91,34,BOS,60,2277,19.7,4.6,3.8,6.6,.140
Larry Bird,1991-92,35,BOS,45,1662,21.0,5.5,3.1,5.5,.159
Otis Birdsong,1977-78,22,KCK,73,1878,17.1,0.3,1.1,4.2,.108
Otis Birdsong,1978-79,23,KCK,82,2839,18.4,2.2,3.0,8.8,.148
Otis Birdsong,1979-80,24,KCK,82,2885,18.5,2.1,3.0,8.6,.143
Otis Birdsong,1980-81,25,KCK,71,2593,20.3,2.4,2.9,8.2,.152
Otis Birdsong,1981-82,26,NJN,37,1025,13.3,-1.2,0.2,1.6,.074
Otis Birdsong,1982-83,27,NJN,62,1885,15.1,1.0,1.4,5.2,.132
Otis Birdsong,1983-84,28,NJN,69,2168,16.8,0.6,1.4,4.5,.100
Otis Birdsong,1984-85,29,NJN,56,1842,18.1,1.2,1.5,4.2,.109
Otis Birdsong,1985-86,30,NJN,77,2395,13.4,-1.1,0.6,3.2,.064
Otis Birdsong,1986-87,31,NJN,7,127,7.7,-3.1,0.0,0.0,-0.001
Otis Birdsong,1987-88,32,NJN,67,1882,10.4,-3.4,-0.7,-0.1,-0.003
Otis Birdsong,1988-89,33,BOS,13,108,7.0,-5.3,-0.1,-0.1,-0.051
Gale Bishop,1948-49,26,PHW,56,,,,,2.8,
Goga Bitadze,2019-20,20,IND,54,471,12.1,-2.3,0.0,0.7,.067
Goga Bitadze,2020-21,21,IND,45,561,16.3,-1.0,0.1,1.5,.129
Goga Bitadze,2021-22,22,IND,50,729,18.0,-0.8,0.2,1.9,.122
Goga Bitadze,2022-23,23,2TM,38,457,17.1,0.3,0.3,1.3,.141
Goga Bitadze,2022-23,23,IND,21,202,13.9,-1.1,0.0,0.4,.087
Goga Bitadze,2022-23,23,ORL,17,255,19.7,1.3,0.2,1.0,.184
Goga Bitadze,2023-24,24,ORL,62,957,17.8,2.1,1.0,3.7,.186
Goga Bitadze,2024-25,25,ORL,70,1430,19.2,2.5,1.6,5.8,.195
Onuralp Bitim,2023-24,24,CHI,23,268,5.0,-7.4,-0.4,-0.1,-0.027
Bismack Biyombo,2011-12,19,CHA,63,1455,10.6,-4.6,-1.0,0.6,.019
Bismack Biyombo,2012-13,20,CHA,80,2186,10.1,-4.4,-1.3,1.4,.031
Bismack Biyombo,2013-14,21,CHA,77,1072,13.3,-1.2,0.2,3.2,.144
Bismack Biyombo,2014-15,22,CHO,64,1243,15.2,-1.1,0.3,4.0,.156
Bismack Biyombo,2015-16,23,TOR,82,1808,14.9,-0.2,0.8,5.9,.156
Bismack Biyombo,2016-17,24,ORL,81,1793,12.2,-3.2,-0.6,2.9,.077
Bismack Biyombo,2017-18,25,ORL,82,1495,14.1,-2.4,-0.2,2.9,.094
Bismack Biyombo,2018-19,26,CHO,54,783,14.4,-2.5,-0.1,2.0,.125
Bismack Biyombo,2019-20,27,CHO,53,1029,16.1,-2.5,-0.1,2.4,.113
Bismack Biyombo,2020-21,28,CHO,66,1349,11.7,-3.0,-0.4,2.3,.081
Bismack Biyombo,2021-22,29,PHO,36,506,17.3,-1.3,0.1,1.8,.170
Bismack Biyombo,2022-23,30,PHO,61,874,14.4,-0.9,0.2,1.9,.102
Bismack Biyombo,2023-24,31,2TM,40,791,9.9,-3.4,-0.3,1.1,.066
Bismack Biyombo,2023-24,31,MEM,30,718,10.0,-3.2,-0.2,1.0,.066
Bismack Biyombo,2023-24,31,OKC,10,73,8.9,-5.2,-0.1,0.1,.066
Bismack Biyombo,2024-25,32,SAS,28,528,12.2,-3.6,-0.2,0.8,.071
Nemanja Bjelica,2010-11,,Did not play - other pro league,,,,,,,
Nemanja Bjelica,2011-12,,Did not play - other pro league,,,,,,,
Nemanja Bjelica,2012-13,,Did not play - other pro league,,,,,,,
Nemanja Bjelica,2013-14,,Did not play - other pro league,,,,,,,
Nemanja Bjelica,2014-15,,Did not play - other pro league,,,,,,,
Nemanja Bjelica,2015-16,27,MIN,60,1075,11.2,-0.7,0.3,1.9,.087
Nemanja Bjelica,2016-17,28,MIN,65,1190,11.0,-1.6,0.1,1.5,.059
Nemanja Bjelica,2017-18,29,MIN,67,1371,12.6,0.1,0.7,2.8,.097
Nemanja Bjelica,2018-19,30,SAC,77,1788,15.4,0.9,1.3,4.5,.122
Nemanja Bjelica,2019-20,31,SAC,72,2011,15.7,1.8,1.9,5.3,.127
Nemanja Bjelica,2020-21,32,2TM,37,595,12.9,-2.2,0.0,0.9,.071
Nemanja Bjelica,2020-21,32,SAC,26,439,12.7,-2.6,-0.1,0.5,.052
Nemanja Bjelica,2020-21,32,MIA,11,156,13.3,-1.3,0.0,0.4,.122
Nemanja Bjelica,2021-22,33,GSW,71,1142,14.2,1.4,1.0,3.0,.128
Uwe Blab,1985-86,23,DAL,48,409,7.6,-4.9,-0.3,0.1,.010
Uwe Blab,1986-87,24,DAL,30,160,7.1,-6.1,-0.2,-0.1,-0.027
Uwe Blab,1987-88,25,DAL,73,658,7.4,-4.5,-0.4,0.5,.036
Uwe Blab,1988-89,26,DAL,37,208,10.8,-3.4,-0.1,0.3,.069
Uwe Blab,1989-90,27,2TM,47,531,3.3,-7.4,-0.7,-0.4,-0.039
Uwe Blab,1989-90,27,GSW,40,481,3.3,-7.1,-0.6,-0.4,-0.041
Uwe Blab,1989-90,27,SAS,7,50,3.1,-9.7,-0.1,0.0,-0.022
Anthony Black,2023-24,20,ORL,69,1164,8.4,-3.0,-0.3,1.6,.067
Anthony Black,2024-25,21,ORL,78,1887,11.6,-1.9,0.0,2.4,.061
Charlie Black,1948-49,27,2TM,58,,,,,1.8,
Charlie Black,1948-49,27,INJ,41,,,,,0.9,
Charlie Black,1948-49,27,FTW,17,,,,,1.0,
Charlie Black,1949-50,28,2TM,65,,,,,2.8,
Charlie Black,1949-50,28,FTW,36,,,,,1.5,
Charlie Black,1949-50,28,AND,29,,,,,1.3,
Charlie Black,1950-51,,Did not play - other pro league,,,,,,,
Charlie Black,1951-52,30,MLH,13,117,1.1,,,-0.4,-0.148
Leaky Black,2023-24,24,CHO,26,284,11.5,-2.4,0.0,0.5,.084
Norman Black,1980-81,23,DET,3,28,1.9,-5.0,-0.1,-0.1,-0.133
Tarik Black,2014-15,23,2TM,63,1196,14.7,-2.1,0.0,3.1,.124
Tarik Black,2014-15,23,HOU,25,393,11.6,-3.9,-0.2,0.9,.113
Tarik Black,2014-15,23,LAL,38,803,16.3,-1.3,0.2,2.2,.129
Tarik Black,2015-16,24,LAL,39,496,12.3,-3.3,-0.2,0.7,.072
Tarik Black,2016-17,25,LAL,67,1091,15.0,-3.2,-0.3,2.4,.105
Tarik Black,2017-18,26,HOU,51,536,14.3,-2.6,-0.1,1.5,.136
Tom Black,1964-65,,Did not play - other pro league,,,,,,,
Tom Black,1965-66,,Did not play - other pro league,,,,,,,
Tom Black,1966-67,,Did not play - other pro league,,,,,,,
Tom Black,1967-68,,Did not play - other,,,,,,,
Tom Black,1968-69,,Did not play - unsigned,,,,,,,
Tom Black,1969-70,,Did not play - unsigned,,,,,,,
Tom Black,1970-71,29,2TM,71,873,9.6,,,0.1,.008
Tom Black,1970-71,29,SEA,55,773,10.2,,,0.3,.021
Tom Black,1970-71,29,CIN,16,100,4.3,,,-0.2,-0.098
Rolando Blackman,1981-82,22,DAL,82,1979,16.2,0.2,1.1,4.1,.098
Rolando Blackman,1982-83,23,DAL,75,2349,17.0,0.4,1.4,5.7,.116
Rolando Blackman,1983-84,24,DAL,81,3025,19.8,2.4,3.3,9.8,.155
Rolando Blackman,1984-85,25,DAL,81,2834,17.7,0.9,2.0,7.3,.123
Rolando Blackman,1985-86,26,DAL,82,2787,19.0,0.6,1.8,7.0,.121
Rolando Blackman,1986-87,27,DAL,80,2758,18.1,1.0,2.1,8.0,.140
Rolando Blackman,1987-88,28,DAL,71,2580,16.0,0.2,1.4,6.8,.126
Rolando Blackman,1988-89,29,DAL,78,2946,15.9,-0.5,1.1,5.7,.092
Rolando Blackman,1989-90,30,DAL,80,2934,17.0,0.9,2.2,6.8,.111
Rolando Blackman,1990-91,31,DAL,80,2965,16.6,0.0,1.5,5.5,.089
Rolando Blackman,1991-92,32,DAL,75,2527,15.6,-0.3,1.1,3.8,.072
Rolando Blackman,1992-93,33,NYK,60,1434,10.6,-0.7,0.5,2.9,.097
Rolando Blackman,1993-94,34,NYK,55,969,11.3,-1.5,0.1,2.4,.118
Rolando Blackman,1994-95,,Did not play - other pro league,,,,,,,
Rolando Blackman,1995-96,,Did not play - other pro league,,,,,,,
Rolando Blackman,1996-97,,Did not play - other pro league,,,,,,,
Alex Blackwell,1992-93,22,LAL,27,109,8.2,-5.7,-0.1,0.0,-0.016
Cory Blackwell,1984-85,21,SEA,60,551,6.4,-7.9,-0.8,-0.9,-0.081
James Blackwell,1994-95,26,2TM,13,80,11.6,0.7,0.1,0.2,.091
James Blackwell,1994-95,26,CHH,4,19,14.2,1.3,0.0,0.0,.104
James Blackwell,1994-95,26,BOS,9,61,10.8,0.5,0.0,0.1,.087
Nate Blackwell,1987-88,22,SAS,10,112,6.1,-7.2,-0.1,-0.1,-0.045
DeJuan Blair,2009-10,20,SAS,82,1494,17.7,-0.7,0.5,4.6,.147
DeJuan Blair,2010-11,21,SAS,81,1734,17.1,-0.5,0.7,4.8,.132
DeJuan Blair,2011-12,22,SAS,64,1363,17.6,-0.3,0.6,4.0,.142
DeJuan Blair,2012-13,23,SAS,61,851,14.6,-1.6,0.1,2.2,.126
DeJuan Blair,2013-14,24,DAL,78,1214,17.3,-1.1,0.3,3.4,.133
DeJuan Blair,2014-15,25,WAS,29,180,7.7,-8.4,-0.3,0.1,.033
DeJuan Blair,2015-16,26,WAS,29,218,5.4,-8.9,-0.4,-0.1,-0.015
DeJuan Blair,2016-17,,Did not play - other pro league,,,,,,,
Steve Blake,2003-04,23,WAS,75,1392,10.9,-2.7,-0.2,0.7,.026
Steve Blake,2004-05,24,WAS,44,648,8.4,-4.0,-0.3,0.3,.020
Steve Blake,2005-06,25,POR,68,1781,14.5,-1.0,0.4,2.8,.076
Steve Blake,2006-07,26,2TM,82,2225,9.9,-2.0,0.0,2.1,.045
Steve Blake,2006-07,26,MIL,33,583,6.8,-4.2,-0.3,-0.1,-0.008
Steve Blake,2006-07,26,DEN,49,1642,11.0,-1.2,0.3,2.2,.064
Steve Blake,2007-08,27,POR,81,2424,12.0,-0.5,0.9,3.8,.075
Steve Blake,2008-09,28,POR,69,2188,14.4,1.5,1.9,5.8,.128
Steve Blake,2009-10,29,2TM,80,2159,11.6,-0.5,0.8,3.3,.074
Steve Blake,2009-10,29,POR,51,1397,11.2,0.2,0.8,2.4,.082
Steve Blake,2009-10,29,LAC,29,762,12.3,-1.8,0.0,0.9,.058
Steve Blake,2010-11,30,LAL,79,1581,7.5,-2.3,-0.1,1.8,.055
Steve Blake,2011-12,31,LAL,53,1237,8.5,-2.5,-0.2,1.0,.040
Steve Blake,2012-13,32,LAL,45,1175,11.7,0.5,0.7,2.4,.097
Steve Blake,2013-14,33,2TM,55,1498,11.0,-1.1,0.4,1.8,.058
Steve Blake,2013-14,33,LAL,27,891,12.1,-1.2,0.2,0.8,.041
Steve Blake,2013-14,33,GSW,28,607,9.4,-1.0,0.2,1.1,.084
Steve Blake,2014-15,34,POR,81,1529,9.5,-1.8,0.1,2.1,.066
Steve Blake,2015-16,35,DET,58,986,9.8,-2.4,-0.1,1.1,.053
Steve Blake,2016-17,,Did not play - other pro league,,,,,,,
Antonio Blakeney,2017-18,21,CHI,19,314,10.1,-5.2,-0.3,0.0,-0.006
Antonio Blakeney,2018-19,22,CHI,57,829,10.6,-5.2,-0.7,-0.5,-0.030
Will Blalock,2006-07,23,DET,14,166,4.5,-5.8,-0.2,-0.1,-0.032
George Blaney,1961-62,22,NYK,36,363,7.9,,,-0.1,-0.014
Lance Blanks,1990-91,24,DET,38,214,7.5,-4.1,-0.1,0.1,.027
Lance Blanks,1991-92,25,DET,43,189,11.9,-0.4,0.1,0.4,.096
Lance Blanks,1992-93,26,MIN,61,642,8.4,-3.7,-0.3,0.2,.013
Ricky Blanton,1989-90,,Did not play - injury,,,,,,,
Ricky Blanton,1990-91,,Did not play - waived,,,,,,,
Ricky Blanton,1991-92,,Did not play - other pro league,,,,,,,
Ricky Blanton,1992-93,26,CHI,2,13,19.3,-0.3,0.0,0.0,.088
Andray Blatche,2005-06,19,WAS,29,175,10.1,-5.0,-0.1,0.1,.026
Andray Blatche,2006-07,20,WAS,56,682,12.1,-3.6,-0.3,0.5,.033
Andray Blatche,2007-08,21,WAS,82,1675,15.5,-1.7,0.1,3.0,.085
Andray Blatche,2008-09,22,WAS,71,1703,15.0,-2.0,0.0,1.4,.039
Andray Blatche,2009-10,23,WAS,81,2256,17.6,0.6,1.5,3.4,.073
Andray Blatche,2010-11,24,WAS,64,2172,16.9,-0.9,0.6,2.4,.053
Andray Blatche,2011-12,25,WAS,26,626,10.6,-4.8,-0.4,-0.1,-0.011
Andray Blatche,2012-13,26,BRK,82,1555,21.9,2.2,1.6,4.9,.153
Andray Blatche,2013-14,27,BRK,73,1618,18.8,0.0,0.8,3.7,.109
Andray Blatche,2014-15,,Did not play - other pro league,,,,,,,
Andray Blatche,2015-16,,Did not play - other pro league,,,,,,,
Andray Blatche,2016-17,,Did not play - other pro league,,,,,,,
Andray Blatche,2017-18,,Did not play - other pro league,,,,,,,
Andray Blatche,2018-19,,Did not play - other pro league,,,,,,,
Mookie Blaylock,1989-90,22,NJN,50,1267,11.5,-2.0,0.0,-0.3,-0.011
Mookie Blaylock,1990-91,23,NJN,72,2585,13.1,-0.7,0.9,2.1,.040
Mookie Blaylock,1991-92,24,NJN,72,2548,15.2,1.0,1.9,4.9,.092
Mookie Blaylock,1992-93,25,ATL,80,2820,17.1,3.4,3.8,7.0,.119
Mookie Blaylock,1993-94,26,ATL,81,2915,19.6,5.7,5.7,10.2,.168
Mookie Blaylock,1994-95,27,ATL,80,3069,19.2,5.1,5.4,9.4,.147
Mookie Blaylock,1995-96,28,ATL,81,2893,18.9,5.3,5.4,9.0,.149
Mookie Blaylock,1996-97,29,ATL,78,3056,20.4,6.8,6.8,12.5,.197
Mookie Blaylock,1997-98,30,ATL,70,2700,16.1,2.6,3.2,5.6,.099
Mookie Blaylock,1998-99,31,ATL,48,1763,16.7,4.0,2.7,4.7,.127
Mookie Blaylock,1999-00,32,GSW,73,2459,15.1,0.9,1.8,3.3,.065
Mookie Blaylock,2000-01,33,GSW,69,2352,15.8,1.2,1.9,3.5,.071
Mookie Blaylock,2001-02,34,GSW,35,599,9.2,-2.8,-0.1,-0.1,-0.004
Eric Bledsoe,2010-11,21,LAC,81,1841,10.8,-2.2,-0.1,0.3,.008
Eric Bledsoe,2011-12,22,LAC,40,464,11.2,-1.6,0.0,0.2,.022
Eric Bledsoe,2012-13,23,LAC,76,1553,17.5,3.5,2.2,3.7,.115
Eric Bledsoe,2013-14,24,PHO,43,1416,19.6,3.1,1.8,4.1,.140
Eric Bledsoe,2014-15,25,PHO,81,2800,18.4,2.1,2.9,7.0,.119
Eric Bledsoe,2015-16,26,PHO,31,1059,20.0,3.3,1.4,2.5,.116
Eric Bledsoe,2016-17,27,PHO,66,2176,20.5,3.6,3.1,5.3,.118
Eric Bledsoe,2017-18,28,2TM,74,2322,19.7,2.5,2.6,5.6,.116
Eric Bledsoe,2017-18,28,PHO,3,83,13.0,-3.2,0.0,0.0,-0.029
Eric Bledsoe,2017-18,28,MIL,71,2239,20.0,2.8,2.7,5.7,.121
Eric Bledsoe,2018-19,29,MIL,78,2272,19.3,3.1,2.9,8.2,.173
Eric Bledsoe,2019-20,30,MIL,61,1646,17.6,1.8,1.6,5.4,.157
Eric Bledsoe,2020-21,31,NOP,71,2111,11.5,-2.0,0.0,2.3,.053
Eric Bledsoe,2021-22,32,LAC,54,1361,12.5,-0.8,0.4,1.3,.047
Keljin Blevins,2020-21,25,POR,17,75,-0.9,-10.7,-0.2,-0.2,-0.137
Keljin Blevins,2021-22,26,POR,31,349,4.8,-8.5,-0.6,-0.5,-0.066
Leon Blevins,1950-51,24,INO,2,,,,,0.0,
John Block,1966-67,22,LAL,22,118,15.1,,,0.2,.079
John Block,1967-68,23,SDR,52,1805,17.1,,,4.1,.109
John Block,1968-69,24,SDR,78,2489,14.5,,,5.5,.107
John Block,1969-70,25,SDR,82,2152,15.5,,,5.1,.113
John Block,1970-71,26,SDR,73,1464,15.2,,,4.1,.133
John Block,1971-72,27,MIL,79,1524,14.3,,,4.2,.131
John Block,1972-73,28,2TM,73,2041,16.7,,,4.2,.099
John Block,1972-73,28,PHI,48,1558,17.6,,,3.4,.104
John Block,1972-73,28,KCO,25,483,13.9,,,0.8,.082
John Block,1973-74,29,KCO,82,1777,13.2,-2.0,0.0,2.3,.062
John Block,1974-75,30,2TM,54,939,17.0,1.4,0.8,3.1,.159
John Block,1974-75,30,NOJ,4,57,15.2,-3.3,0.0,0.0,.002
John Block,1974-75,30,CHI,50,882,17.2,1.7,0.8,3.1,.170
John Block,1975-76,31,CHI,2,7,12.9,-4.6,0.0,0.0,-0.121
Mike Bloom,1947-48,33,2TM,48,,,,,2.8,
Mike Bloom,1947-48,33,BLB,34,,,,,2.4,
Mike Bloom,1947-48,33,BOS,14,,,,,0.5,
Mike Bloom,1948-49,34,2TM,45,,,,,-0.3,
Mike Bloom,1948-49,34,MNL,24,,,,,-0.6,
Mike Bloom,1948-49,34,CHS,21,,,,,0.3,
Jaron Blossomgame,2018-19,25,CLE,27,439,10.2,-3.8,-0.2,0.3,.030
Corie Blount,1993-94,25,CHI,67,690,12.3,-2.3,0.0,1.2,.085
Corie Blount,1994-95,26,CHI,68,889,11.7,-2.4,-0.1,1.7,.094
Corie Blount,1995-96,27,LAL,57,715,10.9,-2.7,-0.1,0.9,.063
Corie Blount,1996-97,28,LAL,58,1009,11.9,-2.1,0.0,2.5,.117
Corie Blount,1997-98,29,LAL,70,1029,11.9,-2.0,0.0,2.6,.120
Corie Blount,1998-99,30,2TM,34,530,9.5,-4.1,-0.3,0.7,.059
Corie Blount,1998-99,30,LAL,14,162,8.0,-7.0,-0.2,0.2,.050
Corie Blount,1998-99,30,CLE,20,368,10.1,-2.9,-0.1,0.5,.064
Corie Blount,1999-00,31,PHO,38,446,9.0,-4.2,-0.2,0.8,.090
Corie Blount,2000-01,32,2TM,68,1305,11.8,-3.5,-0.5,1.8,.065
Corie Blount,2000-01,32,PHO,30,387,5.8,-4.3,-0.2,0.6,.077
Corie Blount,2000-01,32,GSW,38,918,14.3,-3.2,-0.3,1.1,.060
Corie Blount,2001-02,33,PHI,72,1426,10.2,-1.9,0.1,3.1,.104
Corie Blount,2002-03,34,CHI,50,836,9.6,-2.2,0.0,1.1,.064
Corie Blount,2003-04,35,2TM,62,1050,11.9,-1.4,0.1,1.9,.085
Corie Blount,2003-04,35,CHI,46,756,13.9,-0.5,0.3,1.4,.091
Corie Blount,2003-04,35,TOR,16,294,6.9,-3.8,-0.1,0.4,.069
Mark Blount,1997-98,,Did not play - other pro league,,,,,,,
Mark Blount,1998-99,,Did not play - other pro league,,,,,,,
Mark Blount,1999-00,,Did not play - other pro league,,,,,,,
Mark Blount,2000-01,25,BOS,64,1098,11.1,-3.1,-0.3,1.9,.084
Mark Blount,2001-02,26,BOS,44,415,9.3,-4.1,-0.2,0.7,.081
Mark Blount,2002-03,27,2TM,81,1403,10.6,-3.0,-0.4,1.7,.059
Mark Blount,2002-03,27,DEN,54,885,9.6,-3.7,-0.4,0.4,.020
Mark Blount,2002-03,27,BOS,27,518,12.2,-1.8,0.0,1.4,.126
Mark Blount,2003-04,28,BOS,82,2402,16.0,-0.5,0.9,6.5,.131
Mark Blount,2004-05,29,BOS,82,2130,12.5,-2.1,0.0,2.8,.063
Mark Blount,2005-06,30,2TM,81,2240,12.1,-3.4,-0.8,1.7,.037
Mark Blount,2005-06,30,BOS,39,1083,12.0,-3.7,-0.5,0.2,.010
Mark Blount,2005-06,30,MIN,42,1157,12.1,-3.1,-0.3,1.5,.063
Mark Blount,2006-07,31,MIN,82,2544,12.7,-3.1,-0.7,2.8,.052
Mark Blount,2007-08,32,MIA,69,1542,11.4,-4.0,-0.8,0.7,.021
Mark Blount,2008-09,33,MIA,20,207,8.7,-5.8,-0.2,-0.1,-0.024
Vander Blue,2013-14,21,BOS,3,15,0.5,-13.8,0.0,-0.1,-0.214
Vander Blue,2014-15,22,LAL,2,74,4.0,-9.8,-0.1,-0.2,-0.156
Vander Blue,2015-16,,Did not play - other pro league,,,,,,,
Vander Blue,2016-17,,Did not play - other pro league,,,,,,,
Vander Blue,2017-18,25,LAL,5,45,-1.8,-8.4,-0.1,-0.1,-0.102
Ray Blume,1981-82,23,CHI,49,546,9.7,-4.5,-0.3,-0.1,-0.013
Nelson Bobb,1949-50,25,PHW,57,,,,,1.8,
Nelson Bobb,1950-51,26,PHW,53,,,,,1.1,
Nelson Bobb,1951-52,27,PHW,62,1192,11.0,,,1.2,.048
Nelson Bobb,1952-53,28,PHW,55,1286,13.5,,,2.0,.075
Tony Bobbitt,2004-05,25,LAL,2,12,11.7,-4.1,0.0,0.0,.059
Bucky Bockhorn,1958-59,25,CIN,71,2251,11.1,,,1.1,.023
Bucky Bockhorn,1959-60,26,CIN,75,2103,11.4,,,1.3,.031
Bucky Bockhorn,1960-61,27,CIN,79,2669,10.4,,,0.3,.005
Bucky Bockhorn,1961-62,28,CIN,80,3062,11.1,,,3.1,.049
Bucky Bockhorn,1962-63,29,CIN,80,2612,9.2,,,0.5,.010
Bucky Bockhorn,1963-64,30,CIN,70,1670,9.3,,,1.5,.042
Bucky Bockhorn,1964-65,31,CIN,19,424,9.1,,,0.1,.008
Buddy Boeheim,2022-23,23,DET,10,90,0.5,-9.5,-0.2,-0.2,-0.091
Buddy Boeheim,2023-24,24,DET,10,84,9.1,-3.5,0.0,0.1,.047
Tom Boerwinkle,1968-69,23,CHI,80,2365,12.9,,,2.6,.053
Tom Boerwinkle,1969-70,24,CHI,81,2335,15.3,,,4.4,.090
Tom Boerwinkle,1970-71,25,CHI,82,2370,20.4,,,9.0,.182
Tom Boerwinkle,1971-72,26,CHI,80,2022,15.9,,,7.4,.175
Tom Boerwinkle,1972-73,27,CHI,8,176,14.3,,,0.5,.146
Tom Boerwinkle,1973-74,28,CHI,46,602,15.4,3.0,0.8,1.7,.134
Tom Boerwinkle,1974-75,29,CHI,80,1175,18.6,4.5,1.9,3.8,.153
Tom Boerwinkle,1975-76,30,CHI,74,2045,17.7,2.9,2.6,6.3,.147
Tom Boerwinkle,1976-77,31,CHI,82,1070,14.7,1.4,0.9,2.3,.102
Tom Boerwinkle,1977-78,32,CHI,22,227,10.3,-1.3,0.1,0.2,.035
Keith Bogans,2003-04,23,ORL,73,1787,11.0,-2.4,-0.2,1.3,.034
Keith Bogans,2004-05,24,CHA,74,1791,10.4,-3.9,-0.9,0.1,.002
Keith Bogans,2005-06,25,2TM,72,1912,10.7,-1.4,0.3,2.3,.058
Keith Bogans,2005-06,25,CHA,39,848,12.4,-1.0,0.2,1.2,.066
Keith Bogans,2005-06,25,HOU,33,1064,9.3,-1.6,0.1,1.2,.053
Keith Bogans,2006-07,26,ORL,59,990,9.2,-1.5,0.1,1.7,.080
Keith Bogans,2007-08,27,ORL,82,2198,10.9,0.6,1.4,4.9,.106
Keith Bogans,2008-09,28,2TM,65,1272,9.7,-0.4,0.5,2.5,.096
Keith Bogans,2008-09,28,ORL,36,787,8.0,-0.6,0.3,1.5,.093
Keith Bogans,2008-09,28,MIL,29,485,12.5,0.0,0.2,1.0,.101
Keith Bogans,2009-10,29,SAS,79,1559,7.7,-1.2,0.3,2.6,.081
Keith Bogans,2010-11,30,CHI,82,1461,9.0,-0.2,0.7,3.6,.118
Keith Bogans,2011-12,31,NJN,5,94,4.8,-7.9,-0.1,0.0,-0.005
Keith Bogans,2012-13,32,BRK,74,1408,6.7,-2.6,-0.2,1.4,.047
Keith Bogans,2013-14,33,BOS,6,55,9.9,-2.0,0.0,0.1,.121
Bogdan Bogdanović,2012-13,,Did not play - other pro league,,,,,,,
Bogdan Bogdanović,2013-14,,Did not play - other pro league,,,,,,,
Bogdan Bogdanović,2014-15,,Did not play - other pro league,,,,,,,
Bogdan Bogdanović,2015-16,,Did not play - other pro league,,,,,,,
Bogdan Bogdanović,2016-17,,Did not play - other pro league,,,,,,,
Bogdan Bogdanović,2017-18,25,SAC,78,2175,13.5,-1.5,0.3,2.9,.064
Bogdan Bogdanović,2018-19,26,SAC,70,1947,14.1,-0.6,0.7,2.7,.067
Bogdan Bogdanović,2019-20,27,SAC,61,1766,15.2,0.6,1.2,3.1,.084
Bogdan Bogdanović,2020-21,28,ATL,44,1305,17.6,3.6,1.8,3.9,.142
Bogdan Bogdanović,2021-22,29,ATL,63,1848,15.4,1.3,1.5,3.7,.095
Bogdan Bogdanović,2022-23,30,ATL,54,1508,14.2,0.5,0.9,2.8,.088
Bogdan Bogdanović,2023-24,31,ATL,79,2401,14.7,0.2,1.4,3.9,.079
Bogdan Bogdanović,2024-25,32,2TM,54,1348,11.1,-2.0,0.0,1.9,.069
Bogdan Bogdanović,2024-25,32,ATL,24,598,7.6,-4.7,-0.4,-0.1,-0.006
Bogdan Bogdanović,2024-25,32,LAC,30,750,14.0,0.2,0.4,2.0,.128
Bojan Bogdanović,2011-12,,Did not play - other pro league,,,,,,,
Bojan Bogdanović,2012-13,,Did not play - other pro league,,,,,,,
Bojan Bogdanović,2013-14,,Did not play - other pro league,,,,,,,
Bojan Bogdanović,2014-15,25,BRK,78,1854,11.6,-1.7,0.1,2.4,.062
Bojan Bogdanović,2015-16,26,BRK,79,2115,10.7,-3.5,-0.8,0.9,.021
Bojan Bogdanović,2016-17,27,2TM,81,2083,13.5,-2.2,-0.1,2.9,.067
Bojan Bogdanović,2016-17,27,BRK,55,1482,13.0,-2.6,-0.2,1.6,.052
Bojan Bogdanović,2016-17,27,WAS,26,601,14.7,-1.2,0.1,1.3,.103
Bojan Bogdanović,2017-18,28,IND,80,2464,13.9,-0.7,0.8,5.4,.105
Bojan Bogdanović,2018-19,29,IND,81,2573,16.1,0.7,1.7,6.8,.126
Bojan Bogdanović,2019-20,30,UTA,63,2083,15.6,0.1,1.1,4.2,.096
Bojan Bogdanović,2020-21,31,UTA,72,2216,14.0,-0.4,0.9,5.2,.113
Bojan Bogdanović,2021-22,32,UTA,69,2131,15.7,0.0,1.1,5.2,.118
Bojan Bogdanović,2022-23,33,DET,59,1893,17.4,0.8,1.4,3.5,.090
Bojan Bogdanović,2023-24,34,2TM,57,1478,12.6,-3.2,-0.4,1.1,.034
Bojan Bogdanović,2023-24,34,DET,28,921,14.1,-2.1,0.0,0.8,.042
Bojan Bogdanović,2023-24,34,NYK,29,557,10.1,-4.9,-0.4,0.2,.021
Muggsy Bogues,1987-88,23,WSB,79,1628,12.7,0.9,1.2,2.3,.066
Muggsy Bogues,1988-89,24,CHH,79,1755,15.3,1.1,1.4,2.6,.070
Muggsy Bogues,1989-90,25,CHH,81,2743,16.9,2.2,2.9,6.7,.117
Muggsy Bogues,1990-91,26,CHH,81,2299,15.4,1.2,1.8,4.8,.100
Muggsy Bogues,1991-92,27,CHH,82,2790,14.0,0.2,1.6,4.8,.082
Muggsy Bogues,1992-93,28,CHH,81,2833,14.5,0.8,2.0,5.9,.100
Muggsy Bogues,1993-94,29,CHH,77,2746,16.2,1.1,2.1,6.4,.112
Muggsy Bogues,1994-95,30,CHH,78,2629,16.9,1.5,2.3,8.6,.157
Muggsy Bogues,1995-96,31,CHH,6,77,10.6,-2.9,0.0,0.0,.020
Muggsy Bogues,1996-97,32,CHH,65,1880,15.7,1.5,1.6,5.0,.127
Muggsy Bogues,1997-98,33,2TM,61,1570,12.4,-1.4,0.3,1.7,.053
Muggsy Bogues,1997-98,33,CHH,2,16,20.6,6.0,0.0,0.1,.193
Muggsy Bogues,1997-98,33,GSW,59,1554,12.3,-1.4,0.2,1.7,.051
Muggsy Bogues,1998-99,34,GSW,36,714,15.3,1.5,0.6,1.7,.117
Muggsy Bogues,1999-00,35,TOR,80,1731,12.5,-1.6,0.2,3.7,.102
Muggsy Bogues,2000-01,36,TOR,3,34,-0.5,-7.2,0.0,-0.1,-0.128
Andrew Bogut,2005-06,21,MIL,82,2348,15.2,0.4,1.4,5.5,.113
Andrew Bogut,2006-07,22,MIL,66,2258,15.5,0.0,1.2,4.0,.085
Andrew Bogut,2007-08,23,MIL,78,2720,17.5,0.0,1.4,4.8,.085
Andrew Bogut,2008-09,24,MIL,36,1124,16.2,1.3,1.0,2.6,.112
Andrew Bogut,2009-10,25,MIL,69,2229,20.7,3.1,2.8,7.5,.161
Andrew Bogut,2010-11,26,MIL,65,2297,16.7,1.3,1.9,5.4,.112
Andrew Bogut,2011-12,27,MIL,12,364,14.9,0.5,0.2,0.5,.062
Andrew Bogut,2012-13,28,GSW,32,786,13.8,1.4,0.7,1.7,.106
Andrew Bogut,2013-14,29,GSW,67,1769,17.0,3.0,2.2,6.5,.176
Andrew Bogut,2014-15,30,GSW,67,1583,15.8,2.4,1.8,5.2,.159
Andrew Bogut,2015-16,31,GSW,70,1451,15.9,2.4,1.6,5.4,.180
Andrew Bogut,2016-17,32,2TM,27,583,9.3,-2.6,-0.1,0.7,.055
Andrew Bogut,2016-17,32,DAL,26,582,9.4,-2.5,-0.1,0.7,.055
Andrew Bogut,2016-17,32,CLE,1,1,-35.3,-45.0,0.0,0.0,.020
Andrew Bogut,2017-18,33,LAL,24,216,10.9,-2.8,-0.1,0.4,.094
Andrew Bogut,2018-19,34,GSW,11,134,13.4,-2.9,0.0,0.3,.111
Etdrick Bohannon,1997-98,24,IND,5,11,-10.3,-23.9,-0.1,-0.1,-0.520
Etdrick Bohannon,1998-99,25,WAS,2,4,0.0,-4.6,0.0,0.0,-0.017
Etdrick Bohannon,1999-00,26,2TM,13,118,10.5,-5.6,-0.1,0.1,.059
Etdrick Bohannon,1999-00,26,NYK,2,5,7.8,-15.3,0.0,0.0,-0.049
Etdrick Bohannon,1999-00,26,LAC,11,113,10.6,-5.2,-0.1,0.2,.064
Etdrick Bohannon,2000-01,27,CLE,6,19,22.4,1.7,0.0,0.1,.276
Bol Bol,2019-20,20,DEN,7,87,14.4,-3.0,0.0,0.1,.063
Bol Bol,2020-21,21,DEN,32,160,9.4,-4.1,-0.1,0.0,-0.004
Bol Bol,2021-22,22,DEN,14,81,13.5,-1.0,0.0,0.1,.065
Bol Bol,2022-23,23,ORL,70,1505,14.4,-0.9,0.4,2.3,.072
Bol Bol,2023-24,24,PHO,43,469,18.7,2.1,0.5,1.6,.168
Bol Bol,2024-25,25,PHO,36,448,18.4,0.8,0.3,0.9,.097
Manute Bol,1985-86,23,WSB,80,2090,11.2,0.9,1.5,3.9,.089
Manute Bol,1986-87,24,WSB,82,1552,10.9,0.3,0.9,2.4,.074
Manute Bol,1987-88,25,WSB,77,1136,10.8,1.1,0.9,2.0,.085
Manute Bol,1988-89,26,GSW,80,1769,9.8,-1.0,0.4,1.7,.046
Manute Bol,1989-90,27,GSW,75,1310,7.2,-1.2,0.3,0.0,.001
Manute Bol,1990-91,28,PHI,82,1522,8.4,-1.0,0.4,1.3,.042
Manute Bol,1991-92,29,PHI,71,1267,7.7,-1.3,0.2,0.8,.028
Manute Bol,1992-93,30,PHI,58,855,8.5,-2.2,0.0,0.2,.013
Manute Bol,1993-94,31,3TM,14,116,3.1,-6.3,-0.1,-0.2,-0.066
Manute Bol,1993-94,31,MIA,8,61,-3.4,-11.6,-0.1,-0.3,-0.197
Manute Bol,1993-94,31,WSB,2,6,10.7,5.0,0.0,0.0,.104
Manute Bol,1993-94,31,PHI,4,49,10.2,-1.1,0.0,0.1,.076
Manute Bol,1994-95,32,GSW,5,81,9.5,0.9,0.1,0.1,.083
Manute Bol,1995-96,,Did not play - other pro league,,,,,,,
Jonah Bolden,2017-18,,Did not play - other pro league,,,,,,,
Jonah Bolden,2018-19,23,PHI,44,639,12.7,-0.7,0.2,1.4,.106
Jonah Bolden,2019-20,24,2TM,7,47,4.9,-9.2,-0.1,0.0,-0.006
Jonah Bolden,2019-20,24,PHI,4,14,-2.0,-14.7,0.0,0.0,-0.150
Jonah Bolden,2019-20,24,PHO,3,33,7.9,-6.9,0.0,0.0,.054
Marques Bolden,2019-20,21,CLE,1,3,19.8,5.4,0.0,0.0,.282
Marques Bolden,2020-21,22,CLE,6,29,13.3,-3.0,0.0,0.0,.063
Marques Bolden,2021-22,,Did not play - other pro league,,,,,,,
Marques Bolden,2022-23,,Did not play - other pro league,,,,,,,
Marques Bolden,2023-24,25,2TM,11,121,16.0,-2.7,0.0,0.3,.134
Marques Bolden,2023-24,25,MIL,2,3,3.0,-5.5,0.0,0.0,.102
Marques Bolden,2023-24,25,CHO,9,118,16.4,-2.6,0.0,0.3,.135
Bill Bolger,1953-54,22,BLB,20,202,10.8,,,0.2,.039
Leandro Bolmaro,2020-21,,Did not play - other pro league,,,,,,,
Leandro Bolmaro,2021-22,21,MIN,35,241,5.4,-5.8,-0.2,0.0,.004
Leandro Bolmaro,2022-23,22,UTA,14,68,-5.0,-14.7,-0.2,-0.3,-0.231
Leandro Bolmaro,2023-24,,Did not play - other pro league,,,,,,,
Joel Bolomboy,2016-17,23,UTA,12,53,19.7,3.4,0.1,0.2,.171
Joel Bolomboy,2017-18,24,MIL,6,38,11.7,-5.0,0.0,0.1,.079
Doug Bolstorff,1957-58,26,DET,3,21,2.2,,,0.0,-0.004
George Bon Salle,1957-58,,Did not play - other pro league,,,,,,,
George Bon Salle,1958-59,,Did not play - other pro league,,,,,,,
George Bon Salle,1959-60,,Did not play - unsigned,,,,,,,
George Bon Salle,1960-61,,Did not play - unsigned,,,,,,,
George Bon Salle,1961-62,26,CHP,3,9,0.1,,,-0.1,-0.429
Adem Bona,2024-25,21,PHI,58,905,16.5,-2.7,-0.2,2.3,.121
Phil Bond,1977-78,23,HOU,7,21,5.3,-4.5,0.0,0.0,-0.092
Walter Bond,1992-93,23,DAL,74,1578,9.0,-5.0,-1.2,-0.8,-0.024
Walter Bond,1993-94,24,UTA,56,559,9.1,-2.3,0.0,1.0,.089
Walter Bond,1994-95,25,2TM,23,290,10.3,-1.5,0.0,0.4,.072
Walter Bond,1994-95,25,DET,5,51,3.0,-8.2,-0.1,-0.1,-0.063
Walter Bond,1994-95,25,UTA,18,239,11.8,0.0,0.1,0.5,.101
Jordan Bone,2019-20,22,DET,10,53,0.8,-11.9,-0.1,-0.1,-0.117
Jordan Bone,2020-21,23,ORL,14,196,8.9,-4.2,-0.1,0.2,.045
Dexter Boney,1996-97,26,PHO,8,48,10.2,-6.1,0.0,0.0,.013
Isaac Bonga,2018-19,19,LAL,22,120,6.0,-4.8,-0.1,-0.1,-0.059
Isaac Bonga,2019-20,20,WAS,66,1250,10.2,-2.8,-0.3,1.8,.068
Isaac Bonga,2020-21,21,WAS,40,432,4.0,-5.8,-0.4,0.0,-0.001
Isaac Bonga,2021-22,22,TOR,15,69,8.7,-0.4,0.0,0.1,.060
Ron Bonham,1964-65,22,BOS,37,369,21.6,,,1.8,.230
Ron Bonham,1965-66,23,BOS,39,312,13.1,,,0.2,.028
Ron Bonham,1966-67,,Did not play - retired,,,,,,,
Ron Bonham,1967-68,25,INA,42,426,15.7,,,0.7,.080
Anthony Bonner,1990-91,22,SAC,34,750,12.2,-2.1,0.0,0.7,.044
Anthony Bonner,1991-92,23,SAC,79,2287,10.9,-3.5,-0.8,1.6,.035
Anthony Bonner,1992-93,24,SAC,70,1764,12.3,-2.4,-0.2,2.4,.067
Anthony Bonner,1993-94,25,NYK,73,1402,12.6,1.0,1.1,4.1,.140
Anthony Bonner,1994-95,26,NYK,58,1126,9.4,-1.6,0.1,1.8,.079
Anthony Bonner,1995-96,27,ORL,4,43,11.3,-8.7,-0.1,0.0,.040
Matt Bonner,2003-04,,Did not play - other pro league,,,,,,,
Matt Bonner,2004-05,24,TOR,82,1553,14.7,-0.6,0.5,4.2,.130
Matt Bonner,2005-06,25,TOR,78,1710,13.7,0.7,1.2,4.1,.114
Matt Bonner,2006-07,26,SAS,56,653,16.4,0.2,0.4,2.2,.163
Matt Bonner,2007-08,27,SAS,68,853,12.4,-1.5,0.1,2.0,.110
Matt Bonner,2008-09,28,SAS,81,1928,15.0,2.1,2.0,6.8,.169
Matt Bonner,2009-10,29,SAS,65,1161,14.9,2.6,1.3,3.7,.153
Matt Bonner,2010-11,30,SAS,66,1432,13.5,1.9,1.4,4.4,.147
Matt Bonner,2011-12,31,SAS,65,1326,13.2,2.6,1.5,4.0,.143
Matt Bonner,2012-13,32,SAS,68,909,11.8,0.2,0.5,2.5,.133
Matt Bonner,2013-14,33,SAS,61,690,11.2,1.0,0.5,1.8,.123
Matt Bonner,2014-15,34,SAS,72,935,10.1,-0.7,0.3,2.1,.110
Matt Bonner,2015-16,35,SAS,30,206,14.1,2.2,0.2,0.8,.181
Butch Booker,1969-70,24,MMF,12,221,15.7,,,0.4,.082
Devin Booker,2015-16,19,PHO,76,2108,11.9,-2.8,-0.5,1.9,.043
Devin Booker,2016-17,20,PHO,78,2730,14.6,-1.9,0.1,2.0,.035
Devin Booker,2017-18,21,PHO,54,1865,18.1,0.9,1.4,2.4,.063
Devin Booker,2018-19,22,PHO,64,2242,20.2,1.0,1.7,3.5,.076
Devin Booker,2019-20,23,PHO,70,2512,20.6,2.2,2.6,7.5,.143
Devin Booker,2020-21,24,PHO,67,2270,19.2,0.3,1.3,4.9,.104
Devin Booker,2021-22,25,PHO,68,2345,21.3,4.1,3.6,7.6,.156
Devin Booker,2022-23,26,PHO,53,1835,22.0,4.2,2.9,6.0,.157
Devin Booker,2023-24,27,PHO,68,2447,21.9,3.0,3.1,9.2,.181
Devin Booker,2024-25,28,PHO,75,2795,19.3,0.4,1.7,6.4,.111
Melvin Booker,1995-96,23,HOU,11,131,6.2,-9.8,-0.3,-0.2,-0.065
Melvin Booker,1996-97,24,2TM,21,430,8.8,-3.7,-0.2,0.1,.014
Melvin Booker,1996-97,24,DEN,5,21,-5.1,-16.9,-0.1,-0.2,-0.380
Melvin Booker,1996-97,24,GSW,16,409,9.5,-3.1,-0.1,0.3,.034
Trevor Booker,2010-11,23,WAS,65,1063,15.3,-0.9,0.3,2.6,.119
Trevor Booker,2011-12,24,WAS,50,1261,15.4,-0.8,0.4,3.0,.113
Trevor Booker,2012-13,25,WAS,48,887,13.9,-1.0,0.2,2.3,.126
Trevor Booker,2013-14,26,WAS,72,1553,15.0,-0.1,0.7,4.3,.132
Trevor Booker,2014-15,27,UTA,79,1564,15.3,-0.2,0.7,3.6,.110
Trevor Booker,2015-16,28,UTA,79,1632,14.4,0.0,0.8,4.3,.128
Trevor Booker,2016-17,29,BRK,71,1754,15.7,-0.6,0.6,3.1,.086
Trevor Booker,2017-18,30,3TM,68,1158,14.9,-0.6,0.4,2.9,.121
Trevor Booker,2017-18,30,BRK,18,395,15.4,-1.7,0.0,0.6,.072
Trevor Booker,2017-18,30,PHI,33,494,14.5,0.7,0.3,1.7,.163
Trevor Booker,2017-18,30,IND,17,269,14.7,-1.1,0.1,0.7,.118
Josh Boone,2006-07,22,NJN,61,669,14.6,-2.9,-0.2,1.7,.122
Josh Boone,2007-08,23,NJN,70,1773,14.8,-1.8,0.1,3.7,.100
Josh Boone,2008-09,24,NJN,62,995,13.3,-1.7,0.1,1.8,.089
Josh Boone,2009-10,25,NJN,63,1045,13.7,-2.0,0.0,1.8,.084
Ron Boone,1968-69,22,DLC,78,2682,14.7,,,5.8,.105
Ron Boone,1969-70,23,DLC,84,2340,12.8,,,4.0,.082
Ron Boone,1970-71,24,2TM,86,2476,16.5,,,5.1,.098
Ron Boone,1970-71,24,TEX,42,1313,17.5,,,2.8,.102
Ron Boone,1970-71,24,UTS,44,1163,15.5,,,2.3,.093
Ron Boone,1971-72,25,UTS,84,2040,14.3,,,2.8,.066
Ron Boone,1972-73,26,UTS,84,2585,18.3,,,9.7,.180
Ron Boone,1973-74,27,UTS,84,3098,16.5,0.0,1.6,5.9,.091
Ron Boone,1974-75,28,UTS,84,3414,18.4,1.9,3.4,8.3,.117
Ron Boone,1975-76,29,2TM,78,2961,17.3,0.7,2.0,6.2,.101
Ron Boone,1975-76,29,UTS,16,636,19.4,1.7,0.6,1.6,.120
Ron Boone,1975-76,29,SSL,62,2325,16.7,0.4,1.4,4.6,.096
Ron Boone,1976-77,30,KCK,82,3021,17.5,1.0,2.3,8.1,.128
Ron Boone,1977-78,31,KCK,82,2653,14.0,-1.9,0.0,2.6,.047
Ron Boone,1978-79,32,LAL,82,1583,9.3,-4.2,-0.9,0.4,.012
Ron Boone,1979-80,33,2TM,81,2392,12.1,-3.5,-1.0,1.0,.020
Ron Boone,1979-80,33,LAL,6,106,3.0,-6.2,-0.2,-0.2,-0.098
Ron Boone,1979-80,33,UTA,75,2286,12.5,-3.3,-0.8,1.2,.026
Ron Boone,1980-81,34,UTA,52,1146,9.0,-5.2,-0.9,-0.6,-0.025
Calvin Booth,1999-00,23,WAS,11,143,11.9,-3.8,-0.1,0.1,.043
Calvin Booth,2000-01,24,2TM,55,933,16.1,0.7,0.6,2.1,.106
Calvin Booth,2000-01,24,WAS,40,640,14.7,-0.4,0.3,1.0,.074
Calvin Booth,2000-01,24,DAL,15,293,18.9,3.2,0.4,1.1,.176
Calvin Booth,2001-02,25,SEA,15,279,11.9,-3.0,0.0,0.5,.082
Calvin Booth,2002-03,26,SEA,47,575,9.9,-3.3,-0.2,0.8,.071
Calvin Booth,2003-04,27,SEA,71,1206,13.6,-1.8,0.0,2.2,.088
Calvin Booth,2004-05,28,2TM,51,451,11.9,-1.2,0.1,1.0,.101
Calvin Booth,2004-05,28,DAL,34,262,11.7,-1.7,0.0,0.6,.106
Calvin Booth,2004-05,28,MIL,17,189,12.2,-0.6,0.1,0.4,.096
Calvin Booth,2005-06,29,WAS,33,250,8.9,-2.3,0.0,0.4,.070
Calvin Booth,2006-07,30,WAS,44,380,9.6,-3.1,-0.1,0.6,.072
Calvin Booth,2007-08,31,PHI,31,204,7.1,-2.3,0.0,0.3,.065
Calvin Booth,2008-09,32,2TM,8,56,11.4,-4.8,0.0,0.1,.106
Calvin Booth,2008-09,32,MIN,1,1,39.8,7.4,0.0,0.0,.475
Calvin Booth,2008-09,32,SAC,7,55,10.9,-5.1,0.0,0.1,.099
Keith Booth,1997-98,23,CHI,6,17,13.8,-7.0,0.0,0.0,.107
Keith Booth,1998-99,24,CHI,39,432,7.0,-6.0,-0.4,-0.8,-0.088
Bob Boozer,1959-60,,Did not play - other pro league,,,,,,,
Bob Boozer,1960-61,23,CIN,79,1573,13.0,,,1.4,.042
Bob Boozer,1961-62,24,CIN,79,2488,13.5,,,3.9,.075
Bob Boozer,1962-63,25,CIN,79,2488,14.4,,,3.9,.075
Bob Boozer,1963-64,26,2TM,81,2379,14.4,,,2.8,.056
Bob Boozer,1963-64,26,CIN,32,727,12.8,,,0.7,.049
Bob Boozer,1963-64,26,NYK,49,1652,15.2,,,2.0,.059
Bob Boozer,1964-65,27,NYK,80,2139,17.8,,,5.3,.119
Bob Boozer,1965-66,28,LAL,78,1847,16.4,,,5.8,.151
Bob Boozer,1966-67,29,CHI,80,2451,18.4,,,9.4,.184
Bob Boozer,1967-68,30,CHI,77,2988,18.6,,,10.6,.170
Bob Boozer,1968-69,31,CHI,79,2872,19.9,,,11.6,.193
Bob Boozer,1969-70,32,SEA,82,2549,15.2,,,5.9,.111
Bob Boozer,1970-71,33,MIL,80,1775,13.1,,,3.7,.101
Carlos Boozer,2002-03,21,CLE,81,2049,17.9,0.0,1.0,5.9,.139
Carlos Boozer,2003-04,22,CLE,75,2592,20.8,2.1,2.7,9.4,.174
Carlos Boozer,2004-05,23,UTA,51,1772,19.2,1.4,1.5,4.1,.111
Carlos Boozer,2005-06,24,UTA,33,1025,21.4,2.1,1.1,3.5,.162
Carlos Boozer,2006-07,25,UTA,74,2557,24.1,4.6,4.3,9.9,.185
Carlos Boozer,2007-08,26,UTA,81,2827,21.9,2.8,3.5,10.2,.173
Carlos Boozer,2008-09,27,UTA,37,1197,17.2,-0.6,0.4,2.6,.105
Carlos Boozer,2009-10,28,UTA,78,2673,21.3,3.4,3.7,9.9,.178
Carlos Boozer,2010-11,29,CHI,59,1882,18.8,1.0,1.4,5.8,.149
Carlos Boozer,2011-12,30,CHI,66,1948,19.7,2.7,2.3,7.6,.187
Carlos Boozer,2012-13,31,CHI,79,2546,17.1,-0.1,1.2,5.7,.108
Carlos Boozer,2013-14,32,CHI,76,2141,14.4,-2.1,-0.1,3.4,.076
Carlos Boozer,2014-15,33,LAL,71,1692,16.4,-1.7,0.1,2.2,.062
Curtis Borchardt,2002-03,,Did not play - injury,,,,,,,
Curtis Borchardt,2003-04,23,UTA,16,258,7.9,-3.0,-0.1,0.1,.026
Curtis Borchardt,2004-05,24,UTA,67,859,9.4,-4.0,-0.4,0.8,.046
Jake Bornheimer,1948-49,21,PHW,15,,,,,0.4,
Jake Bornheimer,1949-50,22,PHW,60,,,,,0.8,
Lazaro Borrell,1999-00,27,SEA,17,167,15.0,-1.2,0.0,0.3,.079
Ike Borsavage,1950-51,26,PHW,24,,,,,0.1,
Vince Boryla,1949-50,22,NYK,59,,,,,3.9,
Vince Boryla,1950-51,23,NYK,66,,,,,7.4,
Vince Boryla,1951-52,24,NYK,42,1440,12.8,,,2.1,.069
Vince Boryla,1952-53,25,NYK,66,2200,11.2,,,3.6,.078
Vince Boryla,1953-54,26,NYK,52,1522,6.8,,,-1.0,-0.031
Chris Bosh,2003-04,19,TOR,75,2510,15.1,-0.8,0.8,6.2,.119
Chris Bosh,2004-05,20,TOR,81,3017,17.5,-0.2,1.4,6.8,.108
Chris Bosh,2005-06,21,TOR,70,2751,23.2,2.9,3.4,9.8,.170
Chris Bosh,2006-07,22,TOR,69,2658,22.6,2.7,3.1,9.6,.174
Chris Bosh,2007-08,23,TOR,67,2425,23.8,4.4,3.9,10.1,.200
Chris Bosh,2008-09,24,TOR,77,2928,22.1,2.7,3.5,9.7,.159
Chris Bosh,2009-10,25,TOR,70,2526,25.0,3.6,3.6,9.6,.182
Chris Bosh,2010-11,26,MIA,77,2795,19.4,1.3,2.3,10.3,.177
Chris Bosh,2011-12,27,MIA,57,2007,18.9,0.8,1.4,6.9,.165
Chris Bosh,2012-13,28,MIA,74,2454,20.0,1.3,2.1,9.0,.175
Chris Bosh,2013-14,29,MIA,79,2531,19.0,0.8,1.8,8.0,.152
Chris Bosh,2014-15,30,MIA,44,1556,19.8,1.3,1.3,3.6,.111
Chris Bosh,2015-16,31,MIA,53,1778,20.2,4.0,2.7,6.4,.172
Chris Bosh,2016-17,,Did not play - injury,,,,,,,
Jim Bostic,1975-76,,Did not play - waived,,,,,,,
Jim Bostic,1976-77,,Did not play - unsigned,,,,,,,
Jim Bostic,1977-78,25,DET,4,48,18.9,-2.7,0.0,0.1,.144
Brandon Boston Jr.,2021-22,20,LAC,51,760,11.2,-3.3,-0.3,0.4,.026
Brandon Boston Jr.,2022-23,21,LAC,22,248,13.4,-2.2,0.0,0.2,.040
Brandon Boston Jr.,2023-24,22,LAC,32,345,8.7,-9.0,-0.6,-0.3,-0.040
Brandon Boston Jr.,2024-25,23,NOP,42,993,12.7,-2.5,-0.1,0.7,.033
Lawrence Boston,1978-79,,Did not play - other pro league,,,,,,,
Lawrence Boston,1979-80,23,WSB,13,125,12.6,-4.0,-0.1,0.2,.075
Tom Boswell,1975-76,22,BOS,35,275,8.8,-5.6,-0.3,0.2,.029
Tom Boswell,1976-77,23,BOS,70,1083,13.6,-1.7,0.1,2.4,.107
Tom Boswell,1977-78,24,BOS,65,1149,12.9,-1.5,0.1,2.7,.111
Tom Boswell,1978-79,25,DEN,79,2201,14.6,0.9,1.6,5.6,.122
Tom Boswell,1979-80,26,2TM,79,2077,14.3,-1.8,0.1,3.7,.086
Tom Boswell,1979-80,26,DEN,18,522,13.5,-1.3,0.1,1.1,.104
Tom Boswell,1979-80,26,UTA,61,1555,14.6,-2.0,0.0,2.6,.081
Tom Boswell,1980-81,,Did not play - other pro league,,,,,,,
Tom Boswell,1981-82,,Did not play - legal,,,,,,,
Tom Boswell,1982-83,,Did not play - legal,,,,,,,
Tom Boswell,1983-84,30,UTA,38,261,10.2,-3.1,-0.1,0.6,.115
Chris Boucher,2017-18,25,GSW,1,1,-28.5,-33.1,0.0,0.0,-0.899
Chris Boucher,2018-19,26,TOR,28,163,22.2,2.6,0.2,0.7,.194
Chris Boucher,2019-20,27,TOR,62,819,20.7,2.0,0.8,3.8,.224
Chris Boucher,2020-21,28,TOR,60,1453,21.9,3.3,2.0,6.1,.201
Chris Boucher,2021-22,29,TOR,80,1690,17.9,0.1,0.9,6.0,.169
Chris Boucher,2022-23,30,TOR,76,1523,18.0,-0.1,0.7,5.0,.156
Chris Boucher,2023-24,31,TOR,50,705,16.0,-1.7,0.1,1.7,.119
Chris Boucher,2024-25,32,TOR,50,862,18.7,2.3,0.9,2.7,.148
James Bouknight,2021-22,21,CHO,31,304,10.1,-7.1,-0.4,0.0,.001
James Bouknight,2022-23,22,CHO,34,515,6.2,-6.5,-0.6,-0.4,-0.040
James Bouknight,2023-24,23,CHO,14,81,15.9,2.2,0.1,0.1,.062
Ruben Boumtje-Boumtje,2001-02,23,POR,33,245,6.5,-5.6,-0.2,0.2,.030
Ruben Boumtje-Boumtje,2002-03,24,POR,2,5,18.4,6.7,0.0,0.0,.114
Ruben Boumtje-Boumtje,2003-04,25,POR,9,26,3.4,-5.8,0.0,0.0,-0.014
Jamaree Bouyea,2022-23,23,2TM,5,71,6.5,-4.2,0.0,0.0,.013
Jamaree Bouyea,2022-23,23,MIA,4,65,7.8,-2.9,0.0,0.0,.029
Jamaree Bouyea,2022-23,23,WAS,1,6,-6.9,-17.8,0.0,0.0,-0.150
Jamaree Bouyea,2023-24,24,2TM,9,95,1.5,-12.3,-0.2,-0.3,-0.129
Jamaree Bouyea,2023-24,24,POR,6,57,-4.8,-17.8,-0.2,-0.4,-0.299
Jamaree Bouyea,2023-24,24,SAS,3,38,11.1,-3.9,0.0,0.1,.126
Jamaree Bouyea,2024-25,25,MIL,5,62,9.7,-5.4,0.0,0.0,.007
Don Boven,1949-50,24,WAT,62,,,,,3.8,
Don Boven,1950-51,,Did not play - other pro league,,,,,,,
Don Boven,1951-52,26,MLH,66,1982,12.5,,,1.5,.036
Don Boven,1952-53,27,3TM,67,1373,11.3,,,2.2,.075
Don Boven,1952-53,27,MLH,27,667,13.1,,,1.7,.119
Don Boven,1952-53,27,BLB,23,329,10.6,,,0.3,.039
Don Boven,1952-53,27,FTW,17,377,8.7,,,0.2,.029
Cal Bowdler,1999-00,22,ATL,46,423,10.0,-3.7,-0.2,0.2,.027
Cal Bowdler,2000-01,23,ATL,44,375,15.8,-0.9,0.1,1.0,.134
Cal Bowdler,2001-02,24,ATL,52,585,9.4,-4.3,-0.3,0.5,.039
Brian Bowen,2019-20,21,IND,6,31,0.1,-10.9,-0.1,-0.1,-0.107
Brian Bowen,2020-21,22,IND,6,15,1.0,-11.0,0.0,0.0,-0.063
Bruce Bowen,1993-94,,Did not play - other pro league,,,,,,,
Bruce Bowen,1994-95,,Did not play - other pro league,,,,,,,
Bruce Bowen,1995-96,,Did not play - other pro league,,,,,,,
Bruce Bowen,1996-97,25,MIA,1,1,37.7,97.4,0.0,0.0,.321
Bruce Bowen,1997-98,26,BOS,61,1305,11.0,-0.4,0.5,2.2,.081
Bruce Bowen,1998-99,27,BOS,30,494,5.0,-3.8,-0.2,0.0,.001
Bruce Bowen,1999-00,28,2TM,69,878,6.7,-2.4,-0.1,1.2,.064
Bruce Bowen,1999-00,28,PHI,42,311,6.0,-2.8,-0.1,0.3,.039
Bruce Bowen,1999-00,28,MIA,27,567,7.1,-2.1,0.0,0.9,.078
Bruce Bowen,2000-01,29,MIA,82,2685,8.1,-1.1,0.6,4.2,.075
Bruce Bowen,2001-02,30,SAS,59,1699,8.2,-1.3,0.3,1.9,.054
Bruce Bowen,2002-03,31,SAS,82,2566,9.1,0.2,1.4,5.1,.096
Bruce Bowen,2003-04,32,SAS,82,2624,8.2,-0.5,1.0,5.4,.098
Bruce Bowen,2004-05,33,SAS,82,2627,9.5,-0.1,1.2,6.1,.111
Bruce Bowen,2005-06,34,SAS,82,2755,9.1,0.3,1.6,6.2,.108
Bruce Bowen,2006-07,35,SAS,82,2464,7.1,-1.1,0.6,4.1,.079
Bruce Bowen,2007-08,36,SAS,81,2448,7.0,-1.4,0.4,4.4,.085
Bruce Bowen,2008-09,37,SAS,80,1506,5.4,-2.3,-0.1,2.2,.070
Ryan Bowen,1998-99,,Did not play - other pro league,,,,,,,
Ryan Bowen,1999-00,24,DEN,52,589,11.8,-0.2,0.3,1.4,.111
Ryan Bowen,2000-01,25,DEN,57,696,13.3,0.1,0.4,1.7,.114
Ryan Bowen,2001-02,26,DEN,75,1686,11.4,-1.1,0.4,3.1,.088
Ryan Bowen,2002-03,27,DEN,62,996,12.7,1.8,1.0,2.1,.102
Ryan Bowen,2003-04,28,DEN,52,392,9.9,-0.3,0.2,0.8,.097
Ryan Bowen,2004-05,29,HOU,66,604,7.7,-1.4,0.1,1.1,.087
Ryan Bowen,2005-06,30,HOU,68,652,4.0,-5.1,-0.5,0.2,.012
Ryan Bowen,2006-07,,Did not play - other pro league,,,,,,,
Ryan Bowen,2007-08,32,NOH,53,660,9.9,-0.8,0.2,1.5,.107
Ryan Bowen,2008-09,33,NOH,21,219,10.8,-0.7,0.1,0.6,.125
Ryan Bowen,2009-10,34,OKC,1,8,31.3,11.8,0.0,0.1,.509
Tommie Bowens,1967-68,27,DNR,67,1287,9.7,,,1.1,.042
Tommie Bowens,1968-69,28,NYA,76,1550,8.5,,,0.5,.015
Tommie Bowens,1969-70,29,NOB,68,753,10.2,,,1.2,.073
Anthony Bowie,1986-87,,Did not play - waived,,,,,,,
Anthony Bowie,1987-88,,Did not play - other pro league,,,,,,,
Anthony Bowie,1988-89,25,SAS,18,438,10.6,-3.3,-0.2,0.5,.054
Anthony Bowie,1989-90,26,HOU,66,918,8.8,-2.5,-0.1,0.7,.037
Anthony Bowie,1990-91,,Did not play - other pro league,,,,,,,
Anthony Bowie,1991-92,28,ORL,52,1721,14.7,0.8,1.2,2.9,.082
Anthony Bowie,1992-93,29,ORL,77,1761,11.2,-1.2,0.3,2.5,.069
Anthony Bowie,1993-94,30,ORL,70,948,11.5,-1.7,0.1,1.3,.065
Anthony Bowie,1994-95,31,ORL,77,1261,11.7,-1.9,0.0,2.0,.077
Anthony Bowie,1995-96,32,ORL,74,1078,10.4,-2.3,-0.1,1.6,.071
Anthony Bowie,1996-97,,Did not play - other pro league,,,,,,,
Anthony Bowie,1997-98,34,NYK,27,224,12.9,0.4,0.1,0.7,.148
Sam Bowie,1984-85,23,POR,76,2216,15.7,2.0,2.2,5.7,.123
Sam Bowie,1985-86,24,POR,38,1132,15.2,1.2,0.9,2.4,.100
Sam Bowie,1986-87,25,POR,5,163,11.8,-3.0,0.0,0.1,.034
Sam Bowie,1987-88,,Did not play - injury,,,,,,,
Sam Bowie,1988-89,27,POR,20,412,13.7,0.2,0.2,0.5,.063
Sam Bowie,1989-90,28,NJN,68,2207,16.2,-1.1,0.5,4.7,.103
Sam Bowie,1990-91,29,NJN,62,1916,14.1,-0.8,0.5,2.6,.066
Sam Bowie,1991-92,30,NJN,71,2179,16.4,-0.1,1.0,4.6,.101
Sam Bowie,1992-93,31,NJN,79,2092,13.2,-0.4,0.8,4.3,.098
Sam Bowie,1993-94,32,LAL,25,556,13.6,-1.8,0.0,0.8,.073
Sam Bowie,1994-95,33,LAL,67,1225,10.4,-2.4,-0.1,1.1,.044
Orb Bowling,1967-68,28,KEN,11,90,1.7,,,-0.2,-0.081
Ira Bowman,1999-00,26,PHI,11,20,13.3,3.6,0.0,0.1,.128
Ira Bowman,2000-01,27,ATL,3,19,9.2,-1.7,0.0,0.0,-0.024
Ira Bowman,2001-02,28,PHI,3,29,16.4,6.6,0.1,0.1,.210
Ky Bowman,2019-20,22,GSW,45,1015,9.1,-4.3,-0.6,-0.1,-0.003
Nate Bowman,1965-66,,Did not play - other pro league,,,,,,,
Nate Bowman,1966-67,23,CHI,9,65,9.8,,,0.1,.067
Nate Bowman,1967-68,24,NYK,42,272,11.0,,,0.0,-0.006
Nate Bowman,1968-69,25,NYK,67,607,9.2,,,0.0,.000
Nate Bowman,1969-70,26,NYK,81,744,8.9,,,1.3,.083
Nate Bowman,1970-71,27,BUF,44,483,10.0,,,0.0,.000
Nate Bowman,1971-72,28,PTC,18,217,6.0,,,-0.3,-0.070
Donnie Boyce,1995-96,22,ATL,8,41,17.7,0.6,0.0,0.0,.004
Donnie Boyce,1996-97,23,ATL,22,154,7.0,-6.3,-0.2,-0.3,-0.081
Dennis Boyd,1977-78,,Did not play - waived,,,,,,,
Dennis Boyd,1978-79,24,DET,5,40,-4.0,-6.4,-0.1,-0.2,-0.230
Freddie Boyd,1972-73,22,PHI,82,2351,10.1,,,-0.7,-0.014
Freddie Boyd,1973-74,23,PHI,75,1818,10.9,-4.1,-1.0,-0.2,-0.007
Freddie Boyd,1974-75,24,PHI,66,1362,9.6,-4.5,-0.9,-0.3,-0.010
Freddie Boyd,1975-76,25,2TM,36,617,9.9,-2.3,-0.1,0.4,.033
Freddie Boyd,1975-76,25,PHI,6,33,2.9,-4.8,0.0,0.0,-0.041
Freddie Boyd,1975-76,25,NOJ,30,584,10.3,-2.1,0.0,0.5,.037
Freddie Boyd,1976-77,26,NOJ,47,1212,12.6,-1.2,0.3,2.1,.083
Freddie Boyd,1977-78,27,NOJ,21,363,7.7,-3.7,-0.2,0.1,.013
Ken Boyd,1974-75,22,NOJ,6,25,25.3,-2.7,0.1,0.1,.109
Earl Boykins,1998-99,22,2TM,22,221,7.2,-6.5,-0.3,-0.3,-0.070
Earl Boykins,1998-99,22,NJN,5,51,9.3,-3.4,0.0,-0.1,-0.073
Earl Boykins,1998-99,22,CLE,17,170,6.5,-7.4,-0.2,-0.2,-0.069
Earl Boykins,1999-00,23,2TM,26,261,20.0,3.9,0.4,0.8,.153
Earl Boykins,1999-00,23,ORL,1,8,44.0,21.8,0.0,0.1,.582
Earl Boykins,1999-00,23,CLE,25,253,19.2,3.3,0.4,0.7,.139
Earl Boykins,2000-01,24,LAC,10,149,17.2,0.2,0.1,0.3,.089
Earl Boykins,2001-02,25,LAC,68,761,13.9,-1.3,0.1,1.0,.065
Earl Boykins,2002-03,26,GSW,68,1321,17.6,0.6,0.9,3.5,.127
Earl Boykins,2003-04,27,DEN,82,1849,16.2,0.5,1.2,4.1,.105
Earl Boykins,2004-05,28,DEN,82,2162,17.1,1.2,1.7,6.0,.133
Earl Boykins,2005-06,29,DEN,60,1542,15.7,0.0,0.7,2.9,.090
Earl Boykins,2006-07,30,2TM,66,2031,16.2,0.4,1.3,4.5,.105
Earl Boykins,2006-07,30,DEN,31,877,17.7,1.9,0.9,2.5,.134
Earl Boykins,2006-07,30,MIL,35,1154,15.1,-0.7,0.4,2.0,.083
Earl Boykins,2007-08,31,CHA,36,577,10.0,-4.8,-0.4,0.0,.001
Earl Boykins,2008-09,,Did not play - other pro league,,,,,,,
Earl Boykins,2009-10,33,WAS,67,1117,12.9,-2.4,-0.1,1.0,.042
Earl Boykins,2010-11,34,MIL,57,862,17.6,2.4,1.0,2.3,.125
Earl Boykins,2011-12,35,HOU,8,111,10.3,-4.0,-0.1,0.1,.029
Harry Boykoff,1949-50,27,WAT,61,,,,,5.3,
Harry Boykoff,1950-51,28,2TM,48,,,,,1.7,
Harry Boykoff,1950-51,28,BOS,32,,,,,1.0,
Harry Boykoff,1950-51,28,TRI,16,,,,,0.7,
Winford Boynes,1978-79,21,NJN,69,1176,11.7,-3.7,-0.5,0.6,.026
Winford Boynes,1979-80,22,NJN,64,1102,13.1,-1.2,0.2,1.7,.072
Winford Boynes,1980-81,23,DAL,44,757,6.1,-7.3,-1.0,-1.4,-0.091
Cedric Bozeman,2006-07,23,ATL,23,199,-0.1,-7.3,-0.3,-0.3,-0.077
Steve Bracey,1972-73,22,ATL,70,1050,12.7,,,2.1,.097
Steve Bracey,1973-74,23,ATL,75,1463,12.5,-2.4,-0.1,1.5,.050
Steve Bracey,1974-75,24,GSW,42,340,12.4,-3.3,-0.1,0.3,.037
Craig Brackins,2010-11,23,PHI,3,33,0.1,-12.5,-0.1,-0.1,-0.154
Craig Brackins,2011-12,24,PHI,14,88,4.3,-9.0,-0.2,-0.1,-0.065
Gary Bradds,1964-65,22,BAL,41,335,13.1,,,0.5,.067
Gary Bradds,1965-66,23,BAL,3,15,18.0,,,0.0,.057
Gary Bradds,1966-67,,Did not play - other pro league,,,,,,,
Gary Bradds,1967-68,25,OAK,49,1052,21.0,,,3.4,.157
Gary Bradds,1968-69,26,OAK,75,2249,19.7,,,8.0,.171
Gary Bradds,1969-70,27,WSA,60,1239,18.5,,,3.6,.138
Gary Bradds,1970-71,28,2TM,26,321,12.7,,,0.3,.038
Gary Bradds,1970-71,28,CAR,7,114,8.2,,,-0.1,-0.025
Gary Bradds,1970-71,28,TEX,19,207,15.1,,,0.3,.072
Alex Bradley,1981-82,22,NYK,39,331,12.4,-2.6,0.0,0.4,.053
Alonzo Bradley,1977-78,24,HOU,43,798,9.0,-4.5,-0.5,-0.1,-0.005
Alonzo Bradley,1978-79,25,HOU,34,245,9.3,-4.2,-0.1,0.1,.024
Alonzo Bradley,1979-80,26,HOU,22,96,4.1,-6.8,-0.2,-0.2,-0.097
Avery Bradley,2010-11,20,BOS,31,162,2.2,-11.1,-0.4,-0.5,-0.139
Avery Bradley,2011-12,21,BOS,64,1368,11.3,-1.7,0.1,2.4,.085
Avery Bradley,2012-13,22,BOS,50,1435,8.8,-3.7,-0.6,0.4,.012
Avery Bradley,2013-14,23,BOS,60,1855,12.7,-1.9,0.1,1.8,.046
Avery Bradley,2014-15,24,BOS,77,2428,11.5,-2.2,-0.1,2.5,.049
Avery Bradley,2015-16,25,BOS,76,2536,13.2,-0.1,1.2,4.8,.090
Avery Bradley,2016-17,26,BOS,55,1835,14.4,-0.6,0.7,3.1,.081
Avery Bradley,2017-18,27,2TM,46,1433,9.6,-4.0,-0.7,-0.2,-0.007
Avery Bradley,2017-18,27,DET,40,1268,9.7,-3.9,-0.6,-0.2,-0.009
Avery Bradley,2017-18,27,LAC,6,165,9.0,-4.4,-0.1,0.0,.009
Avery Bradley,2018-19,28,2TM,63,1905,7.6,-3.7,-0.8,0.3,.009
Avery Bradley,2018-19,28,LAC,49,1463,5.5,-4.6,-1.0,-0.3,-0.011
Avery Bradley,2018-19,28,MEM,14,442,14.5,-0.9,0.1,0.7,.074
Avery Bradley,2019-20,29,LAL,49,1186,8.9,-2.5,-0.2,1.5,.062
Avery Bradley,2020-21,30,2TM,27,602,6.3,-5.4,-0.5,-0.1,-0.008
Avery Bradley,2020-21,30,MIA,10,211,10.4,-2.4,0.0,0.3,.072
Avery Bradley,2020-21,30,HOU,17,391,4.0,-6.9,-0.5,-0.4,-0.052
Avery Bradley,2021-22,31,LAL,62,1406,7.8,-3.6,-0.6,1.2,.040
Bill Bradley,1967-68,26,KEN,58,521,7.1,,,-0.4,-0.037
Bill Bradley,1965-66,,Did not play - Rhodes Scholar,,,,,,,
Bill Bradley,1966-67,,Did not play - Rhodes Scholar,,,,,,,
Bill Bradley,1967-68,24,NYK,45,874,11.7,,,1.1,.058
Bill Bradley,1968-69,25,NYK,82,2413,13.1,,,4.7,.093
Bill Bradley,1969-70,26,NYK,67,2098,13.7,,,4.9,.112
Bill Bradley,1970-71,27,NYK,78,2300,13.3,,,5.4,.114
Bill Bradley,1971-72,28,NYK,78,2780,12.9,,,5.4,.094
Bill Bradley,1972-73,29,NYK,82,2998,13.8,,,7.0,.112
Bill Bradley,1973-74,30,NYK,82,2813,11.1,-2.1,-0.1,4.2,.071
Bill Bradley,1974-75,31,NYK,79,2787,11.1,-2.3,-0.2,2.8,.048
Bill Bradley,1975-76,32,NYK,82,2709,10.2,-2.2,-0.1,2.5,.044
Bill Bradley,1976-77,33,NYK,67,1027,9.5,-2.4,-0.1,0.8,.038
Charles Bradley,1981-82,22,BOS,51,339,8.9,-4.5,-0.2,0.2,.030
Charles Bradley,1982-83,23,BOS,51,532,8.7,-2.6,-0.1,0.2,.020
Charles Bradley,1983-84,24,SEA,8,39,0.5,-5.6,-0.1,-0.1,-0.152
Dudley Bradley,1979-80,22,IND,82,2027,13.5,1.0,1.5,3.1,.073
Dudley Bradley,1980-81,23,IND,82,1867,13.7,1.6,1.7,3.9,.100
Dudley Bradley,1981-82,24,PHO,64,937,10.9,-1.1,0.2,1.4,.071
Dudley Bradley,1982-83,25,CHI,58,683,12.6,0.6,0.4,1.1,.077
Dudley Bradley,1983-84,,Did not play - other pro league,,,,,,,
Dudley Bradley,1984-85,27,WSB,73,1232,12.2,1.5,1.1,2.4,.093
Dudley Bradley,1985-86,28,WSB,70,842,10.2,-0.4,0.3,1.0,.057
Dudley Bradley,1986-87,29,MIL,68,900,10.3,1.5,0.8,1.7,.090
Dudley Bradley,1987-88,30,2TM,65,1437,11.4,0.8,1.0,1.9,.064
Dudley Bradley,1987-88,30,MIL,2,5,-4.0,-13.6,0.0,0.0,-0.070
Dudley Bradley,1987-88,30,NJN,63,1432,11.4,0.9,1.0,1.9,.065
Dudley Bradley,1988-89,31,ATL,38,267,6.1,-4.6,-0.2,0.0,.004
Jim Bradley,1973-74,21,KEN,35,884,11.0,-1.3,0.2,1.3,.071
Jim Bradley,1974-75,22,KEN,56,922,14.0,0.0,0.5,2.3,.119
Jim Bradley,1975-76,23,DNA,7,107,9.3,-2.7,0.0,0.1,.067
Joe Bradley,1949-50,21,CHS,46,,,,,-0.3,
Michael Bradley,2001-02,22,TOR,26,118,9.9,-4.8,-0.1,0.1,.053
Michael Bradley,2002-03,23,TOR,67,1314,12.8,-3.4,-0.5,1.5,.056
Michael Bradley,2003-04,24,2TM,16,98,4.1,-9.9,-0.2,0.0,-0.015
Michael Bradley,2003-04,24,TOR,5,38,1.3,-8.6,-0.1,0.0,-0.020
Michael Bradley,2003-04,24,ATL,11,60,5.8,-10.7,-0.1,0.0,-0.012
Michael Bradley,2004-05,25,3TM,18,119,11.7,-1.9,0.0,0.2,.082
Michael Bradley,2004-05,25,ORL,8,55,8.3,-0.8,0.0,0.1,.061
Michael Bradley,2004-05,25,SAC,8,48,12.1,-4.7,0.0,0.1,.076
Michael Bradley,2004-05,25,PHI,2,16,22.0,2.4,0.0,0.1,.174
Michael Bradley,2005-06,26,PHI,46,367,8.4,-4.6,-0.2,0.1,.019
Shawn Bradley,1993-94,21,PHI,49,1385,11.6,-3.4,-0.5,-1.1,-0.039
Shawn Bradley,1994-95,22,PHI,82,2365,14.8,-1.4,0.3,3.5,.071
Shawn Bradley,1995-96,23,2TM,79,2329,15.7,-1.4,0.3,3.0,.062
Shawn Bradley,1995-96,23,PHI,12,334,13.4,-3.4,-0.1,0.0,.005
Shawn Bradley,1995-96,23,NJN,67,1995,16.1,-1.1,0.4,3.0,.071
Shawn Bradley,1996-97,24,2TM,73,2288,16.5,-1.1,0.5,3.0,.062
Shawn Bradley,1996-97,24,NJN,40,1228,16.3,-0.6,0.4,1.8,.071
Shawn Bradley,1996-97,24,DAL,33,1060,16.7,-1.6,0.1,1.2,.052
Shawn Bradley,1997-98,25,DAL,64,1822,17.7,-0.4,0.7,2.9,.077
Shawn Bradley,1998-99,26,DAL,49,1294,19.6,2.3,1.4,4.2,.157
Shawn Bradley,1999-00,27,DAL,77,1901,17.0,0.8,1.4,5.1,.128
Shawn Bradley,2000-01,28,DAL,82,2001,16.2,1.6,1.8,6.3,.151
Shawn Bradley,2001-02,29,DAL,53,757,14.6,0.3,0.4,2.3,.144
Shawn Bradley,2002-03,30,DAL,81,1731,18.3,2.6,2.0,7.4,.204
Shawn Bradley,2003-04,31,DAL,66,773,15.6,0.1,0.4,2.3,.145
Shawn Bradley,2004-05,32,DAL,77,885,11.0,-2.0,0.0,1.9,.102
Tony Bradley,2017-18,20,UTA,9,29,9.5,-7.5,0.0,0.0,.033
Tony Bradley,2018-19,21,UTA,3,36,19.6,-6.0,0.0,0.1,.130
Tony Bradley,2019-20,22,UTA,58,663,21.7,1.3,0.6,3.3,.236
Tony Bradley,2020-21,23,2TM,42,684,20.7,1.3,0.6,2.7,.192
Tony Bradley,2020-21,23,PHI,20,287,21.1,3.3,0.4,1.5,.245
Tony Bradley,2020-21,23,OKC,22,397,20.4,-0.2,0.2,1.3,.154
Tony Bradley,2021-22,24,CHI,55,549,14.9,-1.8,0.0,1.3,.112
Tony Bradley,2022-23,25,CHI,12,33,21.7,4.9,0.1,0.2,.220
Tony Bradley,2023-24,,Did not play - other pro league,,,,,,,
Tony Bradley,2024-25,27,IND,14,113,23.2,1.2,0.1,0.4,.187
Mark Bradtke,1996-97,28,PHI,36,251,9.6,-4.6,-0.2,0.2,.044
Marques Bragg,1995-96,25,MIN,53,369,9.8,-5.6,-0.3,0.1,.012
Torraye Braggs,1998-99,,Did not play - other pro league,,,,,,,
Torraye Braggs,1999-00,,Did not play - other pro league,,,,,,,
Torraye Braggs,2000-01,,Did not play - other pro league,,,,,,,
Torraye Braggs,2001-02,,Did not play - other pro league,,,,,,,
Torraye Braggs,2002-03,,Did not play - other pro league,,,,,,,
Torraye Braggs,2003-04,27,2TM,15,154,9.5,-4.0,-0.1,0.2,.070
Torraye Braggs,2003-04,27,HOU,11,132,9.8,-3.3,0.0,0.2,.066
Torraye Braggs,2003-04,27,WAS,4,22,7.7,-8.6,0.0,0.0,.094
Torraye Braggs,2004-05,28,HOU,7,24,11.6,-10.7,0.0,0.0,.073
A.J. Bramlett,1999-00,23,CLE,8,61,-0.4,-15.9,-0.2,-0.2,-0.129
Adrian Branch,1985-86,,Did not play - other pro league,,,,,,,
Adrian Branch,1986-87,23,LAL,32,219,18.8,-0.4,0.1,0.7,.158
Adrian Branch,1987-88,24,NJN,20,308,10.4,-4.3,-0.2,-0.1,-0.021
Adrian Branch,1988-89,25,POR,67,811,15.7,-1.4,0.1,1.5,.087
Adrian Branch,1989-90,26,MIN,11,91,16.9,-2.0,0.0,0.0,.014
Elton Brand,1999-00,20,CHI,81,2999,20.6,1.3,2.5,7.5,.121
Elton Brand,2000-01,21,CHI,74,2906,20.4,1.1,2.2,6.1,.101
Elton Brand,2001-02,22,LAC,80,3020,23.6,4.3,4.8,13.6,.216
Elton Brand,2002-03,23,LAC,62,2454,21.7,3.0,3.1,7.6,.149
Elton Brand,2003-04,24,LAC,69,2670,23.2,4.0,4.0,9.7,.174
Elton Brand,2004-05,25,LAC,81,3001,22.4,3.6,4.2,10.6,.169
Elton Brand,2005-06,26,LAC,79,3099,26.5,6.7,6.8,14.8,.229
Elton Brand,2006-07,27,LAC,80,3077,23.1,4.2,4.8,11.5,.180
Elton Brand,2007-08,28,LAC,8,274,18.0,-0.3,0.1,0.5,.080
Elton Brand,2008-09,29,PHI,29,920,14.6,-1.9,0.0,0.9,.047
Elton Brand,2009-10,30,PHI,76,2297,15.7,-1.8,0.1,3.5,.073
Elton Brand,2010-11,31,PHI,81,2809,18.5,1.3,2.4,9.4,.161
Elton Brand,2011-12,32,PHI,60,1732,18.0,1.6,1.6,6.1,.168
Elton Brand,2012-13,33,DAL,72,1527,15.2,-0.9,0.4,3.4,.107
Elton Brand,2013-14,34,ATL,73,1414,14.0,-0.8,0.4,3.6,.121
Elton Brand,2014-15,35,ATL,36,486,9.4,-3.0,-0.1,0.7,.070
Elton Brand,2015-16,36,PHI,17,225,11.4,-3.4,-0.1,0.2,.036
Terrell Brandon,1991-92,21,CLE,82,1605,12.8,-2.2,-0.1,0.9,.028
Terrell Brandon,1992-93,22,CLE,82,1622,16.7,1.3,1.3,3.9,.117
Terrell Brandon,1993-94,23,CLE,73,1548,15.0,0.3,0.9,2.9,.091
Terrell Brandon,1994-95,24,CLE,67,1961,18.7,3.8,2.8,5.6,.137
Terrell Brandon,1995-96,25,CLE,75,2570,25.2,7.5,6.2,12.7,.237
Terrell Brandon,1996-97,26,CLE,78,2868,21.5,5.6,5.5,10.8,.181
Terrell Brandon,1997-98,27,MIL,50,1784,20.2,3.7,2.5,5.1,.136
Terrell Brandon,1998-99,28,2TM,36,1217,19.5,3.2,1.6,3.2,.126
Terrell Brandon,1998-99,28,MIL,15,505,17.4,1.5,0.4,0.9,.083
Terrell Brandon,1998-99,28,MIN,21,712,20.9,4.4,1.2,2.3,.157
Terrell Brandon,1999-00,29,MIN,71,2587,20.8,4.3,4.1,8.6,.159
Terrell Brandon,2000-01,30,MIN,78,2821,20.0,3.1,3.6,8.5,.145
Terrell Brandon,2001-02,31,MIN,32,962,21.2,5.0,1.7,3.7,.186
Terrell Brandon,2002-03,,Did not play - injury,,,,,,,
Malaki Branham,2022-23,19,SAS,66,1550,9.5,-5.2,-1.3,-0.1,-0.004
Malaki Branham,2023-24,20,SAS,75,1594,8.7,-5.6,-1.5,-0.3,-0.008
Malaki Branham,2024-25,21,SAS,47,427,12.0,-3.2,-0.1,0.1,.007
Bob Brannum,1949-50,23,SHE,59,,,,,1.6,
Bob Brannum,1950-51,,Did not play - other pro league,,,,,,,
Bob Brannum,1951-52,25,BOS,66,1324,12.5,,,2.0,.074
Bob Brannum,1952-53,26,BOS,71,1900,11.7,,,0.8,.021
Bob Brannum,1953-54,27,BOS,71,1729,10.6,,,0.0,.000
Bob Brannum,1954-55,28,BOS,71,1623,11.0,,,1.1,.032
Brad Branson,1980-81,,Did not play - other pro league,,,,,,,
Brad Branson,1981-82,23,CLE,10,176,8.4,-3.9,-0.1,-0.1,-0.016
Brad Branson,1982-83,24,IND,62,680,16.0,-1.6,0.1,1.0,.071
Jesse Branson,1965-66,24,PHI,5,14,10.3,,,0.0,-0.060
Jesse Branson,1966-67,,Did not play - retired,,,,,,,
Jesse Branson,1967-68,26,NOB,78,1892,19.3,,,5.8,.148
Jarrell Brantley,2019-20,23,UTA,9,96,8.0,-4.6,-0.1,0.0,-0.006
Jarrell Brantley,2020-21,24,UTA,28,138,16.6,2.2,0.1,0.5,.172
Jarrell Brantley,2021-22,,Did not play - other pro league,,,,,,,
Jarrell Brantley,2022-23,26,UTA,4,39,18.5,3.5,0.1,0.1,.160
Jarrell Brantley,2023-24,,Did not play - other pro league,,,,,,,
Jim Brasco,1952-53,21,2TM,20,248,7.6,,,-0.2,-0.036
Jim Brasco,1952-53,21,SYR,10,111,5.1,,,-0.3,-0.119
Jim Brasco,1952-53,21,MLH,10,137,9.7,,,0.1,.031
Mike Bratz,1977-78,22,PHO,80,933,9.5,-4.0,-0.5,0.4,.022
Mike Bratz,1978-79,23,PHO,77,1297,12.6,-2.4,-0.1,1.7,.064
Mike Bratz,1979-80,24,PHO,82,1589,11.6,-2.5,-0.2,1.5,.046
Mike Bratz,1980-81,25,CLE,80,2595,11.5,-1.2,0.5,2.1,.038
Mike Bratz,1981-82,26,SAS,81,1616,14.2,-0.3,0.7,2.7,.081
Mike Bratz,1982-83,27,CHI,15,140,7.0,-4.6,-0.1,-0.1,-0.031
Mike Bratz,1983-84,28,GSW,82,1428,12.9,-1.2,0.3,1.9,.063
Mike Bratz,1984-85,29,GSW,56,746,12.8,-1.6,0.1,0.8,.050
Mike Bratz,1985-86,30,SAC,33,269,6.9,-4.3,-0.2,0.1,.016
Carl Braun,1947-48,20,NYK,47,,,,,6.2,
Carl Braun,1948-49,21,NYK,57,,,,,5.3,
Carl Braun,1949-50,22,NYK,67,,,,,7.2,
Carl Braun,1950-51,,Did not play - military service,,,,,,,
Carl Braun,1951-52,,Did not play - military service,,,,,,,
Carl Braun,1952-53,25,NYK,70,2316,17.5,,,9.0,.186
Carl Braun,1953-54,26,NYK,72,2373,17.9,,,8.6,.173
Carl Braun,1954-55,27,NYK,71,2479,14.9,,,4.7,.091
Carl Braun,1955-56,28,NYK,72,2316,15.3,,,3.6,.075
Carl Braun,1956-57,29,NYK,72,2345,13.9,,,3.7,.077
Carl Braun,1957-58,30,NYK,71,2475,17.5,,,7.6,.147
Carl Braun,1958-59,31,NYK,72,1959,15.2,,,4.5,.111
Carl Braun,1959-60,32,NYK,54,1514,15.0,,,3.0,.095
Carl Braun,1960-61,33,NYK,15,218,14.8,,,0.4,.097
Carl Braun,1961-62,34,BOS,48,414,10.8,,,0.5,.053
Christian Braun,2022-23,21,DEN,76,1181,10.3,-2.4,-0.1,1.9,.079
Christian Braun,2023-24,22,DEN,82,1655,12.1,-1.9,0.0,3.4,.100
Christian Braun,2024-25,23,DEN,79,2675,16.0,0.3,1.6,8.0,.144
Ignas Brazdeikis,2019-20,21,NYK,9,53,3.2,-9.0,-0.1,-0.1,-0.108
Ignas Brazdeikis,2020-21,22,3TM,13,249,9.5,-5.3,-0.2,0.1,.016
Ignas Brazdeikis,2020-21,22,NYK,4,7,11.2,-4.1,0.0,0.0,.039
Ignas Brazdeikis,2020-21,22,PHI,1,8,-12.0,-21.4,0.0,-0.1,-0.330
Ignas Brazdeikis,2020-21,22,ORL,8,234,10.2,-4.8,-0.2,0.1,.027
Ignas Brazdeikis,2021-22,23,ORL,42,536,10.2,-4.3,-0.3,0.5,.041
Tim Breaux,1994-95,24,HOU,42,340,8.9,-5.0,-0.3,0.0,.000
Tim Breaux,1995-96,25,HOU,54,570,6.2,-6.7,-0.7,-0.2,-0.021
Tim Breaux,1996-97,,Did not play - other pro league,,,,,,,
Tim Breaux,1997-98,27,MIL,6,30,11.6,-0.3,0.0,0.0,.028
J.R. Bremer,2002-03,22,BOS,64,1503,12.7,-0.5,0.6,3.0,.096
J.R. Bremer,2003-04,23,2TM,36,443,6.2,-5.2,-0.4,-0.5,-0.053
J.R. Bremer,2003-04,23,CLE,31,403,7.1,-4.2,-0.2,-0.2,-0.025
J.R. Bremer,2003-04,23,GSW,5,40,-3.5,-15.4,-0.1,-0.3,-0.340
Pete Brennan,1958-59,22,NYK,16,136,7.2,,,-0.1,-0.030
Tom Brennan,1952-53,,Did not play - military service,,,,,,,
Tom Brennan,1953-54,,Did not play - military service,,,,,,,
Tom Brennan,1954-55,24,PHW,11,52,5.7,,,0.1,.048
Randy Breuer,1983-84,23,MIL,57,472,9.2,-5.6,-0.4,0.3,.029
Randy Breuer,1984-85,24,MIL,78,1083,13.4,-0.5,0.4,3.0,.133
Randy Breuer,1985-86,25,MIL,82,1792,14.1,0.6,1.2,4.5,.120
Randy Breuer,1986-87,26,MIL,76,1467,12.3,-2.6,-0.2,2.4,.077
Randy Breuer,1987-88,27,MIL,81,2258,15.3,-0.1,1.1,5.1,.109
Randy Breuer,1988-89,28,MIL,48,513,13.8,-1.1,0.1,0.9,.083
Randy Breuer,1989-90,29,2TM,81,1879,13.0,-2.3,-0.2,2.0,.051
Randy Breuer,1989-90,29,MIL,30,554,11.6,-3.7,-0.2,0.6,.053
Randy Breuer,1989-90,29,MIN,51,1325,13.6,-1.8,0.1,1.4,.050
Randy Breuer,1990-91,30,MIN,73,1505,11.4,-2.4,-0.2,1.0,.031
Randy Breuer,1991-92,31,MIN,67,1176,14.3,0.2,0.7,1.7,.070
Randy Breuer,1992-93,32,ATL,12,107,11.1,-3.3,0.0,0.1,.052
Randy Breuer,1993-94,33,SAC,26,247,5.4,-4.7,-0.2,0.0,-0.007
Corey Brewer,2007-08,21,MIN,79,1803,8.3,-4.1,-1.0,-0.2,-0.005
Corey Brewer,2008-09,22,MIN,15,307,11.2,-1.5,0.0,0.3,.052
Corey Brewer,2009-10,23,MIN,82,2482,12.1,-2.2,-0.1,1.0,.020
Corey Brewer,2010-11,24,2TM,69,1510,11.0,-2.3,-0.1,1.1,.036
Corey Brewer,2010-11,24,MIN,56,1362,10.3,-2.8,-0.3,0.6,.023
Corey Brewer,2010-11,24,DAL,13,148,17.6,1.8,0.1,0.5,.163
Corey Brewer,2011-12,25,DEN,59,1287,13.7,-0.1,0.6,2.3,.085
Corey Brewer,2012-13,26,DEN,82,2003,14.7,0.4,1.2,3.9,.093
Corey Brewer,2013-14,27,MIN,81,2609,12.7,-0.2,1.2,5.2,.095
Corey Brewer,2014-15,28,2TM,80,2087,13.9,-1.0,0.5,3.1,.071
Corey Brewer,2014-15,28,MIN,24,680,13.8,-0.8,0.2,0.4,.028
Corey Brewer,2014-15,28,HOU,56,1407,14.0,-1.1,0.3,2.7,.091
Corey Brewer,2015-16,29,HOU,82,1669,9.9,-2.9,-0.4,1.2,.035
Corey Brewer,2016-17,30,2TM,82,1281,9.1,-2.7,-0.2,1.2,.045
Corey Brewer,2016-17,30,HOU,58,923,7.5,-3.4,-0.3,0.9,.045
Corey Brewer,2016-17,30,LAL,24,358,13.3,-1.0,0.1,0.3,.047
Corey Brewer,2017-18,31,2TM,72,1208,11.2,-1.3,0.2,2.3,.091
Corey Brewer,2017-18,31,LAL,54,694,8.9,-3.1,-0.2,0.7,.048
Corey Brewer,2017-18,31,OKC,18,514,14.2,1.1,0.4,1.6,.150
Corey Brewer,2018-19,32,2TM,31,492,11.6,-1.3,0.1,1.0,.095
Corey Brewer,2018-19,32,PHI,7,140,10.8,-3.6,-0.1,0.1,.044
Corey Brewer,2018-19,32,SAC,24,352,12.0,-0.4,0.1,0.8,.115
Corey Brewer,2019-20,33,SAC,5,33,8.7,-3.2,0.0,0.0,.064
Jamison Brewer,2001-02,21,IND,13,43,10.0,-1.0,0.0,0.0,.052
Jamison Brewer,2002-03,22,IND,10,80,13.4,-0.9,0.0,0.2,.106
Jamison Brewer,2003-04,23,IND,13,160,6.6,-1.5,0.0,0.0,.014
Jamison Brewer,2004-05,24,NYK,18,185,4.0,-4.2,-0.1,-0.3,-0.074
Jim Brewer,1973-74,22,CLE,82,1862,10.9,-2.3,-0.1,1.3,.032
Jim Brewer,1974-75,23,CLE,82,1991,14.6,0.9,1.5,4.4,.107
Jim Brewer,1975-76,24,CLE,82,2913,14.9,1.9,2.8,7.9,.130
Jim Brewer,1976-77,25,CLE,81,2672,12.7,1.3,2.2,5.8,.105
Jim Brewer,1977-78,26,CLE,80,1798,10.5,-0.8,0.6,2.6,.070
Jim Brewer,1978-79,27,2TM,80,1611,9.9,-1.5,0.2,1.3,.038
Jim Brewer,1978-79,27,CLE,55,1301,10.1,-1.2,0.3,1.0,.038
Jim Brewer,1978-79,27,DET,25,310,9.2,-2.4,0.0,0.3,.040
Jim Brewer,1979-80,28,POR,67,1016,11.3,0.7,0.7,2.0,.096
Jim Brewer,1980-81,29,LAL,78,1107,10.6,-0.5,0.4,2.2,.097
Jim Brewer,1981-82,30,LAL,71,966,10.1,-0.8,0.3,1.8,.088
Jim Brewer,1982-83,,Did not play - other pro league,,,,,,,
Jim Brewer,1983-84,,Did not play - other pro league,,,,,,,
Jim Brewer,1984-85,,Did not play - other pro league,,,,,,,
Ron Brewer,1978-79,23,POR,81,2454,14.2,0.7,1.7,5.6,.109
Ron Brewer,1979-80,24,POR,82,2815,13.2,-1.2,0.6,4.3,.074
Ron Brewer,1980-81,25,2TM,75,1452,12.0,-2.2,-0.1,1.4,.046
Ron Brewer,1980-81,25,POR,29,548,9.5,-3.9,-0.3,-0.1,-0.011
Ron Brewer,1980-81,25,SAS,46,904,13.5,-1.1,0.2,1.5,.080
Ron Brewer,1981-82,26,2TM,72,2319,15.9,-0.2,1.0,3.3,.068
Ron Brewer,1981-82,26,SAS,25,595,21.5,3.3,0.8,2.0,.158
Ron Brewer,1981-82,26,CLE,47,1724,14.0,-1.4,0.2,1.3,.037
Ron Brewer,1982-83,27,2TM,74,1964,11.5,-2.3,-0.2,1.6,.038
Ron Brewer,1982-83,27,CLE,21,563,10.8,-3.1,-0.2,0.2,.020
Ron Brewer,1982-83,27,GSW,53,1401,11.8,-2.0,0.0,1.3,.045
Ron Brewer,1983-84,28,2TM,53,992,9.6,-3.8,-0.5,0.3,.016
Ron Brewer,1983-84,28,GSW,13,210,8.6,-2.5,0.0,0.2,.038
Ron Brewer,1983-84,28,SAS,40,782,9.9,-4.2,-0.4,0.2,.011
Ron Brewer,1984-85,29,2TM,20,326,13.4,-1.0,0.1,0.8,.111
Ron Brewer,1984-85,29,SAS,9,81,6.9,-6.7,-0.1,0.0,-0.008
Ron Brewer,1984-85,29,NJN,11,245,15.5,0.9,0.2,0.8,.150
Ron Brewer,1985-86,30,2TM,44,570,8.8,-4.2,-0.3,0.1,.008
Ron Brewer,1985-86,30,CHI,4,18,-2.0,-16.8,-0.1,-0.1,-0.229
Ron Brewer,1985-86,30,CLE,40,552,9.1,-3.8,-0.3,0.2,.016
Ronnie Brewer,2006-07,21,UTA,56,675,15.2,1.2,0.6,1.7,.124
Ronnie Brewer,2007-08,22,UTA,76,2088,18.4,3.8,3.1,7.8,.178
Ronnie Brewer,2008-09,23,UTA,81,2605,16.1,1.5,2.3,6.8,.126
Ronnie Brewer,2009-10,24,2TM,58,1742,12.5,1.1,1.4,3.7,.103
Ronnie Brewer,2009-10,24,UTA,53,1662,12.8,1.3,1.4,3.8,.108
Ronnie Brewer,2009-10,24,MEM,5,80,5.9,-2.6,0.0,0.0,-0.010
Ronnie Brewer,2010-11,25,CHI,81,1781,13.8,2.4,2.0,5.4,.147
Ronnie Brewer,2011-12,26,CHI,66,1635,12.3,0.7,1.1,3.9,.113
Ronnie Brewer,2012-13,27,2TM,60,853,10.0,-0.7,0.3,1.1,.060
Ronnie Brewer,2012-13,27,NYK,46,711,10.2,-0.8,0.2,0.8,.057
Ronnie Brewer,2012-13,27,OKC,14,142,9.1,-0.6,0.1,0.2,.072
Ronnie Brewer,2013-14,28,2TM,24,160,3.4,-2.4,0.0,0.0,.004
Ronnie Brewer,2013-14,28,HOU,23,158,3.5,-2.3,0.0,0.0,.004
Ronnie Brewer,2013-14,28,CHI,1,2,0.0,-8.3,0.0,0.0,.029
Primož Brezec,2000-01,,Did not play - other pro league,,,,,,,
Primož Brezec,2001-02,22,IND,22,160,9.8,-3.9,-0.1,0.3,.096
Primož Brezec,2002-03,23,IND,22,111,10.9,-5.5,-0.1,0.1,.047
Primož Brezec,2003-04,24,IND,18,72,9.7,-5.1,-0.1,0.1,.040
Primož Brezec,2004-05,25,CHA,72,2276,16.1,-1.0,0.6,4.9,.104
Primož Brezec,2005-06,26,CHA,79,2165,15.3,-2.4,-0.2,4.6,.102
Primož Brezec,2006-07,27,CHA,58,838,9.7,-6.6,-1.0,0.7,.038
Primož Brezec,2007-08,28,3TM,50,475,5.4,-7.3,-0.6,0.2,.017
Primož Brezec,2007-08,28,CHA,20,267,1.5,-8.8,-0.5,-0.3,-0.054
Primož Brezec,2007-08,28,DET,17,98,10.8,-2.4,0.0,0.3,.148
Primož Brezec,2007-08,28,TOR,13,110,10.2,-8.1,-0.2,0.2,.072
Primož Brezec,2008-09,,Did not play - other pro league,,,,,,,
Primož Brezec,2009-10,30,2TM,21,95,4.9,-10.0,-0.2,0.0,-0.007
Primož Brezec,2009-10,30,PHI,7,36,0.4,-16.6,-0.1,-0.1,-0.113
Primož Brezec,2009-10,30,MIL,14,59,7.6,-6.0,-0.1,0.1,.057
Frankie Brian,1949-50,26,AND,64,,,,,9.2,
Frankie Brian,1950-51,27,TRI,68,,,,,5.6,
Frankie Brian,1951-52,28,FTW,66,2672,14.9,,,6.1,.110
Frankie Brian,1952-53,29,FTW,68,1910,12.2,,,3.0,.076
Frankie Brian,1953-54,30,FTW,64,973,15.8,,,2.7,.135
Frankie Brian,1954-55,31,FTW,71,1381,16.1,,,3.6,.127
Frankie Brian,1955-56,32,FTW,37,680,9.4,,,-0.2,-0.016
Frank Brickowski,1981-82,,Did not play - other pro league,,,,,,,
Frank Brickowski,1982-83,,Did not play - other pro league,,,,,,,
Frank Brickowski,1983-84,,Did not play - other pro league,,,,,,,
Frank Brickowski,1984-85,25,SEA,78,1115,10.5,-3.2,-0.3,1.0,.042
Frank Brickowski,1985-86,26,SEA,40,311,7.1,-4.0,-0.2,0.4,.058
Frank Brickowski,1986-87,27,2TM,44,487,10.2,-4.5,-0.3,1.1,.108
Frank Brickowski,1986-87,27,LAL,37,404,10.2,-4.3,-0.2,1.1,.127
Frank Brickowski,1986-87,27,SAS,7,83,10.2,-5.4,-0.1,0.0,.013
Frank Brickowski,1987-88,28,SAS,70,2227,16.0,-0.6,0.8,4.1,.088
Frank Brickowski,1988-89,29,SAS,64,1822,15.0,-0.5,0.7,3.6,.094
Frank Brickowski,1989-90,30,SAS,78,1438,13.3,0.2,0.8,3.8,.126
Frank Brickowski,1990-91,31,MIL,75,1912,16.4,0.1,1.0,4.7,.119
Frank Brickowski,1991-92,32,MIL,65,1556,15.5,-0.6,0.5,3.4,.105
Frank Brickowski,1992-93,33,MIL,66,2075,17.0,0.0,1.1,3.7,.085
Frank Brickowski,1993-94,34,2TM,71,2094,14.3,-1.5,0.3,2.7,.062
Frank Brickowski,1993-94,34,MIL,43,1441,14.7,-1.3,0.2,1.9,.065
Frank Brickowski,1993-94,34,CHH,28,653,13.4,-1.8,0.0,0.7,.055
Frank Brickowski,1994-95,,Did not play - injury,,,,,,,
Frank Brickowski,1995-96,36,SEA,63,986,8.6,-3.8,-0.4,1.6,.076
Frank Brickowski,1996-97,37,BOS,17,255,6.9,-5.6,-0.2,-0.1,-0.020
Junior Bridgeman,1975-76,22,MIL,81,1646,13.7,-1.9,0.0,2.1,.060
Junior Bridgeman,1976-77,23,MIL,82,2410,14.4,-1.1,0.6,3.6,.071
Junior Bridgeman,1977-78,24,MIL,82,1876,17.0,-0.1,0.9,4.0,.102
Junior Bridgeman,1978-79,25,MIL,82,1963,18.8,1.3,1.6,5.5,.134
Junior Bridgeman,1979-80,26,MIL,81,2316,17.1,0.3,1.4,6.1,.127
Junior Bridgeman,1980-81,27,MIL,77,2215,17.1,1.1,1.7,6.7,.146
Junior Bridgeman,1981-82,28,MIL,41,924,16.0,0.3,0.5,2.6,.136
Junior Bridgeman,1982-83,29,MIL,70,1855,16.1,0.1,1.0,4.8,.125
Junior Bridgeman,1983-84,30,MIL,81,2431,14.3,-0.8,0.7,5.1,.100
Junior Bridgeman,1984-85,31,LAC,80,2042,14.8,-1.4,0.3,3.1,.074
Junior Bridgeman,1985-86,32,LAC,58,1161,12.0,-3.0,-0.3,0.8,.033
Junior Bridgeman,1986-87,33,MIL,34,418,11.1,-3.1,-0.1,0.6,.069
Bill Bridges,1961-62,,Did not play - other pro league,,,,,,,
Bill Bridges,1962-63,23,STL,27,374,14.3,,,0.6,.079
Bill Bridges,1963-64,24,STL,80,1949,13.1,,,2.6,.064
Bill Bridges,1964-65,25,STL,79,2362,14.1,,,3.1,.063
Bill Bridges,1965-66,26,STL,78,2677,13.9,,,3.9,.070
Bill Bridges,1966-67,27,STL,79,3130,16.8,,,7.6,.117
Bill Bridges,1967-68,28,STL,82,3197,15.6,,,8.6,.129
Bill Bridges,1968-69,29,ATL,80,2930,15.4,,,6.7,.110
Bill Bridges,1969-70,30,ATL,82,3269,15.9,,,6.6,.097
Bill Bridges,1970-71,31,ATL,82,3140,13.8,,,3.9,.059
Bill Bridges,1971-72,32,2TM,78,2756,15.3,,,6.5,.113
Bill Bridges,1971-72,32,ATL,14,546,11.0,,,0.2,.016
Bill Bridges,1971-72,32,PHI,64,2210,16.4,,,6.3,.137
Bill Bridges,1972-73,33,2TM,82,2867,12.8,,,6.7,.113
Bill Bridges,1972-73,33,PHI,10,376,13.3,,,0.2,.028
Bill Bridges,1972-73,33,LAL,72,2491,12.7,,,6.5,.126
Bill Bridges,1973-74,34,LAL,65,1812,11.6,-1.7,0.2,2.8,.074
Bill Bridges,1974-75,35,2TM,32,415,9.8,-3.7,-0.2,0.2,.022
Bill Bridges,1974-75,35,LAL,17,307,9.6,-3.4,-0.1,0.1,.014
Bill Bridges,1974-75,35,GSW,15,108,10.6,-4.3,-0.1,0.1,.047
Jalen Bridges,2024-25,23,PHO,8,30,-0.1,-12.5,-0.1,-0.1,-0.178
Mikal Bridges,2018-19,22,PHO,82,2417,10.8,-1.6,0.3,2.9,.058
Mikal Bridges,2019-20,23,PHO,73,2042,12.9,0.8,1.5,4.8,.113
Mikal Bridges,2020-21,24,PHO,72,2348,16.4,3.3,3.1,8.0,.164
Mikal Bridges,2021-22,25,PHO,82,2854,14.4,1.6,2.6,8.9,.150
Mikal Bridges,2022-23,26,2TM,83,2963,16.8,1.7,2.8,7.5,.121
Mikal Bridges,2022-23,26,PHO,56,2040,14.8,1.0,1.6,4.9,.116
Mikal Bridges,2022-23,26,BRK,27,923,21.3,3.3,1.2,2.5,.133
Mikal Bridges,2023-24,27,BRK,82,2854,14.9,-0.4,1.2,4.2,.070
Mikal Bridges,2024-25,28,NYK,82,3036,14.0,-0.5,1.2,5.7,.090
Miles Bridges,2018-19,20,CHO,80,1696,13.1,-0.8,0.5,2.9,.083
Miles Bridges,2019-20,21,CHO,65,1995,12.1,-2.5,-0.3,1.6,.039
Miles Bridges,2020-21,22,CHO,66,1932,14.7,0.2,1.1,4.2,.105
Miles Bridges,2021-22,23,CHO,80,2837,17.9,1.5,2.5,7.2,.123
Miles Bridges,2022-23,,Did not play - sat out,,,,,,,
Miles Bridges,2023-24,25,CHO,69,2581,15.4,-1.1,0.6,2.2,.040
Miles Bridges,2024-25,26,CHO,64,2029,17.7,1.8,2.0,3.2,.075
Al Brightman,1946-47,23,BOS,58,,,,,0.4,
Amida Brimah,2020-21,26,IND,5,29,16.6,-4.8,0.0,0.0,.073
Aud Brindley,1946-47,23,NYK,12,,,,,0.2,
Isaiah Briscoe,2018-19,22,ORL,39,559,6.7,-5.0,-0.4,0.3,.023
John Brisker,1969-70,22,PTP,77,2173,22.3,,,6.3,.139
John Brisker,1970-71,23,PTC,79,3089,21.8,,,8.2,.128
John Brisker,1971-72,24,PTC,49,2065,19.9,,,3.1,.072
John Brisker,1972-73,25,SEA,70,1633,16.4,,,2.3,.069
John Brisker,1973-74,26,SEA,35,717,17.3,0.8,0.5,1.7,.115
John Brisker,1974-75,27,SEA,21,276,15.4,-2.3,0.0,0.5,.080
Oshae Brissett,2019-20,21,TOR,19,135,6.7,-5.3,-0.1,0.1,.043
Oshae Brissett,2020-21,22,IND,21,519,17.2,0.6,0.3,1.8,.165
Oshae Brissett,2021-22,23,IND,67,1564,12.9,-2.2,-0.1,2.2,.069
Oshae Brissett,2022-23,24,IND,65,1083,10.6,-3.2,-0.3,1.1,.050
Oshae Brissett,2023-24,25,BOS,55,630,12.8,-1.8,0.0,1.7,.131
Oshae Brissett,2024-25,26,PHI,6,142,9.8,-6.3,-0.1,0.1,.019
Allan Bristow,1973-74,22,PHI,55,643,15.0,-0.4,0.3,0.5,.039
Allan Bristow,1974-75,23,PHI,72,1101,14.7,-0.8,0.3,1.9,.082
Allan Bristow,1975-76,24,SAA,47,882,13.5,-0.3,0.4,1.9,.104
Allan Bristow,1976-77,25,SAS,82,2017,15.4,-0.4,0.8,4.3,.101
Allan Bristow,1977-78,26,SAS,82,1481,14.6,-0.7,0.5,2.8,.089
Allan Bristow,1978-79,27,SAS,74,1324,14.2,1.2,1.1,3.5,.126
Allan Bristow,1979-80,28,UTA,82,2304,16.6,0.6,1.5,4.4,.091
Allan Bristow,1980-81,29,UTA,82,2001,14.9,-0.2,0.9,2.7,.065
Allan Bristow,1981-82,30,DAL,82,2035,12.6,-0.5,0.8,2.5,.059
Allan Bristow,1982-83,31,DAL,37,371,10.2,-2.0,0.0,0.2,.030
Tyrone Britt,1967-68,23,SDR,11,84,9.5,,,0.0,-0.020
Wayman Britt,1976-77,,Did not play - waived,,,,,,,
Wayman Britt,1977-78,25,DET,7,16,13.5,-4.5,0.0,0.0,.046
Mike Brittain,1985-86,22,SAS,32,219,4.4,-7.6,-0.3,0.0,-0.010
Mike Brittain,1986-87,23,SAS,6,29,7.3,-8.2,0.0,0.0,-0.017
Dave Britton,1980-81,22,WSB,2,9,18.0,-4.0,0.0,0.0,.093
Izaiah Brockington,2023-24,24,NOP,1,3,26.6,-17.8,0.0,0.0,-0.177
Jon Brockman,2009-10,22,SAC,52,654,12.4,-3.0,-0.2,1.7,.125
Jon Brockman,2010-11,23,MIL,63,677,9.6,-3.9,-0.3,1.9,.132
Jon Brockman,2011-12,24,MIL,35,239,6.6,-6.5,-0.3,0.1,.023
Ryan Broekhoff,2018-19,28,DAL,42,453,10.7,-1.0,0.1,0.8,.086
Ryan Broekhoff,2019-20,29,DAL,17,180,13.1,0.8,0.1,0.4,.109
Jim Brogan,1981-82,23,SDC,63,1027,13.0,-1.0,0.3,0.8,.035
Jim Brogan,1982-83,24,SDC,58,466,13.4,-1.6,0.1,0.4,.043
Malcolm Brogdon,2016-17,24,MIL,75,1982,14.9,-0.4,0.8,4.1,.100
Malcolm Brogdon,2017-18,25,MIL,48,1436,14.3,-1.2,0.3,2.7,.091
Malcolm Brogdon,2018-19,26,MIL,64,1832,17.8,2.2,1.9,6.5,.171
Malcolm Brogdon,2019-20,27,IND,54,1666,17.7,1.8,1.6,4.0,.114
Malcolm Brogdon,2020-21,28,IND,56,1930,17.9,2.1,2.0,4.2,.105
Malcolm Brogdon,2021-22,29,IND,36,1206,18.0,2.3,1.3,2.7,.106
Malcolm Brogdon,2022-23,30,BOS,67,1744,18.2,2.8,2.1,5.8,.161
Malcolm Brogdon,2023-24,31,POR,39,1121,17.0,2.0,1.1,2.6,.111
Malcolm Brogdon,2024-25,32,WAS,24,564,15.8,-1.5,0.1,0.7,.061
Gary Brokaw,1974-75,21,MIL,73,1639,12.2,-2.6,-0.3,1.6,.047
Gary Brokaw,1975-76,22,MIL,75,1468,14.9,-1.6,0.2,1.9,.064
Gary Brokaw,1976-77,23,2TM,80,1487,13.5,-1.6,0.1,1.6,.052
Gary Brokaw,1976-77,23,MIL,41,891,11.7,-2.8,-0.2,0.3,.019
Gary Brokaw,1976-77,23,CLE,39,596,16.3,0.1,0.3,1.3,.101
Gary Brokaw,1977-78,24,BUF,13,130,13.3,-1.6,0.1,0.1,.053
Price Brookfield,1948-49,28,INJ,54,,,,,-0.3,
Price Brookfield,1949-50,29,ROC,7,,,,,0.5,
Clarence Brookins,1968-69,,Did not play - military service,,,,,,,
Clarence Brookins,1969-70,,Did not play - military service,,,,,,,
Clarence Brookins,1970-71,,FLO,8,59,7.7,,,-0.2,-0.153
Aaron Brooks,2007-08,23,HOU,51,608,13.1,-0.2,0.3,1.4,.112
Aaron Brooks,2008-09,24,HOU,80,1998,12.9,-0.9,0.6,3.6,.086
Aaron Brooks,2009-10,25,HOU,82,2919,16.0,0.7,1.9,5.5,.091
Aaron Brooks,2010-11,26,2TM,59,1284,13.1,-3.0,-0.3,1.1,.040
Aaron Brooks,2010-11,26,HOU,34,811,11.7,-4.1,-0.4,0.4,.023
Aaron Brooks,2010-11,26,PHO,25,473,15.6,-1.1,0.1,0.7,.070
Aaron Brooks,2011-12,,Did not play - other pro league,,,,,,,
Aaron Brooks,2012-13,28,2TM,53,997,11.8,-2.2,0.0,0.8,.041
Aaron Brooks,2012-13,28,SAC,46,959,12.1,-2.1,0.0,0.9,.045
Aaron Brooks,2012-13,28,HOU,7,38,5.6,-4.0,0.0,0.0,-0.063
Aaron Brooks,2013-14,29,2TM,72,1557,12.5,-1.0,0.4,2.2,.067
Aaron Brooks,2013-14,29,HOU,43,716,11.9,-0.4,0.3,1.1,.076
Aaron Brooks,2013-14,29,DEN,29,841,12.9,-1.5,0.1,1.0,.058
Aaron Brooks,2014-15,30,CHI,82,1885,14.4,-0.8,0.5,3.3,.083
Aaron Brooks,2015-16,31,CHI,69,1108,11.8,-2.6,-0.2,0.9,.040
Aaron Brooks,2016-17,32,IND,65,894,9.5,-3.7,-0.4,0.3,.016
Aaron Brooks,2017-18,33,MIN,32,189,9.8,-3.8,-0.1,0.1,.033
Armoni Brooks,2020-21,22,HOU,20,520,10.4,-3.2,-0.2,0.3,.030
Armoni Brooks,2021-22,23,2TM,54,844,8.4,-3.9,-0.4,0.2,.014
Armoni Brooks,2021-22,23,HOU,41,690,8.4,-4.4,-0.4,0.0,.002
Armoni Brooks,2021-22,23,TOR,13,154,8.6,-1.6,0.0,0.2,.067
Armoni Brooks,2022-23,,Did not play - other pro league,,,,,,,
Armoni Brooks,2023-24,25,BRK,10,104,8.3,-5.8,-0.1,0.0,-0.018
Dillon Brooks,2017-18,22,MEM,82,2350,9.8,-4.0,-1.2,1.2,.025
Dillon Brooks,2018-19,23,MEM,18,330,7.6,-6.3,-0.4,0.0,-0.004
Dillon Brooks,2019-20,24,MEM,73,2112,11.3,-4.1,-1.1,1.2,.027
Dillon Brooks,2020-21,25,MEM,67,1997,12.1,-3.7,-0.9,1.4,.033
Dillon Brooks,2021-22,26,MEM,32,885,15.5,-1.8,0.0,1.6,.087
Dillon Brooks,2022-23,27,MEM,73,2214,9.4,-3.9,-1.1,1.6,.034
Dillon Brooks,2023-24,28,HOU,72,2227,9.4,-3.6,-0.9,2.7,.058
Dillon Brooks,2024-25,29,HOU,75,2388,11.0,-1.4,0.4,5.1,.103
Keion Brooks Jr.,2024-25,24,NOP,14,332,12.8,-3.5,-0.1,0.4,.057
Kevin Brooks,1991-92,22,DEN,37,270,10.2,-3.8,-0.1,0.1,.025
Kevin Brooks,1992-93,23,DEN,55,571,8.4,-5.6,-0.5,0.0,.002
Kevin Brooks,1993-94,24,DEN,34,190,5.3,-9.6,-0.4,-0.2,-0.062
MarShon Brooks,2011-12,23,NJN,56,1648,12.9,-2.4,-0.2,0.8,.022
MarShon Brooks,2012-13,24,BRK,73,912,13.5,-1.7,0.1,1.3,.068
MarShon Brooks,2013-14,25,3TM,35,316,15.5,-1.1,0.1,0.4,.060
MarShon Brooks,2013-14,25,BOS,10,73,10.7,-2.2,0.0,0.0,.017
MarShon Brooks,2013-14,25,GSW,7,15,24.3,-1.6,0.0,0.0,.087
MarShon Brooks,2013-14,25,LAL,18,228,16.5,-0.7,0.1,0.3,.072
MarShon Brooks,2014-15,,Did not play - other pro league,,,,,,,
MarShon Brooks,2015-16,,Did not play - other pro league,,,,,,,
MarShon Brooks,2016-17,,Did not play - other pro league,,,,,,,
MarShon Brooks,2017-18,29,MEM,7,193,26.1,7.1,0.4,0.7,.179
MarShon Brooks,2018-19,30,MEM,29,387,11.6,-3.0,-0.1,0.1,.018
Michael Brooks,1980-81,22,SDC,82,2479,15.8,0.0,1.2,4.9,.095
Michael Brooks,1981-82,23,SDC,82,2750,16.1,0.2,1.5,4.5,.079
Michael Brooks,1982-83,24,SDC,82,2457,15.2,0.4,1.5,4.7,.091
Michael Brooks,1983-84,25,SDC,47,1405,14.0,-0.3,0.6,2.4,.081
Michael Brooks,1984-85,,Did not play - injury,,,,,,,
Michael Brooks,1985-86,,Did not play - injury,,,,,,,
Michael Brooks,1986-87,28,IND,10,148,6.4,-5.7,-0.1,0.0,-0.007
Michael Brooks,1987-88,29,DEN,16,133,9.6,-5.7,-0.1,0.0,.016
Michael Brooks,1988-89,,Did not play - other pro league,,,,,,,
Michael Brooks,1989-90,,Did not play - other pro league,,,,,,,
Michael Brooks,1990-91,,Did not play - other pro league,,,,,,,
Michael Brooks,1991-92,,Did not play - other pro league,,,,,,,
Michael Brooks,1992-93,,Did not play - other pro league,,,,,,,
Michael Brooks,1993-94,,Did not play - other pro league,,,,,,,
Michael Brooks,1994-95,,Did not play - other pro league,,,,,,,
Michael Brooks,1995-96,,Did not play - other pro league,,,,,,,
Scott Brooks,1988-89,23,PHI,82,1372,14.0,1.2,1.1,2.9,.103
Scott Brooks,1989-90,24,PHI,72,975,14.2,0.9,0.7,2.7,.131
Scott Brooks,1990-91,25,MIN,80,980,16.9,2.2,1.0,2.6,.127
Scott Brooks,1991-92,26,MIN,82,1082,16.0,1.2,0.9,2.1,.095
Scott Brooks,1992-93,27,HOU,82,1516,14.1,0.7,1.0,4.6,.145
Scott Brooks,1993-94,28,HOU,73,1225,12.2,-0.1,0.6,3.3,.131
Scott Brooks,1994-95,29,2TM,59,808,14.9,-0.2,0.4,1.9,.110
Scott Brooks,1994-95,29,HOU,28,186,17.3,0.6,0.1,0.5,.139
Scott Brooks,1994-95,29,DAL,31,622,14.1,-0.4,0.3,1.3,.102
Scott Brooks,1995-96,30,DAL,69,716,16.6,0.5,0.5,1.6,.110
Scott Brooks,1996-97,31,NYK,38,251,11.0,1.5,0.2,0.7,.136
Scott Brooks,1997-98,32,CLE,43,312,13.9,2.6,0.4,1.0,.157
Andre Brown,2006-07,25,SEA,38,271,11.1,-5.2,-0.2,0.0,-0.002
Andre Brown,2007-08,26,MEM,33,286,13.5,-4.7,-0.2,0.4,.068
Andre Brown,2008-09,27,CHA,4,41,-1.5,-14.2,-0.1,-0.1,-0.122
Anthony Brown,2015-16,23,LAL,29,599,4.9,-5.5,-0.5,-0.3,-0.024
Anthony Brown,2016-17,24,2TM,11,159,7.2,-4.4,-0.1,0.0,.001
Anthony Brown,2016-17,24,NOP,9,143,5.9,-4.5,-0.1,0.0,-0.007
Anthony Brown,2016-17,24,ORL,2,16,18.5,-3.2,0.0,0.0,.076
Anthony Brown,2017-18,25,MIN,1,4,41.9,30.5,0.0,0.0,.571
Bob Brown,1948-49,25,PRO,20,,,,,0.4,
Bob Brown,1949-50,26,DNN,62,,,,,1.2,
Bobby Brown,2008-09,24,2TM,68,931,8.9,-5.0,-0.7,-0.6,-0.029
Bobby Brown,2008-09,24,SAC,47,675,7.7,-6.1,-0.7,-0.7,-0.047
Bobby Brown,2008-09,24,MIN,21,256,11.9,-2.2,0.0,0.1,.017
Bobby Brown,2009-10,25,2TM,45,519,9.3,-5.3,-0.4,-0.5,-0.050
Bobby Brown,2009-10,25,NOH,22,328,10.0,-4.8,-0.2,-0.2,-0.026
Bobby Brown,2009-10,25,LAC,23,191,8.2,-6.2,-0.2,-0.4,-0.092
Bobby Brown,2010-11,,Did not play - other pro league,,,,,,,
Bobby Brown,2011-12,,Did not play - other pro league,,,,,,,
Bobby Brown,2012-13,,Did not play - other pro league,,,,,,,
Bobby Brown,2013-14,,Did not play - other pro league,,,,,,,
Bobby Brown,2014-15,,Did not play - other pro league,,,,,,,
Bobby Brown,2015-16,,Did not play - other pro league,,,,,,,
Bobby Brown,2016-17,32,HOU,25,123,10.8,-3.6,0.0,0.1,.040
Bobby Brown,2017-18,33,HOU,20,115,5.5,-7.2,-0.2,-0.2,-0.080
Bruce Brown,2018-19,22,DET,74,1449,6.9,-3.3,-0.5,1.5,.048
Bruce Brown,2019-20,23,DET,58,1634,11.9,-1.2,0.3,2.1,.062
Bruce Brown,2020-21,24,BRK,65,1451,16.1,-0.1,0.7,4.4,.144
Bruce Brown,2021-22,25,BRK,72,1774,15.0,0.7,1.2,4.8,.130
Bruce Brown,2022-23,26,DEN,80,2280,13.3,-0.5,0.9,4.3,.090
Bruce Brown,2023-24,27,2TM,67,1866,11.6,-3.3,-0.6,2.2,.058
Bruce Brown,2023-24,27,IND,33,981,12.2,-2.3,-0.1,1.5,.074
Bruce Brown,2023-24,27,TOR,34,885,10.9,-4.5,-0.5,0.7,.040
Bruce Brown,2024-25,28,2TM,41,922,10.9,-3.8,-0.4,0.7,.035
Bruce Brown,2024-25,28,TOR,18,353,12.3,-2.5,0.0,0.4,.060
Bruce Brown,2024-25,28,NOP,23,569,10.1,-4.6,-0.4,0.2,.020
Charlie Brown Jr.,2019-20,22,ATL,10,40,11.0,-2.5,0.0,0.0,-0.028
Charlie Brown Jr.,2020-21,23,OKC,9,152,4.1,-8.7,-0.3,-0.1,-0.032
Charlie Brown Jr.,2021-22,24,2TM,22,177,6.5,-4.8,-0.1,0.0,.012
Charlie Brown Jr.,2021-22,24,DAL,3,15,5.1,-2.6,0.0,0.0,-0.050
Charlie Brown Jr.,2021-22,24,PHI,19,162,6.6,-5.0,-0.1,0.1,.018
Charlie Brown Jr.,2022-23,,Did not play - other pro league,,,,,,,
Charlie Brown Jr.,2023-24,26,NYK,8,37,-3.2,-13.6,-0.1,-0.1,-0.124
Chaundee Brown Jr.,2021-22,23,2TM,5,104,6.4,-6.6,-0.1,0.0,.002
Chaundee Brown Jr.,2021-22,23,LAL,2,21,-8.7,-16.6,-0.1,-0.1,-0.306
Chaundee Brown Jr.,2021-22,23,ATL,3,83,10.3,-4.1,0.0,0.1,.080
Chucky Brown,1989-90,21,CLE,75,1339,11.9,-3.6,-0.6,2.2,.078
Chucky Brown,1990-91,22,CLE,74,1485,12.0,-3.4,-0.5,1.6,.052
Chucky Brown,1991-92,23,2TM,42,431,10.8,-3.5,-0.2,0.3,.036
Chucky Brown,1991-92,23,CLE,6,50,10.4,-1.8,0.0,0.1,.096
Chucky Brown,1991-92,23,LAL,36,381,10.8,-3.8,-0.2,0.2,.029
Chucky Brown,1992-93,24,NJN,77,1186,11.2,-2.1,0.0,2.2,.088
Chucky Brown,1993-94,25,DAL,1,10,10.8,-0.9,0.0,0.0,.183
Chucky Brown,1994-95,26,HOU,41,814,12.4,-2.4,-0.1,2.1,.123
Chucky Brown,1995-96,27,HOU,82,2019,13.7,-1.6,0.2,4.2,.101
Chucky Brown,1996-97,28,2TM,70,757,11.3,-1.6,0.1,1.6,.101
Chucky Brown,1996-97,28,PHO,10,83,11.6,-3.5,0.0,0.1,.075
Chucky Brown,1996-97,28,MIL,60,674,11.3,-1.4,0.1,1.5,.104
Chucky Brown,1997-98,29,ATL,77,1202,10.5,-3.4,-0.4,1.4,.056
Chucky Brown,1998-99,30,CHH,48,1192,11.6,-2.4,-0.1,1.6,.066
Chucky Brown,1999-00,31,2TM,63,1096,9.5,-3.0,-0.3,1.3,.059
Chucky Brown,1999-00,31,SAS,30,602,10.0,-2.1,0.0,0.9,.073
Chucky Brown,1999-00,31,CHH,33,494,8.9,-4.1,-0.3,0.4,.041
Chucky Brown,2000-01,32,2TM,26,339,9.7,-3.5,-0.1,0.4,.050
Chucky Brown,2000-01,32,GSW,6,74,13.4,-1.2,0.0,0.2,.098
Chucky Brown,2000-01,32,CLE,20,265,8.7,-4.1,-0.1,0.2,.036
Chucky Brown,2001-02,33,SAC,18,92,10.1,-2.8,0.0,0.1,.052
Damone Brown,2001-02,22,PHI,17,67,1.6,-11.1,-0.1,-0.1,-0.096
Damone Brown,2002-03,23,TOR,5,115,1.6,-9.2,-0.2,-0.2,-0.102
Damone Brown,2003-04,24,NJN,3,17,-4.3,-15.7,-0.1,-0.1,-0.345
Damone Brown,2004-05,25,WAS,14,152,7.4,-6.2,-0.2,-0.2,-0.073
Darrel Brown,1948-49,25,BLB,3,,,,,0.0,
Dee Brown,1990-91,22,BOS,82,1945,13.2,-0.9,0.5,3.5,.087
Dee Brown,1991-92,23,BOS,31,883,13.0,-1.6,0.1,1.0,.055
Dee Brown,1992-93,24,BOS,80,2254,17.2,3.0,2.8,6.4,.135
Dee Brown,1993-94,25,BOS,77,2867,16.0,1.5,2.5,6.4,.108
Dee Brown,1994-95,26,BOS,79,2792,15.7,2.1,2.9,6.8,.117
Dee Brown,1995-96,27,BOS,65,1591,13.7,-0.5,0.6,2.4,.073
Dee Brown,1996-97,28,BOS,21,522,11.3,-1.0,0.1,0.3,.030
Dee Brown,1997-98,29,2TM,72,1719,14.2,0.4,1.0,3.4,.095
Dee Brown,1997-98,29,BOS,41,811,11.4,-0.8,0.2,1.3,.078
Dee Brown,1997-98,29,TOR,31,908,16.8,1.6,0.8,2.1,.110
Dee Brown,1998-99,30,TOR,49,1377,13.9,0.7,1.0,2.5,.086
Dee Brown,1999-00,31,TOR,38,673,11.8,-0.5,0.3,0.8,.057
Dee Brown,2000-01,32,ORL,7,155,9.0,-2.4,0.0,0.2,.059
Dee Brown,2001-02,33,ORL,7,65,-3.2,-13.2,-0.2,-0.3,-0.214
Dee Brown,2006-07,22,UTA,49,450,8.6,-1.8,0.0,0.2,.024
Dee Brown,2007-08,,Did not play - other pro league,,,,,,,
Dee Brown,2008-09,24,2TM,19,261,6.6,-5.1,-0.2,-0.1,-0.018
Dee Brown,2008-09,24,WAS,17,233,7.8,-4.3,-0.1,0.0,-0.006
Dee Brown,2008-09,24,PHO,2,28,-2.9,-11.8,-0.1,-0.1,-0.116
Derrick Brown,2009-10,22,CHA,57,535,12.6,-0.6,0.2,1.3,.114
Derrick Brown,2010-11,23,2TM,49,576,12.9,-1.6,0.1,1.0,.083
Derrick Brown,2010-11,23,CHA,41,488,12.4,-1.6,0.0,0.8,.074
Derrick Brown,2010-11,23,NYK,8,88,16.0,-1.2,0.0,0.2,.130
Derrick Brown,2011-12,24,CHA,65,1443,14.7,-1.5,0.2,2.3,.076
Devin Brown,2002-03,24,2TM,10,93,6.9,-6.5,-0.1,-0.1,-0.043
Devin Brown,2002-03,24,SAS,7,22,13.8,-6.2,0.0,0.0,-0.023
Devin Brown,2002-03,24,DEN,3,71,4.8,-6.6,-0.1,-0.1,-0.050
Devin Brown,2003-04,25,SAS,58,627,13.1,-1.4,0.1,1.7,.133
Devin Brown,2004-05,26,SAS,67,1238,14.6,1.3,1.0,3.7,.145
Devin Brown,2005-06,27,UTA,81,1711,10.3,-3.3,-0.6,1.4,.041
Devin Brown,2006-07,28,NOK,58,1662,14.3,0.1,0.9,3.5,.102
Devin Brown,2007-08,29,CLE,78,1762,11.3,-2.1,-0.1,2.4,.064
Devin Brown,2008-09,30,NOH,63,869,9.7,-4.3,-0.5,0.1,.007
Devin Brown,2009-10,31,2TM,50,1060,10.0,-2.7,-0.2,0.4,.017
Devin Brown,2009-10,31,NOH,39,967,10.9,-2.2,0.0,0.6,.031
Devin Brown,2009-10,31,CHI,11,93,0.4,-8.3,-0.1,-0.3,-0.129
Ernest Brown,2000-01,,Did not play - other pro league,,,,,,,
Ernest Brown,2001-02,22,MIA,3,21,-9.7,-18.2,-0.1,-0.2,-0.349
Fred Brown,1971-72,23,SEA,33,359,8.5,,,-0.9,-0.115
Fred Brown,1972-73,24,SEA,79,2320,16.0,,,2.8,.057
Fred Brown,1973-74,25,SEA,82,2501,17.9,1.9,2.4,6.4,.123
Fred Brown,1974-75,26,SEA,81,2669,19.8,3.0,3.4,7.9,.142
Fred Brown,1975-76,27,SEA,76,2516,20.4,3.5,3.5,8.8,.167
Fred Brown,1976-77,28,SEA,72,2098,17.4,2.2,2.2,6.1,.140
Fred Brown,1977-78,29,SEA,72,1965,19.6,3.5,2.8,6.7,.163
Fred Brown,1978-79,30,SEA,77,1961,16.9,1.7,1.8,5.2,.127
Fred Brown,1979-80,31,SEA,80,1701,16.4,1.4,1.4,4.9,.138
Fred Brown,1980-81,32,SEA,78,1986,18.3,2.0,2.0,5.2,.127
Fred Brown,1981-82,33,SEA,82,1785,15.2,0.1,0.9,3.9,.104
Fred Brown,1982-83,34,SEA,80,1432,17.7,1.6,1.3,3.6,.120
Fred Brown,1983-84,35,SEA,71,1129,17.1,0.7,0.8,2.6,.111
George Brown,1957-58,22,MNL,1,6,-7.2,,,0.0,-0.308
Gerald Brown,1998-99,23,PHO,33,236,7.3,-6.7,-0.3,-0.3,-0.060
Greg Brown III,2021-22,20,POR,48,640,11.0,-4.7,-0.4,0.4,.029
Greg Brown III,2022-23,21,POR,16,93,5.8,-8.5,-0.2,-0.1,-0.074
Greg Brown III,2023-24,22,DAL,6,40,10.5,-4.4,0.0,0.0,.000
Harold Brown,1946-47,23,DTF,54,,,,,2.9,
Jabari Brown,2014-15,22,LAL,19,568,11.0,-4.3,-0.3,0.4,.033
Jaylen Brown,2016-17,20,BOS,78,1341,10.3,-3.7,-0.6,1.5,.053
Jaylen Brown,2017-18,21,BOS,70,2152,13.6,-0.5,0.8,4.5,.100
Jaylen Brown,2018-19,22,BOS,74,1913,13.5,-2.1,0.0,3.0,.076
Jaylen Brown,2019-20,23,BOS,57,1934,16.9,0.8,1.4,4.9,.123
Jaylen Brown,2020-21,24,BOS,58,1999,19.9,2.5,2.3,4.8,.115
Jaylen Brown,2021-22,25,BOS,66,2220,18.9,2.1,2.2,5.8,.124
Jaylen Brown,2022-23,26,BOS,67,2405,19.1,1.3,2.0,5.0,.100
Jaylen Brown,2023-24,27,BOS,70,2343,18.6,0.7,1.6,5.9,.121
Jaylen Brown,2024-25,28,BOS,63,2158,17.8,0.0,1.1,5.2,.115
John Brown,1973-74,22,ATL,77,1715,12.8,-3.2,-0.5,2.3,.063
John Brown,1974-75,23,ATL,73,1986,13.9,-0.6,0.7,4.2,.101
John Brown,1975-76,24,ATL,75,1758,12.6,-1.9,0.0,2.6,.072
John Brown,1976-77,25,ATL,77,1405,10.5,-2.3,-0.1,1.7,.058
John Brown,1977-78,26,ATL,75,1594,11.4,-1.7,0.1,3.7,.110
John Brown,1978-79,27,CHI,77,1265,9.4,-2.7,-0.2,1.7,.064
John Brown,1979-80,28,2TM,32,385,5.1,-5.9,-0.5,0.1,.012
John Brown,1979-80,28,UTA,4,24,-0.5,-5.7,-0.1,-0.1,-0.273
John Brown,1979-80,28,ATL,28,361,5.4,-5.9,-0.4,0.2,.031
John Brown,1980-81,,Did not play - other pro league,,,,,,,
Kedrick Brown,2001-02,20,BOS,29,245,11.9,0.8,0.2,0.4,.075
Kedrick Brown,2002-03,21,BOS,51,666,8.8,-4.0,-0.3,0.5,.037
Kedrick Brown,2003-04,22,2TM,55,969,12.5,0.5,0.6,2.0,.100
Kedrick Brown,2003-04,22,BOS,21,408,11.7,0.2,0.2,0.8,.097
Kedrick Brown,2003-04,22,CLE,34,561,13.0,0.6,0.4,1.2,.103
Kedrick Brown,2004-05,23,PHI,8,55,9.7,-1.6,0.0,0.1,.060
Kendall Brown,2022-23,19,IND,6,40,9.1,-2.9,0.0,0.1,.071
Kendall Brown,2023-24,20,IND,15,63,7.6,-6.8,-0.1,0.1,.045
Kobe Brown,2023-24,24,LAC,44,394,7.6,-3.8,-0.2,0.5,.055
Kobe Brown,2024-25,25,LAC,40,272,10.8,-2.1,0.0,0.5,.085
Kwame Brown,2001-02,19,WAS,57,817,11.2,-4.0,-0.4,0.8,.048
Kwame Brown,2002-03,20,WAS,80,1773,13.6,-2.2,-0.1,2.5,.069
Kwame Brown,2003-04,21,WAS,74,2239,15.7,-0.6,0.8,4.9,.105
Kwame Brown,2004-05,22,WAS,42,908,10.4,-4.2,-0.5,0.6,.032
Kwame Brown,2005-06,23,LAL,72,1978,11.7,-2.5,-0.3,3.6,.088
Kwame Brown,2006-07,24,LAL,41,1132,13.7,-0.3,0.5,1.9,.080
Kwame Brown,2007-08,25,2TM,38,713,10.1,-2.3,0.0,0.6,.043
Kwame Brown,2007-08,25,LAL,23,509,9.7,-1.9,0.0,0.5,.047
Kwame Brown,2007-08,25,MEM,15,204,11.1,-3.2,-0.1,0.1,.034
Kwame Brown,2008-09,26,DET,58,999,11.5,-2.5,-0.1,1.9,.093
Kwame Brown,2009-10,27,DET,48,660,7.9,-5.6,-0.6,-0.1,-0.009
Kwame Brown,2010-11,28,CHA,66,1714,12.8,-2.8,-0.3,3.5,.097
Kwame Brown,2011-12,29,GSW,9,187,11.1,-3.7,-0.1,0.1,.031
Kwame Brown,2012-13,30,PHI,22,269,8.8,-4.9,-0.2,0.4,.071
Larry Brown,1963-64,,Did not play - other pro league,,,,,,,
Larry Brown,1964-65,,Did not play - other pro league,,,,,,,
Larry Brown,1965-66,,Did not play - other,,,,,,,
Larry Brown,1966-67,,Did not play - other,,,,,,,
Larry Brown,1967-68,27,NOB,78,2807,10.5,,,6.6,.112
Larry Brown,1968-69,28,OAK,77,2381,11.6,,,5.8,.116
Larry Brown,1969-70,29,WSA,82,2766,12.1,,,5.1,.088
Larry Brown,1970-71,30,2TM,63,1343,9.2,,,2.4,.086
Larry Brown,1970-71,30,VIR,29,530,9.0,,,1.1,.104
Larry Brown,1970-71,30,DNR,34,813,9.3,,,1.3,.074
Larry Brown,1971-72,31,DNR,76,2012,12.6,,,5.0,.118
Leon Brown,1946-47,27,CLR,5,,,,,-0.1,
Lewis Brown,1977-78,,Did not play - other pro league,,,,,,,
Lewis Brown,1978-79,,Did not play - other pro league,,,,,,,
Lewis Brown,1979-80,,Did not play - other pro league,,,,,,,
Lewis Brown,1980-81,25,WSB,2,5,-18.6,-5.7,0.0,-0.1,-0.667
Lorenzo Brown,2013-14,23,PHI,26,224,8.2,-5.2,-0.2,-0.3,-0.068
Lorenzo Brown,2014-15,24,MIN,29,549,11.0,-2.5,-0.1,0.3,.025
Lorenzo Brown,2015-16,25,PHO,8,61,4.4,-8.4,-0.1,-0.2,-0.157
Lorenzo Brown,2016-17,,Did not play - other pro league,,,,,,,
Lorenzo Brown,2017-18,27,TOR,14,139,8.2,-2.5,0.0,0.2,.060
Lorenzo Brown,2018-19,28,TOR,26,212,6.3,-3.5,-0.1,-0.1,-0.027
Marcus Brown,1996-97,22,POR,21,184,12.9,-1.0,0.0,0.4,.105
Marcus Brown,1997-98,,Did not play - other pro league,,,,,,,
Marcus Brown,1998-99,,Did not play - injury,,,,,,,
Marcus Brown,1999-00,25,DET,6,45,1.1,-9.3,-0.1,-0.1,-0.095
Marcus Brown,2000-01,,Did not play - other pro league,,,,,,,
Marcus Brown,2001-02,,Did not play - other pro league,,,,,,,
Marcus Brown,2002-03,,Did not play - other pro league,,,,,,,
Marcus Brown,2003-04,,Did not play - other pro league,,,,,,,
Marcus Brown,2004-05,,Did not play - other pro league,,,,,,,
Marcus Brown,2005-06,,Did not play - other pro league,,,,,,,
Marcus Brown,2006-07,,Did not play - other pro league,,,,,,,
Marcus Brown,2007-08,,Did not play - other pro league,,,,,,,
Marcus Brown,2008-09,,Did not play - other pro league,,,,,,,
Marcus Brown,2009-10,,Did not play - other pro league,,,,,,,
Marcus Brown,2010-11,,Did not play - other pro league,,,,,,,
Markel Brown,2014-15,23,BRK,47,781,9.1,-2.6,-0.1,0.5,.031
Markel Brown,2015-16,24,BRK,62,982,11.3,-3.0,-0.3,0.6,.031
Markel Brown,2016-17,,Did not play - other pro league,,,,,,,
Markel Brown,2017-18,26,HOU,4,31,-1.2,-10.8,-0.1,0.0,-0.063
Mike Brown,1985-86,,Did not play - other pro league,,,,,,,
Mike Brown,1986-87,23,CHI,62,818,9.7,-5.1,-0.6,1.0,.060
Mike Brown,1987-88,24,CHI,46,591,10.0,-5.5,-0.5,0.7,.058
Mike Brown,1988-89,25,UTA,66,1051,8.4,-4.2,-0.6,1.4,.064
Mike Brown,1989-90,26,UTA,82,1397,12.8,-1.9,0.1,3.7,.128
Mike Brown,1990-91,27,UTA,82,1391,9.6,-3.1,-0.4,2.4,.083
Mike Brown,1991-92,28,UTA,82,1783,12.3,-2.3,-0.1,3.7,.100
Mike Brown,1992-93,29,UTA,82,1551,9.4,-4.3,-0.9,1.5,.047
Mike Brown,1993-94,30,MIN,82,1921,7.2,-3.4,-0.7,1.5,.038
Mike Brown,1994-95,31,MIN,27,213,1.8,-10.1,-0.4,-0.4,-0.097
Mike Brown,1995-96,32,PHI,9,162,7.3,-6.1,-0.2,0.1,.037
Mike Brown,1996-97,33,PHO,6,83,11.1,-2.7,0.0,0.2,.107
Mike Brown,1997-98,,Did not play - other pro league,,,,,,,
Mike Brown,1998-99,,Did not play - other pro league,,,,,,,
Mike Brown,1999-00,,Did not play - other pro league,,,,,,,
Mike Brown,2000-01,,Did not play - other pro league,,,,,,,
Moses Brown,2019-20,20,POR,9,33,6.7,-10.0,-0.1,0.0,-0.065
Moses Brown,2020-21,21,OKC,43,920,18.8,-2.4,-0.1,2.6,.138
Moses Brown,2021-22,22,2TM,40,345,18.5,-3.3,-0.1,1.2,.160
Moses Brown,2021-22,22,DAL,26,169,15.5,-4.8,-0.1,0.4,.111
Moses Brown,2021-22,22,CLE,14,176,21.4,-1.9,0.0,0.8,.207
Moses Brown,2022-23,23,2TM,36,294,22.2,-0.6,0.1,1.1,.179
Moses Brown,2022-23,23,LAC,34,288,22.7,-0.4,0.1,1.1,.185
Moses Brown,2022-23,23,BRK,2,6,-2.6,-9.9,0.0,0.0,-0.129
Moses Brown,2023-24,24,POR,22,200,14.5,-6.5,-0.2,0.2,.044
Moses Brown,2024-25,25,2TM,13,119,22.4,0.1,0.1,0.4,.146
Moses Brown,2024-25,25,IND,9,46,16.0,-5.2,0.0,0.0,.020
Moses Brown,2024-25,25,DAL,4,73,26.3,3.5,0.1,0.3,.225
Myron Brown,1991-92,22,MIN,4,23,14.7,-1.8,0.0,0.0,.032
P.J. Brown,1992-93,,Did not play - other pro league,,,,,,,
P.J. Brown,1993-94,24,NJN,79,1950,12.2,0.1,1.0,4.2,.105
P.J. Brown,1994-95,25,NJN,80,2466,12.1,-0.5,0.9,4.6,.090
P.J. Brown,1995-96,26,NJN,81,2942,12.6,-0.5,1.1,5.3,.087
P.J. Brown,1996-97,27,MIA,80,2592,13.8,0.1,1.3,7.5,.139
P.J. Brown,1997-98,28,MIA,74,2362,15.0,0.8,1.7,7.5,.152
P.J. Brown,1998-99,29,MIA,50,1611,15.8,0.8,1.2,5.1,.153
P.J. Brown,1999-00,30,MIA,80,2302,15.3,0.3,1.4,6.9,.143
P.J. Brown,2000-01,31,CHH,80,2811,13.3,-0.4,1.1,8.0,.137
P.J. Brown,2001-02,32,CHH,80,2563,15.1,0.3,1.5,8.2,.154
P.J. Brown,2002-03,33,NOH,78,2609,17.6,2.5,3.0,10.2,.188
P.J. Brown,2003-04,34,NOH,80,2753,15.7,0.7,1.9,8.1,.142
P.J. Brown,2004-05,35,NOH,82,2817,15.5,0.2,1.5,6.9,.118
P.J. Brown,2005-06,36,NOK,75,2380,12.7,-1.5,0.3,4.4,.088
P.J. Brown,2006-07,37,CHI,72,1456,9.7,-3.3,-0.5,2.3,.075
P.J. Brown,2007-08,38,BOS,18,209,10.2,-2.7,0.0,0.5,.116
Randy Brown,1991-92,23,SAC,56,535,11.5,-2.2,0.0,0.3,.028
Randy Brown,1992-93,24,SAC,75,1726,11.3,-1.3,0.3,1.9,.052
Randy Brown,1993-94,25,SAC,61,1041,9.3,-3.0,-0.3,0.4,.017
Randy Brown,1994-95,26,SAC,67,1086,11.8,0.4,0.6,1.6,.071
Randy Brown,1995-96,27,CHI,68,671,11.2,-0.2,0.3,1.5,.105
Randy Brown,1996-97,28,CHI,72,1057,13.0,0.0,0.5,2.4,.107
Randy Brown,1997-98,29,CHI,71,1147,10.1,-1.6,0.1,1.8,.075
Randy Brown,1998-99,30,CHI,39,1139,12.6,-1.4,0.2,1.0,.041
Randy Brown,1999-00,31,CHI,59,1625,7.3,-4.8,-1.2,-0.8,-0.024
Randy Brown,2000-01,32,BOS,54,1238,8.2,-3.1,-0.3,0.9,.034
Randy Brown,2001-02,33,BOS,1,6,8.6,4.2,0.0,0.0,.025
Randy Brown,2002-03,34,PHO,32,262,7.2,-3.2,-0.1,0.2,.031
Raymond Brown,1989-90,24,UTA,16,56,-0.9,-17.0,-0.2,-0.2,-0.200
Rickey Brown,1980-81,22,GSW,45,580,10.9,-2.9,-0.1,0.9,.075
Rickey Brown,1981-82,23,GSW,82,1260,11.2,-4.6,-0.8,1.8,.068
Rickey Brown,1982-83,24,2TM,76,1048,10.1,-5.4,-0.9,0.7,.034
Rickey Brown,1982-83,24,GSW,50,743,9.1,-6.0,-0.8,0.2,.016
Rickey Brown,1982-83,24,ATL,26,305,12.4,-3.8,-0.1,0.5,.077
Rickey Brown,1983-84,25,ATL,68,785,9.0,-4.4,-0.5,0.9,.056
Rickey Brown,1984-85,26,ATL,69,814,7.5,-4.1,-0.5,0.4,.024
Roger Brown,1967-68,25,INA,76,2974,18.0,,,7.3,.118
Roger Brown,1968-69,26,INA,75,2658,20.9,,,10.0,.181
Roger Brown,1969-70,27,INA,84,3495,20.6,,,13.3,.183
Roger Brown,1970-71,28,INA,82,3364,17.1,,,10.9,.155
Roger Brown,1971-72,29,INA,78,2987,17.0,,,9.3,.150
Roger Brown,1972-73,30,INA,72,2177,15.9,,,6.1,.136
Roger Brown,1973-74,31,INA,82,2527,13.5,0.9,1.8,6.5,.123
Roger Brown,1974-75,32,3TM,56,1272,12.4,0.1,0.7,1.8,.069
Roger Brown,1974-75,32,MMS,7,209,12.1,-1.4,0.0,0.1,.030
Roger Brown,1974-75,32,UTS,39,930,12.8,0.9,0.7,1.6,.085
Roger Brown,1974-75,32,INA,10,133,9.8,-2.9,0.0,0.1,.022
Roger Brown,1971-72,,Did not play - other pro league,,,,,,,
Roger Brown,1972-73,22,2TM,63,584,6.2,,,0.7,.060
Roger Brown,1972-73,22,LAL,1,5,-1.7,,,0.0,-0.040
Roger Brown,1972-73,22,CAR,62,579,6.3,,,0.7,.061
Roger Brown,1973-74,23,2TM,63,990,10.2,-2.9,-0.2,0.4,.017
Roger Brown,1973-74,23,SAA,2,26,15.5,-3.3,0.0,0.1,.163
Roger Brown,1973-74,23,VIR,61,964,10.0,-2.9,-0.2,0.3,.014
Roger Brown,1974-75,,Did not play - waived,,,,,,,
Roger Brown,1975-76,25,2TM,66,745,8.8,-2.4,0.0,0.9,.061
Roger Brown,1975-76,25,DNA,37,291,9.9,-1.3,0.1,0.6,.097
Roger Brown,1975-76,25,DET,29,454,8.0,-3.1,-0.1,0.4,.038
Roger Brown,1976-77,26,DET,43,322,8.7,-3.3,-0.1,0.2,.029
Roger Brown,1977-78,,Did not play - waived,,,,,,,
Roger Brown,1978-79,,Did not play - other pro league,,,,,,,
Roger Brown,1979-80,29,CHI,4,37,7.0,-3.3,0.0,0.1,.069
Shannon Brown,2006-07,21,CLE,23,202,7.5,-5.7,-0.2,0.1,.015
Shannon Brown,2007-08,22,2TM,21,240,6.3,-7.9,-0.4,-0.5,-0.102
Shannon Brown,2007-08,22,CLE,15,218,8.1,-5.9,-0.2,-0.2,-0.052
Shannon Brown,2007-08,22,CHI,6,22,-11.8,-27.4,-0.1,-0.3,-0.592
Shannon Brown,2008-09,23,2TM,48,477,12.9,-0.2,0.2,0.7,.067
Shannon Brown,2008-09,23,CHA,30,341,12.1,-0.7,0.1,0.3,.041
Shannon Brown,2008-09,23,LAL,18,136,15.0,1.2,0.1,0.4,.131
Shannon Brown,2009-10,24,LAL,82,1700,12.4,-0.4,0.7,3.4,.096
Shannon Brown,2010-11,25,LAL,82,1568,13.6,-0.8,0.5,3.1,.093
Shannon Brown,2011-12,26,PHO,59,1400,13.6,-1.0,0.3,1.6,.054
Shannon Brown,2012-13,27,PHO,59,1402,13.1,-1.6,0.2,1.2,.041
Shannon Brown,2013-14,28,2TM,29,251,4.7,-6.8,-0.3,-0.3,-0.050
Shannon Brown,2013-14,28,SAS,10,103,-0.5,-10.3,-0.2,-0.2,-0.102
Shannon Brown,2013-14,28,NYK,19,148,8.4,-4.3,-0.1,0.0,-0.013
Shannon Brown,2014-15,29,MIA,5,89,4.4,-6.8,-0.1,0.0,-0.016
Stan Brown,1947-48,18,PHW,19,,,,,0.3,
Stan Brown,1948-49,,Did not play - other pro league,,,,,,,
Stan Brown,1949-50,,Did not play - other pro league,,,,,,,
Stan Brown,1950-51,,Did not play -,,,,,,,
Stan Brown,1951-52,22,PHW,15,141,6.1,,,-0.1,-0.035
Sterling Brown,2017-18,22,MIL,54,776,9.1,-3.1,-0.2,0.7,.043
Sterling Brown,2018-19,23,MIL,58,1034,10.9,-1.5,0.1,2.1,.098
Sterling Brown,2019-20,24,MIL,52,767,9.5,-2.0,0.0,1.1,.070
Sterling Brown,2020-21,25,HOU,51,1229,11.1,-1.6,0.1,1.8,.071
Sterling Brown,2021-22,26,DAL,49,628,8.4,-2.9,-0.1,0.8,.061
Sterling Brown,2022-23,27,LAL,4,24,7.0,-3.3,0.0,0.0,.040
Sterling Brown,2023-24,,Did not play - other pro league,,,,,,,
Tierre Brown,2001-02,22,HOU,40,403,12.4,-3.3,-0.1,0.1,.006
Tierre Brown,2002-03,23,CLE,15,168,17.4,0.3,0.1,0.2,.044
Tierre Brown,2003-04,24,NOH,3,17,-9.2,-21.6,-0.1,-0.2,-0.497
Tierre Brown,2004-05,25,LAL,76,1066,9.5,-4.7,-0.7,-0.5,-0.021
Tony Brown,1984-85,24,IND,82,1586,10.8,-1.7,0.1,1.8,.054
Tony Brown,1985-86,25,CHI,10,132,11.5,-2.4,0.0,0.2,.067
Tony Brown,1986-87,26,NJN,77,2339,9.7,-2.8,-0.5,1.3,.026
Tony Brown,1987-88,,Did not play - injury,,,,,,,
Tony Brown,1988-89,28,2TM,43,365,10.3,-2.3,0.0,0.5,.071
Tony Brown,1988-89,28,HOU,14,91,4.7,-9.0,-0.2,-0.1,-0.064
Tony Brown,1988-89,28,MIL,29,274,12.2,-0.1,0.1,0.7,.116
Tony Brown,1989-90,29,MIL,61,635,8.2,-4.4,-0.4,0.0,.000
Tony Brown,1990-91,30,2TM,30,294,5.9,-6.3,-0.3,0.2,.026
Tony Brown,1990-91,30,LAL,7,27,-0.4,-7.7,0.0,0.0,-0.043
Tony Brown,1990-91,30,UTA,23,267,6.5,-6.1,-0.3,0.2,.033
Tony Brown,1991-92,31,2TM,57,655,11.4,-2.3,0.0,0.9,.069
Tony Brown,1991-92,31,LAC,22,254,10.5,-2.7,0.0,0.3,.064
Tony Brown,1991-92,31,SEA,35,401,11.9,-2.0,0.0,0.6,.073
Troy Brown Jr.,2018-19,19,WAS,52,730,11.1,-2.7,-0.1,0.6,.039
Troy Brown Jr.,2019-20,20,WAS,69,1782,13.7,-1.2,0.3,2.4,.065
Troy Brown Jr.,2020-21,21,2TM,34,524,8.5,-4.0,-0.3,0.5,.043
Troy Brown Jr.,2020-21,21,WAS,21,287,6.3,-5.5,-0.3,-0.1,-0.009
Troy Brown Jr.,2020-21,21,CHI,13,237,11.2,-2.2,0.0,0.5,.107
Troy Brown Jr.,2021-22,22,CHI,66,1055,10.1,-1.8,0.1,1.4,.065
Troy Brown Jr.,2022-23,23,LAL,76,1860,9.6,-1.0,0.5,2.9,.075
Troy Brown Jr.,2023-24,24,2TM,59,827,8.8,-2.6,-0.1,0.8,.048
Troy Brown Jr.,2023-24,24,MIN,37,410,11.6,0.4,0.2,1.0,.118
Troy Brown Jr.,2023-24,24,DET,22,417,5.9,-5.5,-0.4,-0.2,-0.021
Jim Browne,1948-49,19,CHS,4,,,,,0.1,
Jim Browne,1949-50,20,DNN,31,,,,,0.0,
Stanley Brundy,1989-90,22,NJN,16,128,10.1,-3.1,0.0,0.2,.057
Brian Brunkhorst,1968-69,23,LAS,3,56,16.7,,,0.2,.202
George Bruns,1972-73,26,NYA,13,236,9.6,,,0.3,.066
Jalen Brunson,2018-19,22,DAL,73,1591,12.8,-1.7,0.1,2.6,.077
Jalen Brunson,2019-20,23,DAL,57,1022,14.9,-0.9,0.3,2.1,.101
Jalen Brunson,2020-21,24,DAL,68,1697,17.1,0.9,1.2,5.1,.143
Jalen Brunson,2021-22,25,DAL,79,2524,17.1,0.9,1.9,7.5,.143
Jalen Brunson,2022-23,26,NYK,68,2379,21.2,3.9,3.5,8.7,.175
Jalen Brunson,2023-24,27,NYK,77,2726,23.4,5.8,5.4,11.2,.198
Jalen Brunson,2024-25,28,NYK,65,2301,21.6,3.3,3.1,8.3,.172
Rick Brunson,1997-98,25,POR,38,622,9.6,-2.4,-0.1,0.6,.048
Rick Brunson,1998-99,26,NYK,17,95,6.2,-3.3,0.0,-0.2,-0.105
Rick Brunson,1999-00,27,NYK,37,289,7.0,-4.8,-0.2,-0.1,-0.018
Rick Brunson,2000-01,28,2TM,22,208,6.3,-5.1,-0.2,-0.2,-0.039
Rick Brunson,2000-01,28,BOS,7,142,5.6,-5.1,-0.1,-0.1,-0.043
Rick Brunson,2000-01,28,NYK,15,66,7.8,-5.0,0.0,0.0,-0.030
Rick Brunson,2001-02,29,POR,59,520,12.2,-1.1,0.1,0.7,.066
Rick Brunson,2002-03,30,CHI,17,196,13.4,-1.0,0.1,0.3,.070
Rick Brunson,2003-04,31,2TM,40,412,13.1,-0.1,0.2,0.6,.075
Rick Brunson,2003-04,31,TOR,3,10,18.3,6.3,0.0,0.0,.148
Rick Brunson,2003-04,31,CHI,37,402,12.9,-0.2,0.2,0.6,.073
Rick Brunson,2004-05,32,LAC,80,1945,11.6,-0.8,0.6,1.9,.048
Rick Brunson,2005-06,33,2TM,27,246,6.3,-5.2,-0.2,-0.1,-0.025
Rick Brunson,2005-06,33,SEA,4,31,7.8,-7.2,0.0,0.0,-0.058
Rick Brunson,2005-06,33,HOU,23,215,6.1,-4.9,-0.2,-0.1,-0.020
Nicolás Brussino,2016-17,23,DAL,54,521,10.7,-1.6,0.1,0.6,.055
Nicolás Brussino,2017-18,24,ATL,4,10,-4.6,-11.3,0.0,0.0,-0.180
Elijah Bryant,2020-21,25,MIL,1,32,10.6,-7.3,0.0,0.0,.008
Em Bryant,1964-65,26,NYK,77,1332,7.1,,,-0.7,-0.026
Em Bryant,1965-66,27,NYK,71,1193,13.1,,,2.0,.079
Em Bryant,1966-67,28,NYK,63,1593,10.0,,,0.1,.003
Em Bryant,1967-68,29,NYK,77,968,8.0,,,0.5,.024
Em Bryant,1968-69,30,BOS,80,1388,8.8,,,1.9,.066
Em Bryant,1969-70,31,BOS,71,1617,11.1,,,1.7,.051
Em Bryant,1970-71,32,BUF,73,2137,11.6,,,2.1,.047
Em Bryant,1971-72,33,BUF,54,1223,9.7,,,1.1,.044
Joe Bryant,1975-76,21,PHI,75,1203,13.3,-2.7,-0.2,1.3,.052
Joe Bryant,1976-77,22,PHI,61,612,14.1,-0.5,0.2,1.2,.093
Joe Bryant,1977-78,23,PHI,81,1236,12.6,-0.9,0.3,2.2,.086
Joe Bryant,1978-79,24,PHI,70,1064,13.1,-2.6,-0.2,1.5,.067
Joe Bryant,1979-80,25,SDC,81,2328,11.1,-2.5,-0.3,1.8,.038
Joe Bryant,1980-81,26,SDC,82,2359,12.8,-1.7,0.2,3.4,.069
Joe Bryant,1981-82,27,SDC,75,1988,12.8,-2.0,0.0,1.5,.036
Joe Bryant,1982-83,28,HOU,81,2055,10.4,-3.5,-0.8,0.0,-0.001
Kobe Bryant,1996-97,18,LAL,71,1103,14.4,-0.1,0.5,1.8,.079
Kobe Bryant,1997-98,19,LAL,79,2056,18.5,1.4,1.8,6.3,.147
Kobe Bryant,1998-99,20,LAL,50,1896,18.9,2.1,1.9,5.2,.130
Kobe Bryant,1999-00,21,LAL,66,2524,21.7,5.1,4.5,10.6,.202
Kobe Bryant,2000-01,22,LAL,68,2783,24.5,4.8,4.7,11.3,.196
Kobe Bryant,2001-02,23,LAL,80,3063,23.2,4.6,5.2,12.7,.199
Kobe Bryant,2002-03,24,LAL,82,3401,26.2,7.1,7.7,14.9,.210
Kobe Bryant,2003-04,25,LAL,65,2447,23.7,5.6,4.7,10.7,.210
Kobe Bryant,2004-05,26,LAL,66,2689,23.3,5.0,4.7,8.1,.145
Kobe Bryant,2005-06,27,LAL,80,3277,28.0,7.6,8.0,15.3,.224
Kobe Bryant,2006-07,28,LAL,77,3140,26.1,5.9,6.1,13.0,.199
Kobe Bryant,2007-08,29,LAL,82,3192,24.2,5.8,6.3,13.8,.208
Kobe Bryant,2008-09,30,LAL,82,2960,24.4,5.9,5.9,12.7,.206
Kobe Bryant,2009-10,31,LAL,73,2835,21.9,4.1,4.4,9.4,.160
Kobe Bryant,2010-11,32,LAL,82,2779,23.9,5.2,5.0,10.3,.178
Kobe Bryant,2011-12,33,LAL,58,2232,21.9,3.3,2.9,6.2,.132
Kobe Bryant,2012-13,34,LAL,78,3013,23.0,4.6,5.0,10.9,.174
Kobe Bryant,2013-14,35,LAL,6,177,10.7,-5.1,-0.1,-0.4,-0.097
Kobe Bryant,2014-15,36,LAL,35,1207,17.6,0.3,0.7,0.2,.006
Kobe Bryant,2015-16,37,LAL,66,1863,14.9,-1.6,0.2,-0.4,-0.010
Mark Bryant,1988-89,23,POR,56,803,9.1,-4.2,-0.5,1.1,.063
Mark Bryant,1989-90,24,POR,58,562,9.1,-3.1,-0.2,1.0,.088
Mark Bryant,1990-91,25,POR,53,781,11.2,-2.4,-0.1,2.1,.129
Mark Bryant,1991-92,26,POR,56,800,11.3,-1.4,0.1,2.1,.125
Mark Bryant,1992-93,27,POR,80,1396,11.2,-3.0,-0.3,3.2,.111
Mark Bryant,1993-94,28,POR,79,1441,9.9,-3.6,-0.6,2.3,.076
Mark Bryant,1994-95,29,POR,49,658,13.2,-1.3,0.1,1.6,.116
Mark Bryant,1995-96,30,HOU,71,1587,13.1,-3.7,-0.7,3.6,.107
Mark Bryant,1996-97,31,PHO,41,1018,13.3,-2.3,-0.1,2.3,.109
Mark Bryant,1997-98,32,PHO,70,1110,10.2,-3.1,-0.3,2.5,.109
Mark Bryant,1998-99,33,CHI,45,1204,12.1,-3.4,-0.4,1.5,.060
Mark Bryant,1999-00,34,CLE,75,1712,8.9,-3.5,-0.7,2.4,.067
Mark Bryant,2000-01,35,DAL,18,101,2.1,-9.2,-0.2,0.0,.005
Mark Bryant,2001-02,36,SAS,30,206,11.5,-2.8,0.0,0.6,.133
Mark Bryant,2002-03,37,3TM,16,100,0.4,-10.2,-0.2,-0.1,-0.068
Mark Bryant,2002-03,37,PHI,11,77,1.5,-9.4,-0.1,-0.1,-0.057
Mark Bryant,2002-03,37,DEN,3,14,-5.0,-15.1,0.0,0.0,-0.161
Mark Bryant,2002-03,37,BOS,2,9,-1.1,-9.6,0.0,0.0,-0.019
Thomas Bryant,2017-18,20,LAL,15,72,9.9,-3.3,0.0,0.1,.050
Thomas Bryant,2018-19,21,WAS,72,1496,21.0,2.0,1.5,5.6,.178
Thomas Bryant,2019-20,22,WAS,46,1147,21.1,2.2,1.2,3.9,.164
Thomas Bryant,2020-21,23,WAS,10,271,18.7,0.9,0.2,1.0,.171
Thomas Bryant,2021-22,24,WAS,27,439,16.6,-1.0,0.1,1.1,.118
Thomas Bryant,2022-23,25,2TM,59,1081,19.7,0.6,0.7,4.1,.183
Thomas Bryant,2022-23,25,LAL,41,876,21.5,2.3,0.9,3.8,.211
Thomas Bryant,2022-23,25,DEN,18,205,11.8,-6.6,-0.2,0.3,.066
Thomas Bryant,2023-24,26,MIA,38,441,19.0,-0.4,0.2,1.6,.177
Thomas Bryant,2024-25,27,2TM,66,963,17.2,0.6,0.6,3.1,.152
Thomas Bryant,2024-25,27,MIA,10,115,15.8,0.0,0.1,0.4,.171
Thomas Bryant,2024-25,27,IND,56,848,17.4,0.7,0.6,2.6,.150
Wallace Bryant,1982-83,,Did not play - other pro league,,,,,,,
Wallace Bryant,1983-84,24,CHI,29,317,9.6,-5.4,-0.3,0.0,-0.001
Wallace Bryant,1984-85,25,DAL,56,860,10.3,-0.7,0.3,1.3,.073
Wallace Bryant,1985-86,26,2TM,17,218,5.9,-5.7,-0.2,0.0,-0.004
Wallace Bryant,1985-86,26,DAL,9,154,5.3,-5.4,-0.1,0.0,.000
Wallace Bryant,1985-86,26,LAC,8,64,7.2,-6.2,-0.1,0.0,-0.015
Torgeir Bryn,1989-90,25,LAC,3,10,9.1,-6.0,0.0,0.0,.065
George Bucci,1975-76,22,NYA,33,237,13.0,-3.1,-0.1,0.1,.029
Shaq Buchanan,2021-22,25,MEM,2,10,0.6,-10.7,0.0,0.0,-0.230
Joe Buckhalter,1958-59,,Did not play - other,,,,,,,
Joe Buckhalter,1959-60,,Did not play - other,,,,,,,
Joe Buckhalter,1960-61,,Did not play - other,,,,,,,
Joe Buckhalter,1961-62,24,CIN,63,728,14.6,,,1.2,.082
Joe Buckhalter,1962-63,25,CIN,2,12,-2.8,,,-0.1,-0.329
Steve Bucknall,1989-90,23,LAL,18,75,0.0,-13.3,-0.2,-0.3,-0.199
Cleveland Buckner,1961-62,23,NYK,62,696,15.9,,,1.3,.087
Cleveland Buckner,1962-63,24,NYK,6,27,14.0,,,0.1,.102
Greg Buckner,1998-99,,Did not play - other pro league,,,,,,,
Greg Buckner,1999-00,23,DAL,48,923,12.1,-1.5,0.1,1.8,.094
Greg Buckner,2000-01,24,DAL,37,820,12.1,-0.5,0.3,2.0,.118
Greg Buckner,2001-02,25,DAL,44,885,13.3,0.2,0.5,2.3,.126
Greg Buckner,2002-03,26,PHI,75,1514,11.6,-0.8,0.5,3.1,.100
Greg Buckner,2003-04,27,PHI,53,703,7.4,-3.5,-0.3,0.3,.024
Greg Buckner,2004-05,28,DEN,70,1522,13.7,1.4,1.3,4.8,.153
Greg Buckner,2005-06,29,DEN,73,1758,11.4,0.5,1.1,3.8,.103
Greg Buckner,2006-07,30,DAL,76,1372,7.8,-1.7,0.1,2.2,.076
Greg Buckner,2007-08,31,MIN,31,520,7.2,-4.1,-0.3,0.1,.008
Greg Buckner,2008-09,32,MEM,63,878,6.3,-4.0,-0.4,0.3,.019
Quinn Buckner,1976-77,22,MIL,79,2095,13.5,-0.4,0.9,1.5,.035
Quinn Buckner,1977-78,23,MIL,82,2072,14.4,0.1,1.1,3.2,.073
Quinn Buckner,1978-79,24,MIL,81,1757,13.6,-0.1,0.9,2.0,.055
Quinn Buckner,1979-80,25,MIL,67,1690,16.5,1.7,1.6,4.4,.125
Quinn Buckner,1980-81,26,MIL,82,2384,15.1,0.8,1.7,5.4,.108
Quinn Buckner,1981-82,27,MIL,70,2156,14.4,0.9,1.6,4.6,.103
Quinn Buckner,1982-83,28,BOS,72,1565,11.5,-1.4,0.2,1.6,.048
Quinn Buckner,1983-84,29,BOS,79,1249,9.4,-1.8,0.1,1.3,.052
Quinn Buckner,1984-85,30,BOS,75,858,7.5,-3.1,-0.3,0.5,.027
Quinn Buckner,1985-86,31,IND,32,419,9.9,-1.6,0.0,0.2,.020
Dave Budd,1960-61,22,NYK,61,1075,10.7,,,1.2,.055
Dave Budd,1961-62,23,NYK,79,1370,11.8,,,2.3,.081
Dave Budd,1962-63,24,NYK,78,1725,13.8,,,4.1,.113
Dave Budd,1963-64,25,NYK,73,1031,11.3,,,0.9,.041
Dave Budd,1964-65,26,NYK,62,1188,15.2,,,3.2,.130
Chase Budinger,2009-10,21,HOU,74,1488,14.1,0.5,0.9,3.1,.100
Chase Budinger,2010-11,22,HOU,78,1738,14.2,-0.2,0.8,3.4,.095
Chase Budinger,2011-12,23,HOU,58,1298,14.9,1.2,1.0,3.0,.111
Chase Budinger,2012-13,24,MIN,23,508,12.6,-1.4,0.1,0.7,.066
Chase Budinger,2013-14,25,MIN,41,751,9.7,-2.5,-0.1,0.9,.059
Chase Budinger,2014-15,26,MIN,67,1286,12.2,-1.8,0.0,1.3,.049
Chase Budinger,2015-16,27,2TM,66,929,10.7,-1.3,0.2,1.4,.073
Chase Budinger,2015-16,27,IND,49,729,11.1,-0.7,0.2,1.3,.084
Chase Budinger,2015-16,27,PHO,17,200,9.2,-3.4,-0.1,0.1,.034
Chase Budinger,2016-17,,Did not play - other pro league,,,,,,,
Walt Budko,1948-49,23,BLB,60,,,,,5.6,
Walt Budko,1949-50,24,BLB,66,,,,,2.7,
Walt Budko,1950-51,25,BLB,64,,,,,4.0,
Walt Budko,1951-52,26,PHW,63,1126,10.3,,,1.5,.065
Jud Buechler,1990-91,22,NJN,74,859,10.0,-2.1,0.0,1.2,.065
Jud Buechler,1991-92,23,3TM,28,290,10.1,0.0,0.2,0.4,.061
Jud Buechler,1991-92,23,NJN,2,29,11.8,2.9,0.0,0.0,.079
Jud Buechler,1991-92,23,SAS,11,140,10.0,-0.3,0.1,0.3,.089
Jud Buechler,1991-92,23,GSW,15,121,9.8,-0.4,0.1,0.1,.024
Jud Buechler,1992-93,24,GSW,70,1287,11.5,-1.0,0.3,1.8,.067
Jud Buechler,1993-94,25,GSW,36,218,14.9,-0.7,0.1,0.5,.112
Jud Buechler,1994-95,26,CHI,57,605,13.8,0.3,0.4,1.5,.122
Jud Buechler,1995-96,27,CHI,74,740,14.1,1.7,0.7,2.3,.148
Jud Buechler,1996-97,28,CHI,76,703,9.8,-0.9,0.2,1.2,.082
Jud Buechler,1997-98,29,CHI,74,608,14.1,2.8,0.7,1.9,.151
Jud Buechler,1998-99,30,DET,50,1056,12.2,2.1,1.1,2.9,.131
Jud Buechler,1999-00,31,DET,58,657,8.2,-0.7,0.2,0.5,.037
Jud Buechler,2000-01,32,DET,57,737,9.9,-0.9,0.2,1.5,.098
Jud Buechler,2001-02,33,2TM,66,684,7.8,-2.2,0.0,0.8,.059
Jud Buechler,2001-02,33,PHO,6,54,5.1,-3.8,0.0,0.1,.064
Jud Buechler,2001-02,33,ORL,60,630,8.0,-2.1,0.0,0.8,.058
Kobe Bufkin,2023-24,20,ATL,17,196,9.1,-4.5,-0.1,-0.1,-0.031
Kobe Bufkin,2024-25,21,ATL,10,124,10.5,-4.0,-0.1,0.0,.018
Rodney Buford,1999-00,22,MIA,34,386,11.2,-3.0,-0.1,0.6,.072
Rodney Buford,2000-01,23,PHI,47,573,11.3,-2.9,-0.1,0.8,.071
Rodney Buford,2001-02,24,MEM,63,1769,10.1,-4.2,-1.0,0.8,.022
Rodney Buford,2002-03,,Did not play - other pro league,,,,,,,
Rodney Buford,2003-04,26,SAC,22,141,6.2,-7.2,-0.2,-0.2,-0.063
Rodney Buford,2004-05,27,NJN,64,1313,9.5,-3.5,-0.5,0.8,.030
Matt Bullard,1990-91,23,HOU,18,63,17.2,-2.0,0.0,0.2,.147
Matt Bullard,1991-92,24,HOU,80,1278,12.6,-0.6,0.5,2.4,.089
Matt Bullard,1992-93,25,HOU,79,1356,13.6,0.5,0.8,3.4,.119
Matt Bullard,1993-94,26,HOU,65,725,8.8,-1.8,0.0,1.0,.068
Matt Bullard,1994-95,,Did not play - other pro league,,,,,,,
Matt Bullard,1995-96,28,ATL,46,460,11.5,-1.6,0.0,0.6,.065
Matt Bullard,1996-97,29,HOU,71,1025,10.3,-0.3,0.4,1.7,.080
Matt Bullard,1997-98,30,HOU,67,1190,13.8,1.3,1.0,2.5,.102
Matt Bullard,1998-99,31,HOU,41,413,9.6,-1.3,0.1,0.5,.052
Matt Bullard,1999-00,32,HOU,56,1024,11.9,-0.3,0.4,1.8,.087
Matt Bullard,2000-01,33,HOU,61,1000,13.0,1.5,0.9,2.6,.125
Matt Bullard,2001-02,34,CHH,31,350,6.8,-4.7,-0.2,0.1,.016
Reggie Bullock,2013-14,22,LAC,43,395,6.7,-3.3,-0.1,0.2,.019
Reggie Bullock,2014-15,23,2TM,36,338,6.2,-3.2,-0.1,0.1,.019
Reggie Bullock,2014-15,23,LAC,25,263,8.8,-1.2,0.1,0.4,.074
Reggie Bullock,2014-15,23,PHO,11,75,-3.1,-10.2,-0.2,-0.3,-0.173
Reggie Bullock,2015-16,24,DET,37,429,12.0,0.8,0.3,1.2,.134
Reggie Bullock,2016-17,25,DET,31,467,11.7,0.3,0.3,1.0,.101
Reggie Bullock,2017-18,26,DET,62,1732,13.6,0.7,1.2,4.2,.117
Reggie Bullock,2018-19,27,2TM,63,1879,10.5,-1.1,0.4,3.1,.078
Reggie Bullock,2018-19,27,DET,44,1355,11.0,-0.6,0.5,2.4,.084
Reggie Bullock,2018-19,27,LAL,19,524,9.1,-2.2,0.0,0.7,.061
Reggie Bullock,2019-20,28,NYK,29,684,9.3,-3.0,-0.2,0.5,.036
Reggie Bullock,2020-21,29,NYK,65,1949,11.1,-0.1,0.9,4.6,.114
Reggie Bullock,2021-22,30,DAL,68,1902,9.2,-1.4,0.3,3.2,.080
Reggie Bullock,2022-23,31,DAL,78,2364,7.7,-2.6,-0.4,2.8,.056
Reggie Bullock,2023-24,32,HOU,44,417,7.7,-2.4,0.0,0.6,.072
Larry Bunce,1967-68,22,ANA,71,2266,13.1,,,2.9,.061
Larry Bunce,1968-69,23,3TM,58,804,11.2,,,1.4,.085
Larry Bunce,1968-69,23,DNR,23,225,9.8,,,0.4,.094
Larry Bunce,1968-69,23,DLC,24,423,12.8,,,0.8,.092
Larry Bunce,1968-69,23,HSM,11,156,8.6,,,0.2,.055
Greg Bunch,1978-79,22,NYK,12,97,9.2,-3.3,0.0,0.1,.046
Dick Bunt,1952-53,22,2TM,26,271,6.6,,,-0.3,-0.050
Dick Bunt,1952-53,22,NYK,14,146,3.9,,,-0.3,-0.096
Dick Bunt,1952-53,22,BLB,12,125,9.8,,,0.0,.003
Bill Buntin,1965-66,23,DET,42,713,13.3,,,0.9,.062
Bill Bunting,1969-70,22,CAR,57,701,11.2,,,0.7,.049
Bill Bunting,1970-71,23,2TM,72,1123,9.3,,,2.0,.084
Bill Bunting,1970-71,23,NYA,39,687,8.3,,,0.9,.060
Bill Bunting,1970-71,23,VIR,33,436,11.0,,,1.1,.120
Bill Bunting,1971-72,24,VIR,16,115,3.3,,,0.0,.020
Ticky Burden,1975-76,22,VIR,71,2181,15.5,-1.0,0.6,2.6,.056
Ticky Burden,1976-77,23,NYK,61,608,14.6,-3.1,-0.2,0.0,-0.004
Ticky Burden,1977-78,24,NYK,2,15,6.9,-4.0,0.0,0.0,.067
Pat Burke,2002-03,29,ORL,62,783,8.3,-6.6,-0.9,-0.3,-0.021
Pat Burke,2003-04,,Did not play - other pro league,,,,,,,
Pat Burke,2004-05,,Did not play - other pro league,,,,,,,
Pat Burke,2005-06,32,PHO,42,346,9.9,-6.2,-0.4,0.1,.009
Pat Burke,2006-07,33,PHO,23,164,9.3,-6.0,-0.2,0.1,.015
Trey Burke,2013-14,21,UTA,70,2262,12.6,-2.6,-0.4,0.9,.020
Trey Burke,2014-15,22,UTA,76,2288,12.6,-1.4,0.3,2.4,.050
Trey Burke,2015-16,23,UTA,64,1366,14.0,-0.5,0.5,2.1,.074
Trey Burke,2016-17,24,WAS,57,703,10.8,-3.0,-0.2,0.5,.036
Trey Burke,2017-18,25,NYK,36,785,21.0,2.5,0.9,2.4,.145
Trey Burke,2018-19,26,2TM,58,1125,16.5,0.1,0.6,1.9,.081
Trey Burke,2018-19,26,NYK,33,689,15.6,-0.6,0.2,0.6,.044
Trey Burke,2018-19,26,DAL,25,436,17.9,1.2,0.3,1.3,.140
Trey Burke,2019-20,27,2TM,33,520,15.6,-0.2,0.2,1.3,.123
Trey Burke,2019-20,27,PHI,25,329,15.4,-0.5,0.1,0.9,.127
Trey Burke,2019-20,27,DAL,8,191,16.0,0.2,0.1,0.5,.117
Trey Burke,2020-21,28,DAL,62,911,12.6,-1.8,0.0,1.4,.071
Trey Burke,2021-22,29,DAL,42,441,10.0,-5.0,-0.3,0.0,.003
Roger Burkman,1981-82,23,CHI,6,30,15.5,-2.0,0.1,0.1,.093
Alec Burks,2011-12,20,UTA,59,939,14.0,-2.0,0.0,1.5,.076
Alec Burks,2012-13,21,UTA,64,1137,11.5,-2.6,-0.2,1.0,.044
Alec Burks,2013-14,22,UTA,78,2193,15.8,-0.8,0.7,3.2,.070
Alec Burks,2014-15,23,UTA,27,899,13.0,-1.7,0.1,1.7,.089
Alec Burks,2015-16,24,UTA,31,797,14.3,-0.4,0.3,1.5,.090
Alec Burks,2016-17,25,UTA,42,653,11.6,-2.3,0.0,0.8,.056
Alec Burks,2017-18,26,UTA,64,1059,13.1,-0.9,0.3,1.9,.084
Alec Burks,2018-19,27,3TM,64,1375,12.7,-1.2,0.3,1.5,.052
Alec Burks,2018-19,27,UTA,17,269,12.4,-0.6,0.1,0.5,.084
Alec Burks,2018-19,27,CLE,34,979,13.2,-1.4,0.1,0.9,.042
Alec Burks,2018-19,27,SAC,13,127,9.0,-1.1,0.0,0.2,.062
Alec Burks,2019-20,28,2TM,66,1754,16.7,0.5,1.1,3.7,.101
Alec Burks,2019-20,28,GSW,48,1390,16.1,0.1,0.7,2.5,.085
Alec Burks,2019-20,28,PHI,18,364,19.0,2.0,0.4,1.2,.161
Alec Burks,2020-21,29,NYK,49,1255,14.8,1.5,1.1,3.3,.126
Alec Burks,2021-22,30,NYK,81,2318,13.7,0.8,1.7,6.1,.126
Alec Burks,2022-23,31,DET,51,1122,16.5,1.2,0.9,2.5,.109
Alec Burks,2023-24,32,2TM,66,1212,12.9,-2.3,-0.1,1.4,.054
Alec Burks,2023-24,32,DET,43,901,15.1,-0.4,0.4,1.7,.092
Alec Burks,2023-24,32,NYK,23,311,6.5,-7.8,-0.5,-0.4,-0.055
Alec Burks,2024-25,33,MIA,49,863,12.8,0.3,0.5,1.8,.100
Antonio Burks,2004-05,24,MEM,24,219,12.8,-0.2,0.1,0.5,.103
Antonio Burks,2005-06,25,MEM,57,570,5.1,-6.8,-0.7,-0.4,-0.033
Kevin Burleson,2005-06,26,CHA,39,340,5.1,-6.2,-0.4,-0.2,-0.032
Tom Burleson,1974-75,22,SEA,82,1888,16.1,-0.3,0.8,3.3,.083
Tom Burleson,1975-76,23,SEA,82,2647,17.8,1.6,2.4,8.2,.148
Tom Burleson,1976-77,24,SEA,82,1803,16.3,0.0,0.9,4.4,.117
Tom Burleson,1977-78,25,KCK,76,1525,16.5,0.9,1.1,4.3,.134
Tom Burleson,1978-79,26,KCK,56,927,15.3,-0.4,0.4,2.7,.140
Tom Burleson,1979-80,27,KCK,37,272,7.8,-5.3,-0.2,-0.1,-0.012
Tom Burleson,1980-81,28,ATL,31,363,8.5,-4.9,-0.3,0.2,.021
Jack Burmaster,1948-49,,Did not play - other pro league,,,,,,,
Jack Burmaster,1949-50,23,SHE,61,,,,,-0.4,
David Burns,1981-82,23,2TM,9,87,3.6,-5.0,-0.1,-0.1,-0.071
David Burns,1981-82,23,NJN,3,34,0.9,-4.9,-0.1,-0.1,-0.094
David Burns,1981-82,23,DEN,6,53,5.3,-5.1,-0.1,-0.1,-0.056
Evers Burns,1993-94,22,SAC,23,143,9.7,-5.5,-0.1,0.1,.020
Jim Burns,1967-68,22,2TM,36,403,6.4,,,0.0,.006
Jim Burns,1967-68,22,CHI,3,11,4.3,,,-0.1,-0.248
Jim Burns,1967-68,22,DLC,33,392,6.5,,,0.1,.013
Scott Burrell,1993-94,23,CHH,51,767,10.4,-2.6,-0.1,0.5,.030
Scott Burrell,1994-95,24,CHH,65,2014,15.0,2.2,2.1,5.6,.135
Scott Burrell,1995-96,25,CHH,20,693,13.0,0.1,0.4,1.1,.075
Scott Burrell,1996-97,26,2TM,57,939,10.3,-1.8,0.1,0.8,.042
Scott Burrell,1996-97,26,CHH,28,482,10.9,-1.4,0.1,0.6,.065
Scott Burrell,1996-97,26,GSW,29,457,9.6,-2.2,0.0,0.2,.017
Scott Burrell,1997-98,27,CHI,80,1096,15.7,2.5,1.3,3.7,.163
Scott Burrell,1998-99,28,NJN,32,706,12.6,0.7,0.5,1.4,.092
Scott Burrell,1999-00,29,NJN,74,1336,14.2,1.1,1.0,3.2,.115
Scott Burrell,2000-01,30,CHH,4,41,12.8,-0.2,0.0,0.1,.135
Art Burris,1950-51,26,FTW,33,,,,,-0.3,
Art Burris,1951-52,27,2TM,41,514,5.6,,,-0.8,-0.073
Art Burris,1951-52,27,FTW,29,245,1.9,,,-0.7,-0.132
Art Burris,1951-52,27,MLH,12,269,8.9,,,-0.1,-0.021
Junior Burrough,1995-96,23,BOS,61,495,9.0,-7.5,-0.7,-0.2,-0.018
Bob Burrow,1956-57,22,ROC,67,1028,13.2,,,2.3,.106
Bob Burrow,1957-58,23,MNL,14,171,8.6,,,-0.4,-0.103
Deonte Burton,2018-19,25,OKC,32,240,7.0,-4.3,-0.1,0.1,.027
Deonte Burton,2019-20,26,OKC,39,356,4.3,-6.8,-0.4,-0.5,-0.067
Deonte Burton,2020-21,,Did not play - unsigned,,,,,,,
Deonte Burton,2021-22,,Did not play - other pro league,,,,,,,
Deonte Burton,2022-23,29,SAC,2,6,-12.6,-24.2,0.0,0.0,-0.347
Deonte Burton,2023-24,,Did not play - other pro league,,,,,,,
Ed Burton,1961-62,22,NYK,8,28,12.8,,,0.0,.075
Ed Burton,1962-63,,Did not play - other pro league,,,,,,,
Ed Burton,1963-64,,Did not play - other pro league,,,,,,,
Ed Burton,1964-65,25,STL,7,42,7.8,,,0.0,-0.017
Willie Burton,1990-91,22,MIA,76,1928,11.5,-3.4,-0.7,2.1,.052
Willie Burton,1991-92,23,MIA,68,1585,13.5,-2.1,0.0,2.0,.062
Willie Burton,1992-93,24,MIA,26,451,10.3,-4.9,-0.3,0.1,.012
Willie Burton,1993-94,25,MIA,53,697,15.6,-1.7,0.1,1.6,.113
Willie Burton,1994-95,26,PHI,53,1564,13.9,-1.1,0.4,2.6,.079
Willie Burton,1995-96,,Did not play - other pro league,,,,,,,
Willie Burton,1996-97,28,ATL,24,380,8.6,-4.7,-0.3,0.5,.060
Willie Burton,1997-98,29,SAS,13,43,21.4,4.3,0.1,0.2,.229
Willie Burton,1998-99,30,CHH,3,18,0.6,-14.2,-0.1,-0.1,-0.193
Willie Burton,1999-00,,Did not play - other pro league,,,,,,,
Steve Burtt,1984-85,22,GSW,47,418,7.4,-7.5,-0.6,-0.4,-0.043
Steve Burtt,1985-86,,Did not play - other pro league,,,,,,,
Steve Burtt,1986-87,,Did not play - other pro league,,,,,,,
Steve Burtt,1987-88,25,LAC,19,312,10.2,-5.3,-0.3,-0.1,-0.019
Steve Burtt,1988-89,,Did not play - other pro league,,,,,,,
Steve Burtt,1989-90,,Did not play - other pro league,,,,,,,
Steve Burtt,1990-91,,Did not play - other pro league,,,,,,,
Steve Burtt,1991-92,29,PHO,31,356,13.4,-2.4,0.0,0.5,.067
Steve Burtt,1992-93,30,WSB,4,35,18.5,-0.2,0.0,0.0,.011
Don Buse,1972-73,22,INA,77,1484,15.1,,,2.6,.084
Don Buse,1973-74,23,INA,77,1877,12.9,2.7,2.2,4.4,.113
Don Buse,1974-75,24,INA,80,2369,11.7,0.9,1.8,4.6,.094
Don Buse,1975-76,25,INA,84,3380,16.7,4.4,5.4,10.6,.150
Don Buse,1976-77,26,IND,81,2947,14.1,1.6,2.7,4.7,.076
Don Buse,1977-78,27,PHO,82,2547,12.5,1.0,1.9,6.0,.113
Don Buse,1978-79,28,PHO,82,2544,11.5,0.8,1.8,5.4,.101
Don Buse,1979-80,29,PHO,81,2499,10.7,0.2,1.4,4.6,.088
Don Buse,1980-81,30,IND,58,1095,11.7,0.5,0.7,2.0,.089
Don Buse,1981-82,31,IND,82,2529,14.8,2.6,2.9,7.1,.135
Don Buse,1982-83,32,POR,41,643,13.8,1.5,0.6,1.7,.124
Don Buse,1983-84,33,KCK,76,1327,13.4,1.0,1.0,2.2,.080
Don Buse,1984-85,34,KCK,65,939,10.5,0.0,0.5,1.3,.064
David Bustion,1972-73,23,DNR,47,355,9.1,,,0.7,.097
Donnie Butcher,1961-62,25,NYK,47,479,6.8,,,-0.3,-0.026
Donnie Butcher,1962-63,26,NYK,68,1193,11.4,,,1.1,.043
Donnie Butcher,1963-64,27,2TM,78,1971,10.0,,,1.2,.030
Donnie Butcher,1963-64,27,NYK,26,418,9.3,,,-0.2,-0.027
Donnie Butcher,1963-64,27,DET,52,1553,10.2,,,1.5,.045
Donnie Butcher,1964-65,28,DET,71,1157,10.9,,,1.9,.080
Donnie Butcher,1965-66,29,DET,15,285,10.7,,,0.5,.088
Al Butler,1961-62,23,2TM,59,2016,13.2,,,4.1,.098
Al Butler,1961-62,23,BOS,5,47,17.5,,,0.2,.189
Al Butler,1961-62,23,NYK,54,1969,13.1,,,3.9,.096
Al Butler,1962-63,24,NYK,74,1488,13.8,,,2.1,.068
Al Butler,1963-64,25,NYK,76,1379,13.0,,,1.1,.038
Al Butler,1964-65,26,BAL,25,172,5.7,,,-0.3,-0.077
Caron Butler,2002-03,22,MIA,78,2858,15.1,0.5,1.8,5.1,.086
Caron Butler,2003-04,23,MIA,68,2030,10.7,-2.9,-0.4,2.1,.050
Caron Butler,2004-05,24,LAL,77,2746,15.8,-0.7,0.9,5.3,.093
Caron Butler,2005-06,25,WAS,75,2708,17.0,0.6,1.7,6.3,.112
Caron Butler,2006-07,26,WAS,63,2474,18.3,0.9,1.8,5.3,.103
Caron Butler,2007-08,27,WAS,58,2314,20.7,4.1,3.5,7.2,.150
Caron Butler,2008-09,28,WAS,67,2585,18.8,0.9,1.9,4.5,.083
Caron Butler,2009-10,29,2TM,74,2783,13.7,-1.3,0.5,3.5,.061
Caron Butler,2009-10,29,WAS,47,1853,13.5,-1.3,0.3,2.1,.054
Caron Butler,2009-10,29,DAL,27,930,14.2,-1.3,0.2,1.4,.075
Caron Butler,2010-11,30,DAL,29,867,14.2,-0.9,0.2,1.2,.067
Caron Butler,2011-12,31,LAC,63,1871,11.7,-2.0,0.0,2.3,.059
Caron Butler,2012-13,32,LAC,78,1879,12.4,-1.3,0.3,3.6,.091
Caron Butler,2013-14,33,2TM,56,1419,12.2,-1.4,0.2,1.8,.062
Caron Butler,2013-14,33,MIL,34,821,12.4,-2.9,-0.2,0.2,.014
Caron Butler,2013-14,33,OKC,22,598,11.9,0.7,0.4,1.6,.127
Caron Butler,2014-15,34,DET,78,1623,9.3,-1.7,0.1,2.4,.070
Caron Butler,2015-16,35,SAC,17,176,11.3,-1.8,0.0,0.3,.071
Greg Butler,1988-89,22,NYK,33,140,4.7,-10.1,-0.3,-0.1,-0.034
Greg Butler,1989-90,23,NYK,13,33,-4.9,-18.3,-0.1,-0.1,-0.206
Greg Butler,1990-91,24,LAC,9,37,3.2,-17.5,-0.1,-0.1,-0.131
Jackie Butler,2004-05,19,NYK,3,5,90.3,55.7,0.1,0.1,1.333
Jackie Butler,2005-06,20,NYK,55,740,14.8,-2.8,-0.2,1.2,.078
Jackie Butler,2006-07,21,SAS,11,103,9.6,-8.4,-0.2,0.1,.047
Jared Butler,2021-22,21,UTA,42,360,12.1,-1.6,0.0,0.4,.057
Jared Butler,2022-23,22,OKC,6,77,13.0,-2.6,0.0,0.1,.061
Jared Butler,2023-24,23,WAS,40,566,14.1,-2.1,0.0,0.6,.054
Jared Butler,2024-25,24,2TM,60,1044,15.6,-1.0,0.3,1.4,.063
Jared Butler,2024-25,24,WAS,32,362,17.7,1.0,0.3,0.6,.079
Jared Butler,2024-25,24,PHI,28,682,14.5,-2.1,0.0,0.8,.055
Jimmy Butler,2011-12,22,CHI,42,359,12.5,-1.3,0.1,1.1,.144
Jimmy Butler,2012-13,23,CHI,82,2134,15.2,2.0,2.1,7.0,.158
Jimmy Butler,2013-14,24,CHI,67,2591,13.5,1.1,2.0,7.1,.131
Jimmy Butler,2014-15,25,CHI,65,2513,21.3,4.6,4.2,11.2,.214
Jimmy Butler,2015-16,26,CHI,67,2474,21.3,4.4,3.9,9.1,.177
Jimmy Butler,2016-17,27,CHI,76,2809,25.1,7.3,6.6,13.8,.236
Jimmy Butler,2017-18,28,MIN,59,2164,23.7,5.8,4.2,8.9,.198
Jimmy Butler,2018-19,29,2TM,65,2185,20.2,3.7,3.2,7.9,.173
Jimmy Butler,2018-19,29,MIN,10,361,22.3,6.9,0.8,1.3,.176
Jimmy Butler,2018-19,29,PHI,55,1824,19.8,3.1,2.4,6.6,.172
Jimmy Butler,2019-20,30,MIA,58,1959,23.6,5.4,3.7,9.0,.221
Jimmy Butler,2020-21,31,MIA,52,1745,26.5,7.7,4.3,9.3,.255
Jimmy Butler,2021-22,32,MIA,57,1931,23.6,6.3,4.0,9.2,.228
Jimmy Butler,2022-23,33,MIA,64,2138,27.6,8.7,5.8,12.3,.277
Jimmy Butler,2023-24,34,MIA,60,2042,22.0,4.6,3.4,9.1,.214
Jimmy Butler,2024-25,35,2TM,55,1746,22.4,4.9,3.0,8.7,.238
Jimmy Butler,2024-25,35,MIA,25,766,22.8,4.8,1.3,3.7,.233
Jimmy Butler,2024-25,35,GSW,30,980,22.2,5.0,1.7,4.9,.242
John Butler,2022-23,20,POR,19,221,5.7,-6.2,-0.2,0.0,.001
John Butler,2023-24,,Did not play - other pro league,,,,,,,
Mike Butler,1968-69,22,NOB,77,1315,11.4,,,2.3,.085
Mike Butler,1969-70,23,NOB,83,1728,10.9,,,1.6,.046
Mike Butler,1970-71,24,UTS,71,1414,14.1,,,3.1,.107
Mike Butler,1971-72,25,UTS,14,97,6.0,,,0.1,.037
Mitchell Butler,1993-94,23,WSB,75,1321,13.0,-2.4,-0.1,1.1,.040
Mitchell Butler,1994-95,24,WSB,76,1554,10.0,-3.6,-0.6,0.3,.010
Mitchell Butler,1995-96,25,WSB,61,858,7.4,-4.1,-0.5,-0.2,-0.010
Mitchell Butler,1996-97,26,POR,49,465,9.0,-2.9,-0.1,0.6,.063
Mitchell Butler,1997-98,27,CLE,18,206,4.8,-2.9,0.0,0.1,.016
Mitchell Butler,1998-99,28,CLE,31,418,12.6,-1.7,0.0,0.5,.053
Mitchell Butler,1999-00,,Did not play - other pro league,,,,,,,
Mitchell Butler,2000-01,,Did not play - other pro league,,,,,,,
Mitchell Butler,2001-02,31,POR,11,90,9.4,-4.7,-0.1,0.1,.057
Mitchell Butler,2002-03,,Did not play - other pro league,,,,,,,
Mitchell Butler,2003-04,33,WAS,41,552,9.3,-2.3,0.0,0.5,.048
Rasual Butler,2002-03,23,MIA,72,1514,9.5,-2.5,-0.2,0.1,.002
Rasual Butler,2003-04,24,MIA,45,675,14.0,0.1,0.4,1.6,.113
Rasual Butler,2004-05,25,MIA,65,1203,10.3,-1.5,0.1,1.7,.068
Rasual Butler,2005-06,26,NOK,79,1875,10.8,-2.0,0.0,1.7,.045
Rasual Butler,2006-07,27,NOK,81,2223,10.8,-0.9,0.6,2.6,.056
Rasual Butler,2007-08,28,NOH,51,875,8.8,-1.9,0.0,1.2,.063
Rasual Butler,2008-09,29,NOH,82,2614,11.8,-0.5,1.0,4.6,.084
Rasual Butler,2009-10,30,LAC,82,2702,10.7,-1.9,0.1,2.7,.048
Rasual Butler,2010-11,31,2TM,47,770,6.2,-3.8,-0.4,-0.1,-0.009
Rasual Butler,2010-11,31,LAC,41,744,5.9,-4.0,-0.4,-0.2,-0.013
Rasual Butler,2010-11,31,CHI,6,26,14.5,0.1,0.0,0.1,.107
Rasual Butler,2011-12,32,TOR,34,453,4.8,-4.6,-0.3,-0.2,-0.022
Rasual Butler,2012-13,,Did not play - other pro league,,,,,,,
Rasual Butler,2013-14,34,IND,50,378,12.2,0.3,0.2,1.1,.138
Rasual Butler,2014-15,35,WAS,75,1505,11.4,-0.8,0.4,2.6,.084
Rasual Butler,2015-16,36,SAS,46,432,13.4,2.9,0.5,1.3,.146
Dwight Buycks,2013-14,24,TOR,14,146,7.2,-3.4,0.0,0.0,-0.009
Dwight Buycks,2014-15,25,LAL,6,123,13.1,-2.6,0.0,0.1,.027
Dwight Buycks,2015-16,,Did not play - other pro league,,,,,,,
Dwight Buycks,2016-17,,Did not play - other pro league,,,,,,,
Dwight Buycks,2017-18,28,DET,29,427,12.8,-3.1,-0.1,0.2,.027
Matas Buzelis,2024-25,20,CHI,80,1511,12.5,-2.5,-0.2,1.9,.060
Derrick Byars,2007-08,,Did not play - other pro league,,,,,,,
Derrick Byars,2008-09,,Did not play - other pro league,,,,,,,
Derrick Byars,2009-10,,Did not play - other pro league,,,,,,,
Derrick Byars,2010-11,,Did not play - other pro league,,,,,,,
Derrick Byars,2011-12,27,SAS,2,37,14.9,-4.7,0.0,0.1,.147
Andrew Bynum,2005-06,18,LAL,46,338,7.4,-6.9,-0.4,0.1,.007
Andrew Bynum,2006-07,19,LAL,82,1793,15.4,-1.0,0.5,4.2,.112
Andrew Bynum,2007-08,20,LAL,35,1008,22.6,4.2,1.6,4.8,.230
Andrew Bynum,2008-09,21,LAL,50,1446,20.0,1.1,1.1,5.5,.184
Andrew Bynum,2009-10,22,LAL,65,1977,20.2,1.5,1.8,7.8,.188
Andrew Bynum,2010-11,23,LAL,54,1500,21.1,3.2,2.0,6.6,.210
Andrew Bynum,2011-12,24,LAL,60,2112,22.9,2.9,2.6,8.0,.183
Andrew Bynum,2012-13,,Did not play - injury,,,,,,,
Andrew Bynum,2013-14,26,2TM,26,516,15.2,-1.9,0.0,0.4,.038
Andrew Bynum,2013-14,26,CLE,24,480,14.8,-1.9,0.0,0.4,.036
Andrew Bynum,2013-14,26,IND,2,36,19.9,-1.9,0.0,0.0,.063
Will Bynum,2005-06,23,GSW,15,162,8.7,-5.0,-0.1,-0.1,-0.021
Will Bynum,2006-07,,Did not play - other pro league,,,,,,,
Will Bynum,2007-08,,Did not play - other pro league,,,,,,,
Will Bynum,2008-09,26,DET,57,803,17.4,0.1,0.4,1.3,.078
Will Bynum,2009-10,27,DET,63,1667,13.8,-2.2,-0.1,1.9,.054
Will Bynum,2010-11,28,DET,61,1125,15.2,-1.9,0.0,1.5,.066
Will Bynum,2011-12,29,DET,36,514,10.0,-5.1,-0.4,-0.2,-0.022
Will Bynum,2012-13,30,DET,65,1219,16.6,-1.0,0.3,1.7,.067
Will Bynum,2013-14,31,DET,56,1054,14.4,-2.1,0.0,1.0,.047
Will Bynum,2014-15,32,WAS,7,67,4.8,-13.0,-0.2,-0.2,-0.132
Will Bynum,2015-16,,Did not play - other pro league,,,,,,,
Walt Byrd,1969-70,,MMF,22,109,2.3,,,-0.3,-0.123
Marty Byrnes,1978-79,22,2TM,79,1264,9.9,-3.5,-0.5,0.9,.034
Marty Byrnes,1978-79,22,PHO,43,734,9.4,-4.0,-0.4,0.5,.036
Marty Byrnes,1978-79,22,NOJ,36,530,10.6,-2.7,-0.1,0.4,.032
Marty Byrnes,1979-80,23,LAL,32,194,6.3,-5.2,-0.2,0.0,.009
Marty Byrnes,1980-81,24,DAL,72,1360,13.6,-0.6,0.5,2.3,.081
Marty Byrnes,1981-82,,Did not play - other pro league,,,,,,,
Marty Byrnes,1982-83,26,IND,80,1436,9.6,-2.9,-0.3,1.0,.034
Tommy Byrnes,1946-47,23,NYK,60,,,,,4.0,
Tommy Byrnes,1947-48,24,NYK,47,,,,,1.7,
Tommy Byrnes,1948-49,25,2TM,57,,,,,0.9,
Tommy Byrnes,1948-49,25,NYK,35,,,,,0.1,
Tommy Byrnes,1948-49,25,INJ,22,,,,,0.8,
Tommy Byrnes,1949-50,26,BLB,53,,,,,0.3,
Tommy Byrnes,1950-51,27,3TM,47,,,,,-0.2,
Tommy Byrnes,1950-51,27,BLB,16,,,,,0.2,
Tommy Byrnes,1950-51,27,WSC,12,,,,,-0.6,
Tommy Byrnes,1950-51,27,TRI,19,,,,,0.2,
Michael Bytzura,1946-47,24,PIT,60,,,,,-1.4,
Žarko Čabarkapa,2003-04,22,PHO,49,570,8.4,-5.7,-0.5,-0.4,-0.037
Žarko Čabarkapa,2004-05,23,2TM,40,475,16.9,-0.4,0.2,1.3,.127
Žarko Čabarkapa,2004-05,23,PHO,3,11,32.4,6.6,0.0,0.1,.271
Žarko Čabarkapa,2004-05,23,GSW,37,464,16.5,-0.5,0.2,1.2,.124
Žarko Čabarkapa,2005-06,24,GSW,61,505,9.9,-5.3,-0.4,0.3,.031
Barney Cable,1958-59,23,DET,31,271,12.3,,,0.1,.017
Barney Cable,1959-60,24,2TM,57,715,10.5,,,0.4,.026
Barney Cable,1959-60,24,DET,7,116,11.2,,,-0.1,-0.034
Barney Cable,1959-60,24,SYR,50,599,10.4,,,0.5,.038
Barney Cable,1960-61,25,SYR,75,1642,11.4,,,3.3,.096
Barney Cable,1961-62,26,2TM,67,1861,11.5,,,0.7,.019
Barney Cable,1961-62,26,CHP,15,498,9.5,,,0.0,.000
Barney Cable,1961-62,26,STL,52,1363,12.2,,,0.7,.026
Barney Cable,1962-63,27,2TM,61,1203,10.7,,,1.6,.066
Barney Cable,1962-63,27,STL,42,662,12.2,,,1.8,.127
Barney Cable,1962-63,27,CHZ,19,541,9.0,,,-0.1,-0.010
Barney Cable,1963-64,28,BAL,71,1125,7.7,,,0.3,.014
Bruno Caboclo,2014-15,19,TOR,8,23,-1.8,-18.2,-0.1,-0.1,-0.275
Bruno Caboclo,2015-16,20,TOR,6,43,-7.7,-17.6,-0.2,-0.3,-0.283
Bruno Caboclo,2016-17,21,TOR,9,40,14.6,1.0,0.0,0.1,.083
Bruno Caboclo,2017-18,22,2TM,12,107,7.4,-5.8,-0.1,0.0,-0.021
Bruno Caboclo,2017-18,22,TOR,2,7,-0.1,-2.6,0.0,0.0,-0.113
Bruno Caboclo,2017-18,22,SAC,10,100,7.9,-6.1,-0.1,0.0,-0.015
Bruno Caboclo,2018-19,23,MEM,34,800,12.4,-1.1,0.2,1.5,.090
Bruno Caboclo,2019-20,24,2TM,30,244,14.1,-2.1,0.0,0.4,.076
Bruno Caboclo,2019-20,24,MEM,22,192,11.9,-2.7,0.0,0.2,.053
Bruno Caboclo,2019-20,24,HOU,8,52,22.1,0.2,0.0,0.2,.162
Bruno Caboclo,2020-21,25,HOU,6,36,9.0,-10.1,-0.1,-0.1,-0.088
Devontae Cacok,2019-20,23,LAL,1,9,28.6,0.2,0.0,0.0,.226
Devontae Cacok,2020-21,24,LAL,20,98,17.2,-1.0,0.0,0.3,.142
Devontae Cacok,2021-22,25,SAS,15,121,20.2,4.2,0.2,0.5,.206
Jason Caffey,1995-96,22,CHI,57,545,7.9,-7.1,-0.7,0.4,.038
Jason Caffey,1996-97,23,CHI,75,1405,14.3,-2.5,-0.2,3.9,.134
Jason Caffey,1997-98,24,2TM,80,1423,13.9,-2.3,-0.1,2.7,.093
Jason Caffey,1997-98,24,CHI,51,710,14.4,-1.4,0.1,2.0,.138
Jason Caffey,1997-98,24,GSW,29,713,13.4,-3.2,-0.2,0.7,.047
Jason Caffey,1998-99,25,GSW,35,876,10.2,-4.8,-0.6,0.5,.028
Jason Caffey,1999-00,26,GSW,71,2159,12.4,-4.0,-1.1,1.6,.035
Jason Caffey,2000-01,27,MIL,70,1460,13.7,-2.2,-0.1,3.5,.114
Jason Caffey,2001-02,28,MIL,23,283,11.2,-5.5,-0.2,0.3,.056
Jason Caffey,2002-03,29,MIL,51,894,10.5,-4.9,-0.7,0.6,.031
Michael Cage,1984-85,23,LAC,75,1610,12.5,-1.5,0.2,3.2,.096
Michael Cage,1985-86,24,LAC,78,1566,12.3,-2.4,-0.2,1.7,.052
Michael Cage,1986-87,25,LAC,80,2922,17.1,-0.2,1.3,7.2,.119
Michael Cage,1987-88,26,LAC,72,2660,16.4,-0.6,0.9,6.7,.121
Michael Cage,1988-89,27,SEA,80,2536,14.7,0.5,1.6,6.7,.126
Michael Cage,1989-90,28,SEA,82,2595,14.5,0.0,1.3,6.8,.125
Michael Cage,1990-91,29,SEA,82,2141,12.0,-0.2,0.9,4.3,.097
Michael Cage,1991-92,30,SEA,82,2461,15.0,1.3,2.0,7.6,.148
Michael Cage,1992-93,31,SEA,82,2156,13.2,0.4,1.3,6.2,.137
Michael Cage,1993-94,32,SEA,82,1708,11.9,-0.3,0.7,4.9,.137
Michael Cage,1994-95,33,CLE,82,2040,13.5,0.2,1.1,5.8,.137
Michael Cage,1995-96,34,CLE,82,2631,14.1,-0.2,1.2,8.1,.148
Michael Cage,1996-97,35,PHI,82,1247,10.3,-0.8,0.4,2.0,.078
Michael Cage,1997-98,36,NJN,79,1201,10.1,0.5,0.7,2.5,.100
Michael Cage,1998-99,,Did not play - retired,,,,,,,
Michael Cage,1999-00,38,NJN,20,242,12.6,-0.4,0.1,0.7,.140
Jamal Cain,2022-23,23,MIA,18,240,16.5,0.8,0.2,0.8,.169
Jamal Cain,2023-24,24,MIA,26,259,11.5,-2.3,0.0,0.5,.089
Jamal Cain,2024-25,25,NOP,37,502,11.4,-3.4,-0.2,0.4,.036
Gerry Calabrese,1950-51,25,SYR,46,,,,,1.0,
Gerry Calabrese,1951-52,26,SYR,58,937,9.5,,,0.9,.046
Nick Calathes,2009-10,,Did not play - other pro league,,,,,,,
Nick Calathes,2010-11,,Did not play - other pro league,,,,,,,
Nick Calathes,2011-12,,Did not play - other pro league,,,,,,,
Nick Calathes,2012-13,,Did not play - other pro league,,,,,,,
Nick Calathes,2013-14,24,MEM,71,1173,12.3,-0.9,0.3,1.5,.062
Nick Calathes,2014-15,25,MEM,58,838,12.3,0.0,0.4,1.1,.065
José Calderón,2005-06,24,TOR,64,1487,11.4,-2.8,-0.3,0.9,.029
José Calderón,2006-07,25,TOR,77,1614,19.1,2.0,1.6,5.4,.162
José Calderón,2007-08,26,TOR,82,2484,20.5,4.5,4.1,10.2,.197
José Calderón,2008-09,27,TOR,68,2333,18.8,2.8,2.8,7.5,.154
José Calderón,2009-10,28,TOR,68,1817,16.5,0.6,1.2,4.2,.111
José Calderón,2010-11,29,TOR,68,2102,16.3,0.8,1.5,3.7,.084
José Calderón,2011-12,30,TOR,53,1799,16.7,1.7,1.7,5.1,.136
José Calderón,2012-13,31,2TM,73,2160,18.8,3.1,2.8,7.4,.165
José Calderón,2012-13,31,TOR,45,1273,19.2,3.6,1.8,4.4,.167
José Calderón,2012-13,31,DET,28,887,18.2,2.5,1.0,3.0,.163
José Calderón,2013-14,32,DAL,81,2468,15.2,1.9,2.4,6.3,.122
José Calderón,2014-15,33,NYK,42,1270,11.3,-3.0,-0.3,0.9,.033
José Calderón,2015-16,34,NYK,72,2024,12.3,-0.6,0.7,4.0,.096
José Calderón,2016-17,35,2TM,41,539,8.9,-3.2,-0.2,0.3,.023
José Calderón,2016-17,35,LAL,24,292,9.1,-3.6,-0.1,0.0,.000
José Calderón,2016-17,35,ATL,17,247,8.7,-2.8,0.0,0.3,.051
José Calderón,2017-18,36,CLE,57,914,11.3,-1.9,0.0,1.8,.095
José Calderón,2018-19,37,DET,49,632,7.1,-3.9,-0.3,0.6,.043
Adrian Caldwell,1989-90,23,HOU,51,331,9.5,-4.0,-0.2,0.4,.061
Adrian Caldwell,1990-91,24,HOU,42,343,8.6,-3.1,-0.1,0.1,.021
Adrian Caldwell,1991-92,,Did not play - other pro league,,,,,,,
Adrian Caldwell,1992-93,,Did not play - other pro league,,,,,,,
Adrian Caldwell,1993-94,,Did not play - other pro league,,,,,,,
Adrian Caldwell,1994-95,28,HOU,7,30,4.4,-7.2,0.0,0.0,.020
Adrian Caldwell,1995-96,29,IND,51,327,10.4,-5.8,-0.3,0.3,.044
Adrian Caldwell,1996-97,30,2TM,45,569,7.5,-6.9,-0.7,0.2,.016
Adrian Caldwell,1996-97,30,NJN,18,204,5.1,-7.6,-0.3,-0.1,-0.030
Adrian Caldwell,1996-97,30,PHI,27,365,8.8,-6.5,-0.4,0.3,.041
Adrian Caldwell,1997-98,31,DAL,1,3,0.0,-5.6,0.0,0.0,-0.022
Jim Caldwell,1965-66,,Did not play - other pro league,,,,,,,
Jim Caldwell,1966-67,,Did not play - other pro league,,,,,,,
Jim Caldwell,1967-68,25,3TM,72,1850,12.9,,,3.1,.081
Jim Caldwell,1967-68,25,2TM,70,1843,12.9,,,3.1,.081
Jim Caldwell,1967-68,25,NYK,2,7,0.0,,,0.0,-0.117
Jim Caldwell,1967-68,25,NJA,12,261,6.2,,,0.0,-0.006
Jim Caldwell,1967-68,25,KEN,58,1582,14.1,,,3.2,.096
Jim Caldwell,1968-69,26,KEN,65,1235,13.5,,,2.6,.102
Joe Caldwell,1964-65,23,DET,66,1543,13.0,,,0.3,.008
Joe Caldwell,1965-66,24,2TM,79,1857,15.3,,,3.3,.087
Joe Caldwell,1965-66,24,DET,33,716,15.3,,,1.1,.077
Joe Caldwell,1965-66,24,STL,46,1141,15.3,,,2.2,.093
Joe Caldwell,1966-67,25,STL,81,2256,13.2,,,2.0,.043
Joe Caldwell,1967-68,26,STL,79,2641,13.2,,,3.7,.068
Joe Caldwell,1968-69,27,ATL,81,2720,14.5,,,6.7,.118
Joe Caldwell,1969-70,28,ATL,82,2857,17.3,,,7.9,.132
Joe Caldwell,1970-71,29,CAR,72,3008,15.0,,,2.3,.036
Joe Caldwell,1971-72,30,CAR,61,2145,13.9,,,2.5,.057
Joe Caldwell,1972-73,31,CAR,77,2739,15.3,,,3.7,.064
Joe Caldwell,1973-74,32,CAR,79,2654,14.9,1.2,2.1,4.4,.079
Joe Caldwell,1974-75,33,SSL,25,841,14.1,0.1,0.4,1.1,.061
Kentavious Caldwell-Pope,2013-14,20,DET,80,1583,9.4,-2.6,-0.2,1.8,.055
Kentavious Caldwell-Pope,2014-15,21,DET,82,2587,11.2,-1.7,0.2,2.8,.052
Kentavious Caldwell-Pope,2015-16,22,DET,76,2789,12.4,-0.3,1.2,5.3,.092
Kentavious Caldwell-Pope,2016-17,23,DET,76,2529,12.8,-0.2,1.1,4.5,.086
Kentavious Caldwell-Pope,2017-18,24,LAL,74,2458,13.2,0.3,1.4,5.3,.103
Kentavious Caldwell-Pope,2018-19,25,LAL,82,2035,12.9,-0.5,0.8,4.0,.095
Kentavious Caldwell-Pope,2019-20,26,LAL,69,1762,11.0,-0.8,0.5,3.7,.102
Kentavious Caldwell-Pope,2020-21,27,LAL,67,1902,10.7,-0.5,0.7,4.2,.107
Kentavious Caldwell-Pope,2021-22,28,WAS,77,2329,12.6,-1.5,0.3,2.8,.058
Kentavious Caldwell-Pope,2022-23,29,DEN,76,2381,11.5,-1.0,0.6,4.5,.091
Kentavious Caldwell-Pope,2023-24,30,DEN,76,2402,10.7,-1.4,0.4,4.8,.096
Kentavious Caldwell-Pope,2024-25,31,ORL,77,2279,9.9,-1.4,0.3,4.6,.096
Bill Calhoun,1948-49,21,ROC,56,,,,,2.1,
Bill Calhoun,1949-50,22,ROC,62,,,,,4.5,
Bill Calhoun,1950-51,23,ROC,66,,,,,2.2,
Bill Calhoun,1951-52,24,BLB,55,1594,10.3,,,0.4,.012
Bill Calhoun,1952-53,25,2TM,62,2148,12.4,,,3.9,.087
Bill Calhoun,1952-53,25,SYR,13,239,10.1,,,0.3,.070
Bill Calhoun,1952-53,25,MLH,49,1909,12.7,,,3.5,.089
Bill Calhoun,1953-54,26,MLH,72,2370,12.6,,,4.1,.082
Bill Calhoun,1954-55,27,MLH,69,2109,9.2,,,1.4,.033
Corky Calhoun,1972-73,22,PHO,82,2025,7.5,,,2.1,.049
Corky Calhoun,1973-74,23,PHO,77,2207,9.8,-2.0,0.0,2.2,.048
Corky Calhoun,1974-75,24,2TM,70,1378,9.1,-2.8,-0.2,1.0,.033
Corky Calhoun,1974-75,24,PHO,13,108,13.7,-2.8,0.0,0.2,.094
Corky Calhoun,1974-75,24,LAL,57,1270,8.7,-2.8,-0.2,0.7,.028
Corky Calhoun,1975-76,25,LAL,76,1816,9.0,-1.6,0.2,2.5,.066
Corky Calhoun,1976-77,26,POR,70,743,10.0,-2.5,-0.1,1.3,.083
Corky Calhoun,1977-78,27,POR,79,1370,10.8,-0.2,0.6,3.1,.109
Corky Calhoun,1978-79,28,IND,81,1332,9.9,-1.5,0.2,2.3,.082
Corky Calhoun,1979-80,29,IND,7,30,10.6,-4.4,0.0,0.0,.067
Demetrius Calip,1991-92,22,LAL,7,58,1.8,-10.5,-0.1,-0.2,-0.134
Tom Callahan,1946-47,25,PRO,13,,,,,-0.1,
Rick Calloway,1990-91,24,SAC,64,678,6.6,-6.6,-0.8,-0.3,-0.025
Ernie Calverley,1946-47,23,PRO,59,,,,,5.5,
Ernie Calverley,1947-48,24,PRO,47,,,,,-0.5,
Ernie Calverley,1948-49,25,PRO,59,,,,,0.7,
Mack Calvin,1969-70,22,LAS,84,2955,15.6,,,7.7,.124
Mack Calvin,1970-71,23,FLO,81,3394,19.2,,,8.5,.120
Mack Calvin,1971-72,24,FLO,82,2977,18.2,,,8.5,.137
Mack Calvin,1972-73,25,CAR,84,2228,19.0,,,10.4,.224
Mack Calvin,1973-74,26,CAR,83,2592,18.5,1.8,2.4,8.8,.163
Mack Calvin,1974-75,27,DNA,74,2463,19.2,2.3,2.7,9.0,.176
Mack Calvin,1975-76,28,VIR,45,1658,14.2,-1.8,0.1,1.5,.043
Mack Calvin,1976-77,29,3TM,76,1438,15.5,-1.8,0.1,2.8,.092
Mack Calvin,1976-77,29,LAL,12,207,13.1,-2.9,-0.1,0.2,.052
Mack Calvin,1976-77,29,SAS,35,606,14.9,-3.4,-0.2,0.7,.056
Mack Calvin,1976-77,29,DEN,29,625,17.0,0.1,0.3,1.8,.140
Mack Calvin,1977-78,30,DEN,77,988,14.0,-1.6,0.1,1.8,.090
Mack Calvin,1978-79,,Did not play - dropped from roster,,,,,,,
Mack Calvin,1979-80,32,UTA,48,772,14.5,-1.7,0.1,1.4,.085
Mack Calvin,1980-81,33,CLE,21,128,11.0,-4.1,-0.1,0.0,-0.010
Toumani Camara,2023-24,23,POR,70,1739,10.6,-3.1,-0.5,2.0,.055
Toumani Camara,2024-25,24,POR,78,2548,12.5,-0.1,1.2,5.2,.097
Dexter Cambridge,1992-93,23,DAL,53,885,12.1,-4.0,-0.5,0.4,.022
Marcus Camby,1996-97,22,TOR,63,1897,17.8,-0.1,0.9,3.7,.095
Marcus Camby,1997-98,23,TOR,63,2002,15.9,-1.6,0.2,0.9,.022
Marcus Camby,1998-99,24,NYK,46,945,17.6,1.4,0.8,3.5,.176
Marcus Camby,1999-00,25,NYK,59,1548,19.0,2.3,1.7,5.9,.182
Marcus Camby,2000-01,26,NYK,63,2127,20.9,4.6,3.5,10.3,.233
Marcus Camby,2001-02,27,NYK,29,1007,15.1,0.4,0.6,2.1,.102
Marcus Camby,2002-03,28,DEN,29,616,17.5,0.6,0.4,1.5,.119
Marcus Camby,2003-04,29,DEN,72,2162,17.8,2.5,2.5,6.9,.154
Marcus Camby,2004-05,30,DEN,66,2015,18.0,3.1,2.6,5.8,.138
Marcus Camby,2005-06,31,DEN,56,1857,19.9,3.5,2.6,5.5,.141
Marcus Camby,2006-07,32,DEN,70,2369,19.1,4.7,4.0,7.6,.155
Marcus Camby,2007-08,33,DEN,79,2758,17.2,3.4,3.8,8.5,.148
Marcus Camby,2008-09,34,LAC,62,1925,18.7,2.2,2.0,5.2,.129
Marcus Camby,2009-10,35,2TM,74,2314,17.9,3.3,3.1,6.8,.142
Marcus Camby,2009-10,35,LAC,51,1596,18.3,3.5,2.2,4.6,.137
Marcus Camby,2009-10,35,POR,23,718,17.0,2.9,0.9,2.3,.152
Marcus Camby,2010-11,36,POR,59,1540,14.8,1.5,1.4,3.7,.116
Marcus Camby,2011-12,37,2TM,59,1352,16.2,2.2,1.4,3.6,.127
Marcus Camby,2011-12,37,POR,40,894,14.5,1.5,0.8,1.9,.100
Marcus Camby,2011-12,37,HOU,19,458,19.6,3.5,0.6,1.7,.179
Marcus Camby,2012-13,38,NYK,24,250,8.6,-3.6,-0.1,0.0,.007
Facundo Campazzo,2020-21,29,DEN,65,1425,11.6,-0.6,0.5,3.1,.105
Facundo Campazzo,2021-22,30,DEN,65,1184,11.1,-0.8,0.4,2.0,.081
Facundo Campazzo,2022-23,31,DAL,8,52,7.8,-1.2,0.0,0.0,-0.012
Facundo Campazzo,2023-24,,Did not play - other pro league,,,,,,,
Elden Campbell,1990-91,22,LAL,52,380,14.5,-1.4,0.1,1.1,.135
Elden Campbell,1991-92,23,LAL,81,1876,13.3,-1.1,0.4,3.3,.085
Elden Campbell,1992-93,24,LAL,79,1551,14.2,-1.5,0.2,2.6,.082
Elden Campbell,1993-94,25,LAL,76,2253,15.2,-1.2,0.5,4.2,.089
Elden Campbell,1994-95,26,LAL,73,2076,15.4,-1.6,0.2,3.8,.087
Elden Campbell,1995-96,27,LAL,82,2699,18.0,1.7,2.6,8.2,.147
Elden Campbell,1996-97,28,LAL,77,2516,16.8,-0.6,0.8,7.0,.134
Elden Campbell,1997-98,29,LAL,81,1784,16.4,-1.4,0.3,4.7,.126
Elden Campbell,1998-99,30,2TM,49,1459,18.1,-0.1,0.7,4.3,.140
Elden Campbell,1998-99,30,LAL,17,325,13.4,-4.7,-0.2,0.5,.078
Elden Campbell,1998-99,30,CHH,32,1134,19.4,1.2,0.9,3.7,.158
Elden Campbell,1999-00,31,CHH,78,2538,14.6,-0.9,0.7,5.5,.105
Elden Campbell,2000-01,32,CHH,78,2337,16.4,-0.4,1.0,6.4,.131
Elden Campbell,2001-02,33,CHH,77,2156,19.5,1.9,2.2,7.6,.168
Elden Campbell,2002-03,34,2TM,56,869,14.1,-1.1,0.2,2.0,.109
Elden Campbell,2002-03,34,NOH,41,685,15.0,-0.8,0.2,1.7,.122
Elden Campbell,2002-03,34,SEA,15,184,10.8,-2.6,0.0,0.2,.063
Elden Campbell,2003-04,35,DET,65,892,13.8,-1.0,0.2,2.1,.115
Elden Campbell,2004-05,36,2TM,40,390,7.2,-7.0,-0.5,0.0,.003
Elden Campbell,2004-05,36,NJN,10,50,-1.4,-10.9,-0.1,-0.1,-0.064
Elden Campbell,2004-05,36,DET,30,340,8.4,-6.4,-0.4,0.1,.013
Tony Campbell,1984-85,22,DET,56,625,10.3,-5.0,-0.5,0.4,.031
Tony Campbell,1985-86,23,DET,82,1292,12.6,-2.7,-0.2,1.4,.053
Tony Campbell,1986-87,24,DET,40,332,7.0,-6.6,-0.4,-0.3,-0.043
Tony Campbell,1987-88,25,LAL,13,242,14.2,-3.5,-0.1,0.4,.079
Tony Campbell,1988-89,26,LAL,63,787,12.5,-3.6,-0.3,1.1,.065
Tony Campbell,1989-90,27,MIN,82,3164,17.1,0.3,1.8,5.3,.081
Tony Campbell,1990-91,28,MIN,77,2893,16.6,-0.2,1.3,3.7,.062
Tony Campbell,1991-92,29,MIN,78,2441,15.3,-1.2,0.5,2.5,.048
Tony Campbell,1992-93,30,NYK,58,1062,11.6,-1.4,0.2,2.5,.115
Tony Campbell,1993-94,31,2TM,63,1214,13.3,-2.0,0.0,1.5,.061
Tony Campbell,1993-94,31,NYK,22,379,13.3,0.3,0.2,1.1,.139
Tony Campbell,1993-94,31,DAL,41,835,13.3,-3.0,-0.2,0.5,.026
Tony Campbell,1994-95,32,CLE,78,1128,12.9,-2.4,-0.1,2.1,.089
Tony Campbell,1995-96,,Did not play - other pro league,,,,,,,
Isaiah Canaan,2013-14,22,HOU,22,252,9.5,-4.0,-0.1,0.2,.031
Isaiah Canaan,2014-15,23,2TM,47,938,12.4,-0.8,0.3,1.4,.072
Isaiah Canaan,2014-15,23,HOU,25,369,11.8,-0.4,0.2,0.6,.084
Isaiah Canaan,2014-15,23,PHI,22,569,12.8,-1.1,0.1,0.8,.065
Isaiah Canaan,2015-16,24,PHI,77,1966,11.1,-2.4,-0.2,1.4,.035
Isaiah Canaan,2016-17,25,CHI,39,592,8.1,-3.3,-0.2,0.5,.042
Isaiah Canaan,2017-18,26,2TM,20,422,13.5,-1.3,0.1,0.6,.072
Isaiah Canaan,2017-18,26,HOU,1,4,-7.3,-16.9,0.0,0.0,-0.224
Isaiah Canaan,2017-18,26,PHO,19,418,13.7,-1.1,0.1,0.7,.075
Isaiah Canaan,2018-19,27,3TM,30,629,8.0,-4.1,-0.3,0.1,.008
Isaiah Canaan,2018-19,27,PHO,19,503,7.3,-4.6,-0.3,-0.1,-0.007
Isaiah Canaan,2018-19,27,MIN,7,95,12.3,-1.3,0.0,0.2,.079
Isaiah Canaan,2018-19,27,MIL,4,31,5.2,-4.0,0.0,0.0,.030
Vlatko Čančar,2017-18,,Did not play - other pro league,,,,,,,
Vlatko Čančar,2018-19,,Did not play - other pro league,,,,,,,
Vlatko Čančar,2019-20,22,DEN,14,45,11.4,-4.8,0.0,0.1,.062
Vlatko Čančar,2020-21,23,DEN,41,281,9.7,-2.6,0.0,0.3,.053
Vlatko Čančar,2021-22,24,DEN,15,176,12.7,-1.7,0.0,0.4,.114
Vlatko Čančar,2022-23,25,DEN,60,889,11.0,-1.8,0.0,1.7,.093
Vlatko Čančar,2023-24,,Did not play - injury,,,,,,,
Vlatko Čančar,2024-25,27,DEN,13,136,4.6,-7.1,-0.2,-0.1,-0.034
Devin Cannady,2020-21,24,ORL,8,74,11.2,-3.1,0.0,0.1,.057
Devin Cannady,2021-22,25,ORL,5,145,8.6,-3.2,0.0,0.1,.033
Larry Cannon,1969-70,22,MMF,57,1503,10.7,,,0.1,.004
Larry Cannon,1970-71,23,DNR,80,3097,18.6,,,7.2,.112
Larry Cannon,1971-72,24,2TM,54,1171,11.6,,,0.0,-0.001
Larry Cannon,1971-72,24,MMP,26,693,13.5,,,-0.2,-0.015
Larry Cannon,1971-72,24,INA,28,478,8.7,,,0.2,.019
Larry Cannon,1972-73,,Did not play - illness,,,,,,,
Larry Cannon,1973-74,26,2TM,22,361,9.8,-4.2,-0.2,-0.2,-0.033
Larry Cannon,1973-74,26,INA,3,26,4.0,-4.6,0.0,0.0,-0.075
Larry Cannon,1973-74,26,PHI,19,335,10.2,-4.1,-0.2,-0.2,-0.029
Clint Capela,2014-15,20,HOU,12,90,12.1,-5.4,-0.1,0.0,.019
Clint Capela,2015-16,21,HOU,77,1471,18.3,-0.4,0.6,4.4,.144
Clint Capela,2016-17,22,HOU,65,1551,21.4,1.2,1.2,5.9,.184
Clint Capela,2017-18,23,HOU,74,2034,24.5,3.4,2.8,10.2,.242
Clint Capela,2018-19,24,HOU,67,2249,23.8,3.0,2.8,10.8,.230
Clint Capela,2019-20,25,HOU,39,1279,20.6,1.4,1.1,4.9,.184
Clint Capela,2020-21,26,ATL,63,1898,24.3,2.7,2.2,8.2,.207
Clint Capela,2021-22,27,ATL,74,2042,21.4,2.0,2.1,8.3,.195
Clint Capela,2022-23,28,ATL,65,1730,22.1,2.2,1.8,7.2,.201
Clint Capela,2023-24,29,ATL,73,1883,20.7,0.1,1.0,6.3,.161
Clint Capela,2024-25,30,ATL,55,1176,17.7,-1.0,0.3,3.2,.131
Derrick Caracter,2010-11,22,LAL,41,215,10.0,-7.1,-0.3,0.3,.057
Frank Card,1967-68,,Did not play - other pro league,,,,,,,
Frank Card,1968-69,24,MNP,76,1596,12.2,,,2.4,.072
Frank Card,1969-70,25,WSA,74,1820,15.3,,,4.2,.110
Frank Card,1970-71,26,2TM,70,1865,11.7,,,2.6,.067
Frank Card,1970-71,26,VIR,7,70,6.6,,,0.1,.058
Frank Card,1970-71,26,CAR,63,1795,11.9,,,2.5,.067
Frank Card,1971-72,27,2TM,82,1584,9.6,,,1.9,.058
Frank Card,1971-72,27,CAR,9,141,3.0,,,-0.4,-0.125
Frank Card,1971-72,27,DNR,73,1443,10.3,,,2.3,.075
Frank Card,1972-73,28,DNR,4,36,13.4,,,0.1,.087
Brian Cardinal,2000-01,23,DET,15,126,4.7,-6.3,-0.1,0.0,-0.009
Brian Cardinal,2001-02,24,DET,8,43,15.9,2.0,0.0,0.2,.201
Brian Cardinal,2002-03,25,WAS,5,15,13.8,-2.8,0.0,0.0,.051
Brian Cardinal,2003-04,26,GSW,76,1634,19.4,3.2,2.2,7.2,.212
Brian Cardinal,2004-05,27,MEM,58,1433,14.0,0.9,1.0,3.5,.116
Brian Cardinal,2005-06,28,MEM,36,402,10.0,-2.9,-0.1,0.6,.074
Brian Cardinal,2006-07,29,MEM,28,313,17.7,4.2,0.5,0.9,.144
Brian Cardinal,2007-08,30,MEM,37,440,7.3,-5.2,-0.4,0.0,.003
Brian Cardinal,2008-09,31,MIN,64,909,8.1,-2.4,-0.1,0.9,.045
Brian Cardinal,2009-10,32,MIN,29,267,6.9,-4.4,-0.2,0.4,.071
Brian Cardinal,2010-11,33,DAL,56,618,9.7,1.2,0.5,1.7,.132
Brian Cardinal,2011-12,34,DAL,44,277,3.3,-5.2,-0.2,0.0,.004
Vernon Carey Jr.,2020-21,19,CHO,19,115,11.7,-6.1,-0.1,0.2,.066
Vernon Carey Jr.,2021-22,20,2TM,7,44,15.8,-7.5,-0.1,0.1,.068
Vernon Carey Jr.,2021-22,20,CHO,4,17,17.2,-8.0,0.0,0.0,.099
Vernon Carey Jr.,2021-22,20,WAS,3,27,15.0,-7.3,0.0,0.0,.049
Vernon Carey Jr.,2022-23,21,WAS,11,28,10.8,-5.0,0.0,0.0,.014
Vernon Carey Jr.,2023-24,,Did not play - other pro league,,,,,,,
Howie Carl,1961-62,23,CHP,31,382,9.5,,,-0.5,-0.061
Chet Carlisle,1946-47,30,CHS,51,,,,,1.6,
Geno Carlisle,2004-05,28,POR,6,16,18.1,0.6,0.0,0.1,.173
Rick Carlisle,1984-85,25,BOS,38,179,7.2,-7.5,-0.3,-0.1,-0.021
Rick Carlisle,1985-86,26,BOS,77,760,7.9,-3.0,-0.2,0.9,.056
Rick Carlisle,1986-87,27,BOS,42,297,4.6,-7.1,-0.4,-0.3,-0.054
Rick Carlisle,1987-88,28,NYK,26,204,9.0,-1.5,0.0,0.2,.036
Rick Carlisle,1988-89,,Did not play - injury,,,,,,,
Rick Carlisle,1989-90,30,NJN,5,21,-9.2,-16.4,-0.1,-0.2,-0.344
Don Carlos,1967-68,,Did not play - other pro league,,,,,,,
Don Carlos,1968-69,24,HSM,56,1527,11.9,,,2.7,.086
Al Carlson,1975-76,24,SEA,28,279,9.0,-4.0,-0.2,0.1,.012
Branden Carlson,2024-25,25,OKC,32,246,17.6,1.3,0.2,0.9,.177
Don Carlson,1946-47,27,CHS,59,,,,,5.8,
Don Carlson,1947-48,,Did not play - other pro league,,,,,,,
Don Carlson,1948-49,29,MNL,55,,,,,2.8,
Don Carlson,1949-50,30,MNL,57,,,,,2.6,
Don Carlson,1950-51,31,BLB,9,,,,,0.2,
Bob Carney,1954-55,22,MNL,19,244,8.9,,,0.3,.059
Rodney Carney,2006-07,22,PHI,67,1169,11.4,-2.2,-0.1,1.3,.055
Rodney Carney,2007-08,23,PHI,70,1039,12.1,-1.7,0.1,1.6,.075
Rodney Carney,2008-09,24,MIN,67,1199,12.1,-0.8,0.3,1.5,.059
Rodney Carney,2009-10,25,PHI,68,857,12.7,-1.3,0.2,1.5,.082
Rodney Carney,2010-11,26,2TM,27,336,10.8,-2.8,-0.1,0.3,.038
Rodney Carney,2010-11,26,GSW,25,331,10.7,-2.8,-0.1,0.3,.038
Rodney Carney,2010-11,26,MEM,2,5,20.4,1.2,0.0,0.0,.071
Bob Carpenter,1949-50,32,FTW,66,,,,,5.0,
Bob Carpenter,1950-51,33,2TM,56,,,,,1.9,
Bob Carpenter,1950-51,33,FTW,21,,,,,-0.2,
Bob Carpenter,1950-51,33,TRI,35,,,,,2.1,
Antoine Carr,1983-84,,Did not play - other pro league,,,,,,,
Antoine Carr,1984-85,23,ATL,62,1195,13.0,-1.3,0.2,2.1,.084
Antoine Carr,1985-86,24,ATL,17,258,14.4,0.2,0.1,0.7,.127
Antoine Carr,1986-87,25,ATL,65,695,15.5,0.1,0.4,2.2,.149
Antoine Carr,1987-88,26,ATL,80,1483,15.5,0.3,0.9,3.8,.122
Antoine Carr,1988-89,27,ATL,78,1488,12.7,-0.8,0.4,3.3,.106
Antoine Carr,1989-90,28,2TM,77,1727,16.4,-0.6,0.6,3.5,.097
Antoine Carr,1989-90,28,ATL,44,803,13.7,-0.8,0.3,1.5,.092
Antoine Carr,1989-90,28,SAC,33,924,18.8,-0.5,0.3,1.9,.101
Antoine Carr,1990-91,29,SAC,77,2527,18.3,0.8,1.8,5.4,.103
Antoine Carr,1991-92,30,SAS,81,1867,13.5,-2.0,0.0,4.0,.102
Antoine Carr,1992-93,31,SAS,71,1947,16.1,0.5,1.2,5.5,.136
Antoine Carr,1993-94,32,SAS,34,465,12.8,-1.7,0.0,1.2,.124
Antoine Carr,1994-95,33,UTA,78,1677,13.9,-1.6,0.2,4.3,.123
Antoine Carr,1995-96,34,UTA,80,1532,10.6,-3.5,-0.6,2.1,.065
Antoine Carr,1996-97,35,UTA,82,1460,12.1,-3.1,-0.4,2.4,.079
Antoine Carr,1997-98,36,UTA,66,1086,9.8,-3.7,-0.5,1.5,.068
Antoine Carr,1998-99,37,HOU,18,152,8.9,-5.8,-0.1,0.0,.015
Antoine Carr,1999-00,38,VAN,21,221,7.5,-5.1,-0.2,0.1,.019
Austin Carr,1971-72,23,CLE,43,1539,14.5,,,1.0,.030
Austin Carr,1972-73,24,CLE,82,3097,15.4,,,5.9,.091
Austin Carr,1973-74,25,CLE,81,3100,15.8,-0.2,1.4,5.4,.084
Austin Carr,1974-75,26,CLE,41,1081,18.9,2.4,1.2,2.9,.127
Austin Carr,1975-76,27,CLE,65,1282,15.2,-0.2,0.6,2.6,.097
Austin Carr,1976-77,28,CLE,82,2409,15.3,-0.4,1.0,5.3,.105
Austin Carr,1977-78,29,CLE,82,2186,13.6,-1.0,0.5,3.4,.074
Austin Carr,1978-79,30,CLE,82,2714,15.4,-0.7,0.9,5.0,.088
Austin Carr,1979-80,31,CLE,77,1595,14.3,-1.7,0.1,2.0,.059
Austin Carr,1980-81,32,2TM,47,657,6.2,-4.7,-0.6,-0.4,-0.029
Austin Carr,1980-81,32,DAL,8,77,-1.9,-7.3,-0.2,-0.4,-0.236
Austin Carr,1980-81,32,WSB,39,580,7.2,-4.4,-0.3,0.0,-0.001
Chris Carr,1995-96,21,PHO,60,590,10.5,-5.2,-0.5,0.3,.021
Chris Carr,1996-97,22,MIN,55,830,13.3,-0.9,0.2,1.7,.096
Chris Carr,1997-98,23,MIN,51,1165,11.6,-3.1,-0.3,1.1,.046
Chris Carr,1998-99,24,2TM,39,445,11.8,-3.2,-0.1,0.2,.026
Chris Carr,1998-99,24,MIN,11,81,6.5,-5.5,-0.1,0.0,-0.001
Chris Carr,1998-99,24,NJN,28,364,13.0,-2.7,-0.1,0.2,.032
Chris Carr,1999-00,25,2TM,57,1166,10.8,-3.8,-0.5,-0.3,-0.012
Chris Carr,1999-00,25,GSW,7,74,11.1,-5.0,-0.1,0.0,.029
Chris Carr,1999-00,25,CHI,50,1092,10.8,-3.7,-0.5,-0.3,-0.015
Chris Carr,2000-01,26,BOS,35,309,16.3,-1.3,0.1,0.9,.142
Cory Carr,1998-99,23,CHI,42,624,5.1,-8.2,-1.0,-1.2,-0.089
Kenny Carr,1977-78,22,LAL,52,733,9.2,-6.6,-0.9,0.0,-0.001
Kenny Carr,1978-79,23,LAL,72,1149,12.6,-3.5,-0.4,1.1,.046
Kenny Carr,1979-80,24,2TM,79,1838,15.9,-1.2,0.3,3.8,.099
Kenny Carr,1979-80,24,LAL,5,57,5.2,-5.0,-0.1,-0.1,-0.067
Kenny Carr,1979-80,24,CLE,74,1781,16.3,-1.1,0.4,3.9,.104
Kenny Carr,1980-81,25,CLE,81,2615,17.0,0.0,1.3,5.8,.107
Kenny Carr,1981-82,26,2TM,74,1926,14.7,-1.9,0.1,2.9,.073
Kenny Carr,1981-82,26,CLE,46,1482,15.3,-1.2,0.3,2.3,.075
Kenny Carr,1981-82,26,DET,28,444,12.7,-4.1,-0.2,0.6,.063
Kenny Carr,1982-83,27,POR,82,2331,13.7,-1.5,0.3,5.1,.106
Kenny Carr,1983-84,28,POR,82,2455,17.3,0.3,1.5,6.7,.131
Kenny Carr,1984-85,29,POR,48,1120,13.4,-2.4,-0.1,2.1,.091
Kenny Carr,1985-86,30,POR,55,1557,13.3,-2.3,-0.1,3.1,.095
Kenny Carr,1986-87,31,POR,49,1443,12.8,-1.2,0.3,2.9,.098
M.L. Carr,1973-74,,Did not play - other pro league,,,,,,,
M.L. Carr,1974-75,,Did not play - other pro league,,,,,,,
M.L. Carr,1975-76,25,SSL,74,2174,15.3,1.1,1.7,4.5,.099
M.L. Carr,1976-77,26,DET,82,2643,15.2,1.1,2.1,5.9,.107
M.L. Carr,1977-78,27,DET,79,2556,13.6,0.0,1.3,4.5,.085
M.L. Carr,1978-79,28,DET,80,3207,16.3,1.4,2.8,7.9,.118
M.L. Carr,1979-80,29,BOS,82,1994,14.6,1.3,1.7,5.2,.125
M.L. Carr,1980-81,30,BOS,41,655,11.6,-0.4,0.3,1.1,.082
M.L. Carr,1981-82,31,BOS,56,1296,11.9,0.5,0.8,2.8,.103
M.L. Carr,1982-83,32,BOS,77,883,9.7,-2.9,-0.2,0.8,.046
M.L. Carr,1983-84,33,BOS,60,585,7.8,-3.6,-0.2,0.4,.034
M.L. Carr,1984-85,34,BOS,47,397,9.9,-2.5,-0.1,0.4,.050
Darel Carrier,1964-65,,Did not play - other pro league,,,,,,,
Darel Carrier,1965-66,,Did not play - other pro league,,,,,,,
Darel Carrier,1966-67,,Did not play - other pro league,,,,,,,
Darel Carrier,1967-68,27,KEN,77,3192,16.4,,,8.7,.131
Darel Carrier,1968-69,28,KEN,73,2858,16.8,,,7.8,.131
Darel Carrier,1969-70,29,KEN,77,2805,17.0,,,8.0,.137
Darel Carrier,1970-71,30,KEN,84,2664,13.0,,,4.9,.088
Darel Carrier,1971-72,31,KEN,23,629,12.1,,,0.9,.072
Darel Carrier,1972-73,32,MMT,16,190,7.5,,,0.2,.051
Bob Carrington,1976-77,,Did not play - other pro league,,,,,,,
Bob Carrington,1977-78,24,2TM,72,1653,9.7,-3.1,-0.4,1.3,.038
Bob Carrington,1977-78,24,NJN,37,1032,8.3,-4.2,-0.6,0.4,.017
Bob Carrington,1977-78,24,IND,35,621,12.1,-1.2,0.1,1.0,.074
Bob Carrington,1978-79,,Did not play - other pro league,,,,,,,
Bob Carrington,1979-80,26,SDC,10,134,5.9,-4.6,-0.1,0.0,.001
Bub Carrington,2024-25,19,WAS,82,2458,9.0,-4.6,-1.6,0.2,.005
DeMarre Carroll,2009-10,23,MEM,71,795,8.5,-4.2,-0.4,0.5,.031
DeMarre Carroll,2010-11,24,2TM,12,50,8.7,-3.5,0.0,0.1,.066
DeMarre Carroll,2010-11,24,MEM,7,39,12.4,-1.4,0.0,0.1,.145
DeMarre Carroll,2010-11,24,HOU,5,11,-4.5,-10.8,0.0,0.0,-0.214
DeMarre Carroll,2011-12,25,2TM,24,348,11.1,-1.9,0.0,0.5,.069
DeMarre Carroll,2011-12,25,DEN,4,21,25.2,9.3,0.1,0.1,.211
DeMarre Carroll,2011-12,25,UTA,20,327,10.1,-2.6,-0.1,0.4,.060
DeMarre Carroll,2012-13,26,UTA,66,1111,15.5,1.3,0.9,3.1,.134
DeMarre Carroll,2013-14,27,ATL,73,2341,13.9,0.7,1.6,5.8,.119
DeMarre Carroll,2014-15,28,ATL,70,2189,15.9,1.7,2.0,7.0,.154
DeMarre Carroll,2015-16,29,TOR,26,786,11.9,0.3,0.5,1.2,.074
DeMarre Carroll,2016-17,30,TOR,72,1882,11.9,0.0,1.0,3.8,.097
DeMarre Carroll,2017-18,31,BRK,73,2180,14.3,0.2,1.2,4.1,.091
DeMarre Carroll,2018-19,32,BRK,67,1703,12.1,-1.5,0.2,3.1,.088
DeMarre Carroll,2019-20,33,2TM,24,290,9.1,-3.9,-0.1,0.3,.045
DeMarre Carroll,2019-20,33,SAS,15,135,4.9,-7.0,-0.2,-0.1,-0.036
DeMarre Carroll,2019-20,33,HOU,9,155,12.8,-1.1,0.0,0.4,.114
Joe Barry Carroll,1980-81,22,GSW,82,2919,16.4,-1.3,0.5,5.7,.094
Joe Barry Carroll,1981-82,23,GSW,76,2627,15.9,-0.8,0.8,5.5,.100
Joe Barry Carroll,1982-83,24,GSW,79,2988,20.1,1.5,2.6,7.0,.113
Joe Barry Carroll,1983-84,25,GSW,80,2962,16.8,0.2,1.6,4.7,.077
Joe Barry Carroll,1984-85,,Did not play - other pro league,,,,,,,
Joe Barry Carroll,1985-86,27,GSW,79,2801,17.2,-0.7,0.9,3.4,.059
Joe Barry Carroll,1986-87,28,GSW,81,2724,18.4,0.7,1.8,4.6,.082
Joe Barry Carroll,1987-88,29,2TM,77,2004,13.6,-2.2,-0.1,1.6,.039
Joe Barry Carroll,1987-88,29,GSW,14,408,11.8,-5.0,-0.3,-0.4,-0.048
Joe Barry Carroll,1987-88,29,HOU,63,1596,14.0,-1.5,0.2,2.0,.061
Joe Barry Carroll,1988-89,30,NJN,64,1996,14.2,-1.0,0.5,2.3,.056
Joe Barry Carroll,1989-90,31,2TM,76,1721,12.6,-2.9,-0.4,0.7,.019
Joe Barry Carroll,1989-90,31,NJN,46,1002,11.8,-3.3,-0.3,0.6,.028
Joe Barry Carroll,1989-90,31,DEN,30,719,13.8,-2.3,0.0,0.1,.006
Joe Barry Carroll,1990-91,32,PHO,11,96,8.6,-5.3,-0.1,0.0,-0.014
Matt Carroll,2003-04,23,2TM,16,70,3.8,-8.2,-0.1,0.0,-0.033
Matt Carroll,2003-04,23,POR,13,48,6.2,-6.6,-0.1,0.0,.011
Matt Carroll,2003-04,23,SAS,3,22,-1.5,-11.5,-0.1,-0.1,-0.129
Matt Carroll,2004-05,24,CHA,25,430,14.7,-2.3,0.0,0.7,.078
Matt Carroll,2005-06,25,CHA,78,1275,13.9,-0.6,0.5,2.6,.097
Matt Carroll,2006-07,26,CHA,72,1878,14.6,0.3,1.1,4.6,.117
Matt Carroll,2007-08,27,CHA,80,2016,10.7,-2.0,0.0,3.0,.071
Matt Carroll,2008-09,28,2TM,55,616,5.5,-4.8,-0.4,-0.1,-0.008
Matt Carroll,2008-09,28,CHA,34,475,7.0,-3.3,-0.2,0.1,.015
Matt Carroll,2008-09,28,DAL,21,141,0.5,-9.9,-0.3,-0.2,-0.084
Matt Carroll,2009-10,29,DAL,25,121,7.1,-7.6,-0.2,-0.1,-0.029
Matt Carroll,2010-11,30,CHA,54,582,12.2,-2.7,-0.1,0.8,.062
Matt Carroll,2011-12,31,CHA,53,596,5.6,-7.4,-0.8,-0.6,-0.051
Matt Carroll,2012-13,32,CHA,1,6,2.9,-10.0,0.0,0.0,.029
Jimmy Carruth,1996-97,27,MIL,4,21,9.7,-3.0,0.0,0.0,.090
Anthony Carter,1999-00,24,MIA,79,1859,11.0,-2.7,-0.4,1.4,.036
Anthony Carter,2000-01,25,MIA,72,1630,11.3,-1.9,0.0,1.7,.050
Anthony Carter,2001-02,26,MIA,46,1050,8.9,-3.1,-0.3,0.2,.008
Anthony Carter,2002-03,27,MIA,49,912,9.9,-3.9,-0.4,-0.2,-0.012
Anthony Carter,2003-04,28,SAS,5,87,0.3,-10.9,-0.2,-0.3,-0.176
Anthony Carter,2004-05,29,MIN,66,742,11.3,-1.8,0.0,0.5,.034
Anthony Carter,2005-06,30,MIN,45,589,10.6,-2.2,0.0,0.6,.047
Anthony Carter,2006-07,31,DEN,2,37,3.3,-7.6,-0.1,-0.1,-0.115
Anthony Carter,2007-08,32,DEN,70,1960,12.8,-0.1,1.0,3.8,.092
Anthony Carter,2008-09,33,DEN,78,1787,10.8,-1.3,0.3,1.8,.047
Anthony Carter,2009-10,34,DEN,54,859,10.3,-0.8,0.3,0.9,.051
Anthony Carter,2010-11,35,2TM,33,463,9.2,-2.4,-0.1,0.2,.023
Anthony Carter,2010-11,35,DEN,14,153,5.4,-3.7,-0.1,-0.1,-0.018
Anthony Carter,2010-11,35,NYK,19,310,11.1,-1.8,0.0,0.3,.044
Anthony Carter,2011-12,36,TOR,24,209,8.7,-3.0,-0.1,0.0,.001
Butch Carter,1980-81,22,LAL,54,672,10.7,-4.1,-0.4,0.9,.067
Butch Carter,1981-82,23,IND,75,1035,11.1,-2.6,-0.2,1.3,.059
Butch Carter,1982-83,24,IND,81,1716,14.9,-1.0,0.4,3.0,.085
Butch Carter,1983-84,25,IND,73,2045,13.5,-1.2,0.4,2.6,.061
Butch Carter,1984-85,26,NYK,69,1279,11.5,-2.2,-0.1,0.9,.032
Butch Carter,1985-86,27,2TM,9,67,-1.3,-13.2,-0.2,-0.2,-0.125
Butch Carter,1985-86,27,NYK,5,31,-5.4,-14.5,-0.1,-0.2,-0.252
Butch Carter,1985-86,27,PHI,4,36,2.2,-12.0,-0.1,0.0,-0.016
Devin Carter,2024-25,22,SAC,36,396,10.8,-3.2,-0.1,0.4,.043
Fred Carter,1969-70,24,BAL,76,1219,7.9,,,-0.3,-0.013
Fred Carter,1970-71,25,BAL,77,1707,12.3,,,1.3,.036
Fred Carter,1971-72,26,2TM,79,2215,12.5,,,1.8,.040
Fred Carter,1971-72,26,BAL,2,68,6.0,,,-0.3,-0.206
Fred Carter,1971-72,26,PHI,77,2147,12.7,,,2.1,.048
Fred Carter,1972-73,27,PHI,81,2993,15.2,,,1.3,.020
Fred Carter,1973-74,28,PHI,78,3044,15.7,-0.8,0.9,2.3,.036
Fred Carter,1974-75,29,PHI,77,3046,15.9,-0.7,1.0,4.7,.074
Fred Carter,1975-76,30,PHI,82,2992,14.5,-1.6,0.3,3.3,.053
Fred Carter,1976-77,31,2TM,61,1112,11.7,-3.2,-0.4,0.4,.018
Fred Carter,1976-77,31,PHI,14,237,10.4,-3.4,-0.1,0.1,.024
Fred Carter,1976-77,31,MIL,47,875,12.1,-3.2,-0.3,0.3,.017
George Carter,1967-68,24,DET,1,5,21.3,,,0.0,.230
George Carter,1968-69,,Did not play - military service,,,,,,,
George Carter,1969-70,26,WSA,67,1848,14.6,,,2.2,.057
George Carter,1970-71,27,VIR,81,2721,16.4,,,6.4,.112
George Carter,1971-72,28,2TM,75,2623,15.4,,,2.9,.053
George Carter,1971-72,28,PTC,46,1885,13.8,,,0.5,.013
George Carter,1971-72,28,CAR,29,738,19.4,,,2.4,.154
George Carter,1972-73,29,NYA,83,2976,14.2,,,4.2,.068
George Carter,1973-74,30,VIR,80,2815,14.3,-2.1,0.0,4.4,.075
George Carter,1974-75,31,MMS,82,3066,15.2,-1.5,0.4,4.1,.064
George Carter,1975-76,32,UTS,10,180,11.7,-2.7,0.0,0.2,.044
George Carter,1976-77,,Did not play - other pro league,,,,,,,
Howard Carter,1983-84,22,DEN,55,688,12.0,-3.9,-0.3,0.4,.028
Howard Carter,1984-85,23,DAL,11,66,-7.4,-15.5,-0.2,-0.4,-0.309
Jake Carter,1948-49,,Did not play - other pro league,,,,,,,
Jake Carter,1949-50,25,2TM,24,,,,,0.7,
Jake Carter,1949-50,25,DNN,13,,,,,0.0,
Jake Carter,1949-50,25,AND,11,,,,,0.7,
Jevon Carter,2018-19,23,MEM,39,577,7.8,-4.0,-0.3,0.0,-0.003
Jevon Carter,2019-20,24,PHO,58,945,11.3,0.6,0.6,1.8,.093
Jevon Carter,2020-21,25,PHO,60,717,12.2,0.5,0.5,1.6,.104
Jevon Carter,2021-22,26,2TM,66,905,9.6,-2.2,-0.1,1.2,.062
Jevon Carter,2021-22,26,BRK,46,552,6.5,-4.4,-0.3,-0.1,-0.005
Jevon Carter,2021-22,26,MIL,20,353,14.4,1.2,0.3,1.2,.167
Jevon Carter,2022-23,27,MIL,81,1810,10.9,-0.6,0.6,3.5,.092
Jevon Carter,2023-24,28,CHI,72,1004,8.5,-4.0,-0.5,0.2,.009
Jevon Carter,2024-25,29,CHI,36,321,12.2,-2.1,0.0,0.3,.046
Maurice Carter,2003-04,27,2TM,10,110,5.8,-8.0,-0.2,0.0,-0.014
Maurice Carter,2003-04,27,LAL,4,50,7.1,-8.6,-0.1,0.0,.010
Maurice Carter,2003-04,27,NOH,6,60,4.8,-7.5,-0.1,0.0,-0.035
Reggie Carter,1980-81,23,NYK,60,536,8.8,-3.7,-0.2,0.1,.010
Reggie Carter,1981-82,24,NYK,75,923,9.4,-3.5,-0.3,0.3,.016
Ron Carter,1978-79,22,LAL,46,332,9.3,-4.8,-0.3,0.0,-0.002
Ron Carter,1979-80,23,IND,13,117,4.2,-5.8,-0.2,-0.1,-0.058
Vince Carter,1998-99,22,TOR,50,1760,19.6,2.8,2.1,5.0,.136
Vince Carter,1999-00,23,TOR,82,3126,23.4,5.5,5.9,11.8,.182
Vince Carter,2000-01,24,TOR,75,2979,25.0,7.6,7.2,12.9,.208
Vince Carter,2001-02,25,TOR,60,2385,20.5,4.4,3.9,7.0,.140
Vince Carter,2002-03,26,TOR,43,1471,21.9,4.5,2.4,4.2,.136
Vince Carter,2003-04,27,TOR,73,2785,20.0,3.6,3.9,6.0,.103
Vince Carter,2004-05,28,2TM,77,2828,22.9,6.0,5.7,9.4,.159
Vince Carter,2004-05,28,TOR,20,608,17.0,2.3,0.7,0.9,.068
Vince Carter,2004-05,28,NJN,57,2220,24.5,7.0,5.1,8.5,.184
Vince Carter,2005-06,29,NJN,79,2906,21.6,5.1,5.2,9.3,.153
Vince Carter,2006-07,30,NJN,82,3126,21.8,3.9,4.6,10.5,.161
Vince Carter,2007-08,31,NJN,76,2959,18.8,2.4,3.3,7.7,.126
Vince Carter,2008-09,32,NJN,80,2946,19.3,2.4,3.3,7.5,.123
Vince Carter,2009-10,33,ORL,75,2310,17.1,2.0,2.3,7.4,.154
Vince Carter,2010-11,34,2TM,73,2051,14.8,0.3,1.2,3.8,.089
Vince Carter,2010-11,34,ORL,22,664,16.2,1.8,0.6,2.1,.151
Vince Carter,2010-11,34,PHO,51,1387,14.2,-0.4,0.6,1.7,.060
Vince Carter,2011-12,35,DAL,61,1542,13.6,0.1,0.8,2.9,.090
Vince Carter,2012-13,36,DAL,81,2093,17.8,3.1,2.6,6.0,.137
Vince Carter,2013-14,37,DAL,81,1973,15.9,1.2,1.6,4.3,.105
Vince Carter,2014-15,38,MEM,66,1091,9.6,-1.7,0.1,1.0,.043
Vince Carter,2015-16,39,MEM,60,1005,12.7,-1.0,0.3,1.8,.084
Vince Carter,2016-17,40,MEM,73,1799,11.7,0.8,1.3,4.0,.106
Vince Carter,2017-18,41,SAC,58,1026,10.8,-1.2,0.2,1.2,.056
Vince Carter,2018-19,42,ATL,76,1330,11.8,-0.7,0.5,1.9,.070
Vince Carter,2019-20,43,ATL,60,876,7.5,-4.3,-0.5,-0.2,-0.011
Wendell Carter Jr.,2018-19,19,CHI,44,1110,15.2,-1.6,0.1,1.9,.080
Wendell Carter Jr.,2019-20,20,CHI,43,1256,15.5,-2.4,-0.1,3.3,.127
Wendell Carter Jr.,2020-21,21,2TM,54,1375,16.7,-1.3,0.2,3.4,.118
Wendell Carter Jr.,2020-21,21,CHI,32,792,16.3,-1.0,0.2,2.1,.130
Wendell Carter Jr.,2020-21,21,ORL,22,583,17.3,-1.7,0.0,1.2,.103
Wendell Carter Jr.,2021-22,22,ORL,62,1852,18.4,1.6,1.7,5.0,.129
Wendell Carter Jr.,2022-23,23,ORL,57,1690,17.3,1.0,1.3,4.6,.130
Wendell Carter Jr.,2023-24,24,ORL,55,1406,15.9,0.9,1.0,4.4,.149
Wendell Carter Jr.,2024-25,25,ORL,68,1758,13.7,-1.2,0.3,4.6,.125
Michael Carter-Williams,2013-14,22,PHI,70,2414,15.5,-0.5,0.9,1.3,.026
Michael Carter-Williams,2014-15,23,2TM,66,2149,14.1,-1.1,0.5,0.8,.017
Michael Carter-Williams,2014-15,23,PHI,41,1391,12.8,-2.0,0.0,-0.5,-0.017
Michael Carter-Williams,2014-15,23,MIL,25,758,16.3,0.6,0.5,1.3,.080
Michael Carter-Williams,2015-16,24,MIL,54,1649,13.9,-0.7,0.5,1.2,.035
Michael Carter-Williams,2016-17,25,CHI,45,846,9.9,-3.2,-0.3,0.2,.013
Michael Carter-Williams,2017-18,26,CHO,52,835,10.8,-1.5,0.1,0.9,.050
Michael Carter-Williams,2018-19,27,2TM,28,372,14.7,0.8,0.3,0.8,.099
Michael Carter-Williams,2018-19,27,HOU,16,145,12.7,-1.6,0.0,0.1,.044
Michael Carter-Williams,2018-19,27,ORL,12,227,16.1,2.4,0.3,0.6,.134
Michael Carter-Williams,2019-20,28,ORL,45,833,15.3,0.1,0.5,1.9,.111
Michael Carter-Williams,2020-21,29,ORL,31,800,9.5,-4.8,-0.6,-0.5,-0.028
Michael Carter-Williams,2021-22,,Did not play - injury,,,,,,,
Michael Carter-Williams,2022-23,31,ORL,4,44,9.0,-6.3,0.0,0.0,-0.003
Michael Carter-Williams,2023-24,,Did not play - other pro league,,,,,,,
D.J. Carton,2023-24,23,TOR,4,36,9.6,-5.3,0.0,0.0,.062
D.J. Carton,2024-25,24,TOR,4,33,-2.6,-11.1,-0.1,-0.1,-0.199
Bill Cartwright,1979-80,22,NYK,82,3150,17.9,0.6,2.1,9.7,.148
Bill Cartwright,1980-81,23,NYK,82,2925,18.4,1.1,2.3,10.0,.164
Bill Cartwright,1981-82,24,NYK,72,2060,16.3,0.0,1.1,5.0,.116
Bill Cartwright,1982-83,25,NYK,82,2468,19.0,2.8,3.0,10.1,.197
Bill Cartwright,1983-84,26,NYK,77,2487,18.5,2.0,2.5,9.8,.189
Bill Cartwright,1984-85,,Did not play - injury,,,,,,,
Bill Cartwright,1985-86,28,NYK,2,36,8.9,-3.1,0.0,0.0,-0.016
Bill Cartwright,1986-87,29,NYK,58,1989,17.1,0.7,1.4,5.8,.140
Bill Cartwright,1987-88,30,NYK,82,1676,17.8,2.0,1.7,6.4,.183
Bill Cartwright,1988-89,31,CHI,78,2333,11.0,-5.0,-1.7,2.1,.042
Bill Cartwright,1989-90,32,CHI,71,2160,12.8,-2.5,-0.3,4.5,.100
Bill Cartwright,1990-91,33,CHI,79,2273,11.5,-2.6,-0.4,4.2,.089
Bill Cartwright,1991-92,34,CHI,64,1471,10.9,-3.2,-0.4,2.5,.082
Bill Cartwright,1992-93,35,CHI,63,1253,8.3,-4.9,-0.9,1.2,.048
Bill Cartwright,1993-94,36,CHI,42,780,10.1,-2.6,-0.1,1.3,.077
Bill Cartwright,1994-95,37,SEA,29,430,4.0,-6.2,-0.5,0.2,.021
Jay Carty,1968-69,27,LAL,28,192,10.1,,,-0.1,-0.017
Alex Caruso,2017-18,23,LAL,37,562,8.7,-2.9,-0.1,0.5,.041
Alex Caruso,2018-19,24,LAL,25,531,13.9,-0.2,0.2,1.0,.093
Alex Caruso,2019-20,25,LAL,64,1175,10.8,-0.2,0.5,2.3,.095
Alex Caruso,2020-21,26,LAL,58,1216,11.1,0.0,0.6,2.4,.095
Alex Caruso,2021-22,27,CHI,41,1147,11.7,0.2,0.6,2.0,.082
Alex Caruso,2022-23,28,CHI,67,1575,11.5,1.1,1.2,3.6,.109
Alex Caruso,2023-24,29,CHI,71,2040,14.5,2.5,2.3,4.9,.115
Alex Caruso,2024-25,30,OKC,54,1041,15.9,4.0,1.6,3.9,.180
Cornelius Cash,1975-76,,Did not play - waived,,,,,,,
Cornelius Cash,1976-77,24,DET,6,49,12.0,-4.6,-0.1,0.0,-0.010
Sam Cash,1972-73,22,MMT,7,52,3.1,,,-0.1,-0.103
Sam Cassell,1993-94,24,HOU,66,1122,13.1,-0.7,0.4,2.2,.093
Sam Cassell,1994-95,25,HOU,82,1882,15.9,0.3,1.1,4.7,.120
Sam Cassell,1995-96,26,HOU,61,1682,16.8,0.3,1.0,3.9,.110
Sam Cassell,1996-97,27,3TM,61,1714,18.4,2.2,1.8,3.9,.108
Sam Cassell,1996-97,27,PHO,22,539,18.3,2.3,0.6,1.2,.103
Sam Cassell,1996-97,27,DAL,16,398,15.8,-0.4,0.2,0.5,.062
Sam Cassell,1996-97,27,NJN,23,777,19.7,3.6,1.1,2.2,.136
Sam Cassell,1997-98,28,NJN,75,2606,21.0,3.6,3.7,8.3,.152
Sam Cassell,1998-99,29,2TM,8,199,23.1,4.6,0.3,0.8,.187
Sam Cassell,1998-99,29,NJN,4,100,23.7,5.4,0.2,0.4,.194
Sam Cassell,1998-99,29,MIL,4,99,22.5,3.7,0.1,0.4,.179
Sam Cassell,1999-00,30,MIL,81,2899,21.1,2.2,3.1,9.2,.152
Sam Cassell,2000-01,31,MIL,76,2709,20.1,1.1,2.1,8.5,.150
Sam Cassell,2001-02,32,MIL,74,2605,21.3,2.4,2.9,8.6,.158
Sam Cassell,2002-03,33,MIL,78,2700,22.3,2.7,3.2,9.6,.171
Sam Cassell,2003-04,34,MIN,81,2838,22.8,4.4,4.6,12.1,.205
Sam Cassell,2004-05,35,MIN,59,1522,18.6,1.2,1.2,3.8,.119
Sam Cassell,2005-06,36,LAC,78,2653,18.5,1.6,2.4,7.6,.137
Sam Cassell,2006-07,37,LAC,58,1407,17.1,0.1,0.8,2.8,.095
Sam Cassell,2007-08,38,2TM,55,1274,15.4,-0.9,0.3,1.8,.067
Sam Cassell,2007-08,38,LAC,38,975,16.8,-0.4,0.4,1.4,.069
Sam Cassell,2007-08,38,BOS,17,299,11.0,-2.6,0.0,0.4,.061
Omri Casspi,2009-10,21,SAC,77,1931,13.0,-1.1,0.4,2.5,.063
Omri Casspi,2010-11,22,SAC,71,1702,11.7,-0.6,0.6,2.5,.069
Omri Casspi,2011-12,23,CLE,65,1341,11.2,-2.2,-0.1,1.2,.044
Omri Casspi,2012-13,24,CLE,43,503,12.9,-0.1,0.2,0.7,.064
Omri Casspi,2013-14,25,HOU,71,1283,12.9,-0.3,0.5,2.4,.091
Omri Casspi,2014-15,26,SAC,67,1416,14.4,-0.8,0.4,2.7,.091
Omri Casspi,2015-16,27,SAC,69,1880,13.9,0.1,1.0,3.6,.092
Omri Casspi,2016-17,28,3TM,36,643,10.0,-3.2,-0.2,0.5,.038
Omri Casspi,2016-17,28,SAC,22,397,11.4,-2.6,-0.1,0.4,.043
Omri Casspi,2016-17,28,NOP,1,24,10.0,-5.3,0.0,0.0,.015
Omri Casspi,2016-17,28,MIN,13,222,7.5,-3.9,-0.1,0.1,.032
Omri Casspi,2017-18,29,GSW,53,740,15.5,-0.9,0.2,2.2,.140
Omri Casspi,2018-19,30,MEM,36,520,15.7,0.4,0.3,1.3,.119
Stephon Castle,2024-25,20,SAS,81,2162,13.7,-3.2,-0.6,1.1,.025
Colin Castleton,2023-24,23,LAL,16,59,13.0,-5.2,0.0,0.2,.128
Colin Castleton,2024-25,24,3TM,26,432,11.3,-5.0,-0.3,0.7,.075
Colin Castleton,2024-25,24,MEM,10,46,7.4,-7.1,-0.1,0.1,.068
Colin Castleton,2024-25,24,TOR,11,288,10.1,-5.7,-0.3,0.3,.047
Colin Castleton,2024-25,24,PHI,5,98,16.5,-2.0,0.0,0.3,.161
Harvey Catchings,1974-75,23,PHI,37,528,12.1,1.0,0.4,1.2,.107
Harvey Catchings,1975-76,24,PHI,75,1731,9.6,-0.9,0.5,2.3,.065
Harvey Catchings,1976-77,25,PHI,53,864,10.0,0.1,0.5,1.7,.092
Harvey Catchings,1977-78,26,PHI,61,748,11.2,-1.0,0.2,1.4,.087
Harvey Catchings,1978-79,27,2TM,57,948,11.1,-1.8,0.1,1.1,.058
Harvey Catchings,1978-79,27,PHI,25,289,9.9,-2.1,0.0,0.1,.021
Harvey Catchings,1978-79,27,NJN,32,659,11.6,-1.6,0.1,1.0,.074
Harvey Catchings,1979-80,28,MIL,72,1366,10.9,0.1,0.7,2.6,.090
Harvey Catchings,1980-81,29,MIL,77,1635,10.4,-0.1,0.8,3.1,.092
Harvey Catchings,1981-82,30,MIL,80,1603,8.1,-0.4,0.6,2.3,.070
Harvey Catchings,1982-83,31,MIL,74,1554,9.8,0.1,0.8,3.1,.096
Harvey Catchings,1983-84,32,MIL,69,1156,6.7,-2.1,0.0,1.3,.056
Harvey Catchings,1984-85,33,LAC,70,1049,7.8,-3.7,-0.5,1.1,.050
Terry Catledge,1985-86,22,PHI,64,1092,12.6,-3.9,-0.5,1.7,.074
Terry Catledge,1986-87,23,WSB,78,2149,14.2,-2.7,-0.4,3.6,.080
Terry Catledge,1987-88,24,WSB,70,1610,14.7,-1.6,0.1,3.5,.103
Terry Catledge,1988-89,25,WSB,79,2077,12.6,-3.0,-0.5,3.3,.077
Terry Catledge,1989-90,26,ORL,74,2462,15.0,-3.4,-0.9,2.5,.049
Terry Catledge,1990-91,27,ORL,51,1459,14.5,-2.4,-0.2,1.6,.051
Terry Catledge,1991-92,28,ORL,78,2430,15.2,-1.0,0.6,4.6,.091
Terry Catledge,1992-93,29,ORL,21,262,8.5,-5.0,-0.2,0.1,.027
Terry Catledge,1993-94,,Did not play - other pro league,,,,,,,
Terry Catledge,1994-95,,Did not play - other pro league,,,,,,,
Sid Catlett,1971-72,23,CIN,9,40,-1.4,,,-0.2,-0.197
Kelvin Cato,1997-98,23,POR,74,1007,13.3,-0.6,0.4,2.7,.129
Kelvin Cato,1998-99,24,POR,43,545,14.5,0.1,0.3,1.6,.144
Kelvin Cato,1999-00,25,HOU,65,1581,15.9,-0.2,0.7,4.2,.128
Kelvin Cato,2000-01,26,HOU,35,624,13.0,-1.2,0.1,1.7,.128
Kelvin Cato,2001-02,27,HOU,75,1917,15.0,-0.7,0.6,5.3,.133
Kelvin Cato,2002-03,28,HOU,73,1247,15.5,-0.2,0.6,3.8,.145
Kelvin Cato,2003-04,29,HOU,69,1743,13.2,0.4,1.1,4.6,.127
Kelvin Cato,2004-05,30,ORL,62,1525,14.9,0.7,1.1,4.3,.137
Kelvin Cato,2005-06,31,2TM,27,333,9.3,-5.2,-0.3,0.3,.045
Kelvin Cato,2005-06,31,ORL,23,299,9.4,-4.9,-0.2,0.3,.052
Kelvin Cato,2005-06,31,DET,4,34,7.7,-7.5,0.0,0.0,-0.013
Kelvin Cato,2006-07,32,NYK,18,95,12.3,-2.8,0.0,0.1,.036
Bobby Cattage,1981-82,23,UTA,49,337,10.5,-6.2,-0.4,0.2,.028
Bobby Cattage,1982-83,,Did not play - other pro league,,,,,,,
Bobby Cattage,1983-84,,Did not play - other pro league,,,,,,,
Bobby Cattage,1984-85,,Did not play - other pro league,,,,,,,
Bobby Cattage,1985-86,27,NJN,29,185,9.8,-6.5,-0.2,0.1,.025
Willie Cauley-Stein,2015-16,22,SAC,66,1412,15.3,-0.8,0.4,3.8,.130
Willie Cauley-Stein,2016-17,23,SAC,75,1421,16.3,-1.0,0.3,2.9,.100
Willie Cauley-Stein,2017-18,24,SAC,73,2044,17.6,-0.1,1.0,3.9,.092
Willie Cauley-Stein,2018-19,25,SAC,81,2213,18.0,1.2,1.8,6.7,.146
Willie Cauley-Stein,2019-20,26,2TM,54,1097,17.0,0.5,0.7,2.9,.128
Willie Cauley-Stein,2019-20,26,GSW,41,940,16.2,0.0,0.5,2.2,.113
Willie Cauley-Stein,2019-20,26,DAL,13,157,22.2,3.1,0.2,0.7,.222
Willie Cauley-Stein,2020-21,27,DAL,53,906,14.3,-1.3,0.2,2.8,.147
Willie Cauley-Stein,2021-22,28,2TM,20,183,8.3,-3.0,0.0,0.2,.066
Willie Cauley-Stein,2021-22,28,DAL,18,177,8.4,-3.1,0.0,0.2,.063
Willie Cauley-Stein,2021-22,28,PHI,2,6,4.2,1.2,0.0,0.0,.136
Troy Caupain,2018-19,23,ORL,4,16,30.7,13.3,0.1,0.1,.347
Duane Causwell,1990-91,22,SAC,76,1719,13.0,-1.4,0.3,2.8,.079
Duane Causwell,1991-92,23,SAC,80,2291,12.4,-1.9,0.0,3.9,.081
Duane Causwell,1992-93,24,SAC,55,1211,14.2,-0.7,0.4,2.9,.115
Duane Causwell,1993-94,25,SAC,41,674,11.8,-2.6,-0.1,1.2,.085
Duane Causwell,1994-95,26,SAC,58,820,11.4,-1.4,0.1,1.8,.105
Duane Causwell,1995-96,27,SAC,73,1044,9.9,-3.2,-0.3,1.3,.059
Duane Causwell,1996-97,28,SAC,46,581,8.9,-3.6,-0.2,0.7,.060
Duane Causwell,1997-98,29,MIA,37,363,9.2,-4.7,-0.2,0.5,.069
Duane Causwell,1998-99,30,MIA,19,137,8.1,-7.0,-0.2,0.0,-0.007
Duane Causwell,1999-00,31,MIA,25,185,14.1,-1.7,0.0,0.7,.171
Duane Causwell,2000-01,32,MIA,31,384,4.8,-6.7,-0.5,0.0,.002
Tyler Cavanaugh,2017-18,23,ATL,39,518,13.0,-1.9,0.0,1.2,.109
Tyler Cavanaugh,2018-19,24,UTA,11,39,5.0,-8.4,-0.1,0.0,.026
Ron Cavenall,1984-85,25,NYK,53,653,4.1,-5.8,-0.6,-0.2,-0.016
Ron Cavenall,1985-86,,Did not play - other pro league,,,,,,,
Ron Cavenall,1986-87,,Did not play - other pro league,,,,,,,
Ron Cavenall,1987-88,,Did not play - other pro league,,,,,,,
Ron Cavenall,1988-89,29,NJN,5,16,7.4,-8.4,0.0,0.0,-0.055
Ahmad Caver,2021-22,25,IND,1,1,76.2,36.9,0.0,0.0,1.204
Malcolm Cazalon,2023-24,22,DET,1,3,0.0,-9.1,0.0,0.0,-0.012
Cedric Ceballos,1990-91,21,PHO,63,730,17.8,-2.1,0.0,1.3,.085
Cedric Ceballos,1991-92,22,PHO,64,725,16.9,-1.4,0.1,1.3,.085
Cedric Ceballos,1992-93,23,PHO,74,1607,21.0,2.4,1.8,6.2,.186
Cedric Ceballos,1993-94,24,PHO,53,1602,20.9,2.3,1.8,5.5,.166
Cedric Ceballos,1994-95,25,LAL,58,2029,19.9,0.9,1.5,5.2,.123
Cedric Ceballos,1995-96,26,LAL,78,2628,22.1,2.6,3.1,9.8,.180
Cedric Ceballos,1996-97,27,2TM,50,1426,16.2,-1.8,0.1,2.4,.082
Cedric Ceballos,1996-97,27,LAL,8,279,9.7,-1.5,0.0,0.2,.041
Cedric Ceballos,1996-97,27,PHO,42,1147,17.7,-1.9,0.0,2.2,.092
Cedric Ceballos,1997-98,28,2TM,47,990,19.3,2.0,1.0,2.8,.138
Cedric Ceballos,1997-98,28,PHO,35,626,19.2,2.5,0.7,2.1,.163
Cedric Ceballos,1997-98,28,DAL,12,364,19.4,1.1,0.3,0.7,.094
Cedric Ceballos,1998-99,29,DAL,13,352,15.4,-1.4,0.0,0.4,.055
Cedric Ceballos,1999-00,30,DAL,69,2064,18.1,-1.0,0.5,4.0,.094
Cedric Ceballos,2000-01,31,2TM,40,559,15.4,-0.5,0.2,1.3,.114
Cedric Ceballos,2000-01,31,DET,13,166,13.0,-0.4,0.1,0.3,.081
Cedric Ceballos,2000-01,31,MIA,27,393,16.4,-0.5,0.2,1.1,.129
John Celestand,1999-00,22,LAL,16,185,2.7,-7.6,-0.3,-0.1,-0.038
Al Cervi,1949-50,32,SYR,56,,,,,9.3,
Al Cervi,1950-51,33,SYR,53,,,,,5.3,
Al Cervi,1951-52,34,SYR,55,850,22.1,,,5.3,.297
Al Cervi,1952-53,35,SYR,38,301,18.3,,,2.1,.339
Lionel Chalmers,2004-05,24,LAC,36,433,6.5,-5.3,-0.4,-0.2,-0.025
Mario Chalmers,2008-09,22,MIA,82,2626,13.3,-0.4,1.0,5.2,.095
Mario Chalmers,2009-10,23,MIA,73,1807,10.7,-1.3,0.3,2.7,.072
Mario Chalmers,2010-11,24,MIA,70,1579,10.3,-0.8,0.5,2.9,.089
Mario Chalmers,2011-12,25,MIA,64,1825,12.9,0.4,1.1,4.3,.112
Mario Chalmers,2012-13,26,MIA,77,2068,13.3,0.4,1.3,5.2,.120
Mario Chalmers,2013-14,27,MIA,73,2178,14.0,0.2,1.2,4.8,.106
Mario Chalmers,2014-15,28,MIA,80,2368,11.7,-2.5,-0.3,2.8,.056
Mario Chalmers,2015-16,29,2TM,61,1373,17.3,1.3,1.2,3.8,.132
Mario Chalmers,2015-16,29,MIA,6,120,9.5,-2.0,0.0,0.1,.038
Mario Chalmers,2015-16,29,MEM,55,1253,18.0,1.7,1.2,3.7,.141
Mario Chalmers,2016-17,,Did not play - injury,,,,,,,
Mario Chalmers,2017-18,31,MEM,66,1421,10.4,-3.2,-0.4,0.6,.021
Bill Chamberlain,1972-73,23,2TM,50,665,8.3,,,0.1,.004
Bill Chamberlain,1972-73,23,MMT,7,99,2.4,,,-0.2,-0.119
Bill Chamberlain,1972-73,23,KEN,43,566,9.3,,,0.3,.025
Bill Chamberlain,1973-74,24,PHO,28,367,14.2,-1.4,0.1,0.5,.063
Wilt Chamberlain,1959-60,23,PHW,72,3338,28.1,,,17.0,.245
Wilt Chamberlain,1960-61,24,PHW,79,3773,27.8,,,18.8,.240
Wilt Chamberlain,1961-62,25,PHW,80,3882,32.1,,,23.1,.286
Wilt Chamberlain,1962-63,26,SFW,80,3806,31.8,,,20.9,.264
Wilt Chamberlain,1963-64,27,SFW,80,3689,31.6,,,25.0,.325
Wilt Chamberlain,1964-65,28,2TM,73,3301,28.6,,,15.1,.220
Wilt Chamberlain,1964-65,28,SFW,38,1743,29.8,,,7.5,.208
Wilt Chamberlain,1964-65,28,PHI,35,1558,27.3,,,7.6,.233
Wilt Chamberlain,1965-66,29,PHI,79,3737,28.3,,,21.4,.275
Wilt Chamberlain,1966-67,30,PHI,81,3682,26.5,,,21.9,.285
Wilt Chamberlain,1967-68,31,PHI,82,3836,24.7,,,20.4,.255
Wilt Chamberlain,1968-69,32,LAL,81,3669,21.9,,,14.7,.192
Wilt Chamberlain,1969-70,33,LAL,12,505,24.8,,,2.3,.221
Wilt Chamberlain,1970-71,34,LAL,82,3630,20.3,,,12.6,.167
Wilt Chamberlain,1971-72,35,LAL,82,3469,18.5,,,15.8,.219
Wilt Chamberlain,1972-73,36,LAL,82,3542,19.1,,,18.2,.247
Wilt Chamberlain,1973-74,,Did not play - sat out option year,,,,,,,
Jerry Chambers,1966-67,23,LAL,69,1015,12.1,,,1.4,.064
Jerry Chambers,1967-68,,Did not play - military service,,,,,,,
Jerry Chambers,1968-69,,Did not play - military service,,,,,,,
Jerry Chambers,1969-70,26,PHO,79,1139,12.0,,,0.0,-0.001
Jerry Chambers,1970-71,27,ATL,65,1168,13.7,,,1.5,.062
Jerry Chambers,1971-72,28,BUF,26,369,12.9,,,0.0,.000
Jerry Chambers,1972-73,29,SDA,43,885,15.4,,,1.1,.061
Jerry Chambers,1973-74,30,SAA,38,579,12.7,-0.9,0.2,1.3,.104
Tom Chambers,1981-82,22,SDC,81,2682,15.0,-2.2,-0.1,3.3,.059
Tom Chambers,1982-83,23,SDC,79,2665,15.1,-1.6,0.2,4.3,.077
Tom Chambers,1983-84,24,SEA,82,2570,16.6,-1.3,0.4,6.1,.115
Tom Chambers,1984-85,25,SEA,81,2923,16.5,-0.6,1.0,5.9,.098
Tom Chambers,1985-86,26,SEA,66,2019,17.1,-0.1,1.0,4.8,.115
Tom Chambers,1986-87,27,SEA,82,3018,17.0,0.1,1.6,7.4,.118
Tom Chambers,1987-88,28,SEA,82,2680,16.8,0.0,1.3,6.4,.114
Tom Chambers,1988-89,29,PHO,81,3002,19.3,1.4,2.6,9.2,.146
Tom Chambers,1989-90,30,PHO,81,3046,20.9,2.3,3.3,11.2,.176
Tom Chambers,1990-91,31,PHO,76,2475,16.2,-0.9,0.7,5.4,.105
Tom Chambers,1991-92,32,PHO,69,1948,15.9,-1.1,0.5,4.4,.109
Tom Chambers,1992-93,33,PHO,73,1723,14.7,-2.1,0.0,4.5,.124
Tom Chambers,1993-94,34,UTA,80,1838,13.4,-2.3,-0.1,3.9,.101
Tom Chambers,1994-95,35,UTA,81,1240,12.5,-2.3,-0.1,2.5,.098
Tom Chambers,1995-96,,Did not play - other pro league,,,,,,,
Tom Chambers,1996-97,37,CHH,12,83,-3.9,-16.9,-0.3,-0.4,-0.239
Tom Chambers,1997-98,38,PHI,1,10,31.5,12.5,0.0,0.1,.369
Julian Champagnie,2022-23,21,2TM,17,320,13.4,-3.3,-0.1,0.4,.061
Julian Champagnie,2022-23,21,PHI,2,7,-3.8,-13.5,0.0,0.0,-0.214
Julian Champagnie,2022-23,21,SAS,15,313,13.8,-3.0,-0.1,0.4,.067
Julian Champagnie,2023-24,22,SAS,74,1468,10.6,-1.9,0.0,1.8,.059
Julian Champagnie,2024-25,23,SAS,82,1932,12.2,-1.3,0.4,2.5,.062
Justin Champagnie,2021-22,20,TOR,36,281,13.6,-2.0,0.0,0.8,.138
Justin Champagnie,2022-23,21,2TM,5,34,10.3,-7.9,-0.1,0.0,.009
Justin Champagnie,2022-23,21,TOR,3,11,28.9,8.1,0.0,0.1,.332
Justin Champagnie,2022-23,21,BOS,2,23,1.5,-15.5,-0.1,-0.1,-0.145
Justin Champagnie,2023-24,22,WAS,15,235,13.6,-1.8,0.0,0.3,.058
Justin Champagnie,2024-25,23,WAS,62,1340,15.7,-0.5,0.5,2.8,.100
Mike Champion,1988-89,24,SEA,2,4,-43.7,-67.6,-0.1,-0.1,-0.952
Kennedy Chandler,2022-23,20,MEM,36,281,10.6,-2.7,0.0,0.3,.044
Kennedy Chandler,2023-24,,Did not play - other pro league,,,,,,,
Tyson Chandler,2001-02,19,CHI,71,1389,13.0,-3.5,-0.5,1.8,.062
Tyson Chandler,2002-03,20,CHI,75,1827,15.8,-0.9,0.5,3.9,.102
Tyson Chandler,2003-04,21,CHI,35,782,14.2,-1.8,0.0,1.9,.116
Tyson Chandler,2004-05,22,CHI,80,2189,16.4,1.9,2.1,8.3,.183
Tyson Chandler,2005-06,23,CHI,79,2121,12.2,-0.4,0.9,5.4,.123
Tyson Chandler,2006-07,24,NOK,73,2525,17.0,0.6,1.6,7.9,.150
Tyson Chandler,2007-08,25,NOH,79,2783,17.5,0.4,1.7,10.0,.172
Tyson Chandler,2008-09,26,NOH,45,1445,13.4,-2.5,-0.2,3.4,.114
Tyson Chandler,2009-10,27,CHA,51,1163,12.5,-2.0,0.0,2.9,.120
Tyson Chandler,2010-11,28,DAL,74,2059,18.4,1.5,1.8,9.4,.218
Tyson Chandler,2011-12,29,NYK,62,2061,18.7,2.3,2.2,9.5,.220
Tyson Chandler,2012-13,30,NYK,66,2164,18.9,1.3,1.8,9.3,.207
Tyson Chandler,2013-14,31,NYK,55,1662,16.4,0.2,0.9,4.9,.143
Tyson Chandler,2014-15,32,DAL,75,2286,20.1,2.6,2.7,10.3,.216
Tyson Chandler,2015-16,33,PHO,66,1618,14.7,-1.1,0.4,3.8,.112
Tyson Chandler,2016-17,34,PHO,47,1298,16.6,0.3,0.8,4.1,.151
Tyson Chandler,2017-18,35,PHO,46,1151,14.2,-1.4,0.2,2.7,.111
Tyson Chandler,2018-19,36,2TM,55,875,11.2,-2.1,0.0,2.1,.114
Tyson Chandler,2018-19,36,PHO,7,89,11.5,-4.6,-0.1,0.2,.092
Tyson Chandler,2018-19,36,LAL,48,786,11.2,-1.8,0.0,1.9,.117
Tyson Chandler,2019-20,37,HOU,26,219,10.8,-1.5,0.0,0.6,.131
Wilson Chandler,2007-08,20,NYK,35,685,11.7,-4.0,-0.3,0.5,.038
Wilson Chandler,2008-09,21,NYK,82,2735,12.9,-1.0,0.7,3.1,.054
Wilson Chandler,2009-10,22,NYK,65,2320,13.7,-2.1,0.0,2.7,.057
Wilson Chandler,2010-11,23,2TM,72,2401,14.6,-0.2,1.1,3.9,.079
Wilson Chandler,2010-11,23,NYK,51,1759,15.7,0.0,0.9,3.4,.094
Wilson Chandler,2010-11,23,DEN,21,642,11.6,-0.8,0.2,0.5,.037
Wilson Chandler,2011-12,24,DEN,8,215,9.0,-4.6,-0.1,-0.1,-0.021
Wilson Chandler,2012-13,25,DEN,43,1079,16.6,0.5,0.7,3.1,.137
Wilson Chandler,2013-14,26,DEN,62,1927,12.4,-0.8,0.6,3.1,.076
Wilson Chandler,2014-15,27,DEN,78,2471,13.2,-0.6,0.9,3.6,.071
Wilson Chandler,2015-16,,Did not play - injury,,,,,,,
Wilson Chandler,2016-17,29,DEN,71,2197,14.9,-1.0,0.5,3.5,.077
Wilson Chandler,2017-18,30,DEN,74,2346,10.9,-2.1,-0.1,3.3,.067
Wilson Chandler,2018-19,31,2TM,51,1177,8.5,-2.8,-0.2,1.5,.062
Wilson Chandler,2018-19,31,PHI,36,951,9.1,-2.0,0.0,1.5,.074
Wilson Chandler,2018-19,31,LAC,15,226,5.8,-6.1,-0.2,0.0,.009
Wilson Chandler,2019-20,32,BRK,35,734,7.4,-2.7,-0.1,0.7,.046
Don Chaney,1968-69,22,BOS,20,209,6.3,,,-0.5,-0.107
Don Chaney,1969-70,23,BOS,63,839,8.9,,,-0.1,-0.003
Don Chaney,1970-71,24,BOS,81,2289,13.0,,,5.9,.124
Don Chaney,1971-72,25,BOS,79,2275,12.5,,,6.3,.132
Don Chaney,1972-73,26,BOS,79,2488,13.6,,,8.7,.168
Don Chaney,1973-74,27,BOS,81,2258,12.9,1.0,1.7,5.8,.124
Don Chaney,1974-75,28,BOS,82,2208,12.9,1.3,1.8,5.1,.111
Don Chaney,1975-76,29,SSL,48,1475,10.0,-2.0,0.0,0.8,.027
Don Chaney,1976-77,30,LAL,81,2408,10.2,-0.2,1.1,2.9,.058
Don Chaney,1977-78,31,2TM,51,835,8.1,-2.7,-0.1,0.3,.019
Don Chaney,1977-78,31,LAL,9,133,7.2,-2.7,0.0,0.0,-0.008
Don Chaney,1977-78,31,BOS,42,702,8.2,-2.7,-0.1,0.4,.024
Don Chaney,1978-79,32,BOS,65,1074,9.7,-2.7,-0.2,0.6,.027
Don Chaney,1979-80,33,BOS,60,523,7.8,-3.1,-0.1,0.4,.033
John Chaney,1949-50,29,2TM,16,,,,,-0.1,
John Chaney,1949-50,29,TRI,6,,,,,0.0,
John Chaney,1949-50,29,SHE,10,,,,,-0.1,
Rex Chapman,1988-89,21,CHH,75,2219,12.6,-3.2,-0.7,-0.2,-0.005
Rex Chapman,1989-90,22,CHH,54,1762,11.9,-3.7,-0.8,-0.7,-0.018
Rex Chapman,1990-91,23,CHH,70,2100,15.1,-0.5,0.8,3.0,.069
Rex Chapman,1991-92,24,2TM,22,567,12.1,-2.3,0.0,0.1,.010
Rex Chapman,1991-92,24,CHH,21,545,12.3,-1.9,0.0,0.2,.016
Rex Chapman,1991-92,24,WSB,1,22,7.2,-11.1,-0.1,-0.1,-0.123
Rex Chapman,1992-93,25,WSB,60,1300,15.1,-1.0,0.3,1.9,.070
Rex Chapman,1993-94,26,WSB,60,2025,16.9,0.3,1.2,3.9,.092
Rex Chapman,1994-95,27,WSB,45,1468,15.3,0.7,1.0,2.5,.081
Rex Chapman,1995-96,28,MIA,56,1865,13.0,0.8,1.3,4.2,.108
Rex Chapman,1996-97,29,PHO,65,1833,15.2,0.2,1.0,3.3,.086
Rex Chapman,1997-98,30,PHO,68,2263,14.5,0.2,1.3,4.5,.095
Rex Chapman,1998-99,31,PHO,38,1183,11.8,-2.5,-0.1,0.9,.035
Rex Chapman,1999-00,32,PHO,53,957,9.4,-2.2,-0.1,1.4,.072
Wayne Chapman,1968-69,23,KEN,48,458,7.2,,,-0.1,-0.008
Wayne Chapman,1969-70,24,KEN,82,1519,9.5,,,1.0,.032
Wayne Chapman,1970-71,25,2TM,69,1241,8.9,,,0.1,.004
Wayne Chapman,1970-71,25,DNR,47,1049,8.4,,,-0.2,-0.007
Wayne Chapman,1970-71,25,INA,22,192,11.3,,,0.3,.065
Wayne Chapman,1971-72,26,INA,7,76,4.8,,,0.0,.019
Len Chappell,1962-63,22,SYR,80,1241,17.2,,,3.2,.123
Len Chappell,1963-64,23,2TM,79,2505,16.7,,,3.6,.069
Len Chappell,1963-64,23,PHI,1,16,0.3,,,0.0,-0.102
Len Chappell,1963-64,23,NYK,78,2489,16.8,,,3.7,.070
Len Chappell,1964-65,24,NYK,43,655,12.9,,,0.1,.009
Len Chappell,1965-66,25,NYK,46,545,11.2,,,0.1,.013
Len Chappell,1966-67,26,2TM,73,708,11.5,,,0.5,.034
Len Chappell,1966-67,26,CHI,19,179,13.1,,,0.3,.085
Len Chappell,1966-67,26,CIN,54,529,11.0,,,0.2,.017
Len Chappell,1967-68,27,2TM,67,1064,19.0,,,3.7,.168
Len Chappell,1967-68,27,CIN,10,65,18.1,,,0.2,.137
Len Chappell,1967-68,27,DET,57,999,19.0,,,3.5,.170
Len Chappell,1968-69,28,MIL,80,2207,16.0,,,4.7,.102
Len Chappell,1969-70,29,MIL,75,1134,14.9,,,2.1,.090
Len Chappell,1970-71,30,2TM,48,537,13.4,,,0.9,.076
Len Chappell,1970-71,30,CLE,6,86,11.4,,,0.0,.014
Len Chappell,1970-71,30,ATL,42,451,13.8,,,0.8,.088
Len Chappell,1971-72,31,DLC,79,1403,15.9,,,2.9,.099
Ken Charles,1973-74,22,BUF,59,693,10.2,-2.5,-0.1,0.6,.045
Ken Charles,1974-75,23,BUF,79,1690,12.5,-0.4,0.7,3.0,.086
Ken Charles,1975-76,24,BUF,81,2247,11.9,-0.8,0.7,3.3,.070
Ken Charles,1976-77,25,ATL,82,2487,12.0,-0.9,0.7,2.3,.044
Ken Charles,1977-78,26,ATL,21,520,11.1,-1.8,0.0,0.6,.051
Lorenzo Charles,1985-86,22,ATL,36,273,11.5,-1.6,0.0,0.5,.086
Joe Chealey,2018-19,23,CHO,1,8,2.0,-14.6,0.0,0.0,-0.080
Joe Chealey,2019-20,24,CHO,4,33,-2.9,-12.5,-0.1,-0.1,-0.188
Calbert Cheaney,1993-94,22,WSB,65,1604,14.0,-2.4,-0.2,1.2,.035
Calbert Cheaney,1994-95,23,WSB,78,2651,14.2,-1.1,0.6,3.2,.058
Calbert Cheaney,1995-96,24,WSB,70,2324,13.0,-1.9,0.1,3.2,.065
Calbert Cheaney,1996-97,25,WSB,79,2411,11.1,-2.5,-0.3,3.9,.077
Calbert Cheaney,1997-98,26,WAS,82,2841,11.7,-2.1,0.0,4.1,.069
Calbert Cheaney,1998-99,27,WAS,50,1266,8.8,-3.4,-0.5,0.4,.016
Calbert Cheaney,1999-00,28,BOS,67,1309,6.7,-3.7,-0.6,0.8,.029
Calbert Cheaney,2000-01,29,DEN,9,153,4.1,-5.6,-0.1,-0.1,-0.035
Calbert Cheaney,2001-02,30,DEN,68,1631,10.3,-3.5,-0.6,1.2,.037
Calbert Cheaney,2002-03,31,UTA,81,2351,9.8,-2.6,-0.4,2.8,.056
Calbert Cheaney,2003-04,32,GSW,79,2067,10.6,-2.3,-0.1,2.3,.054
Calbert Cheaney,2004-05,33,GSW,55,951,7.8,-4.0,-0.5,0.3,.013
Calbert Cheaney,2005-06,34,GSW,42,448,6.0,-4.8,-0.3,0.0,.000
Zylan Cheatham,2019-20,24,NOP,4,51,6.7,-7.2,-0.1,0.0,.034
Zylan Cheatham,2020-21,,Did not play - other pro league,,,,,,,
Zylan Cheatham,2021-22,26,UTA,1,5,-23.8,-30.6,0.0,-0.1,-0.610
Maurice Cheeks,1978-79,22,PHI,82,2409,12.6,0.7,1.6,4.9,.097
Maurice Cheeks,1979-80,23,PHI,79,2623,15.9,2.4,2.9,7.9,.145
Maurice Cheeks,1980-81,24,PHI,81,2415,16.4,4.0,3.7,8.5,.169
Maurice Cheeks,1981-82,25,PHI,79,2498,18.3,4.2,3.9,8.6,.166
Maurice Cheeks,1982-83,26,PHI,79,2465,18.6,4.7,4.2,9.4,.183
Maurice Cheeks,1983-84,27,PHI,75,2494,16.4,2.3,2.7,7.3,.141
Maurice Cheeks,1984-85,28,PHI,78,2616,17.6,3.7,3.8,9.0,.165
Maurice Cheeks,1985-86,29,PHI,82,3270,17.9,3.6,4.6,10.6,.155
Maurice Cheeks,1986-87,30,PHI,68,2624,18.3,3.2,3.4,7.9,.145
Maurice Cheeks,1987-88,31,PHI,79,2871,18.0,3.4,3.9,8.3,.138
Maurice Cheeks,1988-89,32,PHI,71,2298,16.5,1.8,2.2,5.3,.110
Maurice Cheeks,1989-90,33,2TM,81,2519,14.9,1.9,2.5,7.1,.135
Maurice Cheeks,1989-90,33,SAS,50,1766,13.9,1.3,1.5,4.4,.119
Maurice Cheeks,1989-90,33,NYK,31,753,17.1,3.2,1.0,2.7,.172
Maurice Cheeks,1990-91,34,NYK,76,2147,14.2,1.3,1.7,5.2,.117
Maurice Cheeks,1991-92,35,ATL,56,1086,12.6,0.5,0.7,2.1,.094
Maurice Cheeks,1992-93,36,NJN,35,510,13.9,1.0,0.4,1.3,.127
Phil Chenier,1971-72,21,BAL,81,2481,10.9,,,1.4,.027
Phil Chenier,1972-73,22,BAL,71,2776,15.2,,,5.5,.095
Phil Chenier,1973-74,23,CAP,76,2942,17.2,2.5,3.4,7.4,.121
Phil Chenier,1974-75,24,WSB,77,2869,17.7,2.9,3.5,8.8,.147
Phil Chenier,1975-76,25,WSB,80,2952,17.6,2.3,3.2,8.8,.143
Phil Chenier,1976-77,26,WSB,78,2842,15.8,0.5,1.8,5.8,.098
Phil Chenier,1977-78,27,WSB,36,937,14.8,-0.4,0.4,1.8,.091
Phil Chenier,1978-79,28,WSB,27,385,7.2,-5.2,-0.3,-0.1,-0.014
Phil Chenier,1979-80,29,2TM,43,850,9.5,-3.6,-0.3,0.0,.002
Phil Chenier,1979-80,29,WSB,20,470,10.1,-3.6,-0.2,0.0,.004
Phil Chenier,1979-80,29,IND,23,380,8.9,-3.6,-0.2,0.0,.000
Phil Chenier,1980-81,30,GSW,9,82,5.6,-5.2,-0.1,0.0,-0.016
Will Cherry,2014-15,23,CLE,8,69,5.8,-6.0,-0.1,0.0,-0.021
Derrick Chievous,1988-89,21,HOU,81,1539,11.6,-3.3,-0.5,1.6,.050
Derrick Chievous,1989-90,22,2TM,55,591,13.3,-1.7,0.0,1.2,.096
Derrick Chievous,1989-90,22,HOU,41,492,13.5,-0.9,0.1,1.1,.103
Derrick Chievous,1989-90,22,CLE,14,99,11.9,-5.7,-0.1,0.1,.058
Derrick Chievous,1990-91,23,CLE,18,110,6.5,-9.6,-0.2,-0.1,-0.049
Pete Chilcutt,1991-92,23,SAC,69,817,11.2,-2.8,-0.2,0.7,.042
Pete Chilcutt,1992-93,24,SAC,59,834,13.4,-2.4,-0.1,1.0,.055
Pete Chilcutt,1993-94,25,2TM,76,1365,12.7,-2.3,-0.1,1.5,.052
Pete Chilcutt,1993-94,25,SAC,46,974,13.6,-1.4,0.2,1.3,.063
Pete Chilcutt,1993-94,25,DET,30,391,10.5,-4.6,-0.3,0.2,.025
Pete Chilcutt,1994-95,26,HOU,68,1347,11.0,-2.2,-0.1,2.1,.074
Pete Chilcutt,1995-96,27,HOU,74,651,12.5,-1.1,0.1,1.4,.101
Pete Chilcutt,1996-97,28,VAN,54,662,14.5,0.2,0.4,1.1,.080
Pete Chilcutt,1997-98,29,VAN,82,1420,12.6,-0.5,0.5,2.0,.067
Pete Chilcutt,1998-99,30,VAN,46,697,9.4,-2.4,-0.1,0.3,.019
Pete Chilcutt,1999-00,31,3TM,56,601,8.9,-3.5,-0.2,0.6,.046
Pete Chilcutt,1999-00,31,UTA,26,224,5.7,-4.9,-0.2,0.0,.005
Pete Chilcutt,1999-00,31,CLE,6,30,4.4,-4.9,0.0,0.0,.037
Pete Chilcutt,1999-00,31,LAC,24,347,11.3,-2.4,0.0,0.5,.074
Josh Childress,2004-05,21,ATL,80,2376,15.2,-0.6,0.8,4.6,.093
Josh Childress,2005-06,22,ATL,74,2249,15.8,1.2,1.8,5.7,.121
Josh Childress,2006-07,23,ATL,55,2024,16.2,1.7,1.9,5.5,.130
Josh Childress,2007-08,24,ATL,76,2274,17.8,2.0,2.3,7.6,.160
Josh Childress,2008-09,,Did not play - other pro league,,,,,,,
Josh Childress,2009-10,,Did not play - other pro league,,,,,,,
Josh Childress,2010-11,27,PHO,54,894,13.0,-0.5,0.3,1.4,.076
Josh Childress,2011-12,28,PHO,34,491,11.1,-0.2,0.2,0.9,.092
Josh Childress,2012-13,29,BRK,14,100,7.0,-3.3,0.0,0.1,.029
Josh Childress,2013-14,30,NOP,4,24,3.9,-3.3,0.0,0.0,-0.003
Josh Childress,2014-15,,Did not play - other pro league,,,,,,,
Josh Childress,2015-16,,Did not play - other pro league,,,,,,,
Josh Childress,2016-17,,Did not play - other pro league,,,,,,,
Josh Childress,2017-18,,Did not play - other pro league,,,,,,,
Randolph Childress,1995-96,23,POR,28,250,6.7,-5.4,-0.2,0.0,-0.009
Randolph Childress,1996-97,24,2TM,23,155,4.5,-6.2,-0.2,-0.2,-0.054
Randolph Childress,1996-97,24,POR,19,125,5.0,-5.3,-0.1,-0.1,-0.034
Randolph Childress,1996-97,24,DET,4,30,2.4,-9.8,-0.1,-0.1,-0.137
Chris Childs,1994-95,27,NJN,53,1021,11.2,-2.2,-0.1,1.2,.058
Chris Childs,1995-96,28,NJN,78,2408,16.4,1.7,2.2,5.8,.115
Chris Childs,1996-97,29,NYK,65,2076,11.2,-0.3,0.9,3.9,.091
Chris Childs,1997-98,30,NYK,68,1599,11.6,-0.2,0.7,3.7,.110
Chris Childs,1998-99,31,NYK,48,1297,11.1,-0.5,0.5,2.9,.106
Chris Childs,1999-00,32,NYK,71,1675,8.6,-2.4,-0.2,2.1,.061
Chris Childs,2000-01,33,2TM,77,1859,9.0,-2.6,-0.3,2.2,.057
Chris Childs,2000-01,33,NYK,51,1309,9.1,-1.9,0.0,2.0,.073
Chris Childs,2000-01,33,TOR,26,550,8.8,-4.2,-0.3,0.2,.018
Chris Childs,2001-02,34,TOR,69,1576,8.8,-4.2,-0.9,1.1,.033
Chris Childs,2002-03,35,NJN,12,106,6.2,-2.3,0.0,0.1,.038
Chris Chiozza,2018-19,23,HOU,7,33,7.0,-1.3,0.0,0.0,.023
Chris Chiozza,2019-20,24,2TM,28,401,12.0,-1.2,0.1,0.5,.055
Chris Chiozza,2019-20,24,WAS,10,123,9.2,-1.5,0.0,0.0,-0.001
Chris Chiozza,2019-20,24,BRK,18,278,13.2,-1.1,0.1,0.5,.080
Chris Chiozza,2020-21,25,BRK,22,232,12.9,-0.7,0.1,0.3,.063
Chris Chiozza,2021-22,26,GSW,34,372,4.4,-6.0,-0.4,0.0,-0.004
Leroy Chollet,1949-50,24,SYR,49,,,,,0.9,
Leroy Chollet,1950-51,25,SYR,14,,,,,-0.7,
Ulrich Chomche,2024-25,19,TOR,7,32,5.2,-7.4,0.0,0.0,.001
Jim Chones,1972-73,23,NYA,82,2153,11.4,,,2.6,.058
Jim Chones,1973-74,24,CAR,83,2387,16.7,-0.4,0.9,5.8,.117
Jim Chones,1974-75,25,CLE,72,2427,16.1,0.8,1.7,6.2,.123
Jim Chones,1975-76,26,CLE,82,2741,15.5,0.1,1.4,6.0,.105
Jim Chones,1976-77,27,CLE,82,2378,14.8,-0.6,0.8,5.9,.119
Jim Chones,1977-78,28,CLE,82,2906,14.9,-0.6,1.0,6.4,.105
Jim Chones,1978-79,29,CLE,82,2850,13.7,-1.8,0.1,3.3,.056
Jim Chones,1979-80,30,LAL,82,2394,11.3,-2.4,-0.2,3.5,.071
Jim Chones,1980-81,31,LAL,82,2562,11.8,-2.1,-0.1,4.7,.088
Jim Chones,1981-82,32,WSB,59,867,8.6,-0.9,0.2,1.4,.076
Jim Chones,1982-83,,Did not play - other pro league,,,,,,,
Marquese Chriss,2016-17,19,PHO,82,1743,12.3,-2.2,-0.1,1.8,.050
Marquese Chriss,2017-18,20,PHO,72,1527,11.1,-2.8,-0.3,0.7,.023
Marquese Chriss,2018-19,21,2TM,43,499,9.2,-7.5,-0.7,-0.2,-0.023
Marquese Chriss,2018-19,21,HOU,16,104,3.4,-11.2,-0.2,-0.2,-0.101
Marquese Chriss,2018-19,21,CLE,27,395,10.7,-6.6,-0.5,0.0,-0.003
Marquese Chriss,2019-20,22,GSW,59,1196,19.5,0.6,0.8,3.4,.136
Marquese Chriss,2020-21,23,GSW,2,27,11.8,-2.1,0.0,0.0,-0.030
Marquese Chriss,2021-22,24,DAL,34,346,14.8,-3.8,-0.2,0.8,.108
Fred Christ,1954-55,24,NYK,6,48,17.1,,,0.1,.085
Cal Christensen,1950-51,23,TRI,67,,,,,3.2,
Cal Christensen,1951-52,24,MLH,24,374,10.8,,,0.0,.002
Cal Christensen,1952-53,25,ROC,59,777,9.8,,,0.4,.024
Cal Christensen,1953-54,26,ROC,70,1654,11.8,,,2.9,.084
Cal Christensen,1954-55,27,ROC,71,1204,14.0,,,1.7,.069
Bob Christian,1969-70,23,2TM,2,11,-11.5,,,0.0,-0.061
Bob Christian,1969-70,23,DLC,1,7,-10.3,,,0.0,.019
Bob Christian,1969-70,23,NYA,1,4,-13.8,,,0.0,-0.199
Bob Christian,1970-71,24,ATL,54,524,9.4,,,0.5,.042
Bob Christian,1971-72,25,ATL,56,485,14.0,,,0.9,.092
Bob Christian,1972-73,26,ATL,55,759,14.5,,,2.4,.154
Bob Christian,1973-74,27,PHO,81,1244,11.7,-1.9,0.0,1.9,.072
Cam Christie,2024-25,19,LAC,13,59,9.1,-2.5,0.0,0.0,-0.005
Doug Christie,1992-93,22,LAL,23,332,12.4,-2.5,0.0,0.1,.012
Doug Christie,1993-94,23,LAL,65,1515,13.5,-1.1,0.3,1.4,.044
Doug Christie,1994-95,24,NYK,12,79,-3.7,-13.5,-0.2,-0.3,-0.202
Doug Christie,1995-96,25,2TM,55,1036,14.0,-0.8,0.3,1.4,.065
Doug Christie,1995-96,25,NYK,23,218,14.1,0.7,0.1,0.5,.108
Doug Christie,1995-96,25,TOR,32,818,13.9,-1.2,0.2,0.9,.054
Doug Christie,1996-97,26,TOR,81,3127,15.1,1.7,2.9,7.0,.107
Doug Christie,1997-98,27,TOR,78,2939,16.2,0.4,1.7,4.0,.066
Doug Christie,1998-99,28,TOR,50,1768,16.9,1.5,1.6,4.2,.113
Doug Christie,1999-00,29,TOR,73,2264,15.8,1.4,1.9,5.1,.108
Doug Christie,2000-01,30,SAC,81,2939,14.8,2.3,3.2,8.7,.141
Doug Christie,2001-02,31,SAC,81,2798,15.2,2.4,3.1,8.6,.148
Doug Christie,2002-03,32,SAC,80,2710,15.0,3.2,3.6,8.9,.157
Doug Christie,2003-04,33,SAC,82,2780,14.0,0.8,2.0,5.7,.099
Doug Christie,2004-05,34,2TM,52,1525,9.9,-1.3,0.3,0.9,.030
Doug Christie,2004-05,34,SAC,31,996,11.0,-0.6,0.4,1.0,.046
Doug Christie,2004-05,34,ORL,21,529,7.9,-2.6,-0.1,0.0,-0.001
Doug Christie,2005-06,35,DAL,7,185,6.8,-1.0,0.0,0.1,.035
Doug Christie,2006-07,36,LAC,7,82,4.1,-5.2,-0.1,-0.1,-0.031
Max Christie,2022-23,19,LAL,41,512,7.4,-3.1,-0.1,0.6,.058
Max Christie,2023-24,20,LAL,67,944,8.4,-3.6,-0.4,0.7,.036
Max Christie,2024-25,21,2TM,78,2127,10.4,-2.5,-0.3,2.7,.060
Max Christie,2024-25,21,LAL,46,1154,10.6,-1.8,0.0,2.0,.081
Max Christie,2024-25,21,DAL,32,973,10.2,-3.4,-0.3,0.7,.035
Dionte Christmas,2013-14,27,PHO,31,198,11.1,-1.8,0.0,0.3,.083
Rakeem Christmas,2015-16,24,IND,1,6,32.0,6.5,0.0,0.0,.343
Rakeem Christmas,2016-17,25,IND,29,219,10.4,-5.0,-0.2,0.5,.099
Semaj Christon,2014-15,,Did not play - other pro league,,,,,,,
Semaj Christon,2015-16,,Did not play - other pro league,,,,,,,
Semaj Christon,2016-17,24,OKC,64,973,5.7,-5.1,-0.8,0.1,.006
Josh Christopher,2021-22,20,HOU,74,1334,12.2,-3.5,-0.5,0.3,.010
Josh Christopher,2022-23,21,HOU,64,786,11.5,-4.3,-0.5,0.0,-0.001
Josh Christopher,2023-24,,Did not play - other pro league,,,,,,,
Josh Christopher,2024-25,23,MIA,14,69,9.4,-7.9,-0.1,-0.1,-0.073
Patrick Christopher,2014-15,26,UTA,4,29,-2.6,-15.0,-0.1,-0.1,-0.150
Steve Chubin,1966-67,,Did not play - other pro league,,,,,,,
Steve Chubin,1967-68,23,ANA,77,2441,17.9,,,6.9,.136
Steve Chubin,1968-69,24,4TM,77,2097,13.8,,,4.0,.093
Steve Chubin,1968-69,24,LAS,17,490,16.6,,,1.1,.111
Steve Chubin,1968-69,24,MNP,8,54,-1.2,,,0.0,.033
Steve Chubin,1968-69,24,INA,24,725,13.3,,,2.0,.131
Steve Chubin,1968-69,24,NYA,28,828,13.7,,,0.9,.053
Steve Chubin,1969-70,25,4TM,72,1058,9.2,,,1.7,.076
Steve Chubin,1969-70,25,NYA,11,232,10.8,,,0.0,.000
Steve Chubin,1969-70,25,PTP,14,306,11.7,,,0.4,.062
Steve Chubin,1969-70,25,INA,32,381,7.8,,,1.1,.134
Steve Chubin,1969-70,25,KEN,15,139,5.0,,,0.2,.073
Robert Churchwell,1995-96,23,GSW,4,20,1.2,-10.6,0.0,-0.1,-0.166
Sidy Cissoko,2023-24,19,SAS,12,141,12.0,-2.7,0.0,0.3,.110
Sidy Cissoko,2024-25,20,2TM,22,114,6.7,-5.1,-0.1,-0.1,-0.045
Sidy Cissoko,2024-25,20,SAS,17,54,11.2,-2.6,0.0,0.0,.041
Sidy Cissoko,2024-25,20,POR,5,60,2.7,-7.3,-0.1,-0.2,-0.123
Archie Clark,1966-67,25,LAL,76,1763,12.3,,,2.7,.075
Archie Clark,1967-68,26,LAL,81,3039,15.5,,,7.9,.124
Archie Clark,1968-69,27,PHI,82,2144,15.9,,,6.2,.139
Archie Clark,1969-70,28,PHI,76,2772,16.3,,,8.1,.140
Archie Clark,1970-71,29,PHI,82,3245,17.7,,,11.4,.169
Archie Clark,1971-72,30,2TM,77,3285,20.5,,,11.0,.160
Archie Clark,1971-72,30,PHI,1,42,24.9,,,0.3,.339
Archie Clark,1971-72,30,BAL,76,3243,20.4,,,10.7,.158
Archie Clark,1972-73,31,BAL,39,1477,18.3,,,5.6,.181
Archie Clark,1973-74,32,CAP,56,1786,14.4,-0.1,0.9,4.0,.107
Archie Clark,1974-75,33,SEA,77,2481,16.2,0.5,1.6,6.2,.119
Archie Clark,1975-76,34,DET,79,1589,12.5,-2.2,-0.1,1.7,.051
Carlos Clark,1983-84,23,BOS,31,127,12.1,-2.9,0.0,0.1,.048
Carlos Clark,1984-85,24,BOS,62,562,8.9,-2.2,0.0,0.5,.044
Dick Clark,1967-68,24,MNM,26,414,5.2,,,0.2,.026
Dick Clark,1968-69,25,HSM,32,723,3.8,,,-0.4,-0.024
Earl Clark,2009-10,22,PHO,51,383,8.5,-5.5,-0.3,-0.3,-0.033
Earl Clark,2010-11,23,2TM,42,464,10.1,-3.8,-0.2,0.3,.030
Earl Clark,2010-11,23,PHO,9,72,11.3,-3.3,0.0,0.0,-0.010
Earl Clark,2010-11,23,ORL,33,392,9.9,-3.9,-0.2,0.3,.038
Earl Clark,2011-12,24,ORL,45,559,8.1,-4.9,-0.4,0.3,.027
Earl Clark,2012-13,25,LAL,59,1363,12.4,-0.7,0.4,2.3,.080
Earl Clark,2013-14,26,2TM,54,768,9.1,-2.6,-0.1,0.3,.020
Earl Clark,2013-14,26,CLE,45,698,8.6,-2.6,-0.1,0.2,.014
Earl Clark,2013-14,26,NYK,9,70,13.5,-2.7,0.0,0.1,.080
Earl Clark,2014-15,27,BRK,10,93,6.7,-6.5,-0.1,-0.1,-0.037
Gary Clark,2018-19,24,HOU,51,641,9.2,-0.7,0.2,1.0,.071
Gary Clark,2019-20,25,2TM,42,567,10.7,-1.9,0.0,1.2,.100
Gary Clark,2019-20,25,HOU,18,212,11.8,-0.6,0.1,0.5,.123
Gary Clark,2019-20,25,ORL,24,355,10.1,-2.6,-0.1,0.6,.087
Gary Clark,2020-21,26,3TM,39,654,6.0,-4.9,-0.5,0.1,.008
Gary Clark,2020-21,26,ORL,35,637,6.1,-4.9,-0.5,0.1,.007
Gary Clark,2020-21,26,DEN,2,4,2.9,-6.4,0.0,0.0,.037
Gary Clark,2020-21,26,PHI,2,13,3.8,-5.9,0.0,0.0,.044
Gary Clark,2021-22,27,NOP,38,378,11.4,0.1,0.2,0.7,.092
Ian Clark,2013-14,22,UTA,23,172,9.2,-3.2,-0.1,-0.1,-0.025
Ian Clark,2014-15,23,2TM,30,192,8.8,-3.0,0.0,0.2,.050
Ian Clark,2014-15,23,UTA,23,161,8.3,-2.6,0.0,0.1,.044
Ian Clark,2014-15,23,DEN,7,31,11.6,-5.0,0.0,0.1,.083
Ian Clark,2015-16,24,GSW,66,578,11.5,-1.9,0.0,0.9,.075
Ian Clark,2016-17,25,GSW,77,1137,13.1,-1.5,0.1,2.3,.099
Ian Clark,2017-18,26,NOP,74,1455,9.4,-3.5,-0.6,1.1,.037
Ian Clark,2018-19,27,NOP,60,973,8.3,-5.1,-0.8,-0.1,-0.003
Jaylen Clark,2024-25,23,MIN,40,522,12.0,-0.2,0.2,1.6,.147
Keon Clark,1998-99,23,DEN,28,409,11.3,-3.0,-0.1,0.2,.029
Keon Clark,1999-00,24,DEN,81,1850,15.9,-0.2,0.8,4.2,.109
Keon Clark,2000-01,25,2TM,81,1720,15.6,-1.1,0.4,3.7,.104
Keon Clark,2000-01,25,DEN,35,752,11.0,-3.7,-0.3,0.5,.031
Keon Clark,2000-01,25,TOR,46,968,19.2,1.0,0.7,3.2,.161
Keon Clark,2001-02,26,TOR,81,2185,16.7,-0.7,0.7,5.3,.116
Keon Clark,2002-03,27,SAC,80,1780,13.9,-0.2,0.8,4.7,.127
Keon Clark,2003-04,28,UTA,2,27,8.8,-0.9,0.0,0.0,.058
Brandon Clarke,2019-20,23,MEM,58,1300,20.9,3.1,1.7,5.0,.183
Brandon Clarke,2020-21,24,MEM,59,1415,17.3,1.5,1.3,4.2,.142
Brandon Clarke,2021-22,25,MEM,64,1246,23.7,4.2,2.0,6.3,.241
Brandon Clarke,2022-23,26,MEM,56,1090,20.0,2.5,1.3,4.5,.199
Brandon Clarke,2023-24,27,MEM,6,134,18.9,1.0,0.1,0.3,.108
Brandon Clarke,2024-25,28,MEM,64,1207,17.6,0.8,0.9,4.4,.174
Coty Clarke,2015-16,23,BOS,3,6,23.9,16.5,0.0,0.0,.025
Jordan Clarkson,2014-15,22,LAL,59,1476,16.9,0.2,0.8,2.4,.078
Jordan Clarkson,2015-16,23,LAL,79,2552,14.3,-1.6,0.2,2.1,.039
Jordan Clarkson,2016-17,24,LAL,82,2397,13.2,-2.5,-0.3,1.2,.024
Jordan Clarkson,2017-18,25,2TM,81,1888,16.4,0.1,1.0,3.0,.077
Jordan Clarkson,2017-18,25,LAL,53,1256,16.9,0.8,0.9,2.1,.080
Jordan Clarkson,2017-18,25,CLE,28,632,15.4,-1.3,0.1,1.0,.073
Jordan Clarkson,2018-19,26,CLE,81,2214,16.8,-0.5,0.8,1.8,.039
Jordan Clarkson,2019-20,27,2TM,71,1705,17.3,1.1,1.3,3.4,.096
Jordan Clarkson,2019-20,27,CLE,29,666,18.6,2.7,0.8,1.5,.107
Jordan Clarkson,2019-20,27,UTA,42,1039,16.5,0.0,0.5,1.9,.089
Jordan Clarkson,2020-21,28,UTA,68,1818,17.1,1.4,1.6,4.2,.111
Jordan Clarkson,2021-22,29,UTA,79,2141,14.9,-0.6,0.7,3.5,.079
Jordan Clarkson,2022-23,30,UTA,61,1988,14.7,-1.4,0.3,1.7,.042
Jordan Clarkson,2023-24,31,UTA,55,1682,12.7,-4.5,-1.1,0.2,.006
Jordan Clarkson,2024-25,32,UTA,37,962,14.5,-1.5,0.1,0.4,.021
Gian Clavell,2017-18,24,DAL,7,64,7.4,-2.2,0.0,0.1,.042
Victor Claver,2009-10,,Did not play - other pro league,,,,,,,
Victor Claver,2010-11,,Did not play - other pro league,,,,,,,
Victor Claver,2011-12,,Did not play - other pro league,,,,,,,
Victor Claver,2012-13,24,POR,49,812,7.0,-3.7,-0.3,-0.1,-0.005
Victor Claver,2013-14,25,POR,21,184,8.8,-3.2,-0.1,0.2,.047
Victor Claver,2014-15,26,POR,10,76,9.2,-3.2,0.0,0.1,.086
John Clawson,1968-69,24,OAK,70,1067,7.0,,,1.3,.060
Charles Claxton,1995-96,25,BOS,3,7,0.2,-18.9,0.0,0.0,-0.179
Nic Claxton,2019-20,20,BRK,15,187,14.8,-0.7,0.1,0.5,.121
Nic Claxton,2020-21,21,BRK,32,594,16.9,0.4,0.4,1.9,.153
Nic Claxton,2021-22,22,BRK,47,974,18.6,0.5,0.6,3.5,.171
Nic Claxton,2022-23,23,BRK,76,2271,20.8,3.1,2.9,9.2,.195
Nic Claxton,2023-24,24,BRK,71,2116,18.7,1.2,1.7,6.7,.152
Nic Claxton,2024-25,25,BRK,70,1882,16.5,0.4,1.1,4.3,.110
Speedy Claxton,2000-01,,Did not play - injury,,,,,,,
Speedy Claxton,2001-02,23,PHI,67,1528,12.6,-0.4,0.6,2.8,.087
Speedy Claxton,2002-03,24,SAS,30,471,15.9,1.2,0.4,1.2,.125
Speedy Claxton,2003-04,25,GSW,60,1595,17.3,1.1,1.2,4.2,.127
Speedy Claxton,2004-05,26,2TM,62,1866,15.8,0.2,1.0,3.7,.096
Speedy Claxton,2004-05,26,GSW,46,1501,16.4,0.3,0.9,3.5,.113
Speedy Claxton,2004-05,26,NOH,16,365,13.4,-0.4,0.1,0.2,.027
Speedy Claxton,2005-06,27,NOK,71,2019,16.1,0.1,1.1,3.0,.072
Speedy Claxton,2006-07,28,ATL,42,1054,7.3,-4.5,-0.7,-0.7,-0.034
Speedy Claxton,2007-08,,Did not play - injury,,,,,,,
Speedy Claxton,2008-09,30,ATL,2,15,5.7,-9.0,0.0,0.0,-0.083
Speedy Claxton,2009-10,,Did not play - injury,,,,,,,
Jim Cleamons,1971-72,22,LAL,38,201,13.9,,,0.1,.022
Jim Cleamons,1972-73,23,CLE,80,1392,12.4,,,2.6,.089
Jim Cleamons,1973-74,24,CLE,81,1642,12.5,-1.3,0.3,1.7,.049
Jim Cleamons,1974-75,25,CLE,74,2691,13.8,0.3,1.6,5.5,.097
Jim Cleamons,1975-76,26,CLE,82,2835,14.9,1.3,2.4,7.1,.120
Jim Cleamons,1976-77,27,CLE,60,2045,12.9,0.4,1.2,3.8,.088
Jim Cleamons,1977-78,28,NYK,79,2009,10.4,-0.9,0.6,2.7,.065
Jim Cleamons,1978-79,29,NYK,79,2390,11.8,-1.2,0.5,3.4,.068
Jim Cleamons,1979-80,30,2TM,79,1789,10.8,-1.7,0.2,2.3,.063
Jim Cleamons,1979-80,30,NYK,22,254,11.1,-1.2,0.1,0.3,.048
Jim Cleamons,1979-80,30,WSB,57,1535,10.7,-1.8,0.1,2.1,.065
Mateen Cleaves,2000-01,23,DET,78,1268,9.0,-5.2,-1.0,-0.1,-0.006
Mateen Cleaves,2001-02,24,SAC,32,153,8.8,-7.2,-0.2,-0.3,-0.082
Mateen Cleaves,2002-03,25,SAC,12,55,-3.7,-16.2,-0.2,-0.4,-0.325
Mateen Cleaves,2003-04,26,CLE,4,92,6.8,-5.2,-0.1,0.0,-0.024
Mateen Cleaves,2004-05,27,SEA,14,65,9.1,-4.1,0.0,0.0,.029
Mateen Cleaves,2005-06,28,SEA,27,230,9.1,-5.0,-0.2,0.0,-0.005
Barry Clemens,1965-66,22,NYK,70,877,10.7,,,0.1,.003
Barry Clemens,1966-67,23,CHI,60,986,10.4,,,0.9,.045
Barry Clemens,1967-68,24,CHI,78,1631,13.3,,,2.8,.081
Barry Clemens,1968-69,25,CHI,75,1444,10.9,,,0.1,.004
Barry Clemens,1969-70,26,SEA,78,1487,12.1,,,1.7,.054
Barry Clemens,1970-71,27,SEA,78,1286,12.2,,,1.8,.068
Barry Clemens,1971-72,28,SEA,82,1447,12.4,,,3.5,.115
Barry Clemens,1972-73,29,CLE,72,1119,14.9,,,3.5,.150
Barry Clemens,1973-74,30,CLE,71,913,13.4,-1.5,0.1,1.6,.086
Barry Clemens,1974-75,31,POR,77,952,13.2,-0.9,0.3,1.6,.079
Barry Clemens,1975-76,32,POR,49,443,13.8,0.6,0.3,1.1,.116
Chris Clemons,2019-20,22,HOU,33,291,13.1,-1.0,0.1,0.4,.058
Antonius Cleveland,2017-18,23,2TM,17,123,4.5,-5.2,-0.1,0.0,-0.006
Antonius Cleveland,2017-18,23,DAL,13,81,5.1,-3.3,0.0,0.0,-0.005
Antonius Cleveland,2017-18,23,ATL,4,42,3.5,-9.0,-0.1,0.0,-0.009
Antonius Cleveland,2018-19,,Did not play - other pro league,,,,,,,
Antonius Cleveland,2019-20,25,DAL,11,46,2.5,-10.1,-0.1,-0.1,-0.076
Nat Clifton,1950-51,28,NYK,65,,,,,-0.4,
Nat Clifton,1951-52,29,NYK,62,2101,16.5,,,1.6,.036
Nat Clifton,1952-53,30,NYK,70,2496,15.4,,,3.3,.064
Nat Clifton,1953-54,31,NYK,72,2179,14.9,,,2.4,.054
Nat Clifton,1954-55,32,NYK,72,2390,15.4,,,3.7,.074
Nat Clifton,1955-56,33,NYK,64,1537,13.9,,,2.1,.067
Nat Clifton,1956-57,34,NYK,71,2231,12.2,,,1.8,.040
Nat Clifton,1957-58,35,DET,68,1435,10.4,,,0.5,.017
Donovan Clingan,2024-25,20,POR,67,1324,17.4,-0.3,0.6,4.0,.144
Bill Closs,1949-50,28,AND,64,,,,,4.4,
Bill Closs,1950-51,29,PHW,65,,,,,2.8,
Bill Closs,1951-52,30,FTW,57,1120,10.5,,,0.0,-0.001
Keith Closs,1997-98,21,LAC,58,740,14.0,-1.9,0.0,0.6,.041
Keith Closs,1998-99,22,LAC,15,87,17.5,-0.8,0.0,0.2,.107
Keith Closs,1999-00,23,LAC,57,820,14.1,-2.0,0.0,1.1,.062
Noah Clowney,2023-24,19,BRK,23,370,14.2,-0.7,0.1,0.9,.111
Noah Clowney,2024-25,20,BRK,46,1042,9.2,-4.1,-0.5,0.5,.023
Paul Cloyd,1947-48,,Did not play - other pro league,,,,,,,
Paul Cloyd,1948-49,,Did not play - other pro league,,,,,,,
Paul Cloyd,1949-50,29,2TM,7,,,,,-0.1,
Paul Cloyd,1949-50,29,BLB,3,,,,,-0.1,
Paul Cloyd,1949-50,29,WAT,4,,,,,-0.1,
Bob Cluggish,1946-47,29,NYK,54,,,,,1.1,
Ben Clyde,1974-75,22,BOS,25,157,11.3,-4.3,-0.1,0.2,.066
Amir Coffey,2019-20,22,LAC,18,159,8.5,-4.1,-0.1,0.1,.041
Amir Coffey,2020-21,23,LAC,44,394,10.1,-2.0,0.0,0.7,.085
Amir Coffey,2021-22,24,LAC,69,1567,13.0,-0.3,0.7,3.8,.116
Amir Coffey,2022-23,25,LAC,50,625,7.0,-5.0,-0.5,0.4,.033
Amir Coffey,2023-24,26,LAC,70,1460,10.0,-2.2,-0.1,2.6,.084
Amir Coffey,2024-25,27,LAC,72,1748,11.2,-1.7,0.1,4.0,.111
Richard Coffey,1990-91,25,MIN,52,320,7.9,-7.0,-0.4,0.2,.037
Fred Cofield,1985-86,24,NYK,45,469,7.9,-4.5,-0.3,-0.4,-0.039
Fred Cofield,1986-87,25,CHI,5,27,4.2,-7.7,0.0,-0.1,-0.119
John Coker,1995-96,24,PHO,5,11,37.3,13.5,0.0,0.1,.360
John Coker,1996-97,,Did not play - other pro league,,,,,,,
John Coker,1997-98,,Did not play - other pro league,,,,,,,
John Coker,1998-99,27,WAS,14,98,9.6,-5.2,-0.1,0.1,.066
John Coker,1999-00,,Did not play - other pro league,,,,,,,
John Coker,2000-01,29,GSW,6,32,-2.8,-12.9,-0.1,-0.1,-0.192
Norris Cole,2011-12,23,MIA,65,1260,7.9,-6.3,-1.4,0.0,.000
Norris Cole,2012-13,24,MIA,80,1590,7.9,-4.9,-1.2,0.6,.019
Norris Cole,2013-14,25,MIA,82,2014,8.8,-3.1,-0.6,1.2,.029
Norris Cole,2014-15,26,2TM,75,1831,10.9,-2.8,-0.4,1.4,.036
Norris Cole,2014-15,26,MIA,47,1148,9.9,-3.0,-0.3,0.6,.027
Norris Cole,2014-15,26,NOP,28,683,12.6,-2.4,0.0,0.7,.052
Norris Cole,2015-16,27,NOP,45,1198,10.8,-3.8,-0.5,-0.1,-0.004
Norris Cole,2016-17,28,OKC,13,125,5.4,-6.7,-0.1,-0.1,-0.033
Norris Cole,2017-18,,Did not play - other pro league,,,,,,,
Ben Coleman,1984-85,,Did not play - other pro league,,,,,,,
Ben Coleman,1985-86,,Did not play - other pro league,,,,,,,
Ben Coleman,1986-87,25,NJN,68,1029,13.6,-2.2,0.0,2.0,.093
Ben Coleman,1987-88,26,2TM,70,1498,12.0,-3.1,-0.4,1.8,.058
Ben Coleman,1987-88,26,NJN,27,657,13.2,-3.2,-0.2,0.6,.041
Ben Coleman,1987-88,26,PHI,43,841,11.0,-3.1,-0.2,1.2,.071
Ben Coleman,1988-89,27,PHI,58,703,11.2,-4.9,-0.5,0.8,.051
Ben Coleman,1989-90,28,MIL,22,305,12.2,-4.1,-0.2,0.5,.079
Ben Coleman,1990-91,,Did not play - other pro league,,,,,,,
Ben Coleman,1991-92,,Did not play - other pro league,,,,,,,
Ben Coleman,1992-93,,Did not play - other pro league,,,,,,,
Ben Coleman,1993-94,32,DET,9,77,11.6,-6.9,-0.1,0.0,-0.004
Derrick Coleman,1990-91,23,NJN,74,2602,17.6,0.4,1.5,5.8,.108
Derrick Coleman,1991-92,24,NJN,65,2207,19.5,2.2,2.3,5.6,.121
Derrick Coleman,1992-93,25,NJN,76,2759,21.2,4.3,4.4,9.5,.165
Derrick Coleman,1993-94,26,NJN,77,2778,21.4,4.3,4.4,9.9,.171
Derrick Coleman,1994-95,27,NJN,56,2103,19.0,1.5,1.8,5.1,.117
Derrick Coleman,1995-96,28,PHI,11,294,12.0,-3.5,-0.1,-0.2,-0.029
Derrick Coleman,1996-97,29,PHI,57,2102,17.3,0.7,1.5,3.3,.076
Derrick Coleman,1997-98,30,PHI,59,2135,17.5,0.5,1.3,4.4,.100
Derrick Coleman,1998-99,31,CHH,37,1178,15.6,-0.7,0.4,2.0,.081
Derrick Coleman,1999-00,32,CHH,74,2347,18.9,1.6,2.2,6.5,.133
Derrick Coleman,2000-01,33,CHH,34,683,13.8,-0.9,0.2,1.2,.082
Derrick Coleman,2001-02,34,PHI,58,2080,16.2,0.9,1.5,5.9,.135
Derrick Coleman,2002-03,35,PHI,64,1742,15.4,0.3,1.0,4.5,.124
Derrick Coleman,2003-04,36,PHI,34,843,11.6,-2.1,0.0,0.8,.047
Derrick Coleman,2004-05,37,DET,5,50,1.2,-10.5,-0.1,-0.1,-0.049
E.C. Coleman,1973-74,23,HOU,58,1075,11.3,-1.4,0.2,1.7,.074
E.C. Coleman,1974-75,24,NOJ,77,2176,10.8,-2.2,-0.1,2.6,.057
E.C. Coleman,1975-76,25,NOJ,67,1850,9.7,-1.7,0.1,2.5,.065
E.C. Coleman,1976-77,26,NOJ,77,2369,9.6,-2.2,-0.1,3.2,.065
E.C. Coleman,1977-78,27,GSW,72,1801,9.1,-2.2,-0.1,2.7,.071
E.C. Coleman,1978-79,28,HOU,6,39,10.9,-3.2,0.0,0.1,.169
Jack Coleman,1949-50,25,ROC,68,,,,,4.3,
Jack Coleman,1950-51,26,ROC,67,,,,,6.5,
Jack Coleman,1951-52,27,ROC,66,2606,15.6,,,5.0,.093
Jack Coleman,1952-53,28,ROC,70,2625,17.1,,,6.7,.122
Jack Coleman,1953-54,29,ROC,71,2377,14.9,,,5.8,.117
Jack Coleman,1954-55,30,ROC,72,2482,18.6,,,6.2,.121
Jack Coleman,1955-56,31,2TM,75,2738,15.1,,,6.4,.112
Jack Coleman,1955-56,31,ROC,34,1369,15.2,,,3.4,.119
Jack Coleman,1955-56,31,STL,41,1369,15.1,,,3.0,.105
Jack Coleman,1956-57,32,STL,72,2145,14.7,,,4.1,.091
Jack Coleman,1957-58,33,STL,72,1506,13.8,,,2.6,.084
Norris Coleman,1987-88,26,LAC,29,431,6.6,-7.1,-0.6,-0.4,-0.046
Bimbo Coles,1990-91,22,MIA,82,1355,10.4,-2.3,-0.1,1.1,.038
Bimbo Coles,1991-92,23,MIA,81,1976,14.3,-1.1,0.5,3.0,.073
Bimbo Coles,1992-93,24,MIA,81,2232,14.7,0.6,1.4,5.7,.122
Bimbo Coles,1993-94,25,MIA,76,1726,13.0,0.0,0.9,3.2,.089
Bimbo Coles,1994-95,26,MIA,68,2207,12.5,-1.5,0.3,2.8,.060
Bimbo Coles,1995-96,27,2TM,81,2615,12.4,-0.2,1.2,5.0,.091
Bimbo Coles,1995-96,27,MIA,52,1882,13.0,0.6,1.2,4.3,.109
Bimbo Coles,1995-96,27,GSW,29,733,10.9,-2.3,-0.1,0.7,.047
Bimbo Coles,1996-97,28,GSW,51,1183,9.5,-3.2,-0.3,0.5,.019
Bimbo Coles,1997-98,29,GSW,53,1471,10.4,-3.5,-0.6,0.9,.029
Bimbo Coles,1998-99,30,GSW,48,1272,14.8,0.2,0.7,2.7,.103
Bimbo Coles,1999-00,31,ATL,80,1924,12.9,-2.2,-0.1,2.3,.058
Bimbo Coles,2000-01,32,CLE,47,804,9.3,-4.8,-0.6,0.0,.000
Bimbo Coles,2001-02,33,CLE,47,693,8.8,-4.5,-0.4,0.4,.027
Bimbo Coles,2002-03,34,2TM,35,691,6.7,-5.4,-0.6,0.0,.000
Bimbo Coles,2002-03,34,CLE,21,516,6.0,-5.4,-0.4,-0.1,-0.012
Bimbo Coles,2002-03,34,BOS,14,175,8.8,-5.6,-0.2,0.1,.036
Bimbo Coles,2003-04,35,MIA,22,170,1.8,-8.5,-0.3,-0.1,-0.036
Isaiah Collier,2024-25,20,UTA,71,1839,9.7,-5.3,-1.6,-0.8,-0.021
Jason Collier,2000-01,23,HOU,23,222,7.4,-6.5,-0.2,0.0,-0.001
Jason Collier,2001-02,24,HOU,25,365,11.1,-5.2,-0.3,0.4,.057
Jason Collier,2002-03,25,HOU,13,104,15.0,-1.4,0.0,0.3,.126
Jason Collier,2003-04,26,ATL,20,545,14.6,-3.6,-0.2,1.2,.105
Jason Collier,2004-05,27,ATL,70,942,11.0,-6.7,-1.1,0.0,.000
Art Collins,1976-77,,Did not play - other pro league,,,,,,,
Art Collins,1977-78,,Did not play - other pro league,,,,,,,
Art Collins,1978-79,,Did not play - other pro league,,,,,,,
Art Collins,1979-80,,Did not play - other pro league,,,,,,,
Art Collins,1980-81,26,ATL,29,395,4.3,-5.8,-0.4,-0.4,-0.054
Don Collins,1980-81,22,2TM,81,1845,14.5,-0.5,0.7,2.6,.068
Don Collins,1980-81,22,ATL,47,1184,15.0,-0.6,0.4,1.8,.072
Don Collins,1980-81,22,WSB,34,661,13.6,-0.2,0.3,0.8,.062
Don Collins,1981-82,23,WSB,79,1609,15.1,1.3,1.3,3.4,.101
Don Collins,1982-83,24,WSB,65,1575,15.5,1.8,1.5,3.5,.108
Don Collins,1983-84,25,GSW,61,957,12.4,-2.1,0.0,0.9,.047
Don Collins,1984-85,26,WSB,11,91,12.9,0.7,0.1,0.0,.025
Don Collins,1985-86,,Did not play - other pro league,,,,,,,
Don Collins,1986-87,28,MIL,6,57,9.1,-7.5,-0.1,0.0,-0.016
Doug Collins,1973-74,22,PHI,25,436,10.5,-5.6,-0.4,-0.3,-0.028
Doug Collins,1974-75,23,PHI,81,2820,16.4,0.5,1.8,7.7,.131
Doug Collins,1975-76,24,PHI,77,2995,16.7,1.5,2.6,10.0,.161
Doug Collins,1976-77,25,PHI,58,2037,16.7,0.8,1.4,6.2,.145
Doug Collins,1977-78,26,PHI,79,2770,16.9,0.9,2.1,7.6,.132
Doug Collins,1978-79,27,PHI,47,1595,16.0,0.1,0.9,4.2,.125
Doug Collins,1979-80,28,PHI,36,963,13.6,-1.9,0.0,1.9,.094
Doug Collins,1980-81,29,PHI,12,329,13.1,-0.9,0.1,0.7,.105
James Collins,1997-98,24,LAC,23,103,15.3,-1.0,0.0,0.0,.008
Jarron Collins,2001-02,23,UTA,70,1440,11.5,-3.3,-0.5,3.3,.111
Jarron Collins,2002-03,24,UTA,22,421,8.2,-4.0,-0.2,0.7,.078
Jarron Collins,2003-04,25,UTA,81,1732,11.1,-2.0,0.0,4.2,.117
Jarron Collins,2004-05,26,UTA,50,961,8.0,-3.8,-0.4,1.1,.057
Jarron Collins,2005-06,27,UTA,79,1730,11.0,-2.1,-0.1,3.9,.107
Jarron Collins,2006-07,28,UTA,82,913,8.0,-2.9,-0.2,1.3,.067
Jarron Collins,2007-08,29,UTA,70,702,6.1,-3.4,-0.3,1.0,.070
Jarron Collins,2008-09,30,UTA,26,201,5.8,-6.1,-0.2,0.2,.047
Jarron Collins,2009-10,31,PHO,34,261,3.7,-6.7,-0.3,0.1,.010
Jarron Collins,2010-11,32,2TM,28,181,1.6,-8.9,-0.3,-0.1,-0.016
Jarron Collins,2010-11,32,LAC,23,157,1.8,-7.8,-0.2,0.0,.000
Jarron Collins,2010-11,32,POR,5,24,0.0,-15.9,-0.1,-0.1,-0.124
Jason Collins,2001-02,23,NJN,77,1407,10.7,-2.1,0.0,3.0,.104
Jason Collins,2002-03,24,NJN,81,1900,9.9,-2.0,0.0,4.7,.119
Jason Collins,2003-04,25,NJN,78,2220,10.0,-1.5,0.3,4.9,.105
Jason Collins,2004-05,26,NJN,80,2542,8.6,-2.9,-0.6,3.9,.073
Jason Collins,2005-06,27,NJN,71,1895,5.5,-3.8,-0.9,2.0,.051
Jason Collins,2006-07,28,NJN,80,1844,3.0,-5.8,-1.8,0.6,.015
Jason Collins,2007-08,29,2TM,74,1172,3.4,-6.7,-1.4,0.1,.005
Jason Collins,2007-08,29,NJN,43,684,2.0,-7.0,-0.9,0.0,-0.002
Jason Collins,2007-08,29,MEM,31,488,5.4,-6.2,-0.5,0.1,.015
Jason Collins,2008-09,30,MIN,31,422,3.3,-7.2,-0.6,-0.2,-0.018
Jason Collins,2009-10,31,ATL,24,115,0.9,-8.8,-0.2,-0.1,-0.044
Jason Collins,2010-11,32,ATL,49,593,5.4,-4.8,-0.4,0.6,.049
Jason Collins,2011-12,33,ATL,30,308,3.7,-6.1,-0.3,0.2,.025
Jason Collins,2012-13,34,2TM,38,384,3.0,-6.7,-0.4,0.4,.045
Jason Collins,2012-13,34,BOS,32,330,3.0,-7.0,-0.4,0.3,.049
Jason Collins,2012-13,34,WAS,6,54,2.9,-5.2,0.0,0.0,.016
Jason Collins,2013-14,35,BRK,22,172,4.1,-6.7,-0.2,0.1,.017
Jimmy Collins,1970-71,24,CHI,55,478,13.0,,,0.6,.064
Jimmy Collins,1971-72,25,CHI,19,134,9.2,,,-0.1,-0.027
John Collins,2017-18,20,ATL,74,1785,18.3,-0.2,0.8,5.4,.145
John Collins,2018-19,21,ATL,61,1829,21.8,0.9,1.3,6.0,.158
John Collins,2019-20,22,ATL,41,1363,23.5,3.1,1.7,4.9,.174
John Collins,2020-21,23,ATL,63,1848,20.6,2.3,2.0,6.7,.174
John Collins,2021-22,24,ATL,54,1663,18.7,1.5,1.5,5.1,.146
John Collins,2022-23,25,ATL,71,2130,13.6,-1.3,0.4,4.2,.095
John Collins,2023-24,26,UTA,68,1901,17.5,-0.9,0.5,4.4,.110
John Collins,2024-25,27,UTA,40,1220,19.0,1.0,0.9,2.5,.098
Mardy Collins,2006-07,22,NYK,52,777,9.2,-3.1,-0.2,0.0,.002
Mardy Collins,2007-08,23,NYK,46,634,5.9,-6.4,-0.7,-1.0,-0.079
Mardy Collins,2008-09,24,2TM,48,890,9.5,-3.5,-0.3,-0.1,-0.003
Mardy Collins,2008-09,24,NYK,9,75,5.0,-6.4,-0.1,-0.1,-0.077
Mardy Collins,2008-09,24,LAC,39,815,9.9,-3.2,-0.2,0.1,.004
Mardy Collins,2009-10,25,LAC,43,470,5.7,-5.8,-0.4,-0.5,-0.049
Sherron Collins,2010-11,23,CHA,20,66,3.6,-8.0,-0.1,-0.2,-0.121
Yuri Collins,2024-25,23,GSW,2,16,13.9,0.3,0.0,0.1,.214
Zach Collins,2017-18,20,POR,66,1045,7.5,-4.3,-0.6,0.6,.030
Zach Collins,2018-19,21,POR,77,1356,13.5,-1.2,0.3,2.9,.104
Zach Collins,2019-20,22,POR,11,290,9.9,-3.1,-0.1,0.3,.052
Zach Collins,2020-21,,Did not play - injury,,,,,,,
Zach Collins,2021-22,24,SAS,28,502,16.4,-0.2,0.2,1.2,.118
Zach Collins,2022-23,25,SAS,63,1441,16.4,-0.2,0.6,2.2,.074
Zach Collins,2023-24,26,SAS,69,1526,14.3,-2.0,0.0,1.8,.057
Zach Collins,2024-25,27,2TM,64,977,16.0,0.0,0.5,2.7,.132
Zach Collins,2024-25,27,SAS,36,425,14.4,-0.1,0.2,1.0,.110
Zach Collins,2024-25,27,CHI,28,552,17.2,0.1,0.3,1.7,.149
Kyle Collinsworth,2017-18,26,DAL,32,480,10.0,-2.6,-0.1,0.5,.045
Darren Collison,2009-10,22,NOH,76,2109,16.5,-0.8,0.6,2.9,.067
Darren Collison,2010-11,23,IND,79,2360,15.6,-0.3,1.0,4.3,.087
Darren Collison,2011-12,24,IND,60,1878,13.6,-0.2,0.9,3.8,.098
Darren Collison,2012-13,25,DAL,81,2372,16.3,0.1,1.3,5.6,.114
Darren Collison,2013-14,26,LAC,80,2069,16.2,1.5,1.8,5.9,.136
Darren Collison,2014-15,27,SAC,45,1565,17.5,2.1,1.6,3.8,.116
Darren Collison,2015-16,28,SAC,74,2219,15.9,0.1,1.2,5.2,.113
Darren Collison,2016-17,29,SAC,68,2063,15.3,-0.9,0.6,3.9,.091
Darren Collison,2017-18,30,IND,69,2018,18.8,2.7,2.4,7.6,.181
Darren Collison,2018-19,31,IND,76,2143,16.7,1.8,2.1,6.8,.153
Darren Collison,2019-20,,Did not play - retired,,,,,,,
Darren Collison,2020-21,,Did not play - retired,,,,,,,
Darren Collison,2021-22,34,LAL,3,37,-0.2,-10.9,-0.1,-0.1,-0.070
Nick Collison,2003-04,,Did not play - injury,,,,,,,
Nick Collison,2004-05,24,SEA,82,1396,15.0,-1.7,0.1,3.9,.135
Nick Collison,2005-06,25,SEA,66,1448,14.0,-3.2,-0.4,2.3,.075
Nick Collison,2006-07,26,SEA,82,2378,14.2,-2.4,-0.3,4.6,.093
Nick Collison,2007-08,27,SEA,78,2223,15.0,-1.4,0.3,4.5,.098
Nick Collison,2008-09,28,OKC,71,1831,14.8,-1.2,0.4,5.0,.130
Nick Collison,2009-10,29,OKC,75,1557,13.1,-1.2,0.3,4.7,.146
Nick Collison,2010-11,30,OKC,71,1524,10.8,-1.2,0.3,3.6,.113
Nick Collison,2011-12,31,OKC,63,1307,12.1,0.2,0.7,3.5,.130
Nick Collison,2012-13,32,OKC,81,1583,13.6,0.9,1.2,5.2,.158
Nick Collison,2013-14,33,OKC,81,1353,11.8,-0.9,0.4,3.6,.128
Nick Collison,2014-15,34,OKC,66,1101,11.2,-1.0,0.3,2.2,.097
Nick Collison,2015-16,35,OKC,59,699,7.7,-3.1,-0.2,0.8,.053
Nick Collison,2016-17,36,OKC,20,128,12.9,-0.2,0.1,0.4,.145
Nick Collison,2017-18,37,OKC,15,75,13.2,-4.2,0.0,0.1,.064
Joe Colone,1948-49,25,NYK,15,,,,,0.1,
Bonzie Colson,2018-19,23,MIL,8,98,12.9,-3.5,0.0,0.2,.085
Sean Colson,2000-01,25,2TM,13,44,6.8,-8.9,-0.1,-0.1,-0.106
Sean Colson,2000-01,25,ATL,3,14,-10.6,-18.9,-0.1,-0.1,-0.465
Sean Colson,2000-01,25,HOU,10,30,14.9,-4.2,0.0,0.0,.062
Steve Colter,1984-85,22,POR,78,1462,12.5,-0.8,0.4,2.3,.076
Steve Colter,1985-86,23,POR,81,1868,12.7,0.0,0.9,3.3,.085
Steve Colter,1986-87,24,2TM,70,1322,11.6,-1.2,0.3,1.7,.061
Steve Colter,1986-87,24,CHI,27,473,9.8,-2.7,-0.1,0.2,.019
Steve Colter,1986-87,24,PHI,43,849,12.6,-0.4,0.4,1.5,.084
Steve Colter,1987-88,25,2TM,68,1513,12.8,0.4,0.9,2.6,.081
Steve Colter,1987-88,25,PHI,12,152,8.1,-3.8,-0.1,0.0,.004
Steve Colter,1987-88,25,WSB,56,1361,13.4,0.9,1.0,2.5,.090
Steve Colter,1988-89,26,WSB,80,1425,14.1,0.5,0.9,3.1,.105
Steve Colter,1989-90,27,WSB,73,977,15.9,1.5,0.9,2.7,.134
Steve Colter,1990-91,28,SAC,19,251,9.5,-2.4,0.0,0.3,.051
Steve Colter,1991-92,,Did not play - other pro league,,,,,,,
Steve Colter,1992-93,,Did not play - other pro league,,,,,,,
Steve Colter,1993-94,,Did not play - other pro league,,,,,,,
Steve Colter,1994-95,32,CLE,57,752,11.3,-1.0,0.2,1.4,.087
Chance Comanche,2022-23,26,POR,1,21,12.2,-7.5,0.0,0.0,.043
Chance Comanche,2023-24,,Did not play - other pro league,,,,,,,
Glen Combs,1968-69,22,DLC,72,2241,14.1,,,5.1,.108
Glen Combs,1969-70,23,DLC,84,3260,16.0,,,8.6,.127
Glen Combs,1970-71,24,2TM,86,3204,15.0,,,8.7,.130
Glen Combs,1970-71,24,TEX,42,1605,13.9,,,3.3,.100
Glen Combs,1970-71,24,UTS,44,1599,16.1,,,5.3,.159
Glen Combs,1971-72,25,UTS,84,2906,13.7,,,6.7,.111
Glen Combs,1972-73,26,UTS,50,1488,11.0,,,2.7,.086
Glen Combs,1973-74,27,2TM,76,1986,13.3,-1.6,0.2,2.5,.061
Glen Combs,1973-74,27,UTS,37,617,14.1,-0.8,0.2,0.9,.070
Glen Combs,1973-74,27,MMT,39,1369,13.0,-2.0,0.0,1.6,.057
Glen Combs,1974-75,28,VIR,13,190,10.0,-2.5,0.0,0.0,.010
Leroy Combs,1983-84,23,IND,48,446,13.5,-0.8,0.1,0.4,.041
John Comeaux,1966-67,,Did not play - unsigned,,,,,,,
John Comeaux,1967-68,24,NOB,23,189,10.3,,,0.4,.111
