player_name,year_id,age,team_name_abbr,games,mp,per,bpm,vorp,ws,ws_per_48
Tyreke Evans,2009-10,20,SAC,72,2677,18.2,1.3,2.2,5.4,.097
Tyreke Evans,2010-11,21,SAC,57,2107,14.4,0.0,1.1,1.6,.036
Tyreke Evans,2011-12,22,SAC,63,2162,16.4,-0.6,0.8,2.7,.059
Tyreke Evans,2012-13,23,SAC,65,2016,18.1,1.8,1.9,4.4,.105
Tyreke Evans,2013-14,24,NOP,72,2028,18.4,0.6,1.3,3.1,.073
Tyreke Evans,2014-15,25,NOP,79,2690,17.7,1.2,2.2,4.6,.082
Tyreke Evans,2015-16,26,NOP,25,765,17.9,1.7,0.7,1.4,.087
Tyreke Evans,2016-17,27,2TM,40,788,15.5,0.4,0.5,0.7,.045
Tyreke Evans,2016-17,27,NOP,26,474,15.8,0.0,0.2,0.5,.053
Tyreke Evans,2016-17,27,SAC,14,314,14.9,0.9,0.2,0.2,.034
Tyreke Evans,2017-18,28,MEM,52,1607,21.1,4.5,2.6,4.2,.126
Tyreke Evans,2018-19,29,IND,69,1402,11.5,-2.7,-0.2,0.3,.010
Tosan Evbuomwan,2023-24,22,2TM,17,367,9.9,-3.0,-0.1,0.5,.071
Tosan Evbuomwan,2023-24,22,MEM,4,74,5.7,-6.4,-0.1,0.0,.016
Tosan Evbuomwan,2023-24,22,DET,13,293,10.9,-2.2,0.0,0.5,.085
Tosan Evbuomwan,2024-25,23,BRK,28,665,11.6,-3.2,-0.2,0.6,.044
Daniel Ewing,2005-06,22,LAC,66,971,7.6,-3.2,-0.3,0.3,.017
Daniel Ewing,2006-07,23,LAC,61,712,9.3,-2.8,-0.1,0.5,.033
Patrick Ewing,1985-86,23,NYK,50,1771,17.4,1.1,1.4,3.1,.084
Patrick Ewing,1986-87,24,NYK,63,2206,18.9,0.4,1.3,3.5,.075
Patrick Ewing,1987-88,25,NYK,82,2546,21.9,4.2,4.0,8.1,.154
Patrick Ewing,1988-89,26,NYK,80,2896,22.1,4.5,4.8,10.9,.181
Patrick Ewing,1989-90,27,NYK,82,3165,25.8,5.5,6.0,13.5,.205
Patrick Ewing,1990-91,28,NYK,81,3104,23.7,4.2,4.9,10.0,.155
Patrick Ewing,1991-92,29,NYK,82,3150,22.8,4.9,5.5,13.0,.198
Patrick Ewing,1992-93,30,NYK,81,3003,20.8,3.4,4.0,10.6,.170
Patrick Ewing,1993-94,31,NYK,79,2972,22.9,5.2,5.5,13.1,.211
Patrick Ewing,1994-95,32,NYK,79,2920,21.9,3.5,4.1,9.6,.157
Patrick Ewing,1995-96,33,NYK,76,2783,20.9,1.6,2.5,6.8,.116
Patrick Ewing,1996-97,34,NYK,78,2887,21.3,2.8,3.5,9.8,.163
Patrick Ewing,1997-98,35,NYK,26,848,23.3,4.2,1.3,3.0,.168
Patrick Ewing,1998-99,36,NYK,38,1300,19.4,1.9,1.3,3.3,.123
Patrick Ewing,1999-00,37,NYK,62,2035,16.9,-0.2,0.9,4.8,.113
Patrick Ewing,2000-01,38,SEA,79,2107,12.9,-3.2,-0.6,2.0,.046
Patrick Ewing,2001-02,39,ORL,65,901,14.4,-3.1,-0.3,1.4,.073
Patrick Ewing,2010-11,26,NOH,7,19,0.6,-9.1,0.0,-0.1,-0.158
Dante Exum,2014-15,19,UTA,82,1817,5.7,-4.3,-1.1,-0.1,-0.003
Dante Exum,2015-16,,Did not play - injury,,,,,,,
Dante Exum,2016-17,21,UTA,66,1228,8.5,-3.3,-0.4,1.2,.046
Dante Exum,2017-18,22,UTA,14,235,16.7,0.1,0.1,0.7,.133
Dante Exum,2018-19,23,UTA,42,664,11.2,-2.1,0.0,1.0,.069
Dante Exum,2019-20,24,2TM,35,485,10.3,-2.9,-0.1,0.4,.043
Dante Exum,2019-20,24,UTA,11,83,4.8,-5.7,-0.1,-0.1,-0.056
Dante Exum,2019-20,24,CLE,24,402,11.5,-2.4,0.0,0.5,.063
Dante Exum,2020-21,25,CLE,6,116,5.9,-3.8,-0.1,-0.1,-0.025
Dante Exum,2021-22,,Did not play - other pro league,,,,,,,
Dante Exum,2022-23,,Did not play - other pro league,,,,,,,
Dante Exum,2023-24,28,DAL,55,1088,13.7,-0.6,0.4,2.9,.127
Dante Exum,2024-25,29,DAL,20,372,13.6,-2.3,0.0,0.6,.083
Christian Eyenga,2009-10,,Did not play - other pro league,,,,,,,
Christian Eyenga,2010-11,21,CLE,44,947,9.0,-4.0,-0.5,-0.3,-0.016
Christian Eyenga,2011-12,22,2TM,7,102,4.8,-5.6,-0.1,-0.1,-0.061
Christian Eyenga,2011-12,22,CLE,6,83,2.1,-6.4,-0.1,-0.2,-0.103
Christian Eyenga,2011-12,22,LAL,1,19,16.7,-1.9,0.0,0.0,.122
Festus Ezeli,2012-13,23,GSW,78,1120,9.3,-3.4,-0.4,1.5,.066
Festus Ezeli,2013-14,,Did not play - injury,,,,,,,
Festus Ezeli,2014-15,25,GSW,46,504,16.2,-1.8,0.0,1.7,.159
Festus Ezeli,2015-16,26,GSW,46,770,17.7,-0.1,0.4,2.7,.171
Festus Ezeli,2016-17,,Did not play - injury,,,,,,,
Festus Ezeli,2017-18,,Did not play - injury,,,,,,,
Festus Ezeli,2018-19,,Did not play - injury,,,,,,,
Festus Ezeli,2019-20,,Did not play - injury,,,,,,,
Festus Ezeli,2020-21,,Did not play - other pro league,,,,,,,
Johnny Ezersky,1947-48,25,PRO,25,,,,,-0.7,
Johnny Ezersky,1948-49,26,3TM,56,,,,,1.7,
Johnny Ezersky,1948-49,26,PRO,11,,,,,-0.3,
Johnny Ezersky,1948-49,26,BLB,27,,,,,0.3,
Johnny Ezersky,1948-49,26,BOS,18,,,,,1.7,
Johnny Ezersky,1949-50,27,2TM,54,,,,,0.5,
Johnny Ezersky,1949-50,27,BLB,38,,,,,0.7,
Johnny Ezersky,1949-50,27,BOS,16,,,,,-0.2,
Joe Fabel,1946-47,29,PIT,30,,,,,-0.2,
John Fairchild,1965-66,22,LAL,30,171,3.9,,,-0.6,-0.166
John Fairchild,1966-67,,Did not play - waived,,,,,,,
John Fairchild,1967-68,24,ANA,62,1311,15.0,,,1.7,.061
John Fairchild,1968-69,25,2TM,63,717,9.2,,,0.7,.045
John Fairchild,1968-69,25,DNR,11,135,6.0,,,0.1,.027
John Fairchild,1968-69,25,INA,52,582,9.9,,,0.6,.050
John Fairchild,1969-70,26,2TM,10,78,1.8,,,0.0,-0.007
John Fairchild,1969-70,26,INA,3,26,-0.8,,,-0.1,-0.105
John Fairchild,1969-70,26,KEN,7,52,3.1,,,0.0,.041
Tacko Fall,2019-20,24,BOS,7,33,28.4,6.5,0.1,0.2,.223
Tacko Fall,2020-21,25,BOS,19,136,19.6,1.2,0.1,0.5,.177
Tacko Fall,2021-22,26,CLE,11,59,11.3,-3.4,0.0,0.1,.043
Phil Farbman,1948-49,24,2TM,48,,,,,1.4,
Phil Farbman,1948-49,24,PHW,27,,,,,0.8,
Phil Farbman,1948-49,24,BOS,21,,,,,0.6,
Kenneth Faried,2011-12,22,DEN,46,1037,21.9,2.2,1.1,4.6,.212
Kenneth Faried,2012-13,23,DEN,80,2248,18.5,1.1,1.7,7.8,.167
Kenneth Faried,2013-14,24,DEN,80,2178,19.8,1.0,1.6,6.5,.144
Kenneth Faried,2014-15,25,DEN,75,2086,18.4,-0.1,1.0,5.6,.130
Kenneth Faried,2015-16,26,DEN,67,1694,21.0,0.3,1.0,5.5,.156
Kenneth Faried,2016-17,27,DEN,61,1296,20.3,0.3,0.7,4.5,.168
Kenneth Faried,2017-18,28,DEN,32,461,17.4,-2.1,0.0,1.3,.132
Kenneth Faried,2018-19,29,2TM,37,728,21.6,-0.2,0.3,2.9,.193
Kenneth Faried,2018-19,29,BRK,12,118,20.5,0.4,0.1,0.4,.168
Kenneth Faried,2018-19,29,HOU,25,610,21.8,-0.4,0.3,2.5,.198
Kenneth Faried,2019-20,,Did not play - other pro league,,,,,,,
Dick Farley,1954-55,22,SYR,69,1113,13.0,,,3.0,.128
Dick Farley,1955-56,23,SYR,72,1429,10.8,,,2.5,.083
Dick Farley,1956-57,,Did not play - military service,,,,,,,
Dick Farley,1957-58,,Did not play - military service,,,,,,,
Dick Farley,1958-59,26,DET,70,1280,12.9,,,2.8,.104
Jordan Farmar,2006-07,20,LAL,72,1090,10.8,-1.7,0.1,0.9,.038
Jordan Farmar,2007-08,21,LAL,82,1690,15.4,1.3,1.4,3.9,.111
Jordan Farmar,2008-09,22,LAL,65,1192,9.9,-2.6,-0.2,0.8,.034
Jordan Farmar,2009-10,23,LAL,82,1474,12.3,-0.4,0.6,2.8,.093
Jordan Farmar,2010-11,24,NJN,73,1796,14.1,-0.4,0.7,1.9,.050
Jordan Farmar,2011-12,25,NJN,39,831,17.4,0.4,0.5,1.8,.104
Jordan Farmar,2012-13,,Did not play - other pro league,,,,,,,
Jordan Farmar,2013-14,27,LAL,41,912,15.0,-0.7,0.3,0.7,.039
Jordan Farmar,2014-15,28,LAC,36,529,9.9,-1.4,0.1,0.6,.053
Jordan Farmar,2015-16,29,MEM,12,291,13.2,-0.7,0.1,0.4,.064
Jordan Farmar,2016-17,30,SAC,2,35,14.4,2.1,0.0,0.0,.063
Desmon Farmer,2006-07,25,SEA,8,32,15.4,3.1,0.0,0.0,.074
Desmon Farmer,2007-08,,Did not play - other pro league,,,,,,,
Desmon Farmer,2008-09,27,SAS,3,54,0.4,-9.9,-0.1,-0.1,-0.071
Jim Farmer,1987-88,23,DAL,30,157,4.4,-9.9,-0.3,-0.4,-0.111
Jim Farmer,1988-89,24,UTA,37,412,8.4,-5.1,-0.3,0.4,.045
Jim Farmer,1989-90,25,SEA,38,400,15.5,-1.1,0.1,0.7,.087
Jim Farmer,1990-91,26,2TM,27,456,12.2,-3.7,-0.2,0.1,.010
Jim Farmer,1990-91,26,PHI,2,13,10.9,-11.3,0.0,0.0,-0.068
Jim Farmer,1990-91,26,DEN,25,443,12.3,-3.5,-0.2,0.1,.012
Jim Farmer,1991-92,,Did not play - other pro league,,,,,,,
Jim Farmer,1992-93,,Did not play - other pro league,,,,,,,
Jim Farmer,1993-94,29,DEN,4,29,-3.7,-14.5,-0.1,-0.1,-0.210
Mike Farmer,1958-59,22,NYK,72,1545,7.9,,,0.1,.004
Mike Farmer,1959-60,23,NYK,67,1536,8.8,,,-0.1,-0.002
Mike Farmer,1960-61,24,2TM,59,1301,10.2,,,-0.1,-0.004
Mike Farmer,1960-61,24,NYK,2,6,-4.8,,,0.0,-0.170
Mike Farmer,1960-61,24,CIN,57,1295,10.2,,,-0.1,-0.003
Mike Farmer,1961-62,,Did not play - other pro league,,,,,,,
Mike Farmer,1962-63,26,STL,80,1724,12.0,,,3.2,.089
Mike Farmer,1963-64,27,STL,76,1361,9.4,,,1.3,.046
Mike Farmer,1964-65,28,STL,60,1272,10.7,,,1.8,.069
Mike Farmer,1965-66,29,STL,9,79,11.6,,,0.1,.059
Tony Farmer,1997-98,28,CHH,27,169,13.9,-2.5,0.0,0.4,.109
Tony Farmer,1998-99,,Did not play - other pro league,,,,,,,
Tony Farmer,1999-00,30,GSW,74,1199,15.7,-0.5,0.5,2.9,.114
Bob Faught,1946-47,25,CLR,51,,,,,1.7,
Vítor Luiz Faverani,2013-14,25,BOS,37,488,11.0,-3.2,-0.1,0.3,.031
Derrick Favors,2010-11,19,2TM,78,1535,13.9,-3.2,-0.5,2.9,.091
Derrick Favors,2010-11,19,NJN,56,1091,12.6,-3.9,-0.5,1.9,.083
Derrick Favors,2010-11,19,UTA,22,444,16.8,-1.6,0.0,1.0,.110
Derrick Favors,2011-12,20,UTA,65,1376,17.1,-1.1,0.3,3.0,.105
Derrick Favors,2012-13,21,UTA,77,1787,17.5,-0.5,0.7,4.4,.117
Derrick Favors,2013-14,22,UTA,73,2201,19.0,0.1,1.2,5.1,.112
Derrick Favors,2014-15,23,UTA,74,2280,21.8,2.5,2.6,8.3,.175
Derrick Favors,2015-16,24,UTA,62,1983,21.6,3.3,2.6,7.1,.173
Derrick Favors,2016-17,25,UTA,50,1186,15.8,-0.1,0.6,2.7,.109
Derrick Favors,2017-18,26,UTA,77,2153,18.8,1.5,1.9,8.0,.179
Derrick Favors,2018-19,27,UTA,76,1766,21.8,3.3,2.4,7.9,.215
Derrick Favors,2019-20,28,NOP,51,1243,18.5,1.0,0.9,4.2,.162
Derrick Favors,2020-21,29,UTA,68,1039,19.7,2.6,1.2,5.1,.237
Derrick Favors,2021-22,30,OKC,39,653,13.6,-2.1,0.0,1.4,.105
Nick Fazekas,2007-08,22,2TM,26,269,19.6,0.5,0.2,0.8,.148
Nick Fazekas,2007-08,22,DAL,4,9,13.8,-4.6,0.0,0.0,.021
Nick Fazekas,2007-08,22,LAC,22,260,19.8,0.7,0.2,0.8,.153
Dave Fedor,1962-63,22,SFW,7,27,2.2,,,-0.1,-0.128
Bob Feerick,1946-47,27,WSC,55,,,,,18.6,
Bob Feerick,1947-48,28,WSC,48,,,,,10.5,
Bob Feerick,1948-49,29,WSC,58,,,,,8.9,
Bob Feerick,1949-50,30,WSC,60,,,,,3.6,
Butch Feher,1976-77,22,PHO,48,487,15.9,0.6,0.3,1.5,.145
Jamie Feick,1996-97,22,2TM,41,624,11.1,-5.8,-0.6,0.2,.016
Jamie Feick,1996-97,22,CHH,3,10,16.3,-3.1,0.0,0.0,.098
Jamie Feick,1996-97,22,SAS,38,614,11.0,-5.9,-0.6,0.2,.014
Jamie Feick,1997-98,23,MIL,45,450,12.1,-1.4,0.1,0.9,.091
Jamie Feick,1998-99,24,2TM,28,852,14.2,-2.2,0.0,2.2,.123
Jamie Feick,1998-99,24,MIL,2,3,-1.8,-12.2,0.0,0.0,-0.196
Jamie Feick,1998-99,24,NJN,26,849,14.2,-2.1,0.0,2.2,.124
Jamie Feick,1999-00,25,NJN,81,2241,12.3,-2.3,-0.2,4.8,.103
Jamie Feick,2000-01,26,NJN,6,149,10.2,-1.8,0.0,0.2,.050
Ron Feiereisel,1953-54,,Did not play - military service,,,,,,,
Ron Feiereisel,1954-55,,Did not play - military service,,,,,,,
Ron Feiereisel,1955-56,24,MNL,10,59,12.2,,,0.0,.040
George Feigenbaum,1949-50,21,BLB,12,,,,,-0.4,
George Feigenbaum,1950-51,,Did not play - other pro league,,,,,,,
George Feigenbaum,1951-52,,Did not play - other pro league,,,,,,,
George Feigenbaum,1952-53,24,MLH,5,79,2.2,,,-0.2,-0.109
Dave Feitl,1986-87,24,HOU,62,498,10.3,-5.8,-0.5,0.5,.049
Dave Feitl,1987-88,25,GSW,70,1128,10.7,-5.7,-1.1,0.3,.011
Dave Feitl,1988-89,26,WSB,57,828,8.7,-5.2,-0.7,0.4,.022
Dave Feitl,1989-90,,Did not play - other pro league,,,,,,,
Dave Feitl,1990-91,28,HOU,52,372,8.2,-7.0,-0.5,0.2,.022
Dave Feitl,1991-92,29,NJN,34,175,11.9,-7.0,-0.2,0.1,.019
Kay Felder,2016-17,21,CLE,42,386,11.4,-2.4,0.0,0.1,.008
Kay Felder,2017-18,22,2TM,16,140,3.6,-11.1,-0.3,-0.5,-0.175
Kay Felder,2017-18,22,CHI,14,134,3.6,-10.7,-0.3,-0.5,-0.168
Kay Felder,2017-18,22,DET,2,6,2.0,-21.4,0.0,0.0,-0.336
Cristiano Felício,2015-16,23,CHI,31,321,17.6,0.3,0.2,1.2,.175
Cristiano Felício,2016-17,24,CHI,66,1040,15.3,-0.7,0.3,3.4,.158
Cristiano Felício,2017-18,25,CHI,55,977,12.5,-3.9,-0.5,1.7,.086
Cristiano Felício,2018-19,26,CHI,60,746,13.4,-4.1,-0.4,1.4,.088
Cristiano Felício,2019-20,27,CHI,22,386,12.8,-3.1,-0.1,1.0,.126
Cristiano Felício,2020-21,28,CHI,18,84,14.7,0.1,0.0,0.3,.151
Carrick Felix,2013-14,23,CLE,7,38,13.3,-3.4,0.0,0.0,.057
Noel Felix,2005-06,24,SEA,12,82,-1.1,-12.5,-0.2,-0.3,-0.197
Ray Felix,1953-54,23,BLB,72,2672,23.1,,,8.6,.155
Ray Felix,1954-55,24,NYK,72,2024,20.9,,,7.2,.172
Ray Felix,1955-56,25,NYK,72,1702,18.6,,,5.5,.155
Ray Felix,1956-57,26,NYK,72,1622,19.0,,,5.5,.162
Ray Felix,1957-58,27,NYK,72,1709,18.9,,,5.8,.164
Ray Felix,1958-59,28,NYK,72,1588,14.0,,,2.0,.061
Ray Felix,1959-60,29,2TM,47,882,11.3,,,0.8,.045
Ray Felix,1959-60,29,NYK,16,186,8.9,,,-0.2,-0.060
Ray Felix,1959-60,29,MNL,31,696,12.0,,,1.1,.073
Ray Felix,1960-61,30,LAL,78,1510,9.6,,,1.8,.057
Ray Felix,1961-62,31,LAL,80,1478,9.2,,,2.3,.074
Raymond Felton,2005-06,21,CHA,80,2406,14.2,-0.6,0.8,2.6,.051
Raymond Felton,2006-07,22,CHA,78,2832,13.5,-0.8,0.9,2.3,.039
Raymond Felton,2007-08,23,CHA,79,2972,13.8,-2.1,-0.1,3.4,.054
Raymond Felton,2008-09,24,CHA,82,3086,13.7,-0.1,1.4,4.3,.066
Raymond Felton,2009-10,25,CHA,80,2643,15.2,1.6,2.3,6.5,.118
Raymond Felton,2010-11,26,2TM,75,2737,16.6,0.6,1.8,5.4,.094
Raymond Felton,2010-11,26,NYK,54,2074,17.3,0.4,1.3,4.0,.093
Raymond Felton,2010-11,26,DEN,21,663,14.7,1.0,0.5,1.3,.097
Raymond Felton,2011-12,27,POR,60,1906,13.4,-1.5,0.2,1.7,.042
Raymond Felton,2012-13,28,NYK,68,2313,15.2,0.1,1.2,4.2,.087
Raymond Felton,2013-14,29,NYK,65,2017,12.9,-1.2,0.4,2.2,.053
Raymond Felton,2014-15,30,DAL,29,281,12.4,-1.4,0.0,0.2,.039
Raymond Felton,2015-16,31,DAL,80,2192,11.9,-1.6,0.2,2.7,.059
Raymond Felton,2016-17,32,LAC,80,1700,10.9,-1.3,0.3,1.9,.055
Raymond Felton,2017-18,33,OKC,82,1365,13.0,-0.6,0.5,2.2,.078
Raymond Felton,2018-19,34,OKC,33,379,11.2,-1.3,0.1,0.7,.087
Jake Fendley,1951-52,22,FTW,58,651,9.8,,,1.0,.076
Jake Fendley,1952-53,23,FTW,45,380,10.9,,,1.1,.133
Warren Fenley,1946-47,24,BOS,33,,,,,-0.1,
Desmond Ferguson,2003-04,26,POR,7,32,11.3,1.4,0.0,0.0,.021
Terrance Ferguson,2017-18,19,OKC,61,763,7.4,-3.3,-0.3,1.2,.077
Terrance Ferguson,2018-19,20,OKC,74,1931,6.4,-3.8,-0.9,2.8,.070
Terrance Ferguson,2019-20,21,OKC,56,1257,3.7,-4.5,-0.8,0.6,.021
Terrance Ferguson,2020-21,22,PHI,13,49,-7.1,-14.3,-0.2,-0.2,-0.161
Rudy Fernández,2007-08,,Did not play - other pro league,,,,,,,
Rudy Fernández,2008-09,23,POR,78,1993,15.5,3.0,2.5,6.1,.147
Rudy Fernández,2009-10,24,POR,62,1441,13.1,1.5,1.3,3.0,.101
Rudy Fernández,2010-11,25,POR,78,1821,13.4,0.9,1.3,3.8,.100
Rudy Fernández,2011-12,26,DEN,31,710,13.3,0.7,0.5,1.2,.083
Rudy Fernández,2012-13,,Did not play - other pro league,,,,,,,
Bruno Fernando,2019-20,21,ATL,56,713,11.9,-4.1,-0.4,0.8,.055
Bruno Fernando,2020-21,22,ATL,33,226,6.2,-6.5,-0.3,-0.1,-0.019
Bruno Fernando,2021-22,23,2TM,30,152,21.2,-0.1,0.1,0.4,.140
Bruno Fernando,2021-22,23,BOS,20,58,12.6,-2.8,0.0,0.1,.102
Bruno Fernando,2021-22,23,HOU,10,94,26.5,1.5,0.1,0.3,.164
Bruno Fernando,2022-23,24,2TM,39,405,16.6,-2.0,0.0,0.9,.109
Bruno Fernando,2022-23,24,HOU,31,364,16.1,-1.7,0.0,0.8,.111
Bruno Fernando,2022-23,24,ATL,8,41,20.1,-5.0,0.0,0.1,.086
Bruno Fernando,2023-24,25,ATL,45,682,15.2,-2.3,-0.1,1.5,.103
Bruno Fernando,2024-25,26,TOR,17,147,15.3,-0.7,0.1,0.3,.085
Eric Fernsten,1975-76,22,2TM,37,268,14.3,-0.1,0.2,0.5,.089
Eric Fernsten,1975-76,22,CLE,4,9,-6.5,-5.1,0.0,0.0,-0.176
Eric Fernsten,1975-76,22,CHI,33,259,15.0,0.1,0.2,0.5,.098
Eric Fernsten,1976-77,23,CHI,5,61,10.0,-3.9,0.0,0.0,.004
Eric Fernsten,1977-78,,Did not play - other pro league,,,,,,,
Eric Fernsten,1978-79,,Did not play - other pro league,,,,,,,
Eric Fernsten,1979-80,26,BOS,56,431,14.4,0.8,0.3,1.2,.133
Eric Fernsten,1980-81,27,BOS,45,279,11.0,-2.4,0.0,0.5,.079
Eric Fernsten,1981-82,28,BOS,43,202,8.1,-3.2,0.0,0.2,.047
Eric Fernsten,1982-83,,Did not play - other pro league,,,,,,,
Eric Fernsten,1983-84,30,NYK,32,402,9.6,0.1,0.2,1.0,.118
Al Ferrari,1955-56,22,STL,68,1611,9.9,,,1.9,.057
Al Ferrari,1956-57,,Did not play - military service,,,,,,,
Al Ferrari,1957-58,,Did not play - military service,,,,,,,
Al Ferrari,1958-59,25,STL,72,1189,9.7,,,1.4,.058
Al Ferrari,1959-60,26,STL,71,1567,11.2,,,3.3,.100
Al Ferrari,1960-61,27,STL,63,1031,8.5,,,1.4,.066
Al Ferrari,1961-62,28,STL,79,2046,8.3,,,0.9,.020
Al Ferrari,1962-63,29,CHZ,18,138,6.5,,,0.0,-0.010
Rolando Ferreira,1988-89,24,POR,12,34,-7.6,-23.2,-0.2,-0.2,-0.352
Duane Ferrell,1988-89,23,ATL,41,231,12.0,-3.3,-0.1,0.4,.082
Duane Ferrell,1989-90,24,ATL,14,29,8.1,-9.5,-0.1,-0.1,-0.092
Duane Ferrell,1990-91,25,ATL,78,1165,12.4,-2.4,-0.1,1.9,.079
Duane Ferrell,1991-92,26,ATL,66,1598,15.6,-0.8,0.5,3.5,.107
Duane Ferrell,1992-93,27,ATL,82,1736,13.7,-2.0,0.0,2.8,.077
Duane Ferrell,1993-94,28,ATL,72,1155,14.5,-0.9,0.3,3.2,.134
Duane Ferrell,1994-95,29,IND,56,607,12.5,-1.5,0.1,1.2,.095
Duane Ferrell,1995-96,30,IND,54,591,10.9,-2.1,0.0,1.0,.077
Duane Ferrell,1996-97,31,IND,62,1115,11.6,-0.9,0.3,1.9,.081
Duane Ferrell,1997-98,32,GSW,50,461,6.4,-4.7,-0.3,0.0,-0.004
Duane Ferrell,1998-99,33,GSW,8,46,-2.3,-11.6,-0.1,-0.2,-0.157
Yogi Ferrell,2016-17,23,2TM,46,1197,13.1,-1.1,0.3,1.8,.072
Yogi Ferrell,2016-17,23,BRK,10,151,6.5,-7.5,-0.2,-0.2,-0.050
Yogi Ferrell,2016-17,23,DAL,36,1046,14.1,-0.2,0.5,2.0,.090
Yogi Ferrell,2017-18,24,DAL,82,2282,11.4,-1.4,0.4,3.0,.064
Yogi Ferrell,2018-19,25,SAC,71,1067,12.7,-1.4,0.2,1.9,.087
Yogi Ferrell,2019-20,26,SAC,50,530,12.2,-1.8,0.0,0.7,.060
Yogi Ferrell,2020-21,27,2TM,10,136,14.4,0.2,0.1,0.3,.099
Yogi Ferrell,2020-21,27,CLE,2,40,12.4,-1.0,0.0,0.0,-0.036
Yogi Ferrell,2020-21,27,LAC,8,96,15.3,0.7,0.1,0.3,.154
Arnie Ferrin,1948-49,23,MNL,47,,,,,2.6,
Arnie Ferrin,1949-50,24,MNL,63,,,,,2.6,
Arnie Ferrin,1950-51,25,MNL,68,,,,,2.4,
Bob Ferry,1959-60,22,STL,62,875,11.5,,,1.4,.078
Bob Ferry,1960-61,23,DET,79,1657,16.5,,,3.9,.113
Bob Ferry,1961-62,24,DET,80,1918,17.2,,,4.9,.122
Bob Ferry,1962-63,25,DET,79,2479,12.6,,,3.1,.061
Bob Ferry,1963-64,26,DET,74,1522,16.2,,,2.7,.086
Bob Ferry,1964-65,27,BAL,77,1280,10.8,,,1.2,.044
Bob Ferry,1965-66,28,BAL,66,1229,12.3,,,1.2,.047
Bob Ferry,1966-67,29,BAL,51,991,11.6,,,0.9,.046
Bob Ferry,1967-68,30,BAL,59,841,11.3,,,0.8,.046
Bob Ferry,1968-69,31,BAL,7,36,11.1,,,0.0,.012
Danny Ferry,1989-90,,Did not play - other pro league,,,,,,,
Danny Ferry,1990-91,24,CLE,81,1661,10.9,-4.0,-0.8,1.0,.028
Danny Ferry,1991-92,25,CLE,68,937,11.2,-3.9,-0.4,1.3,.067
Danny Ferry,1992-93,26,CLE,76,1461,14.0,-0.2,0.7,3.6,.118
Danny Ferry,1993-94,27,CLE,70,965,12.0,-1.3,0.2,1.7,.084
Danny Ferry,1994-95,28,CLE,82,1290,16.0,2.6,1.5,3.9,.144
Danny Ferry,1995-96,29,CLE,82,2680,14.2,-0.1,1.3,5.5,.098
Danny Ferry,1996-97,30,CLE,82,2633,11.7,-0.4,1.0,5.6,.102
Danny Ferry,1997-98,31,CLE,69,1034,7.5,-2.3,-0.1,1.0,.049
Danny Ferry,1998-99,32,CLE,50,1058,11.0,-1.4,0.2,1.7,.077
Danny Ferry,1999-00,33,CLE,63,1326,11.8,-1.4,0.2,2.7,.099
Danny Ferry,2000-01,34,SAS,80,1688,10.1,0.0,0.8,4.1,.117
Danny Ferry,2001-02,35,SAS,50,799,11.2,0.4,0.5,2.3,.140
Danny Ferry,2002-03,36,SAS,64,601,5.1,-3.2,-0.2,0.3,.028
Kyrylo Fesenko,2007-08,21,UTA,9,70,4.0,-11.9,-0.2,0.0,-0.031
Kyrylo Fesenko,2008-09,22,UTA,21,156,13.0,-3.1,-0.1,0.3,.095
Kyrylo Fesenko,2009-10,23,UTA,49,408,9.7,-4.4,-0.3,0.6,.070
Kyrylo Fesenko,2010-11,24,UTA,53,456,5.8,-7.4,-0.6,-0.1,-0.011
Kyrylo Fesenko,2011-12,25,IND,3,17,29.8,8.4,0.0,0.1,.374
Bobby Fields,1971-72,22,UTS,22,124,9.2,,,0.2,.089
Kenny Fields,1984-85,22,MIL,51,535,8.9,-3.9,-0.3,0.7,.060
Kenny Fields,1985-86,23,MIL,78,1120,13.3,-0.2,0.5,2.8,.120
Kenny Fields,1986-87,24,2TM,48,883,12.0,-3.3,-0.3,0.7,.039
Kenny Fields,1986-87,24,MIL,4,22,16.6,1.5,0.0,0.0,.108
Kenny Fields,1986-87,24,LAC,44,861,11.9,-3.4,-0.3,0.7,.037
Kenny Fields,1987-88,25,LAC,7,154,8.7,-4.4,-0.1,0.0,.000
Landry Fields,2010-11,22,NYK,82,2541,13.5,0.2,1.4,5.3,.100
Landry Fields,2011-12,23,NYK,66,1894,12.0,0.0,1.0,3.4,.085
Landry Fields,2012-13,24,TOR,51,1037,10.3,-1.8,0.1,1.1,.052
Landry Fields,2013-14,25,TOR,30,322,8.6,-1.4,0.1,0.4,.057
Landry Fields,2014-15,26,TOR,26,216,10.8,-0.1,0.1,0.3,.072
Ron Filipek,1967-68,23,PHI,19,73,13.5,,,0.0,-0.009
Kyle Filipowski,2024-25,21,UTA,72,1522,14.9,-1.0,0.4,2.5,.078
Greg Fillmore,1970-71,23,NYK,39,271,10.3,,,0.6,.100
Greg Fillmore,1971-72,24,NYK,10,67,-0.5,,,-0.3,-0.181
Larry Finch,1973-74,22,MMT,65,1154,8.1,-6.1,-1.2,-0.1,-0.002
Larry Finch,1974-75,23,MMS,63,1888,10.7,-3.2,-0.6,1.7,.044
Hank Finkel,1966-67,24,LAL,27,141,7.7,,,0.0,-0.005
Hank Finkel,1967-68,25,SDR,53,1116,17.5,,,3.4,.146
Hank Finkel,1968-69,26,SDR,35,332,13.1,,,0.9,.123
Hank Finkel,1969-70,27,BOS,80,1866,13.1,,,3.4,.087
Hank Finkel,1970-71,28,BOS,80,1234,12.1,,,2.3,.091
Hank Finkel,1971-72,29,BOS,78,736,11.1,,,1.0,.068
Hank Finkel,1972-73,30,BOS,76,496,11.4,,,1.2,.119
Hank Finkel,1973-74,31,BOS,60,427,11.6,-2.1,0.0,0.9,.096
Hank Finkel,1974-75,32,BOS,62,518,7.5,-3.8,-0.2,0.4,.038
Michael Finley,1995-96,22,PHO,82,3212,14.0,-0.2,1.5,6.3,.095
Michael Finley,1996-97,23,2TM,83,2790,14.5,0.3,1.6,3.9,.067
Michael Finley,1996-97,23,PHO,27,796,14.6,0.1,0.4,1.2,.074
Michael Finley,1996-97,23,DAL,56,1994,14.5,0.3,1.2,2.7,.064
Michael Finley,1997-98,24,DAL,82,3394,19.3,2.5,3.8,7.5,.106
Michael Finley,1998-99,25,DAL,50,2051,19.2,2.0,2.1,5.4,.126
Michael Finley,1999-00,26,DAL,82,3464,19.2,2.1,3.6,8.3,.114
Michael Finley,2000-01,27,DAL,82,3443,18.2,1.9,3.4,8.5,.119
Michael Finley,2001-02,28,DAL,69,2754,17.6,1.1,2.1,6.3,.110
Michael Finley,2002-03,29,DAL,69,2642,17.6,1.7,2.4,6.7,.123
Michael Finley,2003-04,30,DAL,72,2778,17.8,1.8,2.7,7.6,.131
Michael Finley,2004-05,31,DAL,64,2358,14.3,0.2,1.3,5.5,.112
Michael Finley,2005-06,32,SAS,77,2038,12.7,0.2,1.1,5.0,.117
Michael Finley,2006-07,33,SAS,82,1823,13.7,0.7,1.2,4.7,.125
Michael Finley,2007-08,34,SAS,82,2204,11.4,-0.6,0.8,4.2,.091
Michael Finley,2008-09,35,SAS,81,2336,11.4,-0.4,1.0,4.4,.091
Michael Finley,2009-10,36,2TM,46,709,9.0,-1.3,0.1,1.0,.066
Michael Finley,2009-10,36,SAS,25,395,6.5,-2.6,-0.1,0.2,.026
Michael Finley,2009-10,36,BOS,21,314,12.1,0.3,0.2,0.8,.115
Danny Finn,1952-53,24,PHW,31,1015,13.7,,,-0.4,-0.017
Danny Finn,1953-54,25,PHW,68,1562,14.0,,,1.7,.052
Danny Finn,1954-55,26,PHW,43,820,10.3,,,-0.3,-0.018
Dorian Finney-Smith,2016-17,23,DAL,81,1642,7.7,-2.6,-0.3,1.4,.041
Dorian Finney-Smith,2017-18,24,DAL,21,448,7.6,-4.6,-0.3,0.1,.015
Dorian Finney-Smith,2018-19,25,DAL,81,1985,11.0,-1.4,0.3,3.3,.079
Dorian Finney-Smith,2019-20,26,DAL,71,2120,12.3,-0.2,0.9,4.9,.110
Dorian Finney-Smith,2020-21,27,DAL,60,1921,12.0,0.1,1.0,4.4,.110
Dorian Finney-Smith,2021-22,28,DAL,80,2644,12.5,0.8,1.9,6.6,.121
Dorian Finney-Smith,2022-23,29,2TM,66,2009,9.2,-2.0,0.0,2.1,.051
Dorian Finney-Smith,2022-23,29,DAL,40,1288,10.0,-1.1,0.3,1.7,.065
Dorian Finney-Smith,2022-23,29,BRK,26,721,7.7,-3.7,-0.3,0.4,.027
Dorian Finney-Smith,2023-24,30,BRK,68,1934,10.1,-2.0,0.0,2.6,.065
Dorian Finney-Smith,2024-25,31,2TM,63,1818,10.1,-1.0,0.5,2.9,.078
Dorian Finney-Smith,2024-25,31,BRK,20,579,12.2,0.0,0.3,1.1,.094
Dorian Finney-Smith,2024-25,31,LAL,43,1239,9.2,-1.5,0.2,1.8,.070
Matt Fish,1992-93,,Did not play - other pro league,,,,,,,
Matt Fish,1993-94,,Did not play - other pro league,,,,,,,
Matt Fish,1994-95,25,LAC,26,370,10.6,-4.3,-0.2,0.2,.030
Matt Fish,1995-96,26,2TM,18,134,16.5,1.0,0.1,0.4,.154
Matt Fish,1995-96,26,NYK,2,17,27.4,2.7,0.0,0.1,.220
Matt Fish,1995-96,26,DEN,16,117,14.9,0.7,0.1,0.4,.144
Matt Fish,1996-97,27,2TM,6,8,-3.2,-19.0,0.0,0.0,-0.287
Matt Fish,1996-97,27,WSB,5,7,-3.7,-21.1,0.0,0.0,-0.331
Matt Fish,1996-97,27,MIA,1,1,0.0,-4.5,0.0,0.0,.025
Derek Fisher,1996-97,22,LAL,80,921,11.0,-2.7,-0.1,1.1,.056
Derek Fisher,1997-98,23,LAL,82,1760,12.9,0.0,0.9,3.8,.104
Derek Fisher,1998-99,24,LAL,50,1131,12.1,-0.6,0.4,1.7,.072
Derek Fisher,1999-00,25,LAL,78,1803,9.6,-1.6,0.2,3.1,.083
Derek Fisher,2000-01,26,LAL,20,709,14.0,0.2,0.4,1.8,.119
Derek Fisher,2001-02,27,LAL,70,1974,14.0,1.1,1.5,5.5,.134
Derek Fisher,2002-03,28,LAL,82,2829,11.9,-1.3,0.5,5.2,.088
Derek Fisher,2003-04,29,LAL,82,1769,11.5,-0.8,0.5,2.4,.066
Derek Fisher,2004-05,30,GSW,74,2222,13.4,-1.1,0.5,3.7,.080
Derek Fisher,2005-06,31,GSW,82,2589,14.8,0.4,1.6,5.8,.107
Derek Fisher,2006-07,32,UTA,82,2287,11.4,-1.6,0.2,3.9,.083
Derek Fisher,2007-08,33,LAL,82,2249,13.8,-0.4,0.9,5.7,.121
Derek Fisher,2008-09,34,LAL,82,2441,12.1,0.2,1.3,6.3,.123
Derek Fisher,2009-10,35,LAL,82,2227,9.3,-1.7,0.2,3.9,.085
Derek Fisher,2010-11,36,LAL,82,2297,8.9,-2.0,0.0,3.7,.078
Derek Fisher,2011-12,37,2TM,63,1508,8.0,-3.3,-0.5,1.2,.038
Derek Fisher,2011-12,37,LAL,43,1101,8.8,-2.6,-0.2,1.1,.048
Derek Fisher,2011-12,37,OKC,20,407,5.9,-4.9,-0.3,0.1,.011
Derek Fisher,2012-13,38,2TM,33,575,7.7,-3.4,-0.2,0.4,.034
Derek Fisher,2012-13,38,DAL,9,229,8.7,-3.7,-0.1,0.1,.016
Derek Fisher,2012-13,38,OKC,24,346,7.0,-3.2,-0.1,0.3,.046
Derek Fisher,2013-14,39,OKC,81,1428,10.1,-0.6,0.5,3.1,.103
Rick Fisher,1971-72,23,2TM,12,66,25.1,,,0.2,.151
Rick Fisher,1971-72,23,UTS,9,59,23.0,,,0.2,.131
Rick Fisher,1971-72,23,FLO,3,7,43.4,,,0.0,.318
Gerald Fitch,2005-06,23,MIA,18,239,10.2,-3.5,-0.1,0.1,.026
Malik Fitts,2020-21,23,LAC,3,11,2.9,-9.1,0.0,0.0,.049
Malik Fitts,2021-22,24,2TM,15,63,10.7,-1.1,0.0,0.1,.097
Malik Fitts,2021-22,24,UTA,7,35,-1.6,-9.8,-0.1,-0.1,-0.104
Malik Fitts,2021-22,24,BOS,8,28,26.1,9.8,0.1,0.2,.348
Bob Fitzgerald,1946-47,23,2TM,60,,,,,-0.1,
Bob Fitzgerald,1946-47,23,TRH,31,,,,,-0.4,
Bob Fitzgerald,1946-47,23,NYK,29,,,,,0.3,
Bob Fitzgerald,1947-48,,Did not play - other pro league,,,,,,,
Bob Fitzgerald,1948-49,25,ROC,18,,,,,0.0,
Dick Fitzgerald,1946-47,26,TRH,60,,,,,-0.8,
Dick Fitzgerald,1947-48,27,PRO,1,,,,,-0.1,
Marcus Fizer,2000-01,22,CHI,72,1580,11.0,-6.1,-1.6,-0.7,-0.022
Marcus Fizer,2001-02,23,CHI,76,1963,14.2,-3.0,-0.5,1.1,.026
Marcus Fizer,2002-03,24,CHI,38,809,17.9,-1.0,0.2,1.4,.082
Marcus Fizer,2003-04,25,CHI,46,738,13.4,-4.5,-0.5,0.5,.033
Marcus Fizer,2004-05,26,MIL,54,903,11.6,-2.9,-0.2,0.4,.023
Marcus Fizer,2005-06,27,NOK,3,39,14.1,-3.7,0.0,0.0,.056
Adam Flagler,2023-24,24,OKC,2,14,0.6,-10.6,0.0,0.0,-0.159
Adam Flagler,2024-25,25,OKC,37,203,3.7,-10.3,-0.4,-0.3,-0.062
Jerry Fleishman,1946-47,24,PHW,59,,,,,2.1,
Jerry Fleishman,1947-48,25,PHW,46,,,,,2.2,
Jerry Fleishman,1948-49,26,PHW,59,,,,,1.3,
Jerry Fleishman,1949-50,27,PHW,65,,,,,1.6,
Jerry Fleishman,1950-51,,Did not play - other pro league,,,,,,,
Jerry Fleishman,1951-52,,Did not play - other pro league,,,,,,,
Jerry Fleishman,1952-53,30,PHW,33,882,13.6,,,0.6,.031
Al Fleming,1976-77,,Did not play - waived,,,,,,,
Al Fleming,1977-78,23,SEA,20,97,10.7,-4.1,-0.1,0.0,.018
Ed Fleming,1955-56,22,ROC,71,2028,16.4,,,5.0,.118
Ed Fleming,1956-57,23,ROC,51,927,12.5,,,1.0,.050
Ed Fleming,1957-58,24,MNL,72,1686,12.3,,,0.8,.021
Ed Fleming,1958-59,25,MNL,71,1132,13.7,,,2.0,.084
Ed Fleming,1959-60,26,MNL,27,413,14.5,,,1.2,.136
Vern Fleming,1984-85,22,IND,80,2486,12.8,-1.6,0.3,3.3,.063
Vern Fleming,1985-86,23,IND,80,2870,15.3,1.1,2.3,6.9,.115
Vern Fleming,1986-87,24,IND,82,2549,15.8,1.9,2.5,7.0,.131
Vern Fleming,1987-88,25,IND,80,2733,17.5,2.8,3.3,8.4,.148
Vern Fleming,1988-89,26,IND,76,2552,15.8,1.0,1.9,5.6,.106
Vern Fleming,1989-90,27,IND,82,2876,16.3,0.8,2.0,6.7,.112
Vern Fleming,1990-91,28,IND,69,1929,17.2,1.6,1.8,4.4,.109
Vern Fleming,1991-92,29,IND,82,1737,12.7,-1.8,0.1,2.0,.055
Vern Fleming,1992-93,30,IND,75,1503,15.7,0.3,0.9,2.9,.091
Vern Fleming,1993-94,31,IND,55,1053,11.8,-1.2,0.2,1.4,.064
Vern Fleming,1994-95,32,IND,55,686,14.6,0.2,0.4,1.9,.132
Vern Fleming,1995-96,33,NJN,77,1747,11.3,-2.9,-0.4,1.6,.044
Vern Fleming,1996-97,,Did not play - other pro league,,,,,,,
Luis Flores,2004-05,23,2TM,16,77,10.1,-4.8,0.0,0.0,-0.020
Luis Flores,2004-05,23,GSW,15,73,8.8,-6.1,-0.1,-0.1,-0.039
Luis Flores,2004-05,23,DEN,1,4,33.7,20.5,0.0,0.0,.324
Bruce Flowers,1979-80,,Did not play - other pro league,,,,,,,
Bruce Flowers,1980-81,,Did not play - other pro league,,,,,,,
Bruce Flowers,1981-82,,Did not play - other pro league,,,,,,,
Bruce Flowers,1982-83,25,CLE,53,699,15.2,0.2,0.4,1.7,.119
Trentyn Flowers,2024-25,19,LAC,6,27,4.3,-8.3,0.0,0.0,-0.033
Sleepy Floyd,1982-83,22,2TM,76,1248,13.8,-0.9,0.3,2.2,.083
Sleepy Floyd,1982-83,22,NJN,43,494,12.1,-1.2,0.1,0.9,.089
Sleepy Floyd,1982-83,22,GSW,33,754,15.0,-0.8,0.2,1.3,.080
Sleepy Floyd,1983-84,23,GSW,77,2555,14.6,-0.5,1.0,4.4,.084
Sleepy Floyd,1984-85,24,GSW,82,2873,15.4,-0.4,1.1,3.1,.052
Sleepy Floyd,1985-86,25,GSW,82,2764,20.0,3.5,3.9,7.5,.130
Sleepy Floyd,1986-87,26,GSW,82,3064,20.2,4.3,4.9,10.0,.157
Sleepy Floyd,1987-88,27,2TM,77,2514,15.4,0.2,1.4,4.4,.084
Sleepy Floyd,1987-88,27,GSW,18,680,19.5,2.8,0.8,1.3,.093
Sleepy Floyd,1987-88,27,HOU,59,1834,14.0,-0.8,0.6,3.1,.080
Sleepy Floyd,1988-89,28,HOU,82,2788,16.4,2.2,2.9,7.7,.133
Sleepy Floyd,1989-90,29,HOU,82,2630,14.2,0.6,1.7,6.3,.115
Sleepy Floyd,1990-91,30,HOU,82,1850,16.1,1.2,1.5,3.7,.096
Sleepy Floyd,1991-92,31,HOU,82,1662,12.1,-2.7,-0.3,0.9,.025
Sleepy Floyd,1992-93,32,HOU,52,867,12.1,-2.4,-0.1,1.0,.056
Sleepy Floyd,1993-94,33,SAS,53,737,6.0,-6.3,-0.8,-0.4,-0.025
Sleepy Floyd,1994-95,34,NJN,48,831,6.3,-6.2,-0.9,-0.2,-0.010
Jonny Flynn,2009-10,20,MIN,81,2339,13.0,-2.9,-0.5,0.1,.002
Jonny Flynn,2010-11,21,MIN,53,983,7.1,-6.3,-1.1,-1.3,-0.064
Jonny Flynn,2011-12,22,2TM,29,416,11.2,-4.8,-0.3,0.1,.012
Jonny Flynn,2011-12,22,HOU,11,135,8.8,-5.9,-0.1,0.0,-0.006
Jonny Flynn,2011-12,22,POR,18,281,12.3,-4.2,-0.2,0.1,.020
Jonny Flynn,2012-13,,Did not play - other pro league,,,,,,,
Jonny Flynn,2013-14,,Did not play - other pro league,,,,,,,
Jonny Flynn,2014-15,,Did not play - other pro league,,,,,,,
Malachi Flynn,2020-21,22,TOR,47,928,10.9,-2.6,-0.1,0.8,.041
Malachi Flynn,2021-22,23,TOR,44,537,11.7,-1.5,0.1,1.0,.092
Malachi Flynn,2022-23,24,TOR,53,691,8.7,-4.1,-0.4,0.5,.034
Malachi Flynn,2023-24,25,3TM,69,876,11.9,-2.2,0.0,0.5,.029
Malachi Flynn,2023-24,25,TOR,31,474,10.1,-2.7,-0.1,0.2,.025
Malachi Flynn,2023-24,25,NYK,14,60,12.5,-2.6,0.0,0.1,.093
Malachi Flynn,2023-24,25,DET,24,342,14.4,-1.3,0.1,0.2,.023
Malachi Flynn,2024-25,26,CHO,4,44,12.4,-2.8,0.0,0.0,.043
Mike Flynn,1975-76,22,INA,67,1097,9.6,-3.2,-0.3,0.3,.012
Mike Flynn,1976-77,23,IND,73,1324,14.5,-1.1,0.3,1.7,.062
Mike Flynn,1977-78,24,IND,71,955,11.6,-0.7,0.3,0.8,.042
Larry Fogle,1975-76,22,NYK,2,14,-0.5,-5.1,0.0,0.0,-0.163
Jack Foley,1962-63,23,2TM,11,83,15.6,,,0.1,.057
Jack Foley,1962-63,23,BOS,5,46,17.9,,,0.2,.202
Jack Foley,1962-63,23,NYK,6,37,12.7,,,-0.1,-0.123
Isaac Fontaine,2001-02,26,MEM,6,75,-0.9,-9.7,-0.1,-0.2,-0.112
Levi Fontaine,1970-71,22,SFW,35,210,12.1,,,-0.3,-0.069
Simone Fontecchio,2022-23,27,UTA,52,766,8.0,-5.2,-0.6,-0.1,-0.004
Simone Fontecchio,2023-24,28,2TM,66,1644,12.1,-1.0,0.4,2.1,.061
Simone Fontecchio,2023-24,28,UTA,50,1160,11.2,-1.6,0.1,1.3,.052
Simone Fontecchio,2023-24,28,DET,16,484,14.4,0.6,0.3,0.8,.083
Simone Fontecchio,2024-25,29,DET,75,1237,9.7,-2.9,-0.3,1.6,.063
Jeff Foote,2011-12,24,NOH,4,39,-0.9,-10.8,-0.1,-0.1,-0.079
Bryn Forbes,2016-17,23,SAS,36,285,5.9,-5.4,-0.2,0.1,.014
Bryn Forbes,2017-18,24,SAS,80,1517,9.1,-3.1,-0.4,2.1,.067
Bryn Forbes,2018-19,25,SAS,82,2293,12.0,-1.2,0.5,3.8,.079
Bryn Forbes,2019-20,26,SAS,63,1579,11.1,-2.7,-0.3,1.5,.047
Bryn Forbes,2020-21,27,MIL,70,1354,12.8,-1.3,0.2,2.7,.096
Bryn Forbes,2021-22,28,2TM,75,1286,11.5,-2.9,-0.3,1.4,.054
Bryn Forbes,2021-22,28,SAS,40,676,12.4,-1.6,0.1,0.7,.053
Bryn Forbes,2021-22,28,DEN,35,610,10.6,-4.3,-0.4,0.7,.054
Bryn Forbes,2022-23,29,MIN,25,268,6.2,-6.3,-0.3,0.0,.000
Bryn Forbes,2023-24,,Did not play - legal,,,,,,,
Gary Forbes,2010-11,25,DEN,63,791,11.7,-2.9,-0.2,0.9,.055
Gary Forbes,2011-12,26,TOR,48,713,13.3,-1.0,0.2,0.8,.053
Aleem Ford,2021-22,24,ORL,5,74,0.5,-11.4,-0.2,-0.2,-0.103
Alphonso Ford,1993-94,22,SEA,6,16,28.9,7.3,0.0,0.1,.193
Alphonso Ford,1994-95,23,PHI,5,98,0.4,-11.0,-0.2,-0.4,-0.210
Alphonso Ford,1995-96,,Did not play - other pro league,,,,,,,
Alphonso Ford,1996-97,,Did not play - other pro league,,,,,,,
Alton Ford,2001-02,20,PHO,53,452,10.0,-6.4,-0.5,0.8,.083
Alton Ford,2002-03,21,PHO,11,31,-2.2,-14.7,-0.1,-0.1,-0.113
Alton Ford,2003-04,22,HOU,9,41,12.4,-0.7,0.0,0.1,.117
Bob Ford,1972-73,23,MMT,9,74,2.7,,,-0.1,-0.070
Chris Ford,1972-73,24,DET,74,1537,12.1,,,2.5,.079
Chris Ford,1973-74,25,DET,82,2059,12.9,1.6,1.9,4.3,.100
Chris Ford,1974-75,26,DET,80,1962,12.0,0.3,1.1,2.8,.069
Chris Ford,1975-76,27,DET,82,2198,13.0,0.5,1.4,2.7,.058
Chris Ford,1976-77,28,DET,82,2539,14.6,1.2,2.1,4.7,.090
Chris Ford,1977-78,29,DET,82,2582,12.9,0.1,1.4,3.6,.067
Chris Ford,1978-79,30,2TM,81,2737,14.0,-0.5,1.0,3.5,.062
Chris Ford,1978-79,30,DET,3,108,5.6,-4.4,-0.1,-0.1,-0.043
Chris Ford,1978-79,30,BOS,78,2629,14.3,-0.4,1.1,3.6,.067
Chris Ford,1979-80,31,BOS,73,2115,13.0,2.0,2.1,5.6,.126
Chris Ford,1980-81,32,BOS,82,2723,8.8,-0.9,0.7,3.7,.066
Chris Ford,1981-82,33,BOS,76,1591,7.8,-2.0,0.0,2.1,.063
Don Ford,1975-76,23,LAL,76,1838,11.6,-2.8,-0.4,2.0,.051
Don Ford,1976-77,24,LAL,82,1782,11.7,-1.4,0.3,2.8,.076
Don Ford,1977-78,25,LAL,79,1945,11.6,-0.4,0.8,3.5,.087
Don Ford,1978-79,26,LAL,79,1540,11.1,-1.7,0.1,2.5,.078
Don Ford,1979-80,27,2TM,73,999,9.6,-2.1,0.0,1.5,.072
Don Ford,1979-80,27,LAL,52,580,8.3,-2.5,-0.1,0.9,.073
Don Ford,1979-80,27,CLE,21,419,11.4,-1.5,0.1,0.6,.071
Don Ford,1980-81,28,CLE,64,996,8.2,-2.8,-0.2,0.6,.028
Don Ford,1981-82,29,CLE,21,201,3.7,-4.8,-0.2,-0.1,-0.035
Jake Ford,1970-71,25,SEA,5,68,13.2,,,0.1,.066
Jake Ford,1971-72,26,SEA,26,181,16.2,,,0.6,.158
Jordan Ford,2023-24,25,SAC,6,22,16.8,2.2,0.0,0.1,.157
Phil Ford,1978-79,22,KCK,79,2723,15.8,0.9,2.0,5.7,.101
Phil Ford,1979-80,23,KCK,82,2621,16.5,0.8,1.8,6.1,.111
Phil Ford,1980-81,24,KCK,66,2287,17.3,0.5,1.4,5.2,.110
Phil Ford,1981-82,25,KCK,72,1952,11.4,-3.0,-0.5,0.9,.021
Phil Ford,1982-83,26,2TM,77,1610,10.4,-2.6,-0.3,2.4,.070
Phil Ford,1982-83,26,NJN,7,163,9.1,-2.9,-0.1,0.2,.057
Phil Ford,1982-83,26,MIL,70,1447,10.6,-2.6,-0.2,2.2,.072
Phil Ford,1983-84,27,HOU,81,2020,10.4,-2.6,-0.3,2.9,.068
Phil Ford,1984-85,28,HOU,25,290,6.4,-3.1,-0.1,0.2,.033
Sharrod Ford,2005-06,24,PHO,3,13,0.6,-14.9,0.0,0.0,-0.032
Sherell Ford,1995-96,23,SEA,28,139,16.4,-5.2,-0.1,0.4,.124
T.J. Ford,2003-04,20,MIL,55,1472,12.1,-2.4,-0.1,0.7,.022
T.J. Ford,2004-05,,Did not play - injury,,,,,,,
T.J. Ford,2005-06,22,MIL,72,2557,13.1,-1.2,0.5,2.5,.047
T.J. Ford,2006-07,23,TOR,75,2243,18.2,0.9,1.6,4.3,.091
T.J. Ford,2007-08,24,TOR,51,1199,20.3,2.5,1.4,3.3,.130
T.J. Ford,2008-09,25,IND,74,2258,16.6,0.3,1.3,4.3,.092
T.J. Ford,2009-10,26,IND,47,1189,13.4,-1.4,0.2,1.4,.058
T.J. Ford,2010-11,27,IND,41,773,9.9,-2.9,-0.2,0.2,.011
T.J. Ford,2011-12,28,SAS,14,191,11.0,-2.0,0.0,0.2,.053
Donnie Forman,1948-49,23,MNL,44,,,,,0.8,
Bayard Forrest,1976-77,,Did not play - unsigned,,,,,,,
Bayard Forrest,1977-78,23,PHO,64,887,12.2,-0.1,0.4,1.4,.077
Bayard Forrest,1978-79,24,PHO,75,1243,9.6,-1.1,0.3,1.2,.048
Bayard Forrest,1979-80,,Did not play - injury,,,,,,,
Trent Forrest,2020-21,22,UTA,30,302,11.2,-1.3,0.1,0.7,.106
Trent Forrest,2021-22,23,UTA,60,765,10.9,-1.0,0.2,1.3,.084
Trent Forrest,2022-23,24,ATL,23,277,6.1,-5.1,-0.2,-0.1,-0.011
Trent Forrest,2023-24,25,ATL,38,414,8.9,-4.4,-0.3,0.2,.027
Joseph Forte,2001-02,20,BOS,8,39,2.8,-6.7,0.0,-0.1,-0.144
Joseph Forte,2002-03,21,SEA,17,86,3.4,-9.5,-0.2,-0.3,-0.176
Courtney Fortson,2011-12,23,2TM,10,95,9.9,-4.3,-0.1,0.0,-0.019
Courtney Fortson,2011-12,23,LAC,4,46,11.4,-3.7,0.0,0.0,.030
Courtney Fortson,2011-12,23,HOU,6,49,8.5,-4.8,0.0,-0.1,-0.065
Danny Fortson,1997-98,21,DEN,80,1811,14.3,-5.0,-1.4,1.9,.051
Danny Fortson,1998-99,22,DEN,50,1417,18.7,-1.9,0.0,4.4,.148
Danny Fortson,1999-00,23,BOS,55,856,20.1,-1.2,0.2,3.5,.194
Danny Fortson,2000-01,24,GSW,6,203,24.4,3.0,0.2,1.1,.258
Danny Fortson,2001-02,25,GSW,77,2216,15.9,-2.0,0.0,4.5,.098
Danny Fortson,2002-03,26,GSW,17,223,9.9,-4.4,-0.1,0.2,.041
Danny Fortson,2003-04,27,DAL,56,625,15.9,-4.0,-0.3,2.3,.177
Danny Fortson,2004-05,28,SEA,62,1047,17.0,-3.4,-0.4,4.3,.197
Danny Fortson,2005-06,29,SEA,23,276,8.5,-9.1,-0.5,0.2,.038
Danny Fortson,2006-07,30,SEA,14,158,4.3,-10.2,-0.3,0.0,-0.013
Fred Foster,1968-69,22,CIN,56,497,8.7,,,-0.2,-0.019
Fred Foster,1969-70,23,CIN,74,2077,12.4,,,2.1,.048
Fred Foster,1970-71,24,2TM,67,909,9.6,,,0.4,.022
Fred Foster,1970-71,24,CIN,1,21,5.1,,,0.0,-0.076
Fred Foster,1970-71,24,PHI,66,888,9.7,,,0.5,.024
Fred Foster,1971-72,25,PHI,74,1699,12.2,,,1.1,.031
Fred Foster,1972-73,26,DET,63,1460,8.1,,,-0.9,-0.031
Fred Foster,1973-74,27,CLE,58,649,12.1,-3.0,-0.2,0.3,.026
Fred Foster,1974-75,28,CLE,73,1136,11.5,-4.0,-0.6,0.4,.017
Fred Foster,1975-76,,Did not play - waived,,,,,,,
Fred Foster,1976-77,30,BUF,59,689,7.7,-5.9,-0.7,-0.2,-0.017
Greg Foster,1990-91,22,WSB,54,606,10.9,-4.4,-0.4,0.6,.046
Greg Foster,1991-92,23,WSB,49,548,11.2,-4.9,-0.4,0.5,.043
Greg Foster,1992-93,24,2TM,43,298,11.6,-6.8,-0.4,0.2,.025
Greg Foster,1992-93,24,WSB,10,93,8.3,-5.2,-0.1,0.0,-0.018
Greg Foster,1992-93,24,ATL,33,205,13.1,-7.5,-0.3,0.2,.044
Greg Foster,1993-94,25,MIL,3,19,14.7,-1.8,0.0,0.0,.106
Greg Foster,1994-95,26,2TM,78,1144,10.1,-5.2,-0.9,1.0,.042
Greg Foster,1994-95,26,CHI,17,299,9.8,-4.7,-0.2,0.5,.080
Greg Foster,1994-95,26,MIN,61,845,10.3,-5.4,-0.7,0.5,.029
Greg Foster,1995-96,27,UTA,73,803,9.0,-5.6,-0.7,0.6,.035
Greg Foster,1996-97,28,UTA,79,920,8.4,-5.4,-0.8,1.0,.054
Greg Foster,1997-98,29,UTA,78,1446,8.9,-4.9,-1.1,1.3,.045
Greg Foster,1998-99,30,UTA,42,458,6.3,-6.1,-0.5,0.1,.011
Greg Foster,1999-00,31,SEA,60,718,6.9,-5.5,-0.6,0.1,.007
Greg Foster,2000-01,32,LAL,62,451,9.5,-4.4,-0.3,0.4,.044
Greg Foster,2001-02,33,MIL,6,24,4.8,-10.2,-0.1,0.0,-0.039
Greg Foster,2002-03,34,TOR,29,539,4.7,-8.7,-0.9,-0.3,-0.025
Jeff Foster,1999-00,23,IND,19,86,25.6,4.4,0.1,0.6,.345
Jeff Foster,2000-01,24,IND,71,1152,12.5,-2.1,0.0,2.7,.113
Jeff Foster,2001-02,25,IND,82,1786,12.9,-1.4,0.3,4.2,.113
Jeff Foster,2002-03,26,IND,77,802,12.0,-1.8,0.0,1.6,.098
Jeff Foster,2003-04,27,IND,82,1961,16.2,1.3,1.6,8.3,.202
Jeff Foster,2004-05,28,IND,61,1594,15.4,-0.3,0.7,5.4,.162
Jeff Foster,2005-06,29,IND,63,1581,15.1,0.0,0.8,5.7,.174
Jeff Foster,2006-07,30,IND,75,1740,13.0,-0.9,0.5,4.5,.124
Jeff Foster,2007-08,31,IND,77,1884,15.7,0.5,1.2,6.5,.165
Jeff Foster,2008-09,32,IND,74,1828,13.0,-0.6,0.7,4.2,.111
Jeff Foster,2009-10,33,IND,16,255,9.6,-3.2,-0.1,0.4,.085
Jeff Foster,2010-11,34,IND,56,940,14.3,-0.5,0.4,3.0,.152
Jeff Foster,2011-12,35,IND,11,141,11.1,-0.6,0.1,0.4,.134
Jimmy Foster,1974-75,23,SSL,41,806,5.7,-5.9,-0.8,-0.7,-0.039
Jimmy Foster,1975-76,24,DNA,48,352,4.4,-8.6,-0.6,-0.7,-0.096
Michael Foster Jr.,2022-23,20,PHI,1,1,0.0,-9.2,0.0,0.0,.010
Michael Foster Jr.,2023-24,,Did not play - other pro league,,,,,,,
Rod Foster,1983-84,23,PHO,80,1424,11.9,-2.9,-0.3,1.6,.054
Rod Foster,1984-85,24,PHO,79,1318,12.1,-2.8,-0.3,0.9,.034
Rod Foster,1985-86,25,PHO,48,704,6.6,-4.8,-0.5,-0.3,-0.020
Antonis Fotsis,2001-02,20,MEM,28,320,11.3,-3.4,-0.1,0.1,.017
Evan Fournier,2012-13,20,DEN,38,428,13.8,-1.4,0.1,1.0,.115
Evan Fournier,2013-14,21,DEN,76,1503,10.3,-2.9,-0.4,1.4,.043
Evan Fournier,2014-15,22,ORL,58,1661,12.4,-1.8,0.1,2.1,.059
Evan Fournier,2015-16,23,ORL,79,2566,14.6,-0.3,1.1,5.7,.106
Evan Fournier,2016-17,24,ORL,68,2234,13.9,-1.3,0.4,2.8,.059
Evan Fournier,2017-18,25,ORL,57,1837,15.5,-0.6,0.7,3.3,.087
Evan Fournier,2018-19,26,ORL,81,2553,12.3,-2.4,-0.3,3.2,.061
Evan Fournier,2019-20,27,ORL,66,2076,16.4,1.0,1.6,4.6,.106
Evan Fournier,2020-21,28,2TM,42,1259,16.7,1.1,1.0,2.8,.107
Evan Fournier,2020-21,28,ORL,26,787,18.2,1.7,0.7,1.7,.104
Evan Fournier,2020-21,28,BOS,16,472,14.1,0.3,0.3,1.1,.111
Evan Fournier,2021-22,29,NYK,80,2358,12.3,-0.7,0.7,3.7,.075
Evan Fournier,2022-23,30,NYK,27,459,6.9,-4.0,-0.2,0.1,.010
Evan Fournier,2023-24,31,2TM,32,580,8.5,-4.3,-0.3,-0.1,-0.005
Evan Fournier,2023-24,31,NYK,3,39,2.2,-11.3,-0.1,-0.1,-0.108
Evan Fournier,2023-24,31,DET,29,541,8.9,-3.8,-0.3,0.0,.002
Larry Foust,1950-51,22,FTW,68,,,,,4.5,
Larry Foust,1951-52,23,FTW,66,2615,21.3,,,7.1,.130
Larry Foust,1952-53,24,FTW,67,2303,20.5,,,6.3,.131
Larry Foust,1953-54,25,FTW,72,2693,23.0,,,10.4,.186
Larry Foust,1954-55,26,FTW,70,2264,23.5,,,13.3,.282
Larry Foust,1955-56,27,FTW,72,2024,23.8,,,11.1,.264
Larry Foust,1956-57,28,FTW,61,1533,19.4,,,4.7,.148
Larry Foust,1957-58,29,MNL,72,2200,20.0,,,6.4,.139
Larry Foust,1958-59,30,MNL,72,1933,16.1,,,4.2,.105
Larry Foust,1959-60,31,2TM,72,1964,15.0,,,4.9,.119
Larry Foust,1959-60,31,MNL,47,1398,14.6,,,2.8,.097
Larry Foust,1959-60,31,STL,25,566,16.1,,,2.0,.173
Larry Foust,1960-61,32,STL,68,1208,13.7,,,3.1,.124
Larry Foust,1961-62,33,STL,57,1153,14.8,,,3.1,.129
Calvin Fowler,1969-70,29,CAR,78,1234,9.1,,,2.1,.082
Jerry Fowler,1951-52,24,MLH,6,41,3.9,,,-0.1,-0.100
Tremaine Fowlkes,1998-99,,Did not play - other pro league,,,,,,,
Tremaine Fowlkes,1999-00,,Did not play - other pro league,,,,,,,
Tremaine Fowlkes,2000-01,,Did not play - other pro league,,,,,,,
Tremaine Fowlkes,2001-02,25,LAC,22,343,9.5,-2.5,0.0,0.5,.071
Tremaine Fowlkes,2002-03,26,LAC,37,573,12.4,-0.8,0.2,1.2,.102
Tremaine Fowlkes,2003-04,27,DET,36,261,6.5,-2.7,0.0,0.4,.068
Tremaine Fowlkes,2004-05,28,IND,8,56,7.5,-8.1,-0.1,0.0,-0.028
De'Aaron Fox,2017-18,20,SAC,73,2026,11.2,-4.2,-1.1,-0.6,-0.014
De'Aaron Fox,2018-19,21,SAC,81,2546,18.1,1.5,2.3,5.6,.106
De'Aaron Fox,2019-20,22,SAC,51,1634,20.6,1.8,1.6,4.0,.118
De'Aaron Fox,2020-21,23,SAC,58,2036,20.7,1.8,2.0,4.2,.098
De'Aaron Fox,2021-22,24,SAC,59,2083,17.4,-0.6,0.7,2.5,.058
De'Aaron Fox,2022-23,25,SAC,73,2435,21.8,2.5,2.7,7.4,.146
De'Aaron Fox,2023-24,26,SAC,74,2659,20.1,2.7,3.2,6.5,.117
De'Aaron Fox,2024-25,27,2TM,62,2241,18.3,0.4,1.3,4.3,.093
De'Aaron Fox,2024-25,27,SAC,45,1663,19.0,1.2,1.3,3.5,.101
De'Aaron Fox,2024-25,27,SAS,17,578,16.3,-2.0,0.0,0.9,.071
Harold Fox,1972-73,23,BUF,10,84,10.0,,,0.0,-0.014
Jim Fox,1965-66,,Did not play - other pro league,,,,,,,
Jim Fox,1966-67,,Did not play - other pro league,,,,,,,
Jim Fox,1967-68,24,2TM,55,624,11.4,,,0.6,.046
Jim Fox,1967-68,24,CIN,31,244,13.6,,,0.2,.041
Jim Fox,1967-68,24,DET,24,380,9.9,,,0.4,.050
Jim Fox,1968-69,25,2TM,76,2354,13.9,,,3.9,.079
Jim Fox,1968-69,25,DET,25,375,13.2,,,0.6,.078
Jim Fox,1968-69,25,PHO,51,1979,14.1,,,3.3,.079
Jim Fox,1969-70,26,PHO,81,2041,15.6,,,5.6,.133
Jim Fox,1970-71,27,CHI,82,1628,19.5,,,6.1,.181
Jim Fox,1971-72,28,2TM,81,2180,14.4,,,3.4,.075
Jim Fox,1971-72,28,CHI,10,133,14.7,,,0.3,.119
Jim Fox,1971-72,28,CIN,71,2047,14.4,,,3.1,.072
Jim Fox,1972-73,29,SEA,74,2439,16.0,,,6.4,.126
Jim Fox,1973-74,30,SEA,78,2179,16.3,1.2,1.7,6.6,.146
Jim Fox,1974-75,31,SEA,75,1766,14.7,0.0,0.9,4.6,.124
Jim Fox,1975-76,32,MIL,70,918,12.4,-0.9,0.2,2.2,.116
Jim Fox,1976-77,33,NYN,71,1165,13.8,-2.2,-0.1,2.4,.097
Rick Fox,1991-92,22,BOS,81,1535,12.2,-1.6,0.2,2.3,.073
Rick Fox,1992-93,23,BOS,71,1082,14.7,0.4,0.7,2.1,.092
Rick Fox,1993-94,24,BOS,82,2096,14.4,-0.2,0.9,3.2,.073
Rick Fox,1994-95,25,BOS,53,1039,16.8,1.9,1.0,2.8,.128
Rick Fox,1995-96,26,BOS,81,2588,16.1,1.3,2.2,5.1,.095
Rick Fox,1996-97,27,BOS,76,2650,16.5,1.7,2.5,5.2,.094
Rick Fox,1997-98,28,LAL,82,2709,12.5,-0.5,1.1,5.3,.093
Rick Fox,1998-99,29,LAL,44,944,13.6,-1.2,0.2,1.8,.091
Rick Fox,1999-00,30,LAL,82,1473,11.7,-0.6,0.5,3.2,.104
Rick Fox,2000-01,31,LAL,82,2291,13.8,0.5,1.4,5.1,.107
Rick Fox,2001-02,32,LAL,82,2289,11.3,-0.7,0.7,4.3,.091
Rick Fox,2002-03,33,LAL,76,2181,11.9,-1.0,0.6,3.6,.079
Rick Fox,2003-04,34,LAL,38,846,8.0,-2.9,-0.2,0.8,.043
Randy Foye,2006-07,23,MIN,82,1879,14.0,-1.0,0.5,2.3,.058
Randy Foye,2007-08,24,MIN,39,1259,12.7,-2.2,-0.1,1.1,.042
Randy Foye,2008-09,25,MIN,70,2494,13.7,-0.8,0.8,3.1,.059
Randy Foye,2009-10,26,WAS,70,1667,13.2,-1.2,0.3,2.2,.064
Randy Foye,2010-11,27,LAC,63,1551,11.4,-1.8,0.1,1.7,.051
Randy Foye,2011-12,28,LAC,65,1682,13.5,0.2,0.9,3.2,.092
Randy Foye,2012-13,29,UTA,82,2249,11.7,-0.6,0.8,3.7,.080
Randy Foye,2013-14,30,DEN,81,2485,13.3,0.5,1.6,4.6,.089
Randy Foye,2014-15,31,DEN,50,1087,11.0,-1.2,0.2,1.0,.045
Randy Foye,2015-16,32,2TM,81,1642,7.6,-3.3,-0.5,0.4,.012
Randy Foye,2015-16,32,DEN,54,1070,7.8,-3.7,-0.5,0.0,-0.002
Randy Foye,2015-16,32,OKC,27,572,7.1,-2.3,0.0,0.4,.038
Randy Foye,2016-17,33,BRK,69,1284,7.3,-4.4,-0.8,0.2,.006
Adonal Foyle,1997-98,22,GSW,55,656,9.2,-5.3,-0.6,-0.1,-0.009
Adonal Foyle,1998-99,23,GSW,44,614,12.3,-1.3,0.1,1.1,.087
Adonal Foyle,1999-00,24,GSW,76,1654,12.3,-2.9,-0.4,1.9,.055
Adonal Foyle,2000-01,25,GSW,58,1457,12.4,-2.8,-0.3,0.7,.022
Adonal Foyle,2001-02,26,GSW,79,1485,12.5,-2.1,0.0,1.2,.039
Adonal Foyle,2002-03,27,GSW,82,1787,15.3,0.9,1.3,4.0,.106
Adonal Foyle,2003-04,28,GSW,44,572,13.0,-1.1,0.1,1.1,.093
Adonal Foyle,2004-05,29,GSW,78,1700,12.7,-1.2,0.3,3.4,.096
Adonal Foyle,2005-06,30,GSW,77,1824,10.3,-1.7,0.1,2.8,.075
Adonal Foyle,2006-07,31,GSW,48,475,13.7,-0.7,0.2,1.0,.104
Adonal Foyle,2007-08,32,ORL,82,774,9.9,-1.9,0.0,1.3,.080
Adonal Foyle,2008-09,33,2TM,10,62,19.7,4.0,0.1,0.3,.212
Adonal Foyle,2008-09,33,ORL,9,59,21.0,5.1,0.1,0.3,.223
Adonal Foyle,2008-09,33,MEM,1,3,-6.3,-17.6,0.0,0.0,-0.003
Adonal Foyle,2009-10,,Did not play - injury,,,,,,,
Richie Frahm,2003-04,26,SEA,54,469,15.7,1.4,0.4,1.5,.152
Richie Frahm,2004-05,27,POR,43,499,12.4,-0.2,0.2,1.0,.097
Richie Frahm,2005-06,28,2TM,33,342,9.4,-2.2,0.0,0.5,.071
Richie Frahm,2005-06,28,MIN,25,225,8.9,-2.2,0.0,0.3,.065
Richie Frahm,2005-06,28,HOU,8,117,10.4,-2.2,0.0,0.2,.082
Richie Frahm,2006-07,,Did not play - other pro league,,,,,,,
Richie Frahm,2007-08,30,LAC,10,163,5.5,-5.1,-0.1,-0.2,-0.054
Steve Francis,1999-00,22,HOU,77,2776,18.4,2.0,2.8,6.4,.111
Steve Francis,2000-01,23,HOU,80,3194,21.6,5.0,5.7,12.2,.184
Steve Francis,2001-02,24,HOU,57,2343,19.1,1.7,2.1,4.4,.091
Steve Francis,2002-03,25,HOU,81,3318,20.6,3.8,4.8,11.1,.160
Steve Francis,2003-04,26,HOU,79,3194,15.8,1.4,2.7,7.1,.107
Steve Francis,2004-05,27,ORL,78,2978,18.9,1.2,2.4,6.2,.100
Steve Francis,2005-06,28,2TM,70,2393,15.2,0.0,1.2,3.6,.073
Steve Francis,2005-06,28,ORL,46,1734,15.9,0.6,1.1,2.9,.081
Steve Francis,2005-06,28,NYK,24,659,13.4,-1.6,0.1,0.7,.050
Steve Francis,2006-07,29,NYK,44,1237,15.1,0.7,0.9,2.9,.113
Steve Francis,2007-08,30,HOU,10,199,9.1,-2.0,0.0,0.2,.039
Steve Francis,2008-09,,Did not play - injury,,,,,,,
Tellis Frank,1987-88,22,GSW,78,1597,10.2,-5.1,-1.2,0.6,.018
Tellis Frank,1988-89,23,GSW,32,245,9.4,-6.3,-0.3,0.1,.017
Tellis Frank,1989-90,24,MIA,77,1762,11.1,-3.9,-0.8,2.0,.054
Tellis Frank,1990-91,,Did not play - other pro league,,,,,,,
Tellis Frank,1991-92,26,MIN,10,140,12.4,-0.7,0.0,0.3,.102
Tellis Frank,1992-93,,Did not play - other pro league,,,,,,,
Tellis Frank,1993-94,28,MIN,67,959,8.9,-2.7,-0.2,1.1,.055
Nat Frankel,1946-47,33,PIT,6,,,,,-0.2,
Bill Franklin,1972-73,23,VIR,73,990,10.5,,,-0.2,-0.009
Bill Franklin,1973-74,,Did not play - contract dispute,,,,,,,
Bill Franklin,1974-75,25,SAA,24,179,12.8,-5.6,-0.2,0.1,.039
Bill Franklin,1975-76,26,SAA,10,95,14.0,-2.0,0.0,0.3,.145
Jamaal Franklin,2013-14,22,MEM,21,161,4.7,-5.9,-0.2,0.0,-0.002
Jamaal Franklin,2014-15,23,DEN,3,13,4.9,-5.6,0.0,0.0,-0.063
Robert Franks,2020-21,24,ORL,7,101,16.5,-0.2,0.0,0.3,.158
Ron Franz,1967-68,22,OAK,74,2080,11.8,,,0.9,.022
Ron Franz,1968-69,23,NOB,73,2195,16.1,,,5.9,.128
Ron Franz,1969-70,24,NOB,55,1305,14.2,,,2.1,.077
Ron Franz,1970-71,25,FLO,67,1596,15.1,,,3.7,.110
Ron Franz,1971-72,26,FLO,74,1822,13.9,,,3.3,.087
Ron Franz,1972-73,27,2TM,60,914,14.5,,,2.2,.117
Ron Franz,1972-73,27,MMT,23,403,12.2,,,0.5,.060
Ron Franz,1972-73,27,DLC,37,511,16.3,,,1.7,.162
Melvin Frazier,2018-19,22,ORL,10,44,1.2,-14.5,-0.1,-0.1,-0.133
Melvin Frazier,2019-20,23,ORL,19,126,9.8,-2.3,0.0,0.2,.057
Melvin Frazier,2020-21,,Did not play - other pro league,,,,,,,
Melvin Frazier,2021-22,25,OKC,3,120,-0.4,-16.4,-0.4,-0.4,-0.160
Michael Frazier,2019-20,25,HOU,13,145,-0.9,-11.0,-0.3,-0.2,-0.060
Tim Frazier,2014-15,24,2TM,11,239,8.1,-5.2,-0.2,-0.1,-0.017
Tim Frazier,2014-15,24,PHI,6,171,5.9,-6.9,-0.2,-0.3,-0.071
Tim Frazier,2014-15,24,POR,5,68,13.7,-0.8,0.0,0.2,.119
Tim Frazier,2015-16,25,2TM,51,741,13.9,-2.0,0.0,1.0,.062
Tim Frazier,2015-16,25,POR,35,272,4.7,-6.8,-0.3,-0.3,-0.051
Tim Frazier,2015-16,25,NOP,16,469,19.1,0.8,0.3,1.2,.128
Tim Frazier,2016-17,26,NOP,65,1525,12.4,-2.7,-0.3,2.4,.075
Tim Frazier,2017-18,27,WAS,59,838,11.3,-0.9,0.2,1.4,.080
Tim Frazier,2018-19,28,2TM,59,1120,11.7,-1.8,0.1,2.0,.084
Tim Frazier,2018-19,28,NOP,47,909,11.6,-1.3,0.2,1.5,.081
Tim Frazier,2018-19,28,MIL,12,211,11.8,-3.6,-0.1,0.4,.097
Tim Frazier,2019-20,29,DET,27,355,9.8,-4.6,-0.2,0.1,.016
Tim Frazier,2020-21,30,MEM,5,62,-0.5,-11.9,-0.2,-0.2,-0.169
Tim Frazier,2021-22,31,2TM,12,208,3.3,-8.6,-0.3,-0.2,-0.046
Tim Frazier,2021-22,31,ORL,10,200,3.8,-8.0,-0.3,-0.2,-0.037
Tim Frazier,2021-22,31,CLE,2,8,-10.3,-23.6,0.0,0.0,-0.283
Walt Frazier,1967-68,22,NYK,74,1588,15.4,,,3.5,.105
Walt Frazier,1968-69,23,NYK,80,2949,20.2,,,12.7,.207
Walt Frazier,1969-70,24,NYK,77,3040,21.1,,,15.0,.236
Walt Frazier,1970-71,25,NYK,80,3455,19.5,,,15.6,.217
Walt Frazier,1971-72,26,NYK,77,3126,21.6,,,14.5,.223
Walt Frazier,1972-73,27,NYK,78,3181,19.7,,,13.0,.196
Walt Frazier,1973-74,28,NYK,80,3338,18.7,3.2,4.4,10.9,.157
Walt Frazier,1974-75,29,NYK,78,3204,19.9,3.8,4.7,10.8,.161
Walt Frazier,1975-76,30,NYK,59,2427,17.7,2.5,2.8,6.8,.134
Walt Frazier,1976-77,31,NYK,76,2687,16.6,0.9,2.0,6.1,.108
Walt Frazier,1977-78,32,CLE,51,1664,17.5,1.9,1.6,4.6,.132
Walt Frazier,1978-79,33,CLE,12,279,12.9,-2.1,0.0,0.2,.029
Walt Frazier,1979-80,34,CLE,3,27,13.6,-3.3,0.0,0.0,-0.012
Will Frazier,1965-66,23,SFW,2,9,0.5,,,-0.1,-0.385
Will Frazier,1966-67,,Did not play - other pro league,,,,,,,
Will Frazier,1967-68,25,HSM,76,2125,15.7,,,3.8,.086
Will Frazier,1968-69,26,NYA,75,1370,13.5,,,0.9,.031
Anthony Frederick,1986-87,,Did not play - other pro league,,,,,,,
Anthony Frederick,1987-88,,Did not play - other pro league,,,,,,,
Anthony Frederick,1988-89,24,IND,46,313,11.9,-3.0,-0.1,0.2,.025
Anthony Frederick,1989-90,,Did not play - other pro league,,,,,,,
Anthony Frederick,1990-91,26,SAC,35,475,11.2,-2.6,-0.1,0.0,-0.001
Anthony Frederick,1991-92,27,CHH,66,852,13.0,-2.3,0.0,0.5,.028
Jimmer Fredette,2011-12,22,SAC,61,1135,10.8,-3.4,-0.4,0.3,.012
Jimmer Fredette,2012-13,23,SAC,69,967,14.6,-1.3,0.2,1.1,.052
Jimmer Fredette,2013-14,24,2TM,49,519,15.8,0.6,0.3,0.8,.078
Jimmer Fredette,2013-14,24,SAC,41,463,16.3,1.4,0.4,0.8,.082
Jimmer Fredette,2013-14,24,CHI,8,56,11.6,-6.3,-0.1,0.0,.043
Jimmer Fredette,2014-15,25,NOP,50,509,9.8,-4.7,-0.4,0.2,.021
Jimmer Fredette,2015-16,26,2TM,6,18,12.0,-2.6,0.0,0.0,.000
Jimmer Fredette,2015-16,26,NOP,4,13,-1.6,-12.3,0.0,-0.1,-0.198
Jimmer Fredette,2015-16,26,NYK,2,5,47.4,22.6,0.0,0.1,.514
Jimmer Fredette,2016-17,,Did not play - other pro league,,,,,,,
Jimmer Fredette,2017-18,,Did not play - other pro league,,,,,,,
Jimmer Fredette,2018-19,29,PHO,6,65,3.6,-11.3,-0.2,-0.2,-0.166
World B. Free,1975-76,22,PHI,71,1121,14.8,-1.4,0.2,1.5,.064
World B. Free,1976-77,23,PHI,78,2253,16.2,-0.9,0.7,4.6,.099
World B. Free,1977-78,24,PHI,76,2050,17.4,1.1,1.6,6.0,.140
World B. Free,1978-79,25,SDC,78,2954,22.1,2.9,3.7,10.1,.164
World B. Free,1979-80,26,SDC,68,2585,22.7,3.1,3.3,8.0,.148
World B. Free,1980-81,27,GSW,65,2370,19.5,1.5,2.1,7.4,.150
World B. Free,1981-82,28,GSW,78,2796,18.2,0.5,1.8,6.9,.118
World B. Free,1982-83,29,2TM,73,2638,18.4,1.1,2.0,5.7,.104
World B. Free,1982-83,29,GSW,19,700,15.9,-1.8,0.0,1.1,.077
World B. Free,1982-83,29,CLE,54,1938,19.3,2.1,2.0,4.6,.113
World B. Free,1983-84,30,CLE,75,2375,18.8,1.4,2.0,5.3,.107
World B. Free,1984-85,31,CLE,71,2249,19.7,3.0,2.8,6.0,.127
World B. Free,1985-86,32,CLE,75,2535,19.0,2.3,2.8,6.1,.115
World B. Free,1986-87,33,PHI,20,285,7.1,-8.6,-0.5,-0.2,-0.037
World B. Free,1987-88,34,HOU,58,682,11.1,-4.7,-0.5,0.4,.028
Enes Freedom,2011-12,19,UTA,66,874,14.5,-3.0,-0.2,1.7,.095
Enes Freedom,2012-13,20,UTA,70,1078,17.6,-2.1,0.0,2.3,.101
Enes Freedom,2013-14,21,UTA,80,2138,15.6,-3.6,-0.9,2.2,.050
Enes Freedom,2014-15,22,2TM,75,2135,20.3,-0.9,0.6,6.4,.145
Enes Freedom,2014-15,22,UTA,49,1326,17.5,-2.7,-0.2,2.7,.099
Enes Freedom,2014-15,22,OKC,26,809,24.9,2.0,0.8,3.7,.220
Enes Freedom,2015-16,23,OKC,82,1721,24.0,1.2,1.4,8.1,.226
Enes Freedom,2016-17,24,OKC,72,1533,23.7,1.7,1.4,5.8,.183
Enes Freedom,2017-18,25,NYK,71,1830,24.0,2.2,1.9,7.5,.198
Enes Freedom,2018-19,26,2TM,67,1640,22.3,1.0,1.2,5.4,.159
Enes Freedom,2018-19,26,NYK,44,1128,21.8,0.9,0.8,3.4,.143
Enes Freedom,2018-19,26,POR,23,512,23.5,1.3,0.4,2.1,.196
Enes Freedom,2019-20,27,BOS,58,983,22.4,1.5,0.9,4.4,.214
Enes Freedom,2020-21,28,POR,72,1758,22.4,0.6,1.2,7.5,.204
Enes Freedom,2021-22,29,BOS,35,411,15.0,-1.4,0.1,1.4,.160
Joel Freeland,2006-07,,Did not play - other pro league,,,,,,,
Joel Freeland,2007-08,,Did not play - other pro league,,,,,,,
Joel Freeland,2008-09,,Did not play - other pro league,,,,,,,
Joel Freeland,2009-10,,Did not play - other pro league,,,,,,,
Joel Freeland,2010-11,,Did not play - other pro league,,,,,,,
Joel Freeland,2011-12,,Did not play - other pro league,,,,,,,
Joel Freeland,2012-13,25,POR,51,477,9.3,-5.4,-0.4,0.2,.022
Joel Freeland,2013-14,26,POR,52,727,11.3,-2.6,-0.1,1.4,.092
Joel Freeland,2014-15,27,POR,48,617,12.2,-2.6,-0.1,1.6,.122
Donnie Freeman,1966-67,,Did not play - other,,,,,,,
Donnie Freeman,1967-68,23,MNM,69,2431,14.1,,,7.3,.144
Donnie Freeman,1968-69,24,MMF,78,2874,21.0,,,9.9,.166
Donnie Freeman,1969-70,25,MMF,79,3164,22.8,,,9.7,.147
Donnie Freeman,1970-71,26,2TM,66,2414,20.6,,,7.6,.151
Donnie Freeman,1970-71,26,UTS,24,801,23.4,,,3.5,.211
Donnie Freeman,1970-71,26,TEX,42,1613,19.2,,,4.1,.121
Donnie Freeman,1971-72,27,DLC,72,2377,23.9,,,8.9,.181
Donnie Freeman,1972-73,28,INA,77,2170,14.2,,,3.7,.081
Donnie Freeman,1973-74,29,INA,66,1735,15.0,-0.6,0.6,3.4,.095
Donnie Freeman,1974-75,30,SAA,77,2381,14.2,-0.7,0.8,5.1,.102
Donnie Freeman,1975-76,31,LAL,64,1480,14.5,-1.5,0.2,2.4,.078
Enrique Freeman,2024-25,24,IND,22,181,7.4,-6.3,-0.2,0.2,.046
Gary Freeman,1970-71,22,2TM,52,382,15.0,,,1.2,.155
Gary Freeman,1970-71,22,MIL,41,335,15.4,,,1.1,.161
Gary Freeman,1970-71,22,CLE,11,47,12.3,,,0.1,.108
Rod Freeman,1973-74,23,PHI,35,265,10.9,-4.2,-0.2,0.0,.000
Javon Freeman-Liberty,2023-24,24,TOR,22,403,10.7,-5.2,-0.3,0.2,.029
Matt Freije,2004-05,23,NOH,23,441,4.1,-6.2,-0.4,-0.5,-0.052
Matt Freije,2005-06,,Did not play - other pro league,,,,,,,
Matt Freije,2006-07,25,ATL,19,147,6.1,-5.4,-0.1,-0.1,-0.034
Frido Frey,1946-47,25,NYK,23,,,,,1.2,
Larry Friend,1957-58,22,NYK,44,569,7.7,,,-0.4,-0.033
Pat Frink,1968-69,23,CIN,48,363,7.9,,,-0.5,-0.064
Jim Fritsche,1953-54,22,2TM,68,1221,7.9,,,-1.7,-0.065
Jim Fritsche,1953-54,22,MNL,2,8,-19.1,,,-0.1,-0.652
Jim Fritsche,1953-54,22,BLB,66,1213,8.0,,,-1.6,-0.062
Jim Fritsche,1954-55,23,FTW,16,151,6.9,,,0.1,.028
Channing Frye,2005-06,22,NYK,65,1572,18.1,-0.7,0.5,3.5,.108
Channing Frye,2006-07,23,NYK,72,1896,10.5,-4.0,-0.9,0.9,.024
Channing Frye,2007-08,24,POR,78,1342,14.8,-1.8,0.1,3.2,.114
Channing Frye,2008-09,25,POR,63,746,10.0,-4.2,-0.4,0.8,.054
Channing Frye,2009-10,26,PHO,81,2190,15.0,2.7,2.6,6.4,.141
Channing Frye,2010-11,27,PHO,77,2541,12.8,-0.3,1.1,4.7,.090
Channing Frye,2011-12,28,PHO,64,1669,14.9,0.9,1.2,3.7,.106
Channing Frye,2012-13,,Did not play - medical condition,,,,,,,
Channing Frye,2013-14,30,PHO,82,2312,13.2,0.7,1.6,5.3,.109
Channing Frye,2014-15,31,ORL,75,1870,9.5,-1.5,0.2,2.1,.053
Channing Frye,2015-16,32,2TM,70,1200,12.9,0.8,0.8,3.0,.119
Channing Frye,2015-16,32,ORL,44,754,11.8,0.7,0.5,1.5,.097
Channing Frye,2015-16,32,CLE,26,446,14.9,1.0,0.3,1.5,.157
Channing Frye,2016-17,33,CLE,74,1398,15.6,1.0,1.1,3.7,.125
Channing Frye,2017-18,34,2TM,53,695,13.1,-0.5,0.3,1.5,.101
Channing Frye,2017-18,34,CLE,44,545,13.9,-0.3,0.3,1.2,.104
Channing Frye,2017-18,34,LAL,9,150,10.2,-1.5,0.0,0.3,.091
Channing Frye,2018-19,35,CLE,36,341,8.9,-3.5,-0.1,0.1,.016
Bernie Fryer,1972-73,,Did not play - other,,,,,,,
Bernie Fryer,1973-74,24,POR,80,1674,13.2,-1.7,0.1,1.6,.046
Bernie Fryer,1974-75,25,2TM,40,696,8.9,-3.5,-0.3,0.4,.028
Bernie Fryer,1974-75,25,SSL,9,264,5.6,-5.1,-0.3,0.0,-0.004
Bernie Fryer,1974-75,25,NOJ,31,432,11.0,-2.5,-0.1,0.4,.048
Frank Fucarino,1946-47,26,TRH,28,,,,,0.4,
Alex Fudge,2023-24,20,2TM,6,40,9.8,-5.2,0.0,0.0,-0.007
Alex Fudge,2023-24,20,LAL,4,14,-1.9,-18.1,-0.1,-0.1,-0.222
Alex Fudge,2023-24,20,DAL,2,26,16.2,1.7,0.0,0.1,.108
Herm Fuetsch,1947-48,29,BLB,42,,,,,0.9,
Joe Fulks,1946-47,25,PHW,60,,,,,16.3,
Joe Fulks,1947-48,26,PHW,43,,,,,6.0,
Joe Fulks,1948-49,27,PHW,60,,,,,7.7,
Joe Fulks,1949-50,28,PHW,68,,,,,-0.8,
Joe Fulks,1950-51,29,PHW,66,,,,,4.3,
Joe Fulks,1951-52,30,PHW,61,1904,11.9,,,-1.8,-0.045
Joe Fulks,1952-53,31,PHW,70,2085,11.6,,,-0.6,-0.015
Joe Fulks,1953-54,32,PHW,61,501,3.8,,,-1.8,-0.171
Carl Fuller,1969-70,,Did not play - other pro league,,,,,,,
Carl Fuller,1970-71,25,FLO,70,1151,10.0,,,1.1,.048
Carl Fuller,1971-72,26,FLO,6,63,12.4,,,0.1,.086
Hiram Fuller,2003-04,22,ATL,4,43,3.6,-10.5,-0.1,-0.1,-0.094
Todd Fuller,1996-97,22,GSW,75,949,10.4,-5.8,-0.9,0.7,.034
Todd Fuller,1997-98,23,GSW,57,613,11.8,-5.5,-0.5,0.7,.053
Todd Fuller,1998-99,24,UTA,42,462,9.1,-4.8,-0.3,0.6,.059
Todd Fuller,1999-00,25,CHH,41,399,9.6,-6.3,-0.4,0.2,.029
Todd Fuller,2000-01,26,MIA,10,77,9.3,-7.8,-0.1,0.0,-0.002
Tony Fuller,1980-81,22,DET,15,248,6.9,-4.0,-0.2,-0.1,-0.021
Markelle Fultz,2017-18,19,PHI,14,253,12.4,-2.6,0.0,0.2,.043
Markelle Fultz,2018-19,20,PHI,19,427,10.5,-3.1,-0.1,0.3,.035
Markelle Fultz,2019-20,21,ORL,72,1996,14.3,-1.8,0.1,2.7,.065
Markelle Fultz,2020-21,22,ORL,8,215,12.0,-4.4,-0.1,-0.1,-0.024
Markelle Fultz,2021-22,23,ORL,18,360,17.7,0.2,0.2,0.4,.053
Markelle Fultz,2022-23,24,ORL,60,1778,16.6,0.5,1.2,3.7,.100
Markelle Fultz,2023-24,25,ORL,43,910,12.6,-1.4,0.1,1.3,.069
Markelle Fultz,2024-25,26,SAC,21,184,8.9,-4.7,-0.1,-0.1,-0.026
Lawrence Funderburke,1994-95,,Did not play - other pro league,,,,,,,
Lawrence Funderburke,1995-96,,Did not play - other pro league,,,,,,,
Lawrence Funderburke,1996-97,,Did not play - other pro league,,,,,,,
Lawrence Funderburke,1997-98,27,SAC,52,1094,16.2,-0.5,0.4,2.1,.092
Lawrence Funderburke,1998-99,28,SAC,47,936,18.5,0.7,0.6,3.1,.159
Lawrence Funderburke,1999-00,29,SAC,75,1026,18.0,1.0,0.8,3.7,.172
Lawrence Funderburke,2000-01,30,SAC,59,698,16.1,-1.8,0.0,1.9,.129
Lawrence Funderburke,2001-02,31,SAC,56,722,13.8,-2.1,0.0,1.6,.105
Lawrence Funderburke,2002-03,32,SAC,27,229,11.8,-2.9,-0.1,0.5,.097
Lawrence Funderburke,2003-04,,Did not play - injury,,,,,,,
Lawrence Funderburke,2004-05,34,CHI,2,21,13.1,-3.3,0.0,0.1,.161
Andrew Funk,2023-24,24,CHI,5,13,-5.0,-14.4,0.0,-0.1,-0.252
Terry Furlow,1976-77,22,PHI,32,174,13.4,-3.7,-0.1,0.0,.011
Terry Furlow,1977-78,23,CLE,53,827,15.5,-0.7,0.3,1.1,.064
Terry Furlow,1978-79,24,2TM,78,1686,17.0,1.0,1.3,3.3,.093
Terry Furlow,1978-79,24,CLE,49,1110,17.0,0.3,0.6,1.8,.078
Terry Furlow,1978-79,24,ATL,29,576,17.1,2.4,0.6,1.5,.124
Terry Furlow,1979-80,25,2TM,76,2122,16.0,-0.2,1.0,2.8,.064
Terry Furlow,1979-80,25,ATL,21,404,15.9,2.5,0.5,0.8,.100
Terry Furlow,1979-80,25,UTA,55,1718,16.0,-0.9,0.5,2.0,.056
Johnny Furphy,2024-25,20,IND,50,379,9.8,-2.5,0.0,0.5,.070
Bill Gabor,1948-49,,Did not play - other pro league,,,,,,,
Bill Gabor,1949-50,27,SYR,56,,,,,3.5,
Bill Gabor,1950-51,28,SYR,61,,,,,1.5,
Bill Gabor,1951-52,29,SYR,57,1085,9.8,,,0.5,.021
Bill Gabor,1952-53,30,SYR,69,1337,13.8,,,2.8,.101
Bill Gabor,1953-54,31,SYR,61,1211,14.7,,,2.9,.116
Bill Gabor,1954-55,32,SYR,3,47,12.0,,,0.0,-0.012
Wenyen Gabriel,2019-20,22,2TM,30,235,9.6,-3.8,-0.1,0.2,.048
Wenyen Gabriel,2019-20,22,SAC,11,61,7.4,-3.9,0.0,0.0,-0.029
Wenyen Gabriel,2019-20,22,POR,19,174,10.3,-3.8,-0.1,0.3,.075
Wenyen Gabriel,2020-21,23,NOP,21,241,9.8,-3.3,-0.1,0.3,.052
Wenyen Gabriel,2021-22,24,3TM,26,358,12.5,-5.9,-0.4,0.7,.090
Wenyen Gabriel,2021-22,24,BRK,1,1,11.8,-1.6,0.0,0.0,.167
Wenyen Gabriel,2021-22,24,LAC,6,46,8.3,-7.5,-0.1,0.0,.041
Wenyen Gabriel,2021-22,24,LAL,19,311,13.1,-5.7,-0.3,0.6,.096
Wenyen Gabriel,2022-23,25,LAL,68,1024,14.4,-2.2,-0.1,2.8,.132
Wenyen Gabriel,2023-24,26,MEM,5,81,2.3,-12.5,-0.2,-0.2,-0.123
Dan Gadzuric,2002-03,24,MIL,49,760,11.2,-3.5,-0.3,1.2,.075
Dan Gadzuric,2003-04,25,MIL,75,1260,17.0,0.7,0.8,3.7,.141
Dan Gadzuric,2004-05,26,MIL,81,1783,18.1,0.1,1.0,5.2,.140
Dan Gadzuric,2005-06,27,MIL,74,885,17.2,-1.7,0.0,2.5,.134
Dan Gadzuric,2006-07,28,MIL,54,840,11.9,-5.4,-0.7,0.8,.043
Dan Gadzuric,2007-08,29,MIL,51,534,10.7,-6.1,-0.6,0.1,.006
Dan Gadzuric,2008-09,30,MIL,67,941,12.2,-2.5,-0.1,1.8,.094
Dan Gadzuric,2009-10,31,MIL,32,314,10.5,-4.5,-0.2,0.5,.077
Dan Gadzuric,2010-11,32,2TM,42,463,9.9,-7.0,-0.6,0.1,.014
Dan Gadzuric,2010-11,32,GSW,28,297,10.2,-6.8,-0.4,0.1,.013
Dan Gadzuric,2010-11,32,NJN,14,166,9.1,-7.3,-0.2,0.1,.015
Dan Gadzuric,2011-12,33,NYK,2,13,-4.3,-15.7,0.0,0.0,-0.169
Daniel Gafford,2019-20,21,CHI,43,609,16.2,-1.3,0.1,1.9,.146
Daniel Gafford,2020-21,22,2TM,54,791,22.2,2.2,0.8,3.5,.209
Daniel Gafford,2020-21,22,CHI,31,383,18.8,0.2,0.2,1.5,.182
Daniel Gafford,2020-21,22,WAS,23,408,25.4,4.0,0.6,2.0,.235
Daniel Gafford,2021-22,23,WAS,72,1444,21.8,1.6,1.3,6.0,.198
Daniel Gafford,2022-23,24,WAS,78,1604,19.7,1.0,1.2,6.1,.184
Daniel Gafford,2023-24,25,2TM,74,1815,21.7,2.6,2.1,7.8,.205
Daniel Gafford,2023-24,25,WAS,45,1192,19.9,0.9,0.9,4.4,.178
Daniel Gafford,2023-24,25,DAL,29,623,25.0,5.9,1.3,3.3,.257
Daniel Gafford,2024-25,26,DAL,57,1226,24.7,3.8,1.8,5.9,.232
Deng Gai,2005-06,23,PHI,2,5,0.0,-7.2,0.0,0.0,-0.015
Elmer Gainer,1947-48,29,BLB,5,,,,,0.0,
Elmer Gainer,1948-49,,Did not play - other pro league,,,,,,,
Elmer Gainer,1949-50,31,WAT,15,,,,,-0.3,
Bill Gaines,1968-69,22,HSM,1,5,7.6,,,0.0,.065
Corey Gaines,1988-89,23,NJN,32,337,9.1,-3.3,-0.1,0.2,.035
Corey Gaines,1989-90,24,PHI,9,81,6.2,-3.6,0.0,-0.1,-0.044
Corey Gaines,1990-91,25,DEN,10,226,15.2,-1.2,0.0,0.3,.061
Corey Gaines,1991-92,,Did not play - other pro league,,,,,,,
Corey Gaines,1992-93,,Did not play - other pro league,,,,,,,
Corey Gaines,1993-94,28,NYK,18,78,23.7,7.1,0.2,0.6,.339
Corey Gaines,1994-95,29,PHI,11,280,7.2,-4.2,-0.1,0.1,.013
Reece Gaines,2003-04,23,ORL,38,364,6.1,-6.1,-0.4,-0.5,-0.065
Reece Gaines,2004-05,24,2TM,21,187,3.5,-6.4,-0.2,-0.1,-0.034
Reece Gaines,2004-05,24,HOU,10,108,4.7,-5.0,-0.1,0.0,.017
Reece Gaines,2004-05,24,MIL,11,79,1.9,-8.5,-0.1,-0.2,-0.104
Reece Gaines,2005-06,25,MIL,12,54,6.7,-5.1,0.0,0.0,.004
Smokey Gaines,1967-68,27,KEN,3,36,4.8,,,-0.1,-0.153
Sundiata Gaines,2009-10,23,UTA,32,217,17.3,1.1,0.2,0.5,.121
Sundiata Gaines,2010-11,24,3TM,24,301,11.3,-2.9,-0.1,-0.1,-0.015
Sundiata Gaines,2010-11,24,MIN,8,65,4.9,-8.3,-0.1,-0.1,-0.102
Sundiata Gaines,2010-11,24,TOR,6,90,9.3,-2.7,0.0,-0.1,-0.050
Sundiata Gaines,2010-11,24,NJN,10,146,15.3,-0.5,0.1,0.1,.046
Sundiata Gaines,2011-12,25,NJN,57,793,15.0,0.3,0.5,1.0,.059
Mike Gale,1971-72,21,KEN,78,1701,9.1,,,2.6,.073
Mike Gale,1972-73,22,KEN,81,1854,13.9,,,3.9,.100
Mike Gale,1973-74,23,2TM,80,2495,12.4,1.7,2.4,4.7,.090
Mike Gale,1973-74,23,KEN,48,1591,11.9,1.2,1.3,2.6,.079
Mike Gale,1973-74,23,NYA,32,904,13.4,2.7,1.1,2.1,.110
Mike Gale,1974-75,24,NYA,72,1624,12.7,1.1,1.2,3.4,.100
Mike Gale,1975-76,25,SAA,78,1782,11.2,-0.1,0.9,2.0,.053
Mike Gale,1976-77,26,SAS,82,2598,13.9,0.7,1.8,4.0,.075
Mike Gale,1977-78,27,SAS,70,2091,13.3,0.5,1.3,3.3,.076
Mike Gale,1978-79,28,SAS,82,2121,12.3,0.6,1.4,3.6,.082
Mike Gale,1979-80,29,SAS,67,1474,13.3,0.6,1.0,2.2,.073
Mike Gale,1980-81,30,2TM,77,1112,13.7,0.8,0.8,2.4,.105
Mike Gale,1980-81,30,SAS,35,636,13.4,1.0,0.5,1.4,.107
Mike Gale,1980-81,30,POR,42,476,13.9,0.5,0.3,1.0,.102
Mike Gale,1981-82,31,GSW,75,1793,10.9,0.4,1.1,2.4,.063
Chad Gallagher,1991-92,,Did not play - other pro league,,,,,,,
Chad Gallagher,1992-93,,Did not play - other pro league,,,,,,,
Chad Gallagher,1993-94,24,UTA,2,3,66.8,30.1,0.0,0.1,1.442
Harry Gallatin,1948-49,21,NYK,52,,,,,2.8,
Harry Gallatin,1949-50,22,NYK,68,,,,,7.8,
Harry Gallatin,1950-51,23,NYK,66,,,,,7.6,
Harry Gallatin,1951-52,24,NYK,66,1931,22.1,,,8.9,.221
Harry Gallatin,1952-53,25,NYK,70,2333,23.3,,,11.3,.232
Harry Gallatin,1953-54,26,NYK,72,2690,24.4,,,11.8,.210
Harry Gallatin,1954-55,27,NYK,72,2548,21.0,,,8.3,.157
Harry Gallatin,1955-56,28,NYK,72,2378,17.6,,,5.6,.114
Harry Gallatin,1956-57,29,NYK,72,1943,23.1,,,8.1,.199
Harry Gallatin,1957-58,30,DET,72,1990,19.8,,,6.1,.147
Gene Gallette,1946-47,27,WSC,14,,,,,0.2,
Danilo Gallinari,2008-09,20,NYK,28,412,13.4,0.6,0.3,1.0,.119
Danilo Gallinari,2009-10,21,NYK,81,2747,14.8,0.5,1.7,5.6,.098
Danilo Gallinari,2010-11,22,2TM,62,2104,15.7,0.7,1.4,6.1,.139
Danilo Gallinari,2010-11,22,NYK,48,1671,15.6,0.1,0.9,4.9,.140
Danilo Gallinari,2010-11,22,DEN,14,433,15.9,3.0,0.5,1.2,.133
Danilo Gallinari,2011-12,23,DEN,43,1351,16.5,1.8,1.3,3.9,.140
Danilo Gallinari,2012-13,24,DEN,71,2309,16.7,2.8,2.8,7.2,.151
Danilo Gallinari,2013-14,,Did not play - injury,,,,,,,
Danilo Gallinari,2014-15,26,DEN,59,1426,16.8,2.4,1.6,3.9,.132
Danilo Gallinari,2015-16,27,DEN,53,1839,19.0,2.7,2.2,6.3,.165
Danilo Gallinari,2016-17,28,DEN,63,2134,17.4,1.4,1.9,6.8,.154
Danilo Gallinari,2017-18,29,LAC,21,671,13.8,-0.5,0.3,1.2,.088
Danilo Gallinari,2018-19,30,LAC,68,2059,21.0,4.3,3.3,8.2,.191
Danilo Gallinari,2019-20,31,OKC,62,1834,19.5,3.3,2.4,6.3,.166
Danilo Gallinari,2020-21,32,ATL,51,1222,16.3,1.1,1.0,3.7,.146
Danilo Gallinari,2021-22,33,ATL,66,1672,14.3,-0.2,0.8,3.6,.105
Danilo Gallinari,2022-23,,Did not play - injury,,,,,,,
Danilo Gallinari,2023-24,35,3TM,49,630,13.4,-1.9,0.0,1.3,.098
Danilo Gallinari,2023-24,35,WAS,26,385,13.4,-2.6,-0.1,0.6,.080
Danilo Gallinari,2023-24,35,DET,6,90,23.3,6.9,0.2,0.6,.304
Danilo Gallinari,2023-24,35,MIL,17,155,7.7,-5.2,-0.1,0.1,.025
Langston Galloway,2014-15,23,NYK,45,1457,12.3,-2.3,-0.1,1.3,.043
Langston Galloway,2015-16,24,NYK,82,2033,11.7,-1.0,0.5,3.3,.077
Langston Galloway,2016-17,25,2TM,74,1495,10.4,-2.3,-0.1,1.3,.040
Langston Galloway,2016-17,25,NOP,55,1120,11.2,-1.5,0.1,1.2,.052
Langston Galloway,2016-17,25,SAC,19,375,8.0,-4.7,-0.3,0.1,.007
Langston Galloway,2017-18,26,DET,58,863,12.2,0.1,0.5,1.4,.079
Langston Galloway,2018-19,27,DET,80,1745,10.7,-1.5,0.2,3.4,.094
Langston Galloway,2019-20,28,DET,66,1702,12.3,-0.8,0.5,3.1,.087
Langston Galloway,2020-21,29,PHO,40,438,12.1,-0.9,0.1,0.9,.096
Langston Galloway,2021-22,30,2TM,7,107,0.7,-9.8,-0.2,-0.2,-0.100
Langston Galloway,2021-22,30,BRK,4,58,1.8,-10.4,-0.1,-0.1,-0.072
Langston Galloway,2021-22,30,MIL,3,49,-0.6,-9.1,-0.1,-0.1,-0.133
Dave Gambee,1958-59,21,STL,2,7,11.5,,,0.0,.261
Dave Gambee,1959-60,22,2TM,61,656,14.2,,,0.8,.060
Dave Gambee,1959-60,22,STL,42,445,14.4,,,0.7,.078
Dave Gambee,1959-60,22,CIN,19,211,13.7,,,0.1,.024
Dave Gambee,1960-61,23,SYR,79,2090,14.7,,,5.3,.121
Dave Gambee,1961-62,24,SYR,80,2301,16.5,,,7.0,.145
Dave Gambee,1962-63,25,SYR,60,1234,14.6,,,3.3,.129
Dave Gambee,1963-64,26,PHI,41,927,13.5,,,1.6,.084
Dave Gambee,1964-65,27,PHI,80,1993,14.7,,,4.6,.110
Dave Gambee,1965-66,28,PHI,72,1068,12.6,,,2.2,.101
Dave Gambee,1966-67,29,PHI,63,757,13.8,,,1.9,.118
Dave Gambee,1967-68,30,SDR,80,1755,17.3,,,5.0,.138
Dave Gambee,1968-69,31,2TM,59,926,17.9,,,2.7,.141
Dave Gambee,1968-69,31,MIL,34,624,19.5,,,2.2,.169
Dave Gambee,1968-69,31,DET,25,302,14.7,,,0.5,.083
Dave Gambee,1969-70,32,SFW,73,951,14.2,,,1.4,.071
Kevin Gamble,1987-88,22,POR,9,19,-1.0,-7.0,0.0,-0.1,-0.139
Kevin Gamble,1988-89,23,BOS,44,375,15.8,0.4,0.2,1.0,.123
Kevin Gamble,1989-90,24,BOS,71,990,12.3,-0.5,0.4,1.9,.092
Kevin Gamble,1990-91,25,BOS,82,2706,16.3,1.2,2.2,8.3,.147
Kevin Gamble,1991-92,26,BOS,82,2496,15.2,0.7,1.7,6.7,.129
Kevin Gamble,1992-93,27,BOS,82,2541,15.1,1.4,2.2,6.6,.124
Kevin Gamble,1993-94,28,BOS,75,1880,13.4,-1.7,0.2,2.1,.054
Kevin Gamble,1994-95,29,MIA,77,1223,16.3,1.5,1.1,3.4,.134
Kevin Gamble,1995-96,30,2TM,65,1325,8.4,-2.5,-0.2,1.8,.064
Kevin Gamble,1995-96,30,MIA,44,1033,8.8,-1.9,0.0,1.7,.079
Kevin Gamble,1995-96,30,SAC,21,292,6.9,-4.4,-0.2,0.1,.011
Kevin Gamble,1996-97,31,SAC,62,953,11.6,-0.3,0.4,1.6,.082
Bob Gantt,1946-47,24,WSC,23,,,,,1.3,
Jorge Garbajosa,2006-07,29,TOR,67,1909,12.1,0.3,1.1,3.0,.074
Jorge Garbajosa,2007-08,30,TOR,7,74,10.4,-0.5,0.0,0.1,.047
Rubén Garcés,2000-01,27,2TM,13,73,9.7,-4.9,-0.1,0.0,.009
Rubén Garcés,2000-01,27,PHO,10,62,10.5,-4.5,0.0,0.1,.066
Rubén Garcés,2000-01,27,GSW,3,11,5.2,-7.6,0.0,-0.1,-0.315
Alex Garcia,2003-04,23,SAS,2,13,-4.7,-13.6,0.0,-0.1,-0.319
Alex Garcia,2004-05,24,NOH,8,146,8.4,-3.4,0.0,-0.1,-0.018
Francisco García,2005-06,24,SAC,67,1301,10.3,-0.8,0.4,1.6,.060
Francisco García,2006-07,25,SAC,79,1410,11.7,-1.1,0.3,2.4,.080
Francisco García,2007-08,26,SAC,79,2096,15.1,0.8,1.5,4.2,.097
Francisco García,2008-09,27,SAC,65,1975,14.1,-0.3,0.8,2.4,.058
Francisco García,2009-10,28,SAC,25,575,12.4,0.3,0.3,1.0,.081
Francisco García,2010-11,29,SAC,58,1386,13.5,1.0,1.0,3.0,.104
Francisco García,2011-12,30,SAC,49,798,10.7,-0.7,0.3,0.8,.048
Francisco García,2012-13,31,2TM,58,1029,11.0,0.2,0.6,1.3,.059
Francisco García,2012-13,31,SAC,40,710,10.5,-0.6,0.3,0.6,.040
Francisco García,2012-13,31,HOU,18,319,12.2,1.8,0.3,0.7,.101
Francisco García,2013-14,32,HOU,55,1083,9.3,-0.1,0.5,1.8,.078
Francisco García,2014-15,33,HOU,14,200,3.6,-4.2,-0.1,-0.2,-0.044
Chuck Gardner,1967-68,23,DNR,42,487,10.4,,,1.0,.101
Earl Gardner,1948-49,25,MNL,50,,,,,0.7,
Ken Gardner,1971-72,,Did not play - injury,,,,,,,
Ken Gardner,1972-73,,Did not play - other pro league,,,,,,,
Ken Gardner,1973-74,,Did not play - other pro league,,,,,,,
Ken Gardner,1974-75,,Did not play - other pro league,,,,,,,
Ken Gardner,1975-76,26,UTS,9,51,10.1,-3.7,0.0,0.1,.054
Thomas Gardner,2007-08,22,CHI,4,45,4.4,-7.2,-0.1,-0.1,-0.128
Thomas Gardner,2008-09,23,ATL,16,98,1.5,-8.5,-0.2,-0.2,-0.120
Vern Gardner,1949-50,24,PHW,63,,,,,5.9,
Vern Gardner,1950-51,25,PHW,61,,,,,1.6,
Vern Gardner,1951-52,26,PHW,27,507,11.2,,,-0.1,-0.006
Jack Garfinkel,1946-47,28,BOS,40,,,,,0.3,
Jack Garfinkel,1947-48,29,BOS,43,,,,,1.1,
Jack Garfinkel,1948-49,30,BOS,9,,,,,-0.5,
Patricio Garino,2016-17,23,ORL,5,43,-9.2,-17.9,-0.2,-0.2,-0.250
Darius Garland,2019-20,20,CLE,59,1824,8.5,-5.5,-1.7,-1.3,-0.034
Darius Garland,2020-21,21,CLE,54,1790,14.2,-2.1,-0.1,1.2,.033
Darius Garland,2021-22,22,CLE,68,2430,19.0,2.6,2.8,6.3,.125
Darius Garland,2022-23,23,CLE,69,2447,18.8,2.4,2.7,7.6,.148
Darius Garland,2023-24,24,CLE,57,1901,14.5,-1.0,0.5,2.7,.067
Darius Garland,2024-25,25,CLE,75,2301,19.9,3.1,3.0,8.1,.169
Gary Garland,1979-80,22,DEN,78,1106,10.2,-2.6,-0.2,0.5,.020
Winston Garland,1987-88,23,GSW,67,2122,13.8,-1.8,0.1,1.7,.039
Winston Garland,1988-89,24,GSW,79,2661,14.7,-0.1,1.3,4.5,.082
Winston Garland,1989-90,25,2TM,79,1762,9.8,-3.4,-0.6,-0.3,-0.008
Winston Garland,1989-90,25,GSW,51,891,9.1,-3.6,-0.4,-0.7,-0.037
Winston Garland,1989-90,25,LAC,28,871,10.6,-3.3,-0.3,0.4,.021
Winston Garland,1990-91,26,LAC,69,1702,12.1,-0.9,0.5,2.4,.069
Winston Garland,1991-92,27,DEN,78,2209,13.3,-1.3,0.4,2.9,.063
Winston Garland,1992-93,28,HOU,66,1004,12.2,-2.5,-0.1,1.8,.084
Winston Garland,1993-94,,Did not play - other pro league,,,,,,,
Winston Garland,1994-95,30,MIN,73,1931,10.1,-2.6,-0.3,1.2,.030
Dick Garmaker,1955-56,23,MNL,68,870,13.6,,,1.3,.072
Dick Garmaker,1956-57,24,MNL,72,2406,16.8,,,7.5,.150
Dick Garmaker,1957-58,25,MNL,68,2216,15.2,,,4.4,.095
Dick Garmaker,1958-59,26,MNL,72,2493,12.5,,,4.6,.088
Dick Garmaker,1959-60,27,2TM,70,1932,13.1,,,3.1,.076
Dick Garmaker,1959-60,27,MNL,44,1187,12.4,,,1.4,.057
Dick Garmaker,1959-60,27,NYK,26,745,14.2,,,1.7,.107
Dick Garmaker,1960-61,28,NYK,71,2238,13.7,,,4.7,.101
Bill Garner,1962-63,,Did not play - other pro league,,,,,,,
Bill Garner,1963-64,,Did not play - other,,,,,,,
Bill Garner,1964-65,,Did not play - other,,,,,,,
Bill Garner,1965-66,,Did not play - other,,,,,,,
Bill Garner,1966-67,,Did not play - other,,,,,,,
Bill Garner,1967-68,27,ANA,53,514,-1.2,,,-0.7,-0.061
Chris Garner,1997-98,22,TOR,38,293,5.6,-7.1,-0.4,-0.4,-0.069
Chris Garner,1998-99,,Did not play - other pro league,,,,,,,
Chris Garner,1999-00,,Did not play - other pro league,,,,,,,
Chris Garner,2000-01,25,GSW,8,149,1.0,-12.0,-0.4,-0.4,-0.123
Bill Garnett,1982-83,22,DAL,75,1411,15.0,0.7,1.0,3.9,.133
Bill Garnett,1983-84,23,DAL,80,1529,12.3,0.1,0.8,3.5,.109
Bill Garnett,1984-85,24,IND,65,1123,10.7,-3.2,-0.4,1.5,.063
Bill Garnett,1985-86,25,IND,80,1197,10.5,-1.4,0.2,2.0,.078
Kevin Garnett,1995-96,19,MIN,80,2293,15.8,1.0,1.7,4.4,.092
Kevin Garnett,1996-97,20,MIN,77,2995,18.2,2.2,3.2,7.3,.116
Kevin Garnett,1997-98,21,MIN,82,3222,20.4,4.2,5.0,9.6,.143
Kevin Garnett,1998-99,22,MIN,47,1780,22.4,5.3,3.3,5.4,.146
Kevin Garnett,1999-00,23,MIN,81,3243,23.6,6.3,6.8,11.6,.172
Kevin Garnett,2000-01,24,MIN,81,3202,23.9,6.0,6.4,11.8,.176
Kevin Garnett,2001-02,25,MIN,81,3175,23.8,6.8,7.1,12.8,.194
Kevin Garnett,2002-03,26,MIN,82,3321,26.4,8.4,8.7,15.6,.225
Kevin Garnett,2003-04,27,MIN,82,3231,29.4,10.2,10.0,18.3,.272
Kevin Garnett,2004-05,28,MIN,82,3121,28.2,9.5,9.1,16.1,.248
Kevin Garnett,2005-06,29,MIN,76,2957,26.8,7.8,7.4,14.9,.242
Kevin Garnett,2006-07,30,MIN,76,2995,24.1,5.4,5.5,10.7,.171
Kevin Garnett,2007-08,31,BOS,71,2328,25.3,8.2,6.0,12.9,.265
Kevin Garnett,2008-09,32,BOS,57,1772,21.2,5.7,3.5,7.1,.193
Kevin Garnett,2009-10,33,BOS,69,2060,19.4,3.5,2.9,7.3,.171
Kevin Garnett,2010-11,34,BOS,71,2220,20.6,4.7,3.8,9.0,.194
Kevin Garnett,2011-12,35,BOS,60,1864,20.4,4.3,2.9,6.9,.178
Kevin Garnett,2012-13,36,BOS,68,2022,19.2,2.6,2.3,5.6,.133
Kevin Garnett,2013-14,37,BRK,54,1109,13.3,-1.2,0.2,1.2,.054
Kevin Garnett,2014-15,38,2TM,47,952,15.2,0.7,0.7,1.9,.096
Kevin Garnett,2014-15,38,BRK,42,854,14.8,0.3,0.5,1.6,.089
Kevin Garnett,2014-15,38,MIN,5,98,19.3,4.3,0.2,0.3,.161
Kevin Garnett,2015-16,39,MIN,38,556,12.3,1.5,0.5,1.1,.092
Marlon Garnett,1998-99,23,BOS,24,205,6.5,-4.9,-0.2,0.0,.002
Billy Garrett,2018-19,24,NYK,4,63,9.8,-5.5,-0.1,0.0,-0.019
Calvin Garrett,1979-80,,Did not play - other,,,,,,,
Calvin Garrett,1980-81,24,HOU,70,1638,8.8,-2.3,-0.1,1.4,.040
Calvin Garrett,1981-82,25,HOU,51,858,8.4,-3.0,-0.2,0.6,.035
Calvin Garrett,1982-83,26,HOU,4,34,6.4,-4.6,0.0,0.0,-0.051
Calvin Garrett,1983-84,27,LAL,41,478,10.2,-3.4,-0.2,0.6,.064
Dean Garrett,1988-89,,Did not play - other pro league,,,,,,,
Dean Garrett,1989-90,,Did not play - other pro league,,,,,,,
Dean Garrett,1990-91,,Did not play - other pro league,,,,,,,
Dean Garrett,1991-92,,Did not play - other pro league,,,,,,,
Dean Garrett,1992-93,,Did not play - other pro league,,,,,,,
Dean Garrett,1993-94,,Did not play - other pro league,,,,,,,
Dean Garrett,1994-95,,Did not play - other pro league,,,,,,,
Dean Garrett,1995-96,,Did not play - other pro league,,,,,,,
Dean Garrett,1996-97,30,MIN,68,1665,17.7,1.0,1.3,6.2,.179
Dean Garrett,1997-98,31,DEN,82,2632,12.1,-2.6,-0.4,2.2,.041
Dean Garrett,1998-99,32,MIN,49,1054,13.6,-0.8,0.3,2.9,.131
Dean Garrett,1999-00,33,MIN,56,604,9.0,-3.0,-0.2,1.0,.077
Dean Garrett,2000-01,34,MIN,70,831,12.5,-0.6,0.3,1.9,.109
Dean Garrett,2001-02,35,2TM,34,183,6.3,-7.4,-0.3,-0.1,-0.024
Dean Garrett,2001-02,35,MIN,29,152,7.1,-6.1,-0.2,0.0,.006
Dean Garrett,2001-02,35,GSW,5,31,2.0,-14.1,-0.1,-0.1,-0.171
Diante Garrett,2012-13,24,PHO,19,149,9.0,-4.4,-0.1,-0.2,-0.073
Diante Garrett,2013-14,25,UTA,71,1048,7.1,-4.6,-0.7,-0.8,-0.036
Dick Garrett,1969-70,23,LAL,73,2318,9.4,,,2.3,.047
Dick Garrett,1970-71,24,BUF,75,2375,11.6,,,2.4,.048
Dick Garrett,1971-72,25,BUF,73,1905,11.8,,,1.6,.039
Dick Garrett,1972-73,26,BUF,78,1805,11.2,,,0.1,.001
Dick Garrett,1973-74,27,2TM,40,326,6.3,-5.8,-0.4,-0.2,-0.034
Dick Garrett,1973-74,27,NYK,25,239,6.0,-5.9,-0.3,-0.2,-0.032
Dick Garrett,1973-74,27,MIL,15,87,7.2,-5.3,-0.1,-0.1,-0.038
Marcus Garrett,2021-22,23,MIA,12,128,4.7,-5.4,-0.1,0.1,.032
Marcus Garrett,2024-25,26,CHO,4,79,8.7,-7.6,-0.1,0.0,-0.002
Rowland Garrett,1972-73,22,CHI,35,211,16.7,,,0.5,.115
Rowland Garrett,1973-74,23,CHI,41,373,9.2,-5.6,-0.4,-0.1,-0.011
Rowland Garrett,1974-75,24,CHI,70,1183,14.2,-0.9,0.3,3.1,.126
Rowland Garrett,1975-76,25,2TM,55,540,14.9,-1.3,0.1,1.1,.096
Rowland Garrett,1975-76,25,CHI,14,324,14.8,-0.7,0.1,0.8,.125
Rowland Garrett,1975-76,25,CLE,41,216,15.0,-2.2,0.0,0.2,.054
Rowland Garrett,1976-77,26,2TM,62,598,12.1,-2.6,-0.1,0.8,.064
Rowland Garrett,1976-77,26,CLE,29,215,12.2,-2.9,0.0,0.4,.079
Rowland Garrett,1976-77,26,MIL,33,383,12.0,-2.4,0.0,0.4,.055
Tom Garrick,1988-89,22,LAC,71,1499,11.0,-2.4,-0.2,1.4,.044
Tom Garrick,1989-90,23,LAC,73,1721,11.8,-1.3,0.3,2.5,.070
Tom Garrick,1990-91,24,LAC,67,949,13.3,0.0,0.5,1.8,.089
Tom Garrick,1991-92,25,3TM,40,549,9.8,-1.8,0.0,0.2,.022
Tom Garrick,1991-92,25,SAS,19,374,10.2,-1.0,0.1,0.4,.050
Tom Garrick,1991-92,25,MIN,15,112,7.4,-6.1,-0.1,-0.1,-0.059
Tom Garrick,1991-92,25,DAL,6,63,11.3,1.3,0.1,0.0,-0.004
John Garris,1983-84,24,CLE,33,267,18.5,-0.1,0.2,0.9,.166
Kiwane Lemorris Garris,1997-98,23,DEN,28,225,8.7,-5.6,-0.2,-0.1,-0.030
Kiwane Lemorris Garris,1998-99,,Did not play - other pro league,,,,,,,
Kiwane Lemorris Garris,1999-00,25,ORL,3,23,-3.9,-14.3,-0.1,-0.1,-0.223
Pat Garrity,1998-99,22,PHO,39,538,13.0,-3.0,-0.1,1.1,.101
Pat Garrity,1999-00,23,ORL,82,1479,11.9,-1.6,0.2,2.8,.091
Pat Garrity,2000-01,24,ORL,76,1579,10.1,-3.0,-0.4,2.5,.076
Pat Garrity,2001-02,25,ORL,80,2406,12.3,-0.6,0.9,5.1,.101
Pat Garrity,2002-03,26,ORL,81,2584,11.2,-1.0,0.7,4.9,.091
Pat Garrity,2003-04,27,ORL,2,22,0.5,-8.2,0.0,0.0,-0.060
Pat Garrity,2004-05,28,ORL,71,955,9.1,-2.8,-0.2,1.1,.054
Pat Garrity,2005-06,29,ORL,57,938,9.1,-1.8,0.0,1.2,.062
Pat Garrity,2006-07,30,ORL,33,277,6.4,-4.2,-0.2,0.2,.038
Pat Garrity,2007-08,31,ORL,31,284,3.2,-6.6,-0.3,-0.2,-0.038
Usman Garuba,2021-22,19,HOU,24,239,12.9,-0.9,0.1,0.5,.105
Usman Garuba,2022-23,20,HOU,75,970,12.9,-1.4,0.2,1.8,.091
Usman Garuba,2023-24,21,GSW,6,18,7.0,-10.9,0.0,0.0,-0.124
Jim Garvin,1973-74,23,BUF,6,11,3.9,-5.0,0.0,0.0,-0.134
Luka Garza,2021-22,23,DET,32,389,15.6,-2.5,-0.1,0.8,.093
Luka Garza,2022-23,24,MIN,28,243,23.0,-0.4,0.1,1.1,.211
Luka Garza,2023-24,25,MIN,25,122,21.8,-2.1,0.0,0.4,.166
Luka Garza,2024-25,26,MIN,39,219,18.8,-2.3,0.0,0.7,.144
Marc Gasol,2007-08,,Did not play - other pro league,,,,,,,
Marc Gasol,2008-09,24,MEM,82,2521,16.7,-0.1,1.2,6.4,.121
Marc Gasol,2009-10,25,MEM,69,2469,19.3,2.8,3.0,8.4,.164
Marc Gasol,2010-11,26,MEM,81,2586,16.8,2.3,2.8,7.9,.146
Marc Gasol,2011-12,27,MEM,65,2370,18.4,3.1,3.1,8.2,.166
Marc Gasol,2012-13,28,MEM,80,2796,19.5,5.2,5.1,11.5,.197
Marc Gasol,2013-14,29,MEM,59,1970,18.2,3.0,2.5,5.6,.137
Marc Gasol,2014-15,30,MEM,81,2687,21.7,5.1,4.8,10.2,.182
Marc Gasol,2015-16,31,MEM,52,1791,17.7,1.7,1.7,3.7,.098
Marc Gasol,2016-17,32,MEM,74,2531,20.3,5.2,4.6,7.7,.145
Marc Gasol,2017-18,33,MEM,73,2408,17.4,2.3,2.7,4.0,.080
Marc Gasol,2018-19,34,2TM,79,2436,16.7,3.1,3.1,6.0,.118
Marc Gasol,2018-19,34,MEM,53,1788,16.9,3.2,2.3,3.9,.104
Marc Gasol,2018-19,34,TOR,26,648,16.0,2.9,0.8,2.1,.157
Marc Gasol,2019-20,35,TOR,44,1161,11.8,1.6,1.1,3.0,.124
Marc Gasol,2020-21,36,LAL,52,993,12.2,2.3,1.1,2.8,.133
Pau Gasol,2001-02,21,MEM,82,3007,19.5,1.7,2.8,7.6,.121
Pau Gasol,2002-03,22,MEM,82,2948,20.7,1.8,2.8,8.5,.138
Pau Gasol,2003-04,23,MEM,78,2458,21.7,2.9,3.0,8.1,.159
Pau Gasol,2004-05,24,MEM,56,1790,22.5,4.0,2.7,6.8,.184
Pau Gasol,2005-06,25,MEM,80,3135,22.7,5.5,6.0,12.0,.184
Pau Gasol,2006-07,26,MEM,59,2133,24.1,3.6,3.0,6.9,.155
Pau Gasol,2007-08,27,2TM,66,2351,21.6,3.4,3.2,8.4,.172
Pau Gasol,2007-08,27,MEM,39,1433,20.1,2.1,1.5,3.9,.129
Pau Gasol,2007-08,27,LAL,27,918,24.0,5.5,1.7,4.6,.239
Pau Gasol,2008-09,28,LAL,81,2999,22.2,4.5,5.0,13.9,.223
Pau Gasol,2009-10,29,LAL,65,2403,22.9,4.9,4.2,11.0,.220
Pau Gasol,2010-11,30,LAL,82,3037,23.3,4.8,5.2,14.7,.232
Pau Gasol,2011-12,31,LAL,65,2430,20.4,3.4,3.3,8.3,.165
Pau Gasol,2012-13,32,LAL,49,1655,16.7,2.0,1.7,3.7,.107
Pau Gasol,2013-14,33,LAL,60,1884,19.3,1.2,1.5,3.0,.076
Pau Gasol,2014-15,34,CHI,78,2681,22.7,3.5,3.7,10.4,.187
Pau Gasol,2015-16,35,CHI,72,2291,21.7,4.9,4.0,7.1,.149
Pau Gasol,2016-17,36,SAS,64,1627,20.2,4.0,2.5,6.4,.190
Pau Gasol,2017-18,37,SAS,77,1812,18.9,3.4,2.5,6.0,.159
Pau Gasol,2018-19,38,2TM,30,360,16.7,3.1,0.5,1.1,.142
Pau Gasol,2018-19,38,SAS,27,330,18.0,3.9,0.5,1.1,.160
Pau Gasol,2018-19,38,MIL,3,30,1.7,-4.7,0.0,0.0,-0.063
Pau Gasol,2019-20,,Did not play - injury,,,,,,,
Frank Gates,1949-50,29,AND,64,,,,,1.3,
Kaiser Gates,2023-24,27,NOP,1,7,-19.9,-28.8,-0.1,-0.1,-0.558
Chris Gatling,1991-92,24,GSW,54,612,18.2,0.5,0.4,2.0,.156
Chris Gatling,1992-93,25,GSW,70,1248,16.8,-1.3,0.2,3.1,.120
Chris Gatling,1993-94,26,GSW,82,1296,18.7,-0.4,0.6,4.5,.168
Chris Gatling,1994-95,27,GSW,58,1470,19.5,0.1,0.8,3.9,.129
Chris Gatling,1995-96,28,2TM,71,1427,19.9,0.1,0.7,4.6,.156
Chris Gatling,1995-96,28,GSW,47,862,17.0,-2.1,0.0,2.1,.114
Chris Gatling,1995-96,28,MIA,24,565,24.4,3.4,0.8,2.6,.219
Chris Gatling,1996-97,29,2TM,47,1283,23.9,0.8,0.9,3.9,.145
Chris Gatling,1996-97,29,DAL,44,1191,24.4,1.0,0.9,3.7,.147
Chris Gatling,1996-97,29,NJN,3,92,16.9,-1.6,0.0,0.2,.108
Chris Gatling,1997-98,30,NJN,57,1359,16.0,-2.0,0.0,2.4,.084
Chris Gatling,1998-99,31,2TM,48,775,10.1,-5.5,-0.7,-0.1,-0.003
Chris Gatling,1998-99,31,NJN,18,281,5.5,-7.7,-0.4,-0.5,-0.090
Chris Gatling,1998-99,31,MIL,30,494,12.6,-4.2,-0.3,0.5,.046
Chris Gatling,1999-00,32,2TM,85,1811,17.3,-1.0,0.5,4.0,.105
Chris Gatling,1999-00,32,ORL,45,1041,17.4,-0.9,0.3,2.5,.115
Chris Gatling,1999-00,32,DEN,40,770,17.1,-1.0,0.2,1.5,.092
Chris Gatling,2000-01,33,CLE,74,1670,15.6,-1.9,0.0,2.4,.068
Chris Gatling,2001-02,34,MIA,54,809,13.4,-3.1,-0.2,1.4,.081
Chris Gatling,2002-03,,Did not play - other pro league,,,,,,,
Kenny Gattison,1986-87,22,PHO,77,1104,9.4,-5.4,-0.9,0.7,.031
Kenny Gattison,1987-88,,Did not play - injury,,,,,,,
Kenny Gattison,1988-89,24,PHO,2,9,-2.8,-7.1,0.0,0.0,-0.037
Kenny Gattison,1989-90,25,CHH,63,941,12.9,-2.6,-0.1,1.5,.075
Kenny Gattison,1990-91,26,CHH,72,1552,14.4,-2.2,-0.1,3.0,.092
Kenny Gattison,1991-92,27,CHH,82,2223,15.3,-1.3,0.4,4.5,.097
Kenny Gattison,1992-93,28,CHH,75,1475,12.5,-1.5,0.2,3.2,.103
Kenny Gattison,1993-94,29,CHH,77,1644,13.3,-1.3,0.3,3.5,.102
Kenny Gattison,1994-95,30,CHH,21,409,9.2,-4.3,-0.3,0.5,.055
Kenny Gattison,1995-96,31,VAN,25,570,10.7,-5.5,-0.5,0.1,.012
Rudy Gay,2006-07,20,MEM,78,2103,12.4,-2.2,-0.1,0.5,.011
Rudy Gay,2007-08,21,MEM,81,3000,17.4,0.8,2.1,5.0,.080
Rudy Gay,2008-09,22,MEM,79,2945,15.3,-1.1,0.7,3.3,.054
Rudy Gay,2009-10,23,MEM,80,3175,16.2,0.5,2.0,6.4,.096
Rudy Gay,2010-11,24,MEM,54,2152,17.8,2.8,2.6,5.5,.123
Rudy Gay,2011-12,25,MEM,65,2422,17.8,1.9,2.4,6.0,.120
Rudy Gay,2012-13,26,2TM,75,2687,15.6,1.1,2.1,4.0,.072
Rudy Gay,2012-13,26,MEM,42,1541,14.1,0.5,0.9,2.4,.075
Rudy Gay,2012-13,26,TOR,33,1146,17.6,1.9,1.1,1.6,.068
Rudy Gay,2013-14,27,2TM,73,2531,18.3,1.7,2.4,4.8,.091
Rudy Gay,2013-14,27,TOR,18,639,14.7,0.6,0.4,0.3,.021
Rudy Gay,2013-14,27,SAC,55,1892,19.6,2.1,2.0,4.5,.114
Rudy Gay,2014-15,28,SAC,68,2408,19.7,2.7,2.9,6.1,.122
Rudy Gay,2015-16,29,SAC,70,2379,15.5,-0.3,1.0,3.8,.078
Rudy Gay,2016-17,30,SAC,30,1013,17.9,1.9,1.0,1.8,.087
Rudy Gay,2017-18,31,SAS,57,1231,18.0,0.8,0.9,3.1,.122
Rudy Gay,2018-19,32,SAS,69,1842,17.5,1.4,1.6,4.4,.115
Rudy Gay,2019-20,33,SAS,67,1461,15.4,-0.8,0.4,2.1,.068
Rudy Gay,2020-21,34,SAS,63,1358,14.7,-0.1,0.6,1.7,.059
Rudy Gay,2021-22,35,UTA,55,1038,13.0,-1.0,0.3,2.1,.097
Rudy Gay,2022-23,36,UTA,56,816,9.0,-4.0,-0.4,0.3,.018
Ed Gayda,1950-51,23,TRI,15,,,,,0.6,
Andrew Gaze,1993-94,28,WSB,7,70,10.5,-2.8,0.0,0.1,.074
Andrew Gaze,1994-95,,Did not play - other pro league,,,,,,,
Andrew Gaze,1995-96,,Did not play - other pro league,,,,,,,
Andrew Gaze,1996-97,,Did not play - other pro league,,,,,,,
Andrew Gaze,1997-98,,Did not play - other pro league,,,,,,,
Andrew Gaze,1998-99,33,SAS,19,58,8.5,-2.9,0.0,0.0,.025
Michael Gbinije,2016-17,24,DET,9,32,-2.1,-12.1,-0.1,-0.1,-0.136
Reggie Geary,1996-97,23,CLE,39,246,8.7,-1.4,0.0,0.3,.056
Reggie Geary,1997-98,24,SAS,62,685,6.8,-2.9,-0.2,0.3,.023
Alonzo Gee,2009-10,22,WAS,11,182,16.2,1.6,0.2,0.4,.108
Alonzo Gee,2010-11,23,3TM,56,1118,10.8,-2.5,-0.1,1.0,.045
Alonzo Gee,2010-11,23,SAS,5,18,-2.1,-9.2,0.0,-0.1,-0.175
Alonzo Gee,2010-11,23,WAS,11,127,9.9,-2.8,0.0,0.1,.023
Alonzo Gee,2010-11,23,CLE,40,973,11.1,-2.3,-0.1,1.0,.052
Alonzo Gee,2011-12,24,CLE,63,1827,13.2,-1.4,0.3,2.4,.063
Alonzo Gee,2012-13,25,CLE,82,2541,10.5,-2.6,-0.4,1.9,.036
Alonzo Gee,2013-14,26,CLE,65,1020,8.6,-3.1,-0.3,0.9,.041
Alonzo Gee,2014-15,27,2TM,54,662,13.0,-0.6,0.2,1.2,.086
Alonzo Gee,2014-15,27,DEN,39,511,14.0,0.2,0.3,1.1,.100
Alonzo Gee,2014-15,27,POR,15,151,9.7,-3.2,0.0,0.1,.039
Alonzo Gee,2015-16,28,NOP,73,1632,8.4,-2.6,-0.2,1.9,.056
Alonzo Gee,2016-17,29,DEN,13,89,3.1,-6.7,-0.1,-0.1,-0.032
Matt Geiger,1992-93,23,MIA,48,554,11.8,-4.2,-0.3,1.2,.101
Matt Geiger,1993-94,24,MIA,72,1199,16.7,0.0,0.6,4.5,.179
Matt Geiger,1994-95,25,MIA,74,1712,12.9,-2.8,-0.3,2.7,.077
Matt Geiger,1995-96,26,CHH,77,2349,14.2,-2.9,-0.5,4.3,.088
Matt Geiger,1996-97,27,CHH,49,1044,14.3,-3.2,-0.3,1.9,.085
Matt Geiger,1997-98,28,CHH,78,1839,20.2,1.1,1.5,5.9,.154
Matt Geiger,1998-99,29,PHI,50,1540,17.1,0.3,0.9,4.7,.147
Matt Geiger,1999-00,30,PHI,65,1406,13.9,-3.5,-0.5,2.6,.088
Matt Geiger,2000-01,31,PHI,35,542,11.5,-4.2,-0.3,0.7,.065
Matt Geiger,2001-02,32,PHI,4,36,-1.6,-11.4,-0.1,-0.1,-0.145
Mickaël Gelabale,2005-06,,Did not play - other pro league,,,,,,,
Mickaël Gelabale,2006-07,23,SEA,70,1239,9.8,-2.6,-0.2,1.3,.050
Mickaël Gelabale,2007-08,24,SEA,39,465,10.5,-3.1,-0.1,0.2,.021
Mickaël Gelabale,2008-09,,Did not play - other pro league,,,,,,,
Mickaël Gelabale,2009-10,,Did not play - other pro league,,,,,,,
Mickaël Gelabale,2010-11,,Did not play - other pro league,,,,,,,
Mickaël Gelabale,2011-12,,Did not play - other pro league,,,,,,,
Mickaël Gelabale,2012-13,29,MIN,36,644,11.8,-0.2,0.3,1.5,.114
Devean George,1999-00,22,LAL,49,345,12.1,-3.5,-0.1,0.7,.093
Devean George,2000-01,23,LAL,59,593,6.2,-7.6,-0.8,-0.3,-0.023
Devean George,2001-02,24,LAL,82,1759,12.6,0.3,1.0,4.2,.113
Devean George,2002-03,25,LAL,71,1613,11.4,-1.5,0.2,2.7,.079
Devean George,2003-04,26,LAL,82,1951,11.5,-0.4,0.8,3.4,.083
Devean George,2004-05,27,LAL,15,306,10.7,-3.9,-0.2,0.3,.041
Devean George,2005-06,28,LAL,71,1542,11.3,-0.8,0.4,2.6,.082
Devean George,2006-07,29,DAL,60,1283,9.7,-1.5,0.2,2.1,.078
Devean George,2007-08,30,DAL,53,821,7.0,-2.8,-0.2,0.7,.039
Devean George,2008-09,31,DAL,43,708,7.0,-2.8,-0.1,0.6,.042
Devean George,2009-10,32,GSW,45,761,11.6,-0.8,0.2,1.3,.084
Jack George,1953-54,25,PHW,71,2648,12.2,,,1.8,.034
Jack George,1954-55,26,PHW,68,2480,13.0,,,3.8,.074
Jack George,1955-56,27,PHW,72,2840,13.6,,,4.6,.077
Jack George,1956-57,28,PHW,67,2229,11.8,,,1.2,.026
Jack George,1957-58,29,PHW,72,1910,12.5,,,3.4,.084
Jack George,1958-59,30,2TM,71,1881,11.0,,,1.5,.038
Jack George,1958-59,30,PHW,46,1387,11.0,,,1.1,.038
Jack George,1958-59,30,NYK,25,494,10.9,,,0.4,.037
Jack George,1959-60,31,NYK,69,1604,12.1,,,1.5,.046
Jack George,1960-61,32,NYK,16,268,7.7,,,-0.1,-0.025
Keyonte George,2023-24,20,UTA,75,2023,10.4,-4.4,-1.2,-0.3,-0.008
Keyonte George,2024-25,21,UTA,67,2109,12.9,-2.7,-0.3,1.1,.024
Kyshawn George,2024-25,21,WAS,68,1802,8.8,-4.1,-0.9,0.1,.003
Paul George,2010-11,20,IND,61,1265,13.0,-0.1,0.6,2.4,.091
Paul George,2011-12,21,IND,66,1958,16.5,3.4,2.7,6.0,.148
Paul George,2012-13,22,IND,79,2972,16.8,3.8,4.4,9.0,.145
Paul George,2013-14,23,IND,80,2898,20.1,4.9,5.0,10.8,.178
Paul George,2014-15,24,IND,6,91,13.0,-2.2,0.0,0.0,-0.008
Paul George,2015-16,25,IND,81,2819,20.9,4.9,4.9,9.2,.157
Paul George,2016-17,26,IND,75,2689,20.2,3.1,3.4,7.1,.126
Paul George,2017-18,27,OKC,79,2891,18.7,2.9,3.6,8.9,.147
Paul George,2018-19,28,OKC,77,2841,23.3,7.2,6.6,11.9,.201
Paul George,2019-20,29,LAC,48,1419,21.1,4.9,2.5,4.8,.161
Paul George,2020-21,30,LAC,54,1821,20.5,4.2,2.9,5.3,.139
Paul George,2021-22,31,LAC,31,1077,18.6,3.7,1.6,1.3,.057
Paul George,2022-23,32,LAC,56,1939,19.6,2.8,2.3,4.6,.114
Paul George,2023-24,33,LAC,74,2502,19.3,3.2,3.3,7.3,.140
Paul George,2024-25,34,PHI,41,1334,14.5,-0.4,0.5,1.0,.036
Tate George,1990-91,22,NJN,56,594,10.5,-3.6,-0.2,0.4,.032
Tate George,1991-92,23,NJN,70,1037,11.8,-3.0,-0.3,1.1,.050
Tate George,1992-93,24,NJN,48,380,7.9,-4.4,-0.2,-0.1,-0.013
Tate George,1993-94,,Did not play - other pro league,,,,,,,
Tate George,1994-95,26,MIL,3,8,2.0,-13.6,0.0,0.0,-0.214
Marcus Georges-Hunt,2016-17,22,ORL,5,48,10.2,-4.5,0.0,0.1,.107
Marcus Georges-Hunt,2017-18,23,MIN,42,224,6.9,-5.1,-0.2,0.2,.049
Gus Gerard,1974-75,21,SSL,84,2702,14.8,-1.2,0.6,4.3,.076
Gus Gerard,1975-76,22,2TM,82,1727,12.7,-2.8,-0.4,1.5,.042
Gus Gerard,1975-76,22,SSL,22,542,12.0,-4.1,-0.3,0.4,.036
Gus Gerard,1975-76,22,DNA,60,1185,13.0,-2.2,-0.1,1.1,.044
Gus Gerard,1976-77,23,2TM,65,1048,14.4,-0.8,0.3,1.3,.060
Gus Gerard,1976-77,23,DEN,24,456,16.9,1.4,0.4,1.1,.115
Gus Gerard,1976-77,23,BUF,41,592,12.4,-2.5,-0.1,0.2,.019
Gus Gerard,1977-78,24,2TM,57,890,13.2,-1.7,0.1,1.3,.068
Gus Gerard,1977-78,24,BUF,10,85,13.5,-2.9,0.0,0.1,.046
Gus Gerard,1977-78,24,DET,47,805,13.2,-1.6,0.1,1.2,.070
Gus Gerard,1978-79,25,2TM,58,465,11.6,-3.1,-0.1,0.5,.055
Gus Gerard,1978-79,25,DET,2,6,26.3,-3.9,0.0,0.0,.193
Gus Gerard,1978-79,25,KCK,56,459,11.4,-3.1,-0.1,0.5,.053
Gus Gerard,1979-80,26,KCK,73,869,14.1,-0.2,0.4,1.9,.104
Gus Gerard,1980-81,27,2TM,27,252,12.5,-3.7,-0.1,0.3,.058
Gus Gerard,1980-81,27,KCK,16,123,12.2,-4.2,-0.1,0.2,.061
Gus Gerard,1980-81,27,SAS,11,129,12.8,-3.3,0.0,0.1,.055
Derrick Gervin,1985-86,,Did not play - other pro league,,,,,,,
Derrick Gervin,1986-87,,Did not play - unsigned,,,,,,,
Derrick Gervin,1987-88,,Did not play - other pro league,,,,,,,
Derrick Gervin,1988-89,,Did not play - unsigned,,,,,,,
Derrick Gervin,1989-90,26,NJN,21,339,22.9,2.7,0.4,1.3,.184
Derrick Gervin,1990-91,27,NJN,56,743,13.3,-2.6,-0.1,0.8,.054
George Gervin,1972-73,20,VIR,30,689,15.6,,,1.6,.112
George Gervin,1973-74,21,2TM,74,2511,21.7,3.1,3.2,7.3,.140
George Gervin,1973-74,21,VIR,49,1728,21.7,2.9,2.1,4.4,.121
George Gervin,1973-74,21,SAA,25,783,21.9,3.5,1.1,2.9,.180
George Gervin,1974-75,22,SAA,84,3113,20.4,3.0,3.9,10.0,.154
George Gervin,1975-76,23,SAA,81,2748,20.0,2.6,3.2,9.3,.162
George Gervin,1976-77,24,SAS,82,2705,21.4,3.5,3.8,10.5,.187
George Gervin,1977-78,25,SAS,82,2857,24.7,4.8,4.9,12.0,.201
George Gervin,1978-79,26,SAS,80,2888,23.2,3.7,4.1,11.4,.189
George Gervin,1979-80,27,SAS,78,2934,24.0,3.9,4.4,10.6,.173
George Gervin,1980-81,28,SAS,82,2765,22.9,2.9,3.5,10.5,.182
George Gervin,1981-82,29,SAS,79,2817,24.2,3.9,4.2,10.7,.182
George Gervin,1982-83,30,SAS,78,2830,20.5,1.8,2.7,9.4,.159
George Gervin,1983-84,31,SAS,76,2584,19.3,0.1,1.3,5.5,.102
George Gervin,1984-85,32,SAS,72,2091,18.5,-0.3,0.9,4.6,.106
George Gervin,1985-86,33,CHI,82,2065,16.0,-2.1,0.0,3.0,.069
George Gervin,1986-87,,Did not play - other pro league,,,,,,,
Gorham Getchell,1946-47,26,PIT,16,,,,,-0.1,
John Gianelli,1972-73,22,NYK,52,516,12.1,,,1.2,.110
John Gianelli,1973-74,23,NYK,70,1423,13.0,-0.1,0.7,3.6,.121
John Gianelli,1974-75,24,NYK,80,2797,12.4,0.1,1.5,5.5,.094
John Gianelli,1975-76,25,NYK,82,2332,12.3,-0.2,1.1,4.4,.091
John Gianelli,1976-77,26,2TM,76,1913,11.5,-1.4,0.3,2.5,.063
John Gianelli,1976-77,26,NYK,19,630,12.9,-0.2,0.3,1.3,.097
John Gianelli,1976-77,26,BUF,57,1283,10.8,-2.0,0.0,1.2,.046
John Gianelli,1977-78,27,MIL,82,2327,11.7,-0.6,0.8,3.2,.066
John Gianelli,1978-79,28,MIL,82,2057,10.3,-1.4,0.3,3.0,.070
John Gianelli,1979-80,29,UTA,17,285,5.1,-5.5,-0.3,-0.4,-0.071
John Gianelli,1980-81,,Did not play - other pro league,,,,,,,
John Gianelli,1981-82,,Did not play - other pro league,,,,,,,
John Gianelli,1982-83,,Did not play - other pro league,,,,,,,
Dick Gibbs,1971-72,23,HOU,64,757,6.9,,,-0.1,-0.006
Dick Gibbs,1972-73,24,2TM,67,735,6.5,,,-0.6,-0.036
Dick Gibbs,1972-73,24,HOU,1,2,-8.1,,,0.0,-0.526
Dick Gibbs,1972-73,24,KCO,66,733,6.6,,,-0.5,-0.035
Dick Gibbs,1973-74,25,SEA,71,1528,12.4,-2.8,-0.3,2.1,.065
Dick Gibbs,1974-75,26,WSB,59,424,11.0,-4.3,-0.2,0.4,.050
Dick Gibbs,1975-76,27,BUF,72,866,9.8,-4.3,-0.5,0.7,.039
Daniel Gibson,2006-07,20,CLE,60,988,9.4,-0.7,0.3,2.0,.098
Daniel Gibson,2007-08,21,CLE,58,1765,11.7,-0.4,0.7,4.1,.111
Daniel Gibson,2008-09,22,CLE,75,1795,10.1,-1.0,0.4,3.8,.101
Daniel Gibson,2009-10,23,CLE,56,1068,11.3,0.0,0.5,2.6,.117
Daniel Gibson,2010-11,24,CLE,67,1865,13.2,-0.4,0.8,2.4,.062
Daniel Gibson,2011-12,25,CLE,35,916,9.2,-2.2,-0.1,0.5,.028
Daniel Gibson,2012-13,26,CLE,46,919,7.7,-3.4,-0.3,0.5,.026
Dee Gibson,1948-49,,Did not play - other pro league,,,,,,,
Dee Gibson,1949-50,26,TRI,44,,,,,2.7,
Hoot Gibson,1949-50,28,2TM,32,,,,,0.0,
Hoot Gibson,1949-50,28,BOS,2,,,,,0.1,
Hoot Gibson,1949-50,28,WAT,30,,,,,-0.1,
Jonathan Gibson,2016-17,29,DAL,17,231,9.5,-3.7,-0.1,-0.1,-0.030
Jonathan Gibson,2017-18,30,BOS,4,40,25.4,4.1,0.1,0.2,.195
Mel Gibson,1963-64,23,LAL,9,53,2.5,,,-0.1,-0.119
Mike Gibson,1982-83,,Did not play - other pro league,,,,,,,
Mike Gibson,1983-84,23,WSB,32,229,8.6,-4.2,-0.1,0.1,.031
Mike Gibson,1984-85,,Did not play - other pro league,,,,,,,
Mike Gibson,1985-86,25,DET,32,161,8.7,-4.0,-0.1,0.2,.059
Taj Gibson,2009-10,24,CHI,82,2204,13.8,-2.0,0.0,4.7,.103
Taj Gibson,2010-11,25,CHI,80,1742,14.3,-0.9,0.5,5.2,.143
Taj Gibson,2011-12,26,CHI,63,1284,16.9,0.8,0.9,4.5,.167
Taj Gibson,2012-13,27,CHI,65,1459,14.4,-1.1,0.3,3.3,.109
Taj Gibson,2013-14,28,CHI,82,2351,16.0,-1.0,0.6,5.7,.117
Taj Gibson,2014-15,29,CHI,62,1692,16.1,-0.4,0.7,4.8,.137
Taj Gibson,2015-16,30,CHI,73,1936,15.7,0.0,1.0,5.4,.133
Taj Gibson,2016-17,31,2TM,78,1989,15.0,-1.5,0.2,4.0,.097
Taj Gibson,2016-17,31,CHI,55,1502,15.4,-1.2,0.3,3.3,.104
Taj Gibson,2016-17,31,OKC,23,487,13.8,-2.5,-0.1,0.8,.076
Taj Gibson,2017-18,32,MIN,82,2726,15.4,-0.5,1.0,7.2,.126
Taj Gibson,2018-19,33,MIN,70,1686,17.8,-0.1,0.8,5.1,.144
Taj Gibson,2019-20,34,NYK,62,1025,16.1,-1.1,0.2,2.6,.120
Taj Gibson,2020-21,35,NYK,45,936,16.0,1.3,0.8,3.8,.195
Taj Gibson,2021-22,36,NYK,52,946,12.0,-2.0,0.0,2.7,.135
Taj Gibson,2022-23,37,WAS,49,480,11.4,-3.2,-0.1,0.8,.082
Taj Gibson,2023-24,38,2TM,20,204,5.9,-5.3,-0.2,0.2,.044
Taj Gibson,2023-24,38,NYK,16,165,3.2,-6.9,-0.2,0.1,.019
Taj Gibson,2023-24,38,DET,4,39,17.6,1.7,0.0,0.1,.149
Taj Gibson,2024-25,39,CHO,37,409,10.8,-5.3,-0.3,0.4,.043
J.R. Giddens,2008-09,23,BOS,6,8,26.0,7.2,0.0,0.0,.201
J.R. Giddens,2009-10,24,2TM,32,239,9.2,-4.7,-0.2,0.1,.021
J.R. Giddens,2009-10,24,BOS,21,99,7.3,-4.5,-0.1,0.0,.015
J.R. Giddens,2009-10,24,NYK,11,140,10.5,-4.9,-0.1,0.1,.026
Josh Giddey,2021-22,19,OKC,54,1700,13.3,-0.9,0.5,0.4,.010
Josh Giddey,2022-23,20,OKC,76,2367,17.1,1.2,1.9,4.0,.081
Josh Giddey,2023-24,21,OKC,80,2011,16.6,1.5,1.8,4.3,.102
Josh Giddey,2024-25,22,CHI,70,2117,18.1,3.0,2.7,5.3,.121
Trey Gilder,2009-10,25,MEM,2,5,30.9,21.2,0.0,0.0,.336
Harry Giles,2017-18,,Did not play - injury,,,,,,,
Harry Giles,2018-19,20,SAC,58,820,14.4,-3.0,-0.2,1.0,.056
Harry Giles,2019-20,21,SAC,46,667,16.4,-1.3,0.1,1.6,.112
Harry Giles,2020-21,22,POR,38,348,12.4,-2.9,-0.1,0.5,.069
Harry Giles,2021-22,,Did not play - other pro league,,,,,,,
Harry Giles,2022-23,,Did not play - injury,,,,,,,
Harry Giles,2023-24,25,2TM,23,100,14.8,-4.8,-0.1,0.1,.027
Harry Giles,2023-24,25,BRK,16,81,18.5,-2.8,0.0,0.1,.071
Harry Giles,2023-24,25,LAL,7,19,-1.0,-12.9,-0.1,-0.1,-0.162
Shai Gilgeous-Alexander,2018-19,20,LAC,82,2174,13.4,-0.5,0.8,3.3,.074
Shai Gilgeous-Alexander,2019-20,21,OKC,70,2428,17.7,1.7,2.2,6.1,.121
Shai Gilgeous-Alexander,2020-21,22,OKC,35,1180,21.6,4.1,1.8,3.5,.143
Shai Gilgeous-Alexander,2021-22,23,OKC,56,1942,20.9,3.4,2.7,4.6,.113
Shai Gilgeous-Alexander,2022-23,24,OKC,68,2416,27.2,7.3,5.6,11.4,.226
Shai Gilgeous-Alexander,2023-24,25,OKC,75,2553,29.3,9.0,7.1,14.6,.275
Shai Gilgeous-Alexander,2024-25,26,OKC,76,2598,30.7,11.5,8.9,16.7,.309
Anthony Gill,2020-21,28,WAS,26,218,13.7,-1.3,0.0,0.6,.123
Anthony Gill,2021-22,29,WAS,44,463,14.7,-1.9,0.0,1.4,.140
Anthony Gill,2022-23,30,WAS,59,624,11.1,-3.3,-0.2,1.3,.101
Anthony Gill,2023-24,31,WAS,50,466,12.1,-4.1,-0.3,0.4,.038
Anthony Gill,2024-25,32,WAS,51,397,10.2,-4.5,-0.3,0.5,.058
Eddie Gill,2000-01,22,NJN,8,152,8.9,-4.7,-0.1,0.0,-0.010
Eddie Gill,2001-02,23,MEM,23,384,9.2,-4.8,-0.3,0.1,.011
Eddie Gill,2002-03,,Did not play - other pro league,,,,,,,
Eddie Gill,2003-04,25,POR,22,157,13.2,0.5,0.1,0.3,.091
Eddie Gill,2004-05,26,IND,73,1021,9.5,-1.6,0.1,1.1,.053
Eddie Gill,2005-06,27,IND,41,122,9.9,-1.1,0.0,0.1,.020
Eddie Gill,2006-07,,Did not play - other pro league,,,,,,,
Eddie Gill,2007-08,29,2TM,14,154,10.9,-0.6,0.1,0.2,.077
Eddie Gill,2007-08,29,NJN,13,149,11.9,0.4,0.1,0.3,.101
Eddie Gill,2007-08,29,SEA,1,5,-18.9,-32.0,0.0,-0.1,-0.634
Eddie Gill,2008-09,30,MIL,6,43,15.5,1.3,0.0,0.1,.155
Kendall Gill,1990-91,22,CHH,82,1944,15.4,0.7,1.3,1.8,.044
Kendall Gill,1991-92,23,CHH,79,2906,16.5,0.4,1.7,4.7,.077
Kendall Gill,1992-93,24,CHH,69,2430,14.0,-0.9,0.7,2.9,.056
Kendall Gill,1993-94,25,SEA,79,2435,15.6,1.3,2.1,6.7,.132
Kendall Gill,1994-95,26,SEA,73,2125,15.2,0.5,1.4,4.6,.103
Kendall Gill,1995-96,27,2TM,47,1683,15.5,1.4,1.4,3.2,.091
Kendall Gill,1995-96,27,CHH,36,1265,15.3,1.3,1.1,2.0,.077
Kendall Gill,1995-96,27,NJN,11,418,16.2,1.6,0.4,1.2,.133
Kendall Gill,1996-97,28,NJN,82,3199,19.6,2.9,4.0,8.8,.132
Kendall Gill,1997-98,29,NJN,81,2733,14.9,1.4,2.3,5.9,.104
Kendall Gill,1998-99,30,NJN,50,1606,14.8,0.6,1.1,2.6,.076
Kendall Gill,1999-00,31,NJN,76,2355,15.2,0.0,1.2,3.7,.076
Kendall Gill,2000-01,32,NJN,31,892,10.1,-2.7,-0.2,-0.4,-0.021
Kendall Gill,2001-02,33,MIA,65,1410,7.6,-3.8,-0.6,0.7,.023
Kendall Gill,2002-03,34,MIN,82,2068,10.6,-2.8,-0.4,1.9,.043
Kendall Gill,2003-04,35,CHI,56,1411,11.1,-2.8,-0.3,0.4,.013
Kendall Gill,2004-05,36,MIL,14,284,12.2,-0.4,0.1,0.5,.079
Ben Gillery,1988-89,23,SAC,24,84,5.0,-9.6,-0.2,0.0,.014
Collin Gillespie,2023-24,24,DEN,24,225,11.0,-2.7,0.0,0.4,.076
Collin Gillespie,2024-25,25,PHO,33,461,16.8,2.5,0.5,1.3,.131
Freddie Gillespie,2020-21,23,TOR,20,392,13.4,-3.2,-0.1,0.9,.116
Freddie Gillespie,2021-22,24,ORL,9,119,9.5,-4.6,-0.1,0.1,.049
Jack Gillespie,1969-70,22,NYA,2,27,0.8,,,-0.1,-0.129
Armen Gilliam,1987-88,23,PHO,55,1807,12.9,-3.4,-0.6,1.3,.035
Armen Gilliam,1988-89,24,PHO,74,2120,15.7,-1.1,0.5,5.1,.115
Armen Gilliam,1989-90,25,2TM,76,2426,16.6,-0.9,0.6,4.5,.090
Armen Gilliam,1989-90,25,PHO,16,267,14.4,-2.7,0.0,0.5,.082
Armen Gilliam,1989-90,25,CHH,60,2159,16.9,-0.7,0.7,4.1,.090
Armen Gilliam,1990-91,26,2TM,75,2644,15.5,-1.8,0.1,4.6,.083
Armen Gilliam,1990-91,26,CHH,25,949,17.6,-0.3,0.4,2.0,.102
Armen Gilliam,1990-91,26,PHI,50,1695,14.3,-2.7,-0.3,2.6,.072
Armen Gilliam,1991-92,27,PHI,81,2771,18.0,0.1,1.5,7.6,.131
Armen Gilliam,1992-93,28,PHI,80,1742,17.5,-1.4,0.3,2.8,.077
Armen Gilliam,1993-94,29,NJN,82,1969,18.5,1.0,1.5,6.8,.166
Armen Gilliam,1994-95,30,NJN,82,2472,18.1,0.7,1.7,6.6,.128
Armen Gilliam,1995-96,31,NJN,78,2856,17.6,0.8,1.9,6.7,.113
Armen Gilliam,1996-97,32,MIL,80,2050,13.6,-1.7,0.2,4.1,.097
Armen Gilliam,1997-98,33,MIL,82,2114,16.4,0.1,1.1,5.3,.119
Armen Gilliam,1998-99,34,MIL,34,668,15.9,-0.6,0.2,1.5,.110
Armen Gilliam,1999-00,35,UTA,50,782,14.0,-3.1,-0.2,1.2,.075
Herm Gilliam,1969-70,23,CIN,57,1161,11.0,,,0.4,.019
Herm Gilliam,1970-71,24,BUF,80,2082,13.1,,,1.4,.033
Herm Gilliam,1971-72,25,ATL,82,2337,13.1,,,2.9,.061
Herm Gilliam,1972-73,26,ATL,76,2741,14.0,,,4.9,.086
Herm Gilliam,1973-74,27,ATL,62,2003,15.8,0.4,1.2,3.4,.082
Herm Gilliam,1974-75,28,ATL,60,1393,16.2,1.1,1.1,2.5,.087
Herm Gilliam,1975-76,29,SEA,81,1644,13.8,-0.3,0.7,2.7,.078
Herm Gilliam,1976-77,30,POR,80,1665,12.7,-1.7,0.1,2.5,.071
Artis Gilmore,1971-72,22,KEN,84,3666,26.6,,,19.8,.259
Artis Gilmore,1972-73,23,KEN,84,3502,24.5,,,18.5,.253
Artis Gilmore,1973-74,24,KEN,84,3502,20.7,4.0,5.4,12.7,.174
Artis Gilmore,1974-75,25,KEN,84,3493,22.6,4.9,6.1,16.2,.222
Artis Gilmore,1975-76,26,KEN,84,3286,23.5,4.7,5.5,15.1,.220
Artis Gilmore,1976-77,27,CHI,82,2877,21.6,4.2,4.5,12.2,.203
Artis Gilmore,1977-78,28,CHI,82,3067,23.5,4.1,4.7,11.5,.180
Artis Gilmore,1978-79,29,CHI,82,3265,22.3,4.1,5.0,12.7,.186
Artis Gilmore,1979-80,30,CHI,48,1568,19.9,2.9,1.9,5.6,.172
Artis Gilmore,1980-81,31,CHI,82,2832,21.7,4.3,4.5,12.3,.208
Artis Gilmore,1981-82,32,CHI,82,2796,22.4,4.3,4.4,12.1,.208
Artis Gilmore,1982-83,33,SAS,82,2797,21.2,2.8,3.4,11.0,.189
Artis Gilmore,1983-84,34,SAS,64,2034,18.8,1.4,1.7,6.7,.159
Artis Gilmore,1984-85,35,SAS,81,2756,20.3,2.2,2.9,10.5,.183
Artis Gilmore,1985-86,36,SAS,71,2395,17.1,0.8,1.7,7.1,.143
Artis Gilmore,1986-87,37,SAS,82,2405,14.2,-1.0,0.6,4.9,.097
Artis Gilmore,1987-88,38,2TM,71,893,8.4,-5.3,-0.7,0.9,.048
Artis Gilmore,1987-88,38,CHI,24,372,6.0,-5.9,-0.4,0.1,.013
Artis Gilmore,1987-88,38,BOS,47,521,10.2,-4.9,-0.4,0.8,.073
Artis Gilmore,1988-89,,Did not play - other pro league,,,,,,,
Walt Gilmore,1970-71,23,POR,27,261,6.4,,,0.2,.033
Chuck Gilmur,1946-47,24,CHS,51,,,,,1.7,
Chuck Gilmur,1947-48,25,CHS,48,,,,,4.5,
Chuck Gilmur,1948-49,26,CHS,56,,,,,4.6,
Chuck Gilmur,1949-50,27,WSC,68,,,,,4.3,
Chuck Gilmur,1950-51,28,WSC,16,,,,,-0.1,
Jacob Gilyard,2022-23,24,MEM,1,41,7.3,-6.1,0.0,0.1,.079
Jacob Gilyard,2023-24,25,2TM,41,699,11.1,-1.4,0.1,1.4,.095
Jacob Gilyard,2023-24,25,MEM,37,654,11.6,-1.3,0.1,1.4,.103
Jacob Gilyard,2023-24,25,BRK,4,45,4.5,-2.2,0.0,0.0,-0.017
Manu Ginóbili,1999-00,,Did not play - other pro league,,,,,,,
Manu Ginóbili,2000-01,,Did not play - other pro league,,,,,,,
Manu Ginóbili,2001-02,,Did not play - other pro league,,,,,,,
Manu Ginóbili,2002-03,25,SAS,69,1431,14.7,1.9,1.4,4.2,.141
Manu Ginóbili,2003-04,26,SAS,77,2260,18.5,4.7,3.8,9.1,.194
Manu Ginóbili,2004-05,27,SAS,74,2193,22.3,6.9,4.9,11.0,.240
Manu Ginóbili,2005-06,28,SAS,65,1813,22.4,6.8,4.1,8.8,.234
Manu Ginóbili,2006-07,29,SAS,75,2060,24.1,7.8,5.1,10.6,.246
Manu Ginóbili,2007-08,30,SAS,74,2299,24.3,8.3,6.0,11.1,.232
Manu Ginóbili,2008-09,31,SAS,44,1181,22.9,6.1,2.4,5.0,.203
Manu Ginóbili,2009-10,32,SAS,75,2150,22.5,6.7,4.7,9.7,.216
Manu Ginóbili,2010-11,33,SAS,80,2426,21.7,5.4,4.5,9.9,.195
Manu Ginóbili,2011-12,34,SAS,34,792,24.1,6.9,1.8,4.2,.257
Manu Ginóbili,2012-13,35,SAS,60,1393,19.0,3.6,2.0,4.5,.155
Manu Ginóbili,2013-14,36,SAS,68,1550,20.0,4.0,2.4,5.7,.176
Manu Ginóbili,2014-15,37,SAS,70,1587,16.2,1.7,1.5,3.7,.111
Manu Ginóbili,2015-16,38,SAS,58,1134,17.8,3.6,1.6,3.8,.160
Manu Ginóbili,2016-17,39,SAS,69,1291,13.9,1.4,1.1,3.0,.110
Manu Ginóbili,2017-18,40,SAS,65,1299,12.9,-1.3,0.2,2.2,.082
Gordan Giriček,1999-00,,Did not play - other pro league,,,,,,,
Gordan Giriček,2000-01,,Did not play - other pro league,,,,,,,
Gordan Giriček,2001-02,,Did not play - other pro league,,,,,,,
Gordan Giriček,2002-03,25,2TM,76,2148,12.1,-2.9,-0.5,1.6,.036
Gordan Giriček,2002-03,25,MEM,49,1187,10.8,-4.3,-0.7,0.0,-0.002
Gordan Giriček,2002-03,25,ORL,27,961,13.6,-1.1,0.2,1.7,.083
Gordan Giriček,2003-04,26,2TM,73,2041,13.2,-1.6,0.2,2.4,.056
Gordan Giriček,2003-04,26,ORL,48,1435,11.9,-2.3,-0.1,1.2,.040
Gordan Giriček,2003-04,26,UTA,25,606,16.4,0.1,0.3,1.2,.096
Gordan Giriček,2004-05,27,UTA,81,1660,12.9,-1.7,0.1,1.8,.053
Gordan Giriček,2005-06,28,UTA,37,956,8.7,-5.6,-0.9,-0.2,-0.010
Gordan Giriček,2006-07,29,UTA,61,1188,11.3,-1.4,0.2,1.9,.076
Gordan Giriček,2007-08,30,3TM,56,831,9.8,-3.2,-0.3,0.5,.029
Gordan Giriček,2007-08,30,UTA,22,279,7.0,-3.8,-0.1,-0.1,-0.022
Gordan Giriček,2007-08,30,PHI,12,110,6.7,-5.1,-0.1,-0.1,-0.028
Gordan Giriček,2007-08,30,PHO,22,442,12.3,-2.3,0.0,0.7,.076
Jack Givens,1978-79,22,ATL,74,1347,13.0,-0.7,0.5,2.1,.074
Jack Givens,1979-80,23,ATL,82,1254,11.5,-1.6,0.1,2.2,.084
Mickell Gladness,2011-12,25,2TM,26,252,9.5,-4.7,-0.2,0.2,.029
Mickell Gladness,2011-12,25,MIA,8,28,1.8,-6.6,0.0,0.0,-0.004
Mickell Gladness,2011-12,25,GSW,18,224,10.5,-4.5,-0.1,0.2,.033
George Glamack,1948-49,30,INJ,11,,,,,0.2,
Gerald Glass,1990-91,23,MIN,51,606,15.9,-1.6,0.1,0.5,.036
Gerald Glass,1991-92,24,MIN,75,1822,13.2,-2.3,-0.1,0.3,.008
Gerald Glass,1992-93,25,2TM,60,848,12.1,-1.3,0.2,0.9,.053
Gerald Glass,1992-93,25,MIN,4,71,3.6,-9.2,-0.1,-0.2,-0.141
Gerald Glass,1992-93,25,DET,56,777,12.9,-0.6,0.3,1.2,.071
Gerald Glass,1993-94,,Did not play - other pro league,,,,,,,
Gerald Glass,1994-95,,Did not play - other pro league,,,,,,,
Gerald Glass,1995-96,28,2TM,15,71,10.4,-1.9,0.0,0.1,.047
Gerald Glass,1995-96,28,NJN,10,56,11.0,-0.4,0.0,0.0,.037
Gerald Glass,1995-96,28,CHH,5,15,8.4,-7.5,0.0,0.0,.087
Mike Glenn,1977-78,22,BUF,56,947,14.3,-0.6,0.3,1.9,.096
Mike Glenn,1978-79,23,NYK,75,1171,15.5,0.0,0.6,2.8,.117
Mike Glenn,1979-80,24,NYK,75,800,16.6,0.5,0.5,2.1,.126
Mike Glenn,1980-81,25,NYK,82,1506,15.0,0.9,1.1,4.4,.139
Mike Glenn,1981-82,26,ATL,49,833,16.0,1.6,0.8,2.8,.161
Mike Glenn,1982-83,27,ATL,73,1124,15.1,0.0,0.6,2.9,.126
Mike Glenn,1983-84,28,ATL,81,1503,15.5,0.6,1.0,3.9,.124
Mike Glenn,1984-85,29,ATL,60,1126,15.2,0.3,0.7,2.9,.126
Mike Glenn,1985-86,30,MIL,38,573,12.0,-1.1,0.1,1.5,.128
Mike Glenn,1986-87,31,MIL,4,34,10.1,-5.1,0.0,0.1,.080
Normie Glick,1949-50,22,MNL,1,,,,,0.1,
Georgi Glouchkov,1985-86,26,PHO,49,772,5.7,-6.3,-0.8,-0.5,-0.029
Clarence Glover,1971-72,24,BOS,25,119,14.0,,,0.3,.103
Dion Glover,1999-00,21,ATL,30,446,12.4,-2.6,-0.1,0.3,.029
Dion Glover,2000-01,22,ATL,57,929,12.3,-1.9,0.0,0.8,.040
Dion Glover,2001-02,23,ATL,55,1156,13.1,-1.9,0.0,0.9,.037
Dion Glover,2002-03,24,ATL,76,1890,13.5,-1.5,0.2,2.6,.065
Dion Glover,2003-04,25,2TM,69,1643,12.2,-2.1,0.0,1.1,.032
Dion Glover,2003-04,25,ATL,55,1465,12.5,-1.7,0.1,1.2,.039
Dion Glover,2003-04,25,TOR,14,178,9.9,-5.1,-0.1,-0.1,-0.028
Dion Glover,2004-05,26,SAS,7,68,14.0,2.4,0.1,0.2,.150
Andreas Glyniadakis,2003-04,,Did not play - other pro league,,,,,,,
Andreas Glyniadakis,2004-05,,Did not play - other pro league,,,,,,,
Andreas Glyniadakis,2005-06,,Did not play - other pro league,,,,,,,
Andreas Glyniadakis,2006-07,25,SEA,13,81,-3.3,-14.0,-0.2,-0.2,-0.143
Mike Gminski,1980-81,21,NJN,56,1579,14.5,-1.8,0.1,1.5,.045
Mike Gminski,1981-82,22,NJN,64,740,15.3,0.1,0.4,1.8,.119
Mike Gminski,1982-83,23,NJN,80,1255,18.4,2.1,1.3,4.3,.166
Mike Gminski,1983-84,24,NJN,82,1655,14.1,0.1,0.9,4.0,.116
Mike Gminski,1984-85,25,NJN,81,2418,16.1,0.5,1.6,6.1,.122
Mike Gminski,1985-86,26,NJN,81,2525,19.0,2.5,2.9,9.2,.175
Mike Gminski,1986-87,27,NJN,72,2272,17.0,0.4,1.4,5.4,.115
Mike Gminski,1987-88,28,2TM,81,2961,16.8,0.1,1.6,6.5,.105
Mike Gminski,1987-88,28,NJN,34,1194,15.8,-0.8,0.3,1.9,.077
Mike Gminski,1987-88,28,PHI,47,1767,17.5,0.8,1.2,4.5,.123
Mike Gminski,1988-89,29,PHI,82,2739,18.5,0.4,1.6,7.0,.122
Mike Gminski,1989-90,30,PHI,81,2659,15.7,0.0,1.4,6.0,.108
Mike Gminski,1990-91,31,2TM,80,2196,14.0,-1.7,0.2,2.9,.063
Mike Gminski,1990-91,31,PHI,30,791,12.7,-2.4,-0.1,0.7,.045
Mike Gminski,1990-91,31,CHH,50,1405,14.7,-1.4,0.2,2.1,.073
Mike Gminski,1991-92,32,CHH,35,499,13.0,-2.0,0.0,0.5,.051
Mike Gminski,1992-93,33,CHH,34,251,14.1,-2.5,0.0,0.5,.104
Mike Gminski,1993-94,34,2TM,29,309,9.9,-4.5,-0.2,0.0,.002
Mike Gminski,1993-94,34,CHH,21,255,11.6,-2.4,0.0,0.2,.040
Mike Gminski,1993-94,34,MIL,8,54,2.0,-14.2,-0.2,-0.2,-0.176
Rudy Gobert,2013-14,21,UTA,45,434,12.9,-2.7,-0.1,0.4,.045
Rudy Gobert,2014-15,22,UTA,82,2158,21.6,4.2,3.4,9.3,.206
Rudy Gobert,2015-16,23,UTA,61,1932,17.5,2.2,2.0,6.4,.160
Rudy Gobert,2016-17,24,UTA,81,2744,23.3,4.4,4.4,14.3,.250
Rudy Gobert,2017-18,25,UTA,56,1816,20.7,3.4,2.5,8.1,.214
Rudy Gobert,2018-19,26,UTA,81,2577,24.6,5.4,4.8,14.4,.268
Rudy Gobert,2019-20,27,UTA,68,2333,21.7,3.6,3.3,10.7,.221
Rudy Gobert,2020-21,28,UTA,71,2187,23.5,4.9,3.8,11.3,.248
Rudy Gobert,2021-22,29,UTA,66,2120,24.7,4.6,3.6,11.7,.264
Rudy Gobert,2022-23,30,MIN,70,2148,18.9,0.7,1.4,7.8,.174
Rudy Gobert,2023-24,31,MIN,76,2593,19.3,1.8,2.5,11.6,.216
Rudy Gobert,2024-25,32,MIN,72,2388,18.3,1.9,2.4,10.1,.204
Dan Godfread,1990-91,23,MIN,10,20,20.3,0.8,0.0,0.1,.142
Dan Godfread,1991-92,24,HOU,1,2,0.0,-9.1,0.0,0.0,-0.005
Tom Gola,1955-56,23,PHW,68,2346,16.7,,,6.5,.132
Tom Gola,1956-57,,Did not play - military service,,,,,,,
Tom Gola,1957-58,25,PHW,59,2126,18.3,,,7.1,.161
Tom Gola,1958-59,26,PHW,64,2333,17.4,,,7.4,.153
Tom Gola,1959-60,27,PHW,75,2870,15.4,,,9.9,.166
Tom Gola,1960-61,28,PHW,74,2712,13.3,,,6.8,.121
Tom Gola,1961-62,29,PHW,60,2462,11.5,,,4.4,.085
Tom Gola,1962-63,30,2TM,73,2670,12.0,,,4.4,.078
Tom Gola,1962-63,30,SFW,21,822,10.5,,,1.3,.076
Tom Gola,1962-63,30,NYK,52,1848,12.7,,,3.1,.079
Tom Gola,1963-64,31,NYK,74,2156,11.6,,,1.7,.039
Tom Gola,1964-65,32,NYK,77,1727,12.0,,,3.4,.094
Tom Gola,1965-66,33,NYK,74,1127,12.2,,,1.7,.071
Ben Goldfaden,1946-47,33,WSC,2,,,,,0.0,
Anthony Goldwire,1994-95,,Did not play - other pro league,,,,,,,
Anthony Goldwire,1995-96,24,CHH,42,621,10.4,-4.3,-0.3,0.3,.021
Anthony Goldwire,1996-97,25,2TM,60,1188,12.1,-1.8,0.1,1.7,.067
Anthony Goldwire,1996-97,25,CHH,33,576,11.6,-1.1,0.1,0.8,.068
Anthony Goldwire,1996-97,25,DEN,27,612,12.6,-2.5,-0.1,0.8,.066
Anthony Goldwire,1997-98,26,DEN,82,2212,13.6,-1.7,0.1,3.0,.064
Anthony Goldwire,1998-99,,Did not play - other pro league,,,,,,,
Anthony Goldwire,1999-00,,Did not play - other pro league,,,,,,,
Anthony Goldwire,2000-01,29,DEN,20,201,12.6,-2.2,0.0,0.1,.023
Anthony Goldwire,2001-02,,Did not play - other pro league,,,,,,,
Anthony Goldwire,2002-03,31,2TM,15,85,5.4,-5.3,-0.1,-0.1,-0.035
Anthony Goldwire,2002-03,31,SAS,10,51,2.5,-5.8,0.0,-0.1,-0.069
Anthony Goldwire,2002-03,31,WAS,5,34,9.6,-4.7,0.0,0.0,.016
Anthony Goldwire,2003-04,32,2TM,11,85,8.8,-1.5,0.0,0.1,.042
Anthony Goldwire,2003-04,32,MIN,5,66,10.7,0.8,0.0,0.1,.098
Anthony Goldwire,2003-04,32,NJN,6,19,2.4,-9.4,0.0,-0.1,-0.155
Anthony Goldwire,2004-05,33,2TM,33,537,15.1,1.9,0.5,1.5,.138
Anthony Goldwire,2004-05,33,DET,9,55,7.4,-4.5,0.0,0.1,.093
Anthony Goldwire,2004-05,33,MIL,24,482,15.9,2.7,0.6,1.4,.143
Anthony Goldwire,2005-06,34,LAC,3,22,-5.5,-13.0,-0.1,-0.1,-0.245
Anthony Goldwire,2006-07,,Did not play - other pro league,,,,,,,
Anthony Goldwire,2007-08,,Did not play - other pro league,,,,,,,
Ryan Gomes,2005-06,23,BOS,61,1376,14.0,-1.2,0.3,3.1,.108
Ryan Gomes,2006-07,24,BOS,73,2275,13.7,-1.4,0.3,4.2,.089
Ryan Gomes,2007-08,25,MIN,82,2434,15.7,-0.1,1.1,4.8,.096
Ryan Gomes,2008-09,26,MIN,82,2614,12.5,-1.7,0.2,2.5,.046
Ryan Gomes,2009-10,27,MIN,76,2210,12.1,-1.8,0.1,2.4,.052
Ryan Gomes,2010-11,28,LAC,76,2095,9.0,-2.1,-0.1,2.5,.057
Ryan Gomes,2011-12,29,LAC,32,425,4.4,-6.0,-0.4,-0.2,-0.021
Ryan Gomes,2012-13,,Did not play - other pro league,,,,,,,
Ryan Gomes,2013-14,31,OKC,5,34,0.2,-8.8,-0.1,0.0,-0.039
Ryan Gomes,2014-15,,Did not play - other pro league,,,,,,,
Ryan Gomes,2015-16,,Did not play - other pro league,,,,,,,
Glen Gondrezick,1977-78,22,NYK,72,1017,10.1,-2.9,-0.2,0.9,.044
Glen Gondrezick,1978-79,23,NYK,75,1602,11.0,-0.4,0.6,2.7,.082
Glen Gondrezick,1979-80,24,DEN,59,1020,16.7,2.0,1.0,3.1,.145
Glen Gondrezick,1980-81,25,DEN,73,1077,16.3,1.7,1.0,3.1,.136
Glen Gondrezick,1981-82,26,DEN,80,1699,14.9,0.4,1.0,3.6,.102
Glen Gondrezick,1982-83,27,DEN,76,1130,13.5,0.4,0.7,2.5,.108
Grant Gondrezick,1986-87,24,PHO,64,836,10.9,-3.2,-0.3,0.6,.037
Grant Gondrezick,1987-88,,Did not play - other pro league,,,,,,,
Grant Gondrezick,1988-89,26,LAC,27,244,11.8,-2.4,0.0,0.2,.032
Drew Gooden,2002-03,21,2TM,70,1873,15.0,-3.0,-0.4,1.7,.043
Drew Gooden,2002-03,21,MEM,51,1329,13.8,-3.3,-0.4,0.4,.015
Drew Gooden,2002-03,21,ORL,19,544,18.0,-2.0,0.0,1.3,.112
Drew Gooden,2003-04,22,ORL,79,2134,15.6,-2.5,-0.2,1.9,.043
Drew Gooden,2004-05,23,CLE,82,2523,19.7,1.6,2.3,8.5,.163
Drew Gooden,2005-06,24,CLE,79,2174,17.6,-0.2,1.0,6.6,.145
Drew Gooden,2006-07,25,CLE,80,2238,16.5,-0.2,1.0,6.5,.139
Drew Gooden,2007-08,26,2TM,69,2122,13.8,-2.8,-0.4,3.3,.074
Drew Gooden,2007-08,26,CLE,51,1564,12.5,-3.5,-0.6,2.0,.060
Drew Gooden,2007-08,26,CHI,18,558,17.4,-0.9,0.1,1.3,.114
Drew Gooden,2008-09,27,3TM,51,1264,16.3,-1.8,0.1,2.7,.102
Drew Gooden,2008-09,27,CHI,31,918,15.3,-1.8,0.0,1.7,.090
Drew Gooden,2008-09,27,SAC,1,26,18.7,-0.4,0.0,0.0,.082
Drew Gooden,2008-09,27,SAS,19,320,18.8,-1.9,0.0,0.9,.139
Drew Gooden,2009-10,28,2TM,70,1755,16.9,-2.1,-0.1,4.4,.121
Drew Gooden,2009-10,28,DAL,46,1030,16.1,-2.3,-0.1,2.7,.125
Drew Gooden,2009-10,28,LAC,24,725,18.0,-1.9,0.0,1.7,.114
Drew Gooden,2010-11,29,MIL,35,860,15.9,-1.0,0.2,1.8,.101
Drew Gooden,2011-12,30,MIL,56,1469,18.8,1.0,1.1,3.6,.116
Drew Gooden,2012-13,31,MIL,16,151,7.7,-6.7,-0.2,-0.1,-0.034
Drew Gooden,2013-14,32,WAS,22,395,18.4,0.4,0.2,1.4,.173
Drew Gooden,2014-15,33,WAS,51,864,11.9,-1.4,0.1,1.7,.094
Drew Gooden,2015-16,34,WAS,30,305,7.5,-6.3,-0.3,0.0,-0.005
Gail Goodrich,1965-66,22,LAL,65,1008,11.9,,,0.7,.031
Gail Goodrich,1966-67,23,LAL,77,1780,15.2,,,4.4,.119
Gail Goodrich,1967-68,24,LAL,79,2057,14.9,,,6.3,.146
Gail Goodrich,1968-69,25,PHO,81,3236,16.9,,,3.6,.054
Gail Goodrich,1969-70,26,PHO,81,3234,16.3,,,6.7,.099
Gail Goodrich,1970-71,27,LAL,79,2808,14.6,,,6.4,.109
Gail Goodrich,1971-72,28,LAL,82,3040,20.1,,,12.3,.194
Gail Goodrich,1972-73,29,LAL,76,2697,18.8,,,8.1,.145
Gail Goodrich,1973-74,30,LAL,82,3061,18.5,0.2,1.7,7.8,.122
Gail Goodrich,1974-75,31,LAL,72,2668,18.4,0.2,1.5,5.5,.099
Gail Goodrich,1975-76,32,LAL,75,2646,17.1,-0.4,1.1,5.1,.092
Gail Goodrich,1976-77,33,NOJ,27,609,16.1,-0.3,0.3,1.2,.091
Gail Goodrich,1977-78,34,NOJ,81,2553,16.2,0.3,1.5,6.3,.118
Gail Goodrich,1978-79,35,NOJ,74,2130,13.1,-2.2,-0.1,2.2,.049
Steve Goodrich,2000-01,24,CHI,12,133,4.1,-7.5,-0.2,-0.1,-0.038
Steve Goodrich,2001-02,25,NJN,9,50,-0.9,-10.0,-0.1,-0.1,-0.078
Archie Goodwin,2013-14,19,PHO,52,533,10.3,-3.2,-0.2,0.2,.018
Archie Goodwin,2014-15,20,PHO,41,535,11.2,-3.4,-0.2,0.2,.014
Archie Goodwin,2015-16,21,PHO,57,1114,11.1,-3.7,-0.5,0.1,.004
Archie Goodwin,2016-17,22,2TM,15,214,18.7,1.9,0.2,0.7,.153
Archie Goodwin,2016-17,22,NOP,3,30,19.7,3.3,0.0,0.2,.291
Archie Goodwin,2016-17,22,BRK,12,184,18.6,1.6,0.2,0.5,.131
Brandon Goodwin,2018-19,23,DEN,16,57,8.3,-9.5,-0.1,0.0,.021
Brandon Goodwin,2019-20,24,ATL,34,430,11.6,-2.9,-0.1,0.1,.013
Brandon Goodwin,2020-21,25,ATL,47,620,9.2,-3.1,-0.2,0.2,.013
Brandon Goodwin,2021-22,26,CLE,36,502,11.8,-1.6,0.1,0.7,.069
Jordan Goodwin,2021-22,23,WAS,2,6,-20.4,-34.1,0.0,-0.1,-0.533
Jordan Goodwin,2022-23,24,WAS,62,1106,14.8,0.7,0.8,2.2,.097
Jordan Goodwin,2023-24,25,2TM,57,1055,12.6,-1.0,0.3,1.2,.054
Jordan Goodwin,2023-24,25,PHO,40,558,12.5,-0.9,0.2,0.8,.072
Jordan Goodwin,2023-24,25,MEM,17,497,12.7,-1.2,0.1,0.4,.035
Jordan Goodwin,2024-25,26,LAL,29,543,12.1,-0.8,0.2,1.0,.084
Pop Goodwin,1946-47,26,PRO,55,,,,,1.0,
Pop Goodwin,1947-48,27,PRO,24,,,,,-0.7,
Aaron Gordon,2014-15,19,ORL,47,797,11.4,-2.7,-0.2,1.0,.060
Aaron Gordon,2015-16,20,ORL,78,1863,17.0,1.0,1.4,5.4,.139
Aaron Gordon,2016-17,21,ORL,80,2298,14.5,-1.0,0.6,3.7,.077
Aaron Gordon,2017-18,22,ORL,58,1909,16.5,0.3,1.1,2.9,.072
Aaron Gordon,2018-19,23,ORL,78,2633,15.1,0.6,1.7,5.1,.093
Aaron Gordon,2019-20,24,ORL,62,2017,15.1,0.0,1.0,3.7,.087
Aaron Gordon,2020-21,25,2TM,50,1384,14.5,0.1,0.7,1.9,.066
Aaron Gordon,2020-21,25,ORL,25,736,14.9,0.6,0.5,0.6,.037
Aaron Gordon,2020-21,25,DEN,25,648,14.1,-0.4,0.3,1.3,.099
Aaron Gordon,2021-22,26,DEN,75,2376,15.3,-0.6,0.9,5.2,.105
Aaron Gordon,2022-23,27,DEN,68,2055,19.5,2.1,2.1,6.8,.158
Aaron Gordon,2023-24,28,DEN,73,2297,16.8,1.3,1.9,7.1,.148
Aaron Gordon,2024-25,29,DEN,51,1447,17.0,1.2,1.2,4.3,.143
Ben Gordon,2004-05,21,CHI,82,2002,14.9,0.7,1.4,3.5,.084
Ben Gordon,2005-06,22,CHI,80,2482,14.5,0.5,1.6,4.4,.086
Ben Gordon,2006-07,23,CHI,82,2704,18.2,2.4,3.0,8.6,.152
Ben Gordon,2007-08,24,CHI,72,2291,16.4,0.9,1.7,5.1,.106
Ben Gordon,2008-09,25,CHI,82,2999,17.0,1.1,2.3,6.9,.110
Ben Gordon,2009-10,26,DET,62,1730,14.0,-1.4,0.2,2.1,.059
Ben Gordon,2010-11,27,DET,82,2131,12.4,-2.5,-0.3,1.7,.037
Ben Gordon,2011-12,28,DET,52,1398,13.5,-1.7,0.1,1.7,.058
Ben Gordon,2012-13,29,CHA,75,1560,12.7,-3.4,-0.6,-0.6,-0.018
Ben Gordon,2013-14,30,CHA,19,279,6.4,-6.0,-0.3,-0.3,-0.058
Ben Gordon,2014-15,31,ORL,56,790,10.6,-4.2,-0.4,0.3,.015
Drew Gordon,2014-15,24,PHI,9,71,3.7,-9.5,-0.1,-0.1,-0.093
Eric Gordon,2008-09,20,LAC,78,2677,14.9,-0.4,1.0,4.6,.082
Eric Gordon,2009-10,21,LAC,62,2229,14.1,-0.9,0.6,3.2,.069
Eric Gordon,2010-11,22,LAC,56,2112,18.5,2.0,2.2,5.3,.120
Eric Gordon,2011-12,23,NOH,9,310,19.2,1.9,0.3,0.7,.115
Eric Gordon,2012-13,24,NOH,42,1264,15.4,-1.3,0.2,1.1,.042
Eric Gordon,2013-14,25,NOP,64,2057,14.9,-0.5,0.8,2.5,.058
Eric Gordon,2014-15,26,NOP,61,2018,12.7,-1.0,0.5,2.9,.069
Eric Gordon,2015-16,27,NOP,45,1481,13.5,-0.1,0.7,2.1,.069
Eric Gordon,2016-17,28,HOU,75,2323,13.2,-0.1,1.1,3.8,.079
Eric Gordon,2017-18,29,HOU,69,2154,15.2,0.4,1.3,4.7,.105
Eric Gordon,2018-19,30,HOU,68,2158,12.2,-1.3,0.4,2.6,.059
Eric Gordon,2019-20,31,HOU,36,1016,10.3,-3.9,-0.5,0.5,.024
Eric Gordon,2020-21,32,HOU,27,789,14.4,-1.0,0.2,0.8,.048
Eric Gordon,2021-22,33,HOU,57,1669,12.1,-2.3,-0.1,1.4,.040
Eric Gordon,2022-23,34,2TM,69,1965,11.8,-1.9,0.1,2.3,.056
Eric Gordon,2022-23,34,HOU,47,1418,11.4,-2.6,-0.2,1.1,.037
Eric Gordon,2022-23,34,LAC,22,547,13.1,0.0,0.3,1.2,.105
Eric Gordon,2023-24,35,PHO,68,1893,10.8,-1.7,0.1,2.5,.063
Eric Gordon,2024-25,36,PHI,39,768,10.8,-1.6,0.1,0.9,.053
Lancaster Gordon,1984-85,22,LAC,63,682,8.2,-6.1,-0.7,-0.8,-0.055
Lancaster Gordon,1985-86,23,LAC,60,704,7.8,-7.4,-1.0,-1.1,-0.072
Lancaster Gordon,1986-87,24,LAC,70,1130,11.3,-3.7,-0.5,-0.8,-0.033
Lancaster Gordon,1987-88,25,LAC,8,65,8.0,-6.6,-0.1,0.0,-0.035
Paul Gordon,1949-50,22,BLB,4,,,,,-0.1,
Marcin Gortat,2005-06,,Did not play - other pro league,,,,,,,
Marcin Gortat,2006-07,,Did not play - other pro league,,,,,,,
Marcin Gortat,2007-08,23,ORL,6,41,19.8,-3.4,0.0,0.1,.158
Marcin Gortat,2008-09,24,ORL,63,794,17.0,1.1,0.6,3.3,.202
Marcin Gortat,2009-10,25,ORL,81,1088,13.9,0.1,0.6,3.4,.151
Marcin Gortat,2010-11,26,2TM,80,2032,17.8,0.9,1.5,6.4,.152
Marcin Gortat,2010-11,26,ORL,25,396,13.7,0.3,0.2,1.3,.157
Marcin Gortat,2010-11,26,PHO,55,1636,18.8,1.0,1.2,5.1,.151
Marcin Gortat,2011-12,27,PHO,66,2114,21.2,2.2,2.3,7.6,.172
Marcin Gortat,2012-13,28,PHO,61,1876,15.4,-0.5,0.7,3.4,.086
Marcin Gortat,2013-14,29,WAS,81,2655,17.6,0.8,1.8,8.1,.146
Marcin Gortat,2014-15,30,WAS,82,2453,18.2,1.5,2.1,8.6,.168
Marcin Gortat,2015-16,31,WAS,75,2256,19.0,0.6,1.5,7.3,.156
Marcin Gortat,2016-17,32,WAS,82,2556,15.4,-0.8,0.8,6.8,.127
Marcin Gortat,2017-18,33,WAS,82,2075,14.7,-0.6,0.8,4.9,.113
Marcin Gortat,2018-19,34,LAC,47,751,12.8,-1.3,0.1,1.4,.089
Jazian Gortman,2024-25,21,DAL,16,57,6.5,-6.3,-0.1,-0.1,-0.056
Leo Gottlieb,1946-47,26,NYK,57,,,,,1.9,
Leo Gottlieb,1947-48,27,NYK,27,,,,,-0.1,
Andrew Goudelock,2011-12,23,LAL,40,419,8.4,-5.0,-0.3,0.1,.011
Andrew Goudelock,2012-13,24,LAL,1,6,-6.4,-15.9,0.0,0.0,-0.264
Andrew Goudelock,2013-14,,Did not play - other pro league,,,,,,,
Andrew Goudelock,2014-15,,Did not play - other pro league,,,,,,,
Andrew Goudelock,2015-16,27,HOU,8,50,12.3,-3.6,0.0,0.0,-0.033
Gerald Govan,1965-66,,Did not play - other pro league,,,,,,,
Gerald Govan,1966-67,,Did not play - unsigned,,,,,,,
Gerald Govan,1967-68,26,NOB,78,1587,11.6,,,2.6,.077
Gerald Govan,1968-69,27,NOB,77,1902,11.1,,,2.5,.064
Gerald Govan,1969-70,28,NOB,84,3701,13.0,,,5.6,.072
Gerald Govan,1970-71,29,MMP,84,3698,8.9,,,4.1,.053
Gerald Govan,1971-72,30,MMP,83,3414,10.4,,,5.4,.076
Gerald Govan,1972-73,31,UTS,84,2408,9.4,,,2.4,.048
Gerald Govan,1973-74,32,UTS,83,2766,10.5,-0.8,0.9,3.4,.060
Gerald Govan,1974-75,33,UTS,84,2791,7.7,-1.8,0.2,1.0,.017
Gerald Govan,1975-76,34,VIR,24,658,7.6,-3.3,-0.2,0.1,.008
Bato Govedarica,1953-54,25,SYR,23,258,7.2,,,0.2,.044
Joe Graboski,1948-49,19,CHS,45,,,,,0.7,
Joe Graboski,1949-50,20,CHS,57,,,,,0.6,
Joe Graboski,1950-51,,Did not play - other pro league,,,,,,,
Joe Graboski,1951-52,22,INO,66,2439,17.4,,,7.2,.142
Joe Graboski,1952-53,23,INO,69,2769,16.2,,,5.8,.101
Joe Graboski,1953-54,24,PHW,71,2759,14.6,,,2.3,.040
Joe Graboski,1954-55,25,PHW,70,2515,11.9,,,-0.1,-0.002
Joe Graboski,1955-56,26,PHW,72,2375,13.8,,,2.0,.040
Joe Graboski,1956-57,27,PHW,72,2501,12.7,,,1.1,.021
Joe Graboski,1957-58,28,PHW,72,2077,12.1,,,0.9,.022
Joe Graboski,1958-59,29,PHW,72,2482,13.9,,,2.8,.053
Joe Graboski,1959-60,30,PHW,73,1269,12.9,,,2.2,.082
Joe Graboski,1960-61,31,PHW,68,1011,10.1,,,0.0,.000
Joe Graboski,1961-62,32,3TM,38,468,10.3,,,-0.2,-0.017
Joe Graboski,1961-62,32,STL,3,28,1.6,,,-0.2,-0.306
Joe Graboski,1961-62,32,CHP,12,117,13.8,,,-0.1,-0.034
Joe Graboski,1961-62,32,SYR,23,323,9.8,,,0.1,.014
Ricky Grace,1988-89,,Did not play - other pro league,,,,,,,
Ricky Grace,1989-90,,Did not play - other pro league,,,,,,,
Ricky Grace,1990-91,,Did not play - other pro league,,,,,,,
Ricky Grace,1991-92,,Did not play - other pro league,,,,,,,
Ricky Grace,1992-93,,Did not play - other pro league,,,,,,,
Ricky Grace,1993-94,26,ATL,3,8,10.8,-3.9,0.0,0.0,.103
Calvin Graham,1967-68,23,PTP,8,52,2.2,,,0.0,-0.036
Devonte' Graham,2018-19,23,CHO,46,676,10.3,-4.0,-0.3,0.5,.035
Devonte' Graham,2019-20,24,CHO,63,2211,15.8,0.5,1.4,3.4,.073
Devonte' Graham,2020-21,25,CHO,55,1659,14.6,0.7,1.1,3.4,.099
Devonte' Graham,2021-22,26,NOP,76,2162,12.1,-1.0,0.5,2.8,.062
Devonte' Graham,2022-23,27,2TM,73,1338,12.5,-0.1,0.6,2.5,.091
Devonte' Graham,2022-23,27,NOP,53,811,11.8,0.2,0.4,1.8,.105
Devonte' Graham,2022-23,27,SAS,20,527,13.6,-0.4,0.2,0.8,.069
Devonte' Graham,2023-24,28,SAS,23,313,9.4,-3.9,-0.1,0.1,.018
Greg Graham,1993-94,23,PHI,70,889,11.4,-3.9,-0.4,0.1,.005
Greg Graham,1994-95,24,PHI,50,775,9.5,-4.3,-0.4,0.3,.020
Greg Graham,1995-96,25,2TM,53,613,11.1,-2.4,-0.1,0.8,.060
Greg Graham,1995-96,25,PHI,8,128,13.1,-1.6,0.0,0.1,.048
Greg Graham,1995-96,25,NJN,45,485,10.6,-2.6,-0.1,0.6,.063
Greg Graham,1996-97,26,SEA,28,197,12.6,-4.6,-0.1,0.3,.065
Greg Graham,1997-98,27,CLE,6,56,2.1,-8.8,-0.1,-0.1,-0.096
Joey Graham,2005-06,23,TOR,80,1581,10.2,-3.8,-0.7,1.3,.038
Joey Graham,2006-07,24,TOR,79,1319,12.9,-1.9,0.0,3.0,.108
Joey Graham,2007-08,25,TOR,38,331,10.3,-6.5,-0.4,0.3,.040
Joey Graham,2008-09,26,TOR,78,1541,11.9,-3.5,-0.6,2.2,.068
Joey Graham,2009-10,27,DEN,63,759,10.6,-3.0,-0.2,1.1,.072
Joey Graham,2010-11,28,CLE,39,586,7.7,-5.8,-0.6,0.0,-0.004
Mal Graham,1967-68,22,BOS,48,786,8.8,,,1.1,.067
Mal Graham,1968-69,23,BOS,22,103,4.6,,,-0.3,-0.135
Orlando Graham,1988-89,23,GSW,7,22,6.7,-13.2,-0.1,0.0,-0.047
Paul Graham,1991-92,24,ATL,78,1718,14.7,0.3,1.0,3.6,.100
Paul Graham,1992-93,25,ATL,80,1508,12.7,-1.5,0.2,1.9,.060
Paul Graham,1993-94,26,ATL,21,128,13.1,-2.1,0.0,0.2,.090
Stephen Graham,2005-06,23,3TM,22,175,6.9,-5.8,-0.2,0.0,.009
Stephen Graham,2005-06,23,HOU,6,38,9.7,-3.7,0.0,0.0,-0.034
Stephen Graham,2005-06,23,CHI,3,20,2.4,-7.0,0.0,0.0,-0.002
Stephen Graham,2005-06,23,CLE,13,117,6.7,-6.2,-0.1,0.1,.025
Stephen Graham,2006-07,24,POR,14,165,5.4,-5.7,-0.2,-0.1,-0.027
Stephen Graham,2007-08,25,IND,22,128,21.9,4.2,0.2,0.4,.167
Stephen Graham,2008-09,26,IND,52,684,8.5,-6.0,-0.7,0.0,.001
Stephen Graham,2009-10,27,CHA,70,804,11.2,-1.6,0.1,1.6,.094
Stephen Graham,2010-11,28,NJN,59,959,4.4,-6.8,-1.2,-0.3,-0.014
Treveon Graham,2016-17,23,CHO,27,189,10.6,-1.0,0.1,0.4,.108
Treveon Graham,2017-18,24,CHO,63,1050,9.0,-2.7,-0.2,1.8,.080
Treveon Graham,2018-19,25,BRK,35,715,6.1,-3.7,-0.3,0.5,.033
Treveon Graham,2019-20,26,2TM,55,929,6.6,-5.6,-0.8,0.2,.009
Treveon Graham,2019-20,26,MIN,33,663,6.0,-5.8,-0.6,0.1,.004
Treveon Graham,2019-20,26,ATL,22,266,8.0,-5.0,-0.2,0.1,.022
Jim Grandholm,1989-90,,Did not play - other pro league,,,,,,,
Jim Grandholm,1990-91,30,DAL,26,168,16.5,-0.9,0.0,0.4,.123
Ron Grandison,1987-88,,Did not play - other pro league,,,,,,,
Ron Grandison,1988-89,24,BOS,72,528,10.1,-2.9,-0.1,0.6,.055
Ron Grandison,1989-90,,Did not play - waived,,,,,,,
Ron Grandison,1990-91,,Did not play - other,,,,,,,
Ron Grandison,1991-92,27,CHH,3,25,14.6,-2.3,0.0,0.0,.090
Ron Grandison,1992-93,,Did not play - other pro league,,,,,,,
Ron Grandison,1993-94,,Did not play - other pro league,,,,,,,
Ron Grandison,1994-95,30,NYK,2,8,18.3,-1.3,0.0,0.0,.151
Ron Grandison,1995-96,31,3TM,28,311,8.5,-2.0,0.0,0.5,.076
Ron Grandison,1995-96,31,MIA,18,235,6.2,-3.0,0.0,0.2,.049
Ron Grandison,1995-96,31,ATL,4,19,13.2,-0.6,0.0,0.0,.125
Ron Grandison,1995-96,31,NYK,6,57,16.6,1.7,0.1,0.2,.170
Danny Granger,2005-06,22,IND,78,1765,14.7,1.1,1.4,5.1,.139
Danny Granger,2006-07,23,IND,82,2785,13.9,0.2,1.5,6.5,.111
Danny Granger,2007-08,24,IND,80,2876,16.7,1.4,2.5,7.3,.122
Danny Granger,2008-09,25,IND,67,2424,21.8,4.8,4.2,8.0,.158
Danny Granger,2009-10,26,IND,62,2278,19.8,3.1,2.9,6.2,.131
Danny Granger,2010-11,27,IND,79,2763,17.8,2.1,2.9,6.9,.120
Danny Granger,2011-12,28,IND,62,2062,18.6,2.9,2.5,6.7,.155
Danny Granger,2012-13,29,IND,5,74,4.0,-8.7,-0.1,-0.1,-0.075
Danny Granger,2013-14,30,2TM,41,847,10.9,-1.4,0.1,1.3,.073
Danny Granger,2013-14,30,IND,29,653,10.3,-1.0,0.2,1.0,.075
Danny Granger,2013-14,30,LAC,12,194,12.6,-2.6,0.0,0.3,.070
Danny Granger,2014-15,31,MIA,30,613,8.6,-3.9,-0.3,0.6,.046
Stewart Granger,1983-84,22,CLE,56,738,10.1,-4.0,-0.4,0.5,.032
Stewart Granger,1984-85,23,ATL,9,92,-0.2,-8.8,-0.2,-0.2,-0.125
Stewart Granger,1985-86,,Did not play - other pro league,,,,,,,
Stewart Granger,1986-87,25,NYK,15,166,5.9,-5.8,-0.2,-0.4,-0.104
Brian Grant,1994-95,22,SAC,80,2289,16.5,-0.2,1.0,5.3,.112
Brian Grant,1995-96,23,SAC,78,2398,15.8,-0.9,0.6,4.7,.094
Brian Grant,1996-97,24,SAC,24,607,14.5,-2.6,-0.1,1.0,.075
Brian Grant,1997-98,25,POR,61,1921,16.7,0.5,1.2,6.3,.157
Brian Grant,1998-99,26,POR,48,1525,17.0,0.7,1.0,5.9,.185
Brian Grant,1999-00,27,POR,63,1322,14.0,-0.8,0.4,3.5,.128
Brian Grant,2000-01,28,MIA,82,2771,17.5,-0.1,1.3,8.7,.151
Brian Grant,2001-02,29,MIA,72,2256,12.7,-1.1,0.5,4.8,.103
Brian Grant,2002-03,30,MIA,82,2641,15.6,-0.4,1.1,7.7,.139
Brian Grant,2003-04,31,MIA,76,2303,12.1,-2.0,0.0,4.9,.101
Brian Grant,2004-05,32,LAL,69,1136,10.0,-3.8,-0.5,1.6,.068
Brian Grant,2005-06,33,PHO,21,248,6.6,-6.0,-0.3,0.2,.041
Bud Grant,1949-50,22,MNL,35,,,,,0.5,
Bud Grant,1950-51,23,MNL,61,,,,,0.6,
Gary Grant,1988-89,23,LAC,71,1924,14.1,-1.9,0.0,-0.4,-0.009
Gary Grant,1989-90,24,LAC,44,1529,15.3,0.8,1.1,1.3,.039
Gary Grant,1990-91,25,LAC,68,2105,12.1,-1.5,0.2,1.7,.038
Gary Grant,1991-92,26,LAC,78,2049,13.4,0.2,1.1,3.0,.069
Gary Grant,1992-93,27,LAC,74,1624,11.7,-1.7,0.1,1.6,.049
Gary Grant,1993-94,28,LAC,78,1533,13.8,-0.8,0.5,1.3,.041
Gary Grant,1994-95,29,LAC,33,470,15.1,-1.7,0.0,0.6,.065
Gary Grant,1995-96,30,NYK,47,596,13.5,-0.4,0.2,1.4,.110
Gary Grant,1996-97,31,MIA,28,365,9.1,-2.1,0.0,0.4,.052
Gary Grant,1997-98,32,POR,22,359,16.1,1.8,0.3,1.1,.147
Gary Grant,1998-99,33,POR,2,7,18.1,9.6,0.0,0.0,.149
Gary Grant,1999-00,34,POR,3,24,8.0,-8.3,0.0,0.0,-0.070
Gary Grant,2000-01,35,POR,4,17,22.8,3.0,0.0,0.1,.209
Gary Grant,2001-02,,Did not play - other pro league,,,,,,,
Greg Grant,1989-90,23,PHO,67,678,9.7,-3.1,-0.2,-0.1,-0.007
Greg Grant,1990-91,24,NYK,22,107,9.2,-3.3,0.0,0.0,.012
Greg Grant,1991-92,25,2TM,68,891,13.0,-0.6,0.3,1.4,.077
Greg Grant,1991-92,25,CHH,13,57,8.1,0.0,0.0,-0.1,-0.062
Greg Grant,1991-92,25,PHI,55,834,13.3,-0.7,0.3,1.5,.086
Greg Grant,1992-93,26,PHI,72,996,8.7,-4.0,-0.5,0.2,.010
Greg Grant,1993-94,,Did not play - other pro league,,,,,,,
Greg Grant,1994-95,28,DEN,14,151,9.1,-4.5,-0.1,0.0,.011
Greg Grant,1995-96,29,3TM,31,527,7.7,-4.0,-0.3,0.0,.003
Greg Grant,1995-96,29,PHI,11,280,9.5,-3.8,-0.1,0.1,.026
Greg Grant,1995-96,29,WSB,10,138,7.5,-2.2,0.0,0.0,.002
Greg Grant,1995-96,29,DEN,10,109,3.1,-6.9,-0.1,-0.1,-0.053
Harvey Grant,1988-89,23,WSB,71,1193,10.6,-2.0,0.0,1.7,.070
Harvey Grant,1989-90,24,WSB,81,1846,12.0,-2.2,-0.1,2.6,.067
Harvey Grant,1990-91,25,WSB,77,2842,16.5,0.7,1.9,6.7,.112
Harvey Grant,1991-92,26,WSB,64,2388,15.3,-0.4,1.0,4.3,.087
Harvey Grant,1992-93,27,WSB,72,2667,16.1,-0.3,1.1,5.0,.090
Harvey Grant,1993-94,28,POR,77,2112,12.3,-1.2,0.4,3.9,.089
Harvey Grant,1994-95,29,POR,75,1771,13.2,-0.2,0.8,4.0,.108
Harvey Grant,1995-96,30,POR,76,2394,10.4,-0.9,0.6,4.0,.081
Harvey Grant,1996-97,31,WSB,78,1604,8.8,-0.9,0.4,2.7,.081
Harvey Grant,1997-98,32,WAS,65,895,7.5,-3.6,-0.4,0.7,.037
Harvey Grant,1998-99,33,PHI,47,798,6.6,-2.8,-0.2,0.8,.047
Horace Grant,1987-88,22,CHI,81,1827,13.0,-1.7,0.2,4.2,.111
Horace Grant,1988-89,23,CHI,79,2809,13.8,-0.5,1.0,6.4,.110
Horace Grant,1989-90,24,CHI,80,2753,16.6,1.1,2.1,8.0,.140
Horace Grant,1990-91,25,CHI,78,2641,17.6,2.5,3.0,10.3,.188
Horace Grant,1991-92,26,CHI,81,2859,20.6,5.3,5.2,14.1,.237
Horace Grant,1992-93,27,CHI,77,2745,17.5,1.8,2.6,9.1,.159
Horace Grant,1993-94,28,CHI,70,2570,19.8,4.0,3.9,10.0,.188
Horace Grant,1994-95,29,ORL,74,2693,16.9,2.0,2.7,9.5,.169
Horace Grant,1995-96,30,ORL,63,2286,17.9,2.3,2.5,8.0,.169
Horace Grant,1996-97,31,ORL,67,2496,17.3,2.4,2.8,7.7,.148
Horace Grant,1997-98,32,ORL,76,2803,15.4,1.2,2.2,7.1,.122
Horace Grant,1998-99,33,ORL,50,1660,13.3,0.7,1.1,4.1,.118
Horace Grant,1999-00,34,SEA,76,2688,11.7,-0.7,0.9,5.2,.093
Horace Grant,2000-01,35,LAL,77,2390,14.3,0.0,1.2,6.5,.130
Horace Grant,2001-02,36,ORL,76,2210,13.9,0.0,1.1,5.6,.122
Horace Grant,2002-03,37,ORL,5,85,13.1,1.0,0.1,0.2,.102
Horace Grant,2003-04,38,LAL,55,1106,10.6,-1.3,0.2,2.0,.087
Jerami Grant,2014-15,20,PHI,65,1377,8.7,-3.3,-0.5,0.5,.019
Jerami Grant,2015-16,21,PHI,77,2066,12.6,-1.7,0.1,2.1,.050
Jerami Grant,2016-17,22,2TM,80,1531,10.1,-1.3,0.3,2.9,.091
Jerami Grant,2016-17,22,PHI,2,41,3.0,-8.3,-0.1,-0.1,-0.144
Jerami Grant,2016-17,22,OKC,78,1490,10.3,-1.1,0.4,3.0,.098
Jerami Grant,2017-18,23,OKC,81,1647,16.2,0.3,1.0,5.4,.156
Jerami Grant,2018-19,24,OKC,80,2612,13.8,0.2,1.5,7.3,.134
Jerami Grant,2019-20,25,DEN,71,1892,14.4,-0.5,0.7,4.4,.111
Jerami Grant,2020-21,26,DET,54,1829,16.9,1.1,1.4,3.2,.083
Jerami Grant,2021-22,27,DET,47,1500,16.1,1.2,1.2,2.3,.075
Jerami Grant,2022-23,28,POR,63,2246,16.0,-0.2,1.0,4.1,.087
Jerami Grant,2023-24,29,POR,54,1830,15.4,-0.1,0.9,2.7,.071
Jerami Grant,2024-25,30,POR,47,1524,10.9,-1.6,0.1,1.8,.057
Jerian Grant,2015-16,23,NYK,76,1265,11.2,-3.1,-0.3,0.8,.030
Jerian Grant,2016-17,24,CHI,63,1028,13.2,0.1,0.6,2.5,.119
Jerian Grant,2017-18,25,CHI,74,1686,14.3,-1.3,0.3,3.3,.094
Jerian Grant,2018-19,26,ORL,60,939,10.8,-1.6,0.1,1.7,.085
Jerian Grant,2019-20,27,WAS,6,80,6.6,-6.5,-0.1,0.0,-0.018
Josh Grant,1993-94,26,GSW,53,382,11.7,-2.3,0.0,0.5,.060
Paul Grant,1997-98,,Did not play - injury,,,,,,,
Paul Grant,1998-99,25,2TM,6,13,-4.6,-19.6,-0.1,-0.1,-0.253
Paul Grant,1998-99,25,MIN,4,8,-14.3,-29.7,-0.1,-0.1,-0.319
Paul Grant,1998-99,25,MIL,2,5,10.9,-3.4,0.0,0.0,-0.148
Paul Grant,1999-00,,Did not play - other pro league,,,,,,,
Paul Grant,2000-01,,Did not play - other pro league,,,,,,,
Paul Grant,2001-02,,Did not play - other pro league,,,,,,,
Paul Grant,2002-03,,Did not play - other pro league,,,,,,,
Paul Grant,2003-04,30,UTA,10,98,5.1,-7.2,-0.1,0.0,-0.015
Travis Grant,1972-73,23,LAL,33,153,22.3,,,0.5,.144
Travis Grant,1973-74,24,2TM,59,1330,20.0,1.8,1.2,4.1,.147
Travis Grant,1973-74,24,LAL,3,6,-1.5,-5.3,0.0,0.0,-0.386
Travis Grant,1973-74,24,SDA,56,1324,20.1,1.8,1.3,4.1,.149
Travis Grant,1974-75,25,SDA,53,1998,19.5,1.5,1.7,5.6,.134
Travis Grant,1975-76,26,2TM,56,828,14.2,-1.3,0.1,1.5,.085
Travis Grant,1975-76,26,KEN,22,261,9.9,-3.8,-0.1,0.1,.027
Travis Grant,1975-76,26,INA,34,567,16.2,-0.2,0.3,1.3,.112
Donte Grantham,2018-19,23,OKC,3,2,-38.1,-37.6,0.0,0.0,-0.946
Don Grate,1949-50,26,SHE,2,,,,,0.0,
Butch Graves,1984-85,23,CLE,4,11,-0.8,-16.9,0.0,-0.1,-0.243
Hassani Gravett,2021-22,25,ORL,8,171,10.1,-2.3,0.0,0.3,.071
Aaron Gray,2007-08,23,CHI,61,613,13.9,-3.5,-0.2,0.8,.066
Aaron Gray,2008-09,24,CHI,56,715,11.5,-3.4,-0.2,1.3,.086
Aaron Gray,2009-10,25,2TM,32,311,16.6,-1.3,0.1,0.9,.142
Aaron Gray,2009-10,25,CHI,8,50,7.0,-8.7,-0.1,0.0,-0.013
Aaron Gray,2009-10,25,NOH,24,261,18.4,0.1,0.1,0.9,.172
Aaron Gray,2010-11,26,NOH,41,531,11.0,-4.0,-0.3,1.1,.100
Aaron Gray,2011-12,27,TOR,49,813,11.1,-3.5,-0.3,1.4,.082
Aaron Gray,2012-13,28,TOR,42,513,9.0,-4.3,-0.3,0.5,.050
Aaron Gray,2013-14,29,2TM,37,355,7.8,-4.7,-0.2,0.1,.016
Aaron Gray,2013-14,29,TOR,4,20,5.7,-7.8,0.0,0.0,-0.007
Aaron Gray,2013-14,29,SAC,33,335,7.9,-4.5,-0.2,0.1,.018
Devin Gray,1996-97,24,2TM,6,49,4.6,-15.2,-0.2,-0.2,-0.179
Devin Gray,1996-97,24,SAC,3,25,15.8,-3.9,0.0,0.0,.070
Devin Gray,1996-97,24,SAS,3,24,-7.1,-26.9,-0.2,-0.2,-0.439
Devin Gray,1997-98,,Did not play - other pro league,,,,,,,
Devin Gray,1998-99,,Did not play - other pro league,,,,,,,
Devin Gray,1999-00,27,HOU,21,124,14.0,-2.6,0.0,0.3,.123
Ed Gray,1997-98,22,ATL,30,472,13.0,-1.4,0.1,0.8,.083
Ed Gray,1998-99,23,ATL,30,337,4.8,-7.7,-0.5,-0.7,-0.096
Evric Gray,1996-97,27,NJN,5,42,2.8,-9.2,-0.1,-0.1,-0.080
Gary Gray,1967-68,22,CIN,44,276,5.4,,,-0.5,-0.093
Josh Gray,2017-18,24,PHO,5,86,7.2,-4.2,0.0,-0.2,-0.118
Josh Gray,2018-19,,Did not play - other pro league,,,,,,,
Josh Gray,2019-20,26,NOP,2,23,-5.0,-16.0,-0.1,-0.1,-0.226
Leonard Gray,1974-75,23,SEA,75,2280,12.6,-1.7,0.2,4.0,.084
Leonard Gray,1975-76,24,SEA,66,2139,13.9,-0.3,0.9,4.1,.092
Leonard Gray,1976-77,25,2TM,83,1639,11.4,-2.5,-0.2,1.8,.053
Leonard Gray,1976-77,25,SEA,25,643,13.3,-1.4,0.1,0.9,.070
Leonard Gray,1976-77,25,WSB,58,996,10.2,-3.3,-0.3,0.9,.042
Leonard Gray,1977-78,,Did not play - injury,,,,,,,
RaiQuan Gray,2021-22,,Did not play - other pro league,,,,,,,
RaiQuan Gray,2022-23,23,BRK,1,35,15.5,-2.0,0.0,0.1,.106
RaiQuan Gray,2023-24,24,SAS,3,39,22.7,7.4,0.1,0.2,.187
Stuart Gray,1984-85,21,IND,52,391,4.6,-7.9,-0.6,-0.4,-0.052
Stuart Gray,1985-86,22,IND,67,423,10.5,-4.1,-0.2,0.7,.085
Stuart Gray,1986-87,23,IND,55,456,8.0,-3.5,-0.2,0.4,.037
Stuart Gray,1987-88,24,IND,74,807,9.9,-3.3,-0.3,1.1,.067
Stuart Gray,1988-89,25,IND,72,783,9.1,-3.3,-0.2,0.9,.054
Stuart Gray,1989-90,26,2TM,58,560,8.5,-4.4,-0.3,0.6,.054
Stuart Gray,1989-90,26,CHH,39,466,10.2,-3.2,-0.1,0.7,.070
Stuart Gray,1989-90,26,NYK,19,94,-0.2,-10.1,-0.2,-0.1,-0.026
Stuart Gray,1990-91,27,NYK,8,37,5.1,-9.8,-0.1,0.0,-0.013
Sylvester Gray,1988-89,21,MIA,55,1220,11.2,-2.6,-0.2,0.7,.028
Wyndol Gray,1946-47,24,BOS,55,,,,,2.2,
Wyndol Gray,1947-48,25,2TM,12,,,,,-0.3,
Wyndol Gray,1947-48,25,PRO,1,,,,,0.0,
Wyndol Gray,1947-48,25,STB,11,,,,,-0.2,
Jeff Grayer,1988-89,23,MIL,11,200,12.6,-1.5,0.0,0.2,.047
Jeff Grayer,1989-90,24,MIL,71,1427,11.4,-2.7,-0.3,1.5,.050
Jeff Grayer,1990-91,25,MIL,82,1422,11.8,-2.2,-0.1,1.5,.049
Jeff Grayer,1991-92,26,MIL,82,1659,13.3,-1.9,0.0,1.8,.052
Jeff Grayer,1992-93,27,GSW,48,1025,12.0,-2.2,-0.1,1.5,.069
Jeff Grayer,1993-94,28,GSW,67,1096,13.2,-2.3,-0.1,1.9,.085
Jeff Grayer,1994-95,29,PHI,47,1098,10.6,-3.9,-0.5,0.4,.017
Jeff Grayer,1995-96,,Did not play - other pro league,,,,,,,
Jeff Grayer,1996-97,31,SAC,25,316,10.0,-3.1,-0.1,0.3,.049
Jeff Grayer,1997-98,32,2TM,5,34,2.7,-9.8,-0.1,-0.1,-0.111
Jeff Grayer,1997-98,32,CHH,1,11,-20.0,-29.0,-0.1,-0.1,-0.624
Jeff Grayer,1997-98,32,GSW,4,23,13.5,-0.6,0.0,0.1,.135
Bob Greacen,1969-70,22,MIL,41,292,9.0,,,0.1,.011
Bob Greacen,1970-71,23,MIL,2,43,3.6,,,-0.2,-0.189
Bob Greacen,1971-72,24,NYA,4,20,0.7,,,0.0,.026
A.C. Green,1985-86,22,LAL,82,1542,11.8,-1.6,0.2,3.3,.103
A.C. Green,1986-87,23,LAL,79,2240,15.7,1.0,1.7,7.6,.163
A.C. Green,1987-88,24,LAL,82,2636,14.5,0.3,1.5,7.9,.144
A.C. Green,1988-89,25,LAL,82,2510,17.8,1.6,2.3,9.4,.179
A.C. Green,1989-90,26,LAL,82,2709,14.7,-0.6,1.0,7.7,.137
A.C. Green,1990-91,27,LAL,82,2164,13.8,0.0,1.1,6.1,.135
A.C. Green,1991-92,28,LAL,82,2902,16.7,0.7,2.0,8.8,.145
A.C. Green,1992-93,29,LAL,82,2819,16.3,0.7,1.9,8.6,.147
A.C. Green,1993-94,30,PHO,82,2825,17.0,0.6,1.8,9.3,.157
A.C. Green,1994-95,31,PHO,82,2687,14.2,-0.1,1.3,6.7,.120
A.C. Green,1995-96,32,PHO,82,2113,12.9,-1.3,0.4,4.4,.100
A.C. Green,1996-97,33,2TM,83,2492,12.4,-1.4,0.4,4.8,.093
A.C. Green,1996-97,33,PHO,27,548,11.6,-1.6,0.0,0.8,.073
A.C. Green,1996-97,33,DAL,56,1944,12.6,-1.3,0.4,4.0,.099
A.C. Green,1997-98,34,DAL,82,2649,12.8,-1.4,0.4,5.2,.095
A.C. Green,1998-99,35,DAL,50,924,12.5,-2.2,0.0,1.4,.074
A.C. Green,1999-00,36,LAL,82,1929,11.2,-0.3,0.8,5.0,.124
A.C. Green,2000-01,37,MIA,82,1411,11.2,-2.2,-0.1,3.2,.110
A.J. Green,2022-23,23,MIL,35,345,11.5,-0.9,0.1,0.8,.111
A.J. Green,2023-24,24,MIL,56,614,10.5,-2.1,0.0,1.1,.084
A.J. Green,2024-25,25,MIL,73,1659,9.2,-2.2,-0.1,2.8,.082
Danny Green,2009-10,22,CLE,20,115,12.3,-0.2,0.1,0.2,.083
Danny Green,2010-11,23,SAS,8,92,13.2,-0.6,0.0,0.1,.076
Danny Green,2011-12,24,SAS,66,1522,15.5,3.0,1.9,4.5,.142
Danny Green,2012-13,25,SAS,80,2201,14.1,2.8,2.7,5.9,.128
Danny Green,2013-14,26,SAS,68,1651,13.9,3.2,2.2,4.2,.122
Danny Green,2014-15,27,SAS,81,2312,16.5,4.6,3.8,7.8,.163
Danny Green,2015-16,28,SAS,79,2062,10.5,1.1,1.6,4.2,.099
Danny Green,2016-17,29,SAS,68,1807,10.1,0.8,1.3,3.4,.090
Danny Green,2017-18,30,SAS,70,1791,11.3,0.4,1.1,2.9,.078
Danny Green,2018-19,31,TOR,80,2216,13.0,2.0,2.2,5.9,.128
Danny Green,2019-20,32,LAL,68,1687,10.8,0.5,1.1,3.4,.096
Danny Green,2020-21,33,PHI,69,1934,12.1,1.9,1.9,4.6,.115
Danny Green,2021-22,34,PHI,62,1353,9.5,-0.5,0.5,1.9,.067
Danny Green,2022-23,35,2TM,11,138,10.8,-1.9,0.0,0.2,.059
Danny Green,2022-23,35,MEM,3,43,-0.2,-8.8,-0.1,-0.1,-0.061
Danny Green,2022-23,35,CLE,8,95,15.8,1.2,0.1,0.2,.114
Danny Green,2023-24,36,PHI,2,18,0.7,-6.6,0.0,0.0,-0.035
Devin Green,2005-06,23,LAL,27,135,4.7,-6.5,-0.2,-0.1,-0.018
Draymond Green,2012-13,22,GSW,79,1061,7.1,-3.6,-0.4,0.6,.028
Draymond Green,2013-14,23,GSW,82,1797,12.7,1.9,1.8,4.5,.119
Draymond Green,2014-15,24,GSW,79,2490,16.4,3.5,3.5,8.5,.163
Draymond Green,2015-16,25,GSW,81,2808,19.3,5.5,5.3,11.1,.190
Draymond Green,2016-17,26,GSW,76,2471,16.5,4.9,4.3,8.2,.160
Draymond Green,2017-18,27,GSW,70,2287,16.1,2.8,2.8,6.1,.127
Draymond Green,2018-19,28,GSW,66,2065,12.9,1.4,1.8,4.3,.100
Draymond Green,2019-20,29,GSW,43,1222,12.5,-0.2,0.5,1.1,.044
Draymond Green,2020-21,30,GSW,63,1982,13.3,1.7,1.9,4.6,.112
Draymond Green,2021-22,31,GSW,46,1329,14.3,3.2,1.8,3.6,.131
Draymond Green,2022-23,32,GSW,73,2297,12.2,0.8,1.6,4.7,.098
Draymond Green,2023-24,33,GSW,55,1490,14.5,2.4,1.6,3.6,.116
Draymond Green,2024-25,34,GSW,68,1983,12.4,0.5,1.3,3.7,.088
Erick Green,2013-14,,Did not play - other pro league,,,,,,,
Erick Green,2014-15,23,DEN,43,410,8.9,-4.3,-0.2,0.0,.000
Erick Green,2015-16,24,2TM,9,42,12.4,-1.9,0.0,0.1,.121
Erick Green,2015-16,24,DEN,3,7,0.9,-8.5,0.0,0.0,-0.082
Erick Green,2015-16,24,UTA,6,35,14.7,-0.6,0.0,0.1,.162
Gerald Green,2005-06,20,BOS,32,374,13.1,-3.5,-0.1,0.5,.064
Gerald Green,2006-07,21,BOS,81,1780,12.0,-2.5,-0.2,1.6,.042
Gerald Green,2007-08,22,2TM,30,362,8.7,-4.3,-0.2,-0.4,-0.048
Gerald Green,2007-08,22,MIN,29,358,7.9,-4.8,-0.3,-0.4,-0.058
Gerald Green,2007-08,22,HOU,1,4,76.3,40.9,0.0,0.1,.826
Gerald Green,2008-09,23,DAL,38,376,11.4,-4.7,-0.3,0.0,-0.002
Gerald Green,2009-10,,Did not play - other pro league,,,,,,,
Gerald Green,2010-11,,Did not play - other pro league,,,,,,,
Gerald Green,2011-12,26,NJN,31,781,15.8,0.2,0.4,1.2,.072
Gerald Green,2012-13,27,IND,60,1080,9.9,-1.9,0.0,1.3,.056
Gerald Green,2013-14,28,PHO,82,2330,16.5,1.4,2.0,6.1,.126
Gerald Green,2014-15,29,PHO,74,1446,15.4,-0.3,0.6,1.9,.065
Gerald Green,2015-16,30,MIA,69,1557,10.1,-3.1,-0.4,1.7,.052
Gerald Green,2016-17,31,BOS,47,538,11.9,-3.0,-0.1,0.6,.050
Gerald Green,2017-18,32,HOU,41,929,14.1,0.3,0.5,2.1,.107
Gerald Green,2018-19,33,HOU,73,1473,11.4,-1.7,0.1,1.9,.061
Gerald Green,2019-20,,Did not play - injury,,,,,,,
Jalen Green,2021-22,19,HOU,67,2138,12.5,-2.9,-0.5,0.7,.015
Jalen Green,2022-23,20,HOU,76,2602,14.5,-2.1,0.0,1.8,.034
Jalen Green,2023-24,21,HOU,82,2601,14.7,-0.5,1.0,3.1,.056
Jalen Green,2024-25,22,HOU,82,2697,15.1,0.5,1.7,5.1,.092
JaMychal Green,2014-15,24,2TM,24,164,14.9,-1.3,0.0,0.4,.119
JaMychal Green,2014-15,24,SAS,4,25,9.9,-4.2,0.0,0.0,.071
JaMychal Green,2014-15,24,MEM,20,139,15.8,-0.7,0.0,0.4,.127
JaMychal Green,2015-16,25,MEM,78,1446,14.6,-2.5,-0.2,2.6,.086
JaMychal Green,2016-17,26,MEM,77,2101,13.5,-0.8,0.6,5.8,.132
JaMychal Green,2017-18,27,MEM,55,1542,14.0,-2.3,-0.1,2.6,.079
JaMychal Green,2018-19,28,2TM,65,1371,14.7,-1.7,0.1,2.9,.101
JaMychal Green,2018-19,28,MEM,41,900,14.9,-1.8,0.1,1.8,.094
JaMychal Green,2018-19,28,LAC,24,471,14.3,-1.5,0.1,1.1,.113
JaMychal Green,2019-20,29,LAC,63,1307,11.1,-0.5,0.5,3.1,.115
JaMychal Green,2020-21,30,DEN,58,1120,13.6,-1.5,0.1,2.6,.110
JaMychal Green,2021-22,31,DEN,67,1085,14.1,-1.8,0.0,2.7,.118
JaMychal Green,2022-23,32,GSW,57,797,15.5,-0.5,0.3,2.2,.133
JaMychal Green,2023-24,,Did not play - unsigned,,,,,,,
Javonte Green,2019-20,26,BOS,48,468,13.1,-0.7,0.2,1.1,.113
Javonte Green,2020-21,27,2TM,41,473,12.1,-0.5,0.2,1.1,.107
Javonte Green,2020-21,27,BOS,25,345,11.8,-0.5,0.1,0.8,.105
Javonte Green,2020-21,27,CHI,16,128,13.1,-0.6,0.0,0.3,.114
Javonte Green,2021-22,28,CHI,65,1519,14.0,0.1,0.8,4.4,.139
Javonte Green,2022-23,29,CHI,32,480,14.5,1.4,0.4,1.4,.142
Javonte Green,2023-24,30,CHI,9,230,20.2,2.0,0.2,0.9,.180
Javonte Green,2024-25,31,2TM,68,1258,10.7,-2.3,-0.1,1.6,.063
Javonte Green,2024-25,31,NOP,50,1092,10.8,-2.2,0.0,1.4,.063
Javonte Green,2024-25,31,CLE,18,166,10.2,-3.1,0.0,0.2,.063
Jeff Green,2007-08,21,SEA,80,2253,9.8,-4.1,-1.2,0.2,.003
Jeff Green,2008-09,22,OKC,78,2873,13.9,-1.2,0.6,4.2,.070
Jeff Green,2009-10,23,OKC,82,3043,13.8,0.2,1.7,6.6,.105
Jeff Green,2010-11,24,2TM,75,2427,12.9,-1.1,0.5,4.8,.095
Jeff Green,2010-11,24,OKC,49,1815,12.9,-1.2,0.3,3.3,.087
Jeff Green,2010-11,24,BOS,26,612,12.9,-0.7,0.2,1.5,.118
Jeff Green,2011-12,,Did not play - illness,,,,,,,
Jeff Green,2012-13,26,BOS,81,2252,15.0,-0.3,1.0,4.7,.099
Jeff Green,2013-14,27,BOS,82,2805,13.1,-1.5,0.3,3.3,.057
Jeff Green,2014-15,28,2TM,78,2454,14.4,-0.2,1.2,5.2,.101
Jeff Green,2014-15,28,BOS,33,1093,14.6,-1.1,0.3,2.0,.089
Jeff Green,2014-15,28,MEM,45,1361,14.2,0.6,0.9,3.1,.111
Jeff Green,2015-16,29,2TM,80,2253,13.0,-1.8,0.1,3.1,.065
Jeff Green,2015-16,29,MEM,53,1544,13.4,-1.4,0.2,2.2,.067
Jeff Green,2015-16,29,LAC,27,709,12.0,-2.5,-0.1,0.9,.061
Jeff Green,2016-17,30,ORL,69,1534,10.5,-3.6,-0.6,0.7,.022
Jeff Green,2017-18,31,CLE,78,1828,14.8,-1.8,0.1,3.9,.103
Jeff Green,2018-19,32,WAS,77,2097,13.6,-1.4,0.3,3.6,.083
Jeff Green,2019-20,33,2TM,48,960,13.7,-0.1,0.5,2.1,.104
Jeff Green,2019-20,33,UTA,30,553,10.0,-2.1,0.0,0.5,.046
Jeff Green,2019-20,33,HOU,18,407,18.6,2.6,0.5,1.5,.183
Jeff Green,2020-21,34,BRK,68,1835,13.0,-0.8,0.5,4.1,.107
Jeff Green,2021-22,35,DEN,75,1849,12.5,-2.5,-0.2,3.9,.101
Jeff Green,2022-23,36,DEN,56,1091,11.0,-3.4,-0.4,1.7,.074
Jeff Green,2023-24,37,HOU,78,1307,11.3,-2.1,0.0,2.6,.095
Jeff Green,2024-25,38,HOU,32,396,13.6,0.4,0.2,1.3,.159
Johnny Green,1959-60,26,NYK,69,1232,13.2,,,1.2,.047
Johnny Green,1960-61,27,NYK,78,1784,16.1,,,1.7,.045
Johnny Green,1961-62,28,NYK,80,2789,16.0,,,5.1,.088
Johnny Green,1962-63,29,NYK,80,2553,19.0,,,5.1,.096
Johnny Green,1963-64,30,NYK,80,2134,18.1,,,2.6,.057
Johnny Green,1964-65,31,NYK,78,1720,17.5,,,3.8,.107
Johnny Green,1965-66,32,2TM,79,1645,19.3,,,5.6,.164
Johnny Green,1965-66,32,NYK,7,208,16.9,,,0.5,.121
Johnny Green,1965-66,32,BAL,72,1437,19.7,,,5.1,.171
Johnny Green,1966-67,33,BAL,61,948,16.6,,,1.5,.075
Johnny Green,1967-68,34,2TM,77,1440,16.0,,,2.3,.076
Johnny Green,1967-68,34,SDR,42,1073,16.7,,,1.5,.067
Johnny Green,1967-68,34,PHI,35,367,13.7,,,0.8,.102
Johnny Green,1968-69,35,PHI,74,795,16.2,,,2.4,.145
Johnny Green,1969-70,36,CIN,78,2278,18.4,,,8.4,.177
Johnny Green,1970-71,37,CIN,75,2147,19.4,,,9.5,.212
Johnny Green,1971-72,38,CIN,82,1914,15.6,,,5.3,.132
Johnny Green,1972-73,39,KCO,66,1245,14.6,,,3.7,.141
Josh Green,2020-21,20,DAL,39,445,8.8,-3.6,-0.2,0.5,.050
Josh Green,2021-22,21,DAL,67,1039,11.9,-1.0,0.3,2.4,.111
Josh Green,2022-23,22,DAL,60,1539,11.2,-2.4,-0.2,2.6,.082
Josh Green,2023-24,23,DAL,57,1505,9.9,-2.7,-0.3,2.2,.071
Josh Green,2024-25,24,CHO,68,1887,7.8,-4.3,-1.1,1.5,.037
Ken Green,1985-86,26,NYK,7,72,19.3,0.0,0.0,0.3,.184
Kenny Green,1985-86,21,2TM,41,453,8.7,-7.0,-0.6,0.0,-0.003
Kenny Green,1985-86,21,WSB,20,221,11.4,-5.0,-0.2,0.1,.020
Kenny Green,1985-86,21,PHI,21,232,6.0,-8.9,-0.4,-0.1,-0.026
Kenny Green,1986-87,22,PHI,19,172,6.5,-8.0,-0.3,-0.3,-0.072
Lamar Green,1969-70,22,PHO,58,700,10.4,,,0.2,.013
Lamar Green,1970-71,23,PHO,68,1326,10.7,,,2.4,.086
Lamar Green,1971-72,24,PHO,67,991,12.1,,,2.0,.097
Lamar Green,1972-73,25,PHO,80,2048,10.8,,,1.9,.045
Lamar Green,1973-74,26,PHO,72,1103,9.6,-3.3,-0.4,0.5,.023
Lamar Green,1974-75,27,2TM,66,1136,9.7,-3.9,-0.6,0.4,.018
Lamar Green,1974-75,27,NOJ,15,280,8.4,-4.3,-0.2,-0.1,-0.014
Lamar Green,1974-75,27,VIR,51,856,10.2,-3.7,-0.4,0.5,.028
Litterial Green,1992-93,22,ORL,52,626,11.6,-2.3,-0.1,0.8,.064
Litterial Green,1993-94,23,ORL,29,126,13.0,-4.5,-0.1,0.1,.044
Litterial Green,1994-95,,Did not play - other pro league,,,,,,,
Litterial Green,1995-96,,Did not play - other pro league,,,,,,,
Litterial Green,1996-97,26,DET,45,311,13.5,-0.4,0.1,0.8,.119
Litterial Green,1997-98,27,MIL,21,124,5.4,-4.9,-0.1,-0.1,-0.024
Litterial Green,1998-99,28,CLE,1,2,-19.7,-27.0,0.0,0.0,-0.590
Luther Green,1969-70,23,NYA,59,739,10.7,,,-0.2,-0.014
Luther Green,1970-71,24,NYA,26,164,13.4,,,0.0,.002
Luther Green,1971-72,,Did not play - other,,,,,,,
Luther Green,1972-73,26,PHI,5,32,-9.4,,,-0.3,-0.444
Mike Green,1973-74,22,DNR,79,1648,19.8,1.5,1.5,4.7,.138
Mike Green,1974-75,23,DNA,81,2557,18.8,1.3,2.1,8.7,.163
Mike Green,1975-76,24,VIR,54,1719,17.5,0.0,0.9,3.3,.091
Mike Green,1976-77,25,SEA,76,1928,14.5,0.1,1.0,3.9,.097
Mike Green,1977-78,26,2TM,72,1382,14.3,-1.4,0.2,2.8,.097
Mike Green,1977-78,26,SEA,9,250,14.2,-0.5,0.1,0.6,.106
Mike Green,1977-78,26,SAS,63,1132,14.3,-1.6,0.1,2.2,.095
Mike Green,1978-79,27,SAS,76,1641,12.9,0.2,0.9,3.8,.112
Mike Green,1979-80,28,KCK,21,459,10.6,-2.5,-0.1,0.4,.044
Rickey Green,1977-78,23,GSW,76,1098,9.3,-2.9,-0.3,0.3,.014
Rickey Green,1978-79,24,DET,27,431,10.2,-4.0,-0.2,-0.1,-0.012
Rickey Green,1979-80,,Did not play - other pro league,,,,,,,
Rickey Green,1980-81,26,UTA,47,1307,13.6,-1.2,0.3,1.8,.065
Rickey Green,1981-82,27,UTA,81,2822,17.4,1.4,2.4,5.7,.096
Rickey Green,1982-83,28,UTA,78,2783,17.2,2.0,2.8,6.6,.114
Rickey Green,1983-84,29,UTA,81,2768,18.0,3.0,3.5,7.9,.138
Rickey Green,1984-85,30,UTA,77,2431,16.3,1.6,2.2,6.7,.132
Rickey Green,1985-86,31,UTA,80,2012,16.4,1.0,1.5,5.2,.124
Rickey Green,1986-87,32,UTA,81,2090,15.9,1.5,1.9,5.6,.128
Rickey Green,1987-88,33,UTA,81,1116,13.2,-0.7,0.4,1.8,.078
Rickey Green,1988-89,34,2TM,63,871,13.7,0.0,0.4,1.2,.067
Rickey Green,1988-89,34,CHH,33,370,12.0,-2.0,0.0,0.0,.002
Rickey Green,1988-89,34,MIL,30,501,14.9,1.4,0.4,1.2,.115
Rickey Green,1989-90,35,IND,69,927,10.9,-1.8,0.0,0.7,.037
Rickey Green,1990-91,36,PHI,79,2248,13.1,-2.0,0.0,3.3,.070
Rickey Green,1991-92,37,BOS,26,367,11.4,-2.1,0.0,0.5,.068
Sean Green,1991-92,21,IND,35,256,9.9,-7.9,-0.4,-0.5,-0.087
Sean Green,1992-93,22,IND,13,81,17.5,-2.4,0.0,0.0,.021
Sean Green,1993-94,23,2TM,36,334,7.6,-7.4,-0.5,-0.9,-0.130
Sean Green,1993-94,23,PHI,35,332,7.7,-7.3,-0.4,-0.9,-0.128
Sean Green,1993-94,23,UTA,1,2,-17.0,-27.0,0.0,0.0,-0.486
Si Green,1956-57,23,ROC,13,423,13.6,,,0.8,.096
Si Green,1957-58,,Did not play - military service,,,,,,,
Si Green,1958-59,25,2TM,46,1109,11.5,,,0.4,.017
Si Green,1958-59,25,CIN,20,666,13.1,,,0.3,.020
Si Green,1958-59,25,STL,26,443,9.1,,,0.1,.011
Si Green,1959-60,26,STL,70,1354,9.5,,,1.0,.037
Si Green,1960-61,27,STL,76,1968,10.5,,,2.6,.063
Si Green,1961-62,28,2TM,71,2388,11.4,,,1.1,.022
Si Green,1961-62,28,STL,14,271,11.9,,,0.3,.049
Si Green,1961-62,28,CHP,57,2117,11.3,,,0.8,.019
Si Green,1962-63,29,CHZ,73,2648,11.4,,,1.6,.029
Si Green,1963-64,30,BAL,75,2064,11.6,,,2.6,.061
Si Green,1964-65,31,BAL,70,1086,11.6,,,0.8,.037
Si Green,1965-66,32,BOS,10,92,7.5,,,0.1,.048
Sidney Green,1983-84,23,CHI,49,667,9.2,-5.7,-0.6,0.3,.020
Sidney Green,1984-85,24,CHI,48,740,11.6,-4.9,-0.6,0.6,.039
Sidney Green,1985-86,25,CHI,80,2307,14.2,-2.7,-0.4,2.5,.052
Sidney Green,1986-87,26,DET,80,1792,13.0,-1.6,0.2,3.4,.092
Sidney Green,1987-88,27,NYK,82,2049,10.3,-3.2,-0.6,2.7,.063
Sidney Green,1988-89,28,NYK,82,1277,12.6,-2.8,-0.2,2.0,.075
Sidney Green,1989-90,29,ORL,73,1860,12.7,-3.4,-0.6,1.7,.044
Sidney Green,1990-91,30,SAS,66,1099,11.6,-3.3,-0.4,1.9,.085
Sidney Green,1991-92,31,SAS,80,1127,10.5,-3.9,-0.6,1.9,.079
Sidney Green,1992-93,32,2TM,39,329,11.3,-3.2,-0.1,0.4,.065
Sidney Green,1992-93,32,SAS,15,202,12.5,-1.1,0.0,0.4,.091
Sidney Green,1992-93,32,CHH,24,127,9.3,-6.5,-0.1,0.1,.024
Steve Green,1975-76,22,2TM,52,1068,11.8,-3.1,-0.3,1.2,.053
Steve Green,1975-76,22,UTS,16,534,13.0,-1.9,0.0,0.8,.073
Steve Green,1975-76,22,SSL,36,534,10.5,-4.2,-0.3,0.4,.033
Steve Green,1976-77,23,IND,70,918,13.3,-3.3,-0.3,1.1,.055
Steve Green,1977-78,24,IND,44,449,9.9,-2.5,-0.1,0.7,.074
Steve Green,1978-79,25,IND,39,265,12.4,-1.6,0.1,0.4,.080
Taurean Green,2007-08,21,2TM,17,74,7.0,-7.5,-0.1,-0.1,-0.066
Taurean Green,2007-08,21,POR,8,44,5.8,-7.8,-0.1,-0.1,-0.125
Taurean Green,2007-08,21,DEN,9,30,8.8,-7.1,0.0,0.0,.020
Tommie Green,1978-79,22,NOJ,59,809,8.3,-4.2,-0.5,-0.3,-0.017
Willie Green,2003-04,22,PHI,53,767,10.8,-3.8,-0.3,0.0,-0.003
Willie Green,2004-05,23,PHI,57,1066,9.6,-4.1,-0.6,0.1,.007
Willie Green,2005-06,24,PHI,10,153,8.6,-6.1,-0.2,-0.1,-0.038
Willie Green,2006-07,25,PHI,74,1842,10.3,-4.7,-1.2,-0.7,-0.018
Willie Green,2007-08,26,PHI,74,1970,12.8,-1.6,0.2,2.1,.050
Willie Green,2008-09,27,PHI,81,1828,11.1,-2.1,0.0,2.3,.060
Willie Green,2009-10,28,PHI,73,1553,12.8,-2.2,-0.1,2.2,.067
Willie Green,2010-11,29,NOH,77,1674,10.8,-2.8,-0.3,1.8,.052
Willie Green,2011-12,30,ATL,53,922,13.9,-0.5,0.3,2.4,.122
Willie Green,2012-13,31,LAC,72,1188,11.8,-0.8,0.3,2.5,.103
Willie Green,2013-14,32,LAC,55,869,7.1,-3.2,-0.3,0.5,.028
Willie Green,2014-15,33,ORL,52,951,7.9,-4.2,-0.5,-0.1,-0.003
Donté Greene,2008-09,20,SAC,55,725,5.2,-6.8,-0.9,-1.1,-0.074
Donté Greene,2009-10,21,SAC,76,1630,11.6,-1.6,0.1,1.5,.044
Donté Greene,2010-11,22,SAC,69,1127,9.7,-2.2,-0.1,0.5,.022
Donté Greene,2011-12,23,SAC,53,777,11.8,-2.4,-0.1,0.7,.041
Orien Greene,2005-06,23,BOS,80,1235,6.4,-4.4,-0.8,-0.3,-0.013
Orien Greene,2006-07,24,IND,41,254,6.5,-4.4,-0.2,-0.2,-0.034
Orien Greene,2007-08,25,SAC,7,61,-3.3,-10.9,-0.1,-0.2,-0.180
Orien Greene,2008-09,,Did not play - other pro league,,,,,,,
Orien Greene,2009-10,,Did not play - other pro league,,,,,,,
Orien Greene,2010-11,28,NJN,3,5,33.0,15.1,0.0,0.0,.293
Jerry Greenspan,1963-64,22,PHI,20,280,8.7,,,0.1,.020
Jerry Greenspan,1964-65,23,PHI,5,49,15.7,,,0.3,.283
Dave Greenwood,1979-80,22,CHI,82,2791,16.2,-0.3,1.2,6.5,.112
Dave Greenwood,1980-81,23,CHI,82,2710,16.6,1.2,2.2,7.1,.126
Dave Greenwood,1981-82,24,CHI,82,2914,15.5,0.6,1.9,6.5,.107
Dave Greenwood,1982-83,25,CHI,79,2355,13.0,-1.1,0.5,3.6,.073
Dave Greenwood,1983-84,26,CHI,78,2718,13.5,-0.6,0.9,5.7,.101
Dave Greenwood,1984-85,27,CHI,61,1523,9.4,-2.5,-0.2,2.0,.065
Dave Greenwood,1985-86,28,SAS,68,1910,11.1,-1.6,0.2,3.4,.085
Dave Greenwood,1986-87,29,SAS,79,2587,15.2,0.0,1.3,6.2,.115
Dave Greenwood,1987-88,30,SAS,45,1236,10.8,-3.1,-0.3,1.1,.043
Dave Greenwood,1988-89,31,2TM,67,1403,11.8,-2.5,-0.2,2.2,.076
Dave Greenwood,1988-89,31,SAS,38,912,11.3,-2.7,-0.2,1.4,.075
Dave Greenwood,1988-89,31,DEN,29,491,12.7,-2.3,0.0,0.8,.077
Dave Greenwood,1989-90,32,DET,37,205,10.9,-3.0,0.0,0.4,.085
Dave Greenwood,1990-91,33,SAS,63,1018,7.8,-2.5,-0.1,1.7,.079
Hal Greer,1958-59,22,SYR,68,1625,13.3,,,4.5,.132
Hal Greer,1959-60,23,SYR,70,1979,14.1,,,5.8,.141
Hal Greer,1960-61,24,SYR,79,2763,16.3,,,7.9,.137
Hal Greer,1961-62,25,SYR,71,2705,17.6,,,8.5,.151
Hal Greer,1962-63,26,SYR,80,2631,17.3,,,8.2,.149
Hal Greer,1963-64,27,PHI,80,3157,17.7,,,8.1,.124
Hal Greer,1964-65,28,PHI,70,2600,16.3,,,6.6,.121
Hal Greer,1965-66,29,PHI,80,3326,15.9,,,9.5,.138
Hal Greer,1966-67,30,PHI,80,3086,15.0,,,7.6,.118
Hal Greer,1967-68,31,PHI,82,3263,17.1,,,11.2,.165
Hal Greer,1968-69,32,PHI,82,3311,16.9,,,9.9,.144
Hal Greer,1969-70,33,PHI,80,3024,15.8,,,6.2,.099
Hal Greer,1970-71,34,PHI,81,3060,13.8,,,5.1,.079
Hal Greer,1971-72,35,PHI,81,2410,12.0,,,3.5,.070
Hal Greer,1972-73,36,PHI,38,848,8.9,,,0.1,.005
Lynn Greer,2006-07,27,MIL,41,432,14.0,-1.5,0.1,0.7,.083
Gary Gregor,1968-69,23,PHO,80,2182,11.6,,,-0.4,-0.009
Gary Gregor,1969-70,24,ATL,81,1603,11.0,,,0.5,.016
Gary Gregor,1970-71,25,POR,44,1153,11.4,,,1.1,.044
Gary Gregor,1971-72,26,POR,82,2371,12.7,,,1.4,.029
Gary Gregor,1972-73,27,2TM,49,683,11.5,,,0.5,.038
Gary Gregor,1972-73,27,MIL,9,88,11.9,,,0.0,.007
Gary Gregor,1972-73,27,NYA,40,595,11.4,,,0.5,.042
Gary Gregor,1973-74,28,NYA,25,313,9.7,-2.4,0.0,0.8,.116
Claude Gregory,1981-82,,Did not play - other pro league,,,,,,,
Claude Gregory,1982-83,,Did not play - other pro league,,,,,,,
Claude Gregory,1983-84,,Did not play - other pro league,,,,,,,
Claude Gregory,1984-85,,Did not play - other pro league,,,,,,,
Claude Gregory,1985-86,27,WSB,2,2,23.0,-14.2,0.0,0.0,-0.640
Claude Gregory,1986-87,,Did not play - other pro league,,,,,,,
Claude Gregory,1987-88,29,LAC,23,313,12.8,-4.0,-0.2,0.1,.011
John Greig,1982-83,21,SEA,9,26,19.9,-3.8,0.0,0.1,.182
Norm Grekin,1953-54,23,PHW,1,1,-23.5,,,0.0,.010
Kevin Grevey,1975-76,22,WSB,56,504,10.0,-5.1,-0.4,0.1,.011
Kevin Grevey,1976-77,23,WSB,76,1306,9.9,-3.9,-0.6,0.7,.027
Kevin Grevey,1977-78,24,WSB,81,2121,15.5,-0.6,0.8,4.4,.099
Kevin Grevey,1978-79,25,WSB,65,1856,14.0,-1.4,0.3,3.4,.087
Kevin Grevey,1979-80,26,WSB,65,1818,13.7,-0.8,0.6,3.3,.088
Kevin Grevey,1980-81,27,WSB,75,2616,14.5,0.6,1.7,5.8,.107
Kevin Grevey,1981-82,28,WSB,71,2164,11.7,-1.2,0.4,3.6,.080
Kevin Grevey,1982-83,29,WSB,41,756,9.5,-2.4,-0.1,1.0,.064
Kevin Grevey,1983-84,30,MIL,64,923,13.1,-1.2,0.2,2.0,.105
Kevin Grevey,1984-85,31,MIL,78,1182,10.7,-1.9,0.0,2.1,.086
Dennis Grey,1968-69,21,LAS,58,1317,9.1,,,0.7,.027
Dennis Grey,1969-70,22,NYA,4,74,3.7,,,-0.2,-0.117
Adrian Griffin,1999-00,25,BOS,72,1927,12.6,0.6,1.3,3.9,.098
Adrian Griffin,2000-01,26,BOS,44,377,10.5,-2.4,0.0,0.4,.056
Adrian Griffin,2001-02,27,DAL,58,1383,14.2,1.3,1.1,3.5,.121
Adrian Griffin,2002-03,28,DAL,74,1373,11.5,-0.3,0.6,2.9,.100
Adrian Griffin,2003-04,29,HOU,19,133,4.5,-1.9,0.0,0.1,.031
Adrian Griffin,2004-05,30,CHI,69,667,10.7,0.6,0.4,1.3,.095
Adrian Griffin,2005-06,31,DAL,52,1245,11.6,0.8,0.9,2.9,.113
Adrian Griffin,2006-07,32,CHI,54,585,10.7,-0.3,0.3,1.3,.103
Adrian Griffin,2007-08,33,2TM,35,307,8.7,-3.0,-0.1,0.0,.001
Adrian Griffin,2007-08,33,CHI,22,222,8.5,-3.8,-0.1,0.0,-0.009
Adrian Griffin,2007-08,33,SEA,13,85,9.3,-1.0,0.0,0.0,.027
AJ Griffin,2022-23,19,ATL,72,1401,12.6,-0.8,0.4,2.2,.075
AJ Griffin,2023-24,20,ATL,20,171,1.2,-9.6,-0.3,-0.4,-0.120
Blake Griffin,2009-10,,Did not play - injury,,,,,,,
Blake Griffin,2010-11,21,LAC,82,3112,21.9,2.6,3.6,9.8,.152
Blake Griffin,2011-12,22,LAC,66,2392,23.4,3.7,3.4,9.2,.185
Blake Griffin,2012-13,23,LAC,80,2598,22.4,4.1,4.0,10.6,.196
Blake Griffin,2013-14,24,LAC,80,2863,23.9,4.5,4.7,12.2,.205
Blake Griffin,2014-15,25,LAC,67,2356,22.8,4.0,3.6,9.0,.183
Blake Griffin,2015-16,26,LAC,35,1170,22.1,4.5,1.9,3.8,.156
Blake Griffin,2016-17,27,LAC,61,2076,22.6,4.7,3.5,7.7,.179
Blake Griffin,2017-18,28,2TM,58,1970,19.6,3.4,2.7,4.9,.120
Blake Griffin,2017-18,28,LAC,33,1139,20.4,3.4,1.6,3.0,.125
Blake Griffin,2017-18,28,DET,25,831,18.5,3.4,1.1,1.9,.113
Blake Griffin,2018-19,29,DET,75,2622,21.0,5.1,4.7,8.0,.147
Blake Griffin,2019-20,30,DET,18,512,11.9,-4.3,-0.3,-0.1,-0.012
Blake Griffin,2020-21,31,2TM,46,1186,12.9,-0.8,0.3,2.0,.081
Blake Griffin,2020-21,31,DET,20,626,9.8,-2.2,-0.1,0.3,.026
Blake Griffin,2020-21,31,BRK,26,560,16.3,0.8,0.4,1.7,.142
Blake Griffin,2021-22,32,BRK,56,958,13.7,-0.5,0.3,2.1,.106
Blake Griffin,2022-23,33,BOS,41,569,13.1,0.1,0.3,1.8,.153
Eddie Griffin,2001-02,19,HOU,73,1896,13.8,-0.9,0.5,2.4,.061
Eddie Griffin,2002-03,20,HOU,77,1890,15.4,0.9,1.4,3.9,.100
Eddie Griffin,2003-04,,Did not play - rehab,,,,,,,
Eddie Griffin,2004-05,22,MIN,70,1492,15.9,0.2,0.8,3.2,.102
Eddie Griffin,2005-06,23,MIN,70,1359,12.2,-1.6,0.1,1.5,.055
Eddie Griffin,2006-07,24,MIN,13,92,5.2,-6.2,-0.1,-0.2,-0.088
Greg Griffin,1977-78,25,PHO,36,422,6.8,-6.5,-0.5,-0.1,-0.011
Paul Griffin,1976-77,23,NOJ,81,1645,13.5,0.5,1.1,4.1,.119
Paul Griffin,1977-78,24,NOJ,82,1853,10.9,-0.1,0.9,2.9,.076
Paul Griffin,1978-79,25,NOJ,77,1398,10.0,-1.5,0.2,1.6,.054
Paul Griffin,1979-80,26,SAS,82,1812,13.2,1.3,1.5,4.4,.116
Paul Griffin,1980-81,27,SAS,82,1930,13.8,1.8,1.8,4.9,.122
Paul Griffin,1981-82,28,SAS,23,459,8.5,-1.5,0.1,0.4,.040
Paul Griffin,1982-83,29,SAS,53,956,8.9,-0.6,0.3,1.4,.068
Taylor Griffin,2009-10,23,PHO,8,32,5.2,-8.1,-0.1,0.0,-0.039
Darrell Griffith,1980-81,22,UTA,81,2867,14.7,-3.2,-0.9,0.4,.006
Darrell Griffith,1981-82,23,UTA,80,2597,15.8,-1.9,0.0,2.1,.038
Darrell Griffith,1982-83,24,UTA,77,2787,15.8,-0.9,0.8,2.8,.048
Darrell Griffith,1983-84,25,UTA,82,2650,16.1,-0.7,0.9,3.5,.063
Darrell Griffith,1984-85,26,UTA,78,2776,15.6,0.0,1.4,3.5,.061
Darrell Griffith,1985-86,,Did not play - injury,,,,,,,
Darrell Griffith,1986-87,28,UTA,76,1843,15.0,0.2,1.0,2.5,.066
Darrell Griffith,1987-88,29,UTA,52,1052,12.7,-2.1,0.0,0.8,.037
Darrell Griffith,1988-89,30,UTA,82,2382,12.3,-1.7,0.2,3.9,.078
Darrell Griffith,1989-90,31,UTA,82,1444,13.6,-0.1,0.7,2.5,.083
Darrell Griffith,1990-91,32,UTA,75,1005,8.6,-4.5,-0.6,0.0,.002
Chuck Grigsby,1952-53,,Did not play - military service,,,,,,,
Chuck Grigsby,1953-54,,Did not play - military service,,,,,,,
Chuck Grigsby,1954-55,26,NYK,7,45,10.2,,,0.0,-0.042
Quentin Grimes,2021-22,21,NYK,46,786,10.7,-0.3,0.3,1.4,.087
Quentin Grimes,2022-23,22,NYK,71,2121,11.7,-0.1,1.0,4.8,.108
Quentin Grimes,2023-24,23,2TM,51,1025,8.9,-2.2,-0.1,1.3,.060
Quentin Grimes,2023-24,23,NYK,45,910,9.5,-1.5,0.1,1.5,.081
Quentin Grimes,2023-24,23,DET,6,115,3.9,-8.1,-0.2,-0.3,-0.109
Quentin Grimes,2024-25,24,2TM,75,2013,15.9,0.4,1.2,3.4,.081
Quentin Grimes,2024-25,24,DAL,47,1070,13.3,-0.3,0.5,1.7,.078
Quentin Grimes,2024-25,24,PHI,28,943,18.8,1.2,0.8,1.6,.083
Derek Grimm,1997-98,23,SAC,9,34,7.9,-2.5,0.0,0.0,-0.012
Woody Grimshaw,1946-47,27,PRO,21,,,,,0.6,
Dick Groat,1952-53,22,FTW,26,663,18.2,,,2.0,.148
Dick Groat,1953-54,,Did not play - military service,,,,,,,
Dick Groat,1954-55,,Did not play - military service,,,,,,,
Bob Gross,1975-76,22,POR,76,1474,15.6,2.5,1.7,3.8,.123
Bob Gross,1976-77,23,POR,82,2232,16.2,3.0,2.8,7.4,.159
Bob Gross,1977-78,24,POR,72,2163,16.9,3.2,2.9,7.1,.158
Bob Gross,1978-79,25,POR,53,1441,14.0,1.4,1.2,2.9,.097
Bob Gross,1979-80,26,POR,62,1581,12.0,-0.6,0.6,1.7,.051
Bob Gross,1980-81,27,POR,82,1934,14.0,1.7,1.8,4.4,.110
Bob Gross,1981-82,28,POR,59,1377,13.8,1.8,1.3,3.1,.108
Bob Gross,1982-83,29,SDC,27,373,8.7,-2.2,0.0,0.2,.032
Mike Grosso,1970-71,,Did not play - injury,,,,,,,
Mike Grosso,1971-72,24,PTC,25,335,10.0,,,-0.1,-0.020
Jerry Grote,1964-65,24,LAL,11,33,14.9,,,0.1,.175
Alex Groza,1949-50,23,INO,64,,,,,17.9,
Alex Groza,1950-51,24,INO,66,,,,,18.0,
Alex Groza,1951-52,,Did not play - suspended,,,,,,,
Dick Grubar,1969-70,22,INA,2,8,20.2,,,0.0,.226
Anthony Grundy,2005-06,26,ATL,12,108,16.6,-0.4,0.0,0.2,.095
Ernie Grunfeld,1977-78,22,MIL,73,1261,12.0,-1.9,0.0,1.4,.055
Ernie Grunfeld,1978-79,23,MIL,82,1778,15.2,-0.2,0.8,4.3,.117
Ernie Grunfeld,1979-80,24,KCK,80,1397,10.9,-1.3,0.3,2.5,.087
Ernie Grunfeld,1980-81,25,KCK,79,1584,13.7,0.1,0.8,3.5,.106
Ernie Grunfeld,1981-82,26,KCK,81,1892,17.2,1.7,1.8,4.3,.110
Ernie Grunfeld,1982-83,27,NYK,77,1422,8.9,-1.8,0.1,2.2,.073
Ernie Grunfeld,1983-84,28,NYK,76,1119,9.6,-2.1,0.0,1.6,.069
Ernie Grunfeld,1984-85,29,NYK,69,1061,14.7,1.1,0.8,2.4,.111
Ernie Grunfeld,1985-86,30,NYK,76,1402,9.8,-1.2,0.3,2.7,.091
Gene Guarilia,1959-60,22,BOS,48,423,7.7,,,0.5,.059
Gene Guarilia,1960-61,23,BOS,25,209,9.7,,,0.3,.060
Gene Guarilia,1961-62,24,BOS,45,367,11.4,,,0.7,.089
Gene Guarilia,1962-63,25,BOS,11,83,3.1,,,-0.2,-0.131
Pétur Guðmundsson,1981-82,23,POR,68,845,7.9,-3.9,-0.4,0.6,.032
Pétur Guðmundsson,1982-83,,Did not play - other pro league,,,,,,,
Pétur Guðmundsson,1983-84,,Did not play - other pro league,,,,,,,
Pétur Guðmundsson,1984-85,,Did not play - other pro league,,,,,,,
Pétur Guðmundsson,1985-86,27,LAL,8,128,13.9,-3.4,0.0,0.3,.130
Pétur Guðmundsson,1986-87,,Did not play - injury,,,,,,,
Pétur Guðmundsson,1987-88,29,SAS,69,1017,12.9,-2.7,-0.2,1.4,.064
Pétur Guðmundsson,1988-89,30,SAS,5,70,2.7,-10.8,-0.2,-0.1,-0.090
Marko Gudurić,2019-20,24,MEM,44,484,8.8,-3.4,-0.2,0.1,.014
Richie Guerin,1954-55,,Did not play - military service,,,,,,,
Richie Guerin,1955-56,,Did not play - military service,,,,,,,
Richie Guerin,1956-57,24,NYK,72,1793,12.9,,,1.7,.046
Richie Guerin,1957-58,25,NYK,63,2368,14.9,,,3.5,.070
Richie Guerin,1958-59,26,NYK,71,2558,19.0,,,8.4,.158
Richie Guerin,1959-60,27,NYK,74,2429,21.5,,,7.4,.146
Richie Guerin,1960-61,28,NYK,79,3023,17.8,,,5.4,.086
Richie Guerin,1961-62,29,NYK,78,3348,21.1,,,12.1,.174
Richie Guerin,1962-63,30,NYK,79,2712,18.8,,,7.2,.128
Richie Guerin,1963-64,31,2TM,80,2366,14.7,,,6.3,.127
Richie Guerin,1963-64,31,NYK,2,26,34.1,,,0.3,.488
Richie Guerin,1963-64,31,STL,78,2340,14.5,,,6.0,.123
Richie Guerin,1964-65,32,STL,57,1678,16.4,,,5.7,.162
Richie Guerin,1965-66,33,STL,80,2363,16.3,,,5.7,.115
Richie Guerin,1966-67,34,STL,80,2275,14.4,,,4.7,.099
Richie Guerin,1967-68,,Did not play - retired,,,,,,,
Richie Guerin,1968-69,36,ATL,27,472,13.5,,,1.2,.119
Richie Guerin,1969-70,37,ATL,8,64,3.5,,,-0.1,-0.049
Mouhamadou Gueye,2023-24,25,TOR,11,120,4.6,-11.9,-0.3,-0.4,-0.147
Mouhamed Gueye,2023-24,21,ATL,6,73,15.0,-1.5,0.0,0.2,.127
Mouhamed Gueye,2024-25,22,ATL,33,533,14.4,-0.6,0.2,1.2,.106
Tom Gugliotta,1992-93,23,WSB,81,2795,14.6,-0.9,0.8,1.6,.028
Tom Gugliotta,1993-94,24,WSB,78,2795,17.9,1.4,2.4,3.8,.066
Tom Gugliotta,1994-95,25,3TM,77,2568,15.2,1.5,2.2,3.5,.065
Tom Gugliotta,1994-95,25,WSB,6,226,18.6,4.2,0.3,0.5,.104
Tom Gugliotta,1994-95,25,GSW,40,1324,12.2,-0.5,0.5,0.9,.034
Tom Gugliotta,1994-95,25,MIN,31,1018,18.4,3.6,1.4,2.1,.097
Tom Gugliotta,1995-96,26,MIN,78,2835,16.9,1.0,2.1,5.3,.089
Tom Gugliotta,1996-97,27,MIN,81,3131,19.0,1.7,2.9,6.7,.103
Tom Gugliotta,1997-98,28,MIN,41,1582,20.5,3.2,2.1,5.0,.151
Tom Gugliotta,1998-99,29,PHO,43,1563,20.0,1.8,1.5,5.4,.165
Tom Gugliotta,1999-00,30,PHO,54,1767,16.4,1.4,1.5,5.2,.140
Tom Gugliotta,2000-01,31,PHO,57,1159,11.1,-2.1,0.0,1.8,.073
Tom Gugliotta,2001-02,32,PHO,44,1129,9.7,-2.2,-0.1,0.9,.040
Tom Gugliotta,2002-03,33,PHO,27,447,10.9,-1.4,0.1,0.4,.043
Tom Gugliotta,2003-04,34,2TM,55,819,9.1,-2.1,0.0,0.3,.019
Tom Gugliotta,2003-04,34,PHO,30,304,5.2,-6.1,-0.3,-0.5,-0.082
Tom Gugliotta,2003-04,34,UTA,25,515,11.4,0.2,0.3,0.8,.079
Tom Gugliotta,2004-05,35,2TM,47,966,9.9,-3.3,-0.3,0.4,.018
Tom Gugliotta,2004-05,35,BOS,20,218,5.7,-3.5,-0.1,0.0,.002
Tom Gugliotta,2004-05,35,ATL,27,748,11.1,-3.2,-0.2,0.3,.022
Andrés Guibert,1993-94,25,MIN,5,33,6.1,-18.5,-0.1,-0.2,-0.243
Andrés Guibert,1994-95,26,MIN,17,167,8.3,-6.8,-0.2,-0.1,-0.020
Jay Guidinger,1992-93,23,CLE,32,215,9.6,-5.1,-0.2,0.3,.067
Jay Guidinger,1993-94,24,CLE,32,131,10.4,-6.2,-0.1,0.1,.042
Coulby Gunther,1946-47,23,PIT,52,,,,,8.4,
Coulby Gunther,1947-48,,Did not play - other pro league,,,,,,,
Coulby Gunther,1948-49,25,STB,32,,,,,0.2,
Dave Gunther,1959-60,,Did not play - other pro league,,,,,,,
Dave Gunther,1960-61,,Did not play - other pro league,,,,,,,
Dave Gunther,1961-62,,Did not play - other pro league,,,,,,,
Dave Gunther,1962-63,25,SFW,1,5,31.6,,,0.0,.204
Al Guokas,1949-50,24,2TM,57,,,,,-1.0,
Al Guokas,1949-50,24,DNN,41,,,,,-1.1,
Al Guokas,1949-50,24,PHW,16,,,,,0.1,
Matt Guokas,1946-47,31,PHW,47,,,,,1.1,
Matt Guokas,1947-48,,Did not play - injury,,,,,,,
Matt Guokas,1966-67,22,PHI,69,808,7.5,,,0.5,.030
Matt Guokas,1967-68,23,PHI,82,1612,10.4,,,4.2,.124
Matt Guokas,1968-69,24,PHI,72,838,8.6,,,1.2,.068
Matt Guokas,1969-70,25,PHI,80,1558,10.2,,,2.5,.078
Matt Guokas,1970-71,26,2TM,79,2213,9.8,,,4.7,.101
Matt Guokas,1970-71,26,PHI,1,5,3.6,,,0.0,.037
Matt Guokas,1970-71,26,CHI,78,2208,9.8,,,4.7,.101
Matt Guokas,1971-72,27,CIN,61,1975,9.9,,,2.3,.057
Matt Guokas,1972-73,28,KCO,79,2846,11.2,,,5.2,.087
Matt Guokas,1973-74,29,3TM,75,1871,9.1,-1.9,0.0,1.5,.040
Matt Guokas,1973-74,29,KCO,9,315,10.0,-2.4,-0.1,0.3,.042
Matt Guokas,1973-74,29,HOU,39,1007,8.6,-1.8,0.0,0.7,.031
Matt Guokas,1973-74,29,BUF,27,549,9.5,-1.6,0.0,0.6,.054
Matt Guokas,1974-75,30,CHI,82,2089,10.0,-1.2,0.4,4.3,.099
Matt Guokas,1975-76,31,2TM,56,793,6.9,-3.6,-0.3,0.3,.021
Matt Guokas,1975-76,31,CHI,18,278,9.8,-2.2,0.0,0.5,.079
Matt Guokas,1975-76,31,KCK,38,515,5.4,-4.4,-0.3,-0.1,-0.010
Jorge Gutiérrez,2013-14,25,BRK,15,244,8.7,-4.9,-0.2,0.2,.048
Jorge Gutiérrez,2014-15,26,2TM,20,175,11.0,-3.5,-0.1,0.3,.088
Jorge Gutiérrez,2014-15,26,BRK,10,44,10.9,-3.7,0.0,0.1,.059
Jorge Gutiérrez,2014-15,26,MIL,10,131,11.1,-3.4,0.0,0.3,.098
Jorge Gutiérrez,2015-16,27,CHO,12,63,19.2,0.6,0.0,0.3,.201
Kyle Guy,2019-20,22,SAC,3,10,6.6,-12.3,0.0,0.0,-0.045
Kyle Guy,2020-21,23,SAC,31,235,8.5,-5.8,-0.2,-0.1,-0.015
Kyle Guy,2021-22,24,MIA,19,186,9.5,-3.4,-0.1,0.1,.035
A.J. Guyton,2000-01,22,CHI,33,630,10.3,-4.0,-0.3,0.3,.020
A.J. Guyton,2001-02,23,CHI,45,607,11.8,-1.6,0.1,0.1,.006
A.J. Guyton,2002-03,24,GSW,2,9,-9.0,-16.4,0.0,-0.1,-0.450
Rui Hachimura,2019-20,21,WAS,48,1444,13.5,-3.2,-0.4,1.8,.060
Rui Hachimura,2020-21,22,WAS,57,1797,11.4,-3.1,-0.5,2.1,.056
Rui Hachimura,2021-22,23,WAS,42,943,14.9,-1.4,0.1,1.4,.073
Rui Hachimura,2022-23,24,2TM,63,1466,13.2,-2.2,-0.1,1.8,.060
Rui Hachimura,2022-23,24,WAS,30,728,13.6,-2.6,-0.1,0.6,.038
Rui Hachimura,2022-23,24,LAL,33,738,12.7,-1.9,0.0,1.2,.081
Rui Hachimura,2023-24,25,LAL,68,1826,15.0,-0.9,0.5,4.1,.108
Rui Hachimura,2024-25,26,LAL,59,1869,13.6,-0.7,0.6,4.3,.110
Rudy Hackett,1975-76,22,SSL,22,414,10.1,-2.8,-0.1,0.4,.045
Rudy Hackett,1976-77,23,2TM,6,46,8.9,-4.4,-0.1,0.0,-0.024
Rudy Hackett,1976-77,23,NYN,1,8,1.9,-5.2,0.0,0.0,-0.277
Rudy Hackett,1976-77,23,IND,5,38,10.4,-4.3,0.0,0.0,.030
Hamed Haddadi,2008-09,23,MEM,19,120,19.7,0.3,0.1,0.4,.142
Hamed Haddadi,2009-10,24,MEM,36,240,7.2,-7.2,-0.3,0.0,-0.002
Hamed Haddadi,2010-11,25,MEM,31,168,19.7,-1.1,0.0,0.6,.164
Hamed Haddadi,2011-12,26,MEM,35,206,16.3,-1.4,0.0,0.6,.131
Hamed Haddadi,2012-13,27,2TM,30,322,10.2,-6.2,-0.3,0.1,.010
Hamed Haddadi,2012-13,27,MEM,13,87,7.4,-5.3,-0.1,0.1,.039
Hamed Haddadi,2012-13,27,PHO,17,235,11.2,-6.5,-0.3,0.0,.000
Jim Hadnot,1967-68,28,OAK,77,3004,18.2,,,6.2,.099
Scott Haffner,1989-90,23,MIA,43,559,8.3,-5.1,-0.4,-0.1,-0.008
Scott Haffner,1990-91,24,CHH,7,50,9.9,-4.1,0.0,-0.1,-0.058
Cliff Hagan,1953-54,,Did not play - military service,,,,,,,
Cliff Hagan,1954-55,,Did not play - military service,,,,,,,
Cliff Hagan,1955-56,,Did not play - military service,,,,,,,
Cliff Hagan,1956-57,25,STL,67,971,12.3,,,1.3,.065
Cliff Hagan,1957-58,26,STL,70,2190,22.6,,,10.0,.220
Cliff Hagan,1958-59,27,STL,72,2702,22.7,,,11.7,.209
Cliff Hagan,1959-60,28,STL,75,2798,22.1,,,11.8,.203
Cliff Hagan,1960-61,29,STL,77,2701,20.1,,,10.8,.193
Cliff Hagan,1961-62,30,STL,77,2784,19.6,,,8.5,.146
Cliff Hagan,1962-63,31,STL,79,1716,21.2,,,6.5,.183
Cliff Hagan,1963-64,32,STL,77,2279,16.9,,,6.0,.126
Cliff Hagan,1964-65,33,STL,77,1739,16.5,,,4.7,.129
Cliff Hagan,1965-66,34,STL,74,1851,14.8,,,3.7,.095
Cliff Hagan,1966-67,,Did not play - retired,,,,,,,
Cliff Hagan,1967-68,36,DLC,56,1737,21.5,,,7.1,.196
Cliff Hagan,1968-69,37,DLC,35,579,26.1,,,3.0,.247
Cliff Hagan,1969-70,38,DLC,3,27,21.9,,,0.1,.226
Glenn Hagan,1978-79,,Did not play - other pro league,,,,,,,
Glenn Hagan,1979-80,,Did not play - other pro league,,,,,,,
Glenn Hagan,1980-81,,Did not play - other pro league,,,,,,,
Glenn Hagan,1981-82,26,DET,4,25,18.1,-2.7,0.0,0.1,.201
Tom Hagan,1969-70,23,DLC,24,226,13.4,,,0.6,.118
Tom Hagan,1970-71,24,2TM,49,690,9.9,,,0.5,.036
Tom Hagan,1970-71,24,TEX,45,656,10.5,,,0.6,.047
Tom Hagan,1970-71,24,KEN,4,34,-0.6,,,-0.1,-0.189
Ashton Hagans,2020-21,21,MIN,2,4,-12.4,-21.1,0.0,0.0,-0.353
Ashton Hagans,2021-22,,Did not play - other pro league,,,,,,,
Ashton Hagans,2022-23,,Did not play - other pro league,,,,,,,
Ashton Hagans,2023-24,24,POR,19,316,8.5,-3.5,-0.1,0.0,.006
Robert Hahn,1949-50,24,CHS,10,,,,,0.1,
Al Hairston,1968-69,23,SEA,39,274,6.6,,,-0.5,-0.087
Al Hairston,1969-70,24,SEA,3,20,14.7,,,0.0,-0.008
Happy Hairston,1964-65,22,CIN,61,736,15.0,,,0.4,.027
Happy Hairston,1965-66,23,CIN,72,1794,16.8,,,5.3,.142
Happy Hairston,1966-67,24,CIN,79,2442,13.8,,,5.1,.101
Happy Hairston,1967-68,25,2TM,74,2517,16.0,,,6.5,.124
Happy Hairston,1967-68,25,CIN,48,1625,15.2,,,4.0,.117
Happy Hairston,1967-68,25,DET,26,892,17.3,,,2.5,.137
Happy Hairston,1968-69,26,DET,81,2889,17.2,,,7.0,.116
Happy Hairston,1969-70,27,2TM,70,2427,18.4,,,8.8,.174
Happy Hairston,1969-70,27,DET,15,282,19.5,,,1.1,.191
Happy Hairston,1969-70,27,LAL,55,2145,18.3,,,7.7,.172
Happy Hairston,1970-71,28,LAL,80,2921,16.2,,,7.2,.119
Happy Hairston,1971-72,29,LAL,80,2748,15.7,,,9.2,.161
Happy Hairston,1972-73,30,LAL,28,939,20.0,,,4.2,.214
Happy Hairston,1973-74,31,LAL,77,2634,17.2,0.7,1.8,9.3,.170
Happy Hairston,1974-75,32,LAL,74,2283,16.2,0.3,1.3,7.0,.146
Lindsay Hairston,1975-76,24,DET,47,651,14.8,-1.7,0.1,1.0,.075
Malik Hairston,2008-09,21,SAS,15,155,12.0,-2.0,0.0,0.1,.045
Malik Hairston,2009-10,22,SAS,47,317,11.6,-1.9,0.0,0.7,.107
P.J. Hairston,2014-15,22,CHO,45,687,8.9,-2.9,-0.1,0.3,.022
P.J. Hairston,2015-16,23,2TM,66,1313,6.9,-4.5,-0.8,0.6,.020
P.J. Hairston,2015-16,23,CHO,48,938,7.4,-3.5,-0.4,0.9,.044
P.J. Hairston,2015-16,23,MEM,18,375,5.7,-7.0,-0.5,-0.3,-0.039
Marcus Haislip,2002-03,22,MIL,39,441,9.6,-5.9,-0.4,0.0,-0.003
Marcus Haislip,2003-04,23,MIL,31,263,14.6,-0.9,0.1,0.6,.113
Marcus Haislip,2004-05,24,IND,9,106,4.0,-9.9,-0.2,-0.2,-0.081
Marcus Haislip,2005-06,,Did not play - other pro league,,,,,,,
Marcus Haislip,2006-07,,Did not play - other pro league,,,,,,,
Marcus Haislip,2007-08,,Did not play - other pro league,,,,,,,
Marcus Haislip,2008-09,,Did not play - other pro league,,,,,,,
Marcus Haislip,2009-10,29,SAS,10,44,15.4,-2.2,0.0,0.1,.065
Chick Halbert,1946-47,27,CHS,61,,,,,7.4,
Chick Halbert,1947-48,28,2TM,46,,,,,3.3,
Chick Halbert,1947-48,28,CHS,6,,,,,-0.2,
Chick Halbert,1947-48,28,PHW,40,,,,,3.5,
Chick Halbert,1948-49,29,2TM,60,,,,,2.9,
Chick Halbert,1948-49,29,BOS,33,,,,,1.7,
Chick Halbert,1948-49,29,PRO,27,,,,,1.3,
Chick Halbert,1949-50,30,WSC,68,,,,,3.6,
Chick Halbert,1950-51,31,2TM,68,,,,,4.4,
Chick Halbert,1950-51,31,WSC,35,,,,,1.8,
Chick Halbert,1950-51,31,BLB,33,,,,,2.6,
Swede Halbrook,1956-57,,Did not play - other pro league,,,,,,,
Swede Halbrook,1957-58,,Did not play - other pro league,,,,,,,
Swede Halbrook,1958-59,,Did not play - other pro league,,,,,,,
Swede Halbrook,1959-60,,Did not play - other pro league,,,,,,,
Swede Halbrook,1960-61,28,SYR,79,1131,8.9,,,-0.3,-0.015
Swede Halbrook,1961-62,29,SYR,64,908,11.7,,,0.6,.033
Bruce Hale,1948-49,30,2TM,52,,,,,4.4,
Bruce Hale,1948-49,30,INJ,18,,,,,1.8,
Bruce Hale,1948-49,30,FTW,34,,,,,2.6,
Bruce Hale,1949-50,31,INO,64,,,,,5.1,
Bruce Hale,1950-51,32,INO,26,,,,,-0.4,
Hal Hale,1967-68,22,HSM,72,1706,5.6,,,1.0,.027
Jack Haley,1987-88,,Did not play - other pro league,,,,,,,
Jack Haley,1988-89,25,CHI,51,289,9.9,-6.0,-0.3,0.4,.064
Jack Haley,1989-90,26,2TM,67,1084,8.5,-7.1,-1.4,0.3,.013
Jack Haley,1989-90,26,CHI,11,58,12.3,-4.9,0.0,0.0,.040
Jack Haley,1989-90,26,NJN,56,1026,8.2,-7.2,-1.4,0.3,.012
Jack Haley,1990-91,27,NJN,78,1178,11.8,-4.6,-0.8,2.2,.090
Jack Haley,1991-92,28,LAL,49,394,3.6,-10.4,-0.8,-0.3,-0.034
Jack Haley,1992-93,,Did not play - injury,,,,,,,
Jack Haley,1993-94,30,SAS,28,94,12.8,-10.7,-0.2,0.1,.054
Jack Haley,1994-95,31,SAS,31,117,11.9,-10.3,-0.2,0.0,.010
Jack Haley,1995-96,32,CHI,1,7,1.8,-22.4,0.0,0.0,-0.228
Jack Haley,1996-97,33,NJN,20,74,19.6,-3.4,0.0,0.2,.149
Jack Haley,1997-98,34,NJN,16,51,7.2,-12.2,-0.1,0.0,-0.034
Tyrese Haliburton,2020-21,20,SAC,58,1746,16.2,1.4,1.5,3.5,.096
Tyrese Haliburton,2021-22,21,2TM,77,2695,18.2,2.6,3.1,7.0,.125
Tyrese Haliburton,2021-22,21,SAC,51,1757,17.0,2.6,2.0,4.0,.109
Tyrese Haliburton,2021-22,21,IND,26,938,20.5,2.8,1.1,3.0,.156
Tyrese Haliburton,2022-23,22,IND,56,1883,23.6,7.2,4.4,7.6,.195
Tyrese Haliburton,2023-24,23,IND,69,2224,23.3,6.9,5.0,9.0,.195
Tyrese Haliburton,2024-25,24,IND,73,2451,21.8,5.8,4.9,10.4,.204
Shaler Halimon,1968-69,23,PHI,50,350,13.2,,,0.3,.034
Shaler Halimon,1969-70,24,CHI,38,517,11.4,,,0.0,-0.001
Shaler Halimon,1970-71,25,2TM,81,1652,12.0,,,-0.3,-0.009
Shaler Halimon,1970-71,25,CHI,2,23,-4.2,,,-0.1,-0.285
Shaler Halimon,1970-71,25,POR,79,1629,12.2,,,-0.2,-0.005
Shaler Halimon,1971-72,26,2TM,56,774,13.2,,,0.8,.052
Shaler Halimon,1971-72,26,ATL,1,4,-4.5,,,0.0,.007
Shaler Halimon,1971-72,26,DLC,55,770,13.3,,,0.8,.052
Shaler Halimon,1972-73,27,DLC,29,355,6.6,,,-0.3,-0.038
Devon Hall,2019-20,24,OKC,11,81,3.1,-6.7,-0.1,-0.2,-0.116
Donta Hall,2019-20,22,2TM,9,133,13.6,-3.9,-0.1,0.4,.137
Donta Hall,2019-20,22,DET,4,48,7.3,-7.0,-0.1,0.1,.067
Donta Hall,2019-20,22,BRK,5,85,17.2,-2.1,0.0,0.3,.177
Donta Hall,2020-21,23,ORL,13,179,22.3,1.6,0.2,0.8,.223
Jordan Hall,2022-23,21,SAS,9,83,5.5,-7.6,-0.1,-0.1,-0.077
Jordan Hall,2023-24,,Did not play - other pro league,,,,,,,
Josh Hall,2020-21,20,OKC,21,336,1.0,-11.9,-0.8,-0.9,-0.126
Mike Hall,2006-07,22,WAS,2,13,3.1,-8.8,0.0,0.0,-0.073
PJ Hall,2024-25,22,DEN,19,66,18.3,-1.3,0.0,0.2,.168
Tyler Hall,2021-22,24,NYK,1,2,0.0,-8.5,0.0,0.0,.007
Jeff Halliburton,1971-72,22,ATL,37,288,12.4,,,0.4,.073
Jeff Halliburton,1972-73,23,2TM,55,787,14.5,,,0.9,.056
Jeff Halliburton,1972-73,23,ATL,24,238,13.4,,,0.3,.065
Jeff Halliburton,1972-73,23,PHI,31,549,15.0,,,0.6,.052
Darvin Ham,1996-97,23,2TM,36,318,8.5,-4.5,-0.2,0.1,.018
Darvin Ham,1996-97,23,DEN,35,313,8.2,-4.7,-0.2,0.1,.018
Darvin Ham,1996-97,23,IND,1,5,22.5,8.9,0.0,0.0,.059
Darvin Ham,1997-98,24,WAS,71,635,9.2,-4.0,-0.3,0.9,.069
Darvin Ham,1998-99,,Did not play - other pro league,,,,,,,
Darvin Ham,1999-00,26,MIL,35,792,12.8,0.0,0.4,1.7,.101
Darvin Ham,2000-01,27,MIL,29,540,10.1,-2.5,-0.1,0.9,.079
Darvin Ham,2001-02,28,MIL,70,1208,9.7,-3.6,-0.5,1.2,.050
Darvin Ham,2002-03,29,ATL,75,926,5.5,-5.9,-0.9,-0.4,-0.021
Darvin Ham,2003-04,30,DET,54,484,8.3,-3.1,-0.1,0.9,.087
Darvin Ham,2004-05,31,DET,47,275,5.6,-4.2,-0.1,0.3,.055
Steve Hamer,1996-97,23,BOS,35,268,8.9,-6.5,-0.3,0.2,.031
Dale Hamilton,1949-50,30,WAT,14,,,,,-0.3,
Daniel Hamilton,2017-18,22,OKC,6,28,18.2,2.3,0.0,0.1,.169
Daniel Hamilton,2018-19,23,ATL,19,204,7.1,-4.1,-0.1,-0.1,-0.024
Dennis Hamilton,1967-68,23,LAL,44,378,10.6,,,0.7,.092
Dennis Hamilton,1968-69,24,ATL,25,141,16.1,,,0.5,.163
Dennis Hamilton,1969-70,25,PTP,72,1331,12.4,,,2.8,.099
Dennis Hamilton,1970-71,26,KEN,3,11,-2.0,,,0.0,.099
Joe Hamilton,1970-71,22,TEX,84,2564,14.9,,,4.1,.076
Joe Hamilton,1971-72,23,DLC,82,1959,13.8,,,2.9,.072
Joe Hamilton,1972-73,24,DLC,83,2359,11.8,,,2.2,.044
Joe Hamilton,1973-74,25,2TM,73,1961,12.4,-0.9,0.5,2.9,.071
Joe Hamilton,1973-74,25,SAA,43,1415,11.9,-1.4,0.2,1.7,.057
Joe Hamilton,1973-74,25,KEN,30,546,13.7,0.4,0.3,1.2,.107
Joe Hamilton,1974-75,26,KEN,9,124,8.7,-2.7,0.0,0.2,.060
Joe Hamilton,1975-76,27,UTS,13,131,16.4,-1.4,0.1,0.2,.081
Jordan Hamilton,2011-12,21,DEN,26,258,13.9,0.1,0.1,0.3,.055
Jordan Hamilton,2012-13,22,DEN,40,397,16.9,0.9,0.3,0.8,.100
Jordan Hamilton,2013-14,23,2TM,60,1019,12.7,0.7,0.7,1.6,.073
Jordan Hamilton,2013-14,23,DEN,39,670,13.2,1.6,0.6,1.0,.069
Jordan Hamilton,2013-14,23,HOU,21,349,11.7,-1.0,0.1,0.6,.080
Jordan Hamilton,2014-15,24,LAC,14,122,8.3,-2.4,0.0,0.1,.059
Jordan Hamilton,2015-16,25,NOP,11,304,12.4,-3.3,-0.1,0.2,.030
Justin Hamilton,2012-13,,Did not play - other pro league,,,,,,,
Justin Hamilton,2013-14,23,2TM,8,72,11.9,-3.8,0.0,0.1,.089
Justin Hamilton,2013-14,23,CHA,1,4,0.0,-8.3,0.0,0.0,-0.190
Justin Hamilton,2013-14,23,MIA,7,68,12.6,-3.5,0.0,0.1,.105
Justin Hamilton,2014-15,24,2TM,41,712,14.6,-0.8,0.2,1.5,.102
Justin Hamilton,2014-15,24,MIA,24,289,9.7,-3.2,-0.1,0.4,.069
Justin Hamilton,2014-15,24,MIN,17,423,18.0,0.7,0.3,1.1,.125
Justin Hamilton,2015-16,,Did not play - other pro league,,,,,,,
Justin Hamilton,2016-17,26,BRK,64,1177,13.6,-0.8,0.4,2.1,.084
Ralph Hamilton,1948-49,27,2TM,48,,,,,-1.4,
Ralph Hamilton,1948-49,27,FTW,10,,,,,-0.3,
Ralph Hamilton,1948-49,27,INJ,38,,,,,-1.1,
Richard Hamilton,1999-00,21,WAS,71,1373,11.6,-3.7,-0.6,0.7,.024
Richard Hamilton,2000-01,22,WAS,78,2519,15.7,-2.2,-0.1,2.4,.046
Richard Hamilton,2001-02,23,WAS,63,2203,16.9,-0.9,0.6,4.0,.087
Richard Hamilton,2002-03,24,DET,82,2640,18.7,0.4,1.6,7.3,.132
Richard Hamilton,2003-04,25,DET,78,2772,16.8,1.2,2.3,8.1,.141
Richard Hamilton,2004-05,26,DET,76,2926,16.0,0.3,1.7,7.4,.121
Richard Hamilton,2005-06,27,DET,80,2825,18.2,0.8,2.0,7.6,.130
Richard Hamilton,2006-07,28,DET,75,2763,18.1,1.2,2.2,8.1,.141
Richard Hamilton,2007-08,29,DET,72,2424,18.2,2.3,2.6,7.7,.152
Richard Hamilton,2008-09,30,DET,67,2279,16.9,0.1,1.2,4.5,.095
Richard Hamilton,2009-10,31,DET,46,1552,14.9,-2.1,0.0,1.4,.043
Richard Hamilton,2010-11,32,DET,55,1498,15.8,-1.6,0.1,1.8,.059
Richard Hamilton,2011-12,33,CHI,28,697,13.2,-1.7,0.1,1.3,.092
Richard Hamilton,2012-13,34,CHI,50,1088,10.6,-4.0,-0.6,0.4,.016
Roy Hamilton,1979-80,22,DET,72,1116,9.1,-4.3,-0.6,-0.4,-0.016
Roy Hamilton,1980-81,23,POR,1,5,10.4,-4.8,0.0,0.0,-0.127
Steve Hamilton,1958-59,24,MNL,67,847,9.6,,,0.7,.037
Steve Hamilton,1959-60,25,MNL,15,247,8.2,,,0.3,.049
Tang Hamilton,2001-02,23,MIA,9,98,10.9,-0.2,0.0,0.2,.120
Thomas Hamilton,1995-96,20,BOS,11,70,4.3,-14.7,-0.2,-0.3,-0.213
Thomas Hamilton,1996-97,,Did not play - waived,,,,,,,
Thomas Hamilton,1997-98,,Did not play - waived,,,,,,,
Thomas Hamilton,1998-99,,Did not play - waived,,,,,,,
Thomas Hamilton,1999-00,24,HOU,22,273,11.4,-4.0,-0.1,0.0,.002
Zendon Hamilton,2000-01,25,LAC,3,19,5.7,-15.0,-0.1,0.0,-0.119
Zendon Hamilton,2001-02,26,DEN,54,848,13.5,-5.2,-0.7,1.1,.061
Zendon Hamilton,2002-03,27,TOR,3,12,17.7,-3.1,0.0,0.0,.107
Zendon Hamilton,2003-04,28,PHI,46,473,15.9,-1.5,0.1,1.8,.178
Zendon Hamilton,2004-05,29,MIL,16,159,10.4,-5.5,-0.1,0.1,.038
Zendon Hamilton,2005-06,30,2TM,12,49,17.6,-1.6,0.0,0.1,.098
Zendon Hamilton,2005-06,30,CLE,11,46,18.2,-1.3,0.0,0.1,.108
Zendon Hamilton,2005-06,30,PHI,1,3,8.2,-7.3,0.0,0.0,-0.057
Geert Hammink,1993-94,24,ORL,1,3,20.0,-3.2,0.0,0.0,.101
Geert Hammink,1994-95,25,ORL,1,7,20.1,2.5,0.0,0.0,.258
Geert Hammink,1995-96,26,2TM,6,17,10.5,-6.4,0.0,0.0,.017
Geert Hammink,1995-96,26,ORL,3,7,9.1,-14.9,0.0,0.0,-0.150
Geert Hammink,1995-96,26,GSW,3,10,11.4,-0.4,0.0,0.0,.134
Julian Hammond,1967-68,24,DNR,74,1364,17.5,,,5.1,.179
Julian Hammond,1968-69,25,DNR,78,2335,15.0,,,6.6,.135
Julian Hammond,1969-70,26,DNR,69,1847,15.9,,,5.7,.147
Julian Hammond,1970-71,27,DNR,83,2082,17.9,,,6.7,.155
Julian Hammond,1971-72,28,DNR,25,411,13.4,,,0.8,.097
Tom Hammonds,1989-90,22,WSB,61,805,10.5,-4.9,-0.6,0.5,.031
Tom Hammonds,1990-91,23,WSB,70,1023,9.6,-4.7,-0.7,0.8,.038
Tom Hammonds,1991-92,24,WSB,37,984,11.2,-3.9,-0.5,0.6,.027
Tom Hammonds,1992-93,25,2TM,54,713,9.9,-2.9,-0.2,0.8,.055
Tom Hammonds,1992-93,25,CHH,19,142,8.3,-4.7,-0.1,0.1,.038
Tom Hammonds,1992-93,25,DEN,35,571,10.3,-2.5,-0.1,0.7,.059
Tom Hammonds,1993-94,26,DEN,74,877,12.4,-1.3,0.2,2.2,.118
Tom Hammonds,1994-95,27,DEN,70,956,14.7,-2.1,0.0,2.6,.129
Tom Hammonds,1995-96,28,DEN,71,1045,11.2,-3.8,-0.5,1.8,.081
Tom Hammonds,1996-97,29,DEN,81,1758,10.1,-4.8,-1.2,1.7,.046
Tom Hammonds,1997-98,30,MIN,57,1140,12.1,-2.7,-0.2,2.4,.102
Tom Hammonds,1998-99,31,MIN,49,716,9.4,-5.0,-0.6,1.0,.065
Tom Hammonds,1999-00,32,MIN,56,372,9.9,-5.5,-0.3,0.5,.061
Tom Hammonds,2000-01,33,MIN,7,30,-4.9,-17.5,-0.1,-0.1,-0.187
A.J. Hammons,2016-17,24,DAL,22,163,8.4,-6.6,-0.2,0.0,-0.001
Joe Hamood,1967-68,24,HSM,76,1839,10.1,,,0.3,.009
R.J. Hampton,2020-21,19,2TM,51,888,11.1,-3.8,-0.4,0.4,.021
R.J. Hampton,2020-21,19,DEN,25,233,7.7,-5.3,-0.2,0.1,.030
R.J. Hampton,2020-21,19,ORL,26,655,12.3,-3.3,-0.2,0.2,.018
R.J. Hampton,2021-22,20,ORL,64,1402,8.5,-4.1,-0.7,-0.2,-0.005
R.J. Hampton,2022-23,21,2TM,47,750,10.8,-2.9,-0.2,0.7,.042
R.J. Hampton,2022-23,21,ORL,26,361,12.5,-1.2,0.1,0.6,.077
R.J. Hampton,2022-23,21,DET,21,389,9.3,-4.4,-0.2,0.1,.010
R.J. Hampton,2023-24,22,MIA,8,76,0.9,-9.5,-0.1,-0.1,-0.038
Darrin Hancock,1994-95,23,CHH,46,424,11.2,-2.3,0.0,0.4,.049
Darrin Hancock,1995-96,24,CHH,63,838,10.0,-3.8,-0.4,0.5,.028
Darrin Hancock,1996-97,25,3TM,24,133,11.9,-3.2,0.0,0.2,.062
Darrin Hancock,1996-97,25,MIL,9,39,1.1,-7.5,-0.1,-0.1,-0.093
Darrin Hancock,1996-97,25,ATL,14,86,16.2,-1.2,0.0,0.2,.113
Darrin Hancock,1996-97,25,SAS,1,8,18.3,-3.7,0.0,0.0,.274
Ben Handlogten,2003-04,30,UTA,17,172,17.1,-2.0,0.0,0.6,.168
Ben Handlogten,2004-05,31,UTA,21,297,10.3,-4.8,-0.2,0.3,.041
Cecil Hankins,1946-47,25,STB,55,,,,,3.8,
Cecil Hankins,1947-48,26,BOS,25,,,,,-0.4,
Phil Hankinson,1973-74,22,BOS,28,163,18.1,-1.6,0.1,0.5,.143
Phil Hankinson,1974-75,23,BOS,3,24,16.9,-3.2,0.0,0.1,.146
Dusty Hannahs,2018-19,25,MEM,2,26,4.5,-9.7,-0.1,-0.1,-0.125
Dusty Hannahs,2019-20,26,MEM,2,13,21.3,3.1,0.0,0.0,.146
Alex Hannum,1948-49,,Did not play - other pro league,,,,,,,
Alex Hannum,1949-50,26,SYR,64,,,,,5.1,
Alex Hannum,1950-51,27,SYR,63,,,,,1.7,
Alex Hannum,1951-52,28,2TM,66,1508,11.6,,,1.7,.053
Alex Hannum,1951-52,28,BLB,35,958,10.1,,,0.4,.020
Alex Hannum,1951-52,28,ROC,31,550,14.2,,,1.3,.110
Alex Hannum,1952-53,29,ROC,68,1288,9.6,,,1.6,.059
Alex Hannum,1953-54,30,ROC,72,1707,9.6,,,2.1,.058
Alex Hannum,1954-55,31,MLH,53,1088,9.1,,,0.5,.024
Alex Hannum,1955-56,32,STL,71,1480,7.9,,,0.4,.012
Alex Hannum,1956-57,33,2TM,59,642,6.6,,,0.0,.004
Alex Hannum,1956-57,33,FTW,22,219,8.2,,,0.1,.028
Alex Hannum,1956-57,33,STL,37,423,5.8,,,-0.1,-0.009
Rollen Hans,1953-54,22,BLB,67,1556,11.6,,,0.6,.018
Rollen Hans,1954-55,23,BLB,13,178,,,,,
Ben Hansbrough,2012-13,25,IND,28,200,7.2,-4.2,-0.1,0.2,.044
Tyler Hansbrough,2009-10,24,IND,29,511,14.6,-3.3,-0.2,0.7,.070
Tyler Hansbrough,2010-11,25,IND,70,1535,16.4,-1.9,0.0,3.8,.118
Tyler Hansbrough,2011-12,26,IND,66,1442,14.7,-1.8,0.1,3.9,.129
Tyler Hansbrough,2012-13,27,IND,81,1366,15.3,-1.9,0.0,4.4,.154
Tyler Hansbrough,2013-14,28,TOR,64,978,14.2,-1.9,0.0,3.0,.149
Tyler Hansbrough,2014-15,29,TOR,74,1058,13.3,-1.3,0.2,3.4,.156
Tyler Hansbrough,2015-16,30,CHO,44,343,12.5,-3.8,-0.1,1.0,.134
Bob Hansen,1983-84,23,UTA,55,419,7.6,-5.6,-0.4,-0.1,-0.008
Bob Hansen,1984-85,24,UTA,54,646,10.0,-3.6,-0.3,0.7,.049
Bob Hansen,1985-86,25,UTA,82,2032,10.1,-2.5,-0.3,2.5,.058
Bob Hansen,1986-87,26,UTA,72,1453,12.4,-2.1,0.0,2.6,.085
Bob Hansen,1987-88,27,UTA,81,1796,12.9,-0.7,0.6,4.4,.118
Bob Hansen,1988-89,28,UTA,46,964,9.7,-2.1,0.0,1.7,.083
Bob Hansen,1989-90,29,UTA,81,2174,8.5,-2.1,-0.1,2.8,.062
Bob Hansen,1990-91,30,SAC,36,811,8.1,-3.4,-0.3,-0.1,-0.004
Bob Hansen,1991-92,31,2TM,68,809,5.7,-4.2,-0.4,0.9,.053
Bob Hansen,1991-92,31,SAC,2,40,5.3,-6.3,0.0,0.0,.033
Bob Hansen,1991-92,31,CHI,66,769,5.8,-4.1,-0.4,0.9,.054
Glenn Hansen,1975-76,23,KCK,66,1145,11.2,-3.1,-0.3,0.8,.032
Glenn Hansen,1976-77,24,KCK,41,289,15.3,-2.2,0.0,0.4,.063
Glenn Hansen,1977-78,25,2TM,5,13,-16.4,-5.3,-0.1,-0.1,-0.470
Glenn Hansen,1977-78,25,CHI,2,4,-28.8,-5.4,0.0,-0.1,-0.773
Glenn Hansen,1977-78,25,KCK,3,9,-10.9,-5.3,0.0,-0.1,-0.336
Lars Hansen,1976-77,,Did not play - other pro league,,,,,,,
Lars Hansen,1977-78,,Did not play - other pro league,,,,,,,
Lars Hansen,1978-79,24,SEA,15,205,13.6,-1.3,0.1,0.6,.149
Travis Hansen,2003-04,25,ATL,41,507,7.2,-6.2,-0.5,0.2,.019
Reggie Hanson,1997-98,29,BOS,8,26,6.9,-5.6,0.0,0.0,.001
Bill Hanzlik,1980-81,23,SEA,74,1259,11.0,-0.7,0.4,2.4,.091
Bill Hanzlik,1981-82,24,SEA,81,1974,9.6,-0.6,0.7,4.1,.100
Bill Hanzlik,1982-83,25,DEN,82,1547,10.6,-2.5,-0.2,1.0,.030
Bill Hanzlik,1983-84,26,DEN,80,1469,10.6,-2.1,0.0,1.9,.062
Bill Hanzlik,1984-85,27,DEN,80,1673,10.5,-2.7,-0.3,2.2,.063
Bill Hanzlik,1985-86,28,DEN,79,1982,15.3,0.4,1.2,4.7,.115
Bill Hanzlik,1986-87,29,DEN,73,1990,13.9,-0.8,0.6,3.5,.085
Bill Hanzlik,1987-88,30,DEN,77,1334,8.2,-2.8,-0.3,1.3,.046
Bill Hanzlik,1988-89,31,DEN,41,701,8.6,-3.1,-0.2,0.7,.047
Bill Hanzlik,1989-90,32,DEN,81,1605,10.3,-1.1,0.3,2.9,.086
Luke Harangody,2010-11,23,2TM,49,640,10.1,-3.7,-0.3,0.6,.048
Luke Harangody,2010-11,23,BOS,28,241,8.7,-5.2,-0.2,0.4,.075
Luke Harangody,2010-11,23,CLE,21,399,11.0,-2.8,-0.1,0.3,.032
Luke Harangody,2011-12,24,CLE,21,231,10.4,-3.0,-0.1,0.2,.046
Anfernee Hardaway,1993-94,22,ORL,82,3015,17.4,2.9,3.8,7.1,.112
Anfernee Hardaway,1994-95,23,ORL,77,2901,20.8,4.1,4.5,10.7,.177
Anfernee Hardaway,1995-96,24,ORL,82,3015,24.6,7.2,6.9,14.4,.229
Anfernee Hardaway,1996-97,25,ORL,59,2221,21.4,4.9,3.9,8.1,.175
Anfernee Hardaway,1997-98,26,ORL,19,625,15.9,1.2,0.5,1.1,.085
Anfernee Hardaway,1998-99,27,ORL,50,1944,16.7,2.8,2.3,5.0,.122
Anfernee Hardaway,1999-00,28,PHO,60,2253,17.9,3.5,3.1,7.8,.165
Anfernee Hardaway,2000-01,29,PHO,4,112,16.6,3.0,0.1,0.4,.155
Anfernee Hardaway,2001-02,30,PHO,80,2462,13.9,-0.4,1.0,2.9,.056
Anfernee Hardaway,2002-03,31,PHO,58,1777,13.0,0.0,0.9,2.3,.062
Anfernee Hardaway,2003-04,32,2TM,76,2095,11.8,-1.7,0.1,2.0,.046
Anfernee Hardaway,2003-04,32,PHO,34,876,13.2,-0.7,0.3,1.3,.069
Anfernee Hardaway,2003-04,32,NYK,42,1219,10.8,-2.5,-0.1,0.7,.029
Anfernee Hardaway,2004-05,33,NYK,37,894,9.0,-3.3,-0.3,0.2,.009
Anfernee Hardaway,2005-06,34,NYK,4,72,2.0,-5.7,-0.1,-0.2,-0.101
Anfernee Hardaway,2006-07,,Did not play - retired,,,,,,,
Anfernee Hardaway,2007-08,36,MIA,16,325,9.0,-1.1,0.1,0.2,.036
Tim Hardaway,1989-90,23,GSW,79,2663,16.0,-0.2,1.2,3.3,.060
Tim Hardaway,1990-91,24,GSW,82,3215,20.9,4.4,5.2,9.9,.148
Tim Hardaway,1991-92,25,GSW,81,3332,19.1,2.8,4.1,9.2,.132
Tim Hardaway,1992-93,26,GSW,66,2609,19.7,3.6,3.7,7.5,.138
Tim Hardaway,1993-94,,Did not play - injury,,,,,,,
Tim Hardaway,1994-95,28,GSW,62,2321,18.3,2.6,2.7,5.1,.105
Tim Hardaway,1995-96,29,2TM,80,2534,18.7,3.1,3.3,7.3,.139
Tim Hardaway,1995-96,29,GSW,52,1487,18.5,2.5,1.7,3.9,.127
Tim Hardaway,1995-96,29,MIA,28,1047,19.1,4.0,1.6,3.4,.154
Tim Hardaway,1996-97,30,MIA,81,3136,20.8,6.2,6.5,12.9,.198
Tim Hardaway,1997-98,31,MIA,81,3031,20.6,5.2,5.5,11.7,.185
Tim Hardaway,1998-99,32,MIA,48,1772,18.8,3.3,2.4,5.4,.146
Tim Hardaway,1999-00,33,MIA,52,1672,16.4,1.8,1.6,4.3,.123
Tim Hardaway,2000-01,34,MIA,77,2613,16.7,2.4,2.9,6.4,.118
Tim Hardaway,2001-02,35,2TM,68,1601,13.6,-0.5,0.6,1.8,.053
Tim Hardaway,2001-02,35,DAL,54,1276,13.4,-0.6,0.4,1.6,.059
Tim Hardaway,2001-02,35,DEN,14,325,14.2,-0.1,0.2,0.2,.029
Tim Hardaway,2002-03,36,IND,10,127,14.7,1.0,0.1,0.2,.081
Tim Hardaway Jr.,2013-14,21,NYK,81,1875,12.7,-1.8,0.1,3.1,.080
Tim Hardaway Jr.,2014-15,22,NYK,70,1681,12.1,-2.8,-0.3,0.8,.023
Tim Hardaway Jr.,2015-16,23,ATL,51,864,11.7,-0.9,0.2,1.9,.105
Tim Hardaway Jr.,2016-17,24,ATL,79,2154,15.2,0.5,1.4,4.8,.107
Tim Hardaway Jr.,2017-18,25,NYK,57,1885,14.4,-0.6,0.7,2.6,.067
Tim Hardaway Jr.,2018-19,26,2TM,65,2057,13.6,-2.0,0.0,1.8,.043
Tim Hardaway Jr.,2018-19,26,NYK,46,1499,14.4,-1.6,0.2,1.5,.048
Tim Hardaway Jr.,2018-19,26,DAL,19,558,11.6,-3.2,-0.2,0.4,.030
Tim Hardaway Jr.,2019-20,27,DAL,71,2091,14.5,-0.1,1.0,4.4,.102
Tim Hardaway Jr.,2020-21,28,DAL,70,1985,15.7,0.4,1.2,4.3,.105
Tim Hardaway Jr.,2021-22,29,DAL,42,1245,12.7,-0.2,0.6,2.0,.077
Tim Hardaway Jr.,2022-23,30,DAL,71,2152,12.1,-1.8,0.1,2.3,.051
Tim Hardaway Jr.,2023-24,31,DAL,79,2120,12.1,-2.9,-0.5,2.2,.050
Tim Hardaway Jr.,2024-25,32,DET,77,2153,9.8,-2.1,0.0,3.5,.077
James Harden,2009-10,20,OKC,76,1738,14.0,0.5,1.1,4.5,.124
James Harden,2010-11,21,OKC,82,2189,16.4,1.9,2.2,7.1,.156
James Harden,2011-12,22,OKC,62,1946,21.1,4.3,3.1,9.3,.230
James Harden,2012-13,23,HOU,78,2985,22.9,5.6,5.8,12.8,.206
James Harden,2013-14,24,HOU,73,2777,23.5,5.6,5.3,12.8,.221
James Harden,2014-15,25,HOU,81,2981,26.7,8.8,8.1,16.4,.265
James Harden,2015-16,26,HOU,82,3125,25.3,6.6,6.8,13.3,.204
James Harden,2016-17,27,HOU,81,2947,27.4,8.7,8.0,15.0,.245
James Harden,2017-18,28,HOU,72,2551,29.8,9.9,7.7,15.4,.289
James Harden,2018-19,29,HOU,78,2867,30.6,11.0,9.3,15.2,.254
James Harden,2019-20,30,HOU,68,2483,29.1,9.6,7.3,13.1,.254
James Harden,2020-21,31,2TM,44,1609,24.5,7.2,3.7,7.0,.208
James Harden,2020-21,31,HOU,8,290,22.4,4.8,0.5,1.0,.159
James Harden,2020-21,31,BRK,36,1319,25.0,7.7,3.2,6.0,.219
James Harden,2021-22,32,2TM,65,2419,20.9,4.0,3.7,7.6,.152
James Harden,2021-22,32,BRK,44,1627,20.4,4.1,2.5,4.4,.130
James Harden,2021-22,32,PHI,21,792,21.8,3.8,1.2,3.3,.197
James Harden,2022-23,33,PHI,58,2135,21.6,5.4,4.0,8.4,.188
James Harden,2023-24,34,LAC,72,2470,18.6,4.1,3.8,8.4,.163
James Harden,2024-25,35,LAC,79,2789,20.0,4.3,4.4,8.3,.143
Reggie Harding,1963-64,21,DET,39,1158,12.4,,,0.0,.000
Reggie Harding,1964-65,22,DET,78,2699,13.0,,,3.1,.056
Reggie Harding,1965-66,,Did not play - suspended,,,,,,,
Reggie Harding,1966-67,24,DET,74,1367,12.0,,,2.6,.090
Reggie Harding,1967-68,25,2TM,39,1145,14.1,,,1.6,.066
Reggie Harding,1967-68,25,CHI,14,305,8.0,,,0.0,-0.002
Reggie Harding,1967-68,25,INA,25,840,16.4,,,1.6,.091
Charlie Hardnett,1962-63,24,CHZ,78,1657,16.2,,,2.3,.067
Charlie Hardnett,1963-64,25,BAL,66,617,15.8,,,1.0,.077
Charlie Hardnett,1964-65,26,BAL,20,200,8.4,,,-0.3,-0.074
Alan Hardy,1980-81,23,LAL,22,111,7.5,-6.3,-0.2,-0.2,-0.072
Alan Hardy,1981-82,24,DET,38,310,10.5,-3.7,-0.1,0.2,.028
Darrell Hardy,1967-68,,HSM,17,172,19.3,,,0.5,.149
Jaden Hardy,2022-23,20,DAL,48,708,14.6,-2.3,0.0,0.7,.048
Jaden Hardy,2023-24,21,DAL,73,989,11.2,-4.1,-0.5,0.3,.014
Jaden Hardy,2024-25,22,DAL,57,907,10.4,-4.7,-0.6,-0.3,-0.016
James Hardy,1978-79,22,NOJ,68,1456,10.7,-1.9,0.0,1.3,.043
James Hardy,1979-80,23,UTA,76,1600,11.8,-1.4,0.2,1.8,.054
James Hardy,1980-81,24,UTA,23,509,11.9,-0.4,0.2,0.7,.064
James Hardy,1981-82,25,UTA,82,1814,11.4,-0.7,0.6,2.5,.066
Ira Harge,1964-65,,Did not play - other pro league,,,,,,,
Ira Harge,1965-66,,Did not play - other pro league,,,,,,,
Ira Harge,1966-67,,Did not play - unsigned,,,,,,,
Ira Harge,1967-68,26,2TM,82,2699,12.3,,,2.6,.046
Ira Harge,1967-68,26,PTP,52,1652,10.5,,,2.1,.060
Ira Harge,1967-68,26,OAK,30,1047,15.1,,,0.5,.025
Ira Harge,1968-69,27,OAK,78,2095,10.8,,,3.5,.079
Ira Harge,1969-70,28,WSA,84,2991,13.1,,,3.4,.055
Ira Harge,1970-71,29,2TM,82,2934,14.3,,,4.0,.066
Ira Harge,1970-71,29,CAR,29,892,11.5,,,0.8,.042
Ira Harge,1970-71,29,FLO,53,2042,15.6,,,3.3,.077
Ira Harge,1971-72,30,2TM,84,2264,11.9,,,2.7,.058
Ira Harge,1971-72,30,FLO,53,1809,12.0,,,1.9,.050
Ira Harge,1971-72,30,UTS,31,455,11.3,,,0.9,.091
Ira Harge,1972-73,31,2TM,17,177,2.3,,,0.0,-0.005
Ira Harge,1972-73,31,UTS,13,100,6.1,,,0.1,.038
Ira Harge,1972-73,31,CAR,4,77,-2.6,,,-0.1,-0.060
John Hargis,1949-50,29,AND,60,,,,,8.4,
John Hargis,1950-51,30,2TM,29,,,,,0.7,
John Hargis,1950-51,30,FTW,14,,,,,0.4,
John Hargis,1950-51,30,TRI,15,,,,,0.3,
Elijah Harkless,2024-25,24,UTA,10,138,7.8,-3.8,-0.1,0.1,.023
Maurice Harkless,2012-13,19,ORL,76,1974,12.5,-1.3,0.4,2.4,.059
Maurice Harkless,2013-14,20,ORL,80,1950,11.8,-0.4,0.8,2.8,.068
Maurice Harkless,2014-15,21,ORL,45,674,8.4,-3.6,-0.3,0.3,.021
Maurice Harkless,2015-16,22,POR,78,1457,13.3,-0.5,0.5,2.9,.096
Maurice Harkless,2016-17,23,POR,77,2223,13.1,-0.6,0.8,4.2,.091
Maurice Harkless,2017-18,24,POR,59,1264,12.6,1.4,1.1,3.2,.123
Maurice Harkless,2018-19,25,POR,60,1415,13.2,0.7,1.0,3.4,.114
Maurice Harkless,2019-20,26,2TM,62,1427,9.8,-0.7,0.5,2.7,.090
Maurice Harkless,2019-20,26,LAC,50,1141,9.7,0.0,0.6,2.3,.095
Maurice Harkless,2019-20,26,NYK,12,286,10.1,-3.5,-0.1,0.4,.069
Maurice Harkless,2020-21,27,2TM,37,772,8.1,-3.7,-0.3,0.6,.038
Maurice Harkless,2020-21,27,MIA,11,124,4.6,-2.8,0.0,0.1,.046
Maurice Harkless,2020-21,27,SAC,26,648,8.8,-3.8,-0.3,0.5,.036
Maurice Harkless,2021-22,28,SAC,47,863,7.7,-3.3,-0.3,0.5,.026
Jerry Harkness,1963-64,23,NYK,5,59,11.9,,,0.0,-0.017
Jerry Harkness,1964-65,,Did not play - other pro league,,,,,,,
Jerry Harkness,1965-66,,Did not play - other pro league,,,,,,,
Jerry Harkness,1966-67,,Did not play - other pro league,,,,,,,
Jerry Harkness,1967-68,27,INA,71,1241,15.3,,,2.9,.110
Jerry Harkness,1968-69,28,INA,10,272,9.3,,,0.5,.092
Skip Harlicka,1968-69,22,ATL,26,218,14.8,,,0.5,.119
Skip Harlicka,1969-70,,Did not play - military service,,,,,,,
Jerome Harmon,1994-95,25,PHI,10,158,10.1,-3.2,0.0,0.0,.009
Derek Harper,1983-84,22,DAL,82,1712,10.5,-1.3,0.3,1.3,.035
Derek Harper,1984-85,23,DAL,82,2218,15.2,2.1,2.3,5.4,.116
Derek Harper,1985-86,24,DAL,79,2150,18.8,3.4,2.9,6.2,.138
Derek Harper,1986-87,25,DAL,77,2556,20.0,5.2,4.6,9.4,.177
Derek Harper,1987-88,26,DAL,82,3032,18.1,3.5,4.2,9.1,.145
Derek Harper,1988-89,27,DAL,81,2968,18.3,3.2,3.9,8.0,.130
Derek Harper,1989-90,28,DAL,82,3007,19.8,4.7,5.0,9.9,.158
Derek Harper,1990-91,29,DAL,77,2879,19.4,3.1,3.7,7.6,.127
Derek Harper,1991-92,30,DAL,65,2252,16.7,1.1,1.8,3.5,.075
Derek Harper,1992-93,31,DAL,62,2108,15.9,0.6,1.4,2.7,.062
Derek Harper,1993-94,32,2TM,82,2204,12.3,0.1,1.2,4.0,.086
Derek Harper,1993-94,32,DAL,28,893,10.2,-2.7,-0.2,0.0,-0.002
Derek Harper,1993-94,32,NYK,54,1311,13.7,2.1,1.4,4.0,.146
Derek Harper,1994-95,33,NYK,80,2716,12.6,0.2,1.5,6.4,.113
Derek Harper,1995-96,34,NYK,82,2893,13.9,0.5,1.8,6.3,.105
Derek Harper,1996-97,35,DAL,75,2210,12.9,-1.4,0.3,2.7,.058
Derek Harper,1997-98,36,ORL,66,1761,11.5,-1.3,0.3,2.3,.063
Derek Harper,1998-99,37,LAL,45,1120,12.8,-0.1,0.5,2.0,.086
Jared Harper,2019-20,22,PHO,3,8,-5.3,-15.7,0.0,0.0,-0.249
Jared Harper,2020-21,23,NYK,8,16,-10.8,-22.1,-0.1,-0.1,-0.365
Jared Harper,2021-22,24,NOP,5,43,36.9,17.3,0.2,0.4,.422
Justin Harper,2011-12,22,ORL,14,84,1.7,-9.9,-0.2,-0.3,-0.145
Justin Harper,2012-13,,Did not play - other pro league,,,,,,,
Justin Harper,2013-14,,Did not play - other pro league,,,,,,,
Justin Harper,2014-15,,Did not play - other pro league,,,,,,,
Justin Harper,2015-16,26,DET,5,35,6.9,-4.2,0.0,0.0,.039
Justin Harper,2016-17,27,PHI,3,31,4.9,-10.3,-0.1,-0.1,-0.103
Mike Harper,1980-81,23,POR,55,461,8.4,-4.4,-0.3,0.1,.006
Mike Harper,1981-82,24,POR,68,1433,12.2,-1.7,0.1,2.4,.080
Ron Harper,1986-87,23,CLE,82,3064,17.2,1.8,3.0,4.2,.066
Ron Harper,1987-88,24,CLE,57,1830,16.6,2.3,2.0,3.5,.092
Ron Harper,1988-89,25,CLE,82,2851,19.8,4.7,4.8,10.2,.171
Ron Harper,1989-90,26,2TM,35,1367,20.2,4.6,2.3,3.9,.138
Ron Harper,1989-90,26,CLE,7,262,21.3,4.2,0.4,0.8,.138
Ron Harper,1989-90,26,LAC,28,1105,20.0,4.7,1.9,3.2,.138
Ron Harper,1990-91,27,LAC,39,1383,14.5,1.0,1.0,0.9,.030
Ron Harper,1991-92,28,LAC,82,3144,15.4,1.6,2.8,5.6,.085
Ron Harper,1992-93,29,LAC,80,2970,16.1,1.8,2.9,6.0,.097
Ron Harper,1993-94,30,LAC,75,2856,15.7,0.1,1.5,2.9,.049
Ron Harper,1994-95,31,CHI,77,1536,12.2,-0.5,0.6,2.4,.073
Ron Harper,1995-96,32,CHI,80,1886,14.4,2.6,2.2,6.3,.161
Ron Harper,1996-97,33,CHI,76,1740,13.6,2.7,2.1,5.7,.157
Ron Harper,1997-98,34,CHI,82,2284,14.7,1.9,2.3,7.2,.151
Ron Harper,1998-99,35,CHI,35,1107,14.7,1.4,1.0,1.2,.053
Ron Harper,1999-00,36,LAL,80,2042,12.0,0.6,1.3,4.0,.093
Ron Harper,2000-01,37,LAL,47,1139,12.5,0.2,0.6,1.8,.077
Ron Harper Jr.,2022-23,22,TOR,9,48,15.7,1.2,0.0,0.2,.158
Ron Harper Jr.,2023-24,23,TOR,1,4,0.0,-8.8,0.0,0.0,.087
Ron Harper Jr.,2024-25,24,DET,1,17,7.9,-14.7,0.0,0.0,-0.060
Matt Harpring,1998-99,22,ORL,50,1114,13.0,-1.7,0.1,2.6,.113
Matt Harpring,1999-00,23,ORL,4,63,14.2,3.2,0.1,0.2,.146
Matt Harpring,2000-01,24,CLE,56,1615,13.3,-1.3,0.3,2.6,.077
Matt Harpring,2001-02,25,PHI,81,2541,14.1,-0.8,0.8,6.1,.115
Matt Harpring,2002-03,26,UTA,78,2557,19.3,1.9,2.6,8.8,.166
Matt Harpring,2003-04,27,UTA,31,1134,16.1,-0.8,0.3,2.8,.116
Matt Harpring,2004-05,28,UTA,78,2584,15.5,-0.3,1.1,5.5,.102
Matt Harpring,2005-06,29,UTA,71,1944,16.3,-0.6,0.7,4.7,.115
Matt Harpring,2006-07,30,UTA,77,1965,14.7,-1.0,0.5,4.7,.115
Matt Harpring,2007-08,31,UTA,76,1374,14.1,-1.9,0.0,2.8,.096
Matt Harpring,2008-09,32,UTA,63,693,12.3,-2.8,-0.2,1.2,.086
Matt Harpring,2009-10,,Did not play - illness,,,,,,,
Montrezl Harrell,2015-16,22,HOU,39,379,14.6,-0.6,0.1,0.9,.118
Montrezl Harrell,2016-17,23,HOU,58,1064,19.2,1.0,0.8,4.1,.183
Montrezl Harrell,2017-18,24,LAC,76,1293,24.7,3.3,1.7,5.5,.205
Montrezl Harrell,2018-19,25,LAC,82,2158,23.4,3.3,2.9,8.7,.193
Montrezl Harrell,2019-20,26,LAC,63,1749,23.2,2.9,2.2,7.0,.191
Montrezl Harrell,2020-21,27,LAL,69,1580,22.7,3.0,2.0,7.3,.221
Montrezl Harrell,2021-22,28,2TM,71,1641,23.2,3.9,2.4,7.3,.213
Montrezl Harrell,2021-22,28,WAS,46,1117,23.9,4.8,1.9,5.1,.218
Montrezl Harrell,2021-22,28,CHO,25,524,21.7,1.8,0.5,2.2,.203
Montrezl Harrell,2022-23,29,PHI,57,681,17.6,-1.3,0.1,2.2,.153
Montrezl Harrell,2023-24,,Did not play - injury,,,,,,,
Josh Harrellson,2011-12,22,NYK,37,540,13.7,0.1,0.3,1.4,.127
Josh Harrellson,2012-13,23,MIA,6,31,8.5,-5.9,0.0,0.0,.002
Josh Harrellson,2013-14,24,DET,32,317,13.4,-0.7,0.1,0.7,.108
Adam Harrington,2002-03,22,2TM,19,111,7.4,-5.2,-0.1,0.0,.017
Adam Harrington,2002-03,22,DAL,13,37,1.4,-11.1,-0.1,-0.1,-0.164
Adam Harrington,2002-03,22,DEN,6,74,10.4,-2.3,0.0,0.2,.108
Al Harrington,1998-99,18,IND,21,160,6.4,-9.0,-0.3,-0.2,-0.049
Al Harrington,1999-00,19,IND,50,854,10.8,-3.4,-0.3,1.0,.057
Al Harrington,2000-01,20,IND,78,1892,10.2,-3.4,-0.7,1.2,.031
Al Harrington,2001-02,21,IND,44,1313,14.3,-1.9,0.0,2.6,.094
Al Harrington,2002-03,22,IND,82,2467,12.4,-2.8,-0.5,3.9,.075
Al Harrington,2003-04,23,IND,79,2441,14.9,-0.7,0.8,5.9,.116
Al Harrington,2004-05,24,ATL,66,2550,14.4,-2.2,-0.1,1.6,.030
Al Harrington,2005-06,25,ATL,76,2782,16.0,-1.3,0.5,3.8,.065
Al Harrington,2006-07,26,2TM,78,2563,14.8,-0.9,0.7,4.3,.080
Al Harrington,2006-07,26,IND,36,1208,13.4,-1.6,0.1,1.5,.059
Al Harrington,2006-07,26,GSW,42,1355,16.1,-0.3,0.6,2.8,.099
Al Harrington,2007-08,27,GSW,81,2190,15.6,0.2,1.2,5.4,.118
Al Harrington,2008-09,28,2TM,73,2546,15.9,-0.2,1.2,3.9,.073
Al Harrington,2008-09,28,GSW,5,166,8.8,-2.3,0.0,-0.1,-0.030
Al Harrington,2008-09,28,NYK,68,2380,16.4,0.0,1.2,4.0,.080
Al Harrington,2009-10,29,NYK,72,2195,16.8,-0.8,0.6,3.5,.077
Al Harrington,2010-11,30,DEN,73,1665,12.3,-1.7,0.1,2.1,.060
Al Harrington,2011-12,31,DEN,64,1761,15.3,-0.4,0.7,3.2,.088
Al Harrington,2012-13,32,ORL,10,119,10.3,-4.5,-0.1,0.0,-0.012
Al Harrington,2013-14,33,WAS,34,511,9.7,-4.2,-0.3,0.4,.035
Al Harrington,2014-15,,Did not play - other pro league,,,,,,,
Al Harrington,2015-16,,Did not play - other pro league,,,,,,,
Junior Harrington,2002-03,22,DEN,82,2003,6.4,-5.1,-1.6,-0.4,-0.009
Junior Harrington,2003-04,,Did not play - other pro league,,,,,,,
Junior Harrington,2004-05,24,NOH,29,550,7.7,-3.9,-0.3,-0.3,-0.028
Junior Harrington,2005-06,,Did not play - other pro league,,,,,,,
Junior Harrington,2006-07,26,MEM,29,543,8.9,-4.6,-0.4,-0.2,-0.015
Othella Harrington,1996-97,23,HOU,57,860,10.8,-4.7,-0.6,1.4,.079
Othella Harrington,1997-98,24,HOU,58,903,13.7,-3.6,-0.3,1.7,.092
Othella Harrington,1998-99,25,HOU,41,903,16.1,-3.4,-0.3,2.2,.115
Othella Harrington,1999-00,26,VAN,82,2677,13.3,-3.5,-1.0,3.0,.054
Othella Harrington,2000-01,27,2TM,74,1815,12.0,-3.3,-0.6,2.5,.067
Othella Harrington,2000-01,27,VAN,44,1267,11.7,-4.0,-0.6,0.9,.035
Othella Harrington,2000-01,27,NYK,30,548,12.9,-1.6,0.1,1.6,.140
Othella Harrington,2001-02,28,NYK,77,1563,13.0,-2.9,-0.4,3.0,.092
Othella Harrington,2002-03,29,NYK,74,1850,12.3,-2.8,-0.4,3.8,.098
Othella Harrington,2003-04,30,NYK,56,872,9.0,-4.6,-0.6,0.8,.046
Othella Harrington,2004-05,31,CHI,70,1271,14.5,-1.3,0.2,3.6,.135
Othella Harrington,2005-06,32,CHI,72,824,11.1,-3.9,-0.4,1.1,.063
Othella Harrington,2006-07,33,CHA,26,220,5.0,-8.2,-0.3,0.0,.003
Othella Harrington,2007-08,34,CHA,22,166,5.8,-9.2,-0.3,0.0,-0.010
Art Harris,1968-69,22,SEA,80,2556,9.0,,,-0.4,-0.007
Art Harris,1969-70,23,2TM,81,1553,9.3,,,-1.4,-0.044
Art Harris,1969-70,23,SEA,5,178,7.6,,,-0.2,-0.066
Art Harris,1969-70,23,PHO,76,1375,9.5,,,-1.2,-0.041
Art Harris,1970-71,24,PHO,56,952,11.5,,,0.4,.021
Art Harris,1971-72,25,PHO,21,145,4.8,,,-0.4,-0.119
Bernie Harris,1974-75,24,BUF,11,25,3.6,-5.3,-0.1,-0.1,-0.190
Billy Harris,1973-74,,Did not play - waived,,,,,,,
Billy Harris,1974-75,23,SDA,76,1221,10.5,-4.7,-0.8,-0.4,-0.016
Bob Harris,1949-50,22,FTW,62,,,,,5.0,
Bob Harris,1950-51,23,2TM,56,,,,,1.0,
Bob Harris,1950-51,23,FTW,12,,,,,-0.2,
Bob Harris,1950-51,23,BOS,44,,,,,1.2,
Bob Harris,1951-52,24,BOS,66,1899,14.2,,,4.3,.110
Bob Harris,1952-53,25,BOS,70,1971,12.6,,,3.4,.084
Bob Harris,1953-54,26,BOS,71,1898,11.1,,,1.9,.048
Chris Harris,1955-56,22,2TM,41,420,3.7,,,-0.8,-0.095
Chris Harris,1955-56,22,STL,15,168,4.0,,,-0.3,-0.097
Chris Harris,1955-56,22,ROC,26,252,3.5,,,-0.5,-0.094
Devin Harris,2004-05,21,DAL,76,1173,14.7,1.9,1.2,2.7,.111
Devin Harris,2005-06,22,DAL,56,1275,17.4,1.4,1.1,3.7,.139
Devin Harris,2006-07,23,DAL,80,2081,16.0,1.2,1.7,6.5,.151
Devin Harris,2007-08,24,2TM,64,2022,17.5,1.0,1.5,5.6,.132
Devin Harris,2007-08,24,DAL,39,1184,18.0,1.4,1.0,3.9,.158
Devin Harris,2007-08,24,NJN,25,838,16.7,0.3,0.5,1.7,.096
Devin Harris,2008-09,25,NJN,69,2494,21.6,2.8,3.0,7.5,.145
Devin Harris,2009-10,26,NJN,64,2221,16.2,-0.8,0.7,2.7,.057
Devin Harris,2010-11,27,2TM,71,2254,17.2,0.6,1.5,4.2,.089
Devin Harris,2010-11,27,NJN,54,1724,17.6,1.2,1.4,3.4,.096
Devin Harris,2010-11,27,UTA,17,530,15.7,-1.5,0.1,0.8,.068
Devin Harris,2011-12,28,UTA,63,1741,16.0,0.8,1.2,4.2,.115
Devin Harris,2012-13,29,ATL,58,1421,14.6,0.1,0.8,3.3,.111
Devin Harris,2013-14,30,DAL,40,818,14.6,-0.5,0.3,1.6,.094
Devin Harris,2014-15,31,DAL,76,1685,14.8,1.4,1.4,4.2,.120
Devin Harris,2015-16,32,DAL,64,1280,13.1,0.1,0.7,2.5,.095
Devin Harris,2016-17,33,DAL,65,1087,13.8,-0.4,0.4,2.2,.096
Devin Harris,2017-18,34,2TM,71,1340,13.0,-1.8,0.1,2.5,.089
Devin Harris,2017-18,34,DAL,44,807,13.5,-1.0,0.2,1.4,.085
Devin Harris,2017-18,34,DEN,27,533,12.4,-2.9,-0.1,1.1,.096
Devin Harris,2018-19,35,DAL,68,1071,10.7,-2.2,-0.1,1.5,.068
Elias Harris,2013-14,24,LAL,2,11,7.6,0.3,0.0,0.0,.018
Gary Harris,2014-15,20,DEN,55,719,4.9,-5.3,-0.6,-0.7,-0.046
Gary Harris,2015-16,21,DEN,76,2439,12.7,-0.9,0.7,4.0,.079
Gary Harris,2016-17,22,DEN,57,1782,16.5,0.7,1.2,4.6,.124
Gary Harris,2017-18,23,DEN,67,2304,16.5,0.8,1.7,5.5,.114
Gary Harris,2018-19,24,DEN,57,1639,12.2,-1.6,0.2,2.6,.076
Gary Harris,2019-20,25,DEN,56,1780,9.7,-2.5,-0.2,1.9,.052
Gary Harris,2020-21,26,2TM,39,1080,9.1,-4.2,-0.6,0.7,.033
Gary Harris,2020-21,26,DEN,19,581,9.3,-2.8,-0.1,0.8,.065
Gary Harris,2020-21,26,ORL,20,499,9.0,-5.8,-0.5,0.0,-0.005
Gary Harris,2021-22,27,ORL,61,1730,10.9,-2.4,-0.2,2.2,.060
Gary Harris,2022-23,28,ORL,48,1184,10.5,-0.7,0.4,2.3,.095
Gary Harris,2023-24,29,ORL,54,1297,9.4,-1.2,0.3,2.7,.099
Gary Harris,2024-25,30,ORL,48,711,6.9,-2.7,-0.1,1.0,.067
Jalen Harris,2020-21,22,TOR,13,172,15.2,0.3,0.1,0.3,.079
Joe Harris,2014-15,23,CLE,51,493,5.6,-5.6,-0.4,0.2,.018
Joe Harris,2015-16,24,CLE,5,15,3.4,-5.9,0.0,0.0,-0.032
Joe Harris,2016-17,25,BRK,52,1138,9.0,-3.5,-0.4,0.8,.032
Joe Harris,2017-18,26,BRK,78,1975,13.3,0.1,1.0,4.0,.097
Joe Harris,2018-19,27,BRK,76,2293,13.5,0.5,1.4,5.5,.116
Joe Harris,2019-20,28,BRK,69,2123,13.3,-0.2,1.0,4.3,.097
Joe Harris,2020-21,29,BRK,69,2141,14.1,0.4,1.3,5.2,.117
Joe Harris,2021-22,30,BRK,14,423,9.6,-1.4,0.1,0.5,.060
Joe Harris,2022-23,31,BRK,74,1527,10.6,-1.1,0.3,2.6,.083
Joe Harris,2023-24,32,DET,16,170,4.6,-5.9,-0.2,0.0,.001
Kevon Harris,2022-23,25,ORL,34,457,9.2,-3.6,-0.2,0.6,.065
Kevon Harris,2023-24,26,ORL,2,6,11.1,-15.8,0.0,0.0,.038
Lucious Harris,1993-94,23,DAL,77,1165,11.0,-3.1,-0.3,0.6,.025
Lucious Harris,1994-95,24,DAL,79,1695,15.1,0.9,1.3,4.1,.117
Lucious Harris,1995-96,25,DAL,61,1016,15.5,0.2,0.6,2.1,.101
Lucious Harris,1996-97,26,PHI,54,813,10.7,-2.5,-0.1,0.4,.023
Lucious Harris,1997-98,27,NJN,50,671,10.4,-1.3,0.1,1.1,.080
Lucious Harris,1998-99,28,NJN,36,602,11.0,-3.0,-0.2,0.8,.063
Lucious Harris,1999-00,29,NJN,77,1510,13.3,-0.5,0.6,2.8,.089
Lucious Harris,2000-01,30,NJN,73,2071,12.9,-0.7,0.7,3.1,.073
Lucious Harris,2001-02,31,NJN,74,1553,15.7,1.4,1.3,5.1,.157
Lucious Harris,2002-03,32,NJN,77,1973,13.5,-0.1,1.0,4.7,.114
Lucious Harris,2003-04,33,NJN,69,1504,11.1,-2.2,-0.1,2.5,.081
Lucious Harris,2004-05,34,CLE,73,1128,9.0,-3.2,-0.3,1.3,.055
Manny Harris,2010-11,21,CLE,54,933,10.4,-3.5,-0.4,0.0,.002
Manny Harris,2011-12,22,CLE,26,456,11.7,-2.3,0.0,0.3,.030
Manny Harris,2012-13,,Did not play - other pro league,,,,,,,
Manny Harris,2013-14,24,LAL,9,180,10.9,-3.3,-0.1,0.0,.002
Manny Harris,2014-15,,Did not play - other pro league,,,,,,,
Manny Harris,2015-16,,Did not play - other pro league,,,,,,,
Manny Harris,2016-17,27,DAL,4,25,-2.2,-14.8,-0.1,-0.2,-0.364
Mike Harris,2007-08,24,HOU,17,159,17.1,0.3,0.1,0.5,.143
Mike Harris,2008-09,,Did not play - other pro league,,,,,,,
Mike Harris,2009-10,26,2TM,13,96,7.2,-7.9,-0.1,-0.1,-0.037
Mike Harris,2009-10,26,HOU,8,82,6.4,-8.8,-0.1,-0.1,-0.073
Mike Harris,2009-10,26,WAS,5,14,11.9,-2.4,0.0,0.1,.179
Mike Harris,2010-11,27,HOU,4,16,17.9,-2.4,0.0,0.0,.102
Mike Harris,2011-12,,Did not play - other pro league,,,,,,,
Mike Harris,2012-13,,Did not play - other pro league,,,,,,,
Mike Harris,2013-14,30,UTA,20,225,15.3,0.3,0.1,0.5,.116
Steve Harris,1985-86,22,HOU,57,482,14.0,-2.4,-0.1,0.8,.078
Steve Harris,1986-87,23,HOU,74,1174,12.9,-2.7,-0.2,1.3,.052
Steve Harris,1987-88,24,2TM,58,1084,14.0,-2.0,0.0,1.2,.052
Steve Harris,1987-88,24,HOU,14,199,12.1,-1.5,0.0,0.3,.071
Steve Harris,1987-88,24,GSW,44,885,14.5,-2.1,0.0,0.9,.048
Steve Harris,1988-89,25,DET,3,7,18.3,-0.5,0.0,0.0,.181
Steve Harris,1989-90,26,LAC,15,93,6.0,-7.8,-0.1,-0.1,-0.061
Terrel Harris,2011-12,24,MIA,22,318,6.7,-5.1,-0.3,0.1,.011
Terrel Harris,2012-13,25,2TM,20,137,-3.8,-12.6,-0.4,-0.6,-0.219
Terrel Harris,2012-13,25,MIA,7,29,7.2,-9.8,-0.1,0.0,-0.040
Terrel Harris,2012-13,25,NOH,13,108,-6.8,-13.3,-0.3,-0.6,-0.267
Tobias Harris,2011-12,19,MIL,42,479,14.2,-1.9,0.0,0.9,.087
Tobias Harris,2012-13,20,2TM,55,1299,16.0,-0.5,0.5,2.4,.089
Tobias Harris,2012-13,20,MIL,28,325,13.0,-2.1,0.0,0.5,.080
Tobias Harris,2012-13,20,ORL,27,974,17.0,0.0,0.5,1.9,.092
Tobias Harris,2013-14,21,ORL,61,1850,16.5,-0.7,0.6,4.1,.107
Tobias Harris,2014-15,22,ORL,68,2369,16.7,0.5,1.5,4.8,.098
Tobias Harris,2015-16,23,2TM,76,2513,16.2,1.5,2.2,6.6,.126
Tobias Harris,2015-16,23,ORL,49,1610,15.0,0.6,1.0,3.3,.099
Tobias Harris,2015-16,23,DET,27,903,18.2,3.1,1.2,3.3,.174
Tobias Harris,2016-17,24,DET,82,2567,16.9,1.6,2.3,6.8,.128
Tobias Harris,2017-18,25,2TM,80,2668,17.1,1.9,2.6,6.7,.120
Tobias Harris,2017-18,25,DET,48,1563,16.7,1.7,1.5,4.1,.125
Tobias Harris,2017-18,25,LAC,32,1105,17.7,2.1,1.2,2.6,.112
Tobias Harris,2018-19,26,2TM,82,2847,17.2,1.6,2.6,7.1,.120
Tobias Harris,2018-19,26,LAC,55,1903,18.2,2.4,2.1,5.0,.127
Tobias Harris,2018-19,26,PHI,27,944,15.3,-0.1,0.5,2.1,.105
Tobias Harris,2019-20,27,PHI,72,2469,17.2,0.8,1.8,6.2,.121
Tobias Harris,2020-21,28,PHI,62,2014,20.0,3.7,2.9,7.1,.170
Tobias Harris,2021-22,29,PHI,73,2543,15.9,0.0,1.3,5.6,.105
Tobias Harris,2022-23,30,PHI,74,2436,14.8,0.7,1.7,5.9,.116
Tobias Harris,2023-24,31,PHI,70,2368,16.5,0.9,1.7,5.9,.121
Tobias Harris,2024-25,32,DET,73,2305,13.9,0.1,1.2,5.2,.108
Tony Harris,1990-91,23,PHI,6,41,-5.0,-16.4,-0.1,-0.2,-0.248
Tony Harris,1991-92,,Did not play - other pro league,,,,,,,
Tony Harris,1992-93,,Did not play - other pro league,,,,,,,
Tony Harris,1993-94,26,BOS,5,88,14.9,1.2,0.1,0.2,.106
Tony Harris,1994-95,27,BOS,3,18,17.6,-4.5,0.0,0.1,.172
Aaron Harrison,2015-16,21,CHO,21,93,4.3,-6.3,-0.1,0.0,-0.014
Aaron Harrison,2016-17,22,CHO,5,17,-2.2,-11.8,0.0,-0.1,-0.146
Aaron Harrison,2017-18,23,DAL,9,233,5.1,-7.5,-0.3,-0.1,-0.014
Andrew Harrison,2016-17,22,MEM,72,1474,8.7,-3.4,-0.5,1.6,.051
Andrew Harrison,2017-18,23,MEM,56,1326,12.7,-1.5,0.2,1.7,.062
Andrew Harrison,2018-19,24,3TM,17,187,5.8,-7.1,-0.2,-0.1,-0.027
Andrew Harrison,2018-19,24,MEM,1,5,4.6,-15.4,0.0,0.0,-0.013
Andrew Harrison,2018-19,24,CLE,10,144,6.6,-6.2,-0.2,-0.1,-0.022
Andrew Harrison,2018-19,24,NOP,6,38,3.1,-9.2,-0.1,0.0,-0.051
Bob Harrison,1949-50,22,MNL,66,,,,,3.5,
Bob Harrison,1950-51,23,MNL,68,,,,,3.3,
Bob Harrison,1951-52,24,MNL,65,1712,8.3,,,2.2,.061
Bob Harrison,1952-53,25,MNL,70,1643,10.5,,,2.9,.084
Bob Harrison,1953-54,26,2TM,64,1443,7.6,,,0.0,-0.001
Bob Harrison,1953-54,26,MNL,40,619,6.1,,,0.2,.017
Bob Harrison,1953-54,26,MLH,24,824,8.7,,,-0.3,-0.015
Bob Harrison,1954-55,27,MLH,72,2300,8.2,,,-0.4,-0.008
Bob Harrison,1955-56,28,STL,72,2219,8.0,,,0.9,.019
Bob Harrison,1956-57,29,2TM,66,1810,8.6,,,1.8,.048
Bob Harrison,1956-57,29,STL,10,48,5.1,,,-0.1,-0.060
Bob Harrison,1956-57,29,SYR,56,1762,8.7,,,1.9,.051
Bob Harrison,1957-58,30,SYR,72,1799,7.2,,,0.9,.025
David Harrison,2004-05,22,IND,43,760,12.9,-2.8,-0.2,1.4,.090
David Harrison,2005-06,23,IND,67,1034,11.8,-4.0,-0.5,1.5,.068
David Harrison,2006-07,24,IND,24,190,7.0,-7.9,-0.3,-0.2,-0.040
David Harrison,2007-08,25,IND,55,702,8.6,-5.9,-0.7,0.4,.030
Shaquille Harrison,2017-18,24,PHO,23,384,15.6,-0.7,0.1,0.8,.094
Shaquille Harrison,2018-19,25,CHI,73,1430,12.4,-1.3,0.2,1.4,.048
Shaquille Harrison,2019-20,26,CHI,43,484,17.8,2.8,0.6,1.5,.153
Shaquille Harrison,2020-21,27,2TM,34,333,6.8,-4.1,-0.2,0.2,.030
Shaquille Harrison,2020-21,27,UTA,17,56,6.5,-6.7,-0.1,0.0,-0.033
Shaquille Harrison,2020-21,27,DEN,17,277,6.9,-3.6,-0.1,0.2,.042
Shaquille Harrison,2021-22,28,BRK,2,23,4.6,-8.3,0.0,0.0,-0.067
Shaquille Harrison,2022-23,29,POR,5,120,17.9,0.1,0.1,0.3,.137
Shaquille Harrison,2023-24,30,MEM,3,6,15.9,4.6,0.0,0.0,.090
Jason Hart,2000-01,22,MIL,1,10,1.7,-10.2,0.0,0.0,-0.159
Jason Hart,2001-02,23,SAS,10,92,13.5,0.0,0.0,0.3,.142
Jason Hart,2002-03,,Did not play - other pro league,,,,,,,
Jason Hart,2003-04,25,SAS,53,660,12.3,0.2,0.4,1.9,.139
Jason Hart,2004-05,26,CHA,74,1887,16.9,1.2,1.5,4.8,.121
Jason Hart,2005-06,27,SAC,66,818,7.1,-4.7,-0.6,0.1,.006
Jason Hart,2006-07,28,2TM,36,846,12.3,-1.2,0.2,1.5,.085
Jason Hart,2006-07,28,SAC,13,100,14.5,-1.3,0.0,0.3,.160
Jason Hart,2006-07,28,LAC,23,746,12.0,-1.2,0.1,1.2,.075
Jason Hart,2007-08,29,UTA,57,606,8.0,-3.3,-0.2,0.4,.033
Jason Hart,2008-09,30,2TM,39,348,6.5,-5.7,-0.3,-0.3,-0.048
Jason Hart,2008-09,30,LAC,28,312,6.1,-5.8,-0.3,-0.4,-0.058
Jason Hart,2008-09,30,DEN,11,36,9.8,-4.9,0.0,0.0,.043
Jason Hart,2009-10,31,2TM,5,22,8.7,-0.5,0.0,0.0,-0.003
Jason Hart,2009-10,31,MIN,1,5,9.3,3.8,0.0,0.0,-0.028
Jason Hart,2009-10,31,NOH,4,17,8.5,-1.8,0.0,0.0,.004
Josh Hart,2017-18,22,LAL,63,1461,12.2,-0.1,0.7,3.4,.111
Josh Hart,2018-19,23,LAL,67,1715,9.3,-1.3,0.3,2.1,.059
Josh Hart,2019-20,24,NOP,65,1755,11.9,-0.7,0.6,3.1,.085
Josh Hart,2020-21,25,NOP,47,1349,12.2,-0.8,0.4,2.7,.097
Josh Hart,2021-22,26,2TM,54,1791,16.1,0.9,1.3,4.4,.117
Josh Hart,2021-22,26,NOP,41,1374,15.2,0.7,0.9,3.4,.119
Josh Hart,2021-22,26,POR,13,417,19.4,1.8,0.4,1.0,.112
Josh Hart,2022-23,27,2TM,76,2454,14.1,0.9,1.8,6.0,.118
Josh Hart,2022-23,27,POR,51,1704,12.7,-0.2,0.8,3.2,.091
Josh Hart,2022-23,27,NYK,25,750,17.1,3.4,1.0,2.8,.179
Josh Hart,2023-24,28,NYK,81,2707,11.8,0.0,1.4,5.7,.100
Josh Hart,2024-25,29,NYK,77,2897,16.5,2.8,3.6,9.2,.153
Isaiah Hartenstein,2018-19,20,HOU,28,221,10.0,-3.9,-0.1,0.5,.101
Isaiah Hartenstein,2019-20,21,HOU,23,266,18.6,0.3,0.2,1.1,.190
Isaiah Hartenstein,2020-21,22,2TM,46,559,17.9,-0.9,0.2,1.6,.134
Isaiah Hartenstein,2020-21,22,DEN,30,272,15.5,-3.7,-0.1,0.7,.115
Isaiah Hartenstein,2020-21,22,CLE,16,287,20.3,1.7,0.3,0.9,.151
Isaiah Hartenstein,2021-22,23,LAC,68,1216,22.0,4.5,2.0,5.5,.215
Isaiah Hartenstein,2022-23,24,NYK,82,1626,14.2,-0.3,0.7,4.6,.136
Isaiah Hartenstein,2023-24,25,NYK,75,1896,18.9,3.5,2.6,8.1,.204
Isaiah Hartenstein,2024-25,26,OKC,57,1590,18.9,3.2,2.1,6.8,.205
Antonio Harvey,1993-94,23,LAL,27,247,8.0,-6.9,-0.3,-0.2,-0.039
Antonio Harvey,1994-95,24,LAL,59,572,10.3,-4.2,-0.3,0.4,.032
Antonio Harvey,1995-96,25,2TM,55,821,8.9,-5.7,-0.8,-0.3,-0.020
Antonio Harvey,1995-96,25,VAN,18,410,9.7,-3.9,-0.2,0.1,.016
Antonio Harvey,1995-96,25,LAC,37,411,8.2,-7.5,-0.6,-0.5,-0.055
Antonio Harvey,1996-97,26,SEA,6,26,23.2,-0.1,0.0,0.1,.270
Antonio Harvey,1997-98,,Did not play - other pro league,,,,,,,
Antonio Harvey,1998-99,,Did not play - other pro league,,,,,,,
Antonio Harvey,1999-00,29,POR,19,137,10.1,-3.4,0.0,0.2,.067
Antonio Harvey,2000-01,30,POR,12,72,17.0,-1.2,0.0,0.2,.135
Antonio Harvey,2001-02,31,SEA,5,47,7.8,-3.1,0.0,0.0,-0.007
Antonio Harvey,2002-03,32,ATL,4,32,2.9,-6.6,0.0,0.0,-0.068
Donnell Harvey,2000-01,20,DAL,18,65,9.8,-6.5,-0.1,0.1,.039
Donnell Harvey,2001-02,21,2TM,47,841,14.1,-1.9,0.0,1.8,.105
Donnell Harvey,2001-02,21,DAL,18,162,10.1,-3.1,0.0,0.3,.075
Donnell Harvey,2001-02,21,DEN,29,679,15.0,-1.6,0.1,1.6,.112
Donnell Harvey,2002-03,22,DEN,77,1613,12.5,-2.4,-0.1,2.0,.059
Donnell Harvey,2003-04,23,2TM,60,783,10.4,-4.0,-0.4,0.7,.043
Donnell Harvey,2003-04,23,ORL,24,345,9.5,-4.7,-0.2,0.0,-0.005
Donnell Harvey,2003-04,23,PHO,36,438,11.1,-3.5,-0.2,0.7,.081
Donnell Harvey,2004-05,24,NJN,3,16,35.2,13.0,0.1,0.2,.484
Scott Haskin,1993-94,23,IND,27,186,11.3,-2.8,0.0,0.3,.087
Clem Haskins,1967-68,24,CHI,76,1477,13.1,,,1.6,.051
Clem Haskins,1968-69,25,CHI,79,2874,14.4,,,5.3,.088
Clem Haskins,1969-70,26,CHI,82,3214,16.5,,,6.1,.092
Clem Haskins,1970-71,27,PHO,82,2764,15.9,,,6.4,.111
Clem Haskins,1971-72,28,PHO,79,2453,15.4,,,6.8,.133
Clem Haskins,1972-73,29,PHO,77,1581,15.0,,,2.9,.089
Clem Haskins,1973-74,30,PHO,81,1822,16.0,0.2,1.0,3.4,.090
Clem Haskins,1974-75,31,WSB,70,702,11.8,-2.0,0.0,1.0,.065
Clem Haskins,1975-76,32,WSB,55,737,15.5,0.8,0.5,2.3,.148
Udonis Haslem,2002-03,,Did not play - other pro league,,,,,,,
Udonis Haslem,2003-04,23,MIA,75,1795,13.7,-2.0,0.0,4.8,.128
Udonis Haslem,2004-05,24,MIA,80,2675,15.5,0.4,1.6,9.2,.165
Udonis Haslem,2005-06,25,MIA,81,2491,13.7,-0.5,0.9,7.0,.134
Udonis Haslem,2006-07,26,MIA,79,2483,13.7,-2.3,-0.2,5.1,.099
Udonis Haslem,2007-08,27,MIA,49,1805,12.7,-2.7,-0.3,2.5,.067
Udonis Haslem,2008-09,28,MIA,75,2560,13.1,-2.3,-0.2,5.7,.106
Udonis Haslem,2009-10,29,MIA,78,2177,14.6,-1.7,0.2,6.0,.132
Udonis Haslem,2010-11,30,MIA,13,345,12.7,-2.3,0.0,0.9,.130
Udonis Haslem,2011-12,31,MIA,64,1589,10.9,-2.4,-0.2,3.5,.106
Udonis Haslem,2012-13,32,MIA,75,1414,9.9,-3.2,-0.4,3.2,.108
Udonis Haslem,2013-14,33,MIA,46,653,10.5,-3.9,-0.3,1.1,.083
Udonis Haslem,2014-15,34,MIA,62,995,10.6,-3.7,-0.4,1.4,.066
Udonis Haslem,2015-16,35,MIA,37,260,9.1,-2.6,0.0,0.4,.072
Udonis Haslem,2016-17,36,MIA,16,130,8.8,-5.3,-0.1,0.2,.074
Udonis Haslem,2017-18,37,MIA,14,72,1.8,-7.7,-0.1,-0.1,-0.059
Udonis Haslem,2018-19,38,MIA,10,74,3.6,-10.9,-0.2,-0.1,-0.075
Udonis Haslem,2019-20,39,MIA,4,44,6.5,-7.4,-0.1,0.0,.041
Udonis Haslem,2020-21,40,MIA,1,3,54.6,31.1,0.0,0.0,.475
Udonis Haslem,2021-22,41,MIA,13,83,8.6,-7.1,-0.1,0.1,.033
Udonis Haslem,2022-23,42,MIA,7,71,6.2,-12.1,-0.2,0.0,-0.009
Trenton Hassell,2001-02,22,CHI,78,2237,10.4,-2.7,-0.4,1.5,.033
Trenton Hassell,2002-03,23,CHI,82,1999,6.0,-3.4,-0.7,-0.1,-0.003
Trenton Hassell,2003-04,24,MIN,81,2264,8.2,-1.3,0.4,4.0,.084
Trenton Hassell,2004-05,25,MIN,82,2068,9.3,-2.8,-0.4,2.7,.063
Trenton Hassell,2005-06,26,MIN,77,2514,9.5,-3.1,-0.7,2.3,.044
Trenton Hassell,2006-07,27,MIN,76,2223,9.7,-1.9,0.0,2.6,.056
Trenton Hassell,2007-08,28,2TM,63,773,4.2,-5.1,-0.6,0.2,.015
Trenton Hassell,2007-08,28,DAL,37,463,4.7,-4.3,-0.3,0.3,.031
Trenton Hassell,2007-08,28,NJN,26,310,3.5,-6.4,-0.3,-0.1,-0.009
Trenton Hassell,2008-09,29,NJN,53,1094,7.2,-3.6,-0.4,0.7,.029
Trenton Hassell,2009-10,30,NJN,52,1106,6.5,-5.3,-0.9,-0.1,-0.003
Billy Hassett,1949-50,28,2TM,60,,,,,1.8,
Billy Hassett,1949-50,28,TRI,18,,,,,1.1,
Billy Hassett,1949-50,28,MNL,42,,,,,0.7,
Billy Hassett,1950-51,29,BLB,31,,,,,-0.2,
Joe Hassett,1977-78,22,SEA,48,404,11.9,-2.3,0.0,0.5,.054
Joe Hassett,1978-79,23,SEA,55,463,12.3,-1.9,0.0,0.9,.089
Joe Hassett,1979-80,24,IND,74,1135,13.0,-0.8,0.3,2.0,.085
Joe Hassett,1980-81,25,2TM,41,714,14.2,0.5,0.4,1.4,.097
Joe Hassett,1980-81,25,DAL,17,280,11.6,-3.3,-0.1,0.0,.007
Joe Hassett,1980-81,25,GSW,24,434,16.0,2.9,0.5,1.4,.156
Joe Hassett,1981-82,26,GSW,68,787,13.4,0.1,0.4,1.6,.098
Joe Hassett,1982-83,27,GSW,6,139,7.5,-3.8,-0.1,0.0,-0.008
Scott Hastings,1982-83,22,2TM,31,140,6.4,-5.3,-0.2,0.1,.031
Scott Hastings,1982-83,22,NYK,21,98,5.4,-5.7,-0.1,0.1,.054
Scott Hastings,1982-83,22,ATL,10,42,8.8,-4.5,0.0,0.0,-0.024
Scott Hastings,1983-84,23,ATL,68,1135,10.3,-2.3,-0.1,2.1,.090
Scott Hastings,1984-85,24,ATL,64,825,9.7,-2.2,-0.1,1.3,.075
Scott Hastings,1985-86,25,ATL,62,650,7.5,-3.5,-0.2,0.8,.063
Scott Hastings,1986-87,26,ATL,40,256,9.8,-1.5,0.0,0.4,.081
Scott Hastings,1987-88,27,ATL,55,403,10.8,-1.4,0.1,1.0,.125
Scott Hastings,1988-89,28,MIA,75,1206,9.4,-3.4,-0.4,1.5,.061
Scott Hastings,1989-90,29,DET,40,166,7.0,-3.1,0.0,0.3,.101
Scott Hastings,1990-91,30,DET,27,113,15.8,0.9,0.1,0.5,.216
Scott Hastings,1991-92,31,DEN,40,421,7.1,-3.9,-0.2,0.3,.040
Scott Hastings,1992-93,32,DEN,76,670,8.3,-3.2,-0.2,1.3,.091
Kirk Haston,2001-02,22,CHH,15,77,4.0,-11.3,-0.2,-0.2,-0.116
Kirk Haston,2002-03,23,NOH,12,57,-9.1,-15.9,-0.2,-0.4,-0.307
Vern Hatton,1958-59,23,2TM,64,1109,9.0,,,0.3,.011
Vern Hatton,1958-59,23,CIN,22,657,5.2,,,-0.6,-0.046
Vern Hatton,1958-59,23,PHW,42,452,14.5,,,0.9,.095
Vern Hatton,1959-60,24,PHW,67,1049,7.7,,,0.5,.025
Vern Hatton,1960-61,25,PHW,54,610,7.6,,,-0.5,-0.043
Vern Hatton,1961-62,26,2TM,40,898,9.3,,,-0.1,-0.004
Vern Hatton,1961-62,26,CHP,15,396,9.3,,,-0.1,-0.016
Vern Hatton,1961-62,26,STL,25,502,9.2,,,0.1,.006
Sam Hauser,2021-22,24,BOS,26,158,14.8,2.3,0.2,0.6,.171
Sam Hauser,2022-23,25,BOS,80,1290,12.7,1.0,1.0,3.4,.128
Sam Hauser,2023-24,26,BOS,79,1741,13.0,1.2,1.4,4.9,.134
Sam Hauser,2024-25,27,BOS,71,1541,12.8,0.8,1.1,4.4,.136
John Havlicek,1962-63,22,BOS,80,2200,15.4,,,6.4,.139
John Havlicek,1963-64,23,BOS,80,2587,16.9,,,7.7,.142
John Havlicek,1964-65,24,BOS,75,2169,16.3,,,4.5,.100
John Havlicek,1965-66,25,BOS,71,2175,16.7,,,4.3,.094
John Havlicek,1966-67,26,BOS,81,2602,19.2,,,8.3,.154
John Havlicek,1967-68,27,BOS,82,2921,17.7,,,7.6,.125
John Havlicek,1968-69,28,BOS,82,3174,17.0,,,7.3,.110
John Havlicek,1969-70,29,BOS,81,3369,20.0,,,10.6,.151
John Havlicek,1970-71,30,BOS,81,3678,20.8,,,12.5,.164
John Havlicek,1971-72,31,BOS,82,3698,20.1,,,12.4,.162
John Havlicek,1972-73,32,BOS,80,3367,18.6,,,12.1,.172
John Havlicek,1973-74,33,BOS,76,3091,17.4,2.0,3.1,9.7,.151
John Havlicek,1974-75,34,BOS,82,3132,16.7,1.7,2.9,9.7,.149
John Havlicek,1975-76,35,BOS,76,2598,15.5,1.6,2.3,7.4,.137
John Havlicek,1976-77,36,BOS,79,2913,14.7,0.6,1.9,6.1,.100
John Havlicek,1977-78,37,BOS,82,2797,14.3,-0.2,1.3,5.1,.087
Spencer Hawes,2007-08,19,SAC,71,931,11.6,-4.1,-0.5,0.6,.033
Spencer Hawes,2008-09,20,SAC,77,2259,13.0,-3.0,-0.6,0.8,.016
Spencer Hawes,2009-10,21,SAC,72,1904,13.8,-1.2,0.4,2.1,.054
Spencer Hawes,2010-11,22,PHI,81,1718,12.8,-1.9,0.0,2.4,.066
Spencer Hawes,2011-12,23,PHI,37,920,18.1,1.5,0.8,2.9,.152
Spencer Hawes,2012-13,24,PHI,82,2233,16.0,-0.5,0.9,4.5,.096
Spencer Hawes,2013-14,25,2TM,80,2470,15.7,0.6,1.6,4.5,.088
Spencer Hawes,2013-14,25,PHI,53,1666,15.3,0.2,0.9,2.6,.075
Spencer Hawes,2013-14,25,CLE,27,804,16.6,1.3,0.7,1.9,.114
Spencer Hawes,2014-15,26,LAC,73,1274,9.8,-2.3,-0.1,1.2,.044
Spencer Hawes,2015-16,27,CHO,57,1035,12.4,-0.6,0.3,1.9,.090
Spencer Hawes,2016-17,28,2TM,54,797,15.6,0.5,0.5,1.7,.102
Spencer Hawes,2016-17,28,CHO,35,626,14.8,-0.1,0.3,1.1,.086
Spencer Hawes,2016-17,28,MIL,19,171,18.6,2.8,0.2,0.6,.160
Steve Hawes,1972-73,,Did not play - other pro league,,,,,,,
Steve Hawes,1973-74,,Did not play - other pro league,,,,,,,
Steve Hawes,1974-75,24,HOU,55,897,16.7,2.4,1.0,2.5,.132
Steve Hawes,1975-76,25,2TM,72,1411,15.1,0.1,0.8,3.4,.117
Steve Hawes,1975-76,25,HOU,6,51,11.4,-2.9,0.0,0.0,.005
Steve Hawes,1975-76,25,POR,66,1360,15.2,0.2,0.8,3.4,.121
Steve Hawes,1976-77,26,ATL,44,945,14.2,-0.1,0.5,1.9,.095
Steve Hawes,1977-78,27,ATL,75,2325,16.1,1.2,1.9,6.1,.127
Steve Hawes,1978-79,28,ATL,81,2205,15.0,1.0,1.7,5.4,.118
Steve Hawes,1979-80,29,ATL,82,1853,16.2,2.1,1.9,6.0,.155
Steve Hawes,1980-81,30,ATL,74,2309,14.7,0.4,1.4,5.7,.119
Steve Hawes,1981-82,31,ATL,49,1317,14.5,1.8,1.3,3.2,.118
Steve Hawes,1982-83,32,2TM,77,1416,8.6,-3.5,-0.5,1.0,.035
Steve Hawes,1982-83,32,ATL,46,860,8.0,-4.2,-0.5,0.1,.006
Steve Hawes,1982-83,32,SEA,31,556,9.7,-2.5,-0.1,0.9,.079
Steve Hawes,1983-84,33,SEA,79,1153,9.5,-1.9,0.0,1.8,.074
Steve Hawes,1984-85,,Did not play - other pro league,,,,,,,
Bubbles Hawkins,1975-76,21,GSW,32,153,25.0,2.0,0.3,0.6,.196
Bubbles Hawkins,1976-77,22,NYN,52,1481,18.2,0.5,0.9,1.9,.063
Bubbles Hawkins,1977-78,23,NJN,15,343,13.3,-0.6,0.1,0.3,.042
Bubbles Hawkins,1978-79,24,DET,4,28,23.8,-2.3,0.1,0.1,.221
Connie Hawkins,1967-68,25,PTP,70,3146,28.7,,,17.9,.273
Connie Hawkins,1968-69,26,MNP,47,1852,29.7,,,11.3,.293
Connie Hawkins,1969-70,27,PHO,81,3312,19.7,,,10.2,.147
Connie Hawkins,1970-71,28,PHO,71,2662,19.0,,,8.6,.155
Connie Hawkins,1971-72,29,PHO,76,2798,18.7,,,9.6,.165
Connie Hawkins,1972-73,30,PHO,75,2768,16.2,,,7.5,.129
Connie Hawkins,1973-74,31,2TM,79,2761,15.5,2.2,2.9,7.1,.124
Connie Hawkins,1973-74,31,PHO,8,223,14.9,0.2,0.2,0.4,.092
Connie Hawkins,1973-74,31,LAL,71,2538,15.5,2.3,2.8,6.7,.127
Connie Hawkins,1974-75,32,LAL,43,1026,13.0,-0.6,0.4,1.1,.054
Connie Hawkins,1975-76,33,ATL,74,1907,14.3,1.3,1.6,3.5,.087
Hersey Hawkins,1988-89,22,PHI,79,2577,14.2,-0.2,1.2,4.0,.075
Hersey Hawkins,1989-90,23,PHI,82,2856,17.0,1.7,2.7,8.0,.135
Hersey Hawkins,1990-91,24,PHI,80,3110,19.4,3.3,4.1,9.8,.151
Hersey Hawkins,1991-92,25,PHI,81,3013,17.0,1.8,2.9,7.8,.124
Hersey Hawkins,1992-93,26,PHI,81,2977,18.3,2.4,3.3,8.5,.138
Hersey Hawkins,1993-94,27,CHH,82,2648,15.6,1.0,2.0,6.5,.118
Hersey Hawkins,1994-95,28,CHH,82,2731,16.3,2.5,3.1,8.7,.153
Hersey Hawkins,1995-96,29,SEA,82,2823,16.1,2.8,3.4,9.5,.161
Hersey Hawkins,1996-97,30,SEA,82,2755,17.6,4.2,4.4,10.9,.190
Hersey Hawkins,1997-98,31,SEA,82,2597,15.4,3.1,3.4,8.6,.158
Hersey Hawkins,1998-99,32,SEA,50,1644,14.0,0.9,1.2,3.5,.102
Hersey Hawkins,1999-00,33,CHI,61,1622,11.4,-1.3,0.3,2.6,.077
Hersey Hawkins,2000-01,34,CHH,59,681,14.3,2.8,0.8,2.3,.165
Jordan Hawkins,2023-24,21,NOP,67,1160,10.2,-3.1,-0.3,1.3,.053
Jordan Hawkins,2024-25,22,NOP,56,1321,9.6,-5.4,-1.2,-0.5,-0.020
Juaquin Hawkins,2002-03,29,HOU,58,685,7.3,-2.3,-0.1,0.4,.027
Marshall Hawkins,1948-49,,Did not play - other pro league,,,,,,,
Marshall Hawkins,1949-50,25,INO,39,,,,,-0.1,
Michael Hawkins,1996-97,24,BOS,29,326,10.6,-3.9,-0.2,0.2,.033
Michael Hawkins,1997-98,,Did not play - other pro league,,,,,,,
Michael Hawkins,1998-99,26,SAC,24,203,7.2,-3.7,-0.1,0.0,.011
Michael Hawkins,1999-00,27,CHH,12,36,8.8,-6.5,0.0,0.0,-0.063
Michael Hawkins,2000-01,28,CLE,10,76,3.7,-5.3,-0.1,0.0,-0.022
Tom Hawkins,1959-60,23,MNL,69,1467,10.7,,,1.2,.038
Tom Hawkins,1960-61,24,LAL,78,1846,12.1,,,3.2,.084
Tom Hawkins,1961-62,25,LAL,79,1903,10.6,,,2.1,.054
Tom Hawkins,1962-63,26,CIN,79,1721,14.0,,,2.9,.082
Tom Hawkins,1963-64,27,CIN,73,1770,10.7,,,2.3,.062
Tom Hawkins,1964-65,28,CIN,79,1864,9.0,,,1.0,.026
Tom Hawkins,1965-66,29,CIN,79,2126,9.9,,,2.5,.055
Tom Hawkins,1966-67,30,LAL,76,1798,10.3,,,2.4,.065
Tom Hawkins,1967-68,31,LAL,78,2463,10.3,,,4.1,.080
Tom Hawkins,1968-69,32,LAL,74,1507,10.1,,,2.3,.074
Nate Hawthorne,1973-74,24,LAL,33,229,12.8,-3.2,-0.1,0.1,.030
Nate Hawthorne,1974-75,25,PHO,50,618,13.3,-2.2,0.0,0.5,.035
Nate Hawthorne,1975-76,26,PHO,79,1144,11.7,-4.0,-0.6,1.1,.046
Chuck Hayes,2005-06,22,HOU,40,535,18.0,1.8,0.5,2.4,.212
Chuck Hayes,2006-07,23,HOU,78,1714,13.9,-0.7,0.6,6.4,.179
Chuck Hayes,2007-08,24,HOU,79,1575,11.2,0.8,1.1,4.4,.136
Chuck Hayes,2008-09,25,HOU,71,858,7.8,-1.5,0.1,1.6,.092
Chuck Hayes,2009-10,26,HOU,82,1773,11.7,-0.2,0.8,3.6,.098
Chuck Hayes,2010-11,27,HOU,74,2079,16.2,1.9,2.1,6.3,.146
Chuck Hayes,2011-12,28,SAC,54,1039,8.9,-3.0,-0.3,0.6,.028
Chuck Hayes,2012-13,29,SAC,74,1209,10.7,-1.4,0.2,1.5,.060
Chuck Hayes,2013-14,30,2TM,61,754,10.0,-1.8,0.0,1.4,.086
Chuck Hayes,2013-14,30,SAC,16,179,11.4,-1.6,0.0,0.3,.081
Chuck Hayes,2013-14,30,TOR,45,575,9.6,-1.9,0.0,1.1,.088
Chuck Hayes,2014-15,31,TOR,29,255,10.4,-1.0,0.1,0.5,.091
Chuck Hayes,2015-16,32,HOU,2,24,1.6,-8.1,0.0,0.0,-0.016
Elvin Hayes,1968-69,23,SDR,82,3695,18.9,,,9.6,.124
Elvin Hayes,1969-70,24,SDR,82,3665,18.3,,,8.5,.111
Elvin Hayes,1970-71,25,SDR,82,3633,19.4,,,7.8,.102
Elvin Hayes,1971-72,26,HOU,82,3461,19.4,,,7.3,.101
Elvin Hayes,1972-73,27,BAL,81,3347,17.5,,,7.6,.109
Elvin Hayes,1973-74,28,CAP,81,3602,18.2,1.7,3.4,10.6,.142
Elvin Hayes,1974-75,29,WSB,82,3465,19.0,3.3,4.6,12.5,.173
Elvin Hayes,1975-76,30,WSB,80,2975,18.4,1.3,2.5,8.1,.131
Elvin Hayes,1976-77,31,WSB,82,3364,19.8,2.8,4.1,12.1,.173
Elvin Hayes,1977-78,32,WSB,81,3246,17.1,0.6,2.1,8.3,.123
Elvin Hayes,1978-79,33,WSB,82,3105,19.1,1.2,2.5,9.4,.146
Elvin Hayes,1979-80,34,WSB,81,3183,17.2,-0.4,1.2,6.2,.094
Elvin Hayes,1980-81,35,WSB,81,2931,14.9,-1.1,0.7,5.1,.083
Elvin Hayes,1981-82,36,HOU,82,3032,14.4,-1.4,0.5,5.1,.081
Elvin Hayes,1982-83,37,HOU,81,2302,14.7,-1.4,0.4,2.4,.050
Elvin Hayes,1983-84,38,HOU,81,994,10.3,-4.4,-0.6,0.2,.010
Jarvis Hayes,2003-04,22,WAS,70,2044,9.4,-4.0,-1.1,0.5,.012
Jarvis Hayes,2004-05,23,WAS,54,1560,11.1,-2.6,-0.2,1.7,.051
Jarvis Hayes,2005-06,24,WAS,21,516,12.2,-1.4,0.1,0.7,.065
Jarvis Hayes,2006-07,25,WAS,81,1626,10.7,-2.6,-0.3,1.5,.045
Jarvis Hayes,2007-08,26,DET,82,1287,13.0,-0.6,0.5,2.9,.108
Jarvis Hayes,2008-09,27,NJN,74,1832,10.8,-2.2,-0.1,2.1,.055
Jarvis Hayes,2009-10,28,NJN,45,1033,9.7,-2.9,-0.2,0.8,.038
Jaxson Hayes,2019-20,19,NOP,64,1080,17.6,-0.3,0.5,3.9,.171
Jaxson Hayes,2020-21,20,NOP,60,964,19.1,0.6,0.6,3.5,.176
Jaxson Hayes,2021-22,21,NOP,70,1398,18.5,0.2,0.8,5.1,.174
Jaxson Hayes,2022-23,22,NOP,47,610,13.7,-1.2,0.1,1.5,.118
Jaxson Hayes,2023-24,23,LAL,70,877,14.0,-1.9,0.0,2.5,.135
Jaxson Hayes,2024-25,24,LAL,56,1093,15.8,-0.3,0.5,3.7,.162
Jim Hayes,1970-71,22,NYA,47,494,6.0,,,0.6,.057
Killian Hayes,2020-21,19,DET,26,670,5.3,-7.2,-0.9,-1.1,-0.081
Killian Hayes,2021-22,20,DET,66,1647,9.3,-3.5,-0.6,0.5,.014
Killian Hayes,2022-23,21,DET,76,2154,10.2,-3.8,-1.0,-0.5,-0.012
Killian Hayes,2023-24,22,DET,42,1008,10.5,-2.7,-0.2,0.7,.032
Killian Hayes,2024-25,23,BRK,6,162,12.7,-0.6,0.1,0.3,.095
Nigel Hayes,2017-18,23,3TM,9,122,6.4,-3.8,-0.1,-0.1,-0.034
Nigel Hayes,2017-18,23,LAL,2,11,9.8,-1.7,0.0,0.0,.069
Nigel Hayes,2017-18,23,TOR,2,6,34.9,18.2,0.0,0.0,.018
Nigel Hayes,2017-18,23,SAC,5,105,4.4,-5.2,-0.1,-0.1,-0.048
Steve Hayes,1977-78,,Did not play - other pro league,,,,,,,
Steve Hayes,1978-79,,Did not play - other pro league,,,,,,,
Steve Hayes,1979-80,,Did not play - other pro league,,,,,,,
Steve Hayes,1980-81,,Did not play - other pro league,,,,,,,
Steve Hayes,1981-82,26,2TM,35,487,10.7,-1.6,0.0,0.9,.092
Steve Hayes,1981-82,26,SAS,9,75,9.7,-3.8,0.0,0.2,.099
Steve Hayes,1981-82,26,DET,26,412,10.9,-1.2,0.1,0.8,.091
Steve Hayes,1982-83,27,CLE,65,1058,8.2,-3.8,-0.5,1.2,.055
Steve Hayes,1983-84,28,SEA,43,253,8.9,-3.1,-0.1,0.3,.061
Steve Hayes,1984-85,29,PHI,11,101,10.4,-1.9,0.0,0.3,.124
Steve Hayes,1985-86,30,UTA,58,397,5.1,-6.2,-0.4,0.2,.023
Gordon Hayward,2010-11,20,UTA,72,1218,10.7,-2.2,-0.1,1.2,.048
Gordon Hayward,2011-12,21,UTA,66,2015,15.5,1.5,1.8,4.9,.116
Gordon Hayward,2012-13,22,UTA,72,2104,16.8,2.0,2.1,5.4,.123
Gordon Hayward,2013-14,23,UTA,77,2800,16.2,0.8,2.0,3.6,.062
Gordon Hayward,2014-15,24,UTA,76,2618,20.2,4.0,4.0,8.7,.159
Gordon Hayward,2015-16,25,UTA,80,2893,18.3,2.6,3.3,8.9,.147
Gordon Hayward,2016-17,26,UTA,73,2516,22.2,5.0,4.5,10.4,.199
Gordon Hayward,2017-18,27,BOS,1,5,7.3,-7.4,0.0,0.0,.056
Gordon Hayward,2018-19,28,BOS,72,1863,15.6,0.8,1.3,4.9,.126
Gordon Hayward,2019-20,29,BOS,52,1740,18.1,2.7,2.0,5.7,.158
Gordon Hayward,2020-21,30,CHO,44,1496,17.6,1.6,1.4,3.5,.114
Gordon Hayward,2021-22,31,CHO,49,1564,15.1,-0.7,0.5,2.8,.087
Gordon Hayward,2022-23,32,CHO,50,1577,13.5,-1.4,0.2,2.0,.059
Gordon Hayward,2023-24,33,2TM,51,1245,12.8,-2.1,0.0,1.5,.058
Gordon Hayward,2023-24,33,CHO,25,798,14.2,-1.8,0.0,0.7,.041
Gordon Hayward,2023-24,33,OKC,26,447,10.3,-2.6,-0.1,0.8,.088
Lazar Hayward,2010-11,24,MIN,42,419,10.8,-2.9,-0.1,0.3,.035
Lazar Hayward,2011-12,25,OKC,26,141,3.1,-8.5,-0.2,-0.1,-0.040
Lazar Hayward,2012-13,26,MIN,4,31,11.2,-1.9,0.0,0.1,.087
Brendan Haywood,2001-02,22,WAS,62,1266,13.7,-1.3,0.2,3.1,.116
Brendan Haywood,2002-03,23,WAS,81,1930,13.5,-1.8,0.1,5.0,.125
Brendan Haywood,2003-04,24,WAS,77,1484,17.2,-0.7,0.5,3.8,.123
Brendan Haywood,2004-05,25,WAS,68,1865,16.5,-0.1,0.9,5.2,.134
Brendan Haywood,2005-06,26,WAS,79,1879,13.8,-1.7,0.2,3.9,.099
Brendan Haywood,2006-07,27,WAS,77,1740,14.2,-1.8,0.1,3.4,.095
Brendan Haywood,2007-08,28,WAS,80,2228,18.3,-0.2,1.0,6.8,.146
Brendan Haywood,2008-09,29,WAS,6,175,14.9,-2.0,0.0,0.2,.041
Brendan Haywood,2009-10,30,2TM,77,2355,16.1,-0.1,1.1,6.7,.137
Brendan Haywood,2009-10,30,WAS,49,1614,16.2,-0.4,0.7,4.5,.133
Brendan Haywood,2009-10,30,DAL,28,741,16.1,0.6,0.5,2.2,.144
Brendan Haywood,2010-11,31,DAL,72,1331,11.7,-1.9,0.0,2.9,.104
Brendan Haywood,2011-12,32,DAL,54,1146,12.9,-1.9,0.0,2.7,.114
Brendan Haywood,2012-13,33,CHA,61,1162,8.7,-6.0,-1.2,0.1,.006
Brendan Haywood,2013-14,,Did not play - injury,,,,,,,
Brendan Haywood,2014-15,35,CLE,22,119,9.1,-6.3,-0.1,0.0,.008
Spencer Haywood,1969-70,20,DNR,84,3808,28.0,,,17.1,.216
Spencer Haywood,1970-71,21,SEA,33,1162,18.0,,,2.2,.091
Spencer Haywood,1971-72,22,SEA,73,3167,19.7,,,8.7,.131
Spencer Haywood,1972-73,23,SEA,77,3259,22.7,,,10.2,.150
Spencer Haywood,1973-74,24,SEA,75,3039,19.4,2.3,3.3,9.7,.153
Spencer Haywood,1974-75,25,SEA,68,2529,19.0,1.3,2.1,7.3,.138
Spencer Haywood,1975-76,26,NYK,78,2892,17.2,-0.2,1.3,6.8,.114
Spencer Haywood,1976-77,27,NYK,31,1021,15.6,-0.6,0.4,2.1,.096
Spencer Haywood,1977-78,28,NYK,67,1765,15.7,-0.9,0.5,3.1,.083
Spencer Haywood,1978-79,29,2TM,68,2361,16.8,-1.0,0.6,4.3,.087
Spencer Haywood,1978-79,29,NYK,34,1023,15.6,-1.8,0.1,1.6,.077
Spencer Haywood,1978-79,29,NOJ,34,1338,17.7,-0.4,0.5,2.7,.096
Spencer Haywood,1979-80,30,LAL,76,1544,13.9,-2.3,-0.1,3.1,.095
Spencer Haywood,1980-81,,Did not play - other pro league,,,,,,,
Spencer Haywood,1981-82,32,WSB,76,2086,13.2,-1.8,0.1,3.6,.083
Spencer Haywood,1982-83,33,WSB,38,775,10.0,-4.6,-0.5,0.4,.025
John Hazen,1948-49,21,BOS,6,,,,,0.2,
Walt Hazzard,1964-65,22,LAL,66,919,9.3,,,0.2,.013
Walt Hazzard,1965-66,23,LAL,80,2198,14.9,,,4.5,.099
Walt Hazzard,1966-67,24,LAL,79,1642,13.8,,,2.2,.064
Walt Hazzard,1967-68,25,SEA,79,2666,19.4,,,5.3,.096
Walt Hazzard,1968-69,26,ATL,80,2420,12.6,,,2.5,.050
Walt Hazzard,1969-70,27,ATL,82,2757,15.7,,,5.0,.088
Walt Hazzard,1970-71,28,ATL,82,2877,15.5,,,5.4,.090
Walt Hazzard,1971-72,29,BUF,72,2389,15.9,,,3.3,.067
Walt Hazzard,1972-73,30,2TM,55,763,11.5,,,1.1,.070
Walt Hazzard,1972-73,30,BUF,9,134,8.7,,,-0.1,-0.036
Walt Hazzard,1972-73,30,GSW,46,629,12.1,,,1.2,.092
Walt Hazzard,1973-74,31,SEA,49,571,12.6,-1.9,0.0,0.6,.051
Luther Head,2005-06,23,HOU,80,2310,11.2,-0.2,1.1,3.5,.072
Luther Head,2006-07,24,HOU,80,2211,13.7,1.6,2.0,5.7,.123
Luther Head,2007-08,25,HOU,73,1379,13.6,0.8,1.0,3.5,.121
Luther Head,2008-09,26,2TM,32,498,9.9,-2.0,0.0,0.6,.058
Luther Head,2008-09,26,HOU,22,322,9.8,-2.3,0.0,0.4,.058
Luther Head,2008-09,26,MIA,10,176,10.2,-1.5,0.0,0.2,.059
Luther Head,2009-10,27,IND,47,813,11.5,-2.4,-0.1,0.6,.034
Luther Head,2010-11,28,SAC,36,586,11.7,-0.7,0.2,0.9,.073
Shane Heal,1996-97,26,MIN,43,236,5.0,-6.8,-0.3,-0.4,-0.086
Shane Heal,1997-98,,Did not play - other pro league,,,,,,,
Shane Heal,1998-99,,Did not play - other pro league,,,,,,,
Shane Heal,1999-00,,Did not play - other pro league,,,,,,,
Shane Heal,2000-01,,Did not play - other pro league,,,,,,,
Shane Heal,2001-02,,Did not play - other pro league,,,,,,,
Shane Heal,2002-03,,Did not play - other pro league,,,,,,,
Shane Heal,2003-04,33,SAS,6,72,5.3,-3.6,0.0,0.0,-0.006
Brian Heaney,1969-70,23,BAL,14,70,8.3,,,0.2,.106
Gar Heard,1970-71,22,SEA,65,1027,10.4,,,-0.3,-0.013
Gar Heard,1971-72,23,SEA,58,1499,10.1,,,0.1,.003
Gar Heard,1972-73,24,2TM,81,1552,14.9,,,2.4,.075
Gar Heard,1972-73,24,SEA,3,17,17.0,,,0.0,.054
Gar Heard,1972-73,24,CHI,78,1535,14.9,,,2.4,.075
Gar Heard,1973-74,25,BUF,81,2889,16.0,0.2,1.6,5.0,.084
Gar Heard,1974-75,26,BUF,67,2148,13.6,-0.5,0.8,2.1,.046
Gar Heard,1975-76,27,2TM,86,2747,13.7,-0.6,1.0,4.5,.079
Gar Heard,1975-76,27,BUF,50,1527,13.4,-0.5,0.6,2.2,.069
Gar Heard,1975-76,27,PHO,36,1220,14.1,-0.7,0.4,2.3,.092
Gar Heard,1976-77,28,PHO,46,1363,12.6,-1.3,0.2,1.7,.062
Gar Heard,1977-78,29,PHO,80,2099,12.9,0.2,1.2,4.5,.103
Gar Heard,1978-79,30,PHO,63,1213,12.6,-0.9,0.3,2.6,.101
Gar Heard,1979-80,31,PHO,82,1403,11.5,-0.9,0.4,2.3,.080
Gar Heard,1980-81,32,SDC,78,1631,10.9,-0.2,0.8,2.0,.059
Reggie Hearn,2017-18,26,DET,3,7,13.1,1.5,0.0,0.0,.132
Herm Hedderick,1952-53,,Did not play - military service,,,,,,,
Herm Hedderick,1953-54,,Did not play - military service,,,,,,,
Herm Hedderick,1954-55,25,NYK,5,23,-0.8,,,-0.1,-0.232
Alvin Heggs,1995-96,28,HOU,4,14,20.7,0.8,0.0,0.1,.196
Tom Heinsohn,1956-57,22,BOS,72,2150,18.1,,,7.1,.160
Tom Heinsohn,1957-58,23,BOS,69,2206,16.9,,,6.0,.130
Tom Heinsohn,1958-59,24,BOS,66,2089,17.9,,,6.5,.150
Tom Heinsohn,1959-60,25,BOS,75,2420,18.4,,,7.7,.154
Tom Heinsohn,1960-61,26,BOS,74,2256,18.4,,,6.6,.141
Tom Heinsohn,1961-62,27,BOS,79,2383,20.2,,,9.3,.187
Tom Heinsohn,1962-63,28,BOS,76,2004,18.7,,,6.8,.163
Tom Heinsohn,1963-64,29,BOS,76,2040,17.0,,,6.2,.147
Tom Heinsohn,1964-65,30,BOS,67,1706,14.3,,,3.6,.102
Dick Hemric,1955-56,22,BOS,71,1329,13.9,,,2.7,.099
Dick Hemric,1956-57,23,BOS,67,1055,13.0,,,2.5,.115
Alan Henderson,1995-96,23,ATL,79,1416,12.9,-4.1,-0.8,2.0,.069
Alan Henderson,1996-97,24,ATL,30,501,15.0,-2.4,0.0,1.3,.126
Alan Henderson,1997-98,25,ATL,69,2000,18.4,-0.5,0.8,6.0,.144
Alan Henderson,1998-99,26,ATL,38,1142,16.0,0.6,0.8,3.1,.131
Alan Henderson,1999-00,27,ATL,82,2775,14.7,-1.6,0.3,4.3,.074
Alan Henderson,2000-01,28,ATL,73,1810,14.0,-3.0,-0.5,1.9,.050
Alan Henderson,2001-02,29,ATL,26,422,13.4,-1.9,0.0,0.7,.074
Alan Henderson,2002-03,30,ATL,82,1494,12.1,-2.9,-0.3,2.6,.083
Alan Henderson,2003-04,31,ATL,6,68,18.2,1.0,0.1,0.2,.109
Alan Henderson,2004-05,32,DAL,78,1203,12.4,-1.4,0.2,3.1,.122
Alan Henderson,2005-06,33,CLE,51,531,12.2,-2.1,0.0,1.3,.116
Alan Henderson,2006-07,34,PHI,38,418,15.7,-0.6,0.1,1.6,.181
Cedric Henderson,1986-87,21,2TM,8,16,15.3,-8.6,0.0,0.0,-0.015
Cedric Henderson,1986-87,21,ATL,6,10,11.1,-8.3,0.0,0.0,.018
Cedric Henderson,1986-87,21,MIL,2,6,22.2,-9.0,0.0,0.0,-0.071
Cedric Henderson,1997-98,22,CLE,82,2527,10.7,-1.6,0.3,3.8,.072
Cedric Henderson,1998-99,23,CLE,50,1517,9.9,-2.5,-0.2,0.5,.015
Cedric Henderson,1999-00,24,CLE,61,1107,7.3,-4.9,-0.8,-0.2,-0.010
Cedric Henderson,2000-01,25,CLE,55,961,6.2,-4.8,-0.7,-0.7,-0.037
Cedric Henderson,2001-02,26,GSW,12,70,14.4,1.7,0.1,0.0,.003
Dave Henderson,1986-87,,Did not play - other pro league,,,,,,,
Dave Henderson,1987-88,23,PHI,22,351,6.7,-7.1,-0.4,-0.4,-0.058
Gerald Henderson,1978-79,,Did not play - other pro league,,,,,,,
Gerald Henderson,1979-80,24,BOS,76,1061,12.7,-0.4,0.4,1.7,.078
Gerald Henderson,1980-81,25,BOS,82,1608,10.4,-2.6,-0.2,1.3,.037
Gerald Henderson,1981-82,26,BOS,82,1844,13.2,-0.6,0.6,3.6,.094
Gerald Henderson,1982-83,27,BOS,82,1551,12.1,-1.5,0.2,2.3,.073
Gerald Henderson,1983-84,28,BOS,78,2088,14.7,1.1,1.6,5.3,.121
Gerald Henderson,1984-85,29,SEA,79,2648,14.3,-0.3,1.1,3.7,.067
Gerald Henderson,1985-86,30,SEA,82,2568,15.7,1.3,2.1,6.2,.115
Gerald Henderson,1986-87,31,2TM,74,2045,14.5,-0.2,0.9,2.9,.068
Gerald Henderson,1986-87,31,SEA,6,155,14.0,-0.9,0.0,0.3,.093
Gerald Henderson,1986-87,31,NYK,68,1890,14.6,-0.1,0.9,2.6,.066
Gerald Henderson,1987-88,32,2TM,75,1505,12.1,-1.4,0.2,2.2,.071
Gerald Henderson,1987-88,32,NYK,6,69,4.4,-4.1,0.0,0.0,-0.010
Gerald Henderson,1987-88,32,PHI,69,1436,12.5,-1.3,0.3,2.2,.075
Gerald Henderson,1988-89,33,PHI,65,986,12.1,-2.3,-0.1,1.1,.055
Gerald Henderson,1989-90,34,2TM,57,464,11.9,1.3,0.4,1.2,.128
Gerald Henderson,1989-90,34,MIL,11,129,7.4,-2.2,0.0,0.1,.033
Gerald Henderson,1989-90,34,DET,46,335,13.6,2.6,0.4,1.1,.164
Gerald Henderson,1990-91,35,DET,23,392,10.1,-1.6,0.0,0.5,.061
Gerald Henderson,1991-92,36,2TM,16,96,8.0,-5.3,-0.1,0.0,.021
Gerald Henderson,1991-92,36,HOU,8,34,4.3,-11.1,-0.1,-0.1,-0.092
Gerald Henderson,1991-92,36,DET,8,62,10.1,-2.1,0.0,0.1,.083
Gerald Henderson,2009-10,22,CHA,43,355,9.7,-2.5,0.0,0.4,.056
Gerald Henderson,2010-11,23,CHA,68,1661,13.2,-1.8,0.1,2.4,.068
Gerald Henderson,2011-12,24,CHA,55,1831,14.0,-2.7,-0.3,1.0,.026
Gerald Henderson,2012-13,25,CHA,68,2133,16.4,-1.1,0.5,3.3,.073
Gerald Henderson,2013-14,26,CHA,77,2461,13.1,-1.5,0.3,3.6,.071
Gerald Henderson,2014-15,27,CHO,80,2315,13.2,-1.4,0.4,3.6,.074
Gerald Henderson,2015-16,28,POR,72,1431,12.9,-1.8,0.1,2.0,.068
Gerald Henderson,2016-17,29,PHI,72,1667,10.8,-3.1,-0.5,2.0,.059
J.R. Henderson,1998-99,22,VAN,30,331,9.0,-4.8,-0.2,-0.2,-0.025
Jerome Henderson,1985-86,26,LAL,1,3,37.7,3.6,0.0,0.0,.349
Jerome Henderson,1986-87,27,MIL,6,36,-2.4,-16.1,-0.1,-0.1,-0.154
Kevin Henderson,1986-87,22,GSW,5,45,5.4,-6.6,-0.1,0.0,-0.011
Kevin Henderson,1987-88,23,2TM,17,190,6.7,-6.3,-0.2,-0.2,-0.045
Kevin Henderson,1987-88,23,GSW,12,170,6.4,-6.2,-0.2,-0.2,-0.046
Kevin Henderson,1987-88,23,CLE,5,20,9.1,-7.2,0.0,0.0,-0.039
Scoot Henderson,2023-24,19,POR,62,1765,9.5,-5.8,-1.7,-1.7,-0.045
Scoot Henderson,2024-25,20,POR,66,1759,12.5,-2.2,-0.1,1.8,.049
Tom Henderson,1974-75,23,ATL,79,2131,13.8,-1.0,0.5,2.4,.054
Tom Henderson,1975-76,24,ATL,81,2900,13.2,-1.9,0.0,2.1,.035
Tom Henderson,1976-77,25,2TM,87,2791,15.0,0.5,1.8,4.7,.080
Tom Henderson,1976-77,25,ATL,46,1568,15.2,0.4,1.0,2.1,.063
Tom Henderson,1976-77,25,WSB,41,1223,14.7,0.6,0.8,2.6,.102
Tom Henderson,1977-78,26,WSB,75,2315,12.6,-0.9,0.7,3.1,.064
Tom Henderson,1978-79,27,WSB,70,2081,13.9,0.4,1.3,4.5,.103
Tom Henderson,1979-80,28,HOU,66,1551,9.7,-1.8,0.1,1.3,.041
Tom Henderson,1980-81,29,HOU,66,1411,10.9,-1.8,0.1,1.5,.052
Tom Henderson,1981-82,30,HOU,75,1721,11.0,-1.9,0.1,2.1,.059
Tom Henderson,1982-83,31,HOU,51,789,11.5,-2.6,-0.1,0.4,.022
Taylor Hendricks,2023-24,20,UTA,40,856,11.8,-1.6,0.1,1.2,.070
Taylor Hendricks,2024-25,21,UTA,3,75,7.1,-3.5,0.0,0.0,-0.008
Mark Hendrickson,1996-97,22,PHI,29,301,11.5,-5.1,-0.2,0.3,.054
Mark Hendrickson,1997-98,23,SAC,48,737,9.4,-3.5,-0.3,0.8,.049
Mark Hendrickson,1998-99,24,NJN,22,399,12.3,-3.8,-0.2,0.9,.105
Mark Hendrickson,1999-00,25,2TM,15,71,10.4,-0.6,0.0,0.1,.098
Mark Hendrickson,1999-00,25,CLE,10,47,12.9,1.3,0.0,0.1,.132
Mark Hendrickson,1999-00,25,NJN,5,24,5.5,-4.2,0.0,0.0,.030
Larry Hennessy,1953-54,,Did not play - military service,,,,,,,
Larry Hennessy,1954-55,,Did not play - military service,,,,,,,
Larry Hennessy,1955-56,26,PHW,53,444,9.5,,,-0.5,-0.054
Larry Hennessy,1956-57,27,2TM,21,373,7.9,,,-0.4,-0.050
Larry Hennessy,1956-57,27,PHW,2,25,4.9,,,0.0,-0.076
Larry Hennessy,1956-57,27,SYR,19,348,8.1,,,-0.4,-0.049
Don Henriksen,1952-53,23,BLB,68,2263,12.9,,,3.5,.074
Don Henriksen,1953-54,,Did not play - retired,,,,,,,
Don Henriksen,1954-55,25,2TM,70,1664,12.8,,,0.9,.025
Don Henriksen,1954-55,25,BLB,14,429,,,,,
Don Henriksen,1954-55,25,ROC,56,1235,12.8,,,0.9,.034
Aaron Henry,2021-22,22,PHI,6,17,-7.4,-16.5,-0.1,-0.1,-0.306
Al Henry,1970-71,21,PHI,6,26,10.2,,,0.0,-0.007
Al Henry,1971-72,22,PHI,43,421,13.8,,,0.7,.079
Bill Henry,1948-49,24,FTW,32,,,,,2.9,
Bill Henry,1949-50,25,2TM,63,,,,,2.5,
Bill Henry,1949-50,25,FTW,44,,,,,1.9,
Bill Henry,1949-50,25,TRI,19,,,,,0.6,
Carl Henry,1984-85,,Did not play - other pro league,,,,,,,
Carl Henry,1985-86,25,SAC,28,149,12.5,-2.5,0.0,0.2,.049
Conner Henry,1986-87,23,2TM,54,323,6.1,-7.7,-0.5,-0.3,-0.049
Conner Henry,1986-87,23,HOU,18,92,0.2,-11.2,-0.2,-0.3,-0.142
Conner Henry,1986-87,23,BOS,36,231,8.5,-6.3,-0.2,-0.1,-0.012
Conner Henry,1987-88,24,3TM,39,433,12.4,-0.9,0.1,0.4,.049
Conner Henry,1987-88,24,BOS,10,81,9.5,-2.8,0.0,0.0,.016
Conner Henry,1987-88,24,MIL,14,145,6.2,-4.1,-0.1,-0.2,-0.058
Conner Henry,1987-88,24,SAC,15,207,17.8,2.1,0.2,0.6,.136
Myke Henry,2017-18,25,MEM,20,378,9.7,-1.3,0.1,0.1,.017
Skeeter Henry,1993-94,26,PHO,4,15,5.6,-12.7,0.0,0.0,-0.087
Xavier Henry,2010-11,19,MEM,38,527,7.0,-5.3,-0.4,0.2,.021
Xavier Henry,2011-12,20,NOH,45,759,9.2,-4.0,-0.4,0.2,.015
Xavier Henry,2012-13,21,NOH,50,625,7.6,-5.7,-0.6,0.0,.002
Xavier Henry,2013-14,22,LAL,43,908,12.3,-2.8,-0.2,0.3,.017
Xavier Henry,2014-15,23,LAL,9,86,4.9,-7.2,-0.1,-0.1,-0.030
John Henson,2012-13,22,MIL,63,827,18.2,-1.7,0.1,1.9,.109
John Henson,2013-14,23,MIL,70,1856,17.9,-0.5,0.7,3.3,.084
John Henson,2014-15,24,MIL,67,1228,18.0,0.7,0.8,3.6,.142
John Henson,2015-16,25,MIL,57,960,18.6,0.2,0.5,2.3,.117
John Henson,2016-17,26,MIL,58,1123,15.3,-1.6,0.1,2.7,.116
John Henson,2017-18,27,MIL,76,1970,15.7,-0.9,0.5,4.9,.120
John Henson,2018-19,28,MIL,14,188,17.1,2.5,0.2,0.6,.146
John Henson,2019-20,29,2TM,40,600,17.0,0.9,0.4,1.4,.109
John Henson,2019-20,29,CLE,29,412,16.9,1.1,0.3,0.9,.109
John Henson,2019-20,29,DET,11,188,17.1,0.5,0.1,0.4,.110
Steve Henson,1990-91,22,MIL,68,690,11.5,-1.6,0.1,1.2,.085
Steve Henson,1991-92,23,MIL,50,386,11.1,-2.9,-0.1,0.2,.028
Steve Henson,1992-93,24,ATL,53,719,11.3,-1.9,0.0,1.1,.076
Steve Henson,1993-94,25,CHH,3,17,9.7,1.3,0.0,0.0,.106
Steve Henson,1994-95,26,POR,37,380,12.1,-0.9,0.1,1.0,.130
Steve Henson,1995-96,,Did not play - other pro league,,,,,,,
Steve Henson,1996-97,,Did not play - other pro league,,,,,,,
Steve Henson,1997-98,29,DET,23,65,14.1,-2.7,0.0,0.1,.098
Steve Henson,1998-99,30,DET,4,25,5.6,-3.6,0.0,0.0,-0.015
Charlie Hentz,1970-71,23,PTC,57,1075,11.5,,,1.3,.057
Bill Herman,1949-50,25,DNN,13,,,,,0.1,
Kleggie Hermsen,1946-47,23,2TM,32,,,,,1.9,
Kleggie Hermsen,1946-47,23,CLR,11,,,,,0.1,
Kleggie Hermsen,1946-47,23,TRH,21,,,,,1.8,
Kleggie Hermsen,1947-48,24,BLB,48,,,,,2.9,
Kleggie Hermsen,1948-49,25,WSC,60,,,,,4.3,
Kleggie Hermsen,1949-50,26,CHS,67,,,,,3.0,
Kleggie Hermsen,1950-51,27,2TM,71,,,,,-0.2,
Kleggie Hermsen,1950-51,27,TRI,48,,,,,0.2,
Kleggie Hermsen,1950-51,27,BOS,23,,,,,-0.5,
Kleggie Hermsen,1951-52,,Did not play - retired,,,,,,,
Kleggie Hermsen,1952-53,29,2TM,10,62,-6.2,,,-0.5,-0.418
Kleggie Hermsen,1952-53,29,BOS,4,22,-14.2,,,-0.2,-0.518
Kleggie Hermsen,1952-53,29,INO,6,40,-1.9,,,-0.3,-0.364
Dewan Hernandez,2019-20,23,TOR,6,28,12.9,-9.6,-0.1,0.0,.043
Juancho Hernangómez,2016-17,21,DEN,62,842,13.4,-0.1,0.4,1.8,.104
Juancho Hernangómez,2017-18,22,DEN,25,277,9.7,-3.3,-0.1,0.4,.061
Juancho Hernangómez,2018-19,23,DEN,70,1358,11.0,-1.1,0.3,3.0,.105
Juancho Hernangómez,2019-20,24,2TM,48,833,10.4,-3.4,-0.3,0.9,.052
Juancho Hernangómez,2019-20,24,DEN,34,422,6.9,-5.2,-0.3,0.1,.007
Juancho Hernangómez,2019-20,24,MIN,14,411,14.1,-1.5,0.1,0.8,.098
Juancho Hernangómez,2020-21,25,MIN,52,900,12.1,-2.9,-0.2,1.1,.060
Juancho Hernangómez,2021-22,26,3TM,40,445,11.5,-0.6,0.2,0.9,.095
Juancho Hernangómez,2021-22,26,BOS,18,96,3.8,-8.3,-0.2,-0.1,-0.050
Juancho Hernangómez,2021-22,26,SAS,5,51,9.0,-2.5,0.0,0.1,.055
Juancho Hernangómez,2021-22,26,UTA,17,298,14.5,2.2,0.3,0.9,.149
Juancho Hernangómez,2022-23,27,TOR,42,614,7.6,-3.3,-0.2,0.7,.053
Juancho Hernangómez,2023-24,,Did not play - other pro league,,,,,,,
Willy Hernangómez,2015-16,,Did not play - other pro league,,,,,,,
Willy Hernangómez,2016-17,22,NYK,72,1324,19.0,-0.3,0.6,3.4,.123
Willy Hernangómez,2017-18,23,2TM,48,495,21.2,1.4,0.4,1.8,.173
Willy Hernangómez,2017-18,23,NYK,26,233,16.9,-0.3,0.1,0.3,.069
Willy Hernangómez,2017-18,23,CHO,22,262,25.0,2.8,0.3,1.5,.266
Willy Hernangómez,2018-19,24,CHO,58,812,20.4,-0.1,0.4,2.6,.153
Willy Hernangómez,2019-20,25,CHO,31,375,19.2,0.1,0.2,0.8,.107
Willy Hernangómez,2020-21,26,NOP,47,846,19.6,0.0,0.4,2.9,.163
Willy Hernangómez,2021-22,27,NOP,50,839,22.2,0.2,0.5,3.2,.180
Willy Hernangómez,2022-23,28,NOP,38,458,20.7,0.3,0.3,1.6,.171
Willy Hernangómez,2023-24,,Did not play - other pro league,,,,,,,
Chris Herren,1999-00,24,DEN,45,597,8.9,-4.0,-0.3,0.5,.041
Chris Herren,2000-01,25,BOS,25,408,6.1,-5.2,-0.3,0.0,.001
Carl Herrera,1990-91,,Did not play - other pro league,,,,,,,
Carl Herrera,1991-92,25,HOU,43,566,10.9,-3.0,-0.1,0.5,.045
Carl Herrera,1992-93,26,HOU,81,1800,13.1,-1.6,0.2,4.6,.123
Carl Herrera,1993-94,27,HOU,75,1292,9.1,-3.6,-0.5,2.0,.075
Carl Herrera,1994-95,28,HOU,61,1331,11.7,-2.7,-0.3,2.1,.076
Carl Herrera,1995-96,29,SAS,44,393,4.7,-7.2,-0.5,-0.2,-0.020
Carl Herrera,1996-97,30,SAS,75,1837,10.6,-5.0,-1.4,0.1,.002
Carl Herrera,1997-98,31,SAS,58,516,8.1,-4.8,-0.4,0.1,.006
Carl Herrera,1998-99,32,2TM,28,307,6.8,-6.4,-0.3,-0.3,-0.042
Carl Herrera,1998-99,32,VAN,4,42,-1.7,-12.6,-0.1,-0.2,-0.255
Carl Herrera,1998-99,32,DEN,24,265,8.2,-5.4,-0.2,0.0,-0.008
Walter Herrmann,2006-07,27,CHA,48,936,16.1,0.8,0.7,2.4,.125
Walter Herrmann,2007-08,28,2TM,45,373,13.2,-0.3,0.2,0.7,.086
Walter Herrmann,2007-08,28,CHA,17,174,12.1,-1.0,0.0,0.2,.061
Walter Herrmann,2007-08,28,DET,28,199,14.0,0.3,0.1,0.4,.108
Walter Herrmann,2008-09,29,DET,59,630,11.4,-1.4,0.1,1.0,.074
Tyler Herro,2019-20,20,MIA,55,1508,12.5,-1.6,0.1,1.6,.050
Tyler Herro,2020-21,21,MIA,54,1635,13.3,-1.3,0.3,1.7,.049
Tyler Herro,2021-22,22,MIA,66,2151,16.2,0.7,1.5,3.8,.084
Tyler Herro,2022-23,23,MIA,67,2337,15.3,0.6,1.6,3.5,.072
Tyler Herro,2023-24,24,MIA,42,1407,15.7,0.8,1.0,2.0,.068
Tyler Herro,2024-25,25,MIA,77,2725,19.7,3.1,3.5,7.4,.131
Keith Herron,1978-79,22,ATL,14,81,9.3,-4.8,-0.1,0.0,-0.011
Keith Herron,1979-80,,Did not play - other pro league,,,,,,,
Keith Herron,1980-81,24,DET,80,2270,13.4,-1.3,0.4,3.5,.074
Keith Herron,1981-82,25,CLE,30,269,6.8,-5.4,-0.3,-0.3,-0.052
Sonny Hertzberg,1946-47,24,NYK,59,,,,,4.0,
Sonny Hertzberg,1947-48,25,2TM,41,,,,,1.4,
Sonny Hertzberg,1947-48,25,NYK,4,,,,,-0.1,
Sonny Hertzberg,1947-48,25,WSC,37,,,,,1.5,
Sonny Hertzberg,1948-49,26,WSC,60,,,,,2.3,
Sonny Hertzberg,1949-50,27,BOS,68,,,,,0.7,
Sonny Hertzberg,1950-51,28,BOS,65,,,,,2.5,
Kevin Hervey,2019-20,23,OKC,10,52,5.0,-5.1,0.0,-0.1,-0.085
Dan Hester,1970-71,22,2TM,42,555,14.9,,,0.5,.042
Dan Hester,1970-71,22,DNR,35,462,15.5,,,0.3,.033
Dan Hester,1970-71,22,KEN,7,93,11.9,,,0.2,.084
Fred Hetzel,1965-66,23,SFW,56,722,13.9,,,0.5,.034
Fred Hetzel,1966-67,24,SFW,77,2123,12.4,,,2.9,.065
Fred Hetzel,1967-68,25,SFW,77,2394,15.8,,,5.1,.102
Fred Hetzel,1968-69,26,2TM,84,2276,15.6,,,4.5,.095
Fred Hetzel,1968-69,26,MIL,53,1591,15.7,,,2.6,.079
Fred Hetzel,1968-69,26,CIN,31,685,15.2,,,1.9,.130
Fred Hetzel,1969-70,27,PHI,63,757,14.6,,,2.0,.127
Fred Hetzel,1970-71,28,LAL,59,613,12.4,,,0.9,.070
Bill Hewitt,1968-69,24,LAL,75,1455,11.2,,,1.7,.056
Bill Hewitt,1969-70,25,2TM,65,1279,7.6,,,-0.2,-0.007
Bill Hewitt,1969-70,25,LAL,20,478,6.1,,,-0.2,-0.015
Bill Hewitt,1969-70,25,DET,45,801,8.4,,,0.0,-0.002
Bill Hewitt,1970-71,26,DET,62,1725,10.9,,,2.4,.067
Bill Hewitt,1971-72,27,DET,68,1203,10.5,,,0.6,.023
Bill Hewitt,1972-73,28,BUF,73,1332,9.8,,,-0.1,-0.005
Bill Hewitt,1973-74,,Did not play - waived,,,,,,,
Bill Hewitt,1974-75,30,CHI,18,467,10.3,-1.4,0.1,0.8,.081
Jack Hewson,1947-48,23,BOS,24,,,,,0.1,
Art Heyman,1963-64,22,NYK,75,2236,14.7,,,2.7,.059
Art Heyman,1964-65,23,NYK,55,663,14.5,,,1.3,.094
Art Heyman,1965-66,24,2TM,17,120,7.7,,,0.0,-0.020
Art Heyman,1965-66,24,CIN,11,100,6.3,,,-0.1,-0.042
Art Heyman,1965-66,24,PHI,6,20,14.7,,,0.0,.088
Art Heyman,1966-67,,Did not play - other pro league,,,,,,,
Art Heyman,1967-68,26,2TM,73,2555,18.7,,,8.5,.159
Art Heyman,1967-68,26,NJA,19,439,13.1,,,0.3,.037
Art Heyman,1967-68,26,PTP,54,2116,19.8,,,8.1,.185
Art Heyman,1968-69,27,MNP,71,2362,15.6,,,6.1,.125
Art Heyman,1969-70,28,2TM,19,310,12.8,,,0.6,.098
Art Heyman,1969-70,28,PTP,1,4,-26.7,,,0.0,-0.285
Art Heyman,1969-70,28,MMF,18,306,13.3,,,0.7,.103
Mario Hezonja,2015-16,20,ORL,79,1413,9.4,-3.1,-0.4,0.9,.029
Mario Hezonja,2016-17,21,ORL,65,960,7.2,-5.0,-0.7,-0.7,-0.033
Mario Hezonja,2017-18,22,ORL,75,1657,13.7,-0.5,0.6,2.3,.066
Mario Hezonja,2018-19,23,NYK,58,1206,10.8,-3.8,-0.5,-0.1,-0.003
Mario Hezonja,2019-20,24,POR,53,871,9.5,-2.9,-0.2,0.8,.043
Roy Hibbert,2008-09,22,IND,70,1009,16.1,-3.0,-0.3,2.1,.102
Roy Hibbert,2009-10,23,IND,81,2035,16.2,-0.9,0.6,4.1,.098
Roy Hibbert,2010-11,24,IND,81,2244,15.9,-1.1,0.5,3.6,.077
Roy Hibbert,2011-12,25,IND,65,1937,19.3,1.4,1.7,6.2,.154
Roy Hibbert,2012-13,26,IND,79,2269,17.3,-0.3,0.9,6.1,.129
Roy Hibbert,2013-14,27,IND,81,2409,13.5,-1.4,0.4,5.4,.108
Roy Hibbert,2014-15,28,IND,76,1926,15.4,-1.2,0.4,4.2,.105
Roy Hibbert,2015-16,29,LAL,81,1878,11.2,-3.2,-0.6,2.2,.056
Roy Hibbert,2016-17,30,2TM,48,682,13.5,-2.3,0.0,1.8,.129
Roy Hibbert,2016-17,30,CHO,42,671,13.5,-2.4,-0.1,1.8,.129
Roy Hibbert,2016-17,30,DEN,6,11,16.3,-0.5,0.0,0.0,.119
Nat Hickey,1947-48,46,PRO,2,,,,,-0.1,
Isaiah Hicks,2017-18,23,NYK,18,240,6.8,-7.6,-0.3,0.0,-0.003
Isaiah Hicks,2018-19,24,NYK,3,32,17.4,0.1,0.0,0.1,.153
Phil Hicks,1976-77,24,2TM,37,262,13.2,-1.6,0.1,0.5,.093
Phil Hicks,1976-77,24,HOU,2,7,3.5,-4.5,0.0,0.0,-0.256
Phil Hicks,1976-77,24,CHI,35,255,13.5,-1.6,0.1,0.5,.102
Phil Hicks,1977-78,,Did not play - waived,,,,,,,
Phil Hicks,1978-79,26,DEN,20,128,6.5,-4.8,-0.1,0.0,-0.014
J.J. Hickson,2008-09,20,CLE,62,705,12.5,-3.2,-0.2,1.5,.101
J.J. Hickson,2009-10,21,CLE,81,1691,15.2,-1.4,0.3,4.3,.123
J.J. Hickson,2010-11,22,CLE,80,2256,15.6,-3.8,-1.1,1.5,.032
J.J. Hickson,2011-12,23,2TM,54,1244,14.9,-2.3,-0.1,1.7,.066
J.J. Hickson,2011-12,23,SAC,35,644,9.9,-4.1,-0.3,-0.1,-0.009
J.J. Hickson,2011-12,23,POR,19,600,20.2,-0.3,0.3,1.8,.147
J.J. Hickson,2012-13,24,POR,80,2323,19.7,0.2,1.3,6.9,.142
J.J. Hickson,2013-14,25,DEN,69,1859,16.2,-0.9,0.5,3.3,.086
J.J. Hickson,2014-15,26,DEN,73,1411,14.3,-2.7,-0.2,1.8,.062
J.J. Hickson,2015-16,27,2TM,35,436,16.8,-1.1,0.1,0.8,.088
J.J. Hickson,2015-16,27,DEN,20,305,15.8,-1.1,0.1,0.5,.077
J.J. Hickson,2015-16,27,WAS,15,131,18.9,-1.0,0.0,0.3,.114
J.J. Hickson,2016-17,,Did not play - other pro league,,,,,,,
J.J. Hickson,2017-18,,Did not play - other pro league,,,,,,,
J.J. Hickson,2018-19,,Did not play - other pro league,,,,,,,
Buddy Hield,2016-17,24,2TM,82,1888,11.8,-2.0,0.0,1.3,.032
Buddy Hield,2016-17,24,NOP,57,1161,9.9,-2.8,-0.2,0.5,.020
Buddy Hield,2016-17,24,SAC,25,727,14.9,-0.8,0.2,0.8,.053
Buddy Hield,2017-18,25,SAC,80,2024,16.1,1.0,1.5,2.8,.067
Buddy Hield,2018-19,26,SAC,82,2615,17.5,2.1,2.7,5.9,.108
Buddy Hield,2019-20,27,SAC,72,2216,16.0,1.1,1.7,3.0,.064
Buddy Hield,2020-21,28,SAC,71,2433,12.8,-0.6,0.9,2.2,.044
Buddy Hield,2021-22,29,2TM,81,2499,12.9,-1.2,0.5,1.9,.036
Buddy Hield,2021-22,29,SAC,55,1574,11.9,-1.3,0.3,0.7,.023
Buddy Hield,2021-22,29,IND,26,925,14.5,-1.1,0.2,1.1,.059
Buddy Hield,2022-23,30,IND,80,2482,15.4,1.9,2.4,4.4,.085
Buddy Hield,2023-24,31,2TM,84,2160,13.3,0.4,1.3,3.5,.077
Buddy Hield,2023-24,31,IND,52,1336,13.1,0.2,0.7,2.0,.070
Buddy Hield,2023-24,31,PHI,32,824,13.6,0.8,0.6,1.5,.088
Buddy Hield,2024-25,32,GSW,82,1863,12.3,-1.0,0.5,2.8,.073
Bill Higgins,1974-75,22,VIR,15,348,6.1,-6.6,-0.4,-0.6,-0.080
Cory Higgins,2011-12,22,CHA,38,423,4.1,-10.4,-0.9,-1.3,-0.150
Cory Higgins,2012-13,23,CHA,6,32,12.6,-3.3,0.0,0.0,-0.022
Earle Higgins,1970-71,24,INA,53,467,13.6,,,0.8,.079
Mike Higgins,1989-90,22,2TM,11,50,10.9,-0.3,0.0,0.1,.132
Mike Higgins,1989-90,22,LAL,6,18,7.5,3.5,0.0,0.0,.130
Mike Higgins,1989-90,22,DEN,5,32,12.9,-2.4,0.0,0.1,.133
Mike Higgins,1990-91,23,SAC,7,61,4.1,-8.0,-0.1,0.0,.017
Rod Higgins,1982-83,23,CHI,82,2196,12.7,-0.4,0.9,3.8,.083
Rod Higgins,1983-84,24,CHI,78,1577,10.1,-1.7,0.1,2.0,.060
Rod Higgins,1984-85,25,CHI,68,942,10.2,-1.8,0.0,1.0,.049
Rod Higgins,1985-86,26,4TM,30,332,7.7,-3.5,-0.1,0.1,.019
Rod Higgins,1985-86,26,SEA,12,94,4.5,-4.9,-0.1,0.0,-0.016
Rod Higgins,1985-86,26,SAS,11,128,10.8,-2.2,0.0,0.2,.079
Rod Higgins,1985-86,26,NJN,2,29,-0.2,-10.2,-0.1,-0.1,-0.210
Rod Higgins,1985-86,26,CHI,5,81,9.3,-1.5,0.0,0.1,.045
Rod Higgins,1986-87,27,GSW,73,1497,14.1,-0.2,0.7,3.7,.120
Rod Higgins,1987-88,28,GSW,68,2188,16.3,0.9,1.6,5.7,.124
Rod Higgins,1988-89,29,GSW,81,1887,15.5,1.2,1.5,5.9,.150
Rod Higgins,1989-90,30,GSW,82,1993,15.5,1.0,1.5,5.0,.121
Rod Higgins,1990-91,31,GSW,82,2024,13.4,0.7,1.4,5.3,.127
Rod Higgins,1991-92,32,GSW,25,535,13.4,-0.1,0.3,1.3,.121
Rod Higgins,1992-93,33,SAC,69,1425,12.5,-0.4,0.6,2.5,.085
Rod Higgins,1993-94,34,CLE,36,547,13.7,1.0,0.4,1.4,.125
Rod Higgins,1994-95,35,GSW,5,46,6.1,-5.3,0.0,0.0,.003
Sean Higgins,1990-91,22,SAS,50,464,9.1,-6.5,-0.5,0.0,.000
Sean Higgins,1991-92,23,2TM,38,616,12.3,-2.8,-0.1,0.4,.030
Sean Higgins,1991-92,23,SAS,6,36,9.0,-6.9,0.0,0.0,.000
Sean Higgins,1991-92,23,ORL,32,580,12.5,-2.6,-0.1,0.4,.031
Sean Higgins,1992-93,24,GSW,29,591,9.2,-4.6,-0.4,-0.1,-0.012
Sean Higgins,1993-94,,Did not play - other pro league,,,,,,,
Sean Higgins,1994-95,26,NJN,57,735,7.1,-6.5,-0.8,0.0,.002
Sean Higgins,1995-96,27,PHI,44,916,10.4,-3.6,-0.4,0.3,.014
Sean Higgins,1996-97,,Did not play - other pro league,,,,,,,
Sean Higgins,1997-98,29,POR,2,12,-15.1,-20.4,-0.1,-0.1,-0.414
Kenny Higgs,1978-79,24,CLE,68,1050,12.4,-0.6,0.4,2.2,.098
Kenny Higgs,1979-80,,Did not play - other pro league,,,,,,,
Kenny Higgs,1980-81,26,DEN,72,1689,11.9,-2.4,-0.2,1.5,.043
Kenny Higgs,1981-82,27,DEN,76,1696,10.8,-3.9,-0.8,1.0,.028
Johnny High,1979-80,22,PHO,82,1121,10.1,-2.4,-0.1,1.1,.047
Johnny High,1980-81,23,PHO,81,1750,10.8,-1.5,0.2,2.5,.069
Johnny High,1981-82,,Did not play - waived,,,,,,,
Johnny High,1982-83,25,PHO,82,1155,8.6,-0.7,0.4,1.2,.051
Johnny High,1983-84,26,PHO,29,512,4.5,-2.0,0.0,-0.1,-0.008
Haywood Highsmith,2018-19,22,PHI,5,40,4.5,-8.2,-0.1,0.0,-0.023
Haywood Highsmith,2019-20,,Did not play - other pro league,,,,,,,
Haywood Highsmith,2020-21,,Did not play - other pro league,,,,,,,
Haywood Highsmith,2021-22,25,MIA,19,163,7.0,-4.6,-0.1,0.1,.041
Haywood Highsmith,2022-23,26,MIA,54,969,8.5,-3.1,-0.3,0.9,.046
Haywood Highsmith,2023-24,27,MIA,66,1366,11.1,-0.7,0.5,3.1,.108
Haywood Highsmith,2024-25,28,MIA,74,1818,9.9,-1.9,0.1,3.3,.088
Wayne Hightower,1962-63,23,SFW,66,1387,7.8,,,-0.8,-0.029
Wayne Hightower,1963-64,24,SFW,79,2536,12.0,,,4.0,.077
Wayne Hightower,1964-65,25,2TM,75,1547,10.5,,,0.8,.023
Wayne Hightower,1964-65,25,SFW,48,1037,10.1,,,0.7,.033
Wayne Hightower,1964-65,25,BAL,27,510,11.2,,,0.0,.003
Wayne Hightower,1965-66,26,BAL,24,460,10.6,,,0.0,-0.003
Wayne Hightower,1966-67,27,2TM,72,1310,10.7,,,-0.2,-0.007
Wayne Hightower,1966-67,27,BAL,43,746,10.2,,,-0.3,-0.020
Wayne Hightower,1966-67,27,DET,29,564,11.4,,,0.1,.011
Wayne Hightower,1967-68,28,DNR,74,2459,17.6,,,5.8,.112
Wayne Hightower,1968-69,29,DNR,67,2318,14.7,,,4.2,.086
Wayne Hightower,1969-70,30,LAS,27,961,16.9,,,2.2,.108
Wayne Hightower,1970-71,31,2TM,68,2355,13.3,,,2.9,.060
Wayne Hightower,1970-71,31,UTS,35,1135,13.1,,,1.7,.072
Wayne Hightower,1970-71,31,TEX,33,1220,13.4,,,1.2,.048
Wayne Hightower,1971-72,32,CAR,13,141,13.4,,,0.0,-0.001
Nenê,2002-03,20,DEN,80,2258,15.4,0.8,1.6,5.0,.107
Nenê,2003-04,21,DEN,77,2504,14.8,-0.3,1.1,6.1,.117
Nenê,2004-05,22,DEN,55,1317,15.6,-0.3,0.6,3.2,.118
Nenê,2005-06,23,DEN,1,3,-54.4,-70.7,0.0,-0.1,-1.312
Nenê,2006-07,24,DEN,64,1715,17.8,0.3,1.0,5.3,.148
Nenê,2007-08,25,DEN,16,266,11.1,-4.2,-0.1,0.3,.052
Nenê,2008-09,26,DEN,77,2510,18.8,2.0,2.6,9.3,.177
Nenê,2009-10,27,DEN,82,2755,18.9,3.2,3.6,10.8,.188
Nenê,2010-11,28,DEN,75,2291,20.4,3.6,3.2,9.6,.201
Nenê,2011-12,29,2TM,39,1110,18.6,1.4,0.9,2.7,.117
Nenê,2011-12,29,DEN,28,826,16.7,0.2,0.4,1.6,.092
Nenê,2011-12,29,WAS,11,284,24.2,5.0,0.5,1.1,.191
Nenê,2012-13,30,WAS,61,1659,17.0,1.3,1.3,4.0,.116
Nenê,2013-14,31,WAS,53,1560,16.6,0.3,0.9,3.2,.098
Nenê,2014-15,32,WAS,67,1693,14.3,-0.8,0.5,3.0,.086
Nenê,2015-16,33,WAS,57,1094,16.8,0.4,0.6,2.7,.120
Nenê,2016-17,34,HOU,67,1198,18.9,0.8,0.8,4.1,.165
Nenê,2017-18,35,HOU,52,758,16.4,-1.0,0.2,2.6,.163
Nenê,2018-19,36,HOU,42,546,11.9,-2.2,0.0,1.4,.123
Nenê,2019-20,,Did not play - injury,,,,,,,
Armond Hill,1976-77,23,ATL,81,1825,11.9,-2.8,-0.4,0.8,.022
Armond Hill,1977-78,24,ATL,82,2530,11.0,-1.6,0.3,2.6,.050
Armond Hill,1978-79,25,ATL,82,2527,11.8,-1.4,0.4,4.2,.080
Armond Hill,1979-80,26,ATL,79,2092,9.2,-2.0,0.0,2.5,.057
Armond Hill,1980-81,27,2TM,75,1738,8.0,-3.2,-0.5,1.0,.028
Armond Hill,1980-81,27,ATL,24,624,7.2,-3.9,-0.3,-0.2,-0.013
Armond Hill,1980-81,27,SEA,51,1114,8.4,-2.9,-0.2,1.2,.052
Armond Hill,1981-82,28,2TM,40,723,5.5,-5.3,-0.6,-0.4,-0.024
Armond Hill,1981-82,28,SEA,21,243,7.4,-3.0,-0.1,0.4,.083
Armond Hill,1981-82,28,SDC,19,480,4.6,-6.5,-0.5,-0.8,-0.078
Armond Hill,1982-83,29,MIL,14,169,12.6,-0.8,0.1,0.5,.137
Armond Hill,1983-84,30,ATL,15,181,6.5,-5.0,-0.2,0.0,-0.012
Cleo Hill,1961-62,23,STL,58,1050,9.2,,,0.3,.015
Gary Hill,1963-64,22,SFW,67,1015,7.8,,,0.6,.027
Gary Hill,1964-65,23,2TM,12,103,4.3,,,-0.2,-0.092
Gary Hill,1964-65,23,SFW,9,88,5.1,,,-0.2,-0.096
Gary Hill,1964-65,23,BAL,3,15,0.0,,,0.0,-0.065
George Hill,2008-09,22,SAS,77,1270,11.6,-1.8,0.1,2.1,.080
George Hill,2009-10,23,SAS,78,2276,14.7,0.9,1.7,6.7,.142
George Hill,2010-11,24,SAS,76,2148,14.6,0.8,1.5,6.1,.136
George Hill,2011-12,25,IND,50,1274,15.7,2.3,1.4,4.0,.152
George Hill,2012-13,26,IND,76,2620,16.6,3.3,3.5,9.7,.177
George Hill,2013-14,27,IND,76,2434,13.4,1.6,2.2,7.8,.154
George Hill,2014-15,28,IND,43,1267,21.5,5.3,2.3,5.4,.203
George Hill,2015-16,29,IND,74,2524,13.2,0.7,1.7,6.2,.118
George Hill,2016-17,30,UTA,49,1544,19.3,3.8,2.3,5.9,.182
George Hill,2017-18,31,2TM,67,1812,13.3,-0.8,0.6,3.2,.085
George Hill,2017-18,31,SAC,43,1143,14.0,-0.5,0.4,2.1,.090
George Hill,2017-18,31,CLE,24,669,12.2,-1.2,0.1,1.1,.077
George Hill,2018-19,32,2TM,60,1302,12.1,-1.4,0.2,2.8,.103
George Hill,2018-19,32,CLE,13,344,13.5,-2.0,0.0,0.5,.066
George Hill,2018-19,32,MIL,47,958,11.6,-1.2,0.2,2.3,.117
George Hill,2019-20,33,MIL,59,1271,16.9,2.9,1.6,5.5,.210
George Hill,2020-21,34,2TM,30,672,13.1,-1.2,0.1,1.4,.100
George Hill,2020-21,34,OKC,14,369,15.9,1.0,0.3,1.0,.129
George Hill,2020-21,34,PHI,16,303,9.7,-3.9,-0.1,0.4,.065
George Hill,2021-22,35,MIL,54,1253,10.2,-1.6,0.1,2.3,.087
George Hill,2022-23,36,2TM,46,834,10.6,-1.5,0.1,1.9,.107
George Hill,2022-23,36,MIL,35,668,9.8,-1.7,0.0,1.4,.100
George Hill,2022-23,36,IND,11,166,14.1,-0.6,0.1,0.5,.136
Grant Hill,1994-95,22,DET,70,2678,19.0,2.0,2.7,5.4,.097
Grant Hill,1995-96,23,DET,80,3260,20.9,4.8,5.6,11.7,.172
Grant Hill,1996-97,24,DET,80,3147,25.5,8.2,8.0,14.6,.223
Grant Hill,1997-98,25,DET,81,3294,21.2,4.7,5.6,10.2,.149
Grant Hill,1998-99,26,DET,50,1852,23.9,6.2,3.8,7.3,.189
Grant Hill,1999-00,27,DET,74,2776,24.5,5.4,5.2,10.7,.185
Grant Hill,2000-01,28,ORL,4,133,18.1,5.2,0.2,0.3,.126
Grant Hill,2001-02,29,ORL,14,512,16.7,0.5,0.3,1.2,.108
Grant Hill,2002-03,30,ORL,29,843,20.8,3.4,1.1,2.5,.144
Grant Hill,2003-04,,Did not play - injury,,,,,,,
Grant Hill,2004-05,32,ORL,67,2338,20.0,2.5,2.7,6.6,.136
Grant Hill,2005-06,33,ORL,21,613,19.0,1.5,0.5,1.7,.130
Grant Hill,2006-07,34,ORL,65,2009,16.3,1.1,1.6,5.1,.123
Grant Hill,2007-08,35,PHO,70,2222,15.7,1.4,1.9,5.9,.127
Grant Hill,2008-09,36,PHO,82,2445,15.2,0.8,1.7,5.3,.104
Grant Hill,2009-10,37,PHO,81,2430,14.0,0.6,1.6,5.5,.109
Grant Hill,2010-11,38,PHO,80,2409,14.7,-0.5,0.9,4.4,.087
Grant Hill,2011-12,39,PHO,49,1378,12.3,-0.9,0.4,1.6,.055
Grant Hill,2012-13,40,LAC,29,437,4.8,-5.6,-0.4,-0.1,-0.014
Jordan Hill,2009-10,22,2TM,47,624,15.0,-3.5,-0.2,1.4,.105
Jordan Hill,2009-10,22,NYK,24,252,14.0,-4.6,-0.2,0.3,.059
Jordan Hill,2009-10,22,HOU,23,372,15.7,-2.7,-0.1,1.0,.135
Jordan Hill,2010-11,23,HOU,72,1125,13.1,-4.3,-0.7,1.8,.079
Jordan Hill,2011-12,24,2TM,39,551,15.8,-1.5,0.1,1.4,.118
Jordan Hill,2011-12,24,HOU,32,469,15.1,-1.4,0.1,1.1,.118
Jordan Hill,2011-12,24,LAL,7,82,19.3,-2.4,0.0,0.2,.120
Jordan Hill,2012-13,25,LAL,29,458,18.5,-1.6,0.0,1.4,.147
Jordan Hill,2013-14,26,LAL,72,1500,19.3,-0.5,0.6,4.4,.141
Jordan Hill,2014-15,27,LAL,70,1874,16.2,-2.2,-0.1,2.2,.055
Jordan Hill,2015-16,28,IND,73,1513,16.4,-0.7,0.5,3.9,.124
Jordan Hill,2016-17,29,MIN,7,47,5.5,-12.3,-0.1,0.0,-0.033
Malcolm Hill,2021-22,26,2TM,19,212,12.7,-1.6,0.0,0.6,.126
Malcolm Hill,2021-22,26,ATL,3,46,19.0,3.8,0.1,0.2,.252
Malcolm Hill,2021-22,26,CHI,16,166,11.0,-3.1,0.0,0.3,.091
Malcolm Hill,2022-23,27,CHI,5,9,15.4,2.4,0.0,0.0,.125
Malcolm Hill,2023-24,,Did not play - other pro league,,,,,,,
Simmie Hill,1969-70,23,2TM,53,1499,12.6,,,1.0,.033
Simmie Hill,1969-70,23,LAS,6,41,1.9,,,-0.1,-0.128
Simmie Hill,1969-70,23,MMF,47,1458,12.9,,,1.1,.037
Simmie Hill,1970-71,,Did not play - other pro league,,,,,,,
Simmie Hill,1971-72,25,DLC,70,1845,11.7,,,3.1,.081
Simmie Hill,1972-73,26,SDA,69,1658,10.7,,,1.6,.047
Simmie Hill,1973-74,27,SAA,60,837,9.9,-2.6,-0.1,1.2,.066
Solomon Hill,2013-14,22,IND,28,226,7.6,-2.4,0.0,0.4,.080
Solomon Hill,2014-15,23,IND,82,2381,10.2,-1.5,0.3,3.5,.072
Solomon Hill,2015-16,24,IND,59,866,12.2,0.1,0.5,2.1,.117
Solomon Hill,2016-17,25,NOP,80,2374,8.0,-2.7,-0.4,2.7,.055
Solomon Hill,2017-18,26,NOP,12,187,4.8,-4.8,-0.1,-0.1,-0.014
Solomon Hill,2018-19,27,NOP,44,878,6.8,-3.6,-0.3,0.5,.029
Solomon Hill,2019-20,28,2TM,59,1088,9.8,-1.7,0.1,1.4,.064
Solomon Hill,2019-20,28,MEM,48,901,10.2,-1.4,0.1,1.4,.072
Solomon Hill,2019-20,28,MIA,11,187,8.1,-2.8,0.0,0.1,.023
Solomon Hill,2020-21,29,ATL,71,1513,6.7,-2.5,-0.2,1.3,.040
Solomon Hill,2021-22,30,ATL,13,139,3.3,-4.0,-0.1,0.0,-0.006
Steven Hill,2008-09,23,OKC,1,2,88.3,29.2,0.0,0.0,.873
Tyrone Hill,1990-91,22,GSW,74,1192,10.5,-4.7,-0.8,2.1,.084
Tyrone Hill,1991-92,23,GSW,82,1886,12.8,-2.2,-0.1,4.5,.114
Tyrone Hill,1992-93,24,GSW,74,2070,12.9,-2.4,-0.2,4.9,.112
Tyrone Hill,1993-94,25,CLE,57,1447,18.4,0.3,0.8,5.7,.191
Tyrone Hill,1994-95,26,CLE,70,2397,16.8,-1.3,0.4,6.9,.138
Tyrone Hill,1995-96,27,CLE,44,929,14.6,-4.3,-0.5,1.9,.101
Tyrone Hill,1996-97,28,CLE,74,2582,17.8,0.7,1.8,9.9,.184
Tyrone Hill,1997-98,29,MIL,57,2064,13.6,-0.4,0.8,4.8,.113
Tyrone Hill,1998-99,30,2TM,38,1104,12.3,-2.5,-0.2,2.2,.095
Tyrone Hill,1998-99,30,MIL,17,517,12.3,-2.8,-0.1,1.0,.093
Tyrone Hill,1998-99,30,PHI,21,587,12.2,-2.3,-0.1,1.2,.096
Tyrone Hill,1999-00,31,PHI,68,2155,14.6,-1.4,0.3,5.7,.128
Tyrone Hill,2000-01,32,PHI,76,2363,12.4,-2.4,-0.3,5.5,.111
Tyrone Hill,2001-02,33,CLE,26,810,10.1,-4.9,-0.6,0.6,.036
Tyrone Hill,2002-03,34,2TM,56,1351,9.9,-4.0,-0.7,1.4,.049
Tyrone Hill,2002-03,34,CLE,32,855,10.3,-3.9,-0.4,0.6,.036
Tyrone Hill,2002-03,34,PHI,24,496,9.3,-4.1,-0.3,0.7,.072
Tyrone Hill,2003-04,35,MIA,5,38,8.2,-5.2,0.0,0.1,.123
Art Hillhouse,1946-47,30,PHW,60,,,,,5.4,
Art Hillhouse,1947-48,31,PHW,11,,,,,0.7,
Darrun Hilliard,2015-16,22,DET,38,383,10.7,-2.5,0.0,0.5,.066
Darrun Hilliard,2016-17,23,DET,39,381,5.9,-6.0,-0.4,-0.2,-0.027
Darrun Hilliard,2017-18,24,SAS,14,95,3.4,-7.9,-0.1,0.0,-0.015
Darnell Hillman,1971-72,22,INA,73,1386,13.9,,,3.2,.110
Darnell Hillman,1972-73,23,INA,84,2541,12.7,,,3.3,.062
Darnell Hillman,1973-74,24,INA,83,2319,13.3,-0.4,1.0,4.4,.091
Darnell Hillman,1974-75,25,INA,81,2603,15.8,-0.6,0.9,6.2,.114
Darnell Hillman,1975-76,26,INA,74,2166,14.9,-1.1,0.5,4.2,.094
Darnell Hillman,1976-77,27,IND,82,2302,14.1,-1.3,0.4,3.8,.079
Darnell Hillman,1977-78,28,2TM,78,1966,13.6,-1.6,0.2,3.2,.079
Darnell Hillman,1977-78,28,NJN,45,1220,14.6,-1.4,0.2,2.0,.077
Darnell Hillman,1977-78,28,DEN,33,746,12.1,-2.0,0.0,1.3,.081
Darnell Hillman,1978-79,29,KCK,78,1618,10.7,-1.8,0.1,2.6,.077
Darnell Hillman,1979-80,30,GSW,49,708,8.7,-4.2,-0.4,0.3,.018
Fred Hilton,1971-72,24,BUF,61,1349,11.4,,,-2.1,-0.075
Fred Hilton,1972-73,25,BUF,59,731,11.2,,,-1.4,-0.091
Kirk Hinrich,2003-04,23,CHI,76,2706,13.1,-0.8,0.8,4.1,.072
Kirk Hinrich,2004-05,24,CHI,77,2800,15.3,2.5,3.2,7.2,.124
Kirk Hinrich,2005-06,25,CHI,81,2955,15.5,1.8,2.8,7.6,.124
Kirk Hinrich,2006-07,26,CHI,80,2839,17.0,2.8,3.5,10.1,.171
Kirk Hinrich,2007-08,27,CHI,75,2380,13.1,-0.8,0.7,3.6,.072
Kirk Hinrich,2008-09,28,CHI,51,1339,13.9,0.9,1.0,2.6,.092
Kirk Hinrich,2009-10,29,CHI,74,2481,11.6,-0.5,0.9,4.0,.077
Kirk Hinrich,2010-11,30,2TM,72,2157,12.3,-1.3,0.4,3.0,.068
Kirk Hinrich,2010-11,30,WAS,48,1471,13.5,-1.0,0.4,2.3,.076
Kirk Hinrich,2010-11,30,ATL,24,686,9.8,-1.8,0.0,0.7,.050
Kirk Hinrich,2011-12,31,ATL,48,1237,9.2,-2.1,-0.1,1.8,.069
Kirk Hinrich,2012-13,32,CHI,60,1764,10.8,-0.9,0.5,3.1,.085
Kirk Hinrich,2013-14,33,CHI,73,2116,10.8,-1.0,0.6,3.8,.085
Kirk Hinrich,2014-15,34,CHI,66,1610,6.8,-3.8,-0.7,1.0,.030
Kirk Hinrich,2015-16,35,2TM,46,631,7.2,-3.5,-0.2,0.6,.044
Kirk Hinrich,2015-16,35,CHI,35,555,7.3,-3.6,-0.2,0.6,.048
Kirk Hinrich,2015-16,35,ATL,11,76,6.2,-2.5,0.0,0.0,.019
Roy Hinson,1983-84,22,CLE,80,1858,10.4,-2.2,-0.1,2.5,.064
Roy Hinson,1984-85,23,CLE,76,2344,16.0,-0.4,0.9,5.0,.103
Roy Hinson,1985-86,24,CLE,82,2834,17.4,0.7,1.9,7.4,.125
Roy Hinson,1986-87,25,PHI,76,2489,13.5,-2.2,-0.1,4.5,.087
Roy Hinson,1987-88,26,2TM,77,2592,14.8,-1.1,0.6,4.5,.083
Roy Hinson,1987-88,26,PHI,29,845,13.0,-2.0,0.0,0.9,.052
Roy Hinson,1987-88,26,NJN,48,1747,15.6,-0.6,0.6,3.5,.097
Roy Hinson,1988-89,27,NJN,82,2542,14.7,-2.2,-0.1,4.4,.084
Roy Hinson,1989-90,28,NJN,25,793,15.2,-0.4,0.3,1.8,.107
Roy Hinson,1990-91,29,NJN,9,91,11.1,-4.6,-0.1,0.1,.036
Nate Hinton,2020-21,21,DAL,21,93,10.4,-3.4,0.0,0.0,-0.015
Nate Hinton,2021-22,22,IND,2,2,-45.2,-42.6,0.0,-0.1,-1.231
Nate Hinton,2022-23,,Did not play - other pro league,,,,,,,
Nate Hinton,2023-24,24,HOU,15,75,17.6,3.6,0.1,0.3,.187
Mel Hirsch,1946-47,25,BOS,13,,,,,-0.2,
Lew Hitch,1951-52,22,MNL,61,849,14.1,,,2.7,.151
Lew Hitch,1952-53,23,MNL,70,1027,13.5,,,2.2,.104
Lew Hitch,1953-54,24,MLH,72,2452,15.0,,,3.3,.064
Lew Hitch,1954-55,25,2TM,74,1774,13.4,,,3.6,.097
Lew Hitch,1954-55,25,MLH,57,1451,12.7,,,2.4,.078
Lew Hitch,1954-55,25,MNL,17,323,16.8,,,1.2,.184
Lew Hitch,1955-56,26,MNL,69,1129,12.6,,,2.2,.092
Lew Hitch,1956-57,27,2TM,68,1133,9.4,,,1.2,.052
Lew Hitch,1956-57,27,ROC,30,556,9.4,,,0.9,.073
Lew Hitch,1956-57,27,PHW,38,577,9.4,,,0.4,.031
Robert Hite,2006-07,23,MIA,12,136,7.4,-6.3,-0.1,-0.2,-0.055
Jaylen Hoard,2019-20,20,POR,13,103,14.9,-2.1,0.0,0.2,.093
Jaylen Hoard,2020-21,21,OKC,19,320,13.4,-2.5,0.0,0.5,.070
Jaylen Hoard,2021-22,22,OKC,7,240,18.0,-0.9,0.1,0.6,.118
Darington Hobson,2010-11,,Did not play - injury,,,,,,,
Darington Hobson,2011-12,24,MIL,5,39,-3.3,-13.0,-0.1,-0.2,-0.225
D'Moi Hodge,2023-24,25,LAL,7,41,6.1,-6.3,0.0,0.0,-0.019
Donald Hodge,1991-92,22,DAL,51,1058,13.8,-2.5,-0.1,1.5,.069
Donald Hodge,1992-93,23,DAL,79,1267,8.3,-5.9,-1.3,-0.9,-0.032
Donald Hodge,1993-94,24,DAL,50,428,13.1,-1.5,0.1,0.8,.087
Donald Hodge,1994-95,25,DAL,54,633,8.5,-4.9,-0.5,0.3,.026
Donald Hodge,1995-96,26,2TM,15,115,5.9,-6.5,-0.1,0.1,.026
Donald Hodge,1995-96,26,DAL,13,113,5.8,-6.6,-0.1,0.1,.025
Donald Hodge,1995-96,26,CHH,2,2,8.0,-1.2,0.0,0.0,.076
Julius Hodge,2005-06,22,DEN,14,33,4.2,-11.7,-0.1,-0.2,-0.219
Julius Hodge,2006-07,23,2TM,9,65,14.0,0.4,0.0,0.2,.115
Julius Hodge,2006-07,23,DEN,4,37,16.0,3.1,0.0,0.1,.174
Julius Hodge,2006-07,23,MIL,5,28,11.4,-3.3,0.0,0.0,.037
Craig Hodges,1982-83,22,SDC,76,2022,10.3,-3.5,-0.8,0.8,.018
Craig Hodges,1983-84,23,SDC,76,1571,8.7,-4.5,-1.0,0.5,.015
Craig Hodges,1984-85,24,MIL,82,2496,11.8,0.0,1.3,6.0,.115
Craig Hodges,1985-86,25,MIL,66,1739,13.9,1.9,1.7,5.3,.147
Craig Hodges,1986-87,26,MIL,78,2147,11.9,-0.3,0.9,4.3,.095
Craig Hodges,1987-88,27,2TM,66,1445,12.2,-0.4,0.6,2.4,.078
Craig Hodges,1987-88,27,MIL,43,983,11.3,-0.8,0.3,1.5,.073
Craig Hodges,1987-88,27,PHO,23,462,14.2,0.2,0.3,0.9,.090
Craig Hodges,1988-89,28,2TM,59,1204,14.5,0.9,0.9,2.9,.117
Craig Hodges,1988-89,28,PHO,10,92,9.5,-2.3,0.0,0.1,.049
Craig Hodges,1988-89,28,CHI,49,1112,14.9,1.2,0.9,2.8,.123
Craig Hodges,1989-90,29,CHI,63,1055,12.5,0.0,0.5,2.6,.117
Craig Hodges,1990-91,30,CHI,73,843,12.4,-1.7,0.1,1.7,.099
Craig Hodges,1991-92,31,CHI,56,555,10.4,-3.1,-0.2,0.8,.068
Craig Hodges,1992-93,,Did not play - other pro league,,,,,,,
Charlie Hoefer,1946-47,25,2TM,58,,,,,1.0,
Charlie Hoefer,1946-47,25,TRH,23,,,,,0.7,
Charlie Hoefer,1946-47,25,BOS,35,,,,,0.3,
Charlie Hoefer,1947-48,26,BOS,7,,,,,-0.1,
Paul Hoffman,1947-48,22,BLB,37,,,,,4.7,
Paul Hoffman,1948-49,,Did not play - retired,,,,,,,
Paul Hoffman,1949-50,24,BLB,60,,,,,4.1,
Paul Hoffman,1950-51,25,BLB,41,,,,,0.8,
Paul Hoffman,1951-52,,Did not play - retired,,,,,,,
Paul Hoffman,1952-53,27,BLB,69,1955,14.5,,,2.2,.055
Paul Hoffman,1953-54,28,BLB,72,2505,13.6,,,1.1,.020
Paul Hoffman,1954-55,29,3TM,38,670,4.0,,,-0.5,-0.036
Paul Hoffman,1954-55,29,BLB,9,281,,,,,
Paul Hoffman,1954-55,29,NYK,18,268,4.2,,,-0.4,-0.064
Paul Hoffman,1954-55,29,PHW,11,121,3.6,,,-0.2,-0.060
Bob Hogsett,1966-67,26,DET,7,22,12.7,,,0.0,-0.016
Bob Hogsett,1967-68,27,PTP,13,119,3.9,,,0.0,-0.006
Paul Hogue,1962-63,22,NYK,50,1340,7.4,,,-1.0,-0.037
Paul Hogue,1963-64,23,2TM,15,147,3.6,,,-0.1,-0.018
Paul Hogue,1963-64,23,NYK,6,89,6.8,,,0.1,.044
Paul Hogue,1963-64,23,BAL,9,58,-1.4,,,-0.1,-0.114
Fred Hoiberg,1995-96,23,IND,15,85,14.4,2.8,0.1,0.2,.138
Fred Hoiberg,1996-97,24,IND,47,572,15.9,3.7,0.8,2.1,.175
Fred Hoiberg,1997-98,25,IND,65,874,11.2,0.3,0.5,2.3,.127
Fred Hoiberg,1998-99,26,IND,12,87,4.0,-6.1,-0.1,0.0,-0.014
Fred Hoiberg,1999-00,27,CHI,31,845,13.0,-0.4,0.3,1.8,.100
Fred Hoiberg,2000-01,28,CHI,74,2247,15.3,1.2,1.8,5.9,.126
Fred Hoiberg,2001-02,29,CHI,79,1408,12.2,-0.9,0.4,2.7,.092
Fred Hoiberg,2002-03,30,CHI,63,784,10.2,-0.4,0.3,1.3,.077
Fred Hoiberg,2003-04,31,MIN,79,1804,13.6,2.0,1.8,6.1,.163
Fred Hoiberg,2004-05,32,MIN,76,1272,16.7,4.1,2.0,5.2,.196
