player_name,year_id,age,team_name_abbr,games,mp,per,bpm,vorp,ws,ws_per_48
Tyreke Evans,2009-10,20,SAC,72,2677,18.2,1.3,2.2,5.4,.097
Tyreke Evans,2010-11,21,SAC,57,2107,14.4,0.0,1.1,1.6,.036
Tyreke Evans,2011-12,22,SAC,63,2162,16.4,-0.6,0.8,2.7,.059
Tyreke Evans,2012-13,23,SAC,65,2016,18.1,1.8,1.9,4.4,.105
Tyreke Evans,2013-14,24,NOP,72,2028,18.4,0.6,1.3,3.1,.073
Tyreke Evans,2014-15,25,NOP,79,2690,17.7,1.2,2.2,4.6,.082
Tyreke Evans,2015-16,26,NOP,25,765,17.9,1.7,0.7,1.4,.087
Tyreke Evans,2016-17,27,2TM,40,788,15.5,0.4,0.5,0.7,.045
Tyreke Evans,2016-17,27,NOP,26,474,15.8,0.0,0.2,0.5,.053
Tyreke Evans,2016-17,27,SAC,14,314,14.9,0.9,0.2,0.2,.034
Tyreke Evans,2017-18,28,MEM,52,1607,21.1,4.5,2.6,4.2,.126
Tyreke Evans,2018-19,29,IND,69,1402,11.5,-2.7,-0.2,0.3,.010
Tosan Evbuomwan,2023-24,22,2TM,17,367,9.9,-3.0,-0.1,0.5,.071
Tosan Evbuomwan,2023-24,22,MEM,4,74,5.7,-6.4,-0.1,0.0,.016
Tosan Evbuomwan,2023-24,22,DET,13,293,10.9,-2.2,0.0,0.5,.085
Tosan Evbuomwan,2024-25,23,BRK,28,665,11.6,-3.2,-0.2,0.6,.044
Daniel Ewing,2005-06,22,LAC,66,971,7.6,-3.2,-0.3,0.3,.017
Daniel Ewing,2006-07,23,LAC,61,712,9.3,-2.8,-0.1,0.5,.033
Patrick Ewing,1985-86,23,NYK,50,1771,17.4,1.1,1.4,3.1,.084
Patrick Ewing,1986-87,24,NYK,63,2206,18.9,0.4,1.3,3.5,.075
Patrick Ewing,1987-88,25,NYK,82,2546,21.9,4.2,4.0,8.1,.154
Patrick Ewing,1988-89,26,NYK,80,2896,22.1,4.5,4.8,10.9,.181
Patrick Ewing,1989-90,27,NYK,82,3165,25.8,5.5,6.0,13.5,.205
Patrick Ewing,1990-91,28,NYK,81,3104,23.7,4.2,4.9,10.0,.155
Patrick Ewing,1991-92,29,NYK,82,3150,22.8,4.9,5.5,13.0,.198
Patrick Ewing,1992-93,30,NYK,81,3003,20.8,3.4,4.0,10.6,.170
Patrick Ewing,1993-94,31,NYK,79,2972,22.9,5.2,5.5,13.1,.211
Patrick Ewing,1994-95,32,NYK,79,2920,21.9,3.5,4.1,9.6,.157
Patrick Ewing,1995-96,33,NYK,76,2783,20.9,1.6,2.5,6.8,.116
Patrick Ewing,1996-97,34,NYK,78,2887,21.3,2.8,3.5,9.8,.163
Patrick Ewing,1997-98,35,NYK,26,848,23.3,4.2,1.3,3.0,.168
Patrick Ewing,1998-99,36,NYK,38,1300,19.4,1.9,1.3,3.3,.123
Patrick Ewing,1999-00,37,NYK,62,2035,16.9,-0.2,0.9,4.8,.113
Patrick Ewing,2000-01,38,SEA,79,2107,12.9,-3.2,-0.6,2.0,.046
Patrick Ewing,2001-02,39,ORL,65,901,14.4,-3.1,-0.3,1.4,.073
Patrick Ewing,2010-11,26,NOH,7,19,0.6,-9.1,0.0,-0.1,-0.158
Dante Exum,2014-15,19,UTA,82,1817,5.7,-4.3,-1.1,-0.1,-0.003
Dante Exum,2015-16,,Did not play - injury,,,,,,,
Dante Exum,2016-17,21,UTA,66,1228,8.5,-3.3,-0.4,1.2,.046
Dante Exum,2017-18,22,UTA,14,235,16.7,0.1,0.1,0.7,.133
Dante Exum,2018-19,23,UTA,42,664,11.2,-2.1,0.0,1.0,.069
Dante Exum,2019-20,24,2TM,35,485,10.3,-2.9,-0.1,0.4,.043
Dante Exum,2019-20,24,UTA,11,83,4.8,-5.7,-0.1,-0.1,-0.056
Dante Exum,2019-20,24,CLE,24,402,11.5,-2.4,0.0,0.5,.063
Dante Exum,2020-21,25,CLE,6,116,5.9,-3.8,-0.1,-0.1,-0.025
Dante Exum,2021-22,,Did not play - other pro league,,,,,,,
Dante Exum,2022-23,,Did not play - other pro league,,,,,,,
Dante Exum,2023-24,28,DAL,55,1088,13.7,-0.6,0.4,2.9,.127
Dante Exum,2024-25,29,DAL,20,372,13.6,-2.3,0.0,0.6,.083
Christian Eyenga,2009-10,,Did not play - other pro league,,,,,,,
Christian Eyenga,2010-11,21,CLE,44,947,9.0,-4.0,-0.5,-0.3,-0.016
Christian Eyenga,2011-12,22,2TM,7,102,4.8,-5.6,-0.1,-0.1,-0.061
Christian Eyenga,2011-12,22,CLE,6,83,2.1,-6.4,-0.1,-0.2,-0.103
Christian Eyenga,2011-12,22,LAL,1,19,16.7,-1.9,0.0,0.0,.122
Festus Ezeli,2012-13,23,GSW,78,1120,9.3,-3.4,-0.4,1.5,.066
Festus Ezeli,2013-14,,Did not play - injury,,,,,,,
Festus Ezeli,2014-15,25,GSW,46,504,16.2,-1.8,0.0,1.7,.159
Festus Ezeli,2015-16,26,GSW,46,770,17.7,-0.1,0.4,2.7,.171
Festus Ezeli,2016-17,,Did not play - injury,,,,,,,
Festus Ezeli,2017-18,,Did not play - injury,,,,,,,
Festus Ezeli,2018-19,,Did not play - injury,,,,,,,
Festus Ezeli,2019-20,,Did not play - injury,,,,,,,
Festus Ezeli,2020-21,,Did not play - other pro league,,,,,,,
Johnny Ezersky,1947-48,25,PRO,25,,,,,-0.7,
Johnny Ezersky,1948-49,26,3TM,56,,,,,1.7,
Johnny Ezersky,1948-49,26,PRO,11,,,,,-0.3,
Johnny Ezersky,1948-49,26,BLB,27,,,,,0.3,
Johnny Ezersky,1948-49,26,BOS,18,,,,,1.7,
Johnny Ezersky,1949-50,27,2TM,54,,,,,0.5,
Johnny Ezersky,1949-50,27,BLB,38,,,,,0.7,
Johnny Ezersky,1949-50,27,BOS,16,,,,,-0.2,
Joe Fabel,1946-47,29,PIT,30,,,,,-0.2,
John Fairchild,1965-66,22,LAL,30,171,3.9,,,-0.6,-0.166
John Fairchild,1966-67,,Did not play - waived,,,,,,,
John Fairchild,1967-68,24,ANA,62,1311,15.0,,,1.7,.061
John Fairchild,1968-69,25,2TM,63,717,9.2,,,0.7,.045
John Fairchild,1968-69,25,DNR,11,135,6.0,,,0.1,.027
John Fairchild,1968-69,25,INA,52,582,9.9,,,0.6,.050
John Fairchild,1969-70,26,2TM,10,78,1.8,,,0.0,-0.007
John Fairchild,1969-70,26,INA,3,26,-0.8,,,-0.1,-0.105
John Fairchild,1969-70,26,KEN,7,52,3.1,,,0.0,.041
Tacko Fall,2019-20,24,BOS,7,33,28.4,6.5,0.1,0.2,.223
Tacko Fall,2020-21,25,BOS,19,136,19.6,1.2,0.1,0.5,.177
Tacko Fall,2021-22,26,CLE,11,59,11.3,-3.4,0.0,0.1,.043
Phil Farbman,1948-49,24,2TM,48,,,,,1.4,
Phil Farbman,1948-49,24,PHW,27,,,,,0.8,
Phil Farbman,1948-49,24,BOS,21,,,,,0.6,
Kenneth Faried,2011-12,22,DEN,46,1037,21.9,2.2,1.1,4.6,.212
Kenneth Faried,2012-13,23,DEN,80,2248,18.5,1.1,1.7,7.8,.167
Kenneth Faried,2013-14,24,DEN,80,2178,19.8,1.0,1.6,6.5,.144
Kenneth Faried,2014-15,25,DEN,75,2086,18.4,-0.1,1.0,5.6,.130
Kenneth Faried,2015-16,26,DEN,67,1694,21.0,0.3,1.0,5.5,.156
Kenneth Faried,2016-17,27,DEN,61,1296,20.3,0.3,0.7,4.5,.168
Kenneth Faried,2017-18,28,DEN,32,461,17.4,-2.1,0.0,1.3,.132
Kenneth Faried,2018-19,29,2TM,37,728,21.6,-0.2,0.3,2.9,.193
Kenneth Faried,2018-19,29,BRK,12,118,20.5,0.4,0.1,0.4,.168
Kenneth Faried,2018-19,29,HOU,25,610,21.8,-0.4,0.3,2.5,.198
Kenneth Faried,2019-20,,Did not play - other pro league,,,,,,,
Dick Farley,1954-55,22,SYR,69,1113,13.0,,,3.0,.128
Dick Farley,1955-56,23,SYR,72,1429,10.8,,,2.5,.083
Dick Farley,1956-57,,Did not play - military service,,,,,,,
Dick Farley,1957-58,,Did not play - military service,,,,,,,
Dick Farley,1958-59,26,DET,70,1280,12.9,,,2.8,.104
Jordan Farmar,2006-07,20,LAL,72,1090,10.8,-1.7,0.1,0.9,.038
Jordan Farmar,2007-08,21,LAL,82,1690,15.4,1.3,1.4,3.9,.111
Jordan Farmar,2008-09,22,LAL,65,1192,9.9,-2.6,-0.2,0.8,.034
Jordan Farmar,2009-10,23,LAL,82,1474,12.3,-0.4,0.6,2.8,.093
Jordan Farmar,2010-11,24,NJN,73,1796,14.1,-0.4,0.7,1.9,.050
Jordan Farmar,2011-12,25,NJN,39,831,17.4,0.4,0.5,1.8,.104
Jordan Farmar,2012-13,,Did not play - other pro league,,,,,,,
Jordan Farmar,2013-14,27,LAL,41,912,15.0,-0.7,0.3,0.7,.039
Jordan Farmar,2014-15,28,LAC,36,529,9.9,-1.4,0.1,0.6,.053
Jordan Farmar,2015-16,29,MEM,12,291,13.2,-0.7,0.1,0.4,.064
Jordan Farmar,2016-17,30,SAC,2,35,14.4,2.1,0.0,0.0,.063
Desmon Farmer,2006-07,25,SEA,8,32,15.4,3.1,0.0,0.0,.074
Desmon Farmer,2007-08,,Did not play - other pro league,,,,,,,
Desmon Farmer,2008-09,27,SAS,3,54,0.4,-9.9,-0.1,-0.1,-0.071
Jim Farmer,1987-88,23,DAL,30,157,4.4,-9.9,-0.3,-0.4,-0.111
Jim Farmer,1988-89,24,UTA,37,412,8.4,-5.1,-0.3,0.4,.045
Jim Farmer,1989-90,25,SEA,38,400,15.5,-1.1,0.1,0.7,.087
Jim Farmer,1990-91,26,2TM,27,456,12.2,-3.7,-0.2,0.1,.010
Jim Farmer,1990-91,26,PHI,2,13,10.9,-11.3,0.0,0.0,-0.068
Jim Farmer,1990-91,26,DEN,25,443,12.3,-3.5,-0.2,0.1,.012
Jim Farmer,1991-92,,Did not play - other pro league,,,,,,,
Jim Farmer,1992-93,,Did not play - other pro league,,,,,,,
Jim Farmer,1993-94,29,DEN,4,29,-3.7,-14.5,-0.1,-0.1,-0.210
Mike Farmer,1958-59,22,NYK,72,1545,7.9,,,0.1,.004
Mike Farmer,1959-60,23,NYK,67,1536,8.8,,,-0.1,-0.002
Mike Farmer,1960-61,24,2TM,59,1301,10.2,,,-0.1,-0.004
Mike Farmer,1960-61,24,NYK,2,6,-4.8,,,0.0,-0.170
Mike Farmer,1960-61,24,CIN,57,1295,10.2,,,-0.1,-0.003
Mike Farmer,1961-62,,Did not play - other pro league,,,,,,,
Mike Farmer,1962-63,26,STL,80,1724,12.0,,,3.2,.089
Mike Farmer,1963-64,27,STL,76,1361,9.4,,,1.3,.046
Mike Farmer,1964-65,28,STL,60,1272,10.7,,,1.8,.069
Mike Farmer,1965-66,29,STL,9,79,11.6,,,0.1,.059
Tony Farmer,1997-98,28,CHH,27,169,13.9,-2.5,0.0,0.4,.109
Tony Farmer,1998-99,,Did not play - other pro league,,,,,,,
Tony Farmer,1999-00,30,GSW,74,1199,15.7,-0.5,0.5,2.9,.114
Bob Faught,1946-47,25,CLR,51,,,,,1.7,
Vítor Luiz Faverani,2013-14,25,BOS,37,488,11.0,-3.2,-0.1,0.3,.031
Derrick Favors,2010-11,19,2TM,78,1535,13.9,-3.2,-0.5,2.9,.091
Derrick Favors,2010-11,19,NJN,56,1091,12.6,-3.9,-0.5,1.9,.083
Derrick Favors,2010-11,19,UTA,22,444,16.8,-1.6,0.0,1.0,.110
Derrick Favors,2011-12,20,UTA,65,1376,17.1,-1.1,0.3,3.0,.105
Derrick Favors,2012-13,21,UTA,77,1787,17.5,-0.5,0.7,4.4,.117
Derrick Favors,2013-14,22,UTA,73,2201,19.0,0.1,1.2,5.1,.112
Derrick Favors,2014-15,23,UTA,74,2280,21.8,2.5,2.6,8.3,.175
Derrick Favors,2015-16,24,UTA,62,1983,21.6,3.3,2.6,7.1,.173
Derrick Favors,2016-17,25,UTA,50,1186,15.8,-0.1,0.6,2.7,.109
Derrick Favors,2017-18,26,UTA,77,2153,18.8,1.5,1.9,8.0,.179
Derrick Favors,2018-19,27,UTA,76,1766,21.8,3.3,2.4,7.9,.215
Derrick Favors,2019-20,28,NOP,51,1243,18.5,1.0,0.9,4.2,.162
Derrick Favors,2020-21,29,UTA,68,1039,19.7,2.6,1.2,5.1,.237
Derrick Favors,2021-22,30,OKC,39,653,13.6,-2.1,0.0,1.4,.105
Nick Fazekas,2007-08,22,2TM,26,269,19.6,0.5,0.2,0.8,.148
Nick Fazekas,2007-08,22,DAL,4,9,13.8,-4.6,0.0,0.0,.021
Nick Fazekas,2007-08,22,LAC,22,260,19.8,0.7,0.2,0.8,.153
Dave Fedor,1962-63,22,SFW,7,27,2.2,,,-0.1,-0.128
Bob Feerick,1946-47,27,WSC,55,,,,,18.6,
Bob Feerick,1947-48,28,WSC,48,,,,,10.5,
Bob Feerick,1948-49,29,WSC,58,,,,,8.9,
Bob Feerick,1949-50,30,WSC,60,,,,,3.6,
Butch Feher,1976-77,22,PHO,48,487,15.9,0.6,0.3,1.5,.145
Jamie Feick,1996-97,22,2TM,41,624,11.1,-5.8,-0.6,0.2,.016
Jamie Feick,1996-97,22,CHH,3,10,16.3,-3.1,0.0,0.0,.098
Jamie Feick,1996-97,22,SAS,38,614,11.0,-5.9,-0.6,0.2,.014
Jamie Feick,1997-98,23,MIL,45,450,12.1,-1.4,0.1,0.9,.091
Jamie Feick,1998-99,24,2TM,28,852,14.2,-2.2,0.0,2.2,.123
Jamie Feick,1998-99,24,MIL,2,3,-1.8,-12.2,0.0,0.0,-0.196
Jamie Feick,1998-99,24,NJN,26,849,14.2,-2.1,0.0,2.2,.124
Jamie Feick,1999-00,25,NJN,81,2241,12.3,-2.3,-0.2,4.8,.103
Jamie Feick,2000-01,26,NJN,6,149,10.2,-1.8,0.0,0.2,.050
Ron Feiereisel,1953-54,,Did not play - military service,,,,,,,
Ron Feiereisel,1954-55,,Did not play - military service,,,,,,,
Ron Feiereisel,1955-56,24,MNL,10,59,12.2,,,0.0,.040
George Feigenbaum,1949-50,21,BLB,12,,,,,-0.4,
George Feigenbaum,1950-51,,Did not play - other pro league,,,,,,,
George Feigenbaum,1951-52,,Did not play - other pro league,,,,,,,
George Feigenbaum,1952-53,24,MLH,5,79,2.2,,,-0.2,-0.109
Dave Feitl,1986-87,24,HOU,62,498,10.3,-5.8,-0.5,0.5,.049
Dave Feitl,1987-88,25,GSW,70,1128,10.7,-5.7,-1.1,0.3,.011
Dave Feitl,1988-89,26,WSB,57,828,8.7,-5.2,-0.7,0.4,.022
Dave Feitl,1989-90,,Did not play - other pro league,,,,,,,
Dave Feitl,1990-91,28,HOU,52,372,8.2,-7.0,-0.5,0.2,.022
Dave Feitl,1991-92,29,NJN,34,175,11.9,-7.0,-0.2,0.1,.019
Kay Felder,2016-17,21,CLE,42,386,11.4,-2.4,0.0,0.1,.008
Kay Felder,2017-18,22,2TM,16,140,3.6,-11.1,-0.3,-0.5,-0.175
Kay Felder,2017-18,22,CHI,14,134,3.6,-10.7,-0.3,-0.5,-0.168
Kay Felder,2017-18,22,DET,2,6,2.0,-21.4,0.0,0.0,-0.336
Cristiano Felício,2015-16,23,CHI,31,321,17.6,0.3,0.2,1.2,.175
Cristiano Felício,2016-17,24,CHI,66,1040,15.3,-0.7,0.3,3.4,.158
Cristiano Felício,2017-18,25,CHI,55,977,12.5,-3.9,-0.5,1.7,.086
Cristiano Felício,2018-19,26,CHI,60,746,13.4,-4.1,-0.4,1.4,.088
Cristiano Felício,2019-20,27,CHI,22,386,12.8,-3.1,-0.1,1.0,.126
Cristiano Felício,2020-21,28,CHI,18,84,14.7,0.1,0.0,0.3,.151
Carrick Felix,2013-14,23,CLE,7,38,13.3,-3.4,0.0,0.0,.057
Noel Felix,2005-06,24,SEA,12,82,-1.1,-12.5,-0.2,-0.3,-0.197
Ray Felix,1953-54,23,BLB,72,2672,23.1,,,8.6,.155
Ray Felix,1954-55,24,NYK,72,2024,20.9,,,7.2,.172
Ray Felix,1955-56,25,NYK,72,1702,18.6,,,5.5,.155
Ray Felix,1956-57,26,NYK,72,1622,19.0,,,5.5,.162
Ray Felix,1957-58,27,NYK,72,1709,18.9,,,5.8,.164
Ray Felix,1958-59,28,NYK,72,1588,14.0,,,2.0,.061
Ray Felix,1959-60,29,2TM,47,882,11.3,,,0.8,.045
Ray Felix,1959-60,29,NYK,16,186,8.9,,,-0.2,-0.060
Ray Felix,1959-60,29,MNL,31,696,12.0,,,1.1,.073
Ray Felix,1960-61,30,LAL,78,1510,9.6,,,1.8,.057
Ray Felix,1961-62,31,LAL,80,1478,9.2,,,2.3,.074
Raymond Felton,2005-06,21,CHA,80,2406,14.2,-0.6,0.8,2.6,.051
Raymond Felton,2006-07,22,CHA,78,2832,13.5,-0.8,0.9,2.3,.039
Raymond Felton,2007-08,23,CHA,79,2972,13.8,-2.1,-0.1,3.4,.054
Raymond Felton,2008-09,24,CHA,82,3086,13.7,-0.1,1.4,4.3,.066
Raymond Felton,2009-10,25,CHA,80,2643,15.2,1.6,2.3,6.5,.118
Raymond Felton,2010-11,26,2TM,75,2737,16.6,0.6,1.8,5.4,.094
Raymond Felton,2010-11,26,NYK,54,2074,17.3,0.4,1.3,4.0,.093
Raymond Felton,2010-11,26,DEN,21,663,14.7,1.0,0.5,1.3,.097
Raymond Felton,2011-12,27,POR,60,1906,13.4,-1.5,0.2,1.7,.042
Raymond Felton,2012-13,28,NYK,68,2313,15.2,0.1,1.2,4.2,.087
Raymond Felton,2013-14,29,NYK,65,2017,12.9,-1.2,0.4,2.2,.053
Raymond Felton,2014-15,30,DAL,29,281,12.4,-1.4,0.0,0.2,.039
Raymond Felton,2015-16,31,DAL,80,2192,11.9,-1.6,0.2,2.7,.059
Raymond Felton,2016-17,32,LAC,80,1700,10.9,-1.3,0.3,1.9,.055
Raymond Felton,2017-18,33,OKC,82,1365,13.0,-0.6,0.5,2.2,.078
Raymond Felton,2018-19,34,OKC,33,379,11.2,-1.3,0.1,0.7,.087
Jake Fendley,1951-52,22,FTW,58,651,9.8,,,1.0,.076
Jake Fendley,1952-53,23,FTW,45,380,10.9,,,1.1,.133
Warren Fenley,1946-47,24,BOS,33,,,,,-0.1,
Desmond Ferguson,2003-04,26,POR,7,32,11.3,1.4,0.0,0.0,.021
Terrance Ferguson,2017-18,19,OKC,61,763,7.4,-3.3,-0.3,1.2,.077
Terrance Ferguson,2018-19,20,OKC,74,1931,6.4,-3.8,-0.9,2.8,.070
Terrance Ferguson,2019-20,21,OKC,56,1257,3.7,-4.5,-0.8,0.6,.021
Terrance Ferguson,2020-21,22,PHI,13,49,-7.1,-14.3,-0.2,-0.2,-0.161
Rudy Fernández,2007-08,,Did not play - other pro league,,,,,,,
Rudy Fernández,2008-09,23,POR,78,1993,15.5,3.0,2.5,6.1,.147
Rudy Fernández,2009-10,24,POR,62,1441,13.1,1.5,1.3,3.0,.101
Rudy Fernández,2010-11,25,POR,78,1821,13.4,0.9,1.3,3.8,.100
Rudy Fernández,2011-12,26,DEN,31,710,13.3,0.7,0.5,1.2,.083
Rudy Fernández,2012-13,,Did not play - other pro league,,,,,,,
Bruno Fernando,2019-20,21,ATL,56,713,11.9,-4.1,-0.4,0.8,.055
Bruno Fernando,2020-21,22,ATL,33,226,6.2,-6.5,-0.3,-0.1,-0.019
Bruno Fernando,2021-22,23,2TM,30,152,21.2,-0.1,0.1,0.4,.140
Bruno Fernando,2021-22,23,BOS,20,58,12.6,-2.8,0.0,0.1,.102
Bruno Fernando,2021-22,23,HOU,10,94,26.5,1.5,0.1,0.3,.164
Bruno Fernando,2022-23,24,2TM,39,405,16.6,-2.0,0.0,0.9,.109
Bruno Fernando,2022-23,24,HOU,31,364,16.1,-1.7,0.0,0.8,.111
Bruno Fernando,2022-23,24,ATL,8,41,20.1,-5.0,0.0,0.1,.086
Bruno Fernando,2023-24,25,ATL,45,682,15.2,-2.3,-0.1,1.5,.103
Bruno Fernando,2024-25,26,TOR,17,147,15.3,-0.7,0.1,0.3,.085
Eric Fernsten,1975-76,22,2TM,37,268,14.3,-0.1,0.2,0.5,.089
Eric Fernsten,1975-76,22,CLE,4,9,-6.5,-5.1,0.0,0.0,-0.176
Eric Fernsten,1975-76,22,CHI,33,259,15.0,0.1,0.2,0.5,.098
Eric Fernsten,1976-77,23,CHI,5,61,10.0,-3.9,0.0,0.0,.004
Eric Fernsten,1977-78,,Did not play - other pro league,,,,,,,
Eric Fernsten,1978-79,,Did not play - other pro league,,,,,,,
Eric Fernsten,1979-80,26,BOS,56,431,14.4,0.8,0.3,1.2,.133
Eric Fernsten,1980-81,27,BOS,45,279,11.0,-2.4,0.0,0.5,.079
Eric Fernsten,1981-82,28,BOS,43,202,8.1,-3.2,0.0,0.2,.047
Eric Fernsten,1982-83,,Did not play - other pro league,,,,,,,
Eric Fernsten,1983-84,30,NYK,32,402,9.6,0.1,0.2,1.0,.118
Al Ferrari,1955-56,22,STL,68,1611,9.9,,,1.9,.057
Al Ferrari,1956-57,,Did not play - military service,,,,,,,
Al Ferrari,1957-58,,Did not play - military service,,,,,,,
Al Ferrari,1958-59,25,STL,72,1189,9.7,,,1.4,.058
Al Ferrari,1959-60,26,STL,71,1567,11.2,,,3.3,.100
Al Ferrari,1960-61,27,STL,63,1031,8.5,,,1.4,.066
Al Ferrari,1961-62,28,STL,79,2046,8.3,,,0.9,.020
Al Ferrari,1962-63,29,CHZ,18,138,6.5,,,0.0,-0.010
Rolando Ferreira,1988-89,24,POR,12,34,-7.6,-23.2,-0.2,-0.2,-0.352
Duane Ferrell,1988-89,23,ATL,41,231,12.0,-3.3,-0.1,0.4,.082
Duane Ferrell,1989-90,24,ATL,14,29,8.1,-9.5,-0.1,-0.1,-0.092
Duane Ferrell,1990-91,25,ATL,78,1165,12.4,-2.4,-0.1,1.9,.079
Duane Ferrell,1991-92,26,ATL,66,1598,15.6,-0.8,0.5,3.5,.107
Duane Ferrell,1992-93,27,ATL,82,1736,13.7,-2.0,0.0,2.8,.077
Duane Ferrell,1993-94,28,ATL,72,1155,14.5,-0.9,0.3,3.2,.134
Duane Ferrell,1994-95,29,IND,56,607,12.5,-1.5,0.1,1.2,.095
Duane Ferrell,1995-96,30,IND,54,591,10.9,-2.1,0.0,1.0,.077
Duane Ferrell,1996-97,31,IND,62,1115,11.6,-0.9,0.3,1.9,.081
Duane Ferrell,1997-98,32,GSW,50,461,6.4,-4.7,-0.3,0.0,-0.004
Duane Ferrell,1998-99,33,GSW,8,46,-2.3,-11.6,-0.1,-0.2,-0.157
Yogi Ferrell,2016-17,23,2TM,46,1197,13.1,-1.1,0.3,1.8,.072
Yogi Ferrell,2016-17,23,BRK,10,151,6.5,-7.5,-0.2,-0.2,-0.050
Yogi Ferrell,2016-17,23,DAL,36,1046,14.1,-0.2,0.5,2.0,.090
Yogi Ferrell,2017-18,24,DAL,82,2282,11.4,-1.4,0.4,3.0,.064
Yogi Ferrell,2018-19,25,SAC,71,1067,12.7,-1.4,0.2,1.9,.087
Yogi Ferrell,2019-20,26,SAC,50,530,12.2,-1.8,0.0,0.7,.060
Yogi Ferrell,2020-21,27,2TM,10,136,14.4,0.2,0.1,0.3,.099
Yogi Ferrell,2020-21,27,CLE,2,40,12.4,-1.0,0.0,0.0,-0.036
Yogi Ferrell,2020-21,27,LAC,8,96,15.3,0.7,0.1,0.3,.154
Arnie Ferrin,1948-49,23,MNL,47,,,,,2.6,
Arnie Ferrin,1949-50,24,MNL,63,,,,,2.6,
Arnie Ferrin,1950-51,25,MNL,68,,,,,2.4,
Bob Ferry,1959-60,22,STL,62,875,11.5,,,1.4,.078
Bob Ferry,1960-61,23,DET,79,1657,16.5,,,3.9,.113
Bob Ferry,1961-62,24,DET,80,1918,17.2,,,4.9,.122
Bob Ferry,1962-63,25,DET,79,2479,12.6,,,3.1,.061
Bob Ferry,1963-64,26,DET,74,1522,16.2,,,2.7,.086
Bob Ferry,1964-65,27,BAL,77,1280,10.8,,,1.2,.044
Bob Ferry,1965-66,28,BAL,66,1229,12.3,,,1.2,.047
Bob Ferry,1966-67,29,BAL,51,991,11.6,,,0.9,.046
Bob Ferry,1967-68,30,BAL,59,841,11.3,,,0.8,.046
Bob Ferry,1968-69,31,BAL,7,36,11.1,,,0.0,.012
Danny Ferry,1989-90,,Did not play - other pro league,,,,,,,
Danny Ferry,1990-91,24,CLE,81,1661,10.9,-4.0,-0.8,1.0,.028
Danny Ferry,1991-92,25,CLE,68,937,11.2,-3.9,-0.4,1.3,.067
Danny Ferry,1992-93,26,CLE,76,1461,14.0,-0.2,0.7,3.6,.118
Danny Ferry,1993-94,27,CLE,70,965,12.0,-1.3,0.2,1.7,.084
Danny Ferry,1994-95,28,CLE,82,1290,16.0,2.6,1.5,3.9,.144
Danny Ferry,1995-96,29,CLE,82,2680,14.2,-0.1,1.3,5.5,.098
Danny Ferry,1996-97,30,CLE,82,2633,11.7,-0.4,1.0,5.6,.102
Danny Ferry,1997-98,31,CLE,69,1034,7.5,-2.3,-0.1,1.0,.049
Danny Ferry,1998-99,32,CLE,50,1058,11.0,-1.4,0.2,1.7,.077
Danny Ferry,1999-00,33,CLE,63,1326,11.8,-1.4,0.2,2.7,.099
Danny Ferry,2000-01,34,SAS,80,1688,10.1,0.0,0.8,4.1,.117
Danny Ferry,2001-02,35,SAS,50,799,11.2,0.4,0.5,2.3,.140
Danny Ferry,2002-03,36,SAS,64,601,5.1,-3.2,-0.2,0.3,.028
Kyrylo Fesenko,2007-08,21,UTA,9,70,4.0,-11.9,-0.2,0.0,-0.031
Kyrylo Fesenko,2008-09,22,UTA,21,156,13.0,-3.1,-0.1,0.3,.095
Kyrylo Fesenko,2009-10,23,UTA,49,408,9.7,-4.4,-0.3,0.6,.070
Kyrylo Fesenko,2010-11,24,UTA,53,456,5.8,-7.4,-0.6,-0.1,-0.011
Kyrylo Fesenko,2011-12,25,IND,3,17,29.8,8.4,0.0,0.1,.374
Bobby Fields,1971-72,22,UTS,22,124,9.2,,,0.2,.089
Kenny Fields,1984-85,22,MIL,51,535,8.9,-3.9,-0.3,0.7,.060
Kenny Fields,1985-86,23,MIL,78,1120,13.3,-0.2,0.5,2.8,.120
Kenny Fields,1986-87,24,2TM,48,883,12.0,-3.3,-0.3,0.7,.039
Kenny Fields,1986-87,24,MIL,4,22,16.6,1.5,0.0,0.0,.108
Kenny Fields,1986-87,24,LAC,44,861,11.9,-3.4,-0.3,0.7,.037
Kenny Fields,1987-88,25,LAC,7,154,8.7,-4.4,-0.1,0.0,.000
Landry Fields,2010-11,22,NYK,82,2541,13.5,0.2,1.4,5.3,.100
Landry Fields,2011-12,23,NYK,66,1894,12.0,0.0,1.0,3.4,.085
Landry Fields,2012-13,24,TOR,51,1037,10.3,-1.8,0.1,1.1,.052
Landry Fields,2013-14,25,TOR,30,322,8.6,-1.4,0.1,0.4,.057
Landry Fields,2014-15,26,TOR,26,216,10.8,-0.1,0.1,0.3,.072
Ron Filipek,1967-68,23,PHI,19,73,13.5,,,0.0,-0.009
Kyle Filipowski,2024-25,21,UTA,72,1522,14.9,-1.0,0.4,2.5,.078
Greg Fillmore,1970-71,23,NYK,39,271,10.3,,,0.6,.100
Greg Fillmore,1971-72,24,NYK,10,67,-0.5,,,-0.3,-0.181
Larry Finch,1973-74,22,MMT,65,1154,8.1,-6.1,-1.2,-0.1,-0.002
Larry Finch,1974-75,23,MMS,63,1888,10.7,-3.2,-0.6,1.7,.044
Hank Finkel,1966-67,24,LAL,27,141,7.7,,,0.0,-0.005
Hank Finkel,1967-68,25,SDR,53,1116,17.5,,,3.4,.146
Hank Finkel,1968-69,26,SDR,35,332,13.1,,,0.9,.123
Hank Finkel,1969-70,27,BOS,80,1866,13.1,,,3.4,.087
Hank Finkel,1970-71,28,BOS,80,1234,12.1,,,2.3,.091
Hank Finkel,1971-72,29,BOS,78,736,11.1,,,1.0,.068
Hank Finkel,1972-73,30,BOS,76,496,11.4,,,1.2,.119
Hank Finkel,1973-74,31,BOS,60,427,11.6,-2.1,0.0,0.9,.096
Hank Finkel,1974-75,32,BOS,62,518,7.5,-3.8,-0.2,0.4,.038
Michael Finley,1995-96,22,PHO,82,3212,14.0,-0.2,1.5,6.3,.095
Michael Finley,1996-97,23,2TM,83,2790,14.5,0.3,1.6,3.9,.067
Michael Finley,1996-97,23,PHO,27,796,14.6,0.1,0.4,1.2,.074
Michael Finley,1996-97,23,DAL,56,1994,14.5,0.3,1.2,2.7,.064
Michael Finley,1997-98,24,DAL,82,3394,19.3,2.5,3.8,7.5,.106
Michael Finley,1998-99,25,DAL,50,2051,19.2,2.0,2.1,5.4,.126
Michael Finley,1999-00,26,DAL,82,3464,19.2,2.1,3.6,8.3,.114
Michael Finley,2000-01,27,DAL,82,3443,18.2,1.9,3.4,8.5,.119
Michael Finley,2001-02,28,DAL,69,2754,17.6,1.1,2.1,6.3,.110
Michael Finley,2002-03,29,DAL,69,2642,17.6,1.7,2.4,6.7,.123
Michael Finley,2003-04,30,DAL,72,2778,17.8,1.8,2.7,7.6,.131
Michael Finley,2004-05,31,DAL,64,2358,14.3,0.2,1.3,5.5,.112
Michael Finley,2005-06,32,SAS,77,2038,12.7,0.2,1.1,5.0,.117
Michael Finley,2006-07,33,SAS,82,1823,13.7,0.7,1.2,4.7,.125
Michael Finley,2007-08,34,SAS,82,2204,11.4,-0.6,0.8,4.2,.091
Michael Finley,2008-09,35,SAS,81,2336,11.4,-0.4,1.0,4.4,.091
Michael Finley,2009-10,36,2TM,46,709,9.0,-1.3,0.1,1.0,.066
Michael Finley,2009-10,36,SAS,25,395,6.5,-2.6,-0.1,0.2,.026
Michael Finley,2009-10,36,BOS,21,314,12.1,0.3,0.2,0.8,.115
Danny Finn,1952-53,24,PHW,31,1015,13.7,,,-0.4,-0.017
Danny Finn,1953-54,25,PHW,68,1562,14.0,,,1.7,.052
Danny Finn,1954-55,26,PHW,43,820,10.3,,,-0.3,-0.018
Dorian Finney-Smith,2016-17,23,DAL,81,1642,7.7,-2.6,-0.3,1.4,.041
Dorian Finney-Smith,2017-18,24,DAL,21,448,7.6,-4.6,-0.3,0.1,.015
Dorian Finney-Smith,2018-19,25,DAL,81,1985,11.0,-1.4,0.3,3.3,.079
Dorian Finney-Smith,2019-20,26,DAL,71,2120,12.3,-0.2,0.9,4.9,.110
Dorian Finney-Smith,2020-21,27,DAL,60,1921,12.0,0.1,1.0,4.4,.110
Dorian Finney-Smith,2021-22,28,DAL,80,2644,12.5,0.8,1.9,6.6,.121
Dorian Finney-Smith,2022-23,29,2TM,66,2009,9.2,-2.0,0.0,2.1,.051
Dorian Finney-Smith,2022-23,29,DAL,40,1288,10.0,-1.1,0.3,1.7,.065
Dorian Finney-Smith,2022-23,29,BRK,26,721,7.7,-3.7,-0.3,0.4,.027
Dorian Finney-Smith,2023-24,30,BRK,68,1934,10.1,-2.0,0.0,2.6,.065
Dorian Finney-Smith,2024-25,31,2TM,63,1818,10.1,-1.0,0.5,2.9,.078
Dorian Finney-Smith,2024-25,31,BRK,20,579,12.2,0.0,0.3,1.1,.094
Dorian Finney-Smith,2024-25,31,LAL,43,1239,9.2,-1.5,0.2,1.8,.070
Matt Fish,1992-93,,Did not play - other pro league,,,,,,,
Matt Fish,1993-94,,Did not play - other pro league,,,,,,,
Matt Fish,1994-95,25,LAC,26,370,10.6,-4.3,-0.2,0.2,.030
Matt Fish,1995-96,26,2TM,18,134,16.5,1.0,0.1,0.4,.154
Matt Fish,1995-96,26,NYK,2,17,27.4,2.7,0.0,0.1,.220
Matt Fish,1995-96,26,DEN,16,117,14.9,0.7,0.1,0.4,.144
Matt Fish,1996-97,27,2TM,6,8,-3.2,-19.0,0.0,0.0,-0.287
Matt Fish,1996-97,27,WSB,5,7,-3.7,-21.1,0.0,0.0,-0.331
Matt Fish,1996-97,27,MIA,1,1,0.0,-4.5,0.0,0.0,.025
Derek Fisher,1996-97,22,LAL,80,921,11.0,-2.7,-0.1,1.1,.056
Derek Fisher,1997-98,23,LAL,82,1760,12.9,0.0,0.9,3.8,.104
Derek Fisher,1998-99,24,LAL,50,1131,12.1,-0.6,0.4,1.7,.072
Derek Fisher,1999-00,25,LAL,78,1803,9.6,-1.6,0.2,3.1,.083
Derek Fisher,2000-01,26,LAL,20,709,14.0,0.2,0.4,1.8,.119
Derek Fisher,2001-02,27,LAL,70,1974,14.0,1.1,1.5,5.5,.134
Derek Fisher,2002-03,28,LAL,82,2829,11.9,-1.3,0.5,5.2,.088
Derek Fisher,2003-04,29,LAL,82,1769,11.5,-0.8,0.5,2.4,.066
Derek Fisher,2004-05,30,GSW,74,2222,13.4,-1.1,0.5,3.7,.080
Derek Fisher,2005-06,31,GSW,82,2589,14.8,0.4,1.6,5.8,.107
Derek Fisher,2006-07,32,UTA,82,2287,11.4,-1.6,0.2,3.9,.083
Derek Fisher,2007-08,33,LAL,82,2249,13.8,-0.4,0.9,5.7,.121
Derek Fisher,2008-09,34,LAL,82,2441,12.1,0.2,1.3,6.3,.123
Derek Fisher,2009-10,35,LAL,82,2227,9.3,-1.7,0.2,3.9,.085
Derek Fisher,2010-11,36,LAL,82,2297,8.9,-2.0,0.0,3.7,.078
Derek Fisher,2011-12,37,2TM,63,1508,8.0,-3.3,-0.5,1.2,.038
Derek Fisher,2011-12,37,LAL,43,1101,8.8,-2.6,-0.2,1.1,.048
Derek Fisher,2011-12,37,OKC,20,407,5.9,-4.9,-0.3,0.1,.011
Derek Fisher,2012-13,38,2TM,33,575,7.7,-3.4,-0.2,0.4,.034
Derek Fisher,2012-13,38,DAL,9,229,8.7,-3.7,-0.1,0.1,.016
Derek Fisher,2012-13,38,OKC,24,346,7.0,-3.2,-0.1,0.3,.046
Derek Fisher,2013-14,39,OKC,81,1428,10.1,-0.6,0.5,3.1,.103
Rick Fisher,1971-72,23,2TM,12,66,25.1,,,0.2,.151
Rick Fisher,1971-72,23,UTS,9,59,23.0,,,0.2,.131
Rick Fisher,1971-72,23,FLO,3,7,43.4,,,0.0,.318
Gerald Fitch,2005-06,23,MIA,18,239,10.2,-3.5,-0.1,0.1,.026
Malik Fitts,2020-21,23,LAC,3,11,2.9,-9.1,0.0,0.0,.049
Malik Fitts,2021-22,24,2TM,15,63,10.7,-1.1,0.0,0.1,.097
Malik Fitts,2021-22,24,UTA,7,35,-1.6,-9.8,-0.1,-0.1,-0.104
Malik Fitts,2021-22,24,BOS,8,28,26.1,9.8,0.1,0.2,.348
Bob Fitzgerald,1946-47,23,2TM,60,,,,,-0.1,
Bob Fitzgerald,1946-47,23,TRH,31,,,,,-0.4,
Bob Fitzgerald,1946-47,23,NYK,29,,,,,0.3,
Bob Fitzgerald,1947-48,,Did not play - other pro league,,,,,,,
Bob Fitzgerald,1948-49,25,ROC,18,,,,,0.0,
Dick Fitzgerald,1946-47,26,TRH,60,,,,,-0.8,
Dick Fitzgerald,1947-48,27,PRO,1,,,,,-0.1,
Marcus Fizer,2000-01,22,CHI,72,1580,11.0,-6.1,-1.6,-0.7,-0.022
Marcus Fizer,2001-02,23,CHI,76,1963,14.2,-3.0,-0.5,1.1,.026
Marcus Fizer,2002-03,24,CHI,38,809,17.9,-1.0,0.2,1.4,.082
Marcus Fizer,2003-04,25,CHI,46,738,13.4,-4.5,-0.5,0.5,.033
Marcus Fizer,2004-05,26,MIL,54,903,11.6,-2.9,-0.2,0.4,.023
Marcus Fizer,2005-06,27,NOK,3,39,14.1,-3.7,0.0,0.0,.056
Adam Flagler,2023-24,24,OKC,2,14,0.6,-10.6,0.0,0.0,-0.159
Adam Flagler,2024-25,25,OKC,37,203,3.7,-10.3,-0.4,-0.3,-0.062
Jerry Fleishman,1946-47,24,PHW,59,,,,,2.1,
Jerry Fleishman,1947-48,25,PHW,46,,,,,2.2,
Jerry Fleishman,1948-49,26,PHW,59,,,,,1.3,
Jerry Fleishman,1949-50,27,PHW,65,,,,,1.6,
Jerry Fleishman,1950-51,,Did not play - other pro league,,,,,,,
Jerry Fleishman,1951-52,,Did not play - other pro league,,,,,,,
Jerry Fleishman,1952-53,30,PHW,33,882,13.6,,,0.6,.031
Al Fleming,1976-77,,Did not play - waived,,,,,,,
Al Fleming,1977-78,23,SEA,20,97,10.7,-4.1,-0.1,0.0,.018
Ed Fleming,1955-56,22,ROC,71,2028,16.4,,,5.0,.118
Ed Fleming,1956-57,23,ROC,51,927,12.5,,,1.0,.050
Ed Fleming,1957-58,24,MNL,72,1686,12.3,,,0.8,.021
Ed Fleming,1958-59,25,MNL,71,1132,13.7,,,2.0,.084
Ed Fleming,1959-60,26,MNL,27,413,14.5,,,1.2,.136
Vern Fleming,1984-85,22,IND,80,2486,12.8,-1.6,0.3,3.3,.063
Vern Fleming,1985-86,23,IND,80,2870,15.3,1.1,2.3,6.9,.115
Vern Fleming,1986-87,24,IND,82,2549,15.8,1.9,2.5,7.0,.131
Vern Fleming,1987-88,25,IND,80,2733,17.5,2.8,3.3,8.4,.148
Vern Fleming,1988-89,26,IND,76,2552,15.8,1.0,1.9,5.6,.106
Vern Fleming,1989-90,27,IND,82,2876,16.3,0.8,2.0,6.7,.112
Vern Fleming,1990-91,28,IND,69,1929,17.2,1.6,1.8,4.4,.109
Vern Fleming,1991-92,29,IND,82,1737,12.7,-1.8,0.1,2.0,.055
Vern Fleming,1992-93,30,IND,75,1503,15.7,0.3,0.9,2.9,.091
Vern Fleming,1993-94,31,IND,55,1053,11.8,-1.2,0.2,1.4,.064
Vern Fleming,1994-95,32,IND,55,686,14.6,0.2,0.4,1.9,.132
Vern Fleming,1995-96,33,NJN,77,1747,11.3,-2.9,-0.4,1.6,.044
Vern Fleming,1996-97,,Did not play - other pro league,,,,,,,
Luis Flores,2004-05,23,2TM,16,77,10.1,-4.8,0.0,0.0,-0.020
Luis Flores,2004-05,23,GSW,15,73,8.8,-6.1,-0.1,-0.1,-0.039
Luis Flores,2004-05,23,DEN,1,4,33.7,20.5,0.0,0.0,.324
Bruce Flowers,1979-80,,Did not play - other pro league,,,,,,,
Bruce Flowers,1980-81,,Did not play - other pro league,,,,,,,
Bruce Flowers,1981-82,,Did not play - other pro league,,,,,,,
Bruce Flowers,1982-83,25,CLE,53,699,15.2,0.2,0.4,1.7,.119
Trentyn Flowers,2024-25,19,LAC,6,27,4.3,-8.3,0.0,0.0,-0.033
Sleepy Floyd,1982-83,22,2TM,76,1248,13.8,-0.9,0.3,2.2,.083
Sleepy Floyd,1982-83,22,NJN,43,494,12.1,-1.2,0.1,0.9,.089
Sleepy Floyd,1982-83,22,GSW,33,754,15.0,-0.8,0.2,1.3,.080
Sleepy Floyd,1983-84,23,GSW,77,2555,14.6,-0.5,1.0,4.4,.084
Sleepy Floyd,1984-85,24,GSW,82,2873,15.4,-0.4,1.1,3.1,.052
Sleepy Floyd,1985-86,25,GSW,82,2764,20.0,3.5,3.9,7.5,.130
Sleepy Floyd,1986-87,26,GSW,82,3064,20.2,4.3,4.9,10.0,.157
Sleepy Floyd,1987-88,27,2TM,77,2514,15.4,0.2,1.4,4.4,.084
Sleepy Floyd,1987-88,27,GSW,18,680,19.5,2.8,0.8,1.3,.093
Sleepy Floyd,1987-88,27,HOU,59,1834,14.0,-0.8,0.6,3.1,.080
Sleepy Floyd,1988-89,28,HOU,82,2788,16.4,2.2,2.9,7.7,.133
Sleepy Floyd,1989-90,29,HOU,82,2630,14.2,0.6,1.7,6.3,.115
Sleepy Floyd,1990-91,30,HOU,82,1850,16.1,1.2,1.5,3.7,.096
Sleepy Floyd,1991-92,31,HOU,82,1662,12.1,-2.7,-0.3,0.9,.025
Sleepy Floyd,1992-93,32,HOU,52,867,12.1,-2.4,-0.1,1.0,.056
Sleepy Floyd,1993-94,33,SAS,53,737,6.0,-6.3,-0.8,-0.4,-0.025
Sleepy Floyd,1994-95,34,NJN,48,831,6.3,-6.2,-0.9,-0.2,-0.010
Jonny Flynn,2009-10,20,MIN,81,2339,13.0,-2.9,-0.5,0.1,.002
Jonny Flynn,2010-11,21,MIN,53,983,7.1,-6.3,-1.1,-1.3,-0.064
Jonny Flynn,2011-12,22,2TM,29,416,11.2,-4.8,-0.3,0.1,.012
Jonny Flynn,2011-12,22,HOU,11,135,8.8,-5.9,-0.1,0.0,-0.006
Jonny Flynn,2011-12,22,POR,18,281,12.3,-4.2,-0.2,0.1,.020
Jonny Flynn,2012-13,,Did not play - other pro league,,,,,,,
Jonny Flynn,2013-14,,Did not play - other pro league,,,,,,,
Jonny Flynn,2014-15,,Did not play - other pro league,,,,,,,
Malachi Flynn,2020-21,22,TOR,47,928,10.9,-2.6,-0.1,0.8,.041
Malachi Flynn,2021-22,23,TOR,44,537,11.7,-1.5,0.1,1.0,.092
Malachi Flynn,2022-23,24,TOR,53,691,8.7,-4.1,-0.4,0.5,.034
Malachi Flynn,2023-24,25,3TM,69,876,11.9,-2.2,0.0,0.5,.029
Malachi Flynn,2023-24,25,TOR,31,474,10.1,-2.7,-0.1,0.2,.025
Malachi Flynn,2023-24,25,NYK,14,60,12.5,-2.6,0.0,0.1,.093
Malachi Flynn,2023-24,25,DET,24,342,14.4,-1.3,0.1,0.2,.023
Malachi Flynn,2024-25,26,CHO,4,44,12.4,-2.8,0.0,0.0,.043
Mike Flynn,1975-76,22,INA,67,1097,9.6,-3.2,-0.3,0.3,.012
Mike Flynn,1976-77,23,IND,73,1324,14.5,-1.1,0.3,1.7,.062
Mike Flynn,1977-78,24,IND,71,955,11.6,-0.7,0.3,0.8,.042
Larry Fogle,1975-76,22,NYK,2,14,-0.5,-5.1,0.0,0.0,-0.163
Jack Foley,1962-63,23,2TM,11,83,15.6,,,0.1,.057
Jack Foley,1962-63,23,BOS,5,46,17.9,,,0.2,.202
Jack Foley,1962-63,23,NYK,6,37,12.7,,,-0.1,-0.123
Isaac Fontaine,2001-02,26,MEM,6,75,-0.9,-9.7,-0.1,-0.2,-0.112
Levi Fontaine,1970-71,22,SFW,35,210,12.1,,,-0.3,-0.069
Simone Fontecchio,2022-23,27,UTA,52,766,8.0,-5.2,-0.6,-0.1,-0.004
Simone Fontecchio,2023-24,28,2TM,66,1644,12.1,-1.0,0.4,2.1,.061
Simone Fontecchio,2023-24,28,UTA,50,1160,11.2,-1.6,0.1,1.3,.052
Simone Fontecchio,2023-24,28,DET,16,484,14.4,0.6,0.3,0.8,.083
Simone Fontecchio,2024-25,29,DET,75,1237,9.7,-2.9,-0.3,1.6,.063
Jeff Foote,2011-12,24,NOH,4,39,-0.9,-10.8,-0.1,-0.1,-0.079
Bryn Forbes,2016-17,23,SAS,36,285,5.9,-5.4,-0.2,0.1,.014
Bryn Forbes,2017-18,24,SAS,80,1517,9.1,-3.1,-0.4,2.1,.067
Bryn Forbes,2018-19,25,SAS,82,2293,12.0,-1.2,0.5,3.8,.079
Bryn Forbes,2019-20,26,SAS,63,1579,11.1,-2.7,-0.3,1.5,.047
Bryn Forbes,2020-21,27,MIL,70,1354,12.8,-1.3,0.2,2.7,.096
Bryn Forbes,2021-22,28,2TM,75,1286,11.5,-2.9,-0.3,1.4,.054
Bryn Forbes,2021-22,28,SAS,40,676,12.4,-1.6,0.1,0.7,.053
Bryn Forbes,2021-22,28,DEN,35,610,10.6,-4.3,-0.4,0.7,.054
Bryn Forbes,2022-23,29,MIN,25,268,6.2,-6.3,-0.3,0.0,.000
Bryn Forbes,2023-24,,Did not play - legal,,,,,,,
Gary Forbes,2010-11,25,DEN,63,791,11.7,-2.9,-0.2,0.9,.055
Gary Forbes,2011-12,26,TOR,48,713,13.3,-1.0,0.2,0.8,.053
Aleem Ford,2021-22,24,ORL,5,74,0.5,-11.4,-0.2,-0.2,-0.103
Alphonso Ford,1993-94,22,SEA,6,16,28.9,7.3,0.0,0.1,.193
Alphonso Ford,1994-95,23,PHI,5,98,0.4,-11.0,-0.2,-0.4,-0.210
Alphonso Ford,1995-96,,Did not play - other pro league,,,,,,,
Alphonso Ford,1996-97,,Did not play - other pro league,,,,,,,
Alton Ford,2001-02,20,PHO,53,452,10.0,-6.4,-0.5,0.8,.083
Alton Ford,2002-03,21,PHO,11,31,-2.2,-14.7,-0.1,-0.1,-0.113
Alton Ford,2003-04,22,HOU,9,41,12.4,-0.7,0.0,0.1,.117
Bob Ford,1972-73,23,MMT,9,74,2.7,,,-0.1,-0.070
Chris Ford,1972-73,24,DET,74,1537,12.1,,,2.5,.079
Chris Ford,1973-74,25,DET,82,2059,12.9,1.6,1.9,4.3,.100
Chris Ford,1974-75,26,DET,80,1962,12.0,0.3,1.1,2.8,.069
Chris Ford,1975-76,27,DET,82,2198,13.0,0.5,1.4,2.7,.058
Chris Ford,1976-77,28,DET,82,2539,14.6,1.2,2.1,4.7,.090
Chris Ford,1977-78,29,DET,82,2582,12.9,0.1,1.4,3.6,.067
Chris Ford,1978-79,30,2TM,81,2737,14.0,-0.5,1.0,3.5,.062
Chris Ford,1978-79,30,DET,3,108,5.6,-4.4,-0.1,-0.1,-0.043
Chris Ford,1978-79,30,BOS,78,2629,14.3,-0.4,1.1,3.6,.067
Chris Ford,1979-80,31,BOS,73,2115,13.0,2.0,2.1,5.6,.126
Chris Ford,1980-81,32,BOS,82,2723,8.8,-0.9,0.7,3.7,.066
Chris Ford,1981-82,33,BOS,76,1591,7.8,-2.0,0.0,2.1,.063
Don Ford,1975-76,23,LAL,76,1838,11.6,-2.8,-0.4,2.0,.051
Don Ford,1976-77,24,LAL,82,1782,11.7,-1.4,0.3,2.8,.076
Don Ford,1977-78,25,LAL,79,1945,11.6,-0.4,0.8,3.5,.087
Don Ford,1978-79,26,LAL,79,1540,11.1,-1.7,0.1,2.5,.078
Don Ford,1979-80,27,2TM,73,999,9.6,-2.1,0.0,1.5,.072
Don Ford,1979-80,27,LAL,52,580,8.3,-2.5,-0.1,0.9,.073
Don Ford,1979-80,27,CLE,21,419,11.4,-1.5,0.1,0.6,.071
Don Ford,1980-81,28,CLE,64,996,8.2,-2.8,-0.2,0.6,.028
Don Ford,1981-82,29,CLE,21,201,3.7,-4.8,-0.2,-0.1,-0.035
Jake Ford,1970-71,25,SEA,5,68,13.2,,,0.1,.066
Jake Ford,1971-72,26,SEA,26,181,16.2,,,0.6,.158
Jordan Ford,2023-24,25,SAC,6,22,16.8,2.2,0.0,0.1,.157
Phil Ford,1978-79,22,KCK,79,2723,15.8,0.9,2.0,5.7,.101
Phil Ford,1979-80,23,KCK,82,2621,16.5,0.8,1.8,6.1,.111
Phil Ford,1980-81,24,KCK,66,2287,17.3,0.5,1.4,5.2,.110
Phil Ford,1981-82,25,KCK,72,1952,11.4,-3.0,-0.5,0.9,.021
Phil Ford,1982-83,26,2TM,77,1610,10.4,-2.6,-0.3,2.4,.070
Phil Ford,1982-83,26,NJN,7,163,9.1,-2.9,-0.1,0.2,.057
Phil Ford,1982-83,26,MIL,70,1447,10.6,-2.6,-0.2,2.2,.072
Phil Ford,1983-84,27,HOU,81,2020,10.4,-2.6,-0.3,2.9,.068
Phil Ford,1984-85,28,HOU,25,290,6.4,-3.1,-0.1,0.2,.033
Sharrod Ford,2005-06,24,PHO,3,13,0.6,-14.9,0.0,0.0,-0.032
Sherell Ford,1995-96,23,SEA,28,139,16.4,-5.2,-0.1,0.4,.124
T.J. Ford,2003-04,20,MIL,55,1472,12.1,-2.4,-0.1,0.7,.022
T.J. Ford,2004-05,,Did not play - injury,,,,,,,
T.J. Ford,2005-06,22,MIL,72,2557,13.1,-1.2,0.5,2.5,.047
T.J. Ford,2006-07,23,TOR,75,2243,18.2,0.9,1.6,4.3,.091
T.J. Ford,2007-08,24,TOR,51,1199,20.3,2.5,1.4,3.3,.130
T.J. Ford,2008-09,25,IND,74,2258,16.6,0.3,1.3,4.3,.092
T.J. Ford,2009-10,26,IND,47,1189,13.4,-1.4,0.2,1.4,.058
T.J. Ford,2010-11,27,IND,41,773,9.9,-2.9,-0.2,0.2,.011
T.J. Ford,2011-12,28,SAS,14,191,11.0,-2.0,0.0,0.2,.053
Donnie Forman,1948-49,23,MNL,44,,,,,0.8,
Bayard Forrest,1976-77,,Did not play - unsigned,,,,,,,
Bayard Forrest,1977-78,23,PHO,64,887,12.2,-0.1,0.4,1.4,.077
Bayard Forrest,1978-79,24,PHO,75,1243,9.6,-1.1,0.3,1.2,.048
Bayard Forrest,1979-80,,Did not play - injury,,,,,,,
Trent Forrest,2020-21,22,UTA,30,302,11.2,-1.3,0.1,0.7,.106
Trent Forrest,2021-22,23,UTA,60,765,10.9,-1.0,0.2,1.3,.084
Trent Forrest,2022-23,24,ATL,23,277,6.1,-5.1,-0.2,-0.1,-0.011
Trent Forrest,2023-24,25,ATL,38,414,8.9,-4.4,-0.3,0.2,.027
Joseph Forte,2001-02,20,BOS,8,39,2.8,-6.7,0.0,-0.1,-0.144
Joseph Forte,2002-03,21,SEA,17,86,3.4,-9.5,-0.2,-0.3,-0.176
Courtney Fortson,2011-12,23,2TM,10,95,9.9,-4.3,-0.1,0.0,-0.019
Courtney Fortson,2011-12,23,LAC,4,46,11.4,-3.7,0.0,0.0,.030
Courtney Fortson,2011-12,23,HOU,6,49,8.5,-4.8,0.0,-0.1,-0.065
Danny Fortson,1997-98,21,DEN,80,1811,14.3,-5.0,-1.4,1.9,.051
Danny Fortson,1998-99,22,DEN,50,1417,18.7,-1.9,0.0,4.4,.148
Danny Fortson,1999-00,23,BOS,55,856,20.1,-1.2,0.2,3.5,.194
Danny Fortson,2000-01,24,GSW,6,203,24.4,3.0,0.2,1.1,.258
Danny Fortson,2001-02,25,GSW,77,2216,15.9,-2.0,0.0,4.5,.098
Danny Fortson,2002-03,26,GSW,17,223,9.9,-4.4,-0.1,0.2,.041
Danny Fortson,2003-04,27,DAL,56,625,15.9,-4.0,-0.3,2.3,.177
Danny Fortson,2004-05,28,SEA,62,1047,17.0,-3.4,-0.4,4.3,.197
Danny Fortson,2005-06,29,SEA,23,276,8.5,-9.1,-0.5,0.2,.038
Danny Fortson,2006-07,30,SEA,14,158,4.3,-10.2,-0.3,0.0,-0.013
Fred Foster,1968-69,22,CIN,56,497,8.7,,,-0.2,-0.019
Fred Foster,1969-70,23,CIN,74,2077,12.4,,,2.1,.048
Fred Foster,1970-71,24,2TM,67,909,9.6,,,0.4,.022
Fred Foster,1970-71,24,CIN,1,21,5.1,,,0.0,-0.076
Fred Foster,1970-71,24,PHI,66,888,9.7,,,0.5,.024
Fred Foster,1971-72,25,PHI,74,1699,12.2,,,1.1,.031
Fred Foster,1972-73,26,DET,63,1460,8.1,,,-0.9,-0.031
Fred Foster,1973-74,27,CLE,58,649,12.1,-3.0,-0.2,0.3,.026
Fred Foster,1974-75,28,CLE,73,1136,11.5,-4.0,-0.6,0.4,.017
Fred Foster,1975-76,,Did not play - waived,,,,,,,
Fred Foster,1976-77,30,BUF,59,689,7.7,-5.9,-0.7,-0.2,-0.017
Greg Foster,1990-91,22,WSB,54,606,10.9,-4.4,-0.4,0.6,.046
Greg Foster,1991-92,23,WSB,49,548,11.2,-4.9,-0.4,0.5,.043
Greg Foster,1992-93,24,2TM,43,298,11.6,-6.8,-0.4,0.2,.025
Greg Foster,1992-93,24,WSB,10,93,8.3,-5.2,-0.1,0.0,-0.018
Greg Foster,1992-93,24,ATL,33,205,13.1,-7.5,-0.3,0.2,.044
Greg Foster,1993-94,25,MIL,3,19,14.7,-1.8,0.0,0.0,.106
Greg Foster,1994-95,26,2TM,78,1144,10.1,-5.2,-0.9,1.0,.042
Greg Foster,1994-95,26,CHI,17,299,9.8,-4.7,-0.2,0.5,.080
Greg Foster,1994-95,26,MIN,61,845,10.3,-5.4,-0.7,0.5,.029
Greg Foster,1995-96,27,UTA,73,803,9.0,-5.6,-0.7,0.6,.035
Greg Foster,1996-97,28,UTA,79,920,8.4,-5.4,-0.8,1.0,.054
Greg Foster,1997-98,29,UTA,78,1446,8.9,-4.9,-1.1,1.3,.045
Greg Foster,1998-99,30,UTA,42,458,6.3,-6.1,-0.5,0.1,.011
Greg Foster,1999-00,31,SEA,60,718,6.9,-5.5,-0.6,0.1,.007
Greg Foster,2000-01,32,LAL,62,451,9.5,-4.4,-0.3,0.4,.044
Greg Foster,2001-02,33,MIL,6,24,4.8,-10.2,-0.1,0.0,-0.039
Greg Foster,2002-03,34,TOR,29,539,4.7,-8.7,-0.9,-0.3,-0.025
Jeff Foster,1999-00,23,IND,19,86,25.6,4.4,0.1,0.6,.345
Jeff Foster,2000-01,24,IND,71,1152,12.5,-2.1,0.0,2.7,.113
Jeff Foster,2001-02,25,IND,82,1786,12.9,-1.4,0.3,4.2,.113
Jeff Foster,2002-03,26,IND,77,802,12.0,-1.8,0.0,1.6,.098
Jeff Foster,2003-04,27,IND,82,1961,16.2,1.3,1.6,8.3,.202
Jeff Foster,2004-05,28,IND,61,1594,15.4,-0.3,0.7,5.4,.162
Jeff Foster,2005-06,29,IND,63,1581,15.1,0.0,0.8,5.7,.174
Jeff Foster,2006-07,30,IND,75,1740,13.0,-0.9,0.5,4.5,.124
Jeff Foster,2007-08,31,IND,77,1884,15.7,0.5,1.2,6.5,.165
Jeff Foster,2008-09,32,IND,74,1828,13.0,-0.6,0.7,4.2,.111
Jeff Foster,2009-10,33,IND,16,255,9.6,-3.2,-0.1,0.4,.085
Jeff Foster,2010-11,34,IND,56,940,14.3,-0.5,0.4,3.0,.152
Jeff Foster,2011-12,35,IND,11,141,11.1,-0.6,0.1,0.4,.134
Jimmy Foster,1974-75,23,SSL,41,806,5.7,-5.9,-0.8,-0.7,-0.039
Jimmy Foster,1975-76,24,DNA,48,352,4.4,-8.6,-0.6,-0.7,-0.096
Michael Foster Jr.,2022-23,20,PHI,1,1,0.0,-9.2,0.0,0.0,.010
Michael Foster Jr.,2023-24,,Did not play - other pro league,,,,,,,
Rod Foster,1983-84,23,PHO,80,1424,11.9,-2.9,-0.3,1.6,.054
Rod Foster,1984-85,24,PHO,79,1318,12.1,-2.8,-0.3,0.9,.034
Rod Foster,1985-86,25,PHO,48,704,6.6,-4.8,-0.5,-0.3,-0.020
Antonis Fotsis,2001-02,20,MEM,28,320,11.3,-3.4,-0.1,0.1,.017
Evan Fournier,2012-13,20,DEN,38,428,13.8,-1.4,0.1,1.0,.115
Evan Fournier,2013-14,21,DEN,76,1503,10.3,-2.9,-0.4,1.4,.043
Evan Fournier,2014-15,22,ORL,58,1661,12.4,-1.8,0.1,2.1,.059
Evan Fournier,2015-16,23,ORL,79,2566,14.6,-0.3,1.1,5.7,.106
Evan Fournier,2016-17,24,ORL,68,2234,13.9,-1.3,0.4,2.8,.059
Evan Fournier,2017-18,25,ORL,57,1837,15.5,-0.6,0.7,3.3,.087
Evan Fournier,2018-19,26,ORL,81,2553,12.3,-2.4,-0.3,3.2,.061
Evan Fournier,2019-20,27,ORL,66,2076,16.4,1.0,1.6,4.6,.106
Evan Fournier,2020-21,28,2TM,42,1259,16.7,1.1,1.0,2.8,.107
Evan Fournier,2020-21,28,ORL,26,787,18.2,1.7,0.7,1.7,.104
Evan Fournier,2020-21,28,BOS,16,472,14.1,0.3,0.3,1.1,.111
Evan Fournier,2021-22,29,NYK,80,2358,12.3,-0.7,0.7,3.7,.075
Evan Fournier,2022-23,30,NYK,27,459,6.9,-4.0,-0.2,0.1,.010
Evan Fournier,2023-24,31,2TM,32,580,8.5,-4.3,-0.3,-0.1,-0.005
Evan Fournier,2023-24,31,NYK,3,39,2.2,-11.3,-0.1,-0.1,-0.108
Evan Fournier,2023-24,31,DET,29,541,8.9,-3.8,-0.3,0.0,.002
Larry Foust,1950-51,22,FTW,68,,,,,4.5,
Larry Foust,1951-52,23,FTW,66,2615,21.3,,,7.1,.130
Larry Foust,1952-53,24,FTW,67,2303,20.5,,,6.3,.131
Larry Foust,1953-54,25,FTW,72,2693,23.0,,,10.4,.186
Larry Foust,1954-55,26,FTW,70,2264,23.5,,,13.3,.282
Larry Foust,1955-56,27,FTW,72,2024,23.8,,,11.1,.264
Larry Foust,1956-57,28,FTW,61,1533,19.4,,,4.7,.148
Larry Foust,1957-58,29,MNL,72,2200,20.0,,,6.4,.139
Larry Foust,1958-59,30,MNL,72,1933,16.1,,,4.2,.105
Larry Foust,1959-60,31,2TM,72,1964,15.0,,,4.9,.119
Larry Foust,1959-60,31,MNL,47,1398,14.6,,,2.8,.097
Larry Foust,1959-60,31,STL,25,566,16.1,,,2.0,.173
Larry Foust,1960-61,32,STL,68,1208,13.7,,,3.1,.124
Larry Foust,1961-62,33,STL,57,1153,14.8,,,3.1,.129
Calvin Fowler,1969-70,29,CAR,78,1234,9.1,,,2.1,.082
Jerry Fowler,1951-52,24,MLH,6,41,3.9,,,-0.1,-0.100
Tremaine Fowlkes,1998-99,,Did not play - other pro league,,,,,,,
Tremaine Fowlkes,1999-00,,Did not play - other pro league,,,,,,,
Tremaine Fowlkes,2000-01,,Did not play - other pro league,,,,,,,
Tremaine Fowlkes,2001-02,25,LAC,22,343,9.5,-2.5,0.0,0.5,.071
Tremaine Fowlkes,2002-03,26,LAC,37,573,12.4,-0.8,0.2,1.2,.102
Tremaine Fowlkes,2003-04,27,DET,36,261,6.5,-2.7,0.0,0.4,.068
Tremaine Fowlkes,2004-05,28,IND,8,56,7.5,-8.1,-0.1,0.0,-0.028
De'Aaron Fox,2017-18,20,SAC,73,2026,11.2,-4.2,-1.1,-0.6,-0.014
De'Aaron Fox,2018-19,21,SAC,81,2546,18.1,1.5,2.3,5.6,.106
De'Aaron Fox,2019-20,22,SAC,51,1634,20.6,1.8,1.6,4.0,.118
De'Aaron Fox,2020-21,23,SAC,58,2036,20.7,1.8,2.0,4.2,.098
De'Aaron Fox,2021-22,24,SAC,59,2083,17.4,-0.6,0.7,2.5,.058
De'Aaron Fox,2022-23,25,SAC,73,2435,21.8,2.5,2.7,7.4,.146
De'Aaron Fox,2023-24,26,SAC,74,2659,20.1,2.7,3.2,6.5,.117
De'Aaron Fox,2024-25,27,2TM,62,2241,18.3,0.4,1.3,4.3,.093
De'Aaron Fox,2024-25,27,SAC,45,1663,19.0,1.2,1.3,3.5,.101
De'Aaron Fox,2024-25,27,SAS,17,578,16.3,-2.0,0.0,0.9,.071
Harold Fox,1972-73,23,BUF,10,84,10.0,,,0.0,-0.014
Jim Fox,1965-66,,Did not play - other pro league,,,,,,,
Jim Fox,1966-67,,Did not play - other pro league,,,,,,,
Jim Fox,1967-68,24,2TM,55,624,11.4,,,0.6,.046
Jim Fox,1967-68,24,CIN,31,244,13.6,,,0.2,.041
Jim Fox,1967-68,24,DET,24,380,9.9,,,0.4,.050
Jim Fox,1968-69,25,2TM,76,2354,13.9,,,3.9,.079
Jim Fox,1968-69,25,DET,25,375,13.2,,,0.6,.078
Jim Fox,1968-69,25,PHO,51,1979,14.1,,,3.3,.079
Jim Fox,1969-70,26,PHO,81,2041,15.6,,,5.6,.133
Jim Fox,1970-71,27,CHI,82,1628,19.5,,,6.1,.181
Jim Fox,1971-72,28,2TM,81,2180,14.4,,,3.4,.075
Jim Fox,1971-72,28,CHI,10,133,14.7,,,0.3,.119
Jim Fox,1971-72,28,CIN,71,2047,14.4,,,3.1,.072
Jim Fox,1972-73,29,SEA,74,2439,16.0,,,6.4,.126
Jim Fox,1973-74,30,SEA,78,2179,16.3,1.2,1.7,6.6,.146
Jim Fox,1974-75,31,SEA,75,1766,14.7,0.0,0.9,4.6,.124
Jim Fox,1975-76,32,MIL,70,918,12.4,-0.9,0.2,2.2,.116
Jim Fox,1976-77,33,NYN,71,1165,13.8,-2.2,-0.1,2.4,.097
Rick Fox,1991-92,22,BOS,81,1535,12.2,-1.6,0.2,2.3,.073
Rick Fox,1992-93,23,BOS,71,1082,14.7,0.4,0.7,2.1,.092
Rick Fox,1993-94,24,BOS,82,2096,14.4,-0.2,0.9,3.2,.073
Rick Fox,1994-95,25,BOS,53,1039,16.8,1.9,1.0,2.8,.128
Rick Fox,1995-96,26,BOS,81,2588,16.1,1.3,2.2,5.1,.095
Rick Fox,1996-97,27,BOS,76,2650,16.5,1.7,2.5,5.2,.094
Rick Fox,1997-98,28,LAL,82,2709,12.5,-0.5,1.1,5.3,.093
Rick Fox,1998-99,29,LAL,44,944,13.6,-1.2,0.2,1.8,.091
Rick Fox,1999-00,30,LAL,82,1473,11.7,-0.6,0.5,3.2,.104
Rick Fox,2000-01,31,LAL,82,2291,13.8,0.5,1.4,5.1,.107
Rick Fox,2001-02,32,LAL,82,2289,11.3,-0.7,0.7,4.3,.091
Rick Fox,2002-03,33,LAL,76,2181,11.9,-1.0,0.6,3.6,.079
Rick Fox,2003-04,34,LAL,38,846,8.0,-2.9,-0.2,0.8,.043
Randy Foye,2006-07,23,MIN,82,1879,14.0,-1.0,0.5,2.3,.058
Randy Foye,2007-08,24,MIN,39,1259,12.7,-2.2,-0.1,1.1,.042
Randy Foye,2008-09,25,MIN,70,2494,13.7,-0.8,0.8,3.1,.059
Randy Foye,2009-10,26,WAS,70,1667,13.2,-1.2,0.3,2.2,.064
Randy Foye,2010-11,27,LAC,63,1551,11.4,-1.8,0.1,1.7,.051
Randy Foye,2011-12,28,LAC,65,1682,13.5,0.2,0.9,3.2,.092
Randy Foye,2012-13,29,UTA,82,2249,11.7,-0.6,0.8,3.7,.080
Randy Foye,2013-14,30,DEN,81,2485,13.3,0.5,1.6,4.6,.089
Randy Foye,2014-15,31,DEN,50,1087,11.0,-1.2,0.2,1.0,.045
Randy Foye,2015-16,32,2TM,81,1642,7.6,-3.3,-0.5,0.4,.012
Randy Foye,2015-16,32,DEN,54,1070,7.8,-3.7,-0.5,0.0,-0.002
Randy Foye,2015-16,32,OKC,27,572,7.1,-2.3,0.0,0.4,.038
Randy Foye,2016-17,33,BRK,69,1284,7.3,-4.4,-0.8,0.2,.006
Adonal Foyle,1997-98,22,GSW,55,656,9.2,-5.3,-0.6,-0.1,-0.009
Adonal Foyle,1998-99,23,GSW,44,614,12.3,-1.3,0.1,1.1,.087
Adonal Foyle,1999-00,24,GSW,76,1654,12.3,-2.9,-0.4,1.9,.055
Adonal Foyle,2000-01,25,GSW,58,1457,12.4,-2.8,-0.3,0.7,.022
Adonal Foyle,2001-02,26,GSW,79,1485,12.5,-2.1,0.0,1.2,.039
Adonal Foyle,2002-03,27,GSW,82,1787,15.3,0.9,1.3,4.0,.106
Adonal Foyle,2003-04,28,GSW,44,572,13.0,-1.1,0.1,1.1,.093
Adonal Foyle,2004-05,29,GSW,78,1700,12.7,-1.2,0.3,3.4,.096
Adonal Foyle,2005-06,30,GSW,77,1824,10.3,-1.7,0.1,2.8,.075
Adonal Foyle,2006-07,31,GSW,48,475,13.7,-0.7,0.2,1.0,.104
Adonal Foyle,2007-08,32,ORL,82,774,9.9,-1.9,0.0,1.3,.080
Adonal Foyle,2008-09,33,2TM,10,62,19.7,4.0,0.1,0.3,.212
Adonal Foyle,2008-09,33,ORL,9,59,21.0,5.1,0.1,0.3,.223
Adonal Foyle,2008-09,33,MEM,1,3,-6.3,-17.6,0.0,0.0,-0.003
Adonal Foyle,2009-10,,Did not play - injury,,,,,,,
Richie Frahm,2003-04,26,SEA,54,469,15.7,1.4,0.4,1.5,.152
Richie Frahm,2004-05,27,POR,43,499,12.4,-0.2,0.2,1.0,.097
Richie Frahm,2005-06,28,2TM,33,342,9.4,-2.2,0.0,0.5,.071
Richie Frahm,2005-06,28,MIN,25,225,8.9,-2.2,0.0,0.3,.065
Richie Frahm,2005-06,28,HOU,8,117,10.4,-2.2,0.0,0.2,.082
Richie Frahm,2006-07,,Did not play - other pro league,,,,,,,
Richie Frahm,2007-08,30,LAC,10,163,5.5,-5.1,-0.1,-0.2,-0.054
Steve Francis,1999-00,22,HOU,77,2776,18.4,2.0,2.8,6.4,.111
Steve Francis,2000-01,23,HOU,80,3194,21.6,5.0,5.7,12.2,.184
Steve Francis,2001-02,24,HOU,57,2343,19.1,1.7,2.1,4.4,.091
Steve Francis,2002-03,25,HOU,81,3318,20.6,3.8,4.8,11.1,.160
Steve Francis,2003-04,26,HOU,79,3194,15.8,1.4,2.7,7.1,.107
Steve Francis,2004-05,27,ORL,78,2978,18.9,1.2,2.4,6.2,.100
Steve Francis,2005-06,28,2TM,70,2393,15.2,0.0,1.2,3.6,.073
Steve Francis,2005-06,28,ORL,46,1734,15.9,0.6,1.1,2.9,.081
Steve Francis,2005-06,28,NYK,24,659,13.4,-1.6,0.1,0.7,.050
Steve Francis,2006-07,29,NYK,44,1237,15.1,0.7,0.9,2.9,.113
Steve Francis,2007-08,30,HOU,10,199,9.1,-2.0,0.0,0.2,.039
Steve Francis,2008-09,,Did not play - injury,,,,,,,
Tellis Frank,1987-88,22,GSW,78,1597,10.2,-5.1,-1.2,0.6,.018
Tellis Frank,1988-89,23,GSW,32,245,9.4,-6.3,-0.3,0.1,.017
Tellis Frank,1989-90,24,MIA,77,1762,11.1,-3.9,-0.8,2.0,.054
Tellis Frank,1990-91,,Did not play - other pro league,,,,,,,
Tellis Frank,1991-92,26,MIN,10,140,12.4,-0.7,0.0,0.3,.102
Tellis Frank,1992-93,,Did not play - other pro league,,,,,,,
Tellis Frank,1993-94,28,MIN,67,959,8.9,-2.7,-0.2,1.1,.055
Nat Frankel,1946-47,33,PIT,6,,,,,-0.2,
Bill Franklin,1972-73,23,VIR,73,990,10.5,,,-0.2,-0.009
Bill Franklin,1973-74,,Did not play - contract dispute,,,,,,,
Bill Franklin,1974-75,25,SAA,24,179,12.8,-5.6,-0.2,0.1,.039
Bill Franklin,1975-76,26,SAA,10,95,14.0,-2.0,0.0,0.3,.145
Jamaal Franklin,2013-14,22,MEM,21,161,4.7,-5.9,-0.2,0.0,-0.002
Jamaal Franklin,2014-15,23,DEN,3,13,4.9,-5.6,0.0,0.0,-0.063
Robert Franks,2020-21,24,ORL,7,101,16.5,-0.2,0.0,0.3,.158
Ron Franz,1967-68,22,OAK,74,2080,11.8,,,0.9,.022
Ron Franz,1968-69,23,NOB,73,2195,16.1,,,5.9,.128
Ron Franz,1969-70,24,NOB,55,1305,14.2,,,2.1,.077
Ron Franz,1970-71,25,FLO,67,1596,15.1,,,3.7,.110
Ron Franz,1971-72,26,FLO,74,1822,13.9,,,3.3,.087
Ron Franz,1972-73,27,2TM,60,914,14.5,,,2.2,.117
Ron Franz,1972-73,27,MMT,23,403,12.2,,,0.5,.060
Ron Franz,1972-73,27,DLC,37,511,16.3,,,1.7,.162
Melvin Frazier,2018-19,22,ORL,10,44,1.2,-14.5,-0.1,-0.1,-0.133
Melvin Frazier,2019-20,23,ORL,19,126,9.8,-2.3,0.0,0.2,.057
Melvin Frazier,2020-21,,Did not play - other pro league,,,,,,,
Melvin Frazier,2021-22,25,OKC,3,120,-0.4,-16.4,-0.4,-0.4,-0.160
Michael Frazier,2019-20,25,HOU,13,145,-0.9,-11.0,-0.3,-0.2,-0.060
Tim Frazier,2014-15,24,2TM,11,239,8.1,-5.2,-0.2,-0.1,-0.017
Tim Frazier,2014-15,24,PHI,6,171,5.9,-6.9,-0.2,-0.3,-0.071
Tim Frazier,2014-15,24,POR,5,68,13.7,-0.8,0.0,0.2,.119
Tim Frazier,2015-16,25,2TM,51,741,13.9,-2.0,0.0,1.0,.062
Tim Frazier,2015-16,25,POR,35,272,4.7,-6.8,-0.3,-0.3,-0.051
Tim Frazier,2015-16,25,NOP,16,469,19.1,0.8,0.3,1.2,.128
Tim Frazier,2016-17,26,NOP,65,1525,12.4,-2.7,-0.3,2.4,.075
Tim Frazier,2017-18,27,WAS,59,838,11.3,-0.9,0.2,1.4,.080
Tim Frazier,2018-19,28,2TM,59,1120,11.7,-1.8,0.1,2.0,.084
Tim Frazier,2018-19,28,NOP,47,909,11.6,-1.3,0.2,1.5,.081
Tim Frazier,2018-19,28,MIL,12,211,11.8,-3.6,-0.1,0.4,.097
Tim Frazier,2019-20,29,DET,27,355,9.8,-4.6,-0.2,0.1,.016
Tim Frazier,2020-21,30,MEM,5,62,-0.5,-11.9,-0.2,-0.2,-0.169
Tim Frazier,2021-22,31,2TM,12,208,3.3,-8.6,-0.3,-0.2,-0.046
Tim Frazier,2021-22,31,ORL,10,200,3.8,-8.0,-0.3,-0.2,-0.037
Tim Frazier,2021-22,31,CLE,2,8,-10.3,-23.6,0.0,0.0,-0.283
Walt Frazier,1967-68,22,NYK,74,1588,15.4,,,3.5,.105
Walt Frazier,1968-69,23,NYK,80,2949,20.2,,,12.7,.207
Walt Frazier,1969-70,24,NYK,77,3040,21.1,,,15.0,.236
Walt Frazier,1970-71,25,NYK,80,3455,19.5,,,15.6,.217
Walt Frazier,1971-72,26,NYK,77,3126,21.6,,,14.5,.223
Walt Frazier,1972-73,27,NYK,78,3181,19.7,,,13.0,.196
Walt Frazier,1973-74,28,NYK,80,3338,18.7,3.2,4.4,10.9,.157
Walt Frazier,1974-75,29,NYK,78,3204,19.9,3.8,4.7,10.8,.161
Walt Frazier,1975-76,30,NYK,59,2427,17.7,2.5,2.8,6.8,.134
Walt Frazier,1976-77,31,NYK,76,2687,16.6,0.9,2.0,6.1,.108
Walt Frazier,1977-78,32,CLE,51,1664,17.5,1.9,1.6,4.6,.132
Walt Frazier,1978-79,33,CLE,12,279,12.9,-2.1,0.0,0.2,.029
Walt Frazier,1979-80,34,CLE,3,27,13.6,-3.3,0.0,0.0,-0.012
Will Frazier,1965-66,23,SFW,2,9,0.5,,,-0.1,-0.385
Will Frazier,1966-67,,Did not play - other pro league,,,,,,,
Will Frazier,1967-68,25,HSM,76,2125,15.7,,,3.8,.086
Will Frazier,1968-69,26,NYA,75,1370,13.5,,,0.9,.031
Anthony Frederick,1986-87,,Did not play - other pro league,,,,,,,
Anthony Frederick,1987-88,,Did not play - other pro league,,,,,,,
Anthony Frederick,1988-89,24,IND,46,313,11.9,-3.0,-0.1,0.2,.025
Anthony Frederick,1989-90,,Did not play - other pro league,,,,,,,
Anthony Frederick,1990-91,26,SAC,35,475,11.2,-2.6,-0.1,0.0,-0.001
Anthony Frederick,1991-92,27,CHH,66,852,13.0,-2.3,0.0,0.5,.028
Jimmer Fredette,2011-12,22,SAC,61,1135,10.8,-3.4,-0.4,0.3,.012
Jimmer Fredette,2012-13,23,SAC,69,967,14.6,-1.3,0.2,1.1,.052
Jimmer Fredette,2013-14,24,2TM,49,519,15.8,0.6,0.3,0.8,.078
Jimmer Fredette,2013-14,24,SAC,41,463,16.3,1.4,0.4,0.8,.082
Jimmer Fredette,2013-14,24,CHI,8,56,11.6,-6.3,-0.1,0.0,.043
Jimmer Fredette,2014-15,25,NOP,50,509,9.8,-4.7,-0.4,0.2,.021
Jimmer Fredette,2015-16,26,2TM,6,18,12.0,-2.6,0.0,0.0,.000
Jimmer Fredette,2015-16,26,NOP,4,13,-1.6,-12.3,0.0,-0.1,-0.198
Jimmer Fredette,2015-16,26,NYK,2,5,47.4,22.6,0.0,0.1,.514
Jimmer Fredette,2016-17,,Did not play - other pro league,,,,,,,
Jimmer Fredette,2017-18,,Did not play - other pro league,,,,,,,
Jimmer Fredette,2018-19,29,PHO,6,65,3.6,-11.3,-0.2,-0.2,-0.166
World B. Free,1975-76,22,PHI,71,1121,14.8,-1.4,0.2,1.5,.064
World B. Free,1976-77,23,PHI,78,2253,16.2,-0.9,0.7,4.6,.099
World B. Free,1977-78,24,PHI,76,2050,17.4,1.1,1.6,6.0,.140
World B. Free,1978-79,25,SDC,78,2954,22.1,2.9,3.7,10.1,.164
World B. Free,1979-80,26,SDC,68,2585,22.7,3.1,3.3,8.0,.148
World B. Free,1980-81,27,GSW,65,2370,19.5,1.5,2.1,7.4,.150
World B. Free,1981-82,28,GSW,78,2796,18.2,0.5,1.8,6.9,.118
World B. Free,1982-83,29,2TM,73,2638,18.4,1.1,2.0,5.7,.104
World B. Free,1982-83,29,GSW,19,700,15.9,-1.8,0.0,1.1,.077
World B. Free,1982-83,29,CLE,54,1938,19.3,2.1,2.0,4.6,.113
World B. Free,1983-84,30,CLE,75,2375,18.8,1.4,2.0,5.3,.107
World B. Free,1984-85,31,CLE,71,2249,19.7,3.0,2.8,6.0,.127
World B. Free,1985-86,32,CLE,75,2535,19.0,2.3,2.8,6.1,.115
World B. Free,1986-87,33,PHI,20,285,7.1,-8.6,-0.5,-0.2,-0.037
World B. Free,1987-88,34,HOU,58,682,11.1,-4.7,-0.5,0.4,.028
Enes Freedom,2011-12,19,UTA,66,874,14.5,-3.0,-0.2,1.7,.095
Enes Freedom,2012-13,20,UTA,70,1078,17.6,-2.1,0.0,2.3,.101
Enes Freedom,2013-14,21,UTA,80,2138,15.6,-3.6,-0.9,2.2,.050
Enes Freedom,2014-15,22,2TM,75,2135,20.3,-0.9,0.6,6.4,.145
Enes Freedom,2014-15,22,UTA,49,1326,17.5,-2.7,-0.2,2.7,.099
Enes Freedom,2014-15,22,OKC,26,809,24.9,2.0,0.8,3.7,.220
Enes Freedom,2015-16,23,OKC,82,1721,24.0,1.2,1.4,8.1,.226
Enes Freedom,2016-17,24,OKC,72,1533,23.7,1.7,1.4,5.8,.183
Enes Freedom,2017-18,25,NYK,71,1830,24.0,2.2,1.9,7.5,.198
Enes Freedom,2018-19,26,2TM,67,1640,22.3,1.0,1.2,5.4,.159
Enes Freedom,2018-19,26,NYK,44,1128,21.8,0.9,0.8,3.4,.143
Enes Freedom,2018-19,26,POR,23,512,23.5,1.3,0.4,2.1,.196
Enes Freedom,2019-20,27,BOS,58,983,22.4,1.5,0.9,4.4,.214
Enes Freedom,2020-21,28,POR,72,1758,22.4,0.6,1.2,7.5,.204
Enes Freedom,2021-22,29,BOS,35,411,15.0,-1.4,0.1,1.4,.160
Joel Freeland,2006-07,,Did not play - other pro league,,,,,,,
Joel Freeland,2007-08,,Did not play - other pro league,,,,,,,
Joel Freeland,2008-09,,Did not play - other pro league,,,,,,,
Joel Freeland,2009-10,,Did not play - other pro league,,,,,,,
Joel Freeland,2010-11,,Did not play - other pro league,,,,,,,
Joel Freeland,2011-12,,Did not play - other pro league,,,,,,,
Joel Freeland,2012-13,25,POR,51,477,9.3,-5.4,-0.4,0.2,.022
Joel Freeland,2013-14,26,POR,52,727,11.3,-2.6,-0.1,1.4,.092
Joel Freeland,2014-15,27,POR,48,617,12.2,-2.6,-0.1,1.6,.122
Donnie Freeman,1966-67,,Did not play - other,,,,,,,
Donnie Freeman,1967-68,23,MNM,69,2431,14.1,,,7.3,.144
Donnie Freeman,1968-69,24,MMF,78,2874,21.0,,,9.9,.166
Donnie Freeman,1969-70,25,MMF,79,3164,22.8,,,9.7,.147
Donnie Freeman,1970-71,26,2TM,66,2414,20.6,,,7.6,.151
Donnie Freeman,1970-71,26,UTS,24,801,23.4,,,3.5,.211
Donnie Freeman,1970-71,26,TEX,42,1613,19.2,,,4.1,.121
Donnie Freeman,1971-72,27,DLC,72,2377,23.9,,,8.9,.181
Donnie Freeman,1972-73,28,INA,77,2170,14.2,,,3.7,.081
Donnie Freeman,1973-74,29,INA,66,1735,15.0,-0.6,0.6,3.4,.095
Donnie Freeman,1974-75,30,SAA,77,2381,14.2,-0.7,0.8,5.1,.102
Donnie Freeman,1975-76,31,LAL,64,1480,14.5,-1.5,0.2,2.4,.078
Enrique Freeman,2024-25,24,IND,22,181,7.4,-6.3,-0.2,0.2,.046
Gary Freeman,1970-71,22,2TM,52,382,15.0,,,1.2,.155
Gary Freeman,1970-71,22,MIL,41,335,15.4,,,1.1,.161
Gary Freeman,1970-71,22,CLE,11,47,12.3,,,0.1,.108
Rod Freeman,1973-74,23,PHI,35,265,10.9,-4.2,-0.2,0.0,.000
Javon Freeman-Liberty,2023-24,24,TOR,22,403,10.7,-5.2,-0.3,0.2,.029
Matt Freije,2004-05,23,NOH,23,441,4.1,-6.2,-0.4,-0.5,-0.052
Matt Freije,2005-06,,Did not play - other pro league,,,,,,,
Matt Freije,2006-07,25,ATL,19,147,6.1,-5.4,-0.1,-0.1,-0.034
Frido Frey,1946-47,25,NYK,23,,,,,1.2,
Larry Friend,1957-58,22,NYK,44,569,7.7,,,-0.4,-0.033
Pat Frink,1968-69,23,CIN,48,363,7.9,,,-0.5,-0.064
Jim Fritsche,1953-54,22,2TM,68,1221,7.9,,,-1.7,-0.065
Jim Fritsche,1953-54,22,MNL,2,8,-19.1,,,-0.1,-0.652
Jim Fritsche,1953-54,22,BLB,66,1213,8.0,,,-1.6,-0.062
Jim Fritsche,1954-55,23,FTW,16,151,6.9,,,0.1,.028
Channing Frye,2005-06,22,NYK,65,1572,18.1,-0.7,0.5,3.5,.108
Channing Frye,2006-07,23,NYK,72,1896,10.5,-4.0,-0.9,0.9,.024
Channing Frye,2007-08,24,POR,78,1342,14.8,-1.8,0.1,3.2,.114
Channing Frye,2008-09,25,POR,63,746,10.0,-4.2,-0.4,0.8,.054
Channing Frye,2009-10,26,PHO,81,2190,15.0,2.7,2.6,6.4,.141
Channing Frye,2010-11,27,PHO,77,2541,12.8,-0.3,1.1,4.7,.090
Channing Frye,2011-12,28,PHO,64,1669,14.9,0.9,1.2,3.7,.106
Channing Frye,2012-13,,Did not play - medical condition,,,,,,,
Channing Frye,2013-14,30,PHO,82,2312,13.2,0.7,1.6,5.3,.109
Channing Frye,2014-15,31,ORL,75,1870,9.5,-1.5,0.2,2.1,.053
Channing Frye,2015-16,32,2TM,70,1200,12.9,0.8,0.8,3.0,.119
Channing Frye,2015-16,32,ORL,44,754,11.8,0.7,0.5,1.5,.097
Channing Frye,2015-16,32,CLE,26,446,14.9,1.0,0.3,1.5,.157
Channing Frye,2016-17,33,CLE,74,1398,15.6,1.0,1.1,3.7,.125
Channing Frye,2017-18,34,2TM,53,695,13.1,-0.5,0.3,1.5,.101
Channing Frye,2017-18,34,CLE,44,545,13.9,-0.3,0.3,1.2,.104
Channing Frye,2017-18,34,LAL,9,150,10.2,-1.5,0.0,0.3,.091
Channing Frye,2018-19,35,CLE,36,341,8.9,-3.5,-0.1,0.1,.016
Bernie Fryer,1972-73,,Did not play - other,,,,,,,
Bernie Fryer,1973-74,24,POR,80,1674,13.2,-1.7,0.1,1.6,.046
Bernie Fryer,1974-75,25,2TM,40,696,8.9,-3.5,-0.3,0.4,.028
Bernie Fryer,1974-75,25,SSL,9,264,5.6,-5.1,-0.3,0.0,-0.004
Bernie Fryer,1974-75,25,NOJ,31,432,11.0,-2.5,-0.1,0.4,.048
Frank Fucarino,1946-47,26,TRH,28,,,,,0.4,
Alex Fudge,2023-24,20,2TM,6,40,9.8,-5.2,0.0,0.0,-0.007
Alex Fudge,2023-24,20,LAL,4,14,-1.9,-18.1,-0.1,-0.1,-0.222
Alex Fudge,2023-24,20,DAL,2,26,16.2,1.7,0.0,0.1,.108
Herm Fuetsch,1947-48,29,BLB,42,,,,,0.9,
Joe Fulks,1946-47,25,PHW,60,,,,,16.3,
Joe Fulks,1947-48,26,PHW,43,,,,,6.0,
Joe Fulks,1948-49,27,PHW,60,,,,,7.7,
Joe Fulks,1949-50,28,PHW,68,,,,,-0.8,
Joe Fulks,1950-51,29,PHW,66,,,,,4.3,
Joe Fulks,1951-52,30,PHW,61,1904,11.9,,,-1.8,-0.045
Joe Fulks,1952-53,31,PHW,70,2085,11.6,,,-0.6,-0.015
Joe Fulks,1953-54,32,PHW,61,501,3.8,,,-1.8,-0.171
Carl Fuller,1969-70,,Did not play - other pro league,,,,,,,
Carl Fuller,1970-71,25,FLO,70,1151,10.0,,,1.1,.048
Carl Fuller,1971-72,26,FLO,6,63,12.4,,,0.1,.086
Hiram Fuller,2003-04,22,ATL,4,43,3.6,-10.5,-0.1,-0.1,-0.094
Todd Fuller,1996-97,22,GSW,75,949,10.4,-5.8,-0.9,0.7,.034
Todd Fuller,1997-98,23,GSW,57,613,11.8,-5.5,-0.5,0.7,.053
Todd Fuller,1998-99,24,UTA,42,462,9.1,-4.8,-0.3,0.6,.059
Todd Fuller,1999-00,25,CHH,41,399,9.6,-6.3,-0.4,0.2,.029
Todd Fuller,2000-01,26,MIA,10,77,9.3,-7.8,-0.1,0.0,-0.002
Tony Fuller,1980-81,22,DET,15,248,6.9,-4.0,-0.2,-0.1,-0.021
Markelle Fultz,2017-18,19,PHI,14,253,12.4,-2.6,0.0,0.2,.043
Markelle Fultz,2018-19,20,PHI,19,427,10.5,-3.1,-0.1,0.3,.035
Markelle Fultz,2019-20,21,ORL,72,1996,14.3,-1.8,0.1,2.7,.065
Markelle Fultz,2020-21,22,ORL,8,215,12.0,-4.4,-0.1,-0.1,-0.024
Markelle Fultz,2021-22,23,ORL,18,360,17.7,0.2,0.2,0.4,.053
Markelle Fultz,2022-23,24,ORL,60,1778,16.6,0.5,1.2,3.7,.100
Markelle Fultz,2023-24,25,ORL,43,910,12.6,-1.4,0.1,1.3,.069
Markelle Fultz,2024-25,26,SAC,21,184,8.9,-4.7,-0.1,-0.1,-0.026
Lawrence Funderburke,1994-95,,Did not play - other pro league,,,,,,,
Lawrence Funderburke,1995-96,,Did not play - other pro league,,,,,,,
Lawrence Funderburke,1996-97,,Did not play - other pro league,,,,,,,
Lawrence Funderburke,1997-98,27,SAC,52,1094,16.2,-0.5,0.4,2.1,.092
Lawrence Funderburke,1998-99,28,SAC,47,936,18.5,0.7,0.6,3.1,.159
Lawrence Funderburke,1999-00,29,SAC,75,1026,18.0,1.0,0.8,3.7,.172
Lawrence Funderburke,2000-01,30,SAC,59,698,16.1,-1.8,0.0,1.9,.129
Lawrence Funderburke,2001-02,31,SAC,56,722,13.8,-2.1,0.0,1.6,.105
Lawrence Funderburke,2002-03,32,SAC,27,229,11.8,-2.9,-0.1,0.5,.097
Lawrence Funderburke,2003-04,,Did not play - injury,,,,,,,
Lawrence Funderburke,2004-05,34,CHI,2,21,13.1,-3.3,0.0,0.1,.161
Andrew Funk,2023-24,24,CHI,5,13,-5.0,-14.4,0.0,-0.1,-0.252
Terry Furlow,1976-77,22,PHI,32,174,13.4,-3.7,-0.1,0.0,.011
Terry Furlow,1977-78,23,CLE,53,827,15.5,-0.7,0.3,1.1,.064
Terry Furlow,1978-79,24,2TM,78,1686,17.0,1.0,1.3,3.3,.093
Terry Furlow,1978-79,24,CLE,49,1110,17.0,0.3,0.6,1.8,.078
Terry Furlow,1978-79,24,ATL,29,576,17.1,2.4,0.6,1.5,.124
Terry Furlow,1979-80,25,2TM,76,2122,16.0,-0.2,1.0,2.8,.064
Terry Furlow,1979-80,25,ATL,21,404,15.9,2.5,0.5,0.8,.100
Terry Furlow,1979-80,25,UTA,55,1718,16.0,-0.9,0.5,2.0,.056
Johnny Furphy,2024-25,20,IND,50,379,9.8,-2.5,0.0,0.5,.070
Bill Gabor,1948-49,,Did not play - other pro league,,,,,,,
Bill Gabor,1949-50,27,SYR,56,,,,,3.5,
Bill Gabor,1950-51,28,SYR,61,,,,,1.5,
Bill Gabor,1951-52,29,SYR,57,1085,9.8,,,0.5,.021
Bill Gabor,1952-53,30,SYR,69,1337,13.8,,,2.8,.101
Bill Gabor,1953-54,31,SYR,61,1211,14.7,,,2.9,.116
Bill Gabor,1954-55,32,SYR,3,47,12.0,,,0.0,-0.012
Wenyen Gabriel,2019-20,22,2TM,30,235,9.6,-3.8,-0.1,0.2,.048
Wenyen Gabriel,2019-20,22,SAC,11,61,7.4,-3.9,0.0,0.0,-0.029
Wenyen Gabriel,2019-20,22,POR,19,174,10.3,-3.8,-0.1,0.3,.075
Wenyen Gabriel,2020-21,23,NOP,21,241,9.8,-3.3,-0.1,0.3,.052
Wenyen Gabriel,2021-22,24,3TM,26,358,12.5,-5.9,-0.4,0.7,.090
Wenyen Gabriel,2021-22,24,BRK,1,1,11.8,-1.6,0.0,0.0,.167
Wenyen Gabriel,2021-22,24,LAC,6,46,8.3,-7.5,-0.1,0.0,.041
Wenyen Gabriel,2021-22,24,LAL,19,311,13.1,-5.7,-0.3,0.6,.096
Wenyen Gabriel,2022-23,25,LAL,68,1024,14.4,-2.2,-0.1,2.8,.132
Wenyen Gabriel,2023-24,26,MEM,5,81,2.3,-12.5,-0.2,-0.2,-0.123
Dan Gadzuric,2002-03,24,MIL,49,760,11.2,-3.5,-0.3,1.2,.075
Dan Gadzuric,2003-04,25,MIL,75,1260,17.0,0.7,0.8,3.7,.141
Dan Gadzuric,2004-05,26,MIL,81,1783,18.1,0.1,1.0,5.2,.140
Dan Gadzuric,2005-06,27,MIL,74,885,17.2,-1.7,0.0,2.5,.134
Dan Gadzuric,2006-07,28,MIL,54,840,11.9,-5.4,-0.7,0.8,.043
Dan Gadzuric,2007-08,29,MIL,51,534,10.7,-6.1,-0.6,0.1,.006
Dan Gadzuric,2008-09,30,MIL,67,941,12.2,-2.5,-0.1,1.8,.094
Dan Gadzuric,2009-10,31,MIL,32,314,10.5,-4.5,-0.2,0.5,.077
Dan Gadzuric,2010-11,32,2TM,42,463,9.9,-7.0,-0.6,0.1,.014
Dan Gadzuric,2010-11,32,GSW,28,297,10.2,-6.8,-0.4,0.1,.013
Dan Gadzuric,2010-11,32,NJN,14,166,9.1,-7.3,-0.2,0.1,.015
Dan Gadzuric,2011-12,33,NYK,2,13,-4.3,-15.7,0.0,0.0,-0.169
Daniel Gafford,2019-20,21,CHI,43,609,16.2,-1.3,0.1,1.9,.146
Daniel Gafford,2020-21,22,2TM,54,791,22.2,2.2,0.8,3.5,.209
Daniel Gafford,2020-21,22,CHI,31,383,18.8,0.2,0.2,1.5,.182
Daniel Gafford,2020-21,22,WAS,23,408,25.4,4.0,0.6,2.0,.235
Daniel Gafford,2021-22,23,WAS,72,1444,21.8,1.6,1.3,6.0,.198
Daniel Gafford,2022-23,24,WAS,78,1604,19.7,1.0,1.2,6.1,.184
Daniel Gafford,2023-24,25,2TM,74,1815,21.7,2.6,2.1,7.8,.205
Daniel Gafford,2023-24,25,WAS,45,1192,19.9,0.9,0.9,4.4,.178
Daniel Gafford,2023-24,25,DAL,29,623,25.0,5.9,1.3,3.3,.257
Daniel Gafford,2024-25,26,DAL,57,1226,24.7,3.8,1.8,5.9,.232
Deng Gai,2005-06,23,PHI,2,5,0.0,-7.2,0.0,0.0,-0.015
Elmer Gainer,1947-48,29,BLB,5,,,,,0.0,
Elmer Gainer,1948-49,,Did not play - other pro league,,,,,,,
Elmer Gainer,1949-50,31,WAT,15,,,,,-0.3,
Bill Gaines,1968-69,22,HSM,1,5,7.6,,,0.0,.065
Corey Gaines,1988-89,23,NJN,32,337,9.1,-3.3,-0.1,0.2,.035
Corey Gaines,1989-90,24,PHI,9,81,6.2,-3.6,0.0,-0.1,-0.044
Corey Gaines,1990-91,25,DEN,10,226,15.2,-1.2,0.0,0.3,.061
Corey Gaines,1991-92,,Did not play - other pro league,,,,,,,
Corey Gaines,1992-93,,Did not play - other pro league,,,,,,,
Corey Gaines,1993-94,28,NYK,18,78,23.7,7.1,0.2,0.6,.339
Corey Gaines,1994-95,29,PHI,11,280,7.2,-4.2,-0.1,0.1,.013
Reece Gaines,2003-04,23,ORL,38,364,6.1,-6.1,-0.4,-0.5,-0.065
Reece Gaines,2004-05,24,2TM,21,187,3.5,-6.4,-0.2,-0.1,-0.034
Reece Gaines,2004-05,24,HOU,10,108,4.7,-5.0,-0.1,0.0,.017
Reece Gaines,2004-05,24,MIL,11,79,1.9,-8.5,-0.1,-0.2,-0.104
Reece Gaines,2005-06,25,MIL,12,54,6.7,-5.1,0.0,0.0,.004
Smokey Gaines,1967-68,27,KEN,3,36,4.8,,,-0.1,-0.153
Sundiata Gaines,2009-10,23,UTA,32,217,17.3,1.1,0.2,0.5,.121
Sundiata Gaines,2010-11,24,3TM,24,301,11.3,-2.9,-0.1,-0.1,-0.015
Sundiata Gaines,2010-11,24,MIN,8,65,4.9,-8.3,-0.1,-0.1,-0.102
Sundiata Gaines,2010-11,24,TOR,6,90,9.3,-2.7,0.0,-0.1,-0.050
Sundiata Gaines,2010-11,24,NJN,10,146,15.3,-0.5,0.1,0.1,.046
Sundiata Gaines,2011-12,25,NJN,57,793,15.0,0.3,0.5,1.0,.059
Mike Gale,1971-72,21,KEN,78,1701,9.1,,,2.6,.073
Mike Gale,1972-73,22,KEN,81,1854,13.9,,,3.9,.100
Mike Gale,1973-74,23,2TM,80,2495,12.4,1.7,2.4,4.7,.090
Mike Gale,1973-74,23,KEN,48,1591,11.9,1.2,1.3,2.6,.079
Mike Gale,1973-74,23,NYA,32,904,13.4,2.7,1.1,2.1,.110
Mike Gale,1974-75,24,NYA,72,1624,12.7,1.1,1.2,3.4,.100
Mike Gale,1975-76,25,SAA,78,1782,11.2,-0.1,0.9,2.0,.053
Mike Gale,1976-77,26,SAS,82,2598,13.9,0.7,1.8,4.0,.075
Mike Gale,1977-78,27,SAS,70,2091,13.3,0.5,1.3,3.3,.076
Mike Gale,1978-79,28,SAS,82,2121,12.3,0.6,1.4,3.6,.082
Mike Gale,1979-80,29,SAS,67,1474,13.3,0.6,1.0,2.2,.073
Mike Gale,1980-81,30,2TM,77,1112,13.7,0.8,0.8,2.4,.105
Mike Gale,1980-81,30,SAS,35,636,13.4,1.0,0.5,1.4,.107
Mike Gale,1980-81,30,POR,42,476,13.9,0.5,0.3,1.0,.102
Mike Gale,1981-82,31,GSW,75,1793,10.9,0.4,1.1,2.4,.063
Chad Gallagher,1991-92,,Did not play - other pro league,,,,,,,
Chad Gallagher,1992-93,,Did not play - other pro league,,,,,,,
Chad Gallagher,1993-94,24,UTA,2,3,66.8,30.1,0.0,0.1,1.442
Harry Gallatin,1948-49,21,NYK,52,,,,,2.8,
Harry Gallatin,1949-50,22,NYK,68,,,,,7.8,
Harry Gallatin,1950-51,23,NYK,66,,,,,7.6,
Harry Gallatin,1951-52,24,NYK,66,1931,22.1,,,8.9,.221
Harry Gallatin,1952-53,25,NYK,70,2333,23.3,,,11.3,.232
Harry Gallatin,1953-54,26,NYK,72,2690,24.4,,,11.8,.210
Harry Gallatin,1954-55,27,NYK,72,2548,21.0,,,8.3,.157
Harry Gallatin,1955-56,28,NYK,72,2378,17.6,,,5.6,.114
Harry Gallatin,1956-57,29,NYK,72,1943,23.1,,,8.1,.199
Harry Gallatin,1957-58,30,DET,72,1990,19.8,,,6.1,.147
Gene Gallette,1946-47,27,WSC,14,,,,,0.2,
Danilo Gallinari,2008-09,20,NYK,28,412,13.4,0.6,0.3,1.0,.119
Danilo Gallinari,2009-10,21,NYK,81,2747,14.8,0.5,1.7,5.6,.098
Danilo Gallinari,2010-11,22,2TM,62,2104,15.7,0.7,1.4,6.1,.139
Danilo Gallinari,2010-11,22,NYK,48,1671,15.6,0.1,0.9,4.9,.140
Danilo Gallinari,2010-11,22,DEN,14,433,15.9,3.0,0.5,1.2,.133
Danilo Gallinari,2011-12,23,DEN,43,1351,16.5,1.8,1.3,3.9,.140
Danilo Gallinari,2012-13,24,DEN,71,2309,16.7,2.8,2.8,7.2,.151
Danilo Gallinari,2013-14,,Did not play - injury,,,,,,,
Danilo Gallinari,2014-15,26,DEN,59,1426,16.8,2.4,1.6,3.9,.132
Danilo Gallinari,2015-16,27,DEN,53,1839,19.0,2.7,2.2,6.3,.165
Danilo Gallinari,2016-17,28,DEN,63,2134,17.4,1.4,1.9,6.8,.154
Danilo Gallinari,2017-18,29,LAC,21,671,13.8,-0.5,0.3,1.2,.088
Danilo Gallinari,2018-19,30,LAC,68,2059,21.0,4.3,3.3,8.2,.191
Danilo Gallinari,2019-20,31,OKC,62,1834,19.5,3.3,2.4,6.3,.166
Danilo Gallinari,2020-21,32,ATL,51,1222,16.3,1.1,1.0,3.7,.146
Danilo Gallinari,2021-22,33,ATL,66,1672,14.3,-0.2,0.8,3.6,.105
Danilo Gallinari,2022-23,,Did not play - injury,,,,,,,
Danilo Gallinari,2023-24,35,3TM,49,630,13.4,-1.9,0.0,1.3,.098
Danilo Gallinari,2023-24,35,WAS,26,385,13.4,-2.6,-0.1,0.6,.080
Danilo Gallinari,2023-24,35,DET,6,90,23.3,6.9,0.2,0.6,.304
Danilo Gallinari,2023-24,35,MIL,17,155,7.7,-5.2,-0.1,0.1,.025
Langston Galloway,2014-15,23,NYK,45,1457,12.3,-2.3,-0.1,1.3,.043
Langston Galloway,2015-16,24,NYK,82,2033,11.7,-1.0,0.5,3.3,.077
Langston Galloway,2016-17,25,2TM,74,1495,10.4,-2.3,-0.1,1.3,.040
Langston Galloway,2016-17,25,NOP,55,1120,11.2,-1.5,0.1,1.2,.052
Langston Galloway,2016-17,25,SAC,19,375,8.0,-4.7,-0.3,0.1,.007
Langston Galloway,2017-18,26,DET,58,863,12.2,0.1,0.5,1.4,.079
Langston Galloway,2018-19,27,DET,80,1745,10.7,-1.5,0.2,3.4,.094
Langston Galloway,2019-20,28,DET,66,1702,12.3,-0.8,0.5,3.1,.087
Langston Galloway,2020-21,29,PHO,40,438,12.1,-0.9,0.1,0.9,.096
Langston Galloway,2021-22,30,2TM,7,107,0.7,-9.8,-0.2,-0.2,-0.100
Langston Galloway,2021-22,30,BRK,4,58,1.8,-10.4,-0.1,-0.1,-0.072
Langston Galloway,2021-22,30,MIL,3,49,-0.6,-9.1,-0.1,-0.1,-0.133
Dave Gambee,1958-59,21,STL,2,7,11.5,,,0.0,.261
Dave Gambee,1959-60,22,2TM,61,656,14.2,,,0.8,.060
Dave Gambee,1959-60,22,STL,42,445,14.4,,,0.7,.078
Dave Gambee,1959-60,22,CIN,19,211,13.7,,,0.1,.024
Dave Gambee,1960-61,23,SYR,79,2090,14.7,,,5.3,.121
Dave Gambee,1961-62,24,SYR,80,2301,16.5,,,7.0,.145
Dave Gambee,1962-63,25,SYR,60,1234,14.6,,,3.3,.129
Dave Gambee,1963-64,26,PHI,41,927,13.5,,,1.6,.084
Dave Gambee,1964-65,27,PHI,80,1993,14.7,,,4.6,.110
Dave Gambee,1965-66,28,PHI,72,1068,12.6,,,2.2,.101
Dave Gambee,1966-67,29,PHI,63,757,13.8,,,1.9,.118
Dave Gambee,1967-68,30,SDR,80,1755,17.3,,,5.0,.138
Dave Gambee,1968-69,31,2TM,59,926,17.9,,,2.7,.141
Dave Gambee,1968-69,31,MIL,34,624,19.5,,,2.2,.169
Dave Gambee,1968-69,31,DET,25,302,14.7,,,0.5,.083
Dave Gambee,1969-70,32,SFW,73,951,14.2,,,1.4,.071
Kevin Gamble,1987-88,22,POR,9,19,-1.0,-7.0,0.0,-0.1,-0.139
Kevin Gamble,1988-89,23,BOS,44,375,15.8,0.4,0.2,1.0,.123
Kevin Gamble,1989-90,24,BOS,71,990,12.3,-0.5,0.4,1.9,.092
Kevin Gamble,1990-91,25,BOS,82,2706,16.3,1.2,2.2,8.3,.147
Kevin Gamble,1991-92,26,BOS,82,2496,15.2,0.7,1.7,6.7,.129
Kevin Gamble,1992-93,27,BOS,82,2541,15.1,1.4,2.2,6.6,.124
Kevin Gamble,1993-94,28,BOS,75,1880,13.4,-1.7,0.2,2.1,.054
Kevin Gamble,1994-95,29,MIA,77,1223,16.3,1.5,1.1,3.4,.134
Kevin Gamble,1995-96,30,2TM,65,1325,8.4,-2.5,-0.2,1.8,.064
Kevin Gamble,1995-96,30,MIA,44,1033,8.8,-1.9,0.0,1.7,.079
Kevin Gamble,1995-96,30,SAC,21,292,6.9,-4.4,-0.2,0.1,.011
Kevin Gamble,1996-97,31,SAC,62,953,11.6,-0.3,0.4,1.6,.082
Bob Gantt,1946-47,24,WSC,23,,,,,1.3,
Jorge Garbajosa,2006-07,29,TOR,67,1909,12.1,0.3,1.1,3.0,.074
Jorge Garbajosa,2007-08,30,TOR,7,74,10.4,-0.5,0.0,0.1,.047
Rubén Garcés,2000-01,27,2TM,13,73,9.7,-4.9,-0.1,0.0,.009
Rubén Garcés,2000-01,27,PHO,10,62,10.5,-4.5,0.0,0.1,.066
Rubén Garcés,2000-01,27,GSW,3,11,5.2,-7.6,0.0,-0.1,-0.315
Alex Garcia,2003-04,23,SAS,2,13,-4.7,-13.6,0.0,-0.1,-0.319
Alex Garcia,2004-05,24,NOH,8,146,8.4,-3.4,0.0,-0.1,-0.018
Francisco García,2005-06,24,SAC,67,1301,10.3,-0.8,0.4,1.6,.060
Francisco García,2006-07,25,SAC,79,1410,11.7,-1.1,0.3,2.4,.080
Francisco García,2007-08,26,SAC,79,2096,15.1,0.8,1.5,4.2,.097
Francisco García,2008-09,27,SAC,65,1975,14.1,-0.3,0.8,2.4,.058
Francisco García,2009-10,28,SAC,25,575,12.4,0.3,0.3,1.0,.081
Francisco García,2010-11,29,SAC,58,1386,13.5,1.0,1.0,3.0,.104
Francisco García,2011-12,30,SAC,49,798,10.7,-0.7,0.3,0.8,.048
Francisco García,2012-13,31,2TM,58,1029,11.0,0.2,0.6,1.3,.059
Francisco García,2012-13,31,SAC,40,710,10.5,-0.6,0.3,0.6,.040
Francisco García,2012-13,31,HOU,18,319,12.2,1.8,0.3,0.7,.101
Francisco García,2013-14,32,HOU,55,1083,9.3,-0.1,0.5,1.8,.078
Francisco García,2014-15,33,HOU,14,200,3.6,-4.2,-0.1,-0.2,-0.044
Chuck Gardner,1967-68,23,DNR,42,487,10.4,,,1.0,.101
Earl Gardner,1948-49,25,MNL,50,,,,,0.7,
Ken Gardner,1971-72,,Did not play - injury,,,,,,,
Ken Gardner,1972-73,,Did not play - other pro league,,,,,,,
Ken Gardner,1973-74,,Did not play - other pro league,,,,,,,
Ken Gardner,1974-75,,Did not play - other pro league,,,,,,,
Ken Gardner,1975-76,26,UTS,9,51,10.1,-3.7,0.0,0.1,.054
Thomas Gardner,2007-08,22,CHI,4,45,4.4,-7.2,-0.1,-0.1,-0.128
Thomas Gardner,2008-09,23,ATL,16,98,1.5,-8.5,-0.2,-0.2,-0.120
Vern Gardner,1949-50,24,PHW,63,,,,,5.9,
Vern Gardner,1950-51,25,PHW,61,,,,,1.6,
Vern Gardner,1951-52,26,PHW,27,507,11.2,,,-0.1,-0.006
Jack Garfinkel,1946-47,28,BOS,40,,,,,0.3,
Jack Garfinkel,1947-48,29,BOS,43,,,,,1.1,
Jack Garfinkel,1948-49,30,BOS,9,,,,,-0.5,
Patricio Garino,2016-17,23,ORL,5,43,-9.2,-17.9,-0.2,-0.2,-0.250
Darius Garland,2019-20,20,CLE,59,1824,8.5,-5.5,-1.7,-1.3,-0.034
Darius Garland,2020-21,21,CLE,54,1790,14.2,-2.1,-0.1,1.2,.033
Darius Garland,2021-22,22,CLE,68,2430,19.0,2.6,2.8,6.3,.125
Darius Garland,2022-23,23,CLE,69,2447,18.8,2.4,2.7,7.6,.148
Darius Garland,2023-24,24,CLE,57,1901,14.5,-1.0,0.5,2.7,.067
Darius Garland,2024-25,25,CLE,75,2301,19.9,3.1,3.0,8.1,.169
Gary Garland,1979-80,22,DEN,78,1106,10.2,-2.6,-0.2,0.5,.020
Winston Garland,1987-88,23,GSW,67,2122,13.8,-1.8,0.1,1.7,.039
Winston Garland,1988-89,24,GSW,79,2661,14.7,-0.1,1.3,4.5,.082
Winston Garland,1989-90,25,2TM,79,1762,9.8,-3.4,-0.6,-0.3,-0.008
Winston Garland,1989-90,25,GSW,51,891,9.1,-3.6,-0.4,-0.7,-0.037
Winston Garland,1989-90,25,LAC,28,871,10.6,-3.3,-0.3,0.4,.021
Winston Garland,1990-91,26,LAC,69,1702,12.1,-0.9,0.5,2.4,.069
Winston Garland,1991-92,27,DEN,78,2209,13.3,-1.3,0.4,2.9,.063
Winston Garland,1992-93,28,HOU,66,1004,12.2,-2.5,-0.1,1.8,.084
Winston Garland,1993-94,,Did not play - other pro league,,,,,,,
Winston Garland,1994-95,30,MIN,73,1931,10.1,-2.6,-0.3,1.2,.030
Dick Garmaker,1955-56,23,MNL,68,870,13.6,,,1.3,.072
Dick Garmaker,1956-57,24,MNL,72,2406,16.8,,,7.5,.150
Dick Garmaker,1957-58,25,MNL,68,2216,15.2,,,4.4,.095
Dick Garmaker,1958-59,26,MNL,72,2493,12.5,,,4.6,.088
Dick Garmaker,1959-60,27,2TM,70,1932,13.1,,,3.1,.076
Dick Garmaker,1959-60,27,MNL,44,1187,12.4,,,1.4,.057
Dick Garmaker,1959-60,27,NYK,26,745,14.2,,,1.7,.107
Dick Garmaker,1960-61,28,NYK,71,2238,13.7,,,4.7,.101
Bill Garner,1962-63,,Did not play - other pro league,,,,,,,
Bill Garner,1963-64,,Did not play - other,,,,,,,
Bill Garner,1964-65,,Did not play - other,,,,,,,
Bill Garner,1965-66,,Did not play - other,,,,,,,
Bill Garner,1966-67,,Did not play - other,,,,,,,
Bill Garner,1967-68,27,ANA,53,514,-1.2,,,-0.7,-0.061
Chris Garner,1997-98,22,TOR,38,293,5.6,-7.1,-0.4,-0.4,-0.069
Chris Garner,1998-99,,Did not play - other pro league,,,,,,,
Chris Garner,1999-00,,Did not play - other pro league,,,,,,,
Chris Garner,2000-01,25,GSW,8,149,1.0,-12.0,-0.4,-0.4,-0.123
Bill Garnett,1982-83,22,DAL,75,1411,15.0,0.7,1.0,3.9,.133
Bill Garnett,1983-84,23,DAL,80,1529,12.3,0.1,0.8,3.5,.109
Bill Garnett,1984-85,24,IND,65,1123,10.7,-3.2,-0.4,1.5,.063
Bill Garnett,1985-86,25,IND,80,1197,10.5,-1.4,0.2,2.0,.078
Kevin Garnett,1995-96,19,MIN,80,2293,15.8,1.0,1.7,4.4,.092
Kevin Garnett,1996-97,20,MIN,77,2995,18.2,2.2,3.2,7.3,.116
Kevin Garnett,1997-98,21,MIN,82,3222,20.4,4.2,5.0,9.6,.143
Kevin Garnett,1998-99,22,MIN,47,1780,22.4,5.3,3.3,5.4,.146
Kevin Garnett,1999-00,23,MIN,81,3243,23.6,6.3,6.8,11.6,.172
Kevin Garnett,2000-01,24,MIN,81,3202,23.9,6.0,6.4,11.8,.176
Kevin Garnett,2001-02,25,MIN,81,3175,23.8,6.8,7.1,12.8,.194
Kevin Garnett,2002-03,26,MIN,82,3321,26.4,8.4,8.7,15.6,.225
Kevin Garnett,2003-04,27,MIN,82,3231,29.4,10.2,10.0,18.3,.272
Kevin Garnett,2004-05,28,MIN,82,3121,28.2,9.5,9.1,16.1,.248
Kevin Garnett,2005-06,29,MIN,76,2957,26.8,7.8,7.4,14.9,.242
Kevin Garnett,2006-07,30,MIN,76,2995,24.1,5.4,5.5,10.7,.171
Kevin Garnett,2007-08,31,BOS,71,2328,25.3,8.2,6.0,12.9,.265
Kevin Garnett,2008-09,32,BOS,57,1772,21.2,5.7,3.5,7.1,.193
Kevin Garnett,2009-10,33,BOS,69,2060,19.4,3.5,2.9,7.3,.171
Kevin Garnett,2010-11,34,BOS,71,2220,20.6,4.7,3.8,9.0,.194
Kevin Garnett,2011-12,35,BOS,60,1864,20.4,4.3,2.9,6.9,.178
Kevin Garnett,2012-13,36,BOS,68,2022,19.2,2.6,2.3,5.6,.133
Kevin Garnett,2013-14,37,BRK,54,1109,13.3,-1.2,0.2,1.2,.054
Kevin Garnett,2014-15,38,2TM,47,952,15.2,0.7,0.7,1.9,.096
Kevin Garnett,2014-15,38,BRK,42,854,14.8,0.3,0.5,1.6,.089
Kevin Garnett,2014-15,38,MIN,5,98,19.3,4.3,0.2,0.3,.161
Kevin Garnett,2015-16,39,MIN,38,556,12.3,1.5,0.5,1.1,.092
Marlon Garnett,1998-99,23,BOS,24,205,6.5,-4.9,-0.2,0.0,.002
Billy Garrett,2018-19,24,NYK,4,63,9.8,-5.5,-0.1,0.0,-0.019
Calvin Garrett,1979-80,,Did not play - other,,,,,,,
Calvin Garrett,1980-81,24,HOU,70,1638,8.8,-2.3,-0.1,1.4,.040
Calvin Garrett,1981-82,25,HOU,51,858,8.4,-3.0,-0.2,0.6,.035
Calvin Garrett,1982-83,26,HOU,4,34,6.4,-4.6,0.0,0.0,-0.051
Calvin Garrett,1983-84,27,LAL,41,478,10.2,-3.4,-0.2,0.6,.064
Dean Garrett,1988-89,,Did not play - other pro league,,,,,,,
Dean Garrett,1989-90,,Did not play - other pro league,,,,,,,
Dean Garrett,1990-91,,Did not play - other pro league,,,,,,,
Dean Garrett,1991-92,,Did not play - other pro league,,,,,,,
Dean Garrett,1992-93,,Did not play - other pro league,,,,,,,
Dean Garrett,1993-94,,Did not play - other pro league,,,,,,,
Dean Garrett,1994-95,,Did not play - other pro league,,,,,,,
Dean Garrett,1995-96,,Did not play - other pro league,,,,,,,
Dean Garrett,1996-97,30,MIN,68,1665,17.7,1.0,1.3,6.2,.179
Dean Garrett,1997-98,31,DEN,82,2632,12.1,-2.6,-0.4,2.2,.041
Dean Garrett,1998-99,32,MIN,49,1054,13.6,-0.8,0.3,2.9,.131
Dean Garrett,1999-00,33,MIN,56,604,9.0,-3.0,-0.2,1.0,.077
Dean Garrett,2000-01,34,MIN,70,831,12.5,-0.6,0.3,1.9,.109
Dean Garrett,2001-02,35,2TM,34,183,6.3,-7.4,-0.3,-0.1,-0.024
Dean Garrett,2001-02,35,MIN,29,152,7.1,-6.1,-0.2,0.0,.006
Dean Garrett,2001-02,35,GSW,5,31,2.0,-14.1,-0.1,-0.1,-0.171
Diante Garrett,2012-13,24,PHO,19,149,9.0,-4.4,-0.1,-0.2,-0.073
Diante Garrett,2013-14,25,UTA,71,1048,7.1,-4.6,-0.7,-0.8,-0.036
Dick Garrett,1969-70,23,LAL,73,2318,9.4,,,2.3,.047
Dick Garrett,1970-71,24,BUF,75,2375,11.6,,,2.4,.048
Dick Garrett,1971-72,25,BUF,73,1905,11.8,,,1.6,.039
Dick Garrett,1972-73,26,BUF,78,1805,11.2,,,0.1,.001
Dick Garrett,1973-74,27,2TM,40,326,6.3,-5.8,-0.4,-0.2,-0.034
Dick Garrett,1973-74,27,NYK,25,239,6.0,-5.9,-0.3,-0.2,-0.032
Dick Garrett,1973-74,27,MIL,15,87,7.2,-5.3,-0.1,-0.1,-0.038
Marcus Garrett,2021-22,23,MIA,12,128,4.7,-5.4,-0.1,0.1,.032
Marcus Garrett,2024-25,26,CHO,4,79,8.7,-7.6,-0.1,0.0,-0.002
Rowland Garrett,1972-73,22,CHI,35,211,16.7,,,0.5,.115
Rowland Garrett,1973-74,23,CHI,41,373,9.2,-5.6,-0.4,-0.1,-0.011
Rowland Garrett,1974-75,24,CHI,70,1183,14.2,-0.9,0.3,3.1,.126
Rowland Garrett,1975-76,25,2TM,55,540,14.9,-1.3,0.1,1.1,.096
Rowland Garrett,1975-76,25,CHI,14,324,14.8,-0.7,0.1,0.8,.125
Rowland Garrett,1975-76,25,CLE,41,216,15.0,-2.2,0.0,0.2,.054
Rowland Garrett,1976-77,26,2TM,62,598,12.1,-2.6,-0.1,0.8,.064
Rowland Garrett,1976-77,26,CLE,29,215,12.2,-2.9,0.0,0.4,.079
Rowland Garrett,1976-77,26,MIL,33,383,12.0,-2.4,0.0,0.4,.055
Tom Garrick,1988-89,22,LAC,71,1499,11.0,-2.4,-0.2,1.4,.044
Tom Garrick,1989-90,23,LAC,73,1721,11.8,-1.3,0.3,2.5,.070
Tom Garrick,1990-91,24,LAC,67,949,13.3,0.0,0.5,1.8,.089
Tom Garrick,1991-92,25,3TM,40,549,9.8,-1.8,0.0,0.2,.022
Tom Garrick,1991-92,25,SAS,19,374,10.2,-1.0,0.1,0.4,.050
Tom Garrick,1991-92,25,MIN,15,112,7.4,-6.1,-0.1,-0.1,-0.059
Tom Garrick,1991-92,25,DAL,6,63,11.3,1.3,0.1,0.0,-0.004
John Garris,1983-84,24,CLE,33,267,18.5,-0.1,0.2,0.9,.166
Kiwane Lemorris Garris,1997-98,23,DEN,28,225,8.7,-5.6,-0.2,-0.1,-0.030
Kiwane Lemorris Garris,1998-99,,Did not play - other pro league,,,,,,,
Kiwane Lemorris Garris,1999-00,25,ORL,3,23,-3.9,-14.3,-0.1,-0.1,-0.223
Pat Garrity,1998-99,22,PHO,39,538,13.0,-3.0,-0.1,1.1,.101
Pat Garrity,1999-00,23,ORL,82,1479,11.9,-1.6,0.2,2.8,.091
Pat Garrity,2000-01,24,ORL,76,1579,10.1,-3.0,-0.4,2.5,.076
Pat Garrity,2001-02,25,ORL,80,2406,12.3,-0.6,0.9,5.1,.101
Pat Garrity,2002-03,26,ORL,81,2584,11.2,-1.0,0.7,4.9,.091
Pat Garrity,2003-04,27,ORL,2,22,0.5,-8.2,0.0,0.0,-0.060
Pat Garrity,2004-05,28,ORL,71,955,9.1,-2.8,-0.2,1.1,.054
Pat Garrity,2005-06,29,ORL,57,938,9.1,-1.8,0.0,1.2,.062
Pat Garrity,2006-07,30,ORL,33,277,6.4,-4.2,-0.2,0.2,.038
Pat Garrity,2007-08,31,ORL,31,284,3.2,-6.6,-0.3,-0.2,-0.038
Usman Garuba,2021-22,19,HOU,24,239,12.9,-0.9,0.1,0.5,.105
Usman Garuba,2022-23,20,HOU,75,970,12.9,-1.4,0.2,1.8,.091
Usman Garuba,2023-24,21,GSW,6,18,7.0,-10.9,0.0,0.0,-0.124
Jim Garvin,1973-74,23,BUF,6,11,3.9,-5.0,0.0,0.0,-0.134
Luka Garza,2021-22,23,DET,32,389,15.6,-2.5,-0.1,0.8,.093
Luka Garza,2022-23,24,MIN,28,243,23.0,-0.4,0.1,1.1,.211
Luka Garza,2023-24,25,MIN,25,122,21.8,-2.1,0.0,0.4,.166
Luka Garza,2024-25,26,MIN,39,219,18.8,-2.3,0.0,0.7,.144
Marc Gasol,2007-08,,Did not play - other pro league,,,,,,,
Marc Gasol,2008-09,24,MEM,82,2521,16.7,-0.1,1.2,6.4,.121
Marc Gasol,2009-10,25,MEM,69,2469,19.3,2.8,3.0,8.4,.164
Marc Gasol,2010-11,26,MEM,81,2586,16.8,2.3,2.8,7.9,.146
Marc Gasol,2011-12,27,MEM,65,2370,18.4,3.1,3.1,8.2,.166
Marc Gasol,2012-13,28,MEM,80,2796,19.5,5.2,5.1,11.5,.197
Marc Gasol,2013-14,29,MEM,59,1970,18.2,3.0,2.5,5.6,.137
Marc Gasol,2014-15,30,MEM,81,2687,21.7,5.1,4.8,10.2,.182
Marc Gasol,2015-16,31,MEM,52,1791,17.7,1.7,1.7,3.7,.098
Marc Gasol,2016-17,32,MEM,74,2531,20.3,5.2,4.6,7.7,.145
Marc Gasol,2017-18,33,MEM,73,2408,17.4,2.3,2.7,4.0,.080
Marc Gasol,2018-19,34,2TM,79,2436,16.7,3.1,3.1,6.0,.118
Marc Gasol,2018-19,34,MEM,53,1788,16.9,3.2,2.3,3.9,.104
Marc Gasol,2018-19,34,TOR,26,648,16.0,2.9,0.8,2.1,.157
Marc Gasol,2019-20,35,TOR,44,1161,11.8,1.6,1.1,3.0,.124
Marc Gasol,2020-21,36,LAL,52,993,12.2,2.3,1.1,2.8,.133
Pau Gasol,2001-02,21,MEM,82,3007,19.5,1.7,2.8,7.6,.121
Pau Gasol,2002-03,22,MEM,82,2948,20.7,1.8,2.8,8.5,.138
Pau Gasol,2003-04,23,MEM,78,2458,21.7,2.9,3.0,8.1,.159
Pau Gasol,2004-05,24,MEM,56,1790,22.5,4.0,2.7,6.8,.184
Pau Gasol,2005-06,25,MEM,80,3135,22.7,5.5,6.0,12.0,.184
Pau Gasol,2006-07,26,MEM,59,2133,24.1,3.6,3.0,6.9,.155
Pau Gasol,2007-08,27,2TM,66,2351,21.6,3.4,3.2,8.4,.172
Pau Gasol,2007-08,27,MEM,39,1433,20.1,2.1,1.5,3.9,.129
Pau Gasol,2007-08,27,LAL,27,918,24.0,5.5,1.7,4.6,.239
Pau Gasol,2008-09,28,LAL,81,2999,22.2,4.5,5.0,13.9,.223
Pau Gasol,2009-10,29,LAL,65,2403,22.9,4.9,4.2,11.0,.220
Pau Gasol,2010-11,30,LAL,82,3037,23.3,4.8,5.2,14.7,.232
Pau Gasol,2011-12,31,LAL,65,2430,20.4,3.4,3.3,8.3,.165
Pau Gasol,2012-13,32,LAL,49,1655,16.7,2.0,1.7,3.7,.107
Pau Gasol,2013-14,33,LAL,60,1884,19.3,1.2,1.5,3.0,.076
Pau Gasol,2014-15,34,CHI,78,2681,22.7,3.5,3.7,10.4,.187
Pau Gasol,2015-16,35,CHI,72,2291,21.7,4.9,4.0,7.1,.149
Pau Gasol,2016-17,36,SAS,64,1627,20.2,4.0,2.5,6.4,.190
Pau Gasol,2017-18,37,SAS,77,1812,18.9,3.4,2.5,6.0,.159
Pau Gasol,2018-19,38,2TM,30,360,16.7,3.1,0.5,1.1,.142
Pau Gasol,2018-19,38,SAS,27,330,18.0,3.9,0.5,1.1,.160
Pau Gasol,2018-19,38,MIL,3,30,1.7,-4.7,0.0,0.0,-0.063
Pau Gasol,2019-20,,Did not play - injury,,,,,,,
Frank Gates,1949-50,29,AND,64,,,,,1.3,
Kaiser Gates,2023-24,27,NOP,1,7,-19.9,-28.8,-0.1,-0.1,-0.558
Chris Gatling,1991-92,24,GSW,54,612,18.2,0.5,0.4,2.0,.156
Chris Gatling,1992-93,25,GSW,70,1248,16.8,-1.3,0.2,3.1,.120
Chris Gatling,1993-94,26,GSW,82,1296,18.7,-0.4,0.6,4.5,.168
Chris Gatling,1994-95,27,GSW,58,1470,19.5,0.1,0.8,3.9,.129
Chris Gatling,1995-96,28,2TM,71,1427,19.9,0.1,0.7,4.6,.156
Chris Gatling,1995-96,28,GSW,47,862,17.0,-2.1,0.0,2.1,.114
Chris Gatling,1995-96,28,MIA,24,565,24.4,3.4,0.8,2.6,.219
Chris Gatling,1996-97,29,2TM,47,1283,23.9,0.8,0.9,3.9,.145
Chris Gatling,1996-97,29,DAL,44,1191,24.4,1.0,0.9,3.7,.147
Chris Gatling,1996-97,29,NJN,3,92,16.9,-1.6,0.0,0.2,.108
Chris Gatling,1997-98,30,NJN,57,1359,16.0,-2.0,0.0,2.4,.084
Chris Gatling,1998-99,31,2TM,48,775,10.1,-5.5,-0.7,-0.1,-0.003
Chris Gatling,1998-99,31,NJN,18,281,5.5,-7.7,-0.4,-0.5,-0.090
Chris Gatling,1998-99,31,MIL,30,494,12.6,-4.2,-0.3,0.5,.046
Chris Gatling,1999-00,32,2TM,85,1811,17.3,-1.0,0.5,4.0,.105
Chris Gatling,1999-00,32,ORL,45,1041,17.4,-0.9,0.3,2.5,.115
Chris Gatling,1999-00,32,DEN,40,770,17.1,-1.0,0.2,1.5,.092
Chris Gatling,2000-01,33,CLE,74,1670,15.6,-1.9,0.0,2.4,.068
Chris Gatling,2001-02,34,MIA,54,809,13.4,-3.1,-0.2,1.4,.081
Chris Gatling,2002-03,,Did not play - other pro league,,,,,,,
Kenny Gattison,1986-87,22,PHO,77,1104,9.4,-5.4,-0.9,0.7,.031
Kenny Gattison,1987-88,,Did not play - injury,,,,,,,
Kenny Gattison,1988-89,24,PHO,2,9,-2.8,-7.1,0.0,0.0,-0.037
Kenny Gattison,1989-90,25,CHH,63,941,12.9,-2.6,-0.1,1.5,.075
Kenny Gattison,1990-91,26,CHH,72,1552,14.4,-2.2,-0.1,3.0,.092
Kenny Gattison,1991-92,27,CHH,82,2223,15.3,-1.3,0.4,4.5,.097
Kenny Gattison,1992-93,28,CHH,75,1475,12.5,-1.5,0.2,3.2,.103
Kenny Gattison,1993-94,29,CHH,77,1644,13.3,-1.3,0.3,3.5,.102
Kenny Gattison,1994-95,30,CHH,21,409,9.2,-4.3,-0.3,0.5,.055
Kenny Gattison,1995-96,31,VAN,25,570,10.7,-5.5,-0.5,0.1,.012
Rudy Gay,2006-07,20,MEM,78,2103,12.4,-2.2,-0.1,0.5,.011
Rudy Gay,2007-08,21,MEM,81,3000,17.4,0.8,2.1,5.0,.080
Rudy Gay,2008-09,22,MEM,79,2945,15.3,-1.1,0.7,3.3,.054
Rudy Gay,2009-10,23,MEM,80,3175,16.2,0.5,2.0,6.4,.096
Rudy Gay,2010-11,24,MEM,54,2152,17.8,2.8,2.6,5.5,.123
Rudy Gay,2011-12,25,MEM,65,2422,17.8,1.9,2.4,6.0,.120
Rudy Gay,2012-13,26,2TM,75,2687,15.6,1.1,2.1,4.0,.072
Rudy Gay,2012-13,26,MEM,42,1541,14.1,0.5,0.9,2.4,.075
Rudy Gay,2012-13,26,TOR,33,1146,17.6,1.9,1.1,1.6,.068
Rudy Gay,2013-14,27,2TM,73,2531,18.3,1.7,2.4,4.8,.091
Rudy Gay,2013-14,27,TOR,18,639,14.7,0.6,0.4,0.3,.021
Rudy Gay,2013-14,27,SAC,55,1892,19.6,2.1,2.0,4.5,.114
Rudy Gay,2014-15,28,SAC,68,2408,19.7,2.7,2.9,6.1,.122
Rudy Gay,2015-16,29,SAC,70,2379,15.5,-0.3,1.0,3.8,.078
Rudy Gay,2016-17,30,SAC,30,1013,17.9,1.9,1.0,1.8,.087
Rudy Gay,2017-18,31,SAS,57,1231,18.0,0.8,0.9,3.1,.122
Rudy Gay,2018-19,32,SAS,69,1842,17.5,1.4,1.6,4.4,.115
Rudy Gay,2019-20,33,SAS,67,1461,15.4,-0.8,0.4,2.1,.068
Rudy Gay,2020-21,34,SAS,63,1358,14.7,-0.1,0.6,1.7,.059
Rudy Gay,2021-22,35,UTA,55,1038,13.0,-1.0,0.3,2.1,.097
Rudy Gay,2022-23,36,UTA,56,816,9.0,-4.0,-0.4,0.3,.018
Ed Gayda,1950-51,23,TRI,15,,,,,0.6,
Andrew Gaze,1993-94,28,WSB,7,70,10.5,-2.8,0.0,0.1,.074
Andrew Gaze,1994-95,,Did not play - other pro league,,,,,,,
Andrew Gaze,1995-96,,Did not play - other pro league,,,,,,,
Andrew Gaze,1996-97,,Did not play - other pro league,,,,,,,
Andrew Gaze,1997-98,,Did not play - other pro league,,,,,,,
Andrew Gaze,1998-99,33,SAS,19,58,8.5,-2.9,0.0,0.0,.025
Michael Gbinije,2016-17,24,DET,9,32,-2.1,-12.1,-0.1,-0.1,-0.136
Reggie Geary,1996-97,23,CLE,39,246,8.7,-1.4,0.0,0.3,.056
Reggie Geary,1997-98,24,SAS,62,685,6.8,-2.9,-0.2,0.3,.023
Alonzo Gee,2009-10,22,WAS,11,182,16.2,1.6,0.2,0.4,.108
Alonzo Gee,2010-11,23,3TM,56,1118,10.8,-2.5,-0.1,1.0,.045
Alonzo Gee,2010-11,23,SAS,5,18,-2.1,-9.2,0.0,-0.1,-0.175
Alonzo Gee,2010-11,23,WAS,11,127,9.9,-2.8,0.0,0.1,.023
Alonzo Gee,2010-11,23,CLE,40,973,11.1,-2.3,-0.1,1.0,.052
Alonzo Gee,2011-12,24,CLE,63,1827,13.2,-1.4,0.3,2.4,.063
Alonzo Gee,2012-13,25,CLE,82,2541,10.5,-2.6,-0.4,1.9,.036
Alonzo Gee,2013-14,26,CLE,65,1020,8.6,-3.1,-0.3,0.9,.041
Alonzo Gee,2014-15,27,2TM,54,662,13.0,-0.6,0.2,1.2,.086
Alonzo Gee,2014-15,27,DEN,39,511,14.0,0.2,0.3,1.1,.100
Alonzo Gee,2014-15,27,POR,15,151,9.7,-3.2,0.0,0.1,.039
Alonzo Gee,2015-16,28,NOP,73,1632,8.4,-2.6,-0.2,1.9,.056
Alonzo Gee,2016-17,29,DEN,13,89,3.1,-6.7,-0.1,-0.1,-0.032
Matt Geiger,1992-93,23,MIA,48,554,11.8,-4.2,-0.3,1.2,.101
Matt Geiger,1993-94,24,MIA,72,1199,16.7,0.0,0.6,4.5,.179
Matt Geiger,1994-95,25,MIA,74,1712,12.9,-2.8,-0.3,2.7,.077
Matt Geiger,1995-96,26,CHH,77,2349,14.2,-2.9,-0.5,4.3,.088
Matt Geiger,1996-97,27,CHH,49,1044,14.3,-3.2,-0.3,1.9,.085
Matt Geiger,1997-98,28,CHH,78,1839,20.2,1.1,1.5,5.9,.154
Matt Geiger,1998-99,29,PHI,50,1540,17.1,0.3,0.9,4.7,.147
Matt Geiger,1999-00,30,PHI,65,1406,13.9,-3.5,-0.5,2.6,.088
Matt Geiger,2000-01,31,PHI,35,542,11.5,-4.2,-0.3,0.7,.065
Matt Geiger,2001-02,32,PHI,4,36,-1.6,-11.4,-0.1,-0.1,-0.145
Mickaël Gelabale,2005-06,,Did not play - other pro league,,,,,,,
Mickaël Gelabale,2006-07,23,SEA,70,1239,9.8,-2.6,-0.2,1.3,.050
Mickaël Gelabale,2007-08,24,SEA,39,465,10.5,-3.1,-0.1,0.2,.021
Mickaël Gelabale,2008-09,,Did not play - other pro league,,,,,,,
Mickaël Gelabale,2009-10,,Did not play - other pro league,,,,,,,
Mickaël Gelabale,2010-11,,Did not play - other pro league,,,,,,,
Mickaël Gelabale,2011-12,,Did not play - other pro league,,,,,,,
Mickaël Gelabale,2012-13,29,MIN,36,644,11.8,-0.2,0.3,1.5,.114
Devean George,1999-00,22,LAL,49,345,12.1,-3.5,-0.1,0.7,.093
Devean George,2000-01,23,LAL,59,593,6.2,-7.6,-0.8,-0.3,-0.023
Devean George,2001-02,24,LAL,82,1759,12.6,0.3,1.0,4.2,.113
Devean George,2002-03,25,LAL,71,1613,11.4,-1.5,0.2,2.7,.079
Devean George,2003-04,26,LAL,82,1951,11.5,-0.4,0.8,3.4,.083
Devean George,2004-05,27,LAL,15,306,10.7,-3.9,-0.2,0.3,.041
Devean George,2005-06,28,LAL,71,1542,11.3,-0.8,0.4,2.6,.082
Devean George,2006-07,29,DAL,60,1283,9.7,-1.5,0.2,2.1,.078
Devean George,2007-08,30,DAL,53,821,7.0,-2.8,-0.2,0.7,.039
Devean George,2008-09,31,DAL,43,708,7.0,-2.8,-0.1,0.6,.042
Devean George,2009-10,32,GSW,45,761,11.6,-0.8,0.2,1.3,.084
Jack George,1953-54,25,PHW,71,2648,12.2,,,1.8,.034
Jack George,1954-55,26,PHW,68,2480,13.0,,,3.8,.074
Jack George,1955-56,27,PHW,72,2840,13.6,,,4.6,.077
Jack George,1956-57,28,PHW,67,2229,11.8,,,1.2,.026
Jack George,1957-58,29,PHW,72,1910,12.5,,,3.4,.084
Jack George,1958-59,30,2TM,71,1881,11.0,,,1.5,.038
Jack George,1958-59,30,PHW,46,1387,11.0,,,1.1,.038
Jack George,1958-59,30,NYK,25,494,10.9,,,0.4,.037
Jack George,1959-60,31,NYK,69,1604,12.1,,,1.5,.046
Jack George,1960-61,32,NYK,16,268,7.7,,,-0.1,-0.025
Keyonte George,2023-24,20,UTA,75,2023,10.4,-4.4,-1.2,-0.3,-0.008
Keyonte George,2024-25,21,UTA,67,2109,12.9,-2.7,-0.3,1.1,.024
Kyshawn George,2024-25,21,WAS,68,1802,8.8,-4.1,-0.9,0.1,.003
Paul George,2010-11,20,IND,61,1265,13.0,-0.1,0.6,2.4,.091
Paul George,2011-12,21,IND,66,1958,16.5,3.4,2.7,6.0,.148
Paul George,2012-13,22,IND,79,2972,16.8,3.8,4.4,9.0,.145
Paul George,2013-14,23,IND,80,2898,20.1,4.9,5.0,10.8,.178
Paul George,2014-15,24,IND,6,91,13.0,-2.2,0.0,0.0,-0.008
Paul George,2015-16,25,IND,81,2819,20.9,4.9,4.9,9.2,.157
Paul George,2016-17,26,IND,75,2689,20.2,3.1,3.4,7.1,.126
Paul George,2017-18,27,OKC,79,2891,18.7,2.9,3.6,8.9,.147
Paul George,2018-19,28,OKC,77,2841,23.3,7.2,6.6,11.9,.201
Paul George,2019-20,29,LAC,48,1419,21.1,4.9,2.5,4.8,.161
Paul George,2020-21,30,LAC,54,1821,20.5,4.2,2.9,5.3,.139
Paul George,2021-22,31,LAC,31,1077,18.6,3.7,1.6,1.3,.057
Paul George,2022-23,32,LAC,56,1939,19.6,2.8,2.3,4.6,.114
Paul George,2023-24,33,LAC,74,2502,19.3,3.2,3.3,7.3,.140
Paul George,2024-25,34,PHI,41,1334,14.5,-0.4,0.5,1.0,.036
Tate George,1990-91,22,NJN,56,594,10.5,-3.6,-0.2,0.4,.032
Tate George,1991-92,23,NJN,70,1037,11.8,-3.0,-0.3,1.1,.050
Tate George,1992-93,24,NJN,48,380,7.9,-4.4,-0.2,-0.1,-0.013
Tate George,1993-94,,Did not play - other pro league,,,,,,,
Tate George,1994-95,26,MIL,3,8,2.0,-13.6,0.0,0.0,-0.214
Marcus Georges-Hunt,2016-17,22,ORL,5,48,10.2,-4.5,0.0,0.1,.107
Marcus Georges-Hunt,2017-18,23,MIN,42,224,6.9,-5.1,-0.2,0.2,.049
Gus Gerard,1974-75,21,SSL,84,2702,14.8,-1.2,0.6,4.3,.076
Gus Gerard,1975-76,22,2TM,82,1727,12.7,-2.8,-0.4,1.5,.042
Gus Gerard,1975-76,22,SSL,22,542,12.0,-4.1,-0.3,0.4,.036
Gus Gerard,1975-76,22,DNA,60,1185,13.0,-2.2,-0.1,1.1,.044
Gus Gerard,1976-77,23,2TM,65,1048,14.4,-0.8,0.3,1.3,.060
Gus Gerard,1976-77,23,DEN,24,456,16.9,1.4,0.4,1.1,.115
Gus Gerard,1976-77,23,BUF,41,592,12.4,-2.5,-0.1,0.2,.019
Gus Gerard,1977-78,24,2TM,57,890,13.2,-1.7,0.1,1.3,.068
Gus Gerard,1977-78,24,BUF,10,85,13.5,-2.9,0.0,0.1,.046
Gus Gerard,1977-78,24,DET,47,805,13.2,-1.6,0.1,1.2,.070
Gus Gerard,1978-79,25,2TM,58,465,11.6,-3.1,-0.1,0.5,.055
Gus Gerard,1978-79,25,DET,2,6,26.3,-3.9,0.0,0.0,.193
Gus Gerard,1978-79,25,KCK,56,459,11.4,-3.1,-0.1,0.5,.053
Gus Gerard,1979-80,26,KCK,73,869,14.1,-0.2,0.4,1.9,.104
Gus Gerard,1980-81,27,2TM,27,252,12.5,-3.7,-0.1,0.3,.058
Gus Gerard,1980-81,27,KCK,16,123,12.2,-4.2,-0.1,0.2,.061
Gus Gerard,1980-81,27,SAS,11,129,12.8,-3.3,0.0,0.1,.055
Derrick Gervin,1985-86,,Did not play - other pro league,,,,,,,
Derrick Gervin,1986-87,,Did not play - unsigned,,,,,,,
Derrick Gervin,1987-88,,Did not play - other pro league,,,,,,,
Derrick Gervin,1988-89,,Did not play - unsigned,,,,,,,
Derrick Gervin,1989-90,26,NJN,21,339,22.9,2.7,0.4,1.3,.184
Derrick Gervin,1990-91,27,NJN,56,743,13.3,-2.6,-0.1,0.8,.054
George Gervin,1972-73,20,VIR,30,689,15.6,,,1.6,.112
George Gervin,1973-74,21,2TM,74,2511,21.7,3.1,3.2,7.3,.140
George Gervin,1973-74,21,VIR,49,1728,21.7,2.9,2.1,4.4,.121
George Gervin,1973-74,21,SAA,25,783,21.9,3.5,1.1,2.9,.180
George Gervin,1974-75,22,SAA,84,3113,20.4,3.0,3.9,10.0,.154
George Gervin,1975-76,23,SAA,81,2748,20.0,2.6,3.2,9.3,.162
George Gervin,1976-77,24,SAS,82,2705,21.4,3.5,3.8,10.5,.187
George Gervin,1977-78,25,SAS,82,2857,24.7,4.8,4.9,12.0,.201
George Gervin,1978-79,26,SAS,80,2888,23.2,3.7,4.1,11.4,.189
George Gervin,1979-80,27,SAS,78,2934,24.0,3.9,4.4,10.6,.173
George Gervin,1980-81,28,SAS,82,2765,22.9,2.9,3.5,10.5,.182
George Gervin,1981-82,29,SAS,79,2817,24.2,3.9,4.2,10.7,.182
George Gervin,1982-83,30,SAS,78,2830,20.5,1.8,2.7,9.4,.159
George Gervin,1983-84,31,SAS,76,2584,19.3,0.1,1.3,5.5,.102
George Gervin,1984-85,32,SAS,72,2091,18.5,-0.3,0.9,4.6,.106
George Gervin,1985-86,33,CHI,82,2065,16.0,-2.1,0.0,3.0,.069
George Gervin,1986-87,,Did not play - other pro league,,,,,,,
Gorham Getchell,1946-47,26,PIT,16,,,,,-0.1,
John Gianelli,1972-73,22,NYK,52,516,12.1,,,1.2,.110
John Gianelli,1973-74,23,NYK,70,1423,13.0,-0.1,0.7,3.6,.121
John Gianelli,1974-75,24,NYK,80,2797,12.4,0.1,1.5,5.5,.094
John Gianelli,1975-76,25,NYK,82,2332,12.3,-0.2,1.1,4.4,.091
John Gianelli,1976-77,26,2TM,76,1913,11.5,-1.4,0.3,2.5,.063
John Gianelli,1976-77,26,NYK,19,630,12.9,-0.2,0.3,1.3,.097
John Gianelli,1976-77,26,BUF,57,1283,10.8,-2.0,0.0,1.2,.046
John Gianelli,1977-78,27,MIL,82,2327,11.7,-0.6,0.8,3.2,.066
John Gianelli,1978-79,28,MIL,82,2057,10.3,-1.4,0.3,3.0,.070
John Gianelli,1979-80,29,UTA,17,285,5.1,-5.5,-0.3,-0.4,-0.071
John Gianelli,1980-81,,Did not play - other pro league,,,,,,,
John Gianelli,1981-82,,Did not play - other pro league,,,,,,,
John Gianelli,1982-83,,Did not play - other pro league,,,,,,,
Dick Gibbs,1971-72,23,HOU,64,757,6.9,,,-0.1,-0.006
Dick Gibbs,1972-73,24,2TM,67,735,6.5,,,-0.6,-0.036
Dick Gibbs,1972-73,24,HOU,1,2,-8.1,,,0.0,-0.526
Dick Gibbs,1972-73,24,KCO,66,733,6.6,,,-0.5,-0.035
Dick Gibbs,1973-74,25,SEA,71,1528,12.4,-2.8,-0.3,2.1,.065
Dick Gibbs,1974-75,26,WSB,59,424,11.0,-4.3,-0.2,0.4,.050
Dick Gibbs,1975-76,27,BUF,72,866,9.8,-4.3,-0.5,0.7,.039
Daniel Gibson,2006-07,20,CLE,60,988,9.4,-0.7,0.3,2.0,.098
Daniel Gibson,2007-08,21,CLE,58,1765,11.7,-0.4,0.7,4.1,.111
Daniel Gibson,2008-09,22,CLE,75,1795,10.1,-1.0,0.4,3.8,.101
Daniel Gibson,2009-10,23,CLE,56,1068,11.3,0.0,0.5,2.6,.117
Daniel Gibson,2010-11,24,CLE,67,1865,13.2,-0.4,0.8,2.4,.062
Daniel Gibson,2011-12,25,CLE,35,916,9.2,-2.2,-0.1,0.5,.028
Daniel Gibson,2012-13,26,CLE,46,919,7.7,-3.4,-0.3,0.5,.026
Dee Gibson,1948-49,,Did not play - other pro league,,,,,,,
Dee Gibson,1949-50,26,TRI,44,,,,,2.7,
Hoot Gibson,1949-50,28,2TM,32,,,,,0.0,
Hoot Gibson,1949-50,28,BOS,2,,,,,0.1,
Hoot Gibson,1949-50,28,WAT,30,,,,,-0.1,
Jonathan Gibson,2016-17,29,DAL,17,231,9.5,-3.7,-0.1,-0.1,-0.030
Jonathan Gibson,2017-18,30,BOS,4,40,25.4,4.1,0.1,0.2,.195
Mel Gibson,1963-64,23,LAL,9,53,2.5,,,-0.1,-0.119
Mike Gibson,1982-83,,Did not play - other pro league,,,,,,,
Mike Gibson,1983-84,23,WSB,32,229,8.6,-4.2,-0.1,0.1,.031
Mike Gibson,1984-85,,Did not play - other pro league,,,,,,,
Mike Gibson,1985-86,25,DET,32,161,8.7,-4.0,-0.1,0.2,.059
Taj Gibson,2009-10,24,CHI,82,2204,13.8,-2.0,0.0,4.7,.103
Taj Gibson,2010-11,25,CHI,80,1742,14.3,-0.9,0.5,5.2,.143
Taj Gibson,2011-12,26,CHI,63,1284,16.9,0.8,0.9,4.5,.167
Taj Gibson,2012-13,27,CHI,65,1459,14.4,-1.1,0.3,3.3,.109
Taj Gibson,2013-14,28,CHI,82,2351,16.0,-1.0,0.6,5.7,.117
Taj Gibson,2014-15,29,CHI,62,1692,16.1,-0.4,0.7,4.8,.137
Taj Gibson,2015-16,30,CHI,73,1936,15.7,0.0,1.0,5.4,.133
Taj Gibson,2016-17,31,2TM,78,1989,15.0,-1.5,0.2,4.0,.097
Taj Gibson,2016-17,31,CHI,55,1502,15.4,-1.2,0.3,3.3,.104
Taj Gibson,2016-17,31,OKC,23,487,13.8,-2.5,-0.1,0.8,.076
Taj Gibson,2017-18,32,MIN,82,2726,15.4,-0.5,1.0,7.2,.126
Taj Gibson,2018-19,33,MIN,70,1686,17.8,-0.1,0.8,5.1,.144
Taj Gibson,2019-20,34,NYK,62,1025,16.1,-1.1,0.2,2.6,.120
Taj Gibson,2020-21,35,NYK,45,936,16.0,1.3,0.8,3.8,.195
Taj Gibson,2021-22,36,NYK,52,946,12.0,-2.0,0.0,2.7,.135
Taj Gibson,2022-23,37,WAS,49,480,11.4,-3.2,-0.1,0.8,.082
Taj Gibson,2023-24,38,2TM,20,204,5.9,-5.3,-0.2,0.2,.044
Taj Gibson,2023-24,38,NYK,16,165,3.2,-6.9,-0.2,0.1,.019
Taj Gibson,2023-24,38,DET,4,39,17.6,1.7,0.0,0.1,.149
Taj Gibson,2024-25,39,CHO,37,409,10.8,-5.3,-0.3,0.4,.043
J.R. Giddens,2008-09,23,BOS,6,8,26.0,7.2,0.0,0.0,.201
J.R. Giddens,2009-10,24,2TM,32,239,9.2,-4.7,-0.2,0.1,.021
J.R. Giddens,2009-10,24,BOS,21,99,7.3,-4.5,-0.1,0.0,.015
J.R. Giddens,2009-10,24,NYK,11,140,10.5,-4.9,-0.1,0.1,.026
Josh Giddey,2021-22,19,OKC,54,1700,13.3,-0.9,0.5,0.4,.010
Josh Giddey,2022-23,20,OKC,76,2367,17.1,1.2,1.9,4.0,.081
Josh Giddey,2023-24,21,OKC,80,2011,16.6,1.5,1.8,4.3,.102
Josh Giddey,2024-25,22,CHI,70,2117,18.1,3.0,2.7,5.3,.121
Trey Gilder,2009-10,25,MEM,2,5,30.9,21.2,0.0,0.0,.336
Harry Giles,2017-18,,Did not play - injury,,,,,,,
Harry Giles,2018-19,20,SAC,58,820,14.4,-3.0,-0.2,1.0,.056
Harry Giles,2019-20,21,SAC,46,667,16.4,-1.3,0.1,1.6,.112
Harry Giles,2020-21,22,POR,38,348,12.4,-2.9,-0.1,0.5,.069
Harry Giles,2021-22,,Did not play - other pro league,,,,,,,
Harry Giles,2022-23,,Did not play - injury,,,,,,,
Harry Giles,2023-24,25,2TM,23,100,14.8,-4.8,-0.1,0.1,.027
Harry Giles,2023-24,25,BRK,16,81,18.5,-2.8,0.0,0.1,.071
Harry Giles,2023-24,25,LAL,7,19,-1.0,-12.9,-0.1,-0.1,-0.162
Shai Gilgeous-Alexander,2018-19,20,LAC,82,2174,13.4,-0.5,0.8,3.3,.074
Shai Gilgeous-Alexander,2019-20,21,OKC,70,2428,17.7,1.7,2.2,6.1,.121
Shai Gilgeous-Alexander,2020-21,22,OKC,35,1180,21.6,4.1,1.8,3.5,.143
Shai Gilgeous-Alexander,2021-22,23,OKC,56,1942,20.9,3.4,2.7,4.6,.113
Shai Gilgeous-Alexander,2022-23,24,OKC,68,2416,27.2,7.3,5.6,11.4,.226
Shai Gilgeous-Alexander,2023-24,25,OKC,75,2553,29.3,9.0,7.1,14.6,.275
Shai Gilgeous-Alexander,2024-25,26,OKC,76,2598,30.7,11.5,8.9,16.7,.309
Anthony Gill,2020-21,28,WAS,26,218,13.7,-1.3,0.0,0.6,.123
Anthony Gill,2021-22,29,WAS,44,463,14.7,-1.9,0.0,1.4,.140
Anthony Gill,2022-23,30,WAS,59,624,11.1,-3.3,-0.2,1.3,.101
Anthony Gill,2023-24,31,WAS,50,466,12.1,-4.1,-0.3,0.4,.038
Anthony Gill,2024-25,32,WAS,51,397,10.2,-4.5,-0.3,0.5,.058
Eddie Gill,2000-01,22,NJN,8,152,8.9,-4.7,-0.1,0.0,-0.010
Eddie Gill,2001-02,23,MEM,23,384,9.2,-4.8,-0.3,0.1,.011
Eddie Gill,2002-03,,Did not play - other pro league,,,,,,,
Eddie Gill,2003-04,25,POR,22,157,13.2,0.5,0.1,0.3,.091
Eddie Gill,2004-05,26,IND,73,1021,9.5,-1.6,0.1,1.1,.053
Eddie Gill,2005-06,27,IND,41,122,9.9,-1.1,0.0,0.1,.020
Eddie Gill,2006-07,,Did not play - other pro league,,,,,,,
Eddie Gill,2007-08,29,2TM,14,154,10.9,-0.6,0.1,0.2,.077
Eddie Gill,2007-08,29,NJN,13,149,11.9,0.4,0.1,0.3,.101
Eddie Gill,2007-08,29,SEA,1,5,-18.9,-32.0,0.0,-0.1,-0.634
Eddie Gill,2008-09,30,MIL,6,43,15.5,1.3,0.0,0.1,.155
Kendall Gill,1990-91,22,CHH,82,1944,15.4,0.7,1.3,1.8,.044
Kendall Gill,1991-92,23,CHH,79,2906,16.5,0.4,1.7,4.7,.077
Kendall Gill,1992-93,24,CHH,69,2430,14.0,-0.9,0.7,2.9,.056
Kendall Gill,1993-94,25,SEA,79,2435,15.6,1.3,2.1,6.7,.132
Kendall Gill,1994-95,26,SEA,73,2125,15.2,0.5,1.4,4.6,.103
Kendall Gill,1995-96,27,2TM,47,1683,15.5,1.4,1.4,3.2,.091
Kendall Gill,1995-96,27,CHH,36,1265,15.3,1.3,1.1,2.0,.077
Kendall Gill,1995-96,27,NJN,11,418,16.2,1.6,0.4,1.2,.133
Kendall Gill,1996-97,28,NJN,82,3199,19.6,2.9,4.0,8.8,.132
Kendall Gill,1997-98,29,NJN,81,2733,14.9,1.4,2.3,5.9,.104
Kendall Gill,1998-99,30,NJN,50,1606,14.8,0.6,1.1,2.6,.076
Kendall Gill,1999-00,31,NJN,76,2355,15.2,0.0,1.2,3.7,.076
Kendall Gill,2000-01,32,NJN,31,892,10.1,-2.7,-0.2,-0.4,-0.021
Kendall Gill,2001-02,33,MIA,65,1410,7.6,-3.8,-0.6,0.7,.023
Kendall Gill,2002-03,34,MIN,82,2068,10.6,-2.8,-0.4,1.9,.043
Kendall Gill,2003-04,35,CHI,56,1411,11.1,-2.8,-0.3,0.4,.013
Kendall Gill,2004-05,36,MIL,14,284,12.2,-0.4,0.1,0.5,.079
Ben Gillery,1988-89,23,SAC,24,84,5.0,-9.6,-0.2,0.0,.014
Collin Gillespie,2023-24,24,DEN,24,225,11.0,-2.7,0.0,0.4,.076
Collin Gillespie,2024-25,25,PHO,33,461,16.8,2.5,0.5,1.3,.131
Freddie Gillespie,2020-21,23,TOR,20,392,13.4,-3.2,-0.1,0.9,.116
Freddie Gillespie,2021-22,24,ORL,9,119,9.5,-4.6,-0.1,0.1,.049
Jack Gillespie,1969-70,22,NYA,2,27,0.8,,,-0.1,-0.129
Armen Gilliam,1987-88,23,PHO,55,1807,12.9,-3.4,-0.6,1.3,.035
Armen Gilliam,1988-89,24,PHO,74,2120,15.7,-1.1,0.5,5.1,.115
Armen Gilliam,1989-90,25,2TM,76,2426,16.6,-0.9,0.6,4.5,.090
Armen Gilliam,1989-90,25,PHO,16,267,14.4,-2.7,0.0,0.5,.082
Armen Gilliam,1989-90,25,CHH,60,2159,16.9,-0.7,0.7,4.1,.090
Armen Gilliam,1990-91,26,2TM,75,2644,15.5,-1.8,0.1,4.6,.083
Armen Gilliam,1990-91,26,CHH,25,949,17.6,-0.3,0.4,2.0,.102
Armen Gilliam,1990-91,26,PHI,50,1695,14.3,-2.7,-0.3,2.6,.072
Armen Gilliam,1991-92,27,PHI,81,2771,18.0,0.1,1.5,7.6,.131
Armen Gilliam,1992-93,28,PHI,80,1742,17.5,-1.4,0.3,2.8,.077
Armen Gilliam,1993-94,29,NJN,82,1969,18.5,1.0,1.5,6.8,.166
Armen Gilliam,1994-95,30,NJN,82,2472,18.1,0.7,1.7,6.6,.128
Armen Gilliam,1995-96,31,NJN,78,2856,17.6,0.8,1.9,6.7,.113
Armen Gilliam,1996-97,32,MIL,80,2050,13.6,-1.7,0.2,4.1,.097
Armen Gilliam,1997-98,33,MIL,82,2114,16.4,0.1,1.1,5.3,.119
Armen Gilliam,1998-99,34,MIL,34,668,15.9,-0.6,0.2,1.5,.110
Armen Gilliam,1999-00,35,UTA,50,782,14.0,-3.1,-0.2,1.2,.075
Herm Gilliam,1969-70,23,CIN,57,1161,11.0,,,0.4,.019
Herm Gilliam,1970-71,24,BUF,80,2082,13.1,,,1.4,.033
Herm Gilliam,1971-72,25,ATL,82,2337,13.1,,,2.9,.061
Herm Gilliam,1972-73,26,ATL,76,2741,14.0,,,4.9,.086
Herm Gilliam,1973-74,27,ATL,62,2003,15.8,0.4,1.2,3.4,.082
Herm Gilliam,1974-75,28,ATL,60,1393,16.2,1.1,1.1,2.5,.087
Herm Gilliam,1975-76,29,SEA,81,1644,13.8,-0.3,0.7,2.7,.078
Herm Gilliam,1976-77,30,POR,80,1665,12.7,-1.7,0.1,2.5,.071
Artis Gilmore,1971-72,22,KEN,84,3666,26.6,,,19.8,.259
Artis Gilmore,1972-73,23,KEN,84,3502,24.5,,,18.5,.253
Artis Gilmore,1973-74,24,KEN,84,3502,20.7,4.0,5.4,12.7,.174
Artis Gilmore,1974-75,25,KEN,84,3493,22.6,4.9,6.1,16.2,.222
Artis Gilmore,1975-76,26,KEN,84,3286,23.5,4.7,5.5,15.1,.220
Artis Gilmore,1976-77,27,CHI,82,2877,21.6,4.2,4.5,12.2,.203
Artis Gilmore,1977-78,28,CHI,82,3067,23.5,4.1,4.7,11.5,.180
Artis Gilmore,1978-79,29,CHI,82,3265,22.3,4.1,5.0,12.7,.186
Artis Gilmore,1979-80,30,CHI,48,1568,19.9,2.9,1.9,5.6,.172
Artis Gilmore,1980-81,31,CHI,82,2832,21.7,4.3,4.5,12.3,.208
Artis Gilmore,1981-82,32,CHI,82,2796,22.4,4.3,4.4,12.1,.208
Artis Gilmore,1982-83,33,SAS,82,2797,21.2,2.8,3.4,11.0,.189
Artis Gilmore,1983-84,34,SAS,64,2034,18.8,1.4,1.7,6.7,.159
Artis Gilmore,1984-85,35,SAS,81,2756,20.3,2.2,2.9,10.5,.183
Artis Gilmore,1985-86,36,SAS,71,2395,17.1,0.8,1.7,7.1,.143
Artis Gilmore,1986-87,37,SAS,82,2405,14.2,-1.0,0.6,4.9,.097
Artis Gilmore,1987-88,38,2TM,71,893,8.4,-5.3,-0.7,0.9,.048
Artis Gilmore,1987-88,38,CHI,24,372,6.0,-5.9,-0.4,0.1,.013
Artis Gilmore,1987-88,38,BOS,47,521,10.2,-4.9,-0.4,0.8,.073
Artis Gilmore,1988-89,,Did not play - other pro league,,,,,,,
Walt Gilmore,1970-71,23,POR,27,261,6.4,,,0.2,.033
Chuck Gilmur,1946-47,24,CHS,51,,,,,1.7,
Chuck Gilmur,1947-48,25,CHS,48,,,,,4.5,
Chuck Gilmur,1948-49,26,CHS,56,,,,,4.6,
Chuck Gilmur,1949-50,27,WSC,68,,,,,4.3,
Chuck Gilmur,1950-51,28,WSC,16,,,,,-0.1,
Jacob Gilyard,2022-23,24,MEM,1,41,7.3,-6.1,0.0,0.1,.079
Jacob Gilyard,2023-24,25,2TM,41,699,11.1,-1.4,0.1,1.4,.095
Jacob Gilyard,2023-24,25,MEM,37,654,11.6,-1.3,0.1,1.4,.103
Jacob Gilyard,2023-24,25,BRK,4,45,4.5,-2.2,0.0,0.0,-0.017
Manu Ginóbili,1999-00,,Did not play - other pro league,,,,,,,
Manu Ginóbili,2000-01,,Did not play - other pro league,,,,,,,
Manu Ginóbili,2001-02,,Did not play - other pro league,,,,,,,
Manu Ginóbili,2002-03,25,SAS,69,1431,14.7,1.9,1.4,4.2,.141
Manu Ginóbili,2003-04,26,SAS,77,2260,18.5,4.7,3.8,9.1,.194
Manu Ginóbili,2004-05,27,SAS,74,2193,22.3,6.9,4.9,11.0,.240
Manu Ginóbili,2005-06,28,SAS,65,1813,22.4,6.8,4.1,8.8,.234
Manu Ginóbili,2006-07,29,SAS,75,2060,24.1,7.8,5.1,10.6,.246
Manu Ginóbili,2007-08,30,SAS,74,2299,24.3,8.3,6.0,11.1,.232
Manu Ginóbili,2008-09,31,SAS,44,1181,22.9,6.1,2.4,5.0,.203
Manu Ginóbili,2009-10,32,SAS,75,2150,22.5,6.7,4.7,9.7,.216
Manu Ginóbili,2010-11,33,SAS,80,2426,21.7,5.4,4.5,9.9,.195
Manu Ginóbili,2011-12,34,SAS,34,792,24.1,6.9,1.8,4.2,.257
Manu Ginóbili,2012-13,35,SAS,60,1393,19.0,3.6,2.0,4.5,.155
Manu Ginóbili,2013-14,36,SAS,68,1550,20.0,4.0,2.4,5.7,.176
Manu Ginóbili,2014-15,37,SAS,70,1587,16.2,1.7,1.5,3.7,.111
Manu Ginóbili,2015-16,38,SAS,58,1134,17.8,3.6,1.6,3.8,.160
Manu Ginóbili,2016-17,39,SAS,69,1291,13.9,1.4,1.1,3.0,.110
Manu Ginóbili,2017-18,40,SAS,65,1299,12.9,-1.3,0.2,2.2,.082
Gordan Giriček,1999-00,,Did not play - other pro league,,,,,,,
Gordan Giriček,2000-01,,Did not play - other pro league,,,,,,,
Gordan Giriček,2001-02,,Did not play - other pro league,,,,,,,
Gordan Giriček,2002-03,25,2TM,76,2148,12.1,-2.9,-0.5,1.6,.036
Gordan Giriček,2002-03,25,MEM,49,1187,10.8,-4.3,-0.7,0.0,-0.002
Gordan Giriček,2002-03,25,ORL,27,961,13.6,-1.1,0.2,1.7,.083
Gordan Giriček,2003-04,26,2TM,73,2041,13.2,-1.6,0.2,2.4,.056
Gordan Giriček,2003-04,26,ORL,48,1435,11.9,-2.3,-0.1,1.2,.040
Gordan Giriček,2003-04,26,UTA,25,606,16.4,0.1,0.3,1.2,.096
Gordan Giriček,2004-05,27,UTA,81,1660,12.9,-1.7,0.1,1.8,.053
Gordan Giriček,2005-06,28,UTA,37,956,8.7,-5.6,-0.9,-0.2,-0.010
Gordan Giriček,2006-07,29,UTA,61,1188,11.3,-1.4,0.2,1.9,.076
Gordan Giriček,2007-08,30,3TM,56,831,9.8,-3.2,-0.3,0.5,.029
Gordan Giriček,2007-08,30,UTA,22,279,7.0,-3.8,-0.1,-0.1,-0.022
Gordan Giriček,2007-08,30,PHI,12,110,6.7,-5.1,-0.1,-0.1,-0.028
Gordan Giriček,2007-08,30,PHO,22,442,12.3,-2.3,0.0,0.7,.076
Jack Givens,1978-79,22,ATL,74,1347,13.0,-0.7,0.5,2.1,.074
Jack Givens,1979-80,23,ATL,82,1254,11.5,-1.6,0.1,2.2,.084
Mickell Gladness,2011-12,25,2TM,26,252,9.5,-4.7,-0.2,0.2,.029
Mickell Gladness,2011-12,25,MIA,8,28,1.8,-6.6,0.0,0.0,-0.004
Mickell Gladness,2011-12,25,GSW,18,224,10.5,-4.5,-0.1,0.2,.033
George Glamack,1948-49,30,INJ,11,,,,,0.2,
Gerald Glass,1990-91,23,MIN,51,606,15.9,-1.6,0.1,0.5,.036
Gerald Glass,1991-92,24,MIN,75,1822,13.2,-2.3,-0.1,0.3,.008
Gerald Glass,1992-93,25,2TM,60,848,12.1,-1.3,0.2,0.9,.053
Gerald Glass,1992-93,25,MIN,4,71,3.6,-9.2,-0.1,-0.2,-0.141
Gerald Glass,1992-93,25,DET,56,777,12.9,-0.6,0.3,1.2,.071
Gerald Glass,1993-94,,Did not play - other pro league,,,,,,,
Gerald Glass,1994-95,,Did not play - other pro league,,,,,,,
Gerald Glass,1995-96,28,2TM,15,71,10.4,-1.9,0.0,0.1,.047
Gerald Glass,1995-96,28,NJN,10,56,11.0,-0.4,0.0,0.0,.037
Gerald Glass,1995-96,28,CHH,5,15,8.4,-7.5,0.0,0.0,.087
Mike Glenn,1977-78,22,BUF,56,947,14.3,-0.6,0.3,1.9,.096
Mike Glenn,1978-79,23,NYK,75,1171,15.5,0.0,0.6,2.8,.117
Mike Glenn,1979-80,24,NYK,75,800,16.6,0.5,0.5,2.1,.126
Mike Glenn,1980-81,25,NYK,82,1506,15.0,0.9,1.1,4.4,.139
Mike Glenn,1981-82,26,ATL,49,833,16.0,1.6,0.8,2.8,.161
Mike Glenn,1982-83,27,ATL,73,1124,15.1,0.0,0.6,2.9,.126
Mike Glenn,1983-84,28,ATL,81,1503,15.5,0.6,1.0,3.9,.124
Mike Glenn,1984-85,29,ATL,60,1126,15.2,0.3,0.7,2.9,.126
Mike Glenn,1985-86,30,MIL,38,573,12.0,-1.1,0.1,1.5,.128
Mike Glenn,1986-87,31,MIL,4,34,10.1,-5.1,0.0,0.1,.080
Normie Glick,1949-50,22,MNL,1,,,,,0.1,
Georgi Glouchkov,1985-86,26,PHO,49,772,5.7,-6.3,-0.8,-0.5,-0.029
Clarence Glover,1971-72,24,BOS,25,119,14.0,,,0.3,.103
Dion Glover,1999-00,21,ATL,30,446,12.4,-2.6,-0.1,0.3,.029
Dion Glover,2000-01,22,ATL,57,929,12.3,-1.9,0.0,0.8,.040
Dion Glover,2001-02,23,ATL,55,1156,13.1,-1.9,0.0,0.9,.037
Dion Glover,2002-03,24,ATL,76,1890,13.5,-1.5,0.2,2.6,.065
Dion Glover,2003-04,25,2TM,69,1643,12.2,-2.1,0.0,1.1,.032
Dion Glover,2003-04,25,ATL,55,1465,12.5,-1.7,0.1,1.2,.039
Dion Glover,2003-04,25,TOR,14,178,9.9,-5.1,-0.1,-0.1,-0.028
Dion Glover,2004-05,26,SAS,7,68,14.0,2.4,0.1,0.2,.150
Andreas Glyniadakis,2003-04,,Did not play - other pro league,,,,,,,
Andreas Glyniadakis,2004-05,,Did not play - other pro league,,,,,,,
Andreas Glyniadakis,2005-06,,Did not play - other pro league,,,,,,,
Andreas Glyniadakis,2006-07,25,SEA,13,81,-3.3,-14.0,-0.2,-0.2,-0.143
Mike Gminski,1980-81,21,NJN,56,1579,14.5,-1.8,0.1,1.5,.045
Mike Gminski,1981-82,22,NJN,64,740,15.3,0.1,0.4,1.8,.119
Mike Gminski,1982-83,23,NJN,80,1255,18.4,2.1,1.3,4.3,.166
Mike Gminski,1983-84,24,NJN,82,1655,14.1,0.1,0.9,4.0,.116
Mike Gminski,1984-85,25,NJN,81,2418,16.1,0.5,1.6,6.1,.122
Mike Gminski,1985-86,26,NJN,81,2525,19.0,2.5,2.9,9.2,.175
Mike Gminski,1986-87,27,NJN,72,2272,17.0,0.4,1.4,5.4,.115
Mike Gminski,1987-88,28,2TM,81,2961,16.8,0.1,1.6,6.5,.105
Mike Gminski,1987-88,28,NJN,34,1194,15.8,-0.8,0.3,1.9,.077
Mike Gminski,1987-88,28,PHI,47,1767,17.5,0.8,1.2,4.5,.123
Mike Gminski,1988-89,29,PHI,82,2739,18.5,0.4,1.6,7.0,.122
Mike Gminski,1989-90,30,PHI,81,2659,15.7,0.0,1.4,6.0,.108
Mike Gminski,1990-91,31,2TM,80,2196,14.0,-1.7,0.2,2.9,.063
Mike Gminski,1990-91,31,PHI,30,791,12.7,-2.4,-0.1,0.7,.045
Mike Gminski,1990-91,31,CHH,50,1405,14.7,-1.4,0.2,2.1,.073
Mike Gminski,1991-92,32,CHH,35,499,13.0,-2.0,0.0,0.5,.051
Mike Gminski,1992-93,33,CHH,34,251,14.1,-2.5,0.0,0.5,.104
Mike Gminski,1993-94,34,2TM,29,309,9.9,-4.5,-0.2,0.0,.002
Mike Gminski,1993-94,34,CHH,21,255,11.6,-2.4,0.0,0.2,.040
Mike Gminski,1993-94,34,MIL,8,54,2.0,-14.2,-0.2,-0.2,-0.176
Rudy Gobert,2013-14,21,UTA,45,434,12.9,-2.7,-0.1,0.4,.045
Rudy Gobert,2014-15,22,UTA,82,2158,21.6,4.2,3.4,9.3,.206
Rudy Gobert,2015-16,23,UTA,61,1932,17.5,2.2,2.0,6.4,.160
Rudy Gobert,2016-17,24,UTA,81,2744,23.3,4.4,4.4,14.3,.250
Rudy Gobert,2017-18,25,UTA,56,1816,20.7,3.4,2.5,8.1,.214
Rudy Gobert,2018-19,26,UTA,81,2577,24.6,5.4,4.8,14.4,.268
Rudy Gobert,2019-20,27,UTA,68,2333,21.7,3.6,3.3,10.7,.221
Rudy Gobert,2020-21,28,UTA,71,2187,23.5,4.9,3.8,11.3,.248
Rudy Gobert,2021-22,29,UTA,66,2120,24.7,4.6,3.6,11.7,.264
Rudy Gobert,2022-23,30,MIN,70,2148,18.9,0.7,1.4,7.8,.174
Rudy Gobert,2023-24,31,MIN,76,2593,19.3,1.8,2.5,11.6,.216
Rudy Gobert,2024-25,32,MIN,72,2388,18.3,1.9,2.4,10.1,.204
Dan Godfread,1990-91,23,MIN,10,20,20.3,0.8,0.0,0.1,.142
Dan Godfread,1991-92,24,HOU,1,2,0.0,-9.1,0.0,0.0,-0.005
Tom Gola,1955-56,23,PHW,68,2346,16.7,,,6.5,.132
Tom Gola,1956-57,,Did not play - military service,,,,,,,
Tom Gola,1957-58,25,PHW,59,2126,18.3,,,7.1,.161
Tom Gola,1958-59,26,PHW,64,2333,17.4,,,7.4,.153
Tom Gola,1959-60,27,PHW,75,2870,15.4,,,9.9,.166
Tom Gola,1960-61,28,PHW,74,2712,13.3,,,6.8,.121
Tom Gola,1961-62,29,PHW,60,2462,11.5,,,4.4,.085
Tom Gola,1962-63,30,2TM,73,2670,12.0,,,4.4,.078
Tom Gola,1962-63,30,SFW,21,822,10.5,,,1.3,.076
Tom Gola,1962-63,30,NYK,52,1848,12.7,,,3.1,.079
Tom Gola,1963-64,31,NYK,74,2156,11.6,,,1.7,.039
Tom Gola,1964-65,32,NYK,77,1727,12.0,,,3.4,.094
Tom Gola,1965-66,33,NYK,74,1127,12.2,,,1.7,.071
Ben Goldfaden,1946-47,33,WSC,2,,,,,0.0,
Anthony Goldwire,1994-95,,Did not play - other pro league,,,,,,,
Anthony Goldwire,1995-96,24,CHH,42,621,10.4,-4.3,-0.3,0.3,.021
Anthony Goldwire,1996-97,25,2TM,60,1188,12.1,-1.8,0.1,1.7,.067
Anthony Goldwire,1996-97,25,CHH,33,576,11.6,-1.1,0.1,0.8,.068
Anthony Goldwire,1996-97,25,DEN,27,612,12.6,-2.5,-0.1,0.8,.066
Anthony Goldwire,1997-98,26,DEN,82,2212,13.6,-1.7,0.1,3.0,.064
Anthony Goldwire,1998-99,,Did not play - other pro league,,,,,,,
Anthony Goldwire,1999-00,,Did not play - other pro league,,,,,,,
Anthony Goldwire,2000-01,29,DEN,20,201,12.6,-2.2,0.0,0.1,.023
Anthony Goldwire,2001-02,,Did not play - other pro league,,,,,,,
Anthony Goldwire,2002-03,31,2TM,15,85,5.4,-5.3,-0.1,-0.1,-0.035
Anthony Goldwire,2002-03,31,SAS,10,51,2.5,-5.8,0.0,-0.1,-0.069
Anthony Goldwire,2002-03,31,WAS,5,34,9.6,-4.7,0.0,0.0,.016
Anthony Goldwire,2003-04,32,2TM,11,85,8.8,-1.5,0.0,0.1,.042
Anthony Goldwire,2003-04,32,MIN,5,66,10.7,0.8,0.0,0.1,.098
Anthony Goldwire,2003-04,32,NJN,6,19,2.4,-9.4,0.0,-0.1,-0.155
Anthony Goldwire,2004-05,33,2TM,33,537,15.1,1.9,0.5,1.5,.138
Anthony Goldwire,2004-05,33,DET,9,55,7.4,-4.5,0.0,0.1,.093
Anthony Goldwire,2004-05,33,MIL,24,482,15.9,2.7,0.6,1.4,.143
Anthony Goldwire,2005-06,34,LAC,3,22,-5.5,-13.0,-0.1,-0.1,-0.245
Anthony Goldwire,2006-07,,Did not play - other pro league,,,,,,,
Anthony Goldwire,2007-08,,Did not play - other pro league,,,,,,,
Ryan Gomes,2005-06,23,BOS,61,1376,14.0,-1.2,0.3,3.1,.108
Ryan Gomes,2006-07,24,BOS,73,2275,13.7,-1.4,0.3,4.2,.089
Ryan Gomes,2007-08,25,MIN,82,2434,15.7,-0.1,1.1,4.8,.096
Ryan Gomes,2008-09,26,MIN,82,2614,12.5,-1.7,0.2,2.5,.046
Ryan Gomes,2009-10,27,MIN,76,2210,12.1,-1.8,0.1,2.4,.052
Ryan Gomes,2010-11,28,LAC,76,2095,9.0,-2.1,-0.1,2.5,.057
Ryan Gomes,2011-12,29,LAC,32,425,4.4,-6.0,-0.4,-0.2,-0.021
Ryan Gomes,2012-13,,Did not play - other pro league,,,,,,,
Ryan Gomes,2013-14,31,OKC,5,34,0.2,-8.8,-0.1,0.0,-0.039
Ryan Gomes,2014-15,,Did not play - other pro league,,,,,,,
Ryan Gomes,2015-16,,Did not play - other pro league,,,,,,,
Glen Gondrezick,1977-78,22,NYK,72,1017,10.1,-2.9,-0.2,0.9,.044
Glen Gondrezick,1978-79,23,NYK,75,1602,11.0,-0.4,0.6,2.7,.082
Glen Gondrezick,1979-80,24,DEN,59,1020,16.7,2.0,1.0,3.1,.145
Glen Gondrezick,1980-81,25,DEN,73,1077,16.3,1.7,1.0,3.1,.136
Glen Gondrezick,1981-82,26,DEN,80,1699,14.9,0.4,1.0,3.6,.102
Glen Gondrezick,1982-83,27,DEN,76,1130,13.5,0.4,0.7,2.5,.108
Grant Gondrezick,1986-87,24,PHO,64,836,10.9,-3.2,-0.3,0.6,.037
Grant Gondrezick,1987-88,,Did not play - other pro league,,,,,,,
Grant Gondrezick,1988-89,26,LAC,27,244,11.8,-2.4,0.0,0.2,.032
Drew Gooden,2002-03,21,2TM,70,1873,15.0,-3.0,-0.4,1.7,.043
Drew Gooden,2002-03,21,MEM,51,1329,13.8,-3.3,-0.4,0.4,.015
Drew Gooden,2002-03,21,ORL,19,544,18.0,-2.0,0.0,1.3,.112
Drew Gooden,2003-04,22,ORL,79,2134,15.6,-2.5,-0.2,1.9,.043
Drew Gooden,2004-05,23,CLE,82,2523,19.7,1.6,2.3,8.5,.163
Drew Gooden,2005-06,24,CLE,79,2174,17.6,-0.2,1.0,6.6,.145
Drew Gooden,2006-07,25,CLE,80,2238,16.5,-0.2,1.0,6.5,.139
Drew Gooden,2007-08,26,2TM,69,2122,13.8,-2.8,-0.4,3.3,.074
Drew Gooden,2007-08,26,CLE,51,1564,12.5,-3.5,-0.6,2.0,.060
Drew Gooden,2007-08,26,CHI,18,558,17.4,-0.9,0.1,1.3,.114
Drew Gooden,2008-09,27,3TM,51,1264,16.3,-1.8,0.1,2.7,.102
Drew Gooden,2008-09,27,CHI,31,918,15.3,-1.8,0.0,1.7,.090
Drew Gooden,2008-09,27,SAC,1,26,18.7,-0.4,0.0,0.0,.082
Drew Gooden,2008-09,27,SAS,19,320,18.8,-1.9,0.0,0.9,.139
Drew Gooden,2009-10,28,2TM,70,1755,16.9,-2.1,-0.1,4.4,.121
Drew Gooden,2009-10,28,DAL,46,1030,16.1,-2.3,-0.1,2.7,.125
Drew Gooden,2009-10,28,LAC,24,725,18.0,-1.9,0.0,1.7,.114
Drew Gooden,2010-11,29,MIL,35,860,15.9,-1.0,0.2,1.8,.101
Drew Gooden,2011-12,30,MIL,56,1469,18.8,1.0,1.1,3.6,.116
Drew Gooden,2012-13,31,MIL,16,151,7.7,-6.7,-0.2,-0.1,-0.034
Drew Gooden,2013-14,32,WAS,22,395,18.4,0.4,0.2,1.4,.173
Drew Gooden,2014-15,33,WAS,51,864,11.9,-1.4,0.1,1.7,.094
Drew Gooden,2015-16,34,WAS,30,305,7.5,-6.3,-0.3,0.0,-0.005
Gail Goodrich,1965-66,22,LAL,65,1008,11.9,,,0.7,.031
Gail Goodrich,1966-67,23,LAL,77,1780,15.2,,,4.4,.119
Gail Goodrich,1967-68,24,LAL,79,2057,14.9,,,6.3,.146
Gail Goodrich,1968-69,25,PHO,81,3236,16.9,,,3.6,.054
Gail Goodrich,1969-70,26,PHO,81,3234,16.3,,,6.7,.099
Gail Goodrich,1970-71,27,LAL,79,2808,14.6,,,6.4,.109
Gail Goodrich,1971-72,28,LAL,82,3040,20.1,,,12.3,.194
Gail Goodrich,1972-73,29,LAL,76,2697,18.8,,,8.1,.145
Gail Goodrich,1973-74,30,LAL,82,3061,18.5,0.2,1.7,7.8,.122
Gail Goodrich,1974-75,31,LAL,72,2668,18.4,0.2,1.5,5.5,.099
Gail Goodrich,1975-76,32,LAL,75,2646,17.1,-0.4,1.1,5.1,.092
Gail Goodrich,1976-77,33,NOJ,27,609,16.1,-0.3,0.3,1.2,.091
Gail Goodrich,1977-78,34,NOJ,81,2553,16.2,0.3,1.5,6.3,.118
Gail Goodrich,1978-79,35,NOJ,74,2130,13.1,-2.2,-0.1,2.2,.049
Steve Goodrich,2000-01,24,CHI,12,133,4.1,-7.5,-0.2,-0.1,-0.038
Steve Goodrich,2001-02,25,NJN,9,50,-0.9,-10.0,-0.1,-0.1,-0.078
Archie Goodwin,2013-14,19,PHO,52,533,10.3,-3.2,-0.2,0.2,.018
Archie Goodwin,2014-15,20,PHO,41,535,11.2,-3.4,-0.2,0.2,.014
Archie Goodwin,2015-16,21,PHO,57,1114,11.1,-3.7,-0.5,0.1,.004
Archie Goodwin,2016-17,22,2TM,15,214,18.7,1.9,0.2,0.7,.153
Archie Goodwin,2016-17,22,NOP,3,30,19.7,3.3,0.0,0.2,.291
Archie Goodwin,2016-17,22,BRK,12,184,18.6,1.6,0.2,0.5,.131
Brandon Goodwin,2018-19,23,DEN,16,57,8.3,-9.5,-0.1,0.0,.021
Brandon Goodwin,2019-20,24,ATL,34,430,11.6,-2.9,-0.1,0.1,.013
Brandon Goodwin,2020-21,25,ATL,47,620,9.2,-3.1,-0.2,0.2,.013
Brandon Goodwin,2021-22,26,CLE,36,502,11.8,-1.6,0.1,0.7,.069
Jordan Goodwin,2021-22,23,WAS,2,6,-20.4,-34.1,0.0,-0.1,-0.533
Jordan Goodwin,2022-23,24,WAS,62,1106,14.8,0.7,0.8,2.2,.097
Jordan Goodwin,2023-24,25,2TM,57,1055,12.6,-1.0,0.3,1.2,.054
Jordan Goodwin,2023-24,25,PHO,40,558,12.5,-0.9,0.2,0.8,.072
Jordan Goodwin,2023-24,25,MEM,17,497,12.7,-1.2,0.1,0.4,.035
Jordan Goodwin,2024-25,26,LAL,29,543,12.1,-0.8,0.2,1.0,.084
Pop Goodwin,1946-47,26,PRO,55,,,,,1.0,
Pop Goodwin,1947-48,27,PRO,24,,,,,-0.7,
Aaron Gordon,2014-15,19,ORL,47,797,11.4,-2.7,-0.2,1.0,.060
Aaron Gordon,2015-16,20,ORL,78,1863,17.0,1.0,1.4,5.4,.139
Aaron Gordon,2016-17,21,ORL,80,2298,14.5,-1.0,0.6,3.7,.077
Aaron Gordon,2017-18,22,ORL,58,1909,16.5,0.3,1.1,2.9,.072
Aaron Gordon,2018-19,23,ORL,78,2633,15.1,0.6,1.7,5.1,.093
Aaron Gordon,2019-20,24,ORL,62,2017,15.1,0.0,1.0,3.7,.087
Aaron Gordon,2020-21,25,2TM,50,1384,14.5,0.1,0.7,1.9,.066
Aaron Gordon,2020-21,25,ORL,25,736,14.9,0.6,0.5,0.6,.037
Aaron Gordon,2020-21,25,DEN,25,648,14.1,-0.4,0.3,1.3,.099
Aaron Gordon,2021-22,26,DEN,75,2376,15.3,-0.6,0.9,5.2,.105
Aaron Gordon,2022-23,27,DEN,68,2055,19.5,2.1,2.1,6.8,.158
Aaron Gordon,2023-24,28,DEN,73,2297,16.8,1.3,1.9,7.1,.148
Aaron Gordon,2024-25,29,DEN,51,1447,17.0,1.2,1.2,4.3,.143
Ben Gordon,2004-05,21,CHI,82,2002,14.9,0.7,1.4,3.5,.084
Ben Gordon,2005-06,22,CHI,80,2482,14.5,0.5,1.6,4.4,.086
Ben Gordon,2006-07,23,CHI,82,2704,18.2,2.4,3.0,8.6,.152
Ben Gordon,2007-08,24,CHI,72,2291,16.4,0.9,1.7,5.1,.106
Ben Gordon,2008-09,25,CHI,82,2999,17.0,1.1,2.3,6.9,.110
Ben Gordon,2009-10,26,DET,62,1730,14.0,-1.4,0.2,2.1,.059
Ben Gordon,2010-11,27,DET,82,2131,12.4,-2.5,-0.3,1.7,.037
Ben Gordon,2011-12,28,DET,52,1398,13.5,-1.7,0.1,1.7,.058
Ben Gordon,2012-13,29,CHA,75,1560,12.7,-3.4,-0.6,-0.6,-0.018
Ben Gordon,2013-14,30,CHA,19,279,6.4,-6.0,-0.3,-0.3,-0.058
Ben Gordon,2014-15,31,ORL,56,790,10.6,-4.2,-0.4,0.3,.015
Drew Gordon,2014-15,24,PHI,9,71,3.7,-9.5,-0.1,-0.1,-0.093
Eric Gordon,2008-09,20,LAC,78,2677,14.9,-0.4,1.0,4.6,.082
Eric Gordon,2009-10,21,LAC,62,2229,14.1,-0.9,0.6,3.2,.069
Eric Gordon,2010-11,22,LAC,56,2112,18.5,2.0,2.2,5.3,.120
Eric Gordon,2011-12,23,NOH,9,310,19.2,1.9,0.3,0.7,.115
Eric Gordon,2012-13,24,NOH,42,1264,15.4,-1.3,0.2,1.1,.042
Eric Gordon,2013-14,25,NOP,64,2057,14.9,-0.5,0.8,2.5,.058
Eric Gordon,2014-15,26,NOP,61,2018,12.7,-1.0,0.5,2.9,.069
Eric Gordon,2015-16,27,NOP,45,1481,13.5,-0.1,0.7,2.1,.069
Eric Gordon,2016-17,28,HOU,75,2323,13.2,-0.1,1.1,3.8,.079
Eric Gordon,2017-18,29,HOU,69,2154,15.2,0.4,1.3,4.7,.105
Eric Gordon,2018-19,30,HOU,68,2158,12.2,-1.3,0.4,2.6,.059
Eric Gordon,2019-20,31,HOU,36,1016,10.3,-3.9,-0.5,0.5,.024
Eric Gordon,2020-21,32,HOU,27,789,14.4,-1.0,0.2,0.8,.048
Eric Gordon,2021-22,33,HOU,57,1669,12.1,-2.3,-0.1,1.4,.040
Eric Gordon,2022-23,34,2TM,69,1965,11.8,-1.9,0.1,2.3,.056
Eric Gordon,2022-23,34,HOU,47,1418,11.4,-2.6,-0.2,1.1,.037
Eric Gordon,2022-23,34,LAC,22,547,13.1,0.0,0.3,1.2,.105
Eric Gordon,2023-24,35,PHO,68,1893,10.8,-1.7,0.1,2.5,.063
Eric Gordon,2024-25,36,PHI,39,768,10.8,-1.6,0.1,0.9,.053
Lancaster Gordon,1984-85,22,LAC,63,682,8.2,-6.1,-0.7,-0.8,-0.055
Lancaster Gordon,1985-86,23,LAC,60,704,7.8,-7.4,-1.0,-1.1,-0.072
Lancaster Gordon,1986-87,24,LAC,70,1130,11.3,-3.7,-0.5,-0.8,-0.033
Lancaster Gordon,1987-88,25,LAC,8,65,8.0,-6.6,-0.1,0.0,-0.035
Paul Gordon,1949-50,22,BLB,4,,,,,-0.1,
Marcin Gortat,2005-06,,Did not play - other pro league,,,,,,,
Marcin Gortat,2006-07,,Did not play - other pro league,,,,,,,
Marcin Gortat,2007-08,23,ORL,6,41,19.8,-3.4,0.0,0.1,.158
Marcin Gortat,2008-09,24,ORL,63,794,17.0,1.1,0.6,3.3,.202
Marcin Gortat,2009-10,25,ORL,81,1088,13.9,0.1,0.6,3.4,.151
Marcin Gortat,2010-11,26,2TM,80,2032,17.8,0.9,1.5,6.4,.152
Marcin Gortat,2010-11,26,ORL,25,396,13.7,0.3,0.2,1.3,.157
Marcin Gortat,2010-11,26,PHO,55,1636,18.8,1.0,1.2,5.1,.151
Marcin Gortat,2011-12,27,PHO,66,2114,21.2,2.2,2.3,7.6,.172
Marcin Gortat,2012-13,28,PHO,61,1876,15.4,-0.5,0.7,3.4,.086
Marcin Gortat,2013-14,29,WAS,81,2655,17.6,0.8,1.8,8.1,.146
Marcin Gortat,2014-15,30,WAS,82,2453,18.2,1.5,2.1,8.6,.168
Marcin Gortat,2015-16,31,WAS,75,2256,19.0,0.6,1.5,7.3,.156
Marcin Gortat,2016-17,32,WAS,82,2556,15.4,-0.8,0.8,6.8,.127
Marcin Gortat,2017-18,33,WAS,82,2075,14.7,-0.6,0.8,4.9,.113
Marcin Gortat,2018-19,34,LAC,47,751,12.8,-1.3,0.1,1.4,.089
Jazian Gortman,2024-25,21,DAL,16,57,6.5,-6.3,-0.1,-0.1,-0.056
Leo Gottlieb,1946-47,26,NYK,57,,,,,1.9,
Leo Gottlieb,1947-48,27,NYK,27,,,,,-0.1,
Andrew Goudelock,2011-12,23,LAL,40,419,8.4,-5.0,-0.3,0.1,.011
Andrew Goudelock,2012-13,24,LAL,1,6,-6.4,-15.9,0.0,0.0,-0.264
Andrew Goudelock,2013-14,,Did not play - other pro league,,,,,,,
Andrew Goudelock,2014-15,,Did not play - other pro league,,,,,,,
Andrew Goudelock,2015-16,27,HOU,8,50,12.3,-3.6,0.0,0.0,-0.033
Gerald Govan,1965-66,,Did not play - other pro league,,,,,,,
Gerald Govan,1966-67,,Did not play - unsigned,,,,,,,
Gerald Govan,1967-68,26,NOB,78,1587,11.6,,,2.6,.077
Gerald Govan,1968-69,27,NOB,77,1902,11.1,,,2.5,.064
Gerald Govan,1969-70,28,NOB,84,3701,13.0,,,5.6,.072
Gerald Govan,1970-71,29,MMP,84,3698,8.9,,,4.1,.053
Gerald Govan,1971-72,30,MMP,83,3414,10.4,,,5.4,.076
Gerald Govan,1972-73,31,UTS,84,2408,9.4,,,2.4,.048
Gerald Govan,1973-74,32,UTS,83,2766,10.5,-0.8,0.9,3.4,.060
Gerald Govan,1974-75,33,UTS,84,2791,7.7,-1.8,0.2,1.0,.017
Gerald Govan,1975-76,34,VIR,24,658,7.6,-3.3,-0.2,0.1,.008
Bato Govedarica,1953-54,25,SYR,23,258,7.2,,,0.2,.044
Joe Graboski,1948-49,19,CHS,45,,,,,0.7,
Joe Graboski,1949-50,20,CHS,57,,,,,0.6,
Joe Graboski,1950-51,,Did not play - other pro league,,,,,,,
Joe Graboski,1951-52,22,INO,66,2439,17.4,,,7.2,.142
Joe Graboski,1952-53,23,INO,69,2769,16.2,,,5.8,.101
Joe Graboski,1953-54,24,PHW,71,2759,14.6,,,2.3,.040
Joe Graboski,1954-55,25,PHW,70,2515,11.9,,,-0.1,-0.002
Joe Graboski,1955-56,26,PHW,72,2375,13.8,,,2.0,.040
Joe Graboski,1956-57,27,PHW,72,2501,12.7,,,1.1,.021
Joe Graboski,1957-58,28,PHW,72,2077,12.1,,,0.9,.022
Joe Graboski,1958-59,29,PHW,72,2482,13.9,,,2.8,.053
Joe Graboski,1959-60,30,PHW,73,1269,12.9,,,2.2,.082
Joe Graboski,1960-61,31,PHW,68,1011,10.1,,,0.0,.000
Joe Graboski,1961-62,32,3TM,38,468,10.3,,,-0.2,-0.017
Joe Graboski,1961-62,32,STL,3,28,1.6,,,-0.2,-0.306
Joe Graboski,1961-62,32,CHP,12,117,13.8,,,-0.1,-0.034
Joe Graboski,1961-62,32,SYR,23,323,9.8,,,0.1,.014
Ricky Grace,1988-89,,Did not play - other pro league,,,,,,,
Ricky Grace,1989-90,,Did not play - other pro league,,,,,,,
Ricky Grace,1990-91,,Did not play - other pro league,,,,,,,
Ricky Grace,1991-92,,Did not play - other pro league,,,,,,,
Ricky Grace,1992-93,,Did not play - other pro league,,,,,,,
Ricky Grace,1993-94,26,ATL,3,8,10.8,-3.9,0.0,0.0,.103
Calvin Graham,1967-68,23,PTP,8,52,2.2,,,0.0,-0.036
Devonte' Graham,2018-19,23,CHO,46,676,10.3,-4.0,-0.3,0.5,.035
Devonte' Graham,2019-20,24,CHO,63,2211,15.8,0.5,1.4,3.4,.073
Devonte' Graham,2020-21,25,CHO,55,1659,14.6,0.7,1.1,3.4,.099
Devonte' Graham,2021-22,26,NOP,76,2162,12.1,-1.0,0.5,2.8,.062
Devonte' Graham,2022-23,27,2TM,73,1338,12.5,-0.1,0.6,2.5,.091
Devonte' Graham,2022-23,27,NOP,53,811,11.8,0.2,0.4,1.8,.105
Devonte' Graham,2022-23,27,SAS,20,527,13.6,-0.4,0.2,0.8,.069
Devonte' Graham,2023-24,28,SAS,23,313,9.4,-3.9,-0.1,0.1,.018
Greg Graham,1993-94,23,PHI,70,889,11.4,-3.9,-0.4,0.1,.005
Greg Graham,1994-95,24,PHI,50,775,9.5,-4.3,-0.4,0.3,.020
Greg Graham,1995-96,25,2TM,53,613,11.1,-2.4,-0.1,0.8,.060
Greg Graham,1995-96,25,PHI,8,128,13.1,-1.6,0.0,0.1,.048
Greg Graham,1995-96,25,NJN,45,485,10.6,-2.6,-0.1,0.6,.063
Greg Graham,1996-97,26,SEA,28,197,12.6,-4.6,-0.1,0.3,.065
Greg Graham,1997-98,27,CLE,6,56,2.1,-8.8,-0.1,-0.1,-0.096
Joey Graham,2005-06,23,TOR,80,1581,10.2,-3.8,-0.7,1.3,.038
Joey Graham,2006-07,24,TOR,79,1319,12.9,-1.9,0.0,3.0,.108
Joey Graham,2007-08,25,TOR,38,331,10.3,-6.5,-0.4,0.3,.040
Joey Graham,2008-09,26,TOR,78,1541,11.9,-3.5,-0.6,2.2,.068
Joey Graham,2009-10,27,DEN,63,759,10.6,-3.0,-0.2,1.1,.072
Joey Graham,2010-11,28,CLE,39,586,7.7,-5.8,-0.6,0.0,-0.004
Mal Graham,1967-68,22,BOS,48,786,8.8,,,1.1,.067
Mal Graham,1968-69,23,BOS,22,103,4.6,,,-0.3,-0.135
Orlando Graham,1988-89,23,GSW,7,22,6.7,-13.2,-0.1,0.0,-0.047
Paul Graham,1991-92,24,ATL,78,1718,14.7,0.3,1.0,3.6,.100
Paul Graham,1992-93,25,ATL,80,1508,12.7,-1.5,0.2,1.9,.060
Paul Graham,1993-94,26,ATL,21,128,13.1,-2.1,0.0,0.2,.090
Stephen Graham,2005-06,23,3TM,22,175,6.9,-5.8,-0.2,0.0,.009
Stephen Graham,2005-06,23,HOU,6,38,9.7,-3.7,0.0,0.0,-0.034
Stephen Graham,2005-06,23,CHI,3,20,2.4,-7.0,0.0,0.0,-0.002
Stephen Graham,2005-06,23,CLE,13,117,6.7,-6.2,-0.1,0.1,.025
Stephen Graham,2006-07,24,POR,14,165,5.4,-5.7,-0.2,-0.1,-0.027
Stephen Graham,2007-08,25,IND,22,128,21.9,4.2,0.2,0.4,.167
Stephen Graham,2008-09,26,IND,52,684,8.5,-6.0,-0.7,0.0,.001
Stephen Graham,2009-10,27,CHA,70,804,11.2,-1.6,0.1,1.6,.094
Stephen Graham,2010-11,28,NJN,59,959,4.4,-6.8,-1.2,-0.3,-0.014
Treveon Graham,2016-17,23,CHO,27,189,10.6,-1.0,0.1,0.4,.108
Treveon Graham,2017-18,24,CHO,63,1050,9.0,-2.7,-0.2,1.8,.080
Treveon Graham,2018-19,25,BRK,35,715,6.1,-3.7,-0.3,0.5,.033
Treveon Graham,2019-20,26,2TM,55,929,6.6,-5.6,-0.8,0.2,.009
Treveon Graham,2019-20,26,MIN,33,663,6.0,-5.8,-0.6,0.1,.004
Treveon Graham,2019-20,26,ATL,22,266,8.0,-5.0,-0.2,0.1,.022
Jim Grandholm,1989-90,,Did not play - other pro league,,,,,,,
Jim Grandholm,1990-91,30,DAL,26,168,16.5,-0.9,0.0,0.4,.123
Ron Grandison,1987-88,,Did not play - other pro league,,,,,,,
Ron Grandison,1988-89,24,BOS,72,528,10.1,-2.9,-0.1,0.6,.055
Ron Grandison,1989-90,,Did not play - waived,,,,,,,
Ron Grandison,1990-91,,Did not play - other,,,,,,,
Ron Grandison,1991-92,27,CHH,3,25,14.6,-2.3,0.0,0.0,.090
Ron Grandison,1992-93,,Did not play - other pro league,,,,,,,
Ron Grandison,1993-94,,Did not play - other pro league,,,,,,,
Ron Grandison,1994-95,30,NYK,2,8,18.3,-1.3,0.0,0.0,.151
Ron Grandison,1995-96,31,3TM,28,311,8.5,-2.0,0.0,0.5,.076
Ron Grandison,1995-96,31,MIA,18,235,6.2,-3.0,0.0,0.2,.049
Ron Grandison,1995-96,31,ATL,4,19,13.2,-0.6,0.0,0.0,.125
Ron Grandison,1995-96,31,NYK,6,57,16.6,1.7,0.1,0.2,.170
Danny Granger,2005-06,22,IND,78,1765,14.7,1.1,1.4,5.1,.139
Danny Granger,2006-07,23,IND,82,2785,13.9,0.2,1.5,6.5,.111
Danny Granger,2007-08,24,IND,80,2876,16.7,1.4,2.5,7.3,.122
Danny Granger,2008-09,25,IND,67,2424,21.8,4.8,4.2,8.0,.158
Danny Granger,2009-10,26,IND,62,2278,19.8,3.1,2.9,6.2,.131
Danny Granger,2010-11,27,IND,79,2763,17.8,2.1,2.9,6.9,.120
Danny Granger,2011-12,28,IND,62,2062,18.6,2.9,2.5,6.7,.155
Danny Granger,2012-13,29,IND,5,74,4.0,-8.7,-0.1,-0.1,-0.075
Danny Granger,2013-14,30,2TM,41,847,10.9,-1.4,0.1,1.3,.073
Danny Granger,2013-14,30,IND,29,653,10.3,-1.0,0.2,1.0,.075
Danny Granger,2013-14,30,LAC,12,194,12.6,-2.6,0.0,0.3,.070
Danny Granger,2014-15,31,MIA,30,613,8.6,-3.9,-0.3,0.6,.046
Stewart Granger,1983-84,22,CLE,56,738,10.1,-4.0,-0.4,0.5,.032
Stewart Granger,1984-85,23,ATL,9,92,-0.2,-8.8,-0.2,-0.2,-0.125
Stewart Granger,1985-86,,Did not play - other pro league,,,,,,,
Stewart Granger,1986-87,25,NYK,15,166,5.9,-5.8,-0.2,-0.4,-0.104
Brian Grant,1994-95,22,SAC,80,2289,16.5,-0.2,1.0,5.3,.112
Brian Grant,1995-96,23,SAC,78,2398,15.8,-0.9,0.6,4.7,.094
Brian Grant,1996-97,24,SAC,24,607,14.5,-2.6,-0.1,1.0,.075
Brian Grant,1997-98,25,POR,61,1921,16.7,0.5,1.2,6.3,.157
Brian Grant,1998-99,26,POR,48,1525,17.0,0.7,1.0,5.9,.185
Brian Grant,1999-00,27,POR,63,1322,14.0,-0.8,0.4,3.5,.128
Brian Grant,2000-01,28,MIA,82,2771,17.5,-0.1,1.3,8.7,.151
Brian Grant,2001-02,29,MIA,72,2256,12.7,-1.1,0.5,4.8,.103
Brian Grant,2002-03,30,MIA,82,2641,15.6,-0.4,1.1,7.7,.139
Brian Grant,2003-04,31,MIA,76,2303,12.1,-2.0,0.0,4.9,.101
Brian Grant,2004-05,32,LAL,69,1136,10.0,-3.8,-0.5,1.6,.068
Brian Grant,2005-06,33,PHO,21,248,6.6,-6.0,-0.3,0.2,.041
Bud Grant,1949-50,22,MNL,35,,,,,0.5,
Bud Grant,1950-51,23,MNL,61,,,,,0.6,
Gary Grant,1988-89,23,LAC,71,1924,14.1,-1.9,0.0,-0.4,-0.009
Gary Grant,1989-90,24,LAC,44,1529,15.3,0.8,1.1,1.3,.039
Gary Grant,1990-91,25,LAC,68,2105,12.1,-1.5,0.2,1.7,.038
Gary Grant,1991-92,26,LAC,78,2049,13.4,0.2,1.1,3.0,.069
Gary Grant,1992-93,27,LAC,74,1624,11.7,-1.7,0.1,1.6,.049
Gary Grant,1993-94,28,LAC,78,1533,13.8,-0.8,0.5,1.3,.041
Gary Grant,1994-95,29,LAC,33,470,15.1,-1.7,0.0,0.6,.065
Gary Grant,1995-96,30,NYK,47,596,13.5,-0.4,0.2,1.4,.110
Gary Grant,1996-97,31,MIA,28,365,9.1,-2.1,0.0,0.4,.052
Gary Grant,1997-98,32,POR,22,359,16.1,1.8,0.3,1.1,.147
Gary Grant,1998-99,33,POR,2,7,18.1,9.6,0.0,0.0,.149
Gary Grant,1999-00,34,POR,3,24,8.0,-8.3,0.0,0.0,-0.070
Gary Grant,2000-01,35,POR,4,17,22.8,3.0,0.0,0.1,.209
Gary Grant,2001-02,,Did not play - other pro league,,,,,,,
Greg Grant,1989-90,23,PHO,67,678,9.7,-3.1,-0.2,-0.1,-0.007
Greg Grant,1990-91,24,NYK,22,107,9.2,-3.3,0.0,0.0,.012
Greg Grant,1991-92,25,2TM,68,891,13.0,-0.6,0.3,1.4,.077
Greg Grant,1991-92,25,CHH,13,57,8.1,0.0,0.0,-0.1,-0.062
Greg Grant,1991-92,25,PHI,55,834,13.3,-0.7,0.3,1.5,.086
Greg Grant,1992-93,26,PHI,72,996,8.7,-4.0,-0.5,0.2,.010
Greg Grant,1993-94,,Did not play - other pro league,,,,,,,
Greg Grant,1994-95,28,DEN,14,151,9.1,-4.5,-0.1,0.0,.011
Greg Grant,1995-96,29,3TM,31,527,7.7,-4.0,-0.3,0.0,.003
Greg Grant,1995-96,29,PHI,11,280,9.5,-3.8,-0.1,0.1,.026
Greg Grant,1995-96,29,WSB,10,138,7.5,-2.2,0.0,0.0,.002
Greg Grant,1995-96,29,DEN,10,109,3.1,-6.9,-0.1,-0.1,-0.053
Harvey Grant,1988-89,23,WSB,71,1193,10.6,-2.0,0.0,1.7,.070
Harvey Grant,1989-90,24,WSB,81,1846,12.0,-2.2,-0.1,2.6,.067
Harvey Grant,1990-91,25,WSB,77,2842,16.5,0.7,1.9,6.7,.112
Harvey Grant,1991-92,26,WSB,64,2388,15.3,-0.4,1.0,4.3,.087
Harvey Grant,1992-93,27,WSB,72,2667,16.1,-0.3,1.1,5.0,.090
Harvey Grant,1993-94,28,POR,77,2112,12.3,-1.2,0.4,3.9,.089
Harvey Grant,1994-95,29,POR,75,1771,13.2,-0.2,0.8,4.0,.108
Harvey Grant,1995-96,30,POR,76,2394,10.4,-0.9,0.6,4.0,.081
Harvey Grant,1996-97,31,WSB,78,1604,8.8,-0.9,0.4,2.7,.081
Harvey Grant,1997-98,32,WAS,65,895,7.5,-3.6,-0.4,0.7,.037
Harvey Grant,1998-99,33,PHI,47,798,6.6,-2.8,-0.2,0.8,.047
Horace Grant,1987-88,22,CHI,81,1827,13.0,-1.7,0.2,4.2,.111
Horace Grant,1988-89,23,CHI,79,2809,13.8,-0.5,1.0,6.4,.110
Horace Grant,1989-90,24,CHI,80,2753,16.6,1.1,2.1,8.0,.140
Horace Grant,1990-91,25,CHI,78,2641,17.6,2.5,3.0,10.3,.188
Horace Grant,1991-92,26,CHI,81,2859,20.6,5.3,5.2,14.1,.237
Horace Grant,1992-93,27,CHI,77,2745,17.5,1.8,2.6,9.1,.159
Horace Grant,1993-94,28,CHI,70,2570,19.8,4.0,3.9,10.0,.188
Horace Grant,1994-95,29,ORL,74,2693,16.9,2.0,2.7,9.5,.169
Horace Grant,1995-96,30,ORL,63,2286,17.9,2.3,2.5,8.0,.169
Horace Grant,1996-97,31,ORL,67,2496,17.3,2.4,2.8,7.7,.148
Horace Grant,1997-98,32,ORL,76,2803,15.4,1.2,2.2,7.1,.122
Horace Grant,1998-99,33,ORL,50,1660,13.3,0.7,1.1,4.1,.118
Horace Grant,1999-00,34,SEA,76,2688,11.7,-0.7,0.9,5.2,.093
Horace Grant,2000-01,35,LAL,77,2390,14.3,0.0,1.2,6.5,.130
Horace Grant,2001-02,36,ORL,76,2210,13.9,0.0,1.1,5.6,.122
Horace Grant,2002-03,37,ORL,5,85,13.1,1.0,0.1,0.2,.102
Horace Grant,2003-04,38,LAL,55,1106,10.6,-1.3,0.2,2.0,.087
Jerami Grant,2014-15,20,PHI,65,1377,8.7,-3.3,-0.5,0.5,.019
Jerami Grant,2015-16,21,PHI,77,2066,12.6,-1.7,0.1,2.1,.050
Jerami Grant,2016-17,22,2TM,80,1531,10.1,-1.3,0.3,2.9,.091
Jerami Grant,2016-17,22,PHI,2,41,3.0,-8.3,-0.1,-0.1,-0.144
Jerami Grant,2016-17,22,OKC,78,1490,10.3,-1.1,0.4,3.0,.098
Jerami Grant,2017-18,23,OKC,81,1647,16.2,0.3,1.0,5.4,.156
Jerami Grant,2018-19,24,OKC,80,2612,13.8,0.2,1.5,7.3,.134
Jerami Grant,2019-20,25,DEN,71,1892,14.4,-0.5,0.7,4.4,.111
Jerami Grant,2020-21,26,DET,54,1829,16.9,1.1,1.4,3.2,.083
Jerami Grant,2021-22,27,DET,47,1500,16.1,1.2,1.2,2.3,.075
Jerami Grant,2022-23,28,POR,63,2246,16.0,-0.2,1.0,4.1,.087
Jerami Grant,2023-24,29,POR,54,1830,15.4,-0.1,0.9,2.7,.071
Jerami Grant,2024-25,30,POR,47,1524,10.9,-1.6,0.1,1.8,.057
Jerian Grant,2015-16,23,NYK,76,1265,11.2,-3.1,-0.3,0.8,.030
Jerian Grant,2016-17,24,CHI,63,1028,13.2,0.1,0.6,2.5,.119
Jerian Grant,2017-18,25,CHI,74,1686,14.3,-1.3,0.3,3.3,.094
Jerian Grant,2018-19,26,ORL,60,939,10.8,-1.6,0.1,1.7,.085
Jerian Grant,2019-20,27,WAS,6,80,6.6,-6.5,-0.1,0.0,-0.018
Josh Grant,1993-94,26,GSW,53,382,11.7,-2.3,0.0,0.5,.060
Paul Grant,1997-98,,Did not play - injury,,,,,,,
Paul Grant,1998-99,25,2TM,6,13,-4.6,-19.6,-0.1,-0.1,-0.253
Paul Grant,1998-99,25,MIN,4,8,-14.3,-29.7,-0.1,-0.1,-0.319
Paul Grant,1998-99,25,MIL,2,5,10.9,-3.4,0.0,0.0,-0.148
Paul Grant,1999-00,,Did not play - other pro league,,,,,,,
Paul Grant,2000-01,,Did not play - other pro league,,,,,,,
Paul Grant,2001-02,,Did not play - other pro league,,,,,,,
Paul Grant,2002-03,,Did not play - other pro league,,,,,,,
Paul Grant,2003-04,30,UTA,10,98,5.1,-7.2,-0.1,0.0,-0.015
Travis Grant,1972-73,23,LAL,33,153,22.3,,,0.5,.144
Travis Grant,1973-74,24,2TM,59,1330,20.0,1.8,1.2,4.1,.147
Travis Grant,1973-74,24,LAL,3,6,-1.5,-5.3,0.0,0.0,-0.386
Travis Grant,1973-74,24,SDA,56,1324,20.1,1.8,1.3,4.1,.149
Travis Grant,1974-75,25,SDA,53,1998,19.5,1.5,1.7,5.6,.134
Travis Grant,1975-76,26,2TM,56,828,14.2,-1.3,0.1,1.5,.085
Travis Grant,1975-76,26,KEN,22,261,9.9,-3.8,-0.1,0.1,.027
Travis Grant,1975-76,26,INA,34,567,16.2,-0.2,0.3,1.3,.112
Donte Grantham,2018-19,23,OKC,3,2,-38.1,-37.6,0.0,0.0,-0.946
Don Grate,1949-50,26,SHE,2,,,,,0.0,
Butch Graves,1984-85,23,CLE,4,11,-0.8,-16.9,0.0,-0.1,-0.243
Hassani Gravett,2021-22,25,ORL,8,171,10.1,-2.3,0.0,0.3,.071
Aaron Gray,2007-08,23,CHI,61,613,13.9,-3.5,-0.2,0.8,.066
Aaron Gray,2008-09,24,CHI,56,715,11.5,-3.4,-0.2,1.3,.086
Aaron Gray,2009-10,25,2TM,32,311,16.6,-1.3,0.1,0.9,.142
Aaron Gray,2009-10,25,CHI,8,50,7.0,-8.7,-0.1,0.0,-0.013
Aaron Gray,2009-10,25,NOH,24,261,18.4,0.1,0.1,0.9,.172
Aaron Gray,2010-11,26,NOH,41,531,11.0,-4.0,-0.3,1.1,.100
Aaron Gray,2011-12,27,TOR,49,813,11.1,-3.5,-0.3,1.4,.082
Aaron Gray,2012-13,28,TOR,42,513,9.0,-4.3,-0.3,0.5,.050
Aaron Gray,2013-14,29,2TM,37,355,7.8,-4.7,-0.2,0.1,.016
Aaron Gray,2013-14,29,TOR,4,20,5.7,-7.8,0.0,0.0,-0.007
Aaron Gray,2013-14,29,SAC,33,335,7.9,-4.5,-0.2,0.1,.018
Devin Gray,1996-97,24,2TM,6,49,4.6,-15.2,-0.2,-0.2,-0.179
Devin Gray,1996-97,24,SAC,3,25,15.8,-3.9,0.0,0.0,.070
Devin Gray,1996-97,24,SAS,3,24,-7.1,-26.9,-0.2,-0.2,-0.439
Devin Gray,1997-98,,Did not play - other pro league,,,,,,,
Devin Gray,1998-99,,Did not play - other pro league,,,,,,,
Devin Gray,1999-00,27,HOU,21,124,14.0,-2.6,0.0,0.3,.123
Ed Gray,1997-98,22,ATL,30,472,13.0,-1.4,0.1,0.8,.083
Ed Gray,1998-99,23,ATL,30,337,4.8,-7.7,-0.5,-0.7,-0.096
Evric Gray,1996-97,27,NJN,5,42,2.8,-9.2,-0.1,-0.1,-0.080
Gary Gray,1967-68,22,CIN,44,276,5.4,,,-0.5,-0.093
Josh Gray,2017-18,24,PHO,5,86,7.2,-4.2,0.0,-0.2,-0.118
Josh Gray,2018-19,,Did not play - other pro league,,,,,,,
Josh Gray,2019-20,26,NOP,2,23,-5.0,-16.0,-0.1,-0.1,-0.226
Leonard Gray,1974-75,23,SEA,75,2280,12.6,-1.7,0.2,4.0,.084
Leonard Gray,1975-76,24,SEA,66,2139,13.9,-0.3,0.9,4.1,.092
Leonard Gray,1976-77,25,2TM,83,1639,11.4,-2.5,-0.2,1.8,.053
Leonard Gray,1976-77,25,SEA,25,643,13.3,-1.4,0.1,0.9,.070
Leonard Gray,1976-77,25,WSB,58,996,10.2,-3.3,-0.3,0.9,.042
Leonard Gray,1977-78,,Did not play - injury,,,,,,,
RaiQuan Gray,2021-22,,Did not play - other pro league,,,,,,,
RaiQuan Gray,2022-23,23,BRK,1,35,15.5,-2.0,0.0,0.1,.106
RaiQuan Gray,2023-24,24,SAS,3,39,22.7,7.4,0.1,0.2,.187
Stuart Gray,1984-85,21,IND,52,391,4.6,-7.9,-0.6,-0.4,-0.052
Stuart Gray,1985-86,22,IND,67,423,10.5,-4.1,-0.2,0.7,.085
Stuart Gray,1986-87,23,IND,55,456,8.0,-3.5,-0.2,0.4,.037
Stuart Gray,1987-88,24,IND,74,807,9.9,-3.3,-0.3,1.1,.067
Stuart Gray,1988-89,25,IND,72,783,9.1,-3.3,-0.2,0.9,.054
Stuart Gray,1989-90,26,2TM,58,560,8.5,-4.4,-0.3,0.6,.054
Stuart Gray,1989-90,26,CHH,39,466,10.2,-3.2,-0.1,0.7,.070
Stuart Gray,1989-90,26,NYK,19,94,-0.2,-10.1,-0.2,-0.1,-0.026
Stuart Gray,1990-91,27,NYK,8,37,5.1,-9.8,-0.1,0.0,-0.013
Sylvester Gray,1988-89,21,MIA,55,1220,11.2,-2.6,-0.2,0.7,.028
Wyndol Gray,1946-47,24,BOS,55,,,,,2.2,
Wyndol Gray,1947-48,25,2TM,12,,,,,-0.3,
Wyndol Gray,1947-48,25,PRO,1,,,,,0.0,
Wyndol Gray,1947-48,25,STB,11,,,,,-0.2,
Jeff Grayer,1988-89,23,MIL,11,200,12.6,-1.5,0.0,0.2,.047
Jeff Grayer,1989-90,24,MIL,71,1427,11.4,-2.7,-0.3,1.5,.050
Jeff Grayer,1990-91,25,MIL,82,1422,11.8,-2.2,-0.1,1.5,.049
Jeff Grayer,1991-92,26,MIL,82,1659,13.3,-1.9,0.0,1.8,.052
Jeff Grayer,1992-93,27,GSW,48,1025,12.0,-2.2,-0.1,1.5,.069
Jeff Grayer,1993-94,28,GSW,67,1096,13.2,-2.3,-0.1,1.9,.085
Jeff Grayer,1994-95,29,PHI,47,1098,10.6,-3.9,-0.5,0.4,.017
Jeff Grayer,1995-96,,Did not play - other pro league,,,,,,,
Jeff Grayer,1996-97,31,SAC,25,316,10.0,-3.1,-0.1,0.3,.049
Jeff Grayer,1997-98,32,2TM,5,34,2.7,-9.8,-0.1,-0.1,-0.111
Jeff Grayer,1997-98,32,CHH,1,11,-20.0,-29.0,-0.1,-0.1,-0.624
Jeff Grayer,1997-98,32,GSW,4,23,13.5,-0.6,0.0,0.1,.135
Bob Greacen,1969-70,22,MIL,41,292,9.0,,,0.1,.011
Bob Greacen,1970-71,23,MIL,2,43,3.6,,,-0.2,-0.189
Bob Greacen,1971-72,24,NYA,4,20,0.7,,,0.0,.026
A.C. Green,1985-86,22,LAL,82,1542,11.8,-1.6,0.2,3.3,.103
A.C. Green,1986-87,23,LAL,79,2240,15.7,1.0,1.7,7.6,.163
A.C. Green,1987-88,24,LAL,82,2636,14.5,0.3,1.5,7.9,.144
A.C. Green,1988-89,25,LAL,82,2510,17.8,1.6,2.3,9.4,.179
A.C. Green,1989-90,26,LAL,82,2709,14.7,-0.6,1.0,7.7,.137
A.C. Green,1990-91,27,LAL,82,2164,13.8,0.0,1.1,6.1,.135
A.C. Green,1991-92,28,LAL,82,2902,16.7,0.7,2.0,8.8,.145
A.C. Green,1992-93,29,LAL,82,2819,16.3,0.7,1.9,8.6,.147
A.C. Green,1993-94,30,PHO,82,2825,17.0,0.6,1.8,9.3,.157
A.C. Green,1994-95,31,PHO,82,2687,14.2,-0.1,1.3,6.7,.120
A.C. Green,1995-96,32,PHO,82,2113,12.9,-1.3,0.4,4.4,.100
A.C. Green,1996-97,33,2TM,83,2492,12.4,-1.4,0.4,4.8,.093
A.C. Green,1996-97,33,PHO,27,548,11.6,-1.6,0.0,0.8,.073
A.C. Green,1996-97,33,DAL,56,1944,12.6,-1.3,0.4,4.0,.099
A.C. Green,1997-98,34,DAL,82,2649,12.8,-1.4,0.4,5.2,.095
A.C. Green,1998-99,35,DAL,50,924,12.5,-2.2,0.0,1.4,.074
A.C. Green,1999-00,36,LAL,82,1929,11.2,-0.3,0.8,5.0,.124
A.C. Green,2000-01,37,MIA,82,1411,11.2,-2.2,-0.1,3.2,.110
A.J. Green,2022-23,23,MIL,35,345,11.5,-0.9,0.1,0.8,.111
A.J. Green,2023-24,24,MIL,56,614,10.5,-2.1,0.0,1.1,.084
A.J. Green,2024-25,25,MIL,73,1659,9.2,-2.2,-0.1,2.8,.082
Danny Green,2009-10,22,CLE,20,115,12.3,-0.2,0.1,0.2,.083
Danny Green,2010-11,23,SAS,8,92,13.2,-0.6,0.0,0.1,.076
Danny Green,2011-12,24,SAS,66,1522,15.5,3.0,1.9,4.5,.142
Danny Green,2012-13,25,SAS,80,2201,14.1,2.8,2.7,5.9,.128
Danny Green,2013-14,26,SAS,68,1651,13.9,3.2,2.2,4.2,.122
Danny Green,2014-15,27,SAS,81,2312,16.5,4.6,3.8,7.8,.163
Danny Green,2015-16,28,SAS,79,2062,10.5,1.1,1.6,4.2,.099
Danny Green,2016-17,29,SAS,68,1807,10.1,0.8,1.3,3.4,.090
Danny Green,2017-18,30,SAS,70,1791,11.3,0.4,1.1,2.9,.078
Danny Green,2018-19,31,TOR,80,2216,13.0,2.0,2.2,5.9,.128
Danny Green,2019-20,32,LAL,68,1687,10.8,0.5,1.1,3.4,.096
Danny Green,2020-21,33,PHI,69,1934,12.1,1.9,1.9,4.6,.115
Danny Green,2021-22,34,PHI,62,1353,9.5,-0.5,0.5,1.9,.067
Danny Green,2022-23,35,2TM,11,138,10.8,-1.9,0.0,0.2,.059
Danny Green,2022-23,35,MEM,3,43,-0.2,-8.8,-0.1,-0.1,-0.061
Danny Green,2022-23,35,CLE,8,95,15.8,1.2,0.1,0.2,.114
Danny Green,2023-24,36,PHI,2,18,0.7,-6.6,0.0,0.0,-0.035
Devin Green,2005-06,23,LAL,27,135,4.7,-6.5,-0.2,-0.1,-0.018
Draymond Green,2012-13,22,GSW,79,1061,7.1,-3.6,-0.4,0.6,.028
Draymond Green,2013-14,23,GSW,82,1797,12.7,1.9,1.8,4.5,.119
Draymond Green,2014-15,24,GSW,79,2490,16.4,3.5,3.5,8.5,.163
Draymond Green,2015-16,25,GSW,81,2808,19.3,5.5,5.3,11.1,.190
Draymond Green,2016-17,26,GSW,76,2471,16.5,4.9,4.3,8.2,.160
Draymond Green,2017-18,27,GSW,70,2287,16.1,2.8,2.8,6.1,.127
Draymond Green,2018-19,28,GSW,66,2065,12.9,1.4,1.8,4.3,.100
Draymond Green,2019-20,29,GSW,43,1222,12.5,-0.2,0.5,1.1,.044
Draymond Green,2020-21,30,GSW,63,1982,13.3,1.7,1.9,4.6,.112
Draymond Green,2021-22,31,GSW,46,1329,14.3,3.2,1.8,3.6,.131
Draymond Green,2022-23,32,GSW,73,2297,12.2,0.8,1.6,4.7,.098
Draymond Green,2023-24,33,GSW,55,1490,14.5,2.4,1.6,3.6,.116
Draymond Green,2024-25,34,GSW,68,1983,12.4,0.5,1.3,3.7,.088
Erick Green,2013-14,,Did not play - other pro league,,,,,,,
Erick Green,2014-15,23,DEN,43,410,8.9,-4.3,-0.2,0.0,.000
Erick Green,2015-16,24,2TM,9,42,12.4,-1.9,0.0,0.1,.121
Erick Green,2015-16,24,DEN,3,7,0.9,-8.5,0.0,0.0,-0.082
Erick Green,2015-16,24,UTA,6,35,14.7,-0.6,0.0,0.1,.162
Gerald Green,2005-06,20,BOS,32,374,13.1,-3.5,-0.1,0.5,.064
Gerald Green,2006-07,21,BOS,81,1780,12.0,-2.5,-0.2,1.6,.042
Gerald Green,2007-08,22,2TM,30,362,8.7,-4.3,-0.2,-0.4,-0.048
Gerald Green,2007-08,22,MIN,29,358,7.9,-4.8,-0.3,-0.4,-0.058
Gerald Green,2007-08,22,HOU,1,4,76.3,40.9,0.0,0.1,.826
Gerald Green,2008-09,23,DAL,38,376,11.4,-4.7,-0.3,0.0,-0.002
Gerald Green,2009-10,,Did not play - other pro league,,,,,,,
Gerald Green,2010-11,,Did not play - other pro league,,,,,,,
Gerald Green,2011-12,26,NJN,31,781,15.8,0.2,0.4,1.2,.072
Gerald Green,2012-13,27,IND,60,1080,9.9,-1.9,0.0,1.3,.056
Gerald Green,2013-14,28,PHO,82,2330,16.5,1.4,2.0,6.1,.126
Gerald Green,2014-15,29,PHO,74,1446,15.4,-0.3,0.6,1.9,.065
Gerald Green,2015-16,30,MIA,69,1557,10.1,-3.1,-0.4,1.7,.052
Gerald Green,2016-17,31,BOS,47,538,11.9,-3.0,-0.1,0.6,.050
Gerald Green,2017-18,32,HOU,41,929,14.1,0.3,0.5,2.1,.107
Gerald Green,2018-19,33,HOU,73,1473,11.4,-1.7,0.1,1.9,.061
Gerald Green,2019-20,,Did not play - injury,,,,,,,
Jalen Green,2021-22,19,HOU,67,2138,12.5,-2.9,-0.5,0.7,.015
Jalen Green,2022-23,20,HOU,76,2602,14.5,-2.1,0.0,1.8,.034
Jalen Green,2023-24,21,HOU,82,2601,14.7,-0.5,1.0,3.1,.056
Jalen Green,2024-25,22,HOU,82,2697,15.1,0.5,1.7,5.1,.092
JaMychal Green,2014-15,24,2TM,24,164,14.9,-1.3,0.0,0.4,.119
JaMychal Green,2014-15,24,SAS,4,25,9.9,-4.2,0.0,0.0,.071
JaMychal Green,2014-15,24,MEM,20,139,15.8,-0.7,0.0,0.4,.127
JaMychal Green,2015-16,25,MEM,78,1446,14.6,-2.5,-0.2,2.6,.086
JaMychal Green,2016-17,26,MEM,77,2101,13.5,-0.8,0.6,5.8,.132
JaMychal Green,2017-18,27,MEM,55,1542,14.0,-2.3,-0.1,2.6,.079
JaMychal Green,2018-19,28,2TM,65,1371,14.7,-1.7,0.1,2.9,.101
JaMychal Green,2018-19,28,MEM,41,900,14.9,-1.8,0.1,1.8,.094
JaMychal Green,2018-19,28,LAC,24,471,14.3,-1.5,0.1,1.1,.113
JaMychal Green,2019-20,29,LAC,63,1307,11.1,-0.5,0.5,3.1,.115
JaMychal Green,2020-21,30,DEN,58,1120,13.6,-1.5,0.1,2.6,.110
JaMychal Green,2021-22,31,DEN,67,1085,14.1,-1.8,0.0,2.7,.118
JaMychal Green,2022-23,32,GSW,57,797,15.5,-0.5,0.3,2.2,.133
JaMychal Green,2023-24,,Did not play - unsigned,,,,,,,
Javonte Green,2019-20,26,BOS,48,468,13.1,-0.7,0.2,1.1,.113
Javonte Green,2020-21,27,2TM,41,473,12.1,-0.5,0.2,1.1,.107
Javonte Green,2020-21,27,BOS,25,345,11.8,-0.5,0.1,0.8,.105
Javonte Green,2020-21,27,CHI,16,128,13.1,-0.6,0.0,0.3,.114
Javonte Green,2021-22,28,CHI,65,1519,14.0,0.1,0.8,4.4,.139
Javonte Green,2022-23,29,CHI,32,480,14.5,1.4,0.4,1.4,.142
Javonte Green,2023-24,30,CHI,9,230,20.2,2.0,0.2,0.9,.180
Javonte Green,2024-25,31,2TM,68,1258,10.7,-2.3,-0.1,1.6,.063
Javonte Green,2024-25,31,NOP,50,1092,10.8,-2.2,0.0,1.4,.063
Javonte Green,2024-25,31,CLE,18,166,10.2,-3.1,0.0,0.2,.063
Jeff Green,2007-08,21,SEA,80,2253,9.8,-4.1,-1.2,0.2,.003
Jeff Green,2008-09,22,OKC,78,2873,13.9,-1.2,0.6,4.2,.070
Jeff Green,2009-10,23,OKC,82,3043,13.8,0.2,1.7,6.6,.105
Jeff Green,2010-11,24,2TM,75,2427,12.9,-1.1,0.5,4.8,.095
Jeff Green,2010-11,24,OKC,49,1815,12.9,-1.2,0.3,3.3,.087
Jeff Green,2010-11,24,BOS,26,612,12.9,-0.7,0.2,1.5,.118
Jeff Green,2011-12,,Did not play - illness,,,,,,,
Jeff Green,2012-13,26,BOS,81,2252,15.0,-0.3,1.0,4.7,.099
Jeff Green,2013-14,27,BOS,82,2805,13.1,-1.5,0.3,3.3,.057
Jeff Green,2014-15,28,2TM,78,2454,14.4,-0.2,1.2,5.2,.101
Jeff Green,2014-15,28,BOS,33,1093,14.6,-1.1,0.3,2.0,.089
Jeff Green,2014-15,28,MEM,45,1361,14.2,0.6,0.9,3.1,.111
Jeff Green,2015-16,29,2TM,80,2253,13.0,-1.8,0.1,3.1,.065
Jeff Green,2015-16,29,MEM,53,1544,13.4,-1.4,0.2,2.2,.067
Jeff Green,2015-16,29,LAC,27,709,12.0,-2.5,-0.1,0.9,.061
Jeff Green,2016-17,30,ORL,69,1534,10.5,-3.6,-0.6,0.7,.022
Jeff Green,2017-18,31,CLE,78,1828,14.8,-1.8,0.1,3.9,.103
Jeff Green,2018-19,32,WAS,77,2097,13.6,-1.4,0.3,3.6,.083
Jeff Green,2019-20,33,2TM,48,960,13.7,-0.1,0.5,2.1,.104
Jeff Green,2019-20,33,UTA,30,553,10.0,-2.1,0.0,0.5,.046
Jeff Green,2019-20,33,HOU,18,407,18.6,2.6,0.5,1.5,.183
Jeff Green,2020-21,34,BRK,68,1835,13.0,-0.8,0.5,4.1,.107
Jeff Green,2021-22,35,DEN,75,1849,12.5,-2.5,-0.2,3.9,.101
Jeff Green,2022-23,36,DEN,56,1091,11.0,-3.4,-0.4,1.7,.074
Jeff Green,2023-24,37,HOU,78,1307,11.3,-2.1,0.0,2.6,.095
Jeff Green,2024-25,38,HOU,32,396,13.6,0.4,0.2,1.3,.159
Johnny Green,1959-60,26,NYK,69,1232,13.2,,,1.2,.047
Johnny Green,1960-61,27,NYK,78,1784,16.1,,,1.7,.045
Johnny Green,1961-62,28,NYK,80,2789,16.0,,,5.1,.088
Johnny Green,1962-63,29,NYK,80,2553,19.0,,,5.1,.096
Johnny Green,1963-64,30,NYK,80,2134,18.1,,,2.6,.057
Johnny Green,1964-65,31,NYK,78,1720,17.5,,,3.8,.107
Johnny Green,1965-66,32,2TM,79,1645,19.3,,,5.6,.164
Johnny Green,1965-66,32,NYK,7,208,16.9,,,0.5,.121
Johnny Green,1965-66,32,BAL,72,1437,19.7,,,5.1,.171
Johnny Green,1966-67,33,BAL,61,948,16.6,,,1.5,.075
Johnny Green,1967-68,34,2TM,77,1440,16.0,,,2.3,.076
Johnny Green,1967-68,34,SDR,42,1073,16.7,,,1.5,.067
Johnny Green,1967-68,34,PHI,35,367,13.7,,,0.8,.102
Johnny Green,1968-69,35,PHI,74,795,16.2,,,2.4,.145
Johnny Green,1969-70,36,CIN,78,2278,18.4,,,8.4,.177
Johnny Green,1970-71,37,CIN,75,2147,19.4,,,9.5,.212
Johnny Green,1971-72,38,CIN,82,1914,15.6,,,5.3,.132
Johnny Green,1972-73,39,KCO,66,1245,14.6,,,3.7,.141
Josh Green,2020-21,20,DAL,39,445,8.8,-3.6,-0.2,0.5,.050
Josh Green,2021-22,21,DAL,67,1039,11.9,-1.0,0.3,2.4,.111
Josh Green,2022-23,22,DAL,60,1539,11.2,-2.4,-0.2,2.6,.082
Josh Green,2023-24,23,DAL,57,1505,9.9,-2.7,-0.3,2.2,.071
Josh Green,2024-25,24,CHO,68,1887,7.8,-4.3,-1.1,1.5,.037
Ken Green,1985-86,26,NYK,7,72,19.3,0.0,0.0,0.3,.184
Kenny Green,1985-86,21,2TM,41,453,8.7,-7.0,-0.6,0.0,-0.003
Kenny Green,1985-86,21,WSB,20,221,11.4,-5.0,-0.2,0.1,.020
Kenny Green,1985-86,21,PHI,21,232,6.0,-8.9,-0.4,-0.1,-0.026
Kenny Green,1986-87,22,PHI,19,172,6.5,-8.0,-0.3,-0.3,-0.072
Lamar Green,1969-70,22,PHO,58,700,10.4,,,0.2,.013
Lamar Green,1970-71,23,PHO,68,1326,10.7,,,2.4,.086
Lamar Green,1971-72,24,PHO,67,991,12.1,,,2.0,.097
Lamar Green,1972-73,25,PHO,80,2048,10.8,,,1.9,.045
Lamar Green,1973-74,26,PHO,72,1103,9.6,-3.3,-0.4,0.5,.023
Lamar Green,1974-75,27,2TM,66,1136,9.7,-3.9,-0.6,0.4,.018
Lamar Green,1974-75,27,NOJ,15,280,8.4,-4.3,-0.2,-0.1,-0.014
Lamar Green,1974-75,27,VIR,51,856,10.2,-3.7,-0.4,0.5,.028
Litterial Green,1992-93,22,ORL,52,626,11.6,-2.3,-0.1,0.8,.064
Litterial Green,1993-94,23,ORL,29,126,13.0,-4.5,-0.1,0.1,.044
Litterial Green,1994-95,,Did not play - other pro league,,,,,,,
Litterial Green,1995-96,,Did not play - other pro league,,,,,,,
Litterial Green,1996-97,26,DET,45,311,13.5,-0.4,0.1,0.8,.119
Litterial Green,1997-98,27,MIL,21,124,5.4,-4.9,-0.1,-0.1,-0.024
Litterial Green,1998-99,28,CLE,1,2,-19.7,-27.0,0.0,0.0,-0.590
Luther Green,1969-70,23,NYA,59,739,10.7,,,-0.2,-0.014
Luther Green,1970-71,24,NYA,26,164,13.4,,,0.0,.002
Luther Green,1971-72,,Did not play - other,,,,,,,
Luther Green,1972-73,26,PHI,5,32,-9.4,,,-0.3,-0.444
Mike Green,1973-74,22,DNR,79,1648,19.8,1.5,1.5,4.7,.138
Mike Green,1974-75,23,DNA,81,2557,18.8,1.3,2.1,8.7,.163
Mike Green,1975-76,24,VIR,54,1719,17.5,0.0,0.9,3.3,.091
Mike Green,1976-77,25,SEA,76,1928,14.5,0.1,1.0,3.9,.097
Mike Green,1977-78,26,2TM,72,1382,14.3,-1.4,0.2,2.8,.097
Mike Green,1977-78,26,SEA,9,250,14.2,-0.5,0.1,0.6,.106
Mike Green,1977-78,26,SAS,63,1132,14.3,-1.6,0.1,2.2,.095
Mike Green,1978-79,27,SAS,76,1641,12.9,0.2,0.9,3.8,.112
Mike Green,1979-80,28,KCK,21,459,10.6,-2.5,-0.1,0.4,.044
Rickey Green,1977-78,23,GSW,76,1098,9.3,-2.9,-0.3,0.3,.014
Rickey Green,1978-79,24,DET,27,431,10.2,-4.0,-0.2,-0.1,-0.012
Rickey Green,1979-80,,Did not play - other pro league,,,,,,,
Rickey Green,1980-81,26,UTA,47,1307,13.6,-1.2,0.3,1.8,.065
Rickey Green,1981-82,27,UTA,81,2822,17.4,1.4,2.4,5.7,.096
Rickey Green,1982-83,28,UTA,78,2783,17.2,2.0,2.8,6.6,.114
Rickey Green,1983-84,29,UTA,81,2768,18.0,3.0,3.5,7.9,.138
Rickey Green,1984-85,30,UTA,77,2431,16.3,1.6,2.2,6.7,.132
Rickey Green,1985-86,31,UTA,80,2012,16.4,1.0,1.5,5.2,.124
Rickey Green,1986-87,32,UTA,81,2090,15.9,1.5,1.9,5.6,.128
Rickey Green,1987-88,33,UTA,81,1116,13.2,-0.7,0.4,1.8,.078
Rickey Green,1988-89,34,2TM,63,871,13.7,0.0,0.4,1.2,.067
Rickey Green,1988-89,34,CHH,33,370,12.0,-2.0,0.0,0.0,.002
Rickey Green,1988-89,34,MIL,30,501,14.9,1.4,0.4,1.2,.115
Rickey Green,1989-90,35,IND,69,927,10.9,-1.8,0.0,0.7,.037
Rickey Green,1990-91,36,PHI,79,2248,13.1,-2.0,0.0,3.3,.070
Rickey Green,1991-92,37,BOS,26,367,11.4,-2.1,0.0,0.5,.068
Sean Green,1991-92,21,IND,35,256,9.9,-7.9,-0.4,-0.5,-0.087
Sean Green,1992-93,22,IND,13,81,17.5,-2.4,0.0,0.0,.021
Sean Green,1993-94,23,2TM,36,334,7.6,-7.4,-0.5,-0.9,-0.130
Sean Green,1993-94,23,PHI,35,332,7.7,-7.3,-0.4,-0.9,-0.128
Sean Green,1993-94,23,UTA,1,2,-17.0,-27.0,0.0,0.0,-0.486
Si Green,1956-57,23,ROC,13,423,13.6,,,0.8,.096
Si Green,1957-58,,Did not play - military service,,,,,,,
Si Green,1958-59,25,2TM,46,1109,11.5,,,0.4,.017
Si Green,1958-59,25,CIN,20,666,13.1,,,0.3,.020
Si Green,1958-59,25,STL,26,443,9.1,,,0.1,.011
Si Green,1959-60,26,STL,70,1354,9.5,,,1.0,.037
Si Green,1960-61,27,STL,76,1968,10.5,,,2.6,.063
Si Green,1961-62,28,2TM,71,2388,11.4,,,1.1,.022
Si Green,1961-62,28,STL,14,271,11.9,,,0.3,.049
Si Green,1961-62,28,CHP,57,2117,11.3,,,0.8,.019
Si Green,1962-63,29,CHZ,73,2648,11.4,,,1.6,.029
Si Green,1963-64,30,BAL,75,2064,11.6,,,2.6,.061
Si Green,1964-65,31,BAL,70,1086,11.6,,,0.8,.037
Si Green,1965-66,32,BOS,10,92,7.5,,,0.1,.048
Sidney Green,1983-84,23,CHI,49,667,9.2,-5.7,-0.6,0.3,.020
Sidney Green,1984-85,24,CHI,48,740,11.6,-4.9,-0.6,0.6,.039
Sidney Green,1985-86,25,CHI,80,2307,14.2,-2.7,-0.4,2.5,.052
Sidney Green,1986-87,26,DET,80,1792,13.0,-1.6,0.2,3.4,.092
Sidney Green,1987-88,27,NYK,82,2049,10.3,-3.2,-0.6,2.7,.063
Sidney Green,1988-89,28,NYK,82,1277,12.6,-2.8,-0.2,2.0,.075
Sidney Green,1989-90,29,ORL,73,1860,12.7,-3.4,-0.6,1.7,.044
Sidney Green,1990-91,30,SAS,66,1099,11.6,-3.3,-0.4,1.9,.085
Sidney Green,1991-92,31,SAS,80,1127,10.5,-3.9,-0.6,1.9,.079
Sidney Green,1992-93,32,2TM,39,329,11.3,-3.2,-0.1,0.4,.065
Sidney Green,1992-93,32,SAS,15,202,12.5,-1.1,0.0,0.4,.091
Sidney Green,1992-93,32,CHH,24,127,9.3,-6.5,-0.1,0.1,.024
Steve Green,1975-76,22,2TM,52,1068,11.8,-3.1,-0.3,1.2,.053
Steve Green,1975-76,22,UTS,16,534,13.0,-1.9,0.0,0.8,.073
Steve Green,1975-76,22,SSL,36,534,10.5,-4.2,-0.3,0.4,.033
Steve Green,1976-77,23,IND,70,918,13.3,-3.3,-0.3,1.1,.055
Steve Green,1977-78,24,IND,44,449,9.9,-2.5,-0.1,0.7,.074
Steve Green,1978-79,25,IND,39,265,12.4,-1.6,0.1,0.4,.080
Taurean Green,2007-08,21,2TM,17,74,7.0,-7.5,-0.1,-0.1,-0.066
Taurean Green,2007-08,21,POR,8,44,5.8,-7.8,-0.1,-0.1,-0.125
Taurean Green,2007-08,21,DEN,9,30,8.8,-7.1,0.0,0.0,.020
Tommie Green,1978-79,22,NOJ,59,809,8.3,-4.2,-0.5,-0.3,-0.017
Willie Green,2003-04,22,PHI,53,767,10.8,-3.8,-0.3,0.0,-0.003
Willie Green,2004-05,23,PHI,57,1066,9.6,-4.1,-0.6,0.1,.007
Willie Green,2005-06,24,PHI,10,153,8.6,-6.1,-0.2,-0.1,-0.038
Willie Green,2006-07,25,PHI,74,1842,10.3,-4.7,-1.2,-0.7,-0.018
Willie Green,2007-08,26,PHI,74,1970,12.8,-1.6,0.2,2.1,.050
Willie Green,2008-09,27,PHI,81,1828,11.1,-2.1,0.0,2.3,.060
Willie Green,2009-10,28,PHI,73,1553,12.8,-2.2,-0.1,2.2,.067
Willie Green,2010-11,29,NOH,77,1674,10.8,-2.8,-0.3,1.8,.052
Willie Green,2011-12,30,ATL,53,922,13.9,-0.5,0.3,2.4,.122
Willie Green,2012-13,31,LAC,72,1188,11.8,-0.8,0.3,2.5,.103
Willie Green,2013-14,32,LAC,55,869,7.1,-3.2,-0.3,0.5,.028
Willie Green,2014-15,33,ORL,52,951,7.9,-4.2,-0.5,-0.1,-0.003
Donté Greene,2008-09,20,SAC,55,725,5.2,-6.8,-0.9,-1.1,-0.074
Donté Greene,2009-10,21,SAC,76,1630,11.6,-1.6,0.1,1.5,.044
Donté Greene,2010-11,22,SAC,69,1127,9.7,-2.2,-0.1,0.5,.022
Donté Greene,2011-12,23,SAC,53,777,11.8,-2.4,-0.1,0.7,.041
Orien Greene,2005-06,23,BOS,80,1235,6.4,-4.4,-0.8,-0.3,-0.013
Orien Greene,2006-07,24,IND,41,254,6.5,-4.4,-0.2,-0.2,-0.034
Orien Greene,2007-08,25,SAC,7,61,-3.3,-10.9,-0.1,-0.2,-0.180
Orien Greene,2008-09,,Did not play - other pro league,,,,,,,
Orien Greene,2009-10,,Did not play - other pro league,,,,,,,
Orien Greene,2010-11,28,NJN,3,5,33.0,15.1,0.0,0.0,.293
Jerry Greenspan,1963-64,22,PHI,20,280,8.7,,,0.1,.020
Jerry Greenspan,1964-65,23,PHI,5,49,15.7,,,0.3,.283
Dave Greenwood,1979-80,22,CHI,82,2791,16.2,-0.3,1.2,6.5,.112
Dave Greenwood,1980-81,23,CHI,82,2710,16.6,1.2,2.2,7.1,.126
Dave Greenwood,1981-82,24,CHI,82,2914,15.5,0.6,1.9,6.5,.107
Dave Greenwood,1982-83,25,CHI,79,2355,13.0,-1.1,0.5,3.6,.073
Dave Greenwood,1983-84,26,CHI,78,2718,13.5,-0.6,0.9,5.7,.101
Dave Greenwood,1984-85,27,CHI,61,1523,9.4,-2.5,-0.2,2.0,.065
Dave Greenwood,1985-86,28,SAS,68,1910,11.1,-1.6,0.2,3.4,.085
Dave Greenwood,1986-87,29,SAS,79,2587,15.2,0.0,1.3,6.2,.115
Dave Greenwood,1987-88,30,SAS,45,1236,10.8,-3.1,-0.3,1.1,.043
Dave Greenwood,1988-89,31,2TM,67,1403,11.8,-2.5,-0.2,2.2,.076
Dave Greenwood,1988-89,31,SAS,38,912,11.3,-2.7,-0.2,1.4,.075
Dave Greenwood,1988-89,31,DEN,29,491,12.7,-2.3,0.0,0.8,.077
Dave Greenwood,1989-90,32,DET,37,205,10.9,-3.0,0.0,0.4,.085
Dave Greenwood,1990-91,33,SAS,63,1018,7.8,-2.5,-0.1,1.7,.079
Hal Greer,1958-59,22,SYR,68,1625,13.3,,,4.5,.132
Hal Greer,1959-60,23,SYR,70,1979,14.1,,,5.8,.141
Hal Greer,1960-61,24,SYR,79,2763,16.3,,,7.9,.137
Hal Greer,1961-62,25,SYR,71,2705,17.6,,,8.5,.151
Hal Greer,1962-63,26,SYR,80,2631,17.3,,,8.2,.149
Hal Greer,1963-64,27,PHI,80,3157,17.7,,,8.1,.124
Hal Greer,1964-65,28,PHI,70,2600,16.3,,,6.6,.121
Hal Greer,1965-66,29,PHI,80,3326,15.9,,,9.5,.138
Hal Greer,1966-67,30,PHI,80,3086,15.0,,,7.6,.118
Hal Greer,1967-68,31,PHI,82,3263,17.1,,,11.2,.165
Hal Greer,1968-69,32,PHI,82,3311,16.9,,,9.9,.144
Hal Greer,1969-70,33,PHI,80,3024,15.8,,,6.2,.099
Hal Greer,1970-71,34,PHI,81,3060,13.8,,,5.1,.079
Hal Greer,1971-72,35,PHI,81,2410,12.0,,,3.5,.070
Hal Greer,1972-73,36,PHI,38,848,8.9,,,0.1,.005
Lynn Greer,2006-07,27,MIL,41,432,14.0,-1.5,0.1,0.7,.083
Gary Gregor,1968-69,23,PHO,80,2182,11.6,,,-0.4,-0.009
Gary Gregor,1969-70,24,ATL,81,1603,11.0,,,0.5,.016
Gary Gregor,1970-71,25,POR,44,1153,11.4,,,1.1,.044
Gary Gregor,1971-72,26,POR,82,2371,12.7,,,1.4,.029
Gary Gregor,1972-73,27,2TM,49,683,11.5,,,0.5,.038
Gary Gregor,1972-73,27,MIL,9,88,11.9,,,0.0,.007
Gary Gregor,1972-73,27,NYA,40,595,11.4,,,0.5,.042
Gary Gregor,1973-74,28,NYA,25,313,9.7,-2.4,0.0,0.8,.116
Claude Gregory,1981-82,,Did not play - other pro league,,,,,,,
Claude Gregory,1982-83,,Did not play - other pro league,,,,,,,
Claude Gregory,1983-84,,Did not play - other pro league,,,,,,,
Claude Gregory,1984-85,,Did not play - other pro league,,,,,,,
Claude Gregory,1985-86,27,WSB,2,2,23.0,-14.2,0.0,0.0,-0.640
Claude Gregory,1986-87,,Did not play - other pro league,,,,,,,
Claude Gregory,1987-88,29,LAC,23,313,12.8,-4.0,-0.2,0.1,.011
John Greig,1982-83,21,SEA,9,26,19.9,-3.8,0.0,0.1,.182
Norm Grekin,1953-54,23,PHW,1,1,-23.5,,,0.0,.010
Kevin Grevey,1975-76,22,WSB,56,504,10.0,-5.1,-0.4,0.1,.011
Kevin Grevey,1976-77,23,WSB,76,1306,9.9,-3.9,-0.6,0.7,.027
Kevin Grevey,1977-78,24,WSB,81,2121,15.5,-0.6,0.8,4.4,.099
Kevin Grevey,1978-79,25,WSB,65,1856,14.0,-1.4,0.3,3.4,.087
Kevin Grevey,1979-80,26,WSB,65,1818,13.7,-0.8,0.6,3.3,.088
Kevin Grevey,1980-81,27,WSB,75,2616,14.5,0.6,1.7,5.8,.107
Kevin Grevey,1981-82,28,WSB,71,2164,11.7,-1.2,0.4,3.6,.080
Kevin Grevey,1982-83,29,WSB,41,756,9.5,-2.4,-0.1,1.0,.064
Kevin Grevey,1983-84,30,MIL,64,923,13.1,-1.2,0.2,2.0,.105
Kevin Grevey,1984-85,31,MIL,78,1182,10.7,-1.9,0.0,2.1,.086
Dennis Grey,1968-69,21,LAS,58,1317,9.1,,,0.7,.027
Dennis Grey,1969-70,22,NYA,4,74,3.7,,,-0.2,-0.117
Adrian Griffin,1999-00,25,BOS,72,1927,12.6,0.6,1.3,3.9,.098
Adrian Griffin,2000-01,26,BOS,44,377,10.5,-2.4,0.0,0.4,.056
Adrian Griffin,2001-02,27,DAL,58,1383,14.2,1.3,1.1,3.5,.121
Adrian Griffin,2002-03,28,DAL,74,1373,11.5,-0.3,0.6,2.9,.100
Adrian Griffin,2003-04,29,HOU,19,133,4.5,-1.9,0.0,0.1,.031
Adrian Griffin,2004-05,30,CHI,69,667,10.7,0.6,0.4,1.3,.095
Adrian Griffin,2005-06,31,DAL,52,1245,11.6,0.8,0.9,2.9,.113
Adrian Griffin,2006-07,32,CHI,54,585,10.7,-0.3,0.3,1.3,.103
Adrian Griffin,2007-08,33,2TM,35,307,8.7,-3.0,-0.1,0.0,.001
Adrian Griffin,2007-08,33,CHI,22,222,8.5,-3.8,-0.1,0.0,-0.009
Adrian Griffin,2007-08,33,SEA,13,85,9.3,-1.0,0.0,0.0,.027
AJ Griffin,2022-23,19,ATL,72,1401,12.6,-0.8,0.4,2.2,.075
AJ Griffin,2023-24,20,ATL,20,171,1.2,-9.6,-0.3,-0.4,-0.120
Blake Griffin,2009-10,,Did not play - injury,,,,,,,
Blake Griffin,2010-11,21,LAC,82,3112,21.9,2.6,3.6,9.8,.152
Blake Griffin,2011-12,22,LAC,66,2392,23.4,3.7,3.4,9.2,.185
Blake Griffin,2012-13,23,LAC,80,2598,22.4,4.1,4.0,10.6,.196
Blake Griffin,2013-14,24,LAC,80,2863,23.9,4.5,4.7,12.2,.205
Blake Griffin,2014-15,25,LAC,67,2356,22.8,4.0,3.6,9.0,.183
Blake Griffin,2015-16,26,LAC,35,1170,22.1,4.5,1.9,3.8,.156
Blake Griffin,2016-17,27,LAC,61,2076,22.6,4.7,3.5,7.7,.179
Blake Griffin,2017-18,28,2TM,58,1970,19.6,3.4,2.7,4.9,.120
Blake Griffin,2017-18,28,LAC,33,1139,20.4,3.4,1.6,3.0,.125
Blake Griffin,2017-18,28,DET,25,831,18.5,3.4,1.1,1.9,.113
Blake Griffin,2018-19,29,DET,75,2622,21.0,5.1,4.7,8.0,.147
Blake Griffin,2019-20,30,DET,18,512,11.9,-4.3,-0.3,-0.1,-0.012
Blake Griffin,2020-21,31,2TM,46,1186,12.9,-0.8,0.3,2.0,.081
Blake Griffin,2020-21,31,DET,20,626,9.8,-2.2,-0.1,0.3,.026
Blake Griffin,2020-21,31,BRK,26,560,16.3,0.8,0.4,1.7,.142
Blake Griffin,2021-22,32,BRK,56,958,13.7,-0.5,0.3,2.1,.106
Blake Griffin,2022-23,33,BOS,41,569,13.1,0.1,0.3,1.8,.153
Eddie Griffin,2001-02,19,HOU,73,1896,13.8,-0.9,0.5,2.4,.061
Eddie Griffin,2002-03,20,HOU,77,1890,15.4,0.9,1.4,3.9,.100
Eddie Griffin,2003-04,,Did not play - rehab,,,,,,,
Eddie Griffin,2004-05,22,MIN,70,1492,15.9,0.2,0.8,3.2,.102
Eddie Griffin,2005-06,23,MIN,70,1359,12.2,-1.6,0.1,1.5,.055
Eddie Griffin,2006-07,24,MIN,13,92,5.2,-6.2,-0.1,-0.2,-0.088
Greg Griffin,1977-78,25,PHO,36,422,6.8,-6.5,-0.5,-0.1,-0.011
Paul Griffin,1976-77,23,NOJ,81,1645,13.5,0.5,1.1,4.1,.119
Paul Griffin,1977-78,24,NOJ,82,1853,10.9,-0.1,0.9,2.9,.076
Paul Griffin,1978-79,25,NOJ,77,1398,10.0,-1.5,0.2,1.6,.054
Paul Griffin,1979-80,26,SAS,82,1812,13.2,1.3,1.5,4.4,.116
Paul Griffin,1980-81,27,SAS,82,1930,13.8,1.8,1.8,4.9,.122
Paul Griffin,1981-82,28,SAS,23,459,8.5,-1.5,0.1,0.4,.040
Paul Griffin,1982-83,29,SAS,53,956,8.9,-0.6,0.3,1.4,.068
Taylor Griffin,2009-10,23,PHO,8,32,5.2,-8.1,-0.1,0.0,-0.039
Darrell Griffith,1980-81,22,UTA,81,2867,14.7,-3.2,-0.9,0.4,.006
Darrell Griffith,1981-82,23,UTA,80,2597,15.8,-1.9,0.0,2.1,.038
Darrell Griffith,1982-83,24,UTA,77,2787,15.8,-0.9,0.8,2.8,.048
Darrell Griffith,1983-84,25,UTA,82,2650,16.1,-0.7,0.9,3.5,.063
Darrell Griffith,1984-85,26,UTA,78,2776,15.6,0.0,1.4,3.5,.061
Darrell Griffith,1985-86,,Did not play - injury,,,,,,,
Darrell Griffith,1986-87,28,UTA,76,1843,15.0,0.2,1.0,2.5,.066
Darrell Griffith,1987-88,29,UTA,52,1052,12.7,-2.1,0.0,0.8,.037
Darrell Griffith,1988-89,30,UTA,82,2382,12.3,-1.7,0.2,3.9,.078
Darrell Griffith,1989-90,31,UTA,82,1444,13.6,-0.1,0.7,2.5,.083
Darrell Griffith,1990-91,32,UTA,75,1005,8.6,-4.5,-0.6,0.0,.002
Chuck Grigsby,1952-53,,Did not play - military service,,,,,,,
Chuck Grigsby,1953-54,,Did not play - military service,,,,,,,
Chuck Grigsby,1954-55,26,NYK,7,45,10.2,,,0.0,-0.042
Quentin Grimes,2021-22,21,NYK,46,786,10.7,-0.3,0.3,1.4,.087
Quentin Grimes,2022-23,22,NYK,71,2121,11.7,-0.1,1.0,4.8,.108
Quentin Grimes,2023-24,23,2TM,51,1025,8.9,-2.2,-0.1,1.3,.060
Quentin Grimes,2023-24,23,NYK,45,910,9.5,-1.5,0.1,1.5,.081
Quentin Grimes,2023-24,23,DET,6,115,3.9,-8.1,-0.2,-0.3,-0.109
Quentin Grimes,2024-25,24,2TM,75,2013,15.9,0.4,1.2,3.4,.081
Quentin Grimes,2024-25,24,DAL,47,1070,13.3,-0.3,0.5,1.7,.078
Quentin Grimes,2024-25,24,PHI,28,943,18.8,1.2,0.8,1.6,.083
Derek Grimm,1997-98,23,SAC,9,34,7.9,-2.5,0.0,0.0,-0.012
Woody Grimshaw,1946-47,27,PRO,21,,,,,0.6,
Dick Groat,1952-53,22,FTW,26,663,18.2,,,2.0,.148
Dick Groat,1953-54,,Did not play - military service,,,,,,,
Dick Groat,1954-55,,Did not play - military service,,,,,,,
Bob Gross,1975-76,22,POR,76,1474,15.6,2.5,1.7,3.8,.123
Bob Gross,1976-77,23,POR,82,2232,16.2,3.0,2.8,7.4,.159
Bob Gross,1977-78,24,POR,72,2163,16.9,3.2,2.9,7.1,.158
Bob Gross,1978-79,25,POR,53,1441,14.0,1.4,1.2,2.9,.097
Bob Gross,1979-80,26,POR,62,1581,12.0,-0.6,0.6,1.7,.051
Bob Gross,1980-81,27,POR,82,1934,14.0,1.7,1.8,4.4,.110
Bob Gross,1981-82,28,POR,59,1377,13.8,1.8,1.3,3.1,.108
Bob Gross,1982-83,29,SDC,27,373,8.7,-2.2,0.0,0.2,.032
Mike Grosso,1970-71,,Did not play - injury,,,,,,,
Mike Grosso,1971-72,24,PTC,25,335,10.0,,,-0.1,-0.020
Jerry Grote,1964-65,24,LAL,11,33,14.9,,,0.1,.175
Alex Groza,1949-50,23,INO,64,,,,,17.9,
Alex Groza,1950-51,24,INO,66,,,,,18.0,
Alex Groza,1951-52,,Did not play - suspended,,,,,,,
Dick Grubar,1969-70,22,INA,2,8,20.2,,,0.0,.226
Anthony Grundy,2005-06,26,ATL,12,108,16.6,-0.4,0.0,0.2,.095
Ernie Grunfeld,1977-78,22,MIL,73,1261,12.0,-1.9,0.0,1.4,.055
Ernie Grunfeld,1978-79,23,MIL,82,1778,15.2,-0.2,0.8,4.3,.117
Ernie Grunfeld,1979-80,24,KCK,80,1397,10.9,-1.3,0.3,2.5,.087
Ernie Grunfeld,1980-81,25,KCK,79,1584,13.7,0.1,0.8,3.5,.106
Ernie Grunfeld,1981-82,26,KCK,81,1892,17.2,1.7,1.8,4.3,.110
Ernie Grunfeld,1982-83,27,NYK,77,1422,8.9,-1.8,0.1,2.2,.073
Ernie Grunfeld,1983-84,28,NYK,76,1119,9.6,-2.1,0.0,1.6,.069
Ernie Grunfeld,1984-85,29,NYK,69,1061,14.7,1.1,0.8,2.4,.111
Ernie Grunfeld,1985-86,30,NYK,76,1402,9.8,-1.2,0.3,2.7,.091
Gene Guarilia,1959-60,22,BOS,48,423,7.7,,,0.5,.059
Gene Guarilia,1960-61,23,BOS,25,209,9.7,,,0.3,.060
Gene Guarilia,1961-62,24,BOS,45,367,11.4,,,0.7,.089
Gene Guarilia,1962-63,25,BOS,11,83,3.1,,,-0.2,-0.131
Pétur Guðmundsson,1981-82,23,POR,68,845,7.9,-3.9,-0.4,0.6,.032
Pétur Guðmundsson,1982-83,,Did not play - other pro league,,,,,,,
Pétur Guðmundsson,1983-84,,Did not play - other pro league,,,,,,,
Pétur Guðmundsson,1984-85,,Did not play - other pro league,,,,,,,
Pétur Guðmundsson,1985-86,27,LAL,8,128,13.9,-3.4,0.0,0.3,.130
Pétur Guðmundsson,1986-87,,Did not play - injury,,,,,,,
Pétur Guðmundsson,1987-88,29,SAS,69,1017,12.9,-2.7,-0.2,1.4,.064
Pétur Guðmundsson,1988-89,30,SAS,5,70,2.7,-10.8,-0.2,-0.1,-0.090
Marko Gudurić,2019-20,24,MEM,44,484,8.8,-3.4,-0.2,0.1,.014
Richie Guerin,1954-55,,Did not play - military service,,,,,,,
Richie Guerin,1955-56,,Did not play - military service,,,,,,,
Richie Guerin,1956-57,24,NYK,72,1793,12.9,,,1.7,.046
Richie Guerin,1957-58,25,NYK,63,2368,14.9,,,3.5,.070
Richie Guerin,1958-59,26,NYK,71,2558,19.0,,,8.4,.158
Richie Guerin,1959-60,27,NYK,74,2429,21.5,,,7.4,.146
Richie Guerin,1960-61,28,NYK,79,3023,17.8,,,5.4,.086
Richie Guerin,1961-62,29,NYK,78,3348,21.1,,,12.1,.174
Richie Guerin,1962-63,30,NYK,79,2712,18.8,,,7.2,.128
Richie Guerin,1963-64,31,2TM,80,2366,14.7,,,6.3,.127
Richie Guerin,1963-64,31,NYK,2,26,34.1,,,0.3,.488
Richie Guerin,1963-64,31,STL,78,2340,14.5,,,6.0,.123
Richie Guerin,1964-65,32,STL,57,1678,16.4,,,5.7,.162
Richie Guerin,1965-66,33,STL,80,2363,16.3,,,5.7,.115
Richie Guerin,1966-67,34,STL,80,2275,14.4,,,4.7,.099
Richie Guerin,1967-68,,Did not play - retired,,,,,,,
Richie Guerin,1968-69,36,ATL,27,472,13.5,,,1.2,.119
Richie Guerin,1969-70,37,ATL,8,64,3.5,,,-0.1,-0.049
Mouhamadou Gueye,2023-24,25,TOR,11,120,4.6,-11.9,-0.3,-0.4,-0.147
Mouhamed Gueye,2023-24,21,ATL,6,73,15.0,-1.5,0.0,0.2,.127
Mouhamed Gueye,2024-25,22,ATL,33,533,14.4,-0.6,0.2,1.2,.106
Tom Gugliotta,1992-93,23,WSB,81,2795,14.6,-0.9,0.8,1.6,.028
Tom Gugliotta,1993-94,24,WSB,78,2795,17.9,1.4,2.4,3.8,.066
Tom Gugliotta,1994-95,25,3TM,77,2568,15.2,1.5,2.2,3.5,.065
Tom Gugliotta,1994-95,25,WSB,6,226,18.6,4.2,0.3,0.5,.104
Tom Gugliotta,1994-95,25,GSW,40,1324,12.2,-0.5,0.5,0.9,.034
Tom Gugliotta,1994-95,25,MIN,31,1018,18.4,3.6,1.4,2.1,.097
Tom Gugliotta,1995-96,26,MIN,78,2835,16.9,1.0,2.1,5.3,.089
Tom Gugliotta,1996-97,27,MIN,81,3131,19.0,1.7,2.9,6.7,.103
Tom Gugliotta,1997-98,28,MIN,41,1582,20.5,3.2,2.1,5.0,.151
Tom Gugliotta,1998-99,29,PHO,43,1563,20.0,1.8,1.5,5.4,.165
Tom Gugliotta,1999-00,30,PHO,54,1767,16.4,1.4,1.5,5.2,.140
Tom Gugliotta,2000-01,31,PHO,57,1159,11.1,-2.1,0.0,1.8,.073
Tom Gugliotta,2001-02,32,PHO,44,1129,9.7,-2.2,-0.1,0.9,.040
Tom Gugliotta,2002-03,33,PHO,27,447,10.9,-1.4,0.1,0.4,.043
Tom Gugliotta,2003-04,34,2TM,55,819,9.1,-2.1,0.0,0.3,.019
Tom Gugliotta,2003-04,34,PHO,30,304,5.2,-6.1,-0.3,-0.5,-0.082
Tom Gugliotta,2003-04,34,UTA,25,515,11.4,0.2,0.3,0.8,.079
Tom Gugliotta,2004-05,35,2TM,47,966,9.9,-3.3,-0.3,0.4,.018
Tom Gugliotta,2004-05,35,BOS,20,218,5.7,-3.5,-0.1,0.0,.002
Tom Gugliotta,2004-05,35,ATL,27,748,11.1,-3.2,-0.2,0.3,.022
Andrés Guibert,1993-94,25,MIN,5,33,6.1,-18.5,-0.1,-0.2,-0.243
Andrés Guibert,1994-95,26,MIN,17,167,8.3,-6.8,-0.2,-0.1,-0.020
Jay Guidinger,1992-93,23,CLE,32,215,9.6,-5.1,-0.2,0.3,.067
Jay Guidinger,1993-94,24,CLE,32,131,10.4,-6.2,-0.1,0.1,.042
Coulby Gunther,1946-47,23,PIT,52,,,,,8.4,
Coulby Gunther,1947-48,,Did not play - other pro league,,,,,,,
Coulby Gunther,1948-49,25,STB,32,,,,,0.2,
Dave Gunther,1959-60,,Did not play - other pro league,,,,,,,
Dave Gunther,1960-61,,Did not play - other pro league,,,,,,,
Dave Gunther,1961-62,,Did not play - other pro league,,,,,,,
Dave Gunther,1962-63,25,SFW,1,5,31.6,,,0.0,.204
Al Guokas,1949-50,24,2TM,57,,,,,-1.0,
Al Guokas,1949-50,24,DNN,41,,,,,-1.1,
Al Guokas,1949-50,24,PHW,16,,,,,0.1,
Matt Guokas,1946-47,31,PHW,47,,,,,1.1,
Matt Guokas,1947-48,,Did not play - injury,,,,,,,
Matt Guokas,1966-67,22,PHI,69,808,7.5,,,0.5,.030
Matt Guokas,1967-68,23,PHI,82,1612,10.4,,,4.2,.124
Matt Guokas,1968-69,24,PHI,72,838,8.6,,,1.2,.068
Matt Guokas,1969-70,25,PHI,80,1558,10.2,,,2.5,.078
Matt Guokas,1970-71,26,2TM,79,2213,9.8,,,4.7,.101
Matt Guokas,1970-71,26,PHI,1,5,3.6,,,0.0,.037
Matt Guokas,1970-71,26,CHI,78,2208,9.8,,,4.7,.101
Matt Guokas,1971-72,27,CIN,61,1975,9.9,,,2.3,.057
Matt Guokas,1972-73,28,KCO,79,2846,11.2,,,5.2,.087
Matt Guokas,1973-74,29,3TM,75,1871,9.1,-1.9,0.0,1.5,.040
Matt Guokas,1973-74,29,KCO,9,315,10.0,-2.4,-0.1,0.3,.042
Matt Guokas,1973-74,29,HOU,39,1007,8.6,-1.8,0.0,0.7,.031
Matt Guokas,1973-74,29,BUF,27,549,9.5,-1.6,0.0,0.6,.054
Matt Guokas,1974-75,30,CHI,82,2089,10.0,-1.2,0.4,4.3,.099
Matt Guokas,1975-76,31,2TM,56,793,6.9,-3.6,-0.3,0.3,.021
Matt Guokas,1975-76,31,CHI,18,278,9.8,-2.2,0.0,0.5,.079
Matt Guokas,1975-76,31,KCK,38,515,5.4,-4.4,-0.3,-0.1,-0.010
Jorge Gutiérrez,2013-14,25,BRK,15,244,8.7,-4.9,-0.2,0.2,.048
Jorge Gutiérrez,2014-15,26,2TM,20,175,11.0,-3.5,-0.1,0.3,.088
Jorge Gutiérrez,2014-15,26,BRK,10,44,10.9,-3.7,0.0,0.1,.059
Jorge Gutiérrez,2014-15,26,MIL,10,131,11.1,-3.4,0.0,0.3,.098
Jorge Gutiérrez,2015-16,27,CHO,12,63,19.2,0.6,0.0,0.3,.201
Kyle Guy,2019-20,22,SAC,3,10,6.6,-12.3,0.0,0.0,-0.045
Kyle Guy,2020-21,23,SAC,31,235,8.5,-5.8,-0.2,-0.1,-0.015
Kyle Guy,2021-22,24,MIA,19,186,9.5,-3.4,-0.1,0.1,.035
A.J. Guyton,2000-01,22,CHI,33,630,10.3,-4.0,-0.3,0.3,.020
A.J. Guyton,2001-02,23,CHI,45,607,11.8,-1.6,0.1,0.1,.006
A.J. Guyton,2002-03,24,GSW,2,9,-9.0,-16.4,0.0,-0.1,-0.450
Rui Hachimura,2019-20,21,WAS,48,1444,13.5,-3.2,-0.4,1.8,.060
Rui Hachimura,2020-21,22,WAS,57,1797,11.4,-3.1,-0.5,2.1,.056
Rui Hachimura,2021-22,23,WAS,42,943,14.9,-1.4,0.1,1.4,.073
Rui Hachimura,2022-23,24,2TM,63,1466,13.2,-2.2,-0.1,1.8,.060
Rui Hachimura,2022-23,24,WAS,30,728,13.6,-2.6,-0.1,0.6,.038
Rui Hachimura,2022-23,24,LAL,33,738,12.7,-1.9,0.0,1.2,.081
Rui Hachimura,2023-24,25,LAL,68,1826,15.0,-0.9,0.5,4.1,.108
Rui Hachimura,2024-25,26,LAL,59,1869,13.6,-0.7,0.6,4.3,.110
Rudy Hackett,1975-76,22,SSL,22,414,10.1,-2.8,-0.1,0.4,.045
Rudy Hackett,1976-77,23,2TM,6,46,8.9,-4.4,-0.1,0.0,-0.024
Rudy Hackett,1976-77,23,NYN,1,8,1.9,-5.2,0.0,0.0,-0.277
Rudy Hackett,1976-77,23,IND,5,38,10.4,-4.3,0.0,0.0,.030
Hamed Haddadi,2008-09,23,MEM,19,120,19.7,0.3,0.1,0.4,.142
Hamed Haddadi,2009-10,24,MEM,36,240,7.2,-7.2,-0.3,0.0,-0.002
Hamed Haddadi,2010-11,25,MEM,31,168,19.7,-1.1,0.0,0.6,.164
Hamed Haddadi,2011-12,26,MEM,35,206,16.3,-1.4,0.0,0.6,.131
Hamed Haddadi,2012-13,27,2TM,30,322,10.2,-6.2,-0.3,0.1,.010
Hamed Haddadi,2012-13,27,MEM,13,87,7.4,-5.3,-0.1,0.1,.039
Hamed Haddadi,2012-13,27,PHO,17,235,11.2,-6.5,-0.3,0.0,.000
Jim Hadnot,1967-68,28,OAK,77,3004,18.2,,,6.2,.099
Scott Haffner,1989-90,23,MIA,43,559,8.3,-5.1,-0.4,-0.1,-0.008
Scott Haffner,1990-91,24,CHH,7,50,9.9,-4.1,0.0,-0.1,-0.058
Cliff Hagan,1953-54,,Did not play - military service,,,,,,,
Cliff Hagan,1954-55,,Did not play - military service,,,,,,,
Cliff Hagan,1955-56,,Did not play - military service,,,,,,,
Cliff Hagan,1956-57,25,STL,67,971,12.3,,,1.3,.065
Cliff Hagan,1957-58,26,STL,70,2190,22.6,,,10.0,.220
Cliff Hagan,1958-59,27,STL,72,2702,22.7,,,11.7,.209
Cliff Hagan,1959-60,28,STL,75,2798,22.1,,,11.8,.203
Cliff Hagan,1960-61,29,STL,77,2701,20.1,,,10.8,.193
Cliff Hagan,1961-62,30,STL,77,2784,19.6,,,8.5,.146
Cliff Hagan,1962-63,31,STL,79,1716,21.2,,,6.5,.183
Cliff Hagan,1963-64,32,STL,77,2279,16.9,,,6.0,.126
Cliff Hagan,1964-65,33,STL,77,1739,16.5,,,4.7,.129
Cliff Hagan,1965-66,34,STL,74,1851,14.8,,,3.7,.095
Cliff Hagan,1966-67,,Did not play - retired,,,,,,,
Cliff Hagan,1967-68,36,DLC,56,1737,21.5,,,7.1,.196
Cliff Hagan,1968-69,37,DLC,35,579,26.1,,,3.0,.247
Cliff Hagan,1969-70,38,DLC,3,27,21.9,,,0.1,.226
Glenn Hagan,1978-79,,Did not play - other pro league,,,,,,,
Glenn Hagan,1979-80,,Did not play - other pro league,,,,,,,
Glenn Hagan,1980-81,,Did not play - other pro league,,,,,,,
Glenn Hagan,1981-82,26,DET,4,25,18.1,-2.7,0.0,0.1,.201
Tom Hagan,1969-70,23,DLC,24,226,13.4,,,0.6,.118
Tom Hagan,1970-71,24,2TM,49,690,9.9,,,0.5,.036
Tom Hagan,1970-71,24,TEX,45,656,10.5,,,0.6,.047
Tom Hagan,1970-71,24,KEN,4,34,-0.6,,,-0.1,-0.189
Ashton Hagans,2020-21,21,MIN,2,4,-12.4,-21.1,0.0,0.0,-0.353
Ashton Hagans,2021-22,,Did not play - other pro league,,,,,,,
Ashton Hagans,2022-23,,Did not play - other pro league,,,,,,,
Ashton Hagans,2023-24,24,POR,19,316,8.5,-3.5,-0.1,0.0,.006
Robert Hahn,1949-50,24,CHS,10,,,,,0.1,
Al Hairston,1968-69,23,SEA,39,274,6.6,,,-0.5,-0.087
Al Hairston,1969-70,24,SEA,3,20,14.7,,,0.0,-0.008
Happy Hairston,1964-65,22,CIN,61,736,15.0,,,0.4,.027
Happy Hairston,1965-66,23,CIN,72,1794,16.8,,,5.3,.142
Happy Hairston,1966-67,24,CIN,79,2442,13.8,,,5.1,.101
Happy Hairston,1967-68,25,2TM,74,2517,16.0,,,6.5,.124
Happy Hairston,1967-68,25,CIN,48,1625,15.2,,,4.0,.117
Happy Hairston,1967-68,25,DET,26,892,17.3,,,2.5,.137
Happy Hairston,1968-69,26,DET,81,2889,17.2,,,7.0,.116
Happy Hairston,1969-70,27,2TM,70,2427,18.4,,,8.8,.174
Happy Hairston,1969-70,27,DET,15,282,19.5,,,1.1,.191
Happy Hairston,1969-70,27,LAL,55,2145,18.3,,,7.7,.172
Happy Hairston,1970-71,28,LAL,80,2921,16.2,,,7.2,.119
Happy Hairston,1971-72,29,LAL,80,2748,15.7,,,9.2,.161
Happy Hairston,1972-73,30,LAL,28,939,20.0,,,4.2,.214
Happy Hairston,1973-74,31,LAL,77,2634,17.2,0.7,1.8,9.3,.170
Happy Hairston,1974-75,32,LAL,74,2283,16.2,0.3,1.3,7.0,.146
Lindsay Hairston,1975-76,24,DET,47,651,14.8,-1.7,0.1,1.0,.075
Malik Hairston,2008-09,21,SAS,15,155,12.0,-2.0,0.0,0.1,.045
Malik Hairston,2009-10,22,SAS,47,317,11.6,-1.9,0.0,0.7,.107
P.J. Hairston,2014-15,22,CHO,45,687,8.9,-2.9,-0.1,0.3,.022
P.J. Hairston,2015-16,23,2TM,66,1313,6.9,-4.5,-0.8,0.6,.020
P.J. Hairston,2015-16,23,CHO,48,938,7.4,-3.5,-0.4,0.9,.044
P.J. Hairston,2015-16,23,MEM,18,375,5.7,-7.0,-0.5,-0.3,-0.039
Marcus Haislip,2002-03,22,MIL,39,441,9.6,-5.9,-0.4,0.0,-0.003
Marcus Haislip,2003-04,23,MIL,31,263,14.6,-0.9,0.1,0.6,.113
Marcus Haislip,2004-05,24,IND,9,106,4.0,-9.9,-0.2,-0.2,-0.081
Marcus Haislip,2005-06,,Did not play - other pro league,,,,,,,
Marcus Haislip,2006-07,,Did not play - other pro league,,,,,,,
Marcus Haislip,2007-08,,Did not play - other pro league,,,,,,,
Marcus Haislip,2008-09,,Did not play - other pro league,,,,,,,
Marcus Haislip,2009-10,29,SAS,10,44,15.4,-2.2,0.0,0.1,.065
Chick Halbert,1946-47,27,CHS,61,,,,,7.4,
Chick Halbert,1947-48,28,2TM,46,,,,,3.3,
Chick Halbert,1947-48,28,CHS,6,,,,,-0.2,
Chick Halbert,1947-48,28,PHW,40,,,,,3.5,
Chick Halbert,1948-49,29,2TM,60,,,,,2.9,
Chick Halbert,1948-49,29,BOS,33,,,,,1.7,
Chick Halbert,1948-49,29,PRO,27,,,,,1.3,
Chick Halbert,1949-50,30,WSC,68,,,,,3.6,
Chick Halbert,1950-51,31,2TM,68,,,,,4.4,
Chick Halbert,1950-51,31,WSC,35,,,,,1.8,
Chick Halbert,1950-51,31,BLB,33,,,,,2.6,
Swede Halbrook,1956-57,,Did not play - other pro league,,,,,,,
Swede Halbrook,1957-58,,Did not play - other pro league,,,,,,,
Swede Halbrook,1958-59,,Did not play - other pro league,,,,,,,
Swede Halbrook,1959-60,,Did not play - other pro league,,,,,,,
Swede Halbrook,1960-61,28,SYR,79,1131,8.9,,,-0.3,-0.015
Swede Halbrook,1961-62,29,SYR,64,908,11.7,,,0.6,.033
Bruce Hale,1948-49,30,2TM,52,,,,,4.4,
Bruce Hale,1948-49,30,INJ,18,,,,,1.8,
Bruce Hale,1948-49,30,FTW,34,,,,,2.6,
Bruce Hale,1949-50,31,INO,64,,,,,5.1,
Bruce Hale,1950-51,32,INO,26,,,,,-0.4,
Hal Hale,1967-68,22,HSM,72,1706,5.6,,,1.0,.027
Jack Haley,1987-88,,Did not play - other pro league,,,,,,,
Jack Haley,1988-89,25,CHI,51,289,9.9,-6.0,-0.3,0.4,.064
Jack Haley,1989-90,26,2TM,67,1084,8.5,-7.1,-1.4,0.3,.013
Jack Haley,1989-90,26,CHI,11,58,12.3,-4.9,0.0,0.0,.040
Jack Haley,1989-90,26,NJN,56,1026,8.2,-7.2,-1.4,0.3,.012
Jack Haley,1990-91,27,NJN,78,1178,11.8,-4.6,-0.8,2.2,.090
Jack Haley,1991-92,28,LAL,49,394,3.6,-10.4,-0.8,-0.3,-0.034
Jack Haley,1992-93,,Did not play - injury,,,,,,,
Jack Haley,1993-94,30,SAS,28,94,12.8,-10.7,-0.2,0.1,.054
Jack Haley,1994-95,31,SAS,31,117,11.9,-10.3,-0.2,0.0,.010
Jack Haley,1995-96,32,CHI,1,7,1.8,-22.4,0.0,0.0,-0.228
Jack Haley,1996-97,33,NJN,20,74,19.6,-3.4,0.0,0.2,.149
Jack Haley,1997-98,34,NJN,16,51,7.2,-12.2,-0.1,0.0,-0.034
Tyrese Haliburton,2020-21,20,SAC,58,1746,16.2,1.4,1.5,3.5,.096
Tyrese Haliburton,2021-22,21,2TM,77,2695,18.2,2.6,3.1,7.0,.125
Tyrese Haliburton,2021-22,21,SAC,51,1757,17.0,2.6,2.0,4.0,.109
Tyrese Haliburton,2021-22,21,IND,26,938,20.5,2.8,1.1,3.0,.156
Tyrese Haliburton,2022-23,22,IND,56,1883,23.6,7.2,4.4,7.6,.195
Tyrese Haliburton,2023-24,23,IND,69,2224,23.3,6.9,5.0,9.0,.195
Tyrese Haliburton,2024-25,24,IND,73,2451,21.8,5.8,4.9,10.4,.204
Shaler Halimon,1968-69,23,PHI,50,350,13.2,,,0.3,.034
Shaler Halimon,1969-70,24,CHI,38,517,11.4,,,0.0,-0.001
Shaler Halimon,1970-71,25,2TM,81,1652,12.0,,,-0.3,-0.009
Shaler Halimon,1970-71,25,CHI,2,23,-4.2,,,-0.1,-0.285
Shaler Halimon,1970-71,25,POR,79,1629,12.2,,,-0.2,-0.005
Shaler Halimon,1971-72,26,2TM,56,774,13.2,,,0.8,.052
Shaler Halimon,1971-72,26,ATL,1,4,-4.5,,,0.0,.007
Shaler Halimon,1971-72,26,DLC,55,770,13.3,,,0.8,.052
Shaler Halimon,1972-73,27,DLC,29,355,6.6,,,-0.3,-0.038
Devon Hall,2019-20,24,OKC,11,81,3.1,-6.7,-0.1,-0.2,-0.116
Donta Hall,2019-20,22,2TM,9,133,13.6,-3.9,-0.1,0.4,.137
Donta Hall,2019-20,22,DET,4,48,7.3,-7.0,-0.1,0.1,.067
Donta Hall,2019-20,22,BRK,5,85,17.2,-2.1,0.0,0.3,.177
Donta Hall,2020-21,23,ORL,13,179,22.3,1.6,0.2,0.8,.223
Jordan Hall,2022-23,21,SAS,9,83,5.5,-7.6,-0.1,-0.1,-0.077
Jordan Hall,2023-24,,Did not play - other pro league,,,,,,,
Josh Hall,2020-21,20,OKC,21,336,1.0,-11.9,-0.8,-0.9,-0.126
Mike Hall,2006-07,22,WAS,2,13,3.1,-8.8,0.0,0.0,-0.073
PJ Hall,2024-25,22,DEN,19,66,18.3,-1.3,0.0,0.2,.168
Tyler Hall,2021-22,24,NYK,1,2,0.0,-8.5,0.0,0.0,.007
Jeff Halliburton,1971-72,22,ATL,37,288,12.4,,,0.4,.073
Jeff Halliburton,1972-73,23,2TM,55,787,14.5,,,0.9,.056
Jeff Halliburton,1972-73,23,ATL,24,238,13.4,,,0.3,.065
Jeff Halliburton,1972-73,23,PHI,31,549,15.0,,,0.6,.052
Darvin Ham,1996-97,23,2TM,36,318,8.5,-4.5,-0.2,0.1,.018
Darvin Ham,1996-97,23,DEN,35,313,8.2,-4.7,-0.2,0.1,.018
Darvin Ham,1996-97,23,IND,1,5,22.5,8.9,0.0,0.0,.059
Darvin Ham,1997-98,24,WAS,71,635,9.2,-4.0,-0.3,0.9,.069
Darvin Ham,1998-99,,Did not play - other pro league,,,,,,,
Darvin Ham,1999-00,26,MIL,35,792,12.8,0.0,0.4,1.7,.101
Darvin Ham,2000-01,27,MIL,29,540,10.1,-2.5,-0.1,0.9,.079
Darvin Ham,2001-02,28,MIL,70,1208,9.7,-3.6,-0.5,1.2,.050
Darvin Ham,2002-03,29,ATL,75,926,5.5,-5.9,-0.9,-0.4,-0.021
Darvin Ham,2003-04,30,DET,54,484,8.3,-3.1,-0.1,0.9,.087
Darvin Ham,2004-05,31,DET,47,275,5.6,-4.2,-0.1,0.3,.055
Steve Hamer,1996-97,23,BOS,35,268,8.9,-6.5,-0.3,0.2,.031
Dale Hamilton,1949-50,30,WAT,14,,,,,-0.3,
Daniel Hamilton,2017-18,22,OKC,6,28,18.2,2.3,0.0,0.1,.169
Daniel Hamilton,2018-19,23,ATL,19,204,7.1,-4.1,-0.1,-0.1,-0.024
Dennis Hamilton,1967-68,23,LAL,44,378,10.6,,,0.7,.092
Dennis Hamilton,1968-69,24,ATL,25,141,16.1,,,0.5,.163
Dennis Hamilton,1969-70,25,PTP,72,1331,12.4,,,2.8,.099
Dennis Hamilton,1970-71,26,KEN,3,11,-2.0,,,0.0,.099
Joe Hamilton,1970-71,22,TEX,84,2564,14.9,,,4.1,.076
Joe Hamilton,1971-72,23,DLC,82,1959,13.8,,,2.9,.072
Joe Hamilton,1972-73,24,DLC,83,2359,11.8,,,2.2,.044
Joe Hamilton,1973-74,25,2TM,73,1961,12.4,-0.9,0.5,2.9,.071
Joe Hamilton,1973-74,25,SAA,43,1415,11.9,-1.4,0.2,1.7,.057
Joe Hamilton,1973-74,25,KEN,30,546,13.7,0.4,0.3,1.2,.107
Joe Hamilton,1974-75,26,KEN,9,124,8.7,-2.7,0.0,0.2,.060
Joe Hamilton,1975-76,27,UTS,13,131,16.4,-1.4,0.1,0.2,.081
Jordan Hamilton,2011-12,21,DEN,26,258,13.9,0.1,0.1,0.3,.055
Jordan Hamilton,2012-13,22,DEN,40,397,16.9,0.9,0.3,0.8,.100
Jordan Hamilton,2013-14,23,2TM,60,1019,12.7,0.7,0.7,1.6,.073
Jordan Hamilton,2013-14,23,DEN,39,670,13.2,1.6,0.6,1.0,.069
Jordan Hamilton,2013-14,23,HOU,21,349,11.7,-1.0,0.1,0.6,.080
Jordan Hamilton,2014-15,24,LAC,14,122,8.3,-2.4,0.0,0.1,.059
Jordan Hamilton,2015-16,25,NOP,11,304,12.4,-3.3,-0.1,0.2,.030
Justin Hamilton,2012-13,,Did not play - other pro league,,,,,,,
Justin Hamilton,2013-14,23,2TM,8,72,11.9,-3.8,0.0,0.1,.089
Justin Hamilton,2013-14,23,CHA,1,4,0.0,-8.3,0.0,0.0,-0.190
Justin Hamilton,2013-14,23,MIA,7,68,12.6,-3.5,0.0,0.1,.105
Justin Hamilton,2014-15,24,2TM,41,712,14.6,-0.8,0.2,1.5,.102
Justin Hamilton,2014-15,24,MIA,24,289,9.7,-3.2,-0.1,0.4,.069
Justin Hamilton,2014-15,24,MIN,17,423,18.0,0.7,0.3,1.1,.125
Justin Hamilton,2015-16,,Did not play - other pro league,,,,,,,
Justin Hamilton,2016-17,26,BRK,64,1177,13.6,-0.8,0.4,2.1,.084
Ralph Hamilton,1948-49,27,2TM,48,,,,,-1.4,
Ralph Hamilton,1948-49,27,FTW,10,,,,,-0.3,
Ralph Hamilton,1948-49,27,INJ,38,,,,,-1.1,
Richard Hamilton,1999-00,21,WAS,71,1373,11.6,-3.7,-0.6,0.7,.024
Richard Hamilton,2000-01,22,WAS,78,2519,15.7,-2.2,-0.1,2.4,.046
Richard Hamilton,2001-02,23,WAS,63,2203,16.9,-0.9,0.6,4.0,.087
Richard Hamilton,2002-03,24,DET,82,2640,18.7,0.4,1.6,7.3,.132
Richard Hamilton,2003-04,25,DET,78,2772,16.8,1.2,2.3,8.1,.141
Richard Hamilton,2004-05,26,DET,76,2926,16.0,0.3,1.7,7.4,.121
Richard Hamilton,2005-06,27,DET,80,2825,18.2,0.8,2.0,7.6,.130
Richard Hamilton,2006-07,28,DET,75,2763,18.1,1.2,2.2,8.1,.141
Richard Hamilton,2007-08,29,DET,72,2424,18.2,2.3,2.6,7.7,.152
Richard Hamilton,2008-09,30,DET,67,2279,16.9,0.1,1.2,4.5,.095
Richard Hamilton,2009-10,31,DET,46,1552,14.9,-2.1,0.0,1.4,.043
Richard Hamilton,2010-11,32,DET,55,1498,15.8,-1.6,0.1,1.8,.059
Richard Hamilton,2011-12,33,CHI,28,697,13.2,-1.7,0.1,1.3,.092
Richard Hamilton,2012-13,34,CHI,50,1088,10.6,-4.0,-0.6,0.4,.016
Roy Hamilton,1979-80,22,DET,72,1116,9.1,-4.3,-0.6,-0.4,-0.016
Roy Hamilton,1980-81,23,POR,1,5,10.4,-4.8,0.0,0.0,-0.127
Steve Hamilton,1958-59,24,MNL,67,847,9.6,,,0.7,.037
Steve Hamilton,1959-60,25,MNL,15,247,8.2,,,0.3,.049
Tang Hamilton,2001-02,23,MIA,9,98,10.9,-0.2,0.0,0.2,.120
Thomas Hamilton,1995-96,20,BOS,11,70,4.3,-14.7,-0.2,-0.3,-0.213
Thomas Hamilton,1996-97,,Did not play - waived,,,,,,,
Thomas Hamilton,1997-98,,Did not play - waived,,,,,,,
Thomas Hamilton,1998-99,,Did not play - waived,,,,,,,
Thomas Hamilton,1999-00,24,HOU,22,273,11.4,-4.0,-0.1,0.0,.002
Zendon Hamilton,2000-01,25,LAC,3,19,5.7,-15.0,-0.1,0.0,-0.119
Zendon Hamilton,2001-02,26,DEN,54,848,13.5,-5.2,-0.7,1.1,.061
Zendon Hamilton,2002-03,27,TOR,3,12,17.7,-3.1,0.0,0.0,.107
Zendon Hamilton,2003-04,28,PHI,46,473,15.9,-1.5,0.1,1.8,.178
Zendon Hamilton,2004-05,29,MIL,16,159,10.4,-5.5,-0.1,0.1,.038
Zendon Hamilton,2005-06,30,2TM,12,49,17.6,-1.6,0.0,0.1,.098
Zendon Hamilton,2005-06,30,CLE,11,46,18.2,-1.3,0.0,0.1,.108
Zendon Hamilton,2005-06,30,PHI,1,3,8.2,-7.3,0.0,0.0,-0.057
Geert Hammink,1993-94,24,ORL,1,3,20.0,-3.2,0.0,0.0,.101
Geert Hammink,1994-95,25,ORL,1,7,20.1,2.5,0.0,0.0,.258
Geert Hammink,1995-96,26,2TM,6,17,10.5,-6.4,0.0,0.0,.017
Geert Hammink,1995-96,26,ORL,3,7,9.1,-14.9,0.0,0.0,-0.150
Geert Hammink,1995-96,26,GSW,3,10,11.4,-0.4,0.0,0.0,.134
Julian Hammond,1967-68,24,DNR,74,1364,17.5,,,5.1,.179
Julian Hammond,1968-69,25,DNR,78,2335,15.0,,,6.6,.135
Julian Hammond,1969-70,26,DNR,69,1847,15.9,,,5.7,.147
Julian Hammond,1970-71,27,DNR,83,2082,17.9,,,6.7,.155
Julian Hammond,1971-72,28,DNR,25,411,13.4,,,0.8,.097
Tom Hammonds,1989-90,22,WSB,61,805,10.5,-4.9,-0.6,0.5,.031
Tom Hammonds,1990-91,23,WSB,70,1023,9.6,-4.7,-0.7,0.8,.038
Tom Hammonds,1991-92,24,WSB,37,984,11.2,-3.9,-0.5,0.6,.027
Tom Hammonds,1992-93,25,2TM,54,713,9.9,-2.9,-0.2,0.8,.055
Tom Hammonds,1992-93,25,CHH,19,142,8.3,-4.7,-0.1,0.1,.038
Tom Hammonds,1992-93,25,DEN,35,571,10.3,-2.5,-0.1,0.7,.059
Tom Hammonds,1993-94,26,DEN,74,877,12.4,-1.3,0.2,2.2,.118
Tom Hammonds,1994-95,27,DEN,70,956,14.7,-2.1,0.0,2.6,.129
Tom Hammonds,1995-96,28,DEN,71,1045,11.2,-3.8,-0.5,1.8,.081
Tom Hammonds,1996-97,29,DEN,81,1758,10.1,-4.8,-1.2,1.7,.046
Tom Hammonds,1997-98,30,MIN,57,1140,12.1,-2.7,-0.2,2.4,.102
Tom Hammonds,1998-99,31,MIN,49,716,9.4,-5.0,-0.6,1.0,.065
Tom Hammonds,1999-00,32,MIN,56,372,9.9,-5.5,-0.3,0.5,.061
Tom Hammonds,2000-01,33,MIN,7,30,-4.9,-17.5,-0.1,-0.1,-0.187
A.J. Hammons,2016-17,24,DAL,22,163,8.4,-6.6,-0.2,0.0,-0.001
Joe Hamood,1967-68,24,HSM,76,1839,10.1,,,0.3,.009
R.J. Hampton,2020-21,19,2TM,51,888,11.1,-3.8,-0.4,0.4,.021
R.J. Hampton,2020-21,19,DEN,25,233,7.7,-5.3,-0.2,0.1,.030
R.J. Hampton,2020-21,19,ORL,26,655,12.3,-3.3,-0.2,0.2,.018
R.J. Hampton,2021-22,20,ORL,64,1402,8.5,-4.1,-0.7,-0.2,-0.005
R.J. Hampton,2022-23,21,2TM,47,750,10.8,-2.9,-0.2,0.7,.042
R.J. Hampton,2022-23,21,ORL,26,361,12.5,-1.2,0.1,0.6,.077
R.J. Hampton,2022-23,21,DET,21,389,9.3,-4.4,-0.2,0.1,.010
R.J. Hampton,2023-24,22,MIA,8,76,0.9,-9.5,-0.1,-0.1,-0.038
Darrin Hancock,1994-95,23,CHH,46,424,11.2,-2.3,0.0,0.4,.049
Darrin Hancock,1995-96,24,CHH,63,838,10.0,-3.8,-0.4,0.5,.028
Darrin Hancock,1996-97,25,3TM,24,133,11.9,-3.2,0.0,0.2,.062
Darrin Hancock,1996-97,25,MIL,9,39,1.1,-7.5,-0.1,-0.1,-0.093
Darrin Hancock,1996-97,25,ATL,14,86,16.2,-1.2,0.0,0.2,.113
Darrin Hancock,1996-97,25,SAS,1,8,18.3,-3.7,0.0,0.0,.274
Ben Handlogten,2003-04,30,UTA,17,172,17.1,-2.0,0.0,0.6,.168
Ben Handlogten,2004-05,31,UTA,21,297,10.3,-4.8,-0.2,0.3,.041
Cecil Hankins,1946-47,25,STB,55,,,,,3.8,
Cecil Hankins,1947-48,26,BOS,25,,,,,-0.4,
Phil Hankinson,1973-74,22,BOS,28,163,18.1,-1.6,0.1,0.5,.143
Phil Hankinson,1974-75,23,BOS,3,24,16.9,-3.2,0.0,0.1,.146
Dusty Hannahs,2018-19,25,MEM,2,26,4.5,-9.7,-0.1,-0.1,-0.125
Dusty Hannahs,2019-20,26,MEM,2,13,21.3,3.1,0.0,0.0,.146
Alex Hannum,1948-49,,Did not play - other pro league,,,,,,,
Alex Hannum,1949-50,26,SYR,64,,,,,5.1,
Alex Hannum,1950-51,27,SYR,63,,,,,1.7,
Alex Hannum,1951-52,28,2TM,66,1508,11.6,,,1.7,.053
Alex Hannum,1951-52,28,BLB,35,958,10.1,,,0.4,.020
Alex Hannum,1951-52,28,ROC,31,550,14.2,,,1.3,.110
Alex Hannum,1952-53,29,ROC,68,1288,9.6,,,1.6,.059
Alex Hannum,1953-54,30,ROC,72,1707,9.6,,,2.1,.058
Alex Hannum,1954-55,31,MLH,53,1088,9.1,,,0.5,.024
Alex Hannum,1955-56,32,STL,71,1480,7.9,,,0.4,.012
Alex Hannum,1956-57,33,2TM,59,642,6.6,,,0.0,.004
Alex Hannum,1956-57,33,FTW,22,219,8.2,,,0.1,.028
Alex Hannum,1956-57,33,STL,37,423,5.8,,,-0.1,-0.009
Rollen Hans,1953-54,22,BLB,67,1556,11.6,,,0.6,.018
Rollen Hans,1954-55,23,BLB,13,178,,,,,
Ben Hansbrough,2012-13,25,IND,28,200,7.2,-4.2,-0.1,0.2,.044
Tyler Hansbrough,2009-10,24,IND,29,511,14.6,-3.3,-0.2,0.7,.070
Tyler Hansbrough,2010-11,25,IND,70,1535,16.4,-1.9,0.0,3.8,.118
Tyler Hansbrough,2011-12,26,IND,66,1442,14.7,-1.8,0.1,3.9,.129
Tyler Hansbrough,2012-13,27,IND,81,1366,15.3,-1.9,0.0,4.4,.154
Tyler Hansbrough,2013-14,28,TOR,64,978,14.2,-1.9,0.0,3.0,.149
Tyler Hansbrough,2014-15,29,TOR,74,1058,13.3,-1.3,0.2,3.4,.156
Tyler Hansbrough,2015-16,30,CHO,44,343,12.5,-3.8,-0.1,1.0,.134
Bob Hansen,1983-84,23,UTA,55,419,7.6,-5.6,-0.4,-0.1,-0.008
Bob Hansen,1984-85,24,UTA,54,646,10.0,-3.6,-0.3,0.7,.049
Bob Hansen,1985-86,25,UTA,82,2032,10.1,-2.5,-0.3,2.5,.058
Bob Hansen,1986-87,26,UTA,72,1453,12.4,-2.1,0.0,2.6,.085
Bob Hansen,1987-88,27,UTA,81,1796,12.9,-0.7,0.6,4.4,.118
Bob Hansen,1988-89,28,UTA,46,964,9.7,-2.1,0.0,1.7,.083
Bob Hansen,1989-90,29,UTA,81,2174,8.5,-2.1,-0.1,2.8,.062
Bob Hansen,1990-91,30,SAC,36,811,8.1,-3.4,-0.3,-0.1,-0.004
Bob Hansen,1991-92,31,2TM,68,809,5.7,-4.2,-0.4,0.9,.053
Bob Hansen,1991-92,31,SAC,2,40,5.3,-6.3,0.0,0.0,.033
Bob Hansen,1991-92,31,CHI,66,769,5.8,-4.1,-0.4,0.9,.054
Glenn Hansen,1975-76,23,KCK,66,1145,11.2,-3.1,-0.3,0.8,.032
Glenn Hansen,1976-77,24,KCK,41,289,15.3,-2.2,0.0,0.4,.063
Glenn Hansen,1977-78,25,2TM,5,13,-16.4,-5.3,-0.1,-0.1,-0.470
Glenn Hansen,1977-78,25,CHI,2,4,-28.8,-5.4,0.0,-0.1,-0.773
Glenn Hansen,1977-78,25,KCK,3,9,-10.9,-5.3,0.0,-0.1,-0.336
Lars Hansen,1976-77,,Did not play - other pro league,,,,,,,
Lars Hansen,1977-78,,Did not play - other pro league,,,,,,,
Lars Hansen,1978-79,24,SEA,15,205,13.6,-1.3,0.1,0.6,.149
Travis Hansen,2003-04,25,ATL,41,507,7.2,-6.2,-0.5,0.2,.019
Reggie Hanson,1997-98,29,BOS,8,26,6.9,-5.6,0.0,0.0,.001
Bill Hanzlik,1980-81,23,SEA,74,1259,11.0,-0.7,0.4,2.4,.091
Bill Hanzlik,1981-82,24,SEA,81,1974,9.6,-0.6,0.7,4.1,.100
Bill Hanzlik,1982-83,25,DEN,82,1547,10.6,-2.5,-0.2,1.0,.030
Bill Hanzlik,1983-84,26,DEN,80,1469,10.6,-2.1,0.0,1.9,.062
Bill Hanzlik,1984-85,27,DEN,80,1673,10.5,-2.7,-0.3,2.2,.063
Bill Hanzlik,1985-86,28,DEN,79,1982,15.3,0.4,1.2,4.7,.115
Bill Hanzlik,1986-87,29,DEN,73,1990,13.9,-0.8,0.6,3.5,.085
Bill Hanzlik,1987-88,30,DEN,77,1334,8.2,-2.8,-0.3,1.3,.046
Bill Hanzlik,1988-89,31,DEN,41,701,8.6,-3.1,-0.2,0.7,.047
Bill Hanzlik,1989-90,32,DEN,81,1605,10.3,-1.1,0.3,2.9,.086
Luke Harangody,2010-11,23,2TM,49,640,10.1,-3.7,-0.3,0.6,.048
Luke Harangody,2010-11,23,BOS,28,241,8.7,-5.2,-0.2,0.4,.075
Luke Harangody,2010-11,23,CLE,21,399,11.0,-2.8,-0.1,0.3,.032
Luke Harangody,2011-12,24,CLE,21,231,10.4,-3.0,-0.1,0.2,.046
Anfernee Hardaway,1993-94,22,ORL,82,3015,17.4,2.9,3.8,7.1,.112
Anfernee Hardaway,1994-95,23,ORL,77,2901,20.8,4.1,4.5,10.7,.177
Anfernee Hardaway,1995-96,24,ORL,82,3015,24.6,7.2,6.9,14.4,.229
Anfernee Hardaway,1996-97,25,ORL,59,2221,21.4,4.9,3.9,8.1,.175
Anfernee Hardaway,1997-98,26,ORL,19,625,15.9,1.2,0.5,1.1,.085
Anfernee Hardaway,1998-99,27,ORL,50,1944,16.7,2.8,2.3,5.0,.122
Anfernee Hardaway,1999-00,28,PHO,60,2253,17.9,3.5,3.1,7.8,.165
Anfernee Hardaway,2000-01,29,PHO,4,112,16.6,3.0,0.1,0.4,.155
Anfernee Hardaway,2001-02,30,PHO,80,2462,13.9,-0.4,1.0,2.9,.056
Anfernee Hardaway,2002-03,31,PHO,58,1777,13.0,0.0,0.9,2.3,.062
Anfernee Hardaway,2003-04,32,2TM,76,2095,11.8,-1.7,0.1,2.0,.046
Anfernee Hardaway,2003-04,32,PHO,34,876,13.2,-0.7,0.3,1.3,.069
Anfernee Hardaway,2003-04,32,NYK,42,1219,10.8,-2.5,-0.1,0.7,.029
Anfernee Hardaway,2004-05,33,NYK,37,894,9.0,-3.3,-0.3,0.2,.009
Anfernee Hardaway,2005-06,34,NYK,4,72,2.0,-5.7,-0.1,-0.2,-0.101
Anfernee Hardaway,2006-07,,Did not play - retired,,,,,,,
Anfernee Hardaway,2007-08,36,MIA,16,325,9.0,-1.1,0.1,0.2,.036
Tim Hardaway,1989-90,23,GSW,79,2663,16.0,-0.2,1.2,3.3,.060
Tim Hardaway,1990-91,24,GSW,82,3215,20.9,4.4,5.2,9.9,.148
Tim Hardaway,1991-92,25,GSW,81,3332,19.1,2.8,4.1,9.2,.132
Tim Hardaway,1992-93,26,GSW,66,2609,19.7,3.6,3.7,7.5,.138
Tim Hardaway,1993-94,,Did not play - injury,,,,,,,
Tim Hardaway,1994-95,28,GSW,62,2321,18.3,2.6,2.7,5.1,.105
Tim Hardaway,1995-96,29,2TM,80,2534,18.7,3.1,3.3,7.3,.139
Tim Hardaway,1995-96,29,GSW,52,1487,18.5,2.5,1.7,3.9,.127
Tim Hardaway,1995-96,29,MIA,28,1047,19.1,4.0,1.6,3.4,.154
Tim Hardaway,1996-97,30,MIA,81,3136,20.8,6.2,6.5,12.9,.198
Tim Hardaway,1997-98,31,MIA,81,3031,20.6,5.2,5.5,11.7,.185
Tim Hardaway,1998-99,32,MIA,48,1772,18.8,3.3,2.4,5.4,.146
Tim Hardaway,1999-00,33,MIA,52,1672,16.4,1.8,1.6,4.3,.123
Tim Hardaway,2000-01,34,MIA,77,2613,16.7,2.4,2.9,6.4,.118
Tim Hardaway,2001-02,35,2TM,68,1601,13.6,-0.5,0.6,1.8,.053
Tim Hardaway,2001-02,35,DAL,54,1276,13.4,-0.6,0.4,1.6,.059
Tim Hardaway,2001-02,35,DEN,14,325,14.2,-0.1,0.2,0.2,.029
Tim Hardaway,2002-03,36,IND,10,127,14.7,1.0,0.1,0.2,.081
Tim Hardaway Jr.,2013-14,21,NYK,81,1875,12.7,-1.8,0.1,3.1,.080
Tim Hardaway Jr.,2014-15,22,NYK,70,1681,12.1,-2.8,-0.3,0.8,.023
Tim Hardaway Jr.,2015-16,23,ATL,51,864,11.7,-0.9,0.2,1.9,.105
Tim Hardaway Jr.,2016-17,24,ATL,79,2154,15.2,0.5,1.4,4.8,.107
Tim Hardaway Jr.,2017-18,25,NYK,57,1885,14.4,-0.6,0.7,2.6,.067
Tim Hardaway Jr.,2018-19,26,2TM,65,2057,13.6,-2.0,0.0,1.8,.043
Tim Hardaway Jr.,2018-19,26,NYK,46,1499,14.4,-1.6,0.2,1.5,.048
Tim Hardaway Jr.,2018-19,26,DAL,19,558,11.6,-3.2,-0.2,0.4,.030
Tim Hardaway Jr.,2019-20,27,DAL,71,2091,14.5,-0.1,1.0,4.4,.102
Tim Hardaway Jr.,2020-21,28,DAL,70,1985,15.7,0.4,1.2,4.3,.105
Tim Hardaway Jr.,2021-22,29,DAL,42,1245,12.7,-0.2,0.6,2.0,.077
Tim Hardaway Jr.,2022-23,30,DAL,71,2152,12.1,-1.8,0.1,2.3,.051
Tim Hardaway Jr.,2023-24,31,DAL,79,2120,12.1,-2.9,-0.5,2.2,.050
Tim Hardaway Jr.,2024-25,32,DET,77,2153,9.8,-2.1,0.0,3.5,.077
James Harden,2009-10,20,OKC,76,1738,14.0,0.5,1.1,4.5,.124
James Harden,2010-11,21,OKC,82,2189,16.4,1.9,2.2,7.1,.156
James Harden,2011-12,22,OKC,62,1946,21.1,4.3,3.1,9.3,.230
James Harden,2012-13,23,HOU,78,2985,22.9,5.6,5.8,12.8,.206
James Harden,2013-14,24,HOU,73,2777,23.5,5.6,5.3,12.8,.221
James Harden,2014-15,25,HOU,81,2981,26.7,8.8,8.1,16.4,.265
James Harden,2015-16,26,HOU,82,3125,25.3,6.6,6.8,13.3,.204
James Harden,2016-17,27,HOU,81,2947,27.4,8.7,8.0,15.0,.245
James Harden,2017-18,28,HOU,72,2551,29.8,9.9,7.7,15.4,.289
James Harden,2018-19,29,HOU,78,2867,30.6,11.0,9.3,15.2,.254
James Harden,2019-20,30,HOU,68,2483,29.1,9.6,7.3,13.1,.254
James Harden,2020-21,31,2TM,44,1609,24.5,7.2,3.7,7.0,.208
James Harden,2020-21,31,HOU,8,290,22.4,4.8,0.5,1.0,.159
James Harden,2020-21,31,BRK,36,1319,25.0,7.7,3.2,6.0,.219
James Harden,2021-22,32,2TM,65,2419,20.9,4.0,3.7,7.6,.152
James Harden,2021-22,32,BRK,44,1627,20.4,4.1,2.5,4.4,.130
James Harden,2021-22,32,PHI,21,792,21.8,3.8,1.2,3.3,.197
James Harden,2022-23,33,PHI,58,2135,21.6,5.4,4.0,8.4,.188
James Harden,2023-24,34,LAC,72,2470,18.6,4.1,3.8,8.4,.163
James Harden,2024-25,35,LAC,79,2789,20.0,4.3,4.4,8.3,.143
Reggie Harding,1963-64,21,DET,39,1158,12.4,,,0.0,.000
Reggie Harding,1964-65,22,DET,78,2699,13.0,,,3.1,.056
Reggie Harding,1965-66,,Did not play - suspended,,,,,,,
Reggie Harding,1966-67,24,DET,74,1367,12.0,,,2.6,.090
Reggie Harding,1967-68,25,2TM,39,1145,14.1,,,1.6,.066
Reggie Harding,1967-68,25,CHI,14,305,8.0,,,0.0,-0.002
Reggie Harding,1967-68,25,INA,25,840,16.4,,,1.6,.091
Charlie Hardnett,1962-63,24,CHZ,78,1657,16.2,,,2.3,.067
Charlie Hardnett,1963-64,25,BAL,66,617,15.8,,,1.0,.077
Charlie Hardnett,1964-65,26,BAL,20,200,8.4,,,-0.3,-0.074
Alan Hardy,1980-81,23,LAL,22,111,7.5,-6.3,-0.2,-0.2,-0.072
Alan Hardy,1981-82,24,DET,38,310,10.5,-3.7,-0.1,0.2,.028
Darrell Hardy,1967-68,,HSM,17,172,19.3,,,0.5,.149
Jaden Hardy,2022-23,20,DAL,48,708,14.6,-2.3,0.0,0.7,.048
Jaden Hardy,2023-24,21,DAL,73,989,11.2,-4.1,-0.5,0.3,.014
Jaden Hardy,2024-25,22,DAL,57,907,10.4,-4.7,-0.6,-0.3,-0.016
James Hardy,1978-79,22,NOJ,68,1456,10.7,-1.9,0.0,1.3,.043
James Hardy,1979-80,23,UTA,76,1600,11.8,-1.4,0.2,1.8,.054
James Hardy,1980-81,24,UTA,23,509,11.9,-0.4,0.2,0.7,.064
James Hardy,1981-82,25,UTA,82,1814,11.4,-0.7,0.6,2.5,.066
Ira Harge,1964-65,,Did not play - other pro league,,,,,,,
Ira Harge,1965-66,,Did not play - other pro league,,,,,,,
Ira Harge,1966-67,,Did not play - unsigned,,,,,,,
Ira Harge,1967-68,26,2TM,82,2699,12.3,,,2.6,.046
Ira Harge,1967-68,26,PTP,52,1652,10.5,,,2.1,.060
Ira Harge,1967-68,26,OAK,30,1047,15.1,,,0.5,.025
Ira Harge,1968-69,27,OAK,78,2095,10.8,,,3.5,.079
Ira Harge,1969-70,28,WSA,84,2991,13.1,,,3.4,.055
Ira Harge,1970-71,29,2TM,82,2934,14.3,,,4.0,.066
Ira Harge,1970-71,29,CAR,29,892,11.5,,,0.8,.042
Ira Harge,1970-71,29,FLO,53,2042,15.6,,,3.3,.077
Ira Harge,1971-72,30,2TM,84,2264,11.9,,,2.7,.058
Ira Harge,1971-72,30,FLO,53,1809,12.0,,,1.9,.050
Ira Harge,1971-72,30,UTS,31,455,11.3,,,0.9,.091
Ira Harge,1972-73,31,2TM,17,177,2.3,,,0.0,-0.005
Ira Harge,1972-73,31,UTS,13,100,6.1,,,0.1,.038
Ira Harge,1972-73,31,CAR,4,77,-2.6,,,-0.1,-0.060
John Hargis,1949-50,29,AND,60,,,,,8.4,
John Hargis,1950-51,30,2TM,29,,,,,0.7,
John Hargis,1950-51,30,FTW,14,,,,,0.4,
John Hargis,1950-51,30,TRI,15,,,,,0.3,
Elijah Harkless,2024-25,24,UTA,10,138,7.8,-3.8,-0.1,0.1,.023
Maurice Harkless,2012-13,19,ORL,76,1974,12.5,-1.3,0.4,2.4,.059
Maurice Harkless,2013-14,20,ORL,80,1950,11.8,-0.4,0.8,2.8,.068
Maurice Harkless,2014-15,21,ORL,45,674,8.4,-3.6,-0.3,0.3,.021
Maurice Harkless,2015-16,22,POR,78,1457,13.3,-0.5,0.5,2.9,.096
Maurice Harkless,2016-17,23,POR,77,2223,13.1,-0.6,0.8,4.2,.091
Maurice Harkless,2017-18,24,POR,59,1264,12.6,1.4,1.1,3.2,.123
Maurice Harkless,2018-19,25,POR,60,1415,13.2,0.7,1.0,3.4,.114
Maurice Harkless,2019-20,26,2TM,62,1427,9.8,-0.7,0.5,2.7,.090
Maurice Harkless,2019-20,26,LAC,50,1141,9.7,0.0,0.6,2.3,.095
Maurice Harkless,2019-20,26,NYK,12,286,10.1,-3.5,-0.1,0.4,.069
Maurice Harkless,2020-21,27,2TM,37,772,8.1,-3.7,-0.3,0.6,.038
Maurice Harkless,2020-21,27,MIA,11,124,4.6,-2.8,0.0,0.1,.046
Maurice Harkless,2020-21,27,SAC,26,648,8.8,-3.8,-0.3,0.5,.036
Maurice Harkless,2021-22,28,SAC,47,863,7.7,-3.3,-0.3,0.5,.026
Jerry Harkness,1963-64,23,NYK,5,59,11.9,,,0.0,-0.017
Jerry Harkness,1964-65,,Did not play - other pro league,,,,,,,
Jerry Harkness,1965-66,,Did not play - other pro league,,,,,,,
Jerry Harkness,1966-67,,Did not play - other pro league,,,,,,,
Jerry Harkness,1967-68,27,INA,71,1241,15.3,,,2.9,.110
Jerry Harkness,1968-69,28,INA,10,272,9.3,,,0.5,.092
Skip Harlicka,1968-69,22,ATL,26,218,14.8,,,0.5,.119
Skip Harlicka,1969-70,,Did not play - military service,,,,,,,
Jerome Harmon,1994-95,25,PHI,10,158,10.1,-3.2,0.0,0.0,.009
Derek Harper,1983-84,22,DAL,82,1712,10.5,-1.3,0.3,1.3,.035
Derek Harper,1984-85,23,DAL,82,2218,15.2,2.1,2.3,5.4,.116
Derek Harper,1985-86,24,DAL,79,2150,18.8,3.4,2.9,6.2,.138
Derek Harper,1986-87,25,DAL,77,2556,20.0,5.2,4.6,9.4,.177
Derek Harper,1987-88,26,DAL,82,3032,18.1,3.5,4.2,9.1,.145
Derek Harper,1988-89,27,DAL,81,2968,18.3,3.2,3.9,8.0,.130
Derek Harper,1989-90,28,DAL,82,3007,19.8,4.7,5.0,9.9,.158
Derek Harper,1990-91,29,DAL,77,2879,19.4,3.1,3.7,7.6,.127
Derek Harper,1991-92,30,DAL,65,2252,16.7,1.1,1.8,3.5,.075
Derek Harper,1992-93,31,DAL,62,2108,15.9,0.6,1.4,2.7,.062
Derek Harper,1993-94,32,2TM,82,2204,12.3,0.1,1.2,4.0,.086
Derek Harper,1993-94,32,DAL,28,893,10.2,-2.7,-0.2,0.0,-0.002
Derek Harper,1993-94,32,NYK,54,1311,13.7,2.1,1.4,4.0,.146
Derek Harper,1994-95,33,NYK,80,2716,12.6,0.2,1.5,6.4,.113
Derek Harper,1995-96,34,NYK,82,2893,13.9,0.5,1.8,6.3,.105
Derek Harper,1996-97,35,DAL,75,2210,12.9,-1.4,0.3,2.7,.058
Derek Harper,1997-98,36,ORL,66,1761,11.5,-1.3,0.3,2.3,.063
Derek Harper,1998-99,37,LAL,45,1120,12.8,-0.1,0.5,2.0,.086
Jared Harper,2019-20,22,PHO,3,8,-5.3,-15.7,0.0,0.0,-0.249
Jared Harper,2020-21,23,NYK,8,16,-10.8,-22.1,-0.1,-0.1,-0.365
Jared Harper,2021-22,24,NOP,5,43,36.9,17.3,0.2,0.4,.422
Justin Harper,2011-12,22,ORL,14,84,1.7,-9.9,-0.2,-0.3,-0.145
Justin Harper,2012-13,,Did not play - other pro league,,,,,,,
Justin Harper,2013-14,,Did not play - other pro league,,,,,,,
Justin Harper,2014-15,,Did not play - other pro league,,,,,,,
Justin Harper,2015-16,26,DET,5,35,6.9,-4.2,0.0,0.0,.039
Justin Harper,2016-17,27,PHI,3,31,4.9,-10.3,-0.1,-0.1,-0.103
Mike Harper,1980-81,23,POR,55,461,8.4,-4.4,-0.3,0.1,.006
Mike Harper,1981-82,24,POR,68,1433,12.2,-1.7,0.1,2.4,.080
Ron Harper,1986-87,23,CLE,82,3064,17.2,1.8,3.0,4.2,.066
Ron Harper,1987-88,24,CLE,57,1830,16.6,2.3,2.0,3.5,.092
Ron Harper,1988-89,25,CLE,82,2851,19.8,4.7,4.8,10.2,.171
Ron Harper,1989-90,26,2TM,35,1367,20.2,4.6,2.3,3.9,.138
Ron Harper,1989-90,26,CLE,7,262,21.3,4.2,0.4,0.8,.138
Ron Harper,1989-90,26,LAC,28,1105,20.0,4.7,1.9,3.2,.138
Ron Harper,1990-91,27,LAC,39,1383,14.5,1.0,1.0,0.9,.030
Ron Harper,1991-92,28,LAC,82,3144,15.4,1.6,2.8,5.6,.085
Ron Harper,1992-93,29,LAC,80,2970,16.1,1.8,2.9,6.0,.097
Ron Harper,1993-94,30,LAC,75,2856,15.7,0.1,1.5,2.9,.049
Ron Harper,1994-95,31,CHI,77,1536,12.2,-0.5,0.6,2.4,.073
Ron Harper,1995-96,32,CHI,80,1886,14.4,2.6,2.2,6.3,.161
Ron Harper,1996-97,33,CHI,76,1740,13.6,2.7,2.1,5.7,.157
Ron Harper,1997-98,34,CHI,82,2284,14.7,1.9,2.3,7.2,.151
Ron Harper,1998-99,35,CHI,35,1107,14.7,1.4,1.0,1.2,.053
Ron Harper,1999-00,36,LAL,80,2042,12.0,0.6,1.3,4.0,.093
Ron Harper,2000-01,37,LAL,47,1139,12.5,0.2,0.6,1.8,.077
Ron Harper Jr.,2022-23,22,TOR,9,48,15.7,1.2,0.0,0.2,.158
Ron Harper Jr.,2023-24,23,TOR,1,4,0.0,-8.8,0.0,0.0,.087
Ron Harper Jr.,2024-25,24,DET,1,17,7.9,-14.7,0.0,0.0,-0.060
Matt Harpring,1998-99,22,ORL,50,1114,13.0,-1.7,0.1,2.6,.113
Matt Harpring,1999-00,23,ORL,4,63,14.2,3.2,0.1,0.2,.146
Matt Harpring,2000-01,24,CLE,56,1615,13.3,-1.3,0.3,2.6,.077
Matt Harpring,2001-02,25,PHI,81,2541,14.1,-0.8,0.8,6.1,.115
Matt Harpring,2002-03,26,UTA,78,2557,19.3,1.9,2.6,8.8,.166
Matt Harpring,2003-04,27,UTA,31,1134,16.1,-0.8,0.3,2.8,.116
Matt Harpring,2004-05,28,UTA,78,2584,15.5,-0.3,1.1,5.5,.102
Matt Harpring,2005-06,29,UTA,71,1944,16.3,-0.6,0.7,4.7,.115
Matt Harpring,2006-07,30,UTA,77,1965,14.7,-1.0,0.5,4.7,.115
Matt Harpring,2007-08,31,UTA,76,1374,14.1,-1.9,0.0,2.8,.096
Matt Harpring,2008-09,32,UTA,63,693,12.3,-2.8,-0.2,1.2,.086
Matt Harpring,2009-10,,Did not play - illness,,,,,,,
Montrezl Harrell,2015-16,22,HOU,39,379,14.6,-0.6,0.1,0.9,.118
Montrezl Harrell,2016-17,23,HOU,58,1064,19.2,1.0,0.8,4.1,.183
Montrezl Harrell,2017-18,24,LAC,76,1293,24.7,3.3,1.7,5.5,.205
Montrezl Harrell,2018-19,25,LAC,82,2158,23.4,3.3,2.9,8.7,.193
Montrezl Harrell,2019-20,26,LAC,63,1749,23.2,2.9,2.2,7.0,.191
Montrezl Harrell,2020-21,27,LAL,69,1580,22.7,3.0,2.0,7.3,.221
Montrezl Harrell,2021-22,28,2TM,71,1641,23.2,3.9,2.4,7.3,.213
Montrezl Harrell,2021-22,28,WAS,46,1117,23.9,4.8,1.9,5.1,.218
Montrezl Harrell,2021-22,28,CHO,25,524,21.7,1.8,0.5,2.2,.203
Montrezl Harrell,2022-23,29,PHI,57,681,17.6,-1.3,0.1,2.2,.153
Montrezl Harrell,2023-24,,Did not play - injury,,,,,,,
Josh Harrellson,2011-12,22,NYK,37,540,13.7,0.1,0.3,1.4,.127
Josh Harrellson,2012-13,23,MIA,6,31,8.5,-5.9,0.0,0.0,.002
Josh Harrellson,2013-14,24,DET,32,317,13.4,-0.7,0.1,0.7,.108
Adam Harrington,2002-03,22,2TM,19,111,7.4,-5.2,-0.1,0.0,.017
Adam Harrington,2002-03,22,DAL,13,37,1.4,-11.1,-0.1,-0.1,-0.164
Adam Harrington,2002-03,22,DEN,6,74,10.4,-2.3,0.0,0.2,.108
Al Harrington,1998-99,18,IND,21,160,6.4,-9.0,-0.3,-0.2,-0.049
Al Harrington,1999-00,19,IND,50,854,10.8,-3.4,-0.3,1.0,.057
Al Harrington,2000-01,20,IND,78,1892,10.2,-3.4,-0.7,1.2,.031
Al Harrington,2001-02,21,IND,44,1313,14.3,-1.9,0.0,2.6,.094
Al Harrington,2002-03,22,IND,82,2467,12.4,-2.8,-0.5,3.9,.075
Al Harrington,2003-04,23,IND,79,2441,14.9,-0.7,0.8,5.9,.116
Al Harrington,2004-05,24,ATL,66,2550,14.4,-2.2,-0.1,1.6,.030
Al Harrington,2005-06,25,ATL,76,2782,16.0,-1.3,0.5,3.8,.065
Al Harrington,2006-07,26,2TM,78,2563,14.8,-0.9,0.7,4.3,.080
Al Harrington,2006-07,26,IND,36,1208,13.4,-1.6,0.1,1.5,.059
Al Harrington,2006-07,26,GSW,42,1355,16.1,-0.3,0.6,2.8,.099
Al Harrington,2007-08,27,GSW,81,2190,15.6,0.2,1.2,5.4,.118
Al Harrington,2008-09,28,2TM,73,2546,15.9,-0.2,1.2,3.9,.073
Al Harrington,2008-09,28,GSW,5,166,8.8,-2.3,0.0,-0.1,-0.030
Al Harrington,2008-09,28,NYK,68,2380,16.4,0.0,1.2,4.0,.080
Al Harrington,2009-10,29,NYK,72,2195,16.8,-0.8,0.6,3.5,.077
Al Harrington,2010-11,30,DEN,73,1665,12.3,-1.7,0.1,2.1,.060
Al Harrington,2011-12,31,DEN,64,1761,15.3,-0.4,0.7,3.2,.088
Al Harrington,2012-13,32,ORL,10,119,10.3,-4.5,-0.1,0.0,-0.012
Al Harrington,2013-14,33,WAS,34,511,9.7,-4.2,-0.3,0.4,.035
Al Harrington,2014-15,,Did not play - other pro league,,,,,,,
Al Harrington,2015-16,,Did not play - other pro league,,,,,,,
Junior Harrington,2002-03,22,DEN,82,2003,6.4,-5.1,-1.6,-0.4,-0.009
Junior Harrington,2003-04,,Did not play - other pro league,,,,,,,
Junior Harrington,2004-05,24,NOH,29,550,7.7,-3.9,-0.3,-0.3,-0.028
Junior Harrington,2005-06,,Did not play - other pro league,,,,,,,
Junior Harrington,2006-07,26,MEM,29,543,8.9,-4.6,-0.4,-0.2,-0.015
Othella Harrington,1996-97,23,HOU,57,860,10.8,-4.7,-0.6,1.4,.079
Othella Harrington,1997-98,24,HOU,58,903,13.7,-3.6,-0.3,1.7,.092
Othella Harrington,1998-99,25,HOU,41,903,16.1,-3.4,-0.3,2.2,.115
Othella Harrington,1999-00,26,VAN,82,2677,13.3,-3.5,-1.0,3.0,.054
Othella Harrington,2000-01,27,2TM,74,1815,12.0,-3.3,-0.6,2.5,.067
Othella Harrington,2000-01,27,VAN,44,1267,11.7,-4.0,-0.6,0.9,.035
Othella Harrington,2000-01,27,NYK,30,548,12.9,-1.6,0.1,1.6,.140
Othella Harrington,2001-02,28,NYK,77,1563,13.0,-2.9,-0.4,3.0,.092
Othella Harrington,2002-03,29,NYK,74,1850,12.3,-2.8,-0.4,3.8,.098
Othella Harrington,2003-04,30,NYK,56,872,9.0,-4.6,-0.6,0.8,.046
Othella Harrington,2004-05,31,CHI,70,1271,14.5,-1.3,0.2,3.6,.135
Othella Harrington,2005-06,32,CHI,72,824,11.1,-3.9,-0.4,1.1,.063
Othella Harrington,2006-07,33,CHA,26,220,5.0,-8.2,-0.3,0.0,.003
Othella Harrington,2007-08,34,CHA,22,166,5.8,-9.2,-0.3,0.0,-0.010
Art Harris,1968-69,22,SEA,80,2556,9.0,,,-0.4,-0.007
Art Harris,1969-70,23,2TM,81,1553,9.3,,,-1.4,-0.044
Art Harris,1969-70,23,SEA,5,178,7.6,,,-0.2,-0.066
Art Harris,1969-70,23,PHO,76,1375,9.5,,,-1.2,-0.041
Art Harris,1970-71,24,PHO,56,952,11.5,,,0.4,.021
Art Harris,1971-72,25,PHO,21,145,4.8,,,-0.4,-0.119
Bernie Harris,1974-75,24,BUF,11,25,3.6,-5.3,-0.1,-0.1,-0.190
Billy Harris,1973-74,,Did not play - waived,,,,,,,
Billy Harris,1974-75,23,SDA,76,1221,10.5,-4.7,-0.8,-0.4,-0.016
Bob Harris,1949-50,22,FTW,62,,,,,5.0,
Bob Harris,1950-51,23,2TM,56,,,,,1.0,
Bob Harris,1950-51,23,FTW,12,,,,,-0.2,
Bob Harris,1950-51,23,BOS,44,,,,,1.2,
Bob Harris,1951-52,24,BOS,66,1899,14.2,,,4.3,.110
Bob Harris,1952-53,25,BOS,70,1971,12.6,,,3.4,.084
Bob Harris,1953-54,26,BOS,71,1898,11.1,,,1.9,.048
Chris Harris,1955-56,22,2TM,41,420,3.7,,,-0.8,-0.095
Chris Harris,1955-56,22,STL,15,168,4.0,,,-0.3,-0.097
Chris Harris,1955-56,22,ROC,26,252,3.5,,,-0.5,-0.094
Devin Harris,2004-05,21,DAL,76,1173,14.7,1.9,1.2,2.7,.111
Devin Harris,2005-06,22,DAL,56,1275,17.4,1.4,1.1,3.7,.139
Devin Harris,2006-07,23,DAL,80,2081,16.0,1.2,1.7,6.5,.151
Devin Harris,2007-08,24,2TM,64,2022,17.5,1.0,1.5,5.6,.132
Devin Harris,2007-08,24,DAL,39,1184,18.0,1.4,1.0,3.9,.158
Devin Harris,2007-08,24,NJN,25,838,16.7,0.3,0.5,1.7,.096
Devin Harris,2008-09,25,NJN,69,2494,21.6,2.8,3.0,7.5,.145
Devin Harris,2009-10,26,NJN,64,2221,16.2,-0.8,0.7,2.7,.057
Devin Harris,2010-11,27,2TM,71,2254,17.2,0.6,1.5,4.2,.089
Devin Harris,2010-11,27,NJN,54,1724,17.6,1.2,1.4,3.4,.096
Devin Harris,2010-11,27,UTA,17,530,15.7,-1.5,0.1,0.8,.068
Devin Harris,2011-12,28,UTA,63,1741,16.0,0.8,1.2,4.2,.115
Devin Harris,2012-13,29,ATL,58,1421,14.6,0.1,0.8,3.3,.111
Devin Harris,2013-14,30,DAL,40,818,14.6,-0.5,0.3,1.6,.094
Devin Harris,2014-15,31,DAL,76,1685,14.8,1.4,1.4,4.2,.120
Devin Harris,2015-16,32,DAL,64,1280,13.1,0.1,0.7,2.5,.095
Devin Harris,2016-17,33,DAL,65,1087,13.8,-0.4,0.4,2.2,.096
Devin Harris,2017-18,34,2TM,71,1340,13.0,-1.8,0.1,2.5,.089
Devin Harris,2017-18,34,DAL,44,807,13.5,-1.0,0.2,1.4,.085
Devin Harris,2017-18,34,DEN,27,533,12.4,-2.9,-0.1,1.1,.096
Devin Harris,2018-19,35,DAL,68,1071,10.7,-2.2,-0.1,1.5,.068
Elias Harris,2013-14,24,LAL,2,11,7.6,0.3,0.0,0.0,.018
Gary Harris,2014-15,20,DEN,55,719,4.9,-5.3,-0.6,-0.7,-0.046
Gary Harris,2015-16,21,DEN,76,2439,12.7,-0.9,0.7,4.0,.079
Gary Harris,2016-17,22,DEN,57,1782,16.5,0.7,1.2,4.6,.124
Gary Harris,2017-18,23,DEN,67,2304,16.5,0.8,1.7,5.5,.114
Gary Harris,2018-19,24,DEN,57,1639,12.2,-1.6,0.2,2.6,.076
Gary Harris,2019-20,25,DEN,56,1780,9.7,-2.5,-0.2,1.9,.052
Gary Harris,2020-21,26,2TM,39,1080,9.1,-4.2,-0.6,0.7,.033
Gary Harris,2020-21,26,DEN,19,581,9.3,-2.8,-0.1,0.8,.065
Gary Harris,2020-21,26,ORL,20,499,9.0,-5.8,-0.5,0.0,-0.005
Gary Harris,2021-22,27,ORL,61,1730,10.9,-2.4,-0.2,2.2,.060
Gary Harris,2022-23,28,ORL,48,1184,10.5,-0.7,0.4,2.3,.095
Gary Harris,2023-24,29,ORL,54,1297,9.4,-1.2,0.3,2.7,.099
Gary Harris,2024-25,30,ORL,48,711,6.9,-2.7,-0.1,1.0,.067
Jalen Harris,2020-21,22,TOR,13,172,15.2,0.3,0.1,0.3,.079
Joe Harris,2014-15,23,CLE,51,493,5.6,-5.6,-0.4,0.2,.018
Joe Harris,2015-16,24,CLE,5,15,3.4,-5.9,0.0,0.0,-0.032
Joe Harris,2016-17,25,BRK,52,1138,9.0,-3.5,-0.4,0.8,.032
Joe Harris,2017-18,26,BRK,78,1975,13.3,0.1,1.0,4.0,.097
Joe Harris,2018-19,27,BRK,76,2293,13.5,0.5,1.4,5.5,.116
Joe Harris,2019-20,28,BRK,69,2123,13.3,-0.2,1.0,4.3,.097
Joe Harris,2020-21,29,BRK,69,2141,14.1,0.4,1.3,5.2,.117
Joe Harris,2021-22,30,BRK,14,423,9.6,-1.4,0.1,0.5,.060
Joe Harris,2022-23,31,BRK,74,1527,10.6,-1.1,0.3,2.6,.083
Joe Harris,2023-24,32,DET,16,170,4.6,-5.9,-0.2,0.0,.001
Kevon Harris,2022-23,25,ORL,34,457,9.2,-3.6,-0.2,0.6,.065
Kevon Harris,2023-24,26,ORL,2,6,11.1,-15.8,0.0,0.0,.038
Lucious Harris,1993-94,23,DAL,77,1165,11.0,-3.1,-0.3,0.6,.025
Lucious Harris,1994-95,24,DAL,79,1695,15.1,0.9,1.3,4.1,.117
Lucious Harris,1995-96,25,DAL,61,1016,15.5,0.2,0.6,2.1,.101
Lucious Harris,1996-97,26,PHI,54,813,10.7,-2.5,-0.1,0.4,.023
Lucious Harris,1997-98,27,NJN,50,671,10.4,-1.3,0.1,1.1,.080
Lucious Harris,1998-99,28,NJN,36,602,11.0,-3.0,-0.2,0.8,.063
Lucious Harris,1999-00,29,NJN,77,1510,13.3,-0.5,0.6,2.8,.089
Lucious Harris,2000-01,30,NJN,73,2071,12.9,-0.7,0.7,3.1,.073
Lucious Harris,2001-02,31,NJN,74,1553,15.7,1.4,1.3,5.1,.157
Lucious Harris,2002-03,32,NJN,77,1973,13.5,-0.1,1.0,4.7,.114
Lucious Harris,2003-04,33,NJN,69,1504,11.1,-2.2,-0.1,2.5,.081
Lucious Harris,2004-05,34,CLE,73,1128,9.0,-3.2,-0.3,1.3,.055
Manny Harris,2010-11,21,CLE,54,933,10.4,-3.5,-0.4,0.0,.002
Manny Harris,2011-12,22,CLE,26,456,11.7,-2.3,0.0,0.3,.030
Manny Harris,2012-13,,Did not play - other pro league,,,,,,,
Manny Harris,2013-14,24,LAL,9,180,10.9,-3.3,-0.1,0.0,.002
Manny Harris,2014-15,,Did not play - other pro league,,,,,,,
Manny Harris,2015-16,,Did not play - other pro league,,,,,,,
Manny Harris,2016-17,27,DAL,4,25,-2.2,-14.8,-0.1,-0.2,-0.364
Mike Harris,2007-08,24,HOU,17,159,17.1,0.3,0.1,0.5,.143
Mike Harris,2008-09,,Did not play - other pro league,,,,,,,
Mike Harris,2009-10,26,2TM,13,96,7.2,-7.9,-0.1,-0.1,-0.037
Mike Harris,2009-10,26,HOU,8,82,6.4,-8.8,-0.1,-0.1,-0.073
Mike Harris,2009-10,26,WAS,5,14,11.9,-2.4,0.0,0.1,.179
Mike Harris,2010-11,27,HOU,4,16,17.9,-2.4,0.0,0.0,.102
Mike Harris,2011-12,,Did not play - other pro league,,,,,,,
Mike Harris,2012-13,,Did not play - other pro league,,,,,,,
Mike Harris,2013-14,30,UTA,20,225,15.3,0.3,0.1,0.5,.116
Steve Harris,1985-86,22,HOU,57,482,14.0,-2.4,-0.1,0.8,.078
Steve Harris,1986-87,23,HOU,74,1174,12.9,-2.7,-0.2,1.3,.052
Steve Harris,1987-88,24,2TM,58,1084,14.0,-2.0,0.0,1.2,.052
Steve Harris,1987-88,24,HOU,14,199,12.1,-1.5,0.0,0.3,.071
Steve Harris,1987-88,24,GSW,44,885,14.5,-2.1,0.0,0.9,.048
Steve Harris,1988-89,25,DET,3,7,18.3,-0.5,0.0,0.0,.181
Steve Harris,1989-90,26,LAC,15,93,6.0,-7.8,-0.1,-0.1,-0.061
Terrel Harris,2011-12,24,MIA,22,318,6.7,-5.1,-0.3,0.1,.011
Terrel Harris,2012-13,25,2TM,20,137,-3.8,-12.6,-0.4,-0.6,-0.219
Terrel Harris,2012-13,25,MIA,7,29,7.2,-9.8,-0.1,0.0,-0.040
Terrel Harris,2012-13,25,NOH,13,108,-6.8,-13.3,-0.3,-0.6,-0.267
Tobias Harris,2011-12,19,MIL,42,479,14.2,-1.9,0.0,0.9,.087
Tobias Harris,2012-13,20,2TM,55,1299,16.0,-0.5,0.5,2.4,.089
Tobias Harris,2012-13,20,MIL,28,325,13.0,-2.1,0.0,0.5,.080
Tobias Harris,2012-13,20,ORL,27,974,17.0,0.0,0.5,1.9,.092
Tobias Harris,2013-14,21,ORL,61,1850,16.5,-0.7,0.6,4.1,.107
Tobias Harris,2014-15,22,ORL,68,2369,16.7,0.5,1.5,4.8,.098
Tobias Harris,2015-16,23,2TM,76,2513,16.2,1.5,2.2,6.6,.126
Tobias Harris,2015-16,23,ORL,49,1610,15.0,0.6,1.0,3.3,.099
Tobias Harris,2015-16,23,DET,27,903,18.2,3.1,1.2,3.3,.174
Tobias Harris,2016-17,24,DET,82,2567,16.9,1.6,2.3,6.8,.128
Tobias Harris,2017-18,25,2TM,80,2668,17.1,1.9,2.6,6.7,.120
Tobias Harris,2017-18,25,DET,48,1563,16.7,1.7,1.5,4.1,.125
Tobias Harris,2017-18,25,LAC,32,1105,17.7,2.1,1.2,2.6,.112
Tobias Harris,2018-19,26,2TM,82,2847,17.2,1.6,2.6,7.1,.120
Tobias Harris,2018-19,26,LAC,55,1903,18.2,2.4,2.1,5.0,.127
Tobias Harris,2018-19,26,PHI,27,944,15.3,-0.1,0.5,2.1,.105
Tobias Harris,2019-20,27,PHI,72,2469,17.2,0.8,1.8,6.2,.121
Tobias Harris,2020-21,28,PHI,62,2014,20.0,3.7,2.9,7.1,.170
Tobias Harris,2021-22,29,PHI,73,2543,15.9,0.0,1.3,5.6,.105
Tobias Harris,2022-23,30,PHI,74,2436,14.8,0.7,1.7,5.9,.116
Tobias Harris,2023-24,31,PHI,70,2368,16.5,0.9,1.7,5.9,.121
Tobias Harris,2024-25,32,DET,73,2305,13.9,0.1,1.2,5.2,.108
Tony Harris,1990-91,23,PHI,6,41,-5.0,-16.4,-0.1,-0.2,-0.248
Tony Harris,1991-92,,Did not play - other pro league,,,,,,,
Tony Harris,1992-93,,Did not play - other pro league,,,,,,,
Tony Harris,1993-94,26,BOS,5,88,14.9,1.2,0.1,0.2,.106
Tony Harris,1994-95,27,BOS,3,18,17.6,-4.5,0.0,0.1,.172
Aaron Harrison,2015-16,21,CHO,21,93,4.3,-6.3,-0.1,0.0,-0.014
Aaron Harrison,2016-17,22,CHO,5,17,-2.2,-11.8,0.0,-0.1,-0.146
Aaron Harrison,2017-18,23,DAL,9,233,5.1,-7.5,-0.3,-0.1,-0.014
Andrew Harrison,2016-17,22,MEM,72,1474,8.7,-3.4,-0.5,1.6,.051
Andrew Harrison,2017-18,23,MEM,56,1326,12.7,-1.5,0.2,1.7,.062
Andrew Harrison,2018-19,24,3TM,17,187,5.8,-7.1,-0.2,-0.1,-0.027
Andrew Harrison,2018-19,24,MEM,1,5,4.6,-15.4,0.0,0.0,-0.013
Andrew Harrison,2018-19,24,CLE,10,144,6.6,-6.2,-0.2,-0.1,-0.022
Andrew Harrison,2018-19,24,NOP,6,38,3.1,-9.2,-0.1,0.0,-0.051
Bob Harrison,1949-50,22,MNL,66,,,,,3.5,
Bob Harrison,1950-51,23,MNL,68,,,,,3.3,
Bob Harrison,1951-52,24,MNL,65,1712,8.3,,,2.2,.061
Bob Harrison,1952-53,25,MNL,70,1643,10.5,,,2.9,.084
Bob Harrison,1953-54,26,2TM,64,1443,7.6,,,0.0,-0.001
Bob Harrison,1953-54,26,MNL,40,619,6.1,,,0.2,.017
Bob Harrison,1953-54,26,MLH,24,824,8.7,,,-0.3,-0.015
Bob Harrison,1954-55,27,MLH,72,2300,8.2,,,-0.4,-0.008
Bob Harrison,1955-56,28,STL,72,2219,8.0,,,0.9,.019
Bob Harrison,1956-57,29,2TM,66,1810,8.6,,,1.8,.048
Bob Harrison,1956-57,29,STL,10,48,5.1,,,-0.1,-0.060
Bob Harrison,1956-57,29,SYR,56,1762,8.7,,,1.9,.051
Bob Harrison,1957-58,30,SYR,72,1799,7.2,,,0.9,.025
David Harrison,2004-05,22,IND,43,760,12.9,-2.8,-0.2,1.4,.090
David Harrison,2005-06,23,IND,67,1034,11.8,-4.0,-0.5,1.5,.068
David Harrison,2006-07,24,IND,24,190,7.0,-7.9,-0.3,-0.2,-0.040
David Harrison,2007-08,25,IND,55,702,8.6,-5.9,-0.7,0.4,.030
Shaquille Harrison,2017-18,24,PHO,23,384,15.6,-0.7,0.1,0.8,.094
Shaquille Harrison,2018-19,25,CHI,73,1430,12.4,-1.3,0.2,1.4,.048
Shaquille Harrison,2019-20,26,CHI,43,484,17.8,2.8,0.6,1.5,.153
Shaquille Harrison,2020-21,27,2TM,34,333,6.8,-4.1,-0.2,0.2,.030
Shaquille Harrison,2020-21,27,UTA,17,56,6.5,-6.7,-0.1,0.0,-0.033
Shaquille Harrison,2020-21,27,DEN,17,277,6.9,-3.6,-0.1,0.2,.042
Shaquille Harrison,2021-22,28,BRK,2,23,4.6,-8.3,0.0,0.0,-0.067
Shaquille Harrison,2022-23,29,POR,5,120,17.9,0.1,0.1,0.3,.137
Shaquille Harrison,2023-24,30,MEM,3,6,15.9,4.6,0.0,0.0,.090
Jason Hart,2000-01,22,MIL,1,10,1.7,-10.2,0.0,0.0,-0.159
Jason Hart,2001-02,23,SAS,10,92,13.5,0.0,0.0,0.3,.142
Jason Hart,2002-03,,Did not play - other pro league,,,,,,,
Jason Hart,2003-04,25,SAS,53,660,12.3,0.2,0.4,1.9,.139
Jason Hart,2004-05,26,CHA,74,1887,16.9,1.2,1.5,4.8,.121
Jason Hart,2005-06,27,SAC,66,818,7.1,-4.7,-0.6,0.1,.006
Jason Hart,2006-07,28,2TM,36,846,12.3,-1.2,0.2,1.5,.085
Jason Hart,2006-07,28,SAC,13,100,14.5,-1.3,0.0,0.3,.160
Jason Hart,2006-07,28,LAC,23,746,12.0,-1.2,0.1,1.2,.075
Jason Hart,2007-08,29,UTA,57,606,8.0,-3.3,-0.2,0.4,.033
Jason Hart,2008-09,30,2TM,39,348,6.5,-5.7,-0.3,-0.3,-0.048
Jason Hart,2008-09,30,LAC,28,312,6.1,-5.8,-0.3,-0.4,-0.058
Jason Hart,2008-09,30,DEN,11,36,9.8,-4.9,0.0,0.0,.043
Jason Hart,2009-10,31,2TM,5,22,8.7,-0.5,0.0,0.0,-0.003
Jason Hart,2009-10,31,MIN,1,5,9.3,3.8,0.0,0.0,-0.028
Jason Hart,2009-10,31,NOH,4,17,8.5,-1.8,0.0,0.0,.004
Josh Hart,2017-18,22,LAL,63,1461,12.2,-0.1,0.7,3.4,.111
Josh Hart,2018-19,23,LAL,67,1715,9.3,-1.3,0.3,2.1,.059
Josh Hart,2019-20,24,NOP,65,1755,11.9,-0.7,0.6,3.1,.085
Josh Hart,2020-21,25,NOP,47,1349,12.2,-0.8,0.4,2.7,.097
Josh Hart,2021-22,26,2TM,54,1791,16.1,0.9,1.3,4.4,.117
Josh Hart,2021-22,26,NOP,41,1374,15.2,0.7,0.9,3.4,.119
Josh Hart,2021-22,26,POR,13,417,19.4,1.8,0.4,1.0,.112
Josh Hart,2022-23,27,2TM,76,2454,14.1,0.9,1.8,6.0,.118
Josh Hart,2022-23,27,POR,51,1704,12.7,-0.2,0.8,3.2,.091
Josh Hart,2022-23,27,NYK,25,750,17.1,3.4,1.0,2.8,.179
Josh Hart,2023-24,28,NYK,81,2707,11.8,0.0,1.4,5.7,.100
Josh Hart,2024-25,29,NYK,77,2897,16.5,2.8,3.6,9.2,.153
Isaiah Hartenstein,2018-19,20,HOU,28,221,10.0,-3.9,-0.1,0.5,.101
Isaiah Hartenstein,2019-20,21,HOU,23,266,18.6,0.3,0.2,1.1,.190
Isaiah Hartenstein,2020-21,22,2TM,46,559,17.9,-0.9,0.2,1.6,.134
Isaiah Hartenstein,2020-21,22,DEN,30,272,15.5,-3.7,-0.1,0.7,.115
Isaiah Hartenstein,2020-21,22,CLE,16,287,20.3,1.7,0.3,0.9,.151
Isaiah Hartenstein,2021-22,23,LAC,68,1216,22.0,4.5,2.0,5.5,.215
Isaiah Hartenstein,2022-23,24,NYK,82,1626,14.2,-0.3,0.7,4.6,.136
Isaiah Hartenstein,2023-24,25,NYK,75,1896,18.9,3.5,2.6,8.1,.204
Isaiah Hartenstein,2024-25,26,OKC,57,1590,18.9,3.2,2.1,6.8,.205
Antonio Harvey,1993-94,23,LAL,27,247,8.0,-6.9,-0.3,-0.2,-0.039
Antonio Harvey,1994-95,24,LAL,59,572,10.3,-4.2,-0.3,0.4,.032
Antonio Harvey,1995-96,25,2TM,55,821,8.9,-5.7,-0.8,-0.3,-0.020
Antonio Harvey,1995-96,25,VAN,18,410,9.7,-3.9,-0.2,0.1,.016
Antonio Harvey,1995-96,25,LAC,37,411,8.2,-7.5,-0.6,-0.5,-0.055
Antonio Harvey,1996-97,26,SEA,6,26,23.2,-0.1,0.0,0.1,.270
Antonio Harvey,1997-98,,Did not play - other pro league,,,,,,,
Antonio Harvey,1998-99,,Did not play - other pro league,,,,,,,
Antonio Harvey,1999-00,29,POR,19,137,10.1,-3.4,0.0,0.2,.067
Antonio Harvey,2000-01,30,POR,12,72,17.0,-1.2,0.0,0.2,.135
Antonio Harvey,2001-02,31,SEA,5,47,7.8,-3.1,0.0,0.0,-0.007
Antonio Harvey,2002-03,32,ATL,4,32,2.9,-6.6,0.0,0.0,-0.068
Donnell Harvey,2000-01,20,DAL,18,65,9.8,-6.5,-0.1,0.1,.039
Donnell Harvey,2001-02,21,2TM,47,841,14.1,-1.9,0.0,1.8,.105
Donnell Harvey,2001-02,21,DAL,18,162,10.1,-3.1,0.0,0.3,.075
Donnell Harvey,2001-02,21,DEN,29,679,15.0,-1.6,0.1,1.6,.112
Donnell Harvey,2002-03,22,DEN,77,1613,12.5,-2.4,-0.1,2.0,.059
Donnell Harvey,2003-04,23,2TM,60,783,10.4,-4.0,-0.4,0.7,.043
Donnell Harvey,2003-04,23,ORL,24,345,9.5,-4.7,-0.2,0.0,-0.005
Donnell Harvey,2003-04,23,PHO,36,438,11.1,-3.5,-0.2,0.7,.081
Donnell Harvey,2004-05,24,NJN,3,16,35.2,13.0,0.1,0.2,.484
Scott Haskin,1993-94,23,IND,27,186,11.3,-2.8,0.0,0.3,.087
Clem Haskins,1967-68,24,CHI,76,1477,13.1,,,1.6,.051
Clem Haskins,1968-69,25,CHI,79,2874,14.4,,,5.3,.088
Clem Haskins,1969-70,26,CHI,82,3214,16.5,,,6.1,.092
Clem Haskins,1970-71,27,PHO,82,2764,15.9,,,6.4,.111
Clem Haskins,1971-72,28,PHO,79,2453,15.4,,,6.8,.133
Clem Haskins,1972-73,29,PHO,77,1581,15.0,,,2.9,.089
Clem Haskins,1973-74,30,PHO,81,1822,16.0,0.2,1.0,3.4,.090
Clem Haskins,1974-75,31,WSB,70,702,11.8,-2.0,0.0,1.0,.065
Clem Haskins,1975-76,32,WSB,55,737,15.5,0.8,0.5,2.3,.148
Udonis Haslem,2002-03,,Did not play - other pro league,,,,,,,
Udonis Haslem,2003-04,23,MIA,75,1795,13.7,-2.0,0.0,4.8,.128
Udonis Haslem,2004-05,24,MIA,80,2675,15.5,0.4,1.6,9.2,.165
Udonis Haslem,2005-06,25,MIA,81,2491,13.7,-0.5,0.9,7.0,.134
Udonis Haslem,2006-07,26,MIA,79,2483,13.7,-2.3,-0.2,5.1,.099
Udonis Haslem,2007-08,27,MIA,49,1805,12.7,-2.7,-0.3,2.5,.067
Udonis Haslem,2008-09,28,MIA,75,2560,13.1,-2.3,-0.2,5.7,.106
Udonis Haslem,2009-10,29,MIA,78,2177,14.6,-1.7,0.2,6.0,.132
Udonis Haslem,2010-11,30,MIA,13,345,12.7,-2.3,0.0,0.9,.130
Udonis Haslem,2011-12,31,MIA,64,1589,10.9,-2.4,-0.2,3.5,.106
Udonis Haslem,2012-13,32,MIA,75,1414,9.9,-3.2,-0.4,3.2,.108
Udonis Haslem,2013-14,33,MIA,46,653,10.5,-3.9,-0.3,1.1,.083
Udonis Haslem,2014-15,34,MIA,62,995,10.6,-3.7,-0.4,1.4,.066
Udonis Haslem,2015-16,35,MIA,37,260,9.1,-2.6,0.0,0.4,.072
Udonis Haslem,2016-17,36,MIA,16,130,8.8,-5.3,-0.1,0.2,.074
Udonis Haslem,2017-18,37,MIA,14,72,1.8,-7.7,-0.1,-0.1,-0.059
Udonis Haslem,2018-19,38,MIA,10,74,3.6,-10.9,-0.2,-0.1,-0.075
Udonis Haslem,2019-20,39,MIA,4,44,6.5,-7.4,-0.1,0.0,.041
Udonis Haslem,2020-21,40,MIA,1,3,54.6,31.1,0.0,0.0,.475
Udonis Haslem,2021-22,41,MIA,13,83,8.6,-7.1,-0.1,0.1,.033
Udonis Haslem,2022-23,42,MIA,7,71,6.2,-12.1,-0.2,0.0,-0.009
Trenton Hassell,2001-02,22,CHI,78,2237,10.4,-2.7,-0.4,1.5,.033
Trenton Hassell,2002-03,23,CHI,82,1999,6.0,-3.4,-0.7,-0.1,-0.003
Trenton Hassell,2003-04,24,MIN,81,2264,8.2,-1.3,0.4,4.0,.084
Trenton Hassell,2004-05,25,MIN,82,2068,9.3,-2.8,-0.4,2.7,.063
Trenton Hassell,2005-06,26,MIN,77,2514,9.5,-3.1,-0.7,2.3,.044
Trenton Hassell,2006-07,27,MIN,76,2223,9.7,-1.9,0.0,2.6,.056
Trenton Hassell,2007-08,28,2TM,63,773,4.2,-5.1,-0.6,0.2,.015
Trenton Hassell,2007-08,28,DAL,37,463,4.7,-4.3,-0.3,0.3,.031
Trenton Hassell,2007-08,28,NJN,26,310,3.5,-6.4,-0.3,-0.1,-0.009
Trenton Hassell,2008-09,29,NJN,53,1094,7.2,-3.6,-0.4,0.7,.029
Trenton Hassell,2009-10,30,NJN,52,1106,6.5,-5.3,-0.9,-0.1,-0.003
Billy Hassett,1949-50,28,2TM,60,,,,,1.8,
Billy Hassett,1949-50,28,TRI,18,,,,,1.1,
Billy Hassett,1949-50,28,MNL,42,,,,,0.7,
Billy Hassett,1950-51,29,BLB,31,,,,,-0.2,
Joe Hassett,1977-78,22,SEA,48,404,11.9,-2.3,0.0,0.5,.054
Joe Hassett,1978-79,23,SEA,55,463,12.3,-1.9,0.0,0.9,.089
Joe Hassett,1979-80,24,IND,74,1135,13.0,-0.8,0.3,2.0,.085
Joe Hassett,1980-81,25,2TM,41,714,14.2,0.5,0.4,1.4,.097
Joe Hassett,1980-81,25,DAL,17,280,11.6,-3.3,-0.1,0.0,.007
Joe Hassett,1980-81,25,GSW,24,434,16.0,2.9,0.5,1.4,.156
Joe Hassett,1981-82,26,GSW,68,787,13.4,0.1,0.4,1.6,.098
Joe Hassett,1982-83,27,GSW,6,139,7.5,-3.8,-0.1,0.0,-0.008
Scott Hastings,1982-83,22,2TM,31,140,6.4,-5.3,-0.2,0.1,.031
Scott Hastings,1982-83,22,NYK,21,98,5.4,-5.7,-0.1,0.1,.054
Scott Hastings,1982-83,22,ATL,10,42,8.8,-4.5,0.0,0.0,-0.024
Scott Hastings,1983-84,23,ATL,68,1135,10.3,-2.3,-0.1,2.1,.090
Scott Hastings,1984-85,24,ATL,64,825,9.7,-2.2,-0.1,1.3,.075
Scott Hastings,1985-86,25,ATL,62,650,7.5,-3.5,-0.2,0.8,.063
Scott Hastings,1986-87,26,ATL,40,256,9.8,-1.5,0.0,0.4,.081
Scott Hastings,1987-88,27,ATL,55,403,10.8,-1.4,0.1,1.0,.125
Scott Hastings,1988-89,28,MIA,75,1206,9.4,-3.4,-0.4,1.5,.061
Scott Hastings,1989-90,29,DET,40,166,7.0,-3.1,0.0,0.3,.101
Scott Hastings,1990-91,30,DET,27,113,15.8,0.9,0.1,0.5,.216
Scott Hastings,1991-92,31,DEN,40,421,7.1,-3.9,-0.2,0.3,.040
Scott Hastings,1992-93,32,DEN,76,670,8.3,-3.2,-0.2,1.3,.091
Kirk Haston,2001-02,22,CHH,15,77,4.0,-11.3,-0.2,-0.2,-0.116
Kirk Haston,2002-03,23,NOH,12,57,-9.1,-15.9,-0.2,-0.4,-0.307
Vern Hatton,1958-59,23,2TM,64,1109,9.0,,,0.3,.011
Vern Hatton,1958-59,23,CIN,22,657,5.2,,,-0.6,-0.046
Vern Hatton,1958-59,23,PHW,42,452,14.5,,,0.9,.095
Vern Hatton,1959-60,24,PHW,67,1049,7.7,,,0.5,.025
Vern Hatton,1960-61,25,PHW,54,610,7.6,,,-0.5,-0.043
Vern Hatton,1961-62,26,2TM,40,898,9.3,,,-0.1,-0.004
Vern Hatton,1961-62,26,CHP,15,396,9.3,,,-0.1,-0.016
Vern Hatton,1961-62,26,STL,25,502,9.2,,,0.1,.006
Sam Hauser,2021-22,24,BOS,26,158,14.8,2.3,0.2,0.6,.171
Sam Hauser,2022-23,25,BOS,80,1290,12.7,1.0,1.0,3.4,.128
Sam Hauser,2023-24,26,BOS,79,1741,13.0,1.2,1.4,4.9,.134
Sam Hauser,2024-25,27,BOS,71,1541,12.8,0.8,1.1,4.4,.136
John Havlicek,1962-63,22,BOS,80,2200,15.4,,,6.4,.139
John Havlicek,1963-64,23,BOS,80,2587,16.9,,,7.7,.142
John Havlicek,1964-65,24,BOS,75,2169,16.3,,,4.5,.100
John Havlicek,1965-66,25,BOS,71,2175,16.7,,,4.3,.094
John Havlicek,1966-67,26,BOS,81,2602,19.2,,,8.3,.154
John Havlicek,1967-68,27,BOS,82,2921,17.7,,,7.6,.125
John Havlicek,1968-69,28,BOS,82,3174,17.0,,,7.3,.110
John Havlicek,1969-70,29,BOS,81,3369,20.0,,,10.6,.151
John Havlicek,1970-71,30,BOS,81,3678,20.8,,,12.5,.164
John Havlicek,1971-72,31,BOS,82,3698,20.1,,,12.4,.162
John Havlicek,1972-73,32,BOS,80,3367,18.6,,,12.1,.172
John Havlicek,1973-74,33,BOS,76,3091,17.4,2.0,3.1,9.7,.151
John Havlicek,1974-75,34,BOS,82,3132,16.7,1.7,2.9,9.7,.149
John Havlicek,1975-76,35,BOS,76,2598,15.5,1.6,2.3,7.4,.137
John Havlicek,1976-77,36,BOS,79,2913,14.7,0.6,1.9,6.1,.100
John Havlicek,1977-78,37,BOS,82,2797,14.3,-0.2,1.3,5.1,.087
Spencer Hawes,2007-08,19,SAC,71,931,11.6,-4.1,-0.5,0.6,.033
Spencer Hawes,2008-09,20,SAC,77,2259,13.0,-3.0,-0.6,0.8,.016
Spencer Hawes,2009-10,21,SAC,72,1904,13.8,-1.2,0.4,2.1,.054
Spencer Hawes,2010-11,22,PHI,81,1718,12.8,-1.9,0.0,2.4,.066
Spencer Hawes,2011-12,23,PHI,37,920,18.1,1.5,0.8,2.9,.152
Spencer Hawes,2012-13,24,PHI,82,2233,16.0,-0.5,0.9,4.5,.096
Spencer Hawes,2013-14,25,2TM,80,2470,15.7,0.6,1.6,4.5,.088
Spencer Hawes,2013-14,25,PHI,53,1666,15.3,0.2,0.9,2.6,.075
Spencer Hawes,2013-14,25,CLE,27,804,16.6,1.3,0.7,1.9,.114
Spencer Hawes,2014-15,26,LAC,73,1274,9.8,-2.3,-0.1,1.2,.044
Spencer Hawes,2015-16,27,CHO,57,1035,12.4,-0.6,0.3,1.9,.090
Spencer Hawes,2016-17,28,2TM,54,797,15.6,0.5,0.5,1.7,.102
Spencer Hawes,2016-17,28,CHO,35,626,14.8,-0.1,0.3,1.1,.086
Spencer Hawes,2016-17,28,MIL,19,171,18.6,2.8,0.2,0.6,.160
Steve Hawes,1972-73,,Did not play - other pro league,,,,,,,
Steve Hawes,1973-74,,Did not play - other pro league,,,,,,,
Steve Hawes,1974-75,24,HOU,55,897,16.7,2.4,1.0,2.5,.132
Steve Hawes,1975-76,25,2TM,72,1411,15.1,0.1,0.8,3.4,.117
Steve Hawes,1975-76,25,HOU,6,51,11.4,-2.9,0.0,0.0,.005
Steve Hawes,1975-76,25,POR,66,1360,15.2,0.2,0.8,3.4,.121
Steve Hawes,1976-77,26,ATL,44,945,14.2,-0.1,0.5,1.9,.095
Steve Hawes,1977-78,27,ATL,75,2325,16.1,1.2,1.9,6.1,.127
Steve Hawes,1978-79,28,ATL,81,2205,15.0,1.0,1.7,5.4,.118
Steve Hawes,1979-80,29,ATL,82,1853,16.2,2.1,1.9,6.0,.155
Steve Hawes,1980-81,30,ATL,74,2309,14.7,0.4,1.4,5.7,.119
Steve Hawes,1981-82,31,ATL,49,1317,14.5,1.8,1.3,3.2,.118
Steve Hawes,1982-83,32,2TM,77,1416,8.6,-3.5,-0.5,1.0,.035
Steve Hawes,1982-83,32,ATL,46,860,8.0,-4.2,-0.5,0.1,.006
Steve Hawes,1982-83,32,SEA,31,556,9.7,-2.5,-0.1,0.9,.079
Steve Hawes,1983-84,33,SEA,79,1153,9.5,-1.9,0.0,1.8,.074
Steve Hawes,1984-85,,Did not play - other pro league,,,,,,,
Bubbles Hawkins,1975-76,21,GSW,32,153,25.0,2.0,0.3,0.6,.196
Bubbles Hawkins,1976-77,22,NYN,52,1481,18.2,0.5,0.9,1.9,.063
Bubbles Hawkins,1977-78,23,NJN,15,343,13.3,-0.6,0.1,0.3,.042
Bubbles Hawkins,1978-79,24,DET,4,28,23.8,-2.3,0.1,0.1,.221
Connie Hawkins,1967-68,25,PTP,70,3146,28.7,,,17.9,.273
Connie Hawkins,1968-69,26,MNP,47,1852,29.7,,,11.3,.293
Connie Hawkins,1969-70,27,PHO,81,3312,19.7,,,10.2,.147
Connie Hawkins,1970-71,28,PHO,71,2662,19.0,,,8.6,.155
Connie Hawkins,1971-72,29,PHO,76,2798,18.7,,,9.6,.165
Connie Hawkins,1972-73,30,PHO,75,2768,16.2,,,7.5,.129
Connie Hawkins,1973-74,31,2TM,79,2761,15.5,2.2,2.9,7.1,.124
Connie Hawkins,1973-74,31,PHO,8,223,14.9,0.2,0.2,0.4,.092
Connie Hawkins,1973-74,31,LAL,71,2538,15.5,2.3,2.8,6.7,.127
Connie Hawkins,1974-75,32,LAL,43,1026,13.0,-0.6,0.4,1.1,.054
Connie Hawkins,1975-76,33,ATL,74,1907,14.3,1.3,1.6,3.5,.087
Hersey Hawkins,1988-89,22,PHI,79,2577,14.2,-0.2,1.2,4.0,.075
Hersey Hawkins,1989-90,23,PHI,82,2856,17.0,1.7,2.7,8.0,.135
Hersey Hawkins,1990-91,24,PHI,80,3110,19.4,3.3,4.1,9.8,.151
Hersey Hawkins,1991-92,25,PHI,81,3013,17.0,1.8,2.9,7.8,.124
Hersey Hawkins,1992-93,26,PHI,81,2977,18.3,2.4,3.3,8.5,.138
Hersey Hawkins,1993-94,27,CHH,82,2648,15.6,1.0,2.0,6.5,.118
Hersey Hawkins,1994-95,28,CHH,82,2731,16.3,2.5,3.1,8.7,.153
Hersey Hawkins,1995-96,29,SEA,82,2823,16.1,2.8,3.4,9.5,.161
Hersey Hawkins,1996-97,30,SEA,82,2755,17.6,4.2,4.4,10.9,.190
Hersey Hawkins,1997-98,31,SEA,82,2597,15.4,3.1,3.4,8.6,.158
Hersey Hawkins,1998-99,32,SEA,50,1644,14.0,0.9,1.2,3.5,.102
Hersey Hawkins,1999-00,33,CHI,61,1622,11.4,-1.3,0.3,2.6,.077
Hersey Hawkins,2000-01,34,CHH,59,681,14.3,2.8,0.8,2.3,.165
Jordan Hawkins,2023-24,21,NOP,67,1160,10.2,-3.1,-0.3,1.3,.053
Jordan Hawkins,2024-25,22,NOP,56,1321,9.6,-5.4,-1.2,-0.5,-0.020
Juaquin Hawkins,2002-03,29,HOU,58,685,7.3,-2.3,-0.1,0.4,.027
Marshall Hawkins,1948-49,,Did not play - other pro league,,,,,,,
Marshall Hawkins,1949-50,25,INO,39,,,,,-0.1,
Michael Hawkins,1996-97,24,BOS,29,326,10.6,-3.9,-0.2,0.2,.033
Michael Hawkins,1997-98,,Did not play - other pro league,,,,,,,
Michael Hawkins,1998-99,26,SAC,24,203,7.2,-3.7,-0.1,0.0,.011
Michael Hawkins,1999-00,27,CHH,12,36,8.8,-6.5,0.0,0.0,-0.063
Michael Hawkins,2000-01,28,CLE,10,76,3.7,-5.3,-0.1,0.0,-0.022
Tom Hawkins,1959-60,23,MNL,69,1467,10.7,,,1.2,.038
Tom Hawkins,1960-61,24,LAL,78,1846,12.1,,,3.2,.084
Tom Hawkins,1961-62,25,LAL,79,1903,10.6,,,2.1,.054
Tom Hawkins,1962-63,26,CIN,79,1721,14.0,,,2.9,.082
Tom Hawkins,1963-64,27,CIN,73,1770,10.7,,,2.3,.062
Tom Hawkins,1964-65,28,CIN,79,1864,9.0,,,1.0,.026
Tom Hawkins,1965-66,29,CIN,79,2126,9.9,,,2.5,.055
Tom Hawkins,1966-67,30,LAL,76,1798,10.3,,,2.4,.065
Tom Hawkins,1967-68,31,LAL,78,2463,10.3,,,4.1,.080
Tom Hawkins,1968-69,32,LAL,74,1507,10.1,,,2.3,.074
Nate Hawthorne,1973-74,24,LAL,33,229,12.8,-3.2,-0.1,0.1,.030
Nate Hawthorne,1974-75,25,PHO,50,618,13.3,-2.2,0.0,0.5,.035
Nate Hawthorne,1975-76,26,PHO,79,1144,11.7,-4.0,-0.6,1.1,.046
Chuck Hayes,2005-06,22,HOU,40,535,18.0,1.8,0.5,2.4,.212
Chuck Hayes,2006-07,23,HOU,78,1714,13.9,-0.7,0.6,6.4,.179
Chuck Hayes,2007-08,24,HOU,79,1575,11.2,0.8,1.1,4.4,.136
Chuck Hayes,2008-09,25,HOU,71,858,7.8,-1.5,0.1,1.6,.092
Chuck Hayes,2009-10,26,HOU,82,1773,11.7,-0.2,0.8,3.6,.098
Chuck Hayes,2010-11,27,HOU,74,2079,16.2,1.9,2.1,6.3,.146
Chuck Hayes,2011-12,28,SAC,54,1039,8.9,-3.0,-0.3,0.6,.028
Chuck Hayes,2012-13,29,SAC,74,1209,10.7,-1.4,0.2,1.5,.060
Chuck Hayes,2013-14,30,2TM,61,754,10.0,-1.8,0.0,1.4,.086
Chuck Hayes,2013-14,30,SAC,16,179,11.4,-1.6,0.0,0.3,.081
Chuck Hayes,2013-14,30,TOR,45,575,9.6,-1.9,0.0,1.1,.088
Chuck Hayes,2014-15,31,TOR,29,255,10.4,-1.0,0.1,0.5,.091
Chuck Hayes,2015-16,32,HOU,2,24,1.6,-8.1,0.0,0.0,-0.016
Elvin Hayes,1968-69,23,SDR,82,3695,18.9,,,9.6,.124
Elvin Hayes,1969-70,24,SDR,82,3665,18.3,,,8.5,.111
Elvin Hayes,1970-71,25,SDR,82,3633,19.4,,,7.8,.102
Elvin Hayes,1971-72,26,HOU,82,3461,19.4,,,7.3,.101
Elvin Hayes,1972-73,27,BAL,81,3347,17.5,,,7.6,.109
Elvin Hayes,1973-74,28,CAP,81,3602,18.2,1.7,3.4,10.6,.142
Elvin Hayes,1974-75,29,WSB,82,3465,19.0,3.3,4.6,12.5,.173
Elvin Hayes,1975-76,30,WSB,80,2975,18.4,1.3,2.5,8.1,.131
Elvin Hayes,1976-77,31,WSB,82,3364,19.8,2.8,4.1,12.1,.173
Elvin Hayes,1977-78,32,WSB,81,3246,17.1,0.6,2.1,8.3,.123
Elvin Hayes,1978-79,33,WSB,82,3105,19.1,1.2,2.5,9.4,.146
Elvin Hayes,1979-80,34,WSB,81,3183,17.2,-0.4,1.2,6.2,.094
Elvin Hayes,1980-81,35,WSB,81,2931,14.9,-1.1,0.7,5.1,.083
Elvin Hayes,1981-82,36,HOU,82,3032,14.4,-1.4,0.5,5.1,.081
Elvin Hayes,1982-83,37,HOU,81,2302,14.7,-1.4,0.4,2.4,.050
Elvin Hayes,1983-84,38,HOU,81,994,10.3,-4.4,-0.6,0.2,.010
Jarvis Hayes,2003-04,22,WAS,70,2044,9.4,-4.0,-1.1,0.5,.012
Jarvis Hayes,2004-05,23,WAS,54,1560,11.1,-2.6,-0.2,1.7,.051
Jarvis Hayes,2005-06,24,WAS,21,516,12.2,-1.4,0.1,0.7,.065
Jarvis Hayes,2006-07,25,WAS,81,1626,10.7,-2.6,-0.3,1.5,.045
Jarvis Hayes,2007-08,26,DET,82,1287,13.0,-0.6,0.5,2.9,.108
Jarvis Hayes,2008-09,27,NJN,74,1832,10.8,-2.2,-0.1,2.1,.055
Jarvis Hayes,2009-10,28,NJN,45,1033,9.7,-2.9,-0.2,0.8,.038
Jaxson Hayes,2019-20,19,NOP,64,1080,17.6,-0.3,0.5,3.9,.171
Jaxson Hayes,2020-21,20,NOP,60,964,19.1,0.6,0.6,3.5,.176
Jaxson Hayes,2021-22,21,NOP,70,1398,18.5,0.2,0.8,5.1,.174
Jaxson Hayes,2022-23,22,NOP,47,610,13.7,-1.2,0.1,1.5,.118
Jaxson Hayes,2023-24,23,LAL,70,877,14.0,-1.9,0.0,2.5,.135
Jaxson Hayes,2024-25,24,LAL,56,1093,15.8,-0.3,0.5,3.7,.162
Jim Hayes,1970-71,22,NYA,47,494,6.0,,,0.6,.057
Killian Hayes,2020-21,19,DET,26,670,5.3,-7.2,-0.9,-1.1,-0.081
Killian Hayes,2021-22,20,DET,66,1647,9.3,-3.5,-0.6,0.5,.014
Killian Hayes,2022-23,21,DET,76,2154,10.2,-3.8,-1.0,-0.5,-0.012
Killian Hayes,2023-24,22,DET,42,1008,10.5,-2.7,-0.2,0.7,.032
Killian Hayes,2024-25,23,BRK,6,162,12.7,-0.6,0.1,0.3,.095
Nigel Hayes,2017-18,23,3TM,9,122,6.4,-3.8,-0.1,-0.1,-0.034
Nigel Hayes,2017-18,23,LAL,2,11,9.8,-1.7,0.0,0.0,.069
Nigel Hayes,2017-18,23,TOR,2,6,34.9,18.2,0.0,0.0,.018
Nigel Hayes,2017-18,23,SAC,5,105,4.4,-5.2,-0.1,-0.1,-0.048
Steve Hayes,1977-78,,Did not play - other pro league,,,,,,,
Steve Hayes,1978-79,,Did not play - other pro league,,,,,,,
Steve Hayes,1979-80,,Did not play - other pro league,,,,,,,
Steve Hayes,1980-81,,Did not play - other pro league,,,,,,,
Steve Hayes,1981-82,26,2TM,35,487,10.7,-1.6,0.0,0.9,.092
Steve Hayes,1981-82,26,SAS,9,75,9.7,-3.8,0.0,0.2,.099
Steve Hayes,1981-82,26,DET,26,412,10.9,-1.2,0.1,0.8,.091
Steve Hayes,1982-83,27,CLE,65,1058,8.2,-3.8,-0.5,1.2,.055
Steve Hayes,1983-84,28,SEA,43,253,8.9,-3.1,-0.1,0.3,.061
Steve Hayes,1984-85,29,PHI,11,101,10.4,-1.9,0.0,0.3,.124
Steve Hayes,1985-86,30,UTA,58,397,5.1,-6.2,-0.4,0.2,.023
Gordon Hayward,2010-11,20,UTA,72,1218,10.7,-2.2,-0.1,1.2,.048
Gordon Hayward,2011-12,21,UTA,66,2015,15.5,1.5,1.8,4.9,.116
Gordon Hayward,2012-13,22,UTA,72,2104,16.8,2.0,2.1,5.4,.123
Gordon Hayward,2013-14,23,UTA,77,2800,16.2,0.8,2.0,3.6,.062
Gordon Hayward,2014-15,24,UTA,76,2618,20.2,4.0,4.0,8.7,.159
Gordon Hayward,2015-16,25,UTA,80,2893,18.3,2.6,3.3,8.9,.147
Gordon Hayward,2016-17,26,UTA,73,2516,22.2,5.0,4.5,10.4,.199
Gordon Hayward,2017-18,27,BOS,1,5,7.3,-7.4,0.0,0.0,.056
Gordon Hayward,2018-19,28,BOS,72,1863,15.6,0.8,1.3,4.9,.126
Gordon Hayward,2019-20,29,BOS,52,1740,18.1,2.7,2.0,5.7,.158
Gordon Hayward,2020-21,30,CHO,44,1496,17.6,1.6,1.4,3.5,.114
Gordon Hayward,2021-22,31,CHO,49,1564,15.1,-0.7,0.5,2.8,.087
Gordon Hayward,2022-23,32,CHO,50,1577,13.5,-1.4,0.2,2.0,.059
Gordon Hayward,2023-24,33,2TM,51,1245,12.8,-2.1,0.0,1.5,.058
Gordon Hayward,2023-24,33,CHO,25,798,14.2,-1.8,0.0,0.7,.041
Gordon Hayward,2023-24,33,OKC,26,447,10.3,-2.6,-0.1,0.8,.088
Lazar Hayward,2010-11,24,MIN,42,419,10.8,-2.9,-0.1,0.3,.035
Lazar Hayward,2011-12,25,OKC,26,141,3.1,-8.5,-0.2,-0.1,-0.040
Lazar Hayward,2012-13,26,MIN,4,31,11.2,-1.9,0.0,0.1,.087
Brendan Haywood,2001-02,22,WAS,62,1266,13.7,-1.3,0.2,3.1,.116
Brendan Haywood,2002-03,23,WAS,81,1930,13.5,-1.8,0.1,5.0,.125
Brendan Haywood,2003-04,24,WAS,77,1484,17.2,-0.7,0.5,3.8,.123
Brendan Haywood,2004-05,25,WAS,68,1865,16.5,-0.1,0.9,5.2,.134
Brendan Haywood,2005-06,26,WAS,79,1879,13.8,-1.7,0.2,3.9,.099
Brendan Haywood,2006-07,27,WAS,77,1740,14.2,-1.8,0.1,3.4,.095
Brendan Haywood,2007-08,28,WAS,80,2228,18.3,-0.2,1.0,6.8,.146
Brendan Haywood,2008-09,29,WAS,6,175,14.9,-2.0,0.0,0.2,.041
Brendan Haywood,2009-10,30,2TM,77,2355,16.1,-0.1,1.1,6.7,.137
Brendan Haywood,2009-10,30,WAS,49,1614,16.2,-0.4,0.7,4.5,.133
Brendan Haywood,2009-10,30,DAL,28,741,16.1,0.6,0.5,2.2,.144
Brendan Haywood,2010-11,31,DAL,72,1331,11.7,-1.9,0.0,2.9,.104
Brendan Haywood,2011-12,32,DAL,54,1146,12.9,-1.9,0.0,2.7,.114
Brendan Haywood,2012-13,33,CHA,61,1162,8.7,-6.0,-1.2,0.1,.006
Brendan Haywood,2013-14,,Did not play - injury,,,,,,,
Brendan Haywood,2014-15,35,CLE,22,119,9.1,-6.3,-0.1,0.0,.008
Spencer Haywood,1969-70,20,DNR,84,3808,28.0,,,17.1,.216
Spencer Haywood,1970-71,21,SEA,33,1162,18.0,,,2.2,.091
Spencer Haywood,1971-72,22,SEA,73,3167,19.7,,,8.7,.131
Spencer Haywood,1972-73,23,SEA,77,3259,22.7,,,10.2,.150
Spencer Haywood,1973-74,24,SEA,75,3039,19.4,2.3,3.3,9.7,.153
Spencer Haywood,1974-75,25,SEA,68,2529,19.0,1.3,2.1,7.3,.138
Spencer Haywood,1975-76,26,NYK,78,2892,17.2,-0.2,1.3,6.8,.114
Spencer Haywood,1976-77,27,NYK,31,1021,15.6,-0.6,0.4,2.1,.096
Spencer Haywood,1977-78,28,NYK,67,1765,15.7,-0.9,0.5,3.1,.083
Spencer Haywood,1978-79,29,2TM,68,2361,16.8,-1.0,0.6,4.3,.087
Spencer Haywood,1978-79,29,NYK,34,1023,15.6,-1.8,0.1,1.6,.077
Spencer Haywood,1978-79,29,NOJ,34,1338,17.7,-0.4,0.5,2.7,.096
Spencer Haywood,1979-80,30,LAL,76,1544,13.9,-2.3,-0.1,3.1,.095
Spencer Haywood,1980-81,,Did not play - other pro league,,,,,,,
Spencer Haywood,1981-82,32,WSB,76,2086,13.2,-1.8,0.1,3.6,.083
Spencer Haywood,1982-83,33,WSB,38,775,10.0,-4.6,-0.5,0.4,.025
John Hazen,1948-49,21,BOS,6,,,,,0.2,
Walt Hazzard,1964-65,22,LAL,66,919,9.3,,,0.2,.013
Walt Hazzard,1965-66,23,LAL,80,2198,14.9,,,4.5,.099
Walt Hazzard,1966-67,24,LAL,79,1642,13.8,,,2.2,.064
Walt Hazzard,1967-68,25,SEA,79,2666,19.4,,,5.3,.096
Walt Hazzard,1968-69,26,ATL,80,2420,12.6,,,2.5,.050
Walt Hazzard,1969-70,27,ATL,82,2757,15.7,,,5.0,.088
Walt Hazzard,1970-71,28,ATL,82,2877,15.5,,,5.4,.090
Walt Hazzard,1971-72,29,BUF,72,2389,15.9,,,3.3,.067
Walt Hazzard,1972-73,30,2TM,55,763,11.5,,,1.1,.070
Walt Hazzard,1972-73,30,BUF,9,134,8.7,,,-0.1,-0.036
Walt Hazzard,1972-73,30,GSW,46,629,12.1,,,1.2,.092
Walt Hazzard,1973-74,31,SEA,49,571,12.6,-1.9,0.0,0.6,.051
Luther Head,2005-06,23,HOU,80,2310,11.2,-0.2,1.1,3.5,.072
Luther Head,2006-07,24,HOU,80,2211,13.7,1.6,2.0,5.7,.123
Luther Head,2007-08,25,HOU,73,1379,13.6,0.8,1.0,3.5,.121
Luther Head,2008-09,26,2TM,32,498,9.9,-2.0,0.0,0.6,.058
Luther Head,2008-09,26,HOU,22,322,9.8,-2.3,0.0,0.4,.058
Luther Head,2008-09,26,MIA,10,176,10.2,-1.5,0.0,0.2,.059
Luther Head,2009-10,27,IND,47,813,11.5,-2.4,-0.1,0.6,.034
Luther Head,2010-11,28,SAC,36,586,11.7,-0.7,0.2,0.9,.073
Shane Heal,1996-97,26,MIN,43,236,5.0,-6.8,-0.3,-0.4,-0.086
Shane Heal,1997-98,,Did not play - other pro league,,,,,,,
Shane Heal,1998-99,,Did not play - other pro league,,,,,,,
Shane Heal,1999-00,,Did not play - other pro league,,,,,,,
Shane Heal,2000-01,,Did not play - other pro league,,,,,,,
Shane Heal,2001-02,,Did not play - other pro league,,,,,,,
Shane Heal,2002-03,,Did not play - other pro league,,,,,,,
Shane Heal,2003-04,33,SAS,6,72,5.3,-3.6,0.0,0.0,-0.006
Brian Heaney,1969-70,23,BAL,14,70,8.3,,,0.2,.106
Gar Heard,1970-71,22,SEA,65,1027,10.4,,,-0.3,-0.013
Gar Heard,1971-72,23,SEA,58,1499,10.1,,,0.1,.003
Gar Heard,1972-73,24,2TM,81,1552,14.9,,,2.4,.075
Gar Heard,1972-73,24,SEA,3,17,17.0,,,0.0,.054
Gar Heard,1972-73,24,CHI,78,1535,14.9,,,2.4,.075
Gar Heard,1973-74,25,BUF,81,2889,16.0,0.2,1.6,5.0,.084
Gar Heard,1974-75,26,BUF,67,2148,13.6,-0.5,0.8,2.1,.046
Gar Heard,1975-76,27,2TM,86,2747,13.7,-0.6,1.0,4.5,.079
Gar Heard,1975-76,27,BUF,50,1527,13.4,-0.5,0.6,2.2,.069
Gar Heard,1975-76,27,PHO,36,1220,14.1,-0.7,0.4,2.3,.092
Gar Heard,1976-77,28,PHO,46,1363,12.6,-1.3,0.2,1.7,.062
Gar Heard,1977-78,29,PHO,80,2099,12.9,0.2,1.2,4.5,.103
Gar Heard,1978-79,30,PHO,63,1213,12.6,-0.9,0.3,2.6,.101
Gar Heard,1979-80,31,PHO,82,1403,11.5,-0.9,0.4,2.3,.080
Gar Heard,1980-81,32,SDC,78,1631,10.9,-0.2,0.8,2.0,.059
Reggie Hearn,2017-18,26,DET,3,7,13.1,1.5,0.0,0.0,.132
Herm Hedderick,1952-53,,Did not play - military service,,,,,,,
Herm Hedderick,1953-54,,Did not play - military service,,,,,,,
Herm Hedderick,1954-55,25,NYK,5,23,-0.8,,,-0.1,-0.232
Alvin Heggs,1995-96,28,HOU,4,14,20.7,0.8,0.0,0.1,.196
Tom Heinsohn,1956-57,22,BOS,72,2150,18.1,,,7.1,.160
Tom Heinsohn,1957-58,23,BOS,69,2206,16.9,,,6.0,.130
Tom Heinsohn,1958-59,24,BOS,66,2089,17.9,,,6.5,.150
Tom Heinsohn,1959-60,25,BOS,75,2420,18.4,,,7.7,.154
Tom Heinsohn,1960-61,26,BOS,74,2256,18.4,,,6.6,.141
Tom Heinsohn,1961-62,27,BOS,79,2383,20.2,,,9.3,.187
Tom Heinsohn,1962-63,28,BOS,76,2004,18.7,,,6.8,.163
Tom Heinsohn,1963-64,29,BOS,76,2040,17.0,,,6.2,.147
Tom Heinsohn,1964-65,30,BOS,67,1706,14.3,,,3.6,.102
Dick Hemric,1955-56,22,BOS,71,1329,13.9,,,2.7,.099
Dick Hemric,1956-57,23,BOS,67,1055,13.0,,,2.5,.115
Alan Henderson,1995-96,23,ATL,79,1416,12.9,-4.1,-0.8,2.0,.069
Alan Henderson,1996-97,24,ATL,30,501,15.0,-2.4,0.0,1.3,.126
Alan Henderson,1997-98,25,ATL,69,2000,18.4,-0.5,0.8,6.0,.144
Alan Henderson,1998-99,26,ATL,38,1142,16.0,0.6,0.8,3.1,.131
Alan Henderson,1999-00,27,ATL,82,2775,14.7,-1.6,0.3,4.3,.074
Alan Henderson,2000-01,28,ATL,73,1810,14.0,-3.0,-0.5,1.9,.050
Alan Henderson,2001-02,29,ATL,26,422,13.4,-1.9,0.0,0.7,.074
Alan Henderson,2002-03,30,ATL,82,1494,12.1,-2.9,-0.3,2.6,.083
Alan Henderson,2003-04,31,ATL,6,68,18.2,1.0,0.1,0.2,.109
Alan Henderson,2004-05,32,DAL,78,1203,12.4,-1.4,0.2,3.1,.122
Alan Henderson,2005-06,33,CLE,51,531,12.2,-2.1,0.0,1.3,.116
Alan Henderson,2006-07,34,PHI,38,418,15.7,-0.6,0.1,1.6,.181
Cedric Henderson,1986-87,21,2TM,8,16,15.3,-8.6,0.0,0.0,-0.015
Cedric Henderson,1986-87,21,ATL,6,10,11.1,-8.3,0.0,0.0,.018
Cedric Henderson,1986-87,21,MIL,2,6,22.2,-9.0,0.0,0.0,-0.071
Cedric Henderson,1997-98,22,CLE,82,2527,10.7,-1.6,0.3,3.8,.072
Cedric Henderson,1998-99,23,CLE,50,1517,9.9,-2.5,-0.2,0.5,.015
Cedric Henderson,1999-00,24,CLE,61,1107,7.3,-4.9,-0.8,-0.2,-0.010
Cedric Henderson,2000-01,25,CLE,55,961,6.2,-4.8,-0.7,-0.7,-0.037
Cedric Henderson,2001-02,26,GSW,12,70,14.4,1.7,0.1,0.0,.003
Dave Henderson,1986-87,,Did not play - other pro league,,,,,,,
Dave Henderson,1987-88,23,PHI,22,351,6.7,-7.1,-0.4,-0.4,-0.058
Gerald Henderson,1978-79,,Did not play - other pro league,,,,,,,
Gerald Henderson,1979-80,24,BOS,76,1061,12.7,-0.4,0.4,1.7,.078
Gerald Henderson,1980-81,25,BOS,82,1608,10.4,-2.6,-0.2,1.3,.037
Gerald Henderson,1981-82,26,BOS,82,1844,13.2,-0.6,0.6,3.6,.094
Gerald Henderson,1982-83,27,BOS,82,1551,12.1,-1.5,0.2,2.3,.073
Gerald Henderson,1983-84,28,BOS,78,2088,14.7,1.1,1.6,5.3,.121
Gerald Henderson,1984-85,29,SEA,79,2648,14.3,-0.3,1.1,3.7,.067
Gerald Henderson,1985-86,30,SEA,82,2568,15.7,1.3,2.1,6.2,.115
Gerald Henderson,1986-87,31,2TM,74,2045,14.5,-0.2,0.9,2.9,.068
Gerald Henderson,1986-87,31,SEA,6,155,14.0,-0.9,0.0,0.3,.093
Gerald Henderson,1986-87,31,NYK,68,1890,14.6,-0.1,0.9,2.6,.066
Gerald Henderson,1987-88,32,2TM,75,1505,12.1,-1.4,0.2,2.2,.071
Gerald Henderson,1987-88,32,NYK,6,69,4.4,-4.1,0.0,0.0,-0.010
Gerald Henderson,1987-88,32,PHI,69,1436,12.5,-1.3,0.3,2.2,.075
Gerald Henderson,1988-89,33,PHI,65,986,12.1,-2.3,-0.1,1.1,.055
Gerald Henderson,1989-90,34,2TM,57,464,11.9,1.3,0.4,1.2,.128
Gerald Henderson,1989-90,34,MIL,11,129,7.4,-2.2,0.0,0.1,.033
Gerald Henderson,1989-90,34,DET,46,335,13.6,2.6,0.4,1.1,.164
Gerald Henderson,1990-91,35,DET,23,392,10.1,-1.6,0.0,0.5,.061
Gerald Henderson,1991-92,36,2TM,16,96,8.0,-5.3,-0.1,0.0,.021
Gerald Henderson,1991-92,36,HOU,8,34,4.3,-11.1,-0.1,-0.1,-0.092
Gerald Henderson,1991-92,36,DET,8,62,10.1,-2.1,0.0,0.1,.083
Gerald Henderson,2009-10,22,CHA,43,355,9.7,-2.5,0.0,0.4,.056
Gerald Henderson,2010-11,23,CHA,68,1661,13.2,-1.8,0.1,2.4,.068
Gerald Henderson,2011-12,24,CHA,55,1831,14.0,-2.7,-0.3,1.0,.026
Gerald Henderson,2012-13,25,CHA,68,2133,16.4,-1.1,0.5,3.3,.073
Gerald Henderson,2013-14,26,CHA,77,2461,13.1,-1.5,0.3,3.6,.071
Gerald Henderson,2014-15,27,CHO,80,2315,13.2,-1.4,0.4,3.6,.074
Gerald Henderson,2015-16,28,POR,72,1431,12.9,-1.8,0.1,2.0,.068
Gerald Henderson,2016-17,29,PHI,72,1667,10.8,-3.1,-0.5,2.0,.059
J.R. Henderson,1998-99,22,VAN,30,331,9.0,-4.8,-0.2,-0.2,-0.025
Jerome Henderson,1985-86,26,LAL,1,3,37.7,3.6,0.0,0.0,.349
Jerome Henderson,1986-87,27,MIL,6,36,-2.4,-16.1,-0.1,-0.1,-0.154
Kevin Henderson,1986-87,22,GSW,5,45,5.4,-6.6,-0.1,0.0,-0.011
Kevin Henderson,1987-88,23,2TM,17,190,6.7,-6.3,-0.2,-0.2,-0.045
Kevin Henderson,1987-88,23,GSW,12,170,6.4,-6.2,-0.2,-0.2,-0.046
Kevin Henderson,1987-88,23,CLE,5,20,9.1,-7.2,0.0,0.0,-0.039
Scoot Henderson,2023-24,19,POR,62,1765,9.5,-5.8,-1.7,-1.7,-0.045
Scoot Henderson,2024-25,20,POR,66,1759,12.5,-2.2,-0.1,1.8,.049
Tom Henderson,1974-75,23,ATL,79,2131,13.8,-1.0,0.5,2.4,.054
Tom Henderson,1975-76,24,ATL,81,2900,13.2,-1.9,0.0,2.1,.035
Tom Henderson,1976-77,25,2TM,87,2791,15.0,0.5,1.8,4.7,.080
Tom Henderson,1976-77,25,ATL,46,1568,15.2,0.4,1.0,2.1,.063
Tom Henderson,1976-77,25,WSB,41,1223,14.7,0.6,0.8,2.6,.102
Tom Henderson,1977-78,26,WSB,75,2315,12.6,-0.9,0.7,3.1,.064
Tom Henderson,1978-79,27,WSB,70,2081,13.9,0.4,1.3,4.5,.103
Tom Henderson,1979-80,28,HOU,66,1551,9.7,-1.8,0.1,1.3,.041
Tom Henderson,1980-81,29,HOU,66,1411,10.9,-1.8,0.1,1.5,.052
Tom Henderson,1981-82,30,HOU,75,1721,11.0,-1.9,0.1,2.1,.059
Tom Henderson,1982-83,31,HOU,51,789,11.5,-2.6,-0.1,0.4,.022
Taylor Hendricks,2023-24,20,UTA,40,856,11.8,-1.6,0.1,1.2,.070
Taylor Hendricks,2024-25,21,UTA,3,75,7.1,-3.5,0.0,0.0,-0.008
Mark Hendrickson,1996-97,22,PHI,29,301,11.5,-5.1,-0.2,0.3,.054
Mark Hendrickson,1997-98,23,SAC,48,737,9.4,-3.5,-0.3,0.8,.049
Mark Hendrickson,1998-99,24,NJN,22,399,12.3,-3.8,-0.2,0.9,.105
Mark Hendrickson,1999-00,25,2TM,15,71,10.4,-0.6,0.0,0.1,.098
Mark Hendrickson,1999-00,25,CLE,10,47,12.9,1.3,0.0,0.1,.132
Mark Hendrickson,1999-00,25,NJN,5,24,5.5,-4.2,0.0,0.0,.030
Larry Hennessy,1953-54,,Did not play - military service,,,,,,,
Larry Hennessy,1954-55,,Did not play - military service,,,,,,,
Larry Hennessy,1955-56,26,PHW,53,444,9.5,,,-0.5,-0.054
Larry Hennessy,1956-57,27,2TM,21,373,7.9,,,-0.4,-0.050
Larry Hennessy,1956-57,27,PHW,2,25,4.9,,,0.0,-0.076
Larry Hennessy,1956-57,27,SYR,19,348,8.1,,,-0.4,-0.049
Don Henriksen,1952-53,23,BLB,68,2263,12.9,,,3.5,.074
Don Henriksen,1953-54,,Did not play - retired,,,,,,,
Don Henriksen,1954-55,25,2TM,70,1664,12.8,,,0.9,.025
Don Henriksen,1954-55,25,BLB,14,429,,,,,
Don Henriksen,1954-55,25,ROC,56,1235,12.8,,,0.9,.034
Aaron Henry,2021-22,22,PHI,6,17,-7.4,-16.5,-0.1,-0.1,-0.306
Al Henry,1970-71,21,PHI,6,26,10.2,,,0.0,-0.007
Al Henry,1971-72,22,PHI,43,421,13.8,,,0.7,.079
Bill Henry,1948-49,24,FTW,32,,,,,2.9,
Bill Henry,1949-50,25,2TM,63,,,,,2.5,
Bill Henry,1949-50,25,FTW,44,,,,,1.9,
Bill Henry,1949-50,25,TRI,19,,,,,0.6,
Carl Henry,1984-85,,Did not play - other pro league,,,,,,,
Carl Henry,1985-86,25,SAC,28,149,12.5,-2.5,0.0,0.2,.049
Conner Henry,1986-87,23,2TM,54,323,6.1,-7.7,-0.5,-0.3,-0.049
Conner Henry,1986-87,23,HOU,18,92,0.2,-11.2,-0.2,-0.3,-0.142
Conner Henry,1986-87,23,BOS,36,231,8.5,-6.3,-0.2,-0.1,-0.012
Conner Henry,1987-88,24,3TM,39,433,12.4,-0.9,0.1,0.4,.049
Conner Henry,1987-88,24,BOS,10,81,9.5,-2.8,0.0,0.0,.016
Conner Henry,1987-88,24,MIL,14,145,6.2,-4.1,-0.1,-0.2,-0.058
Conner Henry,1987-88,24,SAC,15,207,17.8,2.1,0.2,0.6,.136
Myke Henry,2017-18,25,MEM,20,378,9.7,-1.3,0.1,0.1,.017
Skeeter Henry,1993-94,26,PHO,4,15,5.6,-12.7,0.0,0.0,-0.087
Xavier Henry,2010-11,19,MEM,38,527,7.0,-5.3,-0.4,0.2,.021
Xavier Henry,2011-12,20,NOH,45,759,9.2,-4.0,-0.4,0.2,.015
Xavier Henry,2012-13,21,NOH,50,625,7.6,-5.7,-0.6,0.0,.002
Xavier Henry,2013-14,22,LAL,43,908,12.3,-2.8,-0.2,0.3,.017
Xavier Henry,2014-15,23,LAL,9,86,4.9,-7.2,-0.1,-0.1,-0.030
John Henson,2012-13,22,MIL,63,827,18.2,-1.7,0.1,1.9,.109
John Henson,2013-14,23,MIL,70,1856,17.9,-0.5,0.7,3.3,.084
John Henson,2014-15,24,MIL,67,1228,18.0,0.7,0.8,3.6,.142
John Henson,2015-16,25,MIL,57,960,18.6,0.2,0.5,2.3,.117
John Henson,2016-17,26,MIL,58,1123,15.3,-1.6,0.1,2.7,.116
John Henson,2017-18,27,MIL,76,1970,15.7,-0.9,0.5,4.9,.120
John Henson,2018-19,28,MIL,14,188,17.1,2.5,0.2,0.6,.146
John Henson,2019-20,29,2TM,40,600,17.0,0.9,0.4,1.4,.109
John Henson,2019-20,29,CLE,29,412,16.9,1.1,0.3,0.9,.109
John Henson,2019-20,29,DET,11,188,17.1,0.5,0.1,0.4,.110
Steve Henson,1990-91,22,MIL,68,690,11.5,-1.6,0.1,1.2,.085
Steve Henson,1991-92,23,MIL,50,386,11.1,-2.9,-0.1,0.2,.028
Steve Henson,1992-93,24,ATL,53,719,11.3,-1.9,0.0,1.1,.076
Steve Henson,1993-94,25,CHH,3,17,9.7,1.3,0.0,0.0,.106
Steve Henson,1994-95,26,POR,37,380,12.1,-0.9,0.1,1.0,.130
Steve Henson,1995-96,,Did not play - other pro league,,,,,,,
Steve Henson,1996-97,,Did not play - other pro league,,,,,,,
Steve Henson,1997-98,29,DET,23,65,14.1,-2.7,0.0,0.1,.098
Steve Henson,1998-99,30,DET,4,25,5.6,-3.6,0.0,0.0,-0.015
Charlie Hentz,1970-71,23,PTC,57,1075,11.5,,,1.3,.057
Bill Herman,1949-50,25,DNN,13,,,,,0.1,
Kleggie Hermsen,1946-47,23,2TM,32,,,,,1.9,
Kleggie Hermsen,1946-47,23,CLR,11,,,,,0.1,
Kleggie Hermsen,1946-47,23,TRH,21,,,,,1.8,
Kleggie Hermsen,1947-48,24,BLB,48,,,,,2.9,
Kleggie Hermsen,1948-49,25,WSC,60,,,,,4.3,
Kleggie Hermsen,1949-50,26,CHS,67,,,,,3.0,
Kleggie Hermsen,1950-51,27,2TM,71,,,,,-0.2,
Kleggie Hermsen,1950-51,27,TRI,48,,,,,0.2,
Kleggie Hermsen,1950-51,27,BOS,23,,,,,-0.5,
Kleggie Hermsen,1951-52,,Did not play - retired,,,,,,,
Kleggie Hermsen,1952-53,29,2TM,10,62,-6.2,,,-0.5,-0.418
Kleggie Hermsen,1952-53,29,BOS,4,22,-14.2,,,-0.2,-0.518
Kleggie Hermsen,1952-53,29,INO,6,40,-1.9,,,-0.3,-0.364
Dewan Hernandez,2019-20,23,TOR,6,28,12.9,-9.6,-0.1,0.0,.043
Juancho Hernangómez,2016-17,21,DEN,62,842,13.4,-0.1,0.4,1.8,.104
Juancho Hernangómez,2017-18,22,DEN,25,277,9.7,-3.3,-0.1,0.4,.061
Juancho Hernangómez,2018-19,23,DEN,70,1358,11.0,-1.1,0.3,3.0,.105
Juancho Hernangómez,2019-20,24,2TM,48,833,10.4,-3.4,-0.3,0.9,.052
Juancho Hernangómez,2019-20,24,DEN,34,422,6.9,-5.2,-0.3,0.1,.007
Juancho Hernangómez,2019-20,24,MIN,14,411,14.1,-1.5,0.1,0.8,.098
Juancho Hernangómez,2020-21,25,MIN,52,900,12.1,-2.9,-0.2,1.1,.060
Juancho Hernangómez,2021-22,26,3TM,40,445,11.5,-0.6,0.2,0.9,.095
Juancho Hernangómez,2021-22,26,BOS,18,96,3.8,-8.3,-0.2,-0.1,-0.050
Juancho Hernangómez,2021-22,26,SAS,5,51,9.0,-2.5,0.0,0.1,.055
Juancho Hernangómez,2021-22,26,UTA,17,298,14.5,2.2,0.3,0.9,.149
Juancho Hernangómez,2022-23,27,TOR,42,614,7.6,-3.3,-0.2,0.7,.053
Juancho Hernangómez,2023-24,,Did not play - other pro league,,,,,,,
Willy Hernangómez,2015-16,,Did not play - other pro league,,,,,,,
Willy Hernangómez,2016-17,22,NYK,72,1324,19.0,-0.3,0.6,3.4,.123
Willy Hernangómez,2017-18,23,2TM,48,495,21.2,1.4,0.4,1.8,.173
Willy Hernangómez,2017-18,23,NYK,26,233,16.9,-0.3,0.1,0.3,.069
Willy Hernangómez,2017-18,23,CHO,22,262,25.0,2.8,0.3,1.5,.266
Willy Hernangómez,2018-19,24,CHO,58,812,20.4,-0.1,0.4,2.6,.153
Willy Hernangómez,2019-20,25,CHO,31,375,19.2,0.1,0.2,0.8,.107
Willy Hernangómez,2020-21,26,NOP,47,846,19.6,0.0,0.4,2.9,.163
Willy Hernangómez,2021-22,27,NOP,50,839,22.2,0.2,0.5,3.2,.180
Willy Hernangómez,2022-23,28,NOP,38,458,20.7,0.3,0.3,1.6,.171
Willy Hernangómez,2023-24,,Did not play - other pro league,,,,,,,
Chris Herren,1999-00,24,DEN,45,597,8.9,-4.0,-0.3,0.5,.041
Chris Herren,2000-01,25,BOS,25,408,6.1,-5.2,-0.3,0.0,.001
Carl Herrera,1990-91,,Did not play - other pro league,,,,,,,
Carl Herrera,1991-92,25,HOU,43,566,10.9,-3.0,-0.1,0.5,.045
Carl Herrera,1992-93,26,HOU,81,1800,13.1,-1.6,0.2,4.6,.123
Carl Herrera,1993-94,27,HOU,75,1292,9.1,-3.6,-0.5,2.0,.075
Carl Herrera,1994-95,28,HOU,61,1331,11.7,-2.7,-0.3,2.1,.076
Carl Herrera,1995-96,29,SAS,44,393,4.7,-7.2,-0.5,-0.2,-0.020
Carl Herrera,1996-97,30,SAS,75,1837,10.6,-5.0,-1.4,0.1,.002
Carl Herrera,1997-98,31,SAS,58,516,8.1,-4.8,-0.4,0.1,.006
Carl Herrera,1998-99,32,2TM,28,307,6.8,-6.4,-0.3,-0.3,-0.042
Carl Herrera,1998-99,32,VAN,4,42,-1.7,-12.6,-0.1,-0.2,-0.255
Carl Herrera,1998-99,32,DEN,24,265,8.2,-5.4,-0.2,0.0,-0.008
Walter Herrmann,2006-07,27,CHA,48,936,16.1,0.8,0.7,2.4,.125
Walter Herrmann,2007-08,28,2TM,45,373,13.2,-0.3,0.2,0.7,.086
Walter Herrmann,2007-08,28,CHA,17,174,12.1,-1.0,0.0,0.2,.061
Walter Herrmann,2007-08,28,DET,28,199,14.0,0.3,0.1,0.4,.108
Walter Herrmann,2008-09,29,DET,59,630,11.4,-1.4,0.1,1.0,.074
Tyler Herro,2019-20,20,MIA,55,1508,12.5,-1.6,0.1,1.6,.050
Tyler Herro,2020-21,21,MIA,54,1635,13.3,-1.3,0.3,1.7,.049
Tyler Herro,2021-22,22,MIA,66,2151,16.2,0.7,1.5,3.8,.084
Tyler Herro,2022-23,23,MIA,67,2337,15.3,0.6,1.6,3.5,.072
Tyler Herro,2023-24,24,MIA,42,1407,15.7,0.8,1.0,2.0,.068
Tyler Herro,2024-25,25,MIA,77,2725,19.7,3.1,3.5,7.4,.131
Keith Herron,1978-79,22,ATL,14,81,9.3,-4.8,-0.1,0.0,-0.011
Keith Herron,1979-80,,Did not play - other pro league,,,,,,,
Keith Herron,1980-81,24,DET,80,2270,13.4,-1.3,0.4,3.5,.074
Keith Herron,1981-82,25,CLE,30,269,6.8,-5.4,-0.3,-0.3,-0.052
Sonny Hertzberg,1946-47,24,NYK,59,,,,,4.0,
Sonny Hertzberg,1947-48,25,2TM,41,,,,,1.4,
Sonny Hertzberg,1947-48,25,NYK,4,,,,,-0.1,
Sonny Hertzberg,1947-48,25,WSC,37,,,,,1.5,
Sonny Hertzberg,1948-49,26,WSC,60,,,,,2.3,
Sonny Hertzberg,1949-50,27,BOS,68,,,,,0.7,
Sonny Hertzberg,1950-51,28,BOS,65,,,,,2.5,
Kevin Hervey,2019-20,23,OKC,10,52,5.0,-5.1,0.0,-0.1,-0.085
Dan Hester,1970-71,22,2TM,42,555,14.9,,,0.5,.042
Dan Hester,1970-71,22,DNR,35,462,15.5,,,0.3,.033
Dan Hester,1970-71,22,KEN,7,93,11.9,,,0.2,.084
Fred Hetzel,1965-66,23,SFW,56,722,13.9,,,0.5,.034
Fred Hetzel,1966-67,24,SFW,77,2123,12.4,,,2.9,.065
Fred Hetzel,1967-68,25,SFW,77,2394,15.8,,,5.1,.102
Fred Hetzel,1968-69,26,2TM,84,2276,15.6,,,4.5,.095
Fred Hetzel,1968-69,26,MIL,53,1591,15.7,,,2.6,.079
Fred Hetzel,1968-69,26,CIN,31,685,15.2,,,1.9,.130
Fred Hetzel,1969-70,27,PHI,63,757,14.6,,,2.0,.127
Fred Hetzel,1970-71,28,LAL,59,613,12.4,,,0.9,.070
Bill Hewitt,1968-69,24,LAL,75,1455,11.2,,,1.7,.056
Bill Hewitt,1969-70,25,2TM,65,1279,7.6,,,-0.2,-0.007
Bill Hewitt,1969-70,25,LAL,20,478,6.1,,,-0.2,-0.015
Bill Hewitt,1969-70,25,DET,45,801,8.4,,,0.0,-0.002
Bill Hewitt,1970-71,26,DET,62,1725,10.9,,,2.4,.067
Bill Hewitt,1971-72,27,DET,68,1203,10.5,,,0.6,.023
Bill Hewitt,1972-73,28,BUF,73,1332,9.8,,,-0.1,-0.005
Bill Hewitt,1973-74,,Did not play - waived,,,,,,,
Bill Hewitt,1974-75,30,CHI,18,467,10.3,-1.4,0.1,0.8,.081
Jack Hewson,1947-48,23,BOS,24,,,,,0.1,
Art Heyman,1963-64,22,NYK,75,2236,14.7,,,2.7,.059
Art Heyman,1964-65,23,NYK,55,663,14.5,,,1.3,.094
Art Heyman,1965-66,24,2TM,17,120,7.7,,,0.0,-0.020
Art Heyman,1965-66,24,CIN,11,100,6.3,,,-0.1,-0.042
Art Heyman,1965-66,24,PHI,6,20,14.7,,,0.0,.088
Art Heyman,1966-67,,Did not play - other pro league,,,,,,,
Art Heyman,1967-68,26,2TM,73,2555,18.7,,,8.5,.159
Art Heyman,1967-68,26,NJA,19,439,13.1,,,0.3,.037
Art Heyman,1967-68,26,PTP,54,2116,19.8,,,8.1,.185
Art Heyman,1968-69,27,MNP,71,2362,15.6,,,6.1,.125
Art Heyman,1969-70,28,2TM,19,310,12.8,,,0.6,.098
Art Heyman,1969-70,28,PTP,1,4,-26.7,,,0.0,-0.285
Art Heyman,1969-70,28,MMF,18,306,13.3,,,0.7,.103
Mario Hezonja,2015-16,20,ORL,79,1413,9.4,-3.1,-0.4,0.9,.029
Mario Hezonja,2016-17,21,ORL,65,960,7.2,-5.0,-0.7,-0.7,-0.033
Mario Hezonja,2017-18,22,ORL,75,1657,13.7,-0.5,0.6,2.3,.066
Mario Hezonja,2018-19,23,NYK,58,1206,10.8,-3.8,-0.5,-0.1,-0.003
Mario Hezonja,2019-20,24,POR,53,871,9.5,-2.9,-0.2,0.8,.043
Roy Hibbert,2008-09,22,IND,70,1009,16.1,-3.0,-0.3,2.1,.102
Roy Hibbert,2009-10,23,IND,81,2035,16.2,-0.9,0.6,4.1,.098
Roy Hibbert,2010-11,24,IND,81,2244,15.9,-1.1,0.5,3.6,.077
Roy Hibbert,2011-12,25,IND,65,1937,19.3,1.4,1.7,6.2,.154
Roy Hibbert,2012-13,26,IND,79,2269,17.3,-0.3,0.9,6.1,.129
Roy Hibbert,2013-14,27,IND,81,2409,13.5,-1.4,0.4,5.4,.108
Roy Hibbert,2014-15,28,IND,76,1926,15.4,-1.2,0.4,4.2,.105
Roy Hibbert,2015-16,29,LAL,81,1878,11.2,-3.2,-0.6,2.2,.056
Roy Hibbert,2016-17,30,2TM,48,682,13.5,-2.3,0.0,1.8,.129
Roy Hibbert,2016-17,30,CHO,42,671,13.5,-2.4,-0.1,1.8,.129
Roy Hibbert,2016-17,30,DEN,6,11,16.3,-0.5,0.0,0.0,.119
Nat Hickey,1947-48,46,PRO,2,,,,,-0.1,
Isaiah Hicks,2017-18,23,NYK,18,240,6.8,-7.6,-0.3,0.0,-0.003
Isaiah Hicks,2018-19,24,NYK,3,32,17.4,0.1,0.0,0.1,.153
Phil Hicks,1976-77,24,2TM,37,262,13.2,-1.6,0.1,0.5,.093
Phil Hicks,1976-77,24,HOU,2,7,3.5,-4.5,0.0,0.0,-0.256
Phil Hicks,1976-77,24,CHI,35,255,13.5,-1.6,0.1,0.5,.102
Phil Hicks,1977-78,,Did not play - waived,,,,,,,
Phil Hicks,1978-79,26,DEN,20,128,6.5,-4.8,-0.1,0.0,-0.014
J.J. Hickson,2008-09,20,CLE,62,705,12.5,-3.2,-0.2,1.5,.101
J.J. Hickson,2009-10,21,CLE,81,1691,15.2,-1.4,0.3,4.3,.123
J.J. Hickson,2010-11,22,CLE,80,2256,15.6,-3.8,-1.1,1.5,.032
J.J. Hickson,2011-12,23,2TM,54,1244,14.9,-2.3,-0.1,1.7,.066
J.J. Hickson,2011-12,23,SAC,35,644,9.9,-4.1,-0.3,-0.1,-0.009
J.J. Hickson,2011-12,23,POR,19,600,20.2,-0.3,0.3,1.8,.147
J.J. Hickson,2012-13,24,POR,80,2323,19.7,0.2,1.3,6.9,.142
J.J. Hickson,2013-14,25,DEN,69,1859,16.2,-0.9,0.5,3.3,.086
J.J. Hickson,2014-15,26,DEN,73,1411,14.3,-2.7,-0.2,1.8,.062
J.J. Hickson,2015-16,27,2TM,35,436,16.8,-1.1,0.1,0.8,.088
J.J. Hickson,2015-16,27,DEN,20,305,15.8,-1.1,0.1,0.5,.077
J.J. Hickson,2015-16,27,WAS,15,131,18.9,-1.0,0.0,0.3,.114
J.J. Hickson,2016-17,,Did not play - other pro league,,,,,,,
J.J. Hickson,2017-18,,Did not play - other pro league,,,,,,,
J.J. Hickson,2018-19,,Did not play - other pro league,,,,,,,
Buddy Hield,2016-17,24,2TM,82,1888,11.8,-2.0,0.0,1.3,.032
Buddy Hield,2016-17,24,NOP,57,1161,9.9,-2.8,-0.2,0.5,.020
Buddy Hield,2016-17,24,SAC,25,727,14.9,-0.8,0.2,0.8,.053
Buddy Hield,2017-18,25,SAC,80,2024,16.1,1.0,1.5,2.8,.067
Buddy Hield,2018-19,26,SAC,82,2615,17.5,2.1,2.7,5.9,.108
Buddy Hield,2019-20,27,SAC,72,2216,16.0,1.1,1.7,3.0,.064
Buddy Hield,2020-21,28,SAC,71,2433,12.8,-0.6,0.9,2.2,.044
Buddy Hield,2021-22,29,2TM,81,2499,12.9,-1.2,0.5,1.9,.036
Buddy Hield,2021-22,29,SAC,55,1574,11.9,-1.3,0.3,0.7,.023
Buddy Hield,2021-22,29,IND,26,925,14.5,-1.1,0.2,1.1,.059
Buddy Hield,2022-23,30,IND,80,2482,15.4,1.9,2.4,4.4,.085
Buddy Hield,2023-24,31,2TM,84,2160,13.3,0.4,1.3,3.5,.077
Buddy Hield,2023-24,31,IND,52,1336,13.1,0.2,0.7,2.0,.070
Buddy Hield,2023-24,31,PHI,32,824,13.6,0.8,0.6,1.5,.088
Buddy Hield,2024-25,32,GSW,82,1863,12.3,-1.0,0.5,2.8,.073
Bill Higgins,1974-75,22,VIR,15,348,6.1,-6.6,-0.4,-0.6,-0.080
Cory Higgins,2011-12,22,CHA,38,423,4.1,-10.4,-0.9,-1.3,-0.150
Cory Higgins,2012-13,23,CHA,6,32,12.6,-3.3,0.0,0.0,-0.022
Earle Higgins,1970-71,24,INA,53,467,13.6,,,0.8,.079
Mike Higgins,1989-90,22,2TM,11,50,10.9,-0.3,0.0,0.1,.132
Mike Higgins,1989-90,22,LAL,6,18,7.5,3.5,0.0,0.0,.130
Mike Higgins,1989-90,22,DEN,5,32,12.9,-2.4,0.0,0.1,.133
Mike Higgins,1990-91,23,SAC,7,61,4.1,-8.0,-0.1,0.0,.017
Rod Higgins,1982-83,23,CHI,82,2196,12.7,-0.4,0.9,3.8,.083
Rod Higgins,1983-84,24,CHI,78,1577,10.1,-1.7,0.1,2.0,.060
Rod Higgins,1984-85,25,CHI,68,942,10.2,-1.8,0.0,1.0,.049
Rod Higgins,1985-86,26,4TM,30,332,7.7,-3.5,-0.1,0.1,.019
Rod Higgins,1985-86,26,SEA,12,94,4.5,-4.9,-0.1,0.0,-0.016
Rod Higgins,1985-86,26,SAS,11,128,10.8,-2.2,0.0,0.2,.079
Rod Higgins,1985-86,26,NJN,2,29,-0.2,-10.2,-0.1,-0.1,-0.210
Rod Higgins,1985-86,26,CHI,5,81,9.3,-1.5,0.0,0.1,.045
Rod Higgins,1986-87,27,GSW,73,1497,14.1,-0.2,0.7,3.7,.120
Rod Higgins,1987-88,28,GSW,68,2188,16.3,0.9,1.6,5.7,.124
Rod Higgins,1988-89,29,GSW,81,1887,15.5,1.2,1.5,5.9,.150
Rod Higgins,1989-90,30,GSW,82,1993,15.5,1.0,1.5,5.0,.121
Rod Higgins,1990-91,31,GSW,82,2024,13.4,0.7,1.4,5.3,.127
Rod Higgins,1991-92,32,GSW,25,535,13.4,-0.1,0.3,1.3,.121
Rod Higgins,1992-93,33,SAC,69,1425,12.5,-0.4,0.6,2.5,.085
Rod Higgins,1993-94,34,CLE,36,547,13.7,1.0,0.4,1.4,.125
Rod Higgins,1994-95,35,GSW,5,46,6.1,-5.3,0.0,0.0,.003
Sean Higgins,1990-91,22,SAS,50,464,9.1,-6.5,-0.5,0.0,.000
Sean Higgins,1991-92,23,2TM,38,616,12.3,-2.8,-0.1,0.4,.030
Sean Higgins,1991-92,23,SAS,6,36,9.0,-6.9,0.0,0.0,.000
Sean Higgins,1991-92,23,ORL,32,580,12.5,-2.6,-0.1,0.4,.031
Sean Higgins,1992-93,24,GSW,29,591,9.2,-4.6,-0.4,-0.1,-0.012
Sean Higgins,1993-94,,Did not play - other pro league,,,,,,,
Sean Higgins,1994-95,26,NJN,57,735,7.1,-6.5,-0.8,0.0,.002
Sean Higgins,1995-96,27,PHI,44,916,10.4,-3.6,-0.4,0.3,.014
Sean Higgins,1996-97,,Did not play - other pro league,,,,,,,
Sean Higgins,1997-98,29,POR,2,12,-15.1,-20.4,-0.1,-0.1,-0.414
Kenny Higgs,1978-79,24,CLE,68,1050,12.4,-0.6,0.4,2.2,.098
Kenny Higgs,1979-80,,Did not play - other pro league,,,,,,,
Kenny Higgs,1980-81,26,DEN,72,1689,11.9,-2.4,-0.2,1.5,.043
Kenny Higgs,1981-82,27,DEN,76,1696,10.8,-3.9,-0.8,1.0,.028
Johnny High,1979-80,22,PHO,82,1121,10.1,-2.4,-0.1,1.1,.047
Johnny High,1980-81,23,PHO,81,1750,10.8,-1.5,0.2,2.5,.069
Johnny High,1981-82,,Did not play - waived,,,,,,,
Johnny High,1982-83,25,PHO,82,1155,8.6,-0.7,0.4,1.2,.051
Johnny High,1983-84,26,PHO,29,512,4.5,-2.0,0.0,-0.1,-0.008
Haywood Highsmith,2018-19,22,PHI,5,40,4.5,-8.2,-0.1,0.0,-0.023
Haywood Highsmith,2019-20,,Did not play - other pro league,,,,,,,
Haywood Highsmith,2020-21,,Did not play - other pro league,,,,,,,
Haywood Highsmith,2021-22,25,MIA,19,163,7.0,-4.6,-0.1,0.1,.041
Haywood Highsmith,2022-23,26,MIA,54,969,8.5,-3.1,-0.3,0.9,.046
Haywood Highsmith,2023-24,27,MIA,66,1366,11.1,-0.7,0.5,3.1,.108
Haywood Highsmith,2024-25,28,MIA,74,1818,9.9,-1.9,0.1,3.3,.088
Wayne Hightower,1962-63,23,SFW,66,1387,7.8,,,-0.8,-0.029
Wayne Hightower,1963-64,24,SFW,79,2536,12.0,,,4.0,.077
Wayne Hightower,1964-65,25,2TM,75,1547,10.5,,,0.8,.023
Wayne Hightower,1964-65,25,SFW,48,1037,10.1,,,0.7,.033
Wayne Hightower,1964-65,25,BAL,27,510,11.2,,,0.0,.003
Wayne Hightower,1965-66,26,BAL,24,460,10.6,,,0.0,-0.003
Wayne Hightower,1966-67,27,2TM,72,1310,10.7,,,-0.2,-0.007
Wayne Hightower,1966-67,27,BAL,43,746,10.2,,,-0.3,-0.020
Wayne Hightower,1966-67,27,DET,29,564,11.4,,,0.1,.011
Wayne Hightower,1967-68,28,DNR,74,2459,17.6,,,5.8,.112
Wayne Hightower,1968-69,29,DNR,67,2318,14.7,,,4.2,.086
Wayne Hightower,1969-70,30,LAS,27,961,16.9,,,2.2,.108
Wayne Hightower,1970-71,31,2TM,68,2355,13.3,,,2.9,.060
Wayne Hightower,1970-71,31,UTS,35,1135,13.1,,,1.7,.072
Wayne Hightower,1970-71,31,TEX,33,1220,13.4,,,1.2,.048
Wayne Hightower,1971-72,32,CAR,13,141,13.4,,,0.0,-0.001
Nenê,2002-03,20,DEN,80,2258,15.4,0.8,1.6,5.0,.107
Nenê,2003-04,21,DEN,77,2504,14.8,-0.3,1.1,6.1,.117
Nenê,2004-05,22,DEN,55,1317,15.6,-0.3,0.6,3.2,.118
Nenê,2005-06,23,DEN,1,3,-54.4,-70.7,0.0,-0.1,-1.312
Nenê,2006-07,24,DEN,64,1715,17.8,0.3,1.0,5.3,.148
Nenê,2007-08,25,DEN,16,266,11.1,-4.2,-0.1,0.3,.052
Nenê,2008-09,26,DEN,77,2510,18.8,2.0,2.6,9.3,.177
Nenê,2009-10,27,DEN,82,2755,18.9,3.2,3.6,10.8,.188
Nenê,2010-11,28,DEN,75,2291,20.4,3.6,3.2,9.6,.201
Nenê,2011-12,29,2TM,39,1110,18.6,1.4,0.9,2.7,.117
Nenê,2011-12,29,DEN,28,826,16.7,0.2,0.4,1.6,.092
Nenê,2011-12,29,WAS,11,284,24.2,5.0,0.5,1.1,.191
Nenê,2012-13,30,WAS,61,1659,17.0,1.3,1.3,4.0,.116
Nenê,2013-14,31,WAS,53,1560,16.6,0.3,0.9,3.2,.098
Nenê,2014-15,32,WAS,67,1693,14.3,-0.8,0.5,3.0,.086
Nenê,2015-16,33,WAS,57,1094,16.8,0.4,0.6,2.7,.120
Nenê,2016-17,34,HOU,67,1198,18.9,0.8,0.8,4.1,.165
Nenê,2017-18,35,HOU,52,758,16.4,-1.0,0.2,2.6,.163
Nenê,2018-19,36,HOU,42,546,11.9,-2.2,0.0,1.4,.123
Nenê,2019-20,,Did not play - injury,,,,,,,
Armond Hill,1976-77,23,ATL,81,1825,11.9,-2.8,-0.4,0.8,.022
Armond Hill,1977-78,24,ATL,82,2530,11.0,-1.6,0.3,2.6,.050
Armond Hill,1978-79,25,ATL,82,2527,11.8,-1.4,0.4,4.2,.080
Armond Hill,1979-80,26,ATL,79,2092,9.2,-2.0,0.0,2.5,.057
Armond Hill,1980-81,27,2TM,75,1738,8.0,-3.2,-0.5,1.0,.028
Armond Hill,1980-81,27,ATL,24,624,7.2,-3.9,-0.3,-0.2,-0.013
Armond Hill,1980-81,27,SEA,51,1114,8.4,-2.9,-0.2,1.2,.052
Armond Hill,1981-82,28,2TM,40,723,5.5,-5.3,-0.6,-0.4,-0.024
Armond Hill,1981-82,28,SEA,21,243,7.4,-3.0,-0.1,0.4,.083
Armond Hill,1981-82,28,SDC,19,480,4.6,-6.5,-0.5,-0.8,-0.078
Armond Hill,1982-83,29,MIL,14,169,12.6,-0.8,0.1,0.5,.137
Armond Hill,1983-84,30,ATL,15,181,6.5,-5.0,-0.2,0.0,-0.012
Cleo Hill,1961-62,23,STL,58,1050,9.2,,,0.3,.015
Gary Hill,1963-64,22,SFW,67,1015,7.8,,,0.6,.027
Gary Hill,1964-65,23,2TM,12,103,4.3,,,-0.2,-0.092
Gary Hill,1964-65,23,SFW,9,88,5.1,,,-0.2,-0.096
Gary Hill,1964-65,23,BAL,3,15,0.0,,,0.0,-0.065
George Hill,2008-09,22,SAS,77,1270,11.6,-1.8,0.1,2.1,.080
George Hill,2009-10,23,SAS,78,2276,14.7,0.9,1.7,6.7,.142
George Hill,2010-11,24,SAS,76,2148,14.6,0.8,1.5,6.1,.136
George Hill,2011-12,25,IND,50,1274,15.7,2.3,1.4,4.0,.152
George Hill,2012-13,26,IND,76,2620,16.6,3.3,3.5,9.7,.177
George Hill,2013-14,27,IND,76,2434,13.4,1.6,2.2,7.8,.154
George Hill,2014-15,28,IND,43,1267,21.5,5.3,2.3,5.4,.203
George Hill,2015-16,29,IND,74,2524,13.2,0.7,1.7,6.2,.118
George Hill,2016-17,30,UTA,49,1544,19.3,3.8,2.3,5.9,.182
George Hill,2017-18,31,2TM,67,1812,13.3,-0.8,0.6,3.2,.085
George Hill,2017-18,31,SAC,43,1143,14.0,-0.5,0.4,2.1,.090
George Hill,2017-18,31,CLE,24,669,12.2,-1.2,0.1,1.1,.077
George Hill,2018-19,32,2TM,60,1302,12.1,-1.4,0.2,2.8,.103
George Hill,2018-19,32,CLE,13,344,13.5,-2.0,0.0,0.5,.066
George Hill,2018-19,32,MIL,47,958,11.6,-1.2,0.2,2.3,.117
George Hill,2019-20,33,MIL,59,1271,16.9,2.9,1.6,5.5,.210
George Hill,2020-21,34,2TM,30,672,13.1,-1.2,0.1,1.4,.100
George Hill,2020-21,34,OKC,14,369,15.9,1.0,0.3,1.0,.129
George Hill,2020-21,34,PHI,16,303,9.7,-3.9,-0.1,0.4,.065
George Hill,2021-22,35,MIL,54,1253,10.2,-1.6,0.1,2.3,.087
George Hill,2022-23,36,2TM,46,834,10.6,-1.5,0.1,1.9,.107
George Hill,2022-23,36,MIL,35,668,9.8,-1.7,0.0,1.4,.100
George Hill,2022-23,36,IND,11,166,14.1,-0.6,0.1,0.5,.136
Grant Hill,1994-95,22,DET,70,2678,19.0,2.0,2.7,5.4,.097
Grant Hill,1995-96,23,DET,80,3260,20.9,4.8,5.6,11.7,.172
Grant Hill,1996-97,24,DET,80,3147,25.5,8.2,8.0,14.6,.223
Grant Hill,1997-98,25,DET,81,3294,21.2,4.7,5.6,10.2,.149
Grant Hill,1998-99,26,DET,50,1852,23.9,6.2,3.8,7.3,.189
Grant Hill,1999-00,27,DET,74,2776,24.5,5.4,5.2,10.7,.185
Grant Hill,2000-01,28,ORL,4,133,18.1,5.2,0.2,0.3,.126
Grant Hill,2001-02,29,ORL,14,512,16.7,0.5,0.3,1.2,.108
Grant Hill,2002-03,30,ORL,29,843,20.8,3.4,1.1,2.5,.144
Grant Hill,2003-04,,Did not play - injury,,,,,,,
Grant Hill,2004-05,32,ORL,67,2338,20.0,2.5,2.7,6.6,.136
Grant Hill,2005-06,33,ORL,21,613,19.0,1.5,0.5,1.7,.130
Grant Hill,2006-07,34,ORL,65,2009,16.3,1.1,1.6,5.1,.123
Grant Hill,2007-08,35,PHO,70,2222,15.7,1.4,1.9,5.9,.127
Grant Hill,2008-09,36,PHO,82,2445,15.2,0.8,1.7,5.3,.104
Grant Hill,2009-10,37,PHO,81,2430,14.0,0.6,1.6,5.5,.109
Grant Hill,2010-11,38,PHO,80,2409,14.7,-0.5,0.9,4.4,.087
Grant Hill,2011-12,39,PHO,49,1378,12.3,-0.9,0.4,1.6,.055
Grant Hill,2012-13,40,LAC,29,437,4.8,-5.6,-0.4,-0.1,-0.014
Jordan Hill,2009-10,22,2TM,47,624,15.0,-3.5,-0.2,1.4,.105
Jordan Hill,2009-10,22,NYK,24,252,14.0,-4.6,-0.2,0.3,.059
Jordan Hill,2009-10,22,HOU,23,372,15.7,-2.7,-0.1,1.0,.135
Jordan Hill,2010-11,23,HOU,72,1125,13.1,-4.3,-0.7,1.8,.079
Jordan Hill,2011-12,24,2TM,39,551,15.8,-1.5,0.1,1.4,.118
Jordan Hill,2011-12,24,HOU,32,469,15.1,-1.4,0.1,1.1,.118
Jordan Hill,2011-12,24,LAL,7,82,19.3,-2.4,0.0,0.2,.120
Jordan Hill,2012-13,25,LAL,29,458,18.5,-1.6,0.0,1.4,.147
Jordan Hill,2013-14,26,LAL,72,1500,19.3,-0.5,0.6,4.4,.141
Jordan Hill,2014-15,27,LAL,70,1874,16.2,-2.2,-0.1,2.2,.055
Jordan Hill,2015-16,28,IND,73,1513,16.4,-0.7,0.5,3.9,.124
Jordan Hill,2016-17,29,MIN,7,47,5.5,-12.3,-0.1,0.0,-0.033
Malcolm Hill,2021-22,26,2TM,19,212,12.7,-1.6,0.0,0.6,.126
Malcolm Hill,2021-22,26,ATL,3,46,19.0,3.8,0.1,0.2,.252
Malcolm Hill,2021-22,26,CHI,16,166,11.0,-3.1,0.0,0.3,.091
Malcolm Hill,2022-23,27,CHI,5,9,15.4,2.4,0.0,0.0,.125
Malcolm Hill,2023-24,,Did not play - other pro league,,,,,,,
Simmie Hill,1969-70,23,2TM,53,1499,12.6,,,1.0,.033
Simmie Hill,1969-70,23,LAS,6,41,1.9,,,-0.1,-0.128
Simmie Hill,1969-70,23,MMF,47,1458,12.9,,,1.1,.037
Simmie Hill,1970-71,,Did not play - other pro league,,,,,,,
Simmie Hill,1971-72,25,DLC,70,1845,11.7,,,3.1,.081
Simmie Hill,1972-73,26,SDA,69,1658,10.7,,,1.6,.047
Simmie Hill,1973-74,27,SAA,60,837,9.9,-2.6,-0.1,1.2,.066
Solomon Hill,2013-14,22,IND,28,226,7.6,-2.4,0.0,0.4,.080
Solomon Hill,2014-15,23,IND,82,2381,10.2,-1.5,0.3,3.5,.072
Solomon Hill,2015-16,24,IND,59,866,12.2,0.1,0.5,2.1,.117
Solomon Hill,2016-17,25,NOP,80,2374,8.0,-2.7,-0.4,2.7,.055
Solomon Hill,2017-18,26,NOP,12,187,4.8,-4.8,-0.1,-0.1,-0.014
Solomon Hill,2018-19,27,NOP,44,878,6.8,-3.6,-0.3,0.5,.029
Solomon Hill,2019-20,28,2TM,59,1088,9.8,-1.7,0.1,1.4,.064
Solomon Hill,2019-20,28,MEM,48,901,10.2,-1.4,0.1,1.4,.072
Solomon Hill,2019-20,28,MIA,11,187,8.1,-2.8,0.0,0.1,.023
Solomon Hill,2020-21,29,ATL,71,1513,6.7,-2.5,-0.2,1.3,.040
Solomon Hill,2021-22,30,ATL,13,139,3.3,-4.0,-0.1,0.0,-0.006
Steven Hill,2008-09,23,OKC,1,2,88.3,29.2,0.0,0.0,.873
Tyrone Hill,1990-91,22,GSW,74,1192,10.5,-4.7,-0.8,2.1,.084
Tyrone Hill,1991-92,23,GSW,82,1886,12.8,-2.2,-0.1,4.5,.114
Tyrone Hill,1992-93,24,GSW,74,2070,12.9,-2.4,-0.2,4.9,.112
Tyrone Hill,1993-94,25,CLE,57,1447,18.4,0.3,0.8,5.7,.191
Tyrone Hill,1994-95,26,CLE,70,2397,16.8,-1.3,0.4,6.9,.138
Tyrone Hill,1995-96,27,CLE,44,929,14.6,-4.3,-0.5,1.9,.101
Tyrone Hill,1996-97,28,CLE,74,2582,17.8,0.7,1.8,9.9,.184
Tyrone Hill,1997-98,29,MIL,57,2064,13.6,-0.4,0.8,4.8,.113
Tyrone Hill,1998-99,30,2TM,38,1104,12.3,-2.5,-0.2,2.2,.095
Tyrone Hill,1998-99,30,MIL,17,517,12.3,-2.8,-0.1,1.0,.093
Tyrone Hill,1998-99,30,PHI,21,587,12.2,-2.3,-0.1,1.2,.096
Tyrone Hill,1999-00,31,PHI,68,2155,14.6,-1.4,0.3,5.7,.128
Tyrone Hill,2000-01,32,PHI,76,2363,12.4,-2.4,-0.3,5.5,.111
Tyrone Hill,2001-02,33,CLE,26,810,10.1,-4.9,-0.6,0.6,.036
Tyrone Hill,2002-03,34,2TM,56,1351,9.9,-4.0,-0.7,1.4,.049
Tyrone Hill,2002-03,34,CLE,32,855,10.3,-3.9,-0.4,0.6,.036
Tyrone Hill,2002-03,34,PHI,24,496,9.3,-4.1,-0.3,0.7,.072
Tyrone Hill,2003-04,35,MIA,5,38,8.2,-5.2,0.0,0.1,.123
Art Hillhouse,1946-47,30,PHW,60,,,,,5.4,
Art Hillhouse,1947-48,31,PHW,11,,,,,0.7,
Darrun Hilliard,2015-16,22,DET,38,383,10.7,-2.5,0.0,0.5,.066
Darrun Hilliard,2016-17,23,DET,39,381,5.9,-6.0,-0.4,-0.2,-0.027
Darrun Hilliard,2017-18,24,SAS,14,95,3.4,-7.9,-0.1,0.0,-0.015
Darnell Hillman,1971-72,22,INA,73,1386,13.9,,,3.2,.110
Darnell Hillman,1972-73,23,INA,84,2541,12.7,,,3.3,.062
Darnell Hillman,1973-74,24,INA,83,2319,13.3,-0.4,1.0,4.4,.091
Darnell Hillman,1974-75,25,INA,81,2603,15.8,-0.6,0.9,6.2,.114
Darnell Hillman,1975-76,26,INA,74,2166,14.9,-1.1,0.5,4.2,.094
Darnell Hillman,1976-77,27,IND,82,2302,14.1,-1.3,0.4,3.8,.079
Darnell Hillman,1977-78,28,2TM,78,1966,13.6,-1.6,0.2,3.2,.079
Darnell Hillman,1977-78,28,NJN,45,1220,14.6,-1.4,0.2,2.0,.077
Darnell Hillman,1977-78,28,DEN,33,746,12.1,-2.0,0.0,1.3,.081
Darnell Hillman,1978-79,29,KCK,78,1618,10.7,-1.8,0.1,2.6,.077
Darnell Hillman,1979-80,30,GSW,49,708,8.7,-4.2,-0.4,0.3,.018
Fred Hilton,1971-72,24,BUF,61,1349,11.4,,,-2.1,-0.075
Fred Hilton,1972-73,25,BUF,59,731,11.2,,,-1.4,-0.091
Kirk Hinrich,2003-04,23,CHI,76,2706,13.1,-0.8,0.8,4.1,.072
Kirk Hinrich,2004-05,24,CHI,77,2800,15.3,2.5,3.2,7.2,.124
Kirk Hinrich,2005-06,25,CHI,81,2955,15.5,1.8,2.8,7.6,.124
Kirk Hinrich,2006-07,26,CHI,80,2839,17.0,2.8,3.5,10.1,.171
Kirk Hinrich,2007-08,27,CHI,75,2380,13.1,-0.8,0.7,3.6,.072
Kirk Hinrich,2008-09,28,CHI,51,1339,13.9,0.9,1.0,2.6,.092
Kirk Hinrich,2009-10,29,CHI,74,2481,11.6,-0.5,0.9,4.0,.077
Kirk Hinrich,2010-11,30,2TM,72,2157,12.3,-1.3,0.4,3.0,.068
Kirk Hinrich,2010-11,30,WAS,48,1471,13.5,-1.0,0.4,2.3,.076
Kirk Hinrich,2010-11,30,ATL,24,686,9.8,-1.8,0.0,0.7,.050
Kirk Hinrich,2011-12,31,ATL,48,1237,9.2,-2.1,-0.1,1.8,.069
Kirk Hinrich,2012-13,32,CHI,60,1764,10.8,-0.9,0.5,3.1,.085
Kirk Hinrich,2013-14,33,CHI,73,2116,10.8,-1.0,0.6,3.8,.085
Kirk Hinrich,2014-15,34,CHI,66,1610,6.8,-3.8,-0.7,1.0,.030
Kirk Hinrich,2015-16,35,2TM,46,631,7.2,-3.5,-0.2,0.6,.044
Kirk Hinrich,2015-16,35,CHI,35,555,7.3,-3.6,-0.2,0.6,.048
Kirk Hinrich,2015-16,35,ATL,11,76,6.2,-2.5,0.0,0.0,.019
Roy Hinson,1983-84,22,CLE,80,1858,10.4,-2.2,-0.1,2.5,.064
Roy Hinson,1984-85,23,CLE,76,2344,16.0,-0.4,0.9,5.0,.103
Roy Hinson,1985-86,24,CLE,82,2834,17.4,0.7,1.9,7.4,.125
Roy Hinson,1986-87,25,PHI,76,2489,13.5,-2.2,-0.1,4.5,.087
Roy Hinson,1987-88,26,2TM,77,2592,14.8,-1.1,0.6,4.5,.083
Roy Hinson,1987-88,26,PHI,29,845,13.0,-2.0,0.0,0.9,.052
Roy Hinson,1987-88,26,NJN,48,1747,15.6,-0.6,0.6,3.5,.097
Roy Hinson,1988-89,27,NJN,82,2542,14.7,-2.2,-0.1,4.4,.084
Roy Hinson,1989-90,28,NJN,25,793,15.2,-0.4,0.3,1.8,.107
Roy Hinson,1990-91,29,NJN,9,91,11.1,-4.6,-0.1,0.1,.036
Nate Hinton,2020-21,21,DAL,21,93,10.4,-3.4,0.0,0.0,-0.015
Nate Hinton,2021-22,22,IND,2,2,-45.2,-42.6,0.0,-0.1,-1.231
Nate Hinton,2022-23,,Did not play - other pro league,,,,,,,
Nate Hinton,2023-24,24,HOU,15,75,17.6,3.6,0.1,0.3,.187
Mel Hirsch,1946-47,25,BOS,13,,,,,-0.2,
Lew Hitch,1951-52,22,MNL,61,849,14.1,,,2.7,.151
Lew Hitch,1952-53,23,MNL,70,1027,13.5,,,2.2,.104
Lew Hitch,1953-54,24,MLH,72,2452,15.0,,,3.3,.064
Lew Hitch,1954-55,25,2TM,74,1774,13.4,,,3.6,.097
Lew Hitch,1954-55,25,MLH,57,1451,12.7,,,2.4,.078
Lew Hitch,1954-55,25,MNL,17,323,16.8,,,1.2,.184
Lew Hitch,1955-56,26,MNL,69,1129,12.6,,,2.2,.092
Lew Hitch,1956-57,27,2TM,68,1133,9.4,,,1.2,.052
Lew Hitch,1956-57,27,ROC,30,556,9.4,,,0.9,.073
Lew Hitch,1956-57,27,PHW,38,577,9.4,,,0.4,.031
Robert Hite,2006-07,23,MIA,12,136,7.4,-6.3,-0.1,-0.2,-0.055
Jaylen Hoard,2019-20,20,POR,13,103,14.9,-2.1,0.0,0.2,.093
Jaylen Hoard,2020-21,21,OKC,19,320,13.4,-2.5,0.0,0.5,.070
Jaylen Hoard,2021-22,22,OKC,7,240,18.0,-0.9,0.1,0.6,.118
Darington Hobson,2010-11,,Did not play - injury,,,,,,,
Darington Hobson,2011-12,24,MIL,5,39,-3.3,-13.0,-0.1,-0.2,-0.225
D'Moi Hodge,2023-24,25,LAL,7,41,6.1,-6.3,0.0,0.0,-0.019
Donald Hodge,1991-92,22,DAL,51,1058,13.8,-2.5,-0.1,1.5,.069
Donald Hodge,1992-93,23,DAL,79,1267,8.3,-5.9,-1.3,-0.9,-0.032
Donald Hodge,1993-94,24,DAL,50,428,13.1,-1.5,0.1,0.8,.087
Donald Hodge,1994-95,25,DAL,54,633,8.5,-4.9,-0.5,0.3,.026
Donald Hodge,1995-96,26,2TM,15,115,5.9,-6.5,-0.1,0.1,.026
Donald Hodge,1995-96,26,DAL,13,113,5.8,-6.6,-0.1,0.1,.025
Donald Hodge,1995-96,26,CHH,2,2,8.0,-1.2,0.0,0.0,.076
Julius Hodge,2005-06,22,DEN,14,33,4.2,-11.7,-0.1,-0.2,-0.219
Julius Hodge,2006-07,23,2TM,9,65,14.0,0.4,0.0,0.2,.115
Julius Hodge,2006-07,23,DEN,4,37,16.0,3.1,0.0,0.1,.174
Julius Hodge,2006-07,23,MIL,5,28,11.4,-3.3,0.0,0.0,.037
Craig Hodges,1982-83,22,SDC,76,2022,10.3,-3.5,-0.8,0.8,.018
Craig Hodges,1983-84,23,SDC,76,1571,8.7,-4.5,-1.0,0.5,.015
Craig Hodges,1984-85,24,MIL,82,2496,11.8,0.0,1.3,6.0,.115
Craig Hodges,1985-86,25,MIL,66,1739,13.9,1.9,1.7,5.3,.147
Craig Hodges,1986-87,26,MIL,78,2147,11.9,-0.3,0.9,4.3,.095
Craig Hodges,1987-88,27,2TM,66,1445,12.2,-0.4,0.6,2.4,.078
Craig Hodges,1987-88,27,MIL,43,983,11.3,-0.8,0.3,1.5,.073
Craig Hodges,1987-88,27,PHO,23,462,14.2,0.2,0.3,0.9,.090
Craig Hodges,1988-89,28,2TM,59,1204,14.5,0.9,0.9,2.9,.117
Craig Hodges,1988-89,28,PHO,10,92,9.5,-2.3,0.0,0.1,.049
Craig Hodges,1988-89,28,CHI,49,1112,14.9,1.2,0.9,2.8,.123
Craig Hodges,1989-90,29,CHI,63,1055,12.5,0.0,0.5,2.6,.117
Craig Hodges,1990-91,30,CHI,73,843,12.4,-1.7,0.1,1.7,.099
Craig Hodges,1991-92,31,CHI,56,555,10.4,-3.1,-0.2,0.8,.068
Craig Hodges,1992-93,,Did not play - other pro league,,,,,,,
Charlie Hoefer,1946-47,25,2TM,58,,,,,1.0,
Charlie Hoefer,1946-47,25,TRH,23,,,,,0.7,
Charlie Hoefer,1946-47,25,BOS,35,,,,,0.3,
Charlie Hoefer,1947-48,26,BOS,7,,,,,-0.1,
Paul Hoffman,1947-48,22,BLB,37,,,,,4.7,
Paul Hoffman,1948-49,,Did not play - retired,,,,,,,
Paul Hoffman,1949-50,24,BLB,60,,,,,4.1,
Paul Hoffman,1950-51,25,BLB,41,,,,,0.8,
Paul Hoffman,1951-52,,Did not play - retired,,,,,,,
Paul Hoffman,1952-53,27,BLB,69,1955,14.5,,,2.2,.055
Paul Hoffman,1953-54,28,BLB,72,2505,13.6,,,1.1,.020
Paul Hoffman,1954-55,29,3TM,38,670,4.0,,,-0.5,-0.036
Paul Hoffman,1954-55,29,BLB,9,281,,,,,
Paul Hoffman,1954-55,29,NYK,18,268,4.2,,,-0.4,-0.064
Paul Hoffman,1954-55,29,PHW,11,121,3.6,,,-0.2,-0.060
Bob Hogsett,1966-67,26,DET,7,22,12.7,,,0.0,-0.016
Bob Hogsett,1967-68,27,PTP,13,119,3.9,,,0.0,-0.006
Paul Hogue,1962-63,22,NYK,50,1340,7.4,,,-1.0,-0.037
Paul Hogue,1963-64,23,2TM,15,147,3.6,,,-0.1,-0.018
Paul Hogue,1963-64,23,NYK,6,89,6.8,,,0.1,.044
Paul Hogue,1963-64,23,BAL,9,58,-1.4,,,-0.1,-0.114
Fred Hoiberg,1995-96,23,IND,15,85,14.4,2.8,0.1,0.2,.138
Fred Hoiberg,1996-97,24,IND,47,572,15.9,3.7,0.8,2.1,.175
Fred Hoiberg,1997-98,25,IND,65,874,11.2,0.3,0.5,2.3,.127
Fred Hoiberg,1998-99,26,IND,12,87,4.0,-6.1,-0.1,0.0,-0.014
Fred Hoiberg,1999-00,27,CHI,31,845,13.0,-0.4,0.3,1.8,.100
Fred Hoiberg,2000-01,28,CHI,74,2247,15.3,1.2,1.8,5.9,.126
Fred Hoiberg,2001-02,29,CHI,79,1408,12.2,-0.9,0.4,2.7,.092
Fred Hoiberg,2002-03,30,CHI,63,784,10.2,-0.4,0.3,1.3,.077
Fred Hoiberg,2003-04,31,MIN,79,1804,13.6,2.0,1.8,6.1,.163
Fred Hoiberg,2004-05,32,MIN,76,1272,16.7,4.1,2.0,5.2,.196
Doug Holcomb,1948-49,27,BLB,3,,,,,0.1,
Randy Holcomb,2002-03,,Did not play - other pro league,,,,,,,
Randy Holcomb,2003-04,,Did not play - other pro league,,,,,,,
Randy Holcomb,2004-05,,Did not play - other pro league,,,,,,,
Randy Holcomb,2005-06,26,CHI,4,11,8.2,-1.7,0.0,0.0,.150
Aaron Holiday,2018-19,22,IND,50,646,11.9,-1.6,0.1,0.9,.065
Aaron Holiday,2019-20,23,IND,66,1617,11.6,-1.6,0.2,2.1,.063
Aaron Holiday,2020-21,24,IND,66,1176,9.2,-4.2,-0.7,0.2,.009
Aaron Holiday,2021-22,25,2TM,63,1021,12.6,-1.7,0.1,1.5,.068
Aaron Holiday,2021-22,25,WAS,41,663,11.3,-2.1,0.0,0.5,.038
Aaron Holiday,2021-22,25,PHO,22,358,14.9,-0.8,0.1,0.9,.125
Aaron Holiday,2022-23,26,ATL,63,845,9.4,-2.0,0.0,0.9,.053
Aaron Holiday,2023-24,27,HOU,78,1269,11.5,-1.5,0.2,2.5,.094
Aaron Holiday,2024-25,28,HOU,62,792,12.2,-0.2,0.3,2.0,.122
Jrue Holiday,2009-10,19,PHI,73,1767,12.3,-1.7,0.1,1.2,.032
Jrue Holiday,2010-11,20,PHI,82,2901,15.4,0.8,2.0,5.7,.094
Jrue Holiday,2011-12,21,PHI,65,2196,14.7,0.4,1.3,4.2,.092
Jrue Holiday,2012-13,22,PHI,78,2926,16.7,0.5,1.9,3.3,.055
Jrue Holiday,2013-14,23,NOP,34,1143,17.1,0.4,0.7,1.5,.064
Jrue Holiday,2014-15,24,NOP,40,1303,18.8,2.8,1.6,3.4,.124
Jrue Holiday,2015-16,25,NOP,65,1831,19.7,2.1,1.9,3.4,.089
Jrue Holiday,2016-17,26,NOP,67,2190,17.1,1.3,1.8,3.8,.084
Jrue Holiday,2017-18,27,NOP,81,2927,17.8,1.6,2.7,7.1,.116
Jrue Holiday,2018-19,28,NOP,67,2402,19.4,3.0,3.1,5.4,.108
Jrue Holiday,2019-20,29,NOP,61,2117,17.0,1.8,2.0,3.9,.088
Jrue Holiday,2020-21,30,MIL,59,1907,20.0,3.4,2.6,6.6,.165
Jrue Holiday,2021-22,31,MIL,67,2207,19.8,3.2,2.9,6.9,.150
Jrue Holiday,2022-23,32,MIL,67,2183,19.2,3.1,2.8,6.7,.148
Jrue Holiday,2023-24,33,BOS,69,2263,14.4,2.1,2.4,6.3,.133
Jrue Holiday,2024-25,34,BOS,62,1896,13.5,0.7,1.3,5.1,.130
Justin Holiday,2012-13,23,PHI,9,142,7.6,-5.0,-0.1,-0.1,-0.042
Justin Holiday,2013-14,,Did not play - other pro league,,,,,,,
Justin Holiday,2014-15,25,GSW,59,657,12.1,-1.4,0.1,1.3,.092
Justin Holiday,2015-16,26,2TM,53,773,9.4,-3.1,-0.2,0.6,.040
Justin Holiday,2015-16,26,ATL,26,263,4.7,-5.6,-0.2,-0.1,-0.021
Justin Holiday,2015-16,26,CHI,27,510,11.8,-1.9,0.0,0.8,.072
Justin Holiday,2016-17,27,NYK,82,1639,12.7,-0.3,0.7,2.5,.073
Justin Holiday,2017-18,28,CHI,72,2265,10.8,-1.9,0.0,1.7,.036
Justin Holiday,2018-19,29,2TM,82,2607,10.0,-1.8,0.1,2.1,.038
Justin Holiday,2018-19,29,CHI,38,1325,11.0,-0.3,0.6,1.3,.047
Justin Holiday,2018-19,29,MEM,44,1282,8.9,-3.4,-0.5,0.8,.029
Justin Holiday,2019-20,30,IND,73,1826,12.1,1.3,1.5,4.2,.112
Justin Holiday,2020-21,31,IND,72,2183,10.4,-1.0,0.6,3.1,.069
Justin Holiday,2021-22,32,2TM,74,2057,9.5,-2.2,-0.1,1.4,.033
Justin Holiday,2021-22,32,IND,49,1416,10.3,-1.7,0.1,1.4,.047
Justin Holiday,2021-22,32,SAC,25,641,7.9,-3.4,-0.2,0.0,.004
Justin Holiday,2022-23,33,2TM,46,706,6.6,-3.9,-0.3,0.1,.008
Justin Holiday,2022-23,33,ATL,28,411,6.1,-3.7,-0.2,0.1,.007
Justin Holiday,2022-23,33,DAL,18,295,7.4,-4.1,-0.2,0.1,.009
Justin Holiday,2023-24,34,DEN,58,862,9.7,-1.6,0.1,1.8,.101
Brad Holland,1979-80,23,LAL,38,197,14.3,-2.6,0.0,0.3,.081
Brad Holland,1980-81,24,LAL,41,295,9.8,-4.6,-0.2,0.1,.024
Brad Holland,1981-82,25,2TM,14,194,6.8,-2.9,-0.1,-0.1,-0.025
Brad Holland,1981-82,25,WSB,13,185,8.2,-2.7,0.0,0.0,.005
Brad Holland,1981-82,25,MIL,1,9,-21.5,-6.0,-0.1,-0.1,-0.649
Joe Holland,1949-50,24,INO,64,,,,,1.2,
Joe Holland,1950-51,25,INO,67,,,,,0.2,
Joe Holland,1951-52,26,INO,55,737,11.6,,,0.6,.037
John Holland,2017-18,29,CLE,24,174,5.9,-5.5,-0.2,-0.2,-0.050
John Holland,2018-19,30,CLE,1,1,0.0,-5.0,0.0,0.0,-0.032
Ron Holland,2024-25,19,DET,81,1266,11.1,-3.0,-0.3,1.8,.067
Wilbur Holland,1975-76,24,ATL,33,351,13.2,-4.3,-0.2,-0.1,-0.018
Wilbur Holland,1976-77,25,CHI,79,2453,15.6,1.3,2.0,5.9,.116
Wilbur Holland,1977-78,26,CHI,82,2884,14.1,-0.9,0.8,4.4,.073
Wilbur Holland,1978-79,27,CHI,82,2483,13.1,-1.0,0.7,3.8,.074
Lionel Hollins,1975-76,22,POR,74,1891,14.3,-1.2,0.4,1.8,.047
Lionel Hollins,1976-77,23,POR,76,2224,15.6,0.1,1.2,4.0,.086
Lionel Hollins,1977-78,24,POR,81,2741,14.3,-0.1,1.3,5.2,.091
Lionel Hollins,1978-79,25,POR,64,1967,14.0,-1.5,0.2,2.3,.055
Lionel Hollins,1979-80,26,2TM,47,1209,10.5,-3.6,-0.5,0.1,.006
Lionel Hollins,1979-80,26,POR,20,413,8.2,-6.7,-0.5,-0.8,-0.090
Lionel Hollins,1979-80,26,PHI,27,796,11.7,-2.0,0.0,0.9,.055
Lionel Hollins,1980-81,27,PHI,82,2154,11.0,-1.6,0.2,2.9,.064
Lionel Hollins,1981-82,28,PHI,81,2257,12.5,-1.4,0.3,3.4,.072
Lionel Hollins,1982-83,29,SDC,56,1844,12.8,-2.3,-0.1,0.6,.016
Lionel Hollins,1983-84,30,DET,32,216,10.5,-2.6,0.0,0.1,.013
Lionel Hollins,1984-85,31,HOU,80,1950,11.1,-1.9,0.1,2.5,.062
Ryan Hollins,2006-07,22,CHA,27,185,8.5,-6.7,-0.2,0.2,.040
Ryan Hollins,2007-08,23,CHA,60,532,11.4,-3.8,-0.2,1.1,.096
Ryan Hollins,2008-09,24,2TM,45,444,12.9,-2.7,-0.1,1.0,.110
Ryan Hollins,2008-09,24,CHA,18,184,15.3,-1.0,0.0,0.6,.158
Ryan Hollins,2008-09,24,DAL,27,260,11.3,-3.9,-0.1,0.4,.076
Ryan Hollins,2009-10,25,MIN,73,1223,11.0,-4.6,-0.8,1.2,.048
Ryan Hollins,2010-11,26,CLE,70,1182,10.7,-4.3,-0.7,1.8,.072
Ryan Hollins,2011-12,27,2TM,39,522,6.9,-6.9,-0.6,0.2,.023
Ryan Hollins,2011-12,27,CLE,24,362,7.0,-7.1,-0.5,0.1,.013
Ryan Hollins,2011-12,27,BOS,15,160,6.8,-6.3,-0.2,0.1,.044
Ryan Hollins,2012-13,28,LAC,60,663,11.3,-3.9,-0.3,1.7,.125
Ryan Hollins,2013-14,29,LAC,61,482,11.9,-1.9,0.0,1.3,.126
Ryan Hollins,2014-15,30,SAC,46,441,13.1,-2.3,0.0,1.0,.104
Ryan Hollins,2015-16,31,2TM,37,460,12.3,-3.7,-0.2,1.0,.100
Ryan Hollins,2015-16,31,WAS,5,48,7.2,-6.1,-0.1,0.0,.040
Ryan Hollins,2015-16,31,MEM,32,412,12.9,-3.5,-0.2,0.9,.107
Essie Hollis,1977-78,,Did not play - other pro league,,,,,,,
Essie Hollis,1978-79,23,DET,25,154,11.8,-4.3,-0.1,0.1,.022
Rondae Hollis-Jefferson,2015-16,21,BRK,29,615,14.2,0.8,0.4,1.2,.094
Rondae Hollis-Jefferson,2016-17,22,BRK,78,1761,13.7,-1.3,0.3,2.6,.070
Rondae Hollis-Jefferson,2017-18,23,BRK,68,1920,16.9,0.1,1.0,4.1,.103
Rondae Hollis-Jefferson,2018-19,24,BRK,59,1234,12.5,-2.6,-0.2,1.2,.047
Rondae Hollis-Jefferson,2019-20,25,TOR,60,1122,15.1,0.3,0.6,3.4,.146
Rondae Hollis-Jefferson,2020-21,26,POR,11,107,14.4,0.1,0.1,0.3,.147
Dennis Holman,1967-68,22,DLC,46,554,8.6,,,0.3,.029
Richaun Holmes,2015-16,22,PHI,51,702,15.9,-1.5,0.1,1.5,.103
Richaun Holmes,2016-17,23,PHI,57,1193,18.6,1.0,0.9,3.8,.151
Richaun Holmes,2017-18,24,PHI,48,746,17.4,1.1,0.6,2.8,.183
Richaun Holmes,2018-19,25,PHO,70,1184,20.7,0.6,0.8,4.3,.173
Richaun Holmes,2019-20,26,SAC,44,1242,19.7,1.0,0.9,4.9,.190
Richaun Holmes,2020-21,27,SAC,61,1782,20.2,0.6,1.2,6.1,.165
Richaun Holmes,2021-22,28,SAC,45,1074,17.8,-0.5,0.4,3.2,.145
Richaun Holmes,2022-23,29,SAC,42,348,12.9,-2.9,-0.1,0.8,.113
Richaun Holmes,2023-24,30,2TM,40,555,14.5,-3.3,-0.2,1.3,.114
Richaun Holmes,2023-24,30,DAL,23,237,13.9,-3.0,-0.1,0.6,.119
Richaun Holmes,2023-24,30,WAS,17,318,14.9,-3.4,-0.1,0.7,.110
Richaun Holmes,2024-25,31,WAS,31,534,19.8,1.1,0.4,2.0,.178
Chet Holmgren,2022-23,,Did not play - injury,,,,,,,
Chet Holmgren,2023-24,21,OKC,82,2413,20.4,3.4,3.3,8.9,.178
Chet Holmgren,2024-25,22,OKC,32,877,19.2,2.4,1.0,3.2,.173
Jim Holstein,1952-53,22,MNL,66,989,11.5,,,1.8,.087
Jim Holstein,1953-54,23,MNL,70,1155,7.9,,,0.6,.024
Jim Holstein,1954-55,24,MNL,62,980,8.9,,,0.2,.008
Jim Holstein,1955-56,25,FTW,27,352,7.1,,,-0.1,-0.015
A.W. Holt,1970-71,24,CHI,6,14,-1.8,,,-0.1,-0.398
Michael Holton,1983-84,,Did not play - other pro league,,,,,,,
Michael Holton,1984-85,23,PHO,74,1761,8.9,-3.6,-0.7,0.8,.023
Michael Holton,1985-86,24,2TM,28,512,10.1,-3.4,-0.2,0.2,.019
Michael Holton,1985-86,24,PHO,4,65,-0.3,-8.4,-0.1,-0.2,-0.126
Michael Holton,1985-86,24,CHI,24,447,11.6,-2.7,-0.1,0.4,.040
Michael Holton,1986-87,25,POR,58,479,9.5,-3.9,-0.2,0.3,.026
Michael Holton,1987-88,26,POR,82,1279,11.4,-1.5,0.1,2.3,.087
Michael Holton,1988-89,27,CHH,67,1696,12.3,-1.9,0.0,1.3,.038
Michael Holton,1989-90,28,CHH,16,109,2.9,-10.4,-0.2,-0.2,-0.081
Dick Holub,1947-48,26,NYK,48,,,,,4.2,
Joe Holup,1956-57,22,SYR,71,1284,12.8,,,2.1,.080
Joe Holup,1957-58,23,2TM,53,740,10.4,,,0.3,.021
Joe Holup,1957-58,23,SYR,16,133,5.3,,,-0.2,-0.065
Joe Holup,1957-58,23,DET,37,607,11.5,,,0.5,.040
Joe Holup,1958-59,24,DET,68,1502,10.4,,,1.8,.056
Red Holzman,1948-49,28,ROC,60,,,,,0.8,
Red Holzman,1949-50,29,ROC,68,,,,,2.5,
Red Holzman,1950-51,30,ROC,68,,,,,0.8,
Red Holzman,1951-52,31,ROC,65,1065,6.7,,,-1.5,-0.068
Red Holzman,1952-53,32,ROC,46,392,4.1,,,-0.8,-0.102
Red Holzman,1953-54,33,MLH,51,649,10.3,,,0.1,.004
Jerald Honeycutt,1997-98,23,MIL,38,530,11.8,-2.9,-0.1,0.3,.029
Jerald Honeycutt,1998-99,24,2TM,16,102,4.4,-5.1,-0.1,-0.1,-0.027
Jerald Honeycutt,1998-99,24,MIL,3,12,0.2,-15.0,0.0,0.0,-0.068
Jerald Honeycutt,1998-99,24,PHI,13,90,5.0,-3.8,0.0,0.0,-0.022
Tyler Honeycutt,2011-12,21,SAC,15,88,10.4,-2.2,0.0,0.0,.013
Tyler Honeycutt,2012-13,22,SAC,9,32,1.9,-13.2,-0.1,-0.1,-0.220
Derek Hood,1999-00,23,CHH,2,4,-24.2,-29.5,0.0,-0.1,-0.738
Rodney Hood,2014-15,22,UTA,50,1064,12.3,-0.7,0.3,2.2,.098
Rodney Hood,2015-16,23,UTA,79,2541,14.1,0.7,1.7,6.0,.112
Rodney Hood,2016-17,24,UTA,59,1593,12.4,-0.9,0.4,2.6,.078
Rodney Hood,2017-18,25,2TM,60,1616,14.3,-0.1,0.8,2.7,.081
Rodney Hood,2017-18,25,UTA,39,1084,15.1,0.5,0.7,1.9,.085
Rodney Hood,2017-18,25,CLE,21,532,12.7,-1.5,0.1,0.8,.074
Rodney Hood,2018-19,26,2TM,72,1893,12.3,-2.0,0.0,2.6,.065
Rodney Hood,2018-19,26,CLE,45,1234,13.0,-2.1,0.0,1.5,.059
Rodney Hood,2018-19,26,POR,27,659,10.9,-2.0,0.0,1.1,.077
Rodney Hood,2019-20,27,POR,21,619,12.2,-0.9,0.2,1.1,.084
Rodney Hood,2020-21,28,2TM,55,942,5.6,-6.4,-1.0,-0.4,-0.019
Rodney Hood,2020-21,28,POR,38,726,5.0,-6.8,-0.9,-0.5,-0.034
Rodney Hood,2020-21,28,TOR,17,216,7.5,-4.9,-0.2,0.1,.029
Rodney Hood,2021-22,29,2TM,52,709,7.2,-3.3,-0.2,0.7,.048
Rodney Hood,2021-22,29,MIL,39,581,6.7,-3.5,-0.2,0.5,.042
Rodney Hood,2021-22,29,LAC,13,128,9.3,-2.4,0.0,0.2,.075
Jalen Hood-Schifino,2023-24,20,LAL,21,109,-1.5,-16.1,-0.4,-0.5,-0.222
Jalen Hood-Schifino,2024-25,21,2TM,15,315,7.9,-6.9,-0.4,-0.1,-0.015
Jalen Hood-Schifino,2024-25,21,LAL,2,14,11.5,-2.4,0.0,0.0,.156
Jalen Hood-Schifino,2024-25,21,PHI,13,301,7.7,-7.1,-0.4,-0.1,-0.023
Bobby Hooper,1968-69,22,INA,54,955,9.8,,,1.1,.053
Carroll Hooser,1967-68,23,DLC,56,720,12.9,,,0.9,.058
Tom Hoover,1963-64,23,NYK,59,988,9.7,,,0.4,.020
Tom Hoover,1964-65,24,NYK,24,153,9.6,,,0.1,.047
Tom Hoover,1965-66,,Did not play - other pro league,,,,,,,
Tom Hoover,1966-67,26,STL,17,129,5.8,,,0.0,.018
Tom Hoover,1967-68,27,DNR,70,1588,9.8,,,4.4,.132
Tom Hoover,1968-69,28,3TM,53,1419,11.5,,,2.6,.089
Tom Hoover,1968-69,28,HSM,4,80,14.3,,,0.2,.131
Tom Hoover,1968-69,28,MNP,9,83,13.0,,,0.2,.122
Tom Hoover,1968-69,28,NYA,40,1256,11.3,,,2.2,.084
Bob Hopkins,1956-57,22,SYR,62,764,14.9,,,1.4,.090
Bob Hopkins,1957-58,23,SYR,69,1224,15.1,,,2.7,.106
Bob Hopkins,1958-59,24,SYR,67,1518,14.4,,,3.5,.109
Bob Hopkins,1959-60,25,SYR,75,1616,11.2,,,1.9,.057
Bob Hopkins,1960-61,,Did not play - injury,,,,,,,
Dave Hoppen,1986-87,,Did not play - other pro league,,,,,,,
Dave Hoppen,1987-88,23,2TM,39,642,11.4,-4.8,-0.5,0.8,.061
Dave Hoppen,1987-88,23,MIL,3,35,8.2,-7.2,0.0,0.0,.023
Dave Hoppen,1987-88,23,GSW,36,607,11.5,-4.7,-0.4,0.8,.063
Dave Hoppen,1988-89,24,CHH,77,1419,11.8,-3.4,-0.5,2.6,.086
Dave Hoppen,1989-90,25,CHH,10,135,7.7,-6.8,-0.2,0.0,.008
Dave Hoppen,1990-91,26,2TM,30,155,11.7,-6.2,-0.2,0.2,.073
Dave Hoppen,1990-91,26,CHH,19,112,11.2,-5.9,-0.1,0.1,.038
Dave Hoppen,1990-91,26,PHI,11,43,13.2,-7.2,-0.1,0.1,.164
Dave Hoppen,1991-92,27,PHI,11,40,2.7,-9.1,-0.1,-0.1,-0.071
Dave Hoppen,1992-93,28,NJN,2,10,9.0,-5.8,0.0,0.0,.089
Dennis Hopson,1987-88,22,NJN,61,1365,10.2,-3.6,-0.5,-0.3,-0.012
Dennis Hopson,1988-89,23,NJN,62,1551,13.8,-1.7,0.1,1.7,.053
Dennis Hopson,1989-90,24,NJN,79,2551,13.6,-1.0,0.6,3.1,.059
Dennis Hopson,1990-91,25,CHI,61,728,10.0,-4.0,-0.4,0.5,.035
Dennis Hopson,1991-92,26,2TM,71,1314,17.1,0.4,0.8,2.1,.077
Dennis Hopson,1991-92,26,CHI,2,10,5.9,-3.3,0.0,0.0,.100
Dennis Hopson,1991-92,26,SAC,69,1304,17.2,0.4,0.8,2.1,.077
Dennis Hopson,1992-93,,Did not play - other pro league,,,,,,,
Dennis Hopson,1993-94,,Did not play - other pro league,,,,,,,
Dennis Hopson,1994-95,,Did not play - other pro league,,,,,,,
Dennis Hopson,1995-96,,Did not play - other pro league,,,,,,,
Dennis Hopson,1996-97,,Did not play - other pro league,,,,,,,
Dennis Hopson,1997-98,,Did not play - other pro league,,,,,,,
Dennis Hopson,1998-99,,Did not play - other pro league,,,,,,,
Dennis Hopson,1999-00,,Did not play - other pro league,,,,,,,
Scotty Hopson,2013-14,24,CLE,2,7,-6.5,-20.7,0.0,-0.1,-0.412
Scotty Hopson,2014-15,,Did not play - other pro league,,,,,,,
Scotty Hopson,2015-16,,Did not play - other pro league,,,,,,,
Scotty Hopson,2016-17,,Did not play - other pro league,,,,,,,
Scotty Hopson,2017-18,28,DAL,1,8,-4.6,-14.0,0.0,0.0,-0.238
Scotty Hopson,2018-19,,Did not play - other pro league,,,,,,,
Scotty Hopson,2019-20,,Did not play - other pro league,,,,,,,
Scotty Hopson,2020-21,,Did not play - other pro league,,,,,,,
Scotty Hopson,2021-22,32,OKC,1,18,0.1,-11.6,0.0,0.0,-0.132
Johnny Horan,1955-56,23,2TM,19,93,1.9,,,-0.1,-0.075
Johnny Horan,1955-56,23,FTW,7,43,2.3,,,-0.1,-0.066
Johnny Horan,1955-56,23,MNL,12,50,1.6,,,-0.1,-0.084
Cedrick Hordges,1979-80,,Did not play - other,,,,,,,
Cedrick Hordges,1980-81,24,DEN,68,1599,10.7,-3.3,-0.5,1.5,.044
Cedrick Hordges,1981-82,25,DEN,77,1372,10.4,-5.0,-1.0,0.7,.026
Al Horford,2007-08,21,ATL,81,2540,14.7,-1.6,0.3,5.5,.103
Al Horford,2008-09,22,ATL,67,2242,17.0,1.7,2.1,6.8,.145
Al Horford,2009-10,23,ATL,81,2845,19.4,2.3,3.1,10.9,.183
Al Horford,2010-11,24,ATL,77,2704,20.7,3.6,3.9,10.1,.179
Al Horford,2011-12,25,ATL,11,348,19.0,3.4,0.5,1.3,.180
Al Horford,2012-13,26,ATL,74,2756,19.8,1.9,2.7,8.8,.153
Al Horford,2013-14,27,ATL,29,958,22.0,3.0,1.2,2.8,.141
Al Horford,2014-15,28,ATL,76,2318,21.4,4.1,3.6,8.7,.179
Al Horford,2015-16,29,ATL,82,2631,19.4,3.8,3.9,9.4,.172
Al Horford,2016-17,30,BOS,68,2193,17.7,3.4,3.0,6.3,.138
Al Horford,2017-18,31,BOS,72,2277,17.6,4.4,3.7,7.8,.165
Al Horford,2018-19,32,BOS,68,1973,20.2,5.1,3.6,7.5,.181
Al Horford,2019-20,33,PHI,67,2025,15.7,2.2,2.2,5.4,.128
Al Horford,2020-21,34,OKC,28,782,17.4,3.4,1.1,1.6,.101
Al Horford,2021-22,35,BOS,69,2005,16.7,4.3,3.2,7.6,.181
Al Horford,2022-23,36,BOS,63,1922,13.8,3.3,2.5,6.3,.157
Al Horford,2023-24,37,BOS,65,1740,15.0,3.6,2.5,6.2,.172
Al Horford,2024-25,38,BOS,60,1659,12.9,1.2,1.3,4.4,.129
Tito Horford,1988-89,23,MIL,25,112,3.6,-12.1,-0.3,-0.3,-0.136
Tito Horford,1989-90,24,MIL,35,236,5.1,-8.7,-0.4,-0.2,-0.037
Tito Horford,1990-91,,Did not play - other pro league,,,,,,,
Tito Horford,1991-92,,Did not play - other pro league,,,,,,,
Tito Horford,1992-93,,Did not play - other pro league,,,,,,,
Tito Horford,1993-94,28,WSB,3,28,1.8,-4.9,0.0,0.0,-0.073
Ron Horn,1961-62,23,STL,3,25,-6.5,,,-0.2,-0.397
Ron Horn,1962-63,24,LAL,28,289,6.1,,,0.0,-0.006
Ron Horn,1963-64,,Did not play - other pro league,,,,,,,
Ron Horn,1964-65,,Did not play - contract dispute,,,,,,,
Ron Horn,1965-66,,Did not play -,,,,,,,
Ron Horn,1966-67,,Did not play -,,,,,,,
Ron Horn,1967-68,29,DNR,1,6,-0.9,,,0.0,-0.090
Jeff Hornacek,1986-87,23,PHO,80,1561,11.2,-1.8,0.1,1.2,.036
Jeff Hornacek,1987-88,24,PHO,82,2243,15.9,1.4,1.9,5.0,.106
Jeff Hornacek,1988-89,25,PHO,78,2487,16.3,2.7,3.0,7.7,.149
Jeff Hornacek,1989-90,26,PHO,67,2278,19.6,4.6,3.8,8.7,.182
Jeff Hornacek,1990-91,27,PHO,80,2733,17.8,3.3,3.7,9.7,.171
Jeff Hornacek,1991-92,28,PHO,81,3078,18.9,4.3,4.9,11.6,.181
Jeff Hornacek,1992-93,29,PHI,79,2860,18.2,1.7,2.6,6.3,.106
Jeff Hornacek,1993-94,30,2TM,80,2820,16.7,1.5,2.5,6.9,.117
Jeff Hornacek,1993-94,30,PHI,53,1994,16.3,0.8,1.4,3.7,.090
Jeff Hornacek,1993-94,30,UTA,27,826,17.6,3.2,1.1,3.1,.182
Jeff Hornacek,1994-95,31,UTA,81,2696,18.6,3.8,3.9,10.1,.179
Jeff Hornacek,1995-96,32,UTA,82,2588,19.1,4.4,4.2,10.2,.190
Jeff Hornacek,1996-97,33,UTA,82,2592,18.8,4.0,3.9,10.2,.190
Jeff Hornacek,1997-98,34,UTA,80,2460,19.3,3.7,3.6,9.5,.186
Jeff Hornacek,1998-99,35,UTA,48,1435,17.8,3.4,1.9,5.3,.176
Jeff Hornacek,1999-00,36,UTA,77,2133,16.3,1.9,2.1,6.5,.147
Dennis Horner,2011-12,23,NJN,8,22,6.6,-8.1,0.0,0.0,-0.012
Robert Horry,1992-93,22,HOU,79,2330,12.1,-0.7,0.8,3.6,.075
Robert Horry,1993-94,23,HOU,81,2370,14.2,2.2,2.5,5.9,.120
Robert Horry,1994-95,24,HOU,64,2074,13.5,2.1,2.1,4.2,.097
Robert Horry,1995-96,25,HOU,71,2634,13.7,2.3,2.8,4.9,.089
Robert Horry,1996-97,26,2TM,54,1395,13.0,1.3,1.2,2.9,.098
Robert Horry,1996-97,26,PHO,32,719,11.1,-0.3,0.3,0.7,.046
Robert Horry,1996-97,26,LAL,22,676,15.0,3.0,0.9,2.2,.153
Robert Horry,1997-98,27,LAL,72,2192,14.4,2.5,2.5,6.6,.144
Robert Horry,1998-99,28,LAL,38,744,13.5,1.9,0.7,1.7,.109
Robert Horry,1999-00,29,LAL,76,1685,14.3,3.0,2.2,5.7,.161
Robert Horry,2000-01,30,LAL,79,1587,11.0,-0.4,0.7,2.6,.078
Robert Horry,2001-02,31,LAL,81,2140,14.5,3.5,3.0,6.9,.154
Robert Horry,2002-03,32,LAL,80,2343,12.4,0.6,1.6,4.8,.098
Robert Horry,2003-04,33,SAS,81,1290,14.5,2.7,1.5,4.6,.171
Robert Horry,2004-05,34,SAS,75,1396,14.9,3.0,1.8,4.6,.157
Robert Horry,2005-06,35,SAS,63,1182,13.5,3.1,1.5,3.6,.145
Robert Horry,2006-07,36,SAS,68,1124,11.9,2.1,1.2,2.9,.125
Robert Horry,2007-08,37,SAS,45,583,9.6,0.4,0.4,1.1,.088
Ed Horton,1989-90,22,WSB,45,374,14.5,-4.9,-0.3,0.4,.050
Talen Horton-Tucker,2019-20,19,LAL,6,81,12.3,-2.1,0.0,0.1,.070
Talen Horton-Tucker,2020-21,20,LAL,65,1304,12.9,-1.2,0.3,2.1,.078
Talen Horton-Tucker,2021-22,21,LAL,60,1511,11.0,-3.3,-0.5,1.1,.033
Talen Horton-Tucker,2022-23,22,UTA,65,1313,13.7,-1.6,0.2,0.8,.029
Talen Horton-Tucker,2023-24,23,UTA,51,1009,13.4,-1.2,0.2,0.8,.039
Talen Horton-Tucker,2024-25,24,CHI,58,724,13.8,-2.4,-0.1,1.1,.075
Bill Hosket,1968-69,22,NYK,50,351,9.9,,,0.5,.068
Bill Hosket,1969-70,23,NYK,36,235,16.6,,,1.0,.205
Bill Hosket,1970-71,24,BUF,13,217,18.4,,,0.6,.139
Bill Hosket,1971-72,25,BUF,44,592,12.7,,,1.0,.084
Bob Houbregs,1953-54,21,2TM,70,1970,13.5,,,2.8,.067
Bob Houbregs,1953-54,21,MLH,11,166,17.0,,,0.2,.067
Bob Houbregs,1953-54,21,BLB,59,1804,13.2,,,2.5,.067
Bob Houbregs,1954-55,22,3TM,64,1326,12.2,,,2.2,.081
Bob Houbregs,1954-55,22,BLB,10,300,,,,,
Bob Houbregs,1954-55,22,BOS,2,15,3.2,,,0.0,.095
Bob Houbregs,1954-55,22,FTW,52,1011,12.4,,,2.2,.105
Bob Houbregs,1955-56,23,FTW,70,1535,22.0,,,6.9,.214
Bob Houbregs,1956-57,24,FTW,60,1592,17.8,,,4.5,.134
Bob Houbregs,1957-58,25,DET,17,302,11.5,,,0.2,.031
Danuel House Jr.,2016-17,23,WAS,1,1,12.2,0.9,0.0,0.0,.163
Danuel House Jr.,2017-18,24,PHO,23,403,12.4,-1.6,0.0,0.6,.066
Danuel House Jr.,2018-19,25,HOU,39,979,12.2,-0.5,0.4,2.3,.113
Danuel House Jr.,2019-20,26,HOU,63,1913,11.3,-0.7,0.6,3.6,.091
Danuel House Jr.,2020-21,27,HOU,36,932,9.1,-3.5,-0.3,0.5,.026
Danuel House Jr.,2021-22,28,3TM,42,727,10.6,-1.1,0.2,1.0,.068
Danuel House Jr.,2021-22,28,HOU,16,233,6.8,-5.6,-0.2,-0.2,-0.049
Danuel House Jr.,2021-22,28,NYK,1,3,-13.4,-20.4,0.0,0.0,-0.342
Danuel House Jr.,2021-22,28,UTA,25,491,12.5,1.2,0.4,1.3,.125
Danuel House Jr.,2022-23,29,PHI,56,807,9.4,-3.0,-0.2,1.3,.075
Danuel House Jr.,2023-24,30,PHI,34,509,8.5,-4.0,-0.3,0.7,.066
Eddie House,2000-01,22,MIA,50,550,11.6,-3.3,-0.2,0.4,.035
Eddie House,2001-02,23,MIA,64,1230,11.6,-1.4,0.2,0.9,.036
Eddie House,2002-03,24,MIA,55,1025,12.1,-1.3,0.2,0.7,.032
Eddie House,2003-04,25,LAC,60,1188,12.0,-1.3,0.2,0.7,.027
Eddie House,2004-05,26,3TM,68,891,15.8,1.0,0.7,1.8,.097
Eddie House,2004-05,26,CHA,13,300,16.3,2.6,0.3,0.5,.081
Eddie House,2004-05,26,MIL,5,41,14.3,1.6,0.0,0.1,.104
Eddie House,2004-05,26,SAC,50,550,15.7,0.1,0.3,1.2,.105
Eddie House,2005-06,27,PHO,81,1421,15.2,-0.2,0.7,1.6,.054
Eddie House,2006-07,28,NJN,56,946,15.0,0.1,0.5,1.9,.094
Eddie House,2007-08,29,BOS,78,1480,13.0,1.8,1.4,3.9,.127
Eddie House,2008-09,30,BOS,81,1479,15.4,3.5,2.0,4.9,.158
Eddie House,2009-10,31,2TM,68,1217,10.5,-2.0,0.0,1.1,.042
Eddie House,2009-10,31,BOS,50,846,11.9,-0.4,0.3,1.4,.081
Eddie House,2009-10,31,NYK,18,371,7.3,-5.8,-0.4,-0.4,-0.047
Eddie House,2010-11,32,MIA,56,978,11.9,-0.3,0.4,2.2,.108
Caleb Houstan,2022-23,20,ORL,51,812,6.2,-4.0,-0.4,0.7,.039
Caleb Houstan,2023-24,21,ORL,59,815,8.3,-1.9,0.0,1.5,.089
Caleb Houstan,2024-25,22,ORL,58,788,9.4,-2.2,0.0,1.8,.109
Allan Houston,1993-94,22,DET,79,1519,9.0,-5.8,-1.5,-1.2,-0.038
Allan Houston,1994-95,23,DET,76,1996,16.4,0.7,1.4,3.8,.091
Allan Houston,1995-96,24,DET,82,3072,15.7,1.0,2.3,7.1,.112
Allan Houston,1996-97,25,NYK,81,2681,11.3,-1.1,0.6,4.7,.084
Allan Houston,1997-98,26,NYK,82,2848,15.1,0.6,1.9,6.1,.102
Allan Houston,1998-99,27,NYK,50,1815,13.1,-0.7,0.6,2.9,.078
Allan Houston,1999-00,28,NYK,82,3169,16.5,1.7,2.9,8.6,.130
Allan Houston,2000-01,29,NYK,78,2858,16.1,1.1,2.2,7.5,.126
Allan Houston,2001-02,30,NYK,77,2914,15.2,-0.1,1.4,4.7,.077
Allan Houston,2002-03,31,NYK,82,3108,17.7,1.0,2.4,7.2,.111
Allan Houston,2003-04,32,NYK,50,1799,14.8,-0.5,0.7,3.1,.083
Allan Houston,2004-05,33,NYK,20,532,12.5,-1.8,0.0,0.7,.064
Byron Houston,1992-93,23,GSW,79,1274,10.6,-3.5,-0.5,1.8,.068
Byron Houston,1993-94,24,GSW,71,866,7.5,-4.4,-0.5,0.9,.050
Byron Houston,1994-95,25,SEA,39,258,13.8,-5.3,-0.2,0.5,.091
Byron Houston,1995-96,26,SAC,25,276,13.1,-2.8,-0.1,0.7,.117
Tom Hovasse,1994-95,28,ATL,2,4,0.2,-5.6,0.0,0.0,-0.076
Brian Howard,1991-92,24,DAL,27,318,13.0,-1.8,0.0,0.6,.090
Brian Howard,1992-93,25,DAL,68,1295,9.7,-4.2,-0.7,0.3,.011
Dwight Howard,2004-05,19,ORL,82,2670,17.2,0.0,1.4,7.3,.131
Dwight Howard,2005-06,20,ORL,82,3021,19.3,1.0,2.3,8.6,.137
Dwight Howard,2006-07,21,ORL,82,3023,21.1,2.8,3.7,9.7,.154
Dwight Howard,2007-08,22,ORL,82,3088,22.9,2.8,3.7,12.9,.200
Dwight Howard,2008-09,23,ORL,79,2821,25.4,4.5,4.7,13.8,.234
Dwight Howard,2009-10,24,ORL,82,2843,24.0,4.4,4.6,13.2,.223
Dwight Howard,2010-11,25,ORL,78,2935,26.1,5.3,5.4,14.4,.235
Dwight Howard,2011-12,26,ORL,54,2070,24.2,4.3,3.3,7.7,.179
Dwight Howard,2012-13,27,LAL,76,2722,19.4,0.6,1.8,7.6,.134
Dwight Howard,2013-14,28,HOU,71,2396,21.3,1.8,2.3,8.0,.161
Dwight Howard,2014-15,29,HOU,41,1223,19.2,-0.4,0.5,3.6,.140
Dwight Howard,2015-16,30,HOU,71,2280,18.9,0.1,1.2,6.6,.138
Dwight Howard,2016-17,31,ATL,74,2199,20.8,1.4,1.9,8.3,.181
Dwight Howard,2017-18,32,CHO,81,2463,20.5,-0.1,1.2,6.8,.132
Dwight Howard,2018-19,33,WAS,9,230,17.4,-3.0,-0.1,0.6,.124
Dwight Howard,2019-20,34,LAL,69,1306,18.7,0.2,0.7,5.4,.197
Dwight Howard,2020-21,35,PHI,69,1196,17.8,-1.5,0.1,4.0,.159
Dwight Howard,2021-22,36,LAL,60,971,18.2,-0.2,0.4,3.5,.174
Greg Howard,1970-71,23,PHO,44,426,10.8,,,0.3,.034
Greg Howard,1971-72,24,CLE,48,426,10.3,,,0.3,.034
Jett Howard,2023-24,20,ORL,18,67,8.6,-1.8,0.0,0.0,.005
Jett Howard,2024-25,21,ORL,60,701,7.1,-5.3,-0.6,0.1,.010
Josh Howard,2003-04,23,DAL,67,1589,15.7,-0.1,0.8,3.5,.104
Josh Howard,2004-05,24,DAL,76,2446,15.8,1.2,2.0,6.4,.126
Josh Howard,2005-06,25,DAL,59,1915,19.3,2.2,2.0,6.7,.168
Josh Howard,2006-07,26,DAL,70,2455,20.0,3.1,3.2,8.8,.173
Josh Howard,2007-08,27,DAL,76,2757,18.3,1.2,2.2,8.0,.140
Josh Howard,2008-09,28,DAL,52,1663,17.0,0.0,0.8,3.2,.091
Josh Howard,2009-10,29,2TM,35,918,12.7,-3.3,-0.3,1.0,.054
Josh Howard,2009-10,29,DAL,31,827,12.0,-3.7,-0.4,0.8,.045
Josh Howard,2009-10,29,WAS,4,91,19.2,-0.4,0.0,0.3,.139
Josh Howard,2010-11,30,WAS,18,409,9.2,-3.8,-0.2,-0.2,-0.027
Josh Howard,2011-12,31,UTA,43,991,10.5,-3.7,-0.4,0.5,.025
Josh Howard,2012-13,32,MIN,11,207,9.5,-3.8,-0.1,0.0,.009
Juwan Howard,1994-95,21,WSB,65,2348,15.0,-2.2,-0.1,2.8,.057
Juwan Howard,1995-96,22,WSB,81,3294,17.0,-0.4,1.3,5.6,.082
Juwan Howard,1996-97,23,WSB,82,3324,16.1,-0.3,1.4,7.0,.101
Juwan Howard,1997-98,24,WAS,64,2559,15.2,-0.9,0.7,4.6,.086
Juwan Howard,1998-99,25,WAS,36,1430,17.1,0.3,0.8,2.8,.093
Juwan Howard,1999-00,26,WAS,82,2909,12.3,-2.8,-0.6,1.9,.031
Juwan Howard,2000-01,27,2TM,81,2974,16.0,-1.2,0.6,4.4,.071
Juwan Howard,2000-01,27,WAS,54,1981,15.8,-1.5,0.2,2.2,.053
Juwan Howard,2000-01,27,DAL,27,993,16.6,-0.6,0.4,2.2,.106
Juwan Howard,2001-02,28,2TM,81,2635,15.8,-1.3,0.5,4.9,.090
Juwan Howard,2001-02,28,DAL,53,1659,15.1,-1.8,0.1,3.4,.097
Juwan Howard,2001-02,28,DEN,28,976,17.1,-0.6,0.4,1.6,.078
Juwan Howard,2002-03,29,DEN,77,2730,17.2,1.1,2.1,6.0,.106
Juwan Howard,2003-04,30,ORL,81,2877,15.6,-2.9,-0.6,3.6,.059
Juwan Howard,2004-05,31,HOU,61,1624,13.0,-2.1,0.0,3.2,.094
Juwan Howard,2005-06,32,HOU,80,2537,12.5,-2.6,-0.4,3.7,.069
Juwan Howard,2006-07,33,HOU,80,2123,12.8,-2.0,0.0,4.9,.110
Juwan Howard,2007-08,34,DAL,50,353,4.1,-6.2,-0.4,0.1,.016
Juwan Howard,2008-09,35,2TM,42,472,10.9,-3.6,-0.2,0.7,.067
Juwan Howard,2008-09,35,DEN,3,22,9.6,1.3,0.0,0.1,.141
Juwan Howard,2008-09,35,CHA,39,450,10.9,-3.8,-0.2,0.6,.064
Juwan Howard,2009-10,36,POR,73,1632,10.0,-3.5,-0.6,2.6,.077
Juwan Howard,2010-11,37,MIA,57,592,8.4,-3.5,-0.2,0.9,.074
Juwan Howard,2011-12,38,MIA,28,190,3.6,-8.9,-0.3,-0.3,-0.076
Juwan Howard,2012-13,39,MIA,7,51,9.9,-9.3,-0.1,0.0,.039
Markus Howard,2020-21,21,DEN,37,205,6.4,-8.7,-0.3,-0.3,-0.068
Markus Howard,2021-22,22,DEN,31,176,16.1,-1.2,0.0,0.3,.082
Mo Howard,1976-77,22,2TM,32,345,14.5,-1.0,0.2,0.6,.084
Mo Howard,1976-77,22,CLE,9,28,26.3,-2.4,0.1,0.1,.242
Mo Howard,1976-77,22,NOJ,23,317,13.4,-0.9,0.1,0.5,.070
Otis Howard,1978-79,22,2TM,14,113,13.7,-4.0,-0.1,0.2,.064
Otis Howard,1978-79,22,MIL,3,22,8.0,-5.1,0.0,0.0,.024
Otis Howard,1978-79,22,DET,11,91,15.1,-3.8,0.0,0.1,.074
Stephen Howard,1992-93,22,UTA,49,260,9.8,-5.9,-0.3,0.1,.018
Stephen Howard,1993-94,23,UTA,9,53,19.4,-1.6,0.0,0.2,.188
Stephen Howard,1994-95,,Did not play - other pro league,,,,,,,
Stephen Howard,1995-96,,Did not play - other pro league,,,,,,,
Stephen Howard,1996-97,26,2TM,49,418,16.0,-0.8,0.1,1.3,.149
Stephen Howard,1996-97,26,SAS,7,69,19.5,5.8,0.1,0.2,.172
Stephen Howard,1996-97,26,UTA,42,349,15.4,-2.1,0.0,1.1,.144
Stephen Howard,1997-98,27,SEA,13,53,9.8,-10.0,-0.1,0.0,-0.020
William Howard,2019-20,26,HOU,2,13,-12.7,-19.6,-0.1,-0.1,-0.357
Bailey Howell,1959-60,23,DET,75,2346,18.2,,,7.6,.156
Bailey Howell,1960-61,24,DET,77,2952,21.2,,,11.7,.190
Bailey Howell,1961-62,25,DET,79,2857,19.2,,,10.7,.180
Bailey Howell,1962-63,26,DET,79,2971,21.6,,,14.0,.226
Bailey Howell,1963-64,27,DET,77,2700,21.1,,,9.8,.175
Bailey Howell,1964-65,28,BAL,80,2975,18.9,,,10.9,.175
Bailey Howell,1965-66,29,BAL,78,2328,19.0,,,8.7,.179
Bailey Howell,1966-67,30,BOS,81,2503,19.5,,,11.8,.226
Bailey Howell,1967-68,31,BOS,82,2801,18.1,,,10.1,.174
Bailey Howell,1968-69,32,BOS,78,2527,19.4,,,11.3,.215
Bailey Howell,1969-70,33,BOS,82,2078,14.0,,,3.1,.072
Bailey Howell,1970-71,34,PHI,82,1589,17.0,,,5.0,.152
Bob Hubbard,1947-48,25,PRO,28,,,,,0.4,
Bob Hubbard,1948-49,26,PRO,34,,,,,-1.4,
Phil Hubbard,1979-80,23,DET,64,1189,13.7,-3.5,-0.5,1.6,.064
Phil Hubbard,1980-81,24,DET,80,2289,15.4,-1.4,0.3,4.5,.094
Phil Hubbard,1981-82,25,2TM,83,1839,13.4,-2.7,-0.3,2.6,.069
Phil Hubbard,1981-82,25,DET,52,1104,13.5,-2.1,0.0,1.8,.080
Phil Hubbard,1981-82,25,CLE,31,735,13.3,-3.7,-0.3,0.8,.052
Phil Hubbard,1982-83,26,CLE,82,1953,13.9,-1.3,0.4,3.4,.084
Phil Hubbard,1983-84,27,CLE,80,1799,15.9,-0.2,0.8,4.6,.124
Phil Hubbard,1984-85,28,CLE,76,2249,16.0,0.1,1.2,5.7,.121
Phil Hubbard,1985-86,29,CLE,23,640,9.7,-3.5,-0.2,0.2,.015
Phil Hubbard,1986-87,30,CLE,68,2083,11.8,-1.9,0.1,3.3,.075
Phil Hubbard,1987-88,31,CLE,78,1631,11.8,-2.7,-0.3,2.7,.081
Phil Hubbard,1988-89,32,CLE,31,191,11.7,-3.0,0.0,0.4,.096
Trevor Hudgins,2022-23,23,HOU,5,28,4.2,-8.4,0.0,0.0,-0.035
Trevor Hudgins,2023-24,,Did not play - other pro league,,,,,,,
Lester Hudson,2009-10,25,2TM,25,131,13.2,-2.0,0.0,0.1,.029
Lester Hudson,2009-10,25,BOS,16,70,8.7,-3.3,0.0,0.0,.003
Lester Hudson,2009-10,25,MEM,9,61,18.3,-0.4,0.0,0.1,.060
Lester Hudson,2010-11,26,WAS,11,73,6.0,-4.3,0.0,-0.1,-0.082
Lester Hudson,2011-12,27,2TM,16,334,13.9,-2.7,-0.1,0.1,.012
Lester Hudson,2011-12,27,CLE,13,314,14.7,-1.7,0.0,0.2,.026
Lester Hudson,2011-12,27,MEM,3,20,0.4,-18.2,-0.1,-0.1,-0.207
Lester Hudson,2012-13,,Did not play - other pro league,,,,,,,
Lester Hudson,2013-14,,Did not play - other pro league,,,,,,,
Lester Hudson,2014-15,30,LAC,5,56,16.0,4.1,0.1,0.2,.141
Lou Hudson,1966-67,22,STL,80,2446,15.3,,,4.9,.097
Lou Hudson,1967-68,23,STL,46,966,16.1,,,2.2,.110
Lou Hudson,1968-69,24,ATL,81,2869,18.7,,,10.1,.168
Lou Hudson,1969-70,25,ATL,80,3091,19.0,,,11.1,.172
Lou Hudson,1970-71,26,ATL,76,3113,18.2,,,7.9,.122
Lou Hudson,1971-72,27,ATL,77,3042,19.1,,,9.7,.154
Lou Hudson,1972-73,28,ATL,75,3027,19.0,,,9.3,.148
Lou Hudson,1973-74,29,ATL,65,2588,19.5,2.9,3.2,8.8,.164
Lou Hudson,1974-75,30,ATL,11,380,17.4,0.5,0.2,0.8,.100
Lou Hudson,1975-76,31,ATL,81,2558,16.8,0.7,1.7,5.9,.111
Lou Hudson,1976-77,32,ATL,58,1745,14.7,-0.6,0.6,2.7,.074
Lou Hudson,1977-78,33,LAL,82,2283,14.2,-1.0,0.6,4.2,.088
Lou Hudson,1978-79,34,LAL,78,1686,13.7,-1.1,0.4,3.3,.095
Troy Hudson,1997-98,21,UTA,8,23,19.1,-0.6,0.0,0.0,.075
Troy Hudson,1998-99,22,LAC,25,524,14.1,-2.2,0.0,0.5,.043
Troy Hudson,1999-00,23,LAC,62,1592,11.6,-3.4,-0.6,-0.2,-0.005
Troy Hudson,2000-01,24,ORL,75,1008,10.2,-4.3,-0.6,0.1,.003
Troy Hudson,2001-02,25,ORL,81,1854,15.3,-1.8,0.1,2.5,.064
Troy Hudson,2002-03,26,MIN,79,2600,15.2,-0.3,1.1,5.1,.094
Troy Hudson,2003-04,27,MIN,29,503,12.5,-2.0,0.0,0.6,.058
Troy Hudson,2004-05,28,MIN,79,1729,12.1,-2.4,-0.2,1.3,.036
Troy Hudson,2005-06,29,MIN,36,800,12.2,-2.1,0.0,0.7,.042
Troy Hudson,2006-07,30,MIN,34,554,10.8,-2.2,0.0,0.1,.005
Troy Hudson,2007-08,31,GSW,9,93,5.2,-6.3,-0.1,-0.1,-0.062
Marcelo Huertas,2015-16,32,LAL,53,869,10.4,-5.0,-0.7,-0.1,-0.006
Marcelo Huertas,2016-17,33,LAL,23,237,9.1,-4.6,-0.2,-0.1,-0.025
Kevin Huerter,2018-19,20,ATL,75,2048,10.1,-2.4,-0.2,1.5,.034
Kevin Huerter,2019-20,21,ATL,56,1760,11.5,-1.6,0.2,1.6,.043
Kevin Huerter,2020-21,22,ATL,69,2126,12.2,-0.3,1.0,3.6,.080
Kevin Huerter,2021-22,23,ATL,74,2188,11.9,-1.2,0.4,2.8,.062
Kevin Huerter,2022-23,24,SAC,75,2203,15.2,1.0,1.7,4.9,.107
Kevin Huerter,2023-24,25,SAC,64,1562,12.4,-0.8,0.5,2.9,.089
Kevin Huerter,2024-25,26,2TM,69,1679,11.3,-2.0,0.0,1.9,.054
Kevin Huerter,2024-25,26,SAC,43,899,10.6,-2.3,-0.1,0.8,.044
Kevin Huerter,2024-25,26,CHI,26,780,12.0,-1.5,0.1,1.1,.066
Josh Huestis,2015-16,24,OKC,5,55,6.7,-2.8,0.0,0.0,.010
Josh Huestis,2016-17,25,OKC,2,31,26.1,8.8,0.1,0.2,.265
Josh Huestis,2017-18,26,OKC,69,982,5.4,-3.9,-0.5,0.5,.024
Jay Huff,2021-22,23,LAL,4,20,0.6,-7.4,0.0,0.0,-0.117
Jay Huff,2022-23,24,WAS,7,95,22.3,4.0,0.1,0.5,.261
Jay Huff,2023-24,25,DEN,20,49,18.5,1.3,0.0,0.2,.212
Jay Huff,2024-25,26,MEM,64,748,18.2,3.5,1.1,2.5,.162
Nate Huffman,2002-03,27,TOR,7,76,11.8,-6.5,-0.1,0.1,.040
Alfredrick Hughes,1985-86,23,SAS,68,866,8.2,-5.7,-0.8,-0.5,-0.029
Eddie Hughes,1982-83,,Did not play - other pro league,,,,,,,
Eddie Hughes,1983-84,,Did not play - other pro league,,,,,,,
Eddie Hughes,1984-85,,Did not play - other pro league,,,,,,,
Eddie Hughes,1985-86,,Did not play - other pro league,,,,,,,
Eddie Hughes,1986-87,,Did not play - other pro league,,,,,,,
Eddie Hughes,1987-88,27,UTA,11,42,8.8,-5.6,0.0,0.0,.021
Eddie Hughes,1988-89,28,DEN,26,224,11.4,-0.1,0.1,0.4,.089
Eddie Hughes,1989-90,29,DEN,60,892,8.3,-2.6,-0.1,1.0,.055
Elijah Hughes,2020-21,22,UTA,18,64,8.4,-2.8,0.0,0.0,-0.013
Elijah Hughes,2021-22,23,2TM,36,434,5.4,-6.9,-0.5,-0.4,-0.043
Elijah Hughes,2021-22,23,UTA,14,112,10.5,-1.5,0.0,0.1,.063
Elijah Hughes,2021-22,23,POR,22,322,3.7,-8.8,-0.6,-0.5,-0.079
Kim Hughes,1974-75,,Did not play - other pro league,,,,,,,
Kim Hughes,1975-76,23,NYA,84,2162,15.6,0.5,1.3,6.8,.151
Kim Hughes,1976-77,24,NYN,81,2081,9.8,-0.8,0.6,2.3,.053
Kim Hughes,1977-78,25,NJN,56,854,6.8,-2.8,-0.2,0.4,.021
Kim Hughes,1978-79,26,DEN,81,1086,11.7,0.9,0.8,2.2,.098
Kim Hughes,1979-80,27,DEN,70,1208,11.5,0.2,0.7,2.2,.088
Kim Hughes,1980-81,28,2TM,53,490,6.3,-3.2,-0.1,-0.1,-0.007
Kim Hughes,1980-81,28,DEN,8,159,10.3,-1.1,0.1,0.2,.057
Kim Hughes,1980-81,28,CLE,45,331,4.4,-4.3,-0.2,-0.3,-0.038
Kim Hughes,1981-82,,Did not play - other pro league,,,,,,,
Kim Hughes,1982-83,,Did not play - other pro league,,,,,,,
Kim Hughes,1983-84,,Did not play - other pro league,,,,,,,
Kim Hughes,1984-85,,Did not play - other pro league,,,,,,,
Kim Hughes,1985-86,,Did not play - other pro league,,,,,,,
Kim Hughes,1986-87,,Did not play - other pro league,,,,,,,
Kim Hughes,1987-88,,Did not play - other pro league,,,,,,,
Kim Hughes,1988-89,,Did not play - other pro league,,,,,,,
Larry Hughes,1998-99,20,PHI,50,988,16.7,1.5,0.9,2.4,.117
Larry Hughes,1999-00,21,2TM,82,2324,14.7,-0.9,0.7,1.7,.036
Larry Hughes,1999-00,21,PHI,50,1018,13.9,-0.2,0.5,1.1,.050
Larry Hughes,1999-00,21,GSW,32,1306,15.4,-1.4,0.2,0.7,.025
Larry Hughes,2000-01,22,GSW,50,1846,13.9,-1.4,0.3,0.6,.017
Larry Hughes,2001-02,23,GSW,73,2049,15.4,0.3,1.2,2.4,.057
Larry Hughes,2002-03,24,WAS,67,2137,15.5,0.2,1.2,3.7,.082
Larry Hughes,2003-04,25,WAS,61,2061,17.6,0.9,1.5,3.8,.088
Larry Hughes,2004-05,26,WAS,61,2358,21.6,4.3,3.7,7.7,.157
Larry Hughes,2005-06,27,CLE,36,1281,14.0,-1.3,0.2,1.8,.067
Larry Hughes,2006-07,28,CLE,70,2596,12.1,-0.8,0.8,3.9,.073
Larry Hughes,2007-08,29,2TM,68,2020,11.9,-2.3,-0.1,1.8,.042
Larry Hughes,2007-08,29,CLE,40,1210,11.6,-2.3,-0.1,1.1,.042
Larry Hughes,2007-08,29,CHI,28,810,12.4,-2.4,-0.1,0.7,.043
Larry Hughes,2008-09,30,2TM,55,1479,13.4,-0.5,0.6,2.1,.070
Larry Hughes,2008-09,30,CHI,30,792,14.4,0.3,0.5,1.4,.088
Larry Hughes,2008-09,30,NYK,25,687,12.3,-1.3,0.1,0.7,.049
Larry Hughes,2009-10,31,2TM,45,1115,12.0,-1.9,0.0,0.7,.030
Larry Hughes,2009-10,31,NYK,31,820,12.3,-1.8,0.0,0.4,.023
Larry Hughes,2009-10,31,CHA,14,295,11.1,-2.1,0.0,0.3,.051
Larry Hughes,2010-11,,Did not play - unsigned,,,,,,,
Larry Hughes,2011-12,33,ORL,9,114,-4.8,-11.9,-0.3,-0.5,-0.193
Rick Hughes,1999-00,26,DAL,21,224,10.9,-5.0,-0.2,0.1,.029
Ariel Hukporti,2024-25,22,NYK,25,217,7.6,-5.6,-0.2,0.1,.020
Robbie Hummel,2012-13,,Did not play - other pro league,,,,,,,
Robbie Hummel,2013-14,24,MIN,53,655,9.6,-2.0,0.0,1.1,.084
Robbie Hummel,2014-15,25,MIN,45,742,9.7,-4.1,-0.4,0.8,.050
John Hummer,1970-71,22,BUF,81,2637,12.0,,,3.2,.058
John Hummer,1971-72,23,BUF,55,1186,6.4,,,-0.8,-0.031
John Hummer,1972-73,24,BUF,66,1546,11.0,,,1.0,.030
John Hummer,1973-74,25,2TM,53,1119,11.9,-0.7,0.4,1.6,.067
John Hummer,1973-74,25,CHI,18,186,10.3,-2.9,0.0,0.3,.066
John Hummer,1973-74,25,SEA,35,933,12.2,-0.3,0.4,1.3,.067
John Hummer,1974-75,26,SEA,43,568,5.6,-4.8,-0.4,-0.3,-0.027
John Hummer,1975-76,27,SEA,29,364,7.6,-4.1,-0.2,0.1,.019
Ryan Humphrey,2002-03,23,2TM,48,444,4.1,-9.3,-0.8,-0.5,-0.052
Ryan Humphrey,2002-03,23,ORL,35,322,2.9,-10.2,-0.7,-0.5,-0.071
Ryan Humphrey,2002-03,23,MEM,13,122,7.2,-6.8,-0.2,0.0,-0.001
Ryan Humphrey,2003-04,24,MEM,2,11,-1.0,-14.6,0.0,0.0,-0.217
Ryan Humphrey,2004-05,25,MEM,35,317,10.2,-6.2,-0.3,0.1,.013
Isaac Humphries,2018-19,21,ATL,5,56,3.4,-11.0,-0.1,-0.1,-0.047
Jay Humphries,1984-85,22,PHO,80,2062,10.6,-2.6,-0.3,1.9,.044
Jay Humphries,1985-86,23,PHO,82,2733,12.6,-0.6,0.9,4.8,.084
Jay Humphries,1986-87,24,PHO,82,2579,14.2,-0.7,0.8,4.5,.084
Jay Humphries,1987-88,25,2TM,68,1809,14.8,0.1,1.0,3.5,.093
Jay Humphries,1987-88,25,PHO,50,1557,15.8,0.6,1.0,3.5,.107
Jay Humphries,1987-88,25,MIL,18,252,8.2,-3.1,-0.1,0.0,.007
Jay Humphries,1988-89,26,MIL,73,2220,14.6,1.3,1.8,4.9,.105
Jay Humphries,1989-90,27,MIL,81,2818,16.4,1.4,2.4,7.6,.130
Jay Humphries,1990-91,28,MIL,80,2726,17.4,2.1,2.9,8.6,.152
Jay Humphries,1991-92,29,MIL,71,2261,16.5,1.1,1.7,5.8,.123
Jay Humphries,1992-93,30,UTA,78,2034,10.5,-2.6,-0.3,1.8,.043
Jay Humphries,1993-94,31,UTA,75,1619,10.9,-1.4,0.3,2.0,.061
Jay Humphries,1994-95,32,2TM,18,201,-0.9,-8.6,-0.3,-0.4,-0.100
Jay Humphries,1994-95,32,UTA,12,149,-3.2,-9.8,-0.3,-0.4,-0.128
Jay Humphries,1994-95,32,BOS,6,52,5.8,-5.0,0.0,0.0,-0.019
Kris Humphries,2004-05,19,UTA,67,873,9.5,-4.6,-0.6,-0.3,-0.019
Kris Humphries,2005-06,20,UTA,62,619,10.3,-4.5,-0.4,0.2,.019
Kris Humphries,2006-07,21,TOR,60,670,13.5,-3.2,-0.2,1.5,.107
Kris Humphries,2007-08,22,TOR,70,925,15.7,-2.3,-0.1,1.8,.096
Kris Humphries,2008-09,23,TOR,29,265,16.3,-1.7,0.0,0.7,.125
Kris Humphries,2009-10,24,2TM,69,1221,15.1,-3.5,-0.5,1.9,.074
Kris Humphries,2009-10,24,DAL,25,315,14.8,-3.4,-0.1,0.6,.097
Kris Humphries,2009-10,24,NJN,44,906,15.1,-3.5,-0.3,1.3,.066
Kris Humphries,2010-11,25,NJN,74,2061,17.8,0.4,1.3,5.4,.125
Kris Humphries,2011-12,26,NJN,62,2162,17.9,-0.9,0.6,5.3,.118
Kris Humphries,2012-13,27,BRK,65,1191,13.6,-3.0,-0.3,2.7,.109
Kris Humphries,2013-14,28,BOS,69,1376,18.2,0.9,1.0,4.1,.143
Kris Humphries,2014-15,29,WAS,64,1345,15.4,-1.0,0.3,3.8,.134
Kris Humphries,2015-16,30,3TM,53,835,13.1,-2.0,0.0,1.6,.093
Kris Humphries,2015-16,30,WAS,28,466,11.8,-2.3,0.0,0.7,.073
Kris Humphries,2015-16,30,PHO,4,74,13.5,-2.7,0.0,0.0,.012
Kris Humphries,2015-16,30,ATL,21,295,14.9,-1.4,0.0,0.9,.143
Kris Humphries,2016-17,31,ATL,56,689,13.6,-2.0,0.0,1.6,.115
Hot Rod Hundley,1957-58,23,MNL,65,1154,9.5,,,-1.2,-0.051
Hot Rod Hundley,1958-59,24,MNL,71,1664,12.8,,,1.3,.036
Hot Rod Hundley,1959-60,25,MNL,73,2279,12.9,,,1.9,.041
Hot Rod Hundley,1960-61,26,LAL,79,2179,12.2,,,1.9,.041
Hot Rod Hundley,1961-62,27,LAL,78,1492,9.6,,,0.1,.003
Hot Rod Hundley,1962-63,28,LAL,65,785,11.2,,,0.4,.027
Feron Hunt,2021-22,22,NYK,2,8,-3.0,-11.3,0.0,0.0,-0.234
Brandon Hunter,2003-04,23,BOS,36,406,12.6,-2.4,0.0,0.6,.066
Brandon Hunter,2004-05,24,ORL,31,224,12.2,-6.0,-0.2,0.2,.036
Cedric Hunter,1991-92,27,CHH,1,1,0.0,-6.3,0.0,0.0,-0.017
Chris Hunter,2009-10,25,GSW,60,783,12.2,-4.1,-0.4,1.3,.080
De'Andre Hunter,2019-20,22,ATL,63,2018,8.6,-4.7,-1.4,0.1,.002
De'Andre Hunter,2020-21,23,ATL,23,678,15.7,1.2,0.5,1.7,.123
De'Andre Hunter,2021-22,24,ATL,53,1577,10.6,-3.9,-0.8,1.1,.034
De'Andre Hunter,2022-23,25,ATL,67,2126,11.5,-3.3,-0.7,2.5,.057
De'Andre Hunter,2023-24,26,ATL,57,1681,12.7,-2.4,-0.2,2.2,.062
De'Andre Hunter,2024-25,27,2TM,64,1740,15.9,0.4,1.0,4.4,.122
De'Andre Hunter,2024-25,27,ATL,37,1064,15.8,-0.4,0.4,2.2,.100
De'Andre Hunter,2024-25,27,CLE,27,676,16.2,1.6,0.6,2.2,.157
Les Hunter,1964-65,22,BAL,24,114,8.8,,,-0.5,-0.210
Les Hunter,1965-66,,Did not play - other pro league,,,,,,,
Les Hunter,1966-67,,Did not play - other pro league,,,,,,,
Les Hunter,1967-68,25,MNM,75,2552,18.0,,,8.4,.158
Les Hunter,1968-69,26,MMF,77,2537,16.1,,,5.6,.106
Les Hunter,1969-70,27,NYA,79,2859,13.1,,,4.9,.083
Les Hunter,1970-71,28,2TM,80,1525,13.2,,,2.2,.070
Les Hunter,1970-71,28,NYA,5,110,-0.9,,,-0.2,-0.074
Les Hunter,1970-71,28,KEN,75,1415,14.3,,,2.4,.081
Les Hunter,1971-72,29,KEN,70,967,13.6,,,2.7,.134
Les Hunter,1972-73,30,MMT,63,1333,13.0,,,2.1,.077
Lindsey Hunter,1993-94,23,DET,82,2172,12.0,-2.2,-0.1,-0.8,-0.017
Lindsey Hunter,1994-95,24,DET,42,944,10.5,-3.8,-0.4,-0.3,-0.015
Lindsey Hunter,1995-96,25,DET,80,2138,11.2,0.3,1.2,3.9,.089
Lindsey Hunter,1996-97,26,DET,82,3023,13.4,0.5,1.9,6.4,.101
Lindsey Hunter,1997-98,27,DET,71,2505,12.4,0.1,1.3,4.0,.077
Lindsey Hunter,1998-99,28,DET,49,1755,13.9,1.1,1.4,4.0,.109
Lindsey Hunter,1999-00,29,DET,82,2919,13.2,0.7,2.0,5.6,.093
Lindsey Hunter,2000-01,30,MIL,82,2002,14.8,1.2,1.6,4.6,.109
Lindsey Hunter,2001-02,31,LAL,82,1616,9.4,-1.5,0.2,2.0,.059
Lindsey Hunter,2002-03,32,TOR,29,673,10.6,-3.2,-0.2,-0.6,-0.041
Lindsey Hunter,2003-04,33,DET,33,661,9.0,-0.2,0.3,0.9,.067
Lindsey Hunter,2004-05,34,DET,76,1144,9.6,-1.2,0.2,1.4,.058
Lindsey Hunter,2005-06,35,DET,30,353,10.5,-1.6,0.0,0.5,.066
Lindsey Hunter,2006-07,36,DET,52,745,12.7,-0.3,0.3,1.3,.085
Lindsey Hunter,2007-08,37,DET,24,215,8.8,-2.1,0.0,0.2,.048
Lindsey Hunter,2008-09,38,CHI,28,266,7.9,-2.3,0.0,0.0,-0.003
Lindsey Hunter,2009-10,39,CHI,13,122,-2.2,-12.0,-0.3,-0.3,-0.117
Othello Hunter,2008-09,22,ATL,16,92,12.1,-2.1,0.0,0.2,.092
Othello Hunter,2009-10,23,ATL,7,33,7.9,-11.9,-0.1,0.0,-0.031
R.J. Hunter,2015-16,22,BOS,36,315,7.7,-2.1,0.0,0.3,.045
R.J. Hunter,2016-17,23,CHI,3,9,-3.2,-9.0,0.0,0.0,-0.088
R.J. Hunter,2017-18,24,HOU,5,45,8.5,-3.3,0.0,0.0,.022
R.J. Hunter,2018-19,25,BOS,1,26,21.5,3.6,0.0,0.1,.226
Steven Hunter,2001-02,20,ORL,53,516,12.9,-4.0,-0.3,1.0,.094
Steven Hunter,2002-03,21,ORL,33,447,13.4,-1.8,0.0,0.9,.099
Steven Hunter,2003-04,22,ORL,59,789,11.2,-3.0,-0.2,0.6,.034
Steven Hunter,2004-05,23,PHO,76,1046,14.7,-0.9,0.3,2.6,.121
Steven Hunter,2005-06,24,PHI,69,1312,13.9,-2.4,-0.1,2.5,.090
Steven Hunter,2006-07,25,PHI,70,1605,12.3,-1.8,0.1,2.8,.085
Steven Hunter,2007-08,26,DEN,19,120,8.6,-7.5,-0.2,0.1,.043
Steven Hunter,2008-09,,Did not play - injury,,,,,,,
Steven Hunter,2009-10,28,MEM,21,158,11.6,-4.8,-0.1,0.1,.018
Vince Hunter,2017-18,23,MEM,4,7,35.8,9.7,0.0,0.0,.097
Bobby Hurley,1993-94,22,SAC,19,499,8.4,-6.4,-0.6,-0.5,-0.044
Bobby Hurley,1994-95,23,SAC,68,1105,7.7,-4.6,-0.7,-0.3,-0.014
Bobby Hurley,1995-96,24,SAC,72,1059,6.5,-5.9,-1.0,-0.3,-0.013
Bobby Hurley,1996-97,25,SAC,49,632,10.4,-3.2,-0.2,0.4,.031
Bobby Hurley,1997-98,26,2TM,61,875,9.0,-6.6,-1.0,-0.5,-0.029
Bobby Hurley,1997-98,26,SAC,34,417,10.2,-5.1,-0.3,0.0,.001
Bobby Hurley,1997-98,26,VAN,27,458,7.9,-8.0,-0.7,-0.5,-0.056
Roy Hurley,1946-47,24,TRH,46,,,,,-1.4,
Matthew Hurt,2023-24,23,MEM,8,113,8.4,-3.7,-0.1,0.1,.031
Geoff Huston,1979-80,22,NYK,71,923,7.0,-4.4,-0.6,-0.3,-0.017
Geoff Huston,1980-81,23,2TM,81,2434,13.4,-2.2,-0.1,1.7,.034
Geoff Huston,1980-81,23,DAL,56,1892,13.4,-2.5,-0.2,0.8,.021
Geoff Huston,1980-81,23,CLE,25,542,13.4,-1.2,0.1,0.9,.078
Geoff Huston,1981-82,24,CLE,78,2409,14.0,-0.9,0.7,3.0,.060
Geoff Huston,1982-83,25,CLE,80,2716,12.6,-1.9,0.0,3.4,.060
Geoff Huston,1983-84,26,CLE,77,2041,13.3,-1.8,0.1,2.6,.061
Geoff Huston,1984-85,27,CLE,8,93,7.8,-5.1,-0.1,0.0,-0.002
Geoff Huston,1985-86,28,GSW,82,1208,13.7,-1.0,0.3,1.8,.072
Geoff Huston,1986-87,29,LAC,19,428,9.0,-5.0,-0.3,-0.4,-0.040
Paul Huston,1947-48,22,CHS,46,,,,,1.2,
Mel Hutchins,1951-52,23,MLH,66,2618,16.8,,,3.8,.069
Mel Hutchins,1952-53,24,MLH,71,2891,17.2,,,6.9,.115
Mel Hutchins,1953-54,25,FTW,72,2934,14.7,,,5.8,.096
Mel Hutchins,1954-55,26,FTW,72,2860,13.0,,,3.9,.065
Mel Hutchins,1955-56,27,FTW,66,2240,14.4,,,4.4,.095
Mel Hutchins,1956-57,28,FTW,72,2647,13.1,,,2.8,.050
Mel Hutchins,1957-58,29,NYK,18,384,11.3,,,0.3,.041
Chandler Hutchison,2018-19,22,CHI,44,895,8.8,-3.9,-0.4,0.6,.030
Chandler Hutchison,2019-20,23,CHI,28,527,12.4,-2.6,-0.1,0.7,.060
Chandler Hutchison,2020-21,24,2TM,25,346,6.8,-5.6,-0.3,-0.1,-0.007
Chandler Hutchison,2020-21,24,CHI,7,64,0.4,-10.0,-0.1,-0.1,-0.103
Chandler Hutchison,2020-21,24,WAS,18,282,8.2,-4.5,-0.2,0.1,.014
Chandler Hutchison,2021-22,25,PHO,6,22,1.0,-8.5,0.0,0.0,-0.086
Joe Hutton,1950-51,22,MNL,60,,,,,0.6,
Joe Hutton,1951-52,23,MNL,60,723,8.1,,,1.5,.102
Greg Hyder,1970-71,22,CIN,77,1359,8.7,,,1.1,.040
Bones Hyland,2021-22,21,DEN,69,1310,14.4,-0.4,0.5,2.4,.088
Bones Hyland,2022-23,22,2TM,56,1085,14.9,-0.8,0.3,1.4,.062
Bones Hyland,2022-23,22,DEN,42,820,14.5,-0.8,0.3,0.9,.051
Bones Hyland,2022-23,22,LAC,14,265,16.4,-0.9,0.1,0.5,.094
Bones Hyland,2023-24,23,LAC,37,540,10.8,-3.6,-0.2,0.0,.003
Bones Hyland,2024-25,24,2TM,24,239,16.0,2.7,0.3,0.5,.095
Bones Hyland,2024-25,24,LAC,20,222,16.4,3.1,0.3,0.4,.090
Bones Hyland,2024-25,24,MIN,4,17,11.1,-3.2,0.0,0.1,.165
Marc Iavaroni,1978-79,,Did not play - other pro league,,,,,,,
Marc Iavaroni,1979-80,,Did not play - other pro league,,,,,,,
Marc Iavaroni,1980-81,,Did not play - other pro league,,,,,,,
Marc Iavaroni,1981-82,,Did not play - other pro league,,,,,,,
Marc Iavaroni,1982-83,26,PHI,80,1612,7.3,-3.1,-0.4,1.5,.045
Marc Iavaroni,1983-84,27,PHI,78,1532,8.1,-3.1,-0.4,1.4,.045
Marc Iavaroni,1984-85,28,2TM,69,1334,8.8,-3.5,-0.5,0.7,.027
Marc Iavaroni,1984-85,28,PHI,12,156,3.1,-6.2,-0.2,-0.1,-0.039
Marc Iavaroni,1984-85,28,SAS,57,1178,9.6,-3.2,-0.4,0.9,.036
Marc Iavaroni,1985-86,29,2TM,68,1014,8.7,-3.2,-0.3,1.0,.046
Marc Iavaroni,1985-86,29,SAS,42,669,8.2,-2.8,-0.2,0.4,.028
Marc Iavaroni,1985-86,29,UTA,26,345,9.7,-3.8,-0.2,0.6,.080
Marc Iavaroni,1986-87,30,UTA,78,845,7.8,-4.9,-0.6,1.1,.062
Marc Iavaroni,1987-88,31,UTA,81,1238,8.6,-3.5,-0.5,1.7,.064
Marc Iavaroni,1988-89,32,UTA,77,796,5.3,-4.9,-0.6,0.6,.036
Serge Ibaka,2008-09,,Did not play - other pro league,,,,,,,
Serge Ibaka,2009-10,20,OKC,73,1323,15.2,-1.5,0.2,3.7,.134
Serge Ibaka,2010-11,21,OKC,82,2216,17.7,0.5,1.4,7.6,.164
Serge Ibaka,2011-12,22,OKC,66,1792,19.0,2.3,1.9,6.2,.167
Serge Ibaka,2012-13,23,OKC,80,2486,19.4,1.5,2.2,9.4,.181
Serge Ibaka,2013-14,24,OKC,81,2666,19.6,1.7,2.5,9.6,.173
Serge Ibaka,2014-15,25,OKC,64,2116,16.6,0.9,1.6,5.6,.127
Serge Ibaka,2015-16,26,OKC,78,2500,13.9,-0.6,0.8,5.5,.105
Serge Ibaka,2016-17,27,2TM,79,2422,16.4,0.1,1.2,5.1,.101
Serge Ibaka,2016-17,27,ORL,56,1710,17.5,0.7,1.2,3.8,.108
Serge Ibaka,2016-17,27,TOR,23,712,13.8,-1.5,0.1,1.3,.085
Serge Ibaka,2017-18,28,TOR,76,2093,14.7,-0.1,1.0,5.1,.117
Serge Ibaka,2018-19,29,TOR,74,2010,18.7,0.2,1.2,6.1,.146
Serge Ibaka,2019-20,30,TOR,55,1485,17.3,0.1,0.8,3.9,.126
Serge Ibaka,2020-21,31,LAC,41,955,18.2,1.4,0.8,3.0,.150
Serge Ibaka,2021-22,32,2TM,54,877,14.4,-1.5,0.1,2.0,.108
Serge Ibaka,2021-22,32,LAC,35,538,14.9,-1.0,0.1,1.1,.096
Serge Ibaka,2021-22,32,MIL,19,339,13.7,-2.4,0.0,0.9,.128
Serge Ibaka,2022-23,33,MIL,16,185,9.8,-4.5,-0.1,0.2,.058
Serge Ibaka,2023-24,,Did not play - other pro league,,,,,,,
Oso Ighodaro,2024-25,22,PHO,61,1045,11.1,-2.6,-0.2,1.6,.075
Andre Iguodala,2004-05,21,PHI,82,2686,13.5,1.4,2.3,6.6,.118
Andre Iguodala,2005-06,22,PHI,82,3086,14.8,0.6,2.0,7.5,.116
Andre Iguodala,2006-07,23,PHI,76,3062,18.1,2.4,3.4,7.7,.120
Andre Iguodala,2007-08,24,PHI,82,3242,19.0,4.0,4.9,9.6,.143
Andre Iguodala,2008-09,25,PHI,82,3269,18.4,3.2,4.3,9.2,.134
Andre Iguodala,2009-10,26,PHI,82,3193,17.8,2.4,3.5,6.7,.101
Andre Iguodala,2010-11,27,PHI,67,2469,17.2,3.2,3.2,6.7,.130
Andre Iguodala,2011-12,28,PHI,62,2209,17.6,4.0,3.3,7.3,.158
Andre Iguodala,2012-13,29,DEN,80,2779,15.2,2.6,3.3,5.6,.097
Andre Iguodala,2013-14,30,GSW,63,2040,13.7,2.3,2.2,5.8,.135
Andre Iguodala,2014-15,31,GSW,77,2069,12.3,0.9,1.5,5.1,.117
Andre Iguodala,2015-16,32,GSW,65,1732,12.2,1.1,1.4,4.4,.122
Andre Iguodala,2016-17,33,GSW,76,1998,14.3,2.5,2.3,6.9,.167
Andre Iguodala,2017-18,34,GSW,64,1622,11.2,-0.3,0.7,3.2,.094
Andre Iguodala,2018-19,35,GSW,68,1578,13.1,1.8,1.5,4.2,.129
Andre Iguodala,2019-20,36,MIA,21,418,10.5,-0.5,0.2,0.6,.065
Andre Iguodala,2020-21,37,MIA,63,1339,9.2,-0.4,0.5,1.7,.062
Andre Iguodala,2021-22,38,GSW,31,603,12.3,2.7,0.7,1.6,.125
Andre Iguodala,2022-23,39,GSW,8,113,7.3,-2.5,0.0,0.1,.044
Zydrunas Ilgauskas,1996-97,,Did not play - injury,,,,,,,
Zydrunas Ilgauskas,1997-98,22,CLE,82,2379,19.7,1.4,2.1,9.4,.189
Zydrunas Ilgauskas,1998-99,23,CLE,5,171,17.5,0.0,0.1,0.5,.134
Zydrunas Ilgauskas,1999-00,,Did not play - injury,,,,,,,
Zydrunas Ilgauskas,2000-01,25,CLE,24,616,16.0,-1.8,0.0,0.7,.056
Zydrunas Ilgauskas,2001-02,26,CLE,62,1329,17.4,-2.9,-0.3,2.5,.089
Zydrunas Ilgauskas,2002-03,27,CLE,81,2432,19.4,-0.3,1.0,5.0,.099
Zydrunas Ilgauskas,2003-04,28,CLE,81,2539,20.2,0.9,1.9,7.8,.147
Zydrunas Ilgauskas,2004-05,29,CLE,78,2615,19.5,-0.2,1.2,8.1,.149
Zydrunas Ilgauskas,2005-06,30,CLE,78,2283,21.9,1.6,2.1,8.7,.184
Zydrunas Ilgauskas,2006-07,31,CLE,78,2130,18.0,0.4,1.3,6.6,.148
Zydrunas Ilgauskas,2007-08,32,CLE,73,2222,18.7,-0.4,0.9,6.1,.131
Zydrunas Ilgauskas,2008-09,33,CLE,65,1765,18.0,-0.3,0.8,5.6,.151
Zydrunas Ilgauskas,2009-10,34,CLE,64,1339,11.9,-3.8,-0.6,2.5,.088
Zydrunas Ilgauskas,2010-11,35,MIA,72,1145,12.8,-2.7,-0.2,2.9,.122
Mile Ilić,2005-06,,Did not play - other pro league,,,,,,,
Mile Ilić,2006-07,22,NJN,5,6,-48.6,-52.0,-0.1,-0.2,-1.264
D.J. Mbenga,2002-03,,Did not play - other pro league,,,,,,,
D.J. Mbenga,2003-04,,Did not play - other pro league,,,,,,,
D.J. Mbenga,2004-05,24,DAL,15,58,3.8,-9.6,-0.1,0.0,-0.029
D.J. Mbenga,2005-06,25,DAL,43,237,13.4,-2.6,0.0,0.5,.092
D.J. Mbenga,2006-07,26,DAL,21,79,7.2,-3.7,0.0,0.1,.055
D.J. Mbenga,2007-08,27,2TM,42,326,9.4,-5.3,-0.3,0.4,.066
D.J. Mbenga,2007-08,27,GSW,16,130,6.7,-5.1,-0.1,0.1,.048
D.J. Mbenga,2007-08,27,LAL,26,196,11.2,-5.4,-0.2,0.3,.078
D.J. Mbenga,2008-09,28,LAL,23,181,13.9,-0.6,0.1,0.3,.091
D.J. Mbenga,2009-10,29,LAL,49,355,11.6,-4.1,-0.2,0.6,.084
D.J. Mbenga,2010-11,30,NOH,41,330,9.7,-2.8,-0.1,0.5,.076
D.J. Mbenga,2011-12,,Did not play - unsigned,,,,,,,
D.J. Mbenga,2012-13,,Did not play - other pro league,,,,,,,
Ersan İlyasova,2006-07,19,MIL,66,973,12.1,-2.9,-0.2,1.0,.051
Ersan İlyasova,2007-08,,Did not play - other pro league,,,,,,,
Ersan İlyasova,2008-09,,Did not play - other pro league,,,,,,,
Ersan İlyasova,2009-10,22,MIL,81,1898,15.7,0.4,1.1,5.8,.146
Ersan İlyasova,2010-11,23,MIL,60,1505,14.3,-0.6,0.5,3.8,.121
Ersan İlyasova,2011-12,24,MIL,60,1655,20.5,1.9,1.6,6.4,.185
Ersan İlyasova,2012-13,25,MIL,73,2012,18.3,2.0,2.0,6.7,.159
Ersan İlyasova,2013-14,26,MIL,55,1478,13.8,-2.8,-0.3,1.6,.053
Ersan İlyasova,2014-15,27,MIL,58,1319,16.8,1.1,1.0,4.0,.146
Ersan İlyasova,2015-16,28,2TM,74,1881,14.2,-0.2,0.9,4.4,.113
Ersan İlyasova,2015-16,28,DET,52,1434,14.1,0.5,0.9,3.3,.111
Ersan İlyasova,2015-16,28,ORL,22,447,14.7,-2.4,0.0,1.1,.117
Ersan İlyasova,2016-17,29,3TM,82,2142,14.6,0.1,1.1,4.1,.091
Ersan İlyasova,2016-17,29,OKC,3,62,6.9,-2.7,0.0,0.0,.012
Ersan İlyasova,2016-17,29,PHI,53,1447,15.4,0.4,0.9,2.6,.088
Ersan İlyasova,2016-17,29,ATL,26,633,13.5,-0.4,0.3,1.4,.106
Ersan İlyasova,2017-18,30,2TM,69,1729,14.9,-0.6,0.6,4.0,.112
Ersan İlyasova,2017-18,30,ATL,46,1175,15.1,-0.1,0.6,2.6,.106
Ersan İlyasova,2017-18,30,PHI,23,554,14.6,-1.6,0.1,1.4,.125
Ersan İlyasova,2018-19,31,MIL,67,1231,11.6,-2.3,-0.1,3.0,.119
Ersan İlyasova,2019-20,32,MIL,63,986,14.9,0.4,0.6,3.6,.174
Ersan İlyasova,2020-21,33,UTA,17,148,12.1,-0.9,0.0,0.4,.122
Darrall Imhoff,1960-61,22,NYK,62,994,8.7,,,0.0,.001
Darrall Imhoff,1961-62,23,NYK,76,1481,9.2,,,0.7,.021
Darrall Imhoff,1962-63,24,DET,45,458,7.3,,,-0.6,-0.061
Darrall Imhoff,1963-64,25,DET,58,871,10.9,,,0.7,.038
Darrall Imhoff,1964-65,26,LAL,76,1521,10.7,,,2.4,.076
Darrall Imhoff,1965-66,27,LAL,77,1413,10.8,,,2.1,.072
Darrall Imhoff,1966-67,28,LAL,81,2725,13.6,,,5.0,.089
Darrall Imhoff,1967-68,29,LAL,82,2271,14.5,,,4.9,.104
Darrall Imhoff,1968-69,30,PHI,82,2360,13.2,,,5.9,.120
Darrall Imhoff,1969-70,31,PHI,79,2474,15.5,,,8.2,.159
Darrall Imhoff,1970-71,32,CIN,34,826,11.3,,,0.9,.052
Darrall Imhoff,1971-72,33,2TM,49,480,8.6,,,-0.2,-0.016
Darrall Imhoff,1971-72,33,CIN,9,76,4.5,,,-0.2,-0.111
Darrall Imhoff,1971-72,33,POR,40,404,9.4,,,0.0,.001
Tom Ingelsby,1973-74,22,ATL,48,398,9.5,-3.4,-0.1,0.1,.014
Tom Ingelsby,1974-75,23,SSL,22,344,12.7,-0.1,0.2,0.7,.094
Tom Ingelsby,1975-76,24,SDS,5,14,10.6,-4.3,0.0,0.0,.143
Joe Ingles,2014-15,27,UTA,79,1673,9.6,-1.2,0.3,2.2,.062
Joe Ingles,2015-16,28,UTA,81,1241,10.3,0.2,0.7,2.3,.089
Joe Ingles,2016-17,29,UTA,82,1972,12.4,1.6,1.8,5.0,.123
Joe Ingles,2017-18,30,UTA,82,2578,14.4,2.3,2.8,7.6,.141
Joe Ingles,2018-19,31,UTA,82,2568,13.4,1.4,2.2,6.0,.113
Joe Ingles,2019-20,32,UTA,72,2137,12.6,0.7,1.5,4.8,.108
Joe Ingles,2020-21,33,UTA,67,1867,15.9,3.5,2.6,7.0,.180
Joe Ingles,2021-22,34,UTA,45,1122,10.0,-0.3,0.5,2.2,.094
Joe Ingles,2022-23,35,MIL,46,1044,10.7,-0.7,0.3,2.3,.107
Joe Ingles,2023-24,36,ORL,68,1169,10.6,-0.5,0.5,2.6,.108
Joe Ingles,2024-25,37,MIN,19,114,2.4,-7.0,-0.1,-0.1,-0.035
Damien Inglis,2014-15,,Did not play - injury,,,,,,,
Damien Inglis,2015-16,20,MIL,20,156,6.7,-5.6,-0.1,-0.1,-0.024
Andre Ingram,2017-18,32,LAL,2,64,16.3,4.3,0.1,0.2,.157
Andre Ingram,2018-19,33,LAL,4,15,-11.9,-19.6,-0.1,-0.1,-0.408
Brandon Ingram,2016-17,19,LAL,79,2279,8.5,-4.4,-1.4,-0.3,-0.007
Brandon Ingram,2017-18,20,LAL,59,1975,13.8,-1.2,0.4,2.8,.068
Brandon Ingram,2018-19,21,LAL,52,1760,13.4,-2.0,0.0,2.0,.055
Brandon Ingram,2019-20,22,NOP,62,2104,18.8,2.1,2.2,5.1,.115
Brandon Ingram,2020-21,23,NOP,61,2093,19.2,2.2,2.2,5.3,.120
Brandon Ingram,2021-22,24,NOP,55,1869,18.7,2.0,1.9,3.9,.099
Brandon Ingram,2022-23,25,NOP,45,1538,19.2,1.7,1.5,3.5,.108
Brandon Ingram,2023-24,26,NOP,64,2103,18.2,1.2,1.7,5.1,.117
Brandon Ingram,2024-25,27,NOP,18,595,16.0,-0.3,0.3,0.0,.001
Harrison Ingram,2024-25,22,SAS,5,35,10.9,-1.2,0.0,0.1,.093
McCoy Ingram,1957-58,26,MNL,24,267,7.6,,,-0.7,-0.119
Ervin Inniger,1967-68,23,MNM,75,1993,13.2,,,5.4,.129
Ervin Inniger,1968-69,24,MMF,34,484,8.3,,,0.2,.018
Byron Irvin,1989-90,23,POR,50,488,15.6,1.0,0.4,1.2,.120
Byron Irvin,1990-91,24,WSB,33,316,17.5,0.8,0.2,0.9,.143
Byron Irvin,1991-92,,Did not play - other pro league,,,,,,,
Byron Irvin,1992-93,26,WSB,4,45,9.5,-6.2,0.0,0.0,-0.028
George Irvine,1970-71,22,VIR,34,338,15.8,,,1.2,.171
George Irvine,1971-72,23,VIR,75,1362,9.1,,,2.5,.087
George Irvine,1972-73,24,VIR,79,2075,13.5,,,5.5,.127
George Irvine,1973-74,25,VIR,75,1140,17.2,1.2,0.9,3.2,.136
George Irvine,1974-75,26,VIR,59,1522,15.7,0.7,1.1,3.7,.116
George Irvine,1975-76,27,DNA,3,14,-0.3,-5.1,0.0,0.0,-0.131
Kyrie Irving,2011-12,19,CLE,51,1558,21.4,4.1,2.4,4.1,.125
Kyrie Irving,2012-13,20,CLE,59,2048,21.4,3.7,3.0,5.3,.125
Kyrie Irving,2013-14,21,CLE,71,2496,20.1,3.4,3.3,6.7,.128
Kyrie Irving,2014-15,22,CLE,75,2730,21.5,4.1,4.2,10.4,.183
Kyrie Irving,2015-16,23,CLE,53,1667,19.9,2.3,1.8,5.0,.143
Kyrie Irving,2016-17,24,CLE,72,2525,23.0,3.4,3.4,8.9,.170
Kyrie Irving,2017-18,25,BOS,60,1931,25.0,7.3,4.5,8.9,.222
Kyrie Irving,2018-19,26,BOS,67,2214,24.3,7.2,5.1,9.1,.197
Kyrie Irving,2019-20,27,BRK,20,658,26.2,7.7,1.6,2.9,.210
Kyrie Irving,2020-21,28,BRK,54,1886,24.4,5.5,3.6,7.4,.189
Kyrie Irving,2021-22,29,BRK,29,1091,21.4,3.0,1.4,3.3,.147
Kyrie Irving,2022-23,30,2TM,60,2241,22.4,4.1,3.5,7.4,.159
Kyrie Irving,2022-23,30,BRK,40,1478,21.6,3.8,2.2,4.3,.140
Kyrie Irving,2022-23,30,DAL,20,763,24.0,4.9,1.3,3.1,.198
Kyrie Irving,2023-24,31,DAL,58,2030,21.9,4.9,3.6,6.9,.163
Kyrie Irving,2024-25,32,DAL,50,1804,19.9,3.4,2.5,4.6,.124
Jonathan Isaac,2017-18,20,ORL,27,536,9.8,-1.4,0.1,0.2,.021
Jonathan Isaac,2018-19,21,ORL,75,1996,13.0,-0.4,0.8,4.0,.096
Jonathan Isaac,2019-20,22,ORL,34,980,17.3,2.3,1.1,2.5,.120
Jonathan Isaac,2020-21,,Did not play - injury,,,,,,,
Jonathan Isaac,2021-22,,Did not play - injury,,,,,,,
Jonathan Isaac,2022-23,25,ORL,11,124,20.3,4.0,0.2,0.3,.130
Jonathan Isaac,2023-24,26,ORL,58,914,19.2,3.8,1.4,3.6,.188
Jonathan Isaac,2024-25,27,ORL,71,1090,16.6,0.7,0.7,3.4,.148
Dan Issel,1970-71,22,KEN,83,3274,25.0,,,10.7,.157
Dan Issel,1971-72,23,KEN,83,3570,23.3,,,13.5,.181
Dan Issel,1972-73,24,KEN,84,3531,23.5,,,15.8,.214
Dan Issel,1973-74,25,KEN,83,3347,20.7,2.6,3.9,13.8,.197
Dan Issel,1974-75,26,KEN,83,2864,16.9,1.7,2.6,9.3,.156
Dan Issel,1975-76,27,DNA,84,2856,21.8,2.4,3.2,12.5,.209
Dan Issel,1976-77,28,DEN,79,2507,21.2,2.7,3.0,10.9,.208
Dan Issel,1977-78,29,DEN,82,2851,21.5,3.0,3.6,11.1,.186
Dan Issel,1978-79,30,DEN,81,2742,18.3,2.4,3.1,9.8,.172
Dan Issel,1979-80,31,DEN,82,2938,22.2,3.3,3.9,11.5,.188
Dan Issel,1980-81,32,DEN,80,2641,21.7,2.7,3.1,10.5,.190
Dan Issel,1981-82,33,DEN,81,2472,23.1,2.2,2.6,9.8,.190
Dan Issel,1982-83,34,DEN,80,2431,21.6,2.1,2.5,8.4,.165
Dan Issel,1983-84,35,DEN,76,2076,21.1,1.2,1.7,6.1,.141
Dan Issel,1984-85,36,DEN,77,1684,16.9,-0.3,0.7,4.3,.124
Mike Iuzzolino,1991-92,24,DAL,52,1280,13.3,-1.1,0.3,2.2,.081
Mike Iuzzolino,1992-93,25,DAL,70,1769,12.7,-2.5,-0.2,1.5,.041
Allen Iverson,1996-97,21,PHI,76,3045,18.0,0.9,2.2,4.1,.065
Allen Iverson,1997-98,22,PHI,80,3150,20.4,3.6,4.5,9.0,.138
Allen Iverson,1998-99,23,PHI,48,1990,22.2,5.7,3.9,7.2,.173
Allen Iverson,1999-00,24,PHI,70,2853,20.0,3.2,3.8,6.9,.116
Allen Iverson,2000-01,25,PHI,71,2979,24.0,6.1,6.1,11.8,.190
Allen Iverson,2001-02,26,PHI,60,2622,21.9,4.8,4.5,6.9,.126
Allen Iverson,2002-03,27,PHI,82,3485,21.2,3.5,4.8,9.2,.127
Allen Iverson,2003-04,28,PHI,48,2040,19.3,2.1,2.1,2.8,.066
Allen Iverson,2004-05,29,PHI,75,3174,23.2,4.2,5.0,9.0,.136
Allen Iverson,2005-06,30,PHI,72,3103,25.9,4.8,5.3,10.6,.165
Allen Iverson,2006-07,31,2TM,65,2761,19.6,1.8,2.6,6.2,.108
Allen Iverson,2006-07,31,PHI,15,640,23.5,3.9,1.0,1.6,.119
Allen Iverson,2006-07,31,DEN,50,2121,18.4,1.1,1.7,4.6,.105
Allen Iverson,2007-08,32,DEN,82,3424,20.9,2.7,4.0,11.6,.163
Allen Iverson,2008-09,33,2TM,57,2093,15.8,0.2,1.1,2.9,.066
Allen Iverson,2008-09,33,DEN,3,123,15.2,0.3,0.1,0.2,.087
Allen Iverson,2008-09,33,DET,54,1970,15.9,0.2,1.1,2.7,.065
Allen Iverson,2009-10,34,2TM,28,865,13.4,-3.0,-0.2,0.7,.037
Allen Iverson,2009-10,34,MEM,3,67,16.9,-1.4,0.0,0.1,.074
Allen Iverson,2009-10,34,PHI,25,798,13.1,-3.1,-0.2,0.6,.034
Allen Iverson,2010-11,,Did not play - other pro league,,,,,,,
Willie Iverson,1968-69,23,MMF,28,531,4.7,,,-0.1,-0.005
Jaden Ivey,2022-23,20,DET,74,2304,12.1,-3.3,-0.7,0.0,-0.001
Jaden Ivey,2023-24,21,DET,77,2217,12.4,-3.1,-0.6,0.5,.010
Jaden Ivey,2024-25,22,DET,30,898,14.7,0.0,0.5,1.2,.062
Royal Ivey,2004-05,23,ATL,62,809,8.9,-5.5,-0.7,0.2,.009
Royal Ivey,2005-06,24,ATL,73,978,8.4,-4.6,-0.6,0.7,.034
Royal Ivey,2006-07,25,ATL,53,539,9.6,-3.8,-0.2,0.3,.030
Royal Ivey,2007-08,26,MIL,75,1437,8.8,-4.4,-0.9,0.5,.018
Royal Ivey,2008-09,27,PHI,71,861,7.6,-2.2,0.0,0.9,.052
Royal Ivey,2009-10,28,2TM,44,326,11.0,-0.7,0.1,0.6,.086
Royal Ivey,2009-10,28,PHI,26,236,12.6,0.3,0.1,0.6,.117
Royal Ivey,2009-10,28,MIL,18,90,6.8,-3.3,0.0,0.0,.003
Royal Ivey,2010-11,29,OKC,25,155,8.2,-2.3,0.0,0.2,.060
Royal Ivey,2011-12,30,OKC,34,354,4.7,-3.7,-0.1,0.2,.025
Royal Ivey,2012-13,31,PHI,53,698,8.1,-2.8,-0.1,1.0,.066
Royal Ivey,2013-14,32,OKC,2,5,-16.5,-27.7,0.0,0.0,-0.362
Elvin Ivory,1968-69,20,LAS,20,188,14.9,,,0.1,.038
Wes Iwundu,2017-18,23,ORL,62,1020,7.8,-4.3,-0.6,0.7,.032
Wes Iwundu,2018-19,24,ORL,68,1233,8.7,-3.2,-0.4,1.9,.073
Wes Iwundu,2019-20,25,ORL,52,953,10.3,-2.6,-0.2,1.7,.084
Wes Iwundu,2020-21,26,2TM,41,539,4.3,-6.3,-0.6,0.0,-0.003
Wes Iwundu,2020-21,26,DAL,23,288,4.9,-4.9,-0.2,0.1,.015
Wes Iwundu,2020-21,26,NOP,18,251,3.7,-7.9,-0.4,-0.1,-0.025
Wes Iwundu,2021-22,27,ATL,3,82,7.1,-6.8,-0.1,0.1,.046
Warren Jabali,1968-69,22,OAK,71,2545,17.2,,,5.8,.109
Warren Jabali,1969-70,23,WSA,40,1510,17.0,,,2.6,.082
Warren Jabali,1970-71,24,INA,62,1586,10.9,,,3.5,.105
Warren Jabali,1971-72,25,FLO,81,3313,15.5,,,7.3,.106
Warren Jabali,1972-73,26,DNR,82,2738,20.6,,,10.7,.187
Warren Jabali,1973-74,27,DNR,49,1711,15.8,1.4,1.5,3.2,.089
Warren Jabali,1974-75,28,SDA,62,1861,13.9,0.0,1.0,2.1,.054
Jarrett Jack,2005-06,22,POR,79,1599,12.3,-3.1,-0.4,1.2,.035
Jarrett Jack,2006-07,23,POR,79,2651,14.5,-0.7,0.9,4.8,.087
Jarrett Jack,2007-08,24,POR,82,2229,13.0,-1.2,0.5,3.2,.069
Jarrett Jack,2008-09,25,IND,82,2716,13.1,-1.4,0.4,4.1,.073
Jarrett Jack,2009-10,26,TOR,82,2243,16.3,0.4,1.4,4.8,.102
Jarrett Jack,2010-11,27,2TM,83,1722,14.2,-0.7,0.5,2.4,.066
Jarrett Jack,2010-11,27,TOR,13,347,12.6,-2.6,-0.1,0.0,.002
Jarrett Jack,2010-11,27,NOH,70,1375,14.6,-0.3,0.6,2.4,.082
Jarrett Jack,2011-12,28,NOH,45,1530,17.9,1.6,1.4,3.8,.119
Jarrett Jack,2012-13,29,GSW,79,2349,15.9,0.5,1.4,5.6,.115
Jarrett Jack,2013-14,30,CLE,80,2252,11.5,-2.1,-0.1,2.3,.049
Jarrett Jack,2014-15,31,BRK,80,2241,14.6,-1.1,0.5,2.6,.055
Jarrett Jack,2015-16,32,BRK,32,1027,14.5,-0.7,0.3,0.9,.043
Jarrett Jack,2016-17,33,NOP,2,33,7.7,-1.4,0.0,0.0,.060
Jarrett Jack,2017-18,34,NYK,62,1548,11.5,-2.8,-0.3,1.2,.036
Aaron Jackson,2017-18,31,HOU,1,35,2.4,-8.9,-0.1,0.0,-0.017
Al Jackson,1967-68,24,CIN,2,17,-9.2,,,-0.1,-0.199
Andre Jackson Jr.,2023-24,22,MIL,57,572,8.5,-3.6,-0.2,1.0,.081
Andre Jackson Jr.,2024-25,23,MIL,67,980,8.6,-3.4,-0.3,1.2,.059
Bobby Jackson,1997-98,24,DEN,68,2042,13.6,-2.6,-0.3,-0.6,-0.014
Bobby Jackson,1998-99,25,MIN,50,941,14.4,-0.4,0.4,1.2,.062
Bobby Jackson,1999-00,26,MIN,73,1034,14.6,0.3,0.6,2.2,.101
Bobby Jackson,2000-01,27,SAC,79,1648,13.1,0.1,0.9,3.1,.091
Bobby Jackson,2001-02,28,SAC,81,1750,17.3,2.1,1.8,5.4,.148
Bobby Jackson,2002-03,29,SAC,59,1676,18.4,2.9,2.1,5.5,.157
Bobby Jackson,2003-04,30,SAC,50,1185,19.2,2.1,1.2,3.1,.124
Bobby Jackson,2004-05,31,SAC,25,536,18.0,1.3,0.5,1.4,.126
Bobby Jackson,2005-06,32,MEM,71,1775,14.6,0.4,1.1,3.5,.095
Bobby Jackson,2006-07,33,NOK,56,1330,15.1,0.6,0.8,2.5,.088
Bobby Jackson,2007-08,34,2TM,72,1389,13.5,0.6,0.9,3.0,.105
Bobby Jackson,2007-08,34,NOH,46,891,12.9,0.5,0.6,1.9,.100
Bobby Jackson,2007-08,34,HOU,26,498,14.6,0.7,0.3,1.2,.114
Bobby Jackson,2008-09,35,SAC,71,1484,12.4,-1.8,0.1,1.2,.038
Cedric Jackson,2009-10,23,3TM,12,74,5.5,-6.8,-0.1,-0.2,-0.111
Cedric Jackson,2009-10,23,CLE,5,10,-6.6,-14.9,0.0,-0.1,-0.336
Cedric Jackson,2009-10,23,SAS,3,25,19.2,6.6,0.1,0.1,.124
Cedric Jackson,2009-10,23,WAS,4,39,-0.2,-13.3,-0.1,-0.2,-0.204
Darnell Jackson,2008-09,23,CLE,51,430,7.2,-5.2,-0.4,0.8,.094
Darnell Jackson,2009-10,24,2TM,28,123,-0.1,-11.8,-0.3,-0.3,-0.104
Darnell Jackson,2009-10,24,CLE,27,114,0.4,-10.5,-0.2,-0.2,-0.094
Darnell Jackson,2009-10,24,MIL,1,9,-6.3,-27.9,-0.1,0.0,-0.227
Darnell Jackson,2010-11,25,SAC,59,486,12.3,-3.5,-0.2,0.7,.069
Demetrius Jackson,2016-17,22,BOS,5,17,30.8,9.8,0.1,0.1,.386
Demetrius Jackson,2017-18,23,2TM,15,80,5.4,-5.2,-0.1,-0.1,-0.047
Demetrius Jackson,2017-18,23,HOU,12,63,0.2,-8.5,-0.1,-0.2,-0.140
Demetrius Jackson,2017-18,23,PHI,3,17,24.5,7.3,0.0,0.1,.298
Demetrius Jackson,2018-19,24,PHI,6,39,21.0,4.5,0.1,0.2,.231
Frank Jackson,2017-18,,Did not play - injury,,,,,,,
Frank Jackson,2018-19,20,NOP,61,1169,9.4,-4.6,-0.8,0.4,.018
Frank Jackson,2019-20,21,NOP,59,797,9.1,-5.5,-0.7,0.2,.010
Frank Jackson,2020-21,22,DET,40,738,13.2,-1.7,0.1,1.2,.076
Frank Jackson,2021-22,23,DET,53,1164,10.6,-3.5,-0.4,0.7,.031
Frank Jackson,2022-23,24,UTA,1,5,-6.8,-22.2,0.0,0.0,-0.378
Frank Jackson,2023-24,,Did not play - other pro league,,,,,,,
Greg Jackson,1974-75,22,2TM,49,802,7.6,-4.6,-0.6,-0.1,-0.005
Greg Jackson,1974-75,22,NYK,5,27,6.7,-4.7,0.0,0.0,-0.040
Greg Jackson,1974-75,22,PHO,44,775,7.6,-4.6,-0.5,-0.1,-0.003
GG Jackson II,2023-24,19,MEM,48,1233,13.7,-2.0,0.0,1.2,.048
GG Jackson II,2024-25,20,MEM,29,459,9.3,-5.3,-0.4,0.1,.009
Isaiah Jackson,2021-22,20,IND,36,541,20.5,-1.6,0.0,1.4,.126
Isaiah Jackson,2022-23,21,IND,63,1042,17.5,-0.8,0.3,2.7,.124
Isaiah Jackson,2023-24,22,IND,59,771,21.5,1.7,0.7,3.3,.204
Isaiah Jackson,2024-25,23,IND,5,84,18.2,0.8,0.1,0.3,.153
Jaren Jackson,1989-90,22,NJN,28,160,10.8,-3.3,0.0,-0.1,-0.031
Jaren Jackson,1990-91,,Did not play - other pro league,,,,,,,
Jaren Jackson,1991-92,24,GSW,5,54,12.2,-3.8,0.0,0.1,.046
Jaren Jackson,1992-93,25,LAC,34,350,11.3,-1.8,0.0,0.4,.061
Jaren Jackson,1993-94,26,POR,29,187,9.5,-4.4,-0.1,0.0,.000
Jaren Jackson,1994-95,27,PHI,21,257,8.7,-3.3,-0.1,0.0,.006
Jaren Jackson,1995-96,28,HOU,4,33,1.5,-12.2,-0.1,0.0,-0.049
Jaren Jackson,1996-97,29,WSB,75,1133,10.1,-1.4,0.1,1.6,.067
Jaren Jackson,1997-98,30,SAS,82,2226,9.7,-1.5,0.3,4.1,.088
Jaren Jackson,1998-99,31,SAS,47,861,12.5,1.0,0.7,2.1,.119
Jaren Jackson,1999-00,32,SAS,81,1691,9.7,-0.5,0.6,3.1,.087
Jaren Jackson,2000-01,33,SAS,16,114,10.4,-1.7,0.0,0.2,.087
Jaren Jackson,2001-02,34,ORL,9,144,7.2,-3.7,-0.1,0.0,.015
Jaren Jackson Jr.,2018-19,19,MEM,58,1515,16.4,-0.3,0.7,3.3,.105
Jaren Jackson Jr.,2019-20,20,MEM,57,1622,16.3,0.4,1.0,3.5,.103
Jaren Jackson Jr.,2020-21,21,MEM,11,258,18.0,0.1,0.1,0.7,.123
Jaren Jackson Jr.,2021-22,22,MEM,78,2126,17.0,-0.1,1.0,5.4,.121
Jaren Jackson Jr.,2022-23,23,MEM,63,1787,21.6,2.8,2.2,6.6,.177
Jaren Jackson Jr.,2023-24,24,MEM,66,2124,17.4,0.4,1.3,3.0,.067
Jaren Jackson Jr.,2024-25,25,MEM,74,2207,19.6,2.3,2.4,6.4,.139
Jermaine Jackson,1999-00,23,DET,7,73,-1.5,-8.9,-0.1,-0.2,-0.150
Jermaine Jackson,2000-01,,Did not play - other pro league,,,,,,,
Jermaine Jackson,2001-02,25,TOR,24,280,12.3,-1.6,0.0,0.6,.110
Jermaine Jackson,2002-03,26,2TM,53,559,9.0,-3.9,-0.3,0.2,.016
Jermaine Jackson,2002-03,26,TOR,24,286,8.2,-4.9,-0.2,-0.1,-0.017
Jermaine Jackson,2002-03,26,ATL,29,273,9.9,-2.8,-0.1,0.3,.051
Jermaine Jackson,2003-04,,Did not play - other pro league,,,,,,,
Jermaine Jackson,2004-05,28,NYK,21,230,8.0,-3.3,-0.1,0.2,.046
Jermaine Jackson,2005-06,29,MIL,30,202,8.2,-2.7,0.0,0.2,.047
Jim Jackson,1992-93,22,DAL,28,938,11.0,-4.5,-0.6,-1.6,-0.081
Jim Jackson,1993-94,23,DAL,82,3066,14.4,-1.7,0.2,0.6,.009
Jim Jackson,1994-95,24,DAL,51,1982,18.9,2.0,2.0,4.9,.118
Jim Jackson,1995-96,25,DAL,82,2820,16.6,-0.3,1.2,5.4,.092
Jim Jackson,1996-97,26,2TM,77,2831,15.1,-0.1,1.3,4.4,.075
Jim Jackson,1996-97,26,DAL,46,1676,15.2,-0.1,0.8,2.8,.081
Jim Jackson,1996-97,26,NJN,31,1155,15.0,-0.2,0.5,1.6,.066
Jim Jackson,1997-98,27,2TM,79,3046,13.2,-1.6,0.3,2.5,.039
Jim Jackson,1997-98,27,PHI,48,1788,13.1,-1.5,0.2,2.3,.062
Jim Jackson,1997-98,27,GSW,31,1258,13.2,-1.7,0.1,0.2,.007
Jim Jackson,1998-99,28,POR,49,1175,13.1,0.0,0.6,2.5,.101
Jim Jackson,1999-00,29,ATL,79,2767,14.3,-0.8,0.8,2.8,.049
Jim Jackson,2000-01,30,2TM,56,1690,10.7,-3.4,-0.6,0.1,.003
Jim Jackson,2000-01,30,ATL,17,550,12.7,-1.9,0.0,0.4,.031
Jim Jackson,2000-01,30,CLE,39,1140,9.7,-4.2,-0.6,-0.2,-0.010
Jim Jackson,2001-02,31,MIA,55,1825,11.3,-1.0,0.5,2.8,.073
Jim Jackson,2002-03,32,SAC,63,1309,12.4,-1.5,0.2,2.5,.090
Jim Jackson,2003-04,33,HOU,80,3119,12.2,0.6,2.1,6.6,.102
Jim Jackson,2004-05,34,2TM,64,1987,10.9,-0.5,0.8,3.2,.077
Jim Jackson,2004-05,34,HOU,24,990,10.5,0.1,0.5,1.5,.075
Jim Jackson,2004-05,34,PHO,40,997,11.4,-1.2,0.2,1.6,.079
Jim Jackson,2005-06,35,2TM,40,512,3.0,-6.5,-0.6,-0.8,-0.078
Jim Jackson,2005-06,35,PHO,27,420,3.2,-6.0,-0.4,-0.7,-0.075
Jim Jackson,2005-06,35,LAL,13,92,2.1,-8.9,-0.2,-0.2,-0.089
Josh Jackson,2017-18,20,PHO,77,1959,11.8,-4.2,-1.1,-0.7,-0.018
Josh Jackson,2018-19,21,PHO,79,1988,10.6,-4.6,-1.3,-1.7,-0.040
Josh Jackson,2019-20,22,MEM,22,381,14.1,0.1,0.2,0.5,.069
Josh Jackson,2020-21,23,DET,62,1560,12.0,-3.0,-0.4,0.1,.004
Josh Jackson,2021-22,24,2TM,51,830,9.5,-4.5,-0.5,0.0,.001
Josh Jackson,2021-22,24,DET,39,707,9.9,-3.7,-0.3,0.2,.013
Josh Jackson,2021-22,24,SAC,12,123,7.1,-9.2,-0.2,-0.2,-0.067
Justin Jackson,2017-18,22,SAC,68,1506,9.2,-3.5,-0.6,1.0,.031
Justin Jackson,2018-19,23,2TM,81,1614,11.3,-1.6,0.2,2.9,.086
Justin Jackson,2018-19,23,SAC,52,1083,10.1,-1.9,0.0,1.6,.072
Justin Jackson,2018-19,23,DAL,29,531,13.9,-1.0,0.1,1.3,.114
Justin Jackson,2019-20,24,DAL,65,1045,9.5,-3.4,-0.4,1.2,.054
Justin Jackson,2020-21,25,2TM,34,577,10.4,-3.5,-0.2,0.2,.018
Justin Jackson,2020-21,25,OKC,33,544,10.7,-3.2,-0.2,0.2,.019
Justin Jackson,2020-21,25,MIL,1,33,5.8,-8.0,0.0,0.0,.006
Justin Jackson,2021-22,26,2TM,7,37,7.7,-3.3,0.0,0.0,.032
Justin Jackson,2021-22,26,BOS,1,2,22.7,-2.5,0.0,0.0,.251
Justin Jackson,2021-22,26,PHO,6,35,6.8,-3.4,0.0,0.0,.019
Justin Jackson,2022-23,27,BOS,23,107,6.3,-2.6,0.0,0.1,.025
Justin Jackson,2023-24,28,MIN,2,1,0.0,-7.5,0.0,0.0,.031
Luke Jackson,1964-65,23,PHI,76,2590,15.2,,,4.8,.088
Luke Jackson,1965-66,24,PHI,79,1966,12.3,,,3.6,.088
Luke Jackson,1966-67,25,PHI,81,2377,12.3,,,4.2,.084
Luke Jackson,1967-68,26,PHI,82,2570,12.4,,,5.1,.095
Luke Jackson,1968-69,27,PHI,25,840,14.2,,,1.7,.097
Luke Jackson,1969-70,28,PHI,37,583,11.9,,,0.8,.065
Luke Jackson,1970-71,29,PHI,79,1774,10.9,,,1.4,.037
Luke Jackson,1971-72,30,PHI,63,1083,11.1,,,0.8,.036
Luke Jackson,2004-05,23,CLE,10,43,16.3,0.5,0.0,0.1,.085
Luke Jackson,2005-06,24,CLE,36,315,7.9,-4.0,-0.2,0.0,-0.003
Luke Jackson,2006-07,25,2TM,13,138,10.3,-3.8,-0.1,0.1,.043
Luke Jackson,2006-07,25,LAC,3,16,-6.0,-13.2,0.0,-0.1,-0.273
Luke Jackson,2006-07,25,TOR,10,122,12.5,-2.6,0.0,0.2,.084
Luke Jackson,2007-08,26,MIA,14,228,9.1,-3.9,-0.1,0.0,-0.004
Marc Jackson,1997-98,,Did not play - other pro league,,,,,,,
Marc Jackson,1998-99,,Did not play - other pro league,,,,,,,
Marc Jackson,1999-00,,Did not play - other pro league,,,,,,,
Marc Jackson,2000-01,26,GSW,48,1410,16.1,-1.6,0.2,2.6,.089
Marc Jackson,2001-02,27,2TM,39,495,11.1,-4.3,-0.3,0.6,.059
Marc Jackson,2001-02,27,GSW,17,169,14.9,-2.3,0.0,0.3,.093
Marc Jackson,2001-02,27,MIN,22,326,9.2,-5.3,-0.3,0.3,.042
Marc Jackson,2002-03,28,MIN,77,1041,13.4,-3.3,-0.3,2.0,.092
Marc Jackson,2003-04,29,PHI,22,598,13.2,-2.2,0.0,1.3,.100
Marc Jackson,2004-05,30,PHI,81,1976,15.9,-1.8,0.1,4.6,.111
Marc Jackson,2005-06,31,2TM,64,1027,12.5,-4.2,-0.6,1.2,.057
Marc Jackson,2005-06,31,NJN,37,433,10.7,-4.6,-0.3,0.6,.061
Marc Jackson,2005-06,31,NOK,27,594,13.9,-3.9,-0.3,0.7,.054
Marc Jackson,2006-07,32,NOK,56,1025,11.9,-3.7,-0.4,0.7,.033
Mark Jackson,1987-88,22,NYK,82,3249,15.7,2.7,3.9,7.6,.113
Mark Jackson,1988-89,23,NYK,72,2477,18.3,3.5,3.4,7.2,.140
Mark Jackson,1989-90,24,NYK,82,2428,14.3,0.4,1.5,3.7,.074
Mark Jackson,1990-91,25,NYK,72,1595,18.2,2.5,1.8,4.2,.126
Mark Jackson,1991-92,26,NYK,81,2461,17.8,3.6,3.5,7.6,.149
Mark Jackson,1992-93,27,LAC,82,3117,16.6,1.9,3.1,7.9,.122
Mark Jackson,1993-94,28,LAC,79,2711,14.8,-0.1,1.3,4.1,.072
Mark Jackson,1994-95,29,IND,82,2402,14.0,1.2,1.9,4.5,.090
Mark Jackson,1995-96,30,IND,81,2643,15.9,2.7,3.1,7.2,.130
Mark Jackson,1996-97,31,2TM,82,3054,15.7,1.1,2.4,6.1,.097
Mark Jackson,1996-97,31,DEN,52,2001,16.2,0.7,1.4,4.0,.097
Mark Jackson,1996-97,31,IND,30,1053,14.8,1.8,1.0,2.1,.096
Mark Jackson,1997-98,32,IND,82,2413,17.2,3.1,3.1,7.5,.150
Mark Jackson,1998-99,33,IND,49,1382,17.9,3.0,1.8,3.8,.134
Mark Jackson,1999-00,34,IND,81,2190,17.7,3.1,2.8,6.7,.146
Mark Jackson,2000-01,35,2TM,83,2588,14.9,1.0,2.0,5.9,.110
Mark Jackson,2000-01,35,TOR,54,1802,16.3,1.8,1.7,4.7,.125
Mark Jackson,2000-01,35,NYK,29,786,11.8,-0.6,0.3,1.2,.074
Mark Jackson,2001-02,36,NYK,82,2367,16.3,1.6,2.1,6.0,.123
Mark Jackson,2002-03,37,UTA,82,1467,12.2,-1.7,0.1,1.1,.037
Mark Jackson,2003-04,38,HOU,42,577,8.9,-3.5,-0.2,0.4,.034
Merv Jackson,1968-69,22,LAS,71,2314,13.6,,,3.1,.064
Merv Jackson,1969-70,23,LAS,52,1118,8.2,,,-0.2,-0.009
Merv Jackson,1970-71,24,UTS,65,1902,13.1,,,3.1,.079
Merv Jackson,1971-72,25,UTS,52,1136,11.7,,,1.8,.075
Merv Jackson,1972-73,26,MMT,22,420,5.8,,,-0.2,-0.027
Michael Jackson,1987-88,23,SAC,58,760,7.8,-4.9,-0.6,-0.2,-0.011
Michael Jackson,1988-89,24,SAC,14,70,6.7,-5.9,-0.1,0.0,-0.008
Michael Jackson,1989-90,25,SAC,17,58,8.1,-2.3,0.0,0.0,-0.016
Mike Jackson,1972-73,23,UTS,30,191,8.6,,,0.2,.050
Mike Jackson,1973-74,24,2TM,72,1474,13.2,-3.3,-0.5,2.4,.078
Mike Jackson,1973-74,24,UTS,33,677,11.7,-4.6,-0.4,0.7,.053
Mike Jackson,1973-74,24,MMT,39,797,14.5,-2.1,0.0,1.6,.099
Mike Jackson,1974-75,25,VIR,82,2023,13.9,-2.2,-0.1,3.1,.073
Mike Jackson,1975-76,26,VIR,80,2230,13.2,-2.4,-0.2,3.4,.072
Myron Jackson,1986-87,22,DAL,8,22,10.6,-5.6,0.0,0.0,-0.104
Phil Jackson,1967-68,22,NYK,75,1093,10.6,,,0.5,.024
Phil Jackson,1968-69,23,NYK,47,924,10.6,,,1.7,.087
Phil Jackson,1969-70,,Did not play - injury,,,,,,,
Phil Jackson,1970-71,25,NYK,71,771,13.2,,,2.5,.159
Phil Jackson,1971-72,26,NYK,80,1273,13.7,,,3.2,.121
Phil Jackson,1972-73,27,NYK,80,1393,14.8,,,4.2,.146
Phil Jackson,1973-74,28,NYK,82,2050,15.0,0.3,1.2,5.6,.131
Phil Jackson,1974-75,29,NYK,78,2285,13.7,-0.4,0.9,4.8,.102
Phil Jackson,1975-76,30,NYK,80,1461,11.8,-1.7,0.1,2.5,.082
Phil Jackson,1976-77,31,NYK,76,1033,9.4,-2.3,-0.1,0.9,.043
Phil Jackson,1977-78,32,NYK,63,654,8.1,-1.8,0.0,0.8,.058
Phil Jackson,1978-79,33,NJN,59,1070,10.7,-1.5,0.1,1.9,.086
Phil Jackson,1979-80,34,NJN,16,194,10.7,-1.7,0.0,0.5,.121
Pierre Jackson,2016-17,25,DAL,8,84,13.0,-4.4,-0.1,0.0,.021
Quenton Jackson,2022-23,24,WAS,9,135,12.2,-5.1,-0.1,0.2,.078
Quenton Jackson,2023-24,25,IND,3,11,16.1,3.3,0.0,0.0,.203
Quenton Jackson,2024-25,26,IND,28,381,14.7,-0.3,0.2,1.0,.126
Ralph Jackson,1984-85,22,IND,1,12,15.6,4.3,0.0,0.0,.069
Randell Jackson,1998-99,23,WAS,27,271,11.6,-5.6,-0.2,-0.1,-0.014
Randell Jackson,1999-00,24,DAL,1,1,0.0,-6.3,0.0,0.0,-0.025
Reggie Jackson,2011-12,21,OKC,45,501,9.2,-3.6,-0.2,0.1,.011
Reggie Jackson,2012-13,22,OKC,70,993,14.2,0.1,0.5,2.5,.121
Reggie Jackson,2013-14,23,OKC,80,2277,15.4,0.1,1.2,4.9,.104
Reggie Jackson,2014-15,24,2TM,77,2268,17.2,1.1,1.8,4.9,.104
Reggie Jackson,2014-15,24,OKC,50,1398,15.6,0.7,0.9,2.9,.101
Reggie Jackson,2014-15,24,DET,27,870,19.8,1.9,0.9,2.0,.110
Reggie Jackson,2015-16,25,DET,79,2424,19.6,2.7,2.8,6.9,.136
Reggie Jackson,2016-17,26,DET,52,1424,14.9,-1.0,0.4,1.9,.065
Reggie Jackson,2017-18,27,DET,45,1201,15.9,-0.4,0.5,2.0,.078
Reggie Jackson,2018-19,28,DET,82,2289,15.2,0.4,1.4,5.0,.105
Reggie Jackson,2019-20,29,2TM,31,743,13.7,-0.4,0.3,1.1,.073
Reggie Jackson,2019-20,29,DET,14,381,14.7,-0.5,0.1,0.4,.047
Reggie Jackson,2019-20,29,LAC,17,362,12.6,-0.3,0.2,0.8,.100
Reggie Jackson,2020-21,30,LAC,67,1544,14.2,0.4,0.9,3.7,.115
Reggie Jackson,2021-22,31,LAC,75,2337,12.1,-3.0,-0.6,0.4,.008
Reggie Jackson,2022-23,32,2TM,68,1657,10.0,-3.9,-0.8,0.6,.018
Reggie Jackson,2022-23,32,LAC,52,1338,10.3,-3.7,-0.6,0.6,.020
Reggie Jackson,2022-23,32,DEN,16,319,9.0,-5.1,-0.3,0.1,.008
Reggie Jackson,2023-24,33,DEN,82,1817,11.7,-3.2,-0.6,2.1,.056
Reggie Jackson,2024-25,34,PHI,31,384,9.8,-4.0,-0.2,0.1,.015
Stanley Jackson,1993-94,23,MIN,17,92,17.8,1.5,0.1,0.2,.102
Stephen Jackson,1997-98,,Did not play - other pro league,,,,,,,
Stephen Jackson,1998-99,,Did not play - other pro league,,,,,,,
Stephen Jackson,1999-00,,Did not play - other pro league,,,,,,,
Stephen Jackson,2000-01,22,NJN,77,1660,12.1,-1.6,0.2,0.9,.026
Stephen Jackson,2001-02,23,SAS,23,227,7.9,-3.3,-0.1,-0.1,-0.024
Stephen Jackson,2002-03,24,SAS,80,2254,14.5,0.9,1.7,4.8,.102
Stephen Jackson,2003-04,25,ATL,80,2940,16.1,0.1,1.5,4.4,.072
Stephen Jackson,2004-05,26,IND,51,1806,15.9,0.3,1.1,3.1,.082
Stephen Jackson,2005-06,27,IND,81,2910,13.6,-0.1,1.4,4.4,.073
Stephen Jackson,2006-07,28,2TM,75,2479,14.4,-0.6,0.9,4.1,.079
Stephen Jackson,2006-07,28,IND,37,1186,13.1,-0.9,0.3,1.7,.069
Stephen Jackson,2006-07,28,GSW,38,1293,15.7,-0.3,0.5,2.4,.089
Stephen Jackson,2007-08,29,GSW,73,2855,14.9,-0.2,1.3,4.6,.077
Stephen Jackson,2008-09,30,GSW,59,2339,16.1,-0.3,1.0,2.2,.045
Stephen Jackson,2009-10,31,2TM,81,3129,15.6,0.4,1.9,5.0,.077
Stephen Jackson,2009-10,31,GSW,9,300,14.5,-1.3,0.1,0.0,.008
Stephen Jackson,2009-10,31,CHA,72,2829,15.7,0.6,1.8,5.0,.085
Stephen Jackson,2010-11,32,CHA,67,2405,14.6,-0.5,0.9,1.9,.039
Stephen Jackson,2011-12,33,2TM,47,1212,10.7,-2.3,-0.1,0.6,.025
Stephen Jackson,2011-12,33,MIL,26,712,8.9,-3.9,-0.3,-0.3,-0.019
Stephen Jackson,2011-12,33,SAS,21,500,13.1,-0.1,0.2,0.9,.086
Stephen Jackson,2012-13,34,SAS,55,1075,8.0,-3.5,-0.4,0.3,.013
Stephen Jackson,2013-14,35,LAC,9,107,0.1,-6.6,-0.1,-0.2,-0.099
Tony Jackson,1961-62,,Did not play - suspended,,,,,,,
Tony Jackson,1962-63,,Did not play - suspended,,,,,,,
Tony Jackson,1963-64,,Did not play - suspended,,,,,,,
Tony Jackson,1964-65,,Did not play - suspended,,,,,,,
Tony Jackson,1965-66,,Did not play - suspended,,,,,,,
Tony Jackson,1966-67,,Did not play - suspended,,,,,,,
Tony Jackson,1967-68,25,NJA,74,2638,18.6,,,7.3,.133
Tony Jackson,1968-69,26,3TM,64,1453,14.8,,,3.2,.105
Tony Jackson,1968-69,26,NYA,3,20,-1.8,,,-0.1,-0.122
Tony Jackson,1968-69,26,MNP,1,10,-4.0,,,0.0,-0.165
Tony Jackson,1968-69,26,HSM,60,1423,15.2,,,3.3,.110
Tony Jackson,1980-81,23,LAL,2,14,12.9,-3.6,0.0,0.0,.124
Tracy Jackson,1981-82,22,2TM,49,478,11.8,-2.4,0.0,0.7,.072
Tracy Jackson,1981-82,22,BOS,11,66,9.8,-3.8,0.0,0.0,.012
Tracy Jackson,1981-82,22,CHI,38,412,12.2,-2.2,0.0,0.7,.081
Tracy Jackson,1982-83,23,CHI,78,1309,11.9,-1.2,0.3,1.7,.062
Tracy Jackson,1983-84,24,IND,2,10,7.7,-4.9,0.0,0.0,.057
Wardell Jackson,1974-75,23,SEA,56,939,7.0,-4.9,-0.7,0.3,.015
Trayce Jackson-Davis,2023-24,23,GSW,68,1130,21.6,2.8,1.4,4.8,.205
Trayce Jackson-Davis,2024-25,24,GSW,62,967,18.5,1.2,0.8,3.4,.167
Fred Jacobs,1946-47,24,STB,18,,,,,0.7,
Casey Jacobsen,2002-03,21,PHO,72,1147,9.2,-2.3,-0.1,1.2,.051
Casey Jacobsen,2003-04,22,PHO,78,1828,9.6,-1.8,0.1,2.6,.068
Casey Jacobsen,2004-05,23,2TM,84,1798,10.3,-1.6,0.2,2.7,.071
Casey Jacobsen,2004-05,23,PHO,40,768,8.4,-1.9,0.0,1.1,.067
Casey Jacobsen,2004-05,23,NOH,44,1030,11.7,-1.4,0.2,1.6,.074
Casey Jacobsen,2005-06,,Did not play - other pro league,,,,,,,
Casey Jacobsen,2006-07,,Did not play - other pro league,,,,,,,
Casey Jacobsen,2007-08,26,MEM,53,547,4.5,-5.6,-0.5,-0.3,-0.023
Sam Jacobson,1998-99,23,LAL,2,12,20.6,-4.2,0.0,0.0,.185
Sam Jacobson,1999-00,24,2TM,52,681,11.1,-3.9,-0.3,0.9,.063
Sam Jacobson,1999-00,24,LAL,3,18,14.1,-4.0,0.0,0.0,-0.006
Sam Jacobson,1999-00,24,GSW,49,663,11.0,-3.9,-0.3,0.9,.065
Sam Jacobson,2000-01,25,MIN,14,59,10.7,-4.3,0.0,0.2,.147
Dave Jamerson,1990-91,23,HOU,37,202,12.2,-3.6,-0.1,0.1,.026
Dave Jamerson,1991-92,24,HOU,48,378,12.6,-3.4,-0.1,0.2,.029
Dave Jamerson,1992-93,,Did not play - injury,,,,,,,
Dave Jamerson,1993-94,26,2TM,5,14,-8.5,-22.4,-0.1,-0.1,-0.403
Dave Jamerson,1993-94,26,UTA,1,4,-2.2,-16.2,0.0,0.0,-0.218
Dave Jamerson,1993-94,26,NJN,4,10,-11.1,-24.9,-0.1,-0.1,-0.478
Aaron James,1974-75,22,NOJ,76,1731,14.4,-2.2,-0.1,2.9,.080
Aaron James,1975-76,23,NOJ,75,1346,13.7,-2.6,-0.2,2.2,.079
Aaron James,1976-77,24,NOJ,52,1059,14.4,-1.7,0.1,2.1,.095
Aaron James,1977-78,25,NOJ,80,2118,13.3,-1.7,0.1,4.3,.096
Aaron James,1978-79,26,NOJ,73,1417,12.7,-3.5,-0.5,1.7,.057
Aaron James,1979-80,,Did not play - other pro league,,,,,,,
Bernard James,2012-13,27,DAL,46,457,14.7,-1.6,0.0,1.2,.125
Bernard James,2013-14,28,DAL,30,146,8.5,-4.9,-0.1,0.1,.040
Bernard James,2014-15,29,DAL,16,158,16.0,0.8,0.1,0.5,.165
Billy James,1973-74,23,KEN,1,10,-4.8,-5.1,0.0,0.0,-0.125
Bronny James,2024-25,20,LAL,27,181,7.1,-7.2,-0.2,-0.2,-0.043
Damion James,2010-11,23,NJN,25,403,10.1,-2.6,-0.1,0.1,.015
Damion James,2011-12,24,NJN,7,170,6.1,-6.0,-0.2,-0.2,-0.043
Damion James,2012-13,25,BRK,2,0,,,0.0,0.0,
Damion James,2013-14,26,SAS,5,50,4.1,-4.7,0.0,0.0,.010
Gene James,1948-49,23,NYK,11,,,,,0.3,
Gene James,1949-50,24,NYK,29,,,,,0.1,
Gene James,1950-51,25,2TM,48,,,,,0.5,
Gene James,1950-51,25,NYK,6,,,,,0.0,
Gene James,1950-51,25,BLB,42,,,,,0.5,
Henry James,1990-91,25,CLE,37,505,14.7,-2.1,0.0,0.6,.053
Henry James,1991-92,26,CLE,65,866,10.0,-6.5,-1.0,0.3,.015
Henry James,1992-93,27,2TM,10,88,17.1,-2.1,0.0,0.2,.084
Henry James,1992-93,27,SAC,8,79,17.4,-1.6,0.0,0.1,.088
Henry James,1992-93,27,UTA,2,9,14.6,-7.3,0.0,0.0,.046
Henry James,1993-94,28,LAC,12,75,12.5,-5.0,-0.1,0.1,.041
Henry James,1994-95,,Did not play - other pro league,,,,,,,
Henry James,1995-96,30,HOU,7,58,9.9,-4.8,0.0,0.1,.058
Henry James,1996-97,31,ATL,53,945,10.2,-2.1,-0.1,2.0,.103
Henry James,1997-98,32,CLE,28,166,10.6,-3.4,-0.1,0.3,.101
Jerome James,1998-99,23,SAC,16,42,11.4,-10.9,-0.1,-0.1,-0.137
Jerome James,1999-00,,Did not play - injury,,,,,,,
Jerome James,2000-01,,Did not play - other pro league,,,,,,,
Jerome James,2001-02,26,SEA,56,949,11.9,-4.3,-0.5,0.9,.045
Jerome James,2002-03,27,SEA,51,766,13.1,-4.1,-0.4,0.8,.052
Jerome James,2003-04,28,SEA,65,990,11.3,-4.7,-0.7,0.7,.036
Jerome James,2004-05,29,SEA,80,1330,10.0,-3.8,-0.6,1.2,.044
Jerome James,2005-06,30,NYK,45,406,6.3,-9.3,-0.8,-0.5,-0.062
Jerome James,2006-07,31,NYK,41,273,5.1,-8.9,-0.5,-0.2,-0.031
Jerome James,2007-08,32,NYK,2,5,45.3,21.2,0.0,0.1,.613
Jerome James,2008-09,33,NYK,2,10,12.5,-7.8,0.0,0.0,-0.162
Jerome James,2009-10,,Did not play - injury,,,,,,,
Justin James,2019-20,23,SAC,36,232,11.0,-1.4,0.0,0.1,.028
Justin James,2020-21,24,SAC,36,310,11.3,-4.3,-0.2,0.1,.020
LeBron James,2003-04,19,CLE,79,3122,18.3,1.7,2.9,5.1,.078
LeBron James,2004-05,20,CLE,80,3388,25.7,8.6,9.1,14.3,.203
LeBron James,2005-06,21,CLE,79,3361,28.1,9.1,9.4,16.3,.232
LeBron James,2006-07,22,CLE,78,3190,24.5,8.1,8.1,13.7,.206
LeBron James,2007-08,23,CLE,75,3027,29.1,10.9,9.8,15.2,.242
LeBron James,2008-09,24,CLE,81,3054,31.7,13.2,11.8,20.3,.318
LeBron James,2009-10,25,CLE,76,2966,31.1,11.8,10.3,18.5,.299
LeBron James,2010-11,26,MIA,79,3063,27.3,8.1,7.8,15.6,.244
LeBron James,2011-12,27,MIA,62,2326,30.7,10.9,7.6,14.5,.298
LeBron James,2012-13,28,MIA,76,2877,31.6,11.7,9.9,19.3,.322
LeBron James,2013-14,29,MIA,77,2902,29.3,8.8,7.9,15.9,.264
LeBron James,2014-15,30,CLE,69,2493,25.9,7.1,5.7,10.4,.199
LeBron James,2015-16,31,CLE,76,2709,27.5,9.0,7.5,13.6,.242
LeBron James,2016-17,32,CLE,74,2794,27.0,7.6,6.7,12.9,.221
LeBron James,2017-18,33,CLE,82,3026,28.6,8.7,8.2,14.0,.221
LeBron James,2018-19,34,LAL,55,1937,25.6,8.0,4.9,7.2,.179
LeBron James,2019-20,35,LAL,67,2316,25.5,8.4,6.1,9.8,.204
LeBron James,2020-21,36,LAL,45,1504,24.2,8.1,3.8,5.6,.179
LeBron James,2021-22,37,LAL,56,2084,26.2,7.7,5.1,7.5,.172
LeBron James,2022-23,38,LAL,55,1954,23.9,6.1,4.0,5.6,.138
LeBron James,2023-24,39,LAL,71,2504,23.7,6.5,5.4,8.5,.164
LeBron James,2024-25,40,LAL,70,2444,22.7,5.6,4.7,7.7,.152
Mike James,2001-02,26,MIA,15,119,9.4,-2.6,0.0,0.0,.004
Mike James,2002-03,27,MIA,78,1722,11.8,-1.6,0.2,1.8,.051
Mike James,2003-04,28,2TM,81,2196,14.4,0.2,1.2,5.2,.113
Mike James,2003-04,28,BOS,55,1684,14.4,0.3,1.0,3.8,.108
Mike James,2003-04,28,DET,26,512,14.3,0.0,0.3,1.4,.130
Mike James,2004-05,29,2TM,74,1859,16.6,1.7,1.8,4.3,.110
Mike James,2004-05,29,MIL,47,1167,16.0,1.1,0.9,2.0,.084
Mike James,2004-05,29,HOU,27,692,17.4,2.7,0.8,2.2,.155
Mike James,2005-06,30,TOR,79,2925,19.8,1.8,2.9,7.6,.125
Mike James,2006-07,31,MIN,82,2069,13.3,-1.6,0.2,2.8,.065
Mike James,2007-08,32,2TM,54,720,8.6,-3.8,-0.3,0.3,.023
Mike James,2007-08,32,HOU,33,537,9.6,-2.9,-0.1,0.4,.037
Mike James,2007-08,32,NOH,21,183,5.7,-6.3,-0.2,-0.1,-0.018
Mike James,2008-09,33,2TM,61,1649,9.7,-3.9,-0.8,-0.1,-0.004
Mike James,2008-09,33,NOH,8,74,5.8,-6.0,-0.1,0.0,-0.031
Mike James,2008-09,33,WAS,53,1575,9.9,-3.8,-0.7,-0.1,-0.003
Mike James,2009-10,34,WAS,4,46,5.5,-4.8,0.0,-0.1,-0.140
Mike James,2010-11,,Did not play - other pro league,,,,,,,
Mike James,2011-12,36,CHI,11,120,13.7,-0.4,0.0,0.3,.111
Mike James,2012-13,37,DAL,45,862,9.5,-3.5,-0.3,0.4,.024
Mike James,2013-14,38,CHI,11,77,1.5,-10.2,-0.1,-0.1,-0.073
Mike James,2017-18,27,2TM,36,687,13.9,-1.5,0.1,0.2,.017
Mike James,2017-18,27,PHO,32,669,14.2,-1.2,0.1,0.3,.021
Mike James,2017-18,27,NOP,4,18,3.5,-10.1,0.0,-0.1,-0.146
Mike James,2018-19,,Did not play - other pro league,,,,,,,
Mike James,2019-20,,Did not play - other pro league,,,,,,,
Mike James,2020-21,30,BRK,13,236,11.9,-4.4,-0.1,0.1,.028
Tim James,1999-00,23,MIA,4,23,12.6,-5.0,0.0,-0.1,-0.105
Tim James,2000-01,24,CHH,30,197,5.8,-6.9,-0.2,0.1,.022
Tim James,2001-02,25,PHI,9,41,4.8,-8.7,-0.1,-0.1,-0.064
Antawn Jamison,1998-99,22,GSW,47,1058,16.6,0.0,0.5,2.3,.105
Antawn Jamison,1999-00,23,GSW,43,1556,16.7,-1.6,0.2,1.4,.043
Antawn Jamison,2000-01,24,GSW,82,3394,19.0,0.8,2.3,6.7,.094
Antawn Jamison,2001-02,25,GSW,82,3033,17.1,0.2,1.7,6.4,.101
Antawn Jamison,2002-03,26,GSW,82,3226,19.0,0.7,2.2,8.5,.126
Antawn Jamison,2003-04,27,DAL,82,2376,21.2,1.7,2.2,9.0,.183
Antawn Jamison,2004-05,28,WAS,68,2605,16.9,-0.5,1.0,5.4,.100
Antawn Jamison,2005-06,29,WAS,82,3288,17.7,1.2,2.7,8.2,.119
Antawn Jamison,2006-07,30,WAS,70,2662,18.4,1.3,2.2,6.8,.123
Antawn Jamison,2007-08,31,WAS,79,3061,20.3,1.7,2.9,9.2,.144
Antawn Jamison,2008-09,32,WAS,81,3096,20.6,1.6,2.8,8.1,.126
Antawn Jamison,2009-10,33,2TM,66,2406,17.3,0.2,1.3,5.8,.115
Antawn Jamison,2009-10,33,WAS,41,1595,17.5,0.3,0.9,3.7,.112
Antawn Jamison,2009-10,33,CLE,25,811,16.7,0.0,0.4,2.1,.122
Antawn Jamison,2010-11,34,CLE,56,1842,16.8,-0.1,0.9,2.6,.067
Antawn Jamison,2011-12,35,CLE,65,2151,16.1,-0.3,0.9,3.1,.070
Antawn Jamison,2012-13,36,LAL,76,1636,15.3,-0.1,0.8,4.3,.126
Antawn Jamison,2013-14,37,LAC,22,248,7.8,-4.7,-0.2,0.1,.019
Harold Jamison,1999-00,23,MIA,12,74,6.6,-8.3,-0.1,0.0,-0.017
Harold Jamison,2000-01,,Did not play - other pro league,,,,,,,
Harold Jamison,2001-02,25,LAC,25,176,13.9,-1.0,0.0,0.5,.126
John Janisch,1946-47,26,DTF,60,,,,,6.0,
John Janisch,1947-48,27,2TM,10,,,,,0.0,
John Janisch,1947-48,27,BOS,3,,,,,-0.1,
John Janisch,1947-48,27,PRO,7,,,,,0.1,
Howie Janotta,1949-50,25,BLB,9,,,,,0.2,
Jaime Jaquez Jr.,2023-24,22,MIA,75,2113,12.9,-1.9,0.1,4.0,.092
Jaime Jaquez Jr.,2024-25,23,MIA,66,1368,14.3,-0.9,0.4,2.3,.081
Marko Jarić,2000-01,,Did not play - other pro league,,,,,,,
Marko Jarić,2001-02,,Did not play - other pro league,,,,,,,
Marko Jarić,2002-03,24,LAC,66,1379,14.4,0.4,0.8,1.9,.067
Marko Jarić,2003-04,25,LAC,58,1760,12.6,-0.7,0.6,1.5,.042
Marko Jarić,2004-05,26,LAC,50,1656,13.9,1.0,1.3,2.8,.080
Marko Jarić,2005-06,27,MIN,75,2102,11.7,-0.7,0.7,2.3,.053
Marko Jarić,2006-07,28,MIN,70,1555,9.6,-1.6,0.1,1.5,.048
Marko Jarić,2007-08,29,MIN,75,2189,12.1,-0.9,0.6,2.4,.053
Marko Jarić,2008-09,30,MEM,53,605,7.3,-4.3,-0.4,-0.4,-0.030
Marko Jarić,2009-10,,Did not play - other pro league,,,,,,,
Marko Jarić,2010-11,,Did not play - other pro league,,,,,,,
Tony Jaros,1946-47,26,CHS,59,,,,,4.4,
Tony Jaros,1947-48,,Did not play - other pro league,,,,,,,
Tony Jaros,1948-49,28,MNL,59,,,,,2.2,
Tony Jaros,1949-50,29,MNL,61,,,,,1.3,
Tony Jaros,1950-51,30,MNL,63,,,,,0.6,
DeJon Jarreau,2021-22,24,IND,1,1,0.0,-8.0,0.0,0.0,-0.022
DeJon Jarreau,2022-23,,Did not play - unsigned,,,,,,,
DeJon Jarreau,2023-24,26,MEM,9,150,9.6,-4.0,-0.1,0.0,.002
Jim Jarvis,1967-68,24,PTP,63,818,10.4,,,0.7,.043
Jim Jarvis,1968-69,25,2TM,62,911,10.0,,,0.2,.010
Jim Jarvis,1968-69,25,MNP,11,134,4.9,,,0.0,.008
Jim Jarvis,1968-69,25,LAS,51,777,10.8,,,0.2,.010
Šarūnas Jasikevičius,2005-06,29,IND,75,1557,12.9,0.1,0.9,3.3,.103
Šarūnas Jasikevičius,2006-07,30,2TM,63,973,12.4,-2.5,-0.1,1.1,.056
Šarūnas Jasikevičius,2006-07,30,IND,37,664,12.9,-2.0,0.0,1.0,.072
Šarūnas Jasikevičius,2006-07,30,GSW,26,309,11.3,-3.6,-0.1,0.2,.023
Nathan Jawai,2008-09,22,TOR,6,19,-7.6,-18.3,-0.1,-0.1,-0.233
Nathan Jawai,2009-10,23,MIN,39,412,11.0,-3.8,-0.2,0.3,.031
Buddy Jeannette,1947-48,30,BLB,46,,,,,8.2,
Buddy Jeannette,1948-49,31,BLB,56,,,,,4.9,
Buddy Jeannette,1949-50,32,BLB,37,,,,,2.6,
Abdul Jeelani,1976-77,,Did not play - other pro league,,,,,,,
Abdul Jeelani,1977-78,,Did not play - other pro league,,,,,,,
Abdul Jeelani,1978-79,,Did not play - other pro league,,,,,,,
Abdul Jeelani,1979-80,25,POR,77,1286,18.7,1.5,1.1,3.8,.141
Abdul Jeelani,1980-81,26,DAL,66,1108,15.5,-1.2,0.2,1.6,.070
Chris Jefferies,2002-03,22,TOR,51,666,6.8,-5.8,-0.7,-0.5,-0.039
Chris Jefferies,2003-04,23,2TM,21,195,8.4,-4.3,-0.1,0.0,.000
Chris Jefferies,2003-04,23,TOR,2,8,33.3,21.4,0.0,0.0,.160
Chris Jefferies,2003-04,23,CHI,19,187,7.4,-5.4,-0.2,0.0,-0.007
Othyus Jeffers,2009-10,24,UTA,14,73,13.6,-4.6,0.0,0.1,.067
Othyus Jeffers,2010-11,25,2TM,17,322,13.3,-1.7,0.0,0.7,.097
Othyus Jeffers,2010-11,25,SAS,1,8,-0.5,-14.4,0.0,0.0,-0.183
Othyus Jeffers,2010-11,25,WAS,16,314,13.7,-1.4,0.0,0.7,.104
Othyus Jeffers,2011-12,,Did not play - injury,,,,,,,
Othyus Jeffers,2012-13,,Did not play - other pro league,,,,,,,
Othyus Jeffers,2013-14,28,2TM,6,47,6.9,-3.2,0.0,0.1,.082
Othyus Jeffers,2013-14,28,SAS,4,34,8.9,-0.9,0.0,0.1,.121
Othyus Jeffers,2013-14,28,MIN,2,13,1.7,-9.2,0.0,0.0,-0.020
Al Jefferson,2004-05,20,BOS,71,1051,16.6,-2.3,-0.1,2.7,.123
Al Jefferson,2005-06,21,BOS,59,1062,16.2,-2.1,0.0,2.3,.105
Al Jefferson,2006-07,22,BOS,69,2319,19.8,0.7,1.6,6.6,.137
Al Jefferson,2007-08,23,MIN,82,2919,22.7,1.6,2.6,7.7,.127
Al Jefferson,2008-09,24,MIN,50,1836,23.1,2.6,2.1,4.9,.128
Al Jefferson,2009-10,25,MIN,76,2463,19.0,0.4,1.5,4.6,.090
Al Jefferson,2010-11,26,UTA,82,2940,20.1,0.6,1.9,7.8,.128
Al Jefferson,2011-12,27,UTA,61,2075,22.8,3.7,3.0,7.5,.173
Al Jefferson,2012-13,28,UTA,78,2578,20.9,2.4,2.8,7.7,.143
Al Jefferson,2013-14,29,CHA,73,2553,22.7,2.7,3.0,7.8,.146
Al Jefferson,2014-15,30,CHO,65,1992,19.7,1.6,1.8,4.7,.113
Al Jefferson,2015-16,31,CHO,47,1096,18.2,-0.5,0.4,2.8,.122
Al Jefferson,2016-17,32,IND,66,931,18.9,-1.4,0.1,2.3,.119
Al Jefferson,2017-18,33,IND,36,484,20.2,2.0,0.5,1.6,.158
Al Jefferson,2018-19,,Did not play - other pro league,,,,,,,
Amile Jefferson,2018-19,25,ORL,12,68,21.1,2.5,0.1,0.4,.258
Amile Jefferson,2019-20,26,ORL,18,74,8.9,-5.8,-0.1,0.0,.023
Cory Jefferson,2014-15,24,BRK,50,531,13.2,-3.0,-0.1,0.8,.071
Cory Jefferson,2015-16,25,PHO,8,50,12.7,-6.4,-0.1,0.1,.070
Dontell Jefferson,2008-09,25,CHA,6,84,12.7,-0.1,0.0,0.2,.089
Richard Jefferson,2001-02,21,NJN,79,1917,13.4,-0.4,0.8,4.7,.117
Richard Jefferson,2002-03,22,NJN,80,2879,16.6,1.5,2.5,9.9,.164
Richard Jefferson,2003-04,23,NJN,82,3133,18.1,2.3,3.4,11.0,.168
Richard Jefferson,2004-05,24,NJN,33,1355,16.6,1.5,1.2,2.4,.086
Richard Jefferson,2005-06,25,NJN,78,3059,18.9,3.1,3.9,11.7,.184
Richard Jefferson,2006-07,26,NJN,55,1956,13.8,-1.4,0.3,3.4,.082
Richard Jefferson,2007-08,27,NJN,82,3200,17.4,0.3,1.8,7.6,.114
Richard Jefferson,2008-09,28,MIL,82,2939,15.4,0.2,1.6,6.6,.109
Richard Jefferson,2009-10,29,SAS,81,2520,13.1,-0.2,1.2,6.0,.113
Richard Jefferson,2010-11,30,SAS,81,2459,12.4,0.3,1.4,5.9,.115
Richard Jefferson,2011-12,31,2TM,63,1748,11.1,-0.5,0.6,3.1,.085
Richard Jefferson,2011-12,31,SAS,41,1168,10.9,0.2,0.6,2.4,.100
Richard Jefferson,2011-12,31,GSW,22,580,11.6,-2.0,0.0,0.7,.056
Richard Jefferson,2012-13,32,GSW,56,568,10.3,-1.3,0.1,1.0,.081
Richard Jefferson,2013-14,33,UTA,82,2213,11.8,-1.4,0.3,2.7,.058
Richard Jefferson,2014-15,34,DAL,74,1244,11.3,-0.8,0.4,2.3,.088
Richard Jefferson,2015-16,35,CLE,74,1326,9.7,-1.2,0.3,2.7,.099
Richard Jefferson,2016-17,36,CLE,79,1614,8.3,-3.1,-0.4,2.1,.063
Richard Jefferson,2017-18,37,DEN,20,163,6.4,-4.3,-0.1,0.1,.029
DaQuan Jeffries,2019-20,22,SAC,13,141,11.2,-3.8,-0.1,0.3,.100
DaQuan Jeffries,2020-21,23,2TM,31,493,7.9,-4.7,-0.3,0.3,.027
DaQuan Jeffries,2020-21,23,SAC,18,232,7.2,-5.3,-0.2,0.0,.008
DaQuan Jeffries,2020-21,23,HOU,13,261,8.5,-4.2,-0.1,0.2,.043
DaQuan Jeffries,2021-22,24,MEM,3,9,8.4,-4.9,0.0,0.0,.099
DaQuan Jeffries,2022-23,,Did not play - other pro league,,,,,,,
DaQuan Jeffries,2023-24,26,NYK,17,46,3.1,-8.1,-0.1,-0.1,-0.087
DaQuan Jeffries,2024-25,27,CHO,47,1071,7.9,-4.7,-0.7,0.6,.027
Jared Jeffries,2002-03,21,WAS,20,292,11.1,-2.3,0.0,0.3,.049
Jared Jeffries,2003-04,22,WAS,82,1913,8.7,-4.6,-1.2,0.6,.014
Jared Jeffries,2004-05,23,WAS,77,2007,11.2,-1.6,0.2,2.6,.063
Jared Jeffries,2005-06,24,WAS,77,1951,11.6,-0.8,0.6,3.1,.076
Jared Jeffries,2006-07,25,NYK,55,1307,8.6,-1.6,0.2,1.2,.043
Jared Jeffries,2007-08,26,NYK,73,1325,7.9,-4.1,-0.7,0.1,.002
Jared Jeffries,2008-09,27,NYK,56,1310,9.4,-2.6,-0.2,1.2,.045
Jared Jeffries,2009-10,28,2TM,70,1794,9.8,-1.9,0.0,2.2,.058
Jared Jeffries,2009-10,28,NYK,52,1462,9.7,-1.5,0.2,1.7,.057
Jared Jeffries,2009-10,28,HOU,18,332,10.1,-3.7,-0.1,0.4,.058
Jared Jeffries,2010-11,29,2TM,42,601,8.0,-2.2,0.0,0.6,.045
Jared Jeffries,2010-11,29,HOU,18,138,9.5,-3.8,-0.1,0.1,.042
Jared Jeffries,2010-11,29,NYK,24,463,7.6,-1.7,0.0,0.4,.046
Jared Jeffries,2011-12,30,NYK,39,729,10.9,-1.0,0.2,1.7,.109
Jared Jeffries,2012-13,31,POR,38,350,2.4,-7.4,-0.5,-0.3,-0.042
Trey Jemison,2023-24,24,2TM,25,573,11.8,-5.1,-0.5,0.9,.073
Trey Jemison,2023-24,24,WAS,2,1,-36.1,-33.9,0.0,0.0,-1.200
Trey Jemison,2023-24,24,MEM,23,572,11.9,-5.1,-0.4,0.9,.075
Trey Jemison,2024-25,25,2TM,38,392,8.9,-6.8,-0.5,0.3,.037
Trey Jemison,2024-25,25,NOP,16,166,9.4,-6.2,-0.2,0.0,.009
Trey Jemison,2024-25,25,LAL,22,226,8.6,-7.3,-0.3,0.3,.057
Charles Jenkins,2011-12,22,GSW,51,893,12.4,-4.2,-0.5,0.5,.028
Charles Jenkins,2012-13,23,2TM,59,441,7.5,-4.9,-0.3,0.0,-0.005
Charles Jenkins,2012-13,23,GSW,47,291,6.9,-5.4,-0.3,-0.1,-0.018
Charles Jenkins,2012-13,23,PHI,12,150,8.6,-4.0,-0.1,0.1,.021
Daniss Jenkins,2024-25,23,DET,7,23,-0.1,-15.8,-0.1,-0.1,-0.150
Horace Jenkins,2004-05,30,DET,15,104,10.2,-4.7,-0.1,0.0,.006
John Jenkins,2012-13,21,ATL,61,902,13.0,-0.8,0.3,1.7,.091
John Jenkins,2013-14,22,ATL,13,158,4.7,-6.3,-0.2,-0.1,-0.043
John Jenkins,2014-15,23,ATL,24,297,15.9,0.3,0.2,0.9,.147
John Jenkins,2015-16,24,2TM,43,480,10.0,-2.9,-0.1,0.2,.022
John Jenkins,2015-16,24,DAL,21,193,7.2,-5.7,-0.2,-0.1,-0.033
John Jenkins,2015-16,24,PHO,22,287,11.9,-1.1,0.1,0.4,.059
John Jenkins,2016-17,25,PHO,4,13,17.3,2.2,0.0,0.0,.167
John Jenkins,2017-18,,Did not play - other pro league,,,,,,,
John Jenkins,2018-19,27,2TM,26,333,9.7,-3.4,-0.1,0.2,.031
John Jenkins,2018-19,27,WAS,4,14,20.5,6.6,0.0,0.1,.202
John Jenkins,2018-19,27,NYK,22,319,9.3,-3.9,-0.2,0.2,.024
Brandon Jennings,2009-10,20,MIL,82,2671,14.5,0.7,1.8,4.2,.075
Brandon Jennings,2010-11,21,MIL,63,2169,15.6,1.6,2.0,3.9,.086
Brandon Jennings,2011-12,22,MIL,66,2331,18.4,2.7,2.8,5.5,.114
Brandon Jennings,2012-13,23,MIL,80,2897,16.1,1.1,2.2,5.8,.096
Brandon Jennings,2013-14,24,DET,80,2728,15.6,0.1,1.4,3.9,.068
Brandon Jennings,2014-15,25,DET,41,1173,19.7,3.3,1.6,3.3,.136
Brandon Jennings,2015-16,26,2TM,48,868,13.7,-0.4,0.3,1.5,.082
Brandon Jennings,2015-16,26,DET,23,416,13.1,0.0,0.2,0.8,.094
Brandon Jennings,2015-16,26,ORL,25,452,14.3,-0.8,0.1,0.7,.071
Brandon Jennings,2016-17,27,2TM,81,1802,12.1,-2.4,-0.2,1.7,.046
Brandon Jennings,2016-17,27,NYK,58,1428,12.7,-2.0,0.0,1.5,.052
Brandon Jennings,2016-17,27,WAS,23,374,9.7,-4.0,-0.2,0.2,.025
Brandon Jennings,2017-18,28,MIL,14,205,12.7,-3.4,-0.1,0.1,.026
Brandon Jennings,2018-19,,Did not play - other pro league,,,,,,,
Keith Jennings,1992-93,24,GSW,8,136,18.5,3.2,0.2,0.6,.205
Keith Jennings,1993-94,25,GSW,76,1097,15.5,1.6,1.0,2.9,.126
Keith Jennings,1994-95,26,GSW,80,1722,15.3,1.1,1.3,4.2,.117
Chris Jent,1993-94,24,HOU,3,78,11.0,-4.4,0.0,0.2,.100
Chris Jent,1994-95,,Did not play - other pro league,,,,,,,
Chris Jent,1995-96,,Did not play - other pro league,,,,,,,
Chris Jent,1996-97,27,NYK,3,10,16.0,-0.2,0.0,0.0,.194
Les Jepsen,1990-91,23,GSW,21,105,7.7,-9.2,-0.2,0.0,.010
Les Jepsen,1991-92,24,SAC,31,87,10.1,-6.5,-0.1,0.1,.057
Jonas Jerebko,2009-10,22,DET,80,2232,13.9,-1.3,0.4,4.4,.095
Jonas Jerebko,2010-11,,Did not play - injury,,,,,,,
Jonas Jerebko,2011-12,24,DET,64,1468,14.2,-1.5,0.2,3.3,.108
Jonas Jerebko,2012-13,25,DET,49,892,15.7,-0.1,0.4,2.0,.107
Jonas Jerebko,2013-14,26,DET,64,741,13.4,-1.5,0.1,1.4,.092
Jonas Jerebko,2014-15,27,2TM,75,1230,15.0,0.9,0.9,3.5,.135
Jonas Jerebko,2014-15,27,DET,46,703,14.5,1.0,0.5,1.9,.130
Jonas Jerebko,2014-15,27,BOS,29,527,15.5,0.6,0.4,1.5,.141
Jonas Jerebko,2015-16,28,BOS,78,1176,10.3,-2.0,0.0,2.4,.097
Jonas Jerebko,2016-17,29,BOS,78,1232,9.3,-2.4,-0.1,2.1,.080
Jonas Jerebko,2017-18,30,UTA,74,1134,13.2,0.1,0.6,3.4,.144
Jonas Jerebko,2018-19,31,GSW,73,1218,13.5,-0.7,0.4,3.3,.130
Ty Jerome,2019-20,22,PHO,31,328,7.9,-3.7,-0.1,0.0,-0.003
Ty Jerome,2020-21,23,OKC,33,788,13.4,-0.7,0.3,1.3,.079
Ty Jerome,2021-22,24,OKC,48,801,11.3,-2.3,-0.1,0.5,.032
Ty Jerome,2022-23,25,GSW,45,816,12.8,-0.8,0.3,2.1,.124
Ty Jerome,2023-24,26,CLE,2,15,7.6,-4.9,0.0,0.0,.040
Ty Jerome,2024-25,27,CLE,70,1392,21.0,4.3,2.2,5.9,.204
Grant Jerrett,2014-15,21,2TM,8,51,1.5,-10.8,-0.1,-0.1,-0.128
Grant Jerrett,2014-15,21,OKC,5,25,-11.0,-20.4,-0.1,-0.2,-0.373
Grant Jerrett,2014-15,21,UTA,3,26,13.6,-1.6,0.0,0.1,.108
Eugene Jeter,2010-11,27,SAC,62,858,11.1,-3.3,-0.3,0.7,.037
Hal Jeter,1969-70,24,WSA,5,19,-15.2,,,0.0,-0.106
Yi Jianlian,2007-08,20,MIL,66,1647,11.3,-3.9,-0.8,0.7,.022
Yi Jianlian,2008-09,21,NJN,61,1421,10.9,-3.8,-0.7,0.7,.024
Yi Jianlian,2009-10,22,NJN,52,1655,12.3,-4.1,-0.9,1.3,.037
Yi Jianlian,2010-11,23,WAS,63,1112,10.1,-5.3,-0.9,0.4,.016
Yi Jianlian,2011-12,24,DAL,30,203,10.4,-5.7,-0.2,0.0,-0.003
Isaiah Joe,2020-21,21,PHI,41,383,9.5,-3.0,-0.1,0.6,.078
Isaiah Joe,2021-22,22,PHI,55,609,7.7,-4.6,-0.4,0.4,.035
Isaiah Joe,2022-23,23,OKC,73,1395,14.5,0.9,1.0,3.8,.131
Isaiah Joe,2023-24,24,OKC,78,1445,13.4,0.9,1.0,3.5,.116
Isaiah Joe,2024-25,25,OKC,74,1604,14.0,1.3,1.4,5.1,.153
Britton Johnsen,2003-04,24,ORL,20,290,2.6,-7.8,-0.4,-0.6,-0.096
Britton Johnsen,2004-05,25,IND,6,87,0.4,-11.8,-0.2,-0.2,-0.087
AJ Johnson,2024-25,20,2TM,29,639,7.1,-8.1,-1.0,-0.4,-0.032
AJ Johnson,2024-25,20,MIL,7,44,10.6,-4.9,0.0,0.0,-0.023
AJ Johnson,2024-25,20,WAS,22,595,6.9,-8.3,-0.9,-0.4,-0.033
Alexander Johnson,2006-07,23,MEM,59,753,13.2,-3.5,-0.3,1.3,.083
Alexander Johnson,2007-08,24,MIA,43,549,8.9,-6.2,-0.6,0.2,.019
Alize Johnson,2018-19,22,IND,14,64,6.3,-7.7,-0.1,0.0,.027
Alize Johnson,2019-20,23,IND,17,118,13.3,-1.6,0.0,0.3,.111
Alize Johnson,2020-21,24,BRK,18,189,23.5,2.7,0.2,0.9,.227
Alize Johnson,2021-22,25,3TM,23,167,10.7,-5.5,-0.1,0.1,.041
Alize Johnson,2021-22,25,CHI,16,121,10.2,-4.0,-0.1,0.2,.063
Alize Johnson,2021-22,25,WAS,3,18,5.7,-16.1,-0.1,-0.1,-0.183
Alize Johnson,2021-22,25,NOP,4,28,15.9,-4.8,0.0,0.1,.088
Alize Johnson,2022-23,26,SAS,4,30,4.3,-9.1,-0.1,-0.1,-0.099
Alize Johnson,2023-24,,Did not play - other pro league,,,,,,,
Amir Johnson,2005-06,18,DET,3,39,20.3,0.4,0.0,0.2,.208
Amir Johnson,2006-07,19,DET,8,124,20.6,0.2,0.1,0.5,.183
Amir Johnson,2007-08,20,DET,62,764,17.5,1.3,0.6,3.0,.190
Amir Johnson,2008-09,21,DET,62,911,13.5,-1.4,0.1,2.7,.142
Amir Johnson,2009-10,22,TOR,82,1453,16.7,-0.6,0.5,4.5,.150
Amir Johnson,2010-11,23,TOR,72,1853,17.6,0.3,1.1,5.6,.146
Amir Johnson,2011-12,24,TOR,64,1553,14.4,-0.5,0.6,4.0,.122
Amir Johnson,2012-13,25,TOR,81,2325,17.3,1.0,1.8,7.3,.151
Amir Johnson,2013-14,26,TOR,77,2214,15.4,0.7,1.5,6.3,.136
Amir Johnson,2014-15,27,TOR,75,1979,15.4,-0.1,0.9,5.1,.124
Amir Johnson,2015-16,28,BOS,79,1800,16.0,1.2,1.4,5.9,.158
Amir Johnson,2016-17,29,BOS,80,1608,15.0,0.6,1.1,5.0,.149
Amir Johnson,2017-18,30,PHI,74,1171,14.9,1.0,0.9,4.1,.169
Amir Johnson,2018-19,31,PHI,51,529,13.1,-2.3,0.0,1.1,.098
Andy Johnson,1958-59,26,PHW,67,1158,10.5,,,1.3,.053
Andy Johnson,1959-60,27,PHW,75,1421,10.8,,,1.8,.060
Andy Johnson,1960-61,28,PHW,79,2000,8.6,,,0.3,.007
Andy Johnson,1961-62,29,CHP,71,2193,13.8,,,4.6,.100
Anthony Johnson,1997-98,23,SAC,77,2266,8.6,-4.4,-1.4,0.4,.008
Anthony Johnson,1998-99,24,ATL,49,885,10.6,-1.7,0.1,1.1,.061
Anthony Johnson,1999-00,25,2TM,56,637,9.1,-2.9,-0.1,0.3,.020
Anthony Johnson,1999-00,25,ATL,38,423,9.2,-3.1,-0.1,0.1,.006
Anthony Johnson,1999-00,25,ORL,18,214,8.9,-2.4,0.0,0.2,.049
Anthony Johnson,2000-01,26,2TM,53,511,8.1,-4.3,-0.3,-0.2,-0.019
Anthony Johnson,2000-01,26,ATL,25,279,7.2,-3.9,-0.1,-0.1,-0.013
Anthony Johnson,2000-01,26,CLE,28,232,9.1,-4.8,-0.2,-0.1,-0.025
Anthony Johnson,2001-02,27,NJN,34,366,11.8,0.0,0.2,0.7,.092
Anthony Johnson,2002-03,28,NJN,66,842,11.3,-1.3,0.1,1.8,.105
Anthony Johnson,2003-04,29,IND,73,1598,11.6,-0.4,0.6,3.6,.109
Anthony Johnson,2004-05,30,IND,63,1747,14.3,0.7,1.2,4.0,.110
Anthony Johnson,2005-06,31,IND,75,1981,14.2,0.7,1.3,4.5,.108
Anthony Johnson,2006-07,32,2TM,67,1301,9.9,-3.7,-0.5,1.2,.045
Anthony Johnson,2006-07,32,DAL,40,562,9.3,-2.5,-0.1,0.8,.070
Anthony Johnson,2006-07,32,ATL,27,739,10.3,-4.6,-0.5,0.4,.026
Anthony Johnson,2007-08,33,2TM,69,1531,11.2,-1.6,0.1,2.0,.061
Anthony Johnson,2007-08,33,ATL,42,1121,12.0,-0.7,0.4,1.8,.077
Anthony Johnson,2007-08,33,SAC,27,410,8.9,-4.1,-0.2,0.2,.020
Anthony Johnson,2008-09,34,ORL,80,1481,10.3,-0.8,0.4,2.8,.091
Anthony Johnson,2009-10,35,ORL,31,406,12.4,0.0,0.2,1.0,.116
Armon Johnson,2010-11,21,POR,38,277,9.3,-5.1,-0.2,-0.3,-0.044
Armon Johnson,2011-12,22,2TM,9,124,12.9,-1.7,0.0,0.1,.050
Armon Johnson,2011-12,22,POR,1,5,20.7,4.9,0.0,0.0,.042
Armon Johnson,2011-12,22,NJN,8,119,12.5,-2.0,0.0,0.1,.051
Arnie Johnson,1948-49,28,ROC,60,,,,,6.7,
Arnie Johnson,1949-50,29,ROC,68,,,,,7.2,
Arnie Johnson,1950-51,30,ROC,68,,,,,9.1,
Arnie Johnson,1951-52,31,ROC,66,2158,16.5,,,8.7,.193
Arnie Johnson,1952-53,32,ROC,70,1984,15.6,,,7.5,.182
Avery Johnson,1988-89,23,SEA,43,291,10.8,-1.0,0.1,0.3,.045
Avery Johnson,1989-90,24,SEA,53,575,11.6,-0.8,0.2,0.5,.043
Avery Johnson,1990-91,25,2TM,68,959,13.4,-0.2,0.4,1.6,.082
Avery Johnson,1990-91,25,DEN,21,217,14.2,-2.6,0.0,0.1,.014
Avery Johnson,1990-91,25,SAS,47,742,13.2,0.5,0.5,1.6,.101
Avery Johnson,1991-92,26,2TM,69,1235,11.9,-1.8,0.1,1.3,.051
Avery Johnson,1991-92,26,SAS,20,463,11.4,-1.6,0.0,0.6,.066
Avery Johnson,1991-92,26,HOU,49,772,12.3,-1.9,0.0,0.7,.042
Avery Johnson,1992-93,27,SAS,75,2030,15.8,1.5,1.8,5.2,.122
Avery Johnson,1993-94,28,GSW,82,2332,13.9,-1.1,0.5,4.1,.085
Avery Johnson,1994-95,29,SAS,82,3011,15.7,1.2,2.4,8.0,.128
Avery Johnson,1995-96,30,SAS,82,3084,16.3,1.7,2.9,9.1,.141
Avery Johnson,1996-97,31,SAS,76,2472,15.0,-1.1,0.6,3.4,.066
Avery Johnson,1997-98,32,SAS,75,2674,14.1,0.4,1.6,6.7,.120
Avery Johnson,1998-99,33,SAS,50,1672,14.0,0.1,0.9,3.9,.111
Avery Johnson,1999-00,34,SAS,82,2571,14.8,0.3,1.5,6.3,.117
Avery Johnson,2000-01,35,SAS,55,1290,11.5,-1.2,0.3,2.6,.098
Avery Johnson,2001-02,36,2TM,68,1352,16.6,0.0,0.7,3.0,.106
Avery Johnson,2001-02,36,DEN,51,1200,17.3,0.5,0.8,2.8,.114
Avery Johnson,2001-02,36,DAL,17,152,11.8,-4.0,-0.1,0.1,.044
Avery Johnson,2002-03,37,DAL,48,430,12.2,-3.2,-0.1,0.4,.044
Avery Johnson,2003-04,38,GSW,46,637,11.7,-2.8,-0.1,0.2,.016
B.J. Johnson,2018-19,23,2TM,7,49,12.8,-4.3,0.0,0.1,.066
B.J. Johnson,2018-19,23,ATL,6,43,14.0,-2.9,0.0,0.1,.076
B.J. Johnson,2018-19,23,SAC,1,6,3.7,-14.1,0.0,0.0,-0.008
B.J. Johnson,2019-20,24,ORL,10,83,5.4,-9.0,-0.1,-0.1,-0.074
B.J. Johnson,2020-21,,Did not play - other pro league,,,,,,,
B.J. Johnson,2021-22,26,ORL,4,65,12.1,-4.7,0.0,0.1,.065
Brice Johnson,2016-17,22,LAC,3,9,17.2,-2.0,0.0,0.0,-0.165
Brice Johnson,2017-18,23,2TM,18,98,18.2,-0.4,0.0,0.2,.082
Brice Johnson,2017-18,23,LAC,9,38,21.3,4.5,0.1,0.1,.168
Brice Johnson,2017-18,23,MEM,9,60,16.2,-3.6,0.0,0.0,.028
Buck Johnson,1986-87,23,HOU,60,520,11.8,-2.6,-0.1,0.7,.068
Buck Johnson,1987-88,24,HOU,70,879,13.9,-0.8,0.3,2.1,.116
Buck Johnson,1988-89,25,HOU,67,1850,11.4,-0.6,0.7,3.6,.094
Buck Johnson,1989-90,26,HOU,82,2832,12.9,-0.6,1.0,6.2,.104
Buck Johnson,1990-91,27,HOU,73,2279,12.9,-0.8,0.7,4.6,.097
Buck Johnson,1991-92,28,HOU,80,2202,10.0,-2.7,-0.4,2.3,.050
Buck Johnson,1992-93,29,WSB,73,1287,10.7,-3.5,-0.5,1.2,.046
Buck Johnson,1993-94,,Did not play - other pro league,,,,,,,
Buck Johnson,1994-95,,Did not play - other pro league,,,,,,,
Buck Johnson,1995-96,,Did not play - other pro league,,,,,,,
Buck Johnson,1996-97,,Did not play - other pro league,,,,,,,
Buck Johnson,1997-98,,Did not play - other pro league,,,,,,,
Buck Johnson,1998-99,,Did not play - other pro league,,,,,,,
Buck Johnson,1999-00,,Did not play - other pro league,,,,,,,
Buck Johnson,2000-01,,Did not play - other pro league,,,,,,,
Buck Johnson,2001-02,,Did not play - other pro league,,,,,,,
Buck Johnson,2002-03,,Did not play - other pro league,,,,,,,
Cameron Johnson,2019-20,23,PHO,57,1255,12.9,0.3,0.7,2.7,.102
Cameron Johnson,2020-21,24,PHO,60,1437,11.8,-0.2,0.7,2.6,.086
Cameron Johnson,2021-22,25,PHO,66,1730,15.2,2.7,2.1,5.6,.156
Cameron Johnson,2022-23,26,2TM,42,1199,17.1,2.6,1.4,3.5,.142
Cameron Johnson,2022-23,26,PHO,17,429,17.4,3.8,0.6,1.4,.161
Cameron Johnson,2022-23,26,BRK,25,770,16.9,2.0,0.8,2.1,.131
Cameron Johnson,2023-24,27,BRK,58,1599,14.5,0.4,1.0,3.3,.100
Cameron Johnson,2024-25,28,BRK,57,1800,18.2,3.1,2.3,5.1,.137
Carldell Johnson,2011-12,29,NOH,15,119,8.9,-1.5,0.0,0.0,-0.003
Charles Johnson,1972-73,23,GSW,70,887,12.5,,,0.9,.050
Charles Johnson,1973-74,24,GSW,59,1051,12.3,-2.0,0.0,1.0,.044
Charles Johnson,1974-75,25,GSW,79,2171,12.8,-1.5,0.3,2.4,.054
Charles Johnson,1975-76,26,GSW,81,1549,14.2,0.1,0.8,3.7,.116
Charles Johnson,1976-77,27,GSW,79,1196,12.6,-2.1,0.0,1.4,.056
Charles Johnson,1977-78,28,2TM,71,1299,10.9,-2.4,-0.1,1.1,.042
Charles Johnson,1977-78,28,GSW,32,492,11.8,-1.8,0.0,0.4,.043
Charles Johnson,1977-78,28,WSB,39,807,10.3,-2.8,-0.2,0.7,.041
Charles Johnson,1978-79,29,WSB,82,1819,12.0,-1.2,0.4,2.8,.074
Cheese Johnson,1979-80,22,GSW,9,53,9.4,-5.5,-0.1,0.0,-0.033
Chris Johnson,2010-11,25,2TM,14,138,10.2,-4.2,-0.1,0.2,.080
Chris Johnson,2010-11,25,POR,10,106,10.3,-5.3,-0.1,0.2,.069
Chris Johnson,2010-11,25,BOS,4,32,9.9,-0.4,0.0,0.1,.118
Chris Johnson,2011-12,26,2TM,27,175,10.8,-5.2,-0.1,0.2,.059
Chris Johnson,2011-12,26,POR,20,93,11.4,-5.4,-0.1,0.1,.077
Chris Johnson,2011-12,26,NOH,7,82,10.1,-4.9,-0.1,0.1,.038
Chris Johnson,2012-13,27,MIN,30,284,18.4,1.6,0.3,1.0,.176
Chris Johnson,2012-13,22,MEM,8,102,10.7,0.5,0.1,0.2,.112
Chris Johnson,2013-14,23,BOS,40,789,10.8,-1.2,0.2,1.4,.085
Chris Johnson,2014-15,24,3TM,29,526,10.2,-1.7,0.0,0.8,.074
Chris Johnson,2014-15,24,PHI,9,187,6.0,-5.2,-0.2,-0.1,-0.017
Chris Johnson,2014-15,24,UTA,12,211,14.2,0.5,0.1,0.6,.139
Chris Johnson,2014-15,24,MIL,8,128,9.7,-0.1,0.1,0.3,.102
Chris Johnson,2015-16,25,UTA,70,857,8.2,-2.0,0.0,1.1,.059
Clay Johnson,1978-79,,Did not play - waived,,,,,,,
Clay Johnson,1979-80,,Did not play - other pro league,,,,,,,
Clay Johnson,1980-81,,Did not play - other pro league,,,,,,,
Clay Johnson,1981-82,25,LAL,7,65,12.8,-2.6,0.0,0.1,.072
Clay Johnson,1982-83,26,LAL,48,447,9.4,-3.4,-0.2,0.6,.061
Clay Johnson,1983-84,27,SEA,25,176,6.8,-4.5,-0.1,0.0,-0.002
Clemon Johnson,1978-79,22,POR,74,794,12.1,-0.7,0.3,1.2,.070
Clemon Johnson,1979-80,23,IND,79,1541,13.9,0.1,0.8,3.5,.109
Clemon Johnson,1980-81,24,IND,81,1643,15.6,1.0,1.3,3.7,.108
Clemon Johnson,1981-82,25,IND,79,1979,15.0,-0.1,0.9,4.0,.098
Clemon Johnson,1982-83,26,2TM,83,1914,15.3,0.7,1.3,4.3,.109
Clemon Johnson,1982-83,26,IND,51,1216,16.8,1.3,1.0,2.5,.100
Clemon Johnson,1982-83,26,PHI,32,698,12.8,-0.4,0.3,1.8,.125
Clemon Johnson,1983-84,27,PHI,80,1721,9.1,-3.0,-0.4,2.2,.060
Clemon Johnson,1984-85,28,PHI,58,875,11.9,-1.2,0.2,1.7,.095
Clemon Johnson,1985-86,29,PHI,75,1069,10.4,-1.6,0.1,2.0,.088
Clemon Johnson,1986-87,30,SEA,78,1051,10.0,-2.3,-0.1,2.0,.089
Clemon Johnson,1987-88,31,SEA,74,723,7.1,-3.3,-0.2,0.9,.061
Dakari Johnson,2017-18,22,OKC,31,161,16.4,-0.3,0.1,0.6,.178
Darryl Johnson,1995-96,30,CLE,11,28,9.7,-8.4,0.0,0.0,.010
Dave Johnson,1992-93,22,POR,42,356,8.1,-7.2,-0.5,-0.1,-0.018
Dave Johnson,1993-94,23,CHI,17,119,5.8,-11.3,-0.3,-0.2,-0.077
David Johnson,2021-22,20,TOR,2,2,-20.0,-27.7,0.0,0.0,-0.495
DeMarco Johnson,1998-99,,Did not play - other pro league,,,,,,,
DeMarco Johnson,1999-00,24,NYK,5,37,0.5,-10.3,-0.1,-0.1,-0.091
Dennis Johnson,1976-77,22,SEA,81,1667,16.7,2.6,2.0,4.5,.130
Dennis Johnson,1977-78,23,SEA,81,2209,15.6,1.8,2.1,5.8,.127
Dennis Johnson,1978-79,24,SEA,80,2717,15.0,1.5,2.4,6.6,.116
Dennis Johnson,1979-80,25,SEA,81,2937,15.9,1.3,2.5,7.4,.120
Dennis Johnson,1980-81,26,PHO,79,2615,17.0,1.8,2.5,8.4,.154
Dennis Johnson,1981-82,27,PHO,80,2937,16.7,1.3,2.5,8.1,.132
Dennis Johnson,1982-83,28,PHO,77,2551,14.8,0.9,1.9,6.6,.125
Dennis Johnson,1983-84,29,BOS,80,2665,12.8,0.1,1.4,5.7,.102
Dennis Johnson,1984-85,30,BOS,80,2976,14.4,0.3,1.8,6.4,.103
Dennis Johnson,1985-86,31,BOS,78,2732,14.7,0.5,1.8,6.7,.118
Dennis Johnson,1986-87,32,BOS,79,2933,13.2,-0.4,1.2,5.2,.085
Dennis Johnson,1987-88,33,BOS,77,2670,14.0,0.1,1.4,5.0,.091
Dennis Johnson,1988-89,34,BOS,72,2309,11.5,-1.7,0.2,2.5,.051
Dennis Johnson,1989-90,35,BOS,75,2036,12.4,-0.3,0.9,3.8,.089
DerMarr Johnson,2000-01,20,ATL,78,1313,8.4,-3.5,-0.5,0.0,.000
DerMarr Johnson,2001-02,21,ATL,72,1727,11.3,-1.3,0.3,1.7,.048
DerMarr Johnson,2002-03,,Did not play - injury,,,,,,,
DerMarr Johnson,2003-04,23,NYK,21,287,11.5,-1.8,0.0,0.4,.069
DerMarr Johnson,2004-05,24,DEN,71,1232,14.0,0.3,0.7,3.2,.123
DerMarr Johnson,2005-06,25,DEN,58,924,11.7,-0.8,0.3,1.3,.070
DerMarr Johnson,2006-07,26,DEN,39,419,6.1,-4.3,-0.2,-0.3,-0.032
DerMarr Johnson,2007-08,27,SAS,5,28,17.3,2.5,0.0,0.1,.143
Ed Johnson,1968-69,24,LAS,58,1662,13.1,,,2.4,.069
Ed Johnson,1969-70,25,NYA,74,2486,14.7,,,5.1,.099
Ed Johnson,1970-71,26,2TM,34,751,13.3,,,1.0,.064
Ed Johnson,1970-71,26,NYA,26,592,14.2,,,0.9,.071
Ed Johnson,1970-71,26,TEX,8,159,9.9,,,0.1,.038
Eddie Johnson,1977-78,22,ATL,79,1875,13.6,-0.7,0.6,3.5,.091
Eddie Johnson,1978-79,23,ATL,78,2413,16.7,1.2,2.0,6.3,.126
Eddie Johnson,1979-80,24,ATL,79,2622,18.0,2.8,3.2,8.2,.150
Eddie Johnson,1980-81,25,ATL,75,2693,17.9,1.6,2.4,6.9,.122
Eddie Johnson,1981-82,26,ATL,68,2314,16.5,1.2,1.9,4.8,.100
Eddie Johnson,1982-83,27,ATL,61,1813,16.0,-0.3,0.8,3.0,.081
Eddie Johnson,1983-84,28,ATL,67,1893,14.2,-1.4,0.3,1.7,.044
Eddie Johnson,1984-85,29,ATL,73,2367,15.8,-0.7,0.8,4.2,.084
Eddie Johnson,1985-86,30,2TM,71,1477,13.5,-1.6,0.1,1.5,.049
Eddie Johnson,1985-86,30,ATL,39,862,14.3,-0.8,0.3,1.3,.071
Eddie Johnson,1985-86,30,CLE,32,615,12.4,-2.8,-0.1,0.2,.018
Eddie Johnson,1986-87,31,SEA,24,508,13.9,-1.3,0.1,0.8,.075
Eddie Johnson,1981-82,22,KCK,74,1517,13.1,-2.4,-0.1,1.8,.056
Eddie Johnson,1982-83,23,KCK,82,2933,15.9,0.2,1.7,7.4,.121
Eddie Johnson,1983-84,24,KCK,82,2920,16.6,0.0,1.5,5.6,.093
Eddie Johnson,1984-85,25,KCK,82,3029,16.2,-0.6,1.1,5.3,.083
Eddie Johnson,1985-86,26,SAC,82,2514,15.8,-1.1,0.6,4.0,.077
Eddie Johnson,1986-87,27,SAC,81,2457,16.2,-0.7,0.9,4.3,.084
Eddie Johnson,1987-88,28,PHO,73,2177,15.2,-2.0,0.0,3.0,.065
Eddie Johnson,1988-89,29,PHO,70,2043,19.4,2.1,2.1,6.5,.152
Eddie Johnson,1989-90,30,PHO,64,1811,14.9,-0.9,0.5,3.9,.104
Eddie Johnson,1990-91,31,2TM,81,2085,17.8,-0.3,0.9,5.5,.127
Eddie Johnson,1990-91,31,PHO,15,312,14.5,-3.2,-0.1,0.3,.051
Eddie Johnson,1990-91,31,SEA,66,1773,18.4,0.2,1.0,5.2,.140
Eddie Johnson,1991-92,32,SEA,81,2366,16.1,-0.7,0.8,5.6,.114
Eddie Johnson,1992-93,33,SEA,82,1869,17.1,-0.9,0.5,4.8,.124
Eddie Johnson,1993-94,34,CHH,73,1460,15.9,-0.9,0.4,2.4,.079
Eddie Johnson,1994-95,,Did not play - other pro league,,,,,,,
Eddie Johnson,1995-96,36,IND,62,1002,13.1,-1.2,0.2,1.6,.077
Eddie Johnson,1996-97,37,2TM,52,913,13.4,-1.8,0.0,1.8,.093
Eddie Johnson,1996-97,37,IND,28,306,11.7,-3.4,-0.1,0.3,.048
Eddie Johnson,1996-97,37,HOU,24,607,14.2,-1.0,0.2,1.5,.115
Eddie Johnson,1997-98,38,HOU,75,1490,13.1,-2.0,0.0,2.2,.070
Eddie Johnson,1998-99,39,HOU,3,18,10.2,-15.1,-0.1,-0.1,-0.134
Eric Johnson,1989-90,23,UTA,48,272,4.6,-6.9,-0.3,-0.4,-0.065
Ervin Johnson,1993-94,26,SEA,45,280,16.1,-4.8,-0.2,0.7,.114
Ervin Johnson,1994-95,27,SEA,64,907,9.6,-4.0,-0.5,1.3,.067
Ervin Johnson,1995-96,28,SEA,81,1519,13.1,-1.1,0.4,3.9,.123
Ervin Johnson,1996-97,29,DEN,82,2599,14.3,-0.4,1.1,5.2,.096
Ervin Johnson,1997-98,30,MIL,81,2261,15.6,0.3,1.3,6.4,.136
Ervin Johnson,1998-99,31,MIL,50,1027,14.5,-0.8,0.3,3.0,.140
Ervin Johnson,1999-00,32,MIL,80,2129,12.7,-0.4,0.9,4.9,.111
Ervin Johnson,2000-01,33,MIL,82,1981,11.2,-0.8,0.6,5.1,.123
Ervin Johnson,2001-02,34,MIL,81,1660,8.6,-3.5,-0.6,2.3,.067
Ervin Johnson,2002-03,35,MIL,69,1170,9.4,-3.0,-0.3,1.9,.079
Ervin Johnson,2003-04,36,MIN,66,965,8.5,-1.3,0.2,2.3,.115
Ervin Johnson,2004-05,37,MIN,46,410,8.3,-5.4,-0.4,0.8,.091
Ervin Johnson,2005-06,38,MIL,18,81,3.1,-9.9,-0.2,0.0,-0.010
Frank Johnson,1981-82,23,WSB,79,2027,12.0,-1.8,0.1,2.1,.049
Frank Johnson,1982-83,24,WSB,68,2324,12.9,-0.7,0.8,3.0,.061
Frank Johnson,1983-84,25,WSB,82,2686,13.6,-0.6,1.0,4.3,.076
Frank Johnson,1984-85,26,WSB,46,925,15.0,0.6,0.6,1.9,.101
Frank Johnson,1985-86,27,WSB,14,402,13.7,-2.0,0.0,0.5,.064
Frank Johnson,1986-87,28,WSB,18,399,12.2,-1.5,0.1,0.5,.055
Frank Johnson,1987-88,29,WSB,75,1258,13.5,-1.0,0.3,1.6,.063
Frank Johnson,1988-89,30,HOU,67,879,10.4,-3.0,-0.2,0.6,.034
Frank Johnson,1989-90,,Did not play - other pro league,,,,,,,
Frank Johnson,1990-91,,Did not play - other pro league,,,,,,,
Frank Johnson,1991-92,,Did not play - other pro league,,,,,,,
Frank Johnson,1992-93,34,PHO,77,1122,10.8,-1.7,0.1,1.5,.064
Frank Johnson,1993-94,35,PHO,70,875,11.6,-3.5,-0.3,1.2,.067
George Johnson,1970-71,23,BAL,24,337,7.8,,,0.2,.025
George Johnson,1971-72,24,DLC,67,1477,8.8,,,2.4,.078
George Johnson,1972-73,25,HOU,19,169,8.0,,,0.3,.073
George Johnson,1973-74,26,HOU,26,238,8.4,-3.9,-0.1,0.1,.025
George Johnson,1970-71,,Did not play - waived,,,,,,,
George Johnson,1971-72,,Did not play - other pro league,,,,,,,
George Johnson,1972-73,24,GSW,56,349,10.1,,,0.3,.044
George Johnson,1973-74,25,GSW,66,1291,15.9,1.1,1.0,3.4,.125
George Johnson,1974-75,26,GSW,82,1439,14.4,0.3,0.8,3.6,.121
George Johnson,1975-76,27,GSW,82,1745,13.2,1.2,1.4,5.0,.138
George Johnson,1976-77,28,2TM,78,1652,14.4,0.6,1.1,3.5,.102
George Johnson,1976-77,28,GSW,39,597,14.5,0.7,0.4,1.6,.131
George Johnson,1976-77,28,BUF,39,1055,14.3,0.6,0.7,1.9,.086
George Johnson,1977-78,29,NJN,81,2411,11.6,-1.7,0.2,2.0,.040
George Johnson,1978-79,30,NJN,78,2058,11.1,-0.9,0.6,2.6,.061
George Johnson,1979-80,31,NJN,81,2119,11.8,-0.3,0.9,2.6,.060
George Johnson,1980-81,32,SAS,82,1935,13.5,1.6,1.8,4.5,.112
George Johnson,1981-82,33,SAS,75,1578,10.6,0.4,1.0,2.5,.076
George Johnson,1982-83,34,ATL,37,461,10.8,0.9,0.3,1.0,.100
George Johnson,1983-84,,Did not play - other,,,,,,,
George Johnson,1984-85,36,NJN,65,800,8.3,-1.4,0.1,1.3,.081
George Johnson,1985-86,37,SEA,41,264,10.7,0.9,0.2,0.6,.103
George Johnson,1978-79,22,MIL,67,1157,14.0,-0.5,0.4,2.5,.102
George Johnson,1979-80,23,DEN,75,1938,15.0,-0.5,0.7,3.8,.095
George Johnson,1980-81,24,IND,43,930,17.4,0.4,0.6,2.2,.112
George Johnson,1981-82,25,IND,59,720,12.3,-4.1,-0.4,0.6,.040
George Johnson,1982-83,26,IND,82,2297,12.7,-2.7,-0.4,1.0,.021
George Johnson,1983-84,27,IND,81,2073,15.3,-0.7,0.7,3.2,.075
George Johnson,1984-85,28,PHI,55,756,9.9,-3.1,-0.2,0.7,.047
George Johnson,1985-86,29,WSB,2,7,11.5,-5.1,0.0,0.0,.025
Gus Johnson,1963-64,25,BAL,78,2847,16.3,,,3.5,.060
Gus Johnson,1964-65,26,BAL,76,2899,16.6,,,2.2,.036
Gus Johnson,1965-66,27,BAL,41,1284,17.4,,,1.6,.060
Gus Johnson,1966-67,28,BAL,73,2626,17.6,,,5.0,.092
Gus Johnson,1967-68,29,BAL,60,2271,17.1,,,5.3,.112
Gus Johnson,1968-69,30,BAL,49,1671,17.5,,,5.1,.148
Gus Johnson,1969-70,31,BAL,78,2919,16.3,,,5.9,.097
Gus Johnson,1970-71,32,BAL,66,2538,18.9,,,7.2,.136
Gus Johnson,1971-72,33,BAL,39,668,12.2,,,0.1,.007
Gus Johnson,1972-73,34,2TM,71,1170,12.7,,,0.9,.035
Gus Johnson,1972-73,34,PHO,21,417,11.6,,,-0.2,-0.020
Gus Johnson,1972-73,34,INA,50,753,13.4,,,1.0,.066
Harold Johnson,1946-47,27,DTF,27,,,,,0.4,
Ivan Johnson,2011-12,27,ATL,56,934,14.3,-2.2,0.0,2.2,.113
Ivan Johnson,2012-13,28,ATL,69,1035,15.7,-1.6,0.1,2.3,.106
JaJuan Johnson,2011-12,22,BOS,36,298,11.4,-3.9,-0.1,0.2,.032
Jalen Johnson,2021-22,20,ATL,22,120,11.3,-4.9,-0.1,0.0,.013
Jalen Johnson,2022-23,21,ATL,70,1042,14.1,0.3,0.6,2.1,.099
Jalen Johnson,2023-24,22,ATL,56,1889,16.3,1.2,1.5,3.8,.098
Jalen Johnson,2024-25,23,ATL,36,1284,17.3,1.8,1.2,2.4,.089
James Johnson,2009-10,22,CHI,65,757,10.4,-2.4,-0.1,0.8,.054
James Johnson,2010-11,23,2TM,38,822,12.6,-0.6,0.3,0.6,.036
James Johnson,2010-11,23,CHI,13,123,8.8,-3.4,-0.1,0.0,-0.014
James Johnson,2010-11,23,TOR,25,699,13.2,-0.2,0.3,0.6,.044
James Johnson,2011-12,24,TOR,62,1561,14.5,1.5,1.3,2.6,.079
James Johnson,2012-13,25,SAC,54,878,10.2,-3.5,-0.3,-0.5,-0.028
James Johnson,2013-14,26,MEM,52,956,18.5,4.5,1.6,3.0,.150
James Johnson,2014-15,27,TOR,70,1370,17.9,2.4,1.5,4.1,.143
James Johnson,2015-16,28,TOR,57,926,11.4,-1.0,0.2,1.3,.068
James Johnson,2016-17,29,MIA,76,2085,17.0,2.8,2.5,5.1,.117
James Johnson,2017-18,30,MIA,73,1943,15.8,1.6,1.7,5.0,.123
James Johnson,2018-19,31,MIA,55,1164,10.9,-1.2,0.2,1.5,.062
James Johnson,2019-20,32,2TM,32,619,14.8,0.0,0.3,1.1,.089
James Johnson,2019-20,32,MIA,18,281,11.1,-1.8,0.0,0.4,.065
James Johnson,2019-20,32,MIN,14,338,17.9,1.6,0.3,0.8,.109
James Johnson,2020-21,33,2TM,51,1043,11.4,-1.2,0.2,1.2,.055
James Johnson,2020-21,33,DAL,29,504,12.2,0.5,0.3,0.8,.073
James Johnson,2020-21,33,NOP,22,539,10.6,-2.7,-0.1,0.4,.039
James Johnson,2021-22,34,BRK,62,1191,10.3,-2.2,-0.1,1.7,.068
James Johnson,2022-23,35,IND,18,162,8.4,-4.4,-0.1,0.1,.017
James Johnson,2023-24,36,IND,9,47,5.0,-5.8,0.0,0.0,-0.050
James Johnson,2024-25,37,IND,12,37,0.0,-9.7,-0.1,-0.1,-0.162
Joe Johnson,2001-02,20,2TM,77,1916,11.8,-0.7,0.6,3.0,.075
Joe Johnson,2001-02,20,BOS,48,1003,12.0,-0.4,0.4,2.0,.094
Joe Johnson,2001-02,20,PHO,29,913,11.5,-1.0,0.2,1.0,.054
Joe Johnson,2002-03,21,PHO,82,2255,11.6,-1.4,0.4,2.8,.060
Joe Johnson,2003-04,22,PHO,82,3331,13.9,-1.3,0.6,3.3,.047
Joe Johnson,2004-05,23,PHO,82,3240,15.1,0.9,2.4,7.6,.112
Joe Johnson,2005-06,24,ATL,82,3340,17.9,1.0,2.5,6.0,.086
Joe Johnson,2006-07,25,ATL,57,2359,19.5,2.5,2.7,5.1,.105
Joe Johnson,2007-08,26,ATL,82,3343,17.3,1.2,2.7,7.0,.100
Joe Johnson,2008-09,27,ATL,79,3124,18.2,1.8,3.1,7.6,.116
Joe Johnson,2009-10,28,ATL,76,2886,19.3,2.7,3.4,8.4,.140
Joe Johnson,2010-11,29,ATL,72,2554,16.4,-0.3,1.1,4.2,.080
Joe Johnson,2011-12,30,ATL,60,2127,18.4,2.1,2.2,6.4,.145
Joe Johnson,2012-13,31,BRK,72,2642,14.1,0.0,1.3,5.1,.092
Joe Johnson,2013-14,32,BRK,79,2575,15.5,0.2,1.4,4.9,.091
Joe Johnson,2014-15,33,BRK,80,2791,14.1,-0.1,1.3,4.1,.070
Joe Johnson,2015-16,34,2TM,81,2703,12.0,-1.9,0.1,2.7,.048
Joe Johnson,2015-16,34,BRK,57,1934,10.7,-2.6,-0.3,0.7,.018
Joe Johnson,2015-16,34,MIA,24,769,15.2,-0.1,0.4,2.0,.123
Joe Johnson,2016-17,35,UTA,78,1843,12.8,0.4,1.1,3.8,.099
Joe Johnson,2017-18,36,2TM,55,1205,8.1,-2.9,-0.3,1.0,.040
Joe Johnson,2017-18,36,UTA,32,700,9.0,-2.6,-0.1,0.6,.041
Joe Johnson,2017-18,36,HOU,23,505,6.8,-3.3,-0.2,0.4,.038
Joe Johnson,2018-19,,Did not play - other pro league,,,,,,,
Joe Johnson,2019-20,,Did not play - other pro league,,,,,,,
Joe Johnson,2020-21,,Did not play - other pro league,,,,,,,
Joe Johnson,2021-22,40,BOS,1,2,38.7,15.0,0.0,0.0,.335
John Johnson,1970-71,23,CLE,67,2310,15.4,,,2.1,.044
John Johnson,1971-72,24,CLE,82,3041,15.4,,,4.6,.073
John Johnson,1972-73,25,CLE,82,2815,13.8,,,4.3,.073
John Johnson,1973-74,26,POR,69,2287,16.8,0.0,1.1,4.0,.083
John Johnson,1974-75,27,POR,80,2540,16.7,0.6,1.7,6.2,.116
John Johnson,1975-76,28,2TM,76,1697,15.2,-0.1,0.8,2.5,.070
John Johnson,1975-76,28,POR,9,212,15.9,-0.4,0.1,0.4,.101
John Johnson,1975-76,28,HOU,67,1485,15.1,-0.1,0.7,2.0,.066
John Johnson,1976-77,29,HOU,79,1738,13.0,-1.2,0.4,2.3,.064
John Johnson,1977-78,30,2TM,77,1823,11.9,-2.0,0.0,2.1,.055
John Johnson,1977-78,30,HOU,1,11,-2.6,-5.3,0.0,-0.1,-0.281
John Johnson,1977-78,30,SEA,76,1812,11.9,-2.0,0.0,2.1,.057
John Johnson,1978-79,31,SEA,82,2386,11.2,-1.8,0.1,2.7,.053
John Johnson,1979-80,32,SEA,81,2533,13.3,0.3,1.5,4.9,.093
John Johnson,1980-81,33,SEA,80,2324,11.3,-2.4,-0.2,1.2,.025
John Johnson,1981-82,34,SEA,14,187,9.8,-2.2,0.0,0.2,.062
Kannard Johnson,1987-88,22,CLE,4,12,-4.6,-9.7,0.0,-0.1,-0.238
Keldon Johnson,2019-20,20,SAS,17,301,19.1,1.5,0.3,1.1,.174
Keldon Johnson,2020-21,21,SAS,69,1968,13.8,-1.6,0.2,3.3,.079
Keldon Johnson,2021-22,22,SAS,75,2392,15.2,-0.5,0.9,4.9,.099
Keldon Johnson,2022-23,23,SAS,63,2063,15.3,-1.8,0.1,1.3,.030
Keldon Johnson,2023-24,24,SAS,69,2038,14.2,-1.7,0.2,3.0,.071
Keldon Johnson,2024-25,25,SAS,77,1838,15.6,-1.6,0.2,3.2,.083
Ken Johnson,1985-86,23,POR,64,815,9.3,-4.9,-0.6,0.8,.044
Ken Johnson,2001-02,,Did not play - other pro league,,,,,,,
Ken Johnson,2002-03,24,MIA,16,156,6.1,-6.8,-0.2,0.0,-0.002
Keon Johnson,2021-22,19,2TM,37,697,8.7,-5.9,-0.7,-0.5,-0.031
Keon Johnson,2021-22,19,LAC,15,135,9.4,-5.7,-0.1,0.1,.018
Keon Johnson,2021-22,19,POR,22,562,8.5,-6.0,-0.6,-0.5,-0.043
Keon Johnson,2022-23,20,POR,40,416,9.0,-5.4,-0.4,-0.5,-0.057
Keon Johnson,2023-24,21,BRK,5,61,13.1,-2.7,0.0,0.1,.068
Keon Johnson,2024-25,22,BRK,79,1925,10.4,-3.3,-0.6,0.5,.014
Keshad Johnson,2024-25,23,MIA,16,98,19.1,-0.1,0.0,0.4,.181
Kevin Johnson,1987-88,21,2TM,80,1917,15.5,0.9,1.4,4.0,.101
Kevin Johnson,1987-88,21,CLE,52,1043,13.4,-0.2,0.5,1.8,.085
Kevin Johnson,1987-88,21,PHO,28,874,18.0,2.2,0.9,2.2,.120
Kevin Johnson,1988-89,22,PHO,81,3179,20.5,4.2,5.0,12.2,.184
Kevin Johnson,1989-90,23,PHO,74,2782,22.8,5.0,4.9,11.6,.200
Kevin Johnson,1990-91,24,PHO,77,2772,23.7,6.6,6.0,12.7,.220
Kevin Johnson,1991-92,25,PHO,78,2899,19.9,3.5,4.0,10.0,.165
Kevin Johnson,1992-93,26,PHO,49,1643,18.1,2.0,1.6,5.1,.148
Kevin Johnson,1993-94,27,PHO,67,2449,20.6,3.4,3.4,8.7,.170
Kevin Johnson,1994-95,28,PHO,47,1352,21.0,3.5,1.9,4.8,.169
Kevin Johnson,1995-96,29,PHO,56,2007,22.8,4.7,3.4,8.2,.195
Kevin Johnson,1996-97,30,PHO,70,2658,22.9,5.0,4.7,11.7,.211
Kevin Johnson,1997-98,31,PHO,50,1290,15.6,0.5,0.8,3.5,.131
Kevin Johnson,1998-99,,Did not play - retired,,,,,,,
Kevin Johnson,1999-00,33,PHO,6,113,17.3,3.8,0.2,0.5,.195
Keyontae Johnson,2023-24,23,OKC,9,66,1.6,-9.8,-0.1,-0.1,-0.068
Larry Johnson,1977-78,23,BUF,4,38,8.0,-2.9,0.0,-0.1,-0.099
Larry Johnson,1991-92,22,CHH,82,3047,18.9,1.4,2.6,8.9,.140
Larry Johnson,1992-93,23,CHH,82,3323,18.9,2.1,3.5,9.6,.139
Larry Johnson,1993-94,24,CHH,51,1757,16.8,0.4,1.1,3.9,.106
Larry Johnson,1994-95,25,CHH,81,3234,17.1,2.0,3.2,8.5,.126
Larry Johnson,1995-96,26,CHH,81,3274,19.8,2.8,3.9,10.1,.149
Larry Johnson,1996-97,27,NYK,76,2613,13.8,1.3,2.2,7.7,.141
Larry Johnson,1997-98,28,NYK,70,2412,15.8,0.6,1.6,6.9,.137
Larry Johnson,1998-99,29,NYK,49,1639,14.6,1.2,1.3,4.9,.144
Larry Johnson,1999-00,30,NYK,70,2281,12.4,0.7,1.6,5.1,.107
Larry Johnson,2000-01,31,NYK,65,2105,11.2,-0.1,1.0,4.1,.093
Lee Johnson,1979-80,,Did not play - other pro league,,,,,,,
Lee Johnson,1980-81,23,2TM,12,90,0.8,-6.4,-0.2,-0.2,-0.095
Lee Johnson,1980-81,23,HOU,10,80,1.5,-6.5,-0.2,-0.2,-0.091
Lee Johnson,1980-81,23,DET,2,10,-4.7,-5.0,0.0,0.0,-0.132
Linton Johnson,2003-04,23,CHI,41,734,9.6,-3.3,-0.2,0.4,.023
Linton Johnson,2004-05,24,SAS,2,15,-3.4,-9.9,0.0,0.0,-0.122
Linton Johnson,2005-06,25,2TM,36,524,10.1,-4.1,-0.3,0.4,.036
Linton Johnson,2005-06,25,NJN,9,35,4.4,-7.2,0.0,0.0,-0.065
Linton Johnson,2005-06,25,NOK,27,489,10.5,-3.9,-0.2,0.4,.043
Linton Johnson,2006-07,26,NOK,54,720,14.0,0.1,0.4,1.9,.125
Linton Johnson,2007-08,27,2TM,8,63,8.2,-6.4,-0.1,0.0,.024
Linton Johnson,2007-08,27,PHO,6,53,9.5,-4.2,0.0,0.1,.087
Linton Johnson,2007-08,27,TOR,2,10,1.1,-18.3,0.0,-0.1,-0.308
Linton Johnson,2008-09,28,2TM,10,55,3.4,-7.7,-0.1,0.0,-0.004
Linton Johnson,2008-09,28,CHA,2,13,-1.5,-8.1,0.0,0.0,.010
Linton Johnson,2008-09,28,CHI,8,42,5.0,-7.6,-0.1,0.0,-0.008
Magic Johnson,1979-80,20,LAL,77,2795,20.6,4.8,4.8,10.5,.180
Magic Johnson,1980-81,21,LAL,37,1371,25.7,8.8,3.8,6.4,.225
Magic Johnson,1981-82,22,LAL,78,2991,22.9,7.2,7.0,12.9,.207
Magic Johnson,1982-83,23,LAL,79,2907,23.0,7.2,6.8,12.5,.207
Magic Johnson,1983-84,24,LAL,67,2567,22.6,6.6,5.6,10.2,.191
Magic Johnson,1984-85,25,LAL,77,2781,23.2,6.7,6.1,12.7,.220
Magic Johnson,1985-86,26,LAL,72,2578,24.0,6.7,5.7,12.1,.226
Magic Johnson,1986-87,27,LAL,80,2904,27.0,8.8,8.0,15.9,.263
Magic Johnson,1987-88,28,LAL,72,2637,23.1,6.0,5.3,10.9,.199
Magic Johnson,1988-89,29,LAL,77,2886,26.9,9.4,8.3,16.1,.267
Magic Johnson,1989-90,30,LAL,79,2937,26.6,10.1,8.9,16.5,.270
Magic Johnson,1990-91,31,LAL,79,2933,25.1,9.0,8.1,15.4,.251
Magic Johnson,1991-92,,Did not play - illness,,,,,,,
Magic Johnson,1992-93,,Did not play - illness,,,,,,,
Magic Johnson,1993-94,,Did not play - illness,,,,,,,
Magic Johnson,1994-95,,Did not play - illness,,,,,,,
Magic Johnson,1995-96,36,LAL,32,958,21.1,5.2,1.8,3.6,.181
Marques Johnson,1977-78,21,MIL,80,2765,21.3,2.7,3.3,10.6,.185
Marques Johnson,1978-79,22,MIL,77,2779,23.9,5.2,5.0,12.2,.211
Marques Johnson,1979-80,23,MIL,77,2686,22.0,5.1,4.8,11.5,.206
Marques Johnson,1980-81,24,MIL,76,2542,22.0,5.6,4.9,11.2,.211
Marques Johnson,1981-82,25,MIL,60,1900,18.0,2.9,2.3,6.2,.158
Marques Johnson,1982-83,26,MIL,80,2853,21.1,4.5,4.7,10.7,.180
Marques Johnson,1983-84,27,MIL,74,2715,19.4,3.6,3.8,8.6,.152
Marques Johnson,1984-85,28,LAC,72,2448,14.3,-1.4,0.4,2.7,.053
Marques Johnson,1985-86,29,LAC,75,2605,18.9,1.7,2.5,5.9,.108
Marques Johnson,1986-87,30,LAC,10,302,14.0,-1.1,0.1,0.1,.022
Marques Johnson,1987-88,,Did not play - injury,,,,,,,
Marques Johnson,1988-89,,Did not play - injury,,,,,,,
Marques Johnson,1989-90,33,GSW,10,99,8.5,-4.9,-0.1,0.0,-0.016
Mickey Johnson,1974-75,22,CHI,38,291,17.6,-1.5,0.1,0.7,.117
Mickey Johnson,1975-76,23,CHI,81,2390,19.4,2.3,2.6,8.3,.167
Mickey Johnson,1976-77,24,CHI,81,2847,17.6,0.8,2.0,8.5,.143
Mickey Johnson,1977-78,25,CHI,81,2870,17.4,0.8,2.0,7.2,.121
Mickey Johnson,1978-79,26,CHI,82,2594,15.5,0.3,1.5,3.7,.069
Mickey Johnson,1979-80,27,IND,82,2647,20.3,2.8,3.2,7.3,.132
Mickey Johnson,1980-81,28,MIL,82,2118,16.3,1.4,1.8,5.3,.121
Mickey Johnson,1981-82,29,MIL,76,1934,16.4,1.2,1.6,5.5,.136
Mickey Johnson,1982-83,30,3TM,78,2053,15.8,-0.2,0.9,4.1,.095
Mickey Johnson,1982-83,30,MIL,6,153,9.8,-3.7,-0.1,0.1,.034
Mickey Johnson,1982-83,30,NJN,42,1001,16.1,0.8,0.7,2.3,.111
Mickey Johnson,1982-83,30,GSW,30,899,16.5,-0.6,0.3,1.7,.088
Mickey Johnson,1983-84,31,GSW,78,2122,15.3,-0.6,0.7,3.5,.079
Mickey Johnson,1984-85,32,GSW,66,1565,17.2,0.4,1.0,2.7,.083
Mickey Johnson,1985-86,33,NJN,79,1574,11.8,-1.4,0.3,1.8,.055
Neil Johnson,1966-67,23,NYK,51,522,9.4,,,-0.2,-0.014
Neil Johnson,1967-68,24,NYK,43,286,10.5,,,0.2,.032
Neil Johnson,1968-69,25,PHO,80,1319,13.1,,,2.2,.080
Neil Johnson,1969-70,26,PHO,28,136,6.8,,,-0.3,-0.096
Neil Johnson,1970-71,27,VIR,78,1838,19.1,,,6.3,.165
Neil Johnson,1971-72,28,VIR,31,874,13.8,,,1.9,.105
Neil Johnson,1972-73,29,VIR,69,1442,11.1,,,2.5,.082
Nick Johnson,2014-15,22,HOU,28,262,4.8,-6.5,-0.3,-0.1,-0.020
Ollie Johnson,1972-73,23,POR,78,2138,13.5,,,4.1,.093
Ollie Johnson,1973-74,24,POR,79,1718,11.8,-0.9,0.5,2.0,.057
Ollie Johnson,1974-75,25,2TM,73,1667,10.9,-0.9,0.5,2.6,.075
Ollie Johnson,1974-75,25,NOJ,43,1159,10.8,-1.0,0.3,1.6,.065
Ollie Johnson,1974-75,25,KCO,30,508,11.3,-0.7,0.2,1.0,.098
Ollie Johnson,1975-76,26,KCK,81,2150,13.5,0.1,1.1,4.8,.107
Ollie Johnson,1976-77,27,KCK,81,1386,12.6,-0.7,0.4,2.9,.102
Ollie Johnson,1977-78,28,ATL,82,1704,13.9,0.6,1.1,3.6,.102
Ollie Johnson,1978-79,29,CHI,71,1734,12.3,-0.4,0.7,3.1,.085
Ollie Johnson,1979-80,30,CHI,79,1535,12.3,-0.9,0.4,2.3,.073
Ollie Johnson,1980-81,31,PHI,40,372,16.7,1.0,0.3,1.3,.161
Ollie Johnson,1981-82,32,PHI,26,150,12.4,-2.1,0.0,0.2,.076
Omari Johnson,2017-18,28,MEM,4,75,10.5,-4.5,0.0,0.1,.053
Orlando Johnson,2012-13,23,IND,51,619,11.4,0.2,0.3,1.5,.115
Orlando Johnson,2013-14,24,2TM,45,392,5.3,-5.1,-0.3,0.1,.008
Orlando Johnson,2013-14,24,IND,38,342,6.1,-4.3,-0.2,0.2,.031
Orlando Johnson,2013-14,24,SAC,7,50,-0.3,-10.5,-0.1,-0.1,-0.144
Orlando Johnson,2014-15,,Did not play - other pro league,,,,,,,
Orlando Johnson,2015-16,26,2TM,7,101,3.6,-8.3,-0.2,-0.2,-0.087
Orlando Johnson,2015-16,26,PHO,2,47,10.1,-2.4,0.0,0.0,.026
Orlando Johnson,2015-16,26,NOP,5,54,-2.1,-13.4,-0.2,-0.2,-0.185
Ralph Johnson,1949-50,28,2TM,67,,,,,2.9,
Ralph Johnson,1949-50,28,AND,35,,,,,2.4,
Ralph Johnson,1949-50,28,FTW,32,,,,,0.5,
Ralph Johnson,1950-51,29,FTW,68,,,,,0.8,
Ralph Johnson,1951-52,30,FTW,66,2265,8.8,,,1.6,.034
Ralph Johnson,1952-53,31,FTW,3,30,8.4,,,0.0,.031
Rich Johnson,1968-69,22,BOS,31,163,9.0,,,0.1,.022
Rich Johnson,1969-70,23,BOS,65,898,10.5,,,1.2,.062
Rich Johnson,1970-71,24,4TM,39,555,13.0,,,0.9,.080
Rich Johnson,1970-71,24,3TM,38,542,12.8,,,0.8,.073
Rich Johnson,1970-71,24,BOS,1,13,22.2,,,0.1,.406
Rich Johnson,1970-71,24,FLO,7,117,9.0,,,0.3,.104
Rich Johnson,1970-71,24,CAR,25,395,13.4,,,0.5,.061
Rich Johnson,1970-71,24,PTC,6,30,20.5,,,0.1,.099
Ron Johnson,1960-61,22,2TM,14,103,7.5,,,-0.1,-0.054
Ron Johnson,1960-61,22,DET,6,60,11.0,,,0.0,.005
Ron Johnson,1960-61,22,LAL,8,43,2.6,,,-0.1,-0.136
Stanley Johnson,2015-16,19,DET,73,1687,8.7,-3.3,-0.5,0.6,.018
Stanley Johnson,2016-17,20,DET,77,1371,7.2,-3.0,-0.3,0.4,.012
Stanley Johnson,2017-18,21,DET,69,1894,9.0,-2.9,-0.4,1.8,.046
Stanley Johnson,2018-19,22,2TM,66,1208,9.6,-2.2,0.0,0.5,.021
Stanley Johnson,2018-19,22,DET,48,961,9.8,-1.6,0.1,0.7,.034
Stanley Johnson,2018-19,22,NOP,18,247,8.9,-4.5,-0.2,-0.1,-0.028
Stanley Johnson,2019-20,23,TOR,25,150,9.9,-2.5,0.0,0.0,.014
Stanley Johnson,2020-21,24,TOR,61,1006,8.8,-2.5,-0.1,1.0,.048
Stanley Johnson,2021-22,25,LAL,48,1094,10.5,-2.7,-0.2,1.8,.079
Stanley Johnson,2022-23,26,SAS,30,469,13.5,-1.0,0.1,0.7,.076
Stanley Johnson,2023-24,,Did not play - other pro league,,,,,,,
Steffond Johnson,1986-87,24,LAC,29,234,4.7,-9.8,-0.5,-0.2,-0.037
Steve Johnson,1981-82,24,KCK,78,1741,17.6,-0.7,0.6,4.4,.121
Steve Johnson,1982-83,25,KCK,79,1544,18.1,0.5,1.0,4.4,.137
Steve Johnson,1983-84,26,2TM,81,1487,14.8,-2.5,-0.2,2.4,.079
Steve Johnson,1983-84,26,KCK,50,893,15.2,-2.0,0.0,1.4,.075
Steve Johnson,1983-84,26,CHI,31,594,14.2,-3.2,-0.2,1.0,.084
Steve Johnson,1984-85,27,CHI,74,1659,14.1,-2.1,-0.1,3.1,.090
Steve Johnson,1985-86,28,SAS,71,1828,16.8,-0.4,0.7,4.9,.128
Steve Johnson,1986-87,29,POR,79,2345,15.1,-1.4,0.3,4.4,.091
Steve Johnson,1987-88,30,POR,43,1050,14.9,-3.1,-0.3,1.3,.058
Steve Johnson,1988-89,31,POR,72,1477,12.4,-3.6,-0.6,1.7,.056
Steve Johnson,1989-90,32,2TM,25,259,9.6,-5.3,-0.2,0.0,.006
Steve Johnson,1989-90,32,MIN,4,17,-21.8,-29.7,-0.1,-0.2,-0.587
Steve Johnson,1989-90,32,SEA,21,242,11.8,-3.6,-0.1,0.2,.047
Steve Johnson,1990-91,33,GSW,24,228,9.6,-4.5,-0.1,0.2,.034
Stew Johnson,1966-67,,Did not play - other pro league,,,,,,,
Stew Johnson,1967-68,23,2TM,72,1475,9.6,,,-1.5,-0.048
Stew Johnson,1967-68,23,KEN,17,279,11.9,,,-0.3,-0.053
Stew Johnson,1967-68,23,NJA,55,1196,9.0,,,-1.2,-0.047
Stew Johnson,1968-69,24,2TM,78,2484,18.7,,,3.6,.070
Stew Johnson,1968-69,24,NYA,9,205,11.1,,,0.1,.027
Stew Johnson,1968-69,24,HSM,69,2279,19.4,,,3.5,.074
Stew Johnson,1969-70,25,PTP,81,2347,14.3,,,-0.4,-0.009
Stew Johnson,1970-71,26,PTC,84,2595,14.7,,,1.8,.033
Stew Johnson,1971-72,27,2TM,67,1534,14.1,,,-0.3,-0.011
Stew Johnson,1971-72,27,PTC,17,409,11.1,,,-0.7,-0.080
Stew Johnson,1971-72,27,CAR,50,1125,15.2,,,0.3,.015
Stew Johnson,1972-73,28,SDA,80,2952,15.6,,,2.7,.044
Stew Johnson,1973-74,29,SDA,84,2652,16.8,-0.7,0.9,4.3,.077
Stew Johnson,1974-75,30,2TM,81,2812,14.1,-2.4,-0.3,2.1,.035
Stew Johnson,1974-75,30,SDA,9,253,13.1,-3.5,-0.1,-0.1,-0.016
Stew Johnson,1974-75,30,MMS,72,2559,14.2,-2.3,-0.2,2.1,.040
Stew Johnson,1975-76,31,2TM,20,350,6.6,-5.8,-0.5,-0.3,-0.047
Stew Johnson,1975-76,31,SDS,10,227,7.6,-5.1,-0.2,-0.1,-0.023
Stew Johnson,1975-76,31,SAA,10,123,4.7,-6.9,-0.3,-0.2,-0.092
Trey Johnson,2008-09,24,CLE,4,14,-9.3,-23.2,-0.1,-0.1,-0.205
Trey Johnson,2009-10,,Did not play - other pro league,,,,,,,
Trey Johnson,2010-11,26,2TM,8,94,8.3,-6.4,-0.1,0.0,-0.009
Trey Johnson,2010-11,26,TOR,7,81,7.0,-7.0,-0.1,-0.1,-0.048
Trey Johnson,2010-11,26,LAL,1,13,16.2,-2.4,0.0,0.1,.230
Trey Johnson,2011-12,27,NOH,11,61,11.8,-2.9,0.0,0.1,.096
Tyler Johnson,2014-15,22,MIA,32,603,12.0,-0.9,0.2,0.8,.060
Tyler Johnson,2015-16,23,MIA,36,863,13.8,0.7,0.6,2.0,.113
Tyler Johnson,2016-17,24,MIA,73,2178,15.9,1.4,1.8,5.8,.128
Tyler Johnson,2017-18,25,MIA,72,2052,13.0,-0.3,0.9,4.2,.097
Tyler Johnson,2018-19,26,2TM,57,1529,12.4,-0.4,0.6,2.3,.071
Tyler Johnson,2018-19,26,MIA,44,1123,12.3,-0.1,0.5,1.8,.075
Tyler Johnson,2018-19,26,PHO,13,406,12.8,-1.0,0.1,0.5,.060
Tyler Johnson,2019-20,27,2TM,39,709,10.1,-2.9,-0.2,0.7,.050
Tyler Johnson,2019-20,27,PHO,31,515,8.1,-3.6,-0.2,0.2,.014
Tyler Johnson,2019-20,27,BRK,8,194,15.6,-1.1,0.0,0.6,.144
Tyler Johnson,2020-21,28,BRK,39,684,8.2,-3.4,-0.2,0.7,.049
Tyler Johnson,2021-22,29,2TM,6,91,7.1,-3.0,0.0,0.1,.033
Tyler Johnson,2021-22,29,PHI,3,38,9.4,-2.0,0.0,0.1,.072
Tyler Johnson,2021-22,29,SAS,3,53,5.5,-3.8,0.0,0.0,.006
Vinnie Johnson,1979-80,23,SEA,38,325,10.9,-2.2,0.0,0.2,.031
Vinnie Johnson,1980-81,24,SEA,81,2311,16.8,1.9,2.3,5.9,.122
Vinnie Johnson,1981-82,25,2TM,74,1295,14.5,1.0,1.0,2.7,.098
Vinnie Johnson,1981-82,25,SEA,7,104,12.0,-0.8,0.1,0.2,.114
Vinnie Johnson,1981-82,25,DET,67,1191,14.7,1.2,0.9,2.4,.097
Vinnie Johnson,1982-83,26,DET,82,2511,17.6,2.1,2.6,7.7,.147
Vinnie Johnson,1983-84,27,DET,82,1909,15.9,0.3,1.1,4.1,.103
Vinnie Johnson,1984-85,28,DET,82,2093,14.9,0.3,1.2,4.2,.097
Vinnie Johnson,1985-86,29,DET,79,1978,17.0,1.4,1.7,4.7,.115
Vinnie Johnson,1986-87,30,DET,78,2166,17.0,1.6,1.9,4.8,.107
Vinnie Johnson,1987-88,31,DET,82,1935,13.8,-0.9,0.5,2.3,.056
Vinnie Johnson,1988-89,32,DET,82,2073,17.3,2.3,2.2,5.9,.136
Vinnie Johnson,1989-90,33,DET,82,1972,12.9,-0.1,0.9,3.2,.079
Vinnie Johnson,1990-91,34,DET,82,2390,12.8,-0.2,1.1,3.8,.077
Vinnie Johnson,1991-92,35,SAS,60,1350,10.4,-2.4,-0.1,1.2,.042
Wesley Johnson,2010-11,23,MIN,79,2069,10.2,-1.7,0.2,1.3,.030
Wesley Johnson,2011-12,24,MIN,65,1469,8.0,-2.1,0.0,0.6,.021
Wesley Johnson,2012-13,25,PHO,50,953,10.3,-3.3,-0.3,0.0,.000
Wesley Johnson,2013-14,26,LAL,79,2240,11.0,-1.1,0.5,1.9,.041
Wesley Johnson,2014-15,27,LAL,76,2245,11.1,-1.9,0.1,1.7,.037
Wesley Johnson,2015-16,28,LAC,80,1666,11.0,-0.2,0.8,2.6,.076
Wesley Johnson,2016-17,29,LAC,68,810,8.4,-2.0,0.0,0.9,.051
Wesley Johnson,2017-18,30,LAC,74,1486,9.8,-0.7,0.5,1.7,.055
Wesley Johnson,2018-19,31,2TM,38,534,5.5,-4.8,-0.4,0.0,.001
Wesley Johnson,2018-19,31,NOP,26,377,6.9,-3.1,-0.1,0.3,.032
Wesley Johnson,2018-19,31,WAS,12,157,2.0,-8.9,-0.3,-0.2,-0.075
Darius Johnson-Odom,2012-13,23,LAL,4,6,-6.7,-21.0,0.0,-0.1,-0.439
Darius Johnson-Odom,2013-14,24,PHI,3,15,-23.0,-27.3,-0.1,-0.2,-0.661
Nate Johnston,1988-89,,Did not play - other pro league,,,,,,,
Nate Johnston,1989-90,23,2TM,21,87,14.1,-4.5,-0.1,0.1,.050
Nate Johnston,1989-90,23,UTA,6,13,19.2,0.2,0.0,0.0,.008
Nate Johnston,1989-90,23,POR,15,74,13.2,-5.3,-0.1,0.1,.058
Neil Johnston,1951-52,22,PHW,64,993,18.9,,,3.4,.163
Neil Johnston,1952-53,23,PHW,70,3166,25.9,,,15.3,.232
Neil Johnston,1953-54,24,PHW,72,3296,25.8,,,18.3,.267
Neil Johnston,1954-55,25,PHW,72,2917,26.0,,,15.4,.253
Neil Johnston,1955-56,26,PHW,70,2594,25.1,,,13.9,.258
Neil Johnston,1956-57,27,PHW,69,2531,26.9,,,13.7,.259
Neil Johnston,1957-58,28,PHW,71,2408,22.5,,,11.3,.224
Neil Johnston,1958-59,29,PHW,28,393,15.6,,,0.7,.091
Jim Johnstone,1982-83,22,2TM,23,191,4.5,-4.4,-0.2,-0.1,-0.020
Jim Johnstone,1982-83,22,SAS,7,54,1.7,-5.4,-0.1,-0.1,-0.065
Jim Johnstone,1982-83,22,DET,16,137,5.6,-4.0,-0.1,0.0,-0.001
Nikola Jokić,2014-15,,Did not play - other pro league,,,,,,,
Nikola Jokić,2015-16,20,DEN,80,1733,21.5,3.9,2.6,6.7,.185
Nikola Jokić,2016-17,21,DEN,73,2038,26.3,7.3,4.8,9.7,.228
Nikola Jokić,2017-18,22,DEN,75,2443,24.4,6.9,5.5,10.7,.211
Nikola Jokić,2018-19,23,DEN,80,2504,26.3,9.1,7.0,11.8,.226
Nikola Jokić,2019-20,24,DEN,73,2336,24.9,7.4,5.5,9.8,.202
Nikola Jokić,2020-21,25,DEN,72,2488,31.3,12.1,8.8,15.6,.301
Nikola Jokić,2021-22,26,DEN,74,2476,32.8,13.7,9.8,15.2,.296
Nikola Jokić,2022-23,27,DEN,69,2323,31.5,13.0,8.8,14.9,.308
Nikola Jokić,2023-24,28,DEN,79,2737,31.0,13.2,10.6,17.0,.299
Nikola Jokić,2024-25,29,DEN,70,2571,32.0,13.3,9.8,16.4,.307
Howie Jolliff,1960-61,22,LAL,46,352,8.2,,,-0.3,-0.037
Howie Jolliff,1961-62,23,LAL,64,1094,9.1,,,1.2,.053
Howie Jolliff,1962-63,24,LAL,28,293,3.2,,,-0.2,-0.025
Alvin Jones,2001-02,23,PHI,23,126,6.2,-8.7,-0.2,0.1,.034
Anthony Jones,1986-87,24,2TM,65,858,10.7,-2.7,-0.1,0.5,.027
Anthony Jones,1986-87,24,WSB,16,114,8.1,-3.1,0.0,0.0,-0.007
Anthony Jones,1986-87,24,SAS,49,744,11.1,-2.6,-0.1,0.5,.032
Anthony Jones,1987-88,,Did not play - other pro league,,,,,,,
Anthony Jones,1988-89,26,2TM,33,196,13.4,0.7,0.1,0.3,.078
Anthony Jones,1988-89,26,CHI,8,65,6.4,-3.7,0.0,0.0,.033
Anthony Jones,1988-89,26,DAL,25,131,16.8,2.8,0.2,0.3,.101
Anthony Jones,1989-90,27,DAL,66,650,7.6,-4.0,-0.3,0.0,-0.001
Askia Jones,1994-95,23,MIN,11,139,8.3,-6.4,-0.2,-0.1,-0.021
Bill Jones,1988-89,22,NJN,37,307,13.9,-0.9,0.1,0.6,.089
Bobby Jones,1974-75,23,DNA,84,2706,19.4,5.7,5.2,10.2,.181
Bobby Jones,1975-76,24,DNA,83,2845,18.9,5.3,5.2,10.2,.172
Bobby Jones,1976-77,25,DEN,82,2419,21.1,7.0,5.5,11.0,.219
Bobby Jones,1977-78,26,DEN,75,2440,19.8,4.7,4.1,8.9,.175
Bobby Jones,1978-79,27,PHI,80,2304,16.7,2.8,2.8,7.7,.160
Bobby Jones,1979-80,28,PHI,81,2125,18.5,3.3,2.8,8.1,.183
Bobby Jones,1980-81,29,PHI,81,2046,20.1,4.7,3.5,9.2,.217
Bobby Jones,1981-82,30,PHI,76,2181,19.3,4.1,3.3,8.2,.181
Bobby Jones,1982-83,31,PHI,74,1749,16.4,4.0,2.7,6.4,.175
Bobby Jones,1983-84,32,PHI,75,1761,16.7,4.6,2.9,6.0,.163
Bobby Jones,1984-85,33,PHI,80,1633,15.2,2.9,2.0,4.8,.142
Bobby Jones,1985-86,34,PHI,70,1519,11.8,0.4,0.9,3.2,.102
Bobby Jones,2006-07,23,PHI,44,336,9.4,-4.9,-0.2,0.3,.045
Bobby Jones,2007-08,24,5TM,47,531,9.9,-3.7,-0.2,0.8,.070
Bobby Jones,2007-08,24,DEN,25,222,8.5,-4.7,-0.2,0.3,.071
Bobby Jones,2007-08,24,MEM,9,137,12.1,-2.0,0.0,0.2,.079
Bobby Jones,2007-08,24,HOU,4,9,5.9,-10.9,0.0,0.0,-0.018
Bobby Jones,2007-08,24,MIA,6,143,11.2,-3.4,-0.1,0.2,.080
Bobby Jones,2007-08,24,SAS,3,20,3.4,-2.0,0.0,0.0,-0.042
Caldwell Jones,1973-74,23,SDA,79,2929,17.7,1.4,2.5,7.6,.125
Caldwell Jones,1974-75,24,SDA,76,3004,19.2,1.6,2.7,8.1,.130
Caldwell Jones,1975-76,25,3TM,76,2674,15.3,0.5,1.7,6.2,.110
Caldwell Jones,1975-76,25,SDS,10,407,16.6,1.6,0.4,1.0,.112
Caldwell Jones,1975-76,25,KEN,15,457,13.5,-2.1,0.0,0.9,.097
Caldwell Jones,1975-76,25,SSL,51,1810,15.5,0.9,1.3,4.3,.114
Caldwell Jones,1976-77,26,PHI,82,2023,12.3,0.4,1.2,4.4,.103
Caldwell Jones,1977-78,27,PHI,80,1636,11.3,-1.0,0.4,3.1,.090
Caldwell Jones,1978-79,28,PHI,78,2171,13.4,-0.1,1.0,5.0,.111
Caldwell Jones,1979-80,29,PHI,80,2771,9.7,-1.6,0.2,3.9,.068
Caldwell Jones,1980-81,30,PHI,81,2639,10.1,-0.6,0.9,5.5,.100
Caldwell Jones,1981-82,31,PHI,81,2446,11.3,-1.1,0.5,5.2,.102
Caldwell Jones,1982-83,32,HOU,82,2440,12.3,-2.2,-0.1,2.5,.050
Caldwell Jones,1983-84,33,HOU,81,2506,10.9,-1.7,0.2,4.1,.078
Caldwell Jones,1984-85,34,CHI,42,885,6.9,-2.6,-0.1,0.9,.048
Caldwell Jones,1985-86,35,POR,80,1437,9.7,-2.2,-0.1,2.3,.078
Caldwell Jones,1986-87,36,POR,78,1578,8.7,-1.9,0.0,2.6,.078
Caldwell Jones,1987-88,37,POR,79,1778,8.0,-1.7,0.1,2.7,.073
Caldwell Jones,1988-89,38,POR,72,1279,6.8,-3.1,-0.3,0.8,.031
Caldwell Jones,1989-90,39,SAS,72,885,7.2,-4.0,-0.5,1.3,.072
Carlik Jones,2021-22,24,2TM,5,23,-1.8,-15.5,-0.1,-0.1,-0.285
Carlik Jones,2021-22,24,DAL,3,19,-4.0,-17.3,-0.1,-0.1,-0.338
Carlik Jones,2021-22,24,DEN,2,4,8.9,-6.7,0.0,0.0,-0.030
Carlik Jones,2022-23,25,CHI,7,56,11.1,-2.5,0.0,0.1,.078
Carlik Jones,2023-24,,Did not play - other pro league,,,,,,,
Charles Jones,1979-80,,Did not play - other pro league,,,,,,,
Charles Jones,1980-81,,Did not play - other pro league,,,,,,,
Charles Jones,1981-82,,Did not play - other pro league,,,,,,,
Charles Jones,1982-83,,Did not play - other pro league,,,,,,,
Charles Jones,1983-84,26,PHI,1,3,-19.5,-5.2,0.0,0.0,-0.552
Charles Jones,1984-85,27,2TM,31,667,14.9,1.1,0.5,2.2,.161
Charles Jones,1984-85,27,CHI,3,29,8.5,-3.3,0.0,0.0,-0.001
Charles Jones,1984-85,27,WSB,28,638,15.1,1.3,0.5,2.2,.168
Charles Jones,1985-86,28,WSB,81,1609,10.5,0.4,1.0,3.2,.096
Charles Jones,1986-87,29,WSB,79,1609,10.6,0.3,1.0,2.8,.083
Charles Jones,1987-88,30,WSB,69,1313,9.3,-0.2,0.6,2.2,.082
Charles Jones,1988-89,31,WSB,53,1154,7.4,-2.0,0.0,1.6,.068
Charles Jones,1989-90,32,WSB,81,2240,9.2,-0.5,0.9,3.8,.082
Charles Jones,1990-91,33,WSB,62,1499,9.4,-0.5,0.6,2.9,.092
Charles Jones,1991-92,34,WSB,75,1365,6.8,-2.6,-0.2,1.8,.063
Charles Jones,1992-93,35,WSB,67,1206,7.8,-2.0,0.0,1.6,.063
Charles Jones,1993-94,36,DET,42,877,8.7,-3.0,-0.2,1.5,.083
Charles Jones,1994-95,37,HOU,3,36,2.6,-6.9,0.0,0.0,.050
Charles Jones,1995-96,38,HOU,46,297,8.1,-2.2,0.0,0.6,.090
Charles Jones,1996-97,39,HOU,12,93,6.3,-1.1,0.0,0.2,.090
Charles Jones,1997-98,40,HOU,24,127,7.8,-3.4,0.0,0.2,.078
Charles Jones,1984-85,23,PHO,78,1565,14.4,-0.2,0.7,2.9,.089
Charles Jones,1985-86,24,PHO,43,742,10.0,-1.2,0.2,0.6,.042
Charles Jones,1986-87,,Did not play - other,,,,,,,
Charles Jones,1987-88,26,POR,37,186,5.9,-6.0,-0.2,0.1,.017
Charles Jones,1988-89,27,WSB,43,516,10.7,-0.7,0.2,0.9,.086
Charles Jones,1998-99,23,CHI,29,476,6.5,-5.3,-0.4,-0.4,-0.037
Charles Jones,1999-00,24,LAC,56,662,11.4,-2.8,-0.1,0.4,.025
Colby Jones,2023-24,21,SAC,30,192,8.9,-5.0,-0.1,0.0,.007
Colby Jones,2024-25,22,2TM,39,515,11.4,-2.8,-0.1,0.6,.053
Colby Jones,2024-25,22,SAC,24,130,8.6,-2.7,0.0,0.1,.036
Colby Jones,2024-25,22,WAS,15,385,12.3,-2.9,-0.1,0.5,.059
Collis Jones,1971-72,22,DLC,78,1428,10.4,,,2.1,.070
Collis Jones,1972-73,23,DLC,81,2204,13.9,,,3.2,.069
Collis Jones,1973-74,24,KEN,58,719,11.3,-2.4,-0.1,1.2,.079
Collis Jones,1974-75,25,MMS,81,1880,15.9,0.1,1.0,4.2,.108
Dahntay Jones,2003-04,23,MEM,20,154,2.5,-7.7,-0.2,-0.4,-0.114
Dahntay Jones,2004-05,24,MEM,52,649,9.6,-3.4,-0.2,0.9,.066
Dahntay Jones,2005-06,25,MEM,71,967,8.0,-4.4,-0.6,0.6,.029
Dahntay Jones,2006-07,26,MEM,78,1671,9.6,-4.6,-1.1,0.7,.019
Dahntay Jones,2007-08,27,SAC,25,206,13.5,-0.6,0.1,0.4,.096
Dahntay Jones,2008-09,28,DEN,79,1426,9.0,-2.9,-0.3,2.0,.067
Dahntay Jones,2009-10,29,IND,76,1892,10.8,-3.6,-0.8,1.8,.045
Dahntay Jones,2010-11,30,IND,45,589,13.7,-1.2,0.1,1.2,.102
Dahntay Jones,2011-12,31,IND,65,1052,10.3,-1.9,0.0,2.0,.090
Dahntay Jones,2012-13,32,2TM,78,1016,6.4,-5.5,-0.9,0.6,.026
Dahntay Jones,2012-13,32,DAL,50,635,6.9,-4.8,-0.4,0.4,.033
Dahntay Jones,2012-13,32,ATL,28,381,5.4,-6.6,-0.4,0.1,.015
Dahntay Jones,2013-14,,Did not play - waived,,,,,,,
Dahntay Jones,2014-15,34,LAC,33,123,1.9,-8.3,-0.2,0.0,.013
Dahntay Jones,2015-16,35,CLE,1,42,10.3,-3.0,0.0,0.1,.096
Dahntay Jones,2016-17,36,CLE,1,12,14.7,-4.8,0.0,0.0,-0.030
Damian Jones,2016-17,21,GSW,10,85,5.3,-9.7,-0.2,0.0,.018
Damian Jones,2017-18,22,GSW,15,89,6.8,-7.1,-0.1,0.1,.031
Damian Jones,2018-19,23,GSW,24,410,15.3,1.1,0.3,1.5,.173
Damian Jones,2019-20,24,ATL,55,887,15.6,-1.5,0.1,2.8,.152
Damian Jones,2020-21,25,3TM,39,547,14.6,-1.4,0.1,1.6,.138
Damian Jones,2020-21,25,PHO,14,94,6.7,-5.9,-0.1,0.1,.043
Damian Jones,2020-21,25,LAL,8,112,17.1,-0.2,0.1,0.5,.235
Damian Jones,2020-21,25,SAC,17,341,15.9,-0.6,0.1,0.9,.132
Damian Jones,2021-22,26,SAC,56,1017,18.3,0.3,0.6,3.3,.156
Damian Jones,2022-23,27,2TM,41,477,12.9,-1.7,0.0,1.2,.119
Damian Jones,2022-23,27,LAL,22,176,13.8,-2.0,0.0,0.4,.117
Damian Jones,2022-23,27,UTA,19,301,12.4,-1.5,0.0,0.8,.120
Damian Jones,2023-24,28,CLE,39,270,15.8,-0.5,0.1,0.8,.150
Damon Jones,1998-99,22,2TM,24,344,13.7,0.5,0.2,0.7,.095
Damon Jones,1998-99,22,NJN,11,131,14.4,2.1,0.1,0.3,.109
Damon Jones,1998-99,22,BOS,13,213,13.3,-0.4,0.1,0.4,.087
Damon Jones,1999-00,23,2TM,55,612,13.1,-0.9,0.2,0.7,.053
Damon Jones,1999-00,23,GSW,13,196,14.0,-0.2,0.1,0.3,.080
Damon Jones,1999-00,23,DAL,42,416,12.7,-1.3,0.1,0.3,.040
Damon Jones,2000-01,24,VAN,71,1415,13.0,-0.3,0.6,1.8,.062
Damon Jones,2001-02,25,DET,67,1083,11.2,-1.7,0.1,1.9,.084
Damon Jones,2002-03,26,SAC,49,709,11.5,-0.1,0.3,1.5,.103
Damon Jones,2003-04,27,MIL,82,2016,14.2,0.0,1.0,3.9,.093
Damon Jones,2004-05,28,MIA,82,2576,15.5,3.0,3.2,8.7,.162
Damon Jones,2005-06,29,CLE,82,2089,9.3,-1.1,0.5,3.4,.077
Damon Jones,2006-07,30,CLE,60,1173,10.2,-0.5,0.5,2.4,.097
Damon Jones,2007-08,31,CLE,67,1336,11.3,-0.4,0.5,3.0,.108
Damon Jones,2008-09,32,MIL,18,108,6.2,-4.0,-0.1,0.0,-0.007
DeQuan Jones,2012-13,22,ORL,63,803,8.4,-4.5,-0.5,0.1,.007
Derrick Jones Jr.,2016-17,19,PHO,32,545,12.0,-2.3,0.0,1.1,.098
Derrick Jones Jr.,2017-18,20,2TM,20,245,10.1,-2.7,0.0,0.4,.075
Derrick Jones Jr.,2017-18,20,PHO,6,33,18.4,4.8,0.1,0.1,.177
Derrick Jones Jr.,2017-18,20,MIA,14,212,8.8,-3.9,-0.1,0.3,.059
Derrick Jones Jr.,2018-19,21,MIA,60,1153,14.0,-0.5,0.4,2.9,.121
Derrick Jones Jr.,2019-20,22,MIA,59,1375,14.9,0.7,1.0,4.4,.153
Derrick Jones Jr.,2020-21,23,POR,58,1318,11.9,-1.4,0.2,2.4,.089
Derrick Jones Jr.,2021-22,24,CHI,51,899,13.0,-0.9,0.2,2.2,.119
Derrick Jones Jr.,2022-23,25,CHI,64,893,13.8,-0.4,0.3,2.4,.131
Derrick Jones Jr.,2023-24,26,DAL,76,1783,11.7,-1.5,0.2,3.1,.083
Derrick Jones Jr.,2024-25,27,LAC,77,1873,13.5,-0.3,0.8,4.7,.120
Dillon Jones,2024-25,23,OKC,54,551,8.1,-4.0,-0.3,0.8,.067
Dominique Jones,2010-11,22,DAL,18,135,10.6,-0.9,0.0,0.0,.007
Dominique Jones,2011-12,23,DAL,33,268,11.8,-1.9,0.0,0.2,.044
Dominique Jones,2012-13,24,DAL,29,338,12.4,-3.4,-0.1,0.0,.001
Dontae' Jones,1996-97,,Did not play - injury,,,,,,,
Dontae' Jones,1997-98,22,BOS,15,91,3.8,-10.9,-0.2,-0.3,-0.175
Dwayne Jones,2005-06,22,BOS,14,87,9.2,-4.8,-0.1,0.1,.081
Dwayne Jones,2006-07,23,CLE,4,18,-0.5,-12.5,0.0,0.0,-0.068
Dwayne Jones,2007-08,24,CLE,56,472,11.1,-3.6,-0.2,1.2,.121
Dwayne Jones,2008-09,25,CHA,6,52,8.0,-5.7,0.0,0.1,.051
Dwayne Jones,2009-10,26,PHO,2,7,1.4,-4.4,0.0,0.0,.045
Dwight Jones,1973-74,21,ATL,74,1448,14.6,-1.2,0.3,2.9,.098
Dwight Jones,1974-75,22,ATL,75,2086,14.4,-0.4,0.8,3.9,.090
Dwight Jones,1975-76,23,ATL,66,1762,15.0,-0.7,0.6,3.8,.104
Dwight Jones,1976-77,24,HOU,74,1239,12.7,-0.9,0.3,2.6,.102
Dwight Jones,1977-78,25,HOU,82,2476,12.5,-2.0,0.0,3.1,.060
Dwight Jones,1978-79,26,HOU,81,1215,10.9,-3.7,-0.5,1.3,.050
Dwight Jones,1979-80,27,2TM,74,1448,14.2,-1.5,0.2,2.7,.090
Dwight Jones,1979-80,27,HOU,21,278,11.3,-5.2,-0.3,0.3,.048
Dwight Jones,1979-80,27,CHI,53,1170,14.9,-0.6,0.4,2.4,.100
Dwight Jones,1980-81,28,CHI,81,1574,13.1,-1.5,0.2,2.9,.089
Dwight Jones,1981-82,29,CHI,78,2040,13.4,-1.2,0.4,3.6,.086
Dwight Jones,1982-83,30,2TM,81,1164,9.2,-4.2,-0.7,0.6,.027
Dwight Jones,1982-83,30,CHI,49,673,9.5,-4.0,-0.3,0.1,.008
Dwight Jones,1982-83,30,LAL,32,491,8.8,-4.5,-0.3,0.5,.052
Dwight Jones,1983-84,,Did not play - other pro league,,,,,,,
Earl Jones,1984-85,24,LAL,2,7,-11.0,-18.1,0.0,0.0,-0.307
Earl Jones,1985-86,25,MIL,12,43,2.0,-11.5,-0.1,0.0,-0.055
Eddie Jones,1994-95,23,LAL,64,1981,16.3,2.3,2.1,5.0,.122
Eddie Jones,1995-96,24,LAL,70,2184,17.0,3.3,2.9,6.8,.150
Eddie Jones,1996-97,25,LAL,80,2998,17.3,3.3,4.0,9.6,.154
Eddie Jones,1997-98,26,LAL,80,2910,18.0,4.0,4.4,10.1,.166
Eddie Jones,1998-99,27,2TM,50,1881,18.5,4.4,3.0,6.0,.153
Eddie Jones,1998-99,27,LAL,20,724,16.4,3.5,1.0,2.0,.134
Eddie Jones,1998-99,27,CHH,30,1157,19.8,5.0,2.0,4.0,.165
Eddie Jones,1999-00,28,CHH,72,2807,19.9,4.9,4.9,10.1,.172
Eddie Jones,2000-01,29,MIA,63,2282,18.8,4.6,3.8,7.9,.166
Eddie Jones,2001-02,30,MIA,81,3156,17.5,3.9,4.6,10.5,.160
Eddie Jones,2002-03,31,MIA,47,1789,18.9,5.0,3.1,6.0,.162
Eddie Jones,2003-04,32,MIA,81,2998,16.7,2.5,3.4,9.1,.146
Eddie Jones,2004-05,33,MIA,80,2839,13.6,1.2,2.3,8.0,.135
Eddie Jones,2005-06,34,MEM,75,2437,14.7,2.2,2.6,7.2,.141
Eddie Jones,2006-07,35,2TM,64,1594,12.3,0.4,1.0,3.1,.094
Eddie Jones,2006-07,35,MEM,29,561,8.6,-3.1,-0.2,0.2,.013
Eddie Jones,2006-07,35,MIA,35,1033,14.3,2.3,1.1,3.0,.138
Eddie Jones,2007-08,36,DAL,47,922,7.6,-1.0,0.2,1.1,.058
Edgar Jones,1979-80,,Did not play - other pro league,,,,,,,
Edgar Jones,1980-81,24,NJN,60,950,17.6,-0.3,0.4,2.3,.116
Edgar Jones,1981-82,25,DET,48,802,17.5,1.6,0.7,2.4,.143
Edgar Jones,1982-83,26,2TM,77,1658,13.9,-1.3,0.3,3.4,.098
Edgar Jones,1982-83,26,DET,49,1036,13.5,-1.0,0.3,1.7,.079
Edgar Jones,1982-83,26,SAS,28,622,14.7,-1.7,0.1,1.7,.129
Edgar Jones,1983-84,27,SAS,81,1770,14.9,-1.1,0.4,3.4,.093
Edgar Jones,1984-85,28,2TM,44,769,11.7,-3.4,-0.3,0.9,.057
Edgar Jones,1984-85,28,SAS,18,322,11.5,-2.1,0.0,0.5,.072
Edgar Jones,1984-85,28,CLE,26,447,11.8,-4.4,-0.3,0.4,.046
Edgar Jones,1985-86,29,CLE,53,1011,15.8,0.5,0.6,2.6,.122
Fred Jones,2002-03,23,IND,19,115,5.5,-3.7,0.0,0.0,.019
Fred Jones,2003-04,24,IND,81,1508,11.8,0.2,0.8,4.0,.126
Fred Jones,2004-05,25,IND,77,2268,13.3,0.3,1.3,4.8,.102
Fred Jones,2005-06,26,IND,68,1837,11.0,-1.0,0.4,2.6,.069
Fred Jones,2006-07,27,2TM,63,1319,10.0,-1.8,0.1,1.2,.044
Fred Jones,2006-07,27,TOR,39,870,9.9,-1.6,0.1,0.8,.043
Fred Jones,2006-07,27,POR,24,449,10.3,-2.4,0.0,0.4,.044
Fred Jones,2007-08,28,NYK,70,1757,10.9,-1.3,0.3,2.2,.061
Fred Jones,2008-09,29,LAC,52,1495,10.4,-2.7,-0.3,1.6,.052
Fred Jones,2009-10,,Did not play - other pro league,,,,,,,
Fred Jones,2010-11,,Did not play - other pro league,,,,,,,
Herbert Jones,2021-22,23,NOP,78,2335,12.3,-0.5,0.9,4.6,.096
Herbert Jones,2022-23,24,NOP,66,1951,12.1,-0.3,0.8,4.2,.104
Herbert Jones,2023-24,25,NOP,76,2321,13.2,0.6,1.6,6.3,.131
Herbert Jones,2024-25,26,NOP,20,648,10.4,-3.6,-0.3,0.4,.033
Hutch Jones,1982-83,23,SDC,9,85,13.0,-3.7,0.0,0.1,.064
Hutch Jones,1983-84,24,SDC,4,18,-8.4,-5.5,-0.1,-0.1,-0.321
Isaac Jones,2024-25,24,SAC,40,304,15.2,-1.7,0.0,0.7,.115
Jake Jones,1971-72,22,2TM,17,202,8.6,,,0.0,-0.009
Jake Jones,1971-72,22,PHI,6,41,9.9,,,0.0,-0.029
Jake Jones,1971-72,22,CIN,11,161,8.2,,,0.0,-0.003
Jalen Jones,2017-18,24,2TM,16,181,10.3,-6.0,-0.2,0.1,.027
Jalen Jones,2017-18,24,NOP,4,19,5.0,-7.3,0.0,0.0,.055
Jalen Jones,2017-18,24,DAL,12,162,10.9,-5.9,-0.2,0.1,.024
Jalen Jones,2018-19,25,CLE,16,214,11.7,-4.2,-0.1,0.3,.056
James Jones,2003-04,23,IND,6,26,4.9,-3.9,0.0,0.0,.010
James Jones,2004-05,24,IND,75,1330,10.5,-0.1,0.6,2.5,.090
James Jones,2005-06,25,PHO,75,1772,13.2,-0.1,0.9,4.0,.110
James Jones,2006-07,26,PHO,76,1376,10.8,-0.6,0.5,2.2,.077
James Jones,2007-08,27,POR,58,1276,13.6,1.3,1.1,3.7,.139
James Jones,2008-09,28,MIA,40,630,8.4,-2.7,-0.1,0.9,.065
James Jones,2009-10,29,MIA,36,503,8.8,-1.2,0.1,1.0,.099
James Jones,2010-11,30,MIA,81,1549,11.1,1.0,1.2,4.7,.145
James Jones,2011-12,31,MIA,51,666,9.7,0.0,0.3,1.7,.120
James Jones,2012-13,32,MIA,38,221,8.1,-3.0,-0.1,0.2,.054
James Jones,2013-14,33,MIA,20,236,15.4,3.2,0.3,0.7,.147
James Jones,2014-15,34,CLE,57,669,11.1,-0.7,0.2,1.5,.110
James Jones,2015-16,35,CLE,48,463,11.6,-0.3,0.2,1.2,.120
James Jones,2016-17,36,CLE,48,381,11.1,-0.3,0.2,0.8,.102
Jemerrio Jones,2018-19,23,LAL,6,143,12.1,0.2,0.1,0.2,.084
Jemerrio Jones,2019-20,,Did not play - other pro league,,,,,,,
Jemerrio Jones,2020-21,,Did not play - other pro league,,,,,,,
Jemerrio Jones,2021-22,26,LAL,2,15,14.8,-1.0,0.0,0.1,.170
Jimmy Jones,1967-68,23,NOB,78,3255,13.9,,,9.3,.137
Jimmy Jones,1968-69,24,NOB,77,3188,24.7,,,16.1,.242
Jimmy Jones,1969-70,25,NOB,70,2513,19.3,,,10.5,.200
Jimmy Jones,1970-71,26,MMP,80,3004,17.4,,,10.3,.164
Jimmy Jones,1971-72,27,UTS,78,2903,14.7,,,8.3,.138
Jimmy Jones,1972-73,28,UTS,80,2848,15.0,,,9.3,.157
Jimmy Jones,1973-74,29,UTS,83,3162,18.0,2.1,3.3,8.8,.134
Jimmy Jones,1974-75,30,WSB,73,1424,13.2,0.3,0.8,4.1,.137
Jimmy Jones,1975-76,31,WSB,64,1133,11.9,-1.3,0.2,2.2,.095
Jimmy Jones,1976-77,32,WSB,3,33,3.0,-4.6,0.0,-0.1,-0.080
Johnny Jones,1967-68,24,BOS,51,475,9.0,,,-0.5,-0.055
Johnny Jones,1968-69,25,KEN,29,449,12.1,,,0.0,-0.001
Jumaine Jones,1999-00,20,PHI,33,138,12.6,-3.4,0.0,0.0,.008
Jumaine Jones,2000-01,21,PHI,65,866,14.2,0.4,0.5,2.3,.125
Jumaine Jones,2001-02,22,CLE,81,2142,13.2,-0.6,0.7,3.3,.074
Jumaine Jones,2002-03,23,CLE,80,2204,12.3,-1.5,0.3,2.9,.062
Jumaine Jones,2003-04,24,BOS,42,373,7.6,-3.4,-0.1,0.1,.019
Jumaine Jones,2004-05,25,LAL,76,1830,13.1,-0.4,0.8,3.7,.097
Jumaine Jones,2005-06,26,CHA,76,2089,12.1,-1.7,0.2,3.0,.068
Jumaine Jones,2006-07,27,PHO,18,138,3.2,-7.5,-0.2,-0.2,-0.061
K.C. Jones,1956-57,,Did not play - military service,,,,,,,
K.C. Jones,1957-58,,Did not play - military service,,,,,,,
K.C. Jones,1958-59,26,BOS,49,609,9.5,,,0.8,.060
K.C. Jones,1959-60,27,BOS,74,1274,12.6,,,3.7,.139
K.C. Jones,1960-61,28,BOS,78,1605,11.0,,,3.0,.089
K.C. Jones,1961-62,29,BOS,80,2054,11.8,,,4.9,.115
K.C. Jones,1962-63,30,BOS,79,1945,9.8,,,3.6,.088
K.C. Jones,1963-64,31,BOS,80,2424,10.4,,,5.8,.114
K.C. Jones,1964-65,32,BOS,78,2434,10.9,,,6.7,.132
K.C. Jones,1965-66,33,BOS,80,2710,10.9,,,6.6,.117
K.C. Jones,1966-67,34,BOS,78,2446,7.7,,,3.7,.072
Kai Jones,2021-22,21,CHO,21,63,9.2,-6.6,-0.1,0.0,.009
Kai Jones,2022-23,22,CHO,46,550,10.8,-4.0,-0.3,0.7,.062
Kai Jones,2023-24,,Did not play - other pro league,,,,,,,
Kai Jones,2024-25,24,2TM,40,468,20.2,2.9,0.6,2.1,.216
Kai Jones,2024-25,24,LAC,28,208,14.5,0.6,0.1,0.7,.160
Kai Jones,2024-25,24,DAL,12,260,24.8,4.8,0.4,1.4,.261
Kevin Jones,2012-13,23,CLE,32,334,11.1,-4.1,-0.2,0.2,.032
Larry Jones,1964-65,22,PHI,23,359,8.2,,,-0.3,-0.044
Larry Jones,1965-66,,Did not play - other pro league,,,,,,,
Larry Jones,1966-67,,Did not play - other pro league,,,,,,,
Larry Jones,1967-68,25,DNR,76,3085,21.3,,,11.8,.184
Larry Jones,1968-69,26,DNR,75,3042,23.5,,,10.9,.172
Larry Jones,1969-70,27,DNR,75,3027,21.1,,,10.6,.168
Larry Jones,1970-71,28,FLO,84,3611,17.6,,,8.8,.117
Larry Jones,1971-72,29,FLO,66,2255,17.9,,,8.1,.173
Larry Jones,1972-73,30,2TM,80,1701,13.6,,,3.7,.104
Larry Jones,1972-73,30,UTS,27,447,12.6,,,1.0,.103
Larry Jones,1972-73,30,DLC,53,1254,14.0,,,2.7,.105
Larry Jones,1973-74,31,PHI,72,1876,13.7,-0.2,0.9,2.9,.073
Major Jones,1976-77,,Did not play - other pro league,,,,,,,
Major Jones,1977-78,,Did not play - other pro league,,,,,,,
Major Jones,1978-79,,Did not play - other pro league,,,,,,,
Major Jones,1979-80,26,HOU,82,1545,10.3,-2.3,-0.1,1.3,.041
Major Jones,1980-81,27,HOU,68,1003,10.3,-2.9,-0.2,1.2,.060
Major Jones,1981-82,28,HOU,60,746,13.4,-1.7,0.1,1.3,.084
Major Jones,1982-83,29,HOU,60,878,11.9,-4.4,-0.5,0.1,.004
Major Jones,1983-84,30,HOU,57,473,12.4,-0.9,0.1,0.9,.088
Major Jones,1984-85,31,DET,47,418,11.1,-2.8,-0.1,0.7,.081
Mark Jones,1983-84,22,NJN,6,16,14.7,-4.0,0.0,0.0,.070
Mark Jones,2004-05,29,ORL,10,116,4.4,-6.9,-0.1,-0.1,-0.033
Mason Jones,2020-21,22,2TM,32,334,12.1,-2.7,-0.1,0.2,.028
Mason Jones,2020-21,22,HOU,26,307,11.1,-3.3,-0.1,0.0,.007
Mason Jones,2020-21,22,PHI,6,27,23.5,4.8,0.0,0.2,.270
Mason Jones,2021-22,23,LAL,4,51,17.8,-0.9,0.0,0.2,.201
Mason Jones,2022-23,,Did not play - other pro league,,,,,,,
Mason Jones,2023-24,25,SAC,5,28,5.8,-5.5,0.0,0.0,-0.018
Mason Jones,2024-25,26,SAC,10,45,20.6,2.9,0.1,0.2,.198
Nick Jones,1967-68,22,SDR,42,603,9.9,,,0.2,.013
Nick Jones,1968-69,23,2TM,7,81,0.3,,,-0.2,-0.103
Nick Jones,1968-69,23,DLC,4,60,-1.6,,,-0.2,-0.123
Nick Jones,1968-69,23,MMF,3,21,5.9,,,0.0,-0.048
Nick Jones,1969-70,,Did not play - waived,,,,,,,
Nick Jones,1970-71,25,SFW,81,1183,11.4,,,1.3,.051
Nick Jones,1971-72,26,GSW,65,478,9.7,,,0.7,.073
Nick Jones,1972-73,27,DLC,3,16,2.8,,,0.0,-0.071
Ozell Jones,1984-85,24,SAS,67,888,11.4,-0.8,0.3,1.3,.073
Ozell Jones,1985-86,25,LAC,3,18,-7.1,-13.4,-0.1,-0.1,-0.249
Perry Jones,2012-13,21,OKC,38,280,7.8,-7.3,-0.4,0.0,-0.003
Perry Jones,2013-14,22,OKC,62,764,10.1,-1.4,0.1,1.5,.094
Perry Jones,2014-15,23,OKC,43,631,6.9,-4.4,-0.4,0.2,.015
Popeye Jones,1992-93,,Did not play - other pro league,,,,,,,
Popeye Jones,1993-94,23,DAL,81,1773,14.1,-2.1,-0.1,3.6,.098
Popeye Jones,1994-95,24,DAL,80,2385,13.8,-2.6,-0.3,3.6,.073
Popeye Jones,1995-96,25,DAL,68,2322,13.4,-2.7,-0.4,3.7,.076
Popeye Jones,1996-97,26,TOR,79,2421,12.0,-3.2,-0.7,4.2,.083
Popeye Jones,1997-98,27,TOR,14,352,13.4,-4.5,-0.2,0.3,.038
Popeye Jones,1998-99,28,BOS,18,206,12.4,-3.2,-0.1,0.5,.113
Popeye Jones,1999-00,29,DEN,40,330,12.4,-3.4,-0.1,0.6,.082
Popeye Jones,2000-01,30,WAS,45,638,13.1,-3.0,-0.2,1.2,.094
Popeye Jones,2001-02,31,WAS,79,1920,14.4,-1.3,0.4,4.3,.107
Popeye Jones,2002-03,32,DAL,26,222,7.0,-8.1,-0.3,0.0,.005
Popeye Jones,2003-04,33,GSW,5,10,-7.8,-14.5,0.0,0.0,-0.169
Rich Jones,1969-70,23,DLC,2,50,18.0,,,0.2,.159
Rich Jones,1970-71,24,TEX,79,2074,12.2,,,1.8,.041
Rich Jones,1971-72,25,DLC,82,2932,15.1,,,5.8,.096
Rich Jones,1972-73,26,DLC,67,2691,15.8,,,1.9,.033
Rich Jones,1973-74,27,SAA,78,2843,15.0,0.7,1.9,6.6,.112
Rich Jones,1974-75,28,SAA,83,3097,15.5,-0.3,1.3,6.3,.098
Rich Jones,1975-76,29,NYA,83,2427,10.0,-4.6,-1.6,1.5,.030
Rich Jones,1976-77,30,NYN,34,877,12.5,-3.1,-0.2,0.6,.033
Robin Jones,1976-77,22,POR,63,1065,13.1,0.2,0.6,2.2,.097
Robin Jones,1977-78,23,HOU,12,66,7.7,-5.1,-0.1,0.0,-0.008
Sam Jones,1957-58,24,BOS,56,594,16.3,,,2.1,.167
Sam Jones,1958-59,25,BOS,71,1466,18.0,,,5.3,.173
Sam Jones,1959-60,26,BOS,74,1512,17.8,,,5.9,.186
Sam Jones,1960-61,27,BOS,78,2028,17.7,,,8.1,.191
Sam Jones,1961-62,28,BOS,78,2388,18.1,,,9.6,.193
Sam Jones,1962-63,29,BOS,76,2323,19.1,,,9.6,.198
Sam Jones,1963-64,30,BOS,76,2381,17.6,,,8.9,.180
Sam Jones,1964-65,31,BOS,80,2885,20.7,,,12.8,.213
Sam Jones,1965-66,32,BOS,67,2155,21.7,,,10.0,.222
Sam Jones,1966-67,33,BOS,72,2325,18.5,,,7.5,.155
Sam Jones,1967-68,34,BOS,73,2408,18.3,,,7.7,.154
Sam Jones,1968-69,35,BOS,70,1820,17.6,,,4.9,.128
Shelton Jones,1988-89,22,3TM,51,682,10.4,-3.3,-0.2,0.3,.022
Shelton Jones,1988-89,22,SAS,7,92,6.8,-5.3,-0.1,0.0,-0.022
Shelton Jones,1988-89,22,GSW,2,13,27.3,15.4,0.1,0.1,.230
Shelton Jones,1988-89,22,PHI,42,577,10.6,-3.4,-0.2,0.3,.024
Solomon Jones,2006-07,22,ATL,58,666,12.3,-3.1,-0.2,1.6,.117
Solomon Jones,2007-08,23,ATL,35,145,6.8,-8.8,-0.2,0.0,.000
Solomon Jones,2008-09,24,ATL,63,675,12.0,-2.7,-0.1,1.9,.138
Solomon Jones,2009-10,25,IND,52,675,9.9,-4.2,-0.4,0.8,.058
Solomon Jones,2010-11,26,IND,39,528,8.5,-4.5,-0.3,0.5,.042
Solomon Jones,2011-12,27,2TM,21,292,9.1,-4.2,-0.2,0.3,.042
Solomon Jones,2011-12,27,LAC,10,96,5.3,-4.6,-0.1,0.0,.008
Solomon Jones,2011-12,27,NOH,11,196,11.0,-4.0,-0.1,0.2,.059
Solomon Jones,2012-13,28,NYK,2,26,-5.7,-10.9,-0.1,-0.1,-0.172
Solomon Jones,2013-14,29,ORL,11,85,5.8,-6.6,-0.1,0.0,.013
Spencer Jones,2024-25,23,DEN,20,125,4.5,-8.5,-0.2,-0.1,-0.031
Steve Jones,1967-68,25,OAK,76,1950,11.3,,,2.7,.066
Steve Jones,1968-69,26,NOB,78,3024,14.5,,,5.6,.089
Steve Jones,1969-70,27,NOB,84,3116,16.4,,,7.1,.109
Steve Jones,1970-71,28,MMP,83,2923,18.0,,,8.2,.134
Steve Jones,1971-72,29,DLC,84,3091,14.1,,,5.4,.084
Steve Jones,1972-73,30,2TM,80,2129,11.9,,,4.4,.100
Steve Jones,1972-73,30,DLC,13,459,10.5,,,0.5,.052
Steve Jones,1972-73,30,CAR,67,1670,12.4,,,4.0,.114
Steve Jones,1973-74,31,2TM,86,2092,10.1,-3.8,-0.9,1.1,.024
Steve Jones,1973-74,31,CAR,44,935,8.3,-4.9,-0.7,0.3,.013
Steve Jones,1973-74,31,DNR,42,1157,11.5,-2.9,-0.3,0.8,.033
Steve Jones,1974-75,32,SSL,69,1884,10.5,-3.3,-0.6,1.6,.042
Steve Jones,1975-76,33,POR,64,819,12.1,-3.8,-0.4,0.8,.047
Terrence Jones,2012-13,21,HOU,19,276,17.1,1.7,0.3,0.7,.128
Terrence Jones,2013-14,22,HOU,76,2078,19.1,2.2,2.2,7.3,.169
Terrence Jones,2014-15,23,HOU,33,889,18.3,1.2,0.7,3.0,.160
Terrence Jones,2015-16,24,HOU,50,1044,13.5,-2.1,0.0,1.5,.068
Terrence Jones,2016-17,25,2TM,54,1270,16.1,-0.6,0.5,2.3,.086
Terrence Jones,2016-17,25,NOP,51,1264,16.2,-0.5,0.5,2.3,.088
Terrence Jones,2016-17,25,MIL,3,6,1.5,-10.6,0.0,0.0,-0.312
Terrence Jones,2017-18,,Did not play - other pro league,,,,,,,
Terrence Jones,2018-19,27,HOU,2,5,-15.8,-31.1,0.0,-0.1,-0.661
Tre Jones,2020-21,21,SAS,37,269,12.1,-3.5,-0.1,0.4,.066
Tre Jones,2021-22,22,SAS,69,1148,15.0,-0.5,0.4,2.9,.121
Tre Jones,2022-23,23,SAS,68,1984,16.0,-1.0,0.5,3.4,.082
Tre Jones,2023-24,24,SAS,77,2138,14.7,-0.4,0.9,4.9,.111
Tre Jones,2024-25,25,2TM,46,905,16.3,1.5,0.8,2.9,.155
Tre Jones,2024-25,25,SAS,28,450,13.8,-0.1,0.2,1.1,.118
Tre Jones,2024-25,25,CHI,18,455,18.8,3.1,0.6,1.8,.191
Tyus Jones,2015-16,19,MIN,37,573,11.2,-2.4,-0.1,0.3,.027
Tyus Jones,2016-17,20,MIN,60,774,13.8,0.2,0.4,1.5,.096
Tyus Jones,2017-18,21,MIN,82,1467,14.1,0.8,1.1,3.6,.117
Tyus Jones,2018-19,22,MIN,68,1560,13.7,-0.6,0.6,3.0,.091
Tyus Jones,2019-20,23,MEM,65,1232,15.7,0.6,0.8,3.0,.117
Tyus Jones,2020-21,24,MEM,70,1222,15.0,0.8,0.9,2.8,.110
Tyus Jones,2021-22,25,MEM,73,1549,16.5,1.7,1.4,5.1,.158
Tyus Jones,2022-23,26,MEM,80,1940,16.0,1.6,1.7,5.7,.141
Tyus Jones,2023-24,27,WAS,66,1933,16.5,0.7,1.3,4.5,.113
Tyus Jones,2024-25,28,PHO,81,2174,14.5,0.1,1.1,4.4,.096
Wah Wah Jones,1949-50,23,INO,60,,,,,5.9,
Wah Wah Jones,1950-51,24,INO,22,,,,,2.1,
Wah Wah Jones,1951-52,25,INO,58,1320,13.6,,,0.8,.028
Wali Jones,1964-65,22,BAL,77,1250,9.6,,,0.3,.010
Wali Jones,1965-66,23,PHI,80,2196,7.8,,,0.8,.017
Wali Jones,1966-67,24,PHI,81,2249,12.9,,,4.0,.084
Wali Jones,1967-68,25,PHI,77,2058,10.9,,,1.3,.029
Wali Jones,1968-69,26,PHI,81,2340,12.5,,,4.0,.082
Wali Jones,1969-70,27,PHI,78,1740,14.0,,,2.5,.069
Wali Jones,1970-71,28,PHI,41,962,10.5,,,0.5,.026
Wali Jones,1971-72,29,MIL,48,1030,10.1,,,1.1,.050
Wali Jones,1972-73,30,MIL,27,419,9.5,,,0.3,.038
Wali Jones,1973-74,,Did not play - contract dispute,,,,,,,
Wali Jones,1974-75,32,UTS,71,1339,10.2,-3.3,-0.4,1.2,.044
Wali Jones,1975-76,33,2TM,17,176,11.1,-3.8,-0.1,0.2,.050
Wali Jones,1975-76,33,DET,1,19,9.9,-4.1,0.0,0.0,-0.030
Wali Jones,1975-76,33,PHI,16,157,11.2,-3.8,-0.1,0.2,.059
Wil Jones,1969-70,22,MMF,74,1697,12.2,,,0.6,.017
Wil Jones,1970-71,23,MMP,84,2234,16.9,,,6.0,.129
Wil Jones,1971-72,24,MMP,84,3098,15.0,,,7.4,.114
Wil Jones,1972-73,25,MMT,76,2316,12.1,,,2.3,.047
Wil Jones,1973-74,26,MMT,81,2842,14.1,-0.5,1.1,4.0,.067
Wil Jones,1974-75,27,KEN,84,2689,13.6,1.1,2.1,6.9,.124
Wil Jones,1975-76,28,KEN,83,2635,13.6,-0.2,1.2,5.4,.098
Wil Jones,1976-77,29,IND,80,2709,12.7,-1.4,0.4,3.7,.066
Wil Jones,1977-78,30,BUF,79,1711,9.4,-2.6,-0.3,0.9,.024
Willie Jones,1960-61,24,DET,35,452,10.0,,,-0.1,-0.013
Willie Jones,1961-62,25,DET,69,1006,9.9,,,-0.1,-0.006
Willie Jones,1962-63,26,DET,79,1470,13.1,,,1.3,.043
Willie Jones,1963-64,27,DET,77,1539,10.9,,,-0.2,-0.005
Willie Jones,1964-65,28,DET,12,101,8.3,,,0.0,-0.022
Adonis Jordan,1993-94,23,DEN,6,79,5.6,-5.3,-0.1,-0.1,-0.037
Adonis Jordan,1994-95,,Did not play - other pro league,,,,,,,
Adonis Jordan,1995-96,,Did not play - other pro league,,,,,,,
Adonis Jordan,1996-97,,Did not play - other pro league,,,,,,,
Adonis Jordan,1997-98,,Did not play - other pro league,,,,,,,
Adonis Jordan,1998-99,28,MIL,4,18,18.9,7.3,0.0,0.0,.081
Charles Jordan,1975-76,22,INA,71,855,9.7,-5.4,-0.7,0.3,.014
DeAndre Jordan,2008-09,20,LAC,53,771,14.1,-3.3,-0.3,1.3,.079
DeAndre Jordan,2009-10,21,LAC,70,1137,12.7,-3.8,-0.5,1.5,.061
DeAndre Jordan,2010-11,22,LAC,80,2047,14.8,-0.7,0.7,5.2,.122
DeAndre Jordan,2011-12,23,LAC,66,1798,16.4,0.1,0.9,5.6,.150
DeAndre Jordan,2012-13,24,LAC,82,2010,17.2,-0.2,0.9,6.2,.148
DeAndre Jordan,2013-14,25,LAC,82,2870,18.2,2.5,3.3,11.1,.186
DeAndre Jordan,2014-15,26,LAC,82,2820,21.0,2.9,3.5,12.8,.217
DeAndre Jordan,2015-16,27,LAC,77,2598,20.6,2.8,3.2,11.5,.213
DeAndre Jordan,2016-17,28,LAC,81,2570,21.8,3.3,3.5,11.8,.221
DeAndre Jordan,2017-18,29,LAC,77,2424,20.2,1.4,2.1,9.4,.186
DeAndre Jordan,2018-19,30,2TM,69,2047,19.0,2.1,2.1,7.1,.167
DeAndre Jordan,2018-19,30,DAL,50,1554,18.0,1.7,1.4,5.3,.162
DeAndre Jordan,2018-19,30,NYK,19,493,22.1,3.4,0.7,1.9,.181
DeAndre Jordan,2019-20,31,BRK,56,1234,19.9,3.0,1.5,5.2,.200
DeAndre Jordan,2020-21,32,BRK,57,1246,17.1,1.0,0.9,3.9,.152
DeAndre Jordan,2021-22,33,2TM,48,622,17.2,-1.4,0.1,1.9,.145
DeAndre Jordan,2021-22,33,LAL,32,408,17.5,-0.6,0.2,1.3,.153
DeAndre Jordan,2021-22,33,PHI,16,214,16.5,-2.9,0.0,0.6,.131
DeAndre Jordan,2022-23,34,DEN,39,586,14.7,-1.8,0.0,1.4,.112
DeAndre Jordan,2023-24,35,DEN,36,396,16.0,-1.7,0.0,1.2,.147
DeAndre Jordan,2024-25,36,DEN,56,691,15.4,-1.2,0.2,1.8,.127
Eddie Jordan,1977-78,23,2TM,73,1213,15.7,1.8,1.2,1.9,.074
Eddie Jordan,1977-78,23,CLE,22,171,10.7,-2.2,0.0,0.0,.013
Eddie Jordan,1977-78,23,NJN,51,1042,16.6,2.4,1.2,1.8,.084
Eddie Jordan,1978-79,24,NJN,82,2260,13.8,0.2,1.2,2.4,.051
Eddie Jordan,1979-80,25,NJN,82,2657,14.4,0.6,1.8,4.1,.074
Eddie Jordan,1980-81,26,2TM,74,1226,10.4,-2.6,-0.1,0.6,.024
Eddie Jordan,1980-81,26,NJN,14,239,13.3,-0.2,0.1,0.3,.065
Eddie Jordan,1980-81,26,LAL,60,987,9.7,-3.2,-0.3,0.3,.014
Eddie Jordan,1981-82,27,LAL,58,608,12.2,-1.5,0.1,0.7,.055
Eddie Jordan,1982-83,28,LAL,35,333,5.2,-7.0,-0.5,-0.8,-0.113
Eddie Jordan,1983-84,29,2TM,16,210,7.3,-2.6,0.0,-0.1,-0.024
Eddie Jordan,1983-84,29,POR,13,183,7.6,-2.3,0.0,0.0,-0.002
Eddie Jordan,1983-84,29,LAL,3,27,4.9,-4.6,0.0,-0.1,-0.172
Jerome Jordan,2010-11,,Did not play - other pro league,,,,,,,
Jerome Jordan,2011-12,25,NYK,21,108,18.3,-0.2,0.1,0.5,.211
Jerome Jordan,2012-13,,Did not play - other pro league,,,,,,,
Jerome Jordan,2013-14,,Did not play - other pro league,,,,,,,
Jerome Jordan,2014-15,28,BRK,44,383,16.8,-1.2,0.1,1.2,.156
Michael Jordan,1984-85,21,CHI,82,3144,25.8,7.3,7.4,14.0,.213
Michael Jordan,1985-86,22,CHI,18,451,27.5,9.7,1.3,1.5,.160
Michael Jordan,1986-87,23,CHI,82,3281,29.8,10.8,10.6,16.9,.247
Michael Jordan,1987-88,24,CHI,82,3311,31.7,13.0,12.5,21.2,.308
Michael Jordan,1988-89,25,CHI,81,3255,31.1,11.9,11.4,19.8,.292
Michael Jordan,1989-90,26,CHI,82,3197,31.2,11.2,10.6,19.0,.285
Michael Jordan,1990-91,27,CHI,82,3034,31.6,12.0,10.8,20.3,.321
Michael Jordan,1991-92,28,CHI,80,3102,27.7,9.7,9.2,17.7,.274
Michael Jordan,1992-93,29,CHI,78,3067,29.7,11.2,10.2,17.2,.270
Michael Jordan,1993-94,,Did not play - retired/MiLB,,,,,,,
Michael Jordan,1994-95,31,CHI,17,668,22.1,4.2,1.1,2.3,.167
Michael Jordan,1995-96,32,CHI,82,3090,29.4,10.5,9.8,20.4,.317
Michael Jordan,1996-97,33,CHI,82,3106,27.8,8.9,8.6,18.3,.283
Michael Jordan,1997-98,34,CHI,82,3181,25.2,6.9,7.1,15.8,.238
Michael Jordan,1998-99,,Did not play - retired,,,,,,,
Michael Jordan,1999-00,,Did not play - retired,,,,,,,
Michael Jordan,2000-01,,Did not play - retired,,,,,,,
Michael Jordan,2001-02,38,WAS,60,2093,20.7,3.1,2.7,3.3,.075
Michael Jordan,2002-03,39,WAS,82,3031,19.3,1.7,2.8,6.2,.099
Reggie Jordan,1993-94,26,LAL,23,259,20.1,3.1,0.3,0.8,.142
Reggie Jordan,1994-95,,Did not play - other pro league,,,,,,,
Reggie Jordan,1995-96,28,ATL,24,247,17.1,1.4,0.2,0.6,.118
Reggie Jordan,1996-97,29,2TM,19,130,15.7,3.8,0.2,0.4,.136
Reggie Jordan,1996-97,29,POR,9,99,12.8,2.2,0.1,0.2,.114
Reggie Jordan,1996-97,29,MIN,10,31,25.2,8.8,0.1,0.1,.205
Reggie Jordan,1997-98,30,MIN,57,487,15.3,1.3,0.4,1.2,.114
Reggie Jordan,1998-99,31,MIN,27,296,9.8,-2.3,0.0,0.3,.049
Reggie Jordan,1999-00,32,WAS,36,243,6.7,-3.0,-0.1,-0.2,-0.035
Thomas Jordan,1992-93,24,PHI,4,106,6.9,-8.1,-0.2,-0.2,-0.100
Walter Jordan,1978-79,,Did not play - other pro league,,,,,,,
Walter Jordan,1979-80,,Did not play - other pro league,,,,,,,
Walter Jordan,1980-81,24,CLE,30,207,8.5,-4.6,-0.2,-0.1,-0.021
Phil Jordon,1956-57,23,NYK,9,91,13.9,,,0.0,.013
Phil Jordon,1957-58,24,2TM,58,898,16.1,,,1.5,.082
Phil Jordon,1957-58,24,NYK,12,75,17.5,,,0.2,.150
Phil Jordon,1957-58,24,DET,46,823,16.0,,,1.3,.075
Phil Jordon,1958-59,25,DET,72,2058,16.8,,,5.2,.121
Phil Jordon,1959-60,26,CIN,75,2066,15.3,,,1.9,.045
Phil Jordon,1960-61,27,2TM,79,2064,13.3,,,0.6,.015
Phil Jordon,1960-61,27,CIN,48,1140,14.6,,,0.6,.023
Phil Jordon,1960-61,27,NYK,31,924,11.8,,,0.1,.005
Phil Jordon,1961-62,28,NYK,76,2195,9.9,,,-0.2,-0.003
Phil Jordon,1962-63,29,STL,73,1420,9.5,,,0.7,.024
Johnny Jorgensen,1947-48,26,2TM,3,,,,,0.1,
Johnny Jorgensen,1947-48,26,CHS,1,,,,,0.1,
Johnny Jorgensen,1947-48,26,BLB,2,,,,,0.0,
Johnny Jorgensen,1948-49,27,MNL,48,,,,,1.1,
Noble Jorgensen,1946-47,21,PIT,15,,,,,-0.5,
Noble Jorgensen,1947-48,,Did not play - other pro league,,,,,,,
Noble Jorgensen,1948-49,,Did not play - other pro league,,,,,,,
Noble Jorgensen,1949-50,24,SHE,54,,,,,3.8,
Noble Jorgensen,1950-51,25,2TM,63,,,,,3.6,
Noble Jorgensen,1950-51,25,TRI,22,,,,,1.4,
Noble Jorgensen,1950-51,25,SYR,41,,,,,2.2,
Noble Jorgensen,1951-52,26,SYR,66,1318,16.4,,,4.8,.175
Noble Jorgensen,1952-53,27,SYR,70,1355,10.0,,,1.8,.062
Roger Jorgensen,1946-47,26,PIT,28,,,,,0.1,
Cory Joseph,2011-12,20,SAS,29,266,6.9,-5.0,-0.2,0.0,.001
Cory Joseph,2012-13,21,SAS,28,388,13.5,-0.4,0.2,0.9,.113
Cory Joseph,2013-14,22,SAS,68,936,14.7,0.9,0.7,2.9,.148
Cory Joseph,2014-15,23,SAS,79,1444,15.5,1.4,1.2,4.5,.149
Cory Joseph,2015-16,24,TOR,80,2046,12.4,-1.2,0.4,3.5,.082
Cory Joseph,2016-17,25,TOR,80,2003,13.2,-1.3,0.4,3.4,.082
Cory Joseph,2017-18,26,IND,82,2210,11.0,-1.5,0.3,3.1,.068
Cory Joseph,2018-19,27,IND,82,2063,11.0,-0.4,0.9,3.5,.081
Cory Joseph,2019-20,28,SAC,72,1759,10.1,-2.0,0.0,2.3,.062
Cory Joseph,2020-21,29,2TM,63,1446,12.5,-1.8,0.1,2.1,.069
Cory Joseph,2020-21,29,SAC,44,944,9.9,-3.3,-0.3,0.7,.037
Cory Joseph,2020-21,29,DET,19,502,17.3,0.9,0.4,1.4,.130
Cory Joseph,2021-22,30,DET,65,1600,11.4,-2.1,0.0,2.5,.075
Cory Joseph,2022-23,31,DET,62,1227,12.1,-1.5,0.2,1.8,.070
Cory Joseph,2023-24,32,GSW,26,296,6.2,-4.7,-0.2,0.2,.034
Cory Joseph,2024-25,33,ORL,50,612,10.9,-0.8,0.2,1.5,.114
Garth Joseph,2000-01,27,2TM,4,16,-5.0,-19.9,-0.1,-0.1,-0.345
Garth Joseph,2000-01,27,TOR,2,8,11.3,-6.1,0.0,0.0,.017
Garth Joseph,2000-01,27,DEN,2,8,-21.3,-33.6,-0.1,-0.1,-0.707
Kris Joseph,2012-13,24,2TM,10,54,0.6,-9.9,-0.1,-0.1,-0.127
Kris Joseph,2012-13,24,BOS,6,24,-3.2,-17.1,-0.1,-0.1,-0.275
Kris Joseph,2012-13,24,BRK,4,30,3.7,-4.1,0.0,0.0,-0.008
Yvon Joseph,1985-86,28,NJN,1,5,12.8,0.7,0.0,0.0,.309
Nikola Jović,2022-23,19,MIA,15,204,10.6,-3.4,-0.1,0.2,.053
Nikola Jović,2023-24,20,MIA,46,896,12.8,0.3,0.5,1.9,.103
Nikola Jović,2024-25,21,MIA,46,1156,13.8,0.3,0.7,2.5,.104
Kevin Joyce,1973-74,22,INA,56,987,10.8,-3.1,-0.3,0.6,.028
Kevin Joyce,1974-75,23,INA,81,2828,11.2,-3.2,-0.9,3.0,.050
Kevin Joyce,1975-76,24,2TM,43,916,5.7,-5.6,-0.9,-0.7,-0.037
Kevin Joyce,1975-76,24,SDS,9,266,6.1,-5.6,-0.3,-0.5,-0.088
Kevin Joyce,1975-76,24,KEN,34,650,5.6,-5.5,-0.6,-0.2,-0.017
Kevin Joyce,1976-77,,Did not play - injury,,,,,,,
Butch Joyner,1968-69,23,INA,2,5,-0.3,,,0.0,.038
Jeff Judkins,1978-79,22,BOS,81,1521,14.5,-0.1,0.7,3.0,.095
Jeff Judkins,1979-80,23,BOS,65,674,14.1,0.0,0.3,1.8,.131
Jeff Judkins,1980-81,24,UTA,62,666,11.1,-3.1,-0.2,0.7,.052
Jeff Judkins,1981-82,25,DET,30,251,7.7,-3.8,-0.1,0.2,.031
Jeff Judkins,1982-83,26,POR,34,309,10.9,-1.6,0.1,0.6,.089
Johnny Juzang,2022-23,21,UTA,18,232,6.5,-6.5,-0.3,-0.2,-0.032
Johnny Juzang,2023-24,22,UTA,20,372,9.6,-3.7,-0.2,0.4,.047
Johnny Juzang,2024-25,23,UTA,64,1270,11.8,-2.3,-0.1,1.6,.060
Mfiondu Kabengele,2019-20,22,LAC,12,64,18.2,2.2,0.1,0.2,.173
Mfiondu Kabengele,2020-21,23,2TM,39,280,9.5,-4.3,-0.2,0.2,.026
Mfiondu Kabengele,2020-21,23,LAC,23,94,1.4,-10.1,-0.2,-0.1,-0.075
Mfiondu Kabengele,2020-21,23,CLE,16,186,13.7,-1.3,0.0,0.3,.078
Mfiondu Kabengele,2021-22,,Did not play - other pro league,,,,,,,
Mfiondu Kabengele,2022-23,25,BOS,4,36,8.1,-8.9,-0.1,0.1,.067
Mfiondu Kabengele,2023-24,,Did not play - other pro league,,,,,,,
Whitey Kachan,1948-49,23,2TM,52,,,,,0.7,
Whitey Kachan,1948-49,23,CHS,33,,,,,0.1,
Whitey Kachan,1948-49,23,MNL,19,,,,,0.6,
George Kaftan,1948-49,20,BOS,21,,,,,2.4,
George Kaftan,1949-50,21,BOS,55,,,,,3.4,
George Kaftan,1950-51,22,NYK,61,,,,,1.6,
George Kaftan,1951-52,23,NYK,52,955,14.8,,,1.7,.088
George Kaftan,1952-53,24,BLB,23,380,11.2,,,-0.1,-0.018
Ed Kalafat,1954-55,22,MNL,72,1102,9.9,,,0.7,.029
Ed Kalafat,1955-56,23,MNL,72,1639,12.6,,,2.1,.062
Ed Kalafat,1956-57,24,MNL,65,1617,11.7,,,2.6,.076
Georgios Kalaitzakis,2021-22,23,2TM,13,214,8.6,-7.0,-0.3,-0.1,-0.024
Georgios Kalaitzakis,2021-22,23,MIL,9,48,5.8,-7.9,-0.1,0.0,-0.010
Georgios Kalaitzakis,2021-22,23,OKC,4,166,9.4,-6.8,-0.2,-0.1,-0.028
Chris Kaman,2003-04,21,LAC,82,1843,9.6,-4.2,-1.0,0.0,.001
Chris Kaman,2004-05,22,LAC,63,1632,13.1,-2.5,-0.2,2.1,.061
Chris Kaman,2005-06,23,LAC,78,2560,15.0,-0.7,0.8,6.1,.114
Chris Kaman,2006-07,24,LAC,75,2176,12.9,-3.0,-0.5,2.9,.063
Chris Kaman,2007-08,25,LAC,56,2083,17.5,0.3,1.2,3.6,.083
Chris Kaman,2008-09,26,LAC,31,921,14.4,-3.1,-0.3,0.6,.030
Chris Kaman,2009-10,27,LAC,76,2608,16.5,-2.5,-0.3,2.4,.044
Chris Kaman,2010-11,28,LAC,32,838,15.7,-1.4,0.1,0.8,.047
Chris Kaman,2011-12,29,NOH,47,1372,15.3,-1.3,0.2,0.7,.024
Chris Kaman,2012-13,30,DAL,66,1363,16.3,-2.4,-0.1,1.6,.058
Chris Kaman,2013-14,31,LAL,39,736,17.0,-1.4,0.1,0.5,.036
Chris Kaman,2014-15,32,POR,74,1398,17.3,-0.8,0.4,3.3,.112
Chris Kaman,2015-16,33,POR,16,112,11.1,-3.6,0.0,0.1,.037
Frank Kaminsky,2015-16,22,CHO,81,1708,12.5,-0.8,0.5,3.3,.093
Frank Kaminsky,2016-17,23,CHO,75,1954,13.0,-1.2,0.4,2.3,.056
Frank Kaminsky,2017-18,24,CHO,79,1835,14.4,-0.2,0.8,3.6,.094
Frank Kaminsky,2018-19,25,CHO,47,755,16.8,0.3,0.4,1.8,.114
Frank Kaminsky,2019-20,26,PHO,39,777,14.2,-0.5,0.3,1.4,.087
Frank Kaminsky,2020-21,27,PHO,47,715,15.8,1.3,0.6,2.0,.133
Frank Kaminsky,2021-22,28,PHO,9,181,21.3,4.9,0.3,0.9,.228
Frank Kaminsky,2022-23,29,2TM,36,235,15.3,2.8,0.3,0.7,.141
Frank Kaminsky,2022-23,29,ATL,26,176,14.9,2.6,0.2,0.5,.148
Frank Kaminsky,2022-23,29,HOU,10,59,16.6,3.7,0.1,0.2,.122
Frank Kaminsky,2023-24,,Did not play - other pro league,,,,,,,
Ralph Kaplowitz,1946-47,27,2TM,57,,,,,3.7,
Ralph Kaplowitz,1946-47,27,NYK,27,,,,,1.3,
Ralph Kaplowitz,1946-47,27,PHW,30,,,,,2.4,
Ralph Kaplowitz,1947-48,28,PHW,48,,,,,1.5,
Jason Kapono,2003-04,22,CLE,41,427,10.2,-2.6,-0.1,0.5,.056
Jason Kapono,2004-05,23,CHA,81,1491,11.8,-2.4,-0.1,1.3,.043
Jason Kapono,2005-06,24,MIA,51,665,9.0,-2.8,-0.1,1.2,.085
Jason Kapono,2006-07,25,MIA,67,1767,13.8,-0.5,0.7,4.2,.114
Jason Kapono,2007-08,26,TOR,81,1530,10.8,-2.7,-0.3,1.9,.060
Jason Kapono,2008-09,27,TOR,80,1831,8.9,-3.2,-0.6,0.8,.021
Jason Kapono,2009-10,28,PHI,57,976,8.4,-4.0,-0.5,0.5,.023
Jason Kapono,2010-11,29,PHI,24,112,1.6,-7.4,-0.2,-0.2,-0.070
Jason Kapono,2011-12,30,LAL,27,269,4.5,-4.6,-0.2,0.1,.021
Tony Kappen,1946-47,27,2TM,59,,,,,0.7,
Tony Kappen,1946-47,27,PIT,41,,,,,0.2,
Tony Kappen,1946-47,27,BOS,18,,,,,0.5,
Sergey Karasev,2013-14,20,CLE,22,156,2.3,-8.4,-0.3,-0.1,-0.041
Sergey Karasev,2014-15,21,BRK,33,555,10.5,-1.7,0.0,0.7,.061
Sergey Karasev,2015-16,22,BRK,40,399,8.5,-3.8,-0.2,0.3,.031
Coby Karl,2007-08,24,LAL,17,71,15.8,0.4,0.0,0.2,.106
Coby Karl,2008-09,,Did not play - other pro league,,,,,,,
Coby Karl,2009-10,26,2TM,7,113,5.1,-5.7,-0.1,-0.2,-0.076
Coby Karl,2009-10,26,CLE,3,5,-38.1,-40.3,-0.1,-0.1,-1.112
Coby Karl,2009-10,26,GSW,4,108,7.1,-4.1,-0.1,-0.1,-0.028
George Karl,1973-74,22,SAA,74,1339,14.8,1.0,1.0,3.3,.117
George Karl,1974-75,23,SAA,82,1629,14.8,0.3,1.0,3.4,.100
George Karl,1975-76,24,SAA,75,1200,10.4,-2.9,-0.3,1.3,.050
George Karl,1976-77,25,SAS,29,251,9.5,-5.7,-0.3,-0.2,-0.037
George Karl,1977-78,26,SAS,4,30,3.4,-4.7,0.0,0.0,-0.048
Ed Kasid,1946-47,23,TRH,8,,,,,0.0,
Mario Kasun,2002-03,,Did not play - other pro league,,,,,,,
Mario Kasun,2003-04,,Did not play - other pro league,,,,,,,
Mario Kasun,2004-05,24,ORL,45,356,12.0,-5.8,-0.3,0.6,.076
Mario Kasun,2005-06,25,ORL,28,213,8.9,-9.0,-0.4,0.3,.059
Leo Katkaveck,1948-49,25,WSC,53,,,,,2.1,
Leo Katkaveck,1949-50,26,WSC,54,,,,,-0.2,
Bob Kauffman,1968-69,22,SEA,82,1660,12.5,,,3.1,.090
Bob Kauffman,1969-70,23,CHI,64,775,12.0,,,1.4,.087
Bob Kauffman,1970-71,24,BUF,78,2778,20.9,,,7.9,.137
Bob Kauffman,1971-72,25,BUF,77,3205,17.7,,,8.0,.119
Bob Kauffman,1972-73,26,BUF,77,3049,18.4,,,7.9,.124
Bob Kauffman,1973-74,27,BUF,74,1304,13.1,-0.9,0.3,2.0,.075
Bob Kauffman,1974-75,28,ATL,73,797,12.6,-1.3,0.1,1.2,.071
Sasha Kaun,2008-09,,Did not play - other pro league,,,,,,,
Sasha Kaun,2009-10,,Did not play - other pro league,,,,,,,
Sasha Kaun,2010-11,,Did not play - other pro league,,,,,,,
Sasha Kaun,2011-12,,Did not play - other pro league,,,,,,,
Sasha Kaun,2012-13,,Did not play - other pro league,,,,,,,
Sasha Kaun,2013-14,,Did not play - other pro league,,,,,,,
Sasha Kaun,2014-15,,Did not play - other pro league,,,,,,,
Sasha Kaun,2015-16,30,CLE,25,95,12.5,-2.8,0.0,0.2,.096
Wilbert Kautz,1946-47,31,CHS,50,,,,,0.8,
Yuki Kawamura,2024-25,23,MEM,22,93,11.0,-2.8,0.0,0.2,.095
Clarence Kea,1980-81,21,DAL,16,199,17.3,-3.4,-0.1,0.5,.120
Clarence Kea,1981-82,22,DAL,35,248,11.0,-3.6,-0.1,0.5,.097
Mike Kearns,1951-52,,Did not play - military service,,,,,,,
Mike Kearns,1952-53,,Did not play - military service,,,,,,,
Mike Kearns,1953-54,,Did not play - military service,,,,,,,
Mike Kearns,1954-55,25,PHW,6,25,1.0,,,-0.1,-0.223
Tommy Kearns,1958-59,22,SYR,1,7,8.8,,,0.0,.230
Adam Keefe,1992-93,22,ATL,82,1549,13.6,-2.2,-0.1,3.3,.102
Adam Keefe,1993-94,23,ATL,63,763,12.0,-3.5,-0.3,1.4,.091
Adam Keefe,1994-95,24,UTA,75,1270,15.1,-0.4,0.5,4.1,.154
Adam Keefe,1995-96,25,UTA,82,1708,13.8,-0.6,0.6,4.6,.130
Adam Keefe,1996-97,26,UTA,62,915,11.7,-1.0,0.2,2.3,.118
Adam Keefe,1997-98,27,UTA,80,2047,14.5,0.6,1.3,6.5,.153
Adam Keefe,1998-99,28,UTA,44,642,12.2,-0.8,0.2,1.7,.126
Adam Keefe,1999-00,29,UTA,62,604,7.6,-4.0,-0.3,0.4,.030
Adam Keefe,2000-01,30,GSW,67,836,9.7,-4.3,-0.5,0.6,.032
Adam Keefe,2001-02,,Did not play - other pro league,,,,,,,
Adam Keefe,2002-03,,Did not play - other pro league,,,,,,,
Harold Keeling,1985-86,22,DAL,20,75,16.1,-2.8,0.0,0.1,.041
Trevor Keels,2022-23,19,NYK,3,8,3.7,-13.0,0.0,0.0,-0.062
Trevor Keels,2023-24,,Did not play - other pro league,,,,,,,
Bill Keller,1969-70,22,INA,82,1482,15.3,,,2.7,.087
Bill Keller,1970-71,23,INA,83,2490,15.4,,,6.1,.118
Bill Keller,1971-72,24,INA,76,1729,14.3,,,4.0,.111
Bill Keller,1972-73,25,INA,83,2251,16.2,,,5.4,.114
Bill Keller,1973-74,26,INA,75,1428,15.4,0.6,0.9,3.6,.120
Bill Keller,1974-75,27,INA,79,1918,15.3,0.2,1.1,4.4,.109
Bill Keller,1975-76,28,INA,78,2311,13.6,-0.4,1.0,4.1,.084
Bill Keller,1976-77,,Did not play - injury,,,,,,,
Gary Keller,1967-68,23,MNM,69,1211,12.9,,,2.9,.116
Gary Keller,1968-69,24,MMF,53,503,11.8,,,0.6,.053
Ken Keller,1946-47,24,2TM,28,,,,,0.4,
Ken Keller,1946-47,24,PRO,3,,,,,0.0,
Ken Keller,1946-47,24,WSC,25,,,,,0.4,
Kylor Kelley,2024-25,27,2TM,11,126,12.1,-5.4,-0.1,0.3,.102
Kylor Kelley,2024-25,27,DAL,8,67,17.1,-2.3,0.0,0.3,.196
Kylor Kelley,2024-25,27,NOP,3,59,6.5,-8.8,-0.1,0.0,-0.004
Rich Kelley,1975-76,22,NOJ,75,1346,19.3,2.8,1.6,4.8,.171
Rich Kelley,1976-77,23,NOJ,76,1505,17.6,1.9,1.5,4.3,.138
Rich Kelley,1977-78,24,NOJ,82,2119,17.8,2.6,2.5,6.4,.146
Rich Kelley,1978-79,25,NOJ,80,2705,19.9,2.8,3.3,8.6,.152
Rich Kelley,1979-80,26,2TM,80,1839,14.4,0.3,1.1,4.3,.113
Rich Kelley,1979-80,26,NJN,57,1466,13.8,-0.3,0.6,3.2,.105
Rich Kelley,1979-80,26,PHO,23,373,16.5,2.4,0.5,1.1,.145
Rich Kelley,1980-81,27,PHO,81,1686,14.4,2.3,1.9,4.3,.121
Rich Kelley,1981-82,28,PHO,81,1892,12.5,-0.4,0.8,2.5,.064
Rich Kelley,1982-83,29,2TM,70,1345,12.2,-1.3,0.2,2.4,.086
Rich Kelley,1982-83,29,DEN,38,565,10.9,-2.9,-0.1,0.6,.053
Rich Kelley,1982-83,29,UTA,32,780,13.2,-0.2,0.4,1.8,.110
Rich Kelley,1983-84,30,UTA,75,1674,9.7,-2.2,-0.1,2.4,.070
Rich Kelley,1984-85,31,UTA,77,1276,8.5,-2.7,-0.2,1.7,.066
Rich Kelley,1985-86,32,SAC,37,324,11.0,-0.3,0.1,0.7,.104
Clark Kellogg,1982-83,21,IND,81,2761,20.3,0.9,2.0,6.8,.119
Clark Kellogg,1983-84,22,IND,79,2676,19.1,1.6,2.5,7.0,.125
Clark Kellogg,1984-85,23,IND,77,2449,18.9,1.8,2.3,6.1,.119
Clark Kellogg,1985-86,24,IND,19,568,18.2,1.1,0.5,0.9,.080
Clark Kellogg,1986-87,25,IND,4,60,10.2,-1.3,0.0,0.1,.045
Arvesta Kelly,1967-68,22,PTP,16,146,7.3,,,-0.1,-0.035
Arvesta Kelly,1968-69,23,MNP,68,1066,6.6,,,0.3,.015
Arvesta Kelly,1969-70,24,PTP,70,2391,12.0,,,4.9,.098
Arvesta Kelly,1970-71,25,2TM,22,180,6.8,,,0.4,.113
Arvesta Kelly,1970-71,25,PTC,17,135,9.6,,,0.3,.120
Arvesta Kelly,1970-71,25,CAR,5,45,-1.7,,,0.1,.093
Arvesta Kelly,1971-72,26,2TM,12,112,6.6,,,0.0,.021
Arvesta Kelly,1971-72,26,PTC,8,71,11.0,,,0.1,.057
Arvesta Kelly,1971-72,26,INA,4,41,-0.8,,,0.0,-0.042
Jerry Kelly,1946-47,28,BOS,43,,,,,2.4,
Jerry Kelly,1947-48,29,PRO,3,,,,,0.0,
Ryan Kelly,2013-14,22,LAL,59,1312,12.6,-1.5,0.2,2.2,.081
Ryan Kelly,2014-15,23,LAL,52,1233,8.6,-3.3,-0.4,0.7,.027
Ryan Kelly,2015-16,24,LAL,36,470,10.3,-3.5,-0.2,0.1,.005
Ryan Kelly,2016-17,25,ATL,16,110,7.8,-3.1,0.0,0.1,.029
Tom Kelly,1948-49,24,BOS,27,,,,,1.4,
Greg Kelser,1979-80,22,DET,50,1233,16.1,-1.2,0.3,1.4,.056
Greg Kelser,1980-81,23,DET,25,654,11.8,-3.0,-0.2,0.0,-0.002
Greg Kelser,1981-82,24,2TM,60,741,11.8,-3.8,-0.4,0.8,.050
Greg Kelser,1981-82,24,DET,11,183,10.7,-4.6,-0.2,0.0,-0.007
Greg Kelser,1981-82,24,SEA,49,558,12.2,-3.5,-0.2,0.8,.068
Greg Kelser,1982-83,25,SEA,80,1507,14.7,-0.8,0.5,3.9,.123
Greg Kelser,1983-84,26,SDC,80,1783,14.6,-1.5,0.2,2.5,.068
Greg Kelser,1984-85,27,IND,10,114,13.0,-3.3,0.0,0.1,.025
Ben Kelso,1973-74,24,DET,46,298,6.8,-4.9,-0.2,0.0,.000
Shawn Kemp,1989-90,20,SEA,81,1120,15.9,-2.0,0.0,2.1,.092
Shawn Kemp,1990-91,21,SEA,81,2442,17.6,0.0,1.2,6.1,.121
Shawn Kemp,1991-92,22,SEA,64,1808,21.6,1.9,1.8,6.7,.177
Shawn Kemp,1992-93,23,SEA,78,2582,20.4,1.9,2.6,9.1,.169
Shawn Kemp,1993-94,24,SEA,79,2597,22.9,4.4,4.2,11.7,.216
Shawn Kemp,1994-95,25,SEA,82,2679,21.7,1.7,2.5,10.6,.190
Shawn Kemp,1995-96,26,SEA,79,2631,22.6,2.8,3.2,11.2,.205
Shawn Kemp,1996-97,27,SEA,81,2750,20.7,0.8,2.0,10.0,.174
Shawn Kemp,1997-98,28,CLE,80,2769,17.5,0.6,1.8,6.8,.118
Shawn Kemp,1998-99,29,CLE,42,1475,23.6,4.2,2.3,6.3,.205
Shawn Kemp,1999-00,30,CLE,82,2492,17.2,-2.1,0.0,4.0,.077
Shawn Kemp,2000-01,31,POR,68,1083,11.4,-4.8,-0.7,0.9,.041
Shawn Kemp,2001-02,32,POR,75,1232,12.1,-3.7,-0.5,1.9,.074
Shawn Kemp,2002-03,33,ORL,79,1633,11.7,-4.2,-0.9,2.0,.059
Tim Kempton,1986-87,23,LAC,66,936,10.2,-3.8,-0.4,1.3,.066
Tim Kempton,1987-88,,Did not play - other pro league,,,,,,,
Tim Kempton,1988-89,25,CHH,79,1341,10.4,-3.6,-0.5,1.0,.036
Tim Kempton,1989-90,26,DEN,71,1061,10.7,-2.4,-0.1,1.3,.060
Tim Kempton,1990-91,,Did not play - other pro league,,,,,,,
Tim Kempton,1991-92,,Did not play - other pro league,,,,,,,
Tim Kempton,1992-93,29,PHO,30,167,8.6,-5.7,-0.2,0.1,.019
Tim Kempton,1993-94,30,2TM,13,136,5.7,-8.2,-0.2,-0.1,-0.021
Tim Kempton,1993-94,30,CHH,9,103,4.9,-7.6,-0.1,0.0,.008
Tim Kempton,1993-94,30,CLE,4,33,8.1,-10.0,-0.1,-0.1,-0.113
Tim Kempton,1994-95,,Did not play - other pro league,,,,,,,
Tim Kempton,1995-96,32,ATL,3,11,-6.2,-13.3,0.0,0.0,-0.060
Tim Kempton,1996-97,33,SAS,10,59,-1.0,-11.0,-0.1,-0.2,-0.167
Tim Kempton,1997-98,34,2TM,8,47,-1.4,-12.5,-0.1,-0.1,-0.147
Tim Kempton,1997-98,34,ORL,3,15,-5.1,-13.2,0.0,0.0,-0.089
Tim Kempton,1997-98,34,TOR,5,32,0.4,-12.1,-0.1,-0.1,-0.175
Frank Kendrick,1974-75,24,GSW,24,121,20.3,-2.3,0.0,0.3,.119
Luke Kennard,2017-18,21,DET,73,1463,12.1,-0.8,0.5,2.6,.084
Luke Kennard,2018-19,22,DET,63,1437,11.9,-1.1,0.3,2.5,.085
Luke Kennard,2019-20,23,DET,28,922,14.4,-0.3,0.4,1.9,.100
Luke Kennard,2020-21,24,LAC,63,1232,12.7,-0.2,0.6,2.7,.105
Luke Kennard,2021-22,25,LAC,70,1919,13.3,0.5,1.2,4.5,.113
Luke Kennard,2022-23,26,2TM,59,1315,13.0,0.5,0.8,3.4,.124
Luke Kennard,2022-23,26,LAC,35,725,10.5,-1.4,0.1,1.1,.070
Luke Kennard,2022-23,26,MEM,24,590,16.0,2.9,0.7,2.3,.189
Luke Kennard,2023-24,27,MEM,39,999,13.1,-0.3,0.4,2.1,.099
Luke Kennard,2024-25,28,MEM,65,1472,13.6,1.1,1.2,3.9,.127
D.J. Kennedy,2011-12,22,CLE,2,59,4.7,-6.7,-0.1,0.0,-0.023
Goo Kennedy,1971-72,22,DLC,65,1453,16.9,,,5.7,.188
Goo Kennedy,1972-73,23,DLC,70,1809,15.6,,,5.0,.133
Goo Kennedy,1973-74,24,SAA,76,1440,14.0,0.8,1.0,4.5,.149
Goo Kennedy,1974-75,25,SSL,74,1532,15.2,-0.5,0.6,4.0,.125
Goo Kennedy,1975-76,26,UTS,16,271,14.7,-0.1,0.2,0.8,.136
Goo Kennedy,1976-77,27,HOU,32,277,7.8,-2.7,0.0,0.3,.045
Joe Kennedy,1968-69,22,SEA,72,1241,9.1,,,0.5,.020
Joe Kennedy,1969-70,23,SEA,14,82,-2.4,,,-0.6,-0.352
Joe Kennedy,1970-71,24,PTC,82,1382,10.2,,,0.3,.012
Pickles Kennedy,1960-61,22,PHW,7,52,3.8,,,-0.1,-0.134
Larry Kenon,1973-74,21,NYA,84,2908,14.6,-2.3,-0.2,5.9,.097
Larry Kenon,1974-75,22,NYA,84,3165,17.0,0.1,1.6,10.0,.152
Larry Kenon,1975-76,23,SAA,81,2920,16.6,-0.8,0.9,6.2,.101
Larry Kenon,1976-77,24,SAS,78,2936,19.8,2.4,3.3,9.5,.155
Larry Kenon,1977-78,25,SAS,81,2869,19.0,0.5,1.8,7.5,.126
Larry Kenon,1978-79,26,SAS,81,2947,19.8,2.2,3.1,8.8,.144
Larry Kenon,1979-80,27,SAS,78,2798,17.2,-0.4,1.1,5.4,.093
Larry Kenon,1980-81,28,CHI,77,2161,15.2,-1.1,0.5,4.1,.092
Larry Kenon,1981-82,29,CHI,60,1036,11.2,-3.5,-0.4,0.2,.009
Larry Kenon,1982-83,30,3TM,48,770,12.3,-1.3,0.1,0.9,.055
Larry Kenon,1982-83,30,CHI,5,25,1.1,-4.9,0.0,-0.1,-0.101
Larry Kenon,1982-83,30,GSW,11,121,9.6,-4.1,-0.1,0.1,.034
Larry Kenon,1982-83,30,CLE,32,624,13.2,-0.6,0.2,0.8,.065
Billy Kenville,1953-54,23,SYR,72,1405,14.6,,,4.5,.152
Billy Kenville,1954-55,24,SYR,70,1380,13.9,,,3.0,.104
Billy Kenville,1955-56,25,SYR,72,1278,16.0,,,3.9,.148
Billy Kenville,1956-57,26,FTW,71,1701,12.3,,,1.4,.039
Billy Kenville,1957-58,27,DET,35,649,11.4,,,0.5,.039
Billy Kenville,1958-59,,Did not play - other pro league,,,,,,,
Billy Kenville,1959-60,29,DET,25,365,11.9,,,0.4,.047
Jonathan Kerner,1998-99,24,ORL,1,5,-15.2,-22.1,0.0,0.0,-0.177
Red Kerr,1954-55,22,SYR,72,1529,18.6,,,5.0,.157
Red Kerr,1955-56,23,SYR,72,2114,15.8,,,4.6,.105
Red Kerr,1956-57,24,SYR,72,2191,17.5,,,5.4,.117
Red Kerr,1957-58,25,SYR,72,2384,17.9,,,5.8,.118
Red Kerr,1958-59,26,SYR,72,2671,19.4,,,8.7,.157
Red Kerr,1959-60,27,SYR,75,2372,15.7,,,3.8,.078
Red Kerr,1960-61,28,SYR,79,2676,13.7,,,3.9,.070
Red Kerr,1961-62,29,SYR,80,2768,17.6,,,7.8,.136
Red Kerr,1962-63,30,SYR,80,2561,18.6,,,7.7,.144
Red Kerr,1963-64,31,PHI,80,2938,17.1,,,4.9,.080
Red Kerr,1964-65,32,PHI,80,1810,13.2,,,0.9,.024
Red Kerr,1965-66,33,BAL,71,1770,16.3,,,3.1,.085
Steve Kerr,1988-89,23,PHO,26,157,12.7,2.7,0.2,0.4,.123
Steve Kerr,1989-90,24,CLE,78,1664,12.0,-0.8,0.5,3.2,.093
Steve Kerr,1990-91,25,CLE,57,905,10.9,-1.8,0.0,1.3,.071
Steve Kerr,1991-92,26,CLE,48,847,15.3,1.7,0.8,2.4,.138
Steve Kerr,1992-93,27,2TM,52,481,9.4,-2.0,0.0,0.6,.057
Steve Kerr,1992-93,27,CLE,5,41,17.5,1.8,0.0,0.1,.168
Steve Kerr,1992-93,27,ORL,47,440,8.6,-2.4,0.0,0.4,.047
Steve Kerr,1993-94,28,CHI,82,2036,13.7,0.8,1.5,6.1,.145
Steve Kerr,1994-95,29,CHI,82,1839,13.5,0.9,1.4,5.9,.153
Steve Kerr,1995-96,30,CHI,82,1919,15.2,3.4,2.6,8.3,.208
Steve Kerr,1996-97,31,CHI,82,1861,15.6,3.2,2.5,7.5,.192
Steve Kerr,1997-98,32,CHI,50,1119,12.9,1.1,0.9,3.8,.161
Steve Kerr,1998-99,33,SAS,44,734,9.9,-0.5,0.3,1.6,.103
Steve Kerr,1999-00,34,SAS,32,268,10.6,-0.7,0.1,0.6,.111
Steve Kerr,2000-01,35,SAS,55,650,10.6,0.0,0.3,1.5,.108
Steve Kerr,2001-02,36,POR,65,775,12.3,-1.3,0.1,1.8,.114
Steve Kerr,2002-03,37,SAS,75,952,11.4,0.1,0.5,2.2,.109
Jack Kerris,1949-50,25,2TM,68,,,,,4.1,
Jack Kerris,1949-50,25,TRI,4,,,,,0.2,
Jack Kerris,1949-50,25,FTW,64,,,,,3.9,
Jack Kerris,1950-51,26,FTW,68,,,,,5.7,
Jack Kerris,1951-52,27,FTW,66,2148,16.2,,,5.9,.132
Jack Kerris,1952-53,28,2TM,69,1424,12.4,,,2.1,.072
Jack Kerris,1952-53,28,FTW,52,982,11.7,,,1.3,.065
Jack Kerris,1952-53,28,BLB,17,442,13.8,,,0.8,.087
Jerome Kersey,1984-85,22,POR,77,958,15.3,-0.7,0.3,2.2,.111
Jerome Kersey,1985-86,23,POR,79,1217,18.5,1.1,0.9,3.6,.143
Jerome Kersey,1986-87,24,POR,82,2088,16.9,2.0,2.1,6.4,.147
Jerome Kersey,1987-88,25,POR,79,2888,17.3,1.8,2.8,8.6,.144
Jerome Kersey,1988-89,26,POR,76,2716,16.6,1.4,2.3,6.8,.121
Jerome Kersey,1989-90,27,POR,82,2843,15.7,1.8,2.7,8.8,.148
Jerome Kersey,1990-91,28,POR,73,2359,15.6,1.9,2.3,6.7,.136
Jerome Kersey,1991-92,29,POR,77,2553,14.7,1.7,2.4,6.8,.128
Jerome Kersey,1992-93,30,POR,65,1719,13.7,-0.2,0.8,3.4,.094
Jerome Kersey,1993-94,31,POR,78,1276,14.5,-0.5,0.5,3.2,.119
Jerome Kersey,1994-95,32,POR,63,1143,14.5,-0.9,0.3,2.5,.104
Jerome Kersey,1995-96,33,GSW,76,1620,13.1,-0.9,0.5,2.4,.071
Jerome Kersey,1996-97,34,LAL,70,1766,12.3,0.0,0.9,3.8,.102
Jerome Kersey,1997-98,35,SEA,37,717,12.6,-2.3,-0.1,1.2,.080
Jerome Kersey,1998-99,36,SAS,45,699,7.4,-2.9,-0.1,0.6,.040
Jerome Kersey,1999-00,37,SAS,72,1310,10.0,-0.3,0.6,2.1,.077
Jerome Kersey,2000-01,38,MIL,22,243,12.9,-0.3,0.1,0.5,.101
Tom Kerwin,1967-68,23,PTP,13,68,5.3,,,-0.1,-0.082
Alec Kessler,1990-91,24,MIA,78,1259,8.4,-7.5,-1.7,-0.1,-0.005
Alec Kessler,1991-92,25,MIA,77,1197,10.2,-5.4,-1.0,1.2,.049
Alec Kessler,1992-93,26,MIA,40,415,11.5,-2.6,-0.1,0.8,.088
Alec Kessler,1993-94,27,MIA,15,66,11.8,-3.1,0.0,0.1,.102
Walker Kessler,2022-23,21,UTA,74,1703,21.5,2.9,2.1,7.1,.200
Walker Kessler,2023-24,22,UTA,64,1493,18.0,0.9,1.1,4.1,.131
Walker Kessler,2024-25,23,UTA,58,1740,20.0,1.8,1.7,5.4,.149
Lari Ketner,1999-00,22,2TM,22,132,7.1,-7.0,-0.2,0.0,.004
Lari Ketner,1999-00,22,CHI,6,41,3.6,-8.4,-0.1,0.0,-0.026
Lari Ketner,1999-00,22,CLE,16,91,8.7,-6.4,-0.1,0.0,.018
Lari Ketner,2000-01,23,IND,3,7,-10.6,-15.4,0.0,-0.1,-0.383
Braxton Key,2021-22,24,2TM,11,197,13.7,-3.3,-0.1,0.2,.052
Braxton Key,2021-22,24,PHI,2,6,9.0,-6.2,0.0,0.0,-0.169
Braxton Key,2021-22,24,DET,9,191,13.9,-3.2,-0.1,0.2,.059
Braxton Key,2022-23,25,DET,3,9,18.6,2.9,0.0,0.0,.242
Braxton Key,2023-24,26,DEN,20,60,16.5,2.1,0.1,0.2,.180
Braxton Key,2024-25,27,GSW,3,11,1.1,-13.6,0.0,-0.1,-0.259
Julius Keye,1969-70,23,DNR,77,1641,11.4,,,1.2,.034
Julius Keye,1970-71,24,DNR,83,3634,12.9,,,3.6,.048
Julius Keye,1971-72,25,DNR,84,2557,9.5,,,3.6,.068
Julius Keye,1972-73,26,DNR,83,3016,11.7,,,5.3,.084
Julius Keye,1973-74,27,DNR,79,2595,9.5,0.5,1.7,4.3,.080
Julius Keye,1974-75,28,MMS,12,233,3.4,-6.8,-0.4,-0.2,-0.044
Randolph Keys,1988-89,22,CLE,42,331,11.5,-5.6,-0.3,0.3,.037
Randolph Keys,1989-90,23,2TM,80,1615,10.9,-4.0,-0.8,1.0,.030
Randolph Keys,1989-90,23,CLE,48,892,9.8,-4.7,-0.6,0.6,.030
Randolph Keys,1989-90,23,CHH,32,723,12.3,-3.1,-0.2,0.5,.031
Randolph Keys,1990-91,24,CHH,44,473,7.3,-5.8,-0.5,-0.2,-0.018
Randolph Keys,1991-92,,Did not play - other pro league,,,,,,,
Randolph Keys,1992-93,,Did not play - other pro league,,,,,,,
Randolph Keys,1993-94,,Did not play - other pro league,,,,,,,
Randolph Keys,1994-95,28,LAL,6,83,5.0,-8.8,-0.1,0.0,-0.008
Randolph Keys,1995-96,29,MIL,69,816,10.8,-1.3,0.1,1.2,.072
Viktor Khryapa,2004-05,22,POR,32,523,9.0,-4.4,-0.3,0.3,.024
Viktor Khryapa,2005-06,23,POR,69,1492,11.5,-3.3,-0.5,1.3,.042
Viktor Khryapa,2006-07,24,CHI,33,231,9.5,-3.3,-0.1,0.4,.087
Viktor Khryapa,2007-08,25,CHI,9,105,9.7,-1.8,0.0,0.0,.020
Jason Kidd,1994-95,21,DAL,79,2668,15.1,1.2,2.1,3.7,.066
Jason Kidd,1995-96,22,DAL,81,3034,17.8,2.0,3.0,4.3,.068
Jason Kidd,1996-97,23,2TM,55,1964,16.9,1.8,1.9,4.4,.107
Jason Kidd,1996-97,23,DAL,22,791,15.1,0.4,0.5,1.1,.064
Jason Kidd,1996-97,23,PHO,33,1173,18.0,2.8,1.4,3.3,.136
Jason Kidd,1997-98,24,PHO,82,3118,16.4,3.1,4.0,8.0,.123
Jason Kidd,1998-99,25,PHO,50,2060,22.5,5.5,3.9,8.1,.188
Jason Kidd,1999-00,26,PHO,67,2616,18.4,4.3,4.2,8.5,.156
Jason Kidd,2000-01,27,PHO,77,3065,19.4,4.2,4.8,9.6,.150
Jason Kidd,2001-02,28,NJN,82,3056,19.1,4.5,5.0,8.9,.140
Jason Kidd,2002-03,29,NJN,80,2989,22.2,6.6,6.5,11.3,.182
Jason Kidd,2003-04,30,NJN,67,2450,19.7,4.7,4.2,7.2,.141
Jason Kidd,2004-05,31,NJN,66,2435,19.5,4.6,4.1,7.2,.143
Jason Kidd,2005-06,32,NJN,80,2975,19.2,5.4,5.5,10.1,.163
Jason Kidd,2006-07,33,NJN,80,2933,19.4,4.7,4.9,9.3,.152
Jason Kidd,2007-08,34,2TM,80,2906,16.7,3.0,3.6,5.9,.097
Jason Kidd,2007-08,34,NJN,51,1895,15.7,2.2,2.0,2.5,.064
Jason Kidd,2007-08,34,DAL,29,1011,18.4,4.4,1.6,3.3,.157
Jason Kidd,2008-09,35,DAL,81,2886,16.9,3.6,4.0,8.5,.141
Jason Kidd,2009-10,36,DAL,80,2881,17.2,4.2,4.5,8.9,.148
Jason Kidd,2010-11,37,DAL,80,2653,14.4,2.8,3.3,6.4,.116
Jason Kidd,2011-12,38,DAL,48,1379,13.1,1.6,1.2,3.0,.104
Jason Kidd,2012-13,39,NYK,76,2043,13.5,3.3,2.7,5.4,.128
Stanton Kidd,2019-20,27,UTA,4,15,-13.7,-17.6,-0.1,-0.1,-0.327
Warren Kidd,1993-94,23,PHI,68,884,11.3,-4.2,-0.5,1.4,.078
Michael Kidd-Gilchrist,2012-13,19,CHA,78,2025,14.0,-2.6,-0.3,2.1,.051
Michael Kidd-Gilchrist,2013-14,20,CHA,62,1502,12.0,-2.1,0.0,3.1,.098
Michael Kidd-Gilchrist,2014-15,21,CHO,55,1587,15.1,-0.5,0.6,3.8,.114
Michael Kidd-Gilchrist,2015-16,22,CHO,7,205,16.9,0.0,0.1,0.6,.152
Michael Kidd-Gilchrist,2016-17,23,CHO,81,2349,14.3,-0.7,0.7,5.8,.119
Michael Kidd-Gilchrist,2017-18,24,CHO,74,1850,12.5,-2.1,-0.1,3.3,.084
Michael Kidd-Gilchrist,2018-19,25,CHO,64,1179,13.3,-2.4,-0.1,2.5,.100
Michael Kidd-Gilchrist,2019-20,26,2TM,25,281,4.2,-7.4,-0.4,-0.2,-0.030
Michael Kidd-Gilchrist,2019-20,26,CHO,12,160,6.1,-6.9,-0.2,-0.1,-0.028
Michael Kidd-Gilchrist,2019-20,26,DAL,13,121,1.7,-8.0,-0.2,-0.1,-0.032
Irv Kiffin,1979-80,28,SAS,26,212,3.7,-8.6,-0.5,-0.6,-0.128
Jack Kiley,1951-52,23,FTW,47,477,3.7,,,-1.8,-0.177
Jack Kiley,1952-53,24,FTW,6,27,-0.5,,,-0.1,-0.149
Earnie Killum,1970-71,22,LAL,4,12,-5.3,,,-0.1,-0.314
Carl Kilpatrick,1978-79,,Did not play - other pro league,,,,,,,
Carl Kilpatrick,1979-80,23,UTA,2,6,22.7,-4.5,0.0,0.0,.225
Sean Kilpatrick,2014-15,25,MIN,4,72,10.0,-2.2,0.0,0.1,.033
Sean Kilpatrick,2015-16,26,2TM,31,616,15.6,-2.2,0.0,1.0,.076
Sean Kilpatrick,2015-16,26,DEN,8,82,8.0,-3.8,0.0,0.1,.037
Sean Kilpatrick,2015-16,26,BRK,23,534,16.7,-1.9,0.0,0.9,.082
Sean Kilpatrick,2016-17,27,BRK,70,1754,13.1,-2.3,-0.1,1.4,.040
Sean Kilpatrick,2017-18,28,4TM,52,640,11.6,-2.8,-0.1,0.1,.008
Sean Kilpatrick,2017-18,28,BRK,16,183,4.9,-7.6,-0.3,-0.4,-0.116
Sean Kilpatrick,2017-18,28,MIL,23,205,11.3,-2.6,0.0,0.1,.035
Sean Kilpatrick,2017-18,28,LAC,4,38,10.5,-4.5,0.0,0.0,.029
Sean Kilpatrick,2017-18,28,CHI,9,214,17.7,1.3,0.2,0.4,.083
Toby Kimball,1965-66,,Did not play - other pro league,,,,,,,
Toby Kimball,1966-67,24,BOS,38,222,16.9,,,0.4,.097
Toby Kimball,1967-68,25,SDR,81,2519,12.0,,,1.2,.023
Toby Kimball,1968-69,26,SDR,76,1680,12.9,,,3.2,.091
Toby Kimball,1969-70,27,SDR,77,1622,11.9,,,2.5,.075
Toby Kimball,1970-71,28,SDR,80,1100,9.7,,,1.2,.052
Toby Kimball,1971-72,29,MIL,74,971,10.7,,,2.0,.097
Toby Kimball,1972-73,30,KCO,67,643,11.6,,,0.2,.018
Toby Kimball,1973-74,31,PHI,75,1592,13.9,-1.3,0.3,3.4,.104
Toby Kimball,1974-75,32,NOJ,3,90,7.3,-3.8,-0.1,0.0,-0.012
Bo Kimble,1990-91,24,LAC,62,1004,7.7,-5.9,-1.0,0.0,.000
Bo Kimble,1991-92,25,LAC,34,277,9.1,-4.0,-0.1,0.1,.023
Bo Kimble,1992-93,26,NYK,9,55,9.6,-8.8,-0.1,0.0,-0.025
Stan Kimbrough,1989-90,23,DET,10,50,12.1,1.6,0.0,0.1,.074
Stan Kimbrough,1990-91,,Did not play - other pro league,,,,,,,
Stan Kimbrough,1991-92,,Did not play - other pro league,,,,,,,
Stan Kimbrough,1992-93,26,SAC,3,15,8.2,-2.5,0.0,0.0,.027
Chad Kinch,1980-81,22,2TM,41,353,7.0,-4.8,-0.3,-0.5,-0.071
Chad Kinch,1980-81,22,CLE,29,247,8.0,-4.2,-0.2,-0.3,-0.051
Chad Kinch,1980-81,22,DAL,12,106,4.8,-6.2,-0.2,-0.3,-0.115
Albert King,1981-82,22,NJN,76,1694,13.5,-1.7,0.1,2.4,.067
Albert King,1982-83,23,NJN,79,2447,15.6,0.5,1.6,5.7,.112
Albert King,1983-84,24,NJN,79,2103,15.6,0.2,1.2,4.3,.099
Albert King,1984-85,25,NJN,42,860,17.7,0.1,0.4,1.9,.106
Albert King,1985-86,26,NJN,73,1998,13.3,-2.2,-0.1,1.9,.045
Albert King,1986-87,27,NJN,61,1291,10.4,-3.2,-0.4,0.2,.007
Albert King,1987-88,28,PHI,72,1593,7.2,-5.4,-1.4,-0.1,-0.004
Albert King,1988-89,29,SAS,46,791,9.4,-4.1,-0.4,0.0,-0.003
Albert King,1989-90,,Did not play - other pro league,,,,,,,
Albert King,1990-91,,Did not play - other pro league,,,,,,,
Albert King,1991-92,32,WSB,6,59,14.3,2.8,0.1,0.1,.072
Bernard King,1977-78,21,NJN,79,3092,17.3,0.1,1.6,5.9,.092
Bernard King,1978-79,22,NJN,82,2859,17.9,1.3,2.4,6.5,.109
Bernard King,1979-80,23,UTA,19,419,11.4,-4.2,-0.2,0.0,-0.002
Bernard King,1980-81,24,GSW,81,2914,19.9,2.8,3.6,9.1,.150
Bernard King,1981-82,25,GSW,79,2861,19.8,2.2,3.1,8.7,.147
Bernard King,1982-83,26,NYK,68,2207,20.3,3.5,3.1,7.5,.163
Bernard King,1983-84,27,NYK,77,2667,22.7,4.5,4.3,12.1,.218
Bernard King,1984-85,28,NYK,55,2063,25.2,5.1,3.6,7.1,.166
Bernard King,1985-86,,Did not play - injury,,,,,,,
Bernard King,1986-87,30,NYK,6,214,17.7,-1.1,0.0,0.4,.087
Bernard King,1987-88,31,WSB,69,2044,15.0,-1.3,0.3,2.8,.066
Bernard King,1988-89,32,WSB,81,2559,17.7,0.5,1.6,4.9,.092
Bernard King,1989-90,33,WSB,82,2687,18.8,0.5,1.7,5.5,.099
Bernard King,1990-91,34,WSB,64,2401,19.1,1.1,1.8,3.5,.070
Bernard King,1991-92,,Did not play - injury,,,,,,,
Bernard King,1992-93,36,NJN,32,430,15.7,-1.0,0.1,1.2,.134
Chris King,1992-93,,Did not play - other pro league,,,,,,,
Chris King,1993-94,24,SEA,15,86,13.1,-7.0,-0.1,0.0,.002
Chris King,1994-95,,Did not play - other pro league,,,,,,,
Chris King,1995-96,26,VAN,80,1930,10.8,-2.5,-0.2,1.1,.028
Chris King,1996-97,,Did not play - other pro league,,,,,,,
Chris King,1997-98,,Did not play - other pro league,,,,,,,
Chris King,1998-99,29,UTA,8,42,-1.9,-10.3,-0.1,-0.1,-0.129
Dan King,1954-55,24,BLB,12,103,,,,,
Frankie King,1995-96,23,LAL,6,20,0.7,-14.5,-0.1,-0.1,-0.234
Frankie King,1996-97,24,PHI,7,59,15.0,-1.3,0.0,0.1,.113
George King,1950-51,,Did not play - other pro league,,,,,,,
George King,1951-52,23,SYR,66,1889,16.7,,,6.4,.162
George King,1952-53,24,SYR,71,2519,16.2,,,8.1,.155
George King,1953-54,25,SYR,72,2370,14.6,,,6.3,.129
George King,1954-55,26,SYR,67,2015,13.1,,,3.8,.090
George King,1955-56,27,SYR,72,2343,13.2,,,3.8,.078
George King,1956-57,,Did not play - retired,,,,,,,
George King,1957-58,29,CIN,63,2272,11.3,,,3.0,.064
George King,2018-19,25,PHO,1,6,1.9,-7.9,0.0,0.0,-0.001
George King,2019-20,,Did not play - other pro league,,,,,,,
George King,2020-21,,Did not play - other pro league,,,,,,,
George King,2021-22,28,DAL,4,19,-12.3,-20.1,-0.1,-0.1,-0.296
Gerard King,1998-99,26,SAS,19,63,13.6,-1.9,0.0,0.2,.166
Gerard King,1999-00,27,WAS,62,1060,13.4,-0.9,0.3,2.3,.103
Gerard King,2000-01,28,WAS,45,706,10.1,-3.3,-0.2,0.5,.035
Jim King,1963-64,22,LAL,60,762,11.4,,,1.1,.069
Jim King,1964-65,23,LAL,77,1671,9.3,,,1.5,.043
Jim King,1965-66,24,LAL,76,1499,11.8,,,2.3,.073
Jim King,1966-67,25,SFW,67,1667,13.7,,,3.5,.101
Jim King,1967-68,26,SFW,54,1743,14.6,,,3.7,.102
Jim King,1968-69,27,SFW,46,1010,9.0,,,-0.1,-0.004
Jim King,1969-70,28,2TM,34,391,11.1,,,0.4,.048
Jim King,1969-70,28,SFW,3,105,13.1,,,0.1,.048
Jim King,1969-70,28,CIN,31,286,10.3,,,0.3,.048
Jim King,1970-71,29,CHI,55,645,12.8,,,1.3,.099
Jim King,1971-72,30,CHI,73,1014,11.7,,,2.5,.117
Jim King,1972-73,31,CHI,65,785,10.9,,,1.5,.091
Jimmy King,1995-96,22,TOR,62,868,9.9,-4.8,-0.6,0.0,.000
Jimmy King,1996-97,23,DEN,2,22,12.7,2.2,0.0,0.0,.030
Louis King,2019-20,20,DET,10,62,6.2,-6.2,-0.1,0.0,-0.007
Louis King,2020-21,21,SAC,6,85,21.2,4.9,0.1,0.3,.160
Louis King,2021-22,22,SAC,10,104,8.1,-4.6,-0.1,0.0,.000
Louis King,2022-23,23,PHI,1,29,21.3,2.3,0.0,0.1,.157
Louis King,2023-24,,Did not play - other pro league,,,,,,,
Loyd King,1971-72,22,MMP,74,1153,8.2,,,0.4,.017
Loyd King,1972-73,23,MMT,10,102,1.6,,,-0.3,-0.148
Maurice King,1957-58,,Did not play - military service,,,,,,,
Maurice King,1958-59,,Did not play - military service,,,,,,,
Maurice King,1959-60,24,BOS,1,19,17.3,,,0.1,.264
Maurice King,1960-61,,Did not play - other pro league,,,,,,,
Maurice King,1961-62,,Did not play - other pro league,,,,,,,
Maurice King,1962-63,27,CHZ,37,954,8.3,,,-0.1,-0.005
Reggie King,1979-80,22,KCK,82,2052,13.5,0.3,1.2,6.2,.146
Reggie King,1980-81,23,KCK,81,2743,16.9,0.6,1.8,8.3,.145
Reggie King,1981-82,24,KCK,80,2609,13.0,-0.4,1.0,4.8,.087
Reggie King,1982-83,25,KCK,58,995,10.5,-1.0,0.3,1.6,.077
Reggie King,1983-84,26,SEA,77,2086,11.7,-0.6,0.7,3.4,.079
Reggie King,1984-85,27,SEA,60,860,6.9,-3.9,-0.4,0.5,.028
Reggie King,1985-86,,Did not play - other pro league,,,,,,,
Rich King,1991-92,22,SEA,40,213,10.1,-6.5,-0.2,0.2,.046
Rich King,1992-93,23,SEA,3,12,8.7,-9.7,0.0,0.0,-0.105
Rich King,1993-94,24,SEA,27,78,12.9,-5.8,-0.1,0.1,.070
Rich King,1994-95,25,SEA,2,6,-19.8,-30.0,0.0,-0.1,-0.499
Ron King,1973-74,22,KEN,9,126,13.1,-2.1,0.0,0.2,.068
Stacey King,1989-90,23,CHI,82,1777,13.8,-3.0,-0.4,3.6,.098
Stacey King,1990-91,24,CHI,76,1198,10.2,-3.6,-0.5,1.5,.059
Stacey King,1991-92,25,CHI,79,1268,13.4,-1.5,0.1,3.1,.118
Stacey King,1992-93,26,CHI,76,1059,12.8,-3.2,-0.3,1.9,.088
Stacey King,1993-94,27,2TM,49,1053,11.6,-3.7,-0.4,0.9,.041
Stacey King,1993-94,27,CHI,31,537,10.4,-3.8,-0.3,0.4,.040
Stacey King,1993-94,27,MIN,18,516,12.9,-3.5,-0.2,0.4,.042
Stacey King,1994-95,28,MIN,50,792,9.5,-5.9,-0.8,0.1,.003
Stacey King,1995-96,29,MIA,15,156,2.0,-8.3,-0.2,-0.2,-0.054
Stacey King,1996-97,30,2TM,11,103,7.7,-7.3,-0.1,0.0,-0.005
Stacey King,1996-97,30,BOS,5,33,16.0,-1.1,0.0,0.1,.139
Stacey King,1996-97,30,DAL,6,70,3.7,-10.2,-0.1,-0.1,-0.072
Tom King,1946-47,22,DTF,58,,,,,2.6,
Bob Kinney,1948-49,28,2TM,58,,,,,3.6,
Bob Kinney,1948-49,28,FTW,37,,,,,2.1,
Bob Kinney,1948-49,28,BOS,21,,,,,1.5,
Bob Kinney,1949-50,29,BOS,60,,,,,4.8,
Tarence Kinsey,2006-07,22,MEM,48,967,13.0,-2.0,0.0,0.9,.046
Tarence Kinsey,2007-08,23,MEM,11,96,10.3,-3.2,0.0,0.0,.020
Tarence Kinsey,2008-09,24,CLE,50,277,11.0,-3.2,-0.1,0.6,.105
Andrei Kirilenko,1999-00,,Did not play - other pro league,,,,,,,
Andrei Kirilenko,2000-01,,Did not play - other pro league,,,,,,,
Andrei Kirilenko,2001-02,20,UTA,82,2151,18.8,3.7,3.1,7.3,.164
Andrei Kirilenko,2002-03,21,UTA,80,2213,21.1,5.8,4.4,9.2,.199
Andrei Kirilenko,2003-04,22,UTA,78,2895,22.6,7.9,7.2,11.6,.192
Andrei Kirilenko,2004-05,23,UTA,41,1349,24.4,9.2,3.8,5.5,.197
Andrei Kirilenko,2005-06,24,UTA,69,2604,20.7,6.6,5.6,7.9,.145
Andrei Kirilenko,2006-07,25,UTA,70,2049,14.3,3.8,3.0,4.4,.104
Andrei Kirilenko,2007-08,26,UTA,72,2217,17.2,5.2,4.0,7.1,.154
Andrei Kirilenko,2008-09,27,UTA,67,1831,16.8,2.6,2.2,4.6,.122
Andrei Kirilenko,2009-10,28,UTA,58,1681,18.2,5.1,3.0,6.0,.171
Andrei Kirilenko,2010-11,29,UTA,64,1999,16.6,2.2,2.1,4.5,.109
Andrei Kirilenko,2011-12,,Did not play - other pro league,,,,,,,
Andrei Kirilenko,2012-13,31,MIN,64,2034,17.6,3.5,2.9,6.0,.142
Andrei Kirilenko,2013-14,32,BRK,45,857,12.4,-0.4,0.4,1.3,.070
Andrei Kirilenko,2014-15,33,BRK,7,36,2.8,-5.7,0.0,0.0,-0.058
Alex Kirk,2014-15,23,CLE,5,14,8.5,-6.0,0.0,0.0,.061
Walt Kirk,1948-49,24,2TM,49,,,,,5.0,
Walt Kirk,1948-49,24,FTW,14,,,,,0.9,
Walt Kirk,1948-49,24,INJ,35,,,,,4.1,
Walt Kirk,1949-50,25,2TM,58,,,,,2.3,
Walt Kirk,1949-50,25,AND,26,,,,,1.3,
Walt Kirk,1949-50,25,TRI,32,,,,,1.1,
Walt Kirk,1950-51,,Did not play - other pro league,,,,,,,
Walt Kirk,1951-52,27,MLH,11,396,9.8,,,0.4,.044
Wilbur Kirkland,1969-70,,PTP,2,27,6.6,,,0.0,.023
Corey Kispert,2021-22,22,WAS,77,1801,10.9,-2.3,-0.1,2.3,.061
Corey Kispert,2022-23,23,WAS,74,2093,11.5,-1.5,0.2,3.8,.088
Corey Kispert,2023-24,24,WAS,80,2067,12.8,-2.1,-0.1,2.1,.048
Corey Kispert,2024-25,25,WAS,61,1602,11.0,-3.7,-0.7,1.1,.032
Jim Kissane,1968-69,22,MNP,2,15,5.9,,,0.0,.019
Doug Kistler,1961-62,23,NYK,5,13,12.2,,,0.0,.123
Curtis Kitchen,1986-87,23,SEA,6,31,18.5,4.8,0.1,0.1,.217
Greg Kite,1983-84,22,BOS,35,197,6.8,-6.9,-0.3,0.0,-0.008
Greg Kite,1984-85,23,BOS,55,424,3.9,-7.5,-0.6,0.1,.006
Greg Kite,1985-86,24,BOS,64,464,4.6,-6.0,-0.5,0.1,.007
Greg Kite,1986-87,25,BOS,74,745,6.0,-4.7,-0.5,0.7,.044
Greg Kite,1987-88,26,2TM,53,1063,7.3,-4.7,-0.7,0.3,.014
Greg Kite,1987-88,26,BOS,13,86,5.5,-7.7,-0.1,-0.1,-0.067
Greg Kite,1987-88,26,LAC,40,977,7.5,-4.4,-0.6,0.4,.022
Greg Kite,1988-89,27,2TM,70,942,6.3,-5.2,-0.8,0.1,.005
Greg Kite,1988-89,27,LAC,58,729,6.4,-4.9,-0.5,0.0,-0.002
Greg Kite,1988-89,27,CHH,12,213,6.1,-6.2,-0.2,0.1,.026
Greg Kite,1989-90,28,SAC,71,1515,7.0,-3.8,-0.7,0.8,.026
Greg Kite,1990-91,29,ORL,82,2225,7.4,-3.5,-0.8,2.0,.043
Greg Kite,1991-92,30,ORL,72,1479,7.7,-3.5,-0.6,1.4,.045
Greg Kite,1992-93,31,ORL,64,640,5.3,-5.3,-0.5,0.6,.047
Greg Kite,1993-94,32,ORL,29,309,2.2,-7.3,-0.4,-0.1,-0.018
Greg Kite,1994-95,33,2TM,11,77,-3.2,-15.4,-0.3,-0.3,-0.163
Greg Kite,1994-95,33,NYK,2,16,-5.4,-15.9,-0.1,-0.1,-0.175
Greg Kite,1994-95,33,IND,9,61,-2.6,-15.3,-0.2,-0.2,-0.160
Kerry Kittles,1996-97,22,NJN,82,3012,16.0,1.8,2.9,6.9,.110
Kerry Kittles,1997-98,23,NJN,77,2814,17.5,3.1,3.7,8.4,.144
Kerry Kittles,1998-99,24,NJN,46,1570,13.5,0.0,0.8,1.8,.054
Kerry Kittles,1999-00,25,NJN,62,1896,16.1,1.6,1.7,4.7,.119
Kerry Kittles,2000-01,,Did not play - injury,,,,,,,
Kerry Kittles,2001-02,27,NJN,82,2601,16.1,2.6,3.0,7.7,.141
Kerry Kittles,2002-03,28,NJN,65,1951,18.3,4.7,3.3,7.7,.188
Kerry Kittles,2003-04,29,NJN,82,2842,14.7,1.6,2.6,7.6,.128
Kerry Kittles,2004-05,30,LAC,11,243,10.0,-0.9,0.1,0.2,.040
Maxi Kleber,2017-18,26,DAL,72,1206,13.4,-0.5,0.5,2.8,.113
Maxi Kleber,2018-19,27,DAL,71,1502,13.1,0.4,0.9,3.5,.111
Maxi Kleber,2019-20,28,DAL,74,1890,13.6,0.4,1.1,4.8,.123
Maxi Kleber,2020-21,29,DAL,50,1341,10.6,0.0,0.7,2.9,.103
Maxi Kleber,2021-22,30,DAL,59,1450,11.0,-0.4,0.6,3.0,.098
Maxi Kleber,2022-23,31,DAL,37,930,8.7,-2.2,0.0,1.3,.067
Maxi Kleber,2023-24,32,DAL,43,871,8.8,-1.3,0.2,1.4,.080
Maxi Kleber,2024-25,33,DAL,34,637,5.6,-3.8,-0.3,0.3,.023
Joe Kleine,1985-86,24,SAC,80,1180,9.7,-5.0,-0.9,0.9,.037
Joe Kleine,1986-87,25,SAC,79,1658,12.4,-2.8,-0.3,2.6,.074
Joe Kleine,1987-88,26,SAC,82,1999,13.4,-3.0,-0.5,3.1,.074
Joe Kleine,1988-89,27,2TM,75,1411,10.0,-4.6,-0.9,1.0,.035
Joe Kleine,1988-89,27,SAC,47,913,8.8,-5.8,-0.9,0.1,.007
Joe Kleine,1988-89,27,BOS,28,498,12.2,-2.3,0.0,0.9,.085
Joe Kleine,1989-90,28,BOS,81,1365,10.5,-3.7,-0.6,2.3,.082
Joe Kleine,1990-91,29,BOS,72,850,9.9,-4.3,-0.5,1.2,.069
Joe Kleine,1991-92,30,BOS,70,991,13.5,-1.3,0.2,2.6,.124
Joe Kleine,1992-93,31,BOS,78,1129,9.6,-3.5,-0.4,1.5,.064
Joe Kleine,1993-94,32,PHO,74,848,11.2,-2.8,-0.2,1.6,.089
Joe Kleine,1994-95,33,PHO,75,968,9.8,-5.1,-0.7,1.4,.068
Joe Kleine,1995-96,34,PHO,56,663,6.8,-6.1,-0.7,0.1,.007
Joe Kleine,1996-97,35,3TM,59,848,7.6,-4.8,-0.6,0.4,.022
Joe Kleine,1996-97,35,PHO,23,365,6.5,-5.2,-0.3,0.0,.001
Joe Kleine,1996-97,35,LAL,8,30,4.2,-11.4,-0.1,0.0,.042
Joe Kleine,1996-97,35,NJN,28,453,8.7,-4.0,-0.2,0.4,.038
Joe Kleine,1997-98,36,CHI,46,397,5.5,-6.4,-0.4,0.1,.016
Joe Kleine,1998-99,37,PHO,31,374,6.6,-5.6,-0.3,0.3,.037
Joe Kleine,1999-00,38,POR,7,31,6.8,-5.4,0.0,0.0,.040
Linas Kleiza,2005-06,21,DEN,61,519,13.2,-3.7,-0.2,1.2,.111
Linas Kleiza,2006-07,22,DEN,79,1488,11.1,-2.5,-0.2,2.8,.090
Linas Kleiza,2007-08,23,DEN,79,1889,14.4,-0.9,0.5,4.7,.119
Linas Kleiza,2008-09,24,DEN,82,1824,13.2,-1.5,0.2,3.6,.095
Linas Kleiza,2009-10,,Did not play - other pro league,,,,,,,
Linas Kleiza,2010-11,26,TOR,39,1032,10.1,-4.7,-0.7,-0.3,-0.012
Linas Kleiza,2011-12,27,TOR,49,1057,12.4,-2.0,0.0,1.5,.066
Linas Kleiza,2012-13,28,TOR,20,376,8.2,-5.4,-0.3,0.1,.013
Leo Klier,1948-49,25,FTW,47,,,,,-0.4,
Leo Klier,1949-50,26,FTW,66,,,,,3.0,
Bobi Klintman,2024-25,21,DET,8,42,15.9,1.0,0.0,0.2,.208
Red Klotz,1947-48,27,BLB,11,,,,,-0.1,
Duane Klueh,1949-50,24,2TM,52,,,,,3.7,
Duane Klueh,1949-50,24,DNN,33,,,,,1.6,
Duane Klueh,1949-50,24,FTW,19,,,,,2.1,
Duane Klueh,1950-51,25,FTW,61,,,,,2.3,
Lonnie Kluttz,1970-71,25,CAR,3,8,-8.8,,,-0.1,-0.511
Dalton Knecht,2024-25,23,LAL,78,1494,12.7,-1.8,0.1,2.7,.086
Billy Knight,1974-75,22,INA,80,2559,18.5,1.4,2.2,7.1,.133
Billy Knight,1975-76,23,INA,70,2775,21.1,2.8,3.4,8.3,.143
Billy Knight,1976-77,24,IND,78,3117,20.1,2.7,3.7,10.7,.164
Billy Knight,1977-78,25,BUF,53,2155,18.7,1.6,2.0,6.0,.133
Billy Knight,1978-79,26,2TM,79,2095,15.3,-0.7,0.7,3.7,.085
Billy Knight,1978-79,26,BOS,40,1119,12.1,-3.2,-0.3,0.7,.029
Billy Knight,1978-79,26,IND,39,976,19.0,2.0,1.0,3.0,.149
Billy Knight,1979-80,27,IND,75,1910,18.0,1.4,1.6,5.8,.145
Billy Knight,1980-81,28,IND,82,2385,19.9,2.2,2.5,8.4,.170
Billy Knight,1981-82,29,IND,81,1803,16.7,0.6,1.2,4.3,.115
Billy Knight,1982-83,30,IND,80,2262,18.7,0.6,1.5,5.8,.123
Billy Knight,1983-84,31,KCK,75,1885,14.3,-0.8,0.6,3.4,.086
Billy Knight,1984-85,32,2TM,68,800,11.7,-3.4,-0.3,0.4,.025
Billy Knight,1984-85,32,KCK,16,189,10.2,-2.0,0.0,0.1,.021
Billy Knight,1984-85,32,SAS,52,611,12.2,-3.8,-0.3,0.3,.027
Bob Knight,1954-55,25,NYK,2,29,12.2,,,0.1,.117
Brandin Knight,2004-05,23,HOU,1,3,-1.2,-9.4,0.0,0.0,-0.205
Brandon Knight,2011-12,20,DET,66,2129,11.7,-2.6,-0.3,1.3,.029
Brandon Knight,2012-13,21,DET,75,2365,12.0,-2.8,-0.5,1.1,.022
Brandon Knight,2013-14,22,MIL,72,2400,16.5,-0.5,0.9,2.8,.055
Brandon Knight,2014-15,23,2TM,63,2035,17.1,1.6,1.9,4.5,.106
Brandon Knight,2014-15,23,MIL,52,1688,18.5,2.5,1.9,4.4,.124
Brandon Knight,2014-15,23,PHO,11,347,10.5,-2.9,-0.1,0.1,.016
Brandon Knight,2015-16,24,PHO,52,1870,14.7,-0.6,0.6,1.7,.043
Brandon Knight,2016-17,25,PHO,54,1140,12.4,-2.8,-0.2,0.3,.015
Brandon Knight,2017-18,,Did not play - injury,,,,,,,
Brandon Knight,2018-19,27,2TM,39,736,8.9,-5.4,-0.6,0.0,-0.002
Brandon Knight,2018-19,27,HOU,12,118,0.8,-12.4,-0.3,-0.3,-0.113
Brandon Knight,2018-19,27,CLE,27,618,10.5,-4.1,-0.3,0.2,.019
Brandon Knight,2019-20,28,2TM,25,462,8.5,-4.4,-0.3,-0.1,-0.010
Brandon Knight,2019-20,28,CLE,16,241,5.4,-6.5,-0.3,-0.3,-0.062
Brandon Knight,2019-20,28,DET,9,221,11.9,-2.0,0.0,0.2,.046
Brandon Knight,2020-21,,Did not play - unsigned,,,,,,,
Brandon Knight,2021-22,30,DAL,5,65,13.0,-4.6,0.0,0.1,.091
Brevin Knight,1997-98,22,CLE,80,2483,17.1,3.6,3.5,8.4,.163
Brevin Knight,1998-99,23,CLE,39,1186,16.6,1.4,1.0,2.5,.100
Brevin Knight,1999-00,24,CLE,65,1754,15.3,0.2,1.0,2.8,.077
Brevin Knight,2000-01,25,2TM,53,1457,12.5,-1.4,0.2,1.6,.054
Brevin Knight,2000-01,25,CLE,6,93,6.5,-3.9,0.0,-0.1,-0.030
Brevin Knight,2000-01,25,ATL,47,1364,12.9,-1.3,0.3,1.7,.060
Brevin Knight,2001-02,26,MEM,53,1151,14.9,-1.0,0.3,1.4,.058
Brevin Knight,2002-03,27,MEM,55,928,11.2,-3.0,-0.2,0.2,.008
Brevin Knight,2003-04,28,3TM,56,1037,13.6,-0.3,0.4,1.7,.078
Brevin Knight,2003-04,28,PHO,3,19,11.7,7.0,0.0,0.0,-0.051
Brevin Knight,2003-04,28,WAS,32,598,12.2,-1.2,0.1,0.6,.048
Brevin Knight,2003-04,28,MIL,21,420,15.8,0.7,0.3,1.1,.127
Brevin Knight,2004-05,29,CHA,66,1944,18.0,1.8,1.8,4.5,.110
Brevin Knight,2005-06,30,CHA,69,2351,17.3,1.4,2.0,4.9,.101
Brevin Knight,2006-07,31,CHA,45,1273,14.3,-1.0,0.3,1.8,.070
Brevin Knight,2007-08,32,LAC,74,1674,11.4,-1.7,0.1,2.1,.060
Brevin Knight,2008-09,33,UTA,74,938,9.5,-1.9,0.0,0.7,.035
Nathan Knight,2020-21,23,ATL,33,279,13.9,-3.7,-0.1,0.4,.070
Nathan Knight,2021-22,24,MIN,37,267,18.7,-0.6,0.1,1.0,.171
Nathan Knight,2022-23,25,MIN,38,291,14.5,-3.2,-0.1,0.7,.116
Nathan Knight,2023-24,,Did not play - other pro league,,,,,,,
Negele Knight,1990-91,23,PHO,64,792,12.1,-2.7,-0.1,0.6,.037
Negele Knight,1991-92,24,PHO,42,631,11.1,-2.6,-0.1,0.5,.040
Negele Knight,1992-93,25,PHO,52,888,8.9,-4.6,-0.6,0.1,.007
Negele Knight,1993-94,26,2TM,65,1438,13.8,-1.5,0.2,3.2,.108
Negele Knight,1993-94,26,PHO,1,8,-0.7,-11.9,0.0,0.0,-0.150
Negele Knight,1993-94,26,SAS,64,1430,13.9,-1.4,0.2,3.3,.109
Negele Knight,1994-95,27,2TM,47,708,9.3,-4.1,-0.4,-0.2,-0.013
Negele Knight,1994-95,27,POR,3,43,15.0,1.8,0.0,0.1,.119
Negele Knight,1994-95,27,DET,44,665,8.9,-4.5,-0.4,-0.3,-0.022
Negele Knight,1995-96,,Did not play - other pro league,,,,,,,
Negele Knight,1996-97,,Did not play - other pro league,,,,,,,
Negele Knight,1997-98,,Did not play - other pro league,,,,,,,
Negele Knight,1998-99,31,TOR,6,56,2.4,-10.2,-0.1,-0.1,-0.112
Ron Knight,1970-71,23,POR,52,662,9.0,,,0.3,.024
Ron Knight,1971-72,24,POR,49,483,13.3,,,-0.2,-0.016
Toby Knight,1977-78,22,NYK,80,1169,12.2,-3.6,-0.5,1.6,.066
Toby Knight,1978-79,23,NYK,82,2667,15.3,-1.0,0.7,5.7,.102
Toby Knight,1979-80,24,NYK,81,2945,16.4,0.4,1.8,7.3,.120
Toby Knight,1980-81,,Did not play - injury,,,,,,,
Toby Knight,1981-82,26,NYK,40,550,13.0,-1.1,0.1,1.1,.099
Travis Knight,1996-97,22,LAL,71,1156,14.1,-1.8,0.1,3.3,.137
Travis Knight,1997-98,23,BOS,74,1503,13.6,-1.2,0.3,3.0,.096
Travis Knight,1998-99,24,LAL,37,525,12.8,-1.1,0.1,1.1,.102
Travis Knight,1999-00,25,LAL,63,410,9.5,-5.3,-0.3,0.6,.074
Travis Knight,2000-01,26,NYK,45,256,0.9,-8.6,-0.4,-0.3,-0.049
Travis Knight,2001-02,27,NYK,49,429,5.3,-8.7,-0.7,-0.1,-0.015
Travis Knight,2002-03,28,NYK,32,287,8.3,-3.1,-0.1,0.2,.040
Lee Knorek,1946-47,25,NYK,22,,,,,1.7,
Lee Knorek,1947-48,26,NYK,48,,,,,2.5,
Lee Knorek,1948-49,27,NYK,60,,,,,5.1,
Lee Knorek,1949-50,28,BLB,1,,,,,0.0,
Dick Knostman,1953-54,22,SYR,5,47,17.6,,,0.2,.183
Rod Knowles,1968-69,22,2TM,9,43,-0.6,,,-0.1,-0.137
Rod Knowles,1968-69,22,PHO,8,40,-0.1,,,-0.1,-0.148
Rod Knowles,1968-69,22,NYA,1,3,-7.0,,,0.0,.007
Kevin Knox,2018-19,19,NYK,75,2158,8.7,-5.7,-2.0,-1.3,-0.030
Kevin Knox,2019-20,20,NYK,65,1166,8.3,-4.2,-0.7,0.2,.007
Kevin Knox,2020-21,21,NYK,42,464,9.1,-1.4,0.1,0.6,.065
Kevin Knox,2021-22,22,2TM,30,222,10.9,-4.1,-0.1,0.2,.047
Kevin Knox,2021-22,22,NYK,13,111,11.6,-1.4,0.0,0.1,.062
Kevin Knox,2021-22,22,ATL,17,111,10.1,-6.9,-0.1,0.1,.031
Kevin Knox,2022-23,23,2TM,63,952,11.1,-3.5,-0.4,0.7,.034
Kevin Knox,2022-23,23,DET,42,593,10.3,-2.8,-0.1,0.5,.043
Kevin Knox,2022-23,23,POR,21,359,12.4,-4.6,-0.2,0.1,.019
Kevin Knox,2023-24,24,DET,31,560,9.9,-4.6,-0.4,0.4,.033
Kevin Knox,2024-25,25,GSW,14,84,17.1,-1.3,0.0,0.2,.121
Bart Kofoed,1987-88,23,UTA,36,225,1.9,-7.9,-0.3,-0.1,-0.026
Bart Kofoed,1988-89,24,UTA,19,176,3.7,-4.8,-0.1,0.0,-0.006
Bart Kofoed,1989-90,,Did not play - other pro league,,,,,,,
Bart Kofoed,1990-91,26,GSW,5,21,0.7,-9.4,0.0,-0.1,-0.116
Bart Kofoed,1991-92,27,SEA,44,239,9.8,-3.2,-0.1,0.2,.036
Bart Kofoed,1992-93,28,BOS,7,41,14.9,-0.5,0.0,0.0,.054
Don Kojis,1961-62,,Did not play - other pro league,,,,,,,
Don Kojis,1962-63,,Did not play - other pro league,,,,,,,
Don Kojis,1963-64,25,BAL,78,1148,12.6,,,0.7,.031
Don Kojis,1964-65,26,DET,65,836,15.5,,,1.5,.085
Don Kojis,1965-66,27,DET,60,783,15.4,,,0.7,.044
Don Kojis,1966-67,28,CHI,78,1655,12.9,,,1.9,.056
Don Kojis,1967-68,29,SDR,69,2548,16.0,,,5.0,.094
Don Kojis,1968-69,30,SDR,81,3130,16.7,,,8.3,.127
Don Kojis,1969-70,31,SDR,56,1578,14.8,,,3.2,.097
Don Kojis,1970-71,32,SEA,79,2143,14.5,,,3.3,.075
Don Kojis,1971-72,33,SEA,73,1857,13.4,,,3.7,.096
Don Kojis,1972-73,34,KCO,77,1240,14.8,,,2.2,.084
Don Kojis,1973-74,35,KCO,77,2091,15.6,0.0,1.1,4.8,.109
Don Kojis,1974-75,36,KCO,21,232,14.2,-1.6,0.0,0.5,.096
Tyler Kolek,2024-25,23,NYK,41,296,10.3,-2.8,-0.1,0.4,.058
Christian Koloko,2022-23,22,TOR,58,802,11.4,-3.5,-0.3,1.7,.104
Christian Koloko,2023-24,,Did not play - illness,,,,,,,
Christian Koloko,2024-25,24,LAL,37,342,13.0,-2.8,-0.1,0.9,.130
Milo Komenich,1949-50,29,AND,64,,,,,1.4,
Howard Komives,1964-65,23,NYK,80,2378,10.5,,,0.7,.014
Howard Komives,1965-66,24,NYK,80,2612,12.0,,,1.0,.018
Howard Komives,1966-67,25,NYK,65,2282,13.0,,,1.5,.031
Howard Komives,1967-68,26,NYK,78,1660,9.9,,,0.3,.010
Howard Komives,1968-69,27,2TM,85,2562,11.5,,,1.4,.026
Howard Komives,1968-69,27,NYK,32,836,10.4,,,0.3,.018
Howard Komives,1968-69,27,DET,53,1726,12.1,,,1.1,.030
Howard Komives,1969-70,28,DET,82,2418,10.6,,,0.9,.017
Howard Komives,1970-71,29,DET,82,1932,9.7,,,0.2,.004
Howard Komives,1971-72,30,DET,79,2071,9.6,,,-0.8,-0.019
Howard Komives,1972-73,31,BUF,67,1468,9.1,,,-0.1,-0.005
Howard Komives,1973-74,32,KCO,44,830,8.1,-4.0,-0.4,0.1,.008
Jon Koncak,1985-86,22,ATL,82,1695,13.0,-1.9,0.0,3.7,.106
Jon Koncak,1986-87,23,ATL,82,1684,10.9,-1.4,0.3,3.7,.106
Jon Koncak,1987-88,24,ATL,49,1073,11.8,-1.0,0.3,2.3,.104
Jon Koncak,1988-89,25,ATL,74,1531,12.0,0.4,0.9,3.7,.117
Jon Koncak,1989-90,26,ATL,54,977,8.7,-1.7,0.1,1.4,.068
Jon Koncak,1990-91,27,ATL,77,1931,8.4,-0.7,0.6,2.5,.062
Jon Koncak,1991-92,28,ATL,77,1489,7.4,-2.4,-0.1,1.1,.034
Jon Koncak,1992-93,29,ATL,78,1975,9.2,-0.5,0.8,3.1,.074
Jon Koncak,1993-94,30,ATL,82,1823,9.9,-0.5,0.7,3.8,.101
Jon Koncak,1994-95,31,ATL,62,943,9.5,-0.6,0.3,1.8,.094
Jon Koncak,1995-96,32,ORL,67,1288,7.1,-3.5,-0.5,2.0,.073
John Konchar,2019-20,23,MEM,19,181,18.0,4.5,0.3,0.7,.182
John Konchar,2020-21,24,MEM,43,575,14.8,1.2,0.5,1.7,.145
John Konchar,2021-22,25,MEM,72,1292,14.0,1.5,1.2,4.2,.155
John Konchar,2022-23,26,MEM,72,1494,10.8,0.5,0.9,3.5,.111
John Konchar,2023-24,27,MEM,55,1173,11.4,-0.4,0.5,2.2,.091
John Konchar,2024-25,28,MEM,46,558,12.1,1.7,0.5,1.5,.131
Tom Kondla,1968-69,22,2TM,42,353,11.5,,,0.0,-0.001
Tom Kondla,1968-69,22,MNP,2,11,8.4,,,0.0,.138
Tom Kondla,1968-69,22,HSM,40,342,11.6,,,0.0,-0.006
Bud Koper,1964-65,22,SFW,54,631,10.6,,,1.0,.078
Joe Kopicki,1982-83,22,WSB,17,201,15.1,0.2,0.2,0.7,.177
Joe Kopicki,1983-84,23,WSB,59,678,13.4,-0.1,0.3,1.9,.136
Joe Kopicki,1984-85,24,DEN,42,308,15.3,-1.5,0.0,0.9,.135
Furkan Korkmaz,2016-17,,Did not play - other pro league,,,,,,,
Furkan Korkmaz,2017-18,20,PHI,14,80,3.4,-7.6,-0.1,0.0,-0.006
Furkan Korkmaz,2018-19,21,PHI,48,679,11.5,-1.8,0.0,1.1,.079
Furkan Korkmaz,2019-20,22,PHI,72,1559,12.0,-1.3,0.3,2.8,.085
Furkan Korkmaz,2020-21,23,PHI,55,1062,12.8,-0.1,0.5,2.0,.092
Furkan Korkmaz,2021-22,24,PHI,67,1414,10.2,-3.1,-0.4,1.2,.041
Furkan Korkmaz,2022-23,25,PHI,37,353,9.3,-4.4,-0.2,0.1,.019
Furkan Korkmaz,2023-24,26,PHI,35,300,9.2,-2.7,-0.1,0.4,.057
Frank Kornet,1989-90,23,MIL,57,438,6.1,-5.5,-0.4,0.0,.003
Frank Kornet,1990-91,24,MIL,32,157,6.2,-8.2,-0.2,-0.1,-0.023
Luke Kornet,2017-18,22,NYK,20,326,13.6,0.2,0.2,0.5,.077
Luke Kornet,2018-19,23,NYK,46,784,14.8,2.0,0.8,1.4,.083
Luke Kornet,2019-20,24,CHI,36,559,12.7,-1.2,0.1,1.1,.091
Luke Kornet,2020-21,25,2TM,31,348,13.3,0.8,0.3,0.7,.095
Luke Kornet,2020-21,25,CHI,13,94,9.8,0.5,0.1,0.1,.047
Luke Kornet,2020-21,25,BOS,18,254,14.5,0.9,0.2,0.6,.113
Luke Kornet,2021-22,26,3TM,15,103,16.6,-0.5,0.0,0.4,.194
Luke Kornet,2021-22,26,CLE,2,15,8.7,-9.9,0.0,0.0,.008
Luke Kornet,2021-22,26,MIL,1,3,-5.0,-24.7,0.0,0.0,-0.154
Luke Kornet,2021-22,26,BOS,12,85,18.8,2.1,0.1,0.4,.239
Luke Kornet,2022-23,27,BOS,69,804,16.7,1.0,0.6,3.3,.198
Luke Kornet,2023-24,28,BOS,63,983,19.8,3.4,1.3,5.1,.248
Luke Kornet,2024-25,29,BOS,73,1361,19.6,3.3,1.8,7.0,.246
Yaroslav Korolev,2005-06,18,LAC,24,127,4.8,-5.6,-0.1,0.0,-0.013
Yaroslav Korolev,2006-07,19,LAC,10,41,8.0,-4.1,0.0,0.0,-0.057
Kyle Korver,2003-04,22,PHI,74,882,10.1,-0.7,0.3,1.0,.054
Kyle Korver,2004-05,23,PHI,82,2667,12.8,1.4,2.3,6.6,.119
Kyle Korver,2005-06,24,PHI,82,2563,12.3,-0.6,0.9,4.6,.086
Kyle Korver,2006-07,25,PHI,74,2288,14.2,-0.1,1.1,4.6,.097
Kyle Korver,2007-08,26,2TM,75,1732,12.8,0.3,1.0,4.2,.116
Kyle Korver,2007-08,26,PHI,25,657,10.5,-1.1,0.1,1.0,.075
Kyle Korver,2007-08,26,UTA,50,1075,14.2,1.2,0.9,3.2,.141
Kyle Korver,2008-09,27,UTA,78,1874,12.1,0.1,1.0,3.7,.095
Kyle Korver,2009-10,28,UTA,52,952,13.9,1.4,0.8,2.6,.130
Kyle Korver,2010-11,29,CHI,82,1649,13.0,1.1,1.3,5.1,.149
Kyle Korver,2011-12,30,CHI,65,1469,13.6,2.2,1.6,5.3,.172
Kyle Korver,2012-13,31,ATL,74,2259,13.9,1.8,2.2,6.4,.137
Kyle Korver,2013-14,32,ATL,71,2408,13.5,1.1,1.9,5.9,.118
Kyle Korver,2014-15,33,ATL,75,2418,14.8,2.8,3.0,7.5,.148
Kyle Korver,2015-16,34,ATL,80,2401,9.7,-1.0,0.6,4.1,.082
Kyle Korver,2016-17,35,2TM,67,1753,12.1,0.0,0.9,3.7,.100
Kyle Korver,2016-17,35,ATL,32,894,10.8,-0.4,0.4,1.6,.088
Kyle Korver,2016-17,35,CLE,35,859,13.5,0.3,0.5,2.0,.114
Kyle Korver,2017-18,36,CLE,73,1574,13.4,0.2,0.9,3.4,.104
Kyle Korver,2018-19,37,2TM,70,1334,11.2,-0.5,0.5,2.3,.082
Kyle Korver,2018-19,37,CLE,16,251,11.3,-0.7,0.1,0.2,.043
Kyle Korver,2018-19,37,UTA,54,1083,11.2,-0.4,0.4,2.0,.091
Kyle Korver,2019-20,38,MIL,58,960,11.3,0.1,0.5,2.5,.124
Tony Koski,1968-69,22,NYA,5,30,4.9,,,0.0,-0.016
Len Kosmalski,1974-75,23,KCO,67,413,10.0,-2.5,0.0,0.5,.055
Len Kosmalski,1975-76,24,KCK,9,93,12.1,-1.9,0.1,0.1,.041
Andy Kostecka,1948-49,27,INJ,21,,,,,1.7,
Harold Kottman,1946-47,24,BOS,53,,,,,1.6,
Kosta Koufos,2008-09,19,UTA,48,565,15.2,-1.4,0.1,1.3,.112
Kosta Koufos,2009-10,20,UTA,36,172,7.7,-6.5,-0.2,0.0,.014
Kosta Koufos,2010-11,21,2TM,50,434,12.6,-5.5,-0.4,0.2,.027
Kosta Koufos,2010-11,21,MIN,39,336,10.4,-5.9,-0.3,0.0,-0.004
Kosta Koufos,2010-11,21,DEN,11,98,20.3,-4.1,-0.1,0.3,.133
Kosta Koufos,2011-12,22,DEN,48,792,17.3,0.9,0.6,2.7,.163
Kosta Koufos,2012-13,23,DEN,81,1817,17.2,0.6,1.2,6.5,.171
Kosta Koufos,2013-14,24,MEM,80,1349,16.5,-1.5,0.2,3.5,.124
Kosta Koufos,2014-15,25,MEM,81,1348,14.2,-1.2,0.2,3.3,.118
Kosta Koufos,2015-16,26,SAC,78,1482,15.1,-2.0,0.0,3.5,.113
Kosta Koufos,2016-17,27,SAC,71,1419,13.8,-2.5,-0.2,2.6,.089
Kosta Koufos,2017-18,28,SAC,71,1391,17.5,-0.4,0.6,3.9,.134
Kosta Koufos,2018-19,29,SAC,42,502,12.3,-3.4,-0.2,0.7,.063
Tom Kozelko,1973-74,22,CAP,49,573,9.4,-1.9,0.0,1.0,.080
Tom Kozelko,1974-75,23,WSB,73,754,6.7,-3.4,-0.3,0.7,.046
Tom Kozelko,1975-76,24,WSB,67,584,7.5,-2.1,0.0,0.7,.057
Ron Kozlicki,1967-68,23,INA,37,354,8.0,,,-0.1,-0.012
Arvid Kramer,1979-80,23,DEN,8,45,6.6,-5.4,-0.1,-0.1,-0.102
Barry Kramer,1964-65,22,2TM,52,507,10.0,,,0.2,.017
Barry Kramer,1964-65,22,SFW,33,276,11.1,,,0.3,.044
Barry Kramer,1964-65,22,NYK,19,231,8.7,,,-0.1,-0.017
Barry Kramer,1965-66,,Did not play - other,,,,,,,
Barry Kramer,1966-67,,Did not play - other,,,,,,,
Barry Kramer,1967-68,,Did not play - other,,,,,,,
Barry Kramer,1968-69,,Did not play - other,,,,,,,
Barry Kramer,1969-70,27,NYA,7,56,2.9,,,-0.1,-0.077
Joel Kramer,1978-79,23,PHO,82,1401,11.3,-2.2,-0.1,3.0,.103
Joel Kramer,1979-80,24,PHO,54,711,10.0,-1.4,0.1,1.4,.095
Joel Kramer,1980-81,25,PHO,82,1065,11.8,-0.1,0.5,2.9,.129
Joel Kramer,1981-82,26,PHO,56,549,10.4,-0.8,0.2,1.0,.092
Joel Kramer,1982-83,27,PHO,54,458,8.8,-1.6,0.0,0.8,.085
Steve Kramer,1967-68,23,ANA,50,1140,13.3,,,1.9,.082
Steve Kramer,1968-69,24,HSM,23,701,13.3,,,1.1,.077
Steve Kramer,1969-70,25,CAR,51,447,9.4,,,1.2,.127
Dan Kraus,1948-49,25,BLB,13,,,,,-0.3,
Herb Krautblatt,1948-49,22,BLB,10,,,,,-0.1,
Viacheslav Kravtsov,2012-13,25,DET,25,224,14.4,-2.0,0.0,0.4,.086
Viacheslav Kravtsov,2013-14,26,PHO,20,59,10.5,-6.9,-0.1,0.0,.027
Jim Krebs,1957-58,22,MNL,68,1259,14.2,,,1.3,.050
Jim Krebs,1958-59,23,MNL,72,1578,12.4,,,1.5,.044
Jim Krebs,1959-60,24,MNL,75,1269,11.0,,,1.2,.045
Jim Krebs,1960-61,25,LAL,75,1655,10.0,,,1.3,.037
Jim Krebs,1961-62,26,LAL,78,2012,12.4,,,4.2,.100
Jim Krebs,1962-63,27,LAL,79,1913,10.6,,,2.8,.071
Jim Krebs,1963-64,28,LAL,68,975,9.8,,,0.1,.004
Vit Krejci,2020-21,,Did not play - other pro league,,,,,,,
Vit Krejci,2021-22,21,OKC,30,690,8.5,-5.3,-0.6,0.6,.042
Vit Krejci,2022-23,22,ATL,29,165,7.7,-3.6,-0.1,0.1,.042
Vit Krejci,2023-24,23,ATL,22,541,8.4,-3.7,-0.2,0.6,.056
Vit Krejci,2024-25,24,ATL,57,1153,12.7,0.7,0.8,2.6,.110
Wayne Kreklow,1979-80,,Did not play - other pro league,,,,,,,
Wayne Kreklow,1980-81,24,BOS,25,100,-1.9,-8.8,-0.3,-0.3,-0.167
Tommy Kron,1966-67,23,STL,32,221,8.8,,,-0.3,-0.060
Tommy Kron,1967-68,24,SEA,76,1794,12.6,,,1.3,.034
Tommy Kron,1968-69,25,SEA,76,1124,11.6,,,0.8,.036
Tommy Kron,1969-70,26,KEN,40,493,8.1,,,0.8,.080
Tom Kropp,1975-76,22,WSB,25,72,3.9,-7.2,-0.2,-0.2,-0.160
Tom Kropp,1976-77,23,CHI,53,480,10.8,-3.0,-0.1,0.7,.072
Nenad Krstić,2002-03,,Did not play - other pro league,,,,,,,
Nenad Krstić,2003-04,,Did not play - other pro league,,,,,,,
Nenad Krstić,2004-05,21,NJN,75,1965,13.4,-3.2,-0.6,4.4,.108
Nenad Krstić,2005-06,22,NJN,80,2469,14.4,-2.2,-0.1,5.4,.105
Nenad Krstić,2006-07,23,NJN,26,848,16.9,-0.3,0.4,1.9,.109
Nenad Krstić,2007-08,24,NJN,45,812,8.5,-6.7,-1.0,-0.1,-0.007
Nenad Krstić,2008-09,25,OKC,46,1141,13.6,-2.6,-0.2,1.7,.070
Nenad Krstić,2009-10,26,OKC,76,1741,13.7,-1.8,0.1,4.2,.116
Nenad Krstić,2010-11,27,2TM,71,1571,13.1,-2.5,-0.2,4.0,.122
Nenad Krstić,2010-11,27,OKC,47,1018,12.5,-2.8,-0.2,2.0,.096
Nenad Krstić,2010-11,27,BOS,24,553,14.3,-1.8,0.0,2.0,.170
Larry Krystkowiak,1986-87,22,SAS,68,1004,13.0,-3.4,-0.3,1.4,.069
Larry Krystkowiak,1987-88,23,MIL,50,1050,11.1,-2.9,-0.2,2.1,.096
Larry Krystkowiak,1988-89,24,MIL,80,2472,14.2,-0.9,0.7,6.3,.122
Larry Krystkowiak,1989-90,25,MIL,16,381,7.6,-5.5,-0.3,0.1,.010
Larry Krystkowiak,1990-91,,Did not play - injury,,,,,,,
Larry Krystkowiak,1991-92,27,MIL,79,1848,11.4,-4.0,-0.9,1.8,.046
Larry Krystkowiak,1992-93,28,UTA,71,1362,11.7,-2.5,-0.2,2.6,.090
Larry Krystkowiak,1993-94,29,ORL,34,682,8.9,-3.2,-0.2,1.0,.068
Larry Krystkowiak,1994-95,30,CHI,19,287,9.5,-3.1,-0.1,0.3,.051
Larry Krystkowiak,1995-96,,Did not play - other pro league,,,,,,,
Larry Krystkowiak,1996-97,32,LAL,3,11,27.2,10.2,0.0,0.1,.315
Steve Kuberski,1969-70,22,BOS,51,797,11.3,,,0.2,.010
Steve Kuberski,1970-71,23,BOS,82,1867,11.8,,,2.6,.066
Steve Kuberski,1971-72,24,BOS,71,1128,11.4,,,1.7,.073
Steve Kuberski,1972-73,25,BOS,78,762,11.7,,,1.2,.077
Steve Kuberski,1973-74,26,BOS,78,985,10.9,-3.4,-0.4,1.7,.084
Steve Kuberski,1974-75,27,MIL,59,517,11.6,-2.8,-0.1,0.6,.056
Steve Kuberski,1975-76,28,2TM,70,967,12.0,-1.3,0.2,2.3,.113
Steve Kuberski,1975-76,28,BUF,10,85,7.8,-3.4,0.0,0.1,.043
Steve Kuberski,1975-76,28,BOS,60,882,12.4,-1.1,0.2,2.2,.120
Steve Kuberski,1976-77,29,BOS,76,860,10.7,-2.8,-0.2,1.1,.061
Steve Kuberski,1977-78,30,BOS,3,14,0.6,-4.9,0.0,0.0,-0.140
Leo Kubiak,1948-49,,Did not play - other pro league,,,,,,,
Leo Kubiak,1949-50,22,WAT,62,,,,,0.5,
Bruce Kuczenski,1983-84,22,3TM,15,119,-0.5,-6.0,-0.3,-0.4,-0.152
Bruce Kuczenski,1983-84,22,NJN,7,28,9.4,-4.4,0.0,0.0,-0.012
Bruce Kuczenski,1983-84,22,PHI,3,40,-5.6,-5.9,-0.1,-0.2,-0.200
Bruce Kuczenski,1983-84,22,IND,5,51,-2.0,-6.9,-0.2,-0.2,-0.192
Frank Kudelka,1949-50,24,CHS,65,,,,,2.4,
Frank Kudelka,1950-51,25,2TM,62,,,,,0.4,
Frank Kudelka,1950-51,25,WSC,35,,,,,0.3,
Frank Kudelka,1950-51,25,BOS,27,,,,,0.2,
Frank Kudelka,1951-52,26,BLB,65,1583,14.3,,,1.7,.052
Frank Kudelka,1952-53,27,2TM,36,567,8.9,,,-0.4,-0.036
Frank Kudelka,1952-53,27,BLB,16,227,11.8,,,0.0,-0.002
Frank Kudelka,1952-53,27,PHW,20,340,6.9,,,-0.4,-0.059
John Kuester,1977-78,22,KCK,78,1215,12.2,-1.5,0.1,1.9,.077
John Kuester,1978-79,23,DEN,33,212,6.9,-3.2,-0.1,0.0,.000
John Kuester,1979-80,24,IND,24,100,11.1,-3.1,0.0,0.1,.039
Ray Kuka,1947-48,25,NYK,44,,,,,3.1,
Ray Kuka,1948-49,26,NYK,8,,,,,0.1,
Toni Kukoč,1990-91,,Did not play - other pro league,,,,,,,
Toni Kukoč,1991-92,,Did not play - other pro league,,,,,,,
Toni Kukoč,1992-93,,Did not play - other pro league,,,,,,,
Toni Kukoč,1993-94,25,CHI,75,1808,15.4,1.0,1.4,3.2,.086
Toni Kukoč,1994-95,26,CHI,81,2584,19.8,4.3,4.1,10.0,.185
Toni Kukoč,1995-96,27,CHI,81,2103,20.4,5.4,4.0,10.1,.231
Toni Kukoč,1996-97,28,CHI,57,1610,20.2,5.0,2.9,6.9,.204
Toni Kukoč,1997-98,29,CHI,74,2235,17.3,3.3,3.0,7.0,.150
Toni Kukoč,1998-99,30,CHI,44,1654,18.6,3.0,2.1,2.8,.082
Toni Kukoč,1999-00,31,2TM,56,1784,16.9,2.4,2.0,3.4,.091
Toni Kukoč,1999-00,31,CHI,24,868,17.5,2.0,0.9,1.2,.067
Toni Kukoč,1999-00,31,PHI,32,916,16.4,2.8,1.1,2.2,.113
Toni Kukoč,2000-01,32,2TM,65,1597,17.8,3.2,2.1,4.7,.140
Toni Kukoč,2000-01,32,PHI,48,979,15.3,2.1,1.0,2.5,.121
Toni Kukoč,2000-01,32,ATL,17,618,21.8,4.8,1.1,2.2,.170
Toni Kukoč,2001-02,33,ATL,59,1494,14.4,0.0,0.8,2.0,.063
Toni Kukoč,2002-03,34,MIL,63,1704,18.0,2.8,2.1,4.0,.112
Toni Kukoč,2003-04,35,MIL,73,1522,16.1,2.0,1.6,3.1,.096
Toni Kukoč,2004-05,36,MIL,53,1099,12.8,0.6,0.7,1.5,.066
Toni Kukoč,2005-06,37,MIL,65,1018,11.9,0.3,0.6,1.1,.053
Arnoldas Kulboka,2018-19,,Did not play - other pro league,,,,,,,
Arnoldas Kulboka,2019-20,,Did not play - other pro league,,,,,,,
Arnoldas Kulboka,2020-21,,Did not play - other pro league,,,,,,,
Arnoldas Kulboka,2021-22,24,CHO,2,5,-10.7,-21.8,0.0,0.0,-0.217
Jonathan Kuminga,2021-22,19,GSW,70,1185,15.2,-1.5,0.1,3.0,.123
Jonathan Kuminga,2022-23,20,GSW,67,1394,13.3,-1.7,0.1,2.4,.084
Jonathan Kuminga,2023-24,21,GSW,74,1949,17.0,-0.4,0.8,4.6,.113
Jonathan Kuminga,2024-25,22,GSW,47,1144,15.7,-0.6,0.4,1.9,.080
Kevin Kunnert,1973-74,22,2TM,64,701,12.6,-2.7,-0.1,1.0,.066
Kevin Kunnert,1973-74,22,BUF,39,340,12.1,-3.3,-0.1,0.4,.057
Kevin Kunnert,1973-74,22,HOU,25,361,13.0,-2.2,0.0,0.6,.075
Kevin Kunnert,1974-75,23,HOU,75,1801,17.7,0.5,1.1,5.1,.136
Kevin Kunnert,1975-76,24,HOU,80,2335,16.4,-0.6,0.8,4.8,.099
Kevin Kunnert,1976-77,25,HOU,81,2050,14.8,-0.4,0.8,4.1,.097
Kevin Kunnert,1977-78,26,HOU,80,2152,13.6,-2.8,-0.4,2.6,.058
Kevin Kunnert,1978-79,27,SDC,81,1684,12.8,-1.3,0.3,2.3,.066
Kevin Kunnert,1979-80,28,POR,18,302,13.5,-2.8,-0.1,0.2,.032
Kevin Kunnert,1980-81,29,POR,55,842,12.7,-1.4,0.1,1.9,.106
Kevin Kunnert,1981-82,30,POR,21,237,6.4,-4.8,-0.2,0.0,.009
Terry Kunze,1965-66,,Did not play - other pro league,,,,,,,
Terry Kunze,1966-67,,Did not play - other pro league,,,,,,,
Terry Kunze,1967-68,24,MNM,46,662,5.1,,,0.6,.041
Mitch Kupchak,1976-77,22,WSB,82,1513,19.3,1.4,1.3,5.9,.188
Mitch Kupchak,1977-78,23,WSB,67,1759,17.7,0.1,0.9,4.9,.134
Mitch Kupchak,1978-79,24,WSB,66,1604,19.4,1.9,1.6,5.9,.178
Mitch Kupchak,1979-80,25,WSB,40,451,9.7,-4.9,-0.3,0.2,.018
Mitch Kupchak,1980-81,26,WSB,82,1934,16.6,-0.3,0.8,5.2,.130
Mitch Kupchak,1981-82,27,LAL,26,821,15.2,-0.8,0.2,2.4,.139
Mitch Kupchak,1982-83,,Did not play - injury,,,,,,,
Mitch Kupchak,1983-84,29,LAL,34,324,7.0,-7.4,-0.5,0.0,.003
Mitch Kupchak,1984-85,30,LAL,58,716,12.5,-4.0,-0.4,1.4,.094
Mitch Kupchak,1985-86,31,LAL,55,783,10.7,-4.7,-0.5,1.1,.069
C.J. Kupec,1975-76,23,LAL,16,55,9.7,-6.7,-0.1,-0.2,-0.198
C.J. Kupec,1976-77,24,LAL,82,908,12.7,-3.2,-0.3,1.5,.079
C.J. Kupec,1977-78,25,HOU,49,626,10.0,-2.5,-0.1,0.5,.038
Rodions Kurucs,2018-19,20,BRK,63,1294,11.0,-2.6,-0.2,1.6,.059
Rodions Kurucs,2019-20,21,BRK,47,684,8.9,-2.8,-0.1,0.8,.055
Rodions Kurucs,2020-21,22,3TM,21,125,6.3,-4.6,-0.1,-0.1,-0.041
Rodions Kurucs,2020-21,22,BRK,5,16,7.7,0.0,0.0,0.0,.082
Rodions Kurucs,2020-21,22,HOU,11,75,0.8,-8.6,-0.1,-0.3,-0.176
Rodions Kurucs,2020-21,22,MIL,5,34,17.9,2.2,0.0,0.1,.199
Rob Kurz,2008-09,23,GSW,40,442,11.8,-2.7,-0.1,0.7,.074
Ibo Kutluay,2004-05,30,SEA,5,12,-12.9,-20.3,-0.1,-0.1,-0.348
Kyle Kuzma,2017-18,22,LAL,77,2401,14.2,-0.7,0.8,3.8,.077
Kyle Kuzma,2018-19,23,LAL,70,2314,14.0,-1.4,0.4,3.1,.065
Kyle Kuzma,2019-20,24,LAL,61,1526,12.2,-2.6,-0.2,2.0,.063
Kyle Kuzma,2020-21,25,LAL,68,1954,12.7,-0.4,0.8,3.3,.080
Kyle Kuzma,2021-22,26,WAS,66,2204,15.2,-0.2,1.0,2.0,.044
Kyle Kuzma,2022-23,27,WAS,64,2239,14.3,-1.7,0.2,0.9,.019
Kyle Kuzma,2023-24,28,WAS,70,2281,15.7,-1.1,0.5,0.2,.004
Kyle Kuzma,2024-25,29,2TM,65,1936,10.6,-4.9,-1.4,-0.9,-0.024
Kyle Kuzma,2024-25,29,WAS,32,887,10.6,-5.2,-0.7,-1.3,-0.068
Kyle Kuzma,2024-25,29,MIL,33,1049,10.5,-4.7,-0.7,0.3,.014
Ognjen Kuzmić,2012-13,,Did not play - other pro league,,,,,,,
Ognjen Kuzmić,2013-14,23,GSW,21,92,3.4,-8.9,-0.2,0.0,-0.025
Ognjen Kuzmić,2014-15,24,GSW,16,72,12.9,-1.4,0.0,0.3,.171
Mindaugas Kuzminskas,2016-17,27,NYK,68,1016,12.4,-1.9,0.0,1.2,.055
Mindaugas Kuzminskas,2017-18,28,NYK,1,2,-41.1,-54.7,0.0,0.0,-1.065
Fred LaCour,1960-61,22,STL,55,722,13.8,,,1.7,.113
Fred LaCour,1961-62,23,STL,73,1507,11.3,,,1.7,.056
Fred LaCour,1962-63,24,SFW,16,171,8.1,,,-0.1,-0.019
Raef LaFrentz,1998-99,22,DEN,12,387,18.9,1.4,0.3,1.2,.144
Raef LaFrentz,1999-00,23,DEN,81,2435,16.3,0.2,1.4,5.9,.116
Raef LaFrentz,2000-01,24,DEN,78,2457,17.6,0.8,1.8,6.8,.132
Raef LaFrentz,2001-02,25,2TM,78,2455,17.9,1.8,2.3,6.4,.125
Raef LaFrentz,2001-02,25,DEN,51,1668,18.9,2.4,1.8,4.5,.129
Raef LaFrentz,2001-02,25,DAL,27,787,15.8,0.6,0.5,1.9,.115
Raef LaFrentz,2002-03,26,DAL,69,1611,16.5,0.6,1.1,5.8,.173
Raef LaFrentz,2003-04,27,BOS,17,328,16.8,0.5,0.2,0.9,.137
Raef LaFrentz,2004-05,28,BOS,80,2196,17.3,1.8,2.1,7.5,.165
Raef LaFrentz,2005-06,29,BOS,82,2033,12.0,-0.1,1.0,4.3,.101
Raef LaFrentz,2006-07,30,POR,27,352,8.7,-5.6,-0.3,0.2,.021
Raef LaFrentz,2007-08,31,POR,39,291,10.4,-2.7,-0.1,0.5,.085
Tom LaGarde,1977-78,22,DEN,77,868,8.2,-5.5,-0.8,0.4,.024
Tom LaGarde,1978-79,23,SEA,23,575,15.6,-0.2,0.3,1.7,.142
Tom LaGarde,1979-80,24,SEA,82,1164,10.8,-2.5,-0.1,2.2,.093
Tom LaGarde,1980-81,25,DAL,82,2670,13.5,-1.9,0.1,2.7,.048
Tom LaGarde,1981-82,26,DAL,47,909,7.6,-6.4,-1.0,-0.5,-0.028
Tom LaGarde,1982-83,,Did not play - other pro league,,,,,,,
Tom LaGarde,1983-84,,Did not play - other pro league,,,,,,,
Tom LaGarde,1984-85,29,NJN,1,8,-5.0,-15.4,0.0,0.0,-0.170
Jake LaRavia,2022-23,21,MEM,35,414,6.7,-3.5,-0.2,0.5,.054
Jake LaRavia,2023-24,22,MEM,35,806,12.6,-2.5,-0.1,1.0,.062
Jake LaRavia,2024-25,23,2TM,66,1349,12.6,0.2,0.8,2.9,.104
Jake LaRavia,2024-25,23,MEM,47,982,13.5,1.3,0.8,2.4,.119
Jake LaRavia,2024-25,23,SAC,19,367,10.2,-2.7,-0.1,0.5,.063
Rusty LaRue,1997-98,24,CHI,14,140,7.3,-3.6,-0.1,0.1,.040
Rusty LaRue,1998-99,25,CHI,43,732,8.9,-3.7,-0.3,0.3,.016
Rusty LaRue,1999-00,26,CHI,4,129,7.4,-5.9,-0.1,-0.1,-0.025
Rusty LaRue,2000-01,,Did not play - other pro league,,,,,,,
Rusty LaRue,2001-02,28,UTA,33,542,10.0,-3.4,-0.2,0.3,.027
Rusty LaRue,2002-03,,Did not play - other pro league,,,,,,,
Rusty LaRue,2003-04,30,GSW,4,22,3.1,-4.7,0.0,-0.1,-0.117
Rudy LaRusso,1959-60,22,MNL,71,2092,15.0,,,3.9,.091
Rudy LaRusso,1960-61,23,LAL,79,2593,14.8,,,6.9,.128
Rudy LaRusso,1961-62,24,LAL,80,2754,16.8,,,8.8,.153
Rudy LaRusso,1962-63,25,LAL,75,2505,13.6,,,5.4,.103
Rudy LaRusso,1963-64,26,LAL,79,2746,14.1,,,5.5,.096
Rudy LaRusso,1964-65,27,LAL,77,2588,16.2,,,7.3,.136
Rudy LaRusso,1965-66,28,LAL,76,2316,16.4,,,7.0,.146
Rudy LaRusso,1966-67,29,LAL,45,1292,12.8,,,1.7,.064
Rudy LaRusso,1967-68,30,SFW,79,2819,17.5,,,8.6,.146
Rudy LaRusso,1968-69,31,SFW,75,2782,15.9,,,6.3,.109
Zach LaVine,2014-15,19,MIN,77,1902,11.3,-4.6,-1.3,-0.7,-0.018
Zach LaVine,2015-16,20,MIN,82,2294,14.3,-1.5,0.3,2.6,.054
Zach LaVine,2016-17,21,MIN,47,1749,14.6,0.1,0.9,3.0,.082
Zach LaVine,2017-18,22,CHI,24,656,14.6,-2.3,-0.1,0.3,.025
Zach LaVine,2018-19,23,CHI,63,2171,18.7,0.8,1.5,2.8,.062
Zach LaVine,2019-20,24,CHI,60,2085,19.4,2.5,2.4,4.0,.091
Zach LaVine,2020-21,25,CHI,58,2034,21.5,4.0,3.1,5.9,.138
Zach LaVine,2021-22,26,CHI,67,2328,20.0,2.4,2.6,5.8,.120
Zach LaVine,2022-23,27,CHI,77,2768,19.0,1.9,2.7,7.1,.123
Zach LaVine,2023-24,28,CHI,25,872,15.1,0.1,0.5,1.5,.080
Zach LaVine,2024-25,29,2TM,74,2602,17.3,0.7,1.8,5.1,.094
Zach LaVine,2024-25,29,CHI,42,1432,18.4,1.6,1.3,3.0,.101
Zach LaVine,2024-25,29,SAC,32,1170,15.9,-0.4,0.5,2.1,.086
Skal Labissière,2016-17,20,SAC,33,612,16.8,-2.3,0.0,1.3,.099
Skal Labissière,2017-18,21,SAC,60,1240,14.3,-2.7,-0.2,1.4,.054
Skal Labissière,2018-19,22,2TM,22,176,12.6,-3.0,0.0,0.3,.089
Skal Labissière,2018-19,22,SAC,13,113,7.0,-6.4,-0.1,0.0,.018
Skal Labissière,2018-19,22,POR,9,63,22.6,3.0,0.1,0.3,.216
Skal Labissière,2019-20,23,POR,33,567,15.4,-1.3,0.1,1.4,.119
Skal Labissière,2024-25,28,SAC,4,12,15.9,2.1,0.0,0.0,.165
Reggie Lacefield,1968-69,23,KEN,8,48,12.8,,,0.1,.095
Edgar Lacey,1968-69,24,LAS,46,609,10.5,,,0.5,.039
Sam Lacey,1970-71,22,CIN,81,2648,12.5,,,1.2,.023
Sam Lacey,1971-72,23,CIN,81,2832,12.1,,,0.3,.004
Sam Lacey,1972-73,24,KCO,79,2930,13.8,,,2.7,.044
Sam Lacey,1973-74,25,KCO,79,3107,17.5,2.7,3.7,7.7,.119
Sam Lacey,1974-75,26,KCO,81,3378,15.3,3.1,4.3,7.4,.105
Sam Lacey,1975-76,27,KCK,81,3083,15.5,1.5,2.7,5.0,.079
Sam Lacey,1976-77,28,KCK,82,2595,15.8,2.7,3.1,5.6,.104
Sam Lacey,1977-78,29,KCK,77,2131,15.2,3.0,2.7,4.3,.098
Sam Lacey,1978-79,30,KCK,82,2627,15.3,3.9,3.9,6.5,.119
Sam Lacey,1979-80,31,KCK,81,2412,14.9,3.6,3.4,5.6,.112
Sam Lacey,1980-81,32,KCK,82,2228,13.5,2.6,2.6,4.0,.086
Sam Lacey,1981-82,33,2TM,56,670,7.4,-2.2,0.0,0.6,.041
Sam Lacey,1981-82,33,KCK,2,20,15.6,-2.8,0.0,0.0,.058
Sam Lacey,1981-82,33,NJN,54,650,7.2,-2.2,0.0,0.5,.040
Sam Lacey,1982-83,34,CLE,60,1232,6.5,-3.9,-0.6,-0.1,-0.004
Bob Lackey,1972-73,23,NYA,68,1185,7.0,,,-0.1,-0.005
Bob Lackey,1973-74,24,NYA,3,15,14.3,-4.0,0.0,0.0,.094
Wendell Ladner,1970-71,22,MMP,77,2504,17.4,,,4.0,.077
Wendell Ladner,1971-72,23,2TM,82,2446,12.1,,,0.2,.004
Wendell Ladner,1971-72,23,MMP,39,1263,12.2,,,0.3,.012
Wendell Ladner,1971-72,23,CAR,43,1183,12.0,,,-0.1,-0.004
Wendell Ladner,1972-73,24,2TM,52,932,11.7,,,-1.3,-0.069
Wendell Ladner,1972-73,24,MMT,15,273,6.4,,,-1.0,-0.178
Wendell Ladner,1972-73,24,KEN,37,659,13.8,,,-0.3,-0.024
Wendell Ladner,1973-74,25,2TM,64,1565,10.3,-2.3,-0.1,1.1,.035
Wendell Ladner,1973-74,25,KEN,34,928,11.1,-2.1,0.0,0.9,.045
Wendell Ladner,1973-74,25,NYA,30,637,9.1,-2.5,-0.1,0.3,.021
Wendell Ladner,1974-75,26,NYA,25,436,4.5,-6.1,-0.5,-0.4,-0.039
Christian Laettner,1992-93,23,MIN,81,2823,17.3,-0.2,1.3,5.0,.085
Christian Laettner,1993-94,24,MIN,70,2428,16.8,1.2,1.9,4.1,.081
Christian Laettner,1994-95,25,MIN,81,2770,17.7,1.1,2.2,6.2,.108
Christian Laettner,1995-96,26,2TM,74,2495,17.7,0.6,1.6,6.2,.120
Christian Laettner,1995-96,26,MIN,44,1518,18.0,1.2,1.2,3.7,.116
Christian Laettner,1995-96,26,ATL,30,977,17.2,-0.3,0.4,2.5,.125
Christian Laettner,1996-97,27,ATL,82,3140,19.1,2.5,3.5,11.6,.177
Christian Laettner,1997-98,28,ATL,74,2282,18.5,2.4,2.5,7.5,.159
Christian Laettner,1998-99,29,DET,16,337,14.6,0.0,0.2,0.7,.101
Christian Laettner,1999-00,30,DET,82,2443,14.8,-0.8,0.7,5.1,.100
Christian Laettner,2000-01,31,2TM,78,1663,17.0,0.6,1.1,4.3,.124
Christian Laettner,2000-01,31,DAL,53,930,16.7,0.8,0.6,2.6,.134
Christian Laettner,2000-01,31,WAS,25,733,17.6,0.4,0.5,1.7,.112
Christian Laettner,2001-02,32,WAS,57,1441,13.7,0.5,0.9,2.6,.086
Christian Laettner,2002-03,33,WAS,76,2215,16.1,2.0,2.2,6.6,.143
Christian Laettner,2003-04,34,WAS,48,984,14.5,0.5,0.6,2.3,.111
Christian Laettner,2004-05,35,MIA,49,739,16.3,1.9,0.7,2.7,.174
Oliver Lafayette,2009-10,25,BOS,1,22,12.8,-1.9,0.0,0.0,.098
Bill Laimbeer,1979-80,,Did not play - other pro league,,,,,,,
Bill Laimbeer,1980-81,23,CLE,81,2460,14.2,0.0,1.3,5.4,.104
Bill Laimbeer,1981-82,24,2TM,80,1829,15.4,-1.0,0.5,4.7,.122
Bill Laimbeer,1981-82,24,CLE,50,894,14.2,-2.4,-0.1,1.8,.094
Bill Laimbeer,1981-82,24,DET,30,935,16.5,0.4,0.6,2.9,.149
Bill Laimbeer,1982-83,25,DET,82,2871,16.6,1.3,2.4,8.5,.142
Bill Laimbeer,1983-84,26,DET,82,2864,19.2,1.8,2.7,10.8,.181
Bill Laimbeer,1984-85,27,DET,82,2892,18.0,1.3,2.4,9.8,.162
Bill Laimbeer,1985-86,28,DET,82,2891,17.6,0.6,1.9,9.2,.153
Bill Laimbeer,1986-87,29,DET,82,2854,17.4,2.3,3.0,10.5,.176
Bill Laimbeer,1987-88,30,DET,82,2897,15.1,2.2,3.1,8.8,.146
Bill Laimbeer,1988-89,31,DET,81,2640,16.6,3.2,3.4,9.0,.164
Bill Laimbeer,1989-90,32,DET,81,2675,15.8,3.3,3.6,10.1,.182
Bill Laimbeer,1990-91,33,DET,82,2668,14.2,1.5,2.3,8.0,.144
Bill Laimbeer,1991-92,34,DET,81,2234,12.6,0.0,1.1,4.9,.105
Bill Laimbeer,1992-93,35,DET,79,1933,14.3,0.8,1.4,5.4,.133
Bill Laimbeer,1993-94,36,DET,11,248,15.6,-0.1,0.1,0.5,.106
Pete Lalich,1946-47,26,CLR,1,,,,,0.0,
Bo Lamar,1973-74,22,SDA,84,2824,15.2,-0.9,0.8,2.5,.042
Bo Lamar,1974-75,23,SDA,77,2917,14.5,-1.6,0.3,1.5,.024
Bo Lamar,1975-76,24,2TM,41,1130,14.9,-0.9,0.3,1.0,.042
Bo Lamar,1975-76,24,SDS,6,222,13.6,-0.9,0.1,0.2,.037
Bo Lamar,1975-76,24,INA,35,908,15.2,-0.9,0.3,0.8,.043
Bo Lamar,1976-77,25,LAL,71,1165,12.8,-2.7,-0.2,0.5,.021
Anthony Lamb,2020-21,23,HOU,24,415,8.7,-6.1,-0.4,0.2,.023
Anthony Lamb,2021-22,24,SAS,2,8,-0.5,-8.0,0.0,0.0,-0.138
Anthony Lamb,2022-23,25,GSW,62,1195,10.9,-1.1,0.3,2.4,.096
Anthony Lamb,2023-24,,Did not play - other pro league,,,,,,,
Doron Lamb,2012-13,21,2TM,47,577,4.8,-7.3,-0.8,-0.4,-0.032
Doron Lamb,2012-13,21,MIL,23,280,3.0,-8.9,-0.5,-0.4,-0.076
Doron Lamb,2012-13,21,ORL,24,297,6.5,-5.7,-0.3,0.1,.010
Doron Lamb,2013-14,22,ORL,53,695,7.5,-4.6,-0.5,0.5,.036
Jeremy Lamb,2012-13,20,OKC,23,147,11.2,-5.4,-0.1,0.2,.058
Jeremy Lamb,2013-14,21,OKC,78,1538,13.4,0.1,0.8,3.3,.102
Jeremy Lamb,2014-15,22,OKC,47,633,14.9,1.6,0.6,1.6,.123
Jeremy Lamb,2015-16,23,CHO,66,1227,15.9,0.8,0.9,2.7,.107
Jeremy Lamb,2016-17,24,CHO,62,1143,17.0,0.5,0.7,2.7,.115
Jeremy Lamb,2017-18,25,CHO,80,1967,17.0,1.6,1.8,4.9,.120
Jeremy Lamb,2018-19,26,CHO,79,2250,17.3,1.2,1.8,5.3,.113
Jeremy Lamb,2019-20,27,IND,46,1291,14.0,-0.4,0.5,2.7,.099
Jeremy Lamb,2020-21,28,IND,36,765,15.8,1.4,0.7,2.1,.132
Jeremy Lamb,2021-22,29,2TM,56,935,13.3,-0.8,0.3,1.2,.063
Jeremy Lamb,2021-22,29,IND,39,613,13.4,-0.5,0.2,0.9,.070
Jeremy Lamb,2021-22,29,SAC,17,322,13.1,-1.5,0.0,0.3,.051
John Lambert,1975-76,23,CLE,54,333,13.9,-1.9,0.0,0.7,.108
John Lambert,1976-77,24,CLE,63,555,11.7,-1.2,0.1,1.0,.087
John Lambert,1977-78,25,CLE,76,1075,10.8,-2.8,-0.2,1.5,.067
John Lambert,1978-79,26,CLE,70,1030,10.9,-3.8,-0.5,0.9,.044
John Lambert,1979-80,27,CLE,74,1324,10.4,-2.6,-0.2,1.8,.066
John Lambert,1980-81,28,2TM,46,483,8.4,-4.8,-0.3,0.4,.039
John Lambert,1980-81,28,CLE,3,8,24.5,-4.0,0.0,0.0,.106
John Lambert,1980-81,28,KCK,43,475,8.1,-4.8,-0.3,0.4,.038
John Lambert,1981-82,29,2TM,63,764,8.2,-4.1,-0.4,0.6,.035
John Lambert,1981-82,29,KCK,42,493,8.1,-4.7,-0.3,0.1,.014
John Lambert,1981-82,29,SAS,21,271,8.3,-2.9,-0.1,0.4,.072
Jeff Lamp,1981-82,22,POR,54,617,9.8,-4.3,-0.4,0.6,.048
Jeff Lamp,1982-83,23,POR,59,690,10.0,-3.2,-0.2,0.7,.046
Jeff Lamp,1983-84,24,POR,64,660,12.7,-2.2,0.0,1.0,.074
Jeff Lamp,1984-85,,Did not play - waived,,,,,,,
Jeff Lamp,1985-86,26,2TM,74,1321,13.2,-1.1,0.3,3.0,.108
Jeff Lamp,1985-86,26,MIL,44,701,12.2,-0.4,0.3,1.8,.124
Jeff Lamp,1985-86,26,SAS,30,620,14.4,-1.9,0.0,1.2,.090
Jeff Lamp,1986-87,,Did not play - other pro league,,,,,,,
Jeff Lamp,1987-88,28,LAL,3,7,9.2,1.2,0.0,0.0,.227
Jeff Lamp,1988-89,29,LAL,37,176,6.8,-6.9,-0.2,-0.1,-0.026
Maciej Lampe,2003-04,18,PHO,21,224,12.2,-4.8,-0.2,0.1,.029
Maciej Lampe,2004-05,19,2TM,37,380,7.3,-7.4,-0.5,-0.1,-0.016
Maciej Lampe,2004-05,19,PHO,16,119,5.0,-10.7,-0.3,-0.2,-0.070
Maciej Lampe,2004-05,19,NOH,21,261,8.3,-5.9,-0.3,0.0,.009
Maciej Lampe,2005-06,20,2TM,6,28,-4.4,-18.3,-0.1,-0.2,-0.332
Maciej Lampe,2005-06,20,NOK,2,16,-6.1,-13.1,0.0,-0.1,-0.257
Maciej Lampe,2005-06,20,HOU,4,12,-2.1,-25.2,-0.1,-0.1,-0.432
Jim Lampley,1983-84,,Did not play - other pro league,,,,,,,
Jim Lampley,1984-85,,Did not play - other pro league,,,,,,,
Jim Lampley,1985-86,,Did not play - other pro league,,,,,,,
Jim Lampley,1986-87,26,PHI,1,16,8.3,-5.6,0.0,0.0,-0.003
Sean Lampley,2001-02,,Did not play - other pro league,,,,,,,
Sean Lampley,2002-03,23,MIA,35,487,12.4,-2.3,0.0,0.9,.084
Sean Lampley,2003-04,24,GSW,10,63,21.6,3.1,0.1,0.2,.189
Jock Landale,2021-22,26,SAS,54,589,16.0,-0.4,0.2,1.5,.121
Jock Landale,2022-23,27,PHO,69,979,16.4,-1.1,0.2,2.7,.132
Jock Landale,2023-24,28,HOU,56,763,15.6,-0.1,0.4,2.3,.146
Jock Landale,2024-25,29,HOU,42,500,16.0,0.4,0.3,1.7,.159
Carl Landry,2007-08,24,HOU,42,711,21.4,1.5,0.6,3.7,.251
Carl Landry,2008-09,25,HOU,69,1467,17.7,0.7,1.0,5.9,.193
Carl Landry,2009-10,26,2TM,80,2469,19.0,0.8,1.7,7.7,.150
Carl Landry,2009-10,26,HOU,52,1415,21.1,1.9,1.4,5.4,.184
Carl Landry,2009-10,26,SAC,28,1054,16.0,-0.8,0.3,2.3,.105
Carl Landry,2010-11,27,2TM,76,2008,14.8,-1.9,0.1,4.1,.098
Carl Landry,2010-11,27,SAC,53,1406,14.7,-1.8,0.1,2.5,.086
Carl Landry,2010-11,27,NOH,23,602,15.2,-2.1,0.0,1.6,.125
Carl Landry,2011-12,28,NOH,41,999,18.2,-0.2,0.4,2.9,.139
Carl Landry,2012-13,29,GSW,81,1876,17.5,-0.2,0.8,6.2,.159
Carl Landry,2013-14,30,SAC,18,233,11.2,-3.1,-0.1,0.4,.088
Carl Landry,2014-15,31,SAC,70,1192,14.9,-2.3,-0.1,2.8,.112
Carl Landry,2015-16,32,PHI,36,569,22.4,1.2,0.5,2.1,.176
Marcus Landry,2009-10,24,2TM,18,111,7.2,-7.5,-0.1,-0.1,-0.034
Marcus Landry,2009-10,24,NYK,17,108,8.1,-6.7,-0.1,0.0,-0.015
Marcus Landry,2009-10,24,BOS,1,3,-26.8,-34.7,0.0,0.0,-0.738
Mark Landsberger,1977-78,22,CHI,62,926,14.5,-1.1,0.2,1.9,.100
Mark Landsberger,1978-79,23,CHI,80,1959,12.6,-2.8,-0.4,2.2,.054
Mark Landsberger,1979-80,24,2TM,77,1510,15.7,-1.8,0.1,3.4,.109
Mark Landsberger,1979-80,24,CHI,54,1136,15.3,-1.8,0.1,2.4,.103
Mark Landsberger,1979-80,24,LAL,23,374,17.0,-2.0,0.0,1.0,.128
Mark Landsberger,1980-81,25,LAL,69,1086,12.5,-4.0,-0.5,2.2,.099
Mark Landsberger,1981-82,26,LAL,75,1134,10.3,-4.8,-0.8,1.7,.072
Mark Landsberger,1982-83,27,LAL,39,356,10.2,-4.8,-0.3,0.4,.061
Mark Landsberger,1983-84,28,ATL,35,335,8.1,-3.8,-0.2,0.3,.036
Jerome Lane,1988-89,22,DEN,54,550,12.3,-5.1,-0.4,0.1,.013
Jerome Lane,1989-90,23,DEN,67,956,12.8,-2.3,-0.1,1.2,.062
Jerome Lane,1990-91,24,DEN,62,1383,12.8,-4.0,-0.7,0.6,.021
Jerome Lane,1991-92,25,3TM,14,177,6.6,-5.3,-0.1,-0.2,-0.052
Jerome Lane,1991-92,25,DEN,9,141,5.4,-5.5,-0.1,-0.2,-0.077
Jerome Lane,1991-92,25,IND,3,30,10.2,-5.0,0.0,0.0,.038
Jerome Lane,1991-92,25,MIL,2,6,19.1,-0.7,0.0,0.0,.096
Jerome Lane,1992-93,26,CLE,21,149,18.1,-0.1,0.1,0.5,.155
Andrew Lang,1988-89,22,PHO,62,526,11.6,-1.1,0.1,1.4,.124
Andrew Lang,1989-90,23,PHO,74,1011,13.2,1.4,0.9,3.0,.144
Andrew Lang,1990-91,24,PHO,63,1152,13.6,1.2,0.9,3.7,.155
Andrew Lang,1991-92,25,PHO,81,1965,13.8,0.3,1.1,5.7,.140
Andrew Lang,1992-93,26,PHI,73,1861,9.3,-3.1,-0.6,1.7,.045
Andrew Lang,1993-94,27,ATL,82,1608,11.0,-2.9,-0.4,2.9,.087
Andrew Lang,1994-95,28,ATL,82,2340,13.1,-1.9,0.0,4.9,.100
Andrew Lang,1995-96,29,2TM,71,2365,11.9,-3.4,-0.8,2.3,.047
Andrew Lang,1995-96,29,ATL,51,1815,12.4,-2.9,-0.4,2.2,.058
Andrew Lang,1995-96,29,MIN,20,550,10.1,-4.9,-0.4,0.2,.013
Andrew Lang,1996-97,30,MIL,52,1194,10.8,-2.2,-0.1,1.9,.076
Andrew Lang,1997-98,31,MIL,57,692,8.5,-3.3,-0.2,0.7,.047
Andrew Lang,1998-99,32,CHI,21,386,7.0,-6.0,-0.4,-0.1,-0.017
Andrew Lang,1999-00,33,NYK,19,244,10.3,-1.3,0.0,0.4,.086
Antonio Lang,1994-95,22,PHO,12,53,0.3,-11.0,-0.1,-0.1,-0.083
Antonio Lang,1995-96,23,CLE,41,367,11.5,-3.5,-0.1,0.7,.090
Antonio Lang,1996-97,24,CLE,64,843,8.0,-3.4,-0.3,0.8,.048
Antonio Lang,1997-98,25,MIA,6,29,14.9,-2.5,0.0,0.1,.122
Antonio Lang,1998-99,26,CLE,10,65,8.8,-4.0,0.0,0.1,.100
Antonio Lang,1999-00,27,2TM,10,38,5.7,-5.5,0.0,0.0,.014
Antonio Lang,1999-00,27,TOR,7,32,2.1,-8.7,-0.1,0.0,-0.059
Antonio Lang,1999-00,27,PHI,3,6,25.2,11.3,0.0,0.1,.405
James Lang,2006-07,23,WAS,11,55,6.6,-6.4,-0.1,0.1,.047
Trajan Langdon,1999-00,23,CLE,10,145,10.9,-0.7,0.0,0.3,.098
Trajan Langdon,2000-01,24,CLE,65,1116,11.8,-1.0,0.3,2.0,.086
Trajan Langdon,2001-02,25,CLE,44,477,13.5,-1.3,0.1,0.6,.055
Trajan Langdon,2002-03,,Did not play - other pro league,,,,,,,
Trajan Langdon,2003-04,,Did not play - other pro league,,,,,,,
Trajan Langdon,2004-05,,Did not play - other pro league,,,,,,,
Trajan Langdon,2005-06,,Did not play - other pro league,,,,,,,
Trajan Langdon,2006-07,,Did not play - other pro league,,,,,,,
Trajan Langdon,2007-08,,Did not play - other pro league,,,,,,,
Trajan Langdon,2008-09,,Did not play - other pro league,,,,,,,
Trajan Langdon,2009-10,,Did not play - other pro league,,,,,,,
Trajan Langdon,2010-11,,Did not play - other pro league,,,,,,,
Keith Langford,2007-08,24,SAS,2,10,-2.4,-15.1,0.0,0.0,-0.142
Romeo Langford,2019-20,20,BOS,32,370,5.4,-4.9,-0.3,0.2,.025
Romeo Langford,2020-21,21,BOS,18,283,5.1,-4.6,-0.2,0.0,.003
Romeo Langford,2021-22,22,2TM,48,771,9.2,-1.4,0.1,1.3,.082
Romeo Langford,2021-22,22,BOS,44,728,9.3,-1.2,0.2,1.3,.084
Romeo Langford,2021-22,22,SAS,4,43,8.1,-4.2,0.0,0.0,.053
Romeo Langford,2022-23,23,SAS,43,844,10.4,-4.2,-0.5,0.5,.029
Romeo Langford,2023-24,,Did not play - other pro league,,,,,,,
Dan Langhi,2000-01,23,HOU,33,241,9.4,-6.3,-0.3,-0.1,-0.014
Dan Langhi,2001-02,24,HOU,34,434,8.5,-4.6,-0.3,0.0,.001
Dan Langhi,2002-03,25,PHO,60,541,9.4,-3.6,-0.2,0.4,.038
Dan Langhi,2003-04,26,2TM,6,37,1.8,-9.9,-0.1,-0.1,-0.068
Dan Langhi,2003-04,26,GSW,4,17,-2.1,-16.9,-0.1,0.0,-0.125
Dan Langhi,2003-04,26,MIL,2,20,5.1,-3.9,0.0,0.0,-0.019
Bob Lanier,1970-71,22,DET,82,2017,20.0,,,5.2,.124
Bob Lanier,1971-72,23,DET,80,3092,23.1,,,8.4,.130
Bob Lanier,1972-73,24,DET,81,3150,22.1,,,10.6,.161
Bob Lanier,1973-74,25,DET,81,3047,23.9,7.1,7.0,14.4,.227
Bob Lanier,1974-75,26,DET,76,2987,24.4,6.1,6.1,12.4,.199
Bob Lanier,1975-76,27,DET,64,2363,22.7,5.1,4.3,10.1,.205
Bob Lanier,1976-77,28,DET,64,2446,23.0,5.4,4.6,10.3,.203
Bob Lanier,1977-78,29,DET,63,2311,24.8,5.4,4.3,10.1,.209
Bob Lanier,1978-79,30,DET,53,1835,21.7,3.0,2.3,5.9,.155
Bob Lanier,1979-80,31,2TM,63,2131,20.4,3.1,2.8,7.4,.168
Bob Lanier,1979-80,31,DET,37,1392,20.3,2.5,1.6,4.2,.146
Bob Lanier,1979-80,31,MIL,26,739,20.5,4.4,1.2,3.2,.209
Bob Lanier,1980-81,32,MIL,67,1753,19.7,3.9,2.6,6.8,.185
Bob Lanier,1981-82,33,MIL,74,1986,17.4,2.9,2.5,6.6,.160
Bob Lanier,1982-83,34,MIL,39,978,14.5,0.5,0.6,2.3,.112
Bob Lanier,1983-84,35,MIL,72,2007,17.7,2.6,2.3,6.7,.160
Stu Lantz,1968-69,22,SDR,73,1378,11.9,,,3.4,.118
Stu Lantz,1969-70,23,SDR,82,2471,12.9,,,4.7,.091
Stu Lantz,1970-71,24,SDR,82,3102,16.8,,,10.5,.162
Stu Lantz,1971-72,25,HOU,81,3097,15.0,,,7.4,.114
Stu Lantz,1972-73,26,DET,51,1603,9.3,,,1.4,.041
Stu Lantz,1973-74,27,DET,50,980,14.4,-0.4,0.4,2.4,.118
Stu Lantz,1974-75,28,2TM,75,1783,11.9,-2.6,-0.3,1.7,.047
Stu Lantz,1974-75,28,NOJ,19,353,9.7,-3.9,-0.2,0.1,.011
Stu Lantz,1974-75,28,LAL,56,1430,12.4,-2.2,-0.1,1.7,.056
Stu Lantz,1975-76,29,LAL,53,853,9.8,-3.1,-0.2,1.0,.059
Stu Lantz,1976-77,,Did not play - injury,,,,,,,
Nicolás Laprovíttola,2016-17,27,SAS,18,174,8.4,-3.9,-0.1,0.2,.044
York Larese,1961-62,23,2TM,59,703,9.3,,,0.3,.020
York Larese,1961-62,23,CHP,8,57,13.3,,,0.1,.101
York Larese,1961-62,23,PHW,51,646,9.0,,,0.2,.013
Shane Larkin,2013-14,21,DAL,48,489,8.3,-3.8,-0.2,-0.1,-0.010
Shane Larkin,2014-15,22,NYK,76,1865,10.9,-2.8,-0.4,1.7,.045
Shane Larkin,2015-16,23,BRK,78,1751,13.3,-2.0,0.0,1.4,.039
Shane Larkin,2016-17,,Did not play - other pro league,,,,,,,
Shane Larkin,2017-18,25,BOS,54,775,10.3,-1.7,0.1,1.4,.087
Pelle Larsson,2024-25,23,MIA,55,782,10.2,-3.1,-0.2,1.4,.086
John Laskowski,1975-76,22,CHI,71,1570,11.3,-1.9,0.1,1.7,.051
John Laskowski,1976-77,23,CHI,47,562,9.8,-2.1,0.0,0.4,.030
Stéphane Lasme,2007-08,25,2TM,16,303,11.7,-4.4,-0.2,0.3,.041
Stéphane Lasme,2007-08,25,GSW,1,0,,,0.0,0.0,
Stéphane Lasme,2007-08,25,MIA,15,303,11.7,-4.4,-0.2,0.3,.041
Dave Lattin,1967-68,24,SFW,44,257,8.1,,,0.2,.031
Dave Lattin,1968-69,25,PHO,68,987,12.0,,,0.6,.028
Dave Lattin,1969-70,,Did not play - waived,,,,,,,
Dave Lattin,1970-71,27,PTC,71,1135,13.2,,,2.0,.084
Dave Lattin,1971-72,28,PTC,64,1482,16.9,,,3.2,.103
Dave Lattin,1972-73,29,MMT,16,296,9.0,,,0.4,.059
Priest Lauderdale,1996-97,23,ATL,35,180,13.6,-8.9,-0.3,-0.2,-0.048
Priest Lauderdale,1997-98,24,DEN,39,345,10.0,-7.4,-0.5,-0.6,-0.087
Rich Laurel,1977-78,23,MIL,10,57,7.5,-5.1,-0.1,0.0,-0.034
Harry Laurie,1970-71,26,PTC,9,57,0.6,,,0.0,-0.008
Walt Lautenbach,1949-50,27,SHE,55,,,,,-1.3,
Joffrey Lauvergne,2013-14,,Did not play - other pro league,,,,,,,
Joffrey Lauvergne,2014-15,23,DEN,24,268,10.5,-5.6,-0.2,0.1,.012
Joffrey Lauvergne,2015-16,24,DEN,59,1041,15.7,-1.6,0.1,2.3,.105
Joffrey Lauvergne,2016-17,25,2TM,70,980,12.6,-2.2,-0.1,1.5,.075
Joffrey Lauvergne,2016-17,25,OKC,50,739,12.9,-1.6,0.1,1.4,.091
Joffrey Lauvergne,2016-17,25,CHI,20,241,11.6,-4.1,-0.1,0.1,.025
Joffrey Lauvergne,2017-18,26,SAS,55,534,16.5,-1.0,0.1,1.3,.120
Tony Lavelli,1949-50,23,BOS,56,,,,,4.2,
Tony Lavelli,1950-51,24,NYK,30,,,,,0.6,
Bob Lavoy,1950-51,24,INO,63,,,,,1.0,
Bob Lavoy,1951-52,25,INO,63,1829,17.2,,,5.8,.152
Bob Lavoy,1952-53,26,INO,70,2327,14.7,,,5.8,.119
Bob Lavoy,1953-54,27,2TM,68,1277,12.6,,,3.4,.126
Bob Lavoy,1953-54,27,MLH,8,125,17.5,,,0.4,.151
Bob Lavoy,1953-54,27,SYR,60,1152,12.1,,,3.0,.124
Acie Law,2007-08,23,ATL,56,865,7.7,-5.2,-0.7,-0.1,-0.007
Acie Law,2008-09,24,ATL,55,560,10.6,-2.9,-0.1,0.7,.062
Acie Law,2009-10,25,3TM,26,234,16.0,-1.0,0.1,0.6,.115
Acie Law,2009-10,25,GSW,5,66,21.3,2.7,0.1,0.3,.236
Acie Law,2009-10,25,CHA,9,33,7.5,-8.5,-0.1,0.0,-0.066
Acie Law,2009-10,25,CHI,12,135,15.4,-1.0,0.0,0.3,.101
Acie Law,2010-11,26,2TM,51,726,9.9,-4.0,-0.4,0.4,.027
Acie Law,2010-11,26,MEM,11,94,0.4,-9.2,-0.2,-0.3,-0.138
Acie Law,2010-11,26,GSW,40,632,11.3,-3.2,-0.2,0.7,.052
Vic Law,2019-20,24,ORL,8,62,3.7,-9.6,-0.1,-0.1,-0.052
Gani Lawal,2010-11,22,PHO,1,2,-9.1,-15.0,0.0,0.0,-0.009
Edmund Lawrence,1980-81,28,DET,3,19,19.4,-3.7,0.0,0.1,.201
A.J. Lawson,2022-23,22,2TM,15,108,13.9,-4.4,-0.1,0.1,.063
A.J. Lawson,2022-23,22,MIN,1,2,34.4,5.2,0.0,0.0,.377
A.J. Lawson,2022-23,22,DAL,14,106,13.5,-4.6,-0.1,0.1,.057
A.J. Lawson,2023-24,23,DAL,42,311,11.2,-4.6,-0.2,0.2,.036
A.J. Lawson,2024-25,24,TOR,26,486,12.7,-2.5,-0.1,0.8,.081
Jason Lawson,1997-98,23,ORL,17,80,21.5,4.8,0.1,0.5,.280
Ty Lawson,2009-10,22,DEN,65,1318,16.4,1.1,1.0,3.7,.135
Ty Lawson,2010-11,23,DEN,80,2103,17.9,2.1,2.2,6.7,.153
Ty Lawson,2011-12,24,DEN,61,2124,19.4,3.2,2.8,6.9,.157
Ty Lawson,2012-13,25,DEN,73,2513,17.9,2.0,2.5,7.4,.141
Ty Lawson,2013-14,26,DEN,62,2222,19.0,2.3,2.5,6.3,.136
Ty Lawson,2014-15,27,DEN,75,2665,18.5,2.2,2.8,7.0,.126
Ty Lawson,2015-16,28,2TM,66,1411,9.7,-3.6,-0.6,0.9,.032
Ty Lawson,2015-16,28,HOU,53,1176,8.9,-4.1,-0.6,0.4,.017
Ty Lawson,2015-16,28,IND,13,235,13.7,-1.2,0.0,0.5,.103
Ty Lawson,2016-17,29,SAC,69,1732,15.4,-1.0,0.4,3.2,.088
Ty Lawson,2017-18,,Did not play - other pro league,,,,,,,
Ty Lawson,2018-19,,Did not play - other pro league,,,,,,,
Jake Layman,2016-17,22,POR,35,249,4.9,-6.4,-0.3,-0.3,-0.054
Jake Layman,2017-18,23,POR,35,160,4.9,-4.3,-0.1,-0.1,-0.021
Jake Layman,2018-19,24,POR,71,1327,13.5,-0.5,0.5,3.1,.111
Jake Layman,2019-20,25,MIN,23,505,10.3,-3.7,-0.2,0.3,.030
Jake Layman,2020-21,26,MIN,45,627,11.4,-2.1,0.0,0.7,.051
Jake Layman,2021-22,27,MIN,34,231,9.0,-3.9,-0.1,0.1,.024
Mo Layton,1971-72,23,PHO,80,1849,10.6,,,1.9,.049
Mo Layton,1972-73,24,PHO,65,990,12.5,,,1.0,.050
Mo Layton,1973-74,25,2TM,25,392,11.0,-3.9,-0.2,0.1,.007
Mo Layton,1973-74,25,POR,22,327,12.0,-3.8,-0.2,0.1,.018
Mo Layton,1973-74,25,MMT,3,65,6.4,-4.1,-0.1,-0.1,-0.048
Mo Layton,1974-75,,Did not play - waived,,,,,,,
Mo Layton,1975-76,,Did not play - waived,,,,,,,
Mo Layton,1976-77,28,NYK,56,765,14.5,-1.6,0.1,1.1,.068
Mo Layton,1977-78,29,SAS,41,498,11.6,-3.1,-0.1,0.3,.031
Caris LeVert,2016-17,22,BRK,57,1237,12.3,-1.1,0.3,1.8,.070
Caris LeVert,2017-18,23,BRK,71,1864,14.2,-0.8,0.6,2.3,.058
Caris LeVert,2018-19,24,BRK,40,1063,14.9,0.2,0.6,1.7,.077
Caris LeVert,2019-20,25,BRK,45,1330,16.1,-0.3,0.5,1.5,.055
Caris LeVert,2020-21,26,2TM,47,1486,17.8,0.4,0.9,2.4,.077
Caris LeVert,2020-21,26,BRK,12,334,19.1,1.5,0.3,0.6,.084
Caris LeVert,2020-21,26,IND,35,1152,17.4,0.0,0.6,1.8,.075
Caris LeVert,2021-22,27,2TM,58,1781,15.1,-1.2,0.4,2.2,.059
Caris LeVert,2021-22,27,IND,39,1214,16.3,-0.3,0.5,1.5,.060
Caris LeVert,2021-22,27,CLE,19,567,12.4,-3.1,-0.2,0.7,.057
Caris LeVert,2022-23,28,CLE,74,2237,12.4,-0.2,1.0,4.4,.095
Caris LeVert,2023-24,29,CLE,68,1958,14.6,0.2,1.1,3.6,.088
Caris LeVert,2024-25,30,2TM,64,1596,15.2,0.9,1.2,4.0,.119
Caris LeVert,2024-25,30,CLE,38,904,14.4,1.2,0.7,2.3,.124
Caris LeVert,2024-25,30,ATL,26,692,16.2,0.4,0.4,1.6,.112
T.J. Leaf,2017-18,20,IND,53,459,10.7,-3.1,-0.1,0.8,.082
T.J. Leaf,2018-19,21,IND,58,522,16.9,-0.3,0.2,1.6,.148
T.J. Leaf,2019-20,22,IND,28,222,12.9,-2.4,0.0,0.3,.061
T.J. Leaf,2020-21,23,POR,7,35,11.2,-3.0,0.0,0.0,.022
Manny Leaks,1968-69,23,3TM,78,2089,14.7,,,1.1,.026
Manny Leaks,1968-69,23,KEN,31,674,11.8,,,0.3,.022
Manny Leaks,1968-69,23,NYA,20,713,14.4,,,-0.8,-0.052
Manny Leaks,1968-69,23,DLC,27,702,17.8,,,1.6,.110
Manny Leaks,1969-70,24,DLC,84,3086,19.3,,,7.3,.114
Manny Leaks,1970-71,25,2TM,80,2614,17.5,,,5.2,.095
Manny Leaks,1970-71,25,TEX,40,1187,18.9,,,2.2,.089
Manny Leaks,1970-71,25,NYA,40,1427,16.3,,,3.0,.099
Manny Leaks,1971-72,26,3TM,69,1443,11.6,,,-0.2,-0.008
Manny Leaks,1971-72,26,NYA,9,142,9.2,,,-0.4,-0.133
Manny Leaks,1971-72,26,UTS,42,575,11.6,,,-0.6,-0.051
Manny Leaks,1971-72,26,FLO,18,726,12.0,,,0.8,.051
Manny Leaks,1972-73,27,PHI,82,2530,11.1,,,0.2,.003
Manny Leaks,1973-74,28,CAP,53,845,9.4,-3.4,-0.3,0.8,.047
Hal Lear,1956-57,22,PHW,3,14,1.1,,,0.0,-0.085
Allen Leavell,1979-80,22,HOU,77,2123,15.1,1.1,1.7,4.0,.091
Allen Leavell,1980-81,23,HOU,79,1686,13.9,-0.7,0.6,1.9,.055
Allen Leavell,1981-82,24,HOU,79,2150,16.4,2.1,2.2,4.8,.107
Allen Leavell,1982-83,25,HOU,79,2602,15.8,0.8,1.8,3.8,.071
Allen Leavell,1983-84,26,HOU,82,2009,15.9,0.6,1.3,4.3,.104
Allen Leavell,1984-85,27,HOU,42,536,11.4,-2.6,-0.1,0.6,.051
Allen Leavell,1985-86,28,HOU,74,1190,15.6,0.2,0.7,3.0,.122
Allen Leavell,1986-87,29,HOU,53,1175,12.0,-0.7,0.4,2.4,.097
Allen Leavell,1987-88,30,HOU,80,2150,14.3,0.8,1.5,5.1,.115
Allen Leavell,1988-89,31,HOU,55,627,7.7,-3.8,-0.3,-0.1,-0.009
Jeff Lebo,1989-90,23,SAS,4,32,5.8,-1.9,0.0,0.0,.065
Eric Leckner,1988-89,22,UTA,75,779,9.7,-5.0,-0.6,1.5,.093
Eric Leckner,1989-90,23,UTA,77,764,12.1,-3.9,-0.4,1.7,.107
Eric Leckner,1990-91,24,2TM,72,1122,7.5,-6.6,-1.3,0.2,.007
Eric Leckner,1990-91,24,SAC,32,378,5.6,-7.2,-0.5,-0.1,-0.018
Eric Leckner,1990-91,24,CHH,40,744,8.4,-6.3,-0.8,0.3,.020
Eric Leckner,1991-92,25,CHH,59,716,9.4,-4.5,-0.5,0.9,.060
Eric Leckner,1992-93,,Did not play - other pro league,,,,,,,
Eric Leckner,1993-94,27,PHI,71,1163,10.4,-4.9,-0.9,0.9,.036
Eric Leckner,1994-95,28,DET,57,623,12.2,-5.8,-0.6,0.9,.069
Eric Leckner,1995-96,29,DET,18,155,8.8,-5.2,-0.1,0.2,.075
Eric Leckner,1996-97,30,2TM,20,126,4.9,-11.3,-0.3,-0.1,-0.045
Eric Leckner,1996-97,30,CHH,1,11,-10.1,-21.5,-0.1,-0.1,-0.241
Eric Leckner,1996-97,30,VAN,19,115,6.3,-10.3,-0.3,-0.1,-0.026
Jalen Lecque,2019-20,19,PHO,5,32,2.7,-9.5,-0.1,0.0,-0.065
Jalen Lecque,2020-21,20,IND,4,12,4.7,-13.0,0.0,-0.1,-0.232
Ricky Ledo,2013-14,21,DAL,11,33,12.7,-3.9,0.0,0.0,.024
Ricky Ledo,2014-15,22,2TM,17,244,6.3,-8.1,-0.4,-0.6,-0.112
Ricky Ledo,2014-15,22,DAL,5,11,-22.5,-31.4,-0.1,-0.2,-0.720
Ricky Ledo,2014-15,22,NYK,12,233,7.6,-7.0,-0.3,-0.4,-0.083
Butch Lee,1978-79,22,2TM,82,1779,13.8,-1.0,0.4,2.6,.069
Butch Lee,1978-79,22,ATL,49,997,12.2,-1.3,0.2,1.2,.060
Butch Lee,1978-79,22,CLE,33,782,15.7,-0.7,0.3,1.3,.081
Butch Lee,1979-80,23,2TM,14,55,5.3,-5.0,-0.1,-0.2,-0.165
Butch Lee,1979-80,23,CLE,3,24,-4.0,-5.7,-0.1,-0.2,-0.314
Butch Lee,1979-80,23,LAL,11,31,12.4,-4.5,0.0,0.0,-0.051
Clyde Lee,1966-67,22,SFW,74,1247,13.9,,,2.1,.080
Clyde Lee,1967-68,23,SFW,82,2699,13.4,,,5.1,.090
Clyde Lee,1968-69,24,SFW,65,2237,12.3,,,3.1,.067
Clyde Lee,1969-70,25,SFW,82,2641,12.0,,,3.5,.064
Clyde Lee,1970-71,26,SFW,82,1392,14.8,,,2.2,.075
Clyde Lee,1971-72,27,GSW,78,2674,12.3,,,6.1,.110
Clyde Lee,1972-73,28,GSW,66,1476,12.2,,,3.4,.109
Clyde Lee,1973-74,29,GSW,54,1642,9.8,-1.8,0.1,2.6,.076
Clyde Lee,1974-75,30,2TM,80,2456,9.3,-2.6,-0.3,3.2,.063
Clyde Lee,1974-75,30,ATL,9,177,13.6,-2.2,0.0,0.4,.115
Clyde Lee,1974-75,30,PHI,71,2279,8.9,-2.6,-0.3,2.8,.059
Clyde Lee,1975-76,31,PHI,79,1421,9.9,-2.2,-0.1,2.2,.076
Courtney Lee,2008-09,23,ORL,77,1939,10.7,-0.1,0.9,4.4,.108
Courtney Lee,2009-10,24,NJN,71,2375,12.8,-1.4,0.4,3.1,.063
Courtney Lee,2010-11,25,HOU,81,1723,12.6,-1.1,0.4,2.7,.076
Courtney Lee,2011-12,26,HOU,58,1757,12.6,0.0,0.9,3.2,.087
Courtney Lee,2012-13,27,BOS,78,1941,11.7,-0.5,0.7,3.3,.082
Courtney Lee,2013-14,28,2TM,79,1973,13.8,0.9,1.5,4.7,.114
Courtney Lee,2013-14,28,BOS,30,504,14.6,1.6,0.5,1.0,.094
Courtney Lee,2013-14,28,MEM,49,1469,13.5,0.7,1.0,3.7,.120
Courtney Lee,2014-15,29,MEM,77,2354,11.5,-0.5,0.9,4.8,.099
Courtney Lee,2015-16,30,2TM,79,2334,11.5,-1.0,0.6,3.9,.080
Courtney Lee,2015-16,30,MEM,51,1489,11.7,-0.9,0.4,2.2,.072
Courtney Lee,2015-16,30,CHO,28,845,11.2,-1.0,0.2,1.6,.093
Courtney Lee,2016-17,31,NYK,77,2459,12.2,-0.9,0.7,4.2,.081
Courtney Lee,2017-18,32,NYK,76,2310,13.0,-0.3,1.0,3.9,.082
Courtney Lee,2018-19,33,2TM,34,428,10.3,-2.5,-0.1,0.4,.050
Courtney Lee,2018-19,33,NYK,12,160,13.7,-0.8,0.0,0.3,.087
Courtney Lee,2018-19,33,DAL,22,268,8.3,-3.6,-0.1,0.2,.028
Courtney Lee,2019-20,34,DAL,24,345,10.8,-0.6,0.1,0.7,.092
Damion Lee,2017-18,25,ATL,15,404,12.0,-1.9,0.0,0.4,.046
Damion Lee,2018-19,26,GSW,32,375,11.9,-2.2,0.0,0.7,.090
Damion Lee,2019-20,27,GSW,49,1423,12.7,-2.3,-0.1,1.7,.058
Damion Lee,2020-21,28,GSW,57,1079,11.8,0.2,0.6,2.7,.119
Damion Lee,2021-22,29,GSW,63,1256,10.9,-2.0,0.0,2.7,.102
Damion Lee,2022-23,30,PHO,74,1506,10.7,-1.7,0.1,2.6,.081
Damion Lee,2023-24,,Did not play - injury,,,,,,,
Damion Lee,2024-25,32,PHO,25,144,11.9,-5.1,-0.1,-0.1,-0.031
Dave Lee,1967-68,25,OAK,54,753,17.9,,,2.1,.133
Dave Lee,1968-69,26,NOB,4,16,-11.4,,,-0.2,-0.454
David Lee,2005-06,22,NYK,67,1129,15.4,0.1,0.6,2.7,.116
David Lee,2006-07,23,NYK,58,1731,20.2,3.0,2.2,6.9,.191
David Lee,2007-08,24,NYK,81,2356,18.0,0.4,1.4,7.4,.151
David Lee,2008-09,25,NYK,81,2824,19.0,0.8,2.0,9.0,.154
David Lee,2009-10,26,NYK,81,3019,22.2,2.5,3.5,10.3,.163
David Lee,2010-11,27,GSW,73,2634,17.8,-0.4,1.1,6.0,.110
David Lee,2011-12,28,GSW,57,2121,19.7,-0.3,0.9,5.0,.113
David Lee,2012-13,29,GSW,79,2907,19.2,1.8,2.8,9.1,.150
David Lee,2013-14,30,GSW,69,2288,19.1,1.3,1.9,7.6,.160
David Lee,2014-15,31,GSW,49,904,17.8,0.9,0.7,3.2,.168
David Lee,2015-16,32,2TM,55,903,19.6,1.3,0.7,3.0,.161
David Lee,2015-16,32,BOS,30,470,15.5,0.0,0.2,0.9,.092
David Lee,2015-16,32,DAL,25,433,24.0,2.8,0.5,2.1,.237
David Lee,2016-17,33,SAS,79,1477,18.5,1.8,1.4,5.7,.186
Dick Lee,1967-68,,ANA,2,2,30.7,,,0.0,.084
Doug Lee,1987-88,,Did not play - waived,,,,,,,
Doug Lee,1988-89,,Did not play - other pro league,,,,,,,
Doug Lee,1989-90,,Did not play - other pro league,,,,,,,
Doug Lee,1990-91,,Did not play - other pro league,,,,,,,
Doug Lee,1991-92,27,NJN,46,307,10.4,-3.4,-0.1,0.4,.067
Doug Lee,1992-93,28,NJN,5,33,-0.2,-8.8,-0.1,0.0,-0.067
Doug Lee,1993-94,,Did not play - other pro league,,,,,,,
Doug Lee,1994-95,30,SAC,22,75,18.1,4.6,0.1,0.4,.229
George Lee,1959-60,,Did not play - other pro league,,,,,,,
George Lee,1960-61,24,DET,74,1735,14.6,,,2.6,.073
George Lee,1961-62,25,DET,75,1351,12.3,,,1.7,.061
George Lee,1962-63,26,SFW,64,1192,10.1,,,1.2,.048
George Lee,1963-64,27,SFW,54,522,8.9,,,0.6,.057
George Lee,1964-65,28,SFW,19,247,11.7,,,0.4,.072
George Lee,1965-66,,Did not play - coach,,,,,,,
George Lee,1966-67,30,SFW,1,5,77.0,,,0.1,1.384
George Lee,1967-68,31,SFW,10,106,6.0,,,-0.1,-0.048
Greg Lee,1974-75,23,SDA,5,63,11.4,-2.9,0.0,0.1,.041
Greg Lee,1975-76,24,POR,5,35,12.8,-3.5,0.0,0.0,.041
Keith Lee,1985-86,23,CLE,58,1197,12.0,-2.6,-0.2,1.9,.075
Keith Lee,1986-87,24,CLE,67,870,13.8,-2.3,-0.1,1.1,.060
Keith Lee,1987-88,,Did not play - injury,,,,,,,
Keith Lee,1988-89,26,NJN,57,840,10.8,-4.1,-0.4,0.8,.045
Kurk Lee,1990-91,23,NJN,48,265,5.6,-6.3,-0.3,-0.1,-0.013
Malcolm Lee,2011-12,21,MIN,19,243,9.3,-3.8,-0.1,0.1,.024
Malcolm Lee,2012-13,22,MIN,16,289,9.8,-1.3,0.0,0.4,.059
Malcolm Lee,2013-14,,Did not play - waived,,,,,,,
Malcolm Lee,2014-15,24,PHI,1,2,-19.7,-27.6,0.0,0.0,-0.527
Rock Lee,1981-82,26,SDC,2,10,1.0,-4.6,0.0,0.0,-0.129
Ron Lee,1976-77,24,PHO,82,1849,15.6,0.8,1.3,2.8,.072
Ron Lee,1977-78,25,PHO,82,1928,16.2,1.3,1.6,3.8,.094
Ron Lee,1978-79,26,2TM,60,1346,10.7,-3.0,-0.4,0.3,.012
Ron Lee,1978-79,26,PHO,43,948,11.1,-3.1,-0.3,0.6,.028
Ron Lee,1978-79,26,NOJ,17,398,9.6,-2.8,-0.1,-0.2,-0.027
Ron Lee,1979-80,27,2TM,61,1167,10.3,-0.8,0.3,0.8,.031
Ron Lee,1979-80,27,ATL,30,364,4.1,-5.2,-0.3,-0.3,-0.036
Ron Lee,1979-80,27,DET,31,803,13.1,1.1,0.6,1.0,.061
Ron Lee,1980-81,28,DET,82,1829,9.9,-0.8,0.6,1.4,.037
Ron Lee,1981-82,29,DET,81,1467,9.7,-0.7,0.5,1.6,.053
Russ Lee,1972-73,23,MIL,46,277,13.6,,,0.3,.055
Russ Lee,1973-74,24,MIL,36,166,15.5,-3.1,0.0,0.2,.054
Russ Lee,1974-75,25,NOJ,15,139,13.1,-3.0,0.0,0.0,-0.016
Saben Lee,2020-21,21,DET,48,781,13.8,-2.0,0.0,1.5,.091
Saben Lee,2021-22,22,DET,37,604,13.8,-0.4,0.2,0.9,.073
Saben Lee,2022-23,23,2TM,25,373,13.1,-1.8,0.0,0.7,.088
Saben Lee,2022-23,23,PHI,2,10,12.8,-4.3,0.0,0.0,-0.096
Saben Lee,2022-23,23,PHO,23,363,13.1,-1.8,0.0,0.7,.093
Saben Lee,2023-24,24,PHO,24,185,13.5,-1.4,0.0,0.4,.099
Ed Leede,1949-50,22,BOS,64,,,,,4.5,
Ed Leede,1950-51,23,BOS,57,,,,,1.3,
Hank Lefkowitz,1946-47,23,CLR,24,,,,,-0.8,
Tim Legler,1989-90,23,PHO,11,83,6.7,-7.6,-0.1,0.0,.023
Tim Legler,1990-91,24,DEN,10,148,6.4,-8.5,-0.2,-0.1,-0.046
Tim Legler,1991-92,,Did not play - other pro league,,,,,,,
Tim Legler,1992-93,26,2TM,33,635,13.3,-1.8,0.0,0.8,.059
Tim Legler,1992-93,26,UTA,3,5,4.9,-12.7,0.0,0.0,-0.111
Tim Legler,1992-93,26,DAL,30,630,13.3,-1.7,0.0,0.8,.061
Tim Legler,1993-94,27,DAL,79,1322,16.1,0.8,0.9,3.4,.124
Tim Legler,1994-95,28,GSW,24,371,15.9,1.0,0.3,1.0,.135
Tim Legler,1995-96,29,WSB,77,1775,15.9,3.2,2.3,6.8,.184
Tim Legler,1996-97,30,WSB,15,182,4.4,-5.5,-0.2,0.0,-0.010
Tim Legler,1997-98,31,WAS,8,76,-4.5,-13.4,-0.2,-0.3,-0.165
Tim Legler,1998-99,32,WAS,30,377,9.1,-3.2,-0.1,0.3,.040
Tim Legler,1999-00,33,GSW,23,284,7.2,-5.2,-0.2,0.1,.023
George Lehmann,1967-68,26,STL,55,497,9.4,,,0.0,-0.005
George Lehmann,1968-69,27,2TM,43,1075,16.7,,,2.3,.104
George Lehmann,1968-69,27,ATL,11,138,11.3,,,0.0,-0.006
George Lehmann,1968-69,27,LAS,32,937,17.4,,,2.3,.120
George Lehmann,1969-70,28,3TM,81,1994,10.7,,,2.5,.059
George Lehmann,1969-70,28,LAS,10,237,6.2,,,-0.4,-0.082
George Lehmann,1969-70,28,NYA,46,679,12.8,,,1.3,.094
George Lehmann,1969-70,28,MMF,25,1078,10.3,,,1.5,.068
George Lehmann,1970-71,29,CAR,83,2918,13.9,,,7.3,.120
George Lehmann,1971-72,30,2TM,53,1921,13.8,,,5.9,.147
George Lehmann,1971-72,30,CAR,38,1399,13.8,,,5.0,.170
George Lehmann,1971-72,30,MMP,15,522,13.6,,,0.9,.084
George Lehmann,1972-73,31,MMT,28,753,10.3,,,0.7,.042
George Lehmann,1973-74,32,MMT,33,554,9.8,-3.9,-0.3,0.0,-0.001
Barry Leibowitz,1967-68,22,3TM,82,2168,9.5,,,1.5,.033
Barry Leibowitz,1967-68,22,PTP,23,447,11.2,,,0.8,.085
Barry Leibowitz,1967-68,22,NJA,24,707,8.9,,,0.2,.013
Barry Leibowitz,1967-68,22,OAK,35,1014,9.2,,,0.5,.025
Walt Lemon Jr.,2017-18,25,NOP,5,35,6.9,-8.2,-0.1,-0.1,-0.071
Walt Lemon Jr.,2018-19,26,CHI,6,167,16.3,-2.2,0.0,0.1,.026
Alex Len,2013-14,20,PHO,42,362,7.3,-6.6,-0.4,0.2,.024
Alex Len,2014-15,21,PHO,69,1518,13.5,-1.8,0.1,3.4,.107
Alex Len,2015-16,22,PHO,78,1821,12.4,-4.3,-1.0,1.3,.035
Alex Len,2016-17,23,PHO,77,1560,15.0,-2.3,-0.1,3.0,.091
Alex Len,2017-18,24,PHO,69,1395,19.4,0.3,0.8,4.5,.154
Alex Len,2018-19,25,ATL,77,1544,17.2,-1.2,0.3,3.2,.100
Alex Len,2019-20,26,2TM,55,970,17.7,-0.7,0.3,2.5,.122
Alex Len,2019-20,26,ATL,40,745,17.5,-0.4,0.3,1.8,.113
Alex Len,2019-20,26,SAC,15,225,18.2,-1.6,0.0,0.7,.150
Alex Len,2020-21,27,2TM,64,979,16.4,-0.1,0.5,2.7,.133
Alex Len,2020-21,27,TOR,7,76,4.3,-4.0,0.0,-0.1,-0.033
Alex Len,2020-21,27,WAS,57,903,17.5,0.2,0.5,2.8,.147
Alex Len,2021-22,28,SAC,39,620,13.1,-2.9,-0.1,0.9,.070
Alex Len,2022-23,29,SAC,26,161,12.8,-4.0,-0.1,0.3,.085
Alex Len,2023-24,30,SAC,48,444,14.7,0.2,0.2,1.3,.138
Alex Len,2024-25,31,2TM,46,380,10.6,-2.6,-0.1,0.7,.083
Alex Len,2024-25,31,SAC,36,258,13.1,0.3,0.2,0.6,.121
Alex Len,2024-25,31,LAL,10,122,5.3,-8.9,-0.2,0.0,.002
Voshon Lenard,1994-95,,Did not play - other,,,,,,,
Voshon Lenard,1995-96,22,MIA,30,323,15.9,2.5,0.4,0.9,.135
Voshon Lenard,1996-97,23,MIA,73,2111,14.7,2.7,2.6,6.8,.155
Voshon Lenard,1997-98,24,MIA,81,2621,13.3,0.9,1.9,7.1,.129
Voshon Lenard,1998-99,25,MIA,12,190,12.0,-3.5,-0.1,0.3,.073
Voshon Lenard,1999-00,26,MIA,53,1434,13.9,0.1,0.8,3.0,.100
Voshon Lenard,2000-01,27,DEN,80,2331,13.2,-0.8,0.7,3.5,.072
Voshon Lenard,2001-02,28,DEN,71,1665,14.5,0.1,0.9,1.7,.049
Voshon Lenard,2002-03,29,TOR,63,1929,14.4,-1.0,0.5,2.4,.060
Voshon Lenard,2003-04,30,DEN,73,2233,13.5,-1.4,0.3,4.0,.086
Voshon Lenard,2004-05,31,DEN,3,54,15.1,0.4,0.0,0.1,.082
Voshon Lenard,2005-06,32,2TM,26,458,10.9,-2.2,0.0,-0.1,-0.013
Voshon Lenard,2005-06,32,DEN,12,238,10.1,-1.8,0.0,0.0,.005
Voshon Lenard,2005-06,32,POR,14,220,11.8,-2.7,0.0,-0.1,-0.031
Leary Lentz,1967-68,22,HSM,78,2504,12.9,,,2.9,.056
Leary Lentz,1968-69,23,2TM,70,1129,10.0,,,0.5,.021
Leary Lentz,1968-69,23,HSM,44,687,10.9,,,0.4,.029
Leary Lentz,1968-69,23,NYA,26,442,8.6,,,0.1,.008
Gary Leonard,1989-90,22,MIN,22,127,6.2,-8.4,-0.2,0.0,-0.010
Gary Leonard,1990-91,23,ATL,4,9,8.7,-5.2,0.0,0.0,.114
Gary Leonard,1991-92,24,ATL,5,13,32.4,6.4,0.0,0.1,.355
Kawhi Leonard,2011-12,20,SAS,64,1534,16.6,3.4,2.1,5.5,.171
Kawhi Leonard,2012-13,21,SAS,58,1810,16.4,3.1,2.3,6.2,.166
Kawhi Leonard,2013-14,22,SAS,66,1923,19.4,5.1,3.5,7.7,.193
Kawhi Leonard,2014-15,23,SAS,64,2033,22.0,5.9,4.1,8.6,.204
Kawhi Leonard,2015-16,24,SAS,72,2380,26.0,9.1,6.7,13.7,.277
Kawhi Leonard,2016-17,25,SAS,74,2474,27.6,9.4,7.1,13.6,.264
Kawhi Leonard,2017-18,26,SAS,9,210,26.0,10.1,0.6,0.9,.196
Kawhi Leonard,2018-19,27,TOR,60,2040,25.8,7.2,4.7,9.5,.224
Kawhi Leonard,2019-20,28,LAC,57,1848,26.9,8.9,5.1,8.7,.226
Kawhi Leonard,2020-21,29,LAC,52,1773,26.0,7.3,4.2,8.8,.238
Kawhi Leonard,2021-22,,Did not play - injury,,,,,,,
Kawhi Leonard,2022-23,31,LAC,52,1748,23.9,6.1,3.5,7.1,.194
Kawhi Leonard,2023-24,32,LAC,68,2330,23.2,5.5,4.4,8.9,.184
Kawhi Leonard,2024-25,33,LAC,37,1180,20.5,3.1,1.5,3.5,.141
Meyers Leonard,2012-13,20,POR,69,1206,12.1,-3.3,-0.4,2.4,.097
Meyers Leonard,2013-14,21,POR,40,355,9.4,-4.0,-0.2,0.6,.086
Meyers Leonard,2014-15,22,POR,55,847,14.8,0.6,0.6,2.8,.158
Meyers Leonard,2015-16,23,POR,61,1333,11.3,-1.7,0.1,2.2,.078
Meyers Leonard,2016-17,24,POR,74,1222,8.9,-3.3,-0.4,1.4,.053
Meyers Leonard,2017-18,25,POR,33,254,17.8,2.0,0.3,1.1,.200
Meyers Leonard,2018-19,26,POR,61,878,15.8,1.8,0.8,3.0,.164
Meyers Leonard,2019-20,27,MIA,51,1034,10.6,-0.9,0.3,2.1,.096
Meyers Leonard,2020-21,28,MIA,3,29,6.6,-3.7,0.0,0.0,.038
Meyers Leonard,2021-22,,Did not play - injury,,,,,,,
Meyers Leonard,2022-23,30,MIL,9,114,12.0,-5.0,-0.1,0.3,.126
Meyers Leonard,2023-24,,Did not play - unsigned,,,,,,,
Slick Leonard,1954-55,,Did not play - military service,,,,,,,
Slick Leonard,1955-56,,Did not play - military service,,,,,,,
Slick Leonard,1956-57,24,MNL,72,1943,11.5,,,1.3,.032
Slick Leonard,1957-58,25,MNL,66,2074,10.1,,,0.4,.009
Slick Leonard,1958-59,26,MNL,58,1598,10.9,,,1.5,.044
Slick Leonard,1959-60,27,MNL,73,2074,8.0,,,-0.1,-0.003
Slick Leonard,1960-61,28,LAL,55,600,8.1,,,0.1,.006
Slick Leonard,1961-62,29,CHP,70,2464,12.3,,,1.2,.024
Slick Leonard,1962-63,30,CHZ,32,879,8.1,,,-0.5,-0.026
Malevy Leons,2024-25,25,OKC,6,21,-2.3,-12.4,-0.1,0.0,-0.052
Jim Les,1986-87,,Did not play - waived,,,,,,,
Jim Les,1987-88,,Did not play - other pro league,,,,,,,
Jim Les,1988-89,25,UTA,82,781,7.9,-3.7,-0.3,0.3,.018
Jim Les,1989-90,26,2TM,7,92,9.3,-4.0,0.0,0.1,.026
Jim Les,1989-90,26,UTA,1,6,-20.2,-28.5,0.0,-0.1,-0.548
Jim Les,1989-90,26,LAC,6,86,11.3,-2.3,0.0,0.1,.066
Jim Les,1990-91,27,SAC,55,1399,13.7,-0.1,0.7,3.6,.125
Jim Les,1991-92,28,SAC,62,712,12.8,-0.6,0.3,1.3,.086
Jim Les,1992-93,29,SAC,73,881,14.7,2.0,0.9,2.3,.127
Jim Les,1993-94,30,SAC,18,169,12.9,0.1,0.1,0.3,.098
Jim Les,1994-95,31,ATL,24,188,9.7,-4.9,-0.1,0.2,.050
Travis Leslie,2011-12,21,LAC,10,45,14.6,-0.3,0.0,0.1,.060
Ronnie Lester,1980-81,22,CHI,8,83,8.2,-4.1,-0.1,0.0,.008
Ronnie Lester,1981-82,23,CHI,75,2252,13.8,-0.4,0.9,3.9,.084
Ronnie Lester,1982-83,24,CHI,65,1437,13.4,-1.4,0.2,1.7,.057
Ronnie Lester,1983-84,25,CHI,43,687,12.5,-1.2,0.1,0.7,.048
Ronnie Lester,1984-85,26,LAL,32,278,11.9,-3.2,-0.1,0.2,.039
Ronnie Lester,1985-86,27,LAL,27,222,6.7,-6.2,-0.2,-0.2,-0.050
Clifford Lett,1989-90,24,CHI,4,28,-9.0,-21.7,-0.1,-0.1,-0.203
Clifford Lett,1990-91,25,SAS,7,99,6.9,-5.2,-0.1,0.0,.014
Jon Leuer,2011-12,22,MIL,46,555,15.3,-0.3,0.2,1.4,.122
Jon Leuer,2012-13,23,2TM,28,187,10.4,-4.0,-0.1,0.2,.057
Jon Leuer,2012-13,23,CLE,9,91,3.3,-9.3,-0.2,-0.2,-0.092
Jon Leuer,2012-13,23,MEM,19,96,17.2,1.0,0.1,0.4,.198
Jon Leuer,2013-14,24,MEM,49,642,17.6,1.0,0.5,2.0,.149
Jon Leuer,2014-15,25,MEM,63,824,11.9,-2.8,-0.1,1.3,.078
Jon Leuer,2015-16,26,PHO,67,1255,16.2,0.0,0.6,2.7,.103
Jon Leuer,2016-17,27,DET,75,1944,14.2,-0.1,1.0,4.5,.112
Jon Leuer,2017-18,28,DET,8,136,8.9,-4.6,-0.1,0.1,.050
Jon Leuer,2018-19,29,DET,41,402,13.2,-2.5,0.0,0.9,.110
Andrew Levane,1948-49,28,ROC,36,,,,,-0.6,
Andrew Levane,1949-50,29,SYR,60,,,,,1.8,
Andrew Levane,1950-51,,Did not play - retired,,,,,,,
Andrew Levane,1951-52,,Did not play - other,,,,,,,
Andrew Levane,1952-53,32,MLH,7,68,-4.1,,,-0.4,-0.275
Fat Lever,1982-83,22,POR,81,2020,14.8,1.9,2.0,4.4,.104
Fat Lever,1983-84,23,POR,81,2010,15.8,2.3,2.2,4.8,.114
Fat Lever,1984-85,24,DEN,82,2559,16.7,2.2,2.7,5.2,.098
Fat Lever,1985-86,25,DEN,78,2616,15.7,1.6,2.4,4.5,.082
Fat Lever,1986-87,26,DEN,82,3054,20.8,5.0,5.4,9.7,.153
Fat Lever,1987-88,27,DEN,82,3061,20.5,5.1,5.5,10.4,.163
Fat Lever,1988-89,28,DEN,71,2745,20.6,5.2,5.0,9.2,.161
Fat Lever,1989-90,29,DEN,79,2832,19.9,4.9,4.9,8.8,.149
Fat Lever,1990-91,30,DAL,4,86,13.5,0.3,0.0,0.0,.014
Fat Lever,1991-92,31,DAL,31,884,14.9,1.0,0.7,1.3,.070
Fat Lever,1992-93,,Did not play - injury,,,,,,,
Fat Lever,1993-94,33,DAL,81,1947,13.2,0.5,1.3,2.9,.070
Cliff Levingston,1982-83,22,DET,62,879,12.9,-2.1,0.0,1.3,.072
Cliff Levingston,1983-84,23,DET,80,1746,14.8,0.4,1.1,5.3,.144
Cliff Levingston,1984-85,24,ATL,74,2017,14.6,0.0,1.0,4.7,.113
Cliff Levingston,1985-86,25,ATL,81,1945,14.7,0.4,1.2,5.5,.136
Cliff Levingston,1986-87,26,ATL,82,1848,14.3,0.4,1.1,6.1,.157
Cliff Levingston,1987-88,27,ATL,82,2135,15.5,0.8,1.5,7.0,.157
Cliff Levingston,1988-89,28,ATL,80,2184,13.4,0.2,1.2,5.5,.121
Cliff Levingston,1989-90,29,ATL,75,1706,12.1,-0.7,0.5,3.4,.096
Cliff Levingston,1990-91,30,CHI,78,1013,11.5,-2.9,-0.2,2.0,.095
Cliff Levingston,1991-92,31,CHI,79,1020,13.1,-0.1,0.5,2.9,.139
Cliff Levingston,1992-93,,Did not play - other pro league,,,,,,,
Cliff Levingston,1993-94,,Did not play - other pro league,,,,,,,
Cliff Levingston,1994-95,34,DEN,57,469,10.5,-4.0,-0.2,0.5,.052
Bobby Lewis,1967-68,22,SFW,41,342,14.4,,,0.7,.095
Bobby Lewis,1968-69,23,SFW,62,756,10.8,,,1.0,.062
Bobby Lewis,1969-70,24,SFW,73,1353,10.0,,,-0.1,-0.005
Bobby Lewis,1970-71,25,CLE,79,1852,8.2,,,-0.4,-0.012
Cedric Lewis,1995-96,26,WSB,3,4,62.7,25.6,0.0,0.1,.613
Freddie Lewis,1948-49,28,2TM,61,,,,,1.6,
Freddie Lewis,1948-49,28,INJ,8,,,,,-0.2,
Freddie Lewis,1948-49,28,BLB,53,,,,,1.8,
Freddie Lewis,1949-50,29,2TM,34,,,,,-0.9,
Freddie Lewis,1949-50,29,BLB,18,,,,,-0.9,
Freddie Lewis,1949-50,29,PHW,16,,,,,0.0,
Freddie Lewis,1966-67,23,CIN,32,334,10.5,,,0.0,.004
Freddie Lewis,1967-68,24,INA,76,2921,17.4,,,7.5,.124
Freddie Lewis,1968-69,25,INA,78,3055,15.8,,,7.6,.119
Freddie Lewis,1969-70,26,INA,81,2877,13.7,,,6.0,.100
Freddie Lewis,1970-71,27,INA,81,3034,16.1,,,7.2,.114
Freddie Lewis,1971-72,28,INA,77,2714,14.7,,,6.2,.109
Freddie Lewis,1972-73,29,INA,72,2217,15.3,,,5.2,.113
Freddie Lewis,1973-74,30,INA,78,2164,11.8,-1.6,0.2,3.0,.066
Freddie Lewis,1974-75,31,2TM,69,2790,17.3,1.2,2.3,7.3,.126
Freddie Lewis,1974-75,31,MMS,6,227,13.2,-2.2,0.0,0.1,.019
Freddie Lewis,1974-75,31,SSL,63,2563,17.7,1.5,2.3,7.2,.135
Freddie Lewis,1975-76,32,SSL,74,2266,13.7,-1.6,0.2,3.2,.069
Freddie Lewis,1976-77,33,IND,32,552,11.3,-3.7,-0.2,0.5,.047
Grady Lewis,1946-47,29,DTF,60,,,,,0.8,
Grady Lewis,1947-48,30,2TM,45,,,,,2.4,
Grady Lewis,1947-48,30,STB,24,,,,,1.1,
Grady Lewis,1947-48,30,BLB,21,,,,,1.3,
Grady Lewis,1948-49,31,STB,34,,,,,1.1,
Kira Lewis Jr.,2020-21,19,NOP,54,904,10.3,-3.4,-0.3,0.9,.045
Kira Lewis Jr.,2021-22,20,NOP,24,341,9.8,-4.0,-0.2,-0.1,-0.017
Kira Lewis Jr.,2022-23,21,NOP,25,235,14.5,-0.3,0.1,0.6,.122
Kira Lewis Jr.,2023-24,22,3TM,28,265,8.6,-5.8,-0.3,0.0,-0.005
Kira Lewis Jr.,2023-24,22,NOP,15,144,5.7,-7.5,-0.2,-0.1,-0.045
Kira Lewis Jr.,2023-24,22,TOR,1,2,-7.3,-22.3,0.0,0.0,-0.011
Kira Lewis Jr.,2023-24,22,UTA,12,119,12.3,-3.5,0.0,0.1,.042
Martin Lewis,1995-96,20,TOR,16,189,11.2,-6.1,-0.2,0.0,.011
Martin Lewis,1996-97,21,TOR,9,50,10.9,-1.0,0.0,0.1,.082
Maxwell Lewis,2023-24,21,LAL,34,103,-3.9,-13.5,-0.3,-0.4,-0.195
Maxwell Lewis,2024-25,22,2TM,28,327,9.9,-4.4,-0.2,0.2,.030
Maxwell Lewis,2024-25,22,LAL,7,29,2.2,-9.4,-0.1,0.0,-0.082
Maxwell Lewis,2024-25,22,BRK,21,298,10.6,-3.9,-0.1,0.3,.041
Mike Lewis,1968-69,22,2TM,76,1617,15.3,,,3.8,.114
Mike Lewis,1968-69,22,INA,24,457,15.4,,,1.2,.121
Mike Lewis,1968-69,22,MNP,52,1160,15.2,,,2.7,.111
Mike Lewis,1969-70,23,PTP,78,2698,20.3,,,7.9,.141
Mike Lewis,1970-71,24,PTC,83,2741,18.2,,,7.5,.131
Mike Lewis,1971-72,25,PTC,82,2618,16.5,,,4.0,.074
Mike Lewis,1972-73,26,CAR,15,430,13.7,,,1.1,.122
Mike Lewis,1973-74,27,CAR,3,14,8.8,-5.0,0.0,0.0,-0.025
Quincy Lewis,1999-00,22,UTA,74,896,6.6,-5.5,-0.8,0.3,.018
Quincy Lewis,2000-01,23,UTA,35,402,7.1,-4.5,-0.3,0.3,.041
Quincy Lewis,2001-02,24,UTA,36,490,7.0,-4.4,-0.3,0.1,.012
Quincy Lewis,2002-03,,Did not play - other pro league,,,,,,,
Quincy Lewis,2003-04,26,MIN,14,65,4.1,-5.2,-0.1,0.0,-0.018
Ralph Lewis,1985-86,,Did not play - other pro league,,,,,,,
Ralph Lewis,1986-87,,Did not play - other pro league,,,,,,,
Ralph Lewis,1987-88,24,DET,50,310,5.6,-4.8,-0.2,-0.1,-0.008
Ralph Lewis,1988-89,25,CHH,42,336,10.8,-3.4,-0.1,0.0,-0.005
Ralph Lewis,1989-90,26,2TM,7,26,13.2,-3.5,0.0,0.0,.088
Ralph Lewis,1989-90,26,DET,4,6,-17.0,-23.1,0.0,0.0,-0.366
Ralph Lewis,1989-90,26,CHH,3,20,22.2,2.4,0.0,0.1,.225
Rashard Lewis,1998-99,19,SEA,20,145,4.5,-9.5,-0.3,-0.4,-0.136
Rashard Lewis,1999-00,20,SEA,82,1575,16.5,0.6,1.0,4.1,.125
Rashard Lewis,2000-01,21,SEA,78,2720,17.3,2.1,2.8,8.0,.142
Rashard Lewis,2001-02,22,SEA,71,2585,18.5,3.0,3.2,8.6,.160
Rashard Lewis,2002-03,23,SEA,77,3044,16.7,0.7,2.1,7.8,.122
Rashard Lewis,2003-04,24,SEA,80,2931,17.5,1.0,2.2,6.5,.107
Rashard Lewis,2004-05,25,SEA,71,2697,19.4,3.7,3.9,8.4,.150
Rashard Lewis,2005-06,26,SEA,78,2876,20.0,2.7,3.4,8.3,.138
Rashard Lewis,2006-07,27,SEA,60,2348,20.7,4.1,3.6,7.6,.155
Rashard Lewis,2007-08,28,ORL,81,3076,16.7,3.1,4.0,9.8,.153
Rashard Lewis,2008-09,29,ORL,79,2859,16.8,3.7,4.1,9.5,.160
Rashard Lewis,2009-10,30,ORL,72,2369,14.0,1.8,2.3,6.5,.132
Rashard Lewis,2010-11,31,2TM,57,1824,12.0,-0.4,0.7,3.0,.079
Rashard Lewis,2010-11,31,ORL,25,810,11.0,-0.5,0.3,1.5,.091
Rashard Lewis,2010-11,31,WAS,32,1014,12.8,-0.3,0.4,1.5,.070
Rashard Lewis,2011-12,32,WAS,28,729,9.3,-3.5,-0.3,0.3,.018
Rashard Lewis,2012-13,33,MIA,55,792,11.1,-2.5,-0.1,1.2,.071
Rashard Lewis,2013-14,34,MIA,60,971,10.7,-0.3,0.4,1.7,.083
Reggie Lewis,1987-88,22,BOS,49,405,14.3,-3.4,-0.1,0.4,.052
Reggie Lewis,1988-89,23,BOS,81,2657,17.6,1.4,2.3,6.9,.124
Reggie Lewis,1989-90,24,BOS,79,2522,16.8,0.9,1.9,6.7,.128
Reggie Lewis,1990-91,25,BOS,79,2878,16.2,0.7,1.9,7.5,.124
Reggie Lewis,1991-92,26,BOS,82,3070,17.9,2.3,3.3,9.1,.143
Reggie Lewis,1992-93,27,BOS,80,3144,17.4,2.0,3.1,8.3,.127
Scottie Lewis,2021-22,21,CHO,2,7,14.6,6.0,0.0,0.0,.164
Marcus Liberty,1990-91,22,DEN,76,1171,10.4,-4.5,-0.7,-0.1,-0.004
Marcus Liberty,1991-92,23,DEN,75,1527,14.1,-1.7,0.1,2.4,.076
Marcus Liberty,1992-93,24,DEN,78,1585,12.5,-1.2,0.3,2.2,.066
Marcus Liberty,1993-94,25,2TM,38,285,8.0,-7.0,-0.4,-0.5,-0.088
Marcus Liberty,1993-94,25,DEN,3,11,18.7,0.1,0.0,0.0,.106
Marcus Liberty,1993-94,25,DET,35,274,7.6,-7.3,-0.4,-0.5,-0.096
Todd Lichti,1989-90,23,DEN,79,1326,12.3,-2.3,-0.1,1.8,.066
Todd Lichti,1990-91,24,DEN,29,860,13.6,-2.2,-0.1,1.0,.055
Todd Lichti,1991-92,25,DEN,68,1176,10.4,-3.8,-0.5,1.3,.053
Todd Lichti,1992-93,26,DEN,48,752,12.9,-1.1,0.2,1.2,.078
Todd Lichti,1993-94,27,3TM,13,126,14.5,-3.2,0.0,0.2,.094
Todd Lichti,1993-94,27,ORL,4,20,13.8,-1.5,0.0,0.0,.036
Todd Lichti,1993-94,27,GSW,5,58,13.0,-6.1,-0.1,0.2,.124
Todd Lichti,1993-94,27,BOS,4,48,16.7,-0.4,0.0,0.1,.082
E.J. Liddell,2022-23,,Did not play - injury,,,,,,,
E.J. Liddell,2023-24,23,NOP,8,23,4.3,-4.7,0.0,0.0,-0.091
E.J. Liddell,2024-25,24,CHI,12,53,11.1,-4.1,0.0,0.1,.108
DeAndre Liggins,2011-12,23,ORL,17,115,8.9,-4.5,-0.1,0.0,.000
DeAndre Liggins,2012-13,24,OKC,39,290,9.4,-0.7,0.1,0.6,.092
DeAndre Liggins,2013-14,25,MIA,1,1,129.1,41.5,0.0,0.0,2.123
DeAndre Liggins,2014-15,,Did not play - other pro league,,,,,,,
DeAndre Liggins,2015-16,,Did not play - other pro league,,,,,,,
DeAndre Liggins,2016-17,28,2TM,62,777,7.5,-2.2,0.0,0.5,.031
DeAndre Liggins,2016-17,28,CLE,61,752,7.2,-2.3,-0.1,0.4,.025
DeAndre Liggins,2016-17,28,DAL,1,25,17.6,1.0,0.0,0.1,.194
DeAndre Liggins,2017-18,29,2TM,58,724,6.0,-2.5,-0.1,0.5,.034
DeAndre Liggins,2017-18,29,MIL,31,480,5.0,-2.8,-0.1,0.2,.020
DeAndre Liggins,2017-18,29,NOP,27,244,7.8,-1.8,0.0,0.3,.062
Bill Ligon,1974-75,22,DET,38,272,11.8,-4.5,-0.2,-0.2,-0.043
Goose Ligon,1967-68,23,KEN,78,2801,20.1,,,9.7,.166
Goose Ligon,1968-69,24,KEN,75,2815,15.1,,,6.5,.112
Goose Ligon,1969-70,25,KEN,84,3130,17.4,,,9.9,.152
Goose Ligon,1970-71,26,KEN,84,2753,15.8,,,6.3,.110
Goose Ligon,1971-72,27,2TM,82,2341,11.0,,,2.4,.048
Goose Ligon,1971-72,27,KEN,16,400,10.7,,,1.0,.120
Goose Ligon,1971-72,27,PTC,66,1941,11.0,,,1.4,.034
Goose Ligon,1972-73,28,VIR,12,360,14.1,,,1.0,.132
Goose Ligon,1973-74,29,VIR,19,360,9.7,-2.6,-0.1,0.3,.045
Damian Lillard,2012-13,22,POR,82,3167,16.4,0.3,1.8,5.8,.088
Damian Lillard,2013-14,23,POR,82,2937,18.6,3.2,3.9,9.6,.157
Damian Lillard,2014-15,24,POR,82,2925,20.7,4.7,4.9,10.6,.174
Damian Lillard,2015-16,25,POR,75,2676,22.2,4.4,4.3,9.2,.165
Damian Lillard,2016-17,26,POR,75,2694,24.1,5.0,4.8,10.4,.185
Damian Lillard,2017-18,27,POR,73,2670,25.2,7.2,6.3,12.6,.227
Damian Lillard,2018-19,28,POR,80,2838,23.7,6.4,6.0,12.1,.205
Damian Lillard,2019-20,29,POR,66,2474,26.9,7.5,5.9,11.6,.225
Damian Lillard,2020-21,30,POR,67,2398,25.6,6.3,5.0,10.4,.209
Damian Lillard,2021-22,31,POR,29,1056,18.5,1.3,0.9,1.7,.079
Damian Lillard,2022-23,32,POR,58,2107,26.7,7.1,4.9,9.0,.205
Damian Lillard,2023-24,33,MIL,73,2579,19.6,2.1,2.7,7.7,.143
Damian Lillard,2024-25,34,MIL,58,2093,21.3,4.0,3.2,7.6,.175
Jeremy Lin,2010-11,22,GSW,29,285,14.8,2.2,0.3,0.5,.078
Jeremy Lin,2011-12,23,NYK,35,940,19.9,3.8,1.4,2.7,.140
Jeremy Lin,2012-13,24,HOU,82,2640,14.9,0.3,1.5,5.4,.099
Jeremy Lin,2013-14,25,HOU,71,2054,14.3,-0.2,0.9,4.4,.103
Jeremy Lin,2014-15,26,LAL,74,1907,15.6,-0.4,0.8,2.7,.068
Jeremy Lin,2015-16,27,CHO,78,2048,13.8,-0.9,0.5,3.5,.082
Jeremy Lin,2016-17,28,BRK,36,883,19.2,2.0,0.9,2.1,.116
Jeremy Lin,2017-18,29,BRK,1,25,15.9,-5.4,0.0,0.0,.087
Jeremy Lin,2018-19,30,2TM,74,1436,13.5,-2.2,-0.1,2.1,.070
Jeremy Lin,2018-19,30,ATL,51,1003,15.9,-0.6,0.3,1.9,.092
Jeremy Lin,2018-19,30,TOR,23,433,8.2,-6.0,-0.4,0.2,.020
Steve Lingenfelter,1981-82,,Did not play - other pro league,,,,,,,
Steve Lingenfelter,1982-83,24,WSB,7,53,3.2,-4.3,0.0,0.0,.009
Steve Lingenfelter,1983-84,25,SAS,3,14,2.7,-4.8,0.0,0.0,.007
Alton Lister,1981-82,23,MIL,80,1186,11.5,-1.6,0.1,1.7,.071
Alton Lister,1982-83,24,MIL,80,1885,13.8,-0.5,0.7,3.8,.096
Alton Lister,1983-84,25,MIL,82,1955,12.5,-0.9,0.5,4.0,.098
Alton Lister,1984-85,26,MIL,81,2091,15.0,0.9,1.5,5.3,.121
Alton Lister,1985-86,27,MIL,81,1812,16.4,1.1,1.4,5.5,.144
Alton Lister,1986-87,28,SEA,75,2288,14.0,-1.0,0.6,4.1,.086
Alton Lister,1987-88,29,SEA,82,1812,12.0,-1.5,0.2,4.1,.110
Alton Lister,1988-89,30,SEA,82,1806,13.7,-2.0,0.0,3.7,.097
Alton Lister,1989-90,31,GSW,3,40,10.9,-0.6,0.0,0.1,.125
Alton Lister,1990-91,32,GSW,77,1552,10.7,-2.9,-0.3,1.9,.058
Alton Lister,1991-92,33,GSW,26,293,11.2,-2.5,0.0,0.4,.071
Alton Lister,1992-93,34,GSW,20,174,4.3,-8.3,-0.3,-0.2,-0.043
Alton Lister,1993-94,,Did not play - other pro league,,,,,,,
Alton Lister,1994-95,36,MIL,60,776,10.2,-3.6,-0.3,1.0,.062
Alton Lister,1995-96,37,2TM,64,735,9.6,-4.2,-0.4,0.9,.060
Alton Lister,1995-96,37,MIL,7,88,7.4,-4.9,-0.1,0.1,.049
Alton Lister,1995-96,37,BOS,57,647,9.9,-4.1,-0.3,0.8,.061
Alton Lister,1996-97,38,BOS,53,516,7.8,-6.8,-0.6,0.3,.028
Alton Lister,1997-98,39,POR,7,44,2.4,-7.0,-0.1,0.0,.021
Nassir Little,2019-20,19,POR,48,573,9.6,-3.5,-0.2,0.6,.047
Nassir Little,2020-21,20,POR,48,640,11.6,-2.7,-0.1,1.1,.082
Nassir Little,2021-22,21,POR,42,1088,13.5,-1.4,0.2,1.7,.076
Nassir Little,2022-23,22,POR,54,976,10.2,-3.0,-0.3,0.7,.032
Nassir Little,2023-24,23,PHO,45,458,9.9,-3.0,-0.1,0.7,.074
Sammy Little,1969-70,23,KEN,3,11,10.3,,,0.0,.168
Gene Littles,1969-70,26,CAR,82,2832,14.2,,,7.7,.130
Gene Littles,1970-71,27,CAR,70,1495,11.8,,,1.6,.053
Gene Littles,1971-72,28,CAR,69,2006,13.0,,,3.6,.087
Gene Littles,1972-73,29,CAR,84,2060,15.3,,,4.8,.111
Gene Littles,1973-74,30,CAR,84,2017,13.7,1.0,1.5,4.2,.100
Gene Littles,1974-75,31,KEN,61,900,9.1,-0.5,0.3,1.4,.075
Dereck Lively II,2023-24,19,DAL,55,1294,18.1,0.5,0.8,4.9,.183
Dereck Lively II,2024-25,20,DAL,36,833,20.1,3.3,1.1,3.4,.199
Isaiah Livers,2021-22,23,DET,19,383,11.1,-1.5,0.0,0.7,.085
Isaiah Livers,2022-23,24,DET,52,1199,8.4,-2.4,-0.1,1.0,.041
Isaiah Livers,2023-24,25,DET,23,469,5.1,-6.5,-0.5,-0.1,-0.015
Chris Livingston,2023-24,20,MIL,21,90,6.9,-8.0,-0.1,0.1,.027
Chris Livingston,2024-25,21,MIL,21,106,9.8,-6.1,-0.1,0.1,.035
Randy Livingston,1996-97,21,HOU,64,981,8.3,-3.7,-0.4,0.3,.012
Randy Livingston,1997-98,22,ATL,12,82,5.2,-1.3,0.0,0.0,-0.028
Randy Livingston,1998-99,23,PHO,1,22,27.2,7.1,0.1,0.1,.275
Randy Livingston,1999-00,24,PHO,79,1081,11.4,-1.8,0.1,1.5,.065
Randy Livingston,2000-01,25,GSW,2,7,-3.7,-15.6,0.0,0.0,-0.222
Randy Livingston,2001-02,26,SEA,13,176,12.0,-0.8,0.1,0.2,.065
Randy Livingston,2002-03,27,NOH,2,12,19.6,0.0,0.0,0.1,.239
Randy Livingston,2003-04,28,LAC,4,48,1.7,-9.5,-0.1,-0.1,-0.110
Randy Livingston,2004-05,29,UTA,17,227,13.3,-0.3,0.1,0.4,.092
Randy Livingston,2005-06,30,CHI,5,22,-3.0,-8.6,0.0,0.0,-0.045
Randy Livingston,2006-07,31,SEA,4,26,-1.2,-10.2,-0.1,-0.1,-0.116
Shaun Livingston,2004-05,19,LAC,30,814,10.4,-2.5,-0.1,0.1,.008
Shaun Livingston,2005-06,20,LAC,61,1525,10.2,-1.9,0.1,1.3,.041
Shaun Livingston,2006-07,21,LAC,54,1611,13.7,0.0,0.8,2.4,.072
Shaun Livingston,2007-08,,Did not play - injury,,,,,,,
Shaun Livingston,2008-09,23,2TM,12,231,12.1,-2.5,0.0,0.4,.074
Shaun Livingston,2008-09,23,MIA,4,41,5.4,-7.5,-0.1,0.0,-0.021
Shaun Livingston,2008-09,23,OKC,8,190,13.5,-1.4,0.0,0.4,.095
Shaun Livingston,2009-10,24,2TM,36,796,12.8,-1.4,0.1,1.2,.070
Shaun Livingston,2009-10,24,OKC,10,130,4.7,-2.7,0.0,0.0,-0.004
Shaun Livingston,2009-10,24,WAS,26,666,14.4,-1.2,0.1,1.2,.085
Shaun Livingston,2010-11,25,CHA,73,1261,14.3,0.0,0.7,1.9,.073
Shaun Livingston,2011-12,26,MIL,58,1092,11.0,-1.3,0.2,1.3,.055
Shaun Livingston,2012-13,27,2TM,66,1455,13.0,-1.0,0.4,2.6,.086
Shaun Livingston,2012-13,27,WAS,17,320,7.4,-3.9,-0.1,0.2,.028
Shaun Livingston,2012-13,27,CLE,49,1135,14.6,-0.2,0.5,2.4,.102
Shaun Livingston,2013-14,28,BRK,76,1974,14.5,0.4,1.2,4.4,.108
Shaun Livingston,2014-15,29,GSW,78,1468,12.9,-0.8,0.4,3.3,.107
Shaun Livingston,2015-16,30,GSW,78,1520,13.8,0.3,0.9,4.6,.145
Shaun Livingston,2016-17,31,GSW,76,1345,10.1,-2.5,-0.2,2.6,.093
Shaun Livingston,2017-18,32,GSW,71,1129,11.6,-3.1,-0.3,1.8,.077
Shaun Livingston,2018-19,33,GSW,64,967,11.7,-1.0,0.2,2.0,.101
Ron Livingstone,1949-50,24,2TM,54,,,,,1.4,
Ron Livingstone,1949-50,24,BLB,16,,,,,0.1,
Ron Livingstone,1949-50,24,PHW,38,,,,,1.3,
Ron Livingstone,1950-51,25,PHW,63,,,,,0.9,
Horacio Llamas,1996-97,23,PHO,20,101,10.5,-4.1,-0.1,0.0,.019
Horacio Llamas,1997-98,24,PHO,8,42,8.6,-16.7,-0.2,-0.1,-0.083
Bobby Lloyd,1967-68,22,NJA,58,995,14.9,,,3.1,.148
Bobby Lloyd,1968-69,23,NYA,67,1358,13.1,,,2.2,.079
Chuck Lloyd,1970-71,23,CAR,14,118,17.4,,,0.2,.085
Earl Lloyd,1950-51,22,WSC,7,,,,,0.6,
Earl Lloyd,1951-52,,Did not play - military service,,,,,,,
Earl Lloyd,1952-53,24,SYR,64,1806,11.2,,,2.9,.078
Earl Lloyd,1953-54,25,SYR,72,2206,12.5,,,5.2,.113
Earl Lloyd,1954-55,26,SYR,72,2212,11.8,,,3.6,.077
Earl Lloyd,1955-56,27,SYR,72,1837,10.9,,,2.4,.062
Earl Lloyd,1956-57,28,SYR,72,1965,10.2,,,2.2,.054
Earl Lloyd,1957-58,29,SYR,61,1045,8.6,,,0.7,.030
Earl Lloyd,1958-59,30,DET,72,1796,9.7,,,1.3,.034
Earl Lloyd,1959-60,31,DET,68,1610,8.7,,,0.4,.011
Lewis Lloyd,1981-82,22,GSW,16,95,14.8,-3.3,0.0,0.1,.043
Lewis Lloyd,1982-83,23,GSW,73,1350,17.1,1.3,1.1,2.6,.092
Lewis Lloyd,1983-84,24,HOU,82,2578,16.3,0.7,1.8,4.6,.085
Lewis Lloyd,1984-85,25,HOU,82,2128,15.2,0.6,1.4,4.7,.105
Lewis Lloyd,1985-86,26,HOU,82,2444,17.7,1.4,2.1,6.3,.124
Lewis Lloyd,1986-87,27,HOU,32,688,15.8,-0.5,0.3,1.6,.110
Lewis Lloyd,1987-88,,Did not play - suspended,,,,,,,
Lewis Lloyd,1988-89,,Did not play - suspended,,,,,,,
Lewis Lloyd,1989-90,30,2TM,21,123,11.6,-4.9,-0.1,0.0,-0.012
Lewis Lloyd,1989-90,30,PHI,2,10,-20.4,-27.3,-0.1,-0.1,-0.549
Lewis Lloyd,1989-90,30,HOU,19,113,14.4,-2.9,0.0,0.1,.035
Scott Lloyd,1976-77,24,MIL,69,1025,11.2,-3.8,-0.5,1.3,.062
Scott Lloyd,1977-78,25,2TM,70,678,9.2,-3.4,-0.2,0.6,.042
Scott Lloyd,1977-78,25,MIL,14,112,7.3,-4.0,-0.1,0.0,.017
Scott Lloyd,1977-78,25,BUF,56,566,9.6,-3.2,-0.2,0.6,.047
Scott Lloyd,1978-79,26,2TM,72,496,3.2,-6.7,-0.7,-0.6,-0.058
Scott Lloyd,1978-79,26,SDC,5,31,-13.2,-6.6,-0.1,-0.2,-0.363
Scott Lloyd,1978-79,26,CHI,67,465,4.3,-6.7,-0.6,-0.4,-0.037
Scott Lloyd,1979-80,,Did not play - other pro league,,,,,,,
Scott Lloyd,1980-81,28,DAL,72,2186,9.3,-3.7,-0.9,1.0,.021
Scott Lloyd,1981-82,29,DAL,74,1047,5.9,-6.3,-1.1,-0.1,-0.004
Scott Lloyd,1982-83,30,DAL,15,206,11.1,-1.0,0.1,0.3,.068
Riney Lochmann,1967-68,23,DLC,63,808,8.3,,,-0.2,-0.011
Riney Lochmann,1968-69,24,DLC,60,950,9.4,,,0.4,.022
Riney Lochmann,1969-70,25,DLC,47,447,11.6,,,0.3,.036
Bob Lochmueller,1952-53,25,SYR,62,802,9.0,,,0.5,.031
Rob Lock,1988-89,22,LAC,20,110,5.3,-9.3,-0.2,-0.2,-0.083
Darrell Lockhart,1983-84,23,SAS,2,14,1.6,-4.9,0.0,0.0,-0.048
Ian Lockhart,1990-91,23,PHO,1,2,76.3,39.9,0.0,0.0,1.084
Kevin Loder,1981-82,22,KCK,71,1139,12.9,-1.4,0.2,1.5,.062
Kevin Loder,1982-83,23,KCK,66,818,10.9,-2.0,0.0,0.9,.051
Kevin Loder,1983-84,24,2TM,11,137,9.5,-2.5,0.0,0.1,.023
Kevin Loder,1983-84,24,KCK,10,133,9.9,-2.4,0.0,0.1,.024
Kevin Loder,1983-84,24,SDC,1,4,-3.9,-4.7,0.0,0.0,-0.018
Don Lofgran,1950-51,21,2TM,61,,,,,-0.1,
Don Lofgran,1950-51,21,SYR,47,,,,,0.1,
Don Lofgran,1950-51,21,INO,14,,,,,-0.2,
Don Lofgran,1951-52,22,INO,63,1254,14.0,,,2.9,.112
Don Lofgran,1952-53,23,PHW,64,1788,10.3,,,0.1,.004
Don Lofgran,1953-54,24,MLH,21,380,11.0,,,0.1,.007
Kenneth Lofton Jr.,2022-23,20,MEM,24,176,20.2,-0.4,0.1,0.5,.145
Kenneth Lofton Jr.,2023-24,21,3TM,21,199,14.7,-0.3,0.1,0.3,.068
Kenneth Lofton Jr.,2023-24,21,MEM,15,99,8.4,-4.5,-0.1,0.0,-0.011
Kenneth Lofton Jr.,2023-24,21,PHI,2,9,-20.0,-32.6,-0.1,-0.1,-0.705
Kenneth Lofton Jr.,2023-24,21,UTA,4,91,25.0,7.5,0.2,0.4,.232
Zach Lofton,2018-19,26,DET,1,4,-10.0,-11.5,0.0,0.0,-0.447
Henry Logan,1968-69,22,OAK,76,1751,15.0,,,5.2,.142
Henry Logan,1969-70,23,WSA,32,659,10.3,,,0.4,.029
John Logan,1946-47,26,STB,61,,,,,9.2,
John Logan,1947-48,27,STB,48,,,,,8.3,
John Logan,1948-49,28,STB,57,,,,,5.2,
John Logan,1949-50,29,STB,62,,,,,4.3,
John Logan,1950-51,30,TRI,30,,,,,1.0,
Brad Lohaus,1987-88,23,BOS,70,718,12.2,-2.7,-0.1,0.9,.063
Brad Lohaus,1988-89,24,2TM,77,1214,11.6,-3.7,-0.5,0.9,.034
Brad Lohaus,1988-89,24,BOS,48,738,10.0,-3.5,-0.3,0.4,.023
Brad Lohaus,1988-89,24,SAC,29,476,14.0,-3.9,-0.2,0.5,.051
Brad Lohaus,1989-90,25,2TM,80,1943,13.6,0.3,1.1,3.3,.082
Brad Lohaus,1989-90,25,MIN,28,590,11.8,-1.7,0.0,0.4,.031
Brad Lohaus,1989-90,25,MIL,52,1353,14.4,1.2,1.1,2.9,.104
Brad Lohaus,1990-91,26,MIL,81,1219,11.9,-0.8,0.4,1.8,.071
Brad Lohaus,1991-92,27,MIL,70,1081,15.0,1.9,1.1,2.7,.119
Brad Lohaus,1992-93,28,MIL,80,1766,13.3,0.0,0.9,2.7,.073
Brad Lohaus,1993-94,29,MIL,67,962,8.3,-3.3,-0.3,0.1,.004
Brad Lohaus,1994-95,30,MIA,61,730,12.7,1.4,0.6,1.5,.099
Brad Lohaus,1995-96,31,2TM,55,598,10.6,0.9,0.4,1.3,.101
Brad Lohaus,1995-96,31,SAS,32,273,11.0,0.2,0.2,0.5,.096
Brad Lohaus,1995-96,31,NYK,23,325,10.2,1.5,0.3,0.7,.104
Brad Lohaus,1996-97,32,TOR,6,45,2.4,-8.0,-0.1,-0.1,-0.053
Brad Lohaus,1997-98,33,SAS,9,102,5.2,-4.2,-0.1,0.1,.043
Art Long,2000-01,28,SAC,9,20,-3.6,-13.8,-0.1,-0.1,-0.214
Art Long,2001-02,29,SEA,63,989,10.7,-4.8,-0.7,1.4,.066
Art Long,2002-03,30,2TM,26,211,6.2,-7.2,-0.3,-0.3,-0.076
Art Long,2002-03,30,PHI,19,131,7.7,-6.4,-0.1,-0.1,-0.028
Art Long,2002-03,30,TOR,7,80,3.6,-8.3,-0.1,-0.3,-0.155
Grant Long,1988-89,22,MIA,82,2435,13.7,-1.1,0.5,4.6,.091
Grant Long,1989-90,23,MIA,81,1856,11.6,-2.3,-0.1,2.7,.070
Grant Long,1990-91,24,MIA,80,2514,12.2,-0.3,1.1,5.0,.095
Grant Long,1991-92,25,MIA,82,3063,15.8,1.0,2.3,7.7,.120
Grant Long,1992-93,26,MIA,76,2728,14.7,0.5,1.7,6.5,.115
Grant Long,1993-94,27,MIA,69,2201,13.9,0.1,1.1,5.1,.111
Grant Long,1994-95,28,2TM,81,2641,14.4,-0.6,0.9,6.6,.119
Grant Long,1994-95,28,MIA,2,62,6.5,-6.3,-0.1,0.0,.015
Grant Long,1994-95,28,ATL,79,2579,14.6,-0.5,1.0,6.5,.122
Grant Long,1995-96,29,ATL,82,3008,16.2,0.7,2.1,8.4,.134
Grant Long,1996-97,30,DET,65,1166,12.2,-0.6,0.4,2.6,.107
Grant Long,1997-98,31,DET,40,739,10.0,-1.1,0.2,1.6,.104
Grant Long,1998-99,32,ATL,50,1380,15.6,1.5,1.2,4.9,.170
Grant Long,1999-00,33,VAN,42,920,11.7,-1.7,0.1,1.4,.073
Grant Long,2000-01,34,VAN,66,1507,11.4,-1.1,0.3,2.4,.078
Grant Long,2001-02,35,MEM,66,1868,7.7,-4.6,-1.2,0.2,.004
Grant Long,2002-03,36,BOS,41,488,5.3,-5.1,-0.4,0.4,.041
John Long,1978-79,22,DET,82,2498,13.6,-2.0,0.0,3.6,.070
John Long,1979-80,23,DET,69,2364,16.4,-0.4,1.0,3.6,.072
John Long,1980-81,24,DET,59,1750,15.6,-0.7,0.6,2.4,.065
John Long,1981-82,25,DET,69,2211,17.4,-0.2,1.0,4.7,.102
John Long,1982-83,26,DET,70,1485,10.8,-4.7,-1.0,0.2,.005
John Long,1983-84,27,DET,82,2514,14.9,-0.4,1.0,5.3,.102
John Long,1984-85,28,DET,66,1820,14.2,-1.1,0.4,3.3,.087
John Long,1985-86,29,DET,62,1176,13.9,-1.3,0.2,2.0,.080
John Long,1986-87,30,IND,80,2265,13.8,-1.6,0.1,2.1,.044
John Long,1987-88,31,IND,81,2022,15.2,0.3,1.2,3.9,.093
John Long,1988-89,32,2TM,68,919,9.5,-4.1,-0.5,0.2,.011
John Long,1988-89,32,IND,44,767,9.7,-4.1,-0.4,0.0,.001
John Long,1988-89,32,DET,24,152,8.2,-3.6,-0.1,0.2,.062
John Long,1989-90,33,ATL,48,1030,10.7,-2.9,-0.2,0.2,.010
John Long,1990-91,34,DET,25,256,11.9,0.0,0.1,0.5,.090
John Long,1991-92,,Did not play - other pro league,,,,,,,
John Long,1992-93,,Did not play - other,,,,,,,
John Long,1993-94,,Did not play - other pro league,,,,,,,
John Long,1994-95,,Did not play - other,,,,,,,
John Long,1995-96,,Did not play - other,,,,,,,
John Long,1996-97,40,TOR,32,370,8.9,-4.5,-0.2,0.1,.015
Paul Long,1967-68,23,DET,16,93,16.6,,,0.2,.095
Paul Long,1968-69,24,KEN,9,82,-0.7,,,-0.2,-0.102
Paul Long,1969-70,25,DET,25,130,16.9,,,0.3,.110
Paul Long,1970-71,26,BUF,30,213,18.4,,,0.5,.118
Shawn Long,2016-17,24,PHI,18,234,24.1,1.2,0.2,0.9,.195
Willie Long,1971-72,21,FLO,75,1925,12.8,,,2.1,.053
Willie Long,1972-73,22,DNR,56,1050,12.6,,,1.2,.056
Willie Long,1973-74,23,DNR,82,2058,13.7,-2.0,0.0,3.5,.082
Luc Longley,1991-92,23,MIN,66,991,10.1,-4.4,-0.6,0.2,.009
Luc Longley,1992-93,24,MIN,55,1045,10.7,-3.7,-0.5,0.2,.007
Luc Longley,1993-94,25,2TM,76,1502,13.5,-1.6,0.1,2.2,.071
Luc Longley,1993-94,25,MIN,49,989,12.6,-2.4,-0.1,0.9,.043
Luc Longley,1993-94,25,CHI,27,513,15.2,-0.1,0.2,1.3,.125
Luc Longley,1994-95,26,CHI,55,1001,12.3,-3.6,-0.4,1.8,.087
Luc Longley,1995-96,27,CHI,62,1641,11.9,-1.6,0.2,3.5,.101
Luc Longley,1996-97,28,CHI,59,1472,13.4,-1.7,0.1,3.1,.103
Luc Longley,1997-98,29,CHI,58,1703,13.5,-0.9,0.5,3.4,.096
Luc Longley,1998-99,30,PHO,39,933,13.5,-2.5,-0.1,1.8,.092
Luc Longley,1999-00,31,PHO,72,1417,8.8,-4.6,-0.9,1.3,.044
Luc Longley,2000-01,32,NYK,25,301,3.7,-6.4,-0.3,0.0,.000
Kevon Looney,2015-16,19,GSW,5,21,18.6,-2.5,0.0,0.1,.192
Kevon Looney,2016-17,20,GSW,53,447,13.6,-1.7,0.0,1.4,.155
Kevon Looney,2017-18,21,GSW,66,910,14.8,-0.2,0.4,2.8,.145
Kevon Looney,2018-19,22,GSW,80,1481,17.3,0.5,0.9,6.0,.194
Kevon Looney,2019-20,23,GSW,20,262,9.4,-5.6,-0.2,0.0,.006
Kevon Looney,2020-21,24,GSW,61,1161,11.9,-0.9,0.3,3.4,.139
Kevon Looney,2021-22,25,GSW,82,1732,15.7,0.9,1.3,6.8,.187
Kevon Looney,2022-23,26,GSW,82,1958,17.8,2.1,2.0,8.7,.212
Kevon Looney,2023-24,27,GSW,74,1195,15.1,0.6,0.8,4.0,.162
Kevon Looney,2024-25,28,GSW,76,1142,17.0,0.3,0.7,4.3,.182
Brook Lopez,2008-09,20,NJN,82,2501,17.9,-0.6,0.9,5.8,.112
Brook Lopez,2009-10,21,NJN,82,3027,20.1,1.2,2.5,7.9,.125
Brook Lopez,2010-11,22,NJN,82,2889,19.3,0.6,1.9,6.3,.105
Brook Lopez,2011-12,23,NJN,5,136,21.9,0.6,0.1,0.3,.091
Brook Lopez,2012-13,24,BRK,74,2253,24.7,3.2,3.0,9.0,.191
Brook Lopez,2013-14,25,BRK,17,533,25.4,3.7,0.8,2.3,.211
Brook Lopez,2014-15,26,BRK,72,2100,22.7,1.2,1.6,7.0,.159
Brook Lopez,2015-16,27,BRK,73,2457,21.7,1.3,2.1,6.2,.121
Brook Lopez,2016-17,28,BRK,75,2222,20.4,2.3,2.4,4.9,.105
Brook Lopez,2017-18,29,LAL,74,1735,16.5,0.9,1.3,3.8,.105
Brook Lopez,2018-19,30,MIL,81,2322,14.6,2.2,2.4,6.7,.138
Brook Lopez,2019-20,31,MIL,68,1817,15.0,2.0,1.9,5.5,.145
Brook Lopez,2020-21,32,MIL,70,1902,15.4,0.0,0.9,5.3,.133
Brook Lopez,2021-22,33,MIL,13,298,16.0,-1.3,0.1,0.7,.108
Brook Lopez,2022-23,34,MIL,78,2373,18.4,2.1,2.5,8.0,.161
Brook Lopez,2023-24,35,MIL,79,2411,14.8,1.0,1.8,5.9,.117
Brook Lopez,2024-25,36,MIL,80,2546,14.8,0.8,1.8,6.6,.124
Felipe López,1998-99,24,VAN,47,1218,11.8,-3.3,-0.4,0.5,.021
Felipe López,1999-00,25,VAN,65,781,11.9,-2.7,-0.1,0.4,.023
Felipe López,2000-01,26,2TM,70,1565,12.5,-1.0,0.4,1.9,.057
Felipe López,2000-01,26,WAS,47,1108,11.9,-1.5,0.1,1.1,.049
Felipe López,2000-01,26,MIN,23,457,13.9,0.2,0.3,0.7,.077
Felipe López,2001-02,27,MIN,67,581,7.8,-4.6,-0.4,0.3,.027
Raül López,2001-02,,Did not play - other pro league,,,,,,,
Raül López,2002-03,,Did not play - injury,,,,,,,
Raül López,2003-04,23,UTA,82,1617,12.0,-2.8,-0.3,1.4,.041
Raül López,2004-05,24,UTA,31,518,12.9,-1.4,0.1,0.7,.066
Robin Lopez,2008-09,20,PHO,60,614,11.6,-3.4,-0.2,1.1,.083
Robin Lopez,2009-10,21,PHO,51,986,17.6,-0.6,0.4,3.2,.158
Robin Lopez,2010-11,22,PHO,67,991,13.9,-4.1,-0.5,1.5,.074
Robin Lopez,2011-12,23,PHO,64,895,15.2,-2.2,0.0,2.1,.115
Robin Lopez,2012-13,24,NOH,82,2136,18.9,0.6,1.4,5.6,.126
Robin Lopez,2013-14,25,POR,82,2603,17.7,1.2,2.1,9.5,.176
Robin Lopez,2014-15,26,POR,59,1638,16.2,0.1,0.9,5.1,.150
Robin Lopez,2015-16,27,NYK,82,2219,17.6,-0.2,1.0,5.8,.126
Robin Lopez,2016-17,28,CHI,81,2271,14.4,-2.2,-0.1,4.3,.090
Robin Lopez,2017-18,29,CHI,64,1690,14.7,-2.2,-0.1,1.9,.055
Robin Lopez,2018-19,30,CHI,74,1606,15.9,-1.9,0.0,2.7,.081
Robin Lopez,2019-20,31,MIL,66,958,10.2,-2.6,-0.2,1.5,.077
Robin Lopez,2020-21,32,WAS,71,1354,16.7,-1.0,0.4,3.7,.131
Robin Lopez,2021-22,33,ORL,36,612,13.7,-3.8,-0.3,0.8,.064
Robin Lopez,2022-23,34,CLE,37,299,11.6,-3.0,-0.1,0.6,.094
Robin Lopez,2023-24,35,MIL,16,65,6.6,-6.1,-0.1,0.0,.007
Ryan Lorthridge,1994-95,22,GSW,37,672,12.9,-2.4,-0.1,0.4,.032
Jim Loscutoff,1955-56,25,BOS,71,1582,12.8,,,0.9,.026
Jim Loscutoff,1956-57,26,BOS,70,2220,11.1,,,2.1,.046
Jim Loscutoff,1957-58,27,BOS,5,56,9.2,,,0.0,-0.017
Jim Loscutoff,1958-59,28,BOS,66,1680,7.2,,,0.9,.025
Jim Loscutoff,1959-60,29,BOS,28,536,3.1,,,-0.2,-0.022
Jim Loscutoff,1960-61,30,BOS,76,1153,3.3,,,-0.9,-0.036
Jim Loscutoff,1961-62,31,BOS,79,1146,7.7,,,0.5,.019
Jim Loscutoff,1962-63,32,BOS,63,607,6.6,,,0.3,.021
Jim Loscutoff,1963-64,33,BOS,53,451,5.8,,,0.0,-0.005
Plummer Lott,1967-68,22,SEA,44,478,4.7,,,-0.7,-0.072
Plummer Lott,1968-69,23,SEA,23,160,2.3,,,-0.6,-0.188
Kevin Loughery,1962-63,22,DET,57,845,9.5,,,-0.3,-0.017
Kevin Loughery,1963-64,23,2TM,66,1459,10.4,,,0.1,.003
Kevin Loughery,1963-64,23,DET,1,2,-24.7,,,0.0,-1.066
Kevin Loughery,1963-64,23,BAL,65,1457,10.5,,,0.1,.004
Kevin Loughery,1964-65,24,BAL,80,2417,11.6,,,2.6,.051
Kevin Loughery,1965-66,25,BAL,74,2455,14.1,,,3.6,.070
Kevin Loughery,1966-67,26,BAL,76,2577,13.7,,,2.5,.047
Kevin Loughery,1967-68,27,BAL,77,2297,13.3,,,3.0,.063
Kevin Loughery,1968-69,28,BAL,80,3135,15.8,,,8.0,.122
Kevin Loughery,1969-70,29,BAL,55,2037,15.9,,,4.0,.094
Kevin Loughery,1970-71,30,BAL,82,2260,14.4,,,2.8,.060
Kevin Loughery,1971-72,31,2TM,76,1771,14.0,,,2.9,.080
Kevin Loughery,1971-72,31,BAL,2,42,7.0,,,-0.1,-0.141
Kevin Loughery,1971-72,31,PHI,74,1729,14.2,,,3.1,.085
Kevin Loughery,1972-73,32,PHI,32,955,13.9,,,0.6,.031
Didi Louzada,2019-20,,Did not play - other pro league,,,,,,,
Didi Louzada,2020-21,21,NOP,3,56,-0.9,-9.6,-0.1,-0.1,-0.099
Didi Louzada,2021-22,22,2TM,9,129,6.4,-7.5,-0.2,0.0,-0.005
Didi Louzada,2021-22,22,NOP,2,7,-1.2,-12.5,0.0,0.0,-0.238
Didi Louzada,2021-22,22,POR,7,122,6.8,-7.2,-0.2,0.0,.008
Bob Love,1965-66,,Did not play - other pro league,,,,,,,
Bob Love,1966-67,24,CIN,66,1074,10.7,,,1.0,.043
Bob Love,1967-68,25,CIN,72,1068,10.3,,,0.2,.009
Bob Love,1968-69,26,2TM,49,542,14.7,,,0.6,.056
Bob Love,1968-69,26,MIL,14,227,11.9,,,0.0,.003
Bob Love,1968-69,26,CHI,35,315,16.7,,,0.6,.093
Bob Love,1969-70,27,CHI,82,3123,16.1,,,8.6,.132
Bob Love,1970-71,28,CHI,81,3482,17.0,,,9.9,.137
Bob Love,1971-72,29,CHI,79,3108,16.8,,,7.5,.115
Bob Love,1972-73,30,CHI,82,3033,16.4,,,6.3,.100
Bob Love,1973-74,31,CHI,82,3292,13.7,-1.5,0.4,5.8,.084
Bob Love,1974-75,32,CHI,61,2401,15.0,-1.5,0.3,5.2,.103
Bob Love,1975-76,33,CHI,76,2823,14.1,-1.6,0.3,4.5,.076
Bob Love,1976-77,34,3TM,59,1174,9.8,-4.2,-0.7,1.0,.040
Bob Love,1976-77,34,CHI,14,496,7.8,-6.0,-0.5,0.0,-0.003
Bob Love,1976-77,34,NYN,13,228,15.4,-2.2,0.0,0.5,.105
Bob Love,1976-77,34,SEA,32,450,9.1,-3.3,-0.1,0.5,.055
Kevin Love,2008-09,20,MIN,81,2048,18.3,-1.1,0.4,5.3,.124
Kevin Love,2009-10,21,MIN,60,1714,20.7,1.5,1.5,4.9,.138
Kevin Love,2010-11,22,MIN,73,2611,24.3,4.4,4.2,11.4,.210
Kevin Love,2011-12,23,MIN,55,2145,25.4,5.2,3.9,10.0,.223
Kevin Love,2012-13,24,MIN,18,618,17.9,0.4,0.4,1.1,.084
Kevin Love,2013-14,25,MIN,77,2797,26.9,8.9,7.7,14.3,.245
Kevin Love,2014-15,26,CLE,75,2532,18.8,2.7,3.0,8.7,.165
Kevin Love,2015-16,27,CLE,77,2424,19.0,3.3,3.3,8.5,.169
Kevin Love,2016-17,28,CLE,60,1885,21.1,2.1,1.9,6.4,.163
Kevin Love,2017-18,29,CLE,59,1651,22.4,3.3,2.2,6.4,.185
Kevin Love,2018-19,30,CLE,22,598,19.5,1.6,0.6,1.3,.106
Kevin Love,2019-20,31,CLE,56,1780,17.9,2.0,1.8,3.8,.101
Kevin Love,2020-21,32,CLE,25,622,15.1,-0.1,0.3,0.9,.073
Kevin Love,2021-22,33,CLE,74,1665,19.6,4.5,2.7,5.7,.164
Kevin Love,2022-23,34,2TM,62,1240,13.1,0.6,0.8,2.6,.099
Kevin Love,2022-23,34,CLE,41,821,13.6,1.4,0.7,1.9,.112
Kevin Love,2022-23,34,MIA,21,419,12.3,-1.1,0.1,0.7,.075
Kevin Love,2023-24,35,MIA,55,924,18.5,3.6,1.3,3.3,.170
Kevin Love,2024-25,36,MIA,23,251,16.2,0.4,0.2,0.4,.083
Stan Love,1971-72,22,BAL,74,1327,12.8,,,2.2,.079
Stan Love,1972-73,23,BAL,72,995,14.0,,,2.1,.101
Stan Love,1973-74,24,LAL,51,698,11.9,-3.4,-0.2,0.7,.051
Stan Love,1974-75,25,2TM,42,495,14.6,-2.8,-0.1,0.6,.057
Stan Love,1974-75,25,LAL,30,431,14.7,-2.7,-0.1,0.5,.054
Stan Love,1974-75,25,SAA,12,64,14.4,-3.1,0.0,0.1,.078
Clyde Lovellette,1952-53,,Did not play - other pro league,,,,,,,
Clyde Lovellette,1953-54,24,MNL,72,1255,20.9,,,5.2,.200
Clyde Lovellette,1954-55,25,MNL,70,2361,21.5,,,8.5,.173
Clyde Lovellette,1955-56,26,MNL,71,2518,23.5,,,8.1,.155
Clyde Lovellette,1956-57,27,MNL,69,2492,22.1,,,8.2,.157
Clyde Lovellette,1957-58,28,CIN,71,2589,22.2,,,10.1,.187
Clyde Lovellette,1958-59,29,STL,70,1599,22.3,,,6.5,.194
Clyde Lovellette,1959-60,30,STL,68,1953,23.4,,,9.0,.221
Clyde Lovellette,1960-61,31,STL,67,2111,20.5,,,8.5,.193
Clyde Lovellette,1961-62,32,STL,40,1192,19.7,,,3.6,.145
Clyde Lovellette,1962-63,33,BOS,61,568,16.2,,,1.6,.139
Clyde Lovellette,1963-64,34,BOS,45,437,16.8,,,1.3,.145
Sidney Lowe,1983-84,24,IND,78,1238,12.2,-0.6,0.4,1.7,.066
Sidney Lowe,1984-85,25,2TM,21,190,9.6,-1.6,0.0,0.3,.067
Sidney Lowe,1984-85,25,DET,6,31,2.2,-7.6,0.0,0.0,-0.049
Sidney Lowe,1984-85,25,ATL,15,159,11.0,-0.4,0.1,0.3,.090
Sidney Lowe,1985-86,,Did not play - other pro league,,,,,,,
Sidney Lowe,1986-87,,Did not play - other pro league,,,,,,,
Sidney Lowe,1987-88,,Did not play - other pro league,,,,,,,
Sidney Lowe,1988-89,29,CHH,14,250,13.7,0.9,0.2,0.5,.100
Sidney Lowe,1989-90,30,MIN,80,1744,8.7,-2.7,-0.3,1.5,.040
Charlie Lowery,1971-72,22,MIL,20,134,10.5,,,0.2,.083
Kyle Lowry,2006-07,20,MEM,10,175,18.3,4.7,0.3,0.5,.148
Kyle Lowry,2007-08,21,MEM,82,2089,14.3,-0.9,0.6,3.4,.078
Kyle Lowry,2008-09,22,2TM,77,1679,14.4,0.2,0.9,3.6,.103
Kyle Lowry,2008-09,22,MEM,49,1071,14.1,-0.7,0.3,1.8,.081
Kyle Lowry,2008-09,22,HOU,28,608,15.0,1.7,0.6,1.8,.143
Kyle Lowry,2009-10,23,HOU,68,1651,15.5,0.8,1.2,4.3,.126
Kyle Lowry,2010-11,24,HOU,75,2563,16.5,2.0,2.6,7.0,.130
Kyle Lowry,2011-12,25,HOU,47,1510,18.8,4.1,2.3,4.9,.156
Kyle Lowry,2012-13,26,TOR,68,2020,17.5,2.9,2.5,5.6,.133
Kyle Lowry,2013-14,27,TOR,79,2862,20.1,4.7,4.8,11.7,.197
Kyle Lowry,2014-15,28,TOR,70,2414,19.3,3.0,3.1,7.1,.141
Kyle Lowry,2015-16,29,TOR,77,2851,22.2,5.8,5.7,11.6,.196
Kyle Lowry,2016-17,30,TOR,60,2244,22.9,6.1,4.6,10.1,.216
Kyle Lowry,2017-18,31,TOR,78,2510,19.5,5.2,4.5,10.2,.194
Kyle Lowry,2018-19,32,TOR,65,2213,16.5,2.3,2.4,6.6,.144
Kyle Lowry,2019-20,33,TOR,58,2098,17.7,3.2,2.8,7.5,.171
Kyle Lowry,2020-21,34,TOR,46,1601,16.5,1.6,1.5,4.1,.124
Kyle Lowry,2021-22,35,MIA,63,2133,15.0,2.0,2.1,6.4,.143
Kyle Lowry,2022-23,36,MIA,55,1718,12.6,0.2,0.9,3.4,.096
Kyle Lowry,2023-24,37,2TM,60,1690,10.9,-1.0,0.4,3.5,.100
Kyle Lowry,2023-24,37,MIA,37,1037,10.9,-0.8,0.3,2.2,.100
Kyle Lowry,2023-24,37,PHI,23,653,11.0,-1.3,0.1,1.4,.102
Kyle Lowry,2024-25,38,PHI,35,659,9.8,-1.3,0.1,1.0,.070
Jordan Loyd,2018-19,25,TOR,12,55,16.3,-1.0,0.0,0.2,.190
Al Lucas,1948-49,26,BOS,2,,,,,0.0,
Jerry Lucas,1962-63,,Did not play - contractual issues,,,,,,,
Jerry Lucas,1963-64,23,CIN,79,3273,18.9,,,12.7,.187
Jerry Lucas,1964-65,24,CIN,66,2864,20.9,,,9.9,.166
Jerry Lucas,1965-66,25,CIN,79,3517,18.8,,,8.1,.110
Jerry Lucas,1966-67,26,CIN,81,3558,16.9,,,7.3,.098
Jerry Lucas,1967-68,27,CIN,82,3619,19.8,,,10.1,.133
Jerry Lucas,1968-69,28,CIN,74,3075,20.6,,,9.5,.148
Jerry Lucas,1969-70,29,2TM,67,2420,17.9,,,7.9,.157
Jerry Lucas,1969-70,29,CIN,4,118,15.6,,,0.3,.111
Jerry Lucas,1969-70,29,SFW,63,2302,18.1,,,7.6,.159
Jerry Lucas,1970-71,30,SFW,80,3251,20.6,,,10.5,.156
Jerry Lucas,1971-72,31,NYK,77,2926,19.5,,,11.2,.184
Jerry Lucas,1972-73,32,NYK,71,2001,17.3,,,7.8,.188
Jerry Lucas,1973-74,33,NYK,73,1627,12.6,1.3,1.4,3.4,.101
John Lucas,1976-77,23,HOU,82,2531,15.0,0.9,1.9,4.8,.091
John Lucas,1977-78,24,HOU,82,2933,16.4,1.0,2.3,5.2,.085
John Lucas,1978-79,25,GSW,82,3095,16.9,1.4,2.7,7.9,.122
John Lucas,1979-80,26,GSW,80,2763,15.3,0.4,1.7,5.9,.103
John Lucas,1980-81,27,GSW,66,1919,11.6,-1.7,0.2,1.3,.032
John Lucas,1981-82,28,WSB,79,1940,15.2,1.7,1.8,3.9,.095
John Lucas,1982-83,29,WSB,35,386,14.4,0.8,0.3,0.4,.055
John Lucas,1983-84,30,SAS,63,1807,18.1,2.5,2.0,4.3,.114
John Lucas,1984-85,31,HOU,47,1158,17.4,2.6,1.3,3.2,.134
John Lucas,1985-86,32,HOU,65,2120,17.4,1.8,2.0,5.7,.130
John Lucas,1986-87,33,MIL,43,1358,19.4,3.7,2.0,4.3,.152
John Lucas,1987-88,34,MIL,81,1766,16.1,2.0,1.8,3.9,.106
John Lucas,1988-89,35,SEA,74,842,16.6,2.4,0.9,1.9,.109
John Lucas,1989-90,36,HOU,49,938,11.5,-0.9,0.3,1.0,.052
Kalin Lucas,2014-15,25,MEM,1,6,-0.7,-4.7,0.0,0.0,-0.057
Kalin Lucas,2015-16,,Did not play - other pro league,,,,,,,
Kalin Lucas,2016-17,,Did not play - other pro league,,,,,,,
Kalin Lucas,2017-18,,Did not play - other pro league,,,,,,,
Kalin Lucas,2018-19,29,DET,1,6,16.6,0.8,0.0,0.0,.238
Maurice Lucas,1974-75,22,SSL,80,2464,16.4,0.9,1.8,5.5,.108
Maurice Lucas,1975-76,23,2TM,86,2861,15.5,-1.2,0.6,4.7,.079
Maurice Lucas,1975-76,23,SSL,28,1065,16.3,-2.1,0.0,1.4,.062
Maurice Lucas,1975-76,23,KEN,58,1796,15.0,-0.7,0.6,3.3,.089
Maurice Lucas,1976-77,24,POR,79,2863,18.3,0.8,2.1,8.7,.147
Maurice Lucas,1977-78,25,POR,68,2119,17.3,0.6,1.4,5.8,.131
Maurice Lucas,1978-79,26,POR,69,2462,18.4,0.7,1.7,6.2,.121
Maurice Lucas,1979-80,27,2TM,63,1884,14.8,-1.0,0.5,2.4,.061
Maurice Lucas,1979-80,27,POR,41,1176,13.8,-2.4,-0.1,0.6,.025
Maurice Lucas,1979-80,27,NJN,22,708,16.4,1.3,0.6,1.8,.120
Maurice Lucas,1980-81,28,NJN,68,2162,14.6,-0.9,0.6,3.5,.078
Maurice Lucas,1981-82,29,NYK,80,2671,17.9,0.6,1.8,7.4,.133
Maurice Lucas,1982-83,30,PHO,77,2586,16.1,-0.3,1.1,7.1,.132
Maurice Lucas,1983-84,31,PHO,75,2309,18.1,0.6,1.5,6.4,.134
Maurice Lucas,1984-85,32,PHO,63,1670,15.1,-1.7,0.1,2.5,.072
Maurice Lucas,1985-86,33,LAL,77,1750,13.8,-2.3,-0.1,4.0,.110
Maurice Lucas,1986-87,34,SEA,63,1120,13.7,-1.7,0.1,2.4,.104
Maurice Lucas,1987-88,35,POR,73,1191,11.5,-2.2,-0.1,2.3,.091
John Lucas III,2005-06,23,HOU,13,107,7.7,-4.4,-0.1,-0.1,-0.027
John Lucas III,2006-07,24,HOU,47,383,11.8,-1.4,0.1,0.6,.081
John Lucas III,2007-08,,Did not play - other pro league,,,,,,,
John Lucas III,2008-09,,Did not play - other pro league,,,,,,,
John Lucas III,2009-10,,Did not play - other pro league,,,,,,,
John Lucas III,2010-11,28,CHI,2,10,-0.1,-9.6,0.0,0.0,-0.121
John Lucas III,2011-12,29,CHI,49,726,16.3,2.9,0.9,2.2,.143
John Lucas III,2012-13,30,TOR,63,827,12.8,-0.6,0.3,1.1,.061
John Lucas III,2013-14,31,UTA,42,591,5.2,-5.9,-0.6,-0.7,-0.058
John Lucas III,2014-15,32,DET,21,272,13.0,-2.2,0.0,0.3,.058
John Lucas III,2015-16,,Did not play - other pro league,,,,,,,
John Lucas III,2016-17,34,MIN,5,11,9.1,3.1,0.0,0.0,-0.033
Ted Luckenbill,1961-62,22,PHW,67,396,9.1,,,0.4,.051
Ted Luckenbill,1962-63,23,SFW,20,201,7.0,,,-0.1,-0.016
Tyronn Lue,1998-99,21,LAL,15,188,11.2,-3.6,-0.1,0.2,.062
Tyronn Lue,1999-00,22,LAL,8,146,10.5,-2.0,0.0,0.3,.103
Tyronn Lue,2000-01,23,LAL,38,468,8.7,-4.0,-0.2,0.4,.042
Tyronn Lue,2001-02,24,WAS,71,1458,13.7,-1.1,0.4,2.0,.067
Tyronn Lue,2002-03,25,WAS,75,1986,12.9,-1.5,0.3,3.7,.089
Tyronn Lue,2003-04,26,ORL,76,2332,12.6,-2.5,-0.3,2.1,.042
Tyronn Lue,2004-05,27,2TM,70,2007,14.1,-2.0,0.0,3.7,.088
Tyronn Lue,2004-05,27,HOU,21,479,7.7,-2.8,-0.1,0.5,.049
Tyronn Lue,2004-05,27,ATL,49,1528,16.2,-1.7,0.1,3.2,.100
Tyronn Lue,2005-06,28,ATL,51,1234,15.5,-0.7,0.4,2.7,.104
Tyronn Lue,2006-07,29,ATL,56,1488,14.1,-1.9,0.0,2.5,.081
Tyronn Lue,2007-08,30,2TM,50,736,11.9,-1.4,0.1,1.2,.080
Tyronn Lue,2007-08,30,ATL,33,564,12.7,-0.7,0.2,1.0,.081
Tyronn Lue,2007-08,30,DAL,17,172,9.2,-3.7,-0.1,0.3,.078
Tyronn Lue,2008-09,31,2TM,44,521,10.3,-0.9,0.1,0.8,.078
Tyronn Lue,2008-09,31,MIL,30,392,10.6,-1.0,0.1,0.6,.073
Tyronn Lue,2008-09,31,ORL,14,129,9.4,-0.8,0.0,0.3,.093
Jim Luisi,1951-52,,Did not play - military service,,,,,,,
Jim Luisi,1952-53,,Did not play - military service,,,,,,,
Jim Luisi,1953-54,25,BLB,31,367,7.7,,,0.0,.002
Al Lujack,1946-47,26,WSC,5,,,,,0.0,
Phil Lumpkin,1974-75,23,POR,48,792,11.5,-3.0,-0.2,0.5,.031
Phil Lumpkin,1975-76,24,PHO,34,370,8.2,-3.2,-0.1,0.2,.022
Ray Lumpp,1948-49,25,2TM,61,,,,,6.7,
Ray Lumpp,1948-49,25,INJ,37,,,,,3.4,
Ray Lumpp,1948-49,25,NYK,24,,,,,3.3,
Ray Lumpp,1949-50,26,NYK,58,,,,,1.7,
Ray Lumpp,1950-51,27,NYK,64,,,,,3.3,
Ray Lumpp,1951-52,28,NYK,62,1317,11.5,,,1.9,.068
Ray Lumpp,1952-53,29,2TM,55,1422,13.8,,,2.0,.066
Ray Lumpp,1952-53,29,NYK,6,99,14.4,,,0.2,.080
Ray Lumpp,1952-53,29,BLB,49,1323,13.7,,,1.8,.065
Gabriel Lundberg,2021-22,27,PHO,4,44,7.7,-4.8,0.0,0.0,-0.005
Seth Lundy,2023-24,23,ATL,9,52,0.0,-12.7,-0.1,-0.1,-0.092
Timothé Luwawu-Cabarrot,2016-17,21,PHI,69,1190,8.5,-4.6,-0.8,0.8,.034
Timothé Luwawu-Cabarrot,2017-18,22,PHI,52,807,7.0,-4.1,-0.4,0.8,.046
Timothé Luwawu-Cabarrot,2018-19,23,2TM,50,669,8.0,-5.2,-0.5,0.2,.015
Timothé Luwawu-Cabarrot,2018-19,23,OKC,21,123,3.4,-7.1,-0.2,-0.1,-0.033
Timothé Luwawu-Cabarrot,2018-19,23,CHI,29,546,9.0,-4.7,-0.4,0.3,.026
Timothé Luwawu-Cabarrot,2019-20,24,BRK,47,853,11.0,-2.2,-0.1,1.7,.095
Timothé Luwawu-Cabarrot,2020-21,25,BRK,58,1050,7.8,-4.4,-0.6,0.3,.015
Timothé Luwawu-Cabarrot,2021-22,26,ATL,52,685,9.3,-3.3,-0.2,0.9,.061
Tyler Lydon,2017-18,21,DEN,1,2,0.0,-5.4,0.0,0.0,-0.014
Tyler Lydon,2018-19,22,DEN,25,94,9.3,-4.2,-0.1,0.2,.086
Trey Lyles,2015-16,20,UTA,80,1382,11.6,-1.8,0.1,2.3,.079
Trey Lyles,2016-17,21,UTA,71,1158,9.9,-2.2,-0.1,0.8,.031
Trey Lyles,2017-18,22,DEN,73,1391,17.9,1.3,1.1,3.9,.134
Trey Lyles,2018-19,23,DEN,64,1120,12.7,-2.4,-0.1,1.2,.050
Trey Lyles,2019-20,24,SAS,63,1271,12.6,-1.2,0.3,2.2,.083
Trey Lyles,2020-21,25,SAS,23,358,11.4,-1.8,0.0,0.6,.085
Trey Lyles,2021-22,26,2TM,75,1537,16.4,-0.3,0.7,3.5,.111
Trey Lyles,2021-22,26,DET,51,990,16.7,0.0,0.5,2.2,.106
Trey Lyles,2021-22,26,SAC,24,547,16.0,-1.0,0.1,1.4,.120
Trey Lyles,2022-23,27,SAC,74,1247,14.2,-1.0,0.3,2.6,.098
Trey Lyles,2023-24,28,SAC,58,1158,11.9,-1.1,0.3,2.4,.098
Trey Lyles,2024-25,29,SAC,69,1349,12.3,-0.7,0.4,2.6,.091
R.B. Lynam,1967-68,,DNR,7,39,-0.2,,,0.0,-0.011
George Lynch,1993-94,23,LAL,71,1762,16.1,0.1,0.9,3.9,.107
George Lynch,1994-95,24,LAL,56,953,12.4,-2.2,0.0,0.9,.046
George Lynch,1995-96,25,LAL,76,1012,11.4,-2.1,0.0,1.7,.080
George Lynch,1996-97,26,VAN,41,1059,15.4,-1.0,0.3,1.5,.070
George Lynch,1997-98,27,VAN,82,1493,16.8,-0.2,0.7,2.5,.079
George Lynch,1998-99,28,PHI,43,1315,12.8,0.6,0.9,2.6,.096
George Lynch,1999-00,29,PHI,75,2416,13.7,1.0,1.8,5.8,.116
George Lynch,2000-01,30,PHI,82,2649,12.4,0.5,1.7,6.5,.118
George Lynch,2001-02,31,CHH,45,893,9.0,-1.8,0.0,0.7,.038
George Lynch,2002-03,32,NOH,81,1497,12.9,0.9,1.1,3.5,.113
George Lynch,2003-04,33,NOH,78,1701,9.7,-1.5,0.2,2.5,.072
George Lynch,2004-05,34,NOH,44,933,7.9,-3.0,-0.2,0.0,.000
Kevin Lynch,1991-92,23,CHH,55,819,7.7,-4.7,-0.6,0.2,.011
Kevin Lynch,1992-93,24,CHH,40,324,7.6,-3.6,-0.1,0.2,.031
Lonnie Lynn,1969-70,26,2TM,52,779,9.1,,,0.1,.007
Lonnie Lynn,1969-70,26,DNR,12,140,12.9,,,0.2,.079
Lonnie Lynn,1969-70,26,PTP,40,639,8.3,,,-0.1,-0.009
Mike Lynn,1968-69,,Did not play - other pro league,,,,,,,
Mike Lynn,1969-70,24,LAL,44,403,4.7,,,-0.3,-0.036
Mike Lynn,1970-71,25,BUF,5,25,2.2,,,0.0,-0.012
Sheldon Mac,2016-17,24,WAS,30,287,10.1,-2.3,0.0,0.5,.076
Todd MacCulloch,1999-00,24,PHI,56,528,16.1,0.0,0.3,1.7,.150
Todd MacCulloch,2000-01,25,PHI,63,597,18.3,-0.1,0.3,2.5,.199
Todd MacCulloch,2001-02,26,NJN,62,1502,17.7,1.2,1.2,5.6,.179
Todd MacCulloch,2002-03,27,PHI,42,812,14.9,-0.7,0.3,2.2,.130
Ronnie MacGilvray,1952-53,,Did not play - military service,,,,,,,
Ronnie MacGilvray,1953-54,,Did not play - military service,,,,,,,
Ronnie MacGilvray,1954-55,24,MLH,6,57,8.1,,,-0.1,-0.046
Don MacLean,1992-93,23,WSB,62,674,14.0,-4.7,-0.5,0.4,.030
Don MacLean,1993-94,24,WSB,75,2487,17.8,-0.6,0.9,5.6,.108
Don MacLean,1994-95,25,WSB,39,1052,11.7,-4.3,-0.6,1.1,.051
Don MacLean,1995-96,26,DEN,56,1107,15.7,-1.3,0.2,1.5,.064
Don MacLean,1996-97,27,PHI,37,733,14.4,-4.0,-0.4,0.5,.031
Don MacLean,1997-98,28,NJN,9,42,-6.5,-15.0,-0.1,-0.2,-0.173
Don MacLean,1998-99,29,SEA,17,365,13.4,-4.7,-0.3,0.2,.032
Don MacLean,1999-00,30,PHO,16,143,4.6,-7.6,-0.2,0.0,-0.004
Don MacLean,2000-01,31,MIA,8,76,16.3,0.9,0.1,0.2,.120
Mike Macaluso,1973-74,22,BUF,30,112,10.2,-5.5,-0.1,0.0,-0.001
Ed Macauley,1949-50,21,STB,67,,,,,10.6,
Ed Macauley,1950-51,22,BOS,68,,,,,15.9,
Ed Macauley,1951-52,23,BOS,66,2631,22.7,,,13.8,.252
Ed Macauley,1952-53,24,BOS,69,2902,24.2,,,14.5,.239
Ed Macauley,1953-54,25,BOS,71,2792,23.6,,,14.6,.252
Ed Macauley,1954-55,26,BOS,71,2706,19.0,,,8.9,.157
Ed Macauley,1955-56,27,BOS,71,2354,18.3,,,7.8,.158
Ed Macauley,1956-57,28,STL,72,2582,17.0,,,8.3,.154
Ed Macauley,1957-58,29,STL,72,1908,18.4,,,6.3,.157
Ed Macauley,1958-59,30,STL,14,196,7.6,,,-0.2,-0.041
Scott Machado,2012-13,22,HOU,6,21,6.0,-8.8,0.0,-0.1,-0.230
Scott Machado,2013-14,,Did not play - other pro league,,,,,,,
Scott Machado,2014-15,,Did not play - other pro league,,,,,,,
Scott Machado,2015-16,,Did not play - other pro league,,,,,,,
Scott Machado,2016-17,,Did not play - other pro league,,,,,,,
Scott Machado,2017-18,,Did not play - other pro league,,,,,,,
Scott Machado,2018-19,28,LAL,4,19,22.2,5.5,0.0,0.1,.281
Arvydas Macijauskas,2005-06,26,NOK,19,135,8.3,-4.2,-0.1,0.0,-0.001
Ollie Mack,1979-80,22,2TM,50,681,10.9,-1.6,0.1,1.0,.067
Ollie Mack,1979-80,22,LAL,27,155,9.1,-3.9,-0.1,0.1,.035
Ollie Mack,1979-80,22,CHI,23,526,11.4,-1.0,0.1,0.8,.077
Ollie Mack,1980-81,23,2TM,65,1682,12.8,-1.2,0.3,1.6,.046
Ollie Mack,1980-81,23,CHI,3,16,-0.6,-5.0,0.0,0.0,-0.093
Ollie Mack,1980-81,23,DAL,62,1666,13.0,-1.1,0.4,1.7,.048
Ollie Mack,1981-82,24,DAL,13,150,7.9,-3.9,-0.1,-0.1,-0.026
Sam Mack,1992-93,22,SAS,40,267,13.7,-4.0,-0.1,0.3,.060
Sam Mack,1993-94,,Did not play - other pro league,,,,,,,
Sam Mack,1994-95,,Did not play - other pro league,,,,,,,
Sam Mack,1995-96,25,HOU,31,868,13.1,-1.6,0.1,1.9,.103
Sam Mack,1996-97,26,HOU,52,904,10.2,-1.8,0.1,1.3,.071
Sam Mack,1997-98,27,VAN,57,1414,12.4,-1.9,0.0,1.1,.037
Sam Mack,1998-99,28,2TM,44,1083,15.4,0.9,0.8,2.8,.126
Sam Mack,1998-99,28,VAN,19,577,13.3,-1.2,0.1,0.9,.079
Sam Mack,1998-99,28,HOU,25,506,17.7,3.4,0.7,1.9,.180
Sam Mack,1999-00,29,GSW,23,333,8.0,-4.4,-0.2,0.0,.002
Sam Mack,2000-01,,Did not play - other pro league,,,,,,,
Sam Mack,2001-02,31,MIA,12,159,3.1,-6.2,-0.2,-0.1,-0.035
Shelvin Mack,2011-12,21,WAS,64,779,11.9,-2.6,-0.1,0.7,.042
Shelvin Mack,2012-13,22,3TM,31,416,11.3,-2.7,-0.1,0.5,.056
Shelvin Mack,2012-13,22,WAS,7,141,10.4,-1.7,0.0,0.2,.052
Shelvin Mack,2012-13,22,PHI,4,7,-6.4,-17.9,0.0,-0.1,-0.348
Shelvin Mack,2012-13,22,ATL,20,268,12.3,-2.8,-0.1,0.4,.068
Shelvin Mack,2013-14,23,ATL,73,1490,13.2,-1.1,0.3,2.3,.074
Shelvin Mack,2014-15,24,ATL,55,833,13.2,-1.7,0.1,1.3,.075
Shelvin Mack,2015-16,25,2TM,52,1058,13.6,-1.6,0.1,1.3,.061
Shelvin Mack,2015-16,25,ATL,24,179,15.4,-2.9,0.0,0.2,.045
Shelvin Mack,2015-16,25,UTA,28,879,13.2,-1.3,0.2,1.2,.064
Shelvin Mack,2016-17,26,UTA,55,1205,10.9,-2.3,-0.1,1.4,.054
Shelvin Mack,2017-18,27,ORL,69,1365,13.3,-1.4,0.2,1.9,.069
Shelvin Mack,2018-19,28,2TM,57,1246,10.4,-3.0,-0.3,0.9,.034
Shelvin Mack,2018-19,28,MEM,53,1204,11.0,-2.5,-0.1,1.1,.045
Shelvin Mack,2018-19,28,CHO,4,42,-6.6,-17.9,-0.2,-0.3,-0.304
Malcolm Mackey,1993-94,23,PHO,22,69,12.6,-8.7,-0.1,0.1,.036
Rudy Macklin,1981-82,23,ATL,79,1516,9.3,-4.1,-0.8,1.4,.043
Rudy Macklin,1982-83,24,ATL,73,1171,10.9,-2.7,-0.2,1.8,.073
Rudy Macklin,1983-84,25,NYK,8,65,9.0,-5.1,-0.1,0.1,.053
Vernon Macklin,2011-12,25,DET,23,135,18.2,1.2,0.1,0.5,.161
Johnny Macknowski,1948-49,,Did not play - other pro league,,,,,,,
Johnny Macknowski,1949-50,27,SYR,59,,,,,2.8,
Johnny Macknowski,1950-51,28,SYR,58,,,,,-0.1,
Daryl Macon,2018-19,23,DAL,8,90,5.5,-7.9,-0.1,0.0,-0.022
Daryl Macon,2019-20,24,MIA,4,14,-3.1,-12.0,0.0,0.0,-0.161
Mark Macon,1991-92,22,DEN,76,2304,8.3,-4.4,-1.4,-0.8,-0.016
Mark Macon,1992-93,23,DEN,48,1141,8.8,-3.8,-0.5,0.5,.022
Mark Macon,1993-94,24,2TM,42,496,8.0,-4.8,-0.4,-0.4,-0.042
Mark Macon,1993-94,24,DEN,7,126,2.1,-8.7,-0.2,-0.3,-0.112
Mark Macon,1993-94,24,DET,35,370,10.0,-3.5,-0.1,-0.1,-0.019
Mark Macon,1994-95,25,DET,55,721,12.5,-1.7,0.0,0.5,.033
Mark Macon,1995-96,26,DET,23,287,9.5,-0.9,0.1,0.5,.092
Mark Macon,1996-97,,Did not play - other pro league,,,,,,,
Mark Macon,1997-98,,Did not play - other pro league,,,,,,,
Mark Macon,1998-99,29,DET,7,69,-0.4,-5.5,-0.1,-0.2,-0.162
Mark Macon,1999-00,,Did not play - other pro league,,,,,,,
Mark Macon,2000-01,,Did not play - other pro league,,,,,,,
J.P. Macura,2018-19,23,CHO,2,17,5.7,-7.7,0.0,0.0,-0.110
J.P. Macura,2019-20,24,CLE,1,1,0.0,-6.4,0.0,0.0,-0.022
Kyle Macy,1979-80,,Did not play - other,,,,,,,
Kyle Macy,1980-81,23,PHO,82,1469,14.5,0.8,1.1,4.5,.148
Kyle Macy,1981-82,24,PHO,82,2845,15.7,2.0,2.9,9.2,.156
Kyle Macy,1982-83,25,PHO,82,1836,16.1,1.9,1.8,6.4,.168
Kyle Macy,1983-84,26,PHO,82,2402,13.2,0.1,1.3,5.0,.099
Kyle Macy,1984-85,27,PHO,65,2018,13.8,0.3,1.1,4.6,.110
Kyle Macy,1985-86,28,CHI,82,2426,12.3,-0.5,0.9,3.9,.077
Kyle Macy,1986-87,29,IND,76,1250,11.7,-0.3,0.5,2.4,.091
Kyle Macy,1987-88,,Did not play - other pro league,,,,,,,
Kyle Macy,1988-89,,Did not play - other pro league,,,,,,,
Kyle Macy,1989-90,,Did not play - other pro league,,,,,,,
Jack Maddox,1948-49,29,INJ,1,,,,,0.0,
Tito Maddox,2002-03,21,HOU,9,35,11.2,-1.4,0.0,0.0,-0.011
Gerald Madkins,1993-94,24,CLE,22,149,7.4,-4.0,-0.1,0.1,.019
Gerald Madkins,1994-95,25,CLE,7,28,5.1,-4.8,0.0,0.0,-0.029
Gerald Madkins,1995-96,,Did not play - other pro league,,,,,,,
Gerald Madkins,1996-97,,Did not play - other pro league,,,,,,,
Gerald Madkins,1997-98,28,GSW,19,243,9.8,-0.3,0.1,0.3,.057
Mark Madsen,2000-01,25,LAL,70,641,9.2,-4.5,-0.4,1.1,.085
Mark Madsen,2001-02,26,LAL,59,650,12.7,-1.9,0.0,1.9,.142
Mark Madsen,2002-03,27,LAL,54,781,9.3,-3.9,-0.4,1.1,.069
Mark Madsen,2003-04,28,MIN,72,1246,9.4,-2.9,-0.3,2.7,.103
Mark Madsen,2004-05,29,MIN,41,601,6.9,-4.4,-0.4,0.8,.065
Mark Madsen,2005-06,30,MIN,62,676,5.3,-4.8,-0.5,0.6,.043
Mark Madsen,2006-07,31,MIN,56,473,4.5,-5.7,-0.4,0.4,.042
Mark Madsen,2007-08,32,MIN,20,151,0.2,-10.6,-0.3,-0.3,-0.102
Mark Madsen,2008-09,33,MIN,19,116,-0.1,-10.0,-0.2,-0.1,-0.061
Norm Mager,1950-51,24,BLB,24,,,,,0.0,
Josh Magette,2017-18,28,ATL,18,216,11.9,-2.6,0.0,0.4,.092
Josh Magette,2018-19,,Did not play - other pro league,,,,,,,
Josh Magette,2019-20,30,ORL,8,38,5.1,-6.2,0.0,-0.1,-0.127
Corey Maggette,1999-00,20,ORL,77,1370,14.1,-2.5,-0.2,2.6,.091
Corey Maggette,2000-01,21,LAC,69,1359,18.2,0.2,0.7,3.9,.137
Corey Maggette,2001-02,22,LAC,63,1615,14.3,-0.8,0.5,3.3,.099
Corey Maggette,2002-03,23,LAC,64,2006,17.4,0.4,1.2,5.0,.119
Corey Maggette,2003-04,24,LAC,73,2628,20.1,2.1,2.7,8.6,.157
Corey Maggette,2004-05,25,LAC,66,2436,19.9,2.4,2.7,8.1,.160
Corey Maggette,2005-06,26,LAC,32,943,18.9,0.9,0.7,3.0,.154
Corey Maggette,2006-07,27,LAC,75,2291,18.6,0.5,1.5,7.0,.146
Corey Maggette,2007-08,28,LAC,70,2502,19.3,1.9,2.4,6.9,.133
Corey Maggette,2008-09,29,GSW,51,1588,16.9,-2.0,0.0,3.3,.100
Corey Maggette,2009-10,30,GSW,70,2081,20.3,0.3,1.2,6.3,.144
Corey Maggette,2010-11,31,MIL,67,1401,15.8,-0.8,0.5,3.4,.115
Corey Maggette,2011-12,32,CHA,32,881,14.1,-3.9,-0.4,0.7,.038
Corey Maggette,2012-13,33,DET,18,257,7.9,-5.9,-0.2,0.1,.017
Dave Magley,1982-83,23,CLE,14,56,3.9,-5.0,-0.1,-0.1,-0.066
Jamaal Magloire,2000-01,22,CHH,74,1095,13.4,-2.2,-0.1,2.6,.114
Jamaal Magloire,2001-02,23,CHH,82,1549,18.8,-0.1,0.7,5.7,.177
Jamaal Magloire,2002-03,24,NOH,82,2443,15.4,-1.2,0.5,6.7,.133
Jamaal Magloire,2003-04,25,NOH,82,2777,16.5,-1.6,0.3,7.6,.131
Jamaal Magloire,2004-05,26,NOH,23,703,12.9,-4.4,-0.4,0.3,.019
Jamaal Magloire,2005-06,27,MIL,82,2465,11.1,-4.1,-1.3,2.0,.039
Jamaal Magloire,2006-07,28,POR,81,1703,11.5,-4.4,-1.0,1.1,.032
Jamaal Magloire,2007-08,29,2TM,31,286,1.4,-10.8,-0.6,-0.6,-0.109
Jamaal Magloire,2007-08,29,NJN,24,259,1.7,-9.9,-0.5,-0.5,-0.096
Jamaal Magloire,2007-08,29,DAL,7,27,-1.9,-18.8,-0.1,-0.1,-0.234
Jamaal Magloire,2008-09,30,MIA,55,709,10.6,-4.5,-0.4,1.3,.089
Jamaal Magloire,2009-10,31,MIA,36,359,9.4,-5.5,-0.3,0.6,.078
Jamaal Magloire,2010-11,32,MIA,18,158,12.7,-0.6,0.1,0.6,.172
Jamaal Magloire,2011-12,33,TOR,34,374,2.7,-7.6,-0.5,-0.2,-0.021
Will Magnay,2020-21,22,NOP,1,3,-35.1,-39.3,0.0,0.0,-0.787
Randy Mahaffey,1967-68,22,KEN,75,2325,15.3,,,5.7,.119
Randy Mahaffey,1968-69,23,2TM,79,2353,10.3,,,2.6,.053
Randy Mahaffey,1968-69,23,KEN,31,759,7.3,,,0.9,.054
Randy Mahaffey,1968-69,23,NYA,48,1594,11.7,,,1.8,.053
Randy Mahaffey,1969-70,24,CAR,84,2558,11.7,,,4.7,.088
Randy Mahaffey,1970-71,25,CAR,83,2353,12.2,,,3.7,.075
Ian Mahinmi,2005-06,,Did not play - other pro league,,,,,,,
Ian Mahinmi,2006-07,,Did not play - other pro league,,,,,,,
Ian Mahinmi,2007-08,21,SAS,6,23,35.3,6.6,0.0,0.2,.372
Ian Mahinmi,2008-09,,Did not play - injury,,,,,,,
Ian Mahinmi,2009-10,23,SAS,26,165,21.6,-0.8,0.1,0.7,.206
Ian Mahinmi,2010-11,24,DAL,56,488,13.7,-2.1,0.0,1.8,.177
Ian Mahinmi,2011-12,25,DAL,61,1139,13.5,-2.3,-0.1,3.4,.144
Ian Mahinmi,2012-13,26,IND,80,1322,10.6,-3.4,-0.5,2.3,.083
Ian Mahinmi,2013-14,27,IND,77,1248,10.2,-1.3,0.2,3.3,.129
Ian Mahinmi,2014-15,28,IND,61,1146,10.8,-2.5,-0.1,2.1,.090
Ian Mahinmi,2015-16,29,IND,71,1816,16.6,0.9,1.4,6.2,.163
Ian Mahinmi,2016-17,30,WAS,31,555,14.1,-1.4,0.1,1.4,.123
Ian Mahinmi,2017-18,31,WAS,77,1145,12.2,-4.4,-0.7,2.2,.093
Ian Mahinmi,2018-19,32,WAS,34,498,12.0,-3.0,-0.1,1.0,.092
Ian Mahinmi,2019-20,33,WAS,38,808,14.2,-2.7,-0.2,1.4,.083
John Mahnken,1946-47,24,WSC,60,,,,,4.4,
John Mahnken,1947-48,25,WSC,48,,,,,0.9,
John Mahnken,1948-49,26,3TM,57,,,,,-2.0,
John Mahnken,1948-49,26,BLB,7,,,,,-0.3,
John Mahnken,1948-49,26,INJ,13,,,,,-1.5,
John Mahnken,1948-49,26,FTW,37,,,,,-0.3,
John Mahnken,1949-50,27,3TM,62,,,,,-1.0,
John Mahnken,1949-50,27,FTW,2,,,,,0.1,
John Mahnken,1949-50,27,TRI,36,,,,,-0.6,
John Mahnken,1949-50,27,BOS,24,,,,,-0.5,
John Mahnken,1950-51,28,2TM,58,,,,,-0.6,
John Mahnken,1950-51,28,BOS,46,,,,,0.0,
John Mahnken,1950-51,28,INO,12,,,,,-0.5,
John Mahnken,1951-52,29,BOS,60,581,10.9,,,0.1,.006
John Mahnken,1952-53,30,BOS,69,771,9.6,,,-0.6,-0.037
Brian Mahoney,1972-73,24,NYA,19,181,0.3,,,-0.4,-0.106
Mo Mahoney,1950-51,,Did not play - military service,,,,,,,
Mo Mahoney,1951-52,,Did not play - military service,,,,,,,
Mo Mahoney,1952-53,25,BOS,6,34,12.3,,,0.1,.123
Mo Mahoney,1953-54,26,BLB,2,11,0.6,,,-0.1,-0.241
Rick Mahorn,1980-81,22,WSB,52,696,13.6,-0.6,0.2,1.8,.123
Rick Mahorn,1981-82,23,WSB,80,2664,13.3,0.2,1.5,5.9,.107
Rick Mahorn,1982-83,24,WSB,82,3023,11.6,-0.4,1.2,6.2,.099
Rick Mahorn,1983-84,25,WSB,82,2701,11.3,-1.1,0.6,4.8,.085
Rick Mahorn,1984-85,26,WSB,77,2072,10.4,-1.5,0.3,3.6,.083
Rick Mahorn,1985-86,27,DET,80,1442,8.8,-3.7,-0.6,1.3,.043
Rick Mahorn,1986-87,28,DET,63,1278,10.2,-2.0,0.0,2.5,.095
Rick Mahorn,1987-88,29,DET,67,1963,13.7,0.2,1.1,5.9,.145
Rick Mahorn,1988-89,30,DET,72,1795,12.1,0.5,1.1,4.6,.123
Rick Mahorn,1989-90,31,PHI,75,2271,13.9,-0.4,0.9,5.3,.113
Rick Mahorn,1990-91,32,PHI,80,2439,11.8,-1.7,0.1,4.4,.086
Rick Mahorn,1991-92,,Did not play - other pro league,,,,,,,
Rick Mahorn,1992-93,34,NJN,74,1077,10.3,-2.8,-0.2,2.3,.102
Rick Mahorn,1993-94,35,NJN,28,226,9.2,-4.4,-0.1,0.5,.096
Rick Mahorn,1994-95,36,NJN,58,630,11.8,-3.6,-0.3,1.2,.093
Rick Mahorn,1995-96,37,NJN,50,450,7.5,-5.6,-0.4,0.1,.011
Rick Mahorn,1996-97,38,DET,22,218,8.8,-5.4,-0.2,0.3,.055
Rick Mahorn,1997-98,39,DET,59,707,7.8,-5.0,-0.5,0.9,.064
Rick Mahorn,1998-99,40,PHI,16,127,1.5,-7.5,-0.2,0.0,-0.014
Dan Majerle,1988-89,23,PHO,54,1354,11.3,0.3,0.8,2.5,.090
Dan Majerle,1989-90,24,PHO,73,2244,13.5,1.3,1.9,5.5,.118
Dan Majerle,1990-91,25,PHO,77,2281,16.9,2.7,2.7,7.2,.152
Dan Majerle,1991-92,26,PHO,82,2853,17.8,3.6,4.0,9.8,.165
Dan Majerle,1992-93,27,PHO,82,3199,15.4,2.5,3.6,9.8,.147
Dan Majerle,1993-94,28,PHO,80,3207,13.7,0.9,2.4,7.3,.109
Dan Majerle,1994-95,29,PHO,82,3091,15.1,1.9,3.1,7.7,.120
Dan Majerle,1995-96,30,CLE,82,2367,15.1,1.9,2.3,5.5,.112
Dan Majerle,1996-97,31,MIA,36,1264,13.2,3.3,1.7,3.5,.133
Dan Majerle,1997-98,32,MIA,72,1928,12.2,2.3,2.1,5.3,.131
Dan Majerle,1998-99,33,MIA,48,1624,10.2,1.0,1.3,3.5,.103
Dan Majerle,1999-00,34,MIA,69,2308,11.4,1.9,2.3,6.1,.126
Dan Majerle,2000-01,35,MIA,53,1306,9.4,0.4,0.8,2.6,.097
Dan Majerle,2001-02,36,PHO,65,1180,10.3,0.5,0.8,2.1,.087
Renaldo Major,2006-07,24,GSW,1,27,-3.7,-13.3,-0.1,-0.1,-0.196
Thon Maker,2016-17,19,MIL,57,562,14.0,-2.0,0.0,1.3,.113
Thon Maker,2017-18,20,MIL,74,1238,10.2,-3.5,-0.5,1.5,.056
Thon Maker,2018-19,21,2TM,64,972,11.3,-1.2,0.2,2.0,.099
Thon Maker,2018-19,21,MIL,35,409,12.9,0.0,0.2,1.1,.132
Thon Maker,2018-19,21,DET,29,563,10.2,-2.1,0.0,0.9,.075
Thon Maker,2019-20,22,DET,60,776,13.7,-1.4,0.1,1.5,.096
Thon Maker,2020-21,23,CLE,8,76,18.6,0.7,0.1,0.3,.174
Lionel Malamed,1948-49,24,2TM,44,,,,,1.7,
Lionel Malamed,1948-49,24,INJ,35,,,,,1.4,
Lionel Malamed,1948-49,24,ROC,9,,,,,0.2,
Théo Maledon,2020-21,19,OKC,65,1778,8.2,-5.0,-1.3,-0.8,-0.021
Théo Maledon,2021-22,20,OKC,51,908,10.6,-4.4,-0.6,0.3,.015
Théo Maledon,2022-23,21,CHO,44,854,11.6,-2.5,-0.1,0.8,.047
Théo Maledon,2023-24,22,2TM,17,213,3.2,-10.3,-0.5,-0.5,-0.122
Théo Maledon,2023-24,22,CHO,13,200,3.9,-9.5,-0.4,-0.5,-0.110
Théo Maledon,2023-24,22,PHO,4,13,-8.0,-23.7,-0.1,-0.1,-0.296
Jeff Malone,1983-84,22,WSB,81,1976,11.3,-3.5,-0.8,1.3,.032
Jeff Malone,1984-85,23,WSB,76,2613,15.0,-0.9,0.7,5.7,.105
Jeff Malone,1985-86,24,WSB,80,2992,16.3,-1.2,0.6,6.1,.098
Jeff Malone,1986-87,25,WSB,80,2763,17.0,-0.1,1.4,5.6,.097
Jeff Malone,1987-88,26,WSB,80,2655,16.1,-0.3,1.1,5.6,.101
Jeff Malone,1988-89,27,WSB,76,2418,16.7,-0.7,0.8,4.1,.081
Jeff Malone,1989-90,28,WSB,75,2567,18.5,0.0,1.3,5.2,.098
Jeff Malone,1990-91,29,UTA,69,2466,14.4,-2.0,0.0,5.1,.100
Jeff Malone,1991-92,30,UTA,81,2922,15.1,-1.7,0.3,6.6,.108
Jeff Malone,1992-93,31,UTA,79,2558,13.7,-3.1,-0.7,3.6,.068
Jeff Malone,1993-94,32,2TM,77,2560,13.5,-2.9,-0.6,4.2,.079
Jeff Malone,1993-94,32,UTA,50,1657,12.9,-2.5,-0.2,2.9,.083
Jeff Malone,1993-94,32,PHI,27,903,14.7,-3.6,-0.4,1.3,.070
Jeff Malone,1994-95,33,PHI,19,660,15.9,-0.6,0.2,1.3,.094
Jeff Malone,1995-96,34,2TM,32,510,8.8,-5.5,-0.4,-0.2,-0.022
Jeff Malone,1995-96,34,PHI,25,407,9.0,-5.9,-0.4,-0.3,-0.036
Jeff Malone,1995-96,34,MIA,7,103,8.0,-3.6,0.0,0.1,.034
Karl Malone,1985-86,22,UTA,81,2475,13.7,-1.9,0.1,1.9,.036
Karl Malone,1986-87,23,UTA,82,2857,18.0,0.3,1.7,6.9,.116
Karl Malone,1987-88,24,UTA,82,3198,20.7,1.5,2.9,10.1,.152
Karl Malone,1988-89,25,UTA,80,3126,24.4,5.4,5.9,15.2,.233
Karl Malone,1989-90,26,UTA,82,3122,27.2,6.4,6.6,15.9,.245
Karl Malone,1990-91,27,UTA,82,3302,24.8,5.4,6.2,15.5,.225
Karl Malone,1991-92,28,UTA,81,3054,25.4,5.7,5.9,15.1,.237
Karl Malone,1992-93,29,UTA,82,3099,26.2,7.3,7.3,15.4,.238
Karl Malone,1993-94,30,UTA,82,3329,22.9,5.6,6.4,13.4,.193
Karl Malone,1994-95,31,UTA,82,3126,25.1,5.6,6.0,13.8,.212
Karl Malone,1995-96,32,UTA,82,3113,26.0,7.0,7.1,15.1,.233
Karl Malone,1996-97,33,UTA,82,2998,28.9,8.3,7.8,16.7,.268
Karl Malone,1997-98,34,UTA,81,3030,27.9,7.3,7.1,16.4,.259
Karl Malone,1998-99,35,UTA,49,1832,25.6,6.7,4.0,9.6,.252
Karl Malone,1999-00,36,UTA,82,2947,27.1,7.5,7.1,15.3,.249
Karl Malone,2000-01,37,UTA,81,2895,24.7,6.6,6.3,13.1,.217
Karl Malone,2001-02,38,UTA,80,3040,21.1,3.7,4.4,9.8,.155
Karl Malone,2002-03,39,UTA,81,2936,21.7,4.2,4.6,11.1,.182
Karl Malone,2003-04,40,LAL,42,1373,17.8,2.8,1.7,4.3,.151
Moses Malone,1974-75,19,UTS,83,3205,19.6,1.4,2.7,10.2,.153
Moses Malone,1975-76,20,SSL,43,1168,16.8,-2.1,0.0,1.9,.077
Moses Malone,1976-77,21,2TM,82,2506,19.8,1.9,2.5,8.7,.167
Moses Malone,1976-77,21,BUF,2,6,-0.3,-4.7,0.0,0.0,.019
Moses Malone,1976-77,21,HOU,80,2500,19.8,1.9,2.5,8.7,.168
Moses Malone,1977-78,22,HOU,59,2107,21.2,-0.2,1.0,6.1,.139
Moses Malone,1978-79,23,HOU,82,3390,23.7,2.8,4.1,14.1,.200
Moses Malone,1979-80,24,HOU,82,3140,24.1,2.1,3.2,11.9,.183
Moses Malone,1980-81,25,HOU,80,3245,25.1,3.3,4.3,13.7,.202
Moses Malone,1981-82,26,HOU,81,3398,26.8,4.5,5.5,15.4,.218
Moses Malone,1982-83,27,PHI,78,2922,25.1,3.7,4.2,15.1,.248
Moses Malone,1983-84,28,PHI,71,2613,21.8,0.8,1.8,9.5,.175
Moses Malone,1984-85,29,PHI,79,2957,22.5,1.6,2.7,11.9,.193
Moses Malone,1985-86,30,PHI,74,2706,20.6,-0.1,1.3,8.9,.157
Moses Malone,1986-87,31,WSB,73,2488,23.8,2.8,3.0,9.4,.182
Moses Malone,1987-88,32,WSB,79,2692,21.1,1.6,2.5,9.2,.163
Moses Malone,1988-89,33,ATL,81,2878,21.2,1.8,2.7,10.7,.178
Moses Malone,1989-90,34,ATL,81,2735,20.2,0.3,1.6,7.7,.134
Moses Malone,1990-91,35,ATL,82,1912,18.2,-0.5,0.7,5.6,.140
Moses Malone,1991-92,36,MIL,82,2511,19.2,0.1,1.3,7.8,.148
Moses Malone,1992-93,37,MIL,11,104,18.7,-3.2,0.0,0.1,.069
Moses Malone,1993-94,38,PHI,55,618,17.7,-2.1,0.0,1.0,.078
Moses Malone,1994-95,39,SAS,17,149,12.1,-3.3,0.0,0.3,.088
Matt Maloney,1996-97,25,HOU,82,2386,12.3,0.1,1.3,5.3,.107
Matt Maloney,1997-98,26,HOU,78,2217,10.5,-1.8,0.1,2.2,.047
Matt Maloney,1998-99,27,HOU,15,186,2.2,-6.8,-0.2,-0.3,-0.083
Matt Maloney,1999-00,28,CHI,51,1175,9.4,-2.9,-0.2,0.7,.028
Matt Maloney,2000-01,29,ATL,55,1403,10.4,-0.9,0.4,1.5,.053
Matt Maloney,2001-02,,Did not play - injury,,,,,,,
Matt Maloney,2002-03,31,ATL,14,103,9.2,-3.4,0.0,0.1,.031
Steve Malovic,1978-79,,Did not play - other,,,,,,,
Steve Malovic,1979-80,23,3TM,39,445,7.2,-3.4,-0.2,0.3,.027
Steve Malovic,1979-80,23,WSB,1,6,6.2,-4.4,0.0,0.0,-0.040
Steve Malovic,1979-80,23,SDC,28,277,7.9,-3.4,-0.1,0.3,.049
Steve Malovic,1979-80,23,DET,10,162,5.9,-3.4,-0.1,0.0,-0.006
Mike Maloy,1970-71,21,VIR,55,725,15.0,,,1.3,.087
Mike Maloy,1971-72,22,VIR,7,73,1.1,,,-0.1,-0.096
Mike Maloy,1972-73,23,DLC,9,63,1.7,,,-0.3,-0.195
Sandro Mamukelashvili,2021-22,22,MIL,41,407,14.7,-0.3,0.2,1.1,.135
Sandro Mamukelashvili,2022-23,23,2TM,43,660,13.4,-2.4,-0.1,0.9,.063
Sandro Mamukelashvili,2022-23,23,MIL,24,217,8.5,-3.6,-0.1,0.2,.049
Sandro Mamukelashvili,2022-23,23,SAS,19,443,15.9,-1.8,0.0,0.6,.070
Sandro Mamukelashvili,2023-24,24,SAS,46,451,15.8,-0.5,0.2,1.0,.110
Sandro Mamukelashvili,2024-25,25,SAS,61,681,19.7,2.3,0.7,2.2,.152
Ted Manakas,1973-74,22,KCO,5,45,7.2,-4.1,0.0,0.0,.014
John Mandic,1947-48,,Did not play - other pro league,,,,,,,
John Mandic,1948-49,29,INJ,56,,,,,2.1,
John Mandic,1949-50,30,2TM,25,,,,,0.3,
John Mandic,1949-50,30,WSC,22,,,,,0.4,
John Mandic,1949-50,30,BLB,3,,,,,-0.1,
Karim Mané,2020-21,20,ORL,10,88,1.3,-9.9,-0.2,-0.1,-0.045
Frank Mangiapane,1946-47,21,NYK,6,,,,,-0.1,
Terance Mann,2019-20,23,LAC,41,362,10.6,-1.5,0.0,0.8,.106
Terance Mann,2020-21,24,LAC,67,1263,13.8,-0.2,0.6,3.7,.141
Terance Mann,2021-22,25,LAC,81,2317,13.4,-0.6,0.8,5.5,.113
Terance Mann,2022-23,26,LAC,81,1872,13.4,-0.2,0.8,4.3,.111
Terance Mann,2023-24,27,LAC,75,1873,12.0,-1.5,0.2,4.2,.106
Terance Mann,2024-25,28,2TM,67,1414,12.0,-1.3,0.2,3.0,.101
Terance Mann,2024-25,28,LAC,37,732,10.5,-1.3,0.1,1.4,.093
Terance Mann,2024-25,28,ATL,30,682,13.7,-1.3,0.1,1.6,.111
Tre Mann,2021-22,20,OKC,60,1367,10.2,-4.4,-0.8,0.1,.002
Tre Mann,2022-23,21,OKC,67,1183,10.0,-3.9,-0.6,0.5,.021
Tre Mann,2023-24,22,2TM,41,987,13.7,-1.3,0.2,1.2,.058
Tre Mann,2023-24,22,OKC,13,119,14.2,0.1,0.1,0.3,.102
Tre Mann,2023-24,22,CHO,28,868,13.7,-1.5,0.1,0.9,.052
Tre Mann,2024-25,23,CHO,13,319,13.3,-2.4,0.0,0.1,.019
Danny Manning,1988-89,22,LAC,26,950,13.4,-1.3,0.2,0.7,.034
Danny Manning,1989-90,23,LAC,71,2269,16.3,0.4,1.4,5.3,.112
Danny Manning,1990-91,24,LAC,73,2197,16.9,2.0,2.2,5.2,.113
Danny Manning,1991-92,25,LAC,82,2904,19.7,4.3,4.6,9.8,.162
Danny Manning,1992-93,26,LAC,79,2761,19.6,2.0,2.8,7.9,.137
Danny Manning,1993-94,27,2TM,68,2520,16.4,0.5,1.6,3.5,.066
Danny Manning,1993-94,27,LAC,42,1595,17.9,1.1,1.2,2.2,.067
Danny Manning,1993-94,27,ATL,26,925,13.8,-0.5,0.4,1.3,.066
Danny Manning,1994-95,28,PHO,46,1510,18.1,0.8,1.1,3.4,.109
Danny Manning,1995-96,29,PHO,33,816,14.7,-2.6,-0.1,0.4,.026
Danny Manning,1996-97,30,PHO,77,2134,17.9,1.0,1.6,5.2,.117
Danny Manning,1997-98,31,PHO,70,1794,19.8,2.7,2.1,6.5,.174
Danny Manning,1998-99,32,PHO,50,1184,15.4,0.1,0.6,2.6,.104
Danny Manning,1999-00,33,MIL,72,1217,10.1,-2.6,-0.2,1.0,.039
Danny Manning,2000-01,34,UTA,82,1305,14.3,-1.1,0.3,2.6,.097
Danny Manning,2001-02,35,DAL,41,552,11.7,-1.2,0.1,0.8,.070
Danny Manning,2002-03,36,DET,13,89,17.9,3.5,0.1,0.2,.131
Ed Manning,1967-68,24,BAL,71,951,11.0,,,1.4,.071
Ed Manning,1968-69,25,BAL,63,727,12.3,,,1.4,.095
Ed Manning,1969-70,26,2TM,67,777,8.6,,,-0.3,-0.021
Ed Manning,1969-70,26,BAL,29,161,9.3,,,0.2,.073
Ed Manning,1969-70,26,CHI,38,616,8.4,,,-0.6,-0.046
Ed Manning,1970-71,27,POR,79,1558,10.8,,,1.7,.051
Ed Manning,1971-72,28,CAR,77,1648,10.4,,,2.2,.065
Ed Manning,1972-73,29,CAR,83,1631,9.7,,,2.2,.066
Ed Manning,1973-74,30,CAR,82,1816,13.4,0.0,0.9,4.3,.113
Ed Manning,1974-75,31,NYA,70,992,8.1,-2.8,-0.2,1.5,.071
Ed Manning,1975-76,32,INA,12,134,14.2,-2.1,0.0,0.2,.087
Guy Manning,1967-68,23,HSM,59,1107,15.2,,,1.5,.066
Guy Manning,1968-69,24,HSM,14,167,6.1,,,-0.6,-0.173
Rich Manning,1993-94,,Did not play - other pro league,,,,,,,
Rich Manning,1994-95,,Did not play - other pro league,,,,,,,
Rich Manning,1995-96,25,VAN,29,311,7.6,-8.0,-0.5,-0.2,-0.035
Rich Manning,1996-97,26,2TM,26,201,8.9,-8.9,-0.4,-0.1,-0.017
Rich Manning,1996-97,26,VAN,16,128,7.7,-8.1,-0.2,-0.1,-0.033
Rich Manning,1996-97,26,LAC,10,73,10.9,-10.2,-0.2,0.0,.012
Nico Mannion,2020-21,19,GSW,30,364,9.3,-3.9,-0.2,0.2,.029
Pace Mannion,1983-84,23,GSW,57,469,8.5,-2.6,-0.1,0.4,.040
Pace Mannion,1984-85,24,UTA,34,190,12.5,0.6,0.1,0.2,.055
Pace Mannion,1985-86,25,UTA,57,673,10.8,-2.0,0.0,0.9,.064
Pace Mannion,1986-87,26,NJN,23,284,8.4,-1.8,0.0,-0.2,-0.026
Pace Mannion,1987-88,27,MIL,35,477,8.0,-2.6,-0.1,0.3,.032
Pace Mannion,1988-89,28,2TM,10,32,7.3,-3.6,0.0,0.0,.008
Pace Mannion,1988-89,28,DET,5,14,14.4,2.9,0.0,0.1,.231
Pace Mannion,1988-89,28,ATL,5,18,1.9,-8.7,0.0,-0.1,-0.165
Nick Mantis,1959-60,24,MNL,10,71,1.7,,,-0.3,-0.201
Nick Mantis,1960-61,,Did not play - other pro league,,,,,,,
Nick Mantis,1961-62,,Did not play - other pro league,,,,,,,
Nick Mantis,1962-63,27,2TM,42,684,7.9,,,-0.5,-0.033
Nick Mantis,1962-63,27,STL,9,58,5.8,,,0.0,-0.008
Nick Mantis,1962-63,27,CHZ,33,626,8.1,,,-0.5,-0.035
Pete Maravich,1970-71,23,ATL,81,2926,17.8,,,6.2,.102
Pete Maravich,1971-72,24,ATL,66,2302,17.5,,,4.2,.088
Pete Maravich,1972-73,25,ATL,79,3089,19.6,,,7.6,.118
Pete Maravich,1973-74,26,ATL,76,2903,20.3,1.1,2.3,7.6,.125
Pete Maravich,1974-75,27,NOJ,79,2853,18.3,0.4,1.8,3.9,.066
Pete Maravich,1975-76,28,NOJ,62,2373,20.5,2.5,2.7,7.1,.144
Pete Maravich,1976-77,29,NOJ,73,3041,19.8,1.1,2.4,6.4,.101
Pete Maravich,1977-78,30,NOJ,50,2041,17.6,-0.1,1.0,2.9,.069
Pete Maravich,1978-79,31,NOJ,49,1824,13.4,-3.7,-0.8,0.1,.004
Pete Maravich,1979-80,32,2TM,43,964,13.8,-3.8,-0.4,0.5,.027
Pete Maravich,1979-80,32,UTA,17,522,12.4,-5.6,-0.5,-0.5,-0.043
Pete Maravich,1979-80,32,BOS,26,442,15.6,-1.7,0.0,1.0,.110
Press Maravich,1946-47,31,PIT,51,,,,,-0.7,
Devyn Marble,2014-15,22,ORL,16,208,5.9,-4.8,-0.1,-0.1,-0.031
Devyn Marble,2015-16,23,ORL,28,249,5.2,-6.2,-0.3,-0.1,-0.026
Roy Marble,1989-90,23,ATL,24,162,5.5,-7.4,-0.2,-0.3,-0.089
Roy Marble,1990-91,,Did not play - other pro league,,,,,,,
Roy Marble,1991-92,,Did not play - other pro league,,,,,,,
Roy Marble,1992-93,,Did not play - other pro league,,,,,,,
Roy Marble,1993-94,27,DEN,5,32,-3.5,-15.7,-0.1,-0.2,-0.285
Stephon Marbury,1996-97,19,MIN,67,2324,16.1,0.0,1.2,3.7,.077
Stephon Marbury,1997-98,20,MIN,82,3112,16.4,-0.1,1.5,5.3,.082
Stephon Marbury,1998-99,21,2TM,49,1895,20.8,2.7,2.2,5.3,.134
Stephon Marbury,1998-99,21,MIN,18,661,18.8,2.3,0.7,1.3,.097
Stephon Marbury,1998-99,21,NJN,31,1234,21.8,2.9,1.5,4.0,.155
Stephon Marbury,1999-00,22,NJN,74,2881,20.7,2.4,3.2,7.4,.123
Stephon Marbury,2000-01,23,NJN,67,2557,22.7,4.3,4.1,7.8,.147
Stephon Marbury,2001-02,24,PHO,82,3187,18.1,1.2,2.6,7.1,.107
Stephon Marbury,2002-03,25,PHO,81,3240,20.1,2.9,4.0,9.6,.142
Stephon Marbury,2003-04,26,2TM,81,3254,20.4,3.2,4.3,9.1,.134
Stephon Marbury,2003-04,26,PHO,34,1415,19.9,3.0,1.8,3.5,.120
Stephon Marbury,2003-04,26,NYK,47,1839,20.9,3.4,2.5,5.5,.144
Stephon Marbury,2004-05,27,NYK,82,3281,21.9,4.2,5.1,11.7,.171
Stephon Marbury,2005-06,28,NYK,60,2193,16.4,0.1,1.1,3.9,.084
Stephon Marbury,2006-07,29,NYK,74,2748,15.3,0.2,1.5,5.9,.103
Stephon Marbury,2007-08,30,NYK,24,805,13.8,-0.5,0.3,1.1,.066
Stephon Marbury,2008-09,31,BOS,23,414,4.4,-6.1,-0.4,-0.3,-0.038
Stephon Marbury,2009-10,,Did not play - other pro league,,,,,,,
Stephon Marbury,2010-11,,Did not play - other pro league,,,,,,,
Stephon Marbury,2011-12,,Did not play - other pro league,,,,,,,
Stephon Marbury,2012-13,,Did not play - other pro league,,,,,,,
Stephon Marbury,2013-14,,Did not play - other pro league,,,,,,,
Stephon Marbury,2014-15,,Did not play - other pro league,,,,,,,
Stephon Marbury,2015-16,,Did not play - other pro league,,,,,,,
Stephon Marbury,2016-17,,Did not play - other pro league,,,,,,,
Stephon Marbury,2017-18,,Did not play - other pro league,,,,,,,
Šarūnas Marčiulionis,1987-88,,Did not play - other pro league,,,,,,,
Šarūnas Marčiulionis,1988-89,,Did not play - other pro league,,,,,,,
Šarūnas Marčiulionis,1989-90,25,GSW,75,1695,15.5,-0.8,0.5,3.8,.107
Šarūnas Marčiulionis,1990-91,26,GSW,50,987,16.3,0.1,0.5,2.5,.121
Šarūnas Marčiulionis,1991-92,27,GSW,72,2117,18.8,1.3,1.7,6.4,.144
Šarūnas Marčiulionis,1992-93,28,GSW,30,836,20.4,2.8,1.0,3.0,.170
Šarūnas Marčiulionis,1993-94,,Did not play - injury,,,,,,,
Šarūnas Marčiulionis,1994-95,30,SEA,66,1194,14.2,-1.2,0.3,2.3,.092
Šarūnas Marčiulionis,1995-96,31,SAC,53,1039,16.7,1.3,0.9,2.6,.120
Šarūnas Marčiulionis,1996-97,32,DEN,17,255,8.1,-4.8,-0.2,-0.5,-0.085
Saul Mariaschin,1947-48,23,BOS,43,,,,,1.1,
Jack Marin,1966-67,22,BAL,74,1323,14.4,,,2.5,.090
Jack Marin,1967-68,23,BAL,82,2037,15.9,,,5.4,.126
Jack Marin,1968-69,24,BAL,82,2710,15.8,,,8.5,.151
Jack Marin,1969-70,25,BAL,82,2947,16.0,,,8.3,.136
Jack Marin,1970-71,26,BAL,82,2920,15.7,,,7.5,.123
Jack Marin,1971-72,27,BAL,78,2927,18.2,,,9.1,.149
Jack Marin,1972-73,28,HOU,81,3019,15.1,,,6.1,.098
Jack Marin,1973-74,29,2TM,74,1782,14.4,-1.2,0.4,3.6,.097
Jack Marin,1973-74,29,HOU,47,1102,13.1,-2.4,-0.1,1.5,.067
Jack Marin,1973-74,29,BUF,27,680,16.6,0.7,0.5,2.1,.146
Jack Marin,1974-75,30,BUF,81,2147,12.8,-2.1,-0.1,3.9,.087
Jack Marin,1975-76,31,2TM,79,1909,12.7,-1.5,0.3,3.1,.077
Jack Marin,1975-76,31,BUF,12,278,11.9,-1.7,0.0,0.4,.070
Jack Marin,1975-76,31,CHI,67,1631,12.8,-1.4,0.2,2.7,.078
Jack Marin,1976-77,32,CHI,54,869,11.1,-2.5,-0.1,1.3,.073
Shawn Marion,1999-00,21,PHO,51,1260,17.1,1.3,1.0,4.1,.158
Shawn Marion,2000-01,22,PHO,79,2857,21.0,4.1,4.4,11.7,.196
Shawn Marion,2001-02,23,PHO,81,3109,19.8,3.1,4.0,9.8,.151
Shawn Marion,2002-03,24,PHO,81,3373,21.3,5.6,6.5,13.0,.186
Shawn Marion,2003-04,25,PHO,79,3217,19.9,3.6,4.6,9.1,.135
Shawn Marion,2004-05,26,PHO,81,3146,21.7,4.4,5.1,12.5,.191
Shawn Marion,2005-06,27,PHO,81,3263,23.6,4.8,5.6,14.6,.214
Shawn Marion,2006-07,28,PHO,80,3010,20.8,4.4,4.8,12.0,.191
Shawn Marion,2007-08,29,2TM,63,2315,19.2,3.3,3.1,7.4,.153
Shawn Marion,2007-08,29,PHO,47,1713,20.0,4.5,2.8,6.5,.181
Shawn Marion,2007-08,29,MIA,16,602,17.1,-0.4,0.3,0.9,.072
Shawn Marion,2008-09,30,2TM,69,2470,16.0,0.3,1.4,5.2,.101
Shawn Marion,2008-09,30,MIA,42,1516,15.7,0.4,0.9,3.6,.113
Shawn Marion,2008-09,30,TOR,27,954,16.4,0.1,0.5,1.6,.082
Shawn Marion,2009-10,31,DAL,75,2385,14.7,-0.5,0.9,5.0,.100
Shawn Marion,2010-11,32,DAL,80,2253,17.0,0.3,1.3,5.6,.120
Shawn Marion,2011-12,33,DAL,63,1919,15.0,0.5,1.2,3.7,.092
Shawn Marion,2012-13,34,DAL,67,2010,18.0,2.2,2.1,5.3,.127
Shawn Marion,2013-14,35,DAL,76,2409,13.7,0.2,1.3,4.3,.086
Shawn Marion,2014-15,36,CLE,57,1101,11.0,-1.0,0.3,1.7,.074
Boban Marjanović,2015-16,27,SAS,54,508,27.7,4.3,0.8,3.4,.325
Boban Marjanović,2016-17,28,DET,35,293,29.6,5.5,0.6,1.7,.280
Boban Marjanović,2017-18,29,2TM,39,337,26.0,2.5,0.4,1.5,.215
Boban Marjanović,2017-18,29,DET,19,171,21.6,0.8,0.1,0.5,.138
Boban Marjanović,2017-18,29,LAC,20,166,30.6,4.2,0.3,1.0,.293
Boban Marjanović,2018-19,30,2TM,58,681,24.2,3.2,0.9,3.0,.212
Boban Marjanović,2018-19,30,LAC,36,376,24.9,3.1,0.5,1.7,.217
Boban Marjanović,2018-19,30,PHI,22,305,23.3,3.3,0.4,1.3,.204
Boban Marjanović,2019-20,31,DAL,44,422,25.7,1.2,0.3,1.8,.200
Boban Marjanović,2020-21,32,DAL,33,271,22.6,-0.8,0.1,1.0,.183
Boban Marjanović,2021-22,33,DAL,23,128,18.5,-4.4,-0.1,0.1,.045
Boban Marjanović,2022-23,34,HOU,31,171,23.4,1.6,0.2,0.6,.158
Boban Marjanović,2023-24,35,HOU,14,71,21.1,-0.3,0.0,0.2,.128
Lauri Markkanen,2017-18,20,CHI,68,2020,15.6,-0.2,0.9,3.3,.079
Lauri Markkanen,2018-19,21,CHI,52,1682,17.1,-0.2,0.7,2.7,.078
Lauri Markkanen,2019-20,22,CHI,50,1492,14.3,-0.6,0.5,2.6,.084
Lauri Markkanen,2020-21,23,CHI,51,1317,15.2,0.1,0.7,3.0,.109
Lauri Markkanen,2021-22,24,CLE,61,1878,14.7,0.4,1.1,5.0,.127
Lauri Markkanen,2022-23,25,UTA,66,2273,22.1,3.8,3.3,8.2,.173
Lauri Markkanen,2023-24,26,UTA,55,1820,21.5,3.6,2.6,6.2,.163
Lauri Markkanen,2024-25,27,UTA,47,1476,15.6,-0.3,0.7,2.2,.070
Damir Markota,2006-07,21,MIL,30,170,5.0,-8.5,-0.3,-0.2,-0.070
Sean Marks,1998-99,23,TOR,8,28,7.8,-7.5,0.0,0.0,-0.036
Sean Marks,1999-00,24,TOR,5,12,9.7,-9.4,0.0,0.0,-0.094
Sean Marks,2000-01,,Did not play - other pro league,,,,,,,
Sean Marks,2001-02,26,MIA,21,319,9.3,-3.9,-0.2,0.3,.044
Sean Marks,2002-03,27,MIA,23,223,3.8,-7.5,-0.3,-0.2,-0.037
Sean Marks,2003-04,,Did not play - injury,,,,,,,
Sean Marks,2004-05,29,SAS,23,244,8.7,-6.0,-0.2,0.2,.038
Sean Marks,2005-06,30,SAS,25,181,17.9,-0.1,0.1,0.6,.156
Sean Marks,2006-07,31,PHO,3,17,6.7,-8.1,0.0,0.0,.043
Sean Marks,2007-08,32,PHO,19,130,16.1,-2.1,0.0,0.3,.121
Sean Marks,2008-09,33,NOH,60,838,8.8,-4.8,-0.6,1.2,.067
Sean Marks,2009-10,34,NOH,14,75,9.0,-5.2,-0.1,0.2,.104
Sean Marks,2010-11,35,POR,29,208,4.9,-8.1,-0.3,0.1,.019
Harvey Marlatt,1970-71,22,DET,23,214,7.3,,,-0.3,-0.058
Harvey Marlatt,1971-72,23,DET,31,506,9.5,,,0.1,.012
Harvey Marlatt,1972-73,24,DET,7,26,7.9,,,0.0,.054
Jim Marsh,1969-70,,Did not play - other pro league,,,,,,,
Jim Marsh,1970-71,,Did not play - other pro league,,,,,,,
Jim Marsh,1971-72,25,POR,39,375,8.6,,,-0.3,-0.036
Ricky Marsh,1977-78,23,GSW,60,851,8.4,-3.1,-0.2,0.5,.028
Donny Marshall,1995-96,23,CLE,34,208,10.5,-5.2,-0.2,0.2,.051
Donny Marshall,1996-97,24,CLE,56,548,9.1,-2.3,0.0,0.6,.053
Donny Marshall,1997-98,,Did not play - waived,,,,,,,
Donny Marshall,1998-99,,Did not play - unsigned,,,,,,,
Donny Marshall,1999-00,27,CLE,6,39,0.2,-9.8,-0.1,-0.1,-0.087
Donny Marshall,2000-01,,Did not play - other pro league,,,,,,,
Donny Marshall,2001-02,29,NJN,20,118,7.7,-5.0,-0.1,0.2,.076
Donny Marshall,2002-03,30,NJN,3,6,-20.7,-29.5,0.0,-0.1,-0.635
Donyell Marshall,1994-95,21,2TM,72,2086,12.5,-3.2,-0.7,0.3,.007
Donyell Marshall,1994-95,21,MIN,40,1036,12.7,-2.8,-0.2,-0.1,-0.005
Donyell Marshall,1994-95,21,GSW,32,1050,12.4,-3.6,-0.4,0.4,.020
Donyell Marshall,1995-96,22,GSW,62,934,12.7,-1.7,0.1,1.3,.065
Donyell Marshall,1996-97,23,GSW,61,1022,15.6,-1.1,0.2,1.3,.059
Donyell Marshall,1997-98,24,GSW,73,2611,15.5,0.6,1.7,4.2,.078
Donyell Marshall,1998-99,25,GSW,48,1250,16.9,1.3,1.0,3.0,.117
Donyell Marshall,1999-00,26,GSW,64,2071,17.1,0.7,1.4,3.8,.088
Donyell Marshall,2000-01,27,UTA,81,2326,19.9,3.7,3.4,8.5,.174
Donyell Marshall,2001-02,28,UTA,58,1750,19.2,1.7,1.6,5.0,.138
Donyell Marshall,2002-03,29,CHI,78,2378,18.4,1.3,1.9,6.0,.122
Donyell Marshall,2003-04,30,2TM,82,2988,18.9,2.7,3.6,10.4,.167
Donyell Marshall,2003-04,30,CHI,16,408,13.8,-0.5,0.1,0.7,.077
Donyell Marshall,2003-04,30,TOR,66,2580,19.7,3.3,3.4,9.8,.181
Donyell Marshall,2004-05,31,TOR,65,1645,19.9,4.9,2.9,6.0,.176
Donyell Marshall,2005-06,32,CLE,81,2077,13.4,0.1,1.1,4.2,.097
Donyell Marshall,2006-07,33,CLE,81,1360,15.3,1.6,1.3,3.8,.135
Donyell Marshall,2007-08,34,2TM,26,340,9.8,-3.1,-0.1,0.3,.042
Donyell Marshall,2007-08,34,CLE,11,156,8.4,-3.8,-0.1,0.1,.039
Donyell Marshall,2007-08,34,SEA,15,184,10.9,-2.5,0.0,0.2,.045
Donyell Marshall,2008-09,35,PHI,25,189,18.9,6.5,0.4,0.8,.201
Kendall Marshall,2012-13,21,PHO,48,702,7.8,-5.2,-0.6,-0.2,-0.012
Kendall Marshall,2013-14,22,LAL,54,1564,12.6,-2.4,-0.2,0.9,.029
Kendall Marshall,2014-15,23,MIL,28,417,12.4,-0.8,0.1,0.8,.088
Kendall Marshall,2015-16,24,PHI,30,400,6.7,-7.3,-0.5,-0.5,-0.064
Naji Marshall,2020-21,23,NOP,32,700,11.4,-1.3,0.1,0.9,.061
Naji Marshall,2021-22,24,NOP,55,735,12.3,-3.2,-0.2,0.8,.050
Naji Marshall,2022-23,25,NOP,77,1792,11.4,-1.9,0.1,2.5,.068
Naji Marshall,2023-24,26,NOP,66,1257,12.7,-0.7,0.4,2.6,.100
Naji Marshall,2024-25,27,DAL,69,1919,15.1,-0.8,0.6,3.5,.087
Rawle Marshall,2005-06,23,DAL,23,241,10.1,-1.8,0.0,0.2,.043
Rawle Marshall,2006-07,24,IND,40,361,6.7,-3.8,-0.2,0.0,.001
Tom Marshall,1954-55,24,ROC,72,1337,17.4,,,3.5,.125
Tom Marshall,1955-56,,Did not play - military service,,,,,,,
Tom Marshall,1956-57,26,ROC,40,460,12.4,,,0.7,.073
Tom Marshall,1957-58,27,2TM,38,518,8.1,,,0.2,.018
Tom Marshall,1957-58,27,DET,9,66,8.3,,,0.0,.028
Tom Marshall,1957-58,27,CIN,29,452,8.0,,,0.2,.016
Tom Marshall,1958-59,28,CIN,18,272,7.7,,,-0.3,-0.044
Vester Marshall,1973-74,25,SEA,13,174,3.4,-4.7,-0.2,-0.1,-0.034
Bill Martin,1985-86,23,IND,66,691,11.5,-3.4,-0.2,0.6,.045
Bill Martin,1986-87,24,NYK,8,68,6.2,-7.9,-0.1,-0.1,-0.087
Bill Martin,1987-88,25,PHO,10,101,5.7,-8.9,-0.2,-0.2,-0.117
Bob Martin,1993-94,24,LAC,53,535,6.9,-5.4,-0.5,0.3,.030
Bob Martin,1994-95,25,LAC,1,14,3.3,-11.1,0.0,0.0,-0.107
Brian Martin,1984-85,,Did not play - other pro league,,,,,,,
Brian Martin,1985-86,23,2TM,8,21,-1.6,-14.2,-0.1,-0.1,-0.132
Brian Martin,1985-86,23,SEA,3,7,3.8,-9.6,0.0,0.0,-0.187
Brian Martin,1985-86,23,POR,5,14,-4.3,-16.5,-0.1,0.0,-0.105
Caleb Martin,2019-20,24,CHO,18,317,12.0,-1.0,0.1,0.5,.081
Caleb Martin,2020-21,25,CHO,53,818,9.5,-3.4,-0.3,0.5,.030
Caleb Martin,2021-22,26,MIA,60,1372,14.8,1.1,1.1,4.0,.139
Caleb Martin,2022-23,27,MIA,71,2077,11.4,-1.2,0.4,3.7,.086
Caleb Martin,2023-24,28,MIA,64,1756,10.8,-2.0,0.0,2.4,.066
Caleb Martin,2024-25,29,2TM,45,1218,9.6,-3.2,-0.4,0.6,.025
Caleb Martin,2024-25,29,PHI,31,943,10.1,-2.5,-0.1,0.6,.030
Caleb Martin,2024-25,29,DAL,14,275,8.0,-5.3,-0.2,0.0,.008
Cartier Martin,2008-09,24,CHA,33,266,9.2,-2.8,-0.1,0.4,.070
Cartier Martin,2009-10,25,2TM,18,390,9.0,-4.4,-0.2,0.1,.011
Cartier Martin,2009-10,25,GSW,10,276,7.3,-5.3,-0.2,-0.1,-0.010
Cartier Martin,2009-10,25,WAS,8,114,13.2,-2.3,0.0,0.1,.061
Cartier Martin,2010-11,26,WAS,52,542,11.7,-0.6,0.2,0.8,.071
Cartier Martin,2011-12,27,WAS,17,391,12.8,-1.1,0.1,0.7,.090
Cartier Martin,2012-13,28,WAS,41,694,9.7,-2.1,0.0,0.7,.047
Cartier Martin,2013-14,29,2TM,59,870,11.0,-1.3,0.2,1.3,.070
Cartier Martin,2013-14,29,ATL,53,822,10.9,-1.4,0.1,1.1,.064
Cartier Martin,2013-14,29,CHI,6,48,13.3,1.1,0.0,0.2,.174
Cartier Martin,2014-15,30,DET,23,198,1.6,-7.2,-0.3,-0.2,-0.053
Cody Martin,2019-20,24,CHO,48,903,10.5,-2.1,0.0,1.0,.052
Cody Martin,2020-21,25,CHO,52,849,10.6,-2.0,0.0,1.1,.061
Cody Martin,2021-22,26,CHO,71,1866,12.7,-0.5,0.7,3.9,.101
Cody Martin,2022-23,27,CHO,7,134,8.7,-4.6,-0.1,0.1,.045
Cody Martin,2023-24,28,CHO,28,753,9.2,-3.5,-0.3,-0.2,-0.012
Cody Martin,2024-25,29,2TM,53,1173,11.3,-1.7,0.1,1.3,.054
Cody Martin,2024-25,29,CHO,39,967,11.7,-1.2,0.2,1.3,.063
Cody Martin,2024-25,29,PHO,14,206,9.5,-4.0,-0.1,0.0,.010
Cuonzo Martin,1995-96,24,VAN,4,19,20.6,9.2,0.1,0.1,.170
Cuonzo Martin,1996-97,25,MIL,3,13,-19.9,-28.9,-0.1,-0.2,-0.621
Darrick Martin,1994-95,23,MIN,34,803,10.3,-4.4,-0.5,0.1,.004
Darrick Martin,1995-96,24,2TM,59,1149,11.7,-3.1,-0.3,0.5,.023
Darrick Martin,1995-96,24,VAN,24,402,14.3,-1.4,0.1,0.5,.059
Darrick Martin,1995-96,24,MIN,35,747,10.3,-4.1,-0.4,0.1,.003
Darrick Martin,1996-97,25,LAC,82,1820,16.9,0.5,1.1,4.6,.121
Darrick Martin,1997-98,26,LAC,82,2299,12.3,-2.8,-0.5,1.9,.041
Darrick Martin,1998-99,27,LAC,37,941,11.6,-2.9,-0.2,0.2,.010
Darrick Martin,1999-00,28,SAC,71,893,11.9,-3.0,-0.2,1.3,.067
Darrick Martin,2000-01,29,SAC,31,176,17.0,-0.8,0.0,0.7,.182
Darrick Martin,2001-02,30,DAL,3,22,-11.2,-19.2,-0.1,-0.2,-0.427
Darrick Martin,2002-03,,Did not play - other pro league,,,,,,,
Darrick Martin,2003-04,32,MIN,16,172,6.1,-7.2,-0.2,0.0,-0.008
Darrick Martin,2004-05,33,LAC,11,190,7.2,-3.6,-0.1,0.1,.015
Darrick Martin,2005-06,34,TOR,40,339,11.5,-2.1,0.0,0.4,.052
Darrick Martin,2006-07,35,TOR,31,220,11.6,-3.2,-0.1,0.1,.031
Darrick Martin,2007-08,36,TOR,17,141,5.8,-4.6,-0.1,-0.1,-0.021
Dino Martin,1946-47,26,PRO,60,,,,,2.9,
Dino Martin,1947-48,27,PRO,32,,,,,-1.1,
Don Martin,1946-47,26,STB,54,,,,,1.6,
Don Martin,1947-48,27,STB,39,,,,,-0.1,
Don Martin,1948-49,28,2TM,44,,,,,-0.2,
Don Martin,1948-49,28,STB,37,,,,,-0.2,
Don Martin,1948-49,28,BLB,7,,,,,0.0,
Fernando Martín,1985-86,,Did not play - other pro league,,,,,,,
Fernando Martín,1986-87,24,POR,24,146,-0.9,-10.3,-0.3,-0.4,-0.144
Jarell Martin,2015-16,21,MEM,27,380,14.0,-3.7,-0.2,0.8,.100
Jarell Martin,2016-17,22,MEM,42,558,8.7,-5.8,-0.5,0.6,.054
Jarell Martin,2017-18,23,MEM,73,1661,10.5,-4.0,-0.8,1.3,.038
Jarell Martin,2018-19,24,ORL,42,328,9.4,-3.9,-0.2,0.5,.073
Jaylen Martin,2024-25,21,2TM,16,239,9.1,-6.3,-0.3,0.0,-0.004
Jaylen Martin,2024-25,21,BRK,3,5,12.8,3.4,0.0,0.0,.112
Jaylen Martin,2024-25,21,WAS,13,234,9.0,-6.5,-0.3,0.0,-0.007
Jeff Martin,1989-90,23,LAC,69,1351,8.7,-4.0,-0.7,0.9,.031
Jeff Martin,1990-91,24,LAC,74,1334,10.0,-2.4,-0.1,1.3,.046
Jeremiah Martin,2019-20,23,BRK,9,99,21.8,3.2,0.1,0.4,.176
Jeremiah Martin,2020-21,24,CLE,9,75,1.4,-9.5,-0.1,-0.3,-0.207
Kelan Martin,2019-20,24,MIN,31,495,9.2,-4.3,-0.3,0.2,.023
Kelan Martin,2020-21,25,IND,35,322,13.9,-2.4,0.0,0.4,.066
Kelan Martin,2021-22,26,2TM,30,450,9.4,-3.6,-0.2,0.0,.005
Kelan Martin,2021-22,26,IND,27,444,9.7,-3.3,-0.1,0.1,.010
Kelan Martin,2021-22,26,BOS,3,6,-11.3,-25.1,0.0,0.0,-0.382
Kenyon Martin,2000-01,23,NJN,68,2272,13.4,-1.7,0.2,2.1,.044
Kenyon Martin,2001-02,24,NJN,73,2504,14.5,0.4,1.5,4.9,.093
Kenyon Martin,2002-03,25,NJN,77,2628,16.9,1.0,2.0,7.1,.129
Kenyon Martin,2003-04,26,NJN,65,2252,18.7,1.9,2.2,6.7,.142
Kenyon Martin,2004-05,27,DEN,70,2272,17.5,1.1,1.8,5.3,.111
Kenyon Martin,2005-06,28,DEN,56,1546,16.7,0.1,0.8,3.8,.117
Kenyon Martin,2006-07,29,DEN,2,63,5.4,-7.3,-0.1,0.0,-0.036
Kenyon Martin,2007-08,30,DEN,71,2159,14.7,-0.8,0.6,5.0,.111
Kenyon Martin,2008-09,31,DEN,66,2111,13.6,0.3,1.2,4.0,.090
Kenyon Martin,2009-10,32,DEN,58,1986,13.4,-0.8,0.6,3.3,.079
Kenyon Martin,2010-11,33,DEN,48,1233,14.1,0.9,0.9,2.7,.104
Kenyon Martin,2011-12,34,LAC,42,940,9.9,-2.1,0.0,0.9,.048
Kenyon Martin,2012-13,35,NYK,18,431,13.9,-1.1,0.1,1.2,.128
Kenyon Martin,2013-14,36,NYK,32,633,12.2,0.0,0.3,1.2,.090
Kenyon Martin,2014-15,37,MIL,11,104,10.0,-2.2,0.0,0.2,.086
Kevin Martin,2004-05,21,SAC,45,455,8.7,-4.2,-0.2,0.1,.016
Kevin Martin,2005-06,22,SAC,72,1913,14.8,0.4,1.2,5.5,.137
Kevin Martin,2006-07,23,SAC,80,2818,20.1,2.8,3.4,10.2,.173
Kevin Martin,2007-08,24,SAC,61,2216,21.0,2.4,2.4,8.4,.183
Kevin Martin,2008-09,25,SAC,51,1947,19.2,0.5,1.3,4.7,.117
Kevin Martin,2009-10,26,2TM,46,1633,17.0,-0.4,0.6,4.2,.123
Kevin Martin,2009-10,26,SAC,22,774,17.0,0.8,0.5,1.9,.116
Kevin Martin,2009-10,26,HOU,24,859,17.1,-1.5,0.1,2.3,.129
Kevin Martin,2010-11,27,HOU,80,2603,21.4,3.4,3.5,9.5,.175
Kevin Martin,2011-12,28,HOU,40,1264,16.5,1.3,1.0,3.3,.125
Kevin Martin,2012-13,29,OKC,77,2136,16.0,1.0,1.6,7.0,.157
Kevin Martin,2013-14,30,MIN,68,2177,16.3,0.3,1.3,5.3,.117
Kevin Martin,2014-15,31,MIN,39,1302,16.7,-0.7,0.4,1.9,.069
Kevin Martin,2015-16,32,2TM,55,1095,11.5,-3.2,-0.4,1.2,.054
Kevin Martin,2015-16,32,MIN,39,834,11.9,-3.2,-0.3,0.8,.045
Kevin Martin,2015-16,32,SAS,16,261,10.1,-3.4,-0.1,0.4,.082
KJ Martin,2020-21,20,HOU,45,1068,14.6,-1.8,0.0,2.2,.099
KJ Martin,2021-22,21,HOU,79,1656,14.3,-1.2,0.4,2.9,.084
KJ Martin,2022-23,22,HOU,82,2292,15.4,-0.7,0.7,4.9,.103
KJ Martin,2023-24,23,2TM,60,746,9.9,-4.1,-0.4,1.1,.071
KJ Martin,2023-24,23,LAC,2,31,6.9,-6.1,0.0,0.0,-0.034
KJ Martin,2023-24,23,PHI,58,715,10.0,-4.0,-0.4,1.1,.076
KJ Martin,2024-25,24,2TM,43,912,10.2,-3.6,-0.4,1.3,.068
KJ Martin,2024-25,24,PHI,24,480,12.3,-1.7,0.0,1.1,.107
KJ Martin,2024-25,24,UTA,19,432,7.9,-5.6,-0.4,0.2,.024
LaRue Martin,1972-73,22,POR,77,996,10.5,,,-0.4,-0.019
LaRue Martin,1973-74,23,POR,50,538,14.0,-5.0,-0.4,0.4,.032
LaRue Martin,1974-75,24,POR,81,1372,13.6,-3.3,-0.5,1.9,.065
LaRue Martin,1975-76,25,POR,63,889,10.3,-4.3,-0.5,0.1,.004
Maurice Martin,1986-87,22,DEN,43,286,9.4,-6.0,-0.3,-0.2,-0.042
Maurice Martin,1987-88,23,DEN,26,136,9.2,-5.9,-0.1,0.0,-0.014
Maurice Martin,1988-89,,Did not play - injury,,,,,,,
Phil Martin,1954-55,26,MLH,7,47,6.8,,,-0.1,-0.094
Slater Martin,1949-50,24,MNL,67,,,,,3.5,
Slater Martin,1950-51,25,MNL,68,,,,,4.2,
Slater Martin,1951-52,26,MNL,66,2480,10.9,,,6.3,.121
Slater Martin,1952-53,27,MNL,70,2556,13.5,,,8.2,.153
Slater Martin,1953-54,28,MNL,69,2472,12.1,,,6.1,.118
Slater Martin,1954-55,29,MNL,72,2784,14.4,,,6.2,.107
Slater Martin,1955-56,30,MNL,72,2838,13.3,,,4.7,.079
Slater Martin,1956-57,31,2TM,66,2401,10.6,,,2.4,.047
Slater Martin,1956-57,31,NYK,13,426,10.1,,,0.6,.072
Slater Martin,1956-57,31,STL,53,1975,10.7,,,1.7,.042
Slater Martin,1957-58,32,STL,60,2098,9.3,,,1.4,.032
Slater Martin,1958-59,33,STL,71,2504,9.3,,,2.4,.046
Slater Martin,1959-60,34,STL,64,1756,9.7,,,2.2,.060
Tyrese Martin,2022-23,23,ATL,16,66,7.7,-7.4,-0.1,0.0,-0.010
Tyrese Martin,2023-24,,Did not play - other pro league,,,,,,,
Tyrese Martin,2024-25,25,BRK,60,1315,10.9,-2.6,-0.2,0.9,.033
Whitey Martin,1961-62,22,NYK,66,1018,5.4,,,-0.5,-0.022
Jamal Mashburn,1993-94,21,DAL,79,2896,13.2,-2.4,-0.3,0.9,.014
Jamal Mashburn,1994-95,22,DAL,80,2980,17.3,0.7,2.0,6.3,.102
Jamal Mashburn,1995-96,23,DAL,18,669,14.4,-1.5,0.1,0.2,.014
Jamal Mashburn,1996-97,24,2TM,69,2164,12.6,-0.8,0.6,3.6,.081
Jamal Mashburn,1996-97,24,DAL,37,975,11.9,-2.3,-0.1,0.4,.021
Jamal Mashburn,1996-97,24,MIA,32,1189,13.1,0.4,0.7,3.2,.130
Jamal Mashburn,1997-98,25,MIA,48,1729,14.1,0.1,0.9,4.1,.113
Jamal Mashburn,1998-99,26,MIA,24,855,15.1,-0.2,0.4,1.8,.104
Jamal Mashburn,1999-00,27,MIA,76,2828,15.4,0.5,1.8,6.4,.109
Jamal Mashburn,2000-01,28,CHH,76,2989,17.5,2.1,3.1,7.3,.118
Jamal Mashburn,2001-02,29,CHH,40,1601,16.9,1.1,1.3,3.4,.101
Jamal Mashburn,2002-03,30,NOH,82,3321,18.0,2.2,3.5,9.0,.130
Jamal Mashburn,2003-04,31,NOH,19,730,14.7,-1.5,0.1,0.7,.048
Jamal Mashburn,2004-05,,Did not play - injury,,,,,,,
Al Masino,1952-53,24,MLH,72,1773,8.5,,,2.2,.058
Al Masino,1953-54,25,2TM,27,181,17.3,,,0.9,.231
Al Masino,1953-54,25,ROC,11,50,16.7,,,0.3,.303
Al Masino,1953-54,25,SYR,16,131,17.5,,,0.6,.204
Anthony Mason,1988-89,,Did not play - other pro league,,,,,,,
Anthony Mason,1989-90,23,NJN,21,108,6.9,-7.6,-0.2,-0.1,-0.055
Anthony Mason,1990-91,24,DEN,3,21,15.7,-2.4,0.0,0.1,.220
Anthony Mason,1991-92,25,NYK,82,2198,11.3,-0.8,0.7,5.6,.123
Anthony Mason,1992-93,26,NYK,81,2482,12.9,0.5,1.6,7.4,.143
Anthony Mason,1993-94,27,NYK,73,1903,10.8,-0.7,0.6,4.9,.123
Anthony Mason,1994-95,28,NYK,77,2496,14.9,1.9,2.5,8.6,.166
Anthony Mason,1995-96,29,NYK,82,3457,15.8,1.9,3.4,11.3,.157
Anthony Mason,1996-97,30,CHH,73,3143,18.9,3.5,4.3,11.4,.173
Anthony Mason,1997-98,31,CHH,81,3148,16.4,2.3,3.4,9.3,.141
Anthony Mason,1998-99,,Did not play - injury,,,,,,,
Anthony Mason,1999-00,33,CHH,82,3133,14.4,0.8,2.2,8.9,.136
Anthony Mason,2000-01,34,MIA,80,3254,17.4,1.9,3.2,11.6,.171
Anthony Mason,2001-02,35,MIL,82,3143,12.9,-0.6,1.1,6.4,.097
Anthony Mason,2002-03,36,MIL,65,2119,11.3,-1.4,0.3,3.1,.069
Desmond Mason,2000-01,23,SEA,78,1522,10.5,-2.8,-0.3,1.7,.055
Desmond Mason,2001-02,24,SEA,75,2420,13.4,-1.7,0.2,4.7,.093
Desmond Mason,2002-03,25,2TM,80,2763,15.2,-1.4,0.4,5.2,.090
Desmond Mason,2002-03,25,SEA,52,1811,14.2,-1.5,0.2,3.1,.083
Desmond Mason,2002-03,25,MIL,28,952,16.9,-1.2,0.2,2.0,.103
Desmond Mason,2003-04,26,MIL,82,2534,15.7,-0.4,1.0,5.7,.107
Desmond Mason,2004-05,27,MIL,80,2893,14.8,-1.6,0.3,4.3,.071
Desmond Mason,2005-06,28,NOK,70,2102,9.2,-4.9,-1.5,-0.2,-0.005
Desmond Mason,2006-07,29,NOK,75,2575,10.8,-3.9,-1.3,0.6,.011
Desmond Mason,2007-08,30,MIL,59,1702,12.3,-2.1,0.0,1.5,.041
Desmond Mason,2008-09,31,OKC,39,1064,7.1,-5.1,-0.8,-0.3,-0.012
Desmond Mason,2009-10,32,SAC,5,66,6.2,-5.7,-0.1,0.0,-0.007
Frank Mason III,2017-18,23,SAC,52,984,13.0,-2.3,-0.1,0.5,.027
Frank Mason III,2018-19,24,SAC,38,435,12.4,-3.1,-0.1,0.3,.033
Frank Mason III,2019-20,25,MIL,9,118,16.9,0.0,0.1,0.4,.143
Frank Mason III,2020-21,26,ORL,4,79,7.5,-7.7,-0.1,0.0,-0.018
Roger Mason,2002-03,22,CHI,17,113,7.4,-4.3,-0.1,0.1,.038
Roger Mason,2003-04,23,2TM,26,328,7.7,-3.5,-0.1,0.1,.008
Roger Mason,2003-04,23,CHI,3,43,-5.5,-12.5,-0.1,-0.2,-0.196
Roger Mason,2003-04,23,TOR,23,285,9.7,-2.1,0.0,0.2,.039
Roger Mason,2004-05,,Did not play - other pro league,,,,,,,
Roger Mason,2005-06,,Did not play - other pro league,,,,,,,
Roger Mason,2006-07,26,WAS,62,492,7.2,-4.7,-0.3,-0.1,-0.005
Roger Mason,2007-08,27,WAS,80,1708,13.8,0.0,0.9,3.4,.096
Roger Mason,2008-09,28,SAS,82,2496,11.9,-0.9,0.7,4.7,.091
Roger Mason,2009-10,29,SAS,79,1515,9.7,-1.2,0.3,1.9,.062
Roger Mason,2010-11,30,NYK,26,319,7.1,-3.6,-0.1,0.2,.029
Roger Mason,2011-12,31,WAS,52,697,12.1,-1.0,0.2,0.9,.059
Roger Mason,2012-13,32,NOH,69,1219,10.0,-1.9,0.1,1.4,.057
Roger Mason,2013-14,33,MIA,25,260,8.2,-2.7,0.0,0.3,.055
Tony Massenburg,1990-91,23,SAS,35,161,16.3,-3.4,-0.1,0.4,.129
Tony Massenburg,1991-92,24,4TM,18,90,3.8,-12.4,-0.2,-0.1,-0.044
Tony Massenburg,1991-92,24,SAS,1,9,-9.6,-25.6,-0.1,0.0,-0.247
Tony Massenburg,1991-92,24,CHH,3,13,-12.4,-25.6,-0.1,-0.1,-0.500
Tony Massenburg,1991-92,24,BOS,7,46,4.1,-8.0,-0.1,0.0,.007
Tony Massenburg,1991-92,24,GSW,7,22,18.3,-8.5,0.0,0.1,.201
Tony Massenburg,1992-93,,Did not play - other pro league,,,,,,,
Tony Massenburg,1993-94,,Did not play - other pro league,,,,,,,
Tony Massenburg,1994-95,27,LAC,80,2127,11.7,-3.9,-1.0,2.2,.049
Tony Massenburg,1995-96,28,2TM,54,1463,13.0,-4.0,-0.7,1.7,.057
Tony Massenburg,1995-96,28,TOR,24,659,12.9,-3.6,-0.3,0.8,.057
Tony Massenburg,1995-96,28,PHI,30,804,13.1,-4.3,-0.5,0.9,.056
Tony Massenburg,1996-97,29,NJN,79,1954,11.9,-4.2,-1.1,2.8,.069
Tony Massenburg,1997-98,30,VAN,61,894,14.9,-4.4,-0.5,1.3,.067
Tony Massenburg,1998-99,31,VAN,43,1143,15.9,-2.9,-0.2,1.8,.076
Tony Massenburg,1999-00,32,HOU,10,109,13.8,-2.3,0.0,0.2,.073
Tony Massenburg,2000-01,33,VAN,52,823,9.6,-5.9,-0.8,0.7,.041
Tony Massenburg,2001-02,34,MEM,73,1247,11.4,-4.6,-0.8,1.5,.059
Tony Massenburg,2002-03,35,UTA,58,792,9.2,-6.4,-0.9,1.0,.061
Tony Massenburg,2003-04,36,SAC,59,789,9.7,-6.1,-0.8,0.9,.057
Tony Massenburg,2004-05,37,SAS,61,699,8.5,-5.4,-0.6,1.1,.078
Eddie Mast,1969-70,,Did not play - other pro league,,,,,,,
Eddie Mast,1970-71,22,NYK,30,164,10.2,,,0.1,.031
Eddie Mast,1971-72,23,NYK,40,270,8.8,,,-0.2,-0.030
Eddie Mast,1972-73,24,ATL,42,447,10.7,,,0.4,.045
Yante Maten,2018-19,22,MIA,2,13,5.7,-9.1,0.0,0.0,-0.026
Garrison Mathews,2019-20,23,WAS,18,227,13.1,-1.1,0.1,0.6,.131
Garrison Mathews,2020-21,24,WAS,64,1038,9.7,-1.8,0.1,2.3,.108
Garrison Mathews,2021-22,25,HOU,65,1712,11.0,-2.3,-0.1,2.8,.077
Garrison Mathews,2022-23,26,2TM,54,686,9.7,-2.4,-0.1,1.0,.067
Garrison Mathews,2022-23,26,HOU,45,602,9.1,-2.5,-0.1,0.7,.058
Garrison Mathews,2022-23,26,ATL,9,84,14.0,-1.7,0.0,0.2,.127
Garrison Mathews,2023-24,27,ATL,66,992,8.9,-3.0,-0.2,1.6,.077
Garrison Mathews,2024-25,28,ATL,47,830,11.2,-1.6,0.1,1.5,.087
Mangok Mathiang,2017-18,25,CHO,4,20,18.0,-4.6,0.0,0.1,.183
Dakota Mathias,2020-21,25,PHI,8,123,9.8,-2.6,0.0,0.2,.061
Dakota Mathias,2021-22,26,MEM,6,16,11.0,0.3,0.0,0.0,.114
Johnny Mathis,1967-68,24,NJA,51,656,7.3,,,0.3,.020
Bennedict Mathurin,2022-23,20,IND,78,2222,13.1,-3.7,-1.0,1.8,.038
Bennedict Mathurin,2023-24,21,IND,59,1538,13.0,-3.4,-0.6,1.4,.045
Bennedict Mathurin,2024-25,22,IND,72,2149,13.6,-2.9,-0.5,3.0,.068
Karlo Matković,2024-25,23,NOP,42,791,15.6,-2.0,0.0,1.6,.096
Wes Matthews,1980-81,21,2TM,79,2266,13.1,-1.2,0.5,2.6,.055
Wes Matthews,1980-81,21,WSB,45,1161,12.6,-1.6,0.1,1.0,.041
Wes Matthews,1980-81,21,ATL,34,1105,13.6,-0.7,0.4,1.6,.069
Wes Matthews,1981-82,22,ATL,47,837,12.6,-1.0,0.2,1.3,.073
Wes Matthews,1982-83,23,ATL,64,1187,11.9,-2.0,0.0,0.7,.028
Wes Matthews,1983-84,24,2TM,20,388,12.3,-2.7,0.0,0.4,.052
Wes Matthews,1983-84,24,ATL,6,96,19.1,-0.3,0.1,0.3,.163
Wes Matthews,1983-84,24,PHI,14,292,10.0,-3.5,-0.1,0.1,.016
Wes Matthews,1984-85,25,CHI,78,1523,11.9,-1.2,0.3,1.6,.049
Wes Matthews,1985-86,26,SAS,75,1853,15.5,0.1,1.0,3.0,.077
Wes Matthews,1986-87,27,LAL,50,532,11.7,-3.0,-0.1,0.6,.054
Wes Matthews,1987-88,28,LAL,51,706,12.4,-2.5,-0.1,0.8,.054
Wes Matthews,1988-89,,Did not play - other pro league,,,,,,,
Wes Matthews,1989-90,30,ATL,1,13,19.6,5.8,0.0,0.1,.196
Wesley Matthews,2009-10,23,UTA,82,2025,12.3,-0.5,0.8,4.6,.108
Wesley Matthews,2010-11,24,POR,82,2758,15.5,0.9,2.0,7.2,.126
Wesley Matthews,2011-12,25,POR,66,2228,14.1,0.3,1.3,4.8,.104
Wesley Matthews,2012-13,26,POR,69,2403,14.1,0.5,1.5,4.7,.093
Wesley Matthews,2013-14,27,POR,82,2780,15.7,1.9,2.7,8.2,.142
Wesley Matthews,2014-15,28,POR,60,2024,16.1,3.1,2.6,6.2,.147
Wesley Matthews,2015-16,29,DAL,78,2644,10.9,-1.0,0.6,3.7,.067
Wesley Matthews,2016-17,30,DAL,73,2495,11.9,-0.8,0.8,3.1,.060
Wesley Matthews,2017-18,31,DAL,63,2131,11.4,-0.9,0.6,2.6,.059
Wesley Matthews,2018-19,32,3TM,69,2091,10.3,-1.8,0.1,2.7,.062
Wesley Matthews,2018-19,32,DAL,44,1312,11.3,-1.3,0.2,1.8,.066
Wesley Matthews,2018-19,32,NYK,2,54,2.9,-6.6,-0.1,-0.1,-0.115
Wesley Matthews,2018-19,32,IND,23,725,9.2,-2.4,-0.1,1.0,.067
Wesley Matthews,2019-20,33,MIL,67,1635,8.1,-1.8,0.1,3.2,.093
Wesley Matthews,2020-21,34,LAL,58,1130,7.2,-1.7,0.1,1.7,.073
Wesley Matthews,2021-22,35,MIL,49,1002,6.9,-3.3,-0.3,1.2,.056
Wesley Matthews,2022-23,36,MIL,52,820,7.0,-2.7,-0.1,1.2,.073
Wesley Matthews,2023-24,37,ATL,36,413,8.2,-2.8,-0.1,0.4,.049
Ariel Maughan,1946-47,23,DTF,59,,,,,1.5,
Ariel Maughan,1947-48,24,2TM,42,,,,,1.0,
Ariel Maughan,1947-48,24,PRO,14,,,,,-0.4,
Ariel Maughan,1947-48,24,STB,28,,,,,1.3,
Ariel Maughan,1948-49,25,STB,55,,,,,1.2,
Ariel Maughan,1949-50,26,STB,68,,,,,-0.5,
Ariel Maughan,1950-51,27,WSC,35,,,,,1.1,
Marlon Maxey,1992-93,23,MIN,43,520,15.8,-3.3,-0.2,0.9,.087
Marlon Maxey,1993-94,24,MIN,55,626,15.4,-2.8,-0.1,1.7,.127
Tyrese Maxey,2020-21,20,PHI,61,935,14.5,-1.5,0.1,1.9,.099
Tyrese Maxey,2021-22,21,PHI,75,2650,16.2,0.6,1.8,7.3,.132
Tyrese Maxey,2022-23,22,PHI,60,2016,17.0,0.6,1.3,5.4,.128
Tyrese Maxey,2023-24,23,PHI,70,2626,19.8,3.1,3.4,8.1,.147
Tyrese Maxey,2024-25,24,PHI,52,1960,19.5,2.0,2.0,3.8,.094
Jason Maxiell,2005-06,22,DET,26,159,8.0,-9.2,-0.3,-0.2,-0.054
Jason Maxiell,2006-07,23,DET,67,943,14.4,-2.0,0.0,1.8,.091
Jason Maxiell,2007-08,24,DET,82,1768,16.7,-0.1,0.8,6.3,.171
Jason Maxiell,2008-09,25,DET,78,1408,15.8,-0.6,0.5,4.1,.141
Jason Maxiell,2009-10,26,DET,76,1550,14.0,-2.7,-0.3,2.6,.081
Jason Maxiell,2010-11,27,DET,57,930,9.4,-4.4,-0.6,0.5,.024
Jason Maxiell,2011-12,28,DET,65,1466,11.7,-3.2,-0.5,1.7,.057
Jason Maxiell,2012-13,29,DET,72,1789,11.3,-3.4,-0.6,1.8,.047
Jason Maxiell,2013-14,30,ORL,34,488,8.1,-4.2,-0.3,0.3,.029
Jason Maxiell,2014-15,31,CHO,61,878,10.4,-3.2,-0.3,1.4,.074
Cedric Maxwell,1977-78,22,BOS,72,1213,17.8,2.0,1.2,4.2,.166
Cedric Maxwell,1978-79,23,BOS,80,2969,19.9,3.1,3.8,11.7,.188
Cedric Maxwell,1979-80,24,BOS,80,2744,19.0,3.5,3.8,12.2,.214
Cedric Maxwell,1980-81,25,BOS,81,2730,17.6,3.5,3.8,11.0,.193
Cedric Maxwell,1981-82,26,BOS,78,2590,16.0,2.2,2.7,9.1,.169
Cedric Maxwell,1982-83,27,BOS,79,2252,14.7,1.0,1.7,6.6,.140
Cedric Maxwell,1983-84,28,BOS,80,2502,13.5,0.4,1.5,6.4,.124
Cedric Maxwell,1984-85,29,BOS,57,1495,14.2,0.5,0.9,4.6,.147
Cedric Maxwell,1985-86,30,LAC,76,2458,15.6,-0.6,0.9,5.4,.105
Cedric Maxwell,1986-87,31,2TM,81,1968,15.3,0.8,1.4,5.4,.132
Cedric Maxwell,1986-87,31,LAC,35,1132,15.4,0.4,0.7,2.5,.105
Cedric Maxwell,1986-87,31,HOU,46,836,15.2,1.4,0.7,2.9,.167
Cedric Maxwell,1987-88,32,HOU,71,848,12.1,-0.3,0.4,2.0,.112
Vernon Maxwell,1988-89,23,SAS,79,2065,12.1,-2.5,-0.3,1.5,.035
Vernon Maxwell,1989-90,24,2TM,79,1987,11.5,-1.1,0.5,2.8,.068
Vernon Maxwell,1989-90,24,SAS,49,1118,10.3,-1.3,0.2,1.4,.061
Vernon Maxwell,1989-90,24,HOU,30,869,13.0,-0.9,0.3,1.4,.076
Vernon Maxwell,1990-91,25,HOU,82,2870,13.5,0.6,1.9,5.9,.099
Vernon Maxwell,1991-92,26,HOU,80,2700,14.1,-0.2,1.2,3.9,.069
Vernon Maxwell,1992-93,27,HOU,71,2251,13.4,-0.1,1.1,3.9,.082
Vernon Maxwell,1993-94,28,HOU,75,2571,12.5,-0.2,1.2,3.5,.066
Vernon Maxwell,1994-95,29,HOU,64,2038,11.9,-1.7,0.2,1.9,.044
Vernon Maxwell,1995-96,30,PHI,75,2467,13.9,-1.7,0.2,0.9,.018
Vernon Maxwell,1996-97,31,SAS,72,2068,11.8,-3.2,-0.6,0.0,-0.001
Vernon Maxwell,1997-98,32,2TM,42,636,12.2,-2.4,-0.1,0.8,.062
Vernon Maxwell,1997-98,32,ORL,11,169,9.4,-5.7,-0.2,0.0,.013
Vernon Maxwell,1997-98,32,CHH,31,467,13.2,-1.2,0.1,0.8,.080
Vernon Maxwell,1998-99,33,SAC,46,1007,12.6,-1.5,0.1,1.6,.074
Vernon Maxwell,1999-00,34,SEA,47,989,12.6,-2.2,0.0,0.8,.036
Vernon Maxwell,2000-01,35,2TM,43,660,6.7,-3.3,-0.2,0.0,.003
Vernon Maxwell,2000-01,35,PHI,24,375,8.1,-1.8,0.0,0.4,.046
Vernon Maxwell,2000-01,35,DAL,19,285,4.9,-5.3,-0.2,-0.3,-0.052
Don May,1968-69,23,NYK,48,560,9.2,,,0.0,.002
Don May,1969-70,24,NYK,37,238,9.8,,,0.2,.047
Don May,1970-71,25,BUF,76,2666,17.1,,,6.1,.110
Don May,1971-72,26,ATL,75,1285,13.6,,,2.9,.110
Don May,1972-73,27,2TM,58,919,14.1,,,1.3,.067
Don May,1972-73,27,ATL,32,317,12.0,,,0.5,.071
Don May,1972-73,27,PHI,26,602,15.2,,,0.8,.065
Don May,1973-74,28,PHI,56,812,12.5,-3.5,-0.3,0.5,.029
Don May,1974-75,29,KCO,29,139,12.2,-3.0,0.0,0.3,.088
Scott May,1976-77,22,CHI,72,2369,14.1,-0.3,1.0,5.4,.110
Scott May,1977-78,23,CHI,55,1802,12.7,-1.7,0.2,3.1,.084
Scott May,1978-79,24,CHI,37,403,8.4,-4.4,-0.3,-0.1,-0.015
Scott May,1979-80,25,CHI,54,1298,14.9,-1.3,0.2,2.4,.090
Scott May,1980-81,26,CHI,63,815,17.2,0.3,0.5,2.2,.127
Scott May,1981-82,27,MIL,65,1187,16.7,1.7,1.1,4.2,.171
Scott May,1982-83,28,DET,9,155,9.9,-3.4,-0.1,0.1,.045
Scott May,1983-84,,Did not play - other pro league,,,,,,,
Scott May,1984-85,,Did not play - other pro league,,,,,,,
Scott May,1985-86,,Did not play - other pro league,,,,,,,
Scott May,1986-87,,Did not play - other pro league,,,,,,,
Scott May,1987-88,,Did not play - other pro league,,,,,,,
Sean May,2005-06,21,CHA,23,398,15.3,-2.6,0.0,0.4,.047
Sean May,2006-07,22,CHA,35,838,19.1,1.4,0.7,2.2,.127
Sean May,2007-08,,Did not play - injury,,,,,,,
Sean May,2008-09,24,CHA,24,301,6.2,-7.4,-0.4,-0.3,-0.045
Sean May,2009-10,25,SAC,37,331,11.7,-3.1,-0.1,0.3,.044
Lee Mayberry,1992-93,22,MIL,82,1503,11.0,-2.2,-0.1,1.8,.056
Lee Mayberry,1993-94,23,MIL,82,1472,9.4,-4.2,-0.8,0.4,.013
Lee Mayberry,1994-95,24,MIL,82,1744,9.9,-2.7,-0.3,1.6,.044
Lee Mayberry,1995-96,25,MIL,82,1705,11.2,-0.9,0.5,2.1,.060
Lee Mayberry,1996-97,26,VAN,80,1952,10.2,-3.5,-0.7,1.6,.040
Lee Mayberry,1997-98,27,VAN,79,1835,9.2,-3.7,-0.8,0.4,.012
Lee Mayberry,1998-99,28,VAN,9,126,7.2,-5.9,-0.1,-0.1,-0.029
Clyde Mayes,1975-76,22,MIL,65,948,11.1,-3.6,-0.4,1.0,.053
Clyde Mayes,1976-77,23,3TM,9,52,6.7,-4.8,-0.1,-0.1,-0.109
Clyde Mayes,1976-77,23,IND,2,21,13.2,-4.1,0.0,0.0,-0.041
Clyde Mayes,1976-77,23,BUF,2,7,-1.7,-5.4,0.0,0.0,-0.315
Clyde Mayes,1976-77,23,POR,5,24,3.5,-5.3,-0.1,-0.1,-0.109
Tharon Mayes,1991-92,23,2TM,24,255,6.4,-5.8,-0.2,-0.4,-0.075
Tharon Mayes,1991-92,23,PHI,21,215,6.8,-6.2,-0.2,-0.4,-0.096
Tharon Mayes,1991-92,23,LAC,3,40,4.3,-3.5,0.0,0.0,.041
Bill Mayfield,1980-81,23,GSW,7,54,6.8,-4.6,-0.1,0.0,.000
Ken Mayfield,1975-76,27,NYK,13,64,7.3,-7.0,-0.2,-0.2,-0.134
Eric Maynor,2009-10,22,2TM,81,1269,11.8,-1.8,0.1,1.9,.071
Eric Maynor,2009-10,22,UTA,26,363,12.3,-1.5,0.0,0.4,.051
Eric Maynor,2009-10,22,OKC,55,906,11.6,-1.9,0.0,1.5,.079
Eric Maynor,2010-11,23,OKC,82,1200,11.7,-1.8,0.1,1.5,.061
Eric Maynor,2011-12,24,OKC,9,137,9.1,-2.7,0.0,0.1,.037
Eric Maynor,2012-13,25,2TM,64,963,9.3,-4.5,-0.6,0.2,.008
Eric Maynor,2012-13,25,OKC,37,391,7.5,-5.0,-0.3,0.0,-0.003
Eric Maynor,2012-13,25,POR,27,572,10.6,-4.2,-0.3,0.2,.016
Eric Maynor,2013-14,26,2TM,31,327,6.2,-6.0,-0.3,-0.4,-0.058
Eric Maynor,2013-14,26,WAS,23,215,6.0,-6.0,-0.2,-0.2,-0.052
Eric Maynor,2013-14,26,PHI,8,112,6.6,-6.0,-0.1,-0.2,-0.070
O.J. Mayo,2008-09,21,MEM,82,3120,14.2,-1.3,0.6,3.4,.052
O.J. Mayo,2009-10,22,MEM,82,3113,14.6,0.0,1.6,5.6,.087
O.J. Mayo,2010-11,23,MEM,71,1869,12.6,-0.6,0.7,2.4,.062
O.J. Mayo,2011-12,24,MEM,66,1771,14.7,0.8,1.3,3.5,.094
O.J. Mayo,2012-13,25,DAL,82,2913,13.9,-0.5,1.1,4.2,.069
O.J. Mayo,2013-14,26,MIL,52,1346,11.2,-3.4,-0.5,0.1,.002
O.J. Mayo,2014-15,27,MIL,71,1697,13.5,-0.6,0.6,2.8,.079
O.J. Mayo,2015-16,28,MIL,41,1090,7.7,-4.0,-0.6,-0.1,-0.005
Skylar Mays,2020-21,23,ATL,33,269,16.8,1.9,0.3,0.8,.140
Skylar Mays,2021-22,24,ATL,28,220,11.7,-2.0,0.0,0.3,.061
Skylar Mays,2022-23,25,POR,6,189,19.4,0.0,0.1,0.7,.171
Skylar Mays,2023-24,26,2TM,38,433,12.0,-2.0,0.0,0.4,.044
Skylar Mays,2023-24,26,POR,21,356,11.9,-2.3,0.0,0.3,.034
Skylar Mays,2023-24,26,LAL,17,77,12.3,-0.6,0.0,0.1,.092
Travis Mays,1990-91,22,SAC,64,2145,12.3,-1.9,0.0,2.1,.047
Travis Mays,1991-92,23,ATL,2,32,8.6,-5.6,0.0,0.0,.009
Travis Mays,1992-93,24,ATL,49,787,10.1,-4.4,-0.5,0.3,.020
Matt Mazza,1949-50,26,SHE,26,,,,,0.0,
Luc Mbah a Moute,2008-09,22,MIL,82,2114,12.3,-0.8,0.6,4.0,.092
Luc Mbah a Moute,2009-10,23,MIL,73,1866,11.8,-0.3,0.8,4.7,.122
Luc Mbah a Moute,2010-11,24,MIL,79,2093,11.5,-1.3,0.4,4.8,.109
Luc Mbah a Moute,2011-12,25,MIL,43,1009,13.9,-1.1,0.2,2.4,.112
Luc Mbah a Moute,2012-13,26,MIL,58,1326,9.1,-4.1,-0.7,0.5,.017
Luc Mbah a Moute,2013-14,27,2TM,64,1003,8.3,-2.8,-0.2,1.0,.049
Luc Mbah a Moute,2013-14,27,SAC,9,196,11.7,0.5,0.1,0.4,.106
Luc Mbah a Moute,2013-14,27,MIN,55,807,7.5,-3.6,-0.3,0.6,.035
Luc Mbah a Moute,2014-15,28,PHI,67,1916,10.6,-2.8,-0.4,1.1,.027
Luc Mbah a Moute,2015-16,29,LAC,75,1274,7.3,-2.6,-0.2,1.6,.059
Luc Mbah a Moute,2016-17,30,LAC,80,1787,10.2,-0.2,0.8,3.1,.084
Luc Mbah a Moute,2017-18,31,HOU,61,1564,10.3,-0.2,0.7,2.8,.087
Luc Mbah a Moute,2018-19,32,LAC,4,61,6.7,-3.0,0.0,0.0,.009
Luc Mbah a Moute,2019-20,33,HOU,3,25,6.4,-7.4,0.0,0.0,-0.008
Bob McAdoo,1972-73,21,BUF,80,2562,16.8,,,3.8,.071
Bob McAdoo,1973-74,22,BUF,74,3185,24.7,5.0,5.6,15.3,.231
Bob McAdoo,1974-75,23,BUF,82,3539,25.8,4.7,6.0,17.8,.242
Bob McAdoo,1975-76,24,BUF,78,3328,23.3,3.8,4.9,12.3,.178
Bob McAdoo,1976-77,25,2TM,72,2798,21.8,3.2,3.7,9.6,.164
Bob McAdoo,1976-77,25,BUF,20,767,19.9,1.2,0.6,1.7,.104
Bob McAdoo,1976-77,25,NYK,52,2031,22.6,4.0,3.1,7.9,.187
Bob McAdoo,1977-78,26,NYK,79,3182,22.0,3.0,4.0,10.9,.165
Bob McAdoo,1978-79,27,2TM,60,2231,20.4,2.3,2.4,5.8,.125
Bob McAdoo,1978-79,27,NYK,40,1594,21.5,3.4,2.2,4.8,.146
Bob McAdoo,1978-79,27,BOS,20,637,17.5,-0.5,0.2,1.0,.073
Bob McAdoo,1979-80,28,DET,58,2097,16.3,-0.8,0.6,2.0,.047
Bob McAdoo,1980-81,29,2TM,16,321,14.4,-1.4,0.1,0.2,.029
Bob McAdoo,1980-81,29,DET,6,168,11.5,-2.3,0.0,-0.1,-0.035
Bob McAdoo,1980-81,29,NJN,10,153,17.6,-0.4,0.1,0.3,.100
Bob McAdoo,1981-82,30,LAL,41,746,14.4,-2.7,-0.1,1.5,.095
Bob McAdoo,1982-83,31,LAL,47,1019,20.6,-0.2,0.5,3.5,.167
Bob McAdoo,1983-84,32,LAL,70,1456,15.9,-2.8,-0.3,2.7,.089
Bob McAdoo,1984-85,33,LAL,66,1254,15.4,-2.1,0.0,2.9,.110
Bob McAdoo,1985-86,34,PHI,29,609,12.2,-3.4,-0.2,0.7,.056
Bob McAdoo,1986-87,,Did not play - other pro league,,,,,,,
Bob McAdoo,1987-88,,Did not play - other pro league,,,,,,,
Bob McAdoo,1988-89,,Did not play - other pro league,,,,,,,
Bob McAdoo,1989-90,,Did not play - other pro league,,,,,,,
Bob McAdoo,1990-91,,Did not play - other pro league,,,,,,,
Bob McAdoo,1991-92,,Did not play - other pro league,,,,,,,
Bob McAdoo,1992-93,,Did not play - other pro league,,,,,,,
James Michael McAdoo,2014-15,22,GSW,15,137,17.7,-2.3,0.0,0.5,.177
James Michael McAdoo,2015-16,23,GSW,41,262,15.9,-1.8,0.0,0.8,.146
James Michael McAdoo,2016-17,24,GSW,52,457,13.1,-1.8,0.0,1.1,.117
James Michael McAdoo,2017-18,25,PHI,3,18,7.4,-3.0,0.0,0.0,.023
Ken McBride,1952-53,,Did not play - military service,,,,,,,
Ken McBride,1953-54,,Did not play - military service,,,,,,,
Ken McBride,1954-55,25,MLH,12,249,8.1,,,-0.4,-0.084
Miles McBride,2021-22,21,NYK,40,372,6.1,-4.5,-0.2,0.2,.032
Miles McBride,2022-23,22,NYK,64,760,8.4,-2.3,-0.1,0.7,.047
Miles McBride,2023-24,23,NYK,68,1328,13.1,-0.1,0.6,3.6,.131
Miles McBride,2024-25,24,NYK,64,1593,12.6,0.0,0.8,3.2,.098
Jared McCain,2024-25,20,PHI,23,592,15.2,0.2,0.3,0.7,.057
Tahjere McCall,2018-19,24,BRK,1,8,9.6,-6.6,0.0,0.0,.055
Ray McCallum,2013-14,22,SAC,45,897,9.7,-3.1,-0.3,0.4,.020
Ray McCallum,2014-15,23,SAC,68,1436,12.5,-2.0,0.0,1.4,.045
Ray McCallum,2015-16,24,2TM,41,475,9.1,-3.1,-0.1,0.3,.034
Ray McCallum,2015-16,24,SAS,31,256,10.3,-1.7,0.0,0.5,.092
Ray McCallum,2015-16,24,MEM,10,219,7.7,-4.7,-0.1,-0.2,-0.033
Bob McCann,1987-88,,Did not play - other pro league,,,,,,,
Bob McCann,1988-89,,Did not play - other pro league,,,,,,,
Bob McCann,1989-90,25,DAL,10,62,12.4,-4.0,0.0,0.1,.041
Bob McCann,1990-91,,Did not play - other pro league,,,,,,,
Bob McCann,1991-92,27,DET,26,129,7.3,-4.7,-0.1,0.1,.022
Bob McCann,1992-93,28,MIN,79,1536,10.9,-3.3,-0.5,1.3,.041
Bob McCann,1993-94,,Did not play - other pro league,,,,,,,
Bob McCann,1994-95,,Did not play - other pro league,,,,,,,
Bob McCann,1995-96,31,WSB,62,653,9.1,-4.5,-0.4,0.6,.044
Bob McCann,1996-97,,Did not play - other pro league,,,,,,,
Bob McCann,1997-98,33,TOR,1,5,-7.3,-17.4,0.0,0.0,-0.186
Brendan McCann,1957-58,22,NYK,36,295,6.6,,,-0.4,-0.071
Brendan McCann,1958-59,23,NYK,1,7,-9.9,,,-0.1,-0.447
Brendan McCann,1959-60,24,NYK,4,29,8.3,,,-0.1,-0.141
Mel McCants,1989-90,22,LAL,13,65,5.1,-7.3,-0.1,0.0,-0.003
Rashad McCants,2005-06,21,MIN,79,1362,12.6,-1.7,0.1,1.6,.058
Rashad McCants,2006-07,22,MIN,37,554,7.2,-5.0,-0.4,-0.3,-0.023
Rashad McCants,2007-08,23,MIN,75,2020,14.6,-0.8,0.6,1.7,.040
Rashad McCants,2008-09,24,2TM,58,1101,13.0,-1.9,0.1,0.6,.025
Rashad McCants,2008-09,24,MIN,34,636,9.9,-3.7,-0.3,-0.3,-0.024
Rashad McCants,2008-09,24,SAC,24,465,17.2,0.6,0.3,0.9,.092
Mike McCarron,1946-47,24,TRH,60,,,,,4.4,
Mike McCarron,1947-48,,Did not play - other pro league,,,,,,,
Mike McCarron,1948-49,,Did not play - other pro league,,,,,,,
Mike McCarron,1949-50,27,2TM,8,,,,,-0.1,
Mike McCarron,1949-50,27,BLB,3,,,,,0.0,
Mike McCarron,1949-50,27,STB,5,,,,,-0.1,
Andre McCarter,1976-77,23,KCK,59,725,11.6,-2.5,-0.1,0.8,.055
Andre McCarter,1977-78,24,KCK,1,9,-7.2,-5.0,0.0,0.0,-0.177
Andre McCarter,1978-79,,Did not play - other pro league,,,,,,,
Andre McCarter,1979-80,,Did not play - other pro league,,,,,,,
Andre McCarter,1980-81,27,WSB,43,448,8.8,-2.6,-0.1,0.3,.034
Willie McCarter,1969-70,23,LAL,40,861,8.4,,,-0.5,-0.025
Willie McCarter,1970-71,24,LAL,76,1369,8.5,,,-0.2,-0.008
Willie McCarter,1971-72,25,POR,39,612,9.9,,,-0.4,-0.028
Johnny McCarthy,1956-57,22,ROC,72,1560,10.5,,,2.6,.081
Johnny McCarthy,1957-58,,Did not play - military service,,,,,,,
Johnny McCarthy,1958-59,24,CIN,47,1827,10.5,,,0.5,.014
Johnny McCarthy,1959-60,25,STL,75,2383,7.7,,,-0.1,-0.002
Johnny McCarthy,1960-61,26,STL,79,2519,8.3,,,1.9,.036
Johnny McCarthy,1961-62,27,STL,15,333,5.8,,,-0.4,-0.064
Johnny McCarthy,1962-63,,Did not play - other pro league,,,,,,,
Johnny McCarthy,1963-64,29,BOS,28,206,4.8,,,0.2,.056
Howie McCarty,1946-47,27,DTF,19,,,,,-1.1,
Kelly McCarty,1998-99,23,DEN,2,4,31.7,-7.6,0.0,0.0,-0.238
Walter McCarty,1996-97,22,NYK,35,192,6.4,-4.5,-0.1,0.0,-0.007
Walter McCarty,1997-98,23,BOS,82,2340,11.6,-1.5,0.3,2.9,.060
Walter McCarty,1998-99,24,BOS,32,659,8.9,-4.0,-0.3,0.5,.035
Walter McCarty,1999-00,25,BOS,61,879,7.2,-3.5,-0.3,-0.2,-0.009
Walter McCarty,2000-01,26,BOS,60,478,9.2,-3.2,-0.1,0.7,.067
Walter McCarty,2001-02,27,BOS,56,718,11.5,-0.6,0.3,1.8,.122
Walter McCarty,2002-03,28,BOS,82,1949,10.8,-0.5,0.8,4.1,.101
Walter McCarty,2003-04,29,BOS,77,1900,10.9,-0.4,0.7,2.9,.073
Walter McCarty,2004-05,30,2TM,72,906,8.2,-2.5,-0.1,1.1,.058
Walter McCarty,2004-05,30,BOS,44,553,9.0,-2.0,0.0,0.8,.068
Walter McCarty,2004-05,30,PHO,28,353,6.9,-3.4,-0.1,0.3,.042
Walter McCarty,2005-06,31,LAC,36,353,5.9,-4.7,-0.2,0.0,-0.001
Amal McCaskill,1996-97,23,ORL,17,109,6.1,-5.6,-0.1,-0.2,-0.086
Amal McCaskill,1997-98,,Did not play - other pro league,,,,,,,
Amal McCaskill,1998-99,,Did not play - other pro league,,,,,,,
Amal McCaskill,1999-00,,Did not play - other pro league,,,,,,,
Amal McCaskill,2000-01,,Did not play - other pro league,,,,,,,
Amal McCaskill,2001-02,28,SAS,27,153,10.2,-6.9,-0.2,0.0,.010
Amal McCaskill,2002-03,29,ATL,11,70,7.3,-5.3,-0.1,0.0,.015
Amal McCaskill,2003-04,30,PHI,59,636,7.3,-4.0,-0.3,0.6,.047
Patrick McCaw,2016-17,21,GSW,71,1074,8.6,-2.4,-0.1,1.7,.077
Patrick McCaw,2017-18,22,GSW,57,961,7.4,-4.1,-0.5,0.6,.029
Patrick McCaw,2018-19,23,2TM,29,397,7.5,-3.0,-0.1,0.5,.065
Patrick McCaw,2018-19,23,CLE,3,53,-0.7,-11.0,-0.1,-0.2,-0.137
Patrick McCaw,2018-19,23,TOR,26,344,8.7,-1.7,0.0,0.7,.096
Patrick McCaw,2019-20,24,TOR,37,908,7.3,-1.8,0.0,1.4,.075
Patrick McCaw,2020-21,25,TOR,5,33,12.0,0.9,0.0,0.1,.209
Dwayne McClain,1985-86,22,IND,45,461,8.3,-3.8,-0.2,-0.3,-0.026
Ted McClain,1971-72,25,CAR,64,900,7.6,,,-0.1,-0.007
Ted McClain,1972-73,26,CAR,84,1816,14.6,,,4.2,.112
Ted McClain,1973-74,27,CAR,84,2582,16.5,2.7,3.1,7.0,.129
Ted McClain,1974-75,28,KEN,72,1971,12.3,0.7,1.3,4.1,.099
Ted McClain,1975-76,29,2TM,73,1927,10.9,-1.4,0.3,2.0,.051
Ted McClain,1975-76,29,KEN,43,1231,9.4,-1.7,0.1,1.1,.044
Ted McClain,1975-76,29,NYA,30,696,13.6,-0.9,0.2,0.9,.063
Ted McClain,1976-77,30,DEN,72,2002,10.9,-1.5,0.3,2.7,.065
Ted McClain,1977-78,31,2TM,70,1020,10.2,-2.3,-0.1,0.8,.037
Ted McClain,1977-78,31,BUF,41,727,10.5,-2.4,-0.1,0.5,.035
Ted McClain,1977-78,31,PHI,29,293,9.3,-2.1,0.0,0.3,.041
Ted McClain,1978-79,32,PHO,36,465,10.1,-2.8,-0.1,0.5,.049
Dan McClintock,2000-01,23,DEN,6,58,9.9,-7.9,-0.1,0.0,.007
Jack McCloskey,1952-53,27,PHW,1,16,7.8,,,0.0,-0.140
George McCloud,1989-90,22,IND,44,413,4.6,-6.8,-0.5,-0.7,-0.079
George McCloud,1990-91,23,IND,74,1070,7.9,-4.3,-0.6,-0.4,-0.018
George McCloud,1991-92,24,IND,51,892,11.0,-1.7,0.1,0.9,.046
George McCloud,1992-93,25,IND,78,1500,11.2,-1.7,0.1,1.4,.044
George McCloud,1993-94,,Did not play - other pro league,,,,,,,
George McCloud,1994-95,27,DAL,42,802,17.0,1.5,0.7,2.3,.137
George McCloud,1995-96,28,DAL,79,2846,15.9,1.4,2.4,5.8,.098
George McCloud,1996-97,29,2TM,64,1493,14.8,0.3,0.9,3.2,.102
George McCloud,1996-97,29,DAL,41,1207,15.9,0.9,0.9,2.7,.109
George McCloud,1996-97,29,LAL,23,286,9.9,-2.2,0.0,0.4,.069
George McCloud,1997-98,30,PHO,63,1213,12.7,-0.1,0.6,2.4,.096
George McCloud,1998-99,31,PHO,48,1245,13.6,0.6,0.8,3.3,.127
George McCloud,1999-00,32,DEN,78,2118,13.2,-0.2,1.0,3.8,.086
George McCloud,2000-01,33,DEN,76,2007,12.9,-1.0,0.5,2.6,.062
George McCloud,2001-02,34,DEN,69,1830,9.8,-3.3,-0.6,0.1,.003
Mac McClung,2021-22,23,2TM,2,25,5.2,-9.6,0.0,0.0,-0.043
Mac McClung,2021-22,23,CHI,1,3,8.7,-15.3,0.0,0.0,-0.251
Mac McClung,2021-22,23,LAL,1,22,4.7,-8.8,0.0,0.0,-0.015
Mac McClung,2022-23,24,PHI,2,41,19.2,0.5,0.0,0.1,.140
Mac McClung,2023-24,,Did not play - other pro league,,,,,,,
Mac McClung,2024-25,26,ORL,2,10,-0.3,-11.0,0.0,0.0,-0.047
CJ McCollum,2013-14,22,POR,38,476,9.0,-3.4,-0.2,0.2,.019
CJ McCollum,2014-15,23,POR,62,973,13.1,-0.6,0.4,1.8,.089
CJ McCollum,2015-16,24,POR,80,2780,17.7,1.3,2.3,6.0,.104
CJ McCollum,2016-17,25,POR,80,2796,19.9,2.0,2.8,7.6,.131
CJ McCollum,2017-18,26,POR,81,2923,16.9,1.2,2.4,6.6,.108
CJ McCollum,2018-19,27,POR,70,2375,17.0,1.0,1.8,5.6,.114
CJ McCollum,2019-20,28,POR,70,2556,17.0,0.5,1.6,4.1,.077
CJ McCollum,2020-21,29,POR,47,1600,20.8,3.9,2.4,4.7,.141
CJ McCollum,2021-22,30,2TM,62,2145,18.3,1.9,2.1,3.6,.081
CJ McCollum,2021-22,30,POR,36,1267,15.8,0.1,0.7,1.0,.040
CJ McCollum,2021-22,30,NOP,26,878,21.9,4.5,1.5,2.6,.140
CJ McCollum,2022-23,31,NOP,75,2649,15.6,0.8,1.9,4.3,.078
CJ McCollum,2023-24,32,NOP,66,2159,17.9,3.1,2.8,5.9,.132
CJ McCollum,2024-25,33,NOP,56,1832,15.8,-1.4,0.3,1.5,.038
John McConathy,1951-52,21,MLH,11,106,1.7,,,-0.5,-0.214
Bucky McConnell,1952-53,24,MLH,14,297,11.6,,,0.5,.080
T.J. McConnell,2015-16,23,PHI,81,1606,14.5,-1.2,0.3,1.9,.058
T.J. McConnell,2016-17,24,PHI,81,2133,13.7,-1.0,0.5,3.8,.084
T.J. McConnell,2017-18,25,PHI,76,1706,12.5,0.0,0.9,3.8,.108
T.J. McConnell,2018-19,26,PHI,76,1470,13.4,-0.9,0.4,2.9,.094
T.J. McConnell,2019-20,27,IND,71,1326,16.5,0.5,0.8,3.3,.121
T.J. McConnell,2020-21,28,IND,69,1796,16.9,1.4,1.5,4.8,.128
T.J. McConnell,2021-22,29,IND,27,652,15.1,0.9,0.5,1.3,.098
T.J. McConnell,2022-23,30,IND,75,1526,16.8,0.5,1.0,3.1,.098
T.J. McConnell,2023-24,31,IND,71,1291,20.9,3.0,1.6,3.9,.143
T.J. McConnell,2024-25,32,IND,79,1415,18.4,1.2,1.2,3.2,.109
Keith McCord,1979-80,,Did not play - other,,,,,,,
Keith McCord,1980-81,23,WSB,2,9,7.9,-4.6,0.0,0.0,-0.136
Tim McCormick,1984-85,22,SEA,78,1584,14.7,-2.1,0.0,3.8,.114
Tim McCormick,1985-86,23,SEA,77,1705,13.9,-0.9,0.4,4.6,.128
Tim McCormick,1986-87,24,PHI,81,2817,12.9,-1.7,0.2,6.0,.102
Tim McCormick,1987-88,25,2TM,70,2114,13.4,-1.5,0.3,3.9,.089
Tim McCormick,1987-88,25,PHI,23,601,10.8,-2.7,-0.1,0.9,.069
Tim McCormick,1987-88,25,NJN,47,1513,14.4,-1.0,0.4,3.1,.097
Tim McCormick,1988-89,26,HOU,81,1257,9.3,-3.3,-0.4,2.0,.075
Tim McCormick,1989-90,27,HOU,18,116,2.6,-9.9,-0.2,-0.1,-0.032
Tim McCormick,1990-91,28,ATL,56,689,11.9,-3.2,-0.2,1.1,.075
Tim McCormick,1991-92,29,NYK,22,108,12.8,-2.3,0.0,0.2,.108
Jelani McCoy,1998-99,21,SEA,26,331,21.1,2.5,0.4,1.4,.201
Jelani McCoy,1999-00,22,SEA,58,746,13.2,-2.5,-0.1,1.5,.099
Jelani McCoy,2000-01,23,SEA,70,1143,11.1,-3.1,-0.3,1.1,.045
Jelani McCoy,2001-02,24,LAL,21,104,9.5,-3.0,0.0,0.1,.050
Jelani McCoy,2002-03,25,TOR,67,1367,12.4,-3.8,-0.6,1.0,.035
Jelani McCoy,2003-04,26,CLE,2,12,-3.8,-12.7,0.0,0.0,-0.044
Jelani McCoy,2004-05,27,ATL,10,88,6.2,-6.9,-0.1,0.0,-0.001
Jelani McCoy,2005-06,,Did not play - other pro league,,,,,,,
Jelani McCoy,2006-07,,Did not play - other pro league,,,,,,,
Jelani McCoy,2007-08,30,DEN,6,33,2.6,-6.1,0.0,0.0,-0.036
Paul McCracken,1972-73,22,HOU,24,305,10.9,,,0.5,.085
Paul McCracken,1973-74,23,HOU,4,13,6.1,-4.9,0.0,0.0,-0.152
Paul McCracken,1974-75,,Did not play - other pro league,,,,,,,
Paul McCracken,1975-76,,Did not play - other pro league,,,,,,,
Paul McCracken,1976-77,26,CHI,9,119,11.6,-3.4,-0.1,0.0,.019
Chris McCray,2006-07,22,MIL,5,12,-20.7,-27.7,-0.1,-0.1,-0.537
Rodney McCray,1983-84,22,HOU,79,2081,14.4,0.4,1.3,4.6,.106
Rodney McCray,1984-85,23,HOU,82,3001,15.5,2.7,3.6,8.5,.137
Rodney McCray,1985-86,24,HOU,82,2610,13.6,1.0,2.0,6.3,.115
Rodney McCray,1986-87,25,HOU,81,3136,15.7,2.6,3.7,9.4,.144
Rodney McCray,1987-88,26,HOU,81,2689,15.1,1.6,2.5,7.6,.135
Rodney McCray,1988-89,27,SAC,68,2435,13.1,-0.4,1.0,2.9,.057
Rodney McCray,1989-90,28,SAC,82,3238,16.7,2.0,3.3,7.9,.118
Rodney McCray,1990-91,29,DAL,74,2561,14.6,1.0,1.9,5.3,.100
Rodney McCray,1991-92,30,DAL,75,2106,12.6,-1.0,0.5,2.5,.057
Rodney McCray,1992-93,31,CHI,64,1019,7.6,-4.3,-0.6,0.9,.044
Scooter McCray,1983-84,23,SEA,47,520,8.7,-3.1,-0.1,0.3,.032
Scooter McCray,1984-85,24,SEA,6,93,4.8,-3.7,0.0,0.0,-0.012
Scooter McCray,1985-86,,Did not play - other pro league,,,,,,,
Scooter McCray,1986-87,26,CLE,24,279,8.7,-2.4,0.0,0.1,.018
Erik McCree,2017-18,24,UTA,4,8,-8.9,-13.7,0.0,-0.1,-0.334
Kevin McCullar Jr.,2024-25,23,NYK,4,29,6.7,-7.2,0.0,0.0,.060
Chris McCullough,2015-16,20,BRK,24,362,12.2,-2.4,0.0,0.3,.043
Chris McCullough,2016-17,21,2TM,16,80,15.2,-3.6,0.0,0.1,.072
Chris McCullough,2016-17,21,BRK,14,72,16.8,-3.0,0.0,0.1,.098
Chris McCullough,2016-17,21,WAS,2,8,1.1,-9.1,0.0,0.0,-0.162
Chris McCullough,2017-18,22,WAS,19,90,15.8,-1.8,0.0,0.2,.081
John McCullough,1979-80,,Did not play - waived,,,,,,,
John McCullough,1980-81,,Did not play - waived,,,,,,,
John McCullough,1981-82,25,PHO,8,23,30.7,-2.4,0.1,0.1,.239
Clint McDaniel,1995-96,23,SAC,12,71,15.6,1.7,0.1,0.2,.151
Xavier McDaniel,1985-86,22,SEA,82,2706,16.3,-0.3,1.2,5.1,.091
Xavier McDaniel,1986-87,23,SEA,82,3031,18.7,0.8,2.1,7.4,.117
Xavier McDaniel,1987-88,24,SEA,78,2703,18.2,1.4,2.3,6.2,.110
Xavier McDaniel,1988-89,25,SEA,82,2385,18.6,-0.6,0.8,5.3,.107
Xavier McDaniel,1989-90,26,SEA,69,2432,17.9,0.6,1.6,5.4,.106
Xavier McDaniel,1990-91,27,2TM,81,2634,15.2,-0.5,1.0,5.1,.094
Xavier McDaniel,1990-91,27,SEA,15,529,17.3,0.8,0.4,0.9,.082
Xavier McDaniel,1990-91,27,PHO,66,2105,14.7,-0.9,0.6,4.2,.096
Xavier McDaniel,1991-92,28,NYK,82,2344,13.9,-1.3,0.4,4.6,.093
Xavier McDaniel,1992-93,29,BOS,82,2215,16.3,-0.1,1.1,4.4,.096
Xavier McDaniel,1993-94,30,BOS,82,1971,14.5,-1.8,0.1,2.3,.055
Xavier McDaniel,1994-95,31,BOS,68,1430,12.8,-2.3,-0.1,1.4,.046
Xavier McDaniel,1995-96,,Did not play - other pro league,,,,,,,
Xavier McDaniel,1996-97,33,NJN,62,1170,10.8,-4.3,-0.7,0.7,.030
Xavier McDaniel,1997-98,34,NJN,20,180,4.3,-5.9,-0.2,0.0,-0.007
Jaden McDaniels,2020-21,20,MIN,63,1511,8.9,-3.5,-0.6,1.4,.046
Jaden McDaniels,2021-22,21,MIN,70,1803,10.3,-2.9,-0.4,2.4,.065
Jaden McDaniels,2022-23,22,MIN,79,2416,12.0,-1.2,0.5,4.4,.087
Jaden McDaniels,2023-24,23,MIN,72,2105,9.4,-2.6,-0.3,3.4,.077
Jaden McDaniels,2024-25,24,MIN,82,2614,13.3,0.0,1.4,6.3,.115
Jalen McDaniels,2019-20,22,CHO,16,293,10.7,-3.3,-0.1,0.5,.078
Jalen McDaniels,2020-21,23,CHO,47,904,11.4,-3.2,-0.3,1.2,.062
Jalen McDaniels,2021-22,24,CHO,55,895,12.7,-2.3,-0.1,1.7,.093
Jalen McDaniels,2022-23,25,2TM,80,1913,11.8,-2.1,-0.1,2.7,.068
Jalen McDaniels,2022-23,25,CHO,56,1494,11.6,-2.0,0.0,1.8,.057
Jalen McDaniels,2022-23,25,PHI,24,419,12.5,-2.6,-0.1,1.0,.109
Jalen McDaniels,2023-24,26,TOR,50,538,5.0,-9.0,-1.0,-0.8,-0.074
Jalen McDaniels,2024-25,27,WAS,4,7,10.9,5.6,0.0,0.0,.114
Jim McDaniels,1971-72,23,2TM,70,2407,23.0,,,7.7,.153
Jim McDaniels,1971-72,23,CAR,58,2172,24.1,,,7.8,.171
Jim McDaniels,1971-72,23,SEA,12,235,13.5,,,-0.1,-0.015
Jim McDaniels,1972-73,24,SEA,68,1095,12.0,,,0.0,.001
Jim McDaniels,1973-74,25,SEA,27,439,10.1,-4.3,-0.3,0.0,.003
Jim McDaniels,1974-75,,Did not play - other pro league,,,,,,,
Jim McDaniels,1975-76,27,2TM,64,607,13.5,-2.8,-0.1,0.8,.067
Jim McDaniels,1975-76,27,LAL,35,242,11.9,-4.1,-0.1,0.2,.037
Jim McDaniels,1975-76,27,KEN,29,365,14.5,-2.0,0.0,0.7,.087
Jim McDaniels,1976-77,,Did not play - other pro league,,,,,,,
Jim McDaniels,1977-78,29,BUF,42,694,10.2,-3.3,-0.2,0.5,.035
K.J. McDaniels,2014-15,21,2TM,62,1352,10.6,-2.8,-0.3,0.6,.020
K.J. McDaniels,2014-15,21,PHI,52,1319,10.8,-2.6,-0.2,0.6,.023
K.J. McDaniels,2014-15,21,HOU,10,33,4.6,-9.2,-0.1,0.0,-0.061
K.J. McDaniels,2015-16,22,HOU,37,235,10.6,-3.9,-0.1,0.2,.043
K.J. McDaniels,2016-17,23,2TM,49,505,11.5,-2.3,0.0,0.5,.051
K.J. McDaniels,2016-17,23,HOU,29,212,10.2,-2.9,-0.1,0.3,.058
K.J. McDaniels,2016-17,23,BRK,20,293,12.5,-1.9,0.0,0.3,.046
Doug McDermott,2014-15,23,CHI,36,321,6.1,-6.0,-0.3,0.0,-0.005
Doug McDermott,2015-16,24,CHI,81,1861,10.9,-2.9,-0.4,2.8,.073
Doug McDermott,2016-17,25,2TM,66,1508,10.7,-2.3,-0.1,2.6,.083
Doug McDermott,2016-17,25,CHI,44,1078,11.3,-2.1,0.0,1.9,.084
Doug McDermott,2016-17,25,OKC,22,430,9.3,-2.7,-0.1,0.7,.080
Doug McDermott,2017-18,26,2TM,81,1768,10.4,-2.2,-0.1,2.3,.063
Doug McDermott,2017-18,26,NYK,55,1172,9.9,-2.1,0.0,1.3,.055
Doug McDermott,2017-18,26,DAL,26,596,11.5,-2.6,-0.1,1.0,.077
Doug McDermott,2018-19,27,IND,77,1340,11.6,-1.4,0.2,2.9,.103
Doug McDermott,2019-20,28,IND,69,1372,14.4,0.0,0.7,3.3,.117
Doug McDermott,2020-21,29,IND,66,1619,15.6,-0.6,0.6,3.8,.112
Doug McDermott,2021-22,30,SAS,51,1223,11.4,-2.5,-0.1,1.6,.062
Doug McDermott,2022-23,31,SAS,64,1314,11.1,-3.2,-0.4,1.0,.035
Doug McDermott,2023-24,32,2TM,64,904,9.1,-3.4,-0.3,0.9,.046
Doug McDermott,2023-24,32,SAS,46,700,9.5,-2.9,-0.2,0.8,.053
Doug McDermott,2023-24,32,IND,18,204,7.7,-5.1,-0.2,0.1,.024
Doug McDermott,2024-25,33,SAC,42,342,9.5,-3.2,-0.1,0.4,.061
Sean McDermott,2020-21,24,MEM,18,158,7.2,-4.3,-0.1,0.2,.050
Ben McDonald,1984-85,,Did not play - other pro league,,,,,,,
Ben McDonald,1985-86,23,CLE,21,266,6.7,-4.0,-0.1,0.2,.033
Ben McDonald,1986-87,24,GSW,63,1284,7.2,-4.6,-0.8,0.7,.027
Ben McDonald,1987-88,25,GSW,81,2039,9.0,-4.2,-1.1,1.3,.031
Ben McDonald,1988-89,26,GSW,11,103,12.0,-2.0,0.0,0.3,.131
Ben McDonald,1989-90,,Did not play - other pro league,,,,,,,
Glenn McDonald,1974-75,22,BOS,62,395,9.7,-5.0,-0.3,0.2,.022
Glenn McDonald,1975-76,23,BOS,75,1019,11.0,-1.7,0.1,1.1,.053
Glenn McDonald,1976-77,24,MIL,9,79,4.6,-5.8,-0.1,-0.2,-0.145
Michael McDonald,1995-96,,Did not play - other pro league,,,,,,,
Michael McDonald,1996-97,,Did not play - other pro league,,,,,,,
Michael McDonald,1997-98,28,CHH,1,4,-22.1,-32.4,0.0,-0.1,-0.638
Rod McDonald,1967-68,,Did not play - military service,,,,,,,
Rod McDonald,1968-69,,Did not play - military service,,,,,,,
Rod McDonald,1969-70,,Did not play - military service,,,,,,,
Rod McDonald,1970-71,25,UTS,29,206,18.5,,,0.5,.121
Rod McDonald,1971-72,26,UTS,33,231,13.4,,,0.5,.095
Rod McDonald,1972-73,27,UTS,25,142,12.9,,,0.2,.058
Hank McDowell,1981-82,22,GSW,30,335,10.5,-2.9,-0.1,0.4,.062
Hank McDowell,1982-83,23,2TM,56,505,10.0,-3.7,-0.2,0.7,.067
Hank McDowell,1982-83,23,GSW,14,130,9.9,-3.9,-0.1,0.2,.075
Hank McDowell,1982-83,23,POR,42,375,10.1,-3.6,-0.2,0.5,.064
Hank McDowell,1983-84,24,SDC,57,611,9.6,-4.4,-0.4,0.1,.009
Hank McDowell,1984-85,25,HOU,34,132,9.8,-1.7,0.0,0.2,.069
Hank McDowell,1985-86,26,HOU,22,204,10.3,-3.4,-0.1,0.4,.094
Hank McDowell,1986-87,27,MIL,7,70,10.7,-2.6,0.0,0.2,.130
Antonio McDyess,1995-96,21,DEN,76,2280,15.6,-1.9,0.0,3.6,.075
Antonio McDyess,1996-97,22,DEN,74,2565,15.5,-2.8,-0.5,1.8,.034
Antonio McDyess,1997-98,23,PHO,81,2441,20.3,2.1,2.5,9.4,.185
Antonio McDyess,1998-99,24,DEN,50,1937,21.7,0.7,1.3,4.2,.105
Antonio McDyess,1999-00,25,DEN,81,2698,19.6,0.7,1.9,6.2,.110
Antonio McDyess,2000-01,26,DEN,70,2555,22.0,1.7,2.4,7.8,.146
Antonio McDyess,2001-02,27,DEN,10,236,21.0,3.7,0.3,0.8,.155
Antonio McDyess,2002-03,,Did not play - injury,,,,,,,
Antonio McDyess,2003-04,29,2TM,42,927,12.6,-2.2,-0.1,1.2,.061
Antonio McDyess,2003-04,29,NYK,18,421,13.6,-1.7,0.0,0.6,.063
Antonio McDyess,2003-04,29,PHO,24,506,11.8,-2.7,-0.1,0.6,.060
Antonio McDyess,2004-05,30,DET,77,1797,17.2,0.0,0.9,5.7,.154
Antonio McDyess,2005-06,31,DET,82,1733,15.5,-1.2,0.3,4.6,.128
Antonio McDyess,2006-07,32,DET,82,1729,18.1,0.6,1.1,6.0,.168
Antonio McDyess,2007-08,33,DET,78,2285,14.1,-0.5,0.9,6.7,.141
Antonio McDyess,2008-09,34,DET,62,1866,16.6,0.5,1.2,5.6,.144
Antonio McDyess,2009-10,35,SAS,77,1617,12.2,-1.0,0.4,3.2,.094
Antonio McDyess,2010-11,36,SAS,73,1387,12.8,-0.7,0.4,3.0,.105
Jim McElroy,1975-76,22,NOJ,51,1134,12.5,0.1,0.6,2.6,.108
Jim McElroy,1976-77,23,NOJ,73,2029,12.9,-1.2,0.4,3.5,.083
Jim McElroy,1977-78,24,NOJ,74,1760,13.6,-0.3,0.8,2.9,.078
Jim McElroy,1978-79,25,NOJ,79,2698,16.2,0.5,1.7,4.9,.088
Jim McElroy,1979-80,26,2TM,67,1528,10.6,-3.2,-0.5,0.8,.024
Jim McElroy,1979-80,26,DET,36,1012,11.4,-3.6,-0.4,0.5,.025
Jim McElroy,1979-80,26,ATL,31,516,9.0,-2.6,-0.1,0.2,.021
Jim McElroy,1980-81,27,ATL,54,680,5.9,-5.8,-0.6,-0.9,-0.062
Jim McElroy,1981-82,28,ATL,20,349,9.3,-3.6,-0.2,0.3,.036
Pat McFarland,1973-74,22,DNR,67,757,14.3,0.1,0.4,1.3,.082
Pat McFarland,1974-75,23,DNA,70,945,12.2,-2.0,0.0,0.7,.037
Pat McFarland,1975-76,24,SDS,11,275,14.6,-0.6,0.1,0.4,.067
Ivan McFarlin,2006-07,24,PHI,11,41,12.2,-5.2,0.0,0.1,.102
Mel McGaha,1948-49,22,NYK,51,,,,,1.5,
Mitch McGary,2014-15,22,OKC,32,485,16.6,-1.9,0.0,1.3,.127
Mitch McGary,2015-16,23,OKC,20,72,7.4,-7.3,-0.1,0.0,-0.018
JaVale McGee,2008-09,21,WAS,75,1143,17.0,-2.9,-0.3,2.0,.084
JaVale McGee,2009-10,22,WAS,60,968,17.0,-0.8,0.3,2.1,.105
JaVale McGee,2010-11,23,WAS,79,2193,17.4,-0.4,0.9,5.3,.115
JaVale McGee,2011-12,24,2TM,61,1535,19.9,0.2,0.8,4.1,.127
JaVale McGee,2011-12,24,WAS,41,1124,19.6,0.1,0.6,2.8,.120
JaVale McGee,2011-12,24,DEN,20,411,20.5,0.4,0.2,1.3,.148
JaVale McGee,2012-13,25,DEN,79,1433,20.7,1.6,1.3,4.9,.163
JaVale McGee,2013-14,26,DEN,5,79,10.2,-6.5,-0.1,-0.1,-0.039
JaVale McGee,2014-15,27,2TM,23,256,14.4,-2.8,-0.1,0.4,.071
JaVale McGee,2014-15,27,DEN,17,195,16.7,-1.2,0.0,0.4,.109
JaVale McGee,2014-15,27,PHI,6,61,6.8,-7.7,-0.1,-0.1,-0.052
JaVale McGee,2015-16,28,DAL,34,370,19.9,-0.3,0.1,1.1,.146
JaVale McGee,2016-17,29,GSW,77,739,25.2,1.2,0.6,3.5,.225
JaVale McGee,2017-18,30,GSW,65,615,22.3,1.5,0.5,2.7,.212
JaVale McGee,2018-19,31,LAL,75,1671,21.8,1.4,1.4,5.9,.171
JaVale McGee,2019-20,32,LAL,68,1130,19.4,1.5,1.0,4.7,.198
JaVale McGee,2020-21,33,2TM,46,678,17.0,-2.5,-0.1,1.0,.068
JaVale McGee,2020-21,33,CLE,33,503,18.4,-1.1,0.1,0.8,.074
JaVale McGee,2020-21,33,DEN,13,175,12.9,-6.6,-0.2,0.2,.050
JaVale McGee,2021-22,34,PHO,74,1172,22.6,0.8,0.8,4.9,.201
JaVale McGee,2022-23,35,DAL,42,355,17.2,-3.7,-0.1,0.6,.076
JaVale McGee,2023-24,36,SAC,46,339,19.0,-1.3,0.1,0.7,.101
Mike McGee,1981-82,22,LAL,39,352,11.7,-5.1,-0.3,0.2,.029
Mike McGee,1982-83,23,LAL,39,381,9.4,-5.1,-0.3,0.2,.023
Mike McGee,1983-84,24,LAL,77,1425,14.7,-1.4,0.2,2.8,.095
Mike McGee,1984-85,25,LAL,76,1170,17.3,-1.6,0.1,3.0,.122
Mike McGee,1985-86,26,LAL,71,1213,12.4,-1.9,0.0,1.9,.075
Mike McGee,1986-87,27,ATL,76,1420,15.2,1.6,1.3,3.2,.108
Mike McGee,1987-88,28,2TM,48,1003,14.9,-0.7,0.3,1.1,.052
Mike McGee,1987-88,28,ATL,11,117,12.7,-2.0,0.0,0.1,.038
Mike McGee,1987-88,28,SAC,37,886,15.2,-0.5,0.3,1.0,.054
Mike McGee,1988-89,29,NJN,80,2027,13.2,-1.3,0.4,2.3,.055
Mike McGee,1989-90,30,PHO,14,280,9.8,-2.4,0.0,0.4,.064
Billy McGill,1962-63,23,CHZ,60,590,21.5,,,2.2,.176
Billy McGill,1963-64,24,2TM,74,1784,18.7,,,4.6,.124
Billy McGill,1963-64,24,BAL,6,47,21.0,,,0.2,.175
Billy McGill,1963-64,24,NYK,68,1737,18.7,,,4.5,.123
Billy McGill,1964-65,25,2TM,24,133,8.3,,,-0.1,-0.040
Billy McGill,1964-65,25,STL,16,96,7.5,,,-0.1,-0.027
Billy McGill,1964-65,25,LAL,8,37,10.3,,,-0.1,-0.073
Billy McGill,1965-66,,Did not play - other pro league,,,,,,,
Billy McGill,1966-67,,Did not play - other pro league,,,,,,,
Billy McGill,1967-68,,Did not play - other pro league,,,,,,,
Billy McGill,1968-69,29,DNR,78,1760,19.7,,,7.1,.193
Billy McGill,1969-70,30,3TM,59,830,18.0,,,3.1,.181
Billy McGill,1969-70,30,LAS,27,492,20.7,,,2.2,.219
Billy McGill,1969-70,30,PTP,8,157,18.4,,,0.5,.156
Billy McGill,1969-70,30,DLC,24,181,10.5,,,0.4,.098
George McGinnis,1971-72,21,INA,73,2179,17.4,,,5.3,.118
George McGinnis,1972-73,22,INA,82,3347,22.6,,,11.4,.164
George McGinnis,1973-74,23,INA,80,3266,21.5,2.5,3.7,10.1,.148
George McGinnis,1974-75,24,INA,79,3193,25.1,6.4,6.7,11.6,.174
George McGinnis,1975-76,25,PHI,77,2946,21.3,3.3,3.9,8.5,.139
George McGinnis,1976-77,26,PHI,79,2769,20.8,2.2,2.9,8.6,.149
George McGinnis,1977-78,27,PHI,78,2533,20.3,1.8,2.5,7.9,.150
George McGinnis,1978-79,28,DEN,76,2552,20.6,2.1,2.6,7.1,.134
George McGinnis,1979-80,29,2TM,73,2208,15.2,-1.2,0.4,1.9,.041
George McGinnis,1979-80,29,DEN,45,1424,15.6,-0.7,0.5,1.0,.034
George McGinnis,1979-80,29,IND,28,784,14.4,-2.1,0.0,0.9,.053
George McGinnis,1980-81,30,IND,69,1845,14.9,-1.4,0.3,1.7,.045
George McGinnis,1981-82,31,IND,76,1341,11.3,-0.6,0.5,0.4,.015
Jon McGlocklin,1965-66,22,CIN,72,852,12.1,,,0.9,.049
Jon McGlocklin,1966-67,23,CIN,60,1194,11.4,,,1.1,.043
Jon McGlocklin,1967-68,24,SDR,65,1876,11.4,,,1.8,.047
Jon McGlocklin,1968-69,25,MIL,80,2888,16.7,,,7.9,.132
Jon McGlocklin,1969-70,26,MIL,82,2966,14.8,,,8.2,.133
Jon McGlocklin,1970-71,27,MIL,82,2891,14.2,,,8.9,.147
Jon McGlocklin,1971-72,28,MIL,80,2213,12.7,,,5.8,.126
Jon McGlocklin,1972-73,29,MIL,80,1951,13.5,,,5.2,.128
Jon McGlocklin,1973-74,30,MIL,79,1910,12.0,-1.4,0.3,3.8,.095
Jon McGlocklin,1974-75,31,MIL,79,1853,13.2,-1.2,0.4,3.4,.087
Jon McGlocklin,1975-76,32,MIL,33,336,10.9,-3.5,-0.1,0.2,.023
Bryce McGowens,2022-23,20,CHO,46,787,7.2,-6.0,-0.8,0.1,.005
Bryce McGowens,2023-24,21,CHO,59,882,9.3,-4.9,-0.6,0.6,.034
Bryce McGowens,2024-25,22,POR,13,32,1.7,-13.6,-0.1,-0.1,-0.172
Tracy McGrady,1997-98,18,TOR,64,1179,17.4,0.6,0.8,2.0,.081
Tracy McGrady,1998-99,19,TOR,49,1106,20.6,4.1,1.7,3.3,.143
Tracy McGrady,1999-00,20,TOR,79,2462,20.0,3.5,3.4,6.6,.129
Tracy McGrady,2000-01,21,ORL,77,3087,24.9,7.0,7.0,12.2,.189
Tracy McGrady,2001-02,22,ORL,76,2912,25.1,6.8,6.4,11.5,.189
Tracy McGrady,2002-03,23,ORL,75,2954,30.3,10.5,9.3,16.1,.262
Tracy McGrady,2003-04,24,ORL,67,2675,25.3,6.4,5.7,8.4,.151
Tracy McGrady,2004-05,25,HOU,78,3182,22.9,6.7,6.9,12.0,.180
Tracy McGrady,2005-06,26,HOU,47,1745,21.9,5.4,3.3,4.1,.112
Tracy McGrady,2006-07,27,HOU,71,2539,23.2,6.1,5.2,8.6,.163
Tracy McGrady,2007-08,28,HOU,66,2440,18.4,2.9,3.1,5.8,.115
Tracy McGrady,2008-09,29,HOU,35,1181,16.3,2.3,1.3,2.7,.108
Tracy McGrady,2009-10,30,2TM,30,673,12.2,-2.2,0.0,0.3,.018
Tracy McGrady,2009-10,30,HOU,6,46,12.4,-0.5,0.0,0.0,.047
Tracy McGrady,2009-10,30,NYK,24,627,12.2,-2.3,-0.1,0.2,.016
Tracy McGrady,2010-11,31,DET,72,1686,14.9,0.6,1.1,2.1,.061
Tracy McGrady,2011-12,32,ATL,52,837,13.6,0.6,0.5,1.6,.094
Tracy McGrady,2012-13,,Did not play - other pro league,,,,,,,
Gil McGregor,1971-72,22,CIN,42,532,6.8,,,-0.4,-0.038
Cameron McGriff,2021-22,24,POR,3,46,12.5,-4.0,0.0,0.1,.097
Elton McGriff,1967-68,25,DLC,20,369,12.7,,,0.9,.120
Elton McGriff,1968-69,26,3TM,36,495,12.8,,,0.7,.067
Elton McGriff,1968-69,26,DLC,24,377,14.2,,,0.5,.064
Elton McGriff,1968-69,26,NOB,3,11,10.6,,,0.0,-0.011
Elton McGriff,1968-69,26,KEN,9,107,8.3,,,0.2,.084
Rodney McGruder,2016-17,25,MIA,78,1966,9.1,-1.9,0.0,2.9,.072
Rodney McGruder,2017-18,26,MIA,18,299,12.0,-1.4,0.1,0.8,.125
Rodney McGruder,2018-19,27,MIA,66,1550,9.4,-2.3,-0.1,1.9,.059
Rodney McGruder,2019-20,28,LAC,56,871,6.7,-3.0,-0.2,1.0,.055
Rodney McGruder,2020-21,29,DET,16,194,16.1,0.7,0.1,0.5,.121
Rodney McGruder,2021-22,30,DET,51,754,11.6,-1.4,0.1,1.2,.075
Rodney McGruder,2022-23,31,DET,32,524,10.7,-1.5,0.1,0.7,.068
Rodney McGruder,2023-24,,Did not play - other pro league,,,,,,,
Al McGuire,1951-52,23,NYK,59,788,12.9,,,1.9,.116
Al McGuire,1952-53,24,NYK,58,1231,13.0,,,3.4,.134
Al McGuire,1953-54,25,NYK,64,849,8.1,,,0.1,.006
Al McGuire,1954-55,26,BLB,10,98,,,,,
Allie McGuire,1973-74,22,NYK,2,10,10.3,-4.5,0.0,0.0,.029
Dick McGuire,1949-50,24,NYK,68,,,,,5.3,
Dick McGuire,1950-51,25,NYK,64,,,,,4.5,
Dick McGuire,1951-52,26,NYK,64,2018,19.0,,,6.6,.157
Dick McGuire,1952-53,27,NYK,61,1783,15.5,,,4.7,.125
Dick McGuire,1953-54,28,NYK,68,2343,16.1,,,6.3,.129
Dick McGuire,1954-55,29,NYK,71,2310,17.1,,,5.3,.110
Dick McGuire,1955-56,30,NYK,62,1685,12.7,,,1.3,.038
Dick McGuire,1956-57,31,NYK,72,1191,14.3,,,2.1,.084
Dick McGuire,1957-58,32,DET,69,2311,12.2,,,4.0,.082
Dick McGuire,1958-59,33,DET,71,2063,16.5,,,6.9,.160
Dick McGuire,1959-60,34,DET,68,1466,16.4,,,4.0,.131
Dominic McGuire,2007-08,22,WAS,70,695,6.6,-4.3,-0.4,0.0,-0.003
Dominic McGuire,2008-09,23,WAS,79,2072,10.8,-1.1,0.5,1.7,.040
Dominic McGuire,2009-10,24,2TM,51,307,3.8,-6.2,-0.3,-0.2,-0.038
Dominic McGuire,2009-10,24,WAS,41,240,4.2,-5.9,-0.2,-0.1,-0.015
Dominic McGuire,2009-10,24,SAC,10,67,2.4,-7.4,-0.1,-0.2,-0.122
Dominic McGuire,2010-11,25,CHA,52,760,10.4,-2.9,-0.2,0.9,.059
Dominic McGuire,2011-12,26,GSW,64,1127,11.8,-0.8,0.3,1.5,.062
Dominic McGuire,2012-13,27,3TM,26,387,7.7,-2.3,0.0,0.3,.035
Dominic McGuire,2012-13,27,TOR,15,230,7.5,-2.8,0.0,0.2,.045
Dominic McGuire,2012-13,27,NOH,9,145,9.1,-0.6,0.0,0.1,.043
Dominic McGuire,2012-13,27,IND,2,12,-6.0,-14.2,0.0,-0.1,-0.239
Kevin McHale,1980-81,23,BOS,82,1645,16.4,0.1,0.9,4.7,.137
Kevin McHale,1981-82,24,BOS,82,2332,16.9,1.5,2.0,7.5,.155
Kevin McHale,1982-83,25,BOS,82,2345,17.6,1.6,2.1,7.5,.154
Kevin McHale,1983-84,26,BOS,82,2577,20.0,2.3,2.8,10.5,.196
Kevin McHale,1984-85,27,BOS,79,2653,20.7,2.5,3.0,11.0,.199
Kevin McHale,1985-86,28,BOS,68,2397,21.6,4.4,3.9,11.0,.220
Kevin McHale,1986-87,29,BOS,77,3060,24.0,5.1,5.5,14.8,.232
Kevin McHale,1987-88,30,BOS,64,2390,21.9,3.5,3.3,10.2,.205
Kevin McHale,1988-89,31,BOS,78,2876,20.3,2.1,3.0,10.1,.168
Kevin McHale,1989-90,32,BOS,82,2722,21.8,3.4,3.8,11.1,.195
Kevin McHale,1990-91,33,BOS,68,2067,21.2,3.1,2.7,7.9,.182
Kevin McHale,1991-92,34,BOS,56,1398,18.5,1.3,1.2,4.0,.136
Kevin McHale,1992-93,35,BOS,71,1656,14.4,-1.7,0.1,2.8,.082
Maurice McHartley,1964-65,,Did not play - other pro league,,,,,,,
Maurice McHartley,1965-66,,Did not play - other pro league,,,,,,,
Maurice McHartley,1966-67,,Did not play - other pro league,,,,,,,
Maurice McHartley,1967-68,25,DLC,58,2175,9.4,,,1.8,.041
Maurice McHartley,1968-69,26,2TM,76,2148,10.4,,,2.4,.053
Maurice McHartley,1968-69,26,NYA,24,645,9.9,,,0.6,.042
Maurice McHartley,1968-69,26,MMF,52,1503,10.7,,,1.8,.058
Maurice McHartley,1969-70,27,3TM,55,992,7.3,,,0.8,.039
Maurice McHartley,1969-70,27,MMF,11,319,4.1,,,-0.1,-0.011
Maurice McHartley,1969-70,27,PTP,17,380,8.5,,,0.6,.078
Maurice McHartley,1969-70,27,DLC,27,293,9.2,,,0.3,.043
Jim McIlvaine,1994-95,22,WSB,55,534,10.0,-2.3,0.0,0.8,.074
Jim McIlvaine,1995-96,23,WSB,80,1195,9.7,-0.8,0.4,1.8,.074
Jim McIlvaine,1996-97,24,SEA,82,1477,11.1,-1.8,0.1,3.0,.098
Jim McIlvaine,1997-98,25,SEA,78,1211,9.5,-3.3,-0.4,1.9,.075
Jim McIlvaine,1998-99,26,NJN,22,269,9.5,-3.6,-0.1,0.3,.053
Jim McIlvaine,1999-00,27,NJN,66,1048,10.0,-2.1,0.0,1.5,.068
Jim McIlvaine,2000-01,28,NJN,18,193,6.2,-4.9,-0.1,0.1,.015
Jeff McInnis,1996-97,22,DEN,13,117,14.8,0.3,0.1,0.1,.060
Jeff McInnis,1997-98,,Did not play - other pro league,,,,,,,
Jeff McInnis,1998-99,24,WAS,35,427,11.0,-1.8,0.0,0.2,.019
Jeff McInnis,1999-00,25,LAC,25,597,11.8,-4.6,-0.4,0.3,.027
Jeff McInnis,2000-01,26,LAC,81,2831,15.6,-0.3,1.2,6.9,.117
Jeff McInnis,2001-02,27,LAC,81,3030,13.8,-1.6,0.3,5.1,.081
Jeff McInnis,2002-03,28,POR,75,1311,10.0,-4.1,-0.7,1.1,.040
Jeff McInnis,2003-04,29,2TM,70,2365,15.1,-0.5,0.9,4.9,.099
Jeff McInnis,2003-04,29,POR,39,1269,15.0,-0.6,0.4,2.6,.098
Jeff McInnis,2003-04,29,CLE,31,1096,15.3,-0.2,0.5,2.3,.100
Jeff McInnis,2004-05,30,CLE,76,2651,12.4,-1.8,0.2,4.1,.074
Jeff McInnis,2005-06,31,NJN,28,486,9.2,-3.3,-0.2,0.3,.031
Jeff McInnis,2006-07,32,CHA,38,702,7.7,-5.1,-0.6,-0.1,-0.004
Jeff McInnis,2007-08,33,CHA,54,1410,6.5,-5.4,-1.2,0.1,.002
Kenny McIntosh,1971-72,23,CHI,43,405,6.7,,,-0.4,-0.051
Kenny McIntosh,1972-73,24,2TM,59,1138,6.1,,,-1.6,-0.068
Kenny McIntosh,1972-73,24,CHI,3,33,16.9,,,0.2,.225
Kenny McIntosh,1972-73,24,SEA,56,1105,5.8,,,-1.8,-0.077
Kenny McIntosh,1973-74,25,SEA,69,2056,7.3,-3.1,-0.6,0.7,.017
Kenny McIntosh,1974-75,26,SEA,6,101,4.7,-4.5,-0.1,-0.2,-0.084
Bob McIntyre,1966-67,,Did not play - other pro league,,,,,,,
Bob McIntyre,1967-68,24,NJA,21,451,9.8,,,-0.1,-0.009
Bob McIntyre,1968-69,,Did not play - other pro league,,,,,,,
Bob McIntyre,1969-70,26,NYA,7,94,6.9,,,-0.1,-0.030
Jerry McKee,1969-70,23,INA,1,3,-29.8,,,0.0,-0.391
Kevin McKenna,1981-82,23,LAL,36,237,2.8,-8.2,-0.5,-0.3,-0.069
Kevin McKenna,1982-83,,Did not play - other pro league,,,,,,,
Kevin McKenna,1983-84,25,IND,61,923,10.8,-3.5,-0.4,0.6,.031
Kevin McKenna,1984-85,26,NJN,29,535,10.9,-1.2,0.1,0.9,.082
Kevin McKenna,1985-86,27,WSB,30,430,10.9,-1.5,0.1,0.7,.073
Kevin McKenna,1986-87,28,NJN,56,942,12.1,0.0,0.5,1.7,.087
Kevin McKenna,1987-88,29,NJN,31,393,9.2,-2.8,-0.1,0.5,.061
Forrest McKenzie,1986-87,23,SAS,6,42,-2.2,-16.8,-0.2,-0.2,-0.223
Stan McKenzie,1966-67,,Did not play - other pro league,,,,,,,
Stan McKenzie,1967-68,23,BAL,50,653,7.8,,,0.6,.043
Stan McKenzie,1968-69,24,PHO,80,1569,12.9,,,2.4,.073
Stan McKenzie,1969-70,25,PHO,58,525,10.8,,,0.1,.010
Stan McKenzie,1970-71,26,POR,82,2290,13.8,,,5.3,.111
Stan McKenzie,1971-72,27,POR,82,2036,16.0,,,6.1,.143
Stan McKenzie,1972-73,28,2TM,33,294,11.4,,,0.2,.033
Stan McKenzie,1972-73,28,POR,7,107,10.6,,,0.0,.022
Stan McKenzie,1972-73,28,HOU,26,187,11.8,,,0.2,.040
Stan McKenzie,1973-74,29,HOU,11,112,4.0,-5.2,-0.1,-0.1,-0.044
Derrick McKey,1987-88,21,SEA,82,1706,13.8,0.2,0.9,4.1,.116
Derrick McKey,1988-89,22,SEA,82,2804,15.5,1.0,2.1,7.4,.126
Derrick McKey,1989-90,23,SEA,80,2748,15.6,1.1,2.2,6.3,.110
Derrick McKey,1990-91,24,SEA,73,2503,15.7,1.1,1.9,6.4,.123
Derrick McKey,1991-92,25,SEA,52,1757,14.7,0.9,1.3,3.9,.107
Derrick McKey,1992-93,26,SEA,77,2439,15.0,1.9,2.4,6.6,.130
Derrick McKey,1993-94,27,IND,76,2613,13.3,0.9,1.9,5.0,.092
Derrick McKey,1994-95,28,IND,81,2805,15.0,2.2,3.0,7.4,.127
Derrick McKey,1995-96,29,IND,75,2440,14.2,1.9,2.4,5.7,.112
Derrick McKey,1996-97,30,IND,50,1449,10.6,-0.6,0.5,1.8,.061
Derrick McKey,1997-98,31,IND,57,1316,10.7,-0.2,0.6,2.1,.077
Derrick McKey,1998-99,32,IND,13,244,12.2,-0.3,0.1,0.4,.089
Derrick McKey,1999-00,33,IND,32,634,11.2,0.8,0.5,1.6,.123
Derrick McKey,2000-01,34,IND,66,987,8.3,-0.9,0.3,1.4,.070
Derrick McKey,2001-02,35,PHI,41,784,8.8,-0.8,0.2,1.6,.096
Aaron McKie,1994-95,22,POR,45,827,13.3,0.3,0.5,2.0,.115
Aaron McKie,1995-96,23,POR,81,2259,13.4,0.4,1.4,5.3,.113
Aaron McKie,1996-97,24,2TM,83,1625,12.1,0.9,1.2,3.5,.103
Aaron McKie,1996-97,24,POR,41,775,9.1,0.3,0.4,1.1,.066
Aaron McKie,1996-97,24,DET,42,850,14.8,1.5,0.7,2.4,.137
Aaron McKie,1997-98,25,2TM,81,1813,8.6,-1.5,0.2,1.4,.036
Aaron McKie,1997-98,25,DET,24,472,10.1,-0.3,0.2,0.7,.069
Aaron McKie,1997-98,25,PHI,57,1341,8.1,-1.9,0.0,0.7,.024
Aaron McKie,1998-99,26,PHI,50,959,11.4,-0.4,0.4,1.6,.082
Aaron McKie,1999-00,27,PHI,82,1952,13.2,1.2,1.5,4.3,.105
Aaron McKie,2000-01,28,PHI,76,2394,15.1,1.4,2.1,5.9,.118
Aaron McKie,2001-02,29,PHI,48,1471,15.8,2.7,1.7,3.9,.128
Aaron McKie,2002-03,30,PHI,80,2374,13.7,1.1,1.9,5.1,.104
Aaron McKie,2003-04,31,PHI,75,2112,13.9,1.3,1.8,4.8,.108
Aaron McKie,2004-05,32,PHI,68,1118,8.4,-0.6,0.4,2.0,.085
Aaron McKie,2005-06,33,LAL,14,121,6.1,-2.4,0.0,0.1,.041
Aaron McKie,2006-07,34,LAL,10,131,7.5,-4.2,-0.1,0.1,.039
Billy McKinney,1977-78,,Did not play - waived,,,,,,,
Billy McKinney,1978-79,23,KCK,78,1242,15.6,0.4,0.7,3.0,.114
Billy McKinney,1979-80,24,KCK,76,1333,13.4,-0.5,0.5,2.7,.096
Billy McKinney,1980-81,25,2TM,84,2166,13.3,-1.4,0.3,3.4,.075
Billy McKinney,1980-81,25,UTA,35,1032,11.0,-2.7,-0.2,1.1,.051
Billy McKinney,1980-81,25,DEN,49,1134,15.5,-0.2,0.5,2.3,.098
Billy McKinney,1981-82,26,DEN,81,1963,14.4,-1.1,0.4,3.3,.081
Billy McKinney,1982-83,27,DEN,68,1559,13.2,-2.3,-0.1,2.3,.072
Billy McKinney,1983-84,28,SDC,80,843,11.7,-2.8,-0.2,0.9,.049
Billy McKinney,1984-85,,Did not play - retired,,,,,,,
Billy McKinney,1985-86,30,CHI,9,83,9.9,-2.1,0.0,0.1,.053
Bones McKinney,1946-47,28,WSC,58,,,,,7.1,
Bones McKinney,1947-48,29,WSC,43,,,,,3.3,
Bones McKinney,1948-49,30,WSC,57,,,,,4.9,
Bones McKinney,1949-50,31,WSC,53,,,,,0.2,
Bones McKinney,1950-51,32,2TM,44,,,,,-0.2,
Bones McKinney,1950-51,32,WSC,10,,,,,-0.3,
Bones McKinney,1950-51,32,BOS,34,,,,,0.0,
Bones McKinney,1951-52,33,BOS,63,1083,9.5,,,0.0,.001
Carlton McKinney,1989-90,25,LAC,7,104,0.6,-10.0,-0.2,-0.3,-0.121
Carlton McKinney,1990-91,,Did not play - other pro league,,,,,,,
Carlton McKinney,1991-92,27,NYK,2,9,-9.0,-31.4,-0.1,-0.1,-0.402
Trey McKinney-Jones,2017-18,27,IND,1,1,0.0,-8.5,0.0,0.0,-0.001
Alfonzo McKinnie,2017-18,25,TOR,14,53,10.1,-3.0,0.0,0.1,.084
Alfonzo McKinnie,2018-19,26,GSW,72,1003,11.2,-3.5,-0.4,2.1,.100
Alfonzo McKinnie,2019-20,27,CLE,40,593,8.7,-5.3,-0.5,0.2,.014
Alfonzo McKinnie,2020-21,28,LAL,39,258,15.5,-0.4,0.1,0.8,.156
Alfonzo McKinnie,2021-22,29,CHI,17,206,5.6,-9.0,-0.4,-0.1,-0.015
JaQuori McLaughlin,2021-22,24,DAL,4,11,-2.9,-13.6,0.0,0.0,-0.101
Jordan McLaughlin,2019-20,23,MIN,30,590,16.3,0.3,0.3,1.6,.130
Jordan McLaughlin,2020-21,24,MIN,51,938,12.0,-1.7,0.1,1.2,.062
Jordan McLaughlin,2021-22,25,MIN,62,902,13.4,0.4,0.6,2.3,.123
Jordan McLaughlin,2022-23,26,MIN,43,678,11.8,-0.7,0.2,1.3,.094
Jordan McLaughlin,2023-24,27,MIN,56,626,15.5,4.2,1.0,2.5,.193
Jordan McLaughlin,2024-25,28,2TM,46,314,12.3,-1.6,0.0,0.6,.098
Jordan McLaughlin,2024-25,28,SAC,28,190,9.4,-3.5,-0.1,0.2,.045
Jordan McLaughlin,2024-25,28,SAS,18,124,16.9,1.3,0.1,0.5,.178
Ben McLemore,2013-14,20,SAC,82,2187,7.7,-4.0,-1.1,0.8,.016
Ben McLemore,2014-15,21,SAC,82,2670,10.4,-2.2,-0.2,2.5,.045
Ben McLemore,2015-16,22,SAC,68,1443,8.6,-3.8,-0.7,0.3,.010
Ben McLemore,2016-17,23,SAC,61,1176,9.8,-4.2,-0.6,0.4,.015
Ben McLemore,2017-18,24,MEM,56,1091,9.7,-3.9,-0.5,0.5,.023
Ben McLemore,2018-19,25,SAC,19,158,10.5,-3.5,-0.1,0.2,.055
Ben McLemore,2019-20,26,HOU,71,1619,11.8,-0.5,0.6,3.3,.099
Ben McLemore,2020-21,27,2TM,53,905,8.5,-3.9,-0.4,0.2,.013
Ben McLemore,2020-21,27,HOU,32,537,8.3,-4.5,-0.3,-0.2,-0.019
Ben McLemore,2020-21,27,LAL,21,368,8.8,-3.0,-0.1,0.5,.061
Ben McLemore,2021-22,28,POR,64,1285,11.7,-3.2,-0.4,0.8,.031
McCoy McLemore,1964-65,22,SFW,78,1731,9.8,,,-0.3,-0.008
McCoy McLemore,1965-66,23,SFW,80,1467,12.6,,,2.7,.090
McCoy McLemore,1966-67,24,CHI,79,1382,13.5,,,1.8,.062
McCoy McLemore,1967-68,25,CHI,76,2100,12.7,,,1.7,.038
McCoy McLemore,1968-69,26,2TM,81,1620,12.2,,,0.4,.011
McCoy McLemore,1968-69,26,PHO,31,710,13.2,,,0.0,-0.001
McCoy McLemore,1968-69,26,DET,50,910,11.4,,,0.4,.020
McCoy McLemore,1969-70,27,DET,73,1421,13.2,,,2.1,.073
McCoy McLemore,1970-71,28,2TM,86,2254,11.9,,,0.7,.014
McCoy McLemore,1970-71,28,CLE,58,1839,12.5,,,0.4,.010
McCoy McLemore,1970-71,28,MIL,28,415,9.2,,,0.3,.035
McCoy McLemore,1971-72,29,2TM,27,246,11.8,,,0.4,.085
McCoy McLemore,1971-72,29,MIL,10,99,11.8,,,0.1,.070
McCoy McLemore,1971-72,29,HOU,17,147,11.8,,,0.3,.095
George McLeod,1952-53,22,BLB,10,85,2.9,,,-0.2,-0.115
Keith McLeod,2003-04,24,MIN,33,391,8.1,-4.1,-0.2,0.2,.028
Keith McLeod,2004-05,25,UTA,53,1382,10.4,-2.6,-0.2,0.3,.009
Keith McLeod,2005-06,26,UTA,66,1232,8.6,-4.5,-0.8,0.6,.024
Keith McLeod,2006-07,27,2TM,48,718,10.2,-3.3,-0.2,0.8,.051
Keith McLeod,2006-07,27,GSW,26,379,12.3,-1.8,0.0,0.6,.073
Keith McLeod,2006-07,27,IND,22,339,8.0,-5.1,-0.3,0.2,.027
Roshown McLeod,1998-99,23,ATL,34,348,11.3,-4.8,-0.2,0.3,.035
Roshown McLeod,1999-00,24,ATL,44,860,9.1,-5.3,-0.7,-0.4,-0.025
Roshown McLeod,2000-01,25,2TM,35,922,10.5,-3.4,-0.3,0.4,.019
Roshown McLeod,2000-01,25,ATL,34,907,10.6,-3.3,-0.3,0.4,.019
Roshown McLeod,2000-01,25,PHI,1,15,0.9,-9.4,0.0,0.0,-0.019
Jack McMahon,1952-53,24,ROC,70,1665,9.9,,,1.3,.037
Jack McMahon,1953-54,25,ROC,71,1891,15.0,,,4.7,.118
Jack McMahon,1954-55,26,ROC,72,1807,11.4,,,-0.2,-0.006
Jack McMahon,1955-56,27,2TM,70,1713,8.3,,,-0.2,-0.005
Jack McMahon,1955-56,27,ROC,34,856,8.3,,,0.0,-0.001
Jack McMahon,1955-56,27,STL,36,857,8.3,,,-0.2,-0.009
Jack McMahon,1956-57,28,STL,72,2344,9.3,,,0.8,.016
Jack McMahon,1957-58,29,STL,72,2239,7.1,,,-0.7,-0.016
Jack McMahon,1958-59,30,STL,72,2235,7.5,,,0.6,.013
Jack McMahon,1959-60,31,STL,25,334,6.4,,,0.0,.006
Nate McMillan,1986-87,22,SEA,71,1972,14.1,2.6,2.3,4.1,.099
Nate McMillan,1987-88,23,SEA,82,2453,15.9,3.3,3.3,6.5,.127
Nate McMillan,1988-89,24,SEA,75,2341,14.5,2.1,2.4,4.4,.090
Nate McMillan,1989-90,25,SEA,82,2338,14.4,2.6,2.7,4.9,.101
Nate McMillan,1990-91,26,SEA,78,1434,13.9,2.4,1.6,2.8,.093
Nate McMillan,1991-92,27,SEA,72,1652,14.5,2.8,2.0,3.7,.109
Nate McMillan,1992-93,28,SEA,73,1977,15.1,4.1,3.0,5.6,.136
Nate McMillan,1993-94,29,SEA,73,1887,15.5,5.6,3.6,6.0,.154
Nate McMillan,1994-95,30,SEA,80,2070,13.1,3.6,2.9,5.1,.119
Nate McMillan,1995-96,31,SEA,55,1261,12.9,3.7,1.8,3.7,.141
Nate McMillan,1996-97,32,SEA,37,798,14.1,3.7,1.2,2.6,.158
Nate McMillan,1997-98,33,SEA,18,279,12.7,2.3,0.3,0.8,.131
Tom McMillen,1974-75,,Did not play - other pro league,,,,,,,
Tom McMillen,1975-76,23,BUF,50,708,11.5,-2.5,-0.1,0.8,.055
Tom McMillen,1976-77,24,2TM,76,1492,12.9,-2.4,-0.2,2.5,.079
Tom McMillen,1976-77,24,BUF,20,270,13.9,-2.3,0.0,0.5,.088
Tom McMillen,1976-77,24,NYK,56,1222,12.7,-2.5,-0.2,2.0,.077
Tom McMillen,1977-78,25,ATL,68,1683,13.3,-1.6,0.2,3.9,.112
Tom McMillen,1978-79,26,ATL,82,1392,12.6,-2.2,-0.1,2.9,.100
Tom McMillen,1979-80,27,ATL,53,1071,14.2,0.2,0.6,2.9,.128
Tom McMillen,1980-81,28,ATL,79,1564,11.6,-2.1,-0.1,2.2,.066
Tom McMillen,1981-82,29,ATL,73,1792,13.1,-0.6,0.6,3.7,.099
Tom McMillen,1982-83,30,ATL,61,1364,10.8,-2.4,-0.1,2.0,.071
Tom McMillen,1983-84,31,WSB,62,1294,12.3,-2.2,-0.1,2.4,.090
Tom McMillen,1984-85,32,WSB,69,1547,10.4,-3.6,-0.6,2.7,.082
Tom McMillen,1985-86,33,WSB,56,863,10.4,-3.5,-0.3,1.2,.069
Jim McMillian,1970-71,22,LAL,81,1747,12.2,,,2.5,.070
Jim McMillian,1971-72,23,LAL,80,3050,14.3,,,7.8,.123
Jim McMillian,1972-73,24,LAL,81,2953,14.8,,,6.4,.104
Jim McMillian,1973-74,25,BUF,82,3322,15.6,0.8,2.4,8.9,.128
Jim McMillian,1974-75,26,BUF,62,2132,14.7,0.9,1.6,6.0,.134
Jim McMillian,1975-76,27,BUF,74,2610,15.3,1.4,2.3,7.9,.146
Jim McMillian,1976-77,28,NYK,67,2158,9.9,-1.1,0.5,2.6,.057
Jim McMillian,1977-78,29,NYK,81,1977,12.5,-0.3,0.8,3.4,.083
Jim McMillian,1978-79,30,POR,23,278,11.9,-0.4,0.1,0.5,.086
Jim McMillian,1979-80,,Did not play - other pro league,,,,,,,
Jim McMillian,1980-81,,Did not play - other pro league,,,,,,,
Shellie McMillon,1958-59,22,DET,48,700,16.1,,,1.7,.119
Shellie McMillon,1959-60,23,DET,75,1416,13.7,,,2.5,.086
Shellie McMillon,1960-61,24,DET,78,1636,13.3,,,2.2,.063
Shellie McMillon,1961-62,25,2TM,62,1225,13.5,,,1.7,.066
Shellie McMillon,1961-62,25,DET,14,190,7.3,,,-0.2,-0.059
Shellie McMillon,1961-62,25,STL,48,1035,14.6,,,1.9,.088
Mal McMullen,1949-50,22,INO,58,,,,,0.6,
Mal McMullen,1950-51,23,INO,51,,,,,-1.0,
Chet McNabb,1947-48,27,BLB,2,,,,,0.0,
Mark McNamara,1982-83,23,PHI,36,182,7.6,-8.4,-0.4,-0.2,-0.056
Mark McNamara,1983-84,24,SAS,70,1037,11.9,-3.6,-0.4,1.2,.057
Mark McNamara,1984-85,25,2TM,45,273,12.9,-3.3,-0.1,0.4,.062
Mark McNamara,1984-85,25,SAS,12,63,16.0,-2.7,0.0,0.1,.092
Mark McNamara,1984-85,25,KCK,33,210,12.0,-3.5,-0.1,0.2,.053
Mark McNamara,1985-86,,Did not play - other pro league,,,,,,,
Mark McNamara,1986-87,27,PHI,11,113,8.2,-6.4,-0.1,0.0,.007
Mark McNamara,1987-88,28,PHI,42,581,9.4,-4.4,-0.4,0.6,.052
Mark McNamara,1988-89,29,LAL,39,318,11.2,-4.8,-0.2,0.7,.106
Mark McNamara,1989-90,30,LAL,33,190,11.3,-9.0,-0.3,0.1,.015
Mark McNamara,1990-91,31,ORL,2,13,1.0,-7.4,0.0,0.0,-0.019
Joe McNamee,1950-51,24,ROC,60,,,,,-0.5,
Joe McNamee,1951-52,25,2TM,58,695,6.1,,,-0.8,-0.055
Joe McNamee,1951-52,25,ROC,24,118,-3.0,,,-0.4,-0.168
Joe McNamee,1951-52,25,BLB,34,577,7.9,,,-0.4,-0.032
Jerel McNeal,2014-15,27,PHO,6,36,1.2,-9.1,-0.1,-0.1,-0.149
Chris McNealy,1985-86,24,NYK,30,627,13.7,0.1,0.3,1.6,.122
Chris McNealy,1986-87,25,NYK,59,972,8.7,-3.2,-0.3,0.8,.039
Chris McNealy,1987-88,26,NYK,19,265,7.7,-2.0,0.0,0.2,.030
Bob McNeill,1960-61,22,NYK,75,1387,10.4,,,1.2,.043
Bob McNeill,1961-62,23,2TM,50,441,11.0,,,0.7,.075
Bob McNeill,1961-62,23,PHW,21,212,14.5,,,0.6,.130
Bob McNeill,1961-62,23,LAL,29,229,7.8,,,0.1,.024
Larry McNeill,1973-74,23,KCO,54,516,20.9,1.1,0.4,1.5,.142
Larry McNeill,1974-75,24,KCO,80,1749,15.5,-0.9,0.5,4.4,.121
Larry McNeill,1975-76,25,KCK,82,1613,17.0,-1.1,0.4,4.3,.129
Larry McNeill,1976-77,26,2TM,24,230,19.6,-2.1,0.1,0.7,.150
Larry McNeill,1976-77,26,NYN,8,93,18.1,-3.3,0.0,0.1,.057
Larry McNeill,1976-77,26,GSW,16,137,20.6,-1.4,0.1,0.6,.214
Larry McNeill,1977-78,27,2TM,46,940,15.3,-1.1,0.2,2.3,.117
Larry McNeill,1977-78,27,GSW,9,67,6.5,-5.2,-0.1,0.1,.036
Larry McNeill,1977-78,27,BUF,37,873,16.0,-0.8,0.3,2.2,.123
Larry McNeill,1978-79,28,DET,11,46,16.5,-3.6,0.0,0.1,.148
Carl McNulty,1952-53,,Did not play - military service,,,,,,,
Carl McNulty,1953-54,,Did not play - military service,,,,,,,
Carl McNulty,1954-55,24,MLH,1,14,-9.9,,,-0.1,-0.357
Paul McPherson,2000-01,22,2TM,55,595,13.6,-1.9,0.0,0.9,.074
Paul McPherson,2000-01,22,PHO,33,308,10.8,-2.7,-0.1,0.5,.076
Paul McPherson,2000-01,22,GSW,22,287,16.7,-0.9,0.1,0.4,.071
Roy McPipe,1974-75,24,UTS,5,44,-0.8,-6.6,-0.1,-0.2,-0.265
Cozell McQueen,1985-86,,Did not play - other pro league,,,,,,,
Cozell McQueen,1986-87,25,DET,3,7,58.3,26.1,0.0,0.1,.627
Jordan McRae,2014-15,,Did not play - other pro league,,,,,,,
Jordan McRae,2015-16,24,2TM,22,195,14.2,-1.8,0.0,0.4,.087
Jordan McRae,2015-16,24,PHO,7,82,14.2,-1.1,0.0,0.2,.096
Jordan McRae,2015-16,24,CLE,15,113,14.2,-2.4,0.0,0.2,.081
Jordan McRae,2016-17,25,CLE,37,384,9.7,-3.7,-0.2,0.2,.020
Jordan McRae,2017-18,,Did not play - other pro league,,,,,,,
Jordan McRae,2018-19,27,WAS,27,333,14.3,-1.7,0.0,0.5,.066
Jordan McRae,2019-20,28,3TM,37,784,14.2,-1.5,0.1,0.7,.044
Jordan McRae,2019-20,28,WAS,29,654,15.2,-0.4,0.3,0.7,.051
Jordan McRae,2019-20,28,DEN,4,32,16.7,2.5,0.0,0.1,.201
Jordan McRae,2019-20,28,DET,4,98,6.5,-9.8,-0.2,-0.1,-0.053
Thales McReynolds,1965-66,22,BAL,5,28,-3.3,,,-0.2,-0.356
Josh McRoberts,2007-08,20,POR,8,28,20.3,3.7,0.0,0.1,.131
Josh McRoberts,2008-09,21,IND,33,279,12.5,-2.3,0.0,0.4,.073
Josh McRoberts,2009-10,22,IND,42,524,14.8,-0.2,0.2,1.5,.134
Josh McRoberts,2010-11,23,IND,72,1597,16.0,2.3,1.7,4.9,.147
Josh McRoberts,2011-12,24,LAL,50,718,10.9,-1.4,0.1,1.4,.095
Josh McRoberts,2012-13,25,2TM,67,1487,12.7,-1.4,0.2,2.2,.072
Josh McRoberts,2012-13,25,ORL,41,685,10.2,-1.9,0.0,0.7,.051
Josh McRoberts,2012-13,25,CHA,26,802,14.8,-0.9,0.2,1.5,.090
Josh McRoberts,2013-14,26,CHA,78,2360,13.8,2.0,2.3,6.5,.132
Josh McRoberts,2014-15,27,MIA,17,296,10.2,-2.8,-0.1,0.4,.070
Josh McRoberts,2015-16,28,MIA,42,595,9.9,-1.6,0.1,0.8,.064
Josh McRoberts,2016-17,29,MIA,22,381,9.8,-1.6,0.0,0.3,.036
Josh McRoberts,2017-18,30,DAL,2,6,-12.5,-21.4,0.0,0.0,-0.190
Jack McVeigh,2024-25,28,HOU,9,43,4.0,-7.7,-0.1,0.0,-0.031
Eric McWilliams,1972-73,22,HOU,44,245,5.9,,,-0.4,-0.074
George Mearns,1946-47,24,PRO,57,,,,,2.1,
George Mearns,1947-48,25,PRO,24,,,,,-0.9,
Stanislav Medvedenko,2000-01,21,LAL,7,39,21.8,-2.3,0.0,0.1,.126
Stanislav Medvedenko,2001-02,22,LAL,71,729,15.6,-2.2,0.0,1.8,.118
Stanislav Medvedenko,2002-03,23,LAL,58,620,10.3,-7.4,-0.8,0.4,.032
Stanislav Medvedenko,2003-04,24,LAL,68,1442,13.6,-3.2,-0.4,3.0,.101
Stanislav Medvedenko,2004-05,25,LAL,43,423,11.9,-5.1,-0.3,0.5,.053
Stanislav Medvedenko,2005-06,26,LAL,2,6,11.0,-1.4,0.0,0.0,.114
Stanislav Medvedenko,2006-07,27,ATL,14,81,13.7,-5.7,-0.1,0.2,.107
Darnell Mee,1993-94,22,DEN,38,285,6.3,-3.0,-0.1,-0.1,-0.022
Darnell Mee,1994-95,23,DEN,2,8,15.3,3.9,0.0,0.0,.038
Jodie Meeks,2009-10,22,2TM,60,719,10.8,-2.1,0.0,0.9,.060
Jodie Meeks,2009-10,22,MIL,41,486,8.4,-3.0,-0.1,0.3,.029
Jodie Meeks,2009-10,22,PHI,19,233,15.8,0.0,0.1,0.6,.124
Jodie Meeks,2010-11,23,PHI,74,2062,12.5,0.2,1.1,5.1,.120
Jodie Meeks,2011-12,24,PHI,66,1644,11.5,-0.7,0.5,4.1,.120
Jodie Meeks,2012-13,25,LAL,78,1663,11.4,-1.0,0.4,3.0,.085
Jodie Meeks,2013-14,26,LAL,77,2556,14.7,-0.1,1.2,4.5,.084
Jodie Meeks,2014-15,27,DET,60,1462,14.1,-0.5,0.5,3.1,.103
Jodie Meeks,2015-16,28,DET,3,43,13.5,-2.9,0.0,0.1,.107
Jodie Meeks,2016-17,29,ORL,36,738,13.1,-1.8,0.1,1.1,.073
Jodie Meeks,2017-18,30,WAS,77,1119,12.4,-1.1,0.3,2.0,.086
Jodie Meeks,2018-19,31,TOR,8,104,16.0,0.5,0.1,0.3,.153
Cliff Meely,1971-72,24,HOU,77,1815,12.1,,,1.8,.048
Cliff Meely,1972-73,25,HOU,82,1694,10.5,,,0.4,.012
Cliff Meely,1973-74,26,HOU,77,1754,13.0,-2.6,-0.3,1.2,.033
Cliff Meely,1974-75,27,HOU,48,753,14.7,-2.8,-0.2,1.0,.067
Cliff Meely,1975-76,28,2TM,34,313,13.1,-4.1,-0.2,0.2,.026
Cliff Meely,1975-76,28,HOU,14,174,12.0,-4.4,-0.1,0.0,-0.010
Cliff Meely,1975-76,28,LAL,20,139,14.5,-3.8,-0.1,0.2,.071
Scott Meents,1989-90,26,SEA,26,148,11.9,-1.6,0.0,0.2,.066
Scott Meents,1990-91,27,SEA,13,53,9.4,-1.4,0.0,-0.1,-0.117
Dick Mehen,1949-50,27,WAT,62,,,,,5.6,
Dick Mehen,1950-51,28,3TM,66,,,,,1.9,
Dick Mehen,1950-51,28,BLB,16,,,,,0.5,
Dick Mehen,1950-51,28,BOS,7,,,,,0.0,
Dick Mehen,1950-51,28,FTW,43,,,,,1.4,
Dick Mehen,1951-52,29,MLH,65,2294,10.7,,,0.6,.012
Monk Meineke,1952-53,22,FTW,68,2250,14.6,,,6.1,.130
Monk Meineke,1953-54,23,FTW,71,1466,13.2,,,2.6,.086
Monk Meineke,1954-55,24,FTW,68,1026,12.8,,,1.8,.086
Monk Meineke,1955-56,25,ROC,69,1248,14.4,,,3.7,.141
Monk Meineke,1956-57,,Did not play - retired,,,,,,,
Monk Meineke,1957-58,27,CIN,67,792,10.1,,,0.7,.040
Carl Meinhold,1947-48,21,BLB,48,,,,,1.1,
Carl Meinhold,1948-49,22,2TM,50,,,,,0.6,
Carl Meinhold,1948-49,22,CHS,15,,,,,0.6,
Carl Meinhold,1948-49,22,PRO,35,,,,,0.0,
Salah Mejri,2015-16,29,DAL,34,397,16.8,0.2,0.2,1.3,.156
Salah Mejri,2016-17,30,DAL,73,905,14.8,-0.7,0.3,3.0,.159
Salah Mejri,2017-18,31,DAL,61,729,17.8,0.7,0.5,2.7,.175
Salah Mejri,2018-19,32,DAL,36,399,16.1,0.8,0.3,1.1,.136
Gal Mekel,2013-14,25,DAL,31,292,5.4,-7.6,-0.4,-0.4,-0.073
Gal Mekel,2014-15,26,NOP,4,43,0.5,-11.3,-0.1,-0.2,-0.238
Bill Melchionni,1966-67,22,PHI,73,692,10.8,,,-0.1,-0.005
Bill Melchionni,1967-68,23,PHI,71,758,11.9,,,1.1,.066
Bill Melchionni,1968-69,,Did not play - sat out option year,,,,,,,
Bill Melchionni,1969-70,25,NYA,80,3157,13.5,,,6.5,.098
Bill Melchionni,1970-71,26,NYA,81,3284,13.9,,,4.8,.070
Bill Melchionni,1971-72,27,NYA,80,3326,16.6,,,8.4,.121
Bill Melchionni,1972-73,28,NYA,61,1849,13.4,,,1.5,.039
Bill Melchionni,1973-74,29,NYA,56,1146,9.9,-1.9,0.0,1.6,.068
Bill Melchionni,1974-75,30,NYA,77,1384,13.9,0.1,0.7,3.3,.114
Bill Melchionni,1975-76,31,NYA,67,1191,12.6,-1.1,0.3,1.8,.074
Gary Melchionni,1973-74,23,PHO,69,1251,13.0,-1.0,0.3,1.8,.070
Gary Melchionni,1974-75,24,PHO,68,1529,12.3,-1.5,0.2,2.1,.065
Nicolò Melli,2019-20,29,NOP,60,1042,11.4,-1.3,0.2,1.8,.082
Nicolò Melli,2020-21,30,2TM,45,566,7.9,-3.5,-0.2,0.6,.048
Nicolò Melli,2020-21,30,NOP,22,241,5.8,-3.9,-0.1,0.0,.008
Nicolò Melli,2020-21,30,DAL,23,325,9.4,-3.2,-0.1,0.5,.078
Fab Melo,2012-13,22,BOS,6,36,4.9,-7.6,-0.1,0.0,.021
De'Anthony Melton,2018-19,20,PHO,50,984,9.9,-2.7,-0.2,0.0,.002
De'Anthony Melton,2019-20,21,MEM,60,1167,13.5,-0.2,0.5,1.7,.072
De'Anthony Melton,2020-21,22,MEM,52,1045,15.2,2.3,1.1,2.2,.103
De'Anthony Melton,2021-22,23,MEM,73,1657,15.2,1.9,1.6,3.7,.107
De'Anthony Melton,2022-23,24,PHI,77,2150,12.7,0.9,1.6,4.2,.095
De'Anthony Melton,2023-24,25,PHI,38,1023,13.4,0.5,0.7,2.1,.099
De'Anthony Melton,2024-25,26,GSW,6,121,13.3,-0.8,0.0,0.2,.076
Ed Melvin,1946-47,30,PIT,57,,,,,0.7,
Dean Meminger,1971-72,23,NYK,78,1173,10.3,,,2.2,.089
Dean Meminger,1972-73,24,NYK,80,1453,12.4,,,4.4,.144
Dean Meminger,1973-74,25,NYK,78,2079,11.7,0.3,1.2,5.0,.115
Dean Meminger,1974-75,26,ATL,80,2177,13.9,0.4,1.3,3.9,.086
Dean Meminger,1975-76,27,ATL,68,1418,12.1,-1.8,0.1,1.0,.033
Dean Meminger,1976-77,28,NYK,32,254,8.0,-1.8,0.0,0.2,.032
Chuck Mencel,1955-56,22,MNL,69,973,10.1,,,-0.3,-0.015
Chuck Mencel,1956-57,23,MNL,72,1848,12.6,,,2.2,.058
John Mengelt,1971-72,22,CIN,78,1438,15.8,,,3.7,.124
John Mengelt,1972-73,23,2TM,79,1647,14.1,,,3.9,.114
John Mengelt,1972-73,23,KCO,12,212,7.8,,,-0.2,-0.039
John Mengelt,1972-73,23,DET,67,1435,15.1,,,4.1,.136
John Mengelt,1973-74,24,DET,77,1555,13.8,-0.8,0.5,3.5,.108
John Mengelt,1974-75,25,DET,80,1995,14.7,-1.4,0.3,4.0,.095
John Mengelt,1975-76,26,DET,67,1105,19.4,0.8,0.8,3.2,.140
John Mengelt,1976-77,27,CHI,61,1178,12.9,-1.4,0.2,2.3,.092
John Mengelt,1977-78,28,CHI,81,1767,14.5,-0.9,0.5,3.9,.105
John Mengelt,1978-79,29,CHI,75,1705,13.2,-1.9,0.1,3.0,.084
John Mengelt,1979-80,30,CHI,36,387,13.4,-3.1,-0.1,0.6,.070
John Mengelt,1980-81,31,GSW,2,11,-5.9,-5.0,0.0,-0.1,-0.247
Ken Menke,1949-50,27,WAT,6,,,,,0.0,
Nathan Mensah,2023-24,25,CHO,25,307,5.0,-8.8,-0.5,0.1,.023
Pops Mensah-Bonsu,2006-07,23,DAL,12,71,11.6,-6.6,-0.1,0.0,.022
Pops Mensah-Bonsu,2007-08,,Did not play - other pro league,,,,,,,
Pops Mensah-Bonsu,2008-09,25,2TM,22,283,14.5,-5.5,-0.3,0.3,.058
Pops Mensah-Bonsu,2008-09,25,SAS,3,20,35.8,8.2,0.1,0.2,.418
Pops Mensah-Bonsu,2008-09,25,TOR,19,263,12.9,-6.6,-0.3,0.2,.031
Pops Mensah-Bonsu,2009-10,26,2TM,20,120,11.4,-5.1,-0.1,0.0,.006
Pops Mensah-Bonsu,2009-10,26,HOU,4,13,15.2,0.9,0.0,0.0,.108
Pops Mensah-Bonsu,2009-10,26,TOR,16,107,11.0,-5.8,-0.1,0.0,-0.006
Pops Mensah-Bonsu,2010-11,27,NOH,7,35,-0.1,-8.4,-0.1,0.0,.013
Dewitt Menyard,1967-68,23,HSM,71,1756,12.0,,,1.1,.031
Ron Mercer,1997-98,21,BOS,80,2662,14.1,-1.4,0.4,4.0,.073
Ron Mercer,1998-99,22,BOS,41,1551,13.5,-2.3,-0.1,1.3,.039
Ron Mercer,1999-00,23,2TM,68,2377,12.7,-3.1,-0.6,1.8,.036
Ron Mercer,1999-00,23,DEN,37,1408,13.4,-2.6,-0.2,1.2,.040
Ron Mercer,1999-00,23,ORL,31,969,11.8,-3.7,-0.4,0.6,.031
Ron Mercer,2000-01,24,CHI,61,2535,14.8,-1.9,0.1,1.8,.035
Ron Mercer,2001-02,25,2TM,53,1716,10.2,-4.6,-1.1,-1.1,-0.032
Ron Mercer,2001-02,25,CHI,40,1503,10.8,-4.3,-0.9,-1.1,-0.035
Ron Mercer,2001-02,25,IND,13,213,6.0,-6.4,-0.2,0.0,-0.010
Ron Mercer,2002-03,26,IND,72,1671,9.3,-3.6,-0.6,1.3,.037
Ron Mercer,2003-04,27,SAS,39,516,9.3,-3.6,-0.2,0.4,.040
Ron Mercer,2004-05,28,NJN,18,390,9.4,-4.0,-0.2,-0.1,-0.007
Joe Meriweather,1975-76,22,HOU,81,2042,14.4,-0.9,0.6,3.8,.090
Joe Meriweather,1976-77,23,ATL,74,2068,14.5,-0.9,0.6,4.8,.112
Joe Meriweather,1977-78,24,NOJ,54,1277,13.7,-1.0,0.3,2.6,.096
Joe Meriweather,1978-79,25,2TM,77,1693,11.4,-2.8,-0.3,2.3,.064
Joe Meriweather,1978-79,25,NOJ,36,640,11.8,-2.7,-0.1,0.9,.066
Joe Meriweather,1978-79,25,NYK,41,1053,11.2,-2.9,-0.2,1.4,.063
Joe Meriweather,1979-80,26,NYK,65,1565,12.2,-2.0,0.0,2.2,.068
Joe Meriweather,1980-81,27,KCK,74,1514,12.4,-2.4,-0.2,2.6,.083
Joe Meriweather,1981-82,28,KCK,18,380,12.2,-1.2,0.1,0.8,.097
Joe Meriweather,1982-83,29,KCK,78,1706,12.8,-0.7,0.6,3.8,.108
Joe Meriweather,1983-84,30,KCK,73,1501,10.9,-2.3,-0.1,2.9,.092
Joe Meriweather,1984-85,31,KCK,76,1061,10.2,-3.2,-0.3,1.8,.083
Joe Meriweather,1985-86,,Did not play - other pro league,,,,,,,
Porter Meriwether,1962-63,22,SYR,31,268,12.4,,,0.2,.030
Sam Merrill,2020-21,24,MIL,30,233,11.9,-1.0,0.1,0.5,.102
Sam Merrill,2021-22,25,MEM,6,58,7.5,-5.6,-0.1,0.0,.029
Sam Merrill,2022-23,26,CLE,5,59,15.5,1.2,0.0,0.2,.160
Sam Merrill,2023-24,27,CLE,61,1069,13.1,0.5,0.7,2.8,.125
Sam Merrill,2024-25,28,CLE,71,1401,11.1,0.3,0.8,3.3,.113
Tom Meschery,1961-62,23,PHW,80,2509,11.0,,,3.7,.072
Tom Meschery,1962-63,24,SFW,64,2245,12.9,,,3.0,.065
Tom Meschery,1963-64,25,SFW,80,2422,14.8,,,7.5,.148
Tom Meschery,1964-65,26,SFW,79,2408,12.9,,,4.1,.081
Tom Meschery,1965-66,27,SFW,80,2383,13.2,,,5.2,.105
Tom Meschery,1966-67,28,SFW,72,1846,11.6,,,3.1,.081
Tom Meschery,1967-68,29,SEA,82,2857,13.4,,,4.8,.081
Tom Meschery,1968-69,30,SEA,82,2673,14.5,,,4.6,.082
Tom Meschery,1969-70,31,SEA,80,2294,13.6,,,4.4,.092
Tom Meschery,1970-71,32,SEA,79,1822,13.0,,,3.1,.081
Chimezie Metu,2018-19,21,SAS,29,145,6.4,-8.7,-0.2,-0.3,-0.099
Chimezie Metu,2019-20,22,SAS,18,105,22.2,1.7,0.1,0.3,.130
Chimezie Metu,2020-21,23,SAC,36,488,14.5,-3.6,-0.2,0.6,.061
Chimezie Metu,2021-22,24,SAC,60,1279,13.4,-1.5,0.2,1.5,.056
Chimezie Metu,2022-23,25,SAC,66,689,17.3,-0.1,0.3,2.1,.143
Chimezie Metu,2023-24,26,2TM,51,859,13.3,-1.3,0.2,1.5,.085
Chimezie Metu,2023-24,26,PHO,37,448,13.9,-1.3,0.1,1.0,.106
Chimezie Metu,2023-24,26,DET,14,411,12.6,-1.3,0.1,0.5,.063
Bill Meyer,1967-68,24,PTP,7,45,11.7,,,0.1,.074
Loren Meyer,1995-96,23,DAL,72,1266,9.4,-5.9,-1.3,1.1,.041
Loren Meyer,1996-97,24,2TM,54,708,8.1,-8.4,-1.1,-0.3,-0.020
Loren Meyer,1996-97,24,DAL,19,259,4.4,-10.0,-0.5,-0.4,-0.071
Loren Meyer,1996-97,24,PHO,35,449,10.2,-7.5,-0.6,0.1,.009
Loren Meyer,1997-98,,Did not play - injury,,,,,,,
Loren Meyer,1998-99,26,DEN,14,70,-2.8,-16.9,-0.3,-0.3,-0.190
Dave Meyers,1975-76,22,MIL,72,1589,13.4,-0.7,0.5,2.4,.072
Dave Meyers,1976-77,23,MIL,50,1262,14.0,-1.1,0.3,2.2,.082
Dave Meyers,1977-78,24,MIL,80,2416,15.4,-0.4,1.0,5.0,.099
Dave Meyers,1978-79,,Did not play - injury,,,,,,,
Dave Meyers,1979-80,26,MIL,79,2204,13.3,-0.8,0.7,3.9,.084
Dave Meyers,1980-81,,Did not play - retired,,,,,,,
Stan Miasek,1946-47,23,DTF,60,,,,,10.3,
Stan Miasek,1947-48,24,CHS,48,,,,,5.5,
Stan Miasek,1948-49,25,CHS,58,,,,,3.5,
Stan Miasek,1949-50,26,CHS,68,,,,,5.8,
Stan Miasek,1950-51,,Did not play - other pro league,,,,,,,
Stan Miasek,1951-52,28,BLB,66,2174,16.6,,,4.1,.089
Stan Miasek,1952-53,29,2TM,65,1584,13.7,,,2.1,.064
Stan Miasek,1952-53,29,BLB,25,835,16.4,,,1.6,.094
Stan Miasek,1952-53,29,MLH,40,749,10.8,,,0.5,.032
Larry Micheaux,1983-84,23,KCK,39,332,16.1,0.7,0.3,0.9,.130
Larry Micheaux,1984-85,24,2TM,57,565,14.8,0.3,0.3,1.6,.137
Larry Micheaux,1984-85,24,MIL,18,171,13.3,2.3,0.2,0.5,.154
Larry Micheaux,1984-85,24,HOU,39,394,15.4,-0.6,0.1,1.1,.129
Vasilije Micić,2014-15,,Did not play - other pro league,,,,,,,
Vasilije Micić,2015-16,,Did not play - other pro league,,,,,,,
Vasilije Micić,2016-17,,Did not play - other pro league,,,,,,,
Vasilije Micić,2017-18,,Did not play - other pro league,,,,,,,
Vasilije Micić,2018-19,,Did not play - other pro league,,,,,,,
Vasilije Micić,2019-20,,Did not play - other pro league,,,,,,,
Vasilije Micić,2020-21,,Did not play - other pro league,,,,,,,
Vasilije Micić,2021-22,,Did not play - other pro league,,,,,,,
Vasilije Micić,2022-23,,Did not play - other pro league,,,,,,,
Vasilije Micić,2023-24,30,2TM,60,1176,10.7,-4.6,-0.8,0.4,.015
Vasilije Micić,2023-24,30,OKC,30,361,8.0,-5.3,-0.3,0.2,.021
Vasilije Micić,2023-24,30,CHO,30,815,11.9,-4.4,-0.5,0.2,.012
Vasilije Micić,2024-25,31,2TM,41,785,6.5,-7.0,-1.0,-1.0,-0.060
Vasilije Micić,2024-25,31,CHO,36,764,6.8,-6.8,-0.9,-0.9,-0.056
Vasilije Micić,2024-25,31,PHO,5,21,-5.2,-14.8,-0.1,-0.1,-0.189
Jordan Mickey,2015-16,21,BOS,16,57,15.3,-1.5,0.0,0.1,.068
Jordan Mickey,2016-17,22,BOS,25,141,9.8,-4.7,-0.1,0.1,.036
Jordan Mickey,2017-18,23,MIA,23,284,10.6,-5.6,-0.3,0.3,.054
Khris Middleton,2012-13,21,DET,27,475,11.4,-1.9,0.0,0.9,.089
Khris Middleton,2013-14,22,MIL,82,2460,12.5,-2.3,-0.2,2.7,.053
Khris Middleton,2014-15,23,MIL,79,2378,15.6,1.6,2.2,6.7,.135
Khris Middleton,2015-16,24,MIL,79,2852,16.8,0.6,1.9,6.1,.103
Khris Middleton,2016-17,25,MIL,29,889,15.0,-0.3,0.4,1.6,.085
Khris Middleton,2017-18,26,MIL,82,2982,17.4,0.0,1.5,6.9,.111
Khris Middleton,2018-19,27,MIL,77,2393,16.5,0.8,1.7,6.1,.123
Khris Middleton,2019-20,28,MIL,62,1853,21.1,4.1,2.9,7.9,.205
Khris Middleton,2020-21,29,MIL,68,2269,18.2,1.3,1.9,6.4,.135
Khris Middleton,2021-22,30,MIL,66,2141,18.1,1.6,1.9,5.3,.119
Khris Middleton,2022-23,31,MIL,33,801,17.4,0.8,0.6,1.9,.117
Khris Middleton,2023-24,32,MIL,55,1487,17.0,1.1,1.2,3.4,.109
Khris Middleton,2024-25,33,2TM,37,843,16.7,0.7,0.6,2.0,.116
Khris Middleton,2024-25,33,MIL,23,534,17.8,2.2,0.6,1.7,.150
Khris Middleton,2024-25,33,WAS,14,309,14.9,-2.0,0.0,0.4,.057
Red Mihalik,1946-47,30,PIT,7,,,,,0.0,
Chris Mihm,2000-01,21,CLE,59,1166,12.6,-4.2,-0.7,1.3,.053
Chris Mihm,2001-02,22,CLE,74,1659,10.0,-6.9,-2.0,0.7,.019
Chris Mihm,2002-03,23,CLE,52,809,13.2,-5.0,-0.6,0.9,.053
Chris Mihm,2003-04,24,2TM,76,1330,14.6,-3.0,-0.3,2.9,.104
Chris Mihm,2003-04,24,CLE,22,391,16.6,-1.8,0.0,0.9,.117
Chris Mihm,2003-04,24,BOS,54,939,13.8,-3.5,-0.4,1.9,.099
Chris Mihm,2004-05,25,LAL,75,1870,15.7,-2.4,-0.2,3.6,.092
Chris Mihm,2005-06,26,LAL,59,1541,15.3,-1.9,0.0,4.0,.124
Chris Mihm,2006-07,,Did not play - injury,,,,,,,
Chris Mihm,2007-08,28,LAL,23,278,7.7,-8.0,-0.4,0.0,-0.004
Chris Mihm,2008-09,29,LAL,18,105,10.0,-6.2,-0.1,0.1,.026
Eric Mika,2019-20,25,SAC,1,19,13.9,-3.4,0.0,0.1,.218
Ed Mikan,1948-49,23,CHS,60,,,,,2.7,
Ed Mikan,1949-50,24,2TM,65,,,,,0.8,
Ed Mikan,1949-50,24,CHS,21,,,,,0.2,
Ed Mikan,1949-50,24,ROC,44,,,,,0.6,
Ed Mikan,1950-51,25,3TM,61,,,,,2.4,
Ed Mikan,1950-51,25,ROC,10,,,,,-0.3,
Ed Mikan,1950-51,25,WSC,18,,,,,0.3,
Ed Mikan,1950-51,25,PHW,33,,,,,2.4,
Ed Mikan,1951-52,26,PHW,66,1781,11.6,,,0.8,.021
Ed Mikan,1952-53,27,2TM,62,927,9.1,,,-0.7,-0.038
Ed Mikan,1952-53,27,PHW,19,358,12.6,,,-0.4,-0.051
Ed Mikan,1952-53,27,INO,43,569,7.0,,,-0.3,-0.029
Ed Mikan,1953-54,28,BOS,9,71,8.3,,,0.0,-0.023
George Mikan,1948-49,24,MNL,60,,,,,20.9,
George Mikan,1949-50,25,MNL,68,,,,,21.1,
George Mikan,1950-51,26,MNL,68,,,,,23.4,
George Mikan,1951-52,27,MNL,64,2572,26.6,,,14.4,.268
George Mikan,1952-53,28,MNL,70,2651,28.5,,,14.6,.264
George Mikan,1953-54,29,MNL,72,2362,29.0,,,12.7,.258
George Mikan,1954-55,,Did not play - retired,,,,,,,
George Mikan,1955-56,31,MNL,37,765,17.9,,,1.6,.098
Larry Mikan,1970-71,22,CLE,53,536,8.4,,,-0.8,-0.073
Vern Mikkelsen,1949-50,21,MNL,68,,,,,9.2,
Vern Mikkelsen,1950-51,22,MNL,64,,,,,8.9,
Vern Mikkelsen,1951-52,23,MNL,66,2345,22.0,,,13.2,.270
Vern Mikkelsen,1952-53,24,MNL,70,2465,21.6,,,12.0,.235
Vern Mikkelsen,1953-54,25,MNL,72,2247,16.7,,,6.6,.141
Vern Mikkelsen,1954-55,26,MNL,71,2559,20.6,,,10.9,.205
Vern Mikkelsen,1955-56,27,MNL,72,2100,16.9,,,5.4,.123
Vern Mikkelsen,1956-57,28,MNL,72,2198,16.2,,,6.1,.134
Vern Mikkelsen,1957-58,29,MNL,72,2390,18.9,,,6.5,.130
Vern Mikkelsen,1958-59,30,MNL,72,2139,15.9,,,4.5,.102
Al Miksis,1949-50,21,WAT,8,,,,,0.1,
Aaron Miles,2005-06,22,GSW,19,118,6.0,-5.0,-0.1,0.0,-0.015
C.J. Miles,2005-06,18,UTA,23,203,13.8,-1.8,0.0,0.3,.076
C.J. Miles,2006-07,19,UTA,37,373,2.8,-7.3,-0.5,-0.5,-0.062
C.J. Miles,2007-08,20,UTA,60,689,14.2,0.6,0.5,1.9,.134
C.J. Miles,2008-09,21,UTA,72,1623,11.8,-1.6,0.2,2.9,.086
C.J. Miles,2009-10,22,UTA,63,1497,10.8,-1.9,0.0,1.9,.061
C.J. Miles,2010-11,23,UTA,78,1969,14.4,-1.0,0.5,2.5,.061
C.J. Miles,2011-12,24,UTA,56,1145,12.4,-1.8,0.0,1.5,.063
C.J. Miles,2012-13,25,CLE,65,1364,15.3,1.1,1.1,2.6,.092
C.J. Miles,2013-14,26,CLE,51,984,16.0,2.4,1.1,2.5,.122
C.J. Miles,2014-15,27,IND,70,1841,14.1,0.9,1.3,3.6,.093
C.J. Miles,2015-16,28,IND,64,1464,14.0,0.5,0.9,3.1,.103
C.J. Miles,2016-17,29,IND,76,1776,13.8,0.5,1.1,4.0,.109
C.J. Miles,2017-18,30,TOR,70,1337,13.0,0.3,0.8,2.9,.103
C.J. Miles,2018-19,31,2TM,53,856,9.0,-2.9,-0.2,0.7,.041
C.J. Miles,2018-19,31,TOR,40,562,8.0,-3.6,-0.2,0.4,.035
C.J. Miles,2018-19,31,MEM,13,294,10.8,-1.5,0.0,0.3,.054
C.J. Miles,2019-20,32,WAS,10,161,11.1,-1.7,0.0,0.1,.035
C.J. Miles,2020-21,,Did not play - unsigned,,,,,,,
C.J. Miles,2021-22,34,BOS,1,2,-7.8,-16.3,0.0,0.0,.030
Darius Miles,2000-01,19,LAC,81,2133,14.7,-0.5,0.8,3.0,.068
Darius Miles,2001-02,20,LAC,82,2227,14.4,0.6,1.5,3.4,.074
Darius Miles,2002-03,21,CLE,67,2008,9.7,-3.7,-0.9,-1.3,-0.032
Darius Miles,2003-04,22,2TM,79,2079,16.1,0.4,1.3,3.6,.083
Darius Miles,2003-04,22,CLE,37,888,12.7,-1.6,0.1,0.6,.032
Darius Miles,2003-04,22,POR,42,1191,18.6,1.9,1.1,3.0,.121
Darius Miles,2004-05,23,POR,63,1699,15.5,-0.6,0.6,1.3,.036
Darius Miles,2005-06,24,POR,40,1286,12.5,-3.4,-0.4,-1.0,-0.037
Darius Miles,2006-07,,Did not play - injury,,,,,,,
Darius Miles,2007-08,,Did not play - injury,,,,,,,
Darius Miles,2008-09,27,MEM,34,298,16.1,0.9,0.2,0.5,.077
Eddie Miles,1963-64,23,DET,60,811,8.0,,,-0.9,-0.053
Eddie Miles,1964-65,24,DET,76,2074,13.8,,,4.0,.092
Eddie Miles,1965-66,25,DET,80,2788,15.1,,,6.0,.104
Eddie Miles,1966-67,26,DET,81,2419,14.9,,,3.7,.073
Eddie Miles,1967-68,27,DET,76,2303,16.6,,,5.9,.123
Eddie Miles,1968-69,28,DET,80,2252,12.5,,,2.4,.051
Eddie Miles,1969-70,29,2TM,47,1295,12.7,,,1.2,.046
Eddie Miles,1969-70,29,DET,44,1243,12.8,,,1.0,.040
Eddie Miles,1969-70,29,BAL,3,52,10.1,,,0.2,.173
Eddie Miles,1970-71,30,BAL,63,1541,10.9,,,2.0,.061
Eddie Miles,1971-72,31,NYK,42,198,5.2,,,0.0,.009
Marko Milič,1997-98,20,PHO,33,163,18.4,-0.5,0.1,0.3,.102
Marko Milič,1998-99,21,PHO,11,53,3.9,-8.2,-0.1,-0.1,-0.124
