player_name,player_url,letter
Alaa Abdelnaby,https://www.basketball-reference.com/players/a/abdelal01.html,A
Zaid Abdul-Aziz,https://www.basketball-reference.com/players/a/abdulza01.html,A
Kareem Abdul-Jabbar,https://www.basketball-reference.com/players/a/abdulka01.html,A
Mahmoud Abdul-Rauf,https://www.basketball-reference.com/players/a/abdulma02.html,A
Tariq Abdul-Wahad,https://www.basketball-reference.com/players/a/abdulta01.html,A
Shareef Abdur-Rahim,https://www.basketball-reference.com/players/a/abdursh01.html,A
Tom Abernethy,https://www.basketball-reference.com/players/a/abernto01.html,A
Forest Able,https://www.basketball-reference.com/players/a/ablefo01.html,A
John Abramovic,https://www.basketball-reference.com/players/a/abramjo01.html,A
Álex Abrines,https://www.basketball-reference.com/players/a/abrinal01.html,A
Precious Achiuwa,https://www.basketball-reference.com/players/a/achiupr01.html,A
Alex Acker,https://www.basketball-reference.com/players/a/ackeral01.html,A
Don Ackerman,https://www.basketball-reference.com/players/a/ackerdo01.html,A
Mark Acres,https://www.basketball-reference.com/players/a/acresma01.html,A
Bud Acton,https://www.basketball-reference.com/players/a/actonbu01.html,A
Quincy Acy,https://www.basketball-reference.com/players/a/acyqu01.html,A
Alvan Adams,https://www.basketball-reference.com/players/a/adamsal01.html,A
Don Adams,https://www.basketball-reference.com/players/a/adamsdo01.html,A
George Adams,https://www.basketball-reference.com/players/a/adamsge01.html,A
Hassan Adams,https://www.basketball-reference.com/players/a/adamsha01.html,A
Jaylen Adams,https://www.basketball-reference.com/players/a/adamsja01.html,A
Jordan Adams,https://www.basketball-reference.com/players/a/adamsjo01.html,A
Michael Adams,https://www.basketball-reference.com/players/a/adamsmi01.html,A
Steven Adams,https://www.basketball-reference.com/players/a/adamsst01.html,A
Rafael Addison,https://www.basketball-reference.com/players/a/addisra01.html,A
Bam Adebayo,https://www.basketball-reference.com/players/a/adebaba01.html,A
Deng Adel,https://www.basketball-reference.com/players/a/adelde01.html,A
Rick Adelman,https://www.basketball-reference.com/players/a/adelmri01.html,A
Jeff Adrien,https://www.basketball-reference.com/players/a/adrieje01.html,A
Arron Afflalo,https://www.basketball-reference.com/players/a/afflaar01.html,A
Ochai Agbaji,https://www.basketball-reference.com/players/a/agbajoc01.html,A
Maurice Ager,https://www.basketball-reference.com/players/a/agerma01.html,A
Mark Aguirre,https://www.basketball-reference.com/players/a/aguirma01.html,A
Blake Ahearn,https://www.basketball-reference.com/players/a/ahearbl01.html,A
Danny Ainge,https://www.basketball-reference.com/players/a/aingeda01.html,A
Matt Aitch,https://www.basketball-reference.com/players/a/aitchma01.html,A
Alexis Ajinça,https://www.basketball-reference.com/players/a/ajincal01.html,A
Henry Akin,https://www.basketball-reference.com/players/a/akinhe01.html,A
Josh Akognon,https://www.basketball-reference.com/players/a/akognjo01.html,A
DeVaughn Akoon-Purcell,https://www.basketball-reference.com/players/a/akoonde01.html,A
Solomon Alabi,https://www.basketball-reference.com/players/a/alabiso01.html,A
Mark Alarie,https://www.basketball-reference.com/players/a/alarima01.html,A
Gary Alcorn,https://www.basketball-reference.com/players/a/alcorga01.html,A
Santi Aldama,https://www.basketball-reference.com/players/a/aldamsa01.html,A
Furkan Aldemir,https://www.basketball-reference.com/players/a/aldemfu01.html,A
Cole Aldrich,https://www.basketball-reference.com/players/a/aldrico01.html,A
LaMarcus Aldridge,https://www.basketball-reference.com/players/a/aldrila01.html,A
Chuck Aleksinas,https://www.basketball-reference.com/players/a/aleksch01.html,A
Cliff Alexander,https://www.basketball-reference.com/players/a/alexacl01.html,A
Cory Alexander,https://www.basketball-reference.com/players/a/alexaco01.html,A
Courtney Alexander,https://www.basketball-reference.com/players/a/alexaco02.html,A
Gary Alexander,https://www.basketball-reference.com/players/a/alexaga01.html,A
Joe Alexander,https://www.basketball-reference.com/players/a/alexajo01.html,A
Kyle Alexander,https://www.basketball-reference.com/players/a/alexaky01.html,A
Trey Alexander,https://www.basketball-reference.com/players/a/alexatr01.html,A
Ty-Shon Alexander,https://www.basketball-reference.com/players/a/alexaty01.html,A
Victor Alexander,https://www.basketball-reference.com/players/a/alexavi01.html,A
Nickeil Alexander-Walker,https://www.basketball-reference.com/players/a/alexani01.html,A
Steve Alford,https://www.basketball-reference.com/players/a/alforst01.html,A
Rawle Alkins,https://www.basketball-reference.com/players/a/alkinra01.html,A
Bill Allen,https://www.basketball-reference.com/players/a/allenbi01.html,A
Bob Allen,https://www.basketball-reference.com/players/a/allenbo01.html,A
Grayson Allen,https://www.basketball-reference.com/players/a/allengr01.html,A
Jarrett Allen,https://www.basketball-reference.com/players/a/allenja01.html,A
Jerome Allen,https://www.basketball-reference.com/players/a/allenje01.html,A
Kadeem Allen,https://www.basketball-reference.com/players/a/allenka01.html,A
Lavoy Allen,https://www.basketball-reference.com/players/a/allenla01.html,A
Lucius Allen,https://www.basketball-reference.com/players/a/allenlu01.html,A
Malik Allen,https://www.basketball-reference.com/players/a/allenma01.html,A
Randy Allen,https://www.basketball-reference.com/players/a/allenra01.html,A
Ray Allen,https://www.basketball-reference.com/players/a/allenra02.html,A
Timmy Allen,https://www.basketball-reference.com/players/a/allenti01.html,A
Tony Allen,https://www.basketball-reference.com/players/a/allento01.html,A
Willie Allen,https://www.basketball-reference.com/players/a/allenwi01.html,A
Odis Allison,https://www.basketball-reference.com/players/a/allisod01.html,A
Lance Allred,https://www.basketball-reference.com/players/a/allrela01.html,A
Darrell Allums,https://www.basketball-reference.com/players/a/allumda01.html,A
Morris Almond,https://www.basketball-reference.com/players/a/almonmo01.html,A
Derrick Alston,https://www.basketball-reference.com/players/a/alstode01.html,A
Rafer Alston,https://www.basketball-reference.com/players/a/alstora01.html,A
Peter Aluma,https://www.basketball-reference.com/players/a/alumape01.html,A
Jose Alvarado,https://www.basketball-reference.com/players/a/alvarjo01.html,A
John Amaechi,https://www.basketball-reference.com/players/a/amaecjo01.html,A
Ashraf Amaya,https://www.basketball-reference.com/players/a/amayaas01.html,A
Al-Farouq Aminu,https://www.basketball-reference.com/players/a/aminual01.html,A
Lou Amundson,https://www.basketball-reference.com/players/a/amundlo01.html,A
Bob Anderegg,https://www.basketball-reference.com/players/a/anderbo01.html,A
Chris Andersen,https://www.basketball-reference.com/players/a/anderch01.html,A
David Andersen,https://www.basketball-reference.com/players/a/anderda03.html,A
Alan Anderson,https://www.basketball-reference.com/players/a/anderal01.html,A
Andy Anderson,https://www.basketball-reference.com/players/a/anderan01.html,A
Antonio Anderson,https://www.basketball-reference.com/players/a/anderan02.html,A
Cliff Anderson,https://www.basketball-reference.com/players/a/andercl01.html,A
Dan Anderson,https://www.basketball-reference.com/players/a/anderda01.html,A
Dan Anderson,https://www.basketball-reference.com/players/a/anderda02.html,A
Derek Anderson,https://www.basketball-reference.com/players/a/anderde01.html,A
Dwight Anderson,https://www.basketball-reference.com/players/a/anderdw01.html,A
Eric Anderson,https://www.basketball-reference.com/players/a/anderer01.html,A
Greg Anderson,https://www.basketball-reference.com/players/a/andergr01.html,A
J.J. Anderson,https://www.basketball-reference.com/players/a/anderjj01.html,A
James Anderson,https://www.basketball-reference.com/players/a/anderja01.html,A
Jerome Anderson,https://www.basketball-reference.com/players/a/anderje01.html,A
Justin Anderson,https://www.basketball-reference.com/players/a/anderju01.html,A
Kenny Anderson,https://www.basketball-reference.com/players/a/anderke01.html,A
Kim Anderson,https://www.basketball-reference.com/players/a/anderki01.html,A
Kyle Anderson,https://www.basketball-reference.com/players/a/anderky01.html,A
Michael Anderson,https://www.basketball-reference.com/players/a/andermi01.html,A
Nick Anderson,https://www.basketball-reference.com/players/a/anderni01.html,A
Richard Anderson,https://www.basketball-reference.com/players/a/anderri01.html,A
Ron Anderson,https://www.basketball-reference.com/players/a/anderro01.html,A
Ryan Anderson,https://www.basketball-reference.com/players/a/anderry01.html,A
Shandon Anderson,https://www.basketball-reference.com/players/a/andersh01.html,A
Willie Anderson,https://www.basketball-reference.com/players/a/anderwi01.html,A
Wally Anderzunas,https://www.basketball-reference.com/players/a/anderwa01.html,A
Martynas Andriuškevičius,https://www.basketball-reference.com/players/a/andrima01.html,A
Don Anielak,https://www.basketball-reference.com/players/a/anieldo01.html,A
Ike Anigbogu,https://www.basketball-reference.com/players/a/anigbik01.html,A
Michael Ansley,https://www.basketball-reference.com/players/a/anslemi01.html,A
Chris Anstey,https://www.basketball-reference.com/players/a/anstech01.html,A
Giannis Antetokounmpo,https://www.basketball-reference.com/players/a/antetgi01.html,A
Kostas Antetokounmpo,https://www.basketball-reference.com/players/a/antetko01.html,A
Thanasis Antetokounmpo,https://www.basketball-reference.com/players/a/antetth01.html,A
Carmelo Anthony,https://www.basketball-reference.com/players/a/anthoca01.html,A
Cole Anthony,https://www.basketball-reference.com/players/a/anthoco01.html,A
Greg Anthony,https://www.basketball-reference.com/players/a/anthogr01.html,A
Joel Anthony,https://www.basketball-reference.com/players/a/anthojo01.html,A
Pero Antić,https://www.basketball-reference.com/players/a/anticpe01.html,A
OG Anunoby,https://www.basketball-reference.com/players/a/anunoog01.html,A
Keith Appling,https://www.basketball-reference.com/players/a/applike01.html,A
Rafael Araújo,https://www.basketball-reference.com/players/a/araujra01.html,A
Stacey Arceneaux,https://www.basketball-reference.com/players/a/arcenst01.html,A
Robert Archibald,https://www.basketball-reference.com/players/a/archiro01.html,A
Tiny Archibald,https://www.basketball-reference.com/players/a/architi01.html,A
Ryan Arcidiacono,https://www.basketball-reference.com/players/a/arcidry01.html,A
Jim Ard,https://www.basketball-reference.com/players/a/ardji01.html,A
Gilbert Arenas,https://www.basketball-reference.com/players/a/arenagi01.html,A
Trevor Ariza,https://www.basketball-reference.com/players/a/arizatr01.html,A
Paul Arizin,https://www.basketball-reference.com/players/a/arizipa01.html,A
Joe Arlauckas,https://www.basketball-reference.com/players/a/arlaujo01.html,A
B.J. Armstrong,https://www.basketball-reference.com/players/a/armstbj01.html,A
Bob Armstrong,https://www.basketball-reference.com/players/a/armstbo01.html,A
Brandon Armstrong,https://www.basketball-reference.com/players/a/armstbr01.html,A
Curly Armstrong,https://www.basketball-reference.com/players/a/armstcu01.html,A
Darrell Armstrong,https://www.basketball-reference.com/players/a/armstda01.html,A
Hilton Armstrong,https://www.basketball-reference.com/players/a/armsthi01.html,A
Tate Armstrong,https://www.basketball-reference.com/players/a/armstta01.html,A
Jesse Arnelle,https://www.basketball-reference.com/players/a/arnelje01.html,A
Jay Arnette,https://www.basketball-reference.com/players/a/arnetja01.html,A
Bob Arnzen,https://www.basketball-reference.com/players/a/arnzebo01.html,A
Carlos Arroyo,https://www.basketball-reference.com/players/a/arroyca01.html,A
Darrell Arthur,https://www.basketball-reference.com/players/a/arthuda01.html,A
John Arthurs,https://www.basketball-reference.com/players/a/arthujo01.html,A
Jamel Artis,https://www.basketball-reference.com/players/a/artisja01.html,A
Ömer Aşık,https://www.basketball-reference.com/players/a/asikom01.html,A
Vincent Askew,https://www.basketball-reference.com/players/a/askewvi01.html,A
Keith Askins,https://www.basketball-reference.com/players/a/askinke01.html,A
Don Asmonga,https://www.basketball-reference.com/players/a/asmondo01.html,A
Dick Atha,https://www.basketball-reference.com/players/a/athadi01.html,A
Chucky Atkins,https://www.basketball-reference.com/players/a/atkinch01.html,A
Al Attles,https://www.basketball-reference.com/players/a/attleal01.html,A
Chet Aubuchon,https://www.basketball-reference.com/players/a/aubucch01.html,A
Stacey Augmon,https://www.basketball-reference.com/players/a/augmost01.html,A
D.J. Augustin,https://www.basketball-reference.com/players/a/augusdj01.html,A
James Augustine,https://www.basketball-reference.com/players/a/augusja01.html,A
Isaac Austin,https://www.basketball-reference.com/players/a/austiis01.html,A
Johnny Austin,https://www.basketball-reference.com/players/a/austijo01.html,A
Ken Austin,https://www.basketball-reference.com/players/a/austike01.html,A
Deni Avdija,https://www.basketball-reference.com/players/a/avdijde01.html,A
Anthony Avent,https://www.basketball-reference.com/players/a/aventan01.html,A
Bird Averitt,https://www.basketball-reference.com/players/a/averibi01.html,A
William Avery,https://www.basketball-reference.com/players/a/averywi01.html,A
Dennis Awtrey,https://www.basketball-reference.com/players/a/awtrede01.html,A
Joel Ayayi,https://www.basketball-reference.com/players/a/ayayijo01.html,A
Gustavo Ayón,https://www.basketball-reference.com/players/a/ayongu01.html,A
Jeff Ayres,https://www.basketball-reference.com/players/p/pendeje02.html,A
Deandre Ayton,https://www.basketball-reference.com/players/a/aytonde01.html,A
Kelenna Azubuike,https://www.basketball-reference.com/players/a/azubuke01.html,A
Udoka Azubuike,https://www.basketball-reference.com/players/a/azubuud01.html,A
Chris Babb,https://www.basketball-reference.com/players/b/babbch01.html,B
Luke Babbitt,https://www.basketball-reference.com/players/b/babbilu01.html,B
Miloš Babić,https://www.basketball-reference.com/players/b/babicmi01.html,B
Johnny Bach,https://www.basketball-reference.com/players/b/bachjo01.html,B
Dwayne Bacon,https://www.basketball-reference.com/players/b/bacondw01.html,B
Henry Bacon,https://www.basketball-reference.com/players/b/baconhe01.html,B
Ibou Badji,https://www.basketball-reference.com/players/b/badjiib01.html,B
Jim Baechtold,https://www.basketball-reference.com/players/b/baechji01.html,B
Dalibor Bagarić,https://www.basketball-reference.com/players/b/bagarda01.html,B
John Bagley,https://www.basketball-reference.com/players/b/baglejo01.html,B
Marcus Bagley,https://www.basketball-reference.com/players/b/baglema02.html,B
Marvin Bagley III,https://www.basketball-reference.com/players/b/baglema01.html,B
Amari Bailey,https://www.basketball-reference.com/players/b/baileam01.html,B
Carl Bailey,https://www.basketball-reference.com/players/b/baileca01.html,B
Gus Bailey,https://www.basketball-reference.com/players/b/bailegu01.html,B
James Bailey,https://www.basketball-reference.com/players/b/baileja01.html,B
Thurl Bailey,https://www.basketball-reference.com/players/b/baileth01.html,B
Toby Bailey,https://www.basketball-reference.com/players/b/baileto01.html,B
Cameron Bairstow,https://www.basketball-reference.com/players/b/bairsca01.html,B
Jimmie Baker,https://www.basketball-reference.com/players/b/bakerji01.html,B
Mark Baker,https://www.basketball-reference.com/players/b/bakerla01.html,B
Maurice Baker,https://www.basketball-reference.com/players/b/bakerma01.html,B
Norm Baker,https://www.basketball-reference.com/players/b/bakerno01.html,B
Ron Baker,https://www.basketball-reference.com/players/b/bakerro01.html,B
Vin Baker,https://www.basketball-reference.com/players/b/bakervi01.html,B
Patrick Baldwin Jr.,https://www.basketball-reference.com/players/b/baldwpa01.html,B
Wade Baldwin,https://www.basketball-reference.com/players/b/baldwwa01.html,B
Renaldo Balkman,https://www.basketball-reference.com/players/b/balkmre01.html,B
Cedric Ball,https://www.basketball-reference.com/players/b/ballce01.html,B
LaMelo Ball,https://www.basketball-reference.com/players/b/ballla01.html,B
Lonzo Ball,https://www.basketball-reference.com/players/b/balllo01.html,B
Greg Ballard,https://www.basketball-reference.com/players/b/ballagr01.html,B
Herschel Baltimore,https://www.basketball-reference.com/players/b/baltihe01.html,B
Mo Bamba,https://www.basketball-reference.com/players/b/bambamo01.html,B
Paolo Banchero,https://www.basketball-reference.com/players/b/banchpa01.html,B
Desmond Bane,https://www.basketball-reference.com/players/b/banede01.html,B
Gene Banks,https://www.basketball-reference.com/players/b/banksge01.html,B
Marcus Banks,https://www.basketball-reference.com/players/b/banksma01.html,B
Walker Banks,https://www.basketball-reference.com/players/b/bankswa01.html,B
Ken Bannister,https://www.basketball-reference.com/players/b/bannike01.html,B
Mike Bantom,https://www.basketball-reference.com/players/b/bantomi01.html,B
Dalano Banton,https://www.basketball-reference.com/players/b/bantoda01.html,B
Cat Barber,https://www.basketball-reference.com/players/b/barbeca01.html,B
John Barber,https://www.basketball-reference.com/players/b/barbejo01.html,B
Leandro Barbosa,https://www.basketball-reference.com/players/b/barbole01.html,B
Steve Bardo,https://www.basketball-reference.com/players/b/bardost01.html,B
J.J. Barea,https://www.basketball-reference.com/players/b/bareajo01.html,B
Andrea Bargnani,https://www.basketball-reference.com/players/b/bargnan01.html,B
Cliff Barker,https://www.basketball-reference.com/players/b/barkecl01.html,B
Tom Barker,https://www.basketball-reference.com/players/b/barketo01.html,B
Charles Barkley,https://www.basketball-reference.com/players/b/barklch01.html,B
Erick Barkley,https://www.basketball-reference.com/players/b/barkler01.html,B
Don Barksdale,https://www.basketball-reference.com/players/b/barksdo01.html,B
Dominick Barlow,https://www.basketball-reference.com/players/b/barlodo01.html,B
Harrison Barnes,https://www.basketball-reference.com/players/b/barneha02.html,B
Harry Barnes,https://www.basketball-reference.com/players/b/barneha01.html,B
Jim Barnes,https://www.basketball-reference.com/players/b/barneji01.html,B
Marvin Barnes,https://www.basketball-reference.com/players/b/barnema01.html,B
Matt Barnes,https://www.basketball-reference.com/players/b/barnema02.html,B
Scottie Barnes,https://www.basketball-reference.com/players/b/barnesc01.html,B
Dick Barnett,https://www.basketball-reference.com/players/b/barnedi01.html,B
Jim Barnett,https://www.basketball-reference.com/players/b/barneji02.html,B
Nate Barnett,https://www.basketball-reference.com/players/b/barnena01.html,B
John Barnhill,https://www.basketball-reference.com/players/b/barnhjo01.html,B
Norton Barnhill,https://www.basketball-reference.com/players/b/barnhno01.html,B
Leo Barnhorst,https://www.basketball-reference.com/players/b/barnhle01.html,B
John Barr,https://www.basketball-reference.com/players/b/barrjo01.html,B
Mike Barr,https://www.basketball-reference.com/players/b/barrmi01.html,B
Moe Barr,https://www.basketball-reference.com/players/b/barrmo01.html,B
Andre Barrett,https://www.basketball-reference.com/players/b/barrean01.html,B
Ernie Barrett,https://www.basketball-reference.com/players/b/barreer01.html,B
Mike Barrett,https://www.basketball-reference.com/players/b/barremi01.html,B
RJ Barrett,https://www.basketball-reference.com/players/b/barrerj01.html,B
Earl Barron,https://www.basketball-reference.com/players/b/barroea01.html,B
Dana Barros,https://www.basketball-reference.com/players/b/barroda01.html,B
Brent Barry,https://www.basketball-reference.com/players/b/barrybr01.html,B
Drew Barry,https://www.basketball-reference.com/players/b/barrydr01.html,B
Jon Barry,https://www.basketball-reference.com/players/b/barryjo01.html,B
Rick Barry,https://www.basketball-reference.com/players/b/barryri01.html,B
Ed Bartels,https://www.basketball-reference.com/players/b/barteed01.html,B
Vic Bartolome,https://www.basketball-reference.com/players/b/bartovi01.html,B
Will Barton,https://www.basketball-reference.com/players/b/bartowi01.html,B
Eddie Basden,https://www.basketball-reference.com/players/b/basdeed01.html,B
Jerry Baskerville,https://www.basketball-reference.com/players/b/baskeje01.html,B
Brandon Bass,https://www.basketball-reference.com/players/b/bassbr01.html,B
Paris Bass,https://www.basketball-reference.com/players/b/basspa01.html,B
Tim Bassett,https://www.basketball-reference.com/players/b/basseti01.html,B
Charles Bassey,https://www.basketball-reference.com/players/b/bassech01.html,B
Maceo Baston,https://www.basketball-reference.com/players/b/bastoma01.html,B
Mengke Bateer,https://www.basketball-reference.com/players/b/bateeme01.html,B
Billy Ray Bates,https://www.basketball-reference.com/players/b/batesbi01.html,B
Emoni Bates,https://www.basketball-reference.com/players/b/batesem01.html,B
Keita Bates-Diop,https://www.basketball-reference.com/players/b/bateske01.html,B
Esteban Batista,https://www.basketball-reference.com/players/b/batises01.html,B
Mike Batiste,https://www.basketball-reference.com/players/b/batismi01.html,B
Tony Battie,https://www.basketball-reference.com/players/b/battito01.html,B
Shane Battier,https://www.basketball-reference.com/players/b/battish01.html,B
Jamison Battle,https://www.basketball-reference.com/players/b/battlja01.html,B
John Battle,https://www.basketball-reference.com/players/b/battljo01.html,B
Kenny Battle,https://www.basketball-reference.com/players/b/battlke01.html,B
Dave Batton,https://www.basketball-reference.com/players/b/battoda01.html,B
Lloyd Batts,https://www.basketball-reference.com/players/b/battsll01.html,B
Nicolas Batum,https://www.basketball-reference.com/players/b/batumni01.html,B
Damion Baugh,https://www.basketball-reference.com/players/b/baughda01.html,B
Johnny Baum,https://www.basketball-reference.com/players/b/baumjo01.html,B
Frankie Baumholtz,https://www.basketball-reference.com/players/b/baumhfr01.html,B
Lonny Baxter,https://www.basketball-reference.com/players/b/baxtelo01.html,B
Jerryd Bayless,https://www.basketball-reference.com/players/b/bayleje01.html,B
Elgin Baylor,https://www.basketball-reference.com/players/b/bayloel01.html,B
Howard Bayne,https://www.basketball-reference.com/players/b/bayneho01.html,B
Aron Baynes,https://www.basketball-reference.com/players/b/baynear01.html,B
Sergei Bazarevich,https://www.basketball-reference.com/players/b/bazarse01.html,B
Kent Bazemore,https://www.basketball-reference.com/players/b/bazemke01.html,B
Darius Bazley,https://www.basketball-reference.com/players/b/bazleda01.html,B
Ed Beach,https://www.basketball-reference.com/players/b/beached01.html,B
Bradley Beal,https://www.basketball-reference.com/players/b/bealbr01.html,B
Al Beard,https://www.basketball-reference.com/players/b/beardal01.html,B
Butch Beard,https://www.basketball-reference.com/players/b/beardbu01.html,B
Ralph Beard,https://www.basketball-reference.com/players/b/beardra01.html,B
Charlie Beasley,https://www.basketball-reference.com/players/b/beaslch01.html,B
Jerome Beasley,https://www.basketball-reference.com/players/b/beaslje01.html,B
John Beasley,https://www.basketball-reference.com/players/b/beasljo01.html,B
Malik Beasley,https://www.basketball-reference.com/players/b/beaslma01.html,B
Michael Beasley,https://www.basketball-reference.com/players/b/beaslmi01.html,B
Zelmo Beaty,https://www.basketball-reference.com/players/b/beatyze01.html,B
Rodrigue Beaubois,https://www.basketball-reference.com/players/b/beaubro01.html,B
MarJon Beauchamp,https://www.basketball-reference.com/players/b/beaucma01.html,B
Byron Beck,https://www.basketball-reference.com/players/b/beckby01.html,B
Corey Beck,https://www.basketball-reference.com/players/b/beckco01.html,B
Ernie Beck,https://www.basketball-reference.com/players/b/becker01.html,B
Art Becker,https://www.basketball-reference.com/players/b/beckear01.html,B
Moe Becker,https://www.basketball-reference.com/players/b/beckemo01.html,B
Bob Bedell,https://www.basketball-reference.com/players/b/bedelbo01.html,B
William Bedford,https://www.basketball-reference.com/players/b/bedfowi01.html,B
Reece Beekman,https://www.basketball-reference.com/players/b/beekmre01.html,B
Hank Beenders,https://www.basketball-reference.com/players/b/beendha01.html,B
Ron Behagen,https://www.basketball-reference.com/players/b/behagro01.html,B
Elmer Behnke,https://www.basketball-reference.com/players/b/behnkel01.html,B
Marco Belinelli,https://www.basketball-reference.com/players/b/belinma01.html,B
Charlie Bell,https://www.basketball-reference.com/players/b/bellch01.html,B
Dennis Bell,https://www.basketball-reference.com/players/b/bellde01.html,B
Jordan Bell,https://www.basketball-reference.com/players/b/belljo01.html,B
Raja Bell,https://www.basketball-reference.com/players/b/bellra01.html,B
Troy Bell,https://www.basketball-reference.com/players/b/belltr01.html,B
Whitey Bell,https://www.basketball-reference.com/players/b/bellwh01.html,B
Walt Bellamy,https://www.basketball-reference.com/players/b/bellawa01.html,B
DeAndre' Bembry,https://www.basketball-reference.com/players/b/bembrde01.html,B
Irv Bemoras,https://www.basketball-reference.com/players/b/bemorir01.html,B
Leon Benbow,https://www.basketball-reference.com/players/b/benbole01.html,B
Dragan Bender,https://www.basketball-reference.com/players/b/bendedr01.html,B
Jonathan Bender,https://www.basketball-reference.com/players/b/bendejo01.html,B
Jerrelle Benimon,https://www.basketball-reference.com/players/b/benimje01.html,B
Benoit Benjamin,https://www.basketball-reference.com/players/b/benjabe01.html,B
Corey Benjamin,https://www.basketball-reference.com/players/b/benjaco01.html,B
Anthony Bennett,https://www.basketball-reference.com/players/b/bennean01.html,B
Elmer Bennett,https://www.basketball-reference.com/players/b/benneel01.html,B
Mario Bennett,https://www.basketball-reference.com/players/b/bennema01.html,B
Mel Bennett,https://www.basketball-reference.com/players/b/benneme01.html,B
Spider Bennett,https://www.basketball-reference.com/players/b/bennesp01.html,B
Tony Bennett,https://www.basketball-reference.com/players/b/benneto01.html,B
Winston Bennett,https://www.basketball-reference.com/players/b/bennewi01.html,B
David Benoit,https://www.basketball-reference.com/players/b/benoida01.html,B
Keith Benson,https://www.basketball-reference.com/players/b/bensoke02.html,B
Kent Benson,https://www.basketball-reference.com/players/b/bensoke01.html,B
Ben Bentil,https://www.basketball-reference.com/players/b/bentibe01.html,B
Gene Berce,https://www.basketball-reference.com/players/b/bercege01.html,B
Gary Bergen,https://www.basketball-reference.com/players/b/bergega01.html,B
Larry Bergh,https://www.basketball-reference.com/players/b/berghla01.html,B
Jules Bernard,https://www.basketball-reference.com/players/b/bernaju01.html,B
Ricky Berry,https://www.basketball-reference.com/players/b/berryri01.html,B
Walter Berry,https://www.basketball-reference.com/players/b/berrywa01.html,B
Dairis Bertāns,https://www.basketball-reference.com/players/b/bertada02.html,B
Dāvis Bertāns,https://www.basketball-reference.com/players/b/bertada01.html,B
Del Beshore,https://www.basketball-reference.com/players/b/beshode01.html,B
Travis Best,https://www.basketball-reference.com/players/b/besttr01.html,B
Patrick Beverley,https://www.basketball-reference.com/players/b/beverpa01.html,B
Saddiq Bey,https://www.basketball-reference.com/players/b/beysa01.html,B
Tyler Bey,https://www.basketball-reference.com/players/b/beyty01.html,B
Sim Bhullar,https://www.basketball-reference.com/players/b/bhullsi01.html,B
Wes Bialosuknia,https://www.basketball-reference.com/players/b/bialowe01.html,B
Al Bianchi,https://www.basketball-reference.com/players/b/biancal01.html,B
Hank Biasatti,https://www.basketball-reference.com/players/b/biasaha01.html,B
Henry Bibby,https://www.basketball-reference.com/players/b/bibbyhe01.html,B
Mike Bibby,https://www.basketball-reference.com/players/b/bibbymi01.html,B
Ed Biedenbach,https://www.basketball-reference.com/players/b/biedeed01.html,B
Andris Biedriņš,https://www.basketball-reference.com/players/b/biedran01.html,B
Don Bielke,https://www.basketball-reference.com/players/b/bielkdo01.html,B
Bob Bigelow,https://www.basketball-reference.com/players/b/bigelbo01.html,B
Lionel Billingy,https://www.basketball-reference.com/players/b/billili01.html,B
Chauncey Billups,https://www.basketball-reference.com/players/b/billuch01.html,B
Dave Bing,https://www.basketball-reference.com/players/b/bingda01.html,B
Joe Binion,https://www.basketball-reference.com/players/b/biniojo01.html,B
Khem Birch,https://www.basketball-reference.com/players/b/birchkh01.html,B
Jabari Bird,https://www.basketball-reference.com/players/b/birdja01.html,B
Jerry Bird,https://www.basketball-reference.com/players/b/birdje01.html,B
Larry Bird,https://www.basketball-reference.com/players/b/birdla01.html,B
Otis Birdsong,https://www.basketball-reference.com/players/b/birdsot01.html,B
Gale Bishop,https://www.basketball-reference.com/players/b/bishoga01.html,B
Goga Bitadze,https://www.basketball-reference.com/players/b/bitadgo01.html,B
Onuralp Bitim,https://www.basketball-reference.com/players/b/bitimon01.html,B
Bismack Biyombo,https://www.basketball-reference.com/players/b/biyombi01.html,B
Nemanja Bjelica,https://www.basketball-reference.com/players/b/bjeline01.html,B
Uwe Blab,https://www.basketball-reference.com/players/b/blabuw01.html,B
Anthony Black,https://www.basketball-reference.com/players/b/blackan01.html,B
Charlie Black,https://www.basketball-reference.com/players/b/blackch01.html,B
Leaky Black,https://www.basketball-reference.com/players/b/blackle01.html,B
Norman Black,https://www.basketball-reference.com/players/b/blackno01.html,B
Tarik Black,https://www.basketball-reference.com/players/b/blackta01.html,B
Tom Black,https://www.basketball-reference.com/players/b/blackto01.html,B
Rolando Blackman,https://www.basketball-reference.com/players/b/blackro01.html,B
Alex Blackwell,https://www.basketball-reference.com/players/b/blackal01.html,B
Cory Blackwell,https://www.basketball-reference.com/players/b/blackco01.html,B
James Blackwell,https://www.basketball-reference.com/players/b/blackja01.html,B
Nate Blackwell,https://www.basketball-reference.com/players/b/blackna01.html,B
DeJuan Blair,https://www.basketball-reference.com/players/b/blairde01.html,B
Steve Blake,https://www.basketball-reference.com/players/b/blakest01.html,B
Antonio Blakeney,https://www.basketball-reference.com/players/b/blakean01.html,B
Will Blalock,https://www.basketball-reference.com/players/b/blalowi01.html,B
George Blaney,https://www.basketball-reference.com/players/b/blanege01.html,B
Lance Blanks,https://www.basketball-reference.com/players/b/blankla01.html,B
Ricky Blanton,https://www.basketball-reference.com/players/b/blantri01.html,B
Andray Blatche,https://www.basketball-reference.com/players/b/blatcan01.html,B
Mookie Blaylock,https://www.basketball-reference.com/players/b/blaylmo01.html,B
Eric Bledsoe,https://www.basketball-reference.com/players/b/bledser01.html,B
Keljin Blevins,https://www.basketball-reference.com/players/b/blevike01.html,B
Leon Blevins,https://www.basketball-reference.com/players/b/blevile01.html,B
John Block,https://www.basketball-reference.com/players/b/blockjo01.html,B
Mike Bloom,https://www.basketball-reference.com/players/b/bloommi01.html,B
Jaron Blossomgame,https://www.basketball-reference.com/players/b/blossja01.html,B
Corie Blount,https://www.basketball-reference.com/players/b/blounco01.html,B
Mark Blount,https://www.basketball-reference.com/players/b/blounma01.html,B
Vander Blue,https://www.basketball-reference.com/players/b/blueva01.html,B
Ray Blume,https://www.basketball-reference.com/players/b/blumera01.html,B
Nelson Bobb,https://www.basketball-reference.com/players/b/bobbne01.html,B
Tony Bobbitt,https://www.basketball-reference.com/players/b/bobbito01.html,B
Bucky Bockhorn,https://www.basketball-reference.com/players/b/bockhbu01.html,B
Buddy Boeheim,https://www.basketball-reference.com/players/b/boehebu01.html,B
Tom Boerwinkle,https://www.basketball-reference.com/players/b/boerwto01.html,B
Keith Bogans,https://www.basketball-reference.com/players/b/boganke01.html,B
Bogdan Bogdanović,https://www.basketball-reference.com/players/b/bogdabo01.html,B
Bojan Bogdanović,https://www.basketball-reference.com/players/b/bogdabo02.html,B
Muggsy Bogues,https://www.basketball-reference.com/players/b/boguemu01.html,B
Andrew Bogut,https://www.basketball-reference.com/players/b/bogutan01.html,B
Etdrick Bohannon,https://www.basketball-reference.com/players/b/bohanet01.html,B
Bol Bol,https://www.basketball-reference.com/players/b/bolbo01.html,B
Manute Bol,https://www.basketball-reference.com/players/b/bolma01.html,B
Jonah Bolden,https://www.basketball-reference.com/players/b/boldejo01.html,B
Marques Bolden,https://www.basketball-reference.com/players/b/boldema01.html,B
Bill Bolger,https://www.basketball-reference.com/players/b/bolgebi01.html,B
Leandro Bolmaro,https://www.basketball-reference.com/players/b/bolmale01.html,B
Joel Bolomboy,https://www.basketball-reference.com/players/b/bolomjo01.html,B
Doug Bolstorff,https://www.basketball-reference.com/players/b/bolstdo01.html,B
George Bon Salle,https://www.basketball-reference.com/players/b/bonsage01.html,B
Adem Bona,https://www.basketball-reference.com/players/b/bonaad01.html,B
Phil Bond,https://www.basketball-reference.com/players/b/bondph01.html,B
Walter Bond,https://www.basketball-reference.com/players/b/bondwa01.html,B
Jordan Bone,https://www.basketball-reference.com/players/b/bonejo01.html,B
Dexter Boney,https://www.basketball-reference.com/players/b/boneyde01.html,B
Isaac Bonga,https://www.basketball-reference.com/players/b/bongais01.html,B
Ron Bonham,https://www.basketball-reference.com/players/b/bonharo01.html,B
Anthony Bonner,https://www.basketball-reference.com/players/b/bonnean01.html,B
Matt Bonner,https://www.basketball-reference.com/players/b/bonnema01.html,B
Butch Booker,https://www.basketball-reference.com/players/b/bookebu01.html,B
Devin Booker,https://www.basketball-reference.com/players/b/bookede01.html,B
Melvin Booker,https://www.basketball-reference.com/players/b/bookeme01.html,B
Trevor Booker,https://www.basketball-reference.com/players/b/booketr01.html,B
Josh Boone,https://www.basketball-reference.com/players/b/boonejo01.html,B
Ron Boone,https://www.basketball-reference.com/players/b/boonero01.html,B
Calvin Booth,https://www.basketball-reference.com/players/b/boothca01.html,B
Keith Booth,https://www.basketball-reference.com/players/b/boothke01.html,B
Bob Boozer,https://www.basketball-reference.com/players/b/boozebo01.html,B
Carlos Boozer,https://www.basketball-reference.com/players/b/boozeca01.html,B
Curtis Borchardt,https://www.basketball-reference.com/players/b/borchcu01.html,B
Jake Bornheimer,https://www.basketball-reference.com/players/b/bornhja01.html,B
Lazaro Borrell,https://www.basketball-reference.com/players/b/borrela01.html,B
Ike Borsavage,https://www.basketball-reference.com/players/b/borsaik01.html,B
Vince Boryla,https://www.basketball-reference.com/players/b/borylvi01.html,B
Chris Bosh,https://www.basketball-reference.com/players/b/boshch01.html,B
Jim Bostic,https://www.basketball-reference.com/players/b/bostiji01.html,B
Brandon Boston Jr.,https://www.basketball-reference.com/players/b/bostobr01.html,B
Lawrence Boston,https://www.basketball-reference.com/players/b/bostola01.html,B
Tom Boswell,https://www.basketball-reference.com/players/b/bosweto01.html,B
Chris Boucher,https://www.basketball-reference.com/players/b/bouchch01.html,B
James Bouknight,https://www.basketball-reference.com/players/b/bouknja01.html,B
Ruben Boumtje-Boumtje,https://www.basketball-reference.com/players/b/boumtru01.html,B
Jamaree Bouyea,https://www.basketball-reference.com/players/b/bouyeja01.html,B
Don Boven,https://www.basketball-reference.com/players/b/bovendo01.html,B
Cal Bowdler,https://www.basketball-reference.com/players/b/bowdlca01.html,B
Brian Bowen,https://www.basketball-reference.com/players/b/bowenbr02.html,B
Bruce Bowen,https://www.basketball-reference.com/players/b/bowenbr01.html,B
Ryan Bowen,https://www.basketball-reference.com/players/b/bowenry01.html,B
Tommie Bowens,https://www.basketball-reference.com/players/b/bowento01.html,B
Anthony Bowie,https://www.basketball-reference.com/players/b/bowiean01.html,B
Sam Bowie,https://www.basketball-reference.com/players/b/bowiesa01.html,B
Orb Bowling,https://www.basketball-reference.com/players/b/bowlior01.html,B
Ira Bowman,https://www.basketball-reference.com/players/b/bowmair01.html,B
Ky Bowman,https://www.basketball-reference.com/players/b/bowmaky01.html,B
Nate Bowman,https://www.basketball-reference.com/players/b/bowmana01.html,B
Donnie Boyce,https://www.basketball-reference.com/players/b/boycedo01.html,B
Dennis Boyd,https://www.basketball-reference.com/players/b/boydde01.html,B
Freddie Boyd,https://www.basketball-reference.com/players/b/boydfr01.html,B
Ken Boyd,https://www.basketball-reference.com/players/b/boydke01.html,B
Earl Boykins,https://www.basketball-reference.com/players/b/boykiea01.html,B
Harry Boykoff,https://www.basketball-reference.com/players/b/boykoha01.html,B
Winford Boynes,https://www.basketball-reference.com/players/b/boynewi01.html,B
Cedric Bozeman,https://www.basketball-reference.com/players/b/bozemce01.html,B
Steve Bracey,https://www.basketball-reference.com/players/b/bracest01.html,B
Craig Brackins,https://www.basketball-reference.com/players/b/brackcr01.html,B
Gary Bradds,https://www.basketball-reference.com/players/b/braddga01.html,B
Alex Bradley,https://www.basketball-reference.com/players/b/bradlal02.html,B
Alonzo Bradley,https://www.basketball-reference.com/players/b/bradlal01.html,B
Avery Bradley,https://www.basketball-reference.com/players/b/bradlav01.html,B
Bill Bradley,https://www.basketball-reference.com/players/b/bradlbi02.html,B
Bill Bradley,https://www.basketball-reference.com/players/b/bradlbi01.html,B
Charles Bradley,https://www.basketball-reference.com/players/b/bradlch01.html,B
Dudley Bradley,https://www.basketball-reference.com/players/b/bradldu01.html,B
Jim Bradley,https://www.basketball-reference.com/players/b/bradlji01.html,B
Joe Bradley,https://www.basketball-reference.com/players/b/bradljo01.html,B
Michael Bradley,https://www.basketball-reference.com/players/b/bradlmi01.html,B
Shawn Bradley,https://www.basketball-reference.com/players/b/bradlsh01.html,B
Tony Bradley,https://www.basketball-reference.com/players/b/bradlto01.html,B
Mark Bradtke,https://www.basketball-reference.com/players/b/bradtma01.html,B
Marques Bragg,https://www.basketball-reference.com/players/b/braggma01.html,B
Torraye Braggs,https://www.basketball-reference.com/players/b/braggto01.html,B
A.J. Bramlett,https://www.basketball-reference.com/players/b/bramlaj01.html,B
Adrian Branch,https://www.basketball-reference.com/players/b/brancad01.html,B
Elton Brand,https://www.basketball-reference.com/players/b/brandel01.html,B
Terrell Brandon,https://www.basketball-reference.com/players/b/brandte01.html,B
Malaki Branham,https://www.basketball-reference.com/players/b/branhma01.html,B
Bob Brannum,https://www.basketball-reference.com/players/b/brannbo01.html,B
Brad Branson,https://www.basketball-reference.com/players/b/bransbr01.html,B
Jesse Branson,https://www.basketball-reference.com/players/b/bransje01.html,B
Jarrell Brantley,https://www.basketball-reference.com/players/b/brantja01.html,B
Jim Brasco,https://www.basketball-reference.com/players/b/brascji01.html,B
Mike Bratz,https://www.basketball-reference.com/players/b/bratzmi01.html,B
Carl Braun,https://www.basketball-reference.com/players/b/braunca01.html,B
Christian Braun,https://www.basketball-reference.com/players/b/braunch01.html,B
Ignas Brazdeikis,https://www.basketball-reference.com/players/b/brazdig01.html,B
Tim Breaux,https://www.basketball-reference.com/players/b/breauti01.html,B
J.R. Bremer,https://www.basketball-reference.com/players/b/bremejr01.html,B
Pete Brennan,https://www.basketball-reference.com/players/b/brennpe01.html,B
Tom Brennan,https://www.basketball-reference.com/players/b/brennto01.html,B
Randy Breuer,https://www.basketball-reference.com/players/b/breuera01.html,B
Corey Brewer,https://www.basketball-reference.com/players/b/breweco01.html,B
Jamison Brewer,https://www.basketball-reference.com/players/b/breweja01.html,B
Jim Brewer,https://www.basketball-reference.com/players/b/breweji01.html,B
Ron Brewer,https://www.basketball-reference.com/players/b/brewero01.html,B
Ronnie Brewer,https://www.basketball-reference.com/players/b/brewero02.html,B
Primož Brezec,https://www.basketball-reference.com/players/b/brezepr01.html,B
Frankie Brian,https://www.basketball-reference.com/players/b/brianfr01.html,B
Frank Brickowski,https://www.basketball-reference.com/players/b/brickfr01.html,B
Junior Bridgeman,https://www.basketball-reference.com/players/b/bridgju01.html,B
Bill Bridges,https://www.basketball-reference.com/players/b/bridgbi01.html,B
Jalen Bridges,https://www.basketball-reference.com/players/b/bridgja01.html,B
Mikal Bridges,https://www.basketball-reference.com/players/b/bridgmi01.html,B
Miles Bridges,https://www.basketball-reference.com/players/b/bridgmi02.html,B
Al Brightman,https://www.basketball-reference.com/players/b/brighal01.html,B
Amida Brimah,https://www.basketball-reference.com/players/b/brimaam01.html,B
Aud Brindley,https://www.basketball-reference.com/players/b/brindau01.html,B
Isaiah Briscoe,https://www.basketball-reference.com/players/b/briscis01.html,B
John Brisker,https://www.basketball-reference.com/players/b/briskjo01.html,B
Oshae Brissett,https://www.basketball-reference.com/players/b/brissos01.html,B
Allan Bristow,https://www.basketball-reference.com/players/b/bristal01.html,B
Tyrone Britt,https://www.basketball-reference.com/players/b/brittty01.html,B
Wayman Britt,https://www.basketball-reference.com/players/b/brittwa01.html,B
Mike Brittain,https://www.basketball-reference.com/players/b/brittmi01.html,B
Dave Britton,https://www.basketball-reference.com/players/b/brittda01.html,B
Izaiah Brockington,https://www.basketball-reference.com/players/b/brockiz01.html,B
Jon Brockman,https://www.basketball-reference.com/players/b/brockjo01.html,B
Ryan Broekhoff,https://www.basketball-reference.com/players/b/broekry01.html,B
Jim Brogan,https://www.basketball-reference.com/players/b/brogaji01.html,B
Malcolm Brogdon,https://www.basketball-reference.com/players/b/brogdma01.html,B
Gary Brokaw,https://www.basketball-reference.com/players/b/brokaga01.html,B
Price Brookfield,https://www.basketball-reference.com/players/b/brookpr01.html,B
Clarence Brookins,https://www.basketball-reference.com/players/b/brookcl01.html,B
Aaron Brooks,https://www.basketball-reference.com/players/b/brookaa01.html,B
Armoni Brooks,https://www.basketball-reference.com/players/b/brookar01.html,B
Dillon Brooks,https://www.basketball-reference.com/players/b/brookdi01.html,B
Keion Brooks Jr.,https://www.basketball-reference.com/players/b/brookke02.html,B
Kevin Brooks,https://www.basketball-reference.com/players/b/brookke01.html,B
MarShon Brooks,https://www.basketball-reference.com/players/b/brookma01.html,B
Michael Brooks,https://www.basketball-reference.com/players/b/brookmi01.html,B
Scott Brooks,https://www.basketball-reference.com/players/b/brooksc01.html,B
Andre Brown,https://www.basketball-reference.com/players/b/brownan01.html,B
Anthony Brown,https://www.basketball-reference.com/players/b/brownan02.html,B
Bob Brown,https://www.basketball-reference.com/players/b/brownbo01.html,B
Bobby Brown,https://www.basketball-reference.com/players/b/brownbo02.html,B
Bruce Brown,https://www.basketball-reference.com/players/b/brownbr01.html,B
Charlie Brown Jr.,https://www.basketball-reference.com/players/b/brownch02.html,B
Chaundee Brown Jr.,https://www.basketball-reference.com/players/b/brownch05.html,B
Chucky Brown,https://www.basketball-reference.com/players/b/brownch01.html,B
Damone Brown,https://www.basketball-reference.com/players/b/brownda02.html,B
Darrel Brown,https://www.basketball-reference.com/players/b/brownda01.html,B
Dee Brown,https://www.basketball-reference.com/players/b/brownde01.html,B
Dee Brown,https://www.basketball-reference.com/players/b/brownde03.html,B
Derrick Brown,https://www.basketball-reference.com/players/b/brownde04.html,B
Devin Brown,https://www.basketball-reference.com/players/b/brownde02.html,B
Ernest Brown,https://www.basketball-reference.com/players/b/browner01.html,B
Fred Brown,https://www.basketball-reference.com/players/b/brownfr01.html,B
George Brown,https://www.basketball-reference.com/players/b/brownge01.html,B
Gerald Brown,https://www.basketball-reference.com/players/b/brownge02.html,B
Greg Brown III,https://www.basketball-reference.com/players/b/browngr01.html,B
Harold Brown,https://www.basketball-reference.com/players/b/brownha01.html,B
Jabari Brown,https://www.basketball-reference.com/players/b/brownja01.html,B
Jaylen Brown,https://www.basketball-reference.com/players/b/brownja02.html,B
John Brown,https://www.basketball-reference.com/players/b/brownjo01.html,B
Kedrick Brown,https://www.basketball-reference.com/players/b/brownke01.html,B
Kendall Brown,https://www.basketball-reference.com/players/b/brownke03.html,B
Kobe Brown,https://www.basketball-reference.com/players/b/brownko01.html,B
Kwame Brown,https://www.basketball-reference.com/players/b/brownkw01.html,B
Larry Brown,https://www.basketball-reference.com/players/b/brownla01.html,B
Leon Brown,https://www.basketball-reference.com/players/b/brownle01.html,B
Lewis Brown,https://www.basketball-reference.com/players/b/brownle02.html,B
Lorenzo Brown,https://www.basketball-reference.com/players/b/brownlo01.html,B
Marcus Brown,https://www.basketball-reference.com/players/b/brownma01.html,B
Markel Brown,https://www.basketball-reference.com/players/b/brownma02.html,B
Mike Brown,https://www.basketball-reference.com/players/b/brownmi01.html,B
Moses Brown,https://www.basketball-reference.com/players/b/brownmo01.html,B
Myron Brown,https://www.basketball-reference.com/players/b/brownmy01.html,B
P.J. Brown,https://www.basketball-reference.com/players/b/brownpj01.html,B
Randy Brown,https://www.basketball-reference.com/players/b/brownra02.html,B
Raymond Brown,https://www.basketball-reference.com/players/b/brownra01.html,B
Rickey Brown,https://www.basketball-reference.com/players/b/brownri01.html,B
Roger Brown,https://www.basketball-reference.com/players/b/brownro01.html,B
Roger Brown,https://www.basketball-reference.com/players/b/brownro02.html,B
Shannon Brown,https://www.basketball-reference.com/players/b/brownsh01.html,B
Stan Brown,https://www.basketball-reference.com/players/b/brownst01.html,B
Sterling Brown,https://www.basketball-reference.com/players/b/brownst02.html,B
Tierre Brown,https://www.basketball-reference.com/players/b/brownti01.html,B
Tony Brown,https://www.basketball-reference.com/players/b/brownto01.html,B
Troy Brown Jr.,https://www.basketball-reference.com/players/b/browntr01.html,B
Jim Browne,https://www.basketball-reference.com/players/b/brownji01.html,B
Stanley Brundy,https://www.basketball-reference.com/players/b/brundst01.html,B
Brian Brunkhorst,https://www.basketball-reference.com/players/b/brunkbr01.html,B
George Bruns,https://www.basketball-reference.com/players/b/brunsge01.html,B
Jalen Brunson,https://www.basketball-reference.com/players/b/brunsja01.html,B
Rick Brunson,https://www.basketball-reference.com/players/b/brunsri01.html,B
Nicolás Brussino,https://www.basketball-reference.com/players/b/brussni01.html,B
Elijah Bryant,https://www.basketball-reference.com/players/b/bryanel01.html,B
Em Bryant,https://www.basketball-reference.com/players/b/bryanem01.html,B
Joe Bryant,https://www.basketball-reference.com/players/b/bryanjo01.html,B
Kobe Bryant,https://www.basketball-reference.com/players/b/bryanko01.html,B
Mark Bryant,https://www.basketball-reference.com/players/b/bryanma01.html,B
Thomas Bryant,https://www.basketball-reference.com/players/b/bryanth01.html,B
Wallace Bryant,https://www.basketball-reference.com/players/b/bryanwa01.html,B
Torgeir Bryn,https://www.basketball-reference.com/players/b/brynto01.html,B
George Bucci,https://www.basketball-reference.com/players/b/buccige01.html,B
Shaq Buchanan,https://www.basketball-reference.com/players/b/buchash01.html,B
Joe Buckhalter,https://www.basketball-reference.com/players/b/buckhjo01.html,B
Steve Bucknall,https://www.basketball-reference.com/players/b/bucknst01.html,B
Cleveland Buckner,https://www.basketball-reference.com/players/b/buckncl01.html,B
Greg Buckner,https://www.basketball-reference.com/players/b/buckngr01.html,B
Quinn Buckner,https://www.basketball-reference.com/players/b/bucknqu01.html,B
Dave Budd,https://www.basketball-reference.com/players/b/buddda01.html,B
Chase Budinger,https://www.basketball-reference.com/players/b/budinch01.html,B
Walt Budko,https://www.basketball-reference.com/players/b/budkowa01.html,B
Jud Buechler,https://www.basketball-reference.com/players/b/buechju01.html,B
Kobe Bufkin,https://www.basketball-reference.com/players/b/bufkiko01.html,B
Rodney Buford,https://www.basketball-reference.com/players/b/buforro01.html,B
Matt Bullard,https://www.basketball-reference.com/players/b/bullama01.html,B
Reggie Bullock,https://www.basketball-reference.com/players/b/bullore01.html,B
Larry Bunce,https://www.basketball-reference.com/players/b/buncela01.html,B
Greg Bunch,https://www.basketball-reference.com/players/b/bunchgr01.html,B
Dick Bunt,https://www.basketball-reference.com/players/b/buntdi01.html,B
Bill Buntin,https://www.basketball-reference.com/players/b/buntibi01.html,B
Bill Bunting,https://www.basketball-reference.com/players/b/buntibi02.html,B
Ticky Burden,https://www.basketball-reference.com/players/b/burdeti01.html,B
Pat Burke,https://www.basketball-reference.com/players/b/burkepa01.html,B
Trey Burke,https://www.basketball-reference.com/players/b/burketr01.html,B
Roger Burkman,https://www.basketball-reference.com/players/b/burkmro01.html,B
Alec Burks,https://www.basketball-reference.com/players/b/burksal01.html,B
Antonio Burks,https://www.basketball-reference.com/players/b/burksan01.html,B
Kevin Burleson,https://www.basketball-reference.com/players/b/burleke01.html,B
Tom Burleson,https://www.basketball-reference.com/players/b/burleto01.html,B
Jack Burmaster,https://www.basketball-reference.com/players/b/burmaja01.html,B
David Burns,https://www.basketball-reference.com/players/b/burnsda01.html,B
Evers Burns,https://www.basketball-reference.com/players/b/burnsev01.html,B
Jim Burns,https://www.basketball-reference.com/players/b/burnsji01.html,B
Scott Burrell,https://www.basketball-reference.com/players/b/burresc01.html,B
Art Burris,https://www.basketball-reference.com/players/b/burriar01.html,B
Junior Burrough,https://www.basketball-reference.com/players/b/burroju01.html,B
Bob Burrow,https://www.basketball-reference.com/players/b/burrobo01.html,B
Deonte Burton,https://www.basketball-reference.com/players/b/burtode02.html,B
Ed Burton,https://www.basketball-reference.com/players/b/burtoed01.html,B
Willie Burton,https://www.basketball-reference.com/players/b/burtowi01.html,B
Steve Burtt,https://www.basketball-reference.com/players/b/burttst01.html,B
Don Buse,https://www.basketball-reference.com/players/b/busedo01.html,B
David Bustion,https://www.basketball-reference.com/players/b/bustida01.html,B
Donnie Butcher,https://www.basketball-reference.com/players/b/butchdo01.html,B
Al Butler,https://www.basketball-reference.com/players/b/butleal01.html,B
Caron Butler,https://www.basketball-reference.com/players/b/butleca01.html,B
Greg Butler,https://www.basketball-reference.com/players/b/butlegr01.html,B
Jackie Butler,https://www.basketball-reference.com/players/b/butleja01.html,B
Jared Butler,https://www.basketball-reference.com/players/b/butleja02.html,B
Jimmy Butler,https://www.basketball-reference.com/players/b/butleji01.html,B
John Butler,https://www.basketball-reference.com/players/b/butlejo01.html,B
Mike Butler,https://www.basketball-reference.com/players/b/butlemi01.html,B
Mitchell Butler,https://www.basketball-reference.com/players/b/butlemi02.html,B
Rasual Butler,https://www.basketball-reference.com/players/b/butlera01.html,B
Dwight Buycks,https://www.basketball-reference.com/players/b/buyckdw01.html,B
Matas Buzelis,https://www.basketball-reference.com/players/b/buzelma01.html,B
Derrick Byars,https://www.basketball-reference.com/players/b/byarsde01.html,B
Andrew Bynum,https://www.basketball-reference.com/players/b/bynuman01.html,B
Will Bynum,https://www.basketball-reference.com/players/b/bynumwi01.html,B
Walt Byrd,https://www.basketball-reference.com/players/b/byrdwa01.html,B
Marty Byrnes,https://www.basketball-reference.com/players/b/byrnema01.html,B
Tommy Byrnes,https://www.basketball-reference.com/players/b/byrneto01.html,B
Michael Bytzura,https://www.basketball-reference.com/players/b/bytzumi01.html,B
Žarko Čabarkapa,https://www.basketball-reference.com/players/c/cabarza01.html,C
Barney Cable,https://www.basketball-reference.com/players/c/cableba01.html,C
Bruno Caboclo,https://www.basketball-reference.com/players/c/cabocbr01.html,C
Devontae Cacok,https://www.basketball-reference.com/players/c/cacokde01.html,C
Jason Caffey,https://www.basketball-reference.com/players/c/caffeja01.html,C
Michael Cage,https://www.basketball-reference.com/players/c/cagemi01.html,C
Jamal Cain,https://www.basketball-reference.com/players/c/cainja01.html,C
Gerry Calabrese,https://www.basketball-reference.com/players/c/calabge01.html,C
Nick Calathes,https://www.basketball-reference.com/players/c/calatni01.html,C
José Calderón,https://www.basketball-reference.com/players/c/caldejo01.html,C
Adrian Caldwell,https://www.basketball-reference.com/players/c/caldwad01.html,C
Jim Caldwell,https://www.basketball-reference.com/players/c/caldwji01.html,C
Joe Caldwell,https://www.basketball-reference.com/players/c/caldwjo01.html,C
Kentavious Caldwell-Pope,https://www.basketball-reference.com/players/c/caldwke01.html,C
Bill Calhoun,https://www.basketball-reference.com/players/c/calhobi01.html,C
Corky Calhoun,https://www.basketball-reference.com/players/c/calhoco01.html,C
Demetrius Calip,https://www.basketball-reference.com/players/c/calipde01.html,C
Tom Callahan,https://www.basketball-reference.com/players/c/callato01.html,C
Rick Calloway,https://www.basketball-reference.com/players/c/callori01.html,C
Ernie Calverley,https://www.basketball-reference.com/players/c/calveer01.html,C
Mack Calvin,https://www.basketball-reference.com/players/c/calvima01.html,C
Toumani Camara,https://www.basketball-reference.com/players/c/camarto01.html,C
Dexter Cambridge,https://www.basketball-reference.com/players/c/cambrde01.html,C
Marcus Camby,https://www.basketball-reference.com/players/c/cambyma01.html,C
Facundo Campazzo,https://www.basketball-reference.com/players/c/campafa01.html,C
Elden Campbell,https://www.basketball-reference.com/players/c/campbel01.html,C
Tony Campbell,https://www.basketball-reference.com/players/c/campbto01.html,C
Isaiah Canaan,https://www.basketball-reference.com/players/c/canaais01.html,C
Vlatko Čančar,https://www.basketball-reference.com/players/c/cancavl01.html,C
Devin Cannady,https://www.basketball-reference.com/players/c/cannade01.html,C
Larry Cannon,https://www.basketball-reference.com/players/c/cannola01.html,C
Clint Capela,https://www.basketball-reference.com/players/c/capelca01.html,C
Derrick Caracter,https://www.basketball-reference.com/players/c/caracde01.html,C
Frank Card,https://www.basketball-reference.com/players/c/cardfr01.html,C
Brian Cardinal,https://www.basketball-reference.com/players/c/cardibr01.html,C
Vernon Carey Jr.,https://www.basketball-reference.com/players/c/careyve01.html,C
Howie Carl,https://www.basketball-reference.com/players/c/carlho01.html,C
Chet Carlisle,https://www.basketball-reference.com/players/c/carlich01.html,C
Geno Carlisle,https://www.basketball-reference.com/players/c/carlige01.html,C
Rick Carlisle,https://www.basketball-reference.com/players/c/carliri01.html,C
Don Carlos,https://www.basketball-reference.com/players/c/carlodo01.html,C
Al Carlson,https://www.basketball-reference.com/players/c/carlsal01.html,C
Branden Carlson,https://www.basketball-reference.com/players/c/carlsbr01.html,C
Don Carlson,https://www.basketball-reference.com/players/c/carlsdo01.html,C
Bob Carney,https://www.basketball-reference.com/players/c/carnebo01.html,C
Rodney Carney,https://www.basketball-reference.com/players/c/carnero01.html,C
Bob Carpenter,https://www.basketball-reference.com/players/c/carpebo01.html,C
Antoine Carr,https://www.basketball-reference.com/players/c/carran01.html,C
Austin Carr,https://www.basketball-reference.com/players/c/carrau01.html,C
Chris Carr,https://www.basketball-reference.com/players/c/carrch01.html,C
Cory Carr,https://www.basketball-reference.com/players/c/carrco01.html,C
Kenny Carr,https://www.basketball-reference.com/players/c/carrke01.html,C
M.L. Carr,https://www.basketball-reference.com/players/c/carrml01.html,C
Darel Carrier,https://www.basketball-reference.com/players/c/carrida01.html,C
Bob Carrington,https://www.basketball-reference.com/players/c/carribo01.html,C
Bub Carrington,https://www.basketball-reference.com/players/c/carrica01.html,C
DeMarre Carroll,https://www.basketball-reference.com/players/c/carrode01.html,C
Joe Barry Carroll,https://www.basketball-reference.com/players/c/carrojo01.html,C
Matt Carroll,https://www.basketball-reference.com/players/c/carroma01.html,C
Jimmy Carruth,https://www.basketball-reference.com/players/c/carruji01.html,C
Anthony Carter,https://www.basketball-reference.com/players/c/cartean01.html,C
Butch Carter,https://www.basketball-reference.com/players/c/cartebu01.html,C
Devin Carter,https://www.basketball-reference.com/players/c/cartede02.html,C
Fred Carter,https://www.basketball-reference.com/players/c/cartefr01.html,C
George Carter,https://www.basketball-reference.com/players/c/cartege01.html,C
Howard Carter,https://www.basketball-reference.com/players/c/carteho01.html,C
Jake Carter,https://www.basketball-reference.com/players/c/carteja01.html,C
Jevon Carter,https://www.basketball-reference.com/players/c/carteje01.html,C
Maurice Carter,https://www.basketball-reference.com/players/c/cartema01.html,C
Reggie Carter,https://www.basketball-reference.com/players/c/cartere01.html,C
Ron Carter,https://www.basketball-reference.com/players/c/cartero01.html,C
Vince Carter,https://www.basketball-reference.com/players/c/cartevi01.html,C
Wendell Carter Jr.,https://www.basketball-reference.com/players/c/cartewe01.html,C
Michael Carter-Williams,https://www.basketball-reference.com/players/c/cartemi01.html,C
D.J. Carton,https://www.basketball-reference.com/players/c/cartodj01.html,C
Bill Cartwright,https://www.basketball-reference.com/players/c/cartwbi01.html,C
Jay Carty,https://www.basketball-reference.com/players/c/cartyja01.html,C
Alex Caruso,https://www.basketball-reference.com/players/c/carusal01.html,C
Cornelius Cash,https://www.basketball-reference.com/players/c/cashco01.html,C
Sam Cash,https://www.basketball-reference.com/players/c/cashsa01.html,C
Sam Cassell,https://www.basketball-reference.com/players/c/cassesa01.html,C
Omri Casspi,https://www.basketball-reference.com/players/c/casspom01.html,C
Stephon Castle,https://www.basketball-reference.com/players/c/castlst01.html,C
Colin Castleton,https://www.basketball-reference.com/players/c/castlco01.html,C
Harvey Catchings,https://www.basketball-reference.com/players/c/catchha01.html,C
Terry Catledge,https://www.basketball-reference.com/players/c/catlete01.html,C
Sid Catlett,https://www.basketball-reference.com/players/c/catlesi01.html,C
Kelvin Cato,https://www.basketball-reference.com/players/c/catoke01.html,C
Bobby Cattage,https://www.basketball-reference.com/players/c/cattabo01.html,C
Willie Cauley-Stein,https://www.basketball-reference.com/players/c/caulewi01.html,C
Troy Caupain,https://www.basketball-reference.com/players/c/caupatr01.html,C
Duane Causwell,https://www.basketball-reference.com/players/c/causwdu01.html,C
Tyler Cavanaugh,https://www.basketball-reference.com/players/c/cavanty01.html,C
Ron Cavenall,https://www.basketball-reference.com/players/c/cavenro01.html,C
Ahmad Caver,https://www.basketball-reference.com/players/c/caverah01.html,C
Malcolm Cazalon,https://www.basketball-reference.com/players/c/cazalma01.html,C
Cedric Ceballos,https://www.basketball-reference.com/players/c/cebalce01.html,C
John Celestand,https://www.basketball-reference.com/players/c/celesjo01.html,C
Al Cervi,https://www.basketball-reference.com/players/c/cervial01.html,C
Lionel Chalmers,https://www.basketball-reference.com/players/c/chalmli01.html,C
Mario Chalmers,https://www.basketball-reference.com/players/c/chalmma01.html,C
Bill Chamberlain,https://www.basketball-reference.com/players/c/chambbi01.html,C
Wilt Chamberlain,https://www.basketball-reference.com/players/c/chambwi01.html,C
Jerry Chambers,https://www.basketball-reference.com/players/c/chambje01.html,C
Tom Chambers,https://www.basketball-reference.com/players/c/chambto01.html,C
Julian Champagnie,https://www.basketball-reference.com/players/c/champju02.html,C
Justin Champagnie,https://www.basketball-reference.com/players/c/champju01.html,C
Mike Champion,https://www.basketball-reference.com/players/c/champmi01.html,C
Kennedy Chandler,https://www.basketball-reference.com/players/c/chandke01.html,C
Tyson Chandler,https://www.basketball-reference.com/players/c/chandty01.html,C
Wilson Chandler,https://www.basketball-reference.com/players/c/chandwi01.html,C
Don Chaney,https://www.basketball-reference.com/players/c/chanedo01.html,C
John Chaney,https://www.basketball-reference.com/players/c/chanejo01.html,C
Rex Chapman,https://www.basketball-reference.com/players/c/chapmre01.html,C
Wayne Chapman,https://www.basketball-reference.com/players/c/chapmwa01.html,C
Len Chappell,https://www.basketball-reference.com/players/c/chapple01.html,C
Ken Charles,https://www.basketball-reference.com/players/c/charlke01.html,C
Lorenzo Charles,https://www.basketball-reference.com/players/c/charllo01.html,C
Joe Chealey,https://www.basketball-reference.com/players/c/chealjo01.html,C
Calbert Cheaney,https://www.basketball-reference.com/players/c/cheanca01.html,C
Zylan Cheatham,https://www.basketball-reference.com/players/c/cheatzy01.html,C
Maurice Cheeks,https://www.basketball-reference.com/players/c/cheekma01.html,C
Phil Chenier,https://www.basketball-reference.com/players/c/cheniph01.html,C
Will Cherry,https://www.basketball-reference.com/players/c/cherrwi01.html,C
Derrick Chievous,https://www.basketball-reference.com/players/c/chievde01.html,C
Pete Chilcutt,https://www.basketball-reference.com/players/c/chilcpe01.html,C
Josh Childress,https://www.basketball-reference.com/players/c/childjo01.html,C
Randolph Childress,https://www.basketball-reference.com/players/c/childra01.html,C
Chris Childs,https://www.basketball-reference.com/players/c/childch01.html,C
Chris Chiozza,https://www.basketball-reference.com/players/c/chiozch01.html,C
Leroy Chollet,https://www.basketball-reference.com/players/c/chollle01.html,C
Ulrich Chomche,https://www.basketball-reference.com/players/c/chomcul01.html,C
Jim Chones,https://www.basketball-reference.com/players/c/choneji01.html,C
Marquese Chriss,https://www.basketball-reference.com/players/c/chrisma01.html,C
Fred Christ,https://www.basketball-reference.com/players/c/chrisfr01.html,C
Cal Christensen,https://www.basketball-reference.com/players/c/chrisca01.html,C
Bob Christian,https://www.basketball-reference.com/players/c/chrisbo01.html,C
Cam Christie,https://www.basketball-reference.com/players/c/chrisca02.html,C
Doug Christie,https://www.basketball-reference.com/players/c/chrisdo01.html,C
Max Christie,https://www.basketball-reference.com/players/c/chrisma02.html,C
Dionte Christmas,https://www.basketball-reference.com/players/c/chrisdi01.html,C
Rakeem Christmas,https://www.basketball-reference.com/players/c/chrisra01.html,C
Semaj Christon,https://www.basketball-reference.com/players/c/chrisse01.html,C
Josh Christopher,https://www.basketball-reference.com/players/c/chrisjo01.html,C
Patrick Christopher,https://www.basketball-reference.com/players/c/chrispa01.html,C
Steve Chubin,https://www.basketball-reference.com/players/c/chubist01.html,C
Robert Churchwell,https://www.basketball-reference.com/players/c/churcro01.html,C
Sidy Cissoko,https://www.basketball-reference.com/players/c/cissosi01.html,C
Archie Clark,https://www.basketball-reference.com/players/c/clarkar01.html,C
Carlos Clark,https://www.basketball-reference.com/players/c/clarkca01.html,C
Dick Clark,https://www.basketball-reference.com/players/c/clarkri01.html,C
Earl Clark,https://www.basketball-reference.com/players/c/clarkea01.html,C
Gary Clark,https://www.basketball-reference.com/players/c/clarkga01.html,C
Ian Clark,https://www.basketball-reference.com/players/c/clarkia01.html,C
Jaylen Clark,https://www.basketball-reference.com/players/c/clarkja02.html,C
Keon Clark,https://www.basketball-reference.com/players/c/clarkke01.html,C
Brandon Clarke,https://www.basketball-reference.com/players/c/clarkbr01.html,C
Coty Clarke,https://www.basketball-reference.com/players/c/clarkco01.html,C
Jordan Clarkson,https://www.basketball-reference.com/players/c/clarkjo01.html,C
Gian Clavell,https://www.basketball-reference.com/players/c/clavegi01.html,C
Victor Claver,https://www.basketball-reference.com/players/c/clavevi01.html,C
John Clawson,https://www.basketball-reference.com/players/c/clawsjo01.html,C
Charles Claxton,https://www.basketball-reference.com/players/c/claxtch01.html,C
Nic Claxton,https://www.basketball-reference.com/players/c/claxtni01.html,C
Speedy Claxton,https://www.basketball-reference.com/players/c/claxtsp01.html,C
Jim Cleamons,https://www.basketball-reference.com/players/c/cleamji01.html,C
Mateen Cleaves,https://www.basketball-reference.com/players/c/cleavma01.html,C
Barry Clemens,https://www.basketball-reference.com/players/c/clemeba01.html,C
Chris Clemons,https://www.basketball-reference.com/players/c/clemoch01.html,C
Antonius Cleveland,https://www.basketball-reference.com/players/c/clevean01.html,C
Nat Clifton,https://www.basketball-reference.com/players/c/cliftna01.html,C
Donovan Clingan,https://www.basketball-reference.com/players/c/clingdo01.html,C
Bill Closs,https://www.basketball-reference.com/players/c/clossbi01.html,C
Keith Closs,https://www.basketball-reference.com/players/c/closske01.html,C
Noah Clowney,https://www.basketball-reference.com/players/c/clownno01.html,C
Paul Cloyd,https://www.basketball-reference.com/players/c/cloydpa01.html,C
Bob Cluggish,https://www.basketball-reference.com/players/c/cluggbo01.html,C
Ben Clyde,https://www.basketball-reference.com/players/c/clydebe01.html,C
Amir Coffey,https://www.basketball-reference.com/players/c/coffeam01.html,C
Richard Coffey,https://www.basketball-reference.com/players/c/cofferi01.html,C
Fred Cofield,https://www.basketball-reference.com/players/c/cofiefr01.html,C
John Coker,https://www.basketball-reference.com/players/c/cokerjo01.html,C
Norris Cole,https://www.basketball-reference.com/players/c/coleno01.html,C
Ben Coleman,https://www.basketball-reference.com/players/c/colembe01.html,C
Derrick Coleman,https://www.basketball-reference.com/players/c/colemde01.html,C
E.C. Coleman,https://www.basketball-reference.com/players/c/colemec01.html,C
Jack Coleman,https://www.basketball-reference.com/players/c/colemja01.html,C
Norris Coleman,https://www.basketball-reference.com/players/c/colemno01.html,C
Bimbo Coles,https://www.basketball-reference.com/players/c/colesbi01.html,C
Isaiah Collier,https://www.basketball-reference.com/players/c/colliis01.html,C
Jason Collier,https://www.basketball-reference.com/players/c/collija02.html,C
Art Collins,https://www.basketball-reference.com/players/c/colliar01.html,C
Don Collins,https://www.basketball-reference.com/players/c/collido02.html,C
Doug Collins,https://www.basketball-reference.com/players/c/collido01.html,C
James Collins,https://www.basketball-reference.com/players/c/collija01.html,C
Jarron Collins,https://www.basketball-reference.com/players/c/collija03.html,C
Jason Collins,https://www.basketball-reference.com/players/c/collija04.html,C
Jimmy Collins,https://www.basketball-reference.com/players/c/colliji01.html,C
John Collins,https://www.basketball-reference.com/players/c/collijo01.html,C
Mardy Collins,https://www.basketball-reference.com/players/c/collima01.html,C
Sherron Collins,https://www.basketball-reference.com/players/c/collish01.html,C
Yuri Collins,https://www.basketball-reference.com/players/c/colliyu01.html,C
Zach Collins,https://www.basketball-reference.com/players/c/colliza01.html,C
Kyle Collinsworth,https://www.basketball-reference.com/players/c/colliky01.html,C
Darren Collison,https://www.basketball-reference.com/players/c/collida01.html,C
Nick Collison,https://www.basketball-reference.com/players/c/collini01.html,C
Joe Colone,https://www.basketball-reference.com/players/c/colonjo01.html,C
Bonzie Colson,https://www.basketball-reference.com/players/c/colsobo01.html,C
Sean Colson,https://www.basketball-reference.com/players/c/colsose01.html,C
Steve Colter,https://www.basketball-reference.com/players/c/coltest01.html,C
Chance Comanche,https://www.basketball-reference.com/players/c/comanch01.html,C
Glen Combs,https://www.basketball-reference.com/players/c/combsgl01.html,C
Leroy Combs,https://www.basketball-reference.com/players/c/combsle01.html,C
John Comeaux,https://www.basketball-reference.com/players/c/comeajo01.html,C
Dallas Comegys,https://www.basketball-reference.com/players/c/comegda01.html,C
Larry Comley,https://www.basketball-reference.com/players/c/comlela01.html,C
Jeff Congdon,https://www.basketball-reference.com/players/c/congdje01.html,C
Gene Conley,https://www.basketball-reference.com/players/c/conlege01.html,C
Larry Conley,https://www.basketball-reference.com/players/c/conlela01.html,C
Mike Conley,https://www.basketball-reference.com/players/c/conlemi01.html,C
Ed Conlin,https://www.basketball-reference.com/players/c/conlied01.html,C
Marty Conlon,https://www.basketball-reference.com/players/c/conloma01.html,C
Pat Connaughton,https://www.basketball-reference.com/players/c/connapa01.html,C
Jimmy Conner,https://www.basketball-reference.com/players/c/conneji01.html,C
Lester Conner,https://www.basketball-reference.com/players/c/connele01.html,C
Chuck Connors,https://www.basketball-reference.com/players/c/connoch01.html,C
Will Conroy,https://www.basketball-reference.com/players/c/conrowi01.html,C
Anthony Cook,https://www.basketball-reference.com/players/c/cookan01.html,C
Bert Cook,https://www.basketball-reference.com/players/c/cookbe01.html,C
Bobby Cook,https://www.basketball-reference.com/players/c/cookbo01.html,C
Brian Cook,https://www.basketball-reference.com/players/c/cookbr01.html,C
Daequan Cook,https://www.basketball-reference.com/players/c/cookda02.html,C
Darwin Cook,https://www.basketball-reference.com/players/c/cookda01.html,C
Jeff Cook,https://www.basketball-reference.com/players/c/cookje01.html,C
Norm Cook,https://www.basketball-reference.com/players/c/cookno01.html,C
Omar Cook,https://www.basketball-reference.com/players/c/cookom01.html,C
Quinn Cook,https://www.basketball-reference.com/players/c/cookqu01.html,C
Tyler Cook,https://www.basketball-reference.com/players/c/cookty01.html,C
Charles Cooke,https://www.basketball-reference.com/players/c/cookech01.html,C
David Cooke,https://www.basketball-reference.com/players/c/cookeda01.html,C
Joe Cooke,https://www.basketball-reference.com/players/c/cookejo01.html,C
Xavier Cooks,https://www.basketball-reference.com/players/c/cooksxa01.html,C
Jack Cooley,https://www.basketball-reference.com/players/c/cooleja01.html,C
Chuck Cooper,https://www.basketball-reference.com/players/c/coopech01.html,C
Duane Cooper,https://www.basketball-reference.com/players/c/coopedu01.html,C
Joe Cooper,https://www.basketball-reference.com/players/c/coopejo01.html,C
Michael Cooper,https://www.basketball-reference.com/players/c/coopemi01.html,C
Sharife Cooper,https://www.basketball-reference.com/players/c/coopesh01.html,C
Wayne Cooper,https://www.basketball-reference.com/players/c/coopewa01.html,C
Tom Copa,https://www.basketball-reference.com/players/c/copato01.html,C
Chris Copeland,https://www.basketball-reference.com/players/c/copelch01.html,C
Hollis Copeland,https://www.basketball-reference.com/players/c/copelho01.html,C
Lanard Copeland,https://www.basketball-reference.com/players/c/copella01.html,C
Tyrone Corbin,https://www.basketball-reference.com/players/c/corbity01.html,C
Chris Corchiani,https://www.basketball-reference.com/players/c/corchch01.html,C
Ken Corley,https://www.basketball-reference.com/players/c/corleke01.html,C
Ray Corley,https://www.basketball-reference.com/players/c/corlera01.html,C
Petr Cornelie,https://www.basketball-reference.com/players/c/cornepe01.html,C
Dave Corzine,https://www.basketball-reference.com/players/c/corzida01.html,C
Larry Costello,https://www.basketball-reference.com/players/c/costela01.html,C
Matt Costello,https://www.basketball-reference.com/players/c/costema01.html,C
Bryce Cotton,https://www.basketball-reference.com/players/c/cottobr01.html,C
Jack Cotton,https://www.basketball-reference.com/players/c/cottoja01.html,C
James Cotton,https://www.basketball-reference.com/players/c/cottoja02.html,C
John Coughran,https://www.basketball-reference.com/players/c/coughjo01.html,C
Bilal Coulibaly,https://www.basketball-reference.com/players/c/coulibi01.html,C
Ricky Council IV,https://www.basketball-reference.com/players/c/councri01.html,C
Mel Counts,https://www.basketball-reference.com/players/c/countme01.html,C
Steve Courtin,https://www.basketball-reference.com/players/c/courtst01.html,C
Joe Courtney,https://www.basketball-reference.com/players/c/courtjo01.html,C
Marcus Cousin,https://www.basketball-reference.com/players/c/cousima01.html,C
DeMarcus Cousins,https://www.basketball-reference.com/players/c/couside01.html,C
Bob Cousy,https://www.basketball-reference.com/players/c/cousybo01.html,C
Robert Covington,https://www.basketball-reference.com/players/c/covinro01.html,C
Dave Cowens,https://www.basketball-reference.com/players/c/cowenda01.html,C
Chubby Cox,https://www.basketball-reference.com/players/c/coxch01.html,C
Johnny Cox,https://www.basketball-reference.com/players/c/coxjo01.html,C
Wesley Cox,https://www.basketball-reference.com/players/c/coxwe01.html,C
Allen Crabbe,https://www.basketball-reference.com/players/c/crabbal01.html,C
Torrey Craig,https://www.basketball-reference.com/players/c/craigto01.html,C
Chris Crawford,https://www.basketball-reference.com/players/c/crawfch01.html,C
Freddie Crawford,https://www.basketball-reference.com/players/c/crawffr01.html,C
Isaiah Crawford,https://www.basketball-reference.com/players/c/crawfis01.html,C
Jamal Crawford,https://www.basketball-reference.com/players/c/crawfja01.html,C
Joe Crawford,https://www.basketball-reference.com/players/c/crawfjo01.html,C
Jordan Crawford,https://www.basketball-reference.com/players/c/crawfjo02.html,C
Mitch Creek,https://www.basketball-reference.com/players/c/creekmi01.html,C
Jim Creighton,https://www.basketball-reference.com/players/c/creigji01.html,C
Ron Crevier,https://www.basketball-reference.com/players/c/creviro01.html,C
Hal Crisler,https://www.basketball-reference.com/players/c/crislha01.html,C
Joe Crispin,https://www.basketball-reference.com/players/c/crispjo01.html,C
Charlie Criss,https://www.basketball-reference.com/players/c/crissch01.html,C
Russ Critchfield,https://www.basketball-reference.com/players/c/critcru01.html,C
Winston Crite,https://www.basketball-reference.com/players/c/critewi01.html,C
Javaris Crittenton,https://www.basketball-reference.com/players/c/crittja01.html,C
Dillard Crocker,https://www.basketball-reference.com/players/c/crockdi01.html,C
Bobby Croft,https://www.basketball-reference.com/players/c/croftbo01.html,C
Geoff Crompton,https://www.basketball-reference.com/players/c/crompge01.html,C
Terry Crosby,https://www.basketball-reference.com/players/c/crosbte01.html,C
Austin Croshere,https://www.basketball-reference.com/players/c/croshau01.html,C
Jeff Cross,https://www.basketball-reference.com/players/c/crossje01.html,C
Pete Cross,https://www.basketball-reference.com/players/c/crosspe01.html,C
Russell Cross,https://www.basketball-reference.com/players/c/crossru01.html,C
Chink Crossin,https://www.basketball-reference.com/players/c/crossch01.html,C
John Crotty,https://www.basketball-reference.com/players/c/crottjo01.html,C
Bill Crow,https://www.basketball-reference.com/players/c/crowbi01.html,C
Mark Crow,https://www.basketball-reference.com/players/c/crowma01.html,C
Corey Crowder,https://www.basketball-reference.com/players/c/crowdco01.html,C
Jae Crowder,https://www.basketball-reference.com/players/c/crowdja01.html,C
Jalen Crutcher,https://www.basketball-reference.com/players/c/crutcja01.html,C
Al Cueto,https://www.basketball-reference.com/players/c/cuetoal01.html,C
Cui Yongxi,https://www.basketball-reference.com/players/c/cuiyo01.html,C
Jarrett Culver,https://www.basketball-reference.com/players/c/culveja01.html,C
Jarron Cumberland,https://www.basketball-reference.com/players/c/cumbeja01.html,C
Pat Cummings,https://www.basketball-reference.com/players/c/cummipa01.html,C
Terry Cummings,https://www.basketball-reference.com/players/c/cummite01.html,C
Vonteego Cummings,https://www.basketball-reference.com/players/c/cummivo01.html,C
Billy Cunningham,https://www.basketball-reference.com/players/c/cunnibi01.html,C
Cade Cunningham,https://www.basketball-reference.com/players/c/cunnica01.html,C
Dante Cunningham,https://www.basketball-reference.com/players/c/cunnida01.html,C
Dick Cunningham,https://www.basketball-reference.com/players/c/cunnidi01.html,C
Jared Cunningham,https://www.basketball-reference.com/players/c/cunnija01.html,C
William Cunningham,https://www.basketball-reference.com/players/c/cunniwi01.html,C
Radisav Ćurčić,https://www.basketball-reference.com/players/c/curcira01.html,C
Armand Cure,https://www.basketball-reference.com/players/c/curear01.html,C
Earl Cureton,https://www.basketball-reference.com/players/c/curetea01.html,C
Bill Curley,https://www.basketball-reference.com/players/c/curlebi01.html,C
Fran Curran,https://www.basketball-reference.com/players/c/currafr01.html,C
Dell Curry,https://www.basketball-reference.com/players/c/curryde01.html,C
Eddy Curry,https://www.basketball-reference.com/players/c/curryed01.html,C
JamesOn Curry,https://www.basketball-reference.com/players/c/curryja01.html,C
Michael Curry,https://www.basketball-reference.com/players/c/currymi01.html,C
Seth Curry,https://www.basketball-reference.com/players/c/curryse01.html,C
Stephen Curry,https://www.basketball-reference.com/players/c/curryst01.html,C
Rastko Cvetković,https://www.basketball-reference.com/players/c/cvetkra01.html,C
Mike D'Antoni,https://www.basketball-reference.com/players/d/dantomi01.html,D
Tristan Da Silva,https://www.basketball-reference.com/players/d/dasiltr01.html,D
Mike Dabich,https://www.basketball-reference.com/players/d/dabicmi01.html,D
Pacome Dadiet,https://www.basketball-reference.com/players/d/dadiepa01.html,D
Ed Dahler,https://www.basketball-reference.com/players/d/dahleed01.html,D
Quintin Dailey,https://www.basketball-reference.com/players/d/dailequ01.html,D
Samuel Dalembert,https://www.basketball-reference.com/players/d/dalemsa01.html,D
Howie Dallmar,https://www.basketball-reference.com/players/d/dallmho01.html,D
Erick Dampier,https://www.basketball-reference.com/players/d/dampier01.html,D
Louie Dampier,https://www.basketball-reference.com/players/d/dampilo01.html,D
Bob Dandridge,https://www.basketball-reference.com/players/d/dandrbo01.html,D
Antonio Daniels,https://www.basketball-reference.com/players/d/daniean01.html,D
Dyson Daniels,https://www.basketball-reference.com/players/d/daniedy01.html,D
Erik Daniels,https://www.basketball-reference.com/players/d/danieer01.html,D
Lloyd Daniels,https://www.basketball-reference.com/players/d/daniell01.html,D
Marquis Daniels,https://www.basketball-reference.com/players/d/daniema01.html,D
Mel Daniels,https://www.basketball-reference.com/players/d/danieme01.html,D
Troy Daniels,https://www.basketball-reference.com/players/d/danietr01.html,D
Sasha Danilović,https://www.basketball-reference.com/players/d/danilsa01.html,D
N'Faly Dante,https://www.basketball-reference.com/players/n/nfalyda01.html,D
Adrian Dantley,https://www.basketball-reference.com/players/d/dantlad01.html,D
Pete Darcey,https://www.basketball-reference.com/players/d/darcepe01.html,D
Jimmy Darden,https://www.basketball-reference.com/players/d/dardeji01.html,D
Ollie Darden,https://www.basketball-reference.com/players/d/dardeol01.html,D
Yinka Dare,https://www.basketball-reference.com/players/d/dareyi01.html,D
Jesse Dark,https://www.basketball-reference.com/players/d/darkje01.html,D
Nate Darling,https://www.basketball-reference.com/players/d/darlina01.html,D
Rick Darnell,https://www.basketball-reference.com/players/d/darneri01.html,D
Jimmy Darrow,https://www.basketball-reference.com/players/d/darroji01.html,D
Gigi Datome,https://www.basketball-reference.com/players/d/datomlu01.html,D
Brad Daugherty,https://www.basketball-reference.com/players/d/daughbr01.html,D
Mack Daughtry,https://www.basketball-reference.com/players/d/daughma01.html,D
Kornél Dávid,https://www.basketball-reference.com/players/d/davidko01.html,D
Jermareo Davidson,https://www.basketball-reference.com/players/d/davidje01.html,D
Bob Davies,https://www.basketball-reference.com/players/d/daviebo01.html,D
Brandon Davies,https://www.basketball-reference.com/players/d/daviebr01.html,D
Anthony Davis,https://www.basketball-reference.com/players/d/davisan02.html,D
Antonio Davis,https://www.basketball-reference.com/players/d/davisan01.html,D
Aubrey Davis,https://www.basketball-reference.com/players/d/davisau01.html,D
Baron Davis,https://www.basketball-reference.com/players/d/davisba01.html,D
Ben Davis,https://www.basketball-reference.com/players/d/davisbe01.html,D
Bill Davis,https://www.basketball-reference.com/players/d/davisbi01.html,D
Bob Davis,https://www.basketball-reference.com/players/d/davisbo01.html,D
Brad Davis,https://www.basketball-reference.com/players/d/davisbr01.html,D
Brian Davis,https://www.basketball-reference.com/players/d/davisbr02.html,D
Charles Davis,https://www.basketball-reference.com/players/d/davisch02.html,D
Charlie Davis,https://www.basketball-reference.com/players/d/davisch01.html,D
Dale Davis,https://www.basketball-reference.com/players/d/davisda01.html,D
Deyonta Davis,https://www.basketball-reference.com/players/d/davisde01.html,D
Dwight Davis,https://www.basketball-reference.com/players/d/davisdw01.html,D
Ed Davis,https://www.basketball-reference.com/players/d/davised01.html,D
Emanual Davis,https://www.basketball-reference.com/players/d/davisem01.html,D
Glen Davis,https://www.basketball-reference.com/players/d/davisgl01.html,D
Harry Davis,https://www.basketball-reference.com/players/d/davisha01.html,D
Hubert Davis,https://www.basketball-reference.com/players/d/davishu01.html,D
Jim Davis,https://www.basketball-reference.com/players/d/davisji01.html,D
Johnny Davis,https://www.basketball-reference.com/players/d/davisjo01.html,D
Johnny Davis,https://www.basketball-reference.com/players/d/davisjo06.html,D
Josh Davis,https://www.basketball-reference.com/players/d/davisjo02.html,D
Lee Davis,https://www.basketball-reference.com/players/d/davisle01.html,D
Mark Davis,https://www.basketball-reference.com/players/d/davisma01.html,D
Mark Davis,https://www.basketball-reference.com/players/d/davisma02.html,D
Mel Davis,https://www.basketball-reference.com/players/d/davisme01.html,D
Mickey Davis,https://www.basketball-reference.com/players/d/davismi02.html,D
Mike Davis,https://www.basketball-reference.com/players/d/davismi01.html,D
Mike Davis,https://www.basketball-reference.com/players/d/davismi03.html,D
Monti Davis,https://www.basketball-reference.com/players/d/davismo01.html,D
Paul Davis,https://www.basketball-reference.com/players/d/davispa01.html,D
Ralph Davis,https://www.basketball-reference.com/players/d/davisra01.html,D
Red Davis,https://www.basketball-reference.com/players/d/davisre01.html,D
Ricky Davis,https://www.basketball-reference.com/players/d/davisri01.html,D
Ron Davis,https://www.basketball-reference.com/players/d/davisro01.html,D
Terence Davis,https://www.basketball-reference.com/players/d/daviste02.html,D
Terry Davis,https://www.basketball-reference.com/players/d/daviste01.html,D
Tyler Davis,https://www.basketball-reference.com/players/d/davisty01.html,D
Walt Davis,https://www.basketball-reference.com/players/d/daviswa01.html,D
Walter Davis,https://www.basketball-reference.com/players/d/daviswa03.html,D
Warren Davis,https://www.basketball-reference.com/players/d/daviswa02.html,D
Willie Davis,https://www.basketball-reference.com/players/d/daviswi01.html,D
JD Davison,https://www.basketball-reference.com/players/d/davisjd01.html,D
Andre Dawkins,https://www.basketball-reference.com/players/d/dawkian01.html,D
Darryl Dawkins,https://www.basketball-reference.com/players/d/dawkida01.html,D
Johnny Dawkins,https://www.basketball-reference.com/players/d/dawkijo01.html,D
Paul Dawkins,https://www.basketball-reference.com/players/d/dawkipa01.html,D
Branden Dawson,https://www.basketball-reference.com/players/d/dawsobr01.html,D
Eric Dawson,https://www.basketball-reference.com/players/d/dawsoer01.html,D
Jimmy Dawson,https://www.basketball-reference.com/players/d/dawsoji01.html,D
Tony Dawson,https://www.basketball-reference.com/players/d/dawsoto01.html,D
Todd Day,https://www.basketball-reference.com/players/d/dayto01.html,D
Austin Daye,https://www.basketball-reference.com/players/d/dayeau01.html,D
Darren Daye,https://www.basketball-reference.com/players/d/dayeda01.html,D
Darius Days,https://www.basketball-reference.com/players/d/daysda01.html,D
Nando De Colo,https://www.basketball-reference.com/players/d/decolna01.html,D
Billy DeAngelis,https://www.basketball-reference.com/players/d/deangbi01.html,D
Dave DeBusschere,https://www.basketball-reference.com/players/d/debusda01.html,D
Andrew DeClercq,https://www.basketball-reference.com/players/d/declean01.html,D
Javin DeLaurier,https://www.basketball-reference.com/players/d/delauja01.html,D
Nate DeLong,https://www.basketball-reference.com/players/d/delonna01.html,D
Joe DePre,https://www.basketball-reference.com/players/d/deprejo01.html,D
DeMar DeRozan,https://www.basketball-reference.com/players/d/derozde01.html,D
Hank DeZonie,https://www.basketball-reference.com/players/d/dezonha01.html,D
Greg Deane,https://www.basketball-reference.com/players/d/deanegr01.html,D
Gabriel Deck,https://www.basketball-reference.com/players/d/deckga01.html,D
Dewayne Dedmon,https://www.basketball-reference.com/players/d/dedmode01.html,D
Don Dee,https://www.basketball-reference.com/players/d/deedo01.html,D
Archie Dees,https://www.basketball-reference.com/players/d/deesar01.html,D
Terry Dehere,https://www.basketball-reference.com/players/d/deherte01.html,D
Red Dehnert,https://www.basketball-reference.com/players/d/dehnere01.html,D
Bryce Dejean-Jones,https://www.basketball-reference.com/players/d/dejeabr01.html,D
Sam Dekker,https://www.basketball-reference.com/players/d/dekkesa01.html,D
Vinny Del Negro,https://www.basketball-reference.com/players/d/delnevi01.html,D
Malcolm Delaney,https://www.basketball-reference.com/players/d/delanma01.html,D
Bison Dele,https://www.basketball-reference.com/players/d/delebi01.html,D
Carlos Delfino,https://www.basketball-reference.com/players/d/delfica01.html,D
Ángel Delgado,https://www.basketball-reference.com/players/d/delgaan01.html,D
Tony Delk,https://www.basketball-reference.com/players/d/delkto01.html,D
Matthew Dellavedova,https://www.basketball-reference.com/players/d/dellama01.html,D
Fennis Dembo,https://www.basketball-reference.com/players/d/dembofe01.html,D
Larry Demic,https://www.basketball-reference.com/players/d/demicla01.html,D
Dell Demps,https://www.basketball-reference.com/players/d/dempsde01.html,D
George Dempsey,https://www.basketball-reference.com/players/d/dempsge01.html,D
Luol Deng,https://www.basketball-reference.com/players/d/denglu01.html,D
Kenny Dennard,https://www.basketball-reference.com/players/d/dennake01.html,D
Blaine Denning,https://www.basketball-reference.com/players/d/dennibl01.html,D
Dexter Dennis,https://www.basketball-reference.com/players/d/dennide01.html,D
RayJ Dennis,https://www.basketball-reference.com/players/d/dennira01.html,D
Justin Dentmon,https://www.basketball-reference.com/players/d/dentmju01.html,D
Randy Denton,https://www.basketball-reference.com/players/d/dentora01.html,D
Rod Derline,https://www.basketball-reference.com/players/d/derliro01.html,D
Marcus Derrickson,https://www.basketball-reference.com/players/d/derrima01.html,D
Dave Deutsch,https://www.basketball-reference.com/players/d/deutsda01.html,D
Corky Devlin,https://www.basketball-reference.com/players/d/devlico01.html,D
Ernie DiGregorio,https://www.basketball-reference.com/players/d/digreer01.html,D
Donte DiVincenzo,https://www.basketball-reference.com/players/d/divindo01.html,D
Moussa Diabaté,https://www.basketball-reference.com/players/d/diabamo01.html,D
Mamadi Diakite,https://www.basketball-reference.com/players/d/diakima01.html,D
Derrick Dial,https://www.basketball-reference.com/players/d/dialde01.html,D
Cheick Diallo,https://www.basketball-reference.com/players/d/diallch01.html,D
Hamidou Diallo,https://www.basketball-reference.com/players/d/diallha01.html,D
Boris Diaw,https://www.basketball-reference.com/players/d/diawbo01.html,D
Yakhouba Diawara,https://www.basketball-reference.com/players/d/diawaya01.html,D
Guillermo Díaz,https://www.basketball-reference.com/players/d/diazgu01.html,D
Gradey Dick,https://www.basketball-reference.com/players/d/dickgr01.html,D
Dan Dickau,https://www.basketball-reference.com/players/d/dickada01.html,D
Kaniel Dickens,https://www.basketball-reference.com/players/d/dickeka01.html,D
Henry Dickerson,https://www.basketball-reference.com/players/d/dickehe01.html,D
Michael Dickerson,https://www.basketball-reference.com/players/d/dickemi01.html,D
Clyde Dickey,https://www.basketball-reference.com/players/d/dickecl01.html,D
Derrek Dickey,https://www.basketball-reference.com/players/d/dickede01.html,D
Dick Dickey,https://www.basketball-reference.com/players/d/dickedi01.html,D
John Dickson,https://www.basketball-reference.com/players/d/dicksjo01.html,D
Travis Diener,https://www.basketball-reference.com/players/d/dienetr01.html,D
Gorgui Dieng,https://www.basketball-reference.com/players/d/dienggo01.html,D
Ousmane Dieng,https://www.basketball-reference.com/players/d/diengou01.html,D
Connie Dierking,https://www.basketball-reference.com/players/d/dierkco01.html,D
Coby Dietrick,https://www.basketball-reference.com/players/d/dietrco01.html,D
Craig Dill,https://www.basketball-reference.com/players/d/dillcr01.html,D
Dwaine Dillard,https://www.basketball-reference.com/players/d/dilladw01.html,D
Mickey Dillard,https://www.basketball-reference.com/players/d/dillami01.html,D
Bob Dille,https://www.basketball-reference.com/players/d/dillebo01.html,D
Rob Dillingham,https://www.basketball-reference.com/players/d/dilliro01.html,D
Hook Dillon,https://www.basketball-reference.com/players/d/dilloho01.html,D
Byron Dinkins,https://www.basketball-reference.com/players/d/dinkiby01.html,D
Jackie Dinkins,https://www.basketball-reference.com/players/d/dinkija01.html,D
Harry Dinnel,https://www.basketball-reference.com/players/d/dinneha01.html,D
Bill Dinwiddie,https://www.basketball-reference.com/players/d/dinwibi01.html,D
Spencer Dinwiddie,https://www.basketball-reference.com/players/d/dinwisp01.html,D
Ike Diogu,https://www.basketball-reference.com/players/d/dioguik01.html,D
DeSagana Diop,https://www.basketball-reference.com/players/d/diopde01.html,D
Terry Dischinger,https://www.basketball-reference.com/players/d/dischte01.html,D
Fred Diute,https://www.basketball-reference.com/players/d/diutefr01.html,D
Vlade Divac,https://www.basketball-reference.com/players/d/divacvl01.html,D
Juan Dixon,https://www.basketball-reference.com/players/d/dixonju01.html,D
Earl Dodd,https://www.basketball-reference.com/players/d/doddea01.html,D
Michael Doleac,https://www.basketball-reference.com/players/d/doleami01.html,D
Joe Dolhon,https://www.basketball-reference.com/players/d/dolhojo01.html,D
Bob Doll,https://www.basketball-reference.com/players/d/dollbo01.html,D
James Donaldson,https://www.basketball-reference.com/players/d/donalja01.html,D
Luka Dončić,https://www.basketball-reference.com/players/d/doncilu01.html,D
Bob Donham,https://www.basketball-reference.com/players/d/donhabo01.html,D
Billy Donovan,https://www.basketball-reference.com/players/d/donovbi01.html,D
Harry Donovan,https://www.basketball-reference.com/players/d/donovha01.html,D
Keyon Dooling,https://www.basketball-reference.com/players/d/doolike01.html,D
Aleksandar Djordjevic,https://www.basketball-reference.com/players/d/djordal01.html,D
Jacky Dorsey,https://www.basketball-reference.com/players/d/dorseja01.html,D
Joey Dorsey,https://www.basketball-reference.com/players/d/dorsejo01.html,D
Ron Dorsey,https://www.basketball-reference.com/players/d/dorsero01.html,D
Tyler Dorsey,https://www.basketball-reference.com/players/d/dorsety01.html,D
Luguentz Dort,https://www.basketball-reference.com/players/d/dortlu01.html,D
Ayo Dosunmu,https://www.basketball-reference.com/players/d/dosunay01.html,D
Damyean Dotson,https://www.basketball-reference.com/players/d/dotsoda01.html,D
Devon Dotson,https://www.basketball-reference.com/players/d/dotsode01.html,D
Quincy Douby,https://www.basketball-reference.com/players/d/doubyqu01.html,D
Bruce Douglas,https://www.basketball-reference.com/players/d/douglbr01.html,D
John Douglas,https://www.basketball-reference.com/players/d/dougljo01.html,D
Leon Douglas,https://www.basketball-reference.com/players/d/douglle01.html,D
Sherman Douglas,https://www.basketball-reference.com/players/d/douglsh01.html,D
Toney Douglas,https://www.basketball-reference.com/players/d/douglto01.html,D
Chris Douglas-Roberts,https://www.basketball-reference.com/players/d/douglch01.html,D
Sekou Doumbouya,https://www.basketball-reference.com/players/d/doumbse01.html,D
Sonny Dove,https://www.basketball-reference.com/players/d/doveso01.html,D
Jerry Dover,https://www.basketball-reference.com/players/d/doverje01.html,D
Zabian Dowdell,https://www.basketball-reference.com/players/d/dowdeza01.html,D
Bill Downey,https://www.basketball-reference.com/players/d/downebi01.html,D
Steve Downing,https://www.basketball-reference.com/players/d/downist01.html,D
Jeff Dowtin Jr.,https://www.basketball-reference.com/players/d/dowtije01.html,D
Danny Doyle,https://www.basketball-reference.com/players/d/doyleda01.html,D
Milton Doyle,https://www.basketball-reference.com/players/d/doylemi01.html,D
PJ Dozier,https://www.basketball-reference.com/players/d/doziepj01.html,D
Terry Dozier,https://www.basketball-reference.com/players/d/doziete01.html,D
Goran Dragić,https://www.basketball-reference.com/players/d/dragigo01.html,D
Zoran Dragić,https://www.basketball-reference.com/players/d/dragizo01.html,D
Greg Dreiling,https://www.basketball-reference.com/players/d/dreilgr01.html,D
Henri Drell,https://www.basketball-reference.com/players/d/drellhe01.html,D
Bryce Drew,https://www.basketball-reference.com/players/d/drewbr01.html,D
John Drew,https://www.basketball-reference.com/players/d/drewjo01.html,D
Larry Drew,https://www.basketball-reference.com/players/d/drewla01.html,D
Larry Drew II,https://www.basketball-reference.com/players/d/drewla02.html,D
Clyde Drexler,https://www.basketball-reference.com/players/d/drexlcl01.html,D
Nate Driggers,https://www.basketball-reference.com/players/d/driggna01.html,D
Terry Driscoll,https://www.basketball-reference.com/players/d/driscte01.html,D
Predrag Drobnjak,https://www.basketball-reference.com/players/d/drobnpr01.html,D
Ralph Drollinger,https://www.basketball-reference.com/players/d/drollra01.html,D
Andre Drummond,https://www.basketball-reference.com/players/d/drumman01.html,D
Dennis DuVal,https://www.basketball-reference.com/players/d/duvalde01.html,D
Chris Duarte,https://www.basketball-reference.com/players/d/duartch01.html,D
Alex Ducas,https://www.basketball-reference.com/players/d/ducasal01.html,D
Dick Duckett,https://www.basketball-reference.com/players/d/duckedi01.html,D
Kevin Duckworth,https://www.basketball-reference.com/players/d/duckwke01.html,D
Charles Dudley,https://www.basketball-reference.com/players/d/dudlech01.html,D
Chris Dudley,https://www.basketball-reference.com/players/d/dudlech02.html,D
Jared Dudley,https://www.basketball-reference.com/players/d/dudleja01.html,D
Terry Duerod,https://www.basketball-reference.com/players/d/duerote01.html,D
Bob Duffy,https://www.basketball-reference.com/players/d/duffybo01.html,D
Bob Duffy,https://www.basketball-reference.com/players/d/duffybo02.html,D
Chris Duhon,https://www.basketball-reference.com/players/d/duhonch01.html,D
Duje Dukan,https://www.basketball-reference.com/players/d/dukandu01.html,D
David Duke Jr.,https://www.basketball-reference.com/players/d/dukeda01.html,D
Walter Dukes,https://www.basketball-reference.com/players/d/dukeswa01.html,D
Joe Dumars,https://www.basketball-reference.com/players/d/dumarjo01.html,D
Rich Dumas,https://www.basketball-reference.com/players/d/dumasri01.html,D
Richard Dumas,https://www.basketball-reference.com/players/d/dumasri02.html,D
Tony Dumas,https://www.basketball-reference.com/players/d/dumasto01.html,D
Andy Duncan,https://www.basketball-reference.com/players/d/duncaan01.html,D
Tim Duncan,https://www.basketball-reference.com/players/d/duncati01.html,D
Mike Dunleavy,https://www.basketball-reference.com/players/d/dunlemi01.html,D
Mike Dunleavy,https://www.basketball-reference.com/players/d/dunlemi02.html,D
Kris Dunn,https://www.basketball-reference.com/players/d/dunnkr01.html,D
Pat Dunn,https://www.basketball-reference.com/players/d/dunnpa01.html,D
Ryan Dunn,https://www.basketball-reference.com/players/d/dunnry01.html,D
T.R. Dunn,https://www.basketball-reference.com/players/d/dunntr01.html,D
Ronald Dupree,https://www.basketball-reference.com/players/d/duprero01.html,D
Kevin Durant,https://www.basketball-reference.com/players/d/duranke01.html,D
Jalen Duren,https://www.basketball-reference.com/players/d/durenja01.html,D
John Duren,https://www.basketball-reference.com/players/d/durenjo01.html,D
Jarrett Durham,https://www.basketball-reference.com/players/d/durhaja01.html,D
Pat Durham,https://www.basketball-reference.com/players/d/durhapa01.html,D
Devin Durrant,https://www.basketball-reference.com/players/d/durrade01.html,D
Ken Durrett,https://www.basketball-reference.com/players/d/durreke01.html,D
Trevon Duval,https://www.basketball-reference.com/players/d/duvaltr01.html,D
Jack Dwan,https://www.basketball-reference.com/players/d/dwanja01.html,D
Craig Dykema,https://www.basketball-reference.com/players/d/dykemcr01.html,D
Gene Dyker,https://www.basketball-reference.com/players/d/dykerge01.html,D
Jerome Dyson,https://www.basketball-reference.com/players/d/dysonje01.html,D
Ledell Eackles,https://www.basketball-reference.com/players/e/eacklle01.html,E
Jim Eakins,https://www.basketball-reference.com/players/e/eakinji01.html,E
Acie Earl,https://www.basketball-reference.com/players/e/earlac01.html,E
Ed Earle,https://www.basketball-reference.com/players/e/earleed01.html,E
Cleanthony Early,https://www.basketball-reference.com/players/e/earlycl01.html,E
Penny Early,https://www.basketball-reference.com/players/e/earlype01.html,E
Tari Eason,https://www.basketball-reference.com/players/e/easonta01.html,E
Mark Eaton,https://www.basketball-reference.com/players/e/eatonma01.html,E
Jerry Eaves,https://www.basketball-reference.com/players/e/eavesje01.html,E
Devin Ebanks,https://www.basketball-reference.com/players/e/ebankde01.html,E
Bill Ebben,https://www.basketball-reference.com/players/e/ebbenbi01.html,E
Al Eberhard,https://www.basketball-reference.com/players/e/eberhal01.html,E
Ndudi Ebi,https://www.basketball-reference.com/players/e/ebind01.html,E
Roy Ebron,https://www.basketball-reference.com/players/e/ebronro01.html,E
Jaime Echenique,https://www.basketball-reference.com/players/e/echenja01.html,E
Jarell Eddie,https://www.basketball-reference.com/players/e/eddieja01.html,E
Patrick Eddie,https://www.basketball-reference.com/players/e/eddiepa01.html,E
Dike Eddleman,https://www.basketball-reference.com/players/e/eddledi01.html,E
Kenton Edelin,https://www.basketball-reference.com/players/e/edelike01.html,E
Zach Edey,https://www.basketball-reference.com/players/e/edeyza01.html,E
Charles Edge,https://www.basketball-reference.com/players/e/edgech01.html,E
Bobby Edmonds,https://www.basketball-reference.com/players/e/edmonbo01.html,E
Keith Edmonson,https://www.basketball-reference.com/players/e/edmonke01.html,E
Tyus Edney,https://www.basketball-reference.com/players/e/edneyty01.html,E
Anthony Edwards,https://www.basketball-reference.com/players/e/edwaran01.html,E
Bill Edwards,https://www.basketball-reference.com/players/e/edwarbi01.html,E
Blue Edwards,https://www.basketball-reference.com/players/e/edwarbl01.html,E
Carsen Edwards,https://www.basketball-reference.com/players/e/edwarca01.html,E
Corsley Edwards,https://www.basketball-reference.com/players/e/edwarco01.html,E
Doug Edwards,https://www.basketball-reference.com/players/e/edwardo01.html,E
Franklin Edwards,https://www.basketball-reference.com/players/e/edwarfr01.html,E
James Edwards,https://www.basketball-reference.com/players/e/edwarja01.html,E
Jay Edwards,https://www.basketball-reference.com/players/e/edwarja02.html,E
Jesse Edwards,https://www.basketball-reference.com/players/e/edwarje01.html,E
John Edwards,https://www.basketball-reference.com/players/e/edwarjo01.html,E
Justin Edwards,https://www.basketball-reference.com/players/e/edwarju01.html,E
Kessler Edwards,https://www.basketball-reference.com/players/e/edwarke02.html,E
Kevin Edwards,https://www.basketball-reference.com/players/e/edwarke01.html,E
Rob Edwards,https://www.basketball-reference.com/players/e/edwarro01.html,E
Shane Edwards,https://www.basketball-reference.com/players/e/edwarsh01.html,E
Vince Edwards,https://www.basketball-reference.com/players/e/edwarvi01.html,E
Johnny Egan,https://www.basketball-reference.com/players/e/eganjo01.html,E
Lonnie Eggleston,https://www.basketball-reference.com/players/e/egglelo01.html,E
Bulbs Ehlers,https://www.basketball-reference.com/players/e/ehlerbu01.html,E
Craig Ehlo,https://www.basketball-reference.com/players/e/ehlocr01.html,E
Rich Eichhorst,https://www.basketball-reference.com/players/e/eichhdi01.html,E
Howard Eisley,https://www.basketball-reference.com/players/e/eisleho01.html,E
Obinna Ekezie,https://www.basketball-reference.com/players/e/ekeziob01.html,E
Khalid El-Amin,https://www.basketball-reference.com/players/e/elamikh01.html,E
Don Eliason,https://www.basketball-reference.com/players/e/eliasdo01.html,E
Mario Elie,https://www.basketball-reference.com/players/e/eliema01.html,E
CJ Elleby,https://www.basketball-reference.com/players/e/ellebcj01.html,E
Ray Ellefson,https://www.basketball-reference.com/players/e/ellefra01.html,E
Henry Ellenson,https://www.basketball-reference.com/players/e/ellenhe01.html,E
Wayne Ellington,https://www.basketball-reference.com/players/e/ellinwa01.html,E
Bob Elliott,https://www.basketball-reference.com/players/e/elliobo01.html,E
Sean Elliott,https://www.basketball-reference.com/players/e/elliose01.html,E
Bo Ellis,https://www.basketball-reference.com/players/e/ellisbo02.html,E
Boo Ellis,https://www.basketball-reference.com/players/e/ellisbo01.html,E
Dale Ellis,https://www.basketball-reference.com/players/e/ellisda01.html,E
Harold Ellis,https://www.basketball-reference.com/players/e/ellisha01.html,E
Joe Ellis,https://www.basketball-reference.com/players/e/ellisjo01.html,E
Keon Ellis,https://www.basketball-reference.com/players/e/elliske01.html,E
LaPhonso Ellis,https://www.basketball-reference.com/players/e/ellisla01.html,E
LeRon Ellis,https://www.basketball-reference.com/players/e/ellisle02.html,E
Leroy Ellis,https://www.basketball-reference.com/players/e/ellisle01.html,E
Monta Ellis,https://www.basketball-reference.com/players/e/ellismo01.html,E
Pervis Ellison,https://www.basketball-reference.com/players/e/ellispe01.html,E
Len Elmore,https://www.basketball-reference.com/players/e/elmorle01.html,E
Francisco Elson,https://www.basketball-reference.com/players/e/elsonfr01.html,E
Darrell Elston,https://www.basketball-reference.com/players/e/elstoda01.html,E
Melvin Ely,https://www.basketball-reference.com/players/e/elyme01.html,E
Joel Embiid,https://www.basketball-reference.com/players/e/embiijo01.html,E
Wayne Embry,https://www.basketball-reference.com/players/e/embrywa01.html,E
Andre Emmett,https://www.basketball-reference.com/players/e/emmetan01.html,E
Ned Endress,https://www.basketball-reference.com/players/e/endrene01.html,E
Wayne Engelstad,https://www.basketball-reference.com/players/e/englewa01.html,E
Chris Engler,https://www.basketball-reference.com/players/e/englech01.html,E
A.J. English,https://www.basketball-reference.com/players/e/engliaj01.html,E
Alex English,https://www.basketball-reference.com/players/e/englial01.html,E
Claude English,https://www.basketball-reference.com/players/e/englicl01.html,E
Jo Jo English,https://www.basketball-reference.com/players/e/englijo01.html,E
Kim English,https://www.basketball-reference.com/players/e/engliki01.html,E
Scott English,https://www.basketball-reference.com/players/e/englisc01.html,E
Gene Englund,https://www.basketball-reference.com/players/e/engluge01.html,E
James Ennis III,https://www.basketball-reference.com/players/e/ennisja01.html,E
Tyler Ennis,https://www.basketball-reference.com/players/e/ennisty01.html,E
Ray Epps,https://www.basketball-reference.com/players/e/eppsra01.html,E
Semih Erden,https://www.basketball-reference.com/players/e/erdense01.html,E
Bo Erias,https://www.basketball-reference.com/players/e/eriasbo01.html,E
Keith Erickson,https://www.basketball-reference.com/players/e/erickke01.html,E
Julius Erving,https://www.basketball-reference.com/players/e/ervinju01.html,E
Evan Eschmeyer,https://www.basketball-reference.com/players/e/eschmev01.html,E
Jack Eskridge,https://www.basketball-reference.com/players/e/eskrija01.html,E
Vincenzo Esposito,https://www.basketball-reference.com/players/e/esposvi01.html,E
Tyson Etienne,https://www.basketball-reference.com/players/e/etienty01.html,E
Drew Eubanks,https://www.basketball-reference.com/players/e/eubandr01.html,E
Billy Evans,https://www.basketball-reference.com/players/e/evansbi01.html,E
Bob Evans,https://www.basketball-reference.com/players/e/evansbo01.html,E
Brian Evans,https://www.basketball-reference.com/players/e/evansbr01.html,E
Earl Evans,https://www.basketball-reference.com/players/e/evansea01.html,E
Jacob Evans,https://www.basketball-reference.com/players/e/evansja02.html,E
Jawun Evans,https://www.basketball-reference.com/players/e/evansja01.html,E
Jeremy Evans,https://www.basketball-reference.com/players/e/evansje01.html,E
Maurice Evans,https://www.basketball-reference.com/players/e/evansma01.html,E
Mike Evans,https://www.basketball-reference.com/players/e/evansmi01.html,E
Reggie Evans,https://www.basketball-reference.com/players/e/evansre01.html,E
Tyreke Evans,https://www.basketball-reference.com/players/e/evansty01.html,E
Tosan Evbuomwan,https://www.basketball-reference.com/players/e/evbuoto01.html,E
Daniel Ewing,https://www.basketball-reference.com/players/e/ewingda01.html,E
Patrick Ewing,https://www.basketball-reference.com/players/e/ewingpa01.html,E
Patrick Ewing,https://www.basketball-reference.com/players/e/ewingpa02.html,E
Dante Exum,https://www.basketball-reference.com/players/e/exumda01.html,E
Christian Eyenga,https://www.basketball-reference.com/players/e/eyengch01.html,E
Festus Ezeli,https://www.basketball-reference.com/players/e/ezelife01.html,E
Johnny Ezersky,https://www.basketball-reference.com/players/e/ezersjo01.html,E
Joe Fabel,https://www.basketball-reference.com/players/f/fabeljo01.html,F
John Fairchild,https://www.basketball-reference.com/players/f/faircjo01.html,F
Tacko Fall,https://www.basketball-reference.com/players/f/fallta01.html,F
Phil Farbman,https://www.basketball-reference.com/players/f/farbmph01.html,F
Kenneth Faried,https://www.basketball-reference.com/players/f/farieke01.html,F
Dick Farley,https://www.basketball-reference.com/players/f/farledi01.html,F
Jordan Farmar,https://www.basketball-reference.com/players/f/farmajo01.html,F
Desmon Farmer,https://www.basketball-reference.com/players/f/farmede01.html,F
Jim Farmer,https://www.basketball-reference.com/players/f/farmeji01.html,F
Mike Farmer,https://www.basketball-reference.com/players/f/farmemi01.html,F
Tony Farmer,https://www.basketball-reference.com/players/f/farmeto01.html,F
Bob Faught,https://www.basketball-reference.com/players/f/faughbo01.html,F
Vítor Luiz Faverani,https://www.basketball-reference.com/players/f/favervi01.html,F
Derrick Favors,https://www.basketball-reference.com/players/f/favorde01.html,F
Nick Fazekas,https://www.basketball-reference.com/players/f/fazekni01.html,F
Dave Fedor,https://www.basketball-reference.com/players/f/fedorda01.html,F
Bob Feerick,https://www.basketball-reference.com/players/f/feeribo01.html,F
Butch Feher,https://www.basketball-reference.com/players/f/feherbu01.html,F
Jamie Feick,https://www.basketball-reference.com/players/f/feickja01.html,F
Ron Feiereisel,https://www.basketball-reference.com/players/f/feierro01.html,F
George Feigenbaum,https://www.basketball-reference.com/players/f/feigege01.html,F
Dave Feitl,https://www.basketball-reference.com/players/f/feitlda01.html,F
Kay Felder,https://www.basketball-reference.com/players/f/feldeka01.html,F
Cristiano Felício,https://www.basketball-reference.com/players/f/feliccr01.html,F
Carrick Felix,https://www.basketball-reference.com/players/f/felixca01.html,F
Noel Felix,https://www.basketball-reference.com/players/f/felixno01.html,F
Ray Felix,https://www.basketball-reference.com/players/f/felixra01.html,F
Raymond Felton,https://www.basketball-reference.com/players/f/feltora01.html,F
Jake Fendley,https://www.basketball-reference.com/players/f/fendlja01.html,F
Warren Fenley,https://www.basketball-reference.com/players/f/fenlewa01.html,F
Desmond Ferguson,https://www.basketball-reference.com/players/f/fergude01.html,F
Terrance Ferguson,https://www.basketball-reference.com/players/f/fergute01.html,F
Rudy Fernández,https://www.basketball-reference.com/players/f/fernaru01.html,F
Bruno Fernando,https://www.basketball-reference.com/players/f/fernabr01.html,F
Eric Fernsten,https://www.basketball-reference.com/players/f/fernser01.html,F
Al Ferrari,https://www.basketball-reference.com/players/f/ferraal01.html,F
Rolando Ferreira,https://www.basketball-reference.com/players/f/ferrero01.html,F
Duane Ferrell,https://www.basketball-reference.com/players/f/ferredu01.html,F
Yogi Ferrell,https://www.basketball-reference.com/players/f/ferreyo01.html,F
Arnie Ferrin,https://www.basketball-reference.com/players/f/ferriar01.html,F
Bob Ferry,https://www.basketball-reference.com/players/f/ferrybo01.html,F
Danny Ferry,https://www.basketball-reference.com/players/f/ferryda01.html,F
Kyrylo Fesenko,https://www.basketball-reference.com/players/f/fesenky01.html,F
Bobby Fields,https://www.basketball-reference.com/players/f/fieldbo01.html,F
Kenny Fields,https://www.basketball-reference.com/players/f/fieldke01.html,F
Landry Fields,https://www.basketball-reference.com/players/f/fieldla01.html,F
Ron Filipek,https://www.basketball-reference.com/players/f/filipro01.html,F
Kyle Filipowski,https://www.basketball-reference.com/players/f/filipky01.html,F
Greg Fillmore,https://www.basketball-reference.com/players/f/fillmgr01.html,F
Larry Finch,https://www.basketball-reference.com/players/f/finchla01.html,F
Hank Finkel,https://www.basketball-reference.com/players/f/finkeha01.html,F
Michael Finley,https://www.basketball-reference.com/players/f/finlemi01.html,F
Danny Finn,https://www.basketball-reference.com/players/f/finnda01.html,F
Dorian Finney-Smith,https://www.basketball-reference.com/players/f/finnedo01.html,F
Matt Fish,https://www.basketball-reference.com/players/f/fishma01.html,F
Derek Fisher,https://www.basketball-reference.com/players/f/fishede01.html,F
Rick Fisher,https://www.basketball-reference.com/players/f/fisheri01.html,F
Gerald Fitch,https://www.basketball-reference.com/players/f/fitchge01.html,F
Malik Fitts,https://www.basketball-reference.com/players/f/fittsma01.html,F
Bob Fitzgerald,https://www.basketball-reference.com/players/f/fitzgbo01.html,F
Dick Fitzgerald,https://www.basketball-reference.com/players/f/fitzgdi01.html,F
Marcus Fizer,https://www.basketball-reference.com/players/f/fizerma01.html,F
Adam Flagler,https://www.basketball-reference.com/players/f/flaglad01.html,F
Jerry Fleishman,https://www.basketball-reference.com/players/f/fleisje01.html,F
Al Fleming,https://www.basketball-reference.com/players/f/flemial01.html,F
Ed Fleming,https://www.basketball-reference.com/players/f/flemied01.html,F
Vern Fleming,https://www.basketball-reference.com/players/f/flemive01.html,F
Luis Flores,https://www.basketball-reference.com/players/f/florelu01.html,F
Bruce Flowers,https://www.basketball-reference.com/players/f/flowebr01.html,F
Trentyn Flowers,https://www.basketball-reference.com/players/f/flowetr01.html,F
Sleepy Floyd,https://www.basketball-reference.com/players/f/floydsl01.html,F
Jonny Flynn,https://www.basketball-reference.com/players/f/flynnjo01.html,F
Malachi Flynn,https://www.basketball-reference.com/players/f/flynnma01.html,F
Mike Flynn,https://www.basketball-reference.com/players/f/flynnmi01.html,F
Larry Fogle,https://www.basketball-reference.com/players/f/foglela01.html,F
Jack Foley,https://www.basketball-reference.com/players/f/foleyja01.html,F
Isaac Fontaine,https://www.basketball-reference.com/players/f/fontais01.html,F
Levi Fontaine,https://www.basketball-reference.com/players/f/fontale01.html,F
Simone Fontecchio,https://www.basketball-reference.com/players/f/fontesi01.html,F
Jeff Foote,https://www.basketball-reference.com/players/f/footeje01.html,F
Bryn Forbes,https://www.basketball-reference.com/players/f/forbebr01.html,F
Gary Forbes,https://www.basketball-reference.com/players/f/forbega01.html,F
Aleem Ford,https://www.basketball-reference.com/players/f/fordal03.html,F
Alphonso Ford,https://www.basketball-reference.com/players/f/fordal01.html,F
Alton Ford,https://www.basketball-reference.com/players/f/fordal02.html,F
Bob Ford,https://www.basketball-reference.com/players/f/fordbo01.html,F
Chris Ford,https://www.basketball-reference.com/players/f/fordch01.html,F
Don Ford,https://www.basketball-reference.com/players/f/forddo01.html,F
Jake Ford,https://www.basketball-reference.com/players/f/fordja01.html,F
Jordan Ford,https://www.basketball-reference.com/players/f/fordjo01.html,F
Phil Ford,https://www.basketball-reference.com/players/f/fordph01.html,F
Sharrod Ford,https://www.basketball-reference.com/players/f/fordsh02.html,F
Sherell Ford,https://www.basketball-reference.com/players/f/fordsh01.html,F
T.J. Ford,https://www.basketball-reference.com/players/f/fordtj01.html,F
Donnie Forman,https://www.basketball-reference.com/players/f/formado01.html,F
Bayard Forrest,https://www.basketball-reference.com/players/f/forreba01.html,F
Trent Forrest,https://www.basketball-reference.com/players/f/forretr01.html,F
Joseph Forte,https://www.basketball-reference.com/players/f/fortejo01.html,F
Courtney Fortson,https://www.basketball-reference.com/players/f/fortsco01.html,F
Danny Fortson,https://www.basketball-reference.com/players/f/fortsda01.html,F
Fred Foster,https://www.basketball-reference.com/players/f/fostefr01.html,F
Greg Foster,https://www.basketball-reference.com/players/f/fostegr01.html,F
Jeff Foster,https://www.basketball-reference.com/players/f/fosteje01.html,F
Jimmy Foster,https://www.basketball-reference.com/players/f/fosteja01.html,F
Michael Foster Jr.,https://www.basketball-reference.com/players/f/fostemi02.html,F
Rod Foster,https://www.basketball-reference.com/players/f/fostero01.html,F
Antonis Fotsis,https://www.basketball-reference.com/players/f/fotsian01.html,F
Evan Fournier,https://www.basketball-reference.com/players/f/fournev01.html,F
Larry Foust,https://www.basketball-reference.com/players/f/foustla01.html,F
Calvin Fowler,https://www.basketball-reference.com/players/f/fowleca01.html,F
Jerry Fowler,https://www.basketball-reference.com/players/f/fowleje01.html,F
Tremaine Fowlkes,https://www.basketball-reference.com/players/f/fowlktr01.html,F
De'Aaron Fox,https://www.basketball-reference.com/players/f/foxde01.html,F
Harold Fox,https://www.basketball-reference.com/players/f/foxha01.html,F
Jim Fox,https://www.basketball-reference.com/players/f/foxji01.html,F
Rick Fox,https://www.basketball-reference.com/players/f/foxri01.html,F
Randy Foye,https://www.basketball-reference.com/players/f/foyera01.html,F
Adonal Foyle,https://www.basketball-reference.com/players/f/foylead01.html,F
Richie Frahm,https://www.basketball-reference.com/players/f/frahmri01.html,F
Steve Francis,https://www.basketball-reference.com/players/f/francst01.html,F
Tellis Frank,https://www.basketball-reference.com/players/f/frankte01.html,F
Nat Frankel,https://www.basketball-reference.com/players/f/frankna01.html,F
Bill Franklin,https://www.basketball-reference.com/players/f/frankwi01.html,F
Jamaal Franklin,https://www.basketball-reference.com/players/f/frankja01.html,F
Robert Franks,https://www.basketball-reference.com/players/f/frankro01.html,F
Ron Franz,https://www.basketball-reference.com/players/f/franzro01.html,F
Melvin Frazier,https://www.basketball-reference.com/players/f/frazime01.html,F
Michael Frazier,https://www.basketball-reference.com/players/f/frazimi01.html,F
Tim Frazier,https://www.basketball-reference.com/players/f/fraziti01.html,F
Walt Frazier,https://www.basketball-reference.com/players/f/fraziwa01.html,F
Will Frazier,https://www.basketball-reference.com/players/f/fraziwi01.html,F
Anthony Frederick,https://www.basketball-reference.com/players/f/fredean01.html,F
Jimmer Fredette,https://www.basketball-reference.com/players/f/fredeji01.html,F
World B. Free,https://www.basketball-reference.com/players/f/freewo01.html,F
Enes Freedom,https://www.basketball-reference.com/players/k/kanteen01.html,F
Joel Freeland,https://www.basketball-reference.com/players/f/freeljo01.html,F
Donnie Freeman,https://www.basketball-reference.com/players/f/freemdo01.html,F
Enrique Freeman,https://www.basketball-reference.com/players/f/freemen01.html,F
Gary Freeman,https://www.basketball-reference.com/players/f/freemga01.html,F
Rod Freeman,https://www.basketball-reference.com/players/f/freemro01.html,F
Javon Freeman-Liberty,https://www.basketball-reference.com/players/f/freemja01.html,F
Matt Freije,https://www.basketball-reference.com/players/f/freijma01.html,F
Frido Frey,https://www.basketball-reference.com/players/f/freyfr01.html,F
Larry Friend,https://www.basketball-reference.com/players/f/frienla01.html,F
Pat Frink,https://www.basketball-reference.com/players/f/frinkpa01.html,F
Jim Fritsche,https://www.basketball-reference.com/players/f/fritsji01.html,F
Channing Frye,https://www.basketball-reference.com/players/f/fryech01.html,F
Bernie Fryer,https://www.basketball-reference.com/players/f/fryerbe01.html,F
Frank Fucarino,https://www.basketball-reference.com/players/f/fucarfr01.html,F
Alex Fudge,https://www.basketball-reference.com/players/f/fudgeal01.html,F
Herm Fuetsch,https://www.basketball-reference.com/players/f/fuetshe01.html,F
Joe Fulks,https://www.basketball-reference.com/players/f/fulksjo01.html,F
Carl Fuller,https://www.basketball-reference.com/players/f/fulleca01.html,F
Hiram Fuller,https://www.basketball-reference.com/players/f/fullehi01.html,F
Todd Fuller,https://www.basketball-reference.com/players/f/fulleto02.html,F
Tony Fuller,https://www.basketball-reference.com/players/f/fulleto01.html,F
Markelle Fultz,https://www.basketball-reference.com/players/f/fultzma01.html,F
Lawrence Funderburke,https://www.basketball-reference.com/players/f/fundela01.html,F
Andrew Funk,https://www.basketball-reference.com/players/f/funkan01.html,F
Terry Furlow,https://www.basketball-reference.com/players/f/furlote01.html,F
Johnny Furphy,https://www.basketball-reference.com/players/f/furphjo01.html,F
Bill Gabor,https://www.basketball-reference.com/players/g/gaborbi01.html,G
Wenyen Gabriel,https://www.basketball-reference.com/players/g/gabriwe01.html,G
Dan Gadzuric,https://www.basketball-reference.com/players/g/gadzuda01.html,G
Daniel Gafford,https://www.basketball-reference.com/players/g/gaffoda01.html,G
Deng Gai,https://www.basketball-reference.com/players/g/gaide01.html,G
Elmer Gainer,https://www.basketball-reference.com/players/g/gaineel01.html,G
Bill Gaines,https://www.basketball-reference.com/players/g/gainebi01.html,G
Corey Gaines,https://www.basketball-reference.com/players/g/gaineco01.html,G
Reece Gaines,https://www.basketball-reference.com/players/g/gainere01.html,G
Smokey Gaines,https://www.basketball-reference.com/players/g/gaineda01.html,G
Sundiata Gaines,https://www.basketball-reference.com/players/g/gainesu01.html,G
Mike Gale,https://www.basketball-reference.com/players/g/galemi01.html,G
Chad Gallagher,https://www.basketball-reference.com/players/g/gallach01.html,G
Harry Gallatin,https://www.basketball-reference.com/players/g/gallaha01.html,G
Gene Gallette,https://www.basketball-reference.com/players/g/gillege01.html,G
Danilo Gallinari,https://www.basketball-reference.com/players/g/gallida01.html,G
Langston Galloway,https://www.basketball-reference.com/players/g/gallola01.html,G
Dave Gambee,https://www.basketball-reference.com/players/g/gambeda01.html,G
Kevin Gamble,https://www.basketball-reference.com/players/g/gamblke01.html,G
Bob Gantt,https://www.basketball-reference.com/players/g/ganttbo01.html,G
Jorge Garbajosa,https://www.basketball-reference.com/players/g/garbajo01.html,G
Rubén Garcés,https://www.basketball-reference.com/players/g/garceru01.html,G
Alex Garcia,https://www.basketball-reference.com/players/g/garcial01.html,G
Francisco García,https://www.basketball-reference.com/players/g/garcifr01.html,G
Chuck Gardner,https://www.basketball-reference.com/players/g/gardnch01.html,G
Earl Gardner,https://www.basketball-reference.com/players/g/gardnea01.html,G
Ken Gardner,https://www.basketball-reference.com/players/g/gardnke01.html,G
Thomas Gardner,https://www.basketball-reference.com/players/g/gardnth01.html,G
Vern Gardner,https://www.basketball-reference.com/players/g/gardnve01.html,G
Jack Garfinkel,https://www.basketball-reference.com/players/g/garfija01.html,G
Patricio Garino,https://www.basketball-reference.com/players/g/garinpa01.html,G
Darius Garland,https://www.basketball-reference.com/players/g/garlada01.html,G
Gary Garland,https://www.basketball-reference.com/players/g/garlaga01.html,G
Winston Garland,https://www.basketball-reference.com/players/g/garlawi01.html,G
Dick Garmaker,https://www.basketball-reference.com/players/g/garmadi01.html,G
Bill Garner,https://www.basketball-reference.com/players/g/garnebi01.html,G
Chris Garner,https://www.basketball-reference.com/players/g/garnech01.html,G
Bill Garnett,https://www.basketball-reference.com/players/g/garnebi02.html,G
Kevin Garnett,https://www.basketball-reference.com/players/g/garneke01.html,G
Marlon Garnett,https://www.basketball-reference.com/players/g/garnema01.html,G
Billy Garrett,https://www.basketball-reference.com/players/g/garrebi01.html,G
Calvin Garrett,https://www.basketball-reference.com/players/g/garreca01.html,G
Dean Garrett,https://www.basketball-reference.com/players/g/garrede01.html,G
Diante Garrett,https://www.basketball-reference.com/players/g/garredi02.html,G
Dick Garrett,https://www.basketball-reference.com/players/g/garredi01.html,G
Marcus Garrett,https://www.basketball-reference.com/players/g/garrema01.html,G
Rowland Garrett,https://www.basketball-reference.com/players/g/garrero01.html,G
Tom Garrick,https://www.basketball-reference.com/players/g/garrito01.html,G
John Garris,https://www.basketball-reference.com/players/g/garrijo01.html,G
Kiwane Lemorris Garris,https://www.basketball-reference.com/players/g/garriki01.html,G
Pat Garrity,https://www.basketball-reference.com/players/g/garripa01.html,G
Usman Garuba,https://www.basketball-reference.com/players/g/garubus01.html,G
Jim Garvin,https://www.basketball-reference.com/players/g/garviji01.html,G
Luka Garza,https://www.basketball-reference.com/players/g/garzalu01.html,G
Marc Gasol,https://www.basketball-reference.com/players/g/gasolma01.html,G
Pau Gasol,https://www.basketball-reference.com/players/g/gasolpa01.html,G
Frank Gates,https://www.basketball-reference.com/players/g/gatesfr01.html,G
Kaiser Gates,https://www.basketball-reference.com/players/g/gateska01.html,G
Chris Gatling,https://www.basketball-reference.com/players/g/gatlich01.html,G
Kenny Gattison,https://www.basketball-reference.com/players/g/gattike01.html,G
Rudy Gay,https://www.basketball-reference.com/players/g/gayru01.html,G
Ed Gayda,https://www.basketball-reference.com/players/g/gaydaed01.html,G
Andrew Gaze,https://www.basketball-reference.com/players/g/gazean01.html,G
Michael Gbinije,https://www.basketball-reference.com/players/g/gbinimi01.html,G
Reggie Geary,https://www.basketball-reference.com/players/g/gearyre01.html,G
Alonzo Gee,https://www.basketball-reference.com/players/g/geeal01.html,G
Matt Geiger,https://www.basketball-reference.com/players/g/geigema01.html,G
Mickaël Gelabale,https://www.basketball-reference.com/players/g/gelabmi01.html,G
Devean George,https://www.basketball-reference.com/players/g/georgde01.html,G
Jack George,https://www.basketball-reference.com/players/g/georgja01.html,G
Keyonte George,https://www.basketball-reference.com/players/g/georgke01.html,G
Kyshawn George,https://www.basketball-reference.com/players/g/georgky01.html,G
Paul George,https://www.basketball-reference.com/players/g/georgpa01.html,G
Tate George,https://www.basketball-reference.com/players/g/georgta01.html,G
Marcus Georges-Hunt,https://www.basketball-reference.com/players/g/georgma01.html,G
Gus Gerard,https://www.basketball-reference.com/players/g/gerargu01.html,G
Derrick Gervin,https://www.basketball-reference.com/players/g/gervide01.html,G
George Gervin,https://www.basketball-reference.com/players/g/gervige01.html,G
Gorham Getchell,https://www.basketball-reference.com/players/g/getchgo01.html,G
John Gianelli,https://www.basketball-reference.com/players/g/gianejo01.html,G
Dick Gibbs,https://www.basketball-reference.com/players/g/gibbsdi01.html,G
Daniel Gibson,https://www.basketball-reference.com/players/g/gibsoda01.html,G
Dee Gibson,https://www.basketball-reference.com/players/g/gibsode01.html,G
Hoot Gibson,https://www.basketball-reference.com/players/g/gibsoho01.html,G
Jonathan Gibson,https://www.basketball-reference.com/players/g/gibsojo01.html,G
Mel Gibson,https://www.basketball-reference.com/players/g/gibsome01.html,G
Mike Gibson,https://www.basketball-reference.com/players/g/gibsomi01.html,G
Taj Gibson,https://www.basketball-reference.com/players/g/gibsota01.html,G
J.R. Giddens,https://www.basketball-reference.com/players/g/giddejr01.html,G
Josh Giddey,https://www.basketball-reference.com/players/g/giddejo01.html,G
Trey Gilder,https://www.basketball-reference.com/players/g/gildetr01.html,G
Harry Giles,https://www.basketball-reference.com/players/g/gilesha01.html,G
Shai Gilgeous-Alexander,https://www.basketball-reference.com/players/g/gilgesh01.html,G
Anthony Gill,https://www.basketball-reference.com/players/g/gillan01.html,G
Eddie Gill,https://www.basketball-reference.com/players/g/gilled01.html,G
Kendall Gill,https://www.basketball-reference.com/players/g/gillke01.html,G
Ben Gillery,https://www.basketball-reference.com/players/g/gillebe01.html,G
Collin Gillespie,https://www.basketball-reference.com/players/g/gilleco01.html,G
Freddie Gillespie,https://www.basketball-reference.com/players/g/gillefr01.html,G
Jack Gillespie,https://www.basketball-reference.com/players/g/gilleja01.html,G
Armen Gilliam,https://www.basketball-reference.com/players/g/gilliar01.html,G
Herm Gilliam,https://www.basketball-reference.com/players/g/gillihe01.html,G
Artis Gilmore,https://www.basketball-reference.com/players/g/gilmoar01.html,G
Walt Gilmore,https://www.basketball-reference.com/players/g/gilmowa01.html,G
Chuck Gilmur,https://www.basketball-reference.com/players/g/gilmuch01.html,G
Jacob Gilyard,https://www.basketball-reference.com/players/g/gilyaja01.html,G
Manu Ginóbili,https://www.basketball-reference.com/players/g/ginobma01.html,G
Gordan Giriček,https://www.basketball-reference.com/players/g/giricgo01.html,G
Jack Givens,https://www.basketball-reference.com/players/g/givenja01.html,G
Mickell Gladness,https://www.basketball-reference.com/players/g/gladnmi01.html,G
George Glamack,https://www.basketball-reference.com/players/g/glamage01.html,G
Gerald Glass,https://www.basketball-reference.com/players/g/glassge01.html,G
Mike Glenn,https://www.basketball-reference.com/players/g/glennmi01.html,G
Normie Glick,https://www.basketball-reference.com/players/g/glickno01.html,G
Georgi Glouchkov,https://www.basketball-reference.com/players/g/gloucge01.html,G
Clarence Glover,https://www.basketball-reference.com/players/g/glovecl01.html,G
Dion Glover,https://www.basketball-reference.com/players/g/glovedi01.html,G
Andreas Glyniadakis,https://www.basketball-reference.com/players/g/glynian01.html,G
Mike Gminski,https://www.basketball-reference.com/players/g/gminsmi01.html,G
Rudy Gobert,https://www.basketball-reference.com/players/g/goberru01.html,G
Dan Godfread,https://www.basketball-reference.com/players/g/godfrda01.html,G
Tom Gola,https://www.basketball-reference.com/players/g/golato01.html,G
Ben Goldfaden,https://www.basketball-reference.com/players/g/goldfbe01.html,G
Anthony Goldwire,https://www.basketball-reference.com/players/g/goldwan01.html,G
Ryan Gomes,https://www.basketball-reference.com/players/g/gomesry01.html,G
Glen Gondrezick,https://www.basketball-reference.com/players/g/gondrgl01.html,G
Grant Gondrezick,https://www.basketball-reference.com/players/g/gondrgr01.html,G
Drew Gooden,https://www.basketball-reference.com/players/g/goodedr01.html,G
Gail Goodrich,https://www.basketball-reference.com/players/g/goodrga01.html,G
Steve Goodrich,https://www.basketball-reference.com/players/g/goodrst01.html,G
Archie Goodwin,https://www.basketball-reference.com/players/g/goodwar01.html,G
Brandon Goodwin,https://www.basketball-reference.com/players/g/goodwbr01.html,G
Jordan Goodwin,https://www.basketball-reference.com/players/g/goodwjo01.html,G
Pop Goodwin,https://www.basketball-reference.com/players/g/goodwpo01.html,G
Aaron Gordon,https://www.basketball-reference.com/players/g/gordoaa01.html,G
Ben Gordon,https://www.basketball-reference.com/players/g/gordobe01.html,G
Drew Gordon,https://www.basketball-reference.com/players/g/gordodr01.html,G
Eric Gordon,https://www.basketball-reference.com/players/g/gordoer01.html,G
Lancaster Gordon,https://www.basketball-reference.com/players/g/gordola01.html,G
Paul Gordon,https://www.basketball-reference.com/players/g/gordopa01.html,G
Marcin Gortat,https://www.basketball-reference.com/players/g/gortama01.html,G
Jazian Gortman,https://www.basketball-reference.com/players/g/gortmja01.html,G
Leo Gottlieb,https://www.basketball-reference.com/players/g/gottlle01.html,G
Andrew Goudelock,https://www.basketball-reference.com/players/g/goudean01.html,G
Gerald Govan,https://www.basketball-reference.com/players/g/govange01.html,G
Bato Govedarica,https://www.basketball-reference.com/players/g/govedba01.html,G
Joe Graboski,https://www.basketball-reference.com/players/g/grabojo01.html,G
Ricky Grace,https://www.basketball-reference.com/players/g/graceri01.html,G
Calvin Graham,https://www.basketball-reference.com/players/g/grahaca01.html,G
Devonte' Graham,https://www.basketball-reference.com/players/g/grahade01.html,G
Greg Graham,https://www.basketball-reference.com/players/g/grahagr01.html,G
Joey Graham,https://www.basketball-reference.com/players/g/grahajo01.html,G
Mal Graham,https://www.basketball-reference.com/players/g/grahama01.html,G
Orlando Graham,https://www.basketball-reference.com/players/g/grahaor01.html,G
Paul Graham,https://www.basketball-reference.com/players/g/grahapa01.html,G
Stephen Graham,https://www.basketball-reference.com/players/g/grahast01.html,G
Treveon Graham,https://www.basketball-reference.com/players/g/grahatr01.html,G
Jim Grandholm,https://www.basketball-reference.com/players/g/grandji01.html,G
Ron Grandison,https://www.basketball-reference.com/players/g/grandro01.html,G
Danny Granger,https://www.basketball-reference.com/players/g/grangda01.html,G
Stewart Granger,https://www.basketball-reference.com/players/g/grangst01.html,G
Brian Grant,https://www.basketball-reference.com/players/g/grantbr01.html,G
Bud Grant,https://www.basketball-reference.com/players/g/grantbu01.html,G
Gary Grant,https://www.basketball-reference.com/players/g/grantga01.html,G
Greg Grant,https://www.basketball-reference.com/players/g/grantgr01.html,G
Harvey Grant,https://www.basketball-reference.com/players/g/grantha01.html,G
Horace Grant,https://www.basketball-reference.com/players/g/grantho01.html,G
Jerami Grant,https://www.basketball-reference.com/players/g/grantje01.html,G
Jerian Grant,https://www.basketball-reference.com/players/g/grantje02.html,G
Josh Grant,https://www.basketball-reference.com/players/g/grantjo01.html,G
Paul Grant,https://www.basketball-reference.com/players/g/grantpa01.html,G
Travis Grant,https://www.basketball-reference.com/players/g/granttr01.html,G
Donte Grantham,https://www.basketball-reference.com/players/g/grantdo01.html,G
Don Grate,https://www.basketball-reference.com/players/g/gratedo01.html,G
Butch Graves,https://www.basketball-reference.com/players/g/gravebu01.html,G
Hassani Gravett,https://www.basketball-reference.com/players/g/graveha01.html,G
Aaron Gray,https://www.basketball-reference.com/players/g/grayaa01.html,G
Devin Gray,https://www.basketball-reference.com/players/g/grayde01.html,G
Ed Gray,https://www.basketball-reference.com/players/g/grayed01.html,G
Evric Gray,https://www.basketball-reference.com/players/g/grayev01.html,G
Gary Gray,https://www.basketball-reference.com/players/g/grayga01.html,G
Josh Gray,https://www.basketball-reference.com/players/g/grayjo01.html,G
Leonard Gray,https://www.basketball-reference.com/players/g/grayle01.html,G
RaiQuan Gray,https://www.basketball-reference.com/players/g/grayra01.html,G
Stuart Gray,https://www.basketball-reference.com/players/g/grayst01.html,G
Sylvester Gray,https://www.basketball-reference.com/players/g/graysy01.html,G
Wyndol Gray,https://www.basketball-reference.com/players/g/graywy01.html,G
Jeff Grayer,https://www.basketball-reference.com/players/g/grayeje01.html,G
Bob Greacen,https://www.basketball-reference.com/players/g/greacbo01.html,G
A.C. Green,https://www.basketball-reference.com/players/g/greenac01.html,G
A.J. Green,https://www.basketball-reference.com/players/g/greenaj01.html,G
Danny Green,https://www.basketball-reference.com/players/g/greenda02.html,G
Devin Green,https://www.basketball-reference.com/players/g/greende01.html,G
Draymond Green,https://www.basketball-reference.com/players/g/greendr01.html,G
Erick Green,https://www.basketball-reference.com/players/g/greener01.html,G
Gerald Green,https://www.basketball-reference.com/players/g/greenge01.html,G
Jalen Green,https://www.basketball-reference.com/players/g/greenja05.html,G
JaMychal Green,https://www.basketball-reference.com/players/g/greenja01.html,G
Javonte Green,https://www.basketball-reference.com/players/g/greenja02.html,G
Jeff Green,https://www.basketball-reference.com/players/g/greenje02.html,G
Johnny Green,https://www.basketball-reference.com/players/g/greenjo01.html,G
Josh Green,https://www.basketball-reference.com/players/g/greenjo02.html,G
Ken Green,https://www.basketball-reference.com/players/g/greenke01.html,G
Kenny Green,https://www.basketball-reference.com/players/g/greenke02.html,G
Lamar Green,https://www.basketball-reference.com/players/g/greenla01.html,G
Litterial Green,https://www.basketball-reference.com/players/g/greenli01.html,G
Luther Green,https://www.basketball-reference.com/players/g/greenlu01.html,G
Mike Green,https://www.basketball-reference.com/players/g/greenmi01.html,G
Rickey Green,https://www.basketball-reference.com/players/g/greenri01.html,G
Sean Green,https://www.basketball-reference.com/players/g/greense01.html,G
Si Green,https://www.basketball-reference.com/players/g/greensi01.html,G
Sidney Green,https://www.basketball-reference.com/players/g/greensi02.html,G
Steve Green,https://www.basketball-reference.com/players/g/greenst01.html,G
Taurean Green,https://www.basketball-reference.com/players/g/greenta01.html,G
Tommie Green,https://www.basketball-reference.com/players/g/greento01.html,G
Willie Green,https://www.basketball-reference.com/players/g/greenwi01.html,G
Donté Greene,https://www.basketball-reference.com/players/g/greendo01.html,G
Orien Greene,https://www.basketball-reference.com/players/g/greenor01.html,G
Jerry Greenspan,https://www.basketball-reference.com/players/g/greenje01.html,G
Dave Greenwood,https://www.basketball-reference.com/players/g/greenda01.html,G
Hal Greer,https://www.basketball-reference.com/players/g/greerha01.html,G
Lynn Greer,https://www.basketball-reference.com/players/g/greerly01.html,G
Gary Gregor,https://www.basketball-reference.com/players/g/gregoga01.html,G
Claude Gregory,https://www.basketball-reference.com/players/g/gregocl01.html,G
John Greig,https://www.basketball-reference.com/players/g/greigjo01.html,G
Norm Grekin,https://www.basketball-reference.com/players/g/grekino01.html,G
Kevin Grevey,https://www.basketball-reference.com/players/g/greveke01.html,G
Dennis Grey,https://www.basketball-reference.com/players/g/greyde01.html,G
Adrian Griffin,https://www.basketball-reference.com/players/g/griffad01.html,G
AJ Griffin,https://www.basketball-reference.com/players/g/griffaj01.html,G
Blake Griffin,https://www.basketball-reference.com/players/g/griffbl01.html,G
Eddie Griffin,https://www.basketball-reference.com/players/g/griffed01.html,G
Greg Griffin,https://www.basketball-reference.com/players/g/griffgr01.html,G
Paul Griffin,https://www.basketball-reference.com/players/g/griffpa01.html,G
Taylor Griffin,https://www.basketball-reference.com/players/g/griffta01.html,G
Darrell Griffith,https://www.basketball-reference.com/players/g/griffda01.html,G
Chuck Grigsby,https://www.basketball-reference.com/players/g/grigsch01.html,G
Quentin Grimes,https://www.basketball-reference.com/players/g/grimequ01.html,G
Derek Grimm,https://www.basketball-reference.com/players/g/grimmde01.html,G
Woody Grimshaw,https://www.basketball-reference.com/players/g/grimswo01.html,G
Dick Groat,https://www.basketball-reference.com/players/g/groatdi01.html,G
Bob Gross,https://www.basketball-reference.com/players/g/grossbo01.html,G
Mike Grosso,https://www.basketball-reference.com/players/g/grossmi01.html,G
Jerry Grote,https://www.basketball-reference.com/players/g/groteje01.html,G
Alex Groza,https://www.basketball-reference.com/players/g/grozaal01.html,G
Dick Grubar,https://www.basketball-reference.com/players/g/grubadi01.html,G
Anthony Grundy,https://www.basketball-reference.com/players/g/grundan01.html,G
Ernie Grunfeld,https://www.basketball-reference.com/players/g/grunfer01.html,G
Gene Guarilia,https://www.basketball-reference.com/players/g/guarige01.html,G
Pétur Guðmundsson,https://www.basketball-reference.com/players/g/gudmupe01.html,G
Marko Gudurić,https://www.basketball-reference.com/players/g/gudurma01.html,G
Richie Guerin,https://www.basketball-reference.com/players/g/gueriri01.html,G
Mouhamadou Gueye,https://www.basketball-reference.com/players/g/gueyemo01.html,G
Mouhamed Gueye,https://www.basketball-reference.com/players/g/gueyemo02.html,G
Tom Gugliotta,https://www.basketball-reference.com/players/g/guglito01.html,G
Andrés Guibert,https://www.basketball-reference.com/players/g/guibean01.html,G
Jay Guidinger,https://www.basketball-reference.com/players/g/guidija01.html,G
Coulby Gunther,https://www.basketball-reference.com/players/g/gunthco01.html,G
Dave Gunther,https://www.basketball-reference.com/players/g/gunthda01.html,G
Al Guokas,https://www.basketball-reference.com/players/g/guokaal01.html,G
Matt Guokas,https://www.basketball-reference.com/players/g/guokama01.html,G
Matt Guokas,https://www.basketball-reference.com/players/g/guokama02.html,G
Jorge Gutiérrez,https://www.basketball-reference.com/players/g/gutiejo01.html,G
Kyle Guy,https://www.basketball-reference.com/players/g/guyky01.html,G
A.J. Guyton,https://www.basketball-reference.com/players/g/guytoaj01.html,G
Rui Hachimura,https://www.basketball-reference.com/players/h/hachiru01.html,H
Rudy Hackett,https://www.basketball-reference.com/players/h/hackeru01.html,H
Hamed Haddadi,https://www.basketball-reference.com/players/h/haddaha01.html,H
Jim Hadnot,https://www.basketball-reference.com/players/h/hadnoji01.html,H
Scott Haffner,https://www.basketball-reference.com/players/h/haffnsc01.html,H
Cliff Hagan,https://www.basketball-reference.com/players/h/hagancl01.html,H
Glenn Hagan,https://www.basketball-reference.com/players/h/hagangl01.html,H
Tom Hagan,https://www.basketball-reference.com/players/h/haganto01.html,H
Ashton Hagans,https://www.basketball-reference.com/players/h/haganas01.html,H
Robert Hahn,https://www.basketball-reference.com/players/h/hahnro01.html,H
Al Hairston,https://www.basketball-reference.com/players/h/hairsal01.html,H
Happy Hairston,https://www.basketball-reference.com/players/h/hairsha01.html,H
Lindsay Hairston,https://www.basketball-reference.com/players/h/hairsli01.html,H
Malik Hairston,https://www.basketball-reference.com/players/h/hairsma01.html,H
P.J. Hairston,https://www.basketball-reference.com/players/h/hairspj02.html,H
Marcus Haislip,https://www.basketball-reference.com/players/h/haislma01.html,H
Chick Halbert,https://www.basketball-reference.com/players/h/halbech01.html,H
Swede Halbrook,https://www.basketball-reference.com/players/h/halbrsw01.html,H
Bruce Hale,https://www.basketball-reference.com/players/h/halebr01.html,H
Hal Hale,https://www.basketball-reference.com/players/h/haleha01.html,H
Jack Haley,https://www.basketball-reference.com/players/h/haleyja01.html,H
Tyrese Haliburton,https://www.basketball-reference.com/players/h/halibty01.html,H
Shaler Halimon,https://www.basketball-reference.com/players/h/halimsh01.html,H
Devon Hall,https://www.basketball-reference.com/players/h/hallde01.html,H
Donta Hall,https://www.basketball-reference.com/players/h/halldo01.html,H
Jordan Hall,https://www.basketball-reference.com/players/h/halljo02.html,H
Josh Hall,https://www.basketball-reference.com/players/h/halljo01.html,H
Mike Hall,https://www.basketball-reference.com/players/h/hallmi01.html,H
PJ Hall,https://www.basketball-reference.com/players/h/hallpj01.html,H
Tyler Hall,https://www.basketball-reference.com/players/h/hallty01.html,H
Jeff Halliburton,https://www.basketball-reference.com/players/h/hallije01.html,H
Darvin Ham,https://www.basketball-reference.com/players/h/hamda01.html,H
Steve Hamer,https://www.basketball-reference.com/players/h/hamerst01.html,H
Dale Hamilton,https://www.basketball-reference.com/players/h/hamilda01.html,H
Daniel Hamilton,https://www.basketball-reference.com/players/h/hamilda02.html,H
Dennis Hamilton,https://www.basketball-reference.com/players/h/hamilde01.html,H
Joe Hamilton,https://www.basketball-reference.com/players/h/hamiljo01.html,H
Jordan Hamilton,https://www.basketball-reference.com/players/h/hamiljo02.html,H
Justin Hamilton,https://www.basketball-reference.com/players/h/hamilju01.html,H
Ralph Hamilton,https://www.basketball-reference.com/players/h/hamilra01.html,H
Richard Hamilton,https://www.basketball-reference.com/players/h/hamilri01.html,H
Roy Hamilton,https://www.basketball-reference.com/players/h/hamilro01.html,H
Steve Hamilton,https://www.basketball-reference.com/players/h/hamilst01.html,H
Tang Hamilton,https://www.basketball-reference.com/players/h/hamilta01.html,H
Thomas Hamilton,https://www.basketball-reference.com/players/h/hamilth01.html,H
Zendon Hamilton,https://www.basketball-reference.com/players/h/hamilze01.html,H
Geert Hammink,https://www.basketball-reference.com/players/h/hammige01.html,H
Julian Hammond,https://www.basketball-reference.com/players/h/hammoju01.html,H
Tom Hammonds,https://www.basketball-reference.com/players/h/hammoto01.html,H
A.J. Hammons,https://www.basketball-reference.com/players/h/hammoaj01.html,H
Joe Hamood,https://www.basketball-reference.com/players/h/hamoojo01.html,H
R.J. Hampton,https://www.basketball-reference.com/players/h/hamptrj01.html,H
Darrin Hancock,https://www.basketball-reference.com/players/h/hancoda01.html,H
Ben Handlogten,https://www.basketball-reference.com/players/h/handlbe01.html,H
Cecil Hankins,https://www.basketball-reference.com/players/h/hankice01.html,H
Phil Hankinson,https://www.basketball-reference.com/players/h/hankiph01.html,H
Dusty Hannahs,https://www.basketball-reference.com/players/h/hannadu01.html,H
Alex Hannum,https://www.basketball-reference.com/players/h/hannual01.html,H
Don Hanrahan,https://www.basketball-reference.com/players/h/hanrado01.html,H
Rollen Hans,https://www.basketball-reference.com/players/h/hansro01.html,H
Ben Hansbrough,https://www.basketball-reference.com/players/h/hansbbe01.html,H
Tyler Hansbrough,https://www.basketball-reference.com/players/h/hansbty01.html,H
Bob Hansen,https://www.basketball-reference.com/players/h/hansebo01.html,H
Glenn Hansen,https://www.basketball-reference.com/players/h/hansegl01.html,H
Lars Hansen,https://www.basketball-reference.com/players/h/hansela01.html,H
Travis Hansen,https://www.basketball-reference.com/players/h/hansetr01.html,H
Reggie Hanson,https://www.basketball-reference.com/players/h/hansore01.html,H
Bill Hanzlik,https://www.basketball-reference.com/players/h/hanzlbi01.html,H
Luke Harangody,https://www.basketball-reference.com/players/h/haranlu01.html,H
Anfernee Hardaway,https://www.basketball-reference.com/players/h/hardaan01.html,H
Tim Hardaway,https://www.basketball-reference.com/players/h/hardati01.html,H
Tim Hardaway Jr.,https://www.basketball-reference.com/players/h/hardati02.html,H
James Harden,https://www.basketball-reference.com/players/h/hardeja01.html,H
Reggie Harding,https://www.basketball-reference.com/players/h/hardire01.html,H
Charlie Hardnett,https://www.basketball-reference.com/players/h/hardnch01.html,H
Alan Hardy,https://www.basketball-reference.com/players/h/hardyal01.html,H
Darrell Hardy,https://www.basketball-reference.com/players/h/hardyda01.html,H
Jaden Hardy,https://www.basketball-reference.com/players/h/hardyja02.html,H
James Hardy,https://www.basketball-reference.com/players/h/hardyja01.html,H
Ira Harge,https://www.basketball-reference.com/players/h/hargeir01.html,H
John Hargis,https://www.basketball-reference.com/players/h/hargijo01.html,H
Elijah Harkless,https://www.basketball-reference.com/players/h/harklej01.html,H
Maurice Harkless,https://www.basketball-reference.com/players/h/harklma01.html,H
Jerry Harkness,https://www.basketball-reference.com/players/h/harknje01.html,H
Skip Harlicka,https://www.basketball-reference.com/players/h/harlisk01.html,H
Jerome Harmon,https://www.basketball-reference.com/players/h/harmoje01.html,H
Derek Harper,https://www.basketball-reference.com/players/h/harpede01.html,H
Jared Harper,https://www.basketball-reference.com/players/h/harpeja01.html,H
Justin Harper,https://www.basketball-reference.com/players/h/harpeju01.html,H
Mike Harper,https://www.basketball-reference.com/players/h/harpemi01.html,H
Ron Harper,https://www.basketball-reference.com/players/h/harpero01.html,H
Ron Harper Jr.,https://www.basketball-reference.com/players/h/harpero02.html,H
Matt Harpring,https://www.basketball-reference.com/players/h/harprma01.html,H
Montrezl Harrell,https://www.basketball-reference.com/players/h/harremo01.html,H
Josh Harrellson,https://www.basketball-reference.com/players/h/harrejo01.html,H
Adam Harrington,https://www.basketball-reference.com/players/h/harriad01.html,H
Al Harrington,https://www.basketball-reference.com/players/h/harrial01.html,H
Junior Harrington,https://www.basketball-reference.com/players/h/harriju01.html,H
Othella Harrington,https://www.basketball-reference.com/players/h/harriot01.html,H
Art Harris,https://www.basketball-reference.com/players/h/harriar01.html,H
Bernie Harris,https://www.basketball-reference.com/players/h/harribe01.html,H
Billy Harris,https://www.basketball-reference.com/players/h/harribi01.html,H
Bob Harris,https://www.basketball-reference.com/players/h/harribo01.html,H
Chris Harris,https://www.basketball-reference.com/players/h/harrich01.html,H
Devin Harris,https://www.basketball-reference.com/players/h/harride01.html,H
Elias Harris,https://www.basketball-reference.com/players/h/harriel01.html,H
Gary Harris,https://www.basketball-reference.com/players/h/harriga01.html,H
Jalen Harris,https://www.basketball-reference.com/players/h/harrija01.html,H
Joe Harris,https://www.basketball-reference.com/players/h/harrijo01.html,H
Kevon Harris,https://www.basketball-reference.com/players/h/harrike01.html,H
Lucious Harris,https://www.basketball-reference.com/players/h/harrilu01.html,H
Manny Harris,https://www.basketball-reference.com/players/h/harrima01.html,H
Mike Harris,https://www.basketball-reference.com/players/h/harrimi01.html,H
Steve Harris,https://www.basketball-reference.com/players/h/harrist01.html,H
Terrel Harris,https://www.basketball-reference.com/players/h/harrite01.html,H
Tobias Harris,https://www.basketball-reference.com/players/h/harrito02.html,H
Tony Harris,https://www.basketball-reference.com/players/h/harrito01.html,H
Aaron Harrison,https://www.basketball-reference.com/players/h/harriaa01.html,H
Andrew Harrison,https://www.basketball-reference.com/players/h/harrian01.html,H
Bob Harrison,https://www.basketball-reference.com/players/h/harribo02.html,H
David Harrison,https://www.basketball-reference.com/players/h/harrida01.html,H
Shaquille Harrison,https://www.basketball-reference.com/players/h/harrish01.html,H
Jason Hart,https://www.basketball-reference.com/players/h/hartja01.html,H
Josh Hart,https://www.basketball-reference.com/players/h/hartjo01.html,H
Isaiah Hartenstein,https://www.basketball-reference.com/players/h/harteis01.html,H
Antonio Harvey,https://www.basketball-reference.com/players/h/harvean01.html,H
Donnell Harvey,https://www.basketball-reference.com/players/h/harvedo01.html,H
Scott Haskin,https://www.basketball-reference.com/players/h/haskisc01.html,H
Clem Haskins,https://www.basketball-reference.com/players/h/haskicl01.html,H
Udonis Haslem,https://www.basketball-reference.com/players/h/hasleud01.html,H
Trenton Hassell,https://www.basketball-reference.com/players/h/hassetr01.html,H
Billy Hassett,https://www.basketball-reference.com/players/h/hassebi01.html,H
Joe Hassett,https://www.basketball-reference.com/players/h/hassejo01.html,H
Scott Hastings,https://www.basketball-reference.com/players/h/hastisc01.html,H
Kirk Haston,https://www.basketball-reference.com/players/h/hastoki01.html,H
Vern Hatton,https://www.basketball-reference.com/players/h/hattove01.html,H
Sam Hauser,https://www.basketball-reference.com/players/h/hausesa01.html,H
John Havlicek,https://www.basketball-reference.com/players/h/havlijo01.html,H
Spencer Hawes,https://www.basketball-reference.com/players/h/hawessp01.html,H
Steve Hawes,https://www.basketball-reference.com/players/h/hawesst01.html,H
Bubbles Hawkins,https://www.basketball-reference.com/players/h/hawkiro01.html,H
Connie Hawkins,https://www.basketball-reference.com/players/h/hawkico01.html,H
Hersey Hawkins,https://www.basketball-reference.com/players/h/hawkihe01.html,H
Jordan Hawkins,https://www.basketball-reference.com/players/h/hawkijo01.html,H
Juaquin Hawkins,https://www.basketball-reference.com/players/h/hawkiju01.html,H
Marshall Hawkins,https://www.basketball-reference.com/players/h/hawkima01.html,H
Michael Hawkins,https://www.basketball-reference.com/players/h/hawkimi01.html,H
Tom Hawkins,https://www.basketball-reference.com/players/h/hawkito01.html,H
Nate Hawthorne,https://www.basketball-reference.com/players/h/hawthna01.html,H
Chuck Hayes,https://www.basketball-reference.com/players/h/hayesch01.html,H
Elvin Hayes,https://www.basketball-reference.com/players/h/hayesel01.html,H
Jarvis Hayes,https://www.basketball-reference.com/players/h/hayesja01.html,H
Jaxson Hayes,https://www.basketball-reference.com/players/h/hayesja02.html,H
Jim Hayes,https://www.basketball-reference.com/players/h/hayesji01.html,H
Killian Hayes,https://www.basketball-reference.com/players/h/hayeski01.html,H
Nigel Hayes,https://www.basketball-reference.com/players/h/hayesni01.html,H
Steve Hayes,https://www.basketball-reference.com/players/h/hayesst01.html,H
Gordon Hayward,https://www.basketball-reference.com/players/h/haywago01.html,H
Lazar Hayward,https://www.basketball-reference.com/players/h/haywala01.html,H
Brendan Haywood,https://www.basketball-reference.com/players/h/haywobr01.html,H
Spencer Haywood,https://www.basketball-reference.com/players/h/haywosp01.html,H
John Hazen,https://www.basketball-reference.com/players/h/hazenjo01.html,H
Walt Hazzard,https://www.basketball-reference.com/players/a/abdulma01.html,H
Luther Head,https://www.basketball-reference.com/players/h/headlu01.html,H
Shane Heal,https://www.basketball-reference.com/players/h/healsh01.html,H
Brian Heaney,https://www.basketball-reference.com/players/h/heanebr01.html,H
Gar Heard,https://www.basketball-reference.com/players/h/heardga01.html,H
Reggie Hearn,https://www.basketball-reference.com/players/h/hearnre01.html,H
Herm Hedderick,https://www.basketball-reference.com/players/h/heddehe01.html,H
Alvin Heggs,https://www.basketball-reference.com/players/h/heggsal01.html,H
Tom Heinsohn,https://www.basketball-reference.com/players/h/heinsto01.html,H
Dick Hemric,https://www.basketball-reference.com/players/h/hemridi01.html,H
Alan Henderson,https://www.basketball-reference.com/players/h/hendeal01.html,H
Cedric Henderson,https://www.basketball-reference.com/players/h/hendece01.html,H
Cedric Henderson,https://www.basketball-reference.com/players/h/hendece02.html,H
Dave Henderson,https://www.basketball-reference.com/players/h/hendeda01.html,H
Gerald Henderson,https://www.basketball-reference.com/players/h/hendege01.html,H
Gerald Henderson,https://www.basketball-reference.com/players/h/hendege02.html,H
J.R. Henderson,https://www.basketball-reference.com/players/h/hendejr01.html,H
Jerome Henderson,https://www.basketball-reference.com/players/h/hendeje01.html,H
Kevin Henderson,https://www.basketball-reference.com/players/h/hendeke01.html,H
Scoot Henderson,https://www.basketball-reference.com/players/h/hendesc01.html,H
Tom Henderson,https://www.basketball-reference.com/players/h/hendeto01.html,H
Taylor Hendricks,https://www.basketball-reference.com/players/h/hendrta01.html,H
Mark Hendrickson,https://www.basketball-reference.com/players/h/hendrma01.html,H
Larry Hennessy,https://www.basketball-reference.com/players/h/hennela01.html,H
Don Henriksen,https://www.basketball-reference.com/players/h/henrido01.html,H
Aaron Henry,https://www.basketball-reference.com/players/h/henryaa01.html,H
Al Henry,https://www.basketball-reference.com/players/h/henryal01.html,H
Bill Henry,https://www.basketball-reference.com/players/h/henrybi01.html,H
Carl Henry,https://www.basketball-reference.com/players/h/henryca01.html,H
Conner Henry,https://www.basketball-reference.com/players/h/henryco01.html,H
Myke Henry,https://www.basketball-reference.com/players/h/henrymy01.html,H
Skeeter Henry,https://www.basketball-reference.com/players/h/henrysk01.html,H
Xavier Henry,https://www.basketball-reference.com/players/h/henryxa01.html,H
John Henson,https://www.basketball-reference.com/players/h/hensojo01.html,H
Steve Henson,https://www.basketball-reference.com/players/h/hensost01.html,H
Charlie Hentz,https://www.basketball-reference.com/players/h/hentzch01.html,H
Bill Herman,https://www.basketball-reference.com/players/h/hermabi01.html,H
Kleggie Hermsen,https://www.basketball-reference.com/players/h/hermskl01.html,H
Dewan Hernandez,https://www.basketball-reference.com/players/h/hernade01.html,H
Juancho Hernangómez,https://www.basketball-reference.com/players/h/hernaju01.html,H
Willy Hernangómez,https://www.basketball-reference.com/players/h/hernawi01.html,H
Chris Herren,https://www.basketball-reference.com/players/h/herrech01.html,H
Carl Herrera,https://www.basketball-reference.com/players/h/herreca01.html,H
Walter Herrmann,https://www.basketball-reference.com/players/h/herrmwa01.html,H
Tyler Herro,https://www.basketball-reference.com/players/h/herroty01.html,H
Keith Herron,https://www.basketball-reference.com/players/h/herroke01.html,H
Sonny Hertzberg,https://www.basketball-reference.com/players/h/hertzso01.html,H
Kevin Hervey,https://www.basketball-reference.com/players/h/herveke01.html,H
Dan Hester,https://www.basketball-reference.com/players/h/hesteda01.html,H
Fred Hetzel,https://www.basketball-reference.com/players/h/hetzefr01.html,H
Bill Hewitt,https://www.basketball-reference.com/players/h/hewitbi01.html,H
Jack Hewson,https://www.basketball-reference.com/players/h/hewsoja01.html,H
Art Heyman,https://www.basketball-reference.com/players/h/heymaar01.html,H
Mario Hezonja,https://www.basketball-reference.com/players/h/hezonma01.html,H
Roy Hibbert,https://www.basketball-reference.com/players/h/hibbero01.html,H
Nat Hickey,https://www.basketball-reference.com/players/h/hickena01.html,H
Isaiah Hicks,https://www.basketball-reference.com/players/h/hicksis01.html,H
Phil Hicks,https://www.basketball-reference.com/players/h/hicksph01.html,H
J.J. Hickson,https://www.basketball-reference.com/players/h/hicksjj01.html,H
Buddy Hield,https://www.basketball-reference.com/players/h/hieldbu01.html,H
Bill Higgins,https://www.basketball-reference.com/players/h/higgibi01.html,H
Cory Higgins,https://www.basketball-reference.com/players/h/higgico01.html,H
Earle Higgins,https://www.basketball-reference.com/players/h/higgiea01.html,H
Mike Higgins,https://www.basketball-reference.com/players/h/higgimi01.html,H
Rod Higgins,https://www.basketball-reference.com/players/h/higgiro01.html,H
Sean Higgins,https://www.basketball-reference.com/players/h/higgise01.html,H
Kenny Higgs,https://www.basketball-reference.com/players/h/higgske01.html,H
Johnny High,https://www.basketball-reference.com/players/h/highjo01.html,H
Haywood Highsmith,https://www.basketball-reference.com/players/h/highsha01.html,H
Wayne Hightower,https://www.basketball-reference.com/players/h/hightwa01.html,H
Nenê,https://www.basketball-reference.com/players/h/hilarne01.html,H
Armond Hill,https://www.basketball-reference.com/players/h/hillar01.html,H
Cleo Hill,https://www.basketball-reference.com/players/h/hillcl01.html,H
Gary Hill,https://www.basketball-reference.com/players/h/hillga01.html,H
George Hill,https://www.basketball-reference.com/players/h/hillge01.html,H
Grant Hill,https://www.basketball-reference.com/players/h/hillgr01.html,H
Jordan Hill,https://www.basketball-reference.com/players/h/hilljo01.html,H
Malcolm Hill,https://www.basketball-reference.com/players/h/hillma01.html,H
Simmie Hill,https://www.basketball-reference.com/players/h/hillsi01.html,H
Solomon Hill,https://www.basketball-reference.com/players/h/hillso01.html,H
Steven Hill,https://www.basketball-reference.com/players/h/hillst01.html,H
Tyrone Hill,https://www.basketball-reference.com/players/h/hillty01.html,H
Art Hillhouse,https://www.basketball-reference.com/players/h/hillhar01.html,H
Darrun Hilliard,https://www.basketball-reference.com/players/h/hillida01.html,H
Darnell Hillman,https://www.basketball-reference.com/players/h/hillmda01.html,H
Fred Hilton,https://www.basketball-reference.com/players/h/hiltofr01.html,H
Kirk Hinrich,https://www.basketball-reference.com/players/h/hinriki01.html,H
Roy Hinson,https://www.basketball-reference.com/players/h/hinsoro01.html,H
Nate Hinton,https://www.basketball-reference.com/players/h/hintona01.html,H
Mel Hirsch,https://www.basketball-reference.com/players/h/hirscme01.html,H
Lew Hitch,https://www.basketball-reference.com/players/h/hitchle01.html,H
Robert Hite,https://www.basketball-reference.com/players/h/hitero01.html,H
Jaylen Hoard,https://www.basketball-reference.com/players/h/hoardja01.html,H
Darington Hobson,https://www.basketball-reference.com/players/h/hobsoda01.html,H
D'Moi Hodge,https://www.basketball-reference.com/players/h/hodgedm01.html,H
Donald Hodge,https://www.basketball-reference.com/players/h/hodgedo01.html,H
Julius Hodge,https://www.basketball-reference.com/players/h/hodgeju01.html,H
Craig Hodges,https://www.basketball-reference.com/players/h/hodgecr01.html,H
Charlie Hoefer,https://www.basketball-reference.com/players/h/hoefech01.html,H
Paul Hoffman,https://www.basketball-reference.com/players/h/hoffmpa01.html,H
Bob Hogsett,https://www.basketball-reference.com/players/h/hogsebo01.html,H
Paul Hogue,https://www.basketball-reference.com/players/h/hoguedu01.html,H
Fred Hoiberg,https://www.basketball-reference.com/players/h/hoibefr01.html,H
Doug Holcomb,https://www.basketball-reference.com/players/h/holcodo01.html,H
Randy Holcomb,https://www.basketball-reference.com/players/h/holcora01.html,H
Aaron Holiday,https://www.basketball-reference.com/players/h/holidaa01.html,H
Jrue Holiday,https://www.basketball-reference.com/players/h/holidjr01.html,H
Justin Holiday,https://www.basketball-reference.com/players/h/holidju01.html,H
Brad Holland,https://www.basketball-reference.com/players/h/hollabr01.html,H
Joe Holland,https://www.basketball-reference.com/players/h/hollajo01.html,H
John Holland,https://www.basketball-reference.com/players/h/hollajo02.html,H
Ron Holland,https://www.basketball-reference.com/players/h/hollaro01.html,H
Wilbur Holland,https://www.basketball-reference.com/players/h/hollawi01.html,H
Lionel Hollins,https://www.basketball-reference.com/players/h/hollili01.html,H
Ryan Hollins,https://www.basketball-reference.com/players/h/holliry01.html,H
Essie Hollis,https://www.basketball-reference.com/players/h/hollies01.html,H
Rondae Hollis-Jefferson,https://www.basketball-reference.com/players/h/holliro01.html,H
Dennis Holman,https://www.basketball-reference.com/players/h/holmade01.html,H
Richaun Holmes,https://www.basketball-reference.com/players/h/holmeri01.html,H
Chet Holmgren,https://www.basketball-reference.com/players/h/holmgch01.html,H
Jim Holstein,https://www.basketball-reference.com/players/h/holstji01.html,H
A.W. Holt,https://www.basketball-reference.com/players/h/holtaw01.html,H
Michael Holton,https://www.basketball-reference.com/players/h/holtomi01.html,H
Dick Holub,https://www.basketball-reference.com/players/h/holubdi01.html,H
Joe Holup,https://www.basketball-reference.com/players/h/holupjo01.html,H
Red Holzman,https://www.basketball-reference.com/players/h/holzmre01.html,H
Jerald Honeycutt,https://www.basketball-reference.com/players/h/honeyje01.html,H
Tyler Honeycutt,https://www.basketball-reference.com/players/h/honeyty01.html,H
Derek Hood,https://www.basketball-reference.com/players/h/hoodde01.html,H
Rodney Hood,https://www.basketball-reference.com/players/h/hoodro01.html,H
Jalen Hood-Schifino,https://www.basketball-reference.com/players/h/hoodsja01.html,H
Bobby Hooper,https://www.basketball-reference.com/players/h/hoopebo01.html,H
Carroll Hooser,https://www.basketball-reference.com/players/h/hooseca01.html,H
Tom Hoover,https://www.basketball-reference.com/players/h/hooveto01.html,H
Bob Hopkins,https://www.basketball-reference.com/players/h/hopkibo01.html,H
Dave Hoppen,https://www.basketball-reference.com/players/h/hoppeda01.html,H
Dennis Hopson,https://www.basketball-reference.com/players/h/hopsode01.html,H
Scotty Hopson,https://www.basketball-reference.com/players/h/hopsosc01.html,H
Johnny Horan,https://www.basketball-reference.com/players/h/horanjo01.html,H
Cedrick Hordges,https://www.basketball-reference.com/players/h/hordgce01.html,H
Al Horford,https://www.basketball-reference.com/players/h/horfoal01.html,H
Tito Horford,https://www.basketball-reference.com/players/h/horfoti01.html,H
Ron Horn,https://www.basketball-reference.com/players/h/hornro01.html,H
Jeff Hornacek,https://www.basketball-reference.com/players/h/hornaje01.html,H
Dennis Horner,https://www.basketball-reference.com/players/h/hornede01.html,H
Robert Horry,https://www.basketball-reference.com/players/h/horryro01.html,H
Ed Horton,https://www.basketball-reference.com/players/h/hortoed01.html,H
Talen Horton-Tucker,https://www.basketball-reference.com/players/h/hortota01.html,H
Bill Hosket,https://www.basketball-reference.com/players/h/hoskebi01.html,H
Bob Houbregs,https://www.basketball-reference.com/players/h/houbrbo01.html,H
Danuel House Jr.,https://www.basketball-reference.com/players/h/houseda01.html,H
Eddie House,https://www.basketball-reference.com/players/h/houseed01.html,H
Caleb Houstan,https://www.basketball-reference.com/players/h/houstca01.html,H
Allan Houston,https://www.basketball-reference.com/players/h/houstal01.html,H
Byron Houston,https://www.basketball-reference.com/players/h/houstby01.html,H
Tom Hovasse,https://www.basketball-reference.com/players/h/hovasto01.html,H
Brian Howard,https://www.basketball-reference.com/players/h/howarbr01.html,H
Dwight Howard,https://www.basketball-reference.com/players/h/howardw01.html,H
Greg Howard,https://www.basketball-reference.com/players/h/howargr01.html,H
Jett Howard,https://www.basketball-reference.com/players/h/howarje01.html,H
Josh Howard,https://www.basketball-reference.com/players/h/howarjo01.html,H
Juwan Howard,https://www.basketball-reference.com/players/h/howarju01.html,H
Markus Howard,https://www.basketball-reference.com/players/h/howarma02.html,H
Mo Howard,https://www.basketball-reference.com/players/h/howarmo01.html,H
Otis Howard,https://www.basketball-reference.com/players/h/howarot01.html,H
Stephen Howard,https://www.basketball-reference.com/players/h/howarst01.html,H
William Howard,https://www.basketball-reference.com/players/h/howarwi01.html,H
Bailey Howell,https://www.basketball-reference.com/players/h/howelba01.html,H
Bob Hubbard,https://www.basketball-reference.com/players/h/hubbabo01.html,H
Phil Hubbard,https://www.basketball-reference.com/players/h/hubbaph01.html,H
Trevor Hudgins,https://www.basketball-reference.com/players/h/hudgitr01.html,H
Lester Hudson,https://www.basketball-reference.com/players/h/hudsole01.html,H
Lou Hudson,https://www.basketball-reference.com/players/h/hudsolo01.html,H
Troy Hudson,https://www.basketball-reference.com/players/h/hudsotr01.html,H
Marcelo Huertas,https://www.basketball-reference.com/players/h/huertma01.html,H
Kevin Huerter,https://www.basketball-reference.com/players/h/huertke01.html,H
Josh Huestis,https://www.basketball-reference.com/players/h/huestjo01.html,H
Jay Huff,https://www.basketball-reference.com/players/h/huffja01.html,H
Nate Huffman,https://www.basketball-reference.com/players/h/huffmna01.html,H
Alfredrick Hughes,https://www.basketball-reference.com/players/h/hugheri01.html,H
Eddie Hughes,https://www.basketball-reference.com/players/h/hugheed01.html,H
Elijah Hughes,https://www.basketball-reference.com/players/h/hugheel01.html,H
Kim Hughes,https://www.basketball-reference.com/players/h/hugheki01.html,H
Larry Hughes,https://www.basketball-reference.com/players/h/hughela01.html,H
Rick Hughes,https://www.basketball-reference.com/players/h/hugheri02.html,H
Ariel Hukporti,https://www.basketball-reference.com/players/h/hukpoar01.html,H
Robbie Hummel,https://www.basketball-reference.com/players/h/hummero01.html,H
John Hummer,https://www.basketball-reference.com/players/h/hummejo01.html,H
Ryan Humphrey,https://www.basketball-reference.com/players/h/humphry01.html,H
Isaac Humphries,https://www.basketball-reference.com/players/h/humphis01.html,H
Jay Humphries,https://www.basketball-reference.com/players/h/humphja01.html,H
Kris Humphries,https://www.basketball-reference.com/players/h/humphkr01.html,H
Hot Rod Hundley,https://www.basketball-reference.com/players/h/hundlho01.html,H
Feron Hunt,https://www.basketball-reference.com/players/h/huntfe01.html,H
Brandon Hunter,https://www.basketball-reference.com/players/h/huntebr01.html,H
Cedric Hunter,https://www.basketball-reference.com/players/h/huntece01.html,H
Chris Hunter,https://www.basketball-reference.com/players/h/huntech01.html,H
De'Andre Hunter,https://www.basketball-reference.com/players/h/huntede01.html,H
Les Hunter,https://www.basketball-reference.com/players/h/huntele01.html,H
Lindsey Hunter,https://www.basketball-reference.com/players/h/hunteli01.html,H
Othello Hunter,https://www.basketball-reference.com/players/h/hunteot01.html,H
R.J. Hunter,https://www.basketball-reference.com/players/h/hunterj01.html,H
Steven Hunter,https://www.basketball-reference.com/players/h/huntest01.html,H
Vince Hunter,https://www.basketball-reference.com/players/h/huntevi01.html,H
Bobby Hurley,https://www.basketball-reference.com/players/h/hurlebo01.html,H
Roy Hurley,https://www.basketball-reference.com/players/h/hurlero01.html,H
Matthew Hurt,https://www.basketball-reference.com/players/h/hurtma01.html,H
Geoff Huston,https://www.basketball-reference.com/players/h/hustoge01.html,H
Paul Huston,https://www.basketball-reference.com/players/h/hustopa01.html,H
Mel Hutchins,https://www.basketball-reference.com/players/h/hutchme01.html,H
Chandler Hutchison,https://www.basketball-reference.com/players/h/hutchch01.html,H
Joe Hutton,https://www.basketball-reference.com/players/h/huttojo01.html,H
Greg Hyder,https://www.basketball-reference.com/players/h/hydergr01.html,H
Bones Hyland,https://www.basketball-reference.com/players/h/hylanbo01.html,H
Marc Iavaroni,https://www.basketball-reference.com/players/i/iavarma01.html,I
Serge Ibaka,https://www.basketball-reference.com/players/i/ibakase01.html,I
Oso Ighodaro,https://www.basketball-reference.com/players/i/ighodos01.html,I
Andre Iguodala,https://www.basketball-reference.com/players/i/iguodan01.html,I
Zydrunas Ilgauskas,https://www.basketball-reference.com/players/i/ilgauzy01.html,I
Mile Ilić,https://www.basketball-reference.com/players/i/ilicmi01.html,I
D.J. Mbenga,https://www.basketball-reference.com/players/m/mbengdj01.html,I
Ersan İlyasova,https://www.basketball-reference.com/players/i/ilyaser01.html,I
Darrall Imhoff,https://www.basketball-reference.com/players/i/imhofda01.html,I
Tom Ingelsby,https://www.basketball-reference.com/players/i/ingelto01.html,I
Joe Ingles,https://www.basketball-reference.com/players/i/inglejo01.html,I
Damien Inglis,https://www.basketball-reference.com/players/i/inglida01.html,I
Andre Ingram,https://www.basketball-reference.com/players/i/ingraan01.html,I
Brandon Ingram,https://www.basketball-reference.com/players/i/ingrabr01.html,I
Harrison Ingram,https://www.basketball-reference.com/players/i/ingraha01.html,I
McCoy Ingram,https://www.basketball-reference.com/players/i/ingramc01.html,I
Ervin Inniger,https://www.basketball-reference.com/players/i/inniger01.html,I
Byron Irvin,https://www.basketball-reference.com/players/i/irvinby01.html,I
George Irvine,https://www.basketball-reference.com/players/i/irvinge01.html,I
Kyrie Irving,https://www.basketball-reference.com/players/i/irvinky01.html,I
Jonathan Isaac,https://www.basketball-reference.com/players/i/isaacjo01.html,I
Dan Issel,https://www.basketball-reference.com/players/i/isselda01.html,I
Mike Iuzzolino,https://www.basketball-reference.com/players/i/iuzzomi01.html,I
Allen Iverson,https://www.basketball-reference.com/players/i/iversal01.html,I
Willie Iverson,https://www.basketball-reference.com/players/i/iverswi01.html,I
Jaden Ivey,https://www.basketball-reference.com/players/i/iveyja01.html,I
Royal Ivey,https://www.basketball-reference.com/players/i/iveyro01.html,I
Elvin Ivory,https://www.basketball-reference.com/players/i/ivoryel01.html,I
Wes Iwundu,https://www.basketball-reference.com/players/i/iwundwe01.html,I
Warren Jabali,https://www.basketball-reference.com/players/j/jabalwa01.html,J
Jarrett Jack,https://www.basketball-reference.com/players/j/jackja01.html,J
Aaron Jackson,https://www.basketball-reference.com/players/j/jacksaa01.html,J
Al Jackson,https://www.basketball-reference.com/players/j/jacksal01.html,J
Andre Jackson Jr.,https://www.basketball-reference.com/players/j/jacksan01.html,J
Bobby Jackson,https://www.basketball-reference.com/players/j/jacksbo01.html,J
Cedric Jackson,https://www.basketball-reference.com/players/j/jacksce01.html,J
Darnell Jackson,https://www.basketball-reference.com/players/j/jacksda01.html,J
Demetrius Jackson,https://www.basketball-reference.com/players/j/jacksde01.html,J
Frank Jackson,https://www.basketball-reference.com/players/j/jacksfr01.html,J
Greg Jackson,https://www.basketball-reference.com/players/j/jacksgr01.html,J
GG Jackson II,https://www.basketball-reference.com/players/j/jacksgg01.html,J
Isaiah Jackson,https://www.basketball-reference.com/players/j/jacksis01.html,J
Jaren Jackson,https://www.basketball-reference.com/players/j/jacksja01.html,J
Jaren Jackson Jr.,https://www.basketball-reference.com/players/j/jacksja02.html,J
Jermaine Jackson,https://www.basketball-reference.com/players/j/jacksje01.html,J
Jim Jackson,https://www.basketball-reference.com/players/j/jacksji01.html,J
Josh Jackson,https://www.basketball-reference.com/players/j/jacksjo02.html,J
Justin Jackson,https://www.basketball-reference.com/players/j/jacksju01.html,J
Luke Jackson,https://www.basketball-reference.com/players/j/jackslu01.html,J
Luke Jackson,https://www.basketball-reference.com/players/j/jackslu02.html,J
Marc Jackson,https://www.basketball-reference.com/players/j/jacksma02.html,J
Mark Jackson,https://www.basketball-reference.com/players/j/jacksma01.html,J
Merv Jackson,https://www.basketball-reference.com/players/j/jacksme01.html,J
Michael Jackson,https://www.basketball-reference.com/players/j/jacksmi02.html,J
Mike Jackson,https://www.basketball-reference.com/players/j/jacksmi01.html,J
Myron Jackson,https://www.basketball-reference.com/players/j/jacksmy01.html,J
Phil Jackson,https://www.basketball-reference.com/players/j/jacksph01.html,J
Pierre Jackson,https://www.basketball-reference.com/players/j/jackspi01.html,J
Quenton Jackson,https://www.basketball-reference.com/players/j/jacksqu01.html,J
Ralph Jackson,https://www.basketball-reference.com/players/j/jacksra01.html,J
Randell Jackson,https://www.basketball-reference.com/players/j/jacksra02.html,J
Reggie Jackson,https://www.basketball-reference.com/players/j/jacksre01.html,J
Stanley Jackson,https://www.basketball-reference.com/players/j/jacksst01.html,J
Stephen Jackson,https://www.basketball-reference.com/players/j/jacksst02.html,J
Tony Jackson,https://www.basketball-reference.com/players/j/jacksto01.html,J
Tony Jackson,https://www.basketball-reference.com/players/j/jacksto02.html,J
Tracy Jackson,https://www.basketball-reference.com/players/j/jackstr01.html,J
Wardell Jackson,https://www.basketball-reference.com/players/j/jackswa01.html,J
Trayce Jackson-Davis,https://www.basketball-reference.com/players/j/jackstr02.html,J
Fred Jacobs,https://www.basketball-reference.com/players/j/jacobfr01.html,J
Casey Jacobsen,https://www.basketball-reference.com/players/j/jacobca01.html,J
Sam Jacobson,https://www.basketball-reference.com/players/j/jacobsa01.html,J
Dave Jamerson,https://www.basketball-reference.com/players/j/jamerda01.html,J
Aaron James,https://www.basketball-reference.com/players/j/jamesaa01.html,J
Bernard James,https://www.basketball-reference.com/players/j/jamesbe01.html,J
Billy James,https://www.basketball-reference.com/players/j/jamesbi01.html,J
Bronny James,https://www.basketball-reference.com/players/j/jamesbr02.html,J
Damion James,https://www.basketball-reference.com/players/j/jamesda01.html,J
Gene James,https://www.basketball-reference.com/players/j/jamesge01.html,J
Henry James,https://www.basketball-reference.com/players/j/jameshe01.html,J
Jerome James,https://www.basketball-reference.com/players/j/jamesje01.html,J
Justin James,https://www.basketball-reference.com/players/j/jamesju01.html,J
LeBron James,https://www.basketball-reference.com/players/j/jamesle01.html,J
Mike James,https://www.basketball-reference.com/players/j/jamesmi01.html,J
Mike James,https://www.basketball-reference.com/players/j/jamesmi02.html,J
Tim James,https://www.basketball-reference.com/players/j/jamesti01.html,J
Antawn Jamison,https://www.basketball-reference.com/players/j/jamisan01.html,J
Harold Jamison,https://www.basketball-reference.com/players/j/jamisha01.html,J
John Janisch,https://www.basketball-reference.com/players/j/janisjo01.html,J
Howie Janotta,https://www.basketball-reference.com/players/j/janotho01.html,J
Jaime Jaquez Jr.,https://www.basketball-reference.com/players/j/jaqueja01.html,J
Marko Jarić,https://www.basketball-reference.com/players/j/jaricma01.html,J
Tony Jaros,https://www.basketball-reference.com/players/j/jarosto01.html,J
DeJon Jarreau,https://www.basketball-reference.com/players/j/jarrede01.html,J
Jim Jarvis,https://www.basketball-reference.com/players/j/jarviji01.html,J
Šarūnas Jasikevičius,https://www.basketball-reference.com/players/j/jasiksa01.html,J
Nathan Jawai,https://www.basketball-reference.com/players/j/jawaina01.html,J
Buddy Jeannette,https://www.basketball-reference.com/players/j/jeannbu01.html,J
Abdul Jeelani,https://www.basketball-reference.com/players/j/jeelaab01.html,J
Chris Jefferies,https://www.basketball-reference.com/players/j/jeffech01.html,J
Othyus Jeffers,https://www.basketball-reference.com/players/j/jeffeot01.html,J
Al Jefferson,https://www.basketball-reference.com/players/j/jeffeal01.html,J
Amile Jefferson,https://www.basketball-reference.com/players/j/jeffeam01.html,J
Cory Jefferson,https://www.basketball-reference.com/players/j/jeffeco01.html,J
Dontell Jefferson,https://www.basketball-reference.com/players/j/jeffedo01.html,J
Richard Jefferson,https://www.basketball-reference.com/players/j/jefferi01.html,J
DaQuan Jeffries,https://www.basketball-reference.com/players/j/jeffrda01.html,J
Jared Jeffries,https://www.basketball-reference.com/players/j/jeffrja01.html,J
Trey Jemison,https://www.basketball-reference.com/players/j/jemistr01.html,J
Charles Jenkins,https://www.basketball-reference.com/players/j/jenkich01.html,J
Daniss Jenkins,https://www.basketball-reference.com/players/j/jenkida01.html,J
Horace Jenkins,https://www.basketball-reference.com/players/j/jenkiho01.html,J
John Jenkins,https://www.basketball-reference.com/players/j/jenkijo01.html,J
Brandon Jennings,https://www.basketball-reference.com/players/j/jennibr01.html,J
Keith Jennings,https://www.basketball-reference.com/players/j/jennike01.html,J
Chris Jent,https://www.basketball-reference.com/players/j/jentch01.html,J
Les Jepsen,https://www.basketball-reference.com/players/j/jepsele01.html,J
Jonas Jerebko,https://www.basketball-reference.com/players/j/jerebjo01.html,J
Ty Jerome,https://www.basketball-reference.com/players/j/jeromty01.html,J
Grant Jerrett,https://www.basketball-reference.com/players/j/jerregr01.html,J
Eugene Jeter,https://www.basketball-reference.com/players/j/jetereu01.html,J
Hal Jeter,https://www.basketball-reference.com/players/j/jeterha01.html,J
Yi Jianlian,https://www.basketball-reference.com/players/j/jianlyi01.html,J
Isaiah Joe,https://www.basketball-reference.com/players/j/joeis01.html,J
Britton Johnsen,https://www.basketball-reference.com/players/j/johnsbr01.html,J
AJ Johnson,https://www.basketball-reference.com/players/j/johnsaj01.html,J
Alexander Johnson,https://www.basketball-reference.com/players/j/johnsal01.html,J
Alize Johnson,https://www.basketball-reference.com/players/j/johnsal02.html,J
Amir Johnson,https://www.basketball-reference.com/players/j/johnsam01.html,J
Andy Johnson,https://www.basketball-reference.com/players/j/johnsan01.html,J
Anthony Johnson,https://www.basketball-reference.com/players/j/johnsan02.html,J
Armon Johnson,https://www.basketball-reference.com/players/j/johnsar02.html,J
Arnie Johnson,https://www.basketball-reference.com/players/j/johnsar01.html,J
Avery Johnson,https://www.basketball-reference.com/players/j/johnsav01.html,J
B.J. Johnson,https://www.basketball-reference.com/players/j/johnsbj01.html,J
Brice Johnson,https://www.basketball-reference.com/players/j/johnsbr02.html,J
Buck Johnson,https://www.basketball-reference.com/players/j/johnsbu01.html,J
Cameron Johnson,https://www.basketball-reference.com/players/j/johnsca02.html,J
Carldell Johnson,https://www.basketball-reference.com/players/j/johnsca01.html,J
Charles Johnson,https://www.basketball-reference.com/players/j/johnsch01.html,J
Cheese Johnson,https://www.basketball-reference.com/players/j/johnsch02.html,J
Chris Johnson,https://www.basketball-reference.com/players/j/johnsch03.html,J
Chris Johnson,https://www.basketball-reference.com/players/j/johnsch04.html,J
Clay Johnson,https://www.basketball-reference.com/players/j/johnscl02.html,J
Clemon Johnson,https://www.basketball-reference.com/players/j/johnscl01.html,J
Dakari Johnson,https://www.basketball-reference.com/players/j/johnsda04.html,J
Darryl Johnson,https://www.basketball-reference.com/players/j/johnsda02.html,J
Dave Johnson,https://www.basketball-reference.com/players/j/johnsda01.html,J
David Johnson,https://www.basketball-reference.com/players/j/johnsda08.html,J
DeMarco Johnson,https://www.basketball-reference.com/players/j/johnsde02.html,J
Dennis Johnson,https://www.basketball-reference.com/players/j/johnsde01.html,J
DerMarr Johnson,https://www.basketball-reference.com/players/j/johnsde03.html,J
Ed Johnson,https://www.basketball-reference.com/players/j/johnsed01.html,J
Eddie Johnson,https://www.basketball-reference.com/players/j/johnsed02.html,J
Eddie Johnson,https://www.basketball-reference.com/players/j/johnsed03.html,J
Eric Johnson,https://www.basketball-reference.com/players/j/johnser01.html,J
Ervin Johnson,https://www.basketball-reference.com/players/j/johnser02.html,J
Frank Johnson,https://www.basketball-reference.com/players/j/johnsfr01.html,J
George Johnson,https://www.basketball-reference.com/players/j/johnsge01.html,J
George Johnson,https://www.basketball-reference.com/players/j/johnsge02.html,J
George Johnson,https://www.basketball-reference.com/players/j/johnsge03.html,J
Gus Johnson,https://www.basketball-reference.com/players/j/johnsgu01.html,J
Harold Johnson,https://www.basketball-reference.com/players/j/johnsha01.html,J
Ivan Johnson,https://www.basketball-reference.com/players/j/johnsiv01.html,J
JaJuan Johnson,https://www.basketball-reference.com/players/j/johnsja02.html,J
Jalen Johnson,https://www.basketball-reference.com/players/j/johnsja05.html,J
James Johnson,https://www.basketball-reference.com/players/j/johnsja01.html,J
Joe Johnson,https://www.basketball-reference.com/players/j/johnsjo02.html,J
John Johnson,https://www.basketball-reference.com/players/j/johnsjo01.html,J
Kannard Johnson,https://www.basketball-reference.com/players/j/johnska01.html,J
Keldon Johnson,https://www.basketball-reference.com/players/j/johnske04.html,J
Ken Johnson,https://www.basketball-reference.com/players/j/johnske01.html,J
Ken Johnson,https://www.basketball-reference.com/players/j/johnske03.html,J
Keon Johnson,https://www.basketball-reference.com/players/j/johnske07.html,J
Keshad Johnson,https://www.basketball-reference.com/players/j/johnske10.html,J
Kevin Johnson,https://www.basketball-reference.com/players/j/johnske02.html,J
Keyontae Johnson,https://www.basketball-reference.com/players/j/johnske08.html,J
Larry Johnson,https://www.basketball-reference.com/players/j/johnsla01.html,J
Larry Johnson,https://www.basketball-reference.com/players/j/johnsla02.html,J
Lee Johnson,https://www.basketball-reference.com/players/j/johnsle01.html,J
Linton Johnson,https://www.basketball-reference.com/players/j/johnsli01.html,J
Magic Johnson,https://www.basketball-reference.com/players/j/johnsma02.html,J
Marques Johnson,https://www.basketball-reference.com/players/j/johnsma01.html,J
Mickey Johnson,https://www.basketball-reference.com/players/j/johnsmi01.html,J
Neil Johnson,https://www.basketball-reference.com/players/j/johnsne02.html,J
Nick Johnson,https://www.basketball-reference.com/players/j/johnsni01.html,J
Ollie Johnson,https://www.basketball-reference.com/players/j/johnsol01.html,J
Omari Johnson,https://www.basketball-reference.com/players/j/johnsom01.html,J
Orlando Johnson,https://www.basketball-reference.com/players/j/johnsor01.html,J
Ralph Johnson,https://www.basketball-reference.com/players/j/johnsra01.html,J
Reggie Johnson,https://www.basketball-reference.com/players/j/johnsre01.html,J
Rich Johnson,https://www.basketball-reference.com/players/j/johnsri01.html,J
Ron Johnson,https://www.basketball-reference.com/players/j/johnsro01.html,J
Stanley Johnson,https://www.basketball-reference.com/players/j/johnsst04.html,J
Steffond Johnson,https://www.basketball-reference.com/players/j/johnsst02.html,J
Steve Johnson,https://www.basketball-reference.com/players/j/johnsst03.html,J
Stew Johnson,https://www.basketball-reference.com/players/j/johnsst01.html,J
Trey Johnson,https://www.basketball-reference.com/players/j/johnstr01.html,J
Tyler Johnson,https://www.basketball-reference.com/players/j/johnsty01.html,J
Vinnie Johnson,https://www.basketball-reference.com/players/j/johnsvi01.html,J
Wesley Johnson,https://www.basketball-reference.com/players/j/johnswe01.html,J
Darius Johnson-Odom,https://www.basketball-reference.com/players/j/johnsda03.html,J
Nate Johnston,https://www.basketball-reference.com/players/j/johnsna01.html,J
Neil Johnston,https://www.basketball-reference.com/players/j/johnsne01.html,J
Jim Johnstone,https://www.basketball-reference.com/players/j/johnsji01.html,J
Nikola Jokić,https://www.basketball-reference.com/players/j/jokicni01.html,J
Howie Jolliff,https://www.basketball-reference.com/players/j/jolifho01.html,J
Alvin Jones,https://www.basketball-reference.com/players/j/jonesal01.html,J
Anthony Jones,https://www.basketball-reference.com/players/j/jonesan01.html,J
Askia Jones,https://www.basketball-reference.com/players/j/jonesas01.html,J
Bill Jones,https://www.basketball-reference.com/players/j/jonesbi01.html,J
Bobby Jones,https://www.basketball-reference.com/players/j/jonesbo01.html,J
Bobby Jones,https://www.basketball-reference.com/players/j/jonesbo02.html,J
Caldwell Jones,https://www.basketball-reference.com/players/j/jonesca01.html,J
Carlik Jones,https://www.basketball-reference.com/players/j/jonesca03.html,J
Charles Jones,https://www.basketball-reference.com/players/j/jonesch01.html,J
Charles Jones,https://www.basketball-reference.com/players/j/jonesch02.html,J
Charles Jones,https://www.basketball-reference.com/players/j/jonesch03.html,J
Colby Jones,https://www.basketball-reference.com/players/j/jonesco02.html,J
Collis Jones,https://www.basketball-reference.com/players/j/jonesco01.html,J
Dahntay Jones,https://www.basketball-reference.com/players/j/jonesda02.html,J
Damian Jones,https://www.basketball-reference.com/players/j/jonesda03.html,J
Damon Jones,https://www.basketball-reference.com/players/j/jonesda01.html,J
DeQuan Jones,https://www.basketball-reference.com/players/j/jonesde01.html,J
Derrick Jones Jr.,https://www.basketball-reference.com/players/j/jonesde02.html,J
Dillon Jones,https://www.basketball-reference.com/players/j/jonesdi01.html,J
Dominique Jones,https://www.basketball-reference.com/players/j/jonesdo02.html,J
Dontae' Jones,https://www.basketball-reference.com/players/j/jonesdo01.html,J
Dwayne Jones,https://www.basketball-reference.com/players/j/jonesdw02.html,J
Dwight Jones,https://www.basketball-reference.com/players/j/jonesdw01.html,J
Earl Jones,https://www.basketball-reference.com/players/j/jonesea01.html,J
Eddie Jones,https://www.basketball-reference.com/players/j/jonesed02.html,J
Edgar Jones,https://www.basketball-reference.com/players/j/jonesed01.html,J
Fred Jones,https://www.basketball-reference.com/players/j/jonesfr01.html,J
Herbert Jones,https://www.basketball-reference.com/players/j/joneshe01.html,J
Hutch Jones,https://www.basketball-reference.com/players/j/joneshu01.html,J
Isaac Jones,https://www.basketball-reference.com/players/j/jonesis01.html,J
Jake Jones,https://www.basketball-reference.com/players/j/jonesja01.html,J
Jalen Jones,https://www.basketball-reference.com/players/j/jonesja04.html,J
James Jones,https://www.basketball-reference.com/players/j/jonesja02.html,J
Jemerrio Jones,https://www.basketball-reference.com/players/j/jonesje01.html,J
Jimmy Jones,https://www.basketball-reference.com/players/j/jonesji01.html,J
Johnny Jones,https://www.basketball-reference.com/players/j/jonesjo01.html,J
Jumaine Jones,https://www.basketball-reference.com/players/j/jonesju01.html,J
K.C. Jones,https://www.basketball-reference.com/players/j/joneskc01.html,J
Kai Jones,https://www.basketball-reference.com/players/j/joneska01.html,J
Kevin Jones,https://www.basketball-reference.com/players/j/joneske01.html,J
Larry Jones,https://www.basketball-reference.com/players/j/jonesla01.html,J
Major Jones,https://www.basketball-reference.com/players/j/jonesma01.html,J
Mark Jones,https://www.basketball-reference.com/players/j/jonesma02.html,J
Mark Jones,https://www.basketball-reference.com/players/j/jonesma03.html,J
Mason Jones,https://www.basketball-reference.com/players/j/jonesma05.html,J
Nick Jones,https://www.basketball-reference.com/players/j/jonesni01.html,J
Ozell Jones,https://www.basketball-reference.com/players/j/jonesoz01.html,J
Perry Jones,https://www.basketball-reference.com/players/j/jonespe01.html,J
Popeye Jones,https://www.basketball-reference.com/players/j/jonespo01.html,J
Rich Jones,https://www.basketball-reference.com/players/j/jonesri01.html,J
Robin Jones,https://www.basketball-reference.com/players/j/jonesro01.html,J
Sam Jones,https://www.basketball-reference.com/players/j/jonessa01.html,J
Shelton Jones,https://www.basketball-reference.com/players/j/jonessh01.html,J
Solomon Jones,https://www.basketball-reference.com/players/j/jonesso01.html,J
Spencer Jones,https://www.basketball-reference.com/players/j/jonessp01.html,J
Steve Jones,https://www.basketball-reference.com/players/j/jonesst01.html,J
Terrence Jones,https://www.basketball-reference.com/players/j/joneste01.html,J
Tre Jones,https://www.basketball-reference.com/players/j/jonestr01.html,J
Tyus Jones,https://www.basketball-reference.com/players/j/jonesty01.html,J
Wah Wah Jones,https://www.basketball-reference.com/players/j/joneswa01.html,J
Wali Jones,https://www.basketball-reference.com/players/j/joneswa02.html,J
Wil Jones,https://www.basketball-reference.com/players/j/joneswi02.html,J
Willie Jones,https://www.basketball-reference.com/players/j/joneswi01.html,J
Adonis Jordan,https://www.basketball-reference.com/players/j/jordaad01.html,J
Charles Jordan,https://www.basketball-reference.com/players/j/jordach01.html,J
DeAndre Jordan,https://www.basketball-reference.com/players/j/jordade01.html,J
Eddie Jordan,https://www.basketball-reference.com/players/j/jordaed01.html,J
Jerome Jordan,https://www.basketball-reference.com/players/j/jordaje01.html,J
Michael Jordan,https://www.basketball-reference.com/players/j/jordami01.html,J
Reggie Jordan,https://www.basketball-reference.com/players/j/jordare01.html,J
Thomas Jordan,https://www.basketball-reference.com/players/j/jordath01.html,J
Walter Jordan,https://www.basketball-reference.com/players/j/jordawa01.html,J
Phil Jordon,https://www.basketball-reference.com/players/j/jordoph01.html,J
Johnny Jorgensen,https://www.basketball-reference.com/players/j/jorgejo01.html,J
Noble Jorgensen,https://www.basketball-reference.com/players/j/jorgeno01.html,J
Roger Jorgensen,https://www.basketball-reference.com/players/j/jorgero01.html,J
Cory Joseph,https://www.basketball-reference.com/players/j/josepco01.html,J
Garth Joseph,https://www.basketball-reference.com/players/j/josepga01.html,J
Kris Joseph,https://www.basketball-reference.com/players/j/josepkr01.html,J
Yvon Joseph,https://www.basketball-reference.com/players/j/josepyv01.html,J
Nikola Jović,https://www.basketball-reference.com/players/j/jovicni01.html,J
Kevin Joyce,https://www.basketball-reference.com/players/j/joyceke01.html,J
Butch Joyner,https://www.basketball-reference.com/players/j/joynebu01.html,J
Jeff Judkins,https://www.basketball-reference.com/players/j/judkije01.html,J
Johnny Juzang,https://www.basketball-reference.com/players/j/juzanjo01.html,J
Mfiondu Kabengele,https://www.basketball-reference.com/players/k/kabenmf01.html,K
Whitey Kachan,https://www.basketball-reference.com/players/k/kachawh01.html,K
George Kaftan,https://www.basketball-reference.com/players/k/kaftage01.html,K
Ed Kalafat,https://www.basketball-reference.com/players/k/kalafed01.html,K
Georgios Kalaitzakis,https://www.basketball-reference.com/players/k/kalaige01.html,K
Chris Kaman,https://www.basketball-reference.com/players/k/kamanch01.html,K
Frank Kaminsky,https://www.basketball-reference.com/players/k/kaminfr01.html,K
Ralph Kaplowitz,https://www.basketball-reference.com/players/k/kaplora01.html,K
Jason Kapono,https://www.basketball-reference.com/players/k/kaponja01.html,K
Tony Kappen,https://www.basketball-reference.com/players/k/kappeto01.html,K
Sergey Karasev,https://www.basketball-reference.com/players/k/karasse01.html,K
Coby Karl,https://www.basketball-reference.com/players/k/karlco01.html,K
George Karl,https://www.basketball-reference.com/players/k/karlge01.html,K
Ed Kasid,https://www.basketball-reference.com/players/k/kasided01.html,K
Mario Kasun,https://www.basketball-reference.com/players/k/kasunma01.html,K
Leo Katkaveck,https://www.basketball-reference.com/players/k/katkale01.html,K
Bob Kauffman,https://www.basketball-reference.com/players/k/kauffbo01.html,K
Sasha Kaun,https://www.basketball-reference.com/players/k/kaunsa01.html,K
Wilbert Kautz,https://www.basketball-reference.com/players/k/kautzwi01.html,K
Yuki Kawamura,https://www.basketball-reference.com/players/k/kawamyu01.html,K
Clarence Kea,https://www.basketball-reference.com/players/k/keacl01.html,K
Mike Kearns,https://www.basketball-reference.com/players/k/kearnmi01.html,K
Tommy Kearns,https://www.basketball-reference.com/players/k/kearnto01.html,K
Adam Keefe,https://www.basketball-reference.com/players/k/keefead01.html,K
Harold Keeling,https://www.basketball-reference.com/players/k/keeliha01.html,K
Trevor Keels,https://www.basketball-reference.com/players/k/keelstr01.html,K
Bill Keller,https://www.basketball-reference.com/players/k/kellebi01.html,K
Gary Keller,https://www.basketball-reference.com/players/k/kellega01.html,K
Ken Keller,https://www.basketball-reference.com/players/k/kelleke01.html,K
Kylor Kelley,https://www.basketball-reference.com/players/k/kelleky01.html,K
Rich Kelley,https://www.basketball-reference.com/players/k/kelleri01.html,K
Clark Kellogg,https://www.basketball-reference.com/players/k/kellocl01.html,K
Arvesta Kelly,https://www.basketball-reference.com/players/k/kellyar01.html,K
Jerry Kelly,https://www.basketball-reference.com/players/k/kellyje01.html,K
Ryan Kelly,https://www.basketball-reference.com/players/k/kellyry01.html,K
Tom Kelly,https://www.basketball-reference.com/players/k/kellyto01.html,K
Greg Kelser,https://www.basketball-reference.com/players/k/kelsegr01.html,K
Ben Kelso,https://www.basketball-reference.com/players/k/kelsobe01.html,K
Shawn Kemp,https://www.basketball-reference.com/players/k/kempsh01.html,K
Tim Kempton,https://www.basketball-reference.com/players/k/kemptti01.html,K
Frank Kendrick,https://www.basketball-reference.com/players/k/kendrfr01.html,K
Luke Kennard,https://www.basketball-reference.com/players/k/kennalu01.html,K
D.J. Kennedy,https://www.basketball-reference.com/players/k/kennedj01.html,K
Goo Kennedy,https://www.basketball-reference.com/players/k/kennego01.html,K
Joe Kennedy,https://www.basketball-reference.com/players/k/kennejo01.html,K
Pickles Kennedy,https://www.basketball-reference.com/players/k/kennepi01.html,K
Larry Kenon,https://www.basketball-reference.com/players/k/kenonla01.html,K
Billy Kenville,https://www.basketball-reference.com/players/k/kenvibi01.html,K
Jonathan Kerner,https://www.basketball-reference.com/players/k/kernejo01.html,K
Red Kerr,https://www.basketball-reference.com/players/k/kerrre01.html,K
Steve Kerr,https://www.basketball-reference.com/players/k/kerrst01.html,K
Jack Kerris,https://www.basketball-reference.com/players/k/kerrija01.html,K
Jerome Kersey,https://www.basketball-reference.com/players/k/kerseje01.html,K
Tom Kerwin,https://www.basketball-reference.com/players/k/kerwito01.html,K
Alec Kessler,https://www.basketball-reference.com/players/k/kesslal01.html,K
Walker Kessler,https://www.basketball-reference.com/players/k/kesslwa01.html,K
Lari Ketner,https://www.basketball-reference.com/players/k/ketnela01.html,K
Braxton Key,https://www.basketball-reference.com/players/k/keybr01.html,K
Julius Keye,https://www.basketball-reference.com/players/k/keyeju01.html,K
Randolph Keys,https://www.basketball-reference.com/players/k/keysra01.html,K
Viktor Khryapa,https://www.basketball-reference.com/players/k/khryavi01.html,K
Jason Kidd,https://www.basketball-reference.com/players/k/kiddja01.html,K
Stanton Kidd,https://www.basketball-reference.com/players/k/kiddst01.html,K
Warren Kidd,https://www.basketball-reference.com/players/k/kiddwa01.html,K
Michael Kidd-Gilchrist,https://www.basketball-reference.com/players/k/kiddgmi01.html,K
Irv Kiffin,https://www.basketball-reference.com/players/k/kiffiir01.html,K
Jack Kiley,https://www.basketball-reference.com/players/k/kileyja01.html,K
Earnie Killum,https://www.basketball-reference.com/players/k/killuea01.html,K
Carl Kilpatrick,https://www.basketball-reference.com/players/k/kilpaca01.html,K
Sean Kilpatrick,https://www.basketball-reference.com/players/k/kilpase01.html,K
Toby Kimball,https://www.basketball-reference.com/players/k/kimbato01.html,K
Bo Kimble,https://www.basketball-reference.com/players/k/kimblbo01.html,K
Stan Kimbrough,https://www.basketball-reference.com/players/k/kimbrst01.html,K
Chad Kinch,https://www.basketball-reference.com/players/k/kinchch01.html,K
Albert King,https://www.basketball-reference.com/players/k/kingal01.html,K
Bernard King,https://www.basketball-reference.com/players/k/kingbe01.html,K
Chris King,https://www.basketball-reference.com/players/k/kingch01.html,K
Dan King,https://www.basketball-reference.com/players/k/kingda01.html,K
Frankie King,https://www.basketball-reference.com/players/k/kingfr01.html,K
George King,https://www.basketball-reference.com/players/k/kingge01.html,K
George King,https://www.basketball-reference.com/players/k/kingge03.html,K
Gerard King,https://www.basketball-reference.com/players/k/kingge02.html,K
Jim King,https://www.basketball-reference.com/players/k/kingji01.html,K
Jimmy King,https://www.basketball-reference.com/players/k/kingji02.html,K
Louis King,https://www.basketball-reference.com/players/k/kinglo02.html,K
Loyd King,https://www.basketball-reference.com/players/k/kinglo01.html,K
Maurice King,https://www.basketball-reference.com/players/k/kingma01.html,K
Reggie King,https://www.basketball-reference.com/players/k/kingre01.html,K
Rich King,https://www.basketball-reference.com/players/k/kingri01.html,K
Ron King,https://www.basketball-reference.com/players/k/kingro01.html,K
Stacey King,https://www.basketball-reference.com/players/k/kingst01.html,K
Tom King,https://www.basketball-reference.com/players/k/kingto01.html,K
Bob Kinney,https://www.basketball-reference.com/players/k/kinnebo01.html,K
Tarence Kinsey,https://www.basketball-reference.com/players/k/kinseta01.html,K
Andrei Kirilenko,https://www.basketball-reference.com/players/k/kirilan01.html,K
Alex Kirk,https://www.basketball-reference.com/players/k/kirkal01.html,K
Walt Kirk,https://www.basketball-reference.com/players/k/kirkwa01.html,K
Wilbur Kirkland,https://www.basketball-reference.com/players/k/kirklwi01.html,K
Corey Kispert,https://www.basketball-reference.com/players/k/kispeco01.html,K
Jim Kissane,https://www.basketball-reference.com/players/k/kissaji01.html,K
Doug Kistler,https://www.basketball-reference.com/players/k/kistldo01.html,K
Curtis Kitchen,https://www.basketball-reference.com/players/k/kitchcu01.html,K
Greg Kite,https://www.basketball-reference.com/players/k/kitegr01.html,K
Kerry Kittles,https://www.basketball-reference.com/players/k/kittlke01.html,K
Maxi Kleber,https://www.basketball-reference.com/players/k/klebima01.html,K
Joe Kleine,https://www.basketball-reference.com/players/k/kleinjo01.html,K
Linas Kleiza,https://www.basketball-reference.com/players/k/kleizli01.html,K
Leo Klier,https://www.basketball-reference.com/players/k/klierle01.html,K
Bobi Klintman,https://www.basketball-reference.com/players/k/klintbo01.html,K
Red Klotz,https://www.basketball-reference.com/players/k/klotzhe01.html,K
Duane Klueh,https://www.basketball-reference.com/players/k/kluehdu01.html,K
Lonnie Kluttz,https://www.basketball-reference.com/players/k/kluttlo01.html,K
Dalton Knecht,https://www.basketball-reference.com/players/k/knechda01.html,K
Billy Knight,https://www.basketball-reference.com/players/k/knighbi01.html,K
Bob Knight,https://www.basketball-reference.com/players/k/knighbo01.html,K
Brandin Knight,https://www.basketball-reference.com/players/k/knighbr02.html,K
Brandon Knight,https://www.basketball-reference.com/players/k/knighbr03.html,K
Brevin Knight,https://www.basketball-reference.com/players/k/knighbr01.html,K
Nathan Knight,https://www.basketball-reference.com/players/k/knighna01.html,K
Negele Knight,https://www.basketball-reference.com/players/k/knighne01.html,K
Ron Knight,https://www.basketball-reference.com/players/k/knighro01.html,K
Toby Knight,https://www.basketball-reference.com/players/k/knighto01.html,K
Travis Knight,https://www.basketball-reference.com/players/k/knightr01.html,K
Lee Knorek,https://www.basketball-reference.com/players/k/knorele01.html,K
Dick Knostman,https://www.basketball-reference.com/players/k/knostdi01.html,K
Rod Knowles,https://www.basketball-reference.com/players/k/knowlro01.html,K
Kevin Knox,https://www.basketball-reference.com/players/k/knoxke01.html,K
Bart Kofoed,https://www.basketball-reference.com/players/k/kofoeba01.html,K
Don Kojis,https://www.basketball-reference.com/players/k/kojisdo01.html,K
Tyler Kolek,https://www.basketball-reference.com/players/k/kolekty01.html,K
Christian Koloko,https://www.basketball-reference.com/players/k/kolokch01.html,K
Milo Komenich,https://www.basketball-reference.com/players/k/komenmi01.html,K
Howard Komives,https://www.basketball-reference.com/players/k/komivho01.html,K
Jon Koncak,https://www.basketball-reference.com/players/k/koncajo01.html,K
John Konchar,https://www.basketball-reference.com/players/k/konchjo01.html,K
Tom Kondla,https://www.basketball-reference.com/players/k/kondlto01.html,K
Bud Koper,https://www.basketball-reference.com/players/k/koperbu01.html,K
Joe Kopicki,https://www.basketball-reference.com/players/k/kopicjo01.html,K
Furkan Korkmaz,https://www.basketball-reference.com/players/k/korkmfu01.html,K
Frank Kornet,https://www.basketball-reference.com/players/k/kornefr01.html,K
Luke Kornet,https://www.basketball-reference.com/players/k/kornelu01.html,K
Yaroslav Korolev,https://www.basketball-reference.com/players/k/korolya01.html,K
Kyle Korver,https://www.basketball-reference.com/players/k/korveky01.html,K
Tony Koski,https://www.basketball-reference.com/players/k/koskito01.html,K
Len Kosmalski,https://www.basketball-reference.com/players/k/kosmale01.html,K
Andy Kostecka,https://www.basketball-reference.com/players/k/kostean01.html,K
Harold Kottman,https://www.basketball-reference.com/players/k/kottmha01.html,K
Kosta Koufos,https://www.basketball-reference.com/players/k/koufoko01.html,K
Tom Kozelko,https://www.basketball-reference.com/players/k/kozelto01.html,K
Ron Kozlicki,https://www.basketball-reference.com/players/k/kozliro01.html,K
Arvid Kramer,https://www.basketball-reference.com/players/k/kramear01.html,K
Barry Kramer,https://www.basketball-reference.com/players/k/krameba01.html,K
Joel Kramer,https://www.basketball-reference.com/players/k/kramejo01.html,K
Steve Kramer,https://www.basketball-reference.com/players/k/kramest01.html,K
Dan Kraus,https://www.basketball-reference.com/players/k/krausda01.html,K
Herb Krautblatt,https://www.basketball-reference.com/players/k/krauthe01.html,K
Viacheslav Kravtsov,https://www.basketball-reference.com/players/k/kravtvi01.html,K
Jim Krebs,https://www.basketball-reference.com/players/k/krebsji01.html,K
Vit Krejci,https://www.basketball-reference.com/players/k/krejcvi01.html,K
Wayne Kreklow,https://www.basketball-reference.com/players/k/kreklwa01.html,K
Tommy Kron,https://www.basketball-reference.com/players/k/kronto01.html,K
Tom Kropp,https://www.basketball-reference.com/players/k/kroppto01.html,K
Nenad Krstić,https://www.basketball-reference.com/players/k/krstine01.html,K
Larry Krystkowiak,https://www.basketball-reference.com/players/k/krystla01.html,K
Steve Kuberski,https://www.basketball-reference.com/players/k/kuberst01.html,K
Leo Kubiak,https://www.basketball-reference.com/players/k/kubiale01.html,K
Bruce Kuczenski,https://www.basketball-reference.com/players/k/kuczebr01.html,K
Frank Kudelka,https://www.basketball-reference.com/players/k/kudelfr01.html,K
John Kuester,https://www.basketball-reference.com/players/k/kuestjo01.html,K
Ray Kuka,https://www.basketball-reference.com/players/k/kukara01.html,K
Toni Kukoč,https://www.basketball-reference.com/players/k/kukocto01.html,K
Arnoldas Kulboka,https://www.basketball-reference.com/players/k/kulboar01.html,K
Jonathan Kuminga,https://www.basketball-reference.com/players/k/kuminjo01.html,K
Kevin Kunnert,https://www.basketball-reference.com/players/k/kunneke01.html,K
Terry Kunze,https://www.basketball-reference.com/players/k/kunzete01.html,K
Mitch Kupchak,https://www.basketball-reference.com/players/k/kupchmi01.html,K
C.J. Kupec,https://www.basketball-reference.com/players/k/kupeccj01.html,K
Rodions Kurucs,https://www.basketball-reference.com/players/k/kurucro01.html,K
Rob Kurz,https://www.basketball-reference.com/players/k/kurzro01.html,K
Ibo Kutluay,https://www.basketball-reference.com/players/k/kutluib01.html,K
Kyle Kuzma,https://www.basketball-reference.com/players/k/kuzmaky01.html,K
Ognjen Kuzmić,https://www.basketball-reference.com/players/k/kuzmiog01.html,K
Mindaugas Kuzminskas,https://www.basketball-reference.com/players/k/kuzmimi01.html,K
Fred LaCour,https://www.basketball-reference.com/players/l/lacoufr01.html,L
Raef LaFrentz,https://www.basketball-reference.com/players/l/lafrera01.html,L
Tom LaGarde,https://www.basketball-reference.com/players/l/lagarto01.html,L
Jake LaRavia,https://www.basketball-reference.com/players/l/laravja01.html,L
Rusty LaRue,https://www.basketball-reference.com/players/l/larueru01.html,L
Rudy LaRusso,https://www.basketball-reference.com/players/l/larusru01.html,L
Zach LaVine,https://www.basketball-reference.com/players/l/lavinza01.html,L
Skal Labissière,https://www.basketball-reference.com/players/l/labissk01.html,L
Reggie Lacefield,https://www.basketball-reference.com/players/l/lacefre01.html,L
Edgar Lacey,https://www.basketball-reference.com/players/l/laceyed01.html,L
Sam Lacey,https://www.basketball-reference.com/players/l/laceysa01.html,L
Bob Lackey,https://www.basketball-reference.com/players/l/lackebo01.html,L
Wendell Ladner,https://www.basketball-reference.com/players/l/ladnewe01.html,L
Christian Laettner,https://www.basketball-reference.com/players/l/laettch01.html,L
Oliver Lafayette,https://www.basketball-reference.com/players/l/lafayol01.html,L
Bill Laimbeer,https://www.basketball-reference.com/players/l/laimbbi01.html,L
Pete Lalich,https://www.basketball-reference.com/players/l/lalicpe01.html,L
Bo Lamar,https://www.basketball-reference.com/players/l/lamarbo01.html,L
Anthony Lamb,https://www.basketball-reference.com/players/l/lamban01.html,L
Doron Lamb,https://www.basketball-reference.com/players/l/lambdo01.html,L
Jeremy Lamb,https://www.basketball-reference.com/players/l/lambje01.html,L
John Lambert,https://www.basketball-reference.com/players/l/lambejo01.html,L
Jeff Lamp,https://www.basketball-reference.com/players/l/lampje01.html,L
Maciej Lampe,https://www.basketball-reference.com/players/l/lampema01.html,L
Jim Lampley,https://www.basketball-reference.com/players/l/lamplji01.html,L
Sean Lampley,https://www.basketball-reference.com/players/l/lamplse01.html,L
Jock Landale,https://www.basketball-reference.com/players/l/landajo01.html,L
Carl Landry,https://www.basketball-reference.com/players/l/landrca01.html,L
Marcus Landry,https://www.basketball-reference.com/players/l/landrma01.html,L
Mark Landsberger,https://www.basketball-reference.com/players/l/landsma01.html,L
Jerome Lane,https://www.basketball-reference.com/players/l/laneje01.html,L
Andrew Lang,https://www.basketball-reference.com/players/l/langan01.html,L
Antonio Lang,https://www.basketball-reference.com/players/l/langan02.html,L
James Lang,https://www.basketball-reference.com/players/l/langja01.html,L
Trajan Langdon,https://www.basketball-reference.com/players/l/langdtr01.html,L
Keith Langford,https://www.basketball-reference.com/players/l/langfke01.html,L
Romeo Langford,https://www.basketball-reference.com/players/l/langfro01.html,L
Dan Langhi,https://www.basketball-reference.com/players/l/langhda01.html,L
Bob Lanier,https://www.basketball-reference.com/players/l/laniebo01.html,L
Stu Lantz,https://www.basketball-reference.com/players/l/lantzst01.html,L
Nicolás Laprovíttola,https://www.basketball-reference.com/players/l/laproni01.html,L
York Larese,https://www.basketball-reference.com/players/l/laresyo01.html,L
Shane Larkin,https://www.basketball-reference.com/players/l/larkish01.html,L
Pelle Larsson,https://www.basketball-reference.com/players/l/larsspe01.html,L
John Laskowski,https://www.basketball-reference.com/players/l/laskojo01.html,L
Stéphane Lasme,https://www.basketball-reference.com/players/l/lasmest01.html,L
Dave Lattin,https://www.basketball-reference.com/players/l/lattida01.html,L
Priest Lauderdale,https://www.basketball-reference.com/players/l/laudepr01.html,L
Rich Laurel,https://www.basketball-reference.com/players/l/laureri01.html,L
Harry Laurie,https://www.basketball-reference.com/players/l/lauriha01.html,L
Walt Lautenbach,https://www.basketball-reference.com/players/l/lautewa01.html,L
Joffrey Lauvergne,https://www.basketball-reference.com/players/l/lauvejo01.html,L
Tony Lavelli,https://www.basketball-reference.com/players/l/lavelto01.html,L
Bob Lavoy,https://www.basketball-reference.com/players/l/lavoybo01.html,L
Acie Law,https://www.basketball-reference.com/players/l/lawac01.html,L
Vic Law,https://www.basketball-reference.com/players/l/lawvi01.html,L
Gani Lawal,https://www.basketball-reference.com/players/l/lawalga01.html,L
Edmund Lawrence,https://www.basketball-reference.com/players/l/lawreed01.html,L
A.J. Lawson,https://www.basketball-reference.com/players/l/lawsoaj01.html,L
Jason Lawson,https://www.basketball-reference.com/players/l/lawsoja01.html,L
Ty Lawson,https://www.basketball-reference.com/players/l/lawsoty01.html,L
Jake Layman,https://www.basketball-reference.com/players/l/laymaja01.html,L
Mo Layton,https://www.basketball-reference.com/players/l/laytomo01.html,L
Caris LeVert,https://www.basketball-reference.com/players/l/leverca01.html,L
T.J. Leaf,https://www.basketball-reference.com/players/l/leaftj01.html,L
Manny Leaks,https://www.basketball-reference.com/players/l/leaksma01.html,L
Hal Lear,https://www.basketball-reference.com/players/l/learha01.html,L
Allen Leavell,https://www.basketball-reference.com/players/l/leaveal01.html,L
Jeff Lebo,https://www.basketball-reference.com/players/l/leboje01.html,L
Eric Leckner,https://www.basketball-reference.com/players/l/leckner01.html,L
Jalen Lecque,https://www.basketball-reference.com/players/l/lecquja01.html,L
Ricky Ledo,https://www.basketball-reference.com/players/l/ledori01.html,L
Butch Lee,https://www.basketball-reference.com/players/l/leebu01.html,L
Clyde Lee,https://www.basketball-reference.com/players/l/leecl01.html,L
Courtney Lee,https://www.basketball-reference.com/players/l/leeco01.html,L
Damion Lee,https://www.basketball-reference.com/players/l/leeda03.html,L
Dave Lee,https://www.basketball-reference.com/players/l/leeda01.html,L
David Lee,https://www.basketball-reference.com/players/l/leeda02.html,L
Dick Lee,https://www.basketball-reference.com/players/l/leedi01.html,L
Doug Lee,https://www.basketball-reference.com/players/l/leedo01.html,L
George Lee,https://www.basketball-reference.com/players/l/leege01.html,L
Greg Lee,https://www.basketball-reference.com/players/l/leegr01.html,L
Keith Lee,https://www.basketball-reference.com/players/l/leeke01.html,L
Kurk Lee,https://www.basketball-reference.com/players/l/leeku01.html,L
Malcolm Lee,https://www.basketball-reference.com/players/l/leema01.html,L
Rock Lee,https://www.basketball-reference.com/players/l/leero02.html,L
Ron Lee,https://www.basketball-reference.com/players/l/leero01.html,L
Russ Lee,https://www.basketball-reference.com/players/l/leeru01.html,L
Saben Lee,https://www.basketball-reference.com/players/l/leesa01.html,L
Ed Leede,https://www.basketball-reference.com/players/l/leedeed01.html,L
Hank Lefkowitz,https://www.basketball-reference.com/players/l/lefkoha01.html,L
Tim Legler,https://www.basketball-reference.com/players/l/legleti01.html,L
George Lehmann,https://www.basketball-reference.com/players/l/lehmage01.html,L
Barry Leibowitz,https://www.basketball-reference.com/players/l/leiboba01.html,L
Walt Lemon Jr.,https://www.basketball-reference.com/players/l/lemonwa01.html,L
Alex Len,https://www.basketball-reference.com/players/l/lenal01.html,L
Voshon Lenard,https://www.basketball-reference.com/players/l/lenarvo01.html,L
Leary Lentz,https://www.basketball-reference.com/players/l/lentzle01.html,L
Gary Leonard,https://www.basketball-reference.com/players/l/leonaga01.html,L
Kawhi Leonard,https://www.basketball-reference.com/players/l/leonaka01.html,L
Meyers Leonard,https://www.basketball-reference.com/players/l/leoname01.html,L
Slick Leonard,https://www.basketball-reference.com/players/l/leonasl01.html,L
Malevy Leons,https://www.basketball-reference.com/players/l/leonsma01.html,L
Jim Les,https://www.basketball-reference.com/players/l/lesji01.html,L
Travis Leslie,https://www.basketball-reference.com/players/l/leslitr01.html,L
Ronnie Lester,https://www.basketball-reference.com/players/l/lestero01.html,L
Clifford Lett,https://www.basketball-reference.com/players/l/lettcl01.html,L
Jon Leuer,https://www.basketball-reference.com/players/l/leuerjo01.html,L
Andrew Levane,https://www.basketball-reference.com/players/l/levanan01.html,L
Fat Lever,https://www.basketball-reference.com/players/l/leverfa01.html,L
Cliff Levingston,https://www.basketball-reference.com/players/l/levincl01.html,L
Bobby Lewis,https://www.basketball-reference.com/players/l/lewisbo01.html,L
Cedric Lewis,https://www.basketball-reference.com/players/l/lewisce01.html,L
Freddie Lewis,https://www.basketball-reference.com/players/l/lewisfr01.html,L
Freddie Lewis,https://www.basketball-reference.com/players/l/lewisfr02.html,L
Grady Lewis,https://www.basketball-reference.com/players/l/lewisgr01.html,L
Kira Lewis Jr.,https://www.basketball-reference.com/players/l/lewiski01.html,L
Martin Lewis,https://www.basketball-reference.com/players/l/lewisma01.html,L
Maxwell Lewis,https://www.basketball-reference.com/players/l/lewisma05.html,L
Mike Lewis,https://www.basketball-reference.com/players/l/lewismi01.html,L
Quincy Lewis,https://www.basketball-reference.com/players/l/lewisqu01.html,L
Ralph Lewis,https://www.basketball-reference.com/players/l/lewisra01.html,L
Rashard Lewis,https://www.basketball-reference.com/players/l/lewisra02.html,L
Reggie Lewis,https://www.basketball-reference.com/players/l/lewisre01.html,L
Scottie Lewis,https://www.basketball-reference.com/players/l/lewissc01.html,L
Marcus Liberty,https://www.basketball-reference.com/players/l/liberma01.html,L
Todd Lichti,https://www.basketball-reference.com/players/l/lichtto01.html,L
E.J. Liddell,https://www.basketball-reference.com/players/l/liddeej01.html,L
DeAndre Liggins,https://www.basketball-reference.com/players/l/liggide01.html,L
Bill Ligon,https://www.basketball-reference.com/players/l/ligonbi01.html,L
Goose Ligon,https://www.basketball-reference.com/players/l/ligongo01.html,L
Damian Lillard,https://www.basketball-reference.com/players/l/lillada01.html,L
Jeremy Lin,https://www.basketball-reference.com/players/l/linje01.html,L
Steve Lingenfelter,https://www.basketball-reference.com/players/l/lingest01.html,L
Alton Lister,https://www.basketball-reference.com/players/l/listeal01.html,L
Nassir Little,https://www.basketball-reference.com/players/l/littlna01.html,L
Sammy Little,https://www.basketball-reference.com/players/l/littlsa01.html,L
Gene Littles,https://www.basketball-reference.com/players/l/littlge01.html,L
Dereck Lively II,https://www.basketball-reference.com/players/l/livelde01.html,L
Isaiah Livers,https://www.basketball-reference.com/players/l/liveris01.html,L
Chris Livingston,https://www.basketball-reference.com/players/l/livinch01.html,L
Randy Livingston,https://www.basketball-reference.com/players/l/livinra01.html,L
Shaun Livingston,https://www.basketball-reference.com/players/l/livinsh01.html,L
Ron Livingstone,https://www.basketball-reference.com/players/l/livinro01.html,L
Horacio Llamas,https://www.basketball-reference.com/players/l/llamaho01.html,L
Bobby Lloyd,https://www.basketball-reference.com/players/l/lloydbo01.html,L
Chuck Lloyd,https://www.basketball-reference.com/players/l/lloydch01.html,L
Earl Lloyd,https://www.basketball-reference.com/players/l/lloydea01.html,L
Lewis Lloyd,https://www.basketball-reference.com/players/l/lloydle01.html,L
Scott Lloyd,https://www.basketball-reference.com/players/l/lloydsc01.html,L
Riney Lochmann,https://www.basketball-reference.com/players/l/lochmri01.html,L
Bob Lochmueller,https://www.basketball-reference.com/players/l/lochmbo01.html,L
Rob Lock,https://www.basketball-reference.com/players/l/lockro01.html,L
Darrell Lockhart,https://www.basketball-reference.com/players/l/lockhda01.html,L
Ian Lockhart,https://www.basketball-reference.com/players/l/lockhia01.html,L
Kevin Loder,https://www.basketball-reference.com/players/l/loderke01.html,L
Don Lofgran,https://www.basketball-reference.com/players/l/lofgrdo01.html,L
Kenneth Lofton Jr.,https://www.basketball-reference.com/players/l/loftoke01.html,L
Zach Lofton,https://www.basketball-reference.com/players/l/loftoza01.html,L
Henry Logan,https://www.basketball-reference.com/players/l/loganhe01.html,L
John Logan,https://www.basketball-reference.com/players/l/loganjo01.html,L
Brad Lohaus,https://www.basketball-reference.com/players/l/lohaubr01.html,L
Art Long,https://www.basketball-reference.com/players/l/longar01.html,L
Grant Long,https://www.basketball-reference.com/players/l/longgr01.html,L
John Long,https://www.basketball-reference.com/players/l/longjo01.html,L
Paul Long,https://www.basketball-reference.com/players/l/longpa01.html,L
Shawn Long,https://www.basketball-reference.com/players/l/longsh01.html,L
Willie Long,https://www.basketball-reference.com/players/l/longwi01.html,L
Luc Longley,https://www.basketball-reference.com/players/l/longllu01.html,L
Kevon Looney,https://www.basketball-reference.com/players/l/looneke01.html,L
Brook Lopez,https://www.basketball-reference.com/players/l/lopezbr01.html,L
Felipe López,https://www.basketball-reference.com/players/l/lopezfe01.html,L
Raül López,https://www.basketball-reference.com/players/l/lopezra01.html,L
Robin Lopez,https://www.basketball-reference.com/players/l/lopezro01.html,L
Ryan Lorthridge,https://www.basketball-reference.com/players/l/lorthry01.html,L
Jim Loscutoff,https://www.basketball-reference.com/players/l/loscuji01.html,L
Plummer Lott,https://www.basketball-reference.com/players/l/lottpl01.html,L
Kevin Loughery,https://www.basketball-reference.com/players/l/loughke01.html,L
Didi Louzada,https://www.basketball-reference.com/players/l/louzama01.html,L
Bob Love,https://www.basketball-reference.com/players/l/lovebo01.html,L
Kevin Love,https://www.basketball-reference.com/players/l/loveke01.html,L
Stan Love,https://www.basketball-reference.com/players/l/lovest01.html,L
Clyde Lovellette,https://www.basketball-reference.com/players/l/lovelcl01.html,L
Sidney Lowe,https://www.basketball-reference.com/players/l/lowesi01.html,L
Charlie Lowery,https://www.basketball-reference.com/players/l/lowerch01.html,L
Kyle Lowry,https://www.basketball-reference.com/players/l/lowryky01.html,L
Jordan Loyd,https://www.basketball-reference.com/players/l/loydjo01.html,L
Al Lucas,https://www.basketball-reference.com/players/l/lucasal01.html,L
Jerry Lucas,https://www.basketball-reference.com/players/l/lucasje01.html,L
John Lucas,https://www.basketball-reference.com/players/l/lucasjo01.html,L
Kalin Lucas,https://www.basketball-reference.com/players/l/lucaska01.html,L
Maurice Lucas,https://www.basketball-reference.com/players/l/lucasma01.html,L
John Lucas III,https://www.basketball-reference.com/players/l/lucasjo02.html,L
Ted Luckenbill,https://www.basketball-reference.com/players/l/luckete01.html,L
Tyronn Lue,https://www.basketball-reference.com/players/l/luety01.html,L
Jim Luisi,https://www.basketball-reference.com/players/l/luisiji01.html,L
Al Lujack,https://www.basketball-reference.com/players/l/lujacal01.html,L
Phil Lumpkin,https://www.basketball-reference.com/players/l/lumpkph01.html,L
Ray Lumpp,https://www.basketball-reference.com/players/l/lumppra01.html,L
Gabriel Lundberg,https://www.basketball-reference.com/players/l/lundbga01.html,L
Seth Lundy,https://www.basketball-reference.com/players/l/lundyse01.html,L
Timothé Luwawu-Cabarrot,https://www.basketball-reference.com/players/l/luwawti01.html,L
Tyler Lydon,https://www.basketball-reference.com/players/l/lydonty01.html,L
Trey Lyles,https://www.basketball-reference.com/players/l/lylestr01.html,L
R.B. Lynam,https://www.basketball-reference.com/players/l/lynamrb01.html,L
George Lynch,https://www.basketball-reference.com/players/l/lynchge01.html,L
Kevin Lynch,https://www.basketball-reference.com/players/l/lynchke01.html,L
Lonnie Lynn,https://www.basketball-reference.com/players/l/lynnlo01.html,L
Mike Lynn,https://www.basketball-reference.com/players/l/lynnmi01.html,L
Sheldon Mac,https://www.basketball-reference.com/players/m/mcclesh01.html,M
Todd MacCulloch,https://www.basketball-reference.com/players/m/maccuto01.html,M
Ronnie MacGilvray,https://www.basketball-reference.com/players/m/macgiro01.html,M
Don MacLean,https://www.basketball-reference.com/players/m/macledo01.html,M
Mike Macaluso,https://www.basketball-reference.com/players/m/macalmi01.html,M
Ed Macauley,https://www.basketball-reference.com/players/m/macaued01.html,M
Scott Machado,https://www.basketball-reference.com/players/m/machasc01.html,M
Arvydas Macijauskas,https://www.basketball-reference.com/players/m/macijar01.html,M
Ollie Mack,https://www.basketball-reference.com/players/m/mackol01.html,M
Sam Mack,https://www.basketball-reference.com/players/m/macksa01.html,M
Shelvin Mack,https://www.basketball-reference.com/players/m/macksh01.html,M
Malcolm Mackey,https://www.basketball-reference.com/players/m/mackema01.html,M
Rudy Macklin,https://www.basketball-reference.com/players/m/macklru01.html,M
Vernon Macklin,https://www.basketball-reference.com/players/m/macklve01.html,M
Johnny Macknowski,https://www.basketball-reference.com/players/m/macknjo01.html,M
Daryl Macon,https://www.basketball-reference.com/players/m/maconda01.html,M
Mark Macon,https://www.basketball-reference.com/players/m/maconma01.html,M
J.P. Macura,https://www.basketball-reference.com/players/m/macurjp01.html,M
Kyle Macy,https://www.basketball-reference.com/players/m/macyky01.html,M
Jack Maddox,https://www.basketball-reference.com/players/m/maddoja01.html,M
Tito Maddox,https://www.basketball-reference.com/players/m/maddoti01.html,M
Gerald Madkins,https://www.basketball-reference.com/players/m/madkige01.html,M
Mark Madsen,https://www.basketball-reference.com/players/m/madsema01.html,M
Norm Mager,https://www.basketball-reference.com/players/m/magerno01.html,M
Josh Magette,https://www.basketball-reference.com/players/m/magetjo01.html,M
Corey Maggette,https://www.basketball-reference.com/players/m/maggeco01.html,M
Dave Magley,https://www.basketball-reference.com/players/m/magleda01.html,M
Jamaal Magloire,https://www.basketball-reference.com/players/m/magloja01.html,M
Will Magnay,https://www.basketball-reference.com/players/m/magnawi01.html,M
Randy Mahaffey,https://www.basketball-reference.com/players/m/mahafra01.html,M
Ian Mahinmi,https://www.basketball-reference.com/players/m/mahinia01.html,M
John Mahnken,https://www.basketball-reference.com/players/m/mahnkjo01.html,M
Brian Mahoney,https://www.basketball-reference.com/players/m/mahonbr01.html,M
Mo Mahoney,https://www.basketball-reference.com/players/m/mahonmo01.html,M
Rick Mahorn,https://www.basketball-reference.com/players/m/mahorri01.html,M
Dan Majerle,https://www.basketball-reference.com/players/m/majerda01.html,M
Renaldo Major,https://www.basketball-reference.com/players/m/majorre01.html,M
Thon Maker,https://www.basketball-reference.com/players/m/makerth01.html,M
Lionel Malamed,https://www.basketball-reference.com/players/m/malamli01.html,M
Théo Maledon,https://www.basketball-reference.com/players/m/maledth01.html,M
Jeff Malone,https://www.basketball-reference.com/players/m/malonje01.html,M
Karl Malone,https://www.basketball-reference.com/players/m/malonka01.html,M
Moses Malone,https://www.basketball-reference.com/players/m/malonmo01.html,M
Matt Maloney,https://www.basketball-reference.com/players/m/malonma01.html,M
Steve Malovic,https://www.basketball-reference.com/players/m/malovst01.html,M
Mike Maloy,https://www.basketball-reference.com/players/m/maloymi01.html,M
Sandro Mamukelashvili,https://www.basketball-reference.com/players/m/mamuksa01.html,M
Ted Manakas,https://www.basketball-reference.com/players/m/manakte01.html,M
John Mandic,https://www.basketball-reference.com/players/m/mandijo01.html,M
Karim Mané,https://www.basketball-reference.com/players/m/maneka01.html,M
Frank Mangiapane,https://www.basketball-reference.com/players/m/mangifr01.html,M
Terance Mann,https://www.basketball-reference.com/players/m/mannte01.html,M
Tre Mann,https://www.basketball-reference.com/players/m/manntr01.html,M
Danny Manning,https://www.basketball-reference.com/players/m/mannida01.html,M
Ed Manning,https://www.basketball-reference.com/players/m/mannied01.html,M
Guy Manning,https://www.basketball-reference.com/players/m/mannigu01.html,M
Rich Manning,https://www.basketball-reference.com/players/m/manniri01.html,M
Nico Mannion,https://www.basketball-reference.com/players/m/mannini01.html,M
Pace Mannion,https://www.basketball-reference.com/players/m/mannipa01.html,M
Nick Mantis,https://www.basketball-reference.com/players/m/mantini01.html,M
Pete Maravich,https://www.basketball-reference.com/players/m/maravpe01.html,M
Press Maravich,https://www.basketball-reference.com/players/m/maravpr01.html,M
Devyn Marble,https://www.basketball-reference.com/players/m/marblde01.html,M
Roy Marble,https://www.basketball-reference.com/players/m/marblro01.html,M
Stephon Marbury,https://www.basketball-reference.com/players/m/marbust01.html,M
Šarūnas Marčiulionis,https://www.basketball-reference.com/players/m/marcisa01.html,M
Saul Mariaschin,https://www.basketball-reference.com/players/m/mariasa01.html,M
Jack Marin,https://www.basketball-reference.com/players/m/marinja01.html,M
Shawn Marion,https://www.basketball-reference.com/players/m/mariosh01.html,M
Boban Marjanović,https://www.basketball-reference.com/players/m/marjabo01.html,M
Lauri Markkanen,https://www.basketball-reference.com/players/m/markkla01.html,M
Damir Markota,https://www.basketball-reference.com/players/m/markoda01.html,M
Sean Marks,https://www.basketball-reference.com/players/m/marksse01.html,M
Harvey Marlatt,https://www.basketball-reference.com/players/m/marlaha01.html,M
Jim Marsh,https://www.basketball-reference.com/players/m/marshji01.html,M
Ricky Marsh,https://www.basketball-reference.com/players/m/marshri01.html,M
Donny Marshall,https://www.basketball-reference.com/players/m/marshdo02.html,M
Donyell Marshall,https://www.basketball-reference.com/players/m/marshdo01.html,M
Kendall Marshall,https://www.basketball-reference.com/players/m/marshke01.html,M
Naji Marshall,https://www.basketball-reference.com/players/m/marshna01.html,M
Rawle Marshall,https://www.basketball-reference.com/players/m/marshra01.html,M
Tom Marshall,https://www.basketball-reference.com/players/m/marshto01.html,M
Vester Marshall,https://www.basketball-reference.com/players/m/marshve01.html,M
Bill Martin,https://www.basketball-reference.com/players/m/martibi01.html,M
Bob Martin,https://www.basketball-reference.com/players/m/martibo01.html,M
Brian Martin,https://www.basketball-reference.com/players/m/martibr01.html,M
Caleb Martin,https://www.basketball-reference.com/players/m/martica02.html,M
Cartier Martin,https://www.basketball-reference.com/players/m/martica01.html,M
Cody Martin,https://www.basketball-reference.com/players/m/martico01.html,M
Cuonzo Martin,https://www.basketball-reference.com/players/m/marticu01.html,M
Darrick Martin,https://www.basketball-reference.com/players/m/martida01.html,M
Dino Martin,https://www.basketball-reference.com/players/m/martidi01.html,M
Don Martin,https://www.basketball-reference.com/players/m/martido01.html,M
Fernando Martín,https://www.basketball-reference.com/players/m/martife01.html,M
Jarell Martin,https://www.basketball-reference.com/players/m/martija01.html,M
Jaylen Martin,https://www.basketball-reference.com/players/m/martija02.html,M
Jeff Martin,https://www.basketball-reference.com/players/m/martije01.html,M
Jeremiah Martin,https://www.basketball-reference.com/players/m/martije02.html,M
Kelan Martin,https://www.basketball-reference.com/players/m/martike03.html,M
Kenyon Martin,https://www.basketball-reference.com/players/m/martike01.html,M
Kevin Martin,https://www.basketball-reference.com/players/m/martike02.html,M
KJ Martin,https://www.basketball-reference.com/players/m/martike04.html,M
LaRue Martin,https://www.basketball-reference.com/players/m/martila01.html,M
Maurice Martin,https://www.basketball-reference.com/players/m/martima01.html,M
Phil Martin,https://www.basketball-reference.com/players/m/martiph01.html,M
Slater Martin,https://www.basketball-reference.com/players/m/martisl01.html,M
Tyrese Martin,https://www.basketball-reference.com/players/m/martity01.html,M
Whitey Martin,https://www.basketball-reference.com/players/m/martiwh01.html,M
Jamal Mashburn,https://www.basketball-reference.com/players/m/mashbja01.html,M
Al Masino,https://www.basketball-reference.com/players/m/masinal01.html,M
Anthony Mason,https://www.basketball-reference.com/players/m/masonan01.html,M
Desmond Mason,https://www.basketball-reference.com/players/m/masonde01.html,M
Frank Mason III,https://www.basketball-reference.com/players/m/masonfr01.html,M
Roger Mason,https://www.basketball-reference.com/players/m/masonro01.html,M
Tony Massenburg,https://www.basketball-reference.com/players/m/masseto01.html,M
Eddie Mast,https://www.basketball-reference.com/players/m/masted01.html,M
Yante Maten,https://www.basketball-reference.com/players/m/matenya01.html,M
Garrison Mathews,https://www.basketball-reference.com/players/m/mathega01.html,M
Mangok Mathiang,https://www.basketball-reference.com/players/m/mathima01.html,M
Dakota Mathias,https://www.basketball-reference.com/players/m/mathida01.html,M
Johnny Mathis,https://www.basketball-reference.com/players/m/mathijo01.html,M
Bennedict Mathurin,https://www.basketball-reference.com/players/m/mathube01.html,M
Karlo Matković,https://www.basketball-reference.com/players/m/matkoka01.html,M
Wes Matthews,https://www.basketball-reference.com/players/m/matthwe01.html,M
Wesley Matthews,https://www.basketball-reference.com/players/m/matthwe02.html,M
Ariel Maughan,https://www.basketball-reference.com/players/m/maughar01.html,M
Marlon Maxey,https://www.basketball-reference.com/players/m/maxeyma01.html,M
Tyrese Maxey,https://www.basketball-reference.com/players/m/maxeyty01.html,M
Jason Maxiell,https://www.basketball-reference.com/players/m/maxieja01.html,M
Cedric Maxwell,https://www.basketball-reference.com/players/m/maxwece01.html,M
Vernon Maxwell,https://www.basketball-reference.com/players/m/maxweve01.html,M
Don May,https://www.basketball-reference.com/players/m/maydo01.html,M
Scott May,https://www.basketball-reference.com/players/m/maysc01.html,M
Sean May,https://www.basketball-reference.com/players/m/mayse01.html,M
Lee Mayberry,https://www.basketball-reference.com/players/m/maybele01.html,M
Clyde Mayes,https://www.basketball-reference.com/players/m/mayescl01.html,M
Tharon Mayes,https://www.basketball-reference.com/players/m/mayesth01.html,M
Bill Mayfield,https://www.basketball-reference.com/players/m/mayfibi01.html,M
Ken Mayfield,https://www.basketball-reference.com/players/m/mayfike01.html,M
Eric Maynor,https://www.basketball-reference.com/players/m/maynoer01.html,M
O.J. Mayo,https://www.basketball-reference.com/players/m/mayooj01.html,M
Skylar Mays,https://www.basketball-reference.com/players/m/mayssk01.html,M
Travis Mays,https://www.basketball-reference.com/players/m/maystr01.html,M
Matt Mazza,https://www.basketball-reference.com/players/m/mazzama01.html,M
Luc Mbah a Moute,https://www.basketball-reference.com/players/m/mbahalu01.html,M
Bob McAdoo,https://www.basketball-reference.com/players/m/mcadobo01.html,M
James Michael McAdoo,https://www.basketball-reference.com/players/m/mcadoja01.html,M
Ken McBride,https://www.basketball-reference.com/players/m/mcbrike01.html,M
Miles McBride,https://www.basketball-reference.com/players/m/mcbrimi01.html,M
Jared McCain,https://www.basketball-reference.com/players/m/mccaija01.html,M
Tahjere McCall,https://www.basketball-reference.com/players/m/mccalta01.html,M
Ray McCallum,https://www.basketball-reference.com/players/m/mccalra01.html,M
Bob McCann,https://www.basketball-reference.com/players/m/mccanbo01.html,M
Brendan McCann,https://www.basketball-reference.com/players/m/mccanbr01.html,M
Mel McCants,https://www.basketball-reference.com/players/m/mccanme01.html,M
Rashad McCants,https://www.basketball-reference.com/players/m/mccanra01.html,M
Mike McCarron,https://www.basketball-reference.com/players/m/mccarmi01.html,M
Andre McCarter,https://www.basketball-reference.com/players/m/mccaran01.html,M
Willie McCarter,https://www.basketball-reference.com/players/m/mccarwi01.html,M
Johnny McCarthy,https://www.basketball-reference.com/players/m/mccarjo01.html,M
Howie McCarty,https://www.basketball-reference.com/players/m/mccarho01.html,M
Kelly McCarty,https://www.basketball-reference.com/players/m/mccarke01.html,M
Walter McCarty,https://www.basketball-reference.com/players/m/mccarwa01.html,M
Amal McCaskill,https://www.basketball-reference.com/players/m/mccasam01.html,M
Patrick McCaw,https://www.basketball-reference.com/players/m/mccawpa01.html,M
Dwayne McClain,https://www.basketball-reference.com/players/m/mccladw01.html,M
Ted McClain,https://www.basketball-reference.com/players/m/mcclate01.html,M
Dan McClintock,https://www.basketball-reference.com/players/m/mcclida01.html,M
Jack McCloskey,https://www.basketball-reference.com/players/m/mccloja01.html,M
George McCloud,https://www.basketball-reference.com/players/m/mccloge01.html,M
Mac McClung,https://www.basketball-reference.com/players/m/mccluma01.html,M
CJ McCollum,https://www.basketball-reference.com/players/m/mccolcj01.html,M
John McConathy,https://www.basketball-reference.com/players/m/mcconjo01.html,M
Bucky McConnell,https://www.basketball-reference.com/players/m/mcconbu01.html,M
T.J. McConnell,https://www.basketball-reference.com/players/m/mccontj01.html,M
Keith McCord,https://www.basketball-reference.com/players/m/mccorke01.html,M
Tim McCormick,https://www.basketball-reference.com/players/m/mccorti01.html,M
Jelani McCoy,https://www.basketball-reference.com/players/m/mccoyje01.html,M
Paul McCracken,https://www.basketball-reference.com/players/m/mccrapa01.html,M
Chris McCray,https://www.basketball-reference.com/players/m/mccrach01.html,M
Rodney McCray,https://www.basketball-reference.com/players/m/mccraro01.html,M
Scooter McCray,https://www.basketball-reference.com/players/m/mccrasc01.html,M
Erik McCree,https://www.basketball-reference.com/players/m/mccreer01.html,M
Kevin McCullar Jr.,https://www.basketball-reference.com/players/m/mcculke01.html,M
Chris McCullough,https://www.basketball-reference.com/players/m/mcculch01.html,M
John McCullough,https://www.basketball-reference.com/players/m/mcculjo01.html,M
Clint McDaniel,https://www.basketball-reference.com/players/m/mcdancl01.html,M
Xavier McDaniel,https://www.basketball-reference.com/players/m/mcdanxa01.html,M
Jaden McDaniels,https://www.basketball-reference.com/players/m/mcdanja02.html,M
Jalen McDaniels,https://www.basketball-reference.com/players/m/mcdanja01.html,M
Jim McDaniels,https://www.basketball-reference.com/players/m/mcdanji01.html,M
K.J. McDaniels,https://www.basketball-reference.com/players/m/mcdankj01.html,M
Doug McDermott,https://www.basketball-reference.com/players/m/mcderdo01.html,M
Sean McDermott,https://www.basketball-reference.com/players/m/mcderse01.html,M
Ben McDonald,https://www.basketball-reference.com/players/m/mcdonbe01.html,M
Glenn McDonald,https://www.basketball-reference.com/players/m/mcdongl01.html,M
Michael McDonald,https://www.basketball-reference.com/players/m/mcdonmi01.html,M
Rod McDonald,https://www.basketball-reference.com/players/m/mcdonro01.html,M
Hank McDowell,https://www.basketball-reference.com/players/m/mcdowha01.html,M
Antonio McDyess,https://www.basketball-reference.com/players/m/mcdyean01.html,M
Jim McElroy,https://www.basketball-reference.com/players/m/mcelrji01.html,M
Pat McFarland,https://www.basketball-reference.com/players/m/mcfarpa01.html,M
Ivan McFarlin,https://www.basketball-reference.com/players/m/mcfariv01.html,M
Mel McGaha,https://www.basketball-reference.com/players/m/mcgahme01.html,M
Mitch McGary,https://www.basketball-reference.com/players/m/mcgarmi01.html,M
JaVale McGee,https://www.basketball-reference.com/players/m/mcgeeja01.html,M
Mike McGee,https://www.basketball-reference.com/players/m/mcgeemi01.html,M
Billy McGill,https://www.basketball-reference.com/players/m/mcgilbi01.html,M
George McGinnis,https://www.basketball-reference.com/players/m/mcginge01.html,M
Jon McGlocklin,https://www.basketball-reference.com/players/m/mcglojo01.html,M
Bryce McGowens,https://www.basketball-reference.com/players/m/mcgowbr01.html,M
Tracy McGrady,https://www.basketball-reference.com/players/m/mcgratr01.html,M
Gil McGregor,https://www.basketball-reference.com/players/m/mcgregi01.html,M
Cameron McGriff,https://www.basketball-reference.com/players/m/mcgrica01.html,M
Elton McGriff,https://www.basketball-reference.com/players/m/mcgriel01.html,M
Rodney McGruder,https://www.basketball-reference.com/players/m/mcgruro01.html,M
Al McGuire,https://www.basketball-reference.com/players/m/mcguial01.html,M
Allie McGuire,https://www.basketball-reference.com/players/m/mcguial02.html,M
Dick McGuire,https://www.basketball-reference.com/players/m/mcguidi01.html,M
Dominic McGuire,https://www.basketball-reference.com/players/m/mcguido01.html,M
Kevin McHale,https://www.basketball-reference.com/players/m/mchalke01.html,M
Maurice McHartley,https://www.basketball-reference.com/players/m/mcharma01.html,M
Jim McIlvaine,https://www.basketball-reference.com/players/m/mcilvji01.html,M
Jeff McInnis,https://www.basketball-reference.com/players/m/mcinnje01.html,M
Kenny McIntosh,https://www.basketball-reference.com/players/m/mcintke01.html,M
Bob McIntyre,https://www.basketball-reference.com/players/m/mcintbo01.html,M
Jerry McKee,https://www.basketball-reference.com/players/m/mckeeje01.html,M
Kevin McKenna,https://www.basketball-reference.com/players/m/mckenke01.html,M
Forrest McKenzie,https://www.basketball-reference.com/players/m/mckenfo01.html,M
Stan McKenzie,https://www.basketball-reference.com/players/m/mckenst01.html,M
Derrick McKey,https://www.basketball-reference.com/players/m/mckeyde01.html,M
Aaron McKie,https://www.basketball-reference.com/players/m/mckieaa01.html,M
Billy McKinney,https://www.basketball-reference.com/players/m/mckinbi01.html,M
Bones McKinney,https://www.basketball-reference.com/players/m/mckinbo01.html,M
Carlton McKinney,https://www.basketball-reference.com/players/m/mckinca01.html,M
Trey McKinney-Jones,https://www.basketball-reference.com/players/m/mckintr01.html,M
Alfonzo McKinnie,https://www.basketball-reference.com/players/m/mckinal01.html,M
JaQuori McLaughlin,https://www.basketball-reference.com/players/m/mclauja01.html,M
Jordan McLaughlin,https://www.basketball-reference.com/players/m/mclaujo01.html,M
Ben McLemore,https://www.basketball-reference.com/players/m/mclembe01.html,M
McCoy McLemore,https://www.basketball-reference.com/players/m/mclemmc01.html,M
George McLeod,https://www.basketball-reference.com/players/m/mcleoge01.html,M
Keith McLeod,https://www.basketball-reference.com/players/m/mcleoke01.html,M
Roshown McLeod,https://www.basketball-reference.com/players/m/mcleoro01.html,M
Jack McMahon,https://www.basketball-reference.com/players/m/mcmahja01.html,M
Nate McMillan,https://www.basketball-reference.com/players/m/mcmilna01.html,M
Tom McMillen,https://www.basketball-reference.com/players/m/mcmilto01.html,M
Jim McMillian,https://www.basketball-reference.com/players/m/mcmilji01.html,M
Shellie McMillon,https://www.basketball-reference.com/players/m/mcmilsh01.html,M
Mal McMullen,https://www.basketball-reference.com/players/m/mcmulma01.html,M
Chet McNabb,https://www.basketball-reference.com/players/m/mcnabch01.html,M
Mark McNamara,https://www.basketball-reference.com/players/m/mcnamma01.html,M
Joe McNamee,https://www.basketball-reference.com/players/m/mcnamjo01.html,M
Jerel McNeal,https://www.basketball-reference.com/players/m/mcneaje01.html,M
Chris McNealy,https://www.basketball-reference.com/players/m/mcneach01.html,M
Bob McNeill,https://www.basketball-reference.com/players/m/mcneibo01.html,M
Larry McNeill,https://www.basketball-reference.com/players/m/mcneila01.html,M
Carl McNulty,https://www.basketball-reference.com/players/m/mcnulca01.html,M
Paul McPherson,https://www.basketball-reference.com/players/m/mcphepa01.html,M
Roy McPipe,https://www.basketball-reference.com/players/m/mcpipro01.html,M
Cozell McQueen,https://www.basketball-reference.com/players/m/mcqueco01.html,M
Jordan McRae,https://www.basketball-reference.com/players/m/mcraejo01.html,M
Thales McReynolds,https://www.basketball-reference.com/players/m/mcreyth01.html,M
Josh McRoberts,https://www.basketball-reference.com/players/m/mcrobjo01.html,M
Jack McVeigh,https://www.basketball-reference.com/players/m/mcveija01.html,M
Eric McWilliams,https://www.basketball-reference.com/players/m/mcwiler01.html,M
George Mearns,https://www.basketball-reference.com/players/m/mearnge01.html,M
Stanislav Medvedenko,https://www.basketball-reference.com/players/m/medvest01.html,M
Darnell Mee,https://www.basketball-reference.com/players/m/meeda01.html,M
Jodie Meeks,https://www.basketball-reference.com/players/m/meeksjo01.html,M
Cliff Meely,https://www.basketball-reference.com/players/m/meelycl01.html,M
Scott Meents,https://www.basketball-reference.com/players/m/meentsc01.html,M
Dick Mehen,https://www.basketball-reference.com/players/m/mehendi01.html,M
Monk Meineke,https://www.basketball-reference.com/players/m/meinemo01.html,M
Carl Meinhold,https://www.basketball-reference.com/players/m/meinhca01.html,M
Salah Mejri,https://www.basketball-reference.com/players/m/mejrisa01.html,M
Gal Mekel,https://www.basketball-reference.com/players/m/mekelga01.html,M
Bill Melchionni,https://www.basketball-reference.com/players/m/melchbi01.html,M
Gary Melchionni,https://www.basketball-reference.com/players/m/melchga01.html,M
Nicolò Melli,https://www.basketball-reference.com/players/m/mellini01.html,M
Fab Melo,https://www.basketball-reference.com/players/m/melofa01.html,M
De'Anthony Melton,https://www.basketball-reference.com/players/m/meltode01.html,M
Ed Melvin,https://www.basketball-reference.com/players/m/melvied01.html,M
Dean Meminger,https://www.basketball-reference.com/players/m/meminde01.html,M
Chuck Mencel,https://www.basketball-reference.com/players/m/mencech01.html,M
John Mengelt,https://www.basketball-reference.com/players/m/mengejo01.html,M
Ken Menke,https://www.basketball-reference.com/players/m/menkeke01.html,M
Nathan Mensah,https://www.basketball-reference.com/players/m/mensana01.html,M
Pops Mensah-Bonsu,https://www.basketball-reference.com/players/m/mensapo01.html,M
Dewitt Menyard,https://www.basketball-reference.com/players/m/menyade01.html,M
Ron Mercer,https://www.basketball-reference.com/players/m/mercero01.html,M
Joe Meriweather,https://www.basketball-reference.com/players/m/meriwjo01.html,M
Porter Meriwether,https://www.basketball-reference.com/players/m/meriwpo01.html,M
Sam Merrill,https://www.basketball-reference.com/players/m/merrisa01.html,M
Tom Meschery,https://www.basketball-reference.com/players/m/meschto01.html,M
Chimezie Metu,https://www.basketball-reference.com/players/m/metuch01.html,M
Bill Meyer,https://www.basketball-reference.com/players/m/meyerbi01.html,M
Loren Meyer,https://www.basketball-reference.com/players/m/meyerlo01.html,M
Dave Meyers,https://www.basketball-reference.com/players/m/meyerda01.html,M
Stan Miasek,https://www.basketball-reference.com/players/m/miasest01.html,M
Larry Micheaux,https://www.basketball-reference.com/players/m/michela01.html,M
Vasilije Micić,https://www.basketball-reference.com/players/m/micicva01.html,M
Jordan Mickey,https://www.basketball-reference.com/players/m/mickejo01.html,M
Khris Middleton,https://www.basketball-reference.com/players/m/middlkh01.html,M
Red Mihalik,https://www.basketball-reference.com/players/m/mihalre01.html,M
Chris Mihm,https://www.basketball-reference.com/players/m/mihmch01.html,M
Eric Mika,https://www.basketball-reference.com/players/m/mikaer01.html,M
Ed Mikan,https://www.basketball-reference.com/players/m/mikaned01.html,M
George Mikan,https://www.basketball-reference.com/players/m/mikange01.html,M
Larry Mikan,https://www.basketball-reference.com/players/m/mikanla01.html,M
Vern Mikkelsen,https://www.basketball-reference.com/players/m/mikkeve01.html,M
Al Miksis,https://www.basketball-reference.com/players/m/miksial01.html,M
Aaron Miles,https://www.basketball-reference.com/players/m/milesaa01.html,M
C.J. Miles,https://www.basketball-reference.com/players/m/milescj01.html,M
Darius Miles,https://www.basketball-reference.com/players/m/milesda01.html,M
Eddie Miles,https://www.basketball-reference.com/players/m/milesed01.html,M
Marko Milič,https://www.basketball-reference.com/players/m/milicma01.html,M
Darko Miličić,https://www.basketball-reference.com/players/m/milicda01.html,M
Nat Militzok,https://www.basketball-reference.com/players/m/militna01.html,M
Andre Miller,https://www.basketball-reference.com/players/m/millean02.html,M
Anthony Miller,https://www.basketball-reference.com/players/m/millean01.html,M
Bill Miller,https://www.basketball-reference.com/players/m/millebi01.html,M
Bob Miller,https://www.basketball-reference.com/players/m/millebo01.html,M
Brad Miller,https://www.basketball-reference.com/players/m/millebr01.html,M
Brandon Miller,https://www.basketball-reference.com/players/m/millebr02.html,M
Darius Miller,https://www.basketball-reference.com/players/m/milleda01.html,M
Dick Miller,https://www.basketball-reference.com/players/m/milledi01.html,M
Eddie Miller,https://www.basketball-reference.com/players/m/milleed01.html,M
Emanuel Miller,https://www.basketball-reference.com/players/m/milleem01.html,M
Harry Miller,https://www.basketball-reference.com/players/m/milleha01.html,M
Jay Miller,https://www.basketball-reference.com/players/m/milleja01.html,M
Jordan Miller,https://www.basketball-reference.com/players/m/millejo02.html,M
Larry Miller,https://www.basketball-reference.com/players/m/millela01.html,M
Leonard Miller,https://www.basketball-reference.com/players/m/millele01.html,M
Malcolm Miller,https://www.basketball-reference.com/players/m/millema01.html,M
Mike Miller,https://www.basketball-reference.com/players/m/millemi01.html,M
Oliver Miller,https://www.basketball-reference.com/players/m/milleol01.html,M
Quincy Miller,https://www.basketball-reference.com/players/m/millequ01.html,M
Reggie Miller,https://www.basketball-reference.com/players/m/millere01.html,M
Walt Miller,https://www.basketball-reference.com/players/m/millewa01.html,M
Dariq Whitehead,https://www.basketball-reference.com/players/w/whiteda01.html,M
Chris Mills,https://www.basketball-reference.com/players/m/millsch01.html,M
John Mills,https://www.basketball-reference.com/players/m/millsjo01.html,M
Patty Mills,https://www.basketball-reference.com/players/m/millspa02.html,M
Terry Mills,https://www.basketball-reference.com/players/m/millste01.html,M
Elijah Millsap,https://www.basketball-reference.com/players/m/millsel01.html,M
Paul Millsap,https://www.basketball-reference.com/players/m/millspa01.html,M
Shake Milton,https://www.basketball-reference.com/players/m/miltosh01.html,M
Justin Minaya,https://www.basketball-reference.com/players/m/minayju01.html,M
Harold Miner,https://www.basketball-reference.com/players/m/minerha01.html,M
Yao Ming,https://www.basketball-reference.com/players/m/mingya01.html,M
Riley Minix,https://www.basketball-reference.com/players/m/minixri01.html,M
Dirk Minniefield,https://www.basketball-reference.com/players/m/minnidi01.html,M
Dave Minor,https://www.basketball-reference.com/players/m/minorda01.html,M
Greg Minor,https://www.basketball-reference.com/players/m/minorgr01.html,M
Mark Minor,https://www.basketball-reference.com/players/m/minorma01.html,M
Josh Minott,https://www.basketball-reference.com/players/m/minotjo01.html,M
Nikola Mirotić,https://www.basketball-reference.com/players/m/mirotni01.html,M
Wat Misaka,https://www.basketball-reference.com/players/m/misakwa01.html,M
Jason Miskiri,https://www.basketball-reference.com/players/m/miskija01.html,M
Yves Missi,https://www.basketball-reference.com/players/m/missiyv01.html,M
Ajay Mitchell,https://www.basketball-reference.com/players/m/mitchaj01.html,M
Davion Mitchell,https://www.basketball-reference.com/players/m/mitchda01.html,M
Donovan Mitchell,https://www.basketball-reference.com/players/m/mitchdo01.html,M
Leland Mitchell,https://www.basketball-reference.com/players/m/mitchle01.html,M
Mike Mitchell,https://www.basketball-reference.com/players/m/mitchmi01.html,M
Murray Mitchell,https://www.basketball-reference.com/players/m/mitchmu01.html,M
Sam Mitchell,https://www.basketball-reference.com/players/m/mitchsa01.html,M
Todd Mitchell,https://www.basketball-reference.com/players/m/mitchto01.html,M
Tony Mitchell,https://www.basketball-reference.com/players/m/mitchto03.html,M
Tony Mitchell,https://www.basketball-reference.com/players/m/mitchto02.html,M
Naz Mitrou-Long,https://www.basketball-reference.com/players/m/mitrona01.html,M
Steve Mix,https://www.basketball-reference.com/players/m/mixst01.html,M
Bill Mlkvy,https://www.basketball-reference.com/players/m/mlkvybi01.html,M
Cuttino Mobley,https://www.basketball-reference.com/players/m/moblecu01.html,M
Eric Mobley,https://www.basketball-reference.com/players/m/mobleer01.html,M
Evan Mobley,https://www.basketball-reference.com/players/m/mobleev01.html,M
Isaiah Mobley,https://www.basketball-reference.com/players/m/mobleis01.html,M
Doug Moe,https://www.basketball-reference.com/players/m/moedo01.html,M
Larry Moffett,https://www.basketball-reference.com/players/m/moffela01.html,M
Jonathan Mogbo,https://www.basketball-reference.com/players/m/mogbojo01.html,M
Leo Mogus,https://www.basketball-reference.com/players/m/mogusle01.html,M
Nazr Mohammed,https://www.basketball-reference.com/players/m/mohamna01.html,M
Jérôme Moïso,https://www.basketball-reference.com/players/m/moisoje01.html,M
Paul Mokeski,https://www.basketball-reference.com/players/m/mokespa01.html,M
Adam Mokoka,https://www.basketball-reference.com/players/m/mokokad01.html,M
Jack Molinas,https://www.basketball-reference.com/players/m/molinja01.html,M
Wayne Molis,https://www.basketball-reference.com/players/m/moliswa01.html,M
Sidney Moncrief,https://www.basketball-reference.com/players/m/moncrsi01.html,M
Chima Moneke,https://www.basketball-reference.com/players/m/monekch01.html,M
Eric Money,https://www.basketball-reference.com/players/m/moneyer01.html,M
Sergei Monia,https://www.basketball-reference.com/players/m/moniase01.html,M
Malik Monk,https://www.basketball-reference.com/players/m/monkma01.html,M
Earl Monroe,https://www.basketball-reference.com/players/m/monroea01.html,M
Greg Monroe,https://www.basketball-reference.com/players/m/monrogr01.html,M
Rodney Monroe,https://www.basketball-reference.com/players/m/monroro01.html,M
Luis Montero,https://www.basketball-reference.com/players/m/montelu01.html,M
Howie Montgomery,https://www.basketball-reference.com/players/m/montgho01.html,M
Eric Montross,https://www.basketball-reference.com/players/m/montrer01.html,M
Moses Moody,https://www.basketball-reference.com/players/m/moodymo01.html,M
Jamario Moon,https://www.basketball-reference.com/players/m/moonja01.html,M
Xavier Moon,https://www.basketball-reference.com/players/m/moonxa01.html,M
Jim Mooney,https://www.basketball-reference.com/players/m/mooneji01.html,M
Matt Mooney,https://www.basketball-reference.com/players/m/moonema01.html,M
Andre Moore,https://www.basketball-reference.com/players/m/moorean01.html,M
Ben Moore,https://www.basketball-reference.com/players/m/moorebe01.html,M
E'Twaun Moore,https://www.basketball-reference.com/players/m/mooreet01.html,M
Gene Moore,https://www.basketball-reference.com/players/m/moorege01.html,M
Jackie Moore,https://www.basketball-reference.com/players/m/mooreja01.html,M
Johnny Moore,https://www.basketball-reference.com/players/m/moorejo01.html,M
Larry Moore,https://www.basketball-reference.com/players/m/moorela01.html,M
Lowes Moore,https://www.basketball-reference.com/players/m/moorelo01.html,M
Mikki Moore,https://www.basketball-reference.com/players/m/mooremi01.html,M
Otto Moore,https://www.basketball-reference.com/players/m/mooreot01.html,M
Richie Moore,https://www.basketball-reference.com/players/m/mooreri01.html,M
Ron Moore,https://www.basketball-reference.com/players/m/moorero01.html,M
Taze Moore,https://www.basketball-reference.com/players/m/mooreta02.html,M
Tracy Moore,https://www.basketball-reference.com/players/m/mooretr01.html,M
Wendell Moore Jr.,https://www.basketball-reference.com/players/m/moorewe01.html,M
Ja Morant,https://www.basketball-reference.com/players/m/moranja01.html,M
Eric Moreland,https://www.basketball-reference.com/players/m/moreler01.html,M
Jackie Moreland,https://www.basketball-reference.com/players/m/morelja01.html,M
Guy Morgan,https://www.basketball-reference.com/players/m/morgagu01.html,M
Juwan Morgan,https://www.basketball-reference.com/players/m/morgaju01.html,M
Rex Morgan,https://www.basketball-reference.com/players/m/morgare01.html,M
Elmore Morgenthaler,https://www.basketball-reference.com/players/m/morgeel01.html,M
Darren Morningstar,https://www.basketball-reference.com/players/m/mornida01.html,M
Chris Morris,https://www.basketball-reference.com/players/m/morrich01.html,M
Darius Morris,https://www.basketball-reference.com/players/m/morrida01.html,M
Isaiah Morris,https://www.basketball-reference.com/players/m/morriis01.html,M
Jaylen Morris,https://www.basketball-reference.com/players/m/morrija01.html,M
Marcus Morris,https://www.basketball-reference.com/players/m/morrima03.html,M
Markieff Morris,https://www.basketball-reference.com/players/m/morrima02.html,M
Max Morris,https://www.basketball-reference.com/players/m/morrima01.html,M
Monte Morris,https://www.basketball-reference.com/players/m/morrimo01.html,M
Randolph Morris,https://www.basketball-reference.com/players/m/morrira01.html,M
Terence Morris,https://www.basketball-reference.com/players/m/morrite01.html,M
Adam Morrison,https://www.basketball-reference.com/players/m/morriad01.html,M
John Morrison,https://www.basketball-reference.com/players/m/morrijo01.html,M
Mike Morrison,https://www.basketball-reference.com/players/m/morrimi01.html,M
Red Morrison,https://www.basketball-reference.com/players/m/morrire01.html,M
Anthony Morrow,https://www.basketball-reference.com/players/m/morroan01.html,M
Dwayne Morton,https://www.basketball-reference.com/players/m/mortodw01.html,M
John Morton,https://www.basketball-reference.com/players/m/mortojo01.html,M
Richard Morton,https://www.basketball-reference.com/players/m/mortori01.html,M
Glenn Mosley,https://www.basketball-reference.com/players/m/moslegl01.html,M
Perry Moss,https://www.basketball-reference.com/players/m/mosspe01.html,M
Lawrence Moten,https://www.basketball-reference.com/players/m/motenla01.html,M
Donatas Motiejūnas,https://www.basketball-reference.com/players/m/motiedo01.html,M
Johnathan Motley,https://www.basketball-reference.com/players/m/motlejo01.html,M
Hanno Möttölä,https://www.basketball-reference.com/players/m/mottoha01.html,M
Arnett Moultrie,https://www.basketball-reference.com/players/m/moultar01.html,M
Rick Mount,https://www.basketball-reference.com/players/m/mountri01.html,M
Alonzo Mourning,https://www.basketball-reference.com/players/m/mournal01.html,M
Timofey Mozgov,https://www.basketball-reference.com/players/m/mozgoti01.html,M
Chuck Mrazovich,https://www.basketball-reference.com/players/m/mrazoch01.html,M
Emmanuel Mudiay,https://www.basketball-reference.com/players/m/mudiaem01.html,M
Erwin Mueller,https://www.basketball-reference.com/players/m/mueller01.html,M
Shabazz Muhammad,https://www.basketball-reference.com/players/m/muhamsh01.html,M
Mychal Mulder,https://www.basketball-reference.com/players/m/muldemy01.html,M
Joe Mullaney,https://www.basketball-reference.com/players/m/mullajo01.html,M
Bob Mullens,https://www.basketball-reference.com/players/m/mullebo01.html,M
Byron Mullens,https://www.basketball-reference.com/players/m/mulleby01.html,M
Chris Mullin,https://www.basketball-reference.com/players/m/mullich01.html,M
Jeff Mullins,https://www.basketball-reference.com/players/m/mullije01.html,M
Todd Mundt,https://www.basketball-reference.com/players/m/mundtto01.html,M
Xavier Munford,https://www.basketball-reference.com/players/m/munfoxa02.html,M
Chris Munk,https://www.basketball-reference.com/players/m/munkch01.html,M
George Munroe,https://www.basketball-reference.com/players/m/munroge01.html,M
Eric Murdock,https://www.basketball-reference.com/players/m/murdoer01.html,M
Gheorghe Mureșan,https://www.basketball-reference.com/players/m/muresgh01.html,M
Ade Murkey,https://www.basketball-reference.com/players/m/murkead01.html,M
Allen Murphy,https://www.basketball-reference.com/players/m/murphal01.html,M
Calvin Murphy,https://www.basketball-reference.com/players/m/murphca01.html,M
Dick Murphy,https://www.basketball-reference.com/players/m/murphdi01.html,M
Erik Murphy,https://www.basketball-reference.com/players/m/murpher01.html,M
Jay Murphy,https://www.basketball-reference.com/players/m/murphja01.html,M
John Murphy,https://www.basketball-reference.com/players/m/murphjo01.html,M
Kevin Murphy,https://www.basketball-reference.com/players/m/murphke01.html,M
Ronnie Murphy,https://www.basketball-reference.com/players/m/murphro01.html,M
Tod Murphy,https://www.basketball-reference.com/players/m/murphto01.html,M
Trey Murphy III,https://www.basketball-reference.com/players/m/murphtr02.html,M
Troy Murphy,https://www.basketball-reference.com/players/m/murphtr01.html,M
Dejounte Murray,https://www.basketball-reference.com/players/m/murrade01.html,M
Jamal Murray,https://www.basketball-reference.com/players/m/murraja01.html,M
Keegan Murray,https://www.basketball-reference.com/players/m/murrake02.html,M
Ken Murray,https://www.basketball-reference.com/players/m/murrake01.html,M
Kris Murray,https://www.basketball-reference.com/players/m/murrakr01.html,M
Lamond Murray,https://www.basketball-reference.com/players/m/murrala01.html,M
Ronald Murray,https://www.basketball-reference.com/players/m/murraro01.html,M
Tracy Murray,https://www.basketball-reference.com/players/m/murratr01.html,M
Willie Murrell,https://www.basketball-reference.com/players/m/murrewi01.html,M
Dorie Murrey,https://www.basketball-reference.com/players/m/murredo01.html,M
Toure' Murry,https://www.basketball-reference.com/players/m/murryto01.html,M
Džanan Musa,https://www.basketball-reference.com/players/m/musadz01.html,M
Mike Muscala,https://www.basketball-reference.com/players/m/muscami01.html,M
Angelo Musi,https://www.basketball-reference.com/players/m/musian01.html,M
Jerrod Mustaf,https://www.basketball-reference.com/players/m/mustaje01.html,M
Dikembe Mutombo,https://www.basketball-reference.com/players/m/mutomdi01.html,M
Martin Müürsepp,https://www.basketball-reference.com/players/m/muursma01.html,M
Pete Myers,https://www.basketball-reference.com/players/m/myerspe01.html,M
Svi Mykhailiuk,https://www.basketball-reference.com/players/m/mykhasv01.html,M
Hamady N'Diaye,https://www.basketball-reference.com/players/n/ndiayha01.html,N
Makhtar N'Diaye,https://www.basketball-reference.com/players/n/ndiayma01.html,N
Mamadou N'Diaye,https://www.basketball-reference.com/players/n/ndiayma02.html,N
Boniface N'Dong,https://www.basketball-reference.com/players/n/ndongbo01.html,N
Bob Naber,https://www.basketball-reference.com/players/n/naberbo01.html,N
Boris Nachamkin,https://www.basketball-reference.com/players/n/nachabo01.html,N
Boštjan Nachbar,https://www.basketball-reference.com/players/n/nachbbo01.html,N
Abdel Nader,https://www.basketball-reference.com/players/n/naderab01.html,N
Jerry Nagel,https://www.basketball-reference.com/players/n/nagelje01.html,N
Fritz Nagy,https://www.basketball-reference.com/players/n/nagyfr01.html,N
Lee Nailon,https://www.basketball-reference.com/players/n/nailole01.html,N
Eduardo Nájera,https://www.basketball-reference.com/players/n/najered01.html,N
Larry Nance,https://www.basketball-reference.com/players/n/nancela01.html,N
Larry Nance Jr.,https://www.basketball-reference.com/players/n/nancela02.html,N
Pete Nance,https://www.basketball-reference.com/players/n/nancepe01.html,N
Shabazz Napier,https://www.basketball-reference.com/players/n/napiesh01.html,N
Paul Napolitano,https://www.basketball-reference.com/players/n/napolpa01.html,N
Bob Nash,https://www.basketball-reference.com/players/n/nashbo01.html,N
Cotton Nash,https://www.basketball-reference.com/players/n/nashco01.html,N
Steve Nash,https://www.basketball-reference.com/players/n/nashst01.html,N
Swen Nater,https://www.basketball-reference.com/players/n/natersw01.html,N
Howard Nathan,https://www.basketball-reference.com/players/n/nathaho01.html,N
Calvin Natt,https://www.basketball-reference.com/players/n/nattca01.html,N
Kenny Natt,https://www.basketball-reference.com/players/n/nattke01.html,N
Willie Naulls,https://www.basketball-reference.com/players/n/naullwi01.html,N
Juan Carlos Navarro,https://www.basketball-reference.com/players/n/navarju01.html,N
Maurice Ndour,https://www.basketball-reference.com/players/n/ndourma01.html,N
Craig Neal,https://www.basketball-reference.com/players/n/nealcr01.html,N
Gary Neal,https://www.basketball-reference.com/players/n/nealga01.html,N
Jim Neal,https://www.basketball-reference.com/players/n/nealji01.html,N
Lloyd Neal,https://www.basketball-reference.com/players/n/nealll01.html,N
Ed Nealy,https://www.basketball-reference.com/players/n/nealyed01.html,N
Nemanja Nedović,https://www.basketball-reference.com/players/n/nedovne01.html,N
Al Negratti,https://www.basketball-reference.com/players/n/negraal01.html,N
Barry Nelson,https://www.basketball-reference.com/players/n/nelsoba01.html,N
DeMarcus Nelson,https://www.basketball-reference.com/players/n/nelsode01.html,N
Don Nelson,https://www.basketball-reference.com/players/n/nelsodo01.html,N
Jameer Nelson,https://www.basketball-reference.com/players/n/nelsoja01.html,N
Louie Nelson,https://www.basketball-reference.com/players/n/nelsolo01.html,N
Ron Nelson,https://www.basketball-reference.com/players/n/nelsoro01.html,N
Andrew Nembhard,https://www.basketball-reference.com/players/n/nembhan01.html,N
RJ Nembhard Jr.,https://www.basketball-reference.com/players/n/nembhrj01.html,N
Ruben Nembhard,https://www.basketball-reference.com/players/n/nembhru01.html,N
Dick Nemelka,https://www.basketball-reference.com/players/n/nemeldi01.html,N
Tyrone Nesby,https://www.basketball-reference.com/players/n/nesbyty01.html,N
Aaron Nesmith,https://www.basketball-reference.com/players/n/nesmiaa01.html,N
Martin Nessley,https://www.basketball-reference.com/players/n/nesslma01.html,N
Rasho Nesterović,https://www.basketball-reference.com/players/n/nestera01.html,N
Raul Neto,https://www.basketball-reference.com/players/n/netora01.html,N
Bob Netolicky,https://www.basketball-reference.com/players/n/netolbo01.html,N
Johnny Neumann,https://www.basketball-reference.com/players/n/neumajo01.html,N
Paul Neumann,https://www.basketball-reference.com/players/n/neumapa01.html,N
Chuck Nevitt,https://www.basketball-reference.com/players/n/nevitch01.html,N
Melvin Newbern,https://www.basketball-reference.com/players/n/newbeme01.html,N
Ivano Newbill,https://www.basketball-reference.com/players/n/newbiiv01.html,N
Ira Newble,https://www.basketball-reference.com/players/n/newblir01.html,N
Mike Newlin,https://www.basketball-reference.com/players/n/newlimi01.html,N
Johnny Newman,https://www.basketball-reference.com/players/n/newmajo01.html,N
Malik Newman,https://www.basketball-reference.com/players/n/newmama01.html,N
Dave Newmark,https://www.basketball-reference.com/players/n/newmada01.html,N
Bill Newton,https://www.basketball-reference.com/players/n/newtobi01.html,N
Tristen Newton,https://www.basketball-reference.com/players/n/newtotr01.html,N
Georges Niang,https://www.basketball-reference.com/players/n/niangge01.html,N
Demetris Nichols,https://www.basketball-reference.com/players/n/nichode01.html,N
Jack Nichols,https://www.basketball-reference.com/players/n/nichoja01.html,N
Andrew Nicholson,https://www.basketball-reference.com/players/n/nichoan01.html,N
Gaylon Nickerson,https://www.basketball-reference.com/players/n/nickega01.html,N
Carl Nicks,https://www.basketball-reference.com/players/n/nicksca01.html,N
Rich Niemann,https://www.basketball-reference.com/players/n/niemari01.html,N
Richie Niemiera,https://www.basketball-reference.com/players/n/niemiri01.html,N
Mike Niles,https://www.basketball-reference.com/players/n/nilesmi01.html,N
Kurt Nimphius,https://www.basketball-reference.com/players/n/nimphku01.html,N
Daishen Nix,https://www.basketball-reference.com/players/n/nixda01.html,N
Dyron Nix,https://www.basketball-reference.com/players/n/nixdy01.html,N
Norm Nixon,https://www.basketball-reference.com/players/n/nixonno01.html,N
Zeke Nnaji,https://www.basketball-reference.com/players/n/nnajize01.html,N
Joakim Noah,https://www.basketball-reference.com/players/n/noahjo01.html,N
Chuck Noble,https://www.basketball-reference.com/players/n/noblech01.html,N
Andrés Nocioni,https://www.basketball-reference.com/players/n/nocioan01.html,N
David Noel,https://www.basketball-reference.com/players/n/noelda01.html,N
Nerlens Noel,https://www.basketball-reference.com/players/n/noelne01.html,N
Paul Noel,https://www.basketball-reference.com/players/n/noelpa01.html,N
Lucas Nogueira,https://www.basketball-reference.com/players/n/noguelu01.html,N
Jim Nolan,https://www.basketball-reference.com/players/n/nolanji01.html,N
Paul Nolen,https://www.basketball-reference.com/players/n/nolenpa01.html,N
Jeff Nordgaard,https://www.basketball-reference.com/players/n/nordgje01.html,N
Bevo Nordmann,https://www.basketball-reference.com/players/n/nordmbe01.html,N
Johnny Norlander,https://www.basketball-reference.com/players/n/norlajo01.html,N
Connie Norman,https://www.basketball-reference.com/players/n/normaco01.html,N
Ken Norman,https://www.basketball-reference.com/players/n/normake01.html,N
Audie Norris,https://www.basketball-reference.com/players/n/norriau01.html,N
Miles Norris,https://www.basketball-reference.com/players/n/norrimi01.html,N
Moochie Norris,https://www.basketball-reference.com/players/n/norrimo01.html,N
Sylvester Norris,https://www.basketball-reference.com/players/n/norrisy01.html,N
Zach Norvell,https://www.basketball-reference.com/players/n/norveza01.html,N
Willie Norwood,https://www.basketball-reference.com/players/n/norwowi01.html,N
George Nostrand,https://www.basketball-reference.com/players/n/nostrge01.html,N
Stan Noszka,https://www.basketball-reference.com/players/n/noszkst01.html,N
Mike Novak,https://www.basketball-reference.com/players/n/novakmi01.html,N
Steve Novak,https://www.basketball-reference.com/players/n/novakst01.html,N
Jaylen Nowell,https://www.basketball-reference.com/players/n/nowelja01.html,N
Markquis Nowell,https://www.basketball-reference.com/players/n/nowelma01.html,N
Mel Nowell,https://www.basketball-reference.com/players/n/nowelme01.html,N
Dirk Nowitzki,https://www.basketball-reference.com/players/n/nowitdi01.html,N
Frank Ntilikina,https://www.basketball-reference.com/players/n/ntilila01.html,N
Kendrick Nunn,https://www.basketball-reference.com/players/n/nunnke01.html,N
James Nunnally,https://www.basketball-reference.com/players/n/nunnaja01.html,N
Jusuf Nurkić,https://www.basketball-reference.com/players/n/nurkiju01.html,N
Dennis Nutt,https://www.basketball-reference.com/players/n/nuttde01.html,N
David Nwaba,https://www.basketball-reference.com/players/n/nwabada01.html,N
Jordan Nwora,https://www.basketball-reference.com/players/n/nworajo01.html,N
Julius Nwosu,https://www.basketball-reference.com/players/n/nwosuju01.html,N
Charles O'Bannon,https://www.basketball-reference.com/players/o/obannch01.html,O
Ed O'Bannon,https://www.basketball-reference.com/players/o/obanned01.html,O
John O'Boyle,https://www.basketball-reference.com/players/o/oboyljo01.html,O
Bob O'Brien,https://www.basketball-reference.com/players/o/obriebo01.html,O
J.J. O'Brien,https://www.basketball-reference.com/players/o/obriejj01.html,O
Jim O'Brien,https://www.basketball-reference.com/players/o/obrieji02.html,O
Jimmy O'Brien,https://www.basketball-reference.com/players/o/obrieji01.html,O
Ralph O'Brien,https://www.basketball-reference.com/players/o/obriera01.html,O
Johnny O'Bryant,https://www.basketball-reference.com/players/o/obryajo01.html,O
Patrick O'Bryant,https://www.basketball-reference.com/players/o/obryapa01.html,O
Dermie O'Connell,https://www.basketball-reference.com/players/o/oconnde01.html,O
Andy O'Donnell,https://www.basketball-reference.com/players/o/odonnan01.html,O
Buddy O'Grady,https://www.basketball-reference.com/players/o/ogradbu01.html,O
Fran O'Hanlon,https://www.basketball-reference.com/players/o/ohanlfr01.html,O
Dick O'Keefe,https://www.basketball-reference.com/players/o/okeefdi01.html,O
Tommy O'Keefe,https://www.basketball-reference.com/players/o/okeefto01.html,O
Mike O'Koren,https://www.basketball-reference.com/players/o/okoremi01.html,O
Grady O'Malley,https://www.basketball-reference.com/players/o/omallgr01.html,O
Jermaine O'Neal,https://www.basketball-reference.com/players/o/onealje01.html,O
Shaquille O'Neal,https://www.basketball-reference.com/players/o/onealsh01.html,O
Royce O'Neale,https://www.basketball-reference.com/players/o/onealro01.html,O
Mike O'Neill,https://www.basketball-reference.com/players/o/oneilmi01.html,O
Kyle O'Quinn,https://www.basketball-reference.com/players/o/oquinky01.html,O
Kevin O'Shea,https://www.basketball-reference.com/players/o/osheake01.html,O
Garland O'Shields,https://www.basketball-reference.com/players/o/oshiega01.html,O
Dan O'Sullivan,https://www.basketball-reference.com/players/o/osullda01.html,O
Charles Oakley,https://www.basketball-reference.com/players/o/oaklech01.html,O
Fabricio Oberto,https://www.basketball-reference.com/players/o/obertfa01.html,O
Daniel Ochefu,https://www.basketball-reference.com/players/o/ochefda01.html,O
Greg Oden,https://www.basketball-reference.com/players/o/odengr01.html,O
Lamar Odom,https://www.basketball-reference.com/players/o/odomla01.html,O
Bud Ogden,https://www.basketball-reference.com/players/o/ogdenbu01.html,O
Ralph Ogden,https://www.basketball-reference.com/players/o/ogdenra01.html,O
Alan Ogg,https://www.basketball-reference.com/players/o/oggal01.html,O
Don Ohl,https://www.basketball-reference.com/players/o/ohldo01.html,O
Tim Ohlbrecht,https://www.basketball-reference.com/players/o/ohlbrti01.html,O
Semi Ojeleye,https://www.basketball-reference.com/players/o/ojelese01.html,O
Emeka Okafor,https://www.basketball-reference.com/players/o/okafoem01.html,O
Jahlil Okafor,https://www.basketball-reference.com/players/o/okafoja01.html,O
Chuma Okeke,https://www.basketball-reference.com/players/o/okekech01.html,O
Elie Okobo,https://www.basketball-reference.com/players/o/okoboel01.html,O
Josh Okogie,https://www.basketball-reference.com/players/o/okogijo01.html,O
Onyeka Okongwu,https://www.basketball-reference.com/players/o/okongon01.html,O
Isaac Okoro,https://www.basketball-reference.com/players/o/okorois01.html,O
KZ Okpala,https://www.basketball-reference.com/players/o/okpalkz01.html,O
Mehmet Okur,https://www.basketball-reference.com/players/o/okurme01.html,O
Victor Oladipo,https://www.basketball-reference.com/players/o/oladivi01.html,O
Hakeem Olajuwon,https://www.basketball-reference.com/players/o/olajuha01.html,O
Mark Olberding,https://www.basketball-reference.com/players/o/olberma01.html,O
Jawann Oldham,https://www.basketball-reference.com/players/o/oldhaja01.html,O
John Oldham,https://www.basketball-reference.com/players/o/oldhajo01.html,O
Frank Oleynick,https://www.basketball-reference.com/players/o/oleynfr01.html,O
Quincy Olivari,https://www.basketball-reference.com/players/o/olivaqu01.html,O
John Olive,https://www.basketball-reference.com/players/o/olivejo01.html,O
Brian Oliver,https://www.basketball-reference.com/players/o/olivebr01.html,O
Cameron Oliver,https://www.basketball-reference.com/players/o/oliveca01.html,O
Dean Oliver,https://www.basketball-reference.com/players/o/olivede01.html,O
Jimmy Oliver,https://www.basketball-reference.com/players/o/oliveji01.html,O
Kevin Ollie,https://www.basketball-reference.com/players/o/ollieke01.html,O
Gene Ollrich,https://www.basketball-reference.com/players/o/ollrige01.html,O
Michael Olowokandi,https://www.basketball-reference.com/players/o/olowomi01.html,O
Bud Olsen,https://www.basketball-reference.com/players/o/olsenbu01.html,O
Kelly Olynyk,https://www.basketball-reference.com/players/o/olynyke01.html,O
Eugene Omoruyi,https://www.basketball-reference.com/players/o/omorueu01.html,O
Miye Oni,https://www.basketball-reference.com/players/o/onimi01.html,O
Arinze Onuaku,https://www.basketball-reference.com/players/o/onuakar01.html,O
Chinanu Onuaku,https://www.basketball-reference.com/players/o/onuakch01.html,O
Barry Orms,https://www.basketball-reference.com/players/o/ormsba01.html,O
Johnny Orr,https://www.basketball-reference.com/players/o/orrjo01.html,O
Louis Orr,https://www.basketball-reference.com/players/o/orrlo01.html,O
José Ortiz,https://www.basketball-reference.com/players/o/ortizjo01.html,O
Daniel Orton,https://www.basketball-reference.com/players/o/ortonda01.html,O
Chuck Osborne,https://www.basketball-reference.com/players/o/osborch01.html,O
Cedi Osman,https://www.basketball-reference.com/players/o/osmande01.html,O
Wally Osterkorn,https://www.basketball-reference.com/players/o/osterwa01.html,O
Greg Ostertag,https://www.basketball-reference.com/players/o/ostergr01.html,O
Matt Othick,https://www.basketball-reference.com/players/o/othicma01.html,O
Don Otten,https://www.basketball-reference.com/players/o/ottendo01.html,O
Mac Otten,https://www.basketball-reference.com/players/o/ottenma01.html,O
Daniel Oturu,https://www.basketball-reference.com/players/o/oturuda01.html,O
Kelly Oubre Jr.,https://www.basketball-reference.com/players/o/oubreke01.html,O
Bo Outlaw,https://www.basketball-reference.com/players/o/outlabo01.html,O
Travis Outlaw,https://www.basketball-reference.com/players/o/outlatr01.html,O
Claude Overton,https://www.basketball-reference.com/players/o/overtcl01.html,O
Doug Overton,https://www.basketball-reference.com/players/o/overtdo01.html,O
Andre Owens,https://www.basketball-reference.com/players/o/owensan01.html,O
Billy Owens,https://www.basketball-reference.com/players/o/owensbi01.html,O
Chris Owens,https://www.basketball-reference.com/players/o/owensch01.html,O
Eddie Owens,https://www.basketball-reference.com/players/o/owensed01.html,O
Jim Owens,https://www.basketball-reference.com/players/o/owensji01.html,O
Keith Owens,https://www.basketball-reference.com/players/o/owenske01.html,O
Larry Owens,https://www.basketball-reference.com/players/o/owensla01.html,O
Red Owens,https://www.basketball-reference.com/players/o/owensre01.html,O
Tariq Owens,https://www.basketball-reference.com/players/o/owensta01.html,O
Tom Owens,https://www.basketball-reference.com/players/o/owensto01.html,O
Ray Owes,https://www.basketball-reference.com/players/o/owesra01.html,O
Olumide Oyedeji,https://www.basketball-reference.com/players/o/oyedeol01.html,O
Joe Pace,https://www.basketball-reference.com/players/p/pacejo01.html,P
Zaza Pachulia,https://www.basketball-reference.com/players/p/pachuza01.html,P
Robert Pack,https://www.basketball-reference.com/players/p/packro01.html,P
Wayne Pack,https://www.basketball-reference.com/players/p/packwa01.html,P
Gerald Paddio,https://www.basketball-reference.com/players/p/paddige01.html,P
Scott Padgett,https://www.basketball-reference.com/players/p/padgesc01.html,P
Dana Pagett,https://www.basketball-reference.com/players/p/pagetda01.html,P
Jaysean Paige,https://www.basketball-reference.com/players/p/paigeja01.html,P
Marcus Paige,https://www.basketball-reference.com/players/p/paigema01.html,P
Fred Paine,https://www.basketball-reference.com/players/p/painefr01.html,P
Milt Palacio,https://www.basketball-reference.com/players/p/palacmi01.html,P
Togo Palazzi,https://www.basketball-reference.com/players/p/palazto01.html,P
Bud Palmer,https://www.basketball-reference.com/players/p/palmebu01.html,P
Errol Palmer,https://www.basketball-reference.com/players/p/palmeer01.html,P
Jim Palmer,https://www.basketball-reference.com/players/p/palmeji01.html,P
Trayvon Palmer,https://www.basketball-reference.com/players/p/palmetr01.html,P
Walter Palmer,https://www.basketball-reference.com/players/p/palmewa01.html,P
Kevin Pangos,https://www.basketball-reference.com/players/p/pangoke01.html,P
Andy Panko,https://www.basketball-reference.com/players/p/pankoan01.html,P
Georgios Papagiannis,https://www.basketball-reference.com/players/p/papagge01.html,P
Kostas Papanikolaou,https://www.basketball-reference.com/players/p/papanko01.html,P
Jannero Pargo,https://www.basketball-reference.com/players/p/pargoja01.html,P
Jeremy Pargo,https://www.basketball-reference.com/players/p/pargoje01.html,P
Easy Parham,https://www.basketball-reference.com/players/p/parhaea01.html,P
Robert Parish,https://www.basketball-reference.com/players/p/parisro01.html,P
Med Park,https://www.basketball-reference.com/players/p/parkme01.html,P
Anthony Parker,https://www.basketball-reference.com/players/p/parkean01.html,P
Jabari Parker,https://www.basketball-reference.com/players/p/parkeja01.html,P
Smush Parker,https://www.basketball-reference.com/players/p/parkesm01.html,P
Sonny Parker,https://www.basketball-reference.com/players/p/parkeso01.html,P
Tony Parker,https://www.basketball-reference.com/players/p/parketo01.html,P
Barry Parkhill,https://www.basketball-reference.com/players/p/parkhba01.html,P
Jack Parkinson,https://www.basketball-reference.com/players/p/parkija01.html,P
Charley Parks,https://www.basketball-reference.com/players/p/parksch01.html,P
Cherokee Parks,https://www.basketball-reference.com/players/p/parksch02.html,P
Rich Parks,https://www.basketball-reference.com/players/p/parksri01.html,P
Jack Parr,https://www.basketball-reference.com/players/p/parrja01.html,P
Doyle Parrack,https://www.basketball-reference.com/players/p/parrado01.html,P
Charlie Parsley,https://www.basketball-reference.com/players/p/parslch01.html,P
Chandler Parsons,https://www.basketball-reference.com/players/p/parsoch01.html,P
Eric Paschall,https://www.basketball-reference.com/players/p/pascher01.html,P
Anžejs Pasečņiks,https://www.basketball-reference.com/players/p/pasecan01.html,P
Žarko Paspalj,https://www.basketball-reference.com/players/p/paspaza01.html,P
Marty Passaglia,https://www.basketball-reference.com/players/p/passama01.html,P
George Pastushok,https://www.basketball-reference.com/players/p/pastuge01.html,P
Myles Patrick,https://www.basketball-reference.com/players/p/patrimy01.html,P
Stan Patrick,https://www.basketball-reference.com/players/p/patrist01.html,P
Andrae Patterson,https://www.basketball-reference.com/players/p/pattean01.html,P
George Patterson,https://www.basketball-reference.com/players/p/pattege01.html,P
Lamar Patterson,https://www.basketball-reference.com/players/p/pattela01.html,P
Patrick Patterson,https://www.basketball-reference.com/players/p/pattepa01.html,P
Ruben Patterson,https://www.basketball-reference.com/players/p/patteru01.html,P
Steve Patterson,https://www.basketball-reference.com/players/p/pattest01.html,P
Tom Patterson,https://www.basketball-reference.com/players/p/patteto01.html,P
Worthy Patterson,https://www.basketball-reference.com/players/p/pattewo01.html,P
Justin Patton,https://www.basketball-reference.com/players/p/pattoju01.html,P
Brandon Paul,https://www.basketball-reference.com/players/p/paulbr01.html,P
Chris Paul,https://www.basketball-reference.com/players/p/paulch01.html,P
Charlie Paulk,https://www.basketball-reference.com/players/p/paulkch01.html,P
Jerry Paulson,https://www.basketball-reference.com/players/p/paulsje01.html,P
Billy Paultz,https://www.basketball-reference.com/players/p/paultbi01.html,P
Sasha Pavlović,https://www.basketball-reference.com/players/p/pavloal01.html,P
Jim Paxson,https://www.basketball-reference.com/players/p/paxsoji01.html,P
Jim Paxson,https://www.basketball-reference.com/players/p/paxsoji02.html,P
John Paxson,https://www.basketball-reference.com/players/p/paxsojo01.html,P
Johnny Payak,https://www.basketball-reference.com/players/p/payakjo01.html,P
Adreian Payne,https://www.basketball-reference.com/players/p/paynead01.html,P
Cameron Payne,https://www.basketball-reference.com/players/p/payneca01.html,P
Kenny Payne,https://www.basketball-reference.com/players/p/payneke01.html,P
Tom Payne,https://www.basketball-reference.com/players/p/payneto01.html,P
Elfrid Payton,https://www.basketball-reference.com/players/p/paytoel01.html,P
Gary Payton,https://www.basketball-reference.com/players/p/paytoga01.html,P
Gary Payton II,https://www.basketball-reference.com/players/p/paytoga02.html,P
Mel Payton,https://www.basketball-reference.com/players/p/paytome01.html,P
George Pearcy,https://www.basketball-reference.com/players/p/pearcge01.html,P
Henry Pearcy,https://www.basketball-reference.com/players/p/pearche01.html,P
Oleksiy Pecherov,https://www.basketball-reference.com/players/p/pecheol01.html,P
Wiley Peck,https://www.basketball-reference.com/players/p/peckwi01.html,P
Rich Peek,https://www.basketball-reference.com/players/p/peekri01.html,P
Anthony Peeler,https://www.basketball-reference.com/players/p/peelean01.html,P
George Peeples,https://www.basketball-reference.com/players/p/peeplge01.html,P
Nikola Peković,https://www.basketball-reference.com/players/p/pekovni01.html,P
Jake Pelkington,https://www.basketball-reference.com/players/p/pelkija01.html,P
Norvel Pelle,https://www.basketball-reference.com/players/p/pelleno01.html,P
Sam Pellom,https://www.basketball-reference.com/players/p/pellosa01.html,P
Mike Penberthy,https://www.basketball-reference.com/players/p/penbemi01.html,P
Jerry Pender,https://www.basketball-reference.com/players/p/pendeje01.html,P
Desmond Penigar,https://www.basketball-reference.com/players/p/penigde01.html,P
Kirk Penney,https://www.basketball-reference.com/players/p/penneki01.html,P
Mike Peplowski,https://www.basketball-reference.com/players/p/peplomi01.html,P
Will Perdue,https://www.basketball-reference.com/players/p/perduwi01.html,P
Mãozinha Pereira,https://www.basketball-reference.com/players/p/pereima01.html,P
Kendrick Perkins,https://www.basketball-reference.com/players/p/perkike01.html,P
Sam Perkins,https://www.basketball-reference.com/players/p/perkisa01.html,P
Warren Perkins,https://www.basketball-reference.com/players/p/perkiwa01.html,P
Kosta Perović,https://www.basketball-reference.com/players/p/perovko01.html,P
London Perrantes,https://www.basketball-reference.com/players/p/perralo01.html,P
Aulcie Perry,https://www.basketball-reference.com/players/p/perryau01.html,P
Curtis Perry,https://www.basketball-reference.com/players/p/perrycu01.html,P
Elliot Perry,https://www.basketball-reference.com/players/p/perryel01.html,P
Reggie Perry,https://www.basketball-reference.com/players/p/perryre01.html,P
Ron Perry,https://www.basketball-reference.com/players/p/perryro01.html,P
Tim Perry,https://www.basketball-reference.com/players/p/perryti01.html,P
Chuck Person,https://www.basketball-reference.com/players/p/persoch01.html,P
Wesley Person,https://www.basketball-reference.com/players/p/persowe01.html,P
Alec Peters,https://www.basketball-reference.com/players/p/peteral01.html,P
Jim Petersen,https://www.basketball-reference.com/players/p/peterji01.html,P
Loy Petersen,https://www.basketball-reference.com/players/p/peterlo01.html,P
Bob Peterson,https://www.basketball-reference.com/players/p/peterbo01.html,P
Drew Peterson,https://www.basketball-reference.com/players/p/peterdr01.html,P
Ed Peterson,https://www.basketball-reference.com/players/p/petered01.html,P
Mel Peterson,https://www.basketball-reference.com/players/p/peterme01.html,P
Morris Peterson,https://www.basketball-reference.com/players/p/petermo01.html,P
Geoff Petrie,https://www.basketball-reference.com/players/p/petrige01.html,P
Johan Petro,https://www.basketball-reference.com/players/p/petrojo01.html,P
Dražen Petrović,https://www.basketball-reference.com/players/p/petrodr01.html,P
Filip Petrušev,https://www.basketball-reference.com/players/p/petrufi01.html,P
Richard Petruška,https://www.basketball-reference.com/players/p/petruri01.html,P
Bob Pettit,https://www.basketball-reference.com/players/p/pettibo01.html,P
Jerry Pettway,https://www.basketball-reference.com/players/p/pettwje01.html,P
Roger Phegley,https://www.basketball-reference.com/players/p/pheglro01.html,P
Jack Phelan,https://www.basketball-reference.com/players/p/phelaja01.html,P
Jim Phelan,https://www.basketball-reference.com/players/p/phelaja02.html,P
Derrick Phelps,https://www.basketball-reference.com/players/p/phelpde01.html,P
Michael Phelps,https://www.basketball-reference.com/players/p/phelpmi01.html,P
Andy Phillip,https://www.basketball-reference.com/players/p/phillan01.html,P
Eddie Phillips,https://www.basketball-reference.com/players/p/philled01.html,P
Gary Phillips,https://www.basketball-reference.com/players/p/phillga01.html,P
Gene Phillips,https://www.basketball-reference.com/players/p/phillge01.html,P
Julian Phillips,https://www.basketball-reference.com/players/p/phillju01.html,P
Bobby Phills,https://www.basketball-reference.com/players/p/phillbo01.html,P
Eric Piatkowski,https://www.basketball-reference.com/players/p/piatker01.html,P
Walt Piatkowski,https://www.basketball-reference.com/players/p/piatkwa01.html,P
Jalen Pickett,https://www.basketball-reference.com/players/p/pickeja02.html,P
Jamorko Pickett,https://www.basketball-reference.com/players/p/pickeja01.html,P
Paul Pierce,https://www.basketball-reference.com/players/p/piercpa01.html,P
Ricky Pierce,https://www.basketball-reference.com/players/p/piercri01.html,P
Stan Pietkiewicz,https://www.basketball-reference.com/players/p/pietkst01.html,P
Mickaël Piétrus,https://www.basketball-reference.com/players/p/pietrmi01.html,P
John Pilch,https://www.basketball-reference.com/players/p/pilchjo01.html,P
Ed Pinckney,https://www.basketball-reference.com/players/p/pincked01.html,P
Kevinn Pinkney,https://www.basketball-reference.com/players/p/pinknke01.html,P
John Pinone,https://www.basketball-reference.com/players/p/pinonjo01.html,P
Theo Pinson,https://www.basketball-reference.com/players/p/pinsoth01.html,P
Dave Piontek,https://www.basketball-reference.com/players/p/piontda01.html,P
Tom Piotrowski,https://www.basketball-reference.com/players/p/piotrto01.html,P
Scottie Pippen,https://www.basketball-reference.com/players/p/pippesc01.html,P
Scotty Pippen Jr.,https://www.basketball-reference.com/players/p/pippesc02.html,P
Charles Pittman,https://www.basketball-reference.com/players/p/pittmch01.html,P
Dexter Pittman,https://www.basketball-reference.com/players/p/pittmde01.html,P
Zoran Planinić,https://www.basketball-reference.com/players/p/planizo01.html,P
Tibor Pleiß,https://www.basketball-reference.com/players/p/pleisti01.html,P
Daeqwon Plowden,https://www.basketball-reference.com/players/p/plowdda01.html,P
Marshall Plumlee,https://www.basketball-reference.com/players/p/plumlma02.html,P
Mason Plumlee,https://www.basketball-reference.com/players/p/plumlma01.html,P
Miles Plumlee,https://www.basketball-reference.com/players/p/plumlmi01.html,P
Gary Plummer,https://www.basketball-reference.com/players/p/plummga01.html,P
Pavel Podkolzin,https://www.basketball-reference.com/players/p/podkopa01.html,P
Brandin Podziemski,https://www.basketball-reference.com/players/p/podzibr01.html,P
Jakob Poeltl,https://www.basketball-reference.com/players/p/poeltja01.html,P
Vincent Poirier,https://www.basketball-reference.com/players/p/poirivi01.html,P
Aleksej Pokusevski,https://www.basketball-reference.com/players/p/pokusal01.html,P
Dwayne Polee,https://www.basketball-reference.com/players/p/poleedw01.html,P
Jim Pollard,https://www.basketball-reference.com/players/p/pollaji01.html,P
Scot Pollard,https://www.basketball-reference.com/players/p/pollasc01.html,P
Ralph Polson,https://www.basketball-reference.com/players/p/polsora01.html,P
Olden Polynice,https://www.basketball-reference.com/players/p/polynol01.html,P
Cliff Pondexter,https://www.basketball-reference.com/players/p/pondecl01.html,P
Quincy Pondexter,https://www.basketball-reference.com/players/p/pondequ01.html,P
Shamorie Ponds,https://www.basketball-reference.com/players/p/pondssh01.html,P
Yves Pons,https://www.basketball-reference.com/players/p/ponsyv01.html,P
Jordan Poole,https://www.basketball-reference.com/players/p/poolejo01.html,P
David Pope,https://www.basketball-reference.com/players/p/popeda01.html,P
Mark Pope,https://www.basketball-reference.com/players/p/popema01.html,P
Dave Popson,https://www.basketball-reference.com/players/p/popsoda01.html,P
Ben Poquette,https://www.basketball-reference.com/players/p/poquebe01.html,P
Chris Porter,https://www.basketball-reference.com/players/p/portech01.html,P
Craig Porter Jr.,https://www.basketball-reference.com/players/p/portecr01.html,P
Howard Porter,https://www.basketball-reference.com/players/p/porteho01.html,P
Jontay Porter,https://www.basketball-reference.com/players/p/portejo01.html,P
Kevin Porter,https://www.basketball-reference.com/players/p/porteke01.html,P
Kevin Porter Jr.,https://www.basketball-reference.com/players/p/porteke02.html,P
Michael Porter Jr.,https://www.basketball-reference.com/players/p/portemi01.html,P
Otto Porter Jr.,https://www.basketball-reference.com/players/p/porteot01.html,P
Terry Porter,https://www.basketball-reference.com/players/p/portete01.html,P
Willie Porter,https://www.basketball-reference.com/players/p/portewi01.html,P
Bobby Portis,https://www.basketball-reference.com/players/p/portibo01.html,P
Bob Portman,https://www.basketball-reference.com/players/p/portmbo01.html,P
Kristaps Porziņģis,https://www.basketball-reference.com/players/p/porzikr01.html,P
James Posey,https://www.basketball-reference.com/players/p/poseyja01.html,P
Quinten Post,https://www.basketball-reference.com/players/p/postqu01.html,P
Lavor Postell,https://www.basketball-reference.com/players/p/postela01.html,P
John Postley,https://www.basketball-reference.com/players/p/postljo01.html,P
Vitaly Potapenko,https://www.basketball-reference.com/players/p/potapvi01.html,P
Micah Potter,https://www.basketball-reference.com/players/p/pottemi01.html,P
Leon Powe,https://www.basketball-reference.com/players/p/powele01.html,P
Cincy Powell,https://www.basketball-reference.com/players/p/powelci01.html,P
Dwight Powell,https://www.basketball-reference.com/players/p/poweldw01.html,P
Josh Powell,https://www.basketball-reference.com/players/p/poweljo01.html,P
Kasib Powell,https://www.basketball-reference.com/players/p/powelka01.html,P
Myles Powell,https://www.basketball-reference.com/players/p/powelmy01.html,P
Norman Powell,https://www.basketball-reference.com/players/p/powelno01.html,P
Roger Powell,https://www.basketball-reference.com/players/p/powelro01.html,P
Alex Poythress,https://www.basketball-reference.com/players/p/poythal01.html,P
Mal Pradd,https://www.basketball-reference.com/players/p/praddma01.html,P
Mike Pratt,https://www.basketball-reference.com/players/p/prattmi01.html,P
Paul Pressey,https://www.basketball-reference.com/players/p/presspa01.html,P
Phil Pressey,https://www.basketball-reference.com/players/p/pressph01.html,P
Dominic Pressley,https://www.basketball-reference.com/players/p/pressdo01.html,P
Harold Pressley,https://www.basketball-reference.com/players/p/pressha01.html,P
Jason Preston,https://www.basketball-reference.com/players/p/prestja01.html,P
Steve Previs,https://www.basketball-reference.com/players/p/previst01.html,P
A.J. Price,https://www.basketball-reference.com/players/p/priceaj01.html,P
Brent Price,https://www.basketball-reference.com/players/p/pricebr01.html,P
Jim Price,https://www.basketball-reference.com/players/p/priceji01.html,P
Mark Price,https://www.basketball-reference.com/players/p/pricema01.html,P
Mike Price,https://www.basketball-reference.com/players/p/pricemi01.html,P
Ronnie Price,https://www.basketball-reference.com/players/p/pricero01.html,P
Tony Price,https://www.basketball-reference.com/players/p/priceto01.html,P
Bob Priddy,https://www.basketball-reference.com/players/p/priddbo01.html,P
Pablo Prigioni,https://www.basketball-reference.com/players/p/prigipa01.html,P
Joshua Primo,https://www.basketball-reference.com/players/p/primojo01.html,P
Taurean Prince,https://www.basketball-reference.com/players/p/princta02.html,P
Tayshaun Prince,https://www.basketball-reference.com/players/p/princta01.html,P
John Pritchard,https://www.basketball-reference.com/players/p/pritcjo01.html,P
Kevin Pritchard,https://www.basketball-reference.com/players/p/pritcke01.html,P
Payton Pritchard,https://www.basketball-reference.com/players/p/pritcpa01.html,P
Laron Profit,https://www.basketball-reference.com/players/p/profila01.html,P
Olivier-Maxence Prosper,https://www.basketball-reference.com/players/p/prospol01.html,P
Gabe Pruitt,https://www.basketball-reference.com/players/p/pruitga01.html,P
Joel Przybilla,https://www.basketball-reference.com/players/p/przybjo01.html,P
Les Pugh,https://www.basketball-reference.com/players/p/pughle01.html,P
Roy Pugh,https://www.basketball-reference.com/players/p/pughro01.html,P
Anthony Pullard,https://www.basketball-reference.com/players/p/pullaan01.html,P
Jacob Pullen,https://www.basketball-reference.com/players/p/pulleja01.html,P
Zyon Pullin,https://www.basketball-reference.com/players/p/pullizy01.html,P
Rodney Purvis,https://www.basketball-reference.com/players/p/purviro01.html,P
Don Putman,https://www.basketball-reference.com/players/p/putnado01.html,P
Zhou Qi,https://www.basketball-reference.com/players/q/qizh01.html,Q
Tim Quarterman,https://www.basketball-reference.com/players/q/quartti01.html,Q
Trevelin Queen,https://www.basketball-reference.com/players/q/queentr01.html,Q
Neemias Queta,https://www.basketball-reference.com/players/q/quetane01.html,Q
Bob Quick,https://www.basketball-reference.com/players/q/quickbo01.html,Q
Immanuel Quickley,https://www.basketball-reference.com/players/q/quickim01.html,Q
Chris Quinn,https://www.basketball-reference.com/players/q/quinnch01.html,Q
Brian Quinnett,https://www.basketball-reference.com/players/q/quinnbr01.html,Q
Lester Quiñones,https://www.basketball-reference.com/players/q/quinole01.html,Q
Ivan Rabb,https://www.basketball-reference.com/players/r/rabbiv01.html,R
Luther Rackley,https://www.basketball-reference.com/players/r/rackllu01.html,R
Howie Rader,https://www.basketball-reference.com/players/r/raderho01.html,R
Mark Radford,https://www.basketball-reference.com/players/r/radfoma01.html,R
Wayne Radford,https://www.basketball-reference.com/players/r/radfowa01.html,R
Dino Radja,https://www.basketball-reference.com/players/r/radjadi01.html,R
Vladimir Radmanović,https://www.basketball-reference.com/players/r/radmavl01.html,R
Aleksandar Radojević,https://www.basketball-reference.com/players/r/radojal01.html,R
Frank Radovich,https://www.basketball-reference.com/players/r/radovfr01.html,R
Moe Radovich,https://www.basketball-reference.com/players/r/radovmo01.html,R
Miroslav Raduljica,https://www.basketball-reference.com/players/r/radulmi01.html,R
Ray Radziszewski,https://www.basketball-reference.com/players/r/radzira01.html,R
Ray Ragelis,https://www.basketball-reference.com/players/r/ragelra01.html,R
Sherwin Raiken,https://www.basketball-reference.com/players/r/raikesh01.html,R
Ed Rains,https://www.basketball-reference.com/players/r/rainsed01.html,R
Igor Rakočević,https://www.basketball-reference.com/players/r/rakocig01.html,R
Kurt Rambis,https://www.basketball-reference.com/players/r/rambiku01.html,R
Peter John Ramos,https://www.basketball-reference.com/players/r/ramospe01.html,R
Cal Ramsey,https://www.basketball-reference.com/players/r/ramseca01.html,R
Frank Ramsey,https://www.basketball-reference.com/players/r/ramsefr01.html,R
Jahmi'us Ramsey,https://www.basketball-reference.com/players/r/ramseja01.html,R
Ray Ramsey,https://www.basketball-reference.com/players/r/ramsera01.html,R
Mark Randall,https://www.basketball-reference.com/players/r/randama01.html,R
Chasson Randle,https://www.basketball-reference.com/players/r/randlch01.html,R
Julius Randle,https://www.basketball-reference.com/players/r/randlju01.html,R
Anthony Randolph,https://www.basketball-reference.com/players/r/randoan01.html,R
Shavlik Randolph,https://www.basketball-reference.com/players/r/randosh01.html,R
Zach Randolph,https://www.basketball-reference.com/players/r/randoza01.html,R
Wally Rank,https://www.basketball-reference.com/players/r/rankwa01.html,R
Kelvin Ransey,https://www.basketball-reference.com/players/r/ranseke01.html,R
Sam Ranzino,https://www.basketball-reference.com/players/r/ranzisa01.html,R
Bobby Rascoe,https://www.basketball-reference.com/players/r/rascobo01.html,R
Blair Rasmussen,https://www.basketball-reference.com/players/r/rasmubl01.html,R
Xavier Rathan-Mayes,https://www.basketball-reference.com/players/r/rathaxa01.html,R
George Ratkovicz,https://www.basketball-reference.com/players/r/ratkoge01.html,R
Ed Ratleff,https://www.basketball-reference.com/players/r/ratleed01.html,R
Mike Ratliff,https://www.basketball-reference.com/players/r/ratlimi01.html,R
Theo Ratliff,https://www.basketball-reference.com/players/r/ratlith01.html,R
Andy Rautins,https://www.basketball-reference.com/players/r/rautian01.html,R
Leo Rautins,https://www.basketball-reference.com/players/r/rautile01.html,R
Allan Ray,https://www.basketball-reference.com/players/r/rayal01.html,R
Clifford Ray,https://www.basketball-reference.com/players/r/raycl01.html,R
Don Ray,https://www.basketball-reference.com/players/r/raydo01.html,R
James Ray,https://www.basketball-reference.com/players/r/rayja01.html,R
Jim Ray,https://www.basketball-reference.com/players/r/rayji01.html,R
Jimmy Rayl,https://www.basketball-reference.com/players/r/raylji01.html,R
Craig Raymond,https://www.basketball-reference.com/players/r/raymocr01.html,R
Connie Rea,https://www.basketball-reference.com/players/r/reaco01.html,R
Duop Reath,https://www.basketball-reference.com/players/r/reathdu01.html,R
Austin Reaves,https://www.basketball-reference.com/players/r/reaveau01.html,R
Joe Reaves,https://www.basketball-reference.com/players/r/reavejo01.html,R
Josh Reaves,https://www.basketball-reference.com/players/r/reavejo02.html,R
Željko Rebrača,https://www.basketball-reference.com/players/r/rebraze01.html,R
Eldridge Recasner,https://www.basketball-reference.com/players/r/recasel01.html,R
Michael Redd,https://www.basketball-reference.com/players/r/reddmi01.html,R
Cam Reddish,https://www.basketball-reference.com/players/r/reddica01.html,R
Frank Reddout,https://www.basketball-reference.com/players/r/reddofr01.html,R
JJ Redick,https://www.basketball-reference.com/players/r/redicjj01.html,R
Marlon Redmond,https://www.basketball-reference.com/players/r/redmoma01.html,R
Davon Reed,https://www.basketball-reference.com/players/r/reedda01.html,R
Hub Reed,https://www.basketball-reference.com/players/r/reedhu01.html,R
Justin Reed,https://www.basketball-reference.com/players/r/reedju01.html,R
Paul Reed,https://www.basketball-reference.com/players/r/reedpa01.html,R
Ron Reed,https://www.basketball-reference.com/players/r/reedro01.html,R
Willie Reed,https://www.basketball-reference.com/players/r/reedwi02.html,R
Willis Reed,https://www.basketball-reference.com/players/r/reedwi01.html,R
Alex Reese,https://www.basketball-reference.com/players/r/reeseal01.html,R
Antonio Reeves,https://www.basketball-reference.com/players/r/reevean01.html,R
Bryant Reeves,https://www.basketball-reference.com/players/r/reevebr01.html,R
Khalid Reeves,https://www.basketball-reference.com/players/r/reevekh01.html,R
Richie Regan,https://www.basketball-reference.com/players/r/reganri01.html,R
Don Rehfeldt,https://www.basketball-reference.com/players/r/rehfedo01.html,R
Billy Reid,https://www.basketball-reference.com/players/r/reidbi01.html,R
Don Reid,https://www.basketball-reference.com/players/r/reiddo01.html,R
J.R. Reid,https://www.basketball-reference.com/players/r/reidjr01.html,R
Jim Reid,https://www.basketball-reference.com/players/r/reidji01.html,R
Naz Reid,https://www.basketball-reference.com/players/r/reidna01.html,R
Robert Reid,https://www.basketball-reference.com/players/r/reidro01.html,R
Ryan Reid,https://www.basketball-reference.com/players/r/reidry01.html,R
Jared Reiner,https://www.basketball-reference.com/players/r/reineja01.html,R
Chick Reiser,https://www.basketball-reference.com/players/r/reisech01.html,R
Richard Rellford,https://www.basketball-reference.com/players/r/rellfri01.html,R
Terrence Rencher,https://www.basketball-reference.com/players/r/renchte01.html,R
John Rennicke,https://www.basketball-reference.com/players/r/rennijo01.html,R
Bob Rensberger,https://www.basketball-reference.com/players/r/rensbro01.html,R
Efthimios Rentzias,https://www.basketball-reference.com/players/r/rentzef01.html,R
Shawn Respert,https://www.basketball-reference.com/players/r/respesh01.html,R
Kevin Restani,https://www.basketball-reference.com/players/r/restake01.html,R
Cameron Reynolds,https://www.basketball-reference.com/players/r/reynoca01.html,R
George Reynolds,https://www.basketball-reference.com/players/r/reynoge01.html,R
Jerry Reynolds,https://www.basketball-reference.com/players/r/reynoje01.html,R
Kendall Rhine,https://www.basketball-reference.com/players/r/rhineke01.html,R
Jared Rhoden,https://www.basketball-reference.com/players/r/rhodeja01.html,R
Gene Rhodes,https://www.basketball-reference.com/players/r/rhodege01.html,R
Rodrick Rhodes,https://www.basketball-reference.com/players/r/rhodero01.html,R
Glen Rice,https://www.basketball-reference.com/players/r/ricegl01.html,R
Glen Rice Jr.,https://www.basketball-reference.com/players/r/ricegl02.html,R
Chris Richard,https://www.basketball-reference.com/players/r/richach01.html,R
Nick Richards,https://www.basketball-reference.com/players/r/richani01.html,R
Clint Richardson,https://www.basketball-reference.com/players/r/richacl01.html,R
Jason Richardson,https://www.basketball-reference.com/players/r/richaja01.html,R
Jeremy Richardson,https://www.basketball-reference.com/players/r/richaje01.html,R
Josh Richardson,https://www.basketball-reference.com/players/r/richajo01.html,R
Malachi Richardson,https://www.basketball-reference.com/players/r/richama01.html,R
Michael Ray Richardson,https://www.basketball-reference.com/players/r/richami01.html,R
Norm Richardson,https://www.basketball-reference.com/players/r/richano01.html,R
Pooh Richardson,https://www.basketball-reference.com/players/r/richapo01.html,R
Quentin Richardson,https://www.basketball-reference.com/players/r/richaqu01.html,R
Mitch Richmond,https://www.basketball-reference.com/players/r/richmmi01.html,R
John Richter,https://www.basketball-reference.com/players/r/richtjo01.html,R
Dick Ricketts,https://www.basketball-reference.com/players/r/rickedi01.html,R
Isaiah Rider,https://www.basketball-reference.com/players/r/rideris01.html,R
Jackie Ridgle,https://www.basketball-reference.com/players/r/ridglja01.html,R
Luke Ridnour,https://www.basketball-reference.com/players/r/ridnolu01.html,R
Mel Riebe,https://www.basketball-reference.com/players/r/riebeme01.html,R
Bob Riedy,https://www.basketball-reference.com/players/r/riedybo01.html,R
Jim Riffey,https://www.basketball-reference.com/players/r/riffeji01.html,R
Antoine Rigaudeau,https://www.basketball-reference.com/players/r/rigauan01.html,R
Tom Riker,https://www.basketball-reference.com/players/r/rikerto01.html,R
Bob Riley,https://www.basketball-reference.com/players/r/rileybo01.html,R
Eric Riley,https://www.basketball-reference.com/players/r/rileyer01.html,R
Pat Riley,https://www.basketball-reference.com/players/r/rileypa01.html,R
Ron Riley,https://www.basketball-reference.com/players/r/rileyro01.html,R
Grant Riller,https://www.basketball-reference.com/players/r/rillegr01.html,R
Rich Rinaldi,https://www.basketball-reference.com/players/r/rinalri01.html,R
Mike Riordan,https://www.basketball-reference.com/players/r/riordmi01.html,R
Zaccharie Risacher,https://www.basketball-reference.com/players/r/risacza01.html,R
Arnie Risen,https://www.basketball-reference.com/players/r/risenar01.html,R
Tex Ritter,https://www.basketball-reference.com/players/r/rittete01.html,R
Ramón Rivas,https://www.basketball-reference.com/players/r/rivasra01.html,R
Austin Rivers,https://www.basketball-reference.com/players/r/riverau01.html,R
David Rivers,https://www.basketball-reference.com/players/r/riverda01.html,R
Doc Rivers,https://www.basketball-reference.com/players/r/riverdo01.html,R
Lee Robbins,https://www.basketball-reference.com/players/r/robbile01.html,R
Liam Robbins,https://www.basketball-reference.com/players/r/robbili01.html,R
Red Robbins,https://www.basketball-reference.com/players/r/robbire01.html,R
Andre Roberson,https://www.basketball-reference.com/players/r/roberan03.html,R
Anthony Roberson,https://www.basketball-reference.com/players/r/roberan02.html,R
Rick Roberson,https://www.basketball-reference.com/players/r/roberri01.html,R
Terrance Roberson,https://www.basketball-reference.com/players/r/roberte01.html,R
Anthony Roberts,https://www.basketball-reference.com/players/r/roberan01.html,R
Bill Roberts,https://www.basketball-reference.com/players/r/roberbi01.html,R
Brian Roberts,https://www.basketball-reference.com/players/r/roberbr01.html,R
Fred Roberts,https://www.basketball-reference.com/players/r/roberfr01.html,R
Joe Roberts,https://www.basketball-reference.com/players/r/roberjo01.html,R
Lawrence Roberts,https://www.basketball-reference.com/players/r/roberla01.html,R
Marv Roberts,https://www.basketball-reference.com/players/r/roberma01.html,R
Stanley Roberts,https://www.basketball-reference.com/players/r/roberst01.html,R
Alvin Robertson,https://www.basketball-reference.com/players/r/roberal01.html,R
Oscar Robertson,https://www.basketball-reference.com/players/r/roberos01.html,R
Ryan Robertson,https://www.basketball-reference.com/players/r/roberry01.html,R
Tony Robertson,https://www.basketball-reference.com/players/r/roberto01.html,R
Rick Robey,https://www.basketball-reference.com/players/r/robeyri01.html,R
Bernard Robinson,https://www.basketball-reference.com/players/r/robinbe01.html,R
Chris Robinson,https://www.basketball-reference.com/players/r/robinch01.html,R
Cliff Robinson,https://www.basketball-reference.com/players/r/robincl01.html,R
Clifford Robinson,https://www.basketball-reference.com/players/r/robincl02.html,R
David Robinson,https://www.basketball-reference.com/players/r/robinda01.html,R
Devin Robinson,https://www.basketball-reference.com/players/r/robinde01.html,R
Duncan Robinson,https://www.basketball-reference.com/players/r/robindu01.html,R
Eddie Robinson,https://www.basketball-reference.com/players/r/robined01.html,R
Flynn Robinson,https://www.basketball-reference.com/players/r/robinfl01.html,R
Glenn Robinson,https://www.basketball-reference.com/players/r/robingl01.html,R
Glenn Robinson III,https://www.basketball-reference.com/players/r/robingl02.html,R
Jackie Robinson,https://www.basketball-reference.com/players/r/robinja01.html,R
Jamal Robinson,https://www.basketball-reference.com/players/r/robinja03.html,R
James Robinson,https://www.basketball-reference.com/players/r/robinja02.html,R
Jerome Robinson,https://www.basketball-reference.com/players/r/robinje01.html,R
Justin Robinson,https://www.basketball-reference.com/players/r/robinju01.html,R
Larry Robinson,https://www.basketball-reference.com/players/r/robinla01.html,R
Mitchell Robinson,https://www.basketball-reference.com/players/r/robinmi01.html,R
Nate Robinson,https://www.basketball-reference.com/players/r/robinna01.html,R
Oliver Robinson,https://www.basketball-reference.com/players/r/robinol01.html,R
Orlando Robinson,https://www.basketball-reference.com/players/r/robinor01.html,R
Ronnie Robinson,https://www.basketball-reference.com/players/r/robinro01.html,R
Rumeal Robinson,https://www.basketball-reference.com/players/r/robinru01.html,R
Sam Robinson,https://www.basketball-reference.com/players/r/robinsa01.html,R
Thomas Robinson,https://www.basketball-reference.com/players/r/robinth01.html,R
Truck Robinson,https://www.basketball-reference.com/players/r/robintr01.html,R
Wayne Robinson,https://www.basketball-reference.com/players/r/robinwa01.html,R
Wil Robinson,https://www.basketball-reference.com/players/r/robinwi01.html,R
Jeremiah Robinson-Earl,https://www.basketball-reference.com/players/r/robinje02.html,R
Bill Robinzine,https://www.basketball-reference.com/players/r/robinbi01.html,R
Dave Robisch,https://www.basketball-reference.com/players/r/robisda01.html,R
Isaiah Roby,https://www.basketball-reference.com/players/r/robyis01.html,R
Red Rocha,https://www.basketball-reference.com/players/r/rochare01.html,R
John Roche,https://www.basketball-reference.com/players/r/rochejo01.html,R
Gene Rock,https://www.basketball-reference.com/players/r/rockge01.html,R
Jack Rocker,https://www.basketball-reference.com/players/r/rockeja01.html,R
David Roddy,https://www.basketball-reference.com/players/r/roddyda01.html,R
Guy Rodgers,https://www.basketball-reference.com/players/r/rodgegu01.html,R
Dennis Rodman,https://www.basketball-reference.com/players/r/rodmade01.html,R
Sergio Rodríguez,https://www.basketball-reference.com/players/r/rodrise01.html,R
Lou Roe,https://www.basketball-reference.com/players/r/roelo01.html,R
Carlos Rogers,https://www.basketball-reference.com/players/r/rogerca01.html,R
Harry Rogers,https://www.basketball-reference.com/players/r/rogerha01.html,R
Johnny Rogers,https://www.basketball-reference.com/players/r/rogerjo01.html,R
Marshall Rogers,https://www.basketball-reference.com/players/r/rogerma01.html,R
Rodney Rogers,https://www.basketball-reference.com/players/r/rogerro01.html,R
Roy Rogers,https://www.basketball-reference.com/players/r/rogerro02.html,R
Willie Rogers,https://www.basketball-reference.com/players/r/rogerwi01.html,R
Al Roges,https://www.basketball-reference.com/players/r/rogesal01.html,R
Ken Rohloff,https://www.basketball-reference.com/players/r/rohloke01.html,R
Kenny Rollins,https://www.basketball-reference.com/players/r/rollike01.html,R
Phil Rollins,https://www.basketball-reference.com/players/r/rolliph01.html,R
Ryan Rollins,https://www.basketball-reference.com/players/r/rolliry01.html,R
Tree Rollins,https://www.basketball-reference.com/players/r/rollitr01.html,R
Lorenzo Romar,https://www.basketball-reference.com/players/r/romarlo01.html,R
Rajon Rondo,https://www.basketball-reference.com/players/r/rondora01.html,R
Jerry Rook,https://www.basketball-reference.com/players/r/rookje01.html,R
Sean Rooks,https://www.basketball-reference.com/players/r/rooksse01.html,R
Derrick Rose,https://www.basketball-reference.com/players/r/rosede01.html,R
Jalen Rose,https://www.basketball-reference.com/players/r/roseja01.html,R
Malik Rose,https://www.basketball-reference.com/players/r/rosema01.html,R
Rob Rose,https://www.basketball-reference.com/players/r/rosero01.html,R
Petey Rosenberg,https://www.basketball-reference.com/players/r/rosenpe01.html,R
Lennie Rosenbluth,https://www.basketball-reference.com/players/r/rosenle01.html,R
Hank Rosenstein,https://www.basketball-reference.com/players/r/rosenha01.html,R
Dick Rosenthal,https://www.basketball-reference.com/players/r/rosendi01.html,R
Quinton Ross,https://www.basketball-reference.com/players/r/rossqu01.html,R
Terrence Ross,https://www.basketball-reference.com/players/r/rosste01.html,R
Doug Roth,https://www.basketball-reference.com/players/r/rothdo01.html,R
Scott Roth,https://www.basketball-reference.com/players/r/rothsc01.html,R
Irv Rothenberg,https://www.basketball-reference.com/players/r/rotheir01.html,R
Mickey Rottner,https://www.basketball-reference.com/players/r/rottnmi01.html,R
Dan Roundfield,https://www.basketball-reference.com/players/r/roundda01.html,R
Giff Roux,https://www.basketball-reference.com/players/r/rouxgi01.html,R
Ron Rowan,https://www.basketball-reference.com/players/r/rowanro01.html,R
Curtis Rowe,https://www.basketball-reference.com/players/r/rowecu01.html,R
Jackson Rowe,https://www.basketball-reference.com/players/r/roweja01.html,R
Jim Rowinski,https://www.basketball-reference.com/players/r/rowinji01.html,R
Derrick Rowland,https://www.basketball-reference.com/players/r/rowlade01.html,R
Brian Rowsom,https://www.basketball-reference.com/players/r/rowsobr01.html,R
Brandon Roy,https://www.basketball-reference.com/players/r/roybr01.html,R
Donald Royal,https://www.basketball-reference.com/players/r/royaldo01.html,R
Reggie Royals,https://www.basketball-reference.com/players/r/royalre01.html,R
Bob Royer,https://www.basketball-reference.com/players/r/royerbo01.html,R
Clifford Rozier,https://www.basketball-reference.com/players/r/roziecl01.html,R
Terry Rozier,https://www.basketball-reference.com/players/r/roziete01.html,R
Ricky Rubio,https://www.basketball-reference.com/players/r/rubiori01.html,R
Guy Rucker,https://www.basketball-reference.com/players/r/ruckegu01.html,R
Delaney Rudd,https://www.basketball-reference.com/players/r/ruddde01.html,R
John Rudd,https://www.basketball-reference.com/players/r/ruddjo01.html,R
Damjan Rudež,https://www.basketball-reference.com/players/r/rudezda01.html,R
John Rudometkin,https://www.basketball-reference.com/players/r/rudomjo01.html,R
Michael Ruffin,https://www.basketball-reference.com/players/r/ruffimi01.html,R
Trevor Ruffin,https://www.basketball-reference.com/players/r/ruffitr01.html,R
Paul Ruffner,https://www.basketball-reference.com/players/r/ruffnpa01.html,R
Joe Ruklick,https://www.basketball-reference.com/players/r/ruklijo01.html,R
Jeff Ruland,https://www.basketball-reference.com/players/r/rulanje01.html,R
Bob Rule,https://www.basketball-reference.com/players/r/rulebo01.html,R
Jerry Rullo,https://www.basketball-reference.com/players/r/rulloje01.html,R
Rayan Rupert,https://www.basketball-reference.com/players/r/ruperra01.html,R
Stefano Rusconi,https://www.basketball-reference.com/players/r/ruscost01.html,R
Brandon Rush,https://www.basketball-reference.com/players/r/rushbr01.html,R
Kareem Rush,https://www.basketball-reference.com/players/r/rushka01.html,R
Bill Russell,https://www.basketball-reference.com/players/r/russebi01.html,R
Bryon Russell,https://www.basketball-reference.com/players/r/russebr01.html,R
Campy Russell,https://www.basketball-reference.com/players/r/russeca02.html,R
Cazzie Russell,https://www.basketball-reference.com/players/r/russeca01.html,R
D'Angelo Russell,https://www.basketball-reference.com/players/r/russeda01.html,R
Frank Russell,https://www.basketball-reference.com/players/r/russefr01.html,R
Pierre Russell,https://www.basketball-reference.com/players/r/russepi01.html,R
Rubin Russell,https://www.basketball-reference.com/players/r/russeru01.html,R
Walker Russell,https://www.basketball-reference.com/players/r/russewa01.html,R
Walker Russell,https://www.basketball-reference.com/players/r/russewa02.html,R
Matt Ryan,https://www.basketball-reference.com/players/r/ryanma01.html,R
Arvydas Sabonis,https://www.basketball-reference.com/players/s/sabonar01.html,S
Domantas Sabonis,https://www.basketball-reference.com/players/s/sabondo01.html,S
Robert Sacre,https://www.basketball-reference.com/players/s/sacrero01.html,S
Ed Sadowski,https://www.basketball-reference.com/players/s/sadowed01.html,S
Kenny Sailors,https://www.basketball-reference.com/players/s/sailoke01.html,S
Tidjane Salaün,https://www.basketball-reference.com/players/s/salauti01.html,S
John Salley,https://www.basketball-reference.com/players/s/sallejo01.html,S
John Salmons,https://www.basketball-reference.com/players/s/salmojo01.html,S
Al Salvadori,https://www.basketball-reference.com/players/s/salvaal01.html,S
Kevin Salvadori,https://www.basketball-reference.com/players/s/salvake01.html,S
Soumaila Samake,https://www.basketball-reference.com/players/s/samakso01.html,S
Luka Šamanić,https://www.basketball-reference.com/players/s/samanlu01.html,S
Cheikh Samb,https://www.basketball-reference.com/players/s/sambch01.html,S
Brandon Sampson,https://www.basketball-reference.com/players/s/sampsbr01.html,S
JaKarr Sampson,https://www.basketball-reference.com/players/s/sampsja02.html,S
Jamal Sampson,https://www.basketball-reference.com/players/s/sampsja01.html,S
Ralph Sampson,https://www.basketball-reference.com/players/s/sampsra01.html,S
Jermaine Samuels,https://www.basketball-reference.com/players/s/samueje01.html,S
Samardo Samuels,https://www.basketball-reference.com/players/s/samuesa01.html,S
Pepe Sánchez,https://www.basketball-reference.com/players/s/sanchpe01.html,S
Al Sanders,https://www.basketball-reference.com/players/s/sandeal01.html,S
Frankie Sanders,https://www.basketball-reference.com/players/s/sandefr01.html,S
Jeff Sanders,https://www.basketball-reference.com/players/s/sandeje01.html,S
Larry Sanders,https://www.basketball-reference.com/players/s/sandela01.html,S
Melvin Sanders,https://www.basketball-reference.com/players/s/sandeme01.html,S
Mike Sanders,https://www.basketball-reference.com/players/s/sandemi01.html,S
Tom Sanders,https://www.basketball-reference.com/players/s/sandeto01.html,S
Ron Sanford,https://www.basketball-reference.com/players/s/sanforo01.html,S
Adama Sanogo,https://www.basketball-reference.com/players/s/sanogad01.html,S
Daniel Santiago,https://www.basketball-reference.com/players/s/santida01.html,S
Bob Santini,https://www.basketball-reference.com/players/s/santibo01.html,S
Gui Santos,https://www.basketball-reference.com/players/s/santogu01.html,S
Wayne Sappleton,https://www.basketball-reference.com/players/s/sapplwa01.html,S
Dario Šarić,https://www.basketball-reference.com/players/s/saricda01.html,S
Alex Sarr,https://www.basketball-reference.com/players/s/sarral01.html,S
Olivier Sarr,https://www.basketball-reference.com/players/s/sarrol01.html,S
Jason Sasser,https://www.basketball-reference.com/players/s/sasseja01.html,S
Jeryl Sasser,https://www.basketball-reference.com/players/s/sasseje01.html,S
Marcus Sasser,https://www.basketball-reference.com/players/s/sassema01.html,S
Tomáš Satoranský,https://www.basketball-reference.com/players/s/satorto01.html,S
Kenny Satterfield,https://www.basketball-reference.com/players/s/satteke01.html,S
Pep Saul,https://www.basketball-reference.com/players/s/saulpe01.html,S
Woody Sauldsberry,https://www.basketball-reference.com/players/s/sauldwo01.html,S
Glynn Saulters,https://www.basketball-reference.com/players/s/saultgl01.html,S
Fred Saunders,https://www.basketball-reference.com/players/s/saundfr01.html,S
Don Savage,https://www.basketball-reference.com/players/s/savagdo01.html,S
Predrag Savović,https://www.basketball-reference.com/players/s/savovpr01.html,S
Alan Sawyer,https://www.basketball-reference.com/players/s/sawyeal01.html,S
Brian Scalabrine,https://www.basketball-reference.com/players/s/scalabr01.html,S
Alex Scales,https://www.basketball-reference.com/players/s/scaleal01.html,S
DeWayne Scales,https://www.basketball-reference.com/players/s/scalede01.html,S
Frank Schade,https://www.basketball-reference.com/players/s/schadfr01.html,S
Ben Schadler,https://www.basketball-reference.com/players/s/schadbe01.html,S
Herm Schaefer,https://www.basketball-reference.com/players/s/schaehe01.html,S
Billy Schaeffer,https://www.basketball-reference.com/players/s/schaebi01.html,S
Bob Schafer,https://www.basketball-reference.com/players/s/schafbo01.html,S
Jordan Schakel,https://www.basketball-reference.com/players/s/schakjo01.html,S
Ben Scharnus,https://www.basketball-reference.com/players/s/scharbe01.html,S
Marv Schatzman,https://www.basketball-reference.com/players/s/schatma01.html,S
Fred Schaus,https://www.basketball-reference.com/players/s/schaufr01.html,S
Danny Schayes,https://www.basketball-reference.com/players/s/schayda01.html,S
Dolph Schayes,https://www.basketball-reference.com/players/s/schaydo01.html,S
Ossie Schectman,https://www.basketball-reference.com/players/s/schecos01.html,S
Steve Scheffler,https://www.basketball-reference.com/players/s/schefst01.html,S
Tom Scheffler,https://www.basketball-reference.com/players/s/schefto01.html,S
Baylor Scheierman,https://www.basketball-reference.com/players/s/scheiba01.html,S
Dave Schellhase,https://www.basketball-reference.com/players/s/schelda01.html,S
Luke Schenscher,https://www.basketball-reference.com/players/s/schenlu01.html,S
Herb Scherer,https://www.basketball-reference.com/players/s/scherhe01.html,S
Dwayne Schintzius,https://www.basketball-reference.com/players/s/schindw01.html,S
Dale Schlueter,https://www.basketball-reference.com/players/s/schluda01.html,S
Otto Schnellbacher,https://www.basketball-reference.com/players/s/schneot01.html,S
Dick Schnittker,https://www.basketball-reference.com/players/s/schnidi01.html,S
Russ Schoene,https://www.basketball-reference.com/players/s/schoeru01.html,S
Admiral Schofield,https://www.basketball-reference.com/players/s/schofad01.html,S
Dave Scholz,https://www.basketball-reference.com/players/s/scholda01.html,S
Milt Schoon,https://www.basketball-reference.com/players/s/schoomi01.html,S
Detlef Schrempf,https://www.basketball-reference.com/players/s/schrede01.html,S
Dennis Schröder,https://www.basketball-reference.com/players/s/schrode01.html,S
Howie Schultz,https://www.basketball-reference.com/players/s/schulho01.html,S
Dick Schulz,https://www.basketball-reference.com/players/s/schuldi01.html,S
Roger Schurig,https://www.basketball-reference.com/players/s/schurro01.html,S
John Schweitz,https://www.basketball-reference.com/players/s/schwejo01.html,S
Luis Scola,https://www.basketball-reference.com/players/s/scolalu01.html,S
Fred Scolari,https://www.basketball-reference.com/players/s/scolafr01.html,S
Alvin Scott,https://www.basketball-reference.com/players/s/scottal01.html,S
Brent Scott,https://www.basketball-reference.com/players/s/scottbr01.html,S
Byron Scott,https://www.basketball-reference.com/players/s/scottby01.html,S
Charlie Scott,https://www.basketball-reference.com/players/s/scottch01.html,S
Dennis Scott,https://www.basketball-reference.com/players/s/scottde01.html,S
James Scott,https://www.basketball-reference.com/players/s/scottja01.html,S
Mike Scott,https://www.basketball-reference.com/players/s/scottmi01.html,S
Ray Scott,https://www.basketball-reference.com/players/s/scottra01.html,S
Shawnelle Scott,https://www.basketball-reference.com/players/s/scottsh01.html,S
Tre Scott,https://www.basketball-reference.com/players/s/scotttr01.html,S
Willie Scott,https://www.basketball-reference.com/players/s/scottwi01.html,S
Paul Scranton,https://www.basketball-reference.com/players/s/scranpa01.html,S
Jay Scrubb,https://www.basketball-reference.com/players/s/scrubja01.html,S
Carey Scurry,https://www.basketball-reference.com/players/s/scurrca01.html,S
Dereon Seabron,https://www.basketball-reference.com/players/s/seabrde01.html,S
Bruce Seals,https://www.basketball-reference.com/players/s/sealsbr01.html,S
Shea Seals,https://www.basketball-reference.com/players/s/sealssh01.html,S
Malik Sealy,https://www.basketball-reference.com/players/s/sealyma01.html,S
Ed Searcy,https://www.basketball-reference.com/players/s/searced01.html,S
Kenny Sears,https://www.basketball-reference.com/players/s/searske01.html,S
Wayne See,https://www.basketball-reference.com/players/s/seewa01.html,S
Thabo Sefolosha,https://www.basketball-reference.com/players/s/sefolth01.html,S
Rony Seikaly,https://www.basketball-reference.com/players/s/seikaro01.html,S
Glen Selbo,https://www.basketball-reference.com/players/s/selbogl01.html,S
Josh Selby,https://www.basketball-reference.com/players/s/selbyjo01.html,S
Wayne Selden,https://www.basketball-reference.com/players/s/seldewa01.html,S
Brad Sellers,https://www.basketball-reference.com/players/s/sellebr01.html,S
Phil Sellers,https://www.basketball-reference.com/players/s/selleph01.html,S
Rollie Seltz,https://www.basketball-reference.com/players/s/seltzro01.html,S
Les Selvage,https://www.basketball-reference.com/players/s/selvale01.html,S
Frank Selvy,https://www.basketball-reference.com/players/s/selvyfr01.html,S
Jim Seminoff,https://www.basketball-reference.com/players/s/seminji01.html,S
Mouhamed Sene,https://www.basketball-reference.com/players/s/senesa01.html,S
George Senesky,https://www.basketball-reference.com/players/s/senesge01.html,S
Alperen Şengün,https://www.basketball-reference.com/players/s/sengual01.html,S
Brice Sensabaugh,https://www.basketball-reference.com/players/s/sensabr01.html,S
Kevin Séraphin,https://www.basketball-reference.com/players/s/serapke01.html,S
Ansu Sesay,https://www.basketball-reference.com/players/s/sesayan01.html,S
Ramon Sessions,https://www.basketball-reference.com/players/s/sessira01.html,S
Ha Seung-Jin,https://www.basketball-reference.com/players/s/seungha01.html,S
Tom Sewell,https://www.basketball-reference.com/players/s/sewelto01.html,S
Collin Sexton,https://www.basketball-reference.com/players/s/sextoco01.html,S
Paul Seymour,https://www.basketball-reference.com/players/s/seymopa01.html,S
Nick Shaback,https://www.basketball-reference.com/players/s/shabani01.html,S
Lynn Shackelford,https://www.basketball-reference.com/players/s/shackly01.html,S
Charles Shackleford,https://www.basketball-reference.com/players/s/shackch01.html,S
Carl Shaeffer,https://www.basketball-reference.com/players/s/shaefca01.html,S
Lee Shaffer,https://www.basketball-reference.com/players/s/shaffle01.html,S
Mustafa Shakur,https://www.basketball-reference.com/players/s/shakumu01.html,S
Landry Shamet,https://www.basketball-reference.com/players/s/shamela01.html,S
God Shammgod,https://www.basketball-reference.com/players/s/shammgo01.html,S
Earl Shannon,https://www.basketball-reference.com/players/s/shannea01.html,S
Howie Shannon,https://www.basketball-reference.com/players/s/shannho01.html,S
Terrence Shannon Jr.,https://www.basketball-reference.com/players/s/shannte01.html,S
Chuck Share,https://www.basketball-reference.com/players/s/sharech01.html,S
Bill Sharman,https://www.basketball-reference.com/players/s/sharmbi01.html,S
Day'Ron Sharpe,https://www.basketball-reference.com/players/s/sharpda01.html,S
Shaedon Sharpe,https://www.basketball-reference.com/players/s/sharpsh01.html,S
Walter Sharpe,https://www.basketball-reference.com/players/s/sharpwa01.html,S
John Shasky,https://www.basketball-reference.com/players/s/shaskjo01.html,S
Ron Shavlik,https://www.basketball-reference.com/players/s/shavlro01.html,S
Brian Shaw,https://www.basketball-reference.com/players/s/shawbr01.html,S
Casey Shaw,https://www.basketball-reference.com/players/s/shawca01.html,S
Marial Shayok,https://www.basketball-reference.com/players/s/shayoma01.html,S
Bob Shea,https://www.basketball-reference.com/players/s/sheabo01.html,S
Jamal Shead,https://www.basketball-reference.com/players/s/sheadja01.html,S
Fred Sheffield,https://www.basketball-reference.com/players/s/shefffr01.html,S
Craig Shelton,https://www.basketball-reference.com/players/s/sheltcr01.html,S
Lonnie Shelton,https://www.basketball-reference.com/players/s/sheltlo01.html,S
Tornike Shengelia,https://www.basketball-reference.com/players/s/shengto01.html,S
Billy Shepherd,https://www.basketball-reference.com/players/s/shephbi01.html,S
Ben Sheppard,https://www.basketball-reference.com/players/s/sheppbe01.html,S
Jeff Sheppard,https://www.basketball-reference.com/players/s/sheppje01.html,S
Reed Sheppard,https://www.basketball-reference.com/players/s/sheppre01.html,S
Steve Sheppard,https://www.basketball-reference.com/players/s/sheppst01.html,S
Ed Sherod,https://www.basketball-reference.com/players/s/sheroed01.html,S
Charley Shipp,https://www.basketball-reference.com/players/s/shippch01.html,S
Paul Shirley,https://www.basketball-reference.com/players/s/shirlpa01.html,S
Gene Short,https://www.basketball-reference.com/players/s/shortge01.html,S
Purvis Short,https://www.basketball-reference.com/players/s/shortpu01.html,S
Dexter Shouse,https://www.basketball-reference.com/players/s/shousde01.html,S
Dick Shrider,https://www.basketball-reference.com/players/s/shriddi01.html,S
Gene Shue,https://www.basketball-reference.com/players/s/shuege01.html,S
John Shumate,https://www.basketball-reference.com/players/s/shumajo01.html,S
Iman Shumpert,https://www.basketball-reference.com/players/s/shumpim01.html,S
Alexey Shved,https://www.basketball-reference.com/players/s/shvedal01.html,S
Pascal Siakam,https://www.basketball-reference.com/players/s/siakapa01.html,S
Jordan Sibert,https://www.basketball-reference.com/players/s/siberjo01.html,S
Sam Sibert,https://www.basketball-reference.com/players/s/sibersa01.html,S
Mark Sibley,https://www.basketball-reference.com/players/s/siblema01.html,S
Jerry Sichting,https://www.basketball-reference.com/players/s/sichtje01.html,S
Don Sidle,https://www.basketball-reference.com/players/s/sidledo01.html,S
Larry Siegfried,https://www.basketball-reference.com/players/s/siegfla01.html,S
Ralph Siewert,https://www.basketball-reference.com/players/s/siewera01.html,S
Jack Sikma,https://www.basketball-reference.com/players/s/sikmaja01.html,S
James Silas,https://www.basketball-reference.com/players/s/silasja01.html,S
Paul Silas,https://www.basketball-reference.com/players/s/silaspa01.html,S
Xavier Silas,https://www.basketball-reference.com/players/s/silasxa01.html,S
Garret Siler,https://www.basketball-reference.com/players/s/silerga01.html,S
Mike Silliman,https://www.basketball-reference.com/players/s/sillimi01.html,S
Chris Silva,https://www.basketball-reference.com/players/s/silvach01.html,S
Wayne Simien,https://www.basketball-reference.com/players/s/simiewa01.html,S
Ben Simmons,https://www.basketball-reference.com/players/s/simmobe01.html,S
Bobby Simmons,https://www.basketball-reference.com/players/s/simmobo01.html,S
Cedric Simmons,https://www.basketball-reference.com/players/s/simmoce01.html,S
Connie Simmons,https://www.basketball-reference.com/players/s/simmoco01.html,S
Grant Simmons,https://www.basketball-reference.com/players/s/simmogr01.html,S
Johnny Simmons,https://www.basketball-reference.com/players/s/simmojo01.html,S
Jonathon Simmons,https://www.basketball-reference.com/players/s/simmojo02.html,S
Kobi Simmons,https://www.basketball-reference.com/players/s/simmoko01.html,S
Lionel Simmons,https://www.basketball-reference.com/players/s/simmoli01.html,S
Miles Simon,https://www.basketball-reference.com/players/s/simonmi01.html,S
Walt Simon,https://www.basketball-reference.com/players/s/simonwa01.html,S
Marko Simonovic,https://www.basketball-reference.com/players/s/simonma01.html,S
Anfernee Simons,https://www.basketball-reference.com/players/s/simonan01.html,S
Dickey Simpkins,https://www.basketball-reference.com/players/s/simpkdi01.html,S
KJ Simpson,https://www.basketball-reference.com/players/s/simpskj01.html,S
Ralph Simpson,https://www.basketball-reference.com/players/s/simpsra01.html,S
Zavier Simpson,https://www.basketball-reference.com/players/s/simpsza01.html,S
Alvin Sims,https://www.basketball-reference.com/players/s/simsal01.html,S
Bob Sims,https://www.basketball-reference.com/players/s/simsbo01.html,S
Courtney Sims,https://www.basketball-reference.com/players/s/simsco01.html,S
Doug Sims,https://www.basketball-reference.com/players/s/simsdo01.html,S
Henry Sims,https://www.basketball-reference.com/players/s/simshe01.html,S
Jaylen Sims,https://www.basketball-reference.com/players/s/simsja01.html,S
Jericho Sims,https://www.basketball-reference.com/players/s/simsje01.html,S
Scott Sims,https://www.basketball-reference.com/players/s/simssc01.html,S
Kyle Singler,https://www.basketball-reference.com/players/s/singlky01.html,S
Sean Singletary,https://www.basketball-reference.com/players/s/singlse01.html,S
Chris Singleton,https://www.basketball-reference.com/players/s/singlch01.html,S
James Singleton,https://www.basketball-reference.com/players/s/singlja01.html,S
McKinley Singleton,https://www.basketball-reference.com/players/s/singlmc01.html,S
Zeke Sinicola,https://www.basketball-reference.com/players/s/sinicze01.html,S
Deividas Sirvydis,https://www.basketball-reference.com/players/s/sirvyde01.html,S
Charlie Sitton,https://www.basketball-reference.com/players/s/sittoch01.html,S
Peyton Siva,https://www.basketball-reference.com/players/s/sivape01.html,S
Dmytro Skapintsev,https://www.basketball-reference.com/players/s/skapidm01.html,S
Scott Skiles,https://www.basketball-reference.com/players/s/skilesc01.html,S
Al Skinner,https://www.basketball-reference.com/players/s/skinnal01.html,S
Brian Skinner,https://www.basketball-reference.com/players/s/skinnbr01.html,S
Tal Skinner,https://www.basketball-reference.com/players/s/skinnta01.html,S
Whitey Skoog,https://www.basketball-reference.com/players/s/skoogwh01.html,S
Jeff Slade,https://www.basketball-reference.com/players/s/sladeje01.html,S
Reggie Slater,https://www.basketball-reference.com/players/s/slatere01.html,S
Jim Slaughter,https://www.basketball-reference.com/players/s/slaugji01.html,S
Jose Slaughter,https://www.basketball-reference.com/players/s/slaugjo01.html,S
Jalen Slawson,https://www.basketball-reference.com/players/s/slawsja01.html,S
Tamar Slay,https://www.basketball-reference.com/players/s/slayta01.html,S
Donald Sloan,https://www.basketball-reference.com/players/s/sloando01.html,S
Jerry Sloan,https://www.basketball-reference.com/players/s/sloanje01.html,S
Uroš Slokar,https://www.basketball-reference.com/players/s/slokaur01.html,S
Tom Sluby,https://www.basketball-reference.com/players/s/slubyto01.html,S
Alen Smailagić,https://www.basketball-reference.com/players/s/smailal01.html,S
Javonte Smart,https://www.basketball-reference.com/players/s/smartja01.html,S
Keith Smart,https://www.basketball-reference.com/players/s/smartke01.html,S
Marcus Smart,https://www.basketball-reference.com/players/s/smartma01.html,S
Belus Smawley,https://www.basketball-reference.com/players/s/smawlbe01.html,S
Jack Smiley,https://www.basketball-reference.com/players/s/smileja01.html,S
Adrian Smith,https://www.basketball-reference.com/players/s/smithad01.html,S
Al Smith,https://www.basketball-reference.com/players/s/smithal01.html,S
Bill Smith,https://www.basketball-reference.com/players/s/smithbi01.html,S
Bingo Smith,https://www.basketball-reference.com/players/s/smithbi02.html,S
Bobby Smith,https://www.basketball-reference.com/players/s/smithbo01.html,S
Charles Smith,https://www.basketball-reference.com/players/s/smithch01.html,S
Charles Smith,https://www.basketball-reference.com/players/s/smithch02.html,S
Charles Smith,https://www.basketball-reference.com/players/s/smithch04.html,S
Chris Smith,https://www.basketball-reference.com/players/s/smithch03.html,S
Chris Smith,https://www.basketball-reference.com/players/s/smithch05.html,S
Clinton Smith,https://www.basketball-reference.com/players/s/smithcl01.html,S
Craig Smith,https://www.basketball-reference.com/players/s/smithcr01.html,S
Deb Smith,https://www.basketball-reference.com/players/s/smithde01.html,S
Dennis Smith Jr.,https://www.basketball-reference.com/players/s/smithde03.html,S
Derek Smith,https://www.basketball-reference.com/players/s/smithde02.html,S
Don Smith,https://www.basketball-reference.com/players/s/smithdo01.html,S
Don Smith,https://www.basketball-reference.com/players/s/smithdo02.html,S
Donta Smith,https://www.basketball-reference.com/players/s/smithdo04.html,S
Doug Smith,https://www.basketball-reference.com/players/s/smithdo03.html,S
Dru Smith,https://www.basketball-reference.com/players/s/smithdr01.html,S
Ed Smith,https://www.basketball-reference.com/players/s/smithed01.html,S
Elmore Smith,https://www.basketball-reference.com/players/s/smithel01.html,S
Garfield Smith,https://www.basketball-reference.com/players/s/smithga01.html,S
Greg Smith,https://www.basketball-reference.com/players/s/smithgr01.html,S
Greg Smith,https://www.basketball-reference.com/players/s/smithgr02.html,S
Ish Smith,https://www.basketball-reference.com/players/s/smithis01.html,S
J.R. Smith,https://www.basketball-reference.com/players/s/smithjr01.html,S
Jabari Smith,https://www.basketball-reference.com/players/s/smithja01.html,S
Jabari Smith Jr.,https://www.basketball-reference.com/players/s/smithja05.html,S
Jalen Smith,https://www.basketball-reference.com/players/s/smithja04.html,S
Jason Smith,https://www.basketball-reference.com/players/s/smithja02.html,S
Jerry Smith,https://www.basketball-reference.com/players/s/smithje01.html,S
Jim Smith,https://www.basketball-reference.com/players/s/smithji01.html,S
Joe Smith,https://www.basketball-reference.com/players/s/smithjo02.html,S
John Smith,https://www.basketball-reference.com/players/s/smithjo01.html,S
Josh Smith,https://www.basketball-reference.com/players/s/smithjo03.html,S
Keith Smith,https://www.basketball-reference.com/players/s/smithke03.html,S
Ken Smith,https://www.basketball-reference.com/players/s/smithke02.html,S
Kenny Smith,https://www.basketball-reference.com/players/s/smithke01.html,S
LaBradford Smith,https://www.basketball-reference.com/players/s/smithla02.html,S
Larry Smith,https://www.basketball-reference.com/players/s/smithla01.html,S
Leon Smith,https://www.basketball-reference.com/players/s/smithle01.html,S
Michael Smith,https://www.basketball-reference.com/players/s/smithmi01.html,S
Michael Smith,https://www.basketball-reference.com/players/s/smithmi02.html,S
Mike Smith,https://www.basketball-reference.com/players/s/smithmi03.html,S
Nick Smith Jr.,https://www.basketball-reference.com/players/s/smithni01.html,S
Nolan Smith,https://www.basketball-reference.com/players/s/smithno01.html,S
Otis Smith,https://www.basketball-reference.com/players/s/smithot01.html,S
Pete Smith,https://www.basketball-reference.com/players/s/smithpe01.html,S
Phil Smith,https://www.basketball-reference.com/players/s/smithph01.html,S
Randy Smith,https://www.basketball-reference.com/players/s/smithra01.html,S
Reggie Smith,https://www.basketball-reference.com/players/s/smithre01.html,S
Robert Smith,https://www.basketball-reference.com/players/s/smithro01.html,S
Russ Smith,https://www.basketball-reference.com/players/s/smithru01.html,S
Sam Smith,https://www.basketball-reference.com/players/s/smithsa01.html,S
Sam Smith,https://www.basketball-reference.com/players/s/smithsa02.html,S
Steve Smith,https://www.basketball-reference.com/players/s/smithst01.html,S
Steven Smith,https://www.basketball-reference.com/players/s/smithst03.html,S
Stevin Smith,https://www.basketball-reference.com/players/s/smithst02.html,S
Terquavion Smith,https://www.basketball-reference.com/players/s/smithte01.html,S
Theron Smith,https://www.basketball-reference.com/players/s/smithth01.html,S
Tolu Smith,https://www.basketball-reference.com/players/s/smithto05.html,S
Tony Smith,https://www.basketball-reference.com/players/s/smithto02.html,S
Tyler Smith,https://www.basketball-reference.com/players/s/smithty02.html,S
William Smith,https://www.basketball-reference.com/players/s/smithwi01.html,S
Willie Smith,https://www.basketball-reference.com/players/s/smithwi02.html,S
Zhaire Smith,https://www.basketball-reference.com/players/s/smithzh01.html,S
Rik Smits,https://www.basketball-reference.com/players/s/smitsri01.html,S
Mike Smrek,https://www.basketball-reference.com/players/s/smrekmi01.html,S
Joe Smyth,https://www.basketball-reference.com/players/s/smythjo01.html,S
Xavier Sneed,https://www.basketball-reference.com/players/s/sneedxa01.html,S
Tony Snell,https://www.basketball-reference.com/players/s/snellto01.html,S
Eric Snow,https://www.basketball-reference.com/players/s/snower01.html,S
Dick Snyder,https://www.basketball-reference.com/players/s/snydedi01.html,S
Kirk Snyder,https://www.basketball-reference.com/players/s/snydeki01.html,S
Chips Sobek,https://www.basketball-reference.com/players/s/sobekch01.html,S
Ricky Sobers,https://www.basketball-reference.com/players/s/soberri01.html,S
Ron Sobie,https://www.basketball-reference.com/players/s/sobiero01.html,S
Jeremy Sochan,https://www.basketball-reference.com/players/s/sochaje01.html,S
Mike Sojourner,https://www.basketball-reference.com/players/s/sojoumi01.html,S
Willie Sojourner,https://www.basketball-reference.com/players/s/sojouwi01.html,S
Will Solomon,https://www.basketball-reference.com/players/s/solomwi01.html,S
Willie Somerset,https://www.basketball-reference.com/players/s/somerwi01.html,S
Darius Songaila,https://www.basketball-reference.com/players/s/songada01.html,S
Dave Sorenson,https://www.basketball-reference.com/players/s/sorenda01.html,S
James Southerland,https://www.basketball-reference.com/players/s/southja01.html,S
Gino Sovran,https://www.basketball-reference.com/players/s/sovragi01.html,S
Pape Sow,https://www.basketball-reference.com/players/s/sowpa01.html,S
Ken Spain,https://www.basketball-reference.com/players/s/spainke01.html,S
Ray Spalding,https://www.basketball-reference.com/players/s/spaldra01.html,S
Jim Spanarkel,https://www.basketball-reference.com/players/s/spanaji01.html,S
Vassilis Spanoulis,https://www.basketball-reference.com/players/s/spanova01.html,S
Dan Sparks,https://www.basketball-reference.com/players/s/sparkda01.html,S
Guy Sparrow,https://www.basketball-reference.com/players/s/sparrgu01.html,S
Rory Sparrow,https://www.basketball-reference.com/players/s/sparrro01.html,S
Odie Spears,https://www.basketball-reference.com/players/s/spearod01.html,S
Art Spector,https://www.basketball-reference.com/players/s/spectar01.html,S
Marreese Speights,https://www.basketball-reference.com/players/s/speigma01.html,S
Omari Spellman,https://www.basketball-reference.com/players/s/spellom01.html,S
Andre Spencer,https://www.basketball-reference.com/players/s/spencan01.html,S
Cam Spencer,https://www.basketball-reference.com/players/s/spencca01.html,S
Elmore Spencer,https://www.basketball-reference.com/players/s/spencel01.html,S
Felton Spencer,https://www.basketball-reference.com/players/s/spencfe01.html,S
Pat Spencer,https://www.basketball-reference.com/players/s/spencpa01.html,S
Lou Spicer,https://www.basketball-reference.com/players/s/spicelo01.html,S
Craig Spitzer,https://www.basketball-reference.com/players/s/spitzcr01.html,S
Tiago Splitter,https://www.basketball-reference.com/players/s/splitti01.html,S
Art Spoelstra,https://www.basketball-reference.com/players/s/spoelar01.html,S
Bruce Spraggins,https://www.basketball-reference.com/players/s/spragbr01.html,S
Latrell Sprewell,https://www.basketball-reference.com/players/s/sprewla01.html,S
Larry Spriggs,https://www.basketball-reference.com/players/s/sprigla01.html,S
Jaden Springer,https://www.basketball-reference.com/players/s/sprinja01.html,S
Jim Springer,https://www.basketball-reference.com/players/s/sprinji01.html,S
Jim Spruill,https://www.basketball-reference.com/players/s/spruiji01.html,S
Ryan Stack,https://www.basketball-reference.com/players/s/stackry01.html,S
Jerry Stackhouse,https://www.basketball-reference.com/players/s/stackje01.html,S
Kevin Stacom,https://www.basketball-reference.com/players/s/stacoke01.html,S
Erv Staggs,https://www.basketball-reference.com/players/s/stagger01.html,S
Bud Stallworth,https://www.basketball-reference.com/players/s/stallbu01.html,S
Dave Stallworth,https://www.basketball-reference.com/players/s/stallda01.html,S
Ed Stanczak,https://www.basketball-reference.com/players/s/stanced01.html,S
Cassius Stanley,https://www.basketball-reference.com/players/s/stanlca01.html,S
Terence Stansbury,https://www.basketball-reference.com/players/s/stanste01.html,S
John Starks,https://www.basketball-reference.com/players/s/starkjo01.html,S
Keith Starr,https://www.basketball-reference.com/players/s/starrke01.html,S
Nik Stauskas,https://www.basketball-reference.com/players/s/stausni01.html,S
Larry Staverman,https://www.basketball-reference.com/players/s/stavela01.html,S
Larry Steele,https://www.basketball-reference.com/players/s/steella01.html,S
Matt Steigenga,https://www.basketball-reference.com/players/s/steigma01.html,S
Vladimir Stepania,https://www.basketball-reference.com/players/s/stepavl01.html,S
D.J. Stephens,https://www.basketball-reference.com/players/s/stephdj01.html,S
Everette Stephens,https://www.basketball-reference.com/players/s/stephev01.html,S
Jack Stephens,https://www.basketball-reference.com/players/s/stephja01.html,S
Joe Stephens,https://www.basketball-reference.com/players/s/stephjo01.html,S
Lance Stephenson,https://www.basketball-reference.com/players/s/stephla01.html,S
Alex Stepheson,https://www.basketball-reference.com/players/s/stephal01.html,S
Brook Steppe,https://www.basketball-reference.com/players/s/steppbr01.html,S
Barry Stevens,https://www.basketball-reference.com/players/s/steveba01.html,S
Isaiah Stevens,https://www.basketball-reference.com/players/s/steveis01.html,S
Lamar Stevens,https://www.basketball-reference.com/players/s/stevela01.html,S
Wayne Stevens,https://www.basketball-reference.com/players/s/stevewa01.html,S
DeShawn Stevenson,https://www.basketball-reference.com/players/s/stevede01.html,S
Dennis Stewart,https://www.basketball-reference.com/players/s/stewade01.html,S
Isaiah Stewart,https://www.basketball-reference.com/players/s/stewais01.html,S
Kebu Stewart,https://www.basketball-reference.com/players/s/stewake01.html,S
Larry Stewart,https://www.basketball-reference.com/players/s/stewala01.html,S
Michael Stewart,https://www.basketball-reference.com/players/s/stewami01.html,S
Norm Stewart,https://www.basketball-reference.com/players/s/stewano01.html,S
Greg Stiemsma,https://www.basketball-reference.com/players/s/stiemgr01.html,S
Steve Stipanovich,https://www.basketball-reference.com/players/s/stipast01.html,S
Bryant Stith,https://www.basketball-reference.com/players/s/stithbr01.html,S
Sam Stith,https://www.basketball-reference.com/players/s/stithsa01.html,S
Tom Stith,https://www.basketball-reference.com/players/s/stithto01.html,S
Alex Stivrins,https://www.basketball-reference.com/players/s/stivral01.html,S
David Stockton,https://www.basketball-reference.com/players/s/stockda01.html,S
John Stockton,https://www.basketball-reference.com/players/s/stockjo01.html,S
Peja Stojaković,https://www.basketball-reference.com/players/s/stojape01.html,S
Ed Stokes,https://www.basketball-reference.com/players/s/stokeed01.html,S
Greg Stokes,https://www.basketball-reference.com/players/s/stokegr01.html,S
Jarnell Stokes,https://www.basketball-reference.com/players/s/stokeja01.html,S
Maurice Stokes,https://www.basketball-reference.com/players/s/stokema01.html,S
Art Stolkey,https://www.basketball-reference.com/players/s/stolkar01.html,S
Randy Stoll,https://www.basketball-reference.com/players/s/stollra01.html,S
Diamond Stone,https://www.basketball-reference.com/players/s/stonedi01.html,S
George Stone,https://www.basketball-reference.com/players/s/stonege01.html,S
Julyan Stone,https://www.basketball-reference.com/players/s/stoneju01.html,S
Awvee Storey,https://www.basketball-reference.com/players/s/storeaw01.html,S
Damon Stoudamire,https://www.basketball-reference.com/players/s/stoudda01.html,S
Salim Stoudamire,https://www.basketball-reference.com/players/s/stoudsa01.html,S
Amar'e Stoudemire,https://www.basketball-reference.com/players/s/stoudam01.html,S
Paul Stovall,https://www.basketball-reference.com/players/s/stovapa01.html,S
D.J. Strawberry,https://www.basketball-reference.com/players/s/strawdj01.html,S
Joe Strawder,https://www.basketball-reference.com/players/s/strawjo01.html,S
Julian Strawther,https://www.basketball-reference.com/players/s/strawju01.html,S
Bill Stricker,https://www.basketball-reference.com/players/s/stricbi01.html,S
Erick Strickland,https://www.basketball-reference.com/players/s/stricer01.html,S
Mark Strickland,https://www.basketball-reference.com/players/s/stricma01.html,S
Rod Strickland,https://www.basketball-reference.com/players/s/stricro02.html,S
Roger Strickland,https://www.basketball-reference.com/players/s/stricro01.html,S
John Stroeder,https://www.basketball-reference.com/players/s/stroejo01.html,S
Derek Strong,https://www.basketball-reference.com/players/s/stronde01.html,S
Lamont Strothers,https://www.basketball-reference.com/players/s/strotla01.html,S
John Stroud,https://www.basketball-reference.com/players/s/stroujo01.html,S
Red Stroud,https://www.basketball-reference.com/players/s/stroure01.html,S
Max Strus,https://www.basketball-reference.com/players/s/strusma01.html,S
Rodney Stuckey,https://www.basketball-reference.com/players/s/stuckro01.html,S
Gene Stump,https://www.basketball-reference.com/players/s/stumpge01.html,S
Stan Stutz,https://www.basketball-reference.com/players/s/stutzst01.html,S
Jalen Suggs,https://www.basketball-reference.com/players/s/suggsja01.html,S
Gary Suiter,https://www.basketball-reference.com/players/s/suitega01.html,S
Jared Sullinger,https://www.basketball-reference.com/players/s/sullija01.html,S
DaJuan Summers,https://www.basketball-reference.com/players/s/summeda01.html,S
Edmond Sumner,https://www.basketball-reference.com/players/s/sumneed01.html,S
Barry Sumpter,https://www.basketball-reference.com/players/s/sumptba01.html,S
Don Sunderlage,https://www.basketball-reference.com/players/s/sundedo01.html,S
Bruno Šundov,https://www.basketball-reference.com/players/s/sundobr01.html,S
Jon Sundvold,https://www.basketball-reference.com/players/s/sundvjo01.html,S
Bob Sura,https://www.basketball-reference.com/players/s/surabo01.html,S
Dick Surhoff,https://www.basketball-reference.com/players/s/surhodi01.html,S
George Sutor,https://www.basketball-reference.com/players/s/sutorge01.html,S
Dane Suttle,https://www.basketball-reference.com/players/s/suttlda01.html,S
Greg Sutton,https://www.basketball-reference.com/players/s/suttogr01.html,S
Keith Swagerty,https://www.basketball-reference.com/players/s/swageke01.html,S
Bennie Swain,https://www.basketball-reference.com/players/s/swainbe01.html,S
Caleb Swanigan,https://www.basketball-reference.com/players/s/swanica01.html,S
Norm Swanson,https://www.basketball-reference.com/players/s/swansno01.html,S
Dan Swartz,https://www.basketball-reference.com/players/s/swartda01.html,S
Mike Sweetney,https://www.basketball-reference.com/players/s/sweetmi01.html,S
Cole Swider,https://www.basketball-reference.com/players/s/swideco01.html,S
Robert Swift,https://www.basketball-reference.com/players/s/swiftro01.html,S
Skeeter Swift,https://www.basketball-reference.com/players/s/swiftsk01.html,S
Stromile Swift,https://www.basketball-reference.com/players/s/swiftst01.html,S
Aaron Swinson,https://www.basketball-reference.com/players/s/swinsaa01.html,S
Craig Sword,https://www.basketball-reference.com/players/s/swordcr01.html,S
Pape Sy,https://www.basketball-reference.com/players/s/sypa01.html,S
Buck Sydnor,https://www.basketball-reference.com/players/s/sydnobu01.html,S
Keifer Sykes,https://www.basketball-reference.com/players/s/sykeske01.html,S
Larry Sykes,https://www.basketball-reference.com/players/s/sykesla01.html,S
Brett Szabo,https://www.basketball-reference.com/players/s/szabobr01.html,S
Wally Szczerbiak,https://www.basketball-reference.com/players/s/szczewa02.html,S
Walt Szczerbiak,https://www.basketball-reference.com/players/s/szczewa01.html,S
Žan Tabak,https://www.basketball-reference.com/players/t/tabakza01.html,T
Yuta Tabuse,https://www.basketball-reference.com/players/t/tabusyu01.html,T
Chris Taft,https://www.basketball-reference.com/players/t/taftch01.html,T
Sid Tanenbaum,https://www.basketball-reference.com/players/t/tanensi01.html,T
Dragan Tarlać,https://www.basketball-reference.com/players/t/tarladr01.html,T
Roy Tarpley,https://www.basketball-reference.com/players/t/tarplro01.html,T
Levern Tart,https://www.basketball-reference.com/players/t/tartle01.html,T
Jae'Sean Tate,https://www.basketball-reference.com/players/t/tateja01.html,T
Earl Tatum,https://www.basketball-reference.com/players/t/tatumea01.html,T
Jayson Tatum,https://www.basketball-reference.com/players/t/tatumja01.html,T
Edy Tavares,https://www.basketball-reference.com/players/t/tavarwa01.html,T
Anthony Taylor,https://www.basketball-reference.com/players/t/tayloan01.html,T
Brian Taylor,https://www.basketball-reference.com/players/t/taylobr01.html,T
Donell Taylor,https://www.basketball-reference.com/players/t/taylodo01.html,T
Fatty Taylor,https://www.basketball-reference.com/players/t/taylofa01.html,T
Fred Taylor,https://www.basketball-reference.com/players/t/taylofr01.html,T
Isaiah Taylor,https://www.basketball-reference.com/players/t/taylois01.html,T
Jay Taylor,https://www.basketball-reference.com/players/t/tayloja01.html,T
Jeff Taylor,https://www.basketball-reference.com/players/t/tayloje01.html,T
Jeff Taylor,https://www.basketball-reference.com/players/t/tayloje03.html,T
Jermaine Taylor,https://www.basketball-reference.com/players/t/tayloje02.html,T
Johnny Taylor,https://www.basketball-reference.com/players/t/taylojo01.html,T
Leonard Taylor,https://www.basketball-reference.com/players/t/taylole01.html,T
Maurice Taylor,https://www.basketball-reference.com/players/t/tayloma01.html,T
Mike Taylor,https://www.basketball-reference.com/players/t/taylomi01.html,T
Ollie Taylor,https://www.basketball-reference.com/players/t/taylool01.html,T
Ron Taylor,https://www.basketball-reference.com/players/t/tayloro01.html,T
Terry Taylor,https://www.basketball-reference.com/players/t/taylote01.html,T
Tyshawn Taylor,https://www.basketball-reference.com/players/t/tayloty01.html,T
Vince Taylor,https://www.basketball-reference.com/players/t/taylovi01.html,T
Terry Teagle,https://www.basketball-reference.com/players/t/teaglte01.html,T
Jeff Teague,https://www.basketball-reference.com/players/t/teaguje01.html,T
Marquis Teague,https://www.basketball-reference.com/players/t/teaguma01.html,T
Mirza Teletović,https://www.basketball-reference.com/players/t/teletmi01.html,T
Sebastian Telfair,https://www.basketball-reference.com/players/t/telfase01.html,T
Collis Temple,https://www.basketball-reference.com/players/t/templco01.html,T
Garrett Temple,https://www.basketball-reference.com/players/t/templga01.html,T
Miloš Teodosić,https://www.basketball-reference.com/players/t/teodomi01.html,T
Ira Terrell,https://www.basketball-reference.com/players/t/terreir01.html,T
Jared Terrell,https://www.basketball-reference.com/players/t/terreja01.html,T
Carlos Terry,https://www.basketball-reference.com/players/t/terryca01.html,T
Chuck Terry,https://www.basketball-reference.com/players/t/terrych01.html,T
Claude Terry,https://www.basketball-reference.com/players/t/terrycl01.html,T
Dalen Terry,https://www.basketball-reference.com/players/t/terryda01.html,T
Emanuel Terry,https://www.basketball-reference.com/players/t/terryem01.html,T
Jason Terry,https://www.basketball-reference.com/players/t/terryja01.html,T
Tyrell Terry,https://www.basketball-reference.com/players/t/terryty01.html,T
Jon Teske,https://www.basketball-reference.com/players/t/teskejo01.html,T
Hasheem Thabeet,https://www.basketball-reference.com/players/t/thabeha01.html,T
Tom Thacker,https://www.basketball-reference.com/players/t/thackto01.html,T
Floyd Theard,https://www.basketball-reference.com/players/t/thearfl01.html,T
Daniel Theis,https://www.basketball-reference.com/players/t/theisda01.html,T
Reggie Theus,https://www.basketball-reference.com/players/t/theusre01.html,T
Peter Thibeaux,https://www.basketball-reference.com/players/t/thibepe01.html,T
Bill Thieben,https://www.basketball-reference.com/players/t/thiebbi01.html,T
Justus Thigpen,https://www.basketball-reference.com/players/t/thigpju01.html,T
David Thirdkill,https://www.basketball-reference.com/players/t/thirdda01.html,T
Adonis Thomas,https://www.basketball-reference.com/players/t/thomaad01.html,T
Billy Thomas,https://www.basketball-reference.com/players/t/thomabi01.html,T
Brodric Thomas,https://www.basketball-reference.com/players/t/thomabr01.html,T
Cam Thomas,https://www.basketball-reference.com/players/t/thomaca02.html,T
Carl Thomas,https://www.basketball-reference.com/players/t/thomaca01.html,T
Charles Thomas,https://www.basketball-reference.com/players/t/thomach01.html,T
Etan Thomas,https://www.basketball-reference.com/players/t/thomaet01.html,T
Irving Thomas,https://www.basketball-reference.com/players/t/thomair01.html,T
Isaiah Thomas,https://www.basketball-reference.com/players/t/thomais02.html,T
Isiah Thomas,https://www.basketball-reference.com/players/t/thomais01.html,T
Jamel Thomas,https://www.basketball-reference.com/players/t/thomaja01.html,T
James Thomas,https://www.basketball-reference.com/players/t/thomaja02.html,T
Jim Thomas,https://www.basketball-reference.com/players/t/thomaji01.html,T
Joe Thomas,https://www.basketball-reference.com/players/t/thomajo01.html,T
John Thomas,https://www.basketball-reference.com/players/t/thomajo02.html,T
Kenny Thomas,https://www.basketball-reference.com/players/t/thomake01.html,T
Khyri Thomas,https://www.basketball-reference.com/players/t/thomakh01.html,T
Kurt Thomas,https://www.basketball-reference.com/players/t/thomaku01.html,T
Lance Thomas,https://www.basketball-reference.com/players/t/thomala01.html,T
Malcolm Thomas,https://www.basketball-reference.com/players/t/thomama01.html,T
Matt Thomas,https://www.basketball-reference.com/players/t/thomama02.html,T
Ron Thomas,https://www.basketball-reference.com/players/t/thomaro01.html,T
Terry Thomas,https://www.basketball-reference.com/players/t/thomate01.html,T
Tim Thomas,https://www.basketball-reference.com/players/t/thomati01.html,T
Tyrus Thomas,https://www.basketball-reference.com/players/t/thomaty01.html,T
Willis Thomas,https://www.basketball-reference.com/players/t/thomawi01.html,T
Trey Thompkins,https://www.basketball-reference.com/players/t/thomptr02.html,T
Amen Thompson,https://www.basketball-reference.com/players/t/thompam01.html,T
Ausar Thompson,https://www.basketball-reference.com/players/t/thompau01.html,T
Bernard Thompson,https://www.basketball-reference.com/players/t/thompbe01.html,T
Billy Thompson,https://www.basketball-reference.com/players/t/thompbi01.html,T
Brooks Thompson,https://www.basketball-reference.com/players/t/thompbr01.html,T
Corny Thompson,https://www.basketball-reference.com/players/t/thompco01.html,T
David Thompson,https://www.basketball-reference.com/players/t/thompda01.html,T
Dijon Thompson,https://www.basketball-reference.com/players/t/thompdi01.html,T
George Thompson,https://www.basketball-reference.com/players/t/thompge01.html,T
Hollis Thompson,https://www.basketball-reference.com/players/t/thompho01.html,T
Jack Thompson,https://www.basketball-reference.com/players/t/thompja01.html,T
Jason Thompson,https://www.basketball-reference.com/players/t/thompja02.html,T
John Thompson,https://www.basketball-reference.com/players/t/thompjo01.html,T
Kevin Thompson,https://www.basketball-reference.com/players/t/thompke01.html,T
Klay Thompson,https://www.basketball-reference.com/players/t/thompkl01.html,T
LaSalle Thompson,https://www.basketball-reference.com/players/t/thompla01.html,T
Mychal Thompson,https://www.basketball-reference.com/players/t/thompmy01.html,T
Mychel Thompson,https://www.basketball-reference.com/players/t/thompmy02.html,T
Paul Thompson,https://www.basketball-reference.com/players/t/thomppa01.html,T
Stephen Thompson,https://www.basketball-reference.com/players/t/thompst01.html,T
Tristan Thompson,https://www.basketball-reference.com/players/t/thomptr01.html,T
JT Thor,https://www.basketball-reference.com/players/t/thorjt01.html,T
Skip Thoren,https://www.basketball-reference.com/players/t/thoresk01.html,T
Rod Thorn,https://www.basketball-reference.com/players/t/thornro01.html,T
Al Thornton,https://www.basketball-reference.com/players/t/thornal01.html,T
Bob Thornton,https://www.basketball-reference.com/players/t/thornbo01.html,T
Dallas Thornton,https://www.basketball-reference.com/players/t/thornda01.html,T
Marcus Thornton,https://www.basketball-reference.com/players/t/thornma01.html,T
Sindarius Thornwell,https://www.basketball-reference.com/players/t/thornsi01.html,T
Otis Thorpe,https://www.basketball-reference.com/players/t/thorpot01.html,T
Sedale Threatt,https://www.basketball-reference.com/players/t/threase01.html,T
Nate Thurmond,https://www.basketball-reference.com/players/t/thurmna01.html,T
Mel Thurston,https://www.basketball-reference.com/players/t/thursme01.html,T
Matisse Thybulle,https://www.basketball-reference.com/players/t/thybuma01.html,T
Hal Tidrick,https://www.basketball-reference.com/players/t/tidriha01.html,T
Dan Tieman,https://www.basketball-reference.com/players/t/tiemada01.html,T
Killian Tillie,https://www.basketball-reference.com/players/t/tilliki02.html,T
Darren Tillis,https://www.basketball-reference.com/players/t/tillida01.html,T
Xavier Tillman Sr.,https://www.basketball-reference.com/players/t/tillmxa01.html,T
Drew Timme,https://www.basketball-reference.com/players/t/timmedr01.html,T
Jack Tingle,https://www.basketball-reference.com/players/t/tinglja01.html,T
George Tinsley,https://www.basketball-reference.com/players/t/tinslge01.html,T
Jamaal Tinsley,https://www.basketball-reference.com/players/t/tinslja01.html,T
Wayman Tisdale,https://www.basketball-reference.com/players/t/tisdawa01.html,T
Mike Tobey,https://www.basketball-reference.com/players/t/tobeymi01.html,T
Isaiah Todd,https://www.basketball-reference.com/players/t/toddis01.html,T
Mike Todorovich,https://www.basketball-reference.com/players/t/todormi01.html,T
Ray Tolbert,https://www.basketball-reference.com/players/t/tolbera01.html,T
Tom Tolbert,https://www.basketball-reference.com/players/t/tolbeto01.html,T
Anthony Tolliver,https://www.basketball-reference.com/players/t/tollian01.html,T
Dean Tolson,https://www.basketball-reference.com/players/t/tolsode01.html,T
Rudy Tomjanovich,https://www.basketball-reference.com/players/t/tomjaru01.html,T
Nae'Qwan Tomlin,https://www.basketball-reference.com/players/t/tomlina01.html,T
Andrew Toney,https://www.basketball-reference.com/players/t/toneyan01.html,T
Sedric Toney,https://www.basketball-reference.com/players/t/toneyse01.html,T
Andy Tonkovich,https://www.basketball-reference.com/players/t/tonkoan01.html,T
Andy Toolson,https://www.basketball-reference.com/players/t/toolsan01.html,T
Jack Toomay,https://www.basketball-reference.com/players/t/toomaja01.html,T
Bernard Toone,https://www.basketball-reference.com/players/t/toonebe01.html,T
Jacob Toppin,https://www.basketball-reference.com/players/t/toppija01.html,T
Obi Toppin,https://www.basketball-reference.com/players/t/toppiob01.html,T
Irv Torgoff,https://www.basketball-reference.com/players/t/torgoir01.html,T
Gene Tormohlen,https://www.basketball-reference.com/players/t/tormobu01.html,T
Óscar Torres,https://www.basketball-reference.com/players/t/torreos01.html,T
Juan Toscano-Anderson,https://www.basketball-reference.com/players/t/toscaju01.html,T
Bill Tosheff,https://www.basketball-reference.com/players/t/toshebi01.html,T
Bob Tough,https://www.basketball-reference.com/players/t/toughbo01.html,T
Axel Toupane,https://www.basketball-reference.com/players/t/toupaax01.html,T
Monte Towe,https://www.basketball-reference.com/players/t/towemo01.html,T
Keith Tower,https://www.basketball-reference.com/players/t/towerke01.html,T
Blackie Towery,https://www.basketball-reference.com/players/t/towerbl01.html,T
Linton Townes,https://www.basketball-reference.com/players/t/towneli01.html,T
Karl-Anthony Towns,https://www.basketball-reference.com/players/t/townska01.html,T
Raymond Townsend,https://www.basketball-reference.com/players/t/townsra01.html,T
Armel Traoré,https://www.basketball-reference.com/players/a/armeltr01.html,T
George Trapp,https://www.basketball-reference.com/players/t/trappge01.html,T
John Trapp,https://www.basketball-reference.com/players/t/trappjo01.html,T
Luke Travers,https://www.basketball-reference.com/players/t/travelu01.html,T
Robert Traylor,https://www.basketball-reference.com/players/t/traylro01.html,T
Gary Trent,https://www.basketball-reference.com/players/t/trentga01.html,T
Gary Trent Jr.,https://www.basketball-reference.com/players/t/trentga02.html,T
Jeff Trepagnier,https://www.basketball-reference.com/players/t/trepaje01.html,T
John Tresvant,https://www.basketball-reference.com/players/t/tresvjo01.html,T
Allonzo Trier,https://www.basketball-reference.com/players/t/trieral01.html,T
Dick Triptow,https://www.basketball-reference.com/players/t/triptdi01.html,T
Kelly Tripucka,https://www.basketball-reference.com/players/t/tripuke01.html,T
Ansley Truitt,https://www.basketball-reference.com/players/t/truitan01.html,T
Cezary Trybański,https://www.basketball-reference.com/players/t/trybace01.html,T
Jake Tsakalidis,https://www.basketball-reference.com/players/t/tsakaja01.html,T
John Tschogl,https://www.basketball-reference.com/players/t/tschojo01.html,T
Oscar Tshiebwe,https://www.basketball-reference.com/players/t/tshieos01.html,T
Lou Tsioropoulos,https://www.basketball-reference.com/players/t/tsiorlo01.html,T
Nikoloz Tskitishvili,https://www.basketball-reference.com/players/t/tskitni01.html,T
Al Tucker,https://www.basketball-reference.com/players/t/tuckeal01.html,T
Alando Tucker,https://www.basketball-reference.com/players/t/tuckeal02.html,T
Anthony Tucker,https://www.basketball-reference.com/players/t/tuckean01.html,T
Jim Tucker,https://www.basketball-reference.com/players/t/tuckeji01.html,T
P.J. Tucker,https://www.basketball-reference.com/players/t/tuckepj01.html,T
Rayjon Tucker,https://www.basketball-reference.com/players/t/tuckera01.html,T
Trent Tucker,https://www.basketball-reference.com/players/t/tucketr01.html,T
Ronny Turiaf,https://www.basketball-reference.com/players/t/turiaro01.html,T
Mirsad Türkcan,https://www.basketball-reference.com/players/t/turkcmi01.html,T
Hedo Türkoğlu,https://www.basketball-reference.com/players/t/turkohe01.html,T
Andre Turner,https://www.basketball-reference.com/players/t/turnean01.html,T
Bill Turner,https://www.basketball-reference.com/players/t/turnebi01.html,T
Elston Turner,https://www.basketball-reference.com/players/t/turneel01.html,T
Evan Turner,https://www.basketball-reference.com/players/t/turneev01.html,T
Gary Turner,https://www.basketball-reference.com/players/t/turnega01.html,T
Henry Turner,https://www.basketball-reference.com/players/t/turnehe02.html,T
Herschell Turner,https://www.basketball-reference.com/players/t/turnehe01.html,T
Jack Turner,https://www.basketball-reference.com/players/t/turneja01.html,T
Jack Turner,https://www.basketball-reference.com/players/t/turneja02.html,T
Jeff Turner,https://www.basketball-reference.com/players/t/turneje01.html,T
John Turner,https://www.basketball-reference.com/players/t/turnejo01.html,T
Myles Turner,https://www.basketball-reference.com/players/t/turnemy01.html,T
Wayne Turner,https://www.basketball-reference.com/players/t/turnewa01.html,T
Melvin Turpin,https://www.basketball-reference.com/players/t/turpime01.html,T
Dave Twardzik,https://www.basketball-reference.com/players/t/twardda01.html,T
Jack Twyman,https://www.basketball-reference.com/players/t/twymaja01.html,T
B.J. Tyler,https://www.basketball-reference.com/players/t/tylerbj01.html,T
Jeremy Tyler,https://www.basketball-reference.com/players/t/tylerje01.html,T
Terry Tyler,https://www.basketball-reference.com/players/t/tylerte01.html,T
Charlie Tyra,https://www.basketball-reference.com/players/t/tyrach01.html,T
Hunter Tyson,https://www.basketball-reference.com/players/t/tysonhu01.html,T
Jaylon Tyson,https://www.basketball-reference.com/players/t/tysonja01.html,T
Edwin Ubiles,https://www.basketball-reference.com/players/u/ubileed01.html,U
Ekpe Udoh,https://www.basketball-reference.com/players/u/udohek01.html,U
Ime Udoka,https://www.basketball-reference.com/players/u/udokaim01.html,U
Beno Udrih,https://www.basketball-reference.com/players/u/udrihbe01.html,U
Roko Ukić,https://www.basketball-reference.com/players/u/ukicro01.html,U
Tyler Ulis,https://www.basketball-reference.com/players/u/ulisty01.html,U
Stanley Umude,https://www.basketball-reference.com/players/u/umudest01.html,U
Wes Unseld,https://www.basketball-reference.com/players/u/unselwe01.html,U
Hal Uplinger,https://www.basketball-reference.com/players/u/uplinha01.html,U
Kelvin Upshaw,https://www.basketball-reference.com/players/u/upshake01.html,U
Jarrod Uthoff,https://www.basketball-reference.com/players/u/uthofja01.html,U
Ben Uzoh,https://www.basketball-reference.com/players/u/uzohbe01.html,U
Steve Vacendak,https://www.basketball-reference.com/players/v/vacenst01.html,V
Jonas Valančiūnas,https://www.basketball-reference.com/players/v/valanjo01.html,V
Darnell Valentine,https://www.basketball-reference.com/players/v/valenda01.html,V
Denzel Valentine,https://www.basketball-reference.com/players/v/valende01.html,V
Ronnie Valentine,https://www.basketball-reference.com/players/v/valenro01.html,V
John Vallely,https://www.basketball-reference.com/players/v/vallejo01.html,V
Dick Van Arsdale,https://www.basketball-reference.com/players/v/vanardi01.html,V
Tom Van Arsdale,https://www.basketball-reference.com/players/v/vanarto01.html,V
Nick Van Exel,https://www.basketball-reference.com/players/v/vanexni01.html,V
Keith Van Horn,https://www.basketball-reference.com/players/v/vanhoke01.html,V
Norm Van Lier,https://www.basketball-reference.com/players/v/vanlino01.html,V
Dennis Van Zant,https://www.basketball-reference.com/players/v/vanzade01.html,V
Fred VanVleet,https://www.basketball-reference.com/players/v/vanvlfr01.html,V
Gene Vance,https://www.basketball-reference.com/players/v/vancege01.html,V
Logan Vander Velden,https://www.basketball-reference.com/players/v/vandelo01.html,V
Jarred Vanderbilt,https://www.basketball-reference.com/players/v/vandeja01.html,V
Ernie Vandeweghe,https://www.basketball-reference.com/players/v/vandeer01.html,V
Kiki Vandeweghe,https://www.basketball-reference.com/players/v/vandeki01.html,V
Nick Vanos,https://www.basketball-reference.com/players/v/vanosni01.html,V
David Vanterpool,https://www.basketball-reference.com/players/v/vanteda01.html,V
Ratko Varda,https://www.basketball-reference.com/players/v/vardara01.html,V
Anderson Varejão,https://www.basketball-reference.com/players/v/varejan01.html,V
Jarvis Varnado,https://www.basketball-reference.com/players/v/varnaja01.html,V
Greivis Vásquez,https://www.basketball-reference.com/players/v/vasqugr01.html,V
Devin Vassell,https://www.basketball-reference.com/players/v/vassede01.html,V
Chico Vaughn,https://www.basketball-reference.com/players/v/vaughch01.html,V
David Vaughn,https://www.basketball-reference.com/players/v/vaughda01.html,V
David Vaughn,https://www.basketball-reference.com/players/v/vaughda02.html,V
Jacque Vaughn,https://www.basketball-reference.com/players/v/vaughja01.html,V
Rashad Vaughn,https://www.basketball-reference.com/players/v/vaughra01.html,V
Virgil Vaughn,https://www.basketball-reference.com/players/v/vaughvi01.html,V
Loy Vaught,https://www.basketball-reference.com/players/v/vaughlo01.html,V
Bob Verga,https://www.basketball-reference.com/players/v/vergabo01.html,V
Pete Verhoeven,https://www.basketball-reference.com/players/v/verhope01.html,V
Jan Veselý,https://www.basketball-reference.com/players/v/veselja01.html,V
Gundars Vētra,https://www.basketball-reference.com/players/v/vetragu01.html,V
Sasha Vezenkov,https://www.basketball-reference.com/players/v/vezenal01.html,V
João Vianna,https://www.basketball-reference.com/players/v/viannjo01.html,V
Charlie Villanueva,https://www.basketball-reference.com/players/v/villach01.html,V
Gabe Vincent,https://www.basketball-reference.com/players/v/vincega01.html,V
Jay Vincent,https://www.basketball-reference.com/players/v/vinceja01.html,V
Sam Vincent,https://www.basketball-reference.com/players/v/vincesa01.html,V
Marcus Vinicius,https://www.basketball-reference.com/players/v/vincima01.html,V
Fred Vinson,https://www.basketball-reference.com/players/v/vinsofr01.html,V
Claude Virden,https://www.basketball-reference.com/players/v/virdecl01.html,V
Gary Voce,https://www.basketball-reference.com/players/v/vocega01.html,V
Floyd Volker,https://www.basketball-reference.com/players/v/volkefl01.html,V
Alexander Volkov,https://www.basketball-reference.com/players/v/volkoal01.html,V
Whitey Von Nieda,https://www.basketball-reference.com/players/v/vonniwh01.html,V
Noah Vonleh,https://www.basketball-reference.com/players/v/vonleno01.html,V
Jake Voskuhl,https://www.basketball-reference.com/players/v/voskuja01.html,V
Danny Vranes,https://www.basketball-reference.com/players/v/vraneda01.html,V
Slavko Vraneš,https://www.basketball-reference.com/players/v/vranesl01.html,V
Stojko Vranković,https://www.basketball-reference.com/players/v/vrankst01.html,V
Brett Vroman,https://www.basketball-reference.com/players/v/vromabr01.html,V
Jackson Vroman,https://www.basketball-reference.com/players/v/vromaja01.html,V
Nikola Vučević,https://www.basketball-reference.com/players/v/vucevni01.html,V
Sasha Vujačić,https://www.basketball-reference.com/players/v/vujacsa01.html,V
Tristan Vukcevic,https://www.basketball-reference.com/players/v/vukcetr01.html,V
Butch van Breda Kolff,https://www.basketball-reference.com/players/v/vanbrbu01.html,V
Jan van Breda Kolff,https://www.basketball-reference.com/players/v/vanbrja01.html,V
Dean Wade,https://www.basketball-reference.com/players/w/wadede01.html,W
Dwyane Wade,https://www.basketball-reference.com/players/w/wadedw01.html,W
Mark Wade,https://www.basketball-reference.com/players/w/wadema01.html,W
Von Wafer,https://www.basketball-reference.com/players/w/wafervo01.html,W
Clint Wager,https://www.basketball-reference.com/players/w/wagercl01.html,W
Dajuan Wagner,https://www.basketball-reference.com/players/w/wagneda02.html,W
Danny Wagner,https://www.basketball-reference.com/players/w/wagneda01.html,W
Franz Wagner,https://www.basketball-reference.com/players/w/wagnefr01.html,W
Milt Wagner,https://www.basketball-reference.com/players/w/wagnemi01.html,W
Moritz Wagner,https://www.basketball-reference.com/players/w/wagnemo01.html,W
Phil Wagner,https://www.basketball-reference.com/players/w/wagneph01.html,W
Ish Wainright,https://www.basketball-reference.com/players/w/wainris01.html,W
Dion Waiters,https://www.basketball-reference.com/players/w/waitedi01.html,W
Granville Waiters,https://www.basketball-reference.com/players/w/waitegr01.html,W
Andre Wakefield,https://www.basketball-reference.com/players/w/wakefan01.html,W
Neal Walk,https://www.basketball-reference.com/players/w/walkne01.html,W
Andy Walker,https://www.basketball-reference.com/players/w/walkean01.html,W
Antoine Walker,https://www.basketball-reference.com/players/w/walkean02.html,W
Brady Walker,https://www.basketball-reference.com/players/w/walkebr01.html,W
Chet Walker,https://www.basketball-reference.com/players/w/walkech01.html,W
Darrell Walker,https://www.basketball-reference.com/players/w/walkeda01.html,W
Foots Walker,https://www.basketball-reference.com/players/w/walkefo01.html,W
Henry Walker,https://www.basketball-reference.com/players/w/walkebi01.html,W
Horace Walker,https://www.basketball-reference.com/players/w/walkeho01.html,W
Jabari Walker,https://www.basketball-reference.com/players/w/walkeja01.html,W
Jarace Walker,https://www.basketball-reference.com/players/w/walkeja02.html,W
Jimmy Walker,https://www.basketball-reference.com/players/w/walkeji01.html,W
Kemba Walker,https://www.basketball-reference.com/players/w/walkeke02.html,W
Kenny Walker,https://www.basketball-reference.com/players/w/walkeke01.html,W
Lonnie Walker IV,https://www.basketball-reference.com/players/w/walkelo01.html,W
M.J. Walker,https://www.basketball-reference.com/players/w/walkemj01.html,W
Phil Walker,https://www.basketball-reference.com/players/w/walkeph01.html,W
Samaki Walker,https://www.basketball-reference.com/players/w/walkesa01.html,W
Wally Walker,https://www.basketball-reference.com/players/w/walkewa01.html,W
John Wall,https://www.basketball-reference.com/players/w/walljo01.html,W
Ben Wallace,https://www.basketball-reference.com/players/w/wallabe01.html,W
Cason Wallace,https://www.basketball-reference.com/players/w/wallaca01.html,W
Gerald Wallace,https://www.basketball-reference.com/players/w/wallage01.html,W
John Wallace,https://www.basketball-reference.com/players/w/wallajo01.html,W
Keaton Wallace,https://www.basketball-reference.com/players/w/wallake01.html,W
Rasheed Wallace,https://www.basketball-reference.com/players/w/wallara01.html,W
Red Wallace,https://www.basketball-reference.com/players/w/wallare01.html,W
Tyrone Wallace,https://www.basketball-reference.com/players/w/wallaty01.html,W
Dwight Waller,https://www.basketball-reference.com/players/w/walledw01.html,W
Jamie Waller,https://www.basketball-reference.com/players/w/walleja01.html,W
Jim Walsh,https://www.basketball-reference.com/players/w/walshji01.html,W
Jordan Walsh,https://www.basketball-reference.com/players/w/walshjo01.html,W
Matt Walsh,https://www.basketball-reference.com/players/w/walshma01.html,W
Ja'Kobe Walter,https://www.basketball-reference.com/players/w/walteja01.html,W
Rex Walters,https://www.basketball-reference.com/players/w/waltere01.html,W
Paul Walther,https://www.basketball-reference.com/players/w/walthpa01.html,W
Isaac Walthour,https://www.basketball-reference.com/players/w/walthis01.html,W
Bill Walton,https://www.basketball-reference.com/players/w/waltobi01.html,W
Derrick Walton,https://www.basketball-reference.com/players/w/waltode01.html,W
Lloyd Walton,https://www.basketball-reference.com/players/w/waltoll01.html,W
Luke Walton,https://www.basketball-reference.com/players/w/waltolu01.html,W
Brad Wanamaker,https://www.basketball-reference.com/players/w/wanambr01.html,W
Bobby Wanzer,https://www.basketball-reference.com/players/w/wanzebo01.html,W
Perry Warbington,https://www.basketball-reference.com/players/w/warbipe01.html,W
Charlie Ward,https://www.basketball-reference.com/players/w/wardch01.html,W
Gerry Ward,https://www.basketball-reference.com/players/w/wardge01.html,W
Henry Ward,https://www.basketball-reference.com/players/w/wardhe01.html,W
Casper Ware,https://www.basketball-reference.com/players/w/wareca01.html,W
Jim Ware,https://www.basketball-reference.com/players/w/wareji01.html,W
Kel'el Ware,https://www.basketball-reference.com/players/w/wareke01.html,W
Ben Warley,https://www.basketball-reference.com/players/w/warlebe01.html,W
Bob Warlick,https://www.basketball-reference.com/players/w/warlibo01.html,W
Cornell Warner,https://www.basketball-reference.com/players/w/warneco01.html,W
Jameel Warney,https://www.basketball-reference.com/players/w/warneja01.html,W
Bob Warren,https://www.basketball-reference.com/players/w/warrebo01.html,W
John Warren,https://www.basketball-reference.com/players/w/warrejo01.html,W
T.J. Warren,https://www.basketball-reference.com/players/w/warretj01.html,W
Willie Warren,https://www.basketball-reference.com/players/w/warrewi01.html,W
Bryan Warrick,https://www.basketball-reference.com/players/w/warribr01.html,W
Hakim Warrick,https://www.basketball-reference.com/players/w/warriha01.html,W
Chris Washburn,https://www.basketball-reference.com/players/w/washbch01.html,W
Julian Washburn,https://www.basketball-reference.com/players/w/washbju01.html,W
Bobby Washington,https://www.basketball-reference.com/players/w/washibo01.html,W
Darius Washington,https://www.basketball-reference.com/players/w/washida01.html,W
Don Washington,https://www.basketball-reference.com/players/w/washido01.html,W
Duane Washington,https://www.basketball-reference.com/players/w/washidu01.html,W
Duane Washington Jr.,https://www.basketball-reference.com/players/w/washidu02.html,W
Eric Washington,https://www.basketball-reference.com/players/w/washier01.html,W
Jim Washington,https://www.basketball-reference.com/players/w/washiji01.html,W
Kermit Washington,https://www.basketball-reference.com/players/w/washike01.html,W
P.J. Washington,https://www.basketball-reference.com/players/w/washipj01.html,W
Pearl Washington,https://www.basketball-reference.com/players/w/washipe01.html,W
Richard Washington,https://www.basketball-reference.com/players/w/washiri01.html,W
Stan Washington,https://www.basketball-reference.com/players/w/washist01.html,W
Trooper Washington,https://www.basketball-reference.com/players/w/washitr01.html,W
TyTy Washington Jr.,https://www.basketball-reference.com/players/w/washity02.html,W
Wilson Washington,https://www.basketball-reference.com/players/w/washiwi01.html,W
Yuta Watanabe,https://www.basketball-reference.com/players/w/watanyu01.html,W
Lindy Waters III,https://www.basketball-reference.com/players/w/waterli01.html,W
Tremont Waters,https://www.basketball-reference.com/players/w/watertr01.html,W
Trendon Watford,https://www.basketball-reference.com/players/w/watfotr01.html,W
Darryl Watkins,https://www.basketball-reference.com/players/w/watkida01.html,W
Anton Watson,https://www.basketball-reference.com/players/w/watsoan02.html,W
Bobby Watson,https://www.basketball-reference.com/players/w/watsobo01.html,W
C.J. Watson,https://www.basketball-reference.com/players/w/watsocj01.html,W
Earl Watson,https://www.basketball-reference.com/players/w/watsoea01.html,W
Jamie Watson,https://www.basketball-reference.com/players/w/watsoja01.html,W
Paul Watson,https://www.basketball-reference.com/players/w/watsopa01.html,W
Peyton Watson,https://www.basketball-reference.com/players/w/watsope01.html,W
Ron Watts,https://www.basketball-reference.com/players/w/wattsro01.html,W
Sam Watts,https://www.basketball-reference.com/players/w/wattssa01.html,W
Slick Watts,https://www.basketball-reference.com/players/w/wattssl01.html,W
Maalik Wayns,https://www.basketball-reference.com/players/w/waynsma01.html,W
David Wear,https://www.basketball-reference.com/players/w/wearda01.html,W
Travis Wear,https://www.basketball-reference.com/players/w/weartr01.html,W
Clarence Weatherspoon,https://www.basketball-reference.com/players/w/weathcl01.html,W
Nick Weatherspoon,https://www.basketball-reference.com/players/w/weathni01.html,W
Quinndary Weatherspoon,https://www.basketball-reference.com/players/w/weathqu01.html,W
Kyle Weaver,https://www.basketball-reference.com/players/w/weaveky01.html,W
James Webb III,https://www.basketball-reference.com/players/w/webbja01.html,W
Jeff Webb,https://www.basketball-reference.com/players/w/webbje01.html,W
Marcus Webb,https://www.basketball-reference.com/players/w/webbma01.html,W
Spud Webb,https://www.basketball-reference.com/players/w/webbsp01.html,W
Chris Webber,https://www.basketball-reference.com/players/w/webbech01.html,W
Briante Weber,https://www.basketball-reference.com/players/w/weberbr01.html,W
Jake Weber,https://www.basketball-reference.com/players/w/weberja01.html,W
Elnardo Webster,https://www.basketball-reference.com/players/w/webstel01.html,W
Jeff Webster,https://www.basketball-reference.com/players/w/webstje01.html,W
Martell Webster,https://www.basketball-reference.com/players/w/webstma02.html,W
Marvin Webster,https://www.basketball-reference.com/players/w/webstma01.html,W
Scott Wedman,https://www.basketball-reference.com/players/w/wedmasc01.html,W
Sonny Weems,https://www.basketball-reference.com/players/w/weemsso01.html,W
Dick Wehr,https://www.basketball-reference.com/players/w/wehrdi01.html,W
Brant Weidner,https://www.basketball-reference.com/players/w/weidnbr01.html,W
Bob Weiss,https://www.basketball-reference.com/players/w/weissbo01.html,W
Rick Weitzman,https://www.basketball-reference.com/players/w/weitzri01.html,W
Bonzi Wells,https://www.basketball-reference.com/players/w/wellsbo01.html,W
Bubba Wells,https://www.basketball-reference.com/players/w/wellsbu01.html,W
Jaylen Wells,https://www.basketball-reference.com/players/w/wellsja01.html,W
Owen Wells,https://www.basketball-reference.com/players/w/wellsow01.html,W
Ralph Wells,https://www.basketball-reference.com/players/w/wellsra01.html,W
Chris Welp,https://www.basketball-reference.com/players/w/welpch01.html,W
Jiří Welsch,https://www.basketball-reference.com/players/w/welscji01.html,W
Thomas Welsh,https://www.basketball-reference.com/players/w/welshth01.html,W
Victor Wembanyama,https://www.basketball-reference.com/players/w/wembavi01.html,W
Bill Wennington,https://www.basketball-reference.com/players/w/wennibi01.html,W
Matt Wenstrom,https://www.basketball-reference.com/players/w/wenstma01.html,W
Robert Werdann,https://www.basketball-reference.com/players/w/werdaro01.html,W
Ray Wertis,https://www.basketball-reference.com/players/w/wertira01.html,W
Blake Wesley,https://www.basketball-reference.com/players/w/weslebl01.html,W
David Wesley,https://www.basketball-reference.com/players/w/wesleda01.html,W
Walt Wesley,https://www.basketball-reference.com/players/w/weslewa01.html,W
David West,https://www.basketball-reference.com/players/w/westda01.html,W
Delonte West,https://www.basketball-reference.com/players/w/westde01.html,W
Doug West,https://www.basketball-reference.com/players/w/westdo01.html,W
Jerry West,https://www.basketball-reference.com/players/w/westje01.html,W
Mario West,https://www.basketball-reference.com/players/w/westma02.html,W
Mark West,https://www.basketball-reference.com/players/w/westma01.html,W
Roland West,https://www.basketball-reference.com/players/w/westro01.html,W
Dexter Westbrook,https://www.basketball-reference.com/players/w/westbde01.html,W
Russell Westbrook,https://www.basketball-reference.com/players/w/westbru01.html,W
Paul Westphal,https://www.basketball-reference.com/players/w/westppa01.html,W
John Wetzel,https://www.basketball-reference.com/players/w/wetzejo01.html,W
Robert Whaley,https://www.basketball-reference.com/players/w/whalero01.html,W
Ennis Whatley,https://www.basketball-reference.com/players/w/whatlen01.html,W
DeJuan Wheat,https://www.basketball-reference.com/players/w/wheatde01.html,W
Clinton Wheeler,https://www.basketball-reference.com/players/w/wheelcl01.html,W
Phillip Wheeler,https://www.basketball-reference.com/players/w/wheelph02.html,W
Tyson Wheeler,https://www.basketball-reference.com/players/w/wheelty01.html,W
Skippy Whitaker,https://www.basketball-reference.com/players/w/whitask01.html,W
Andrew White,https://www.basketball-reference.com/players/w/whitean01.html,W
Coby White,https://www.basketball-reference.com/players/w/whiteco01.html,W
D.J. White,https://www.basketball-reference.com/players/w/whitedj01.html,W
Derrick White,https://www.basketball-reference.com/players/w/whitede01.html,W
Eric White,https://www.basketball-reference.com/players/w/whiteer01.html,W
Herb White,https://www.basketball-reference.com/players/w/whitehe01.html,W
Hubie White,https://www.basketball-reference.com/players/w/whitehu01.html,W
Jack White,https://www.basketball-reference.com/players/w/whiteja03.html,W
Jahidi White,https://www.basketball-reference.com/players/w/whiteja01.html,W
James White,https://www.basketball-reference.com/players/w/whiteja02.html,W
Jo Jo White,https://www.basketball-reference.com/players/w/whitejo01.html,W
Okaro White,https://www.basketball-reference.com/players/w/whiteok01.html,W
Randy White,https://www.basketball-reference.com/players/w/whitera01.html,W
Rodney White,https://www.basketball-reference.com/players/w/whitero02.html,W
Rory White,https://www.basketball-reference.com/players/w/whitero01.html,W
Royce White,https://www.basketball-reference.com/players/w/whitero03.html,W
Rudy White,https://www.basketball-reference.com/players/w/whiteru01.html,W
Tony White,https://www.basketball-reference.com/players/w/whiteto01.html,W
Willie White,https://www.basketball-reference.com/players/w/whitewi01.html,W
Isaiah Whitehead,https://www.basketball-reference.com/players/w/whiteis01.html,W
Jerome Whitehead,https://www.basketball-reference.com/players/w/whiteje01.html,W
Donald Whiteside,https://www.basketball-reference.com/players/w/whitedo01.html,W
Hassan Whiteside,https://www.basketball-reference.com/players/w/whiteha01.html,W
Dwayne Whitfield,https://www.basketball-reference.com/players/w/whitfdw01.html,W
Cam Whitmore,https://www.basketball-reference.com/players/w/whitmca01.html,W
Chris Whitney,https://www.basketball-reference.com/players/w/whitnch01.html,W
Hank Whitney,https://www.basketball-reference.com/players/w/whitnha01.html,W
Hawkeye Whitney,https://www.basketball-reference.com/players/w/whitnha02.html,W
Greg Whittington,https://www.basketball-reference.com/players/w/whittgr01.html,W
Shayne Whittington,https://www.basketball-reference.com/players/w/whittsh01.html,W
Sidney Wicks,https://www.basketball-reference.com/players/w/wickssi01.html,W
Ron Widby,https://www.basketball-reference.com/players/w/widbyro01.html,W
Murray Wier,https://www.basketball-reference.com/players/w/wiermu01.html,W
Bob Wiesenhahn,https://www.basketball-reference.com/players/w/wiesebo01.html,W
Joe Wieskamp,https://www.basketball-reference.com/players/w/wieskjo01.html,W
Aaron Wiggins,https://www.basketball-reference.com/players/w/wiggiaa01.html,W
Andrew Wiggins,https://www.basketball-reference.com/players/w/wiggian01.html,W
Mitchell Wiggins,https://www.basketball-reference.com/players/w/wiggimi01.html,W
Lindell Wigginton,https://www.basketball-reference.com/players/w/wiggili01.html,W
Ken Wilburn,https://www.basketball-reference.com/players/w/wilbuke01.html,W
C.J. Wilcox,https://www.basketball-reference.com/players/w/wilcocj01.html,W
Chris Wilcox,https://www.basketball-reference.com/players/w/wilcoch01.html,W
D.C. Wilcutt,https://www.basketball-reference.com/players/w/wilcudc01.html,W
Gene Wiley,https://www.basketball-reference.com/players/w/wileyge01.html,W
Jacob Wiley,https://www.basketball-reference.com/players/w/wileyja01.html,W
Michael Wiley,https://www.basketball-reference.com/players/w/wileymi01.html,W
Morlon Wiley,https://www.basketball-reference.com/players/w/wileymo01.html,W
Win Wilfong,https://www.basketball-reference.com/players/w/wilfowi01.html,W
Lenny Wilkens,https://www.basketball-reference.com/players/w/wilkele01.html,W
Bob Wilkerson,https://www.basketball-reference.com/players/w/wilkebo01.html,W
Jamaal Wilkes,https://www.basketball-reference.com/players/w/wilkeja01.html,W
James Wilkes,https://www.basketball-reference.com/players/w/wilkeja02.html,W
Damien Wilkins,https://www.basketball-reference.com/players/w/wilkida02.html,W
Dominique Wilkins,https://www.basketball-reference.com/players/w/wilkido01.html,W
Eddie Lee Wilkins,https://www.basketball-reference.com/players/w/wilkied01.html,W
Gerald Wilkins,https://www.basketball-reference.com/players/w/wilkige01.html,W
Jeff Wilkins,https://www.basketball-reference.com/players/w/wilkije01.html,W
Dale Wilkinson,https://www.basketball-reference.com/players/w/wilkida01.html,W
Mike Wilks,https://www.basketball-reference.com/players/w/wilksmi01.html,W
Aaron Williams,https://www.basketball-reference.com/players/w/williaa01.html,W
Al Williams,https://www.basketball-reference.com/players/w/willial01.html,W
Alan Williams,https://www.basketball-reference.com/players/w/willial03.html,W
Alondes Williams,https://www.basketball-reference.com/players/w/willial06.html,W
Alvin Williams,https://www.basketball-reference.com/players/w/willial02.html,W
Art Williams,https://www.basketball-reference.com/players/w/williar01.html,W
Bernie Williams,https://www.basketball-reference.com/players/w/willibe01.html,W
Bob Williams,https://www.basketball-reference.com/players/w/willibo01.html,W
Brandon Williams,https://www.basketball-reference.com/players/w/willibr01.html,W
Brandon Williams,https://www.basketball-reference.com/players/w/willibr03.html,W
Buck Williams,https://www.basketball-reference.com/players/w/willibu01.html,W
C.J. Williams,https://www.basketball-reference.com/players/w/willicj01.html,W
Charlie Williams,https://www.basketball-reference.com/players/w/willich01.html,W
Chuck Williams,https://www.basketball-reference.com/players/w/willich02.html,W
Chuckie Williams,https://www.basketball-reference.com/players/w/willich03.html,W
Cliff Williams,https://www.basketball-reference.com/players/w/willicl01.html,W
Cody Williams,https://www.basketball-reference.com/players/w/willico04.html,W
Corey Williams,https://www.basketball-reference.com/players/w/willico01.html,W
Deron Williams,https://www.basketball-reference.com/players/w/willide01.html,W
Derrick Williams,https://www.basketball-reference.com/players/w/willide02.html,W
Donovan Williams,https://www.basketball-reference.com/players/w/willido02.html,W
Duck Williams,https://www.basketball-reference.com/players/w/willidu01.html,W
Earl Williams,https://www.basketball-reference.com/players/w/williea01.html,W
Elliot Williams,https://www.basketball-reference.com/players/w/williel01.html,W
Eric Williams,https://www.basketball-reference.com/players/w/willier01.html,W
Fly Williams,https://www.basketball-reference.com/players/w/willifl01.html,W
Frank Williams,https://www.basketball-reference.com/players/w/willifr02.html,W
Freeman Williams,https://www.basketball-reference.com/players/w/willifr01.html,W
Gene Williams,https://www.basketball-reference.com/players/w/willige01.html,W
Grant Williams,https://www.basketball-reference.com/players/w/willigr01.html,W
Gus Williams,https://www.basketball-reference.com/players/w/willigu01.html,W
Guy Williams,https://www.basketball-reference.com/players/w/willigu02.html,W
Hank Williams,https://www.basketball-reference.com/players/w/williha01.html,W
Herb Williams,https://www.basketball-reference.com/players/w/willihe01.html,W
Hot Rod Williams,https://www.basketball-reference.com/players/w/williho01.html,W
Jalen Williams,https://www.basketball-reference.com/players/w/willija06.html,W
Jason Williams,https://www.basketball-reference.com/players/w/willija02.html,W
Jawad Williams,https://www.basketball-reference.com/players/w/willija04.html,W
Jay Williams,https://www.basketball-reference.com/players/w/willija03.html,W
Jaylin Williams,https://www.basketball-reference.com/players/w/willija07.html,W
Jayson Williams,https://www.basketball-reference.com/players/w/willija01.html,W
Jeenathan Williams,https://www.basketball-reference.com/players/w/willije02.html,W
Jerome Williams,https://www.basketball-reference.com/players/w/willije01.html,W
John Williams,https://www.basketball-reference.com/players/w/willijo02.html,W
Johnathan Williams,https://www.basketball-reference.com/players/w/willijo04.html,W
Jordan Williams,https://www.basketball-reference.com/players/w/willijo03.html,W
Justin Williams,https://www.basketball-reference.com/players/w/williju01.html,W
Kenny Williams,https://www.basketball-reference.com/players/w/willike03.html,W
Kenrich Williams,https://www.basketball-reference.com/players/w/willike04.html,W
Kevin Williams,https://www.basketball-reference.com/players/w/willike01.html,W
Lorenzo Williams,https://www.basketball-reference.com/players/w/willilo01.html,W
Lou Williams,https://www.basketball-reference.com/players/w/willilo02.html,W
Malik Williams,https://www.basketball-reference.com/players/w/willima11.html,W
Marcus Williams,https://www.basketball-reference.com/players/w/willima03.html,W
Marcus Williams,https://www.basketball-reference.com/players/w/willima04.html,W
Mark Williams,https://www.basketball-reference.com/players/w/willima07.html,W
Marvin Williams,https://www.basketball-reference.com/players/w/willima02.html,W
Matt Williams,https://www.basketball-reference.com/players/w/willima05.html,W
Micheal Williams,https://www.basketball-reference.com/players/w/willimi02.html,W
Mike Williams,https://www.basketball-reference.com/players/w/willimi03.html,W
Milt Williams,https://www.basketball-reference.com/players/w/willimi01.html,W
Mo Williams,https://www.basketball-reference.com/players/w/willima01.html,W
Monty Williams,https://www.basketball-reference.com/players/w/willimo01.html,W
Nate Williams,https://www.basketball-reference.com/players/w/willina01.html,W
Patrick Williams,https://www.basketball-reference.com/players/w/willipa01.html,W
Pete Williams,https://www.basketball-reference.com/players/w/willipe01.html,W
Ray Williams,https://www.basketball-reference.com/players/w/willira01.html,W
Reggie Williams,https://www.basketball-reference.com/players/w/willire01.html,W
Reggie Williams,https://www.basketball-reference.com/players/w/willire02.html,W
Rickey Williams,https://www.basketball-reference.com/players/w/williri01.html,W
Rob Williams,https://www.basketball-reference.com/players/w/williro02.html,W
Robert Williams,https://www.basketball-reference.com/players/w/williro04.html,W
Ron Williams,https://www.basketball-reference.com/players/w/williro01.html,W
Sam Williams,https://www.basketball-reference.com/players/w/willisa01.html,W
Sam Williams,https://www.basketball-reference.com/players/w/willisa02.html,W
Scott Williams,https://www.basketball-reference.com/players/w/willisc01.html,W
Sean Williams,https://www.basketball-reference.com/players/w/willise01.html,W
Shammond Williams,https://www.basketball-reference.com/players/w/willish01.html,W
Shawne Williams,https://www.basketball-reference.com/players/w/willish03.html,W
Shelden Williams,https://www.basketball-reference.com/players/w/willish02.html,W
Sly Williams,https://www.basketball-reference.com/players/w/willisl01.html,W
Terrence Williams,https://www.basketball-reference.com/players/w/willite01.html,W
Travis Williams,https://www.basketball-reference.com/players/w/willitr01.html,W
Troy Williams,https://www.basketball-reference.com/players/w/willitr02.html,W
Vince Williams Jr.,https://www.basketball-reference.com/players/w/willivi01.html,W
Walt Williams,https://www.basketball-reference.com/players/w/williwa02.html,W
Ward Williams,https://www.basketball-reference.com/players/w/williwa01.html,W
Willie Williams,https://www.basketball-reference.com/players/w/williwi01.html,W
Ziaire Williams,https://www.basketball-reference.com/players/w/willizi02.html,W
Nigel Williams-Goss,https://www.basketball-reference.com/players/w/willini01.html,W
Corliss Williamson,https://www.basketball-reference.com/players/w/willico02.html,W
John Williamson,https://www.basketball-reference.com/players/w/willijo01.html,W
Zion Williamson,https://www.basketball-reference.com/players/w/willizi01.html,W
Vann Williford,https://www.basketball-reference.com/players/w/williva01.html,W
Kevin Willis,https://www.basketball-reference.com/players/w/willike02.html,W
Bill Willoughby,https://www.basketball-reference.com/players/w/willobi01.html,W
Dedric Willoughby,https://www.basketball-reference.com/players/w/willode01.html,W
Bob Wilson,https://www.basketball-reference.com/players/w/wilsobo01.html,W
Bobby Wilson,https://www.basketball-reference.com/players/w/wilsobo02.html,W
Bobby Wilson,https://www.basketball-reference.com/players/w/wilsobo03.html,W
Bubba Wilson,https://www.basketball-reference.com/players/w/wilsobu01.html,W
D.J. Wilson,https://www.basketball-reference.com/players/w/wilsodj01.html,W
George Wilson,https://www.basketball-reference.com/players/w/wilsoge01.html,W
Isaiah Wilson,https://www.basketball-reference.com/players/w/wilsois01.html,W
Jalen Wilson,https://www.basketball-reference.com/players/w/wilsoja03.html,W
Jamil Wilson,https://www.basketball-reference.com/players/w/wilsoja02.html,W
Jasper Wilson,https://www.basketball-reference.com/players/w/wilsoja01.html,W
Jim Wilson,https://www.basketball-reference.com/players/w/wilsoji01.html,W
Michael Wilson,https://www.basketball-reference.com/players/w/wilsomi01.html,W
Nikita Wilson,https://www.basketball-reference.com/players/w/wilsoni01.html,W
Othell Wilson,https://www.basketball-reference.com/players/w/wilsoot01.html,W
Rick Wilson,https://www.basketball-reference.com/players/w/wilsori01.html,W
Ricky Wilson,https://www.basketball-reference.com/players/w/wilsori02.html,W
Steve Wilson,https://www.basketball-reference.com/players/w/wilsost01.html,W
Trevor Wilson,https://www.basketball-reference.com/players/w/wilsotr01.html,W
Kyle Wiltjer,https://www.basketball-reference.com/players/w/wiltjky01.html,W
Kennard Winchester,https://www.basketball-reference.com/players/w/winchke01.html,W
Tony Windis,https://www.basketball-reference.com/players/w/windito01.html,W
Dylan Windler,https://www.basketball-reference.com/players/w/windldy01.html,W
John Windsor,https://www.basketball-reference.com/players/w/windsjo01.html,W
Lee Winfield,https://www.basketball-reference.com/players/w/winfile01.html,W
David Wingate,https://www.basketball-reference.com/players/w/wingada01.html,W
Dontonio Wingfield,https://www.basketball-reference.com/players/w/wingfdo01.html,W
Harthorne Wingo,https://www.basketball-reference.com/players/w/wingoha01.html,W
Marv Winkler,https://www.basketball-reference.com/players/w/winklma01.html,W
Justise Winslow,https://www.basketball-reference.com/players/w/winslju01.html,W
Rickie Winslow,https://www.basketball-reference.com/players/w/winslri01.html,W
Cassius Winston,https://www.basketball-reference.com/players/w/winstca01.html,W
Trevor Winter,https://www.basketball-reference.com/players/w/wintetr01.html,W
Brian Winters,https://www.basketball-reference.com/players/w/wintebr01.html,W
Voise Winters,https://www.basketball-reference.com/players/w/wintevo01.html,W
Skip Wise,https://www.basketball-reference.com/players/w/wisesk01.html,W
Willie Wise,https://www.basketball-reference.com/players/w/wisewi01.html,W
James Wiseman,https://www.basketball-reference.com/players/w/wisemja01.html,W
Jeff Withey,https://www.basketball-reference.com/players/w/witheje01.html,W
Luke Witte,https://www.basketball-reference.com/players/w/wittelu01.html,W
Greg Wittman,https://www.basketball-reference.com/players/w/wittmgr01.html,W
Randy Wittman,https://www.basketball-reference.com/players/w/wittmra01.html,W
Garry Witts,https://www.basketball-reference.com/players/w/wittsga01.html,W
Dave Wohl,https://www.basketball-reference.com/players/w/wohlda01.html,W
Joe Wolf,https://www.basketball-reference.com/players/w/wolfjo01.html,W
Rubén Wolkowyski,https://www.basketball-reference.com/players/w/wolkoru01.html,W
Nate Wolters,https://www.basketball-reference.com/players/w/woltena01.html,W
Isaiah Wong,https://www.basketball-reference.com/players/w/wongis01.html,W
Al Wood,https://www.basketball-reference.com/players/w/woodal01.html,W
Bob Wood,https://www.basketball-reference.com/players/w/woodbo01.html,W
Christian Wood,https://www.basketball-reference.com/players/w/woodch01.html,W
David Wood,https://www.basketball-reference.com/players/w/woodda01.html,W
Howard Wood,https://www.basketball-reference.com/players/w/woodho01.html,W
Leon Wood,https://www.basketball-reference.com/players/w/woodle01.html,W
Robert Woodard II,https://www.basketball-reference.com/players/w/woodaro01.html,W
Loren Woods,https://www.basketball-reference.com/players/w/woodslo01.html,W
Qyntel Woods,https://www.basketball-reference.com/players/w/woodsqy01.html,W
Randy Woods,https://www.basketball-reference.com/players/w/woodsra01.html,W
Tommy Woods,https://www.basketball-reference.com/players/w/woodsto01.html,W
Mike Woodson,https://www.basketball-reference.com/players/w/woodsmi01.html,W
Bob Woollard,https://www.basketball-reference.com/players/w/woollbo01.html,W
Orlando Woolridge,https://www.basketball-reference.com/players/w/woolror01.html,W
Haywoode Workman,https://www.basketball-reference.com/players/w/workmha01.html,W
Mark Workman,https://www.basketball-reference.com/players/w/workmma01.html,W
Tom Workman,https://www.basketball-reference.com/players/w/workmto01.html,W
Metta World Peace,https://www.basketball-reference.com/players/a/artesro01.html,W
Willie Worsley,https://www.basketball-reference.com/players/w/worslwi01.html,W
Sam Worthen,https://www.basketball-reference.com/players/w/worthsa01.html,W
James Worthy,https://www.basketball-reference.com/players/w/worthja01.html,W
Antoine Wright,https://www.basketball-reference.com/players/w/wrighan01.html,W
Bracey Wright,https://www.basketball-reference.com/players/w/wrighbr02.html,W
Brad Wright,https://www.basketball-reference.com/players/w/wrighbr01.html,W
Brandan Wright,https://www.basketball-reference.com/players/w/wrighbr03.html,W
Chris Wright,https://www.basketball-reference.com/players/w/wrighch01.html,W
Chris Wright,https://www.basketball-reference.com/players/w/wrighch02.html,W
Delon Wright,https://www.basketball-reference.com/players/w/wrighde01.html,W
Dorell Wright,https://www.basketball-reference.com/players/w/wrighdo01.html,W
Howard Wright,https://www.basketball-reference.com/players/w/wrighho02.html,W
Howie Wright,https://www.basketball-reference.com/players/w/wrighho01.html,W
Joby Wright,https://www.basketball-reference.com/players/w/wrighjo01.html,W
Julian Wright,https://www.basketball-reference.com/players/w/wrighju01.html,W
Larry Wright,https://www.basketball-reference.com/players/w/wrighla01.html,W
Leroy Wright,https://www.basketball-reference.com/players/w/wrighle01.html,W
Lonnie Wright,https://www.basketball-reference.com/players/w/wrighlo01.html,W
Lorenzen Wright,https://www.basketball-reference.com/players/w/wrighlo02.html,W
Luther Wright,https://www.basketball-reference.com/players/w/wrighlu01.html,W
McKinley Wright IV,https://www.basketball-reference.com/players/w/wrighmc01.html,W
Moses Wright,https://www.basketball-reference.com/players/w/wrighmo01.html,W
Sharone Wright,https://www.basketball-reference.com/players/w/wrighsh01.html,W
Justin Wright-Foreman,https://www.basketball-reference.com/players/w/wrighju02.html,W
Tony Wroten,https://www.basketball-reference.com/players/w/wroteto01.html,W
Dennis Wuycik,https://www.basketball-reference.com/players/w/wuycide01.html,W
A.J. Wynder,https://www.basketball-reference.com/players/w/wyndeaj01.html,W
Guerschon Yabusele,https://www.basketball-reference.com/players/y/yabusgu01.html,Y
Vincent Yarbrough,https://www.basketball-reference.com/players/y/yarbrvi01.html,Y
George Yardley,https://www.basketball-reference.com/players/y/yardlge01.html,Y
Barry Yates,https://www.basketball-reference.com/players/y/yatesba01.html,Y
Wayne Yates,https://www.basketball-reference.com/players/y/yateswa01.html,Y
Charlie Yelverton,https://www.basketball-reference.com/players/y/yelvech01.html,Y
Rich Yonakor,https://www.basketball-reference.com/players/y/yonakri01.html,Y
Gabe York,https://www.basketball-reference.com/players/y/yorkga01.html,Y
Danny Young,https://www.basketball-reference.com/players/y/youngda01.html,Y
Jahmir Young,https://www.basketball-reference.com/players/y/youngja05.html,Y
James Young,https://www.basketball-reference.com/players/y/youngja01.html,Y
Joe Young,https://www.basketball-reference.com/players/y/youngjo01.html,Y
Korleone Young,https://www.basketball-reference.com/players/y/youngko01.html,Y
Michael Young,https://www.basketball-reference.com/players/y/youngmi01.html,Y
Nick Young,https://www.basketball-reference.com/players/y/youngni01.html,Y
Perry Young,https://www.basketball-reference.com/players/y/youngpe01.html,Y
Sam Young,https://www.basketball-reference.com/players/y/youngsa01.html,Y
Thaddeus Young,https://www.basketball-reference.com/players/y/youngth01.html,Y
Tim Young,https://www.basketball-reference.com/players/y/youngti01.html,Y
Trae Young,https://www.basketball-reference.com/players/y/youngtr01.html,Y
Sun Yue,https://www.basketball-reference.com/players/y/yuesu01.html,Y
Omer Yurtseven,https://www.basketball-reference.com/players/y/yurtsom01.html,Y
Max Zaslofsky,https://www.basketball-reference.com/players/z/zasloma01.html,Z
Zeke Zawoluk,https://www.basketball-reference.com/players/z/zawolze01.html,Z
Cody Zeller,https://www.basketball-reference.com/players/z/zelleco01.html,Z
Dave Zeller,https://www.basketball-reference.com/players/z/zelleda01.html,Z
Gary Zeller,https://www.basketball-reference.com/players/z/zellega01.html,Z
Harry Zeller,https://www.basketball-reference.com/players/z/zelleha01.html,Z
Luke Zeller,https://www.basketball-reference.com/players/z/zellelu01.html,Z
Tyler Zeller,https://www.basketball-reference.com/players/z/zellety01.html,Z
Tony Zeno,https://www.basketball-reference.com/players/z/zenoto01.html,Z
Phil Zevenbergen,https://www.basketball-reference.com/players/z/zevenph01.html,Z
Wang Zhizhi,https://www.basketball-reference.com/players/z/zhizhwa01.html,Z
George Zídek,https://www.basketball-reference.com/players/z/zidekge01.html,Z
Derrick Zimmerman,https://www.basketball-reference.com/players/z/zimmede01.html,Z
Stephen Zimmerman,https://www.basketball-reference.com/players/z/zimmest01.html,Z
Paul Zipser,https://www.basketball-reference.com/players/z/zipsepa01.html,Z
Ante Žižić,https://www.basketball-reference.com/players/z/zizican01.html,Z
Jim Zoet,https://www.basketball-reference.com/players/z/zoetji01.html,Z
Bill Zopf,https://www.basketball-reference.com/players/z/zopfbi01.html,Z
Ivica Zubac,https://www.basketball-reference.com/players/z/zubaciv01.html,Z
Matt Zunic,https://www.basketball-reference.com/players/z/zunicma01.html,Z
