player_name,era,talent_tier,per_peak_year,per_peak_age,per_peak_value,bpm_peak_year,bpm_peak_age,bpm_peak_value,ws_peak_year,ws_peak_age,ws_peak_value,ws_per_48_peak_year,ws_per_48_peak_age,ws_per_48_peak_value,per_smooth_peak_year,per_smooth_peak_age,per_smooth_peak_value,bpm_smooth_peak_year,bpm_smooth_peak_age,bpm_smooth_peak_value,ws_smooth_peak_year,ws_smooth_peak_age,ws_smooth_peak_value,ws_per_48_smooth_peak_year,ws_per_48_smooth_peak_age,ws_per_48_smooth_peak_value
A.C. Green,Full Advanced,Role/Bench,1994.0,30.0,17.0,1993.0,29.0,0.7,1994.0,30.0,9.3,1994.0,30.0,0.157,1993.0,29.0,16.65,1993.0,29.0,0.6499999999999999,1993.0,29.0,8.95,1993.0,29.0,0.152
A.J. Price,Full Advanced,Role/Bench,2010.0,23.0,14.0,2010.0,23.0,-0.5,2013.0,26.0,2.2,2013.0,26.0,0.084,2010.0,23.0,12.35,2013.0,26.0,-1.0,2015.0,28.0,1.25,2013.0,26.0,0.06266666666666668
Aaron Brooks,Full Advanced,Role/Bench,2010.0,25.0,16.0,2010.0,25.0,0.7,2010.0,25.0,5.5,2008.0,23.0,0.112,2010.0,25.0,14.0,2009.0,24.0,-0.13333333333333333,2009.0,24.0,3.5,2008.0,23.0,0.099
Aaron Gordon,Full Advanced,Starter/Rotation,2023.0,27.0,19.5,2023.0,27.0,2.1,2024.0,28.0,7.1,2023.0,27.0,0.158,2024.0,28.0,17.766666666666666,2024.0,28.0,1.5333333333333332,2023.0,27.0,6.366666666666666,2024.0,28.0,0.14966666666666664
Aaron Gray,Full Advanced,Role/Bench,2008.0,23.0,13.9,2009.0,24.0,-3.4,2012.0,27.0,1.4,2011.0,26.0,0.1,2008.0,23.0,12.7,2008.0,23.0,-3.45,2011.0,26.0,1.2666666666666668,2011.0,26.0,0.08933333333333333
Aaron Holiday,Full Advanced,Role/Bench,2022.0,25.0,12.6,2025.0,28.0,-0.2,2024.0,27.0,2.5,2025.0,28.0,0.122,2025.0,28.0,11.849999999999998,2025.0,28.0,-0.85,2025.0,28.0,2.2500000000000004,2025.0,28.0,0.10800000000000001
Aaron McKie,Full Advanced,Starter/Rotation,2002.0,29.0,15.8,2002.0,29.0,2.7,2001.0,28.0,5.9,2002.0,29.0,0.128,2002.0,29.0,14.866666666666667,2002.0,29.0,1.7333333333333336,2002.0,29.0,4.966666666666667,2002.0,29.0,0.11666666666666665
Aaron Nesmith,Full Advanced,Role/Bench,2025.0,25.0,14.6,2024.0,24.0,-0.5,2024.0,24.0,4.1,2025.0,25.0,0.126,2025.0,25.0,13.7,2025.0,25.0,-0.5,2025.0,25.0,3.5,2025.0,25.0,0.11200000000000002
Aaron Wiggins,Full Advanced,Role/Bench,2025.0,26.0,16.1,2025.0,26.0,1.1,2025.0,26.0,5.4,2025.0,26.0,0.148,2025.0,26.0,15.850000000000003,2025.0,26.0,0.9,2025.0,26.0,4.55,2025.0,26.0,0.146
Aaron Williams,Full Advanced,Role/Bench,1997.0,25.0,16.4,2002.0,30.0,-0.4,2001.0,29.0,5.2,2002.0,30.0,0.154,2001.0,29.0,15.166666666666666,2001.0,29.0,-1.2,2002.0,30.0,4.633333333333334,2003.0,31.0,0.12866666666666665
Abdel Nader,Full Advanced,Role/Bench,2021.0,27.0,13.4,2021.0,27.0,0.0,2020.0,26.0,1.3,2021.0,27.0,0.095,2021.0,27.0,12.350000000000001,2021.0,27.0,-0.5,2021.0,27.0,1.0,2021.0,27.0,0.08449999999999999
Acie Earl,Full Advanced,Role/Bench,1996.0,25.0,14.1,1997.0,26.0,-4.5,1996.0,25.0,0.3,1996.0,25.0,0.02,1997.0,26.0,12.4,1997.0,26.0,-4.800000000000001,1994.0,23.0,0.25,1994.0,23.0,0.014
Acie Law,Full Advanced,Role/Bench,2009.0,24.0,10.6,2009.0,24.0,-2.9,2009.0,24.0,0.7,2009.0,24.0,0.062,2011.0,26.0,10.25,2011.0,26.0,-3.4499999999999997,2011.0,26.0,0.55,2011.0,26.0,0.044500000000000005
Adam Keefe,Full Advanced,Role/Bench,1995.0,24.0,15.1,1998.0,27.0,0.6,1998.0,27.0,6.5,1995.0,24.0,0.154,1995.0,24.0,13.633333333333333,1997.0,26.0,-0.3333333333333333,1997.0,26.0,4.466666666666666,1996.0,25.0,0.13399999999999998
Admiral Schofield,Full Advanced,Role/Bench,2023.0,25.0,10.1,2023.0,25.0,-2.9,2023.0,25.0,0.8,2023.0,25.0,0.089,2023.0,25.0,8.8,2023.0,25.0,-4.15,2023.0,25.0,0.55,2023.0,25.0,0.058
Adonal Foyle,Full Advanced,Role/Bench,2003.0,27.0,15.3,2003.0,27.0,0.9,2003.0,27.0,4.0,2003.0,27.0,0.106,2004.0,28.0,13.666666666666666,2004.0,28.0,-0.46666666666666673,2006.0,30.0,3.1000000000000005,2004.0,28.0,0.09833333333333333
Adrian Griffin,Full Advanced,Role/Bench,2002.0,27.0,14.2,2002.0,27.0,1.3,2002.0,27.0,3.5,2002.0,27.0,0.121,2002.0,27.0,12.85,2003.0,28.0,0.6,2002.0,27.0,3.2,2003.0,28.0,0.11133333333333334
Al Harrington,Full Advanced,Role/Bench,2010.0,29.0,16.8,2008.0,27.0,0.2,2004.0,23.0,5.9,2008.0,27.0,0.118,2009.0,28.0,16.099999999999998,2009.0,28.0,-0.26666666666666666,2008.0,27.0,4.533333333333333,2003.0,22.0,0.09500000000000001
Al Horford,Full Advanced,All-Star,2014.0,27.0,22.0,2019.0,32.0,5.1,2010.0,23.0,10.9,2010.0,23.0,0.183,2014.0,27.0,21.066666666666666,2018.0,31.0,4.3,2011.0,24.0,9.933333333333332,2011.0,24.0,0.17166666666666663
Al Jefferson,Full Advanced,All-Star,2009.0,24.0,23.1,2012.0,27.0,3.7,2011.0,26.0,7.8,2012.0,27.0,0.173,2013.0,28.0,22.133333333333336,2013.0,28.0,2.9333333333333336,2013.0,28.0,7.666666666666667,2013.0,28.0,0.154
Al Thornton,Full Advanced,Role/Bench,2008.0,24.0,12.7,2010.0,26.0,-3.1,2010.0,26.0,2.2,2011.0,27.0,0.054,2008.0,24.0,12.649999999999999,2011.0,27.0,-3.2,2011.0,27.0,1.9000000000000004,2011.0,27.0,0.052
Al-Farouq Aminu,Full Advanced,Role/Bench,2015.0,24.0,14.4,2019.0,28.0,0.7,2019.0,28.0,5.8,2019.0,28.0,0.121,2014.0,23.0,13.766666666666666,2015.0,24.0,0.06666666666666667,2018.0,27.0,3.9666666666666663,2015.0,24.0,0.08966666666666667
Alan Anderson,Full Advanced,Role/Bench,2013.0,30.0,12.6,2015.0,32.0,-1.5,2015.0,32.0,2.7,2015.0,32.0,0.075,2006.0,23.0,11.5,2014.0,31.0,-2.033333333333333,2014.0,31.0,2.0,2014.0,31.0,0.057999999999999996
Alan Henderson,Full Advanced,Role/Bench,1998.0,25.0,18.4,1999.0,26.0,0.6,1998.0,25.0,6.0,2007.0,34.0,0.181,1998.0,25.0,16.466666666666665,1998.0,25.0,-0.7666666666666666,1999.0,26.0,3.6666666666666665,2007.0,34.0,0.1485
Alec Burks,Full Advanced,Role/Bench,2020.0,28.0,16.7,2021.0,29.0,1.5,2022.0,30.0,6.1,2022.0,30.0,0.126,2021.0,29.0,15.066666666666668,2022.0,30.0,1.1666666666666667,2021.0,29.0,4.366666666666666,2022.0,30.0,0.12033333333333335
Aleksej Pokusevski,Full Advanced,Role/Bench,2023.0,21.0,13.4,2023.0,21.0,0.0,2023.0,21.0,1.0,2023.0,21.0,0.066,2024.0,22.0,13.049999999999997,2024.0,22.0,-0.95,2024.0,22.0,0.7,2024.0,22.0,0.058
Alex Caruso,Full Advanced,Role/Bench,2025.0,30.0,15.9,2025.0,30.0,4.0,2024.0,29.0,4.9,2025.0,30.0,0.18,2025.0,30.0,15.2,2025.0,30.0,3.25,2025.0,30.0,4.4,2025.0,30.0,0.1475
Alex Len,Full Advanced,Role/Bench,2018.0,24.0,19.4,2018.0,24.0,0.3,2018.0,24.0,4.5,2018.0,24.0,0.154,2019.0,25.0,18.099999999999998,2019.0,25.0,-0.5333333333333333,2018.0,24.0,3.5666666666666664,2019.0,25.0,0.12533333333333332
Alexey Shved,Full Advanced,Role/Bench,2015.0,26.0,19.5,2015.0,26.0,2.9,2015.0,26.0,2.2,2015.0,26.0,0.135,2015.0,26.0,14.850000000000001,2015.0,26.0,0.4999999999999999,2015.0,26.0,1.2000000000000002,2015.0,26.0,0.07600000000000001
Alexis Ajinça,Full Advanced,Role/Bench,2015.0,26.0,19.9,2015.0,26.0,-0.3,2015.0,26.0,3.2,2015.0,26.0,0.159,2015.0,26.0,16.099999999999998,2014.0,25.0,-2.2333333333333334,2015.0,26.0,2.1,2015.0,26.0,0.107
Allan Houston,Full Advanced,Role/Bench,2003.0,31.0,17.7,2001.0,29.0,1.1,2001.0,29.0,7.5,2001.0,29.0,0.126,2002.0,30.0,16.333333333333332,2002.0,30.0,0.6666666666666666,2002.0,30.0,6.466666666666666,2002.0,30.0,0.10466666666666667
Allen Crabbe,Full Advanced,Role/Bench,2018.0,25.0,12.3,2018.0,25.0,-0.7,2016.0,23.0,4.3,2016.0,23.0,0.098,2017.0,24.0,12.033333333333333,2015.0,22.0,-0.9,2017.0,24.0,3.9,2015.0,22.0,0.093
Allen Iverson,Full Advanced,All-Star,2006.0,30.0,25.9,2001.0,25.0,6.1,2001.0,25.0,11.8,2001.0,25.0,0.19,2006.0,30.0,22.900000000000002,2001.0,25.0,5.533333333333334,2007.0,31.0,9.466666666666667,1999.0,23.0,0.167
Alonzo Gee,Full Advanced,Role/Bench,2012.0,24.0,13.2,2015.0,27.0,-0.6,2012.0,24.0,2.4,2015.0,27.0,0.086,2011.0,23.0,12.0,2016.0,28.0,-1.6000000000000003,2012.0,24.0,1.7666666666666666,2016.0,28.0,0.07100000000000001
Alonzo Mourning,Full Advanced,Starter/Rotation,1999.0,28.0,24.6,1999.0,28.0,4.7,1996.0,25.0,9.9,1999.0,28.0,0.216,1998.0,27.0,22.866666666666664,1998.0,27.0,3.366666666666667,1996.0,25.0,9.233333333333333,1998.0,27.0,0.19166666666666665
Alperen Şengün,Full Advanced,All-Star,2024.0,21.0,22.0,2024.0,21.0,4.9,2025.0,22.0,8.3,2025.0,22.0,0.166,2025.0,22.0,21.699999999999996,2025.0,22.0,4.65,2025.0,22.0,7.599999999999999,2025.0,22.0,0.16450000000000004
Alvin Williams,Full Advanced,Role/Bench,2003.0,28.0,16.7,2001.0,26.0,0.8,2003.0,28.0,5.5,2001.0,26.0,0.109,2002.0,27.0,15.233333333333334,2002.0,27.0,0.5,2002.0,27.0,5.366666666666667,2002.0,27.0,0.09866666666666668
Amar'e Stoudemire,Full Advanced,Starter/Rotation,2008.0,25.0,27.6,2008.0,25.0,4.8,2005.0,22.0,14.6,2008.0,25.0,0.262,2007.0,24.0,25.76666666666667,2007.0,24.0,3.6666666666666665,2007.0,24.0,13.466666666666667,2007.0,24.0,0.23533333333333337
Amir Coffey,Full Advanced,Role/Bench,2022.0,24.0,13.0,2022.0,24.0,-0.3,2025.0,27.0,4.0,2022.0,24.0,0.116,2025.0,27.0,10.6,2025.0,27.0,-1.9500000000000002,2025.0,27.0,3.3,2025.0,27.0,0.0975
Amir Johnson,Full Advanced,Starter/Rotation,2011.0,23.0,17.6,2008.0,20.0,1.3,2013.0,25.0,7.3,2008.0,20.0,0.19,2012.0,24.0,16.433333333333334,2017.0,29.0,0.9333333333333335,2014.0,26.0,6.233333333333333,2008.0,20.0,0.16599999999999998
Anderson Varejão,Full Advanced,Starter/Rotation,2013.0,30.0,21.7,2013.0,30.0,3.7,2010.0,27.0,8.1,2010.0,27.0,0.179,2013.0,30.0,19.2,2013.0,30.0,2.0666666666666664,2009.0,26.0,6.166666666666667,2006.0,23.0,0.158
Andray Blatche,Full Advanced,Role/Bench,2013.0,26.0,21.9,2013.0,26.0,2.2,2013.0,26.0,4.9,2013.0,26.0,0.153,2014.0,27.0,20.349999999999998,2014.0,27.0,1.1,2014.0,27.0,4.3,2014.0,27.0,0.131
Andre Drummond,Full Advanced,Starter/Rotation,2019.0,25.0,23.4,2018.0,24.0,3.2,2018.0,24.0,10.3,2018.0,24.0,0.188,2019.0,25.0,22.766666666666666,2018.0,24.0,2.1,2018.0,24.0,9.0,2013.0,19.0,0.177
Andre Iguodala,Full Advanced,All-Star,2008.0,24.0,19.0,2008.0,24.0,4.0,2008.0,24.0,9.6,2017.0,33.0,0.167,2008.0,24.0,18.5,2012.0,28.0,3.266666666666667,2008.0,24.0,8.833333333333334,2016.0,32.0,0.13533333333333333
Andre Miller,Full Advanced,Starter/Rotation,2002.0,25.0,21.8,2002.0,25.0,3.9,2002.0,25.0,10.3,2002.0,25.0,0.163,2001.0,24.0,20.950000000000003,2001.0,24.0,3.3499999999999996,2001.0,24.0,9.15,2001.0,24.0,0.14950000000000002
Andre Roberson,Full Advanced,Role/Bench,2018.0,26.0,10.9,2016.0,24.0,0.5,2017.0,25.0,4.2,2016.0,24.0,0.105,2018.0,26.0,10.25,2015.0,23.0,-0.09999999999999998,2017.0,25.0,3.266666666666667,2017.0,25.0,0.09666666666666666
Andrea Bargnani,Full Advanced,Role/Bench,2012.0,26.0,17.9,2012.0,26.0,1.1,2010.0,24.0,4.2,2012.0,26.0,0.104,2011.0,25.0,16.599999999999998,2011.0,25.0,-0.3666666666666667,2010.0,24.0,3.5333333333333337,2011.0,25.0,0.076
Andrei Kirilenko,Full Advanced,Elite,2005.0,23.0,24.4,2005.0,23.0,9.2,2004.0,22.0,11.6,2003.0,21.0,0.199,2004.0,22.0,22.700000000000003,2005.0,23.0,7.8999999999999995,2003.0,21.0,9.366666666666667,2004.0,22.0,0.19599999999999998
Andrew Bogut,Full Advanced,Starter/Rotation,2010.0,25.0,20.7,2010.0,25.0,3.1,2010.0,25.0,7.5,2016.0,31.0,0.18,2009.0,24.0,18.133333333333336,2015.0,30.0,2.5999999999999996,2015.0,30.0,5.7,2015.0,30.0,0.17166666666666663
Andrew Bynum,Full Advanced,All-Star,2012.0,24.0,22.9,2008.0,20.0,4.2,2012.0,24.0,8.0,2008.0,20.0,0.23,2011.0,23.0,21.400000000000002,2011.0,23.0,2.5333333333333337,2011.0,23.0,7.466666666666666,2009.0,21.0,0.20066666666666666
Andrew DeClercq,Full Advanced,Role/Bench,1999.0,25.0,15.0,1999.0,25.0,-1.1,1998.0,24.0,3.4,1999.0,25.0,0.136,1999.0,25.0,13.666666666666666,1999.0,25.0,-1.8666666666666665,1999.0,25.0,3.0,1999.0,25.0,0.12533333333333332
Andrew Lang,Full Advanced,Role/Bench,1995.0,28.0,13.1,1995.0,28.0,-1.9,1995.0,28.0,4.9,1995.0,28.0,0.1,1995.0,28.0,12.0,1996.0,29.0,-2.5,1995.0,28.0,3.3666666666666667,1995.0,28.0,0.078
Andrew Nembhard,Full Advanced,Role/Bench,2025.0,25.0,11.7,2024.0,24.0,-2.2,2025.0,25.0,2.8,2025.0,25.0,0.071,2025.0,25.0,11.5,2025.0,25.0,-2.25,2025.0,25.0,2.4,2025.0,25.0,0.06399999999999999
Andrew Nicholson,Full Advanced,Role/Bench,2013.0,23.0,15.1,2016.0,26.0,-1.1,2013.0,23.0,1.7,2016.0,26.0,0.092,2016.0,26.0,12.55,2016.0,26.0,-3.0000000000000004,2013.0,23.0,1.15,2016.0,26.0,0.0495
Andrew Wiggins,Full Advanced,Role/Bench,2017.0,21.0,16.5,2025.0,29.0,0.9,2022.0,26.0,5.1,2022.0,26.0,0.105,2016.0,20.0,15.633333333333333,2021.0,25.0,-0.09999999999999999,2022.0,26.0,3.766666666666667,2022.0,26.0,0.09200000000000001
Andris Biedriņš,Full Advanced,Role/Bench,2008.0,21.0,19.2,2009.0,22.0,1.3,2008.0,21.0,8.0,2008.0,21.0,0.185,2008.0,21.0,18.166666666666668,2009.0,22.0,0.7333333333333333,2008.0,21.0,6.7,2008.0,21.0,0.15333333333333332
Andrés Nocioni,Full Advanced,Role/Bench,2006.0,26.0,16.1,2006.0,26.0,1.7,2006.0,26.0,6.7,2006.0,26.0,0.144,2007.0,27.0,15.1,2007.0,27.0,0.5666666666666667,2007.0,27.0,4.7,2007.0,27.0,0.12
Anfernee Hardaway,Full Advanced,All-Star,1996.0,24.0,24.6,1996.0,24.0,7.2,1996.0,24.0,14.4,1996.0,24.0,0.229,1996.0,24.0,22.266666666666666,1996.0,24.0,5.3999999999999995,1996.0,24.0,11.066666666666665,1996.0,24.0,0.19366666666666665
Anfernee Simons,Full Advanced,Role/Bench,2024.0,24.0,15.9,2024.0,24.0,0.2,2025.0,25.0,4.2,2025.0,25.0,0.087,2025.0,25.0,15.4,2025.0,25.0,0.050000000000000044,2025.0,25.0,3.2,2025.0,25.0,0.07750000000000001
Antawn Jamison,Full Advanced,Starter/Rotation,2004.0,27.0,21.2,2004.0,27.0,1.7,2008.0,31.0,9.2,2004.0,27.0,0.183,2008.0,31.0,19.766666666666666,2008.0,31.0,1.5333333333333332,2007.0,30.0,8.066666666666665,2003.0,26.0,0.13666666666666666
Anthony Avent,Full Advanced,Role/Bench,1993.0,23.0,10.2,1995.0,25.0,-4.0,1995.0,25.0,1.5,1995.0,25.0,0.069,1994.0,24.0,9.733333333333333,1994.0,24.0,-4.866666666666666,1994.0,24.0,0.7333333333333334,1994.0,24.0,0.029333333333333336
Anthony Bennett,Full Advanced,Role/Bench,2017.0,23.0,14.7,2017.0,23.0,-1.4,2017.0,23.0,0.5,2017.0,23.0,0.09,2017.0,23.0,13.05,2017.0,23.0,-2.6499999999999995,2017.0,23.0,0.4,2017.0,23.0,0.0535
Anthony Bonner,Full Advanced,Role/Bench,1994.0,25.0,12.6,1994.0,25.0,1.0,1994.0,25.0,4.1,1994.0,25.0,0.14,1993.0,24.0,12.45,1995.0,26.0,-0.30000000000000004,1993.0,24.0,3.25,1995.0,26.0,0.10950000000000001
Anthony Bowie,Full Advanced,Role/Bench,1995.0,31.0,11.7,1993.0,29.0,-1.2,1993.0,29.0,2.5,1995.0,31.0,0.077,1994.0,30.0,11.466666666666667,1993.0,29.0,-1.45,1994.0,30.0,1.9333333333333333,1996.0,32.0,0.074
Anthony Carter,Full Advanced,Role/Bench,2008.0,32.0,12.8,2008.0,32.0,-0.1,2008.0,32.0,3.8,2008.0,32.0,0.092,2006.0,30.0,11.566666666666668,2009.0,33.0,-0.7333333333333334,2009.0,33.0,2.1666666666666665,2009.0,33.0,0.06333333333333334
Anthony Davis,Full Advanced,Elite,2015.0,21.0,30.8,2019.0,25.0,9.4,2015.0,21.0,14.0,2015.0,21.0,0.274,2018.0,24.0,28.900000000000002,2019.0,25.0,8.033333333333333,2019.0,25.0,11.433333333333332,2019.0,25.0,0.246
Anthony Edwards,Full Advanced,All-Star,2025.0,23.0,20.1,2025.0,23.0,4.3,2025.0,23.0,8.4,2025.0,23.0,0.14,2025.0,23.0,19.900000000000002,2025.0,23.0,3.8,2025.0,23.0,7.950000000000001,2025.0,23.0,0.135
Anthony Goldwire,Full Advanced,Role/Bench,2005.0,33.0,15.1,2005.0,33.0,1.9,1998.0,26.0,3.0,2005.0,33.0,0.138,2005.0,33.0,13.849999999999998,2005.0,33.0,-0.15000000000000013,1997.0,25.0,1.6666666666666667,2005.0,33.0,0.08050000000000002
Anthony Johnson,Full Advanced,Role/Bench,2005.0,30.0,14.3,2006.0,31.0,0.7,2006.0,31.0,4.5,2010.0,35.0,0.116,2005.0,30.0,13.366666666666667,2005.0,30.0,0.3333333333333333,2005.0,30.0,4.033333333333333,2005.0,30.0,0.109
Anthony Mason,Full Advanced,Starter/Rotation,1997.0,30.0,18.9,1997.0,30.0,3.5,2001.0,34.0,11.6,1997.0,30.0,0.173,1998.0,31.0,17.566666666666666,1998.0,31.0,2.5666666666666664,1998.0,31.0,10.766666666666666,1996.0,29.0,0.16533333333333333
Anthony Morrow,Full Advanced,Role/Bench,2015.0,29.0,14.8,2015.0,29.0,1.8,2015.0,29.0,5.7,2015.0,29.0,0.151,2009.0,23.0,14.35,2015.0,29.0,-0.06666666666666665,2015.0,29.0,3.3333333333333335,2016.0,30.0,0.11033333333333334
Anthony Parker,Full Advanced,Role/Bench,2007.0,31.0,14.5,2007.0,31.0,1.4,2007.0,31.0,6.5,2007.0,31.0,0.127,2007.0,31.0,14.45,2007.0,31.0,1.15,2007.0,31.0,6.35,2007.0,31.0,0.12
Anthony Peeler,Full Advanced,Role/Bench,1998.0,28.0,15.0,1998.0,28.0,1.2,2002.0,32.0,3.8,1996.0,26.0,0.11,1997.0,27.0,14.299999999999999,1999.0,29.0,-0.03333333333333336,2002.0,32.0,3.466666666666667,1999.0,29.0,0.07866666666666666
Anthony Randolph,Full Advanced,Role/Bench,2010.0,20.0,18.7,2010.0,20.0,-0.6,2009.0,19.0,1.6,2012.0,22.0,0.099,2009.0,19.0,17.799999999999997,2014.0,24.0,-0.8,2009.0,19.0,1.55,2009.0,19.0,0.0835
Anthony Tolliver,Full Advanced,Role/Bench,2018.0,32.0,13.9,2018.0,32.0,0.9,2018.0,32.0,5.3,2018.0,32.0,0.146,2010.0,24.0,13.45,2017.0,31.0,0.09999999999999998,2017.0,31.0,3.466666666666667,2017.0,31.0,0.10699999999999998
Antoine Carr,Full Advanced,Role/Bench,1993.0,31.0,16.1,1993.0,31.0,0.5,1993.0,31.0,5.5,1993.0,31.0,0.136,1993.0,31.0,14.450000000000001,1993.0,31.0,-0.6,1994.0,32.0,3.6666666666666665,1993.0,31.0,0.13
Antoine Walker,Full Advanced,Role/Bench,2001.0,24.0,18.9,2001.0,24.0,3.0,2002.0,25.0,6.7,2002.0,25.0,0.094,1999.0,22.0,17.900000000000002,2001.0,24.0,2.066666666666667,2002.0,25.0,5.3,2001.0,24.0,0.08866666666666667
Antoine Wright,Full Advanced,Role/Bench,2010.0,25.0,8.6,2008.0,23.0,-3.0,2009.0,24.0,1.4,2007.0,22.0,0.049,2010.0,25.0,8.6,2007.0,22.0,-3.15,2008.0,23.0,1.1333333333333333,2008.0,23.0,0.04066666666666666
Antonio Daniels,Full Advanced,Role/Bench,2004.0,28.0,19.7,2004.0,28.0,2.9,2005.0,29.0,6.8,2004.0,28.0,0.184,2005.0,29.0,17.13333333333333,2004.0,28.0,2.033333333333333,2005.0,29.0,5.966666666666666,2004.0,28.0,0.15733333333333333
Antonio Davis,Full Advanced,Role/Bench,1999.0,30.0,16.7,1994.0,25.0,0.1,1998.0,29.0,7.4,1998.0,29.0,0.163,1999.0,30.0,16.166666666666668,1999.0,30.0,-0.43333333333333335,1997.0,28.0,6.2,1999.0,30.0,0.147
Antonio McDyess,Full Advanced,Role/Bench,2001.0,26.0,22.0,1998.0,23.0,2.1,1998.0,23.0,9.4,1998.0,23.0,0.185,1999.0,24.0,21.333333333333332,1999.0,24.0,1.5,1999.0,24.0,7.133333333333333,2008.0,33.0,0.151
Archie Goodwin,Full Advanced,Role/Bench,2015.0,20.0,11.2,2014.0,19.0,-3.2,2014.0,19.0,0.2,2014.0,19.0,0.018,2016.0,21.0,11.15,2014.0,19.0,-3.3,2014.0,19.0,0.2,2014.0,19.0,0.016
Armen Gilliam,Full Advanced,Starter/Rotation,1994.0,29.0,18.5,1994.0,29.0,1.0,1994.0,29.0,6.8,1994.0,29.0,0.166,1995.0,30.0,18.066666666666666,1995.0,30.0,0.8333333333333334,1995.0,30.0,6.699999999999999,1995.0,30.0,0.13566666666666669
Aron Baynes,Full Advanced,Role/Bench,2016.0,29.0,17.8,2016.0,29.0,-0.2,2016.0,29.0,4.1,2015.0,28.0,0.166,2015.0,28.0,16.85,2015.0,28.0,-1.0,2015.0,28.0,4.0,2015.0,28.0,0.162
Arron Afflalo,Full Advanced,Role/Bench,2014.0,28.0,16.0,2011.0,25.0,1.4,2011.0,25.0,6.2,2011.0,25.0,0.128,2013.0,27.0,14.566666666666665,2011.0,25.0,0.3666666666666667,2011.0,25.0,5.266666666666667,2011.0,25.0,0.11366666666666665
Arvydas Sabonis,Full Advanced,All-Star,1996.0,31.0,24.7,1996.0,31.0,6.7,1998.0,33.0,9.7,1996.0,31.0,0.233,1996.0,31.0,23.25,1996.0,31.0,6.0,1997.0,32.0,8.533333333333333,1996.0,31.0,0.219
Austin Croshere,Full Advanced,Role/Bench,2003.0,27.0,16.1,2006.0,30.0,2.1,2005.0,29.0,4.1,2006.0,30.0,0.173,2003.0,27.0,14.933333333333335,2003.0,27.0,0.9666666666666668,2005.0,29.0,3.8666666666666667,2005.0,29.0,0.14533333333333334
Austin Daye,Full Advanced,Role/Bench,2011.0,22.0,13.0,2013.0,24.0,0.4,2011.0,22.0,2.1,2013.0,24.0,0.117,2010.0,21.0,12.9,2010.0,21.0,-1.55,2010.0,21.0,1.7000000000000002,2010.0,21.0,0.0685
Austin Reaves,Full Advanced,Starter/Rotation,2025.0,26.0,18.1,2025.0,26.0,1.9,2025.0,26.0,7.6,2025.0,26.0,0.144,2025.0,26.0,16.8,2025.0,26.0,1.15,2025.0,26.0,6.749999999999999,2024.0,25.0,0.13133333333333333
Austin Rivers,Full Advanced,Role/Bench,2018.0,25.0,12.6,2018.0,25.0,-1.2,2017.0,24.0,2.5,2020.0,27.0,0.072,2017.0,24.0,11.700000000000001,2017.0,24.0,-2.0333333333333337,2017.0,24.0,2.2666666666666666,2021.0,28.0,0.06033333333333333
Avery Bradley,Full Advanced,Role/Bench,2017.0,26.0,14.4,2016.0,25.0,-0.1,2016.0,25.0,4.8,2016.0,25.0,0.09,2016.0,25.0,13.033333333333333,2016.0,25.0,-0.9666666666666668,2016.0,25.0,3.466666666666667,2016.0,25.0,0.07333333333333335
Avery Johnson,Full Advanced,Starter/Rotation,2002.0,36.0,16.6,1996.0,30.0,1.7,1996.0,30.0,9.1,1996.0,30.0,0.141,1996.0,30.0,15.666666666666666,1996.0,30.0,0.6,1995.0,29.0,7.066666666666666,1995.0,29.0,0.118
Ayo Dosunmu,Full Advanced,Role/Bench,2024.0,24.0,13.4,2024.0,24.0,-0.8,2024.0,24.0,4.1,2024.0,24.0,0.089,2025.0,25.0,13.1,2025.0,25.0,-1.2000000000000002,2023.0,23.0,3.3333333333333335,2025.0,25.0,0.088
B.J. Armstrong,Full Advanced,Starter/Rotation,1996.0,28.0,17.3,1996.0,28.0,1.8,1995.0,27.0,8.1,1995.0,27.0,0.152,1995.0,27.0,15.633333333333335,1995.0,27.0,0.9,1994.0,26.0,7.7,1995.0,27.0,0.1436666666666667
Bam Adebayo,Full Advanced,All-Star,2021.0,23.0,22.7,2021.0,23.0,4.9,2021.0,23.0,8.8,2021.0,23.0,0.197,2021.0,23.0,21.599999999999998,2021.0,23.0,4.033333333333334,2021.0,23.0,8.166666666666666,2021.0,23.0,0.18433333333333335
Baron Davis,Full Advanced,All-Star,2007.0,27.0,21.0,2004.0,24.0,5.2,2001.0,21.0,8.9,2007.0,27.0,0.139,2006.0,26.0,20.033333333333335,2004.0,24.0,4.166666666666667,2001.0,21.0,8.55,2001.0,21.0,0.126
Ben Gordon,Full Advanced,Role/Bench,2007.0,23.0,18.2,2007.0,23.0,2.4,2007.0,23.0,8.6,2007.0,23.0,0.152,2008.0,24.0,17.2,2008.0,24.0,1.4666666666666668,2008.0,24.0,6.866666666666667,2008.0,24.0,0.12266666666666666
Ben McLemore,Full Advanced,Role/Bench,2020.0,26.0,11.8,2020.0,26.0,-0.5,2020.0,26.0,3.3,2020.0,26.0,0.099,2021.0,27.0,10.666666666666666,2021.0,27.0,-2.533333333333333,2014.0,20.0,1.65,2021.0,27.0,0.04766666666666667
Ben Simmons,Full Advanced,All-Star,2020.0,23.0,20.4,2018.0,21.0,4.5,2018.0,21.0,9.2,2020.0,23.0,0.165,2019.0,22.0,20.133333333333333,2018.0,21.0,4.05,2018.0,21.0,8.7,2019.0,22.0,0.15766666666666665
Ben Wallace,Full Advanced,Starter/Rotation,2002.0,27.0,18.6,2002.0,27.0,4.4,2002.0,27.0,11.6,2002.0,27.0,0.19,2003.0,28.0,17.7,2003.0,28.0,3.9333333333333336,2003.0,28.0,10.799999999999999,2003.0,28.0,0.17533333333333334
Bennedict Mathurin,Full Advanced,Role/Bench,2025.0,22.0,13.6,2025.0,22.0,-2.9,2025.0,22.0,3.0,2025.0,22.0,0.068,2025.0,22.0,13.3,2025.0,22.0,-3.15,2025.0,22.0,2.2,2025.0,22.0,0.056499999999999995
Beno Udrih,Full Advanced,Role/Bench,2017.0,34.0,16.2,2005.0,22.0,0.9,2011.0,28.0,7.2,2005.0,22.0,0.128,2011.0,28.0,14.833333333333334,2005.0,22.0,-0.04999999999999999,2011.0,28.0,4.7,2005.0,22.0,0.1185
Benoit Benjamin,Full Advanced,Role/Bench,1996.0,31.0,14.4,1994.0,29.0,-2.1,1994.0,29.0,4.1,1994.0,29.0,0.107,1995.0,30.0,14.166666666666666,1995.0,30.0,-2.5,1995.0,30.0,2.8666666666666667,1993.0,28.0,0.082
Bill Cartwright,Full Advanced,Role/Bench,1994.0,36.0,10.1,1994.0,36.0,-2.6,1994.0,36.0,1.3,1994.0,36.0,0.077,1993.0,35.0,9.2,1993.0,35.0,-3.75,1993.0,35.0,1.25,1993.0,35.0,0.0625
Bill Wennington,Full Advanced,Role/Bench,1994.0,30.0,14.0,1994.0,30.0,-2.3,1994.0,30.0,3.5,1996.0,32.0,0.125,1994.0,30.0,12.8,1994.0,30.0,-3.1999999999999997,1994.0,30.0,2.9,1995.0,31.0,0.12166666666666666
Billy Owens,Full Advanced,Role/Bench,1993.0,23.0,16.9,1993.0,23.0,1.6,1994.0,24.0,5.7,1994.0,24.0,0.099,1993.0,23.0,16.25,1993.0,23.0,1.0,1995.0,25.0,4.033333333333334,1993.0,23.0,0.093
Bimbo Coles,Full Advanced,Role/Bench,1999.0,30.0,14.8,1993.0,24.0,0.6,1993.0,24.0,5.7,1993.0,24.0,0.122,1993.0,24.0,13.85,1993.0,24.0,0.3,1993.0,24.0,4.45,1993.0,24.0,0.1055
Bismack Biyombo,Full Advanced,Role/Bench,2022.0,29.0,17.3,2016.0,23.0,-0.2,2016.0,23.0,5.9,2022.0,29.0,0.17,2021.0,28.0,15.033333333333337,2015.0,22.0,-0.8333333333333334,2015.0,22.0,4.366666666666667,2015.0,22.0,0.152
Bison Dele,Full Advanced,Role/Bench,1998.0,28.0,18.1,1994.0,24.0,0.4,1998.0,28.0,6.9,1994.0,24.0,0.151,1998.0,28.0,16.96666666666667,1999.0,29.0,-0.49999999999999983,1999.0,29.0,4.65,1999.0,29.0,0.1115
Blake Griffin,Full Advanced,All-Star,2014.0,24.0,23.9,2019.0,29.0,5.1,2014.0,24.0,12.2,2014.0,24.0,0.205,2013.0,23.0,23.23333333333333,2018.0,28.0,4.3999999999999995,2013.0,23.0,10.666666666666666,2013.0,23.0,0.19533333333333333
Blake Wesley,Full Advanced,Role/Bench,2024.0,20.0,10.1,2024.0,20.0,-4.0,2024.0,20.0,0.9,2024.0,20.0,0.05,2025.0,21.0,10.0,2025.0,21.0,-4.1000000000000005,2025.0,21.0,0.55,2025.0,21.0,0.0305
Blue Edwards,Full Advanced,Role/Bench,1993.0,27.0,16.4,1999.0,33.0,1.2,1993.0,27.0,5.7,1993.0,27.0,0.101,1993.0,27.0,14.649999999999999,1999.0,33.0,-0.15000000000000036,1993.0,27.0,4.3,1993.0,27.0,0.0805
Bo Outlaw,Full Advanced,Starter/Rotation,1997.0,25.0,16.3,2001.0,29.0,3.1,2001.0,29.0,7.9,2001.0,29.0,0.15,1997.0,25.0,15.799999999999999,1997.0,25.0,2.3000000000000003,1999.0,27.0,5.766666666666666,1999.0,27.0,0.12466666666666666
Bob Sura,Full Advanced,Starter/Rotation,2002.0,28.0,17.1,1997.0,23.0,1.7,1997.0,23.0,5.2,2004.0,30.0,0.133,2003.0,29.0,15.833333333333334,2005.0,31.0,1.3,2005.0,31.0,4.699999999999999,2005.0,31.0,0.126
Bobby Hurley,Full Advanced,Role/Bench,1997.0,25.0,10.4,1997.0,25.0,-3.2,1997.0,25.0,0.4,1997.0,25.0,0.031,1998.0,26.0,9.700000000000001,1996.0,24.0,-4.566666666666666,1998.0,26.0,-0.04999999999999999,1996.0,24.0,0.0013333333333333333
Bobby Jackson,Full Advanced,Starter/Rotation,2004.0,30.0,19.2,2003.0,29.0,2.9,2003.0,29.0,5.5,2003.0,29.0,0.157,2004.0,30.0,18.53333333333333,2003.0,29.0,2.3666666666666667,2002.0,28.0,4.666666666666667,2003.0,29.0,0.143
Bobby Phills,Full Advanced,Role/Bench,1996.0,26.0,16.8,1996.0,26.0,1.7,1996.0,26.0,7.1,1996.0,26.0,0.136,1997.0,27.0,14.4,1997.0,27.0,0.7666666666666666,1996.0,26.0,5.366666666666667,1995.0,25.0,0.10833333333333334
Bobby Portis,Full Advanced,Role/Bench,2021.0,25.0,19.9,2021.0,25.0,1.5,2022.0,26.0,5.5,2021.0,25.0,0.167,2022.0,26.0,18.466666666666665,2022.0,26.0,0.8000000000000002,2022.0,26.0,5.199999999999999,2022.0,26.0,0.14566666666666667
Bobby Simmons,Full Advanced,Role/Bench,2005.0,24.0,16.1,2005.0,24.0,0.7,2005.0,24.0,6.8,2005.0,24.0,0.117,2005.0,24.0,14.166666666666666,2005.0,24.0,-0.20000000000000004,2005.0,24.0,4.7,2002.0,21.0,0.1015
Bogdan Bogdanović,Full Advanced,Starter/Rotation,2021.0,28.0,17.6,2021.0,28.0,3.6,2024.0,31.0,3.9,2021.0,28.0,0.142,2021.0,28.0,16.066666666666666,2021.0,28.0,1.8333333333333333,2021.0,28.0,3.566666666666667,2022.0,29.0,0.10833333333333332
Bojan Bogdanović,Full Advanced,Role/Bench,2023.0,33.0,17.4,2023.0,33.0,0.8,2019.0,29.0,6.8,2019.0,29.0,0.126,2022.0,32.0,15.699999999999998,2022.0,32.0,0.13333333333333333,2019.0,29.0,5.466666666666666,2020.0,30.0,0.11166666666666668
Bol Bol,Full Advanced,All-Star,2024.0,24.0,18.7,2024.0,24.0,2.1,2023.0,23.0,2.3,2024.0,24.0,0.168,2025.0,25.0,18.55,2025.0,25.0,1.45,2023.0,23.0,1.95,2025.0,25.0,0.1325
Bones Hyland,Full Advanced,Role/Bench,2023.0,22.0,14.9,2022.0,21.0,-0.4,2022.0,21.0,2.4,2022.0,21.0,0.088,2022.0,21.0,14.65,2022.0,21.0,-0.6000000000000001,2022.0,21.0,1.9,2022.0,21.0,0.075
Bonzi Wells,Full Advanced,Role/Bench,2001.0,24.0,18.8,2001.0,24.0,2.3,2002.0,25.0,6.0,2001.0,24.0,0.143,2001.0,24.0,18.6,2001.0,24.0,2.0999999999999996,2001.0,24.0,5.95,2001.0,24.0,0.1325
Boris Diaw,Full Advanced,Starter/Rotation,2006.0,23.0,17.3,2006.0,23.0,2.8,2006.0,23.0,8.9,2006.0,23.0,0.149,2007.0,24.0,14.1,2010.0,27.0,0.8666666666666666,2007.0,24.0,5.5,2015.0,32.0,0.11333333333333333
Boštjan Nachbar,Full Advanced,Role/Bench,2007.0,26.0,14.5,2007.0,26.0,0.3,2007.0,26.0,4.1,2007.0,26.0,0.128,2008.0,27.0,13.45,2008.0,27.0,-0.75,2008.0,27.0,3.15,2008.0,27.0,0.096
Brad Lohaus,Full Advanced,Starter/Rotation,1993.0,28.0,13.3,1995.0,30.0,1.4,1993.0,28.0,2.7,1996.0,31.0,0.101,1996.0,31.0,11.65,1996.0,31.0,1.15,1994.0,29.0,1.4333333333333336,1996.0,31.0,0.1
Brad Miller,Full Advanced,All-Star,1999.0,22.0,21.2,2005.0,28.0,4.0,2004.0,27.0,10.0,1999.0,22.0,0.22,2004.0,27.0,19.8,2004.0,27.0,3.366666666666667,2004.0,27.0,9.4,2004.0,27.0,0.19466666666666668
Brad Wanamaker,Full Advanced,Role/Bench,2020.0,30.0,12.8,2020.0,30.0,-0.6,2020.0,30.0,3.5,2020.0,30.0,0.124,2020.0,30.0,11.15,2020.0,30.0,-2.3,2020.0,30.0,2.2,2020.0,30.0,0.0815
Bradley Beal,Full Advanced,Starter/Rotation,2020.0,26.0,23.2,2021.0,27.0,3.4,2017.0,23.0,8.5,2017.0,23.0,0.152,2020.0,26.0,22.233333333333334,2020.0,26.0,3.0666666666666664,2018.0,24.0,7.666666666666667,2018.0,24.0,0.12766666666666668
Brandan Wright,Full Advanced,All-Star,2014.0,26.0,23.5,2015.0,27.0,3.7,2015.0,27.0,6.1,2014.0,26.0,0.227,2013.0,25.0,22.03333333333333,2013.0,25.0,3.2000000000000006,2014.0,26.0,5.1,2013.0,25.0,0.20466666666666666
Brandon Bass,Full Advanced,Role/Bench,2017.0,31.0,19.7,2016.0,30.0,0.6,2011.0,25.0,6.3,2017.0,31.0,0.186,2017.0,31.0,18.5,2017.0,31.0,0.5000000000000001,2012.0,26.0,5.233333333333333,2017.0,31.0,0.166
Brandon Boston Jr.,Full Advanced,Role/Bench,2023.0,21.0,13.4,2023.0,21.0,-2.2,2025.0,23.0,0.7,2023.0,21.0,0.04,2022.0,20.0,12.3,2022.0,20.0,-2.75,2022.0,20.0,0.30000000000000004,2022.0,20.0,0.033
Brandon Clarke,Full Advanced,All-Star,2022.0,25.0,23.7,2022.0,25.0,4.2,2022.0,25.0,6.3,2022.0,25.0,0.241,2021.0,24.0,20.633333333333333,2021.0,24.0,2.9333333333333336,2021.0,24.0,5.166666666666667,2023.0,26.0,0.20466666666666666
Brandon Goodwin,Full Advanced,Role/Bench,2022.0,26.0,11.8,2022.0,26.0,-1.6,2022.0,26.0,0.7,2022.0,26.0,0.069,2021.0,25.0,10.866666666666667,2022.0,26.0,-2.3499999999999996,2022.0,26.0,0.45,2022.0,26.0,0.041
Brandon Ingram,Full Advanced,All-Star,2021.0,23.0,19.2,2021.0,23.0,2.2,2021.0,23.0,5.3,2021.0,23.0,0.12,2022.0,24.0,19.03333333333333,2021.0,23.0,2.1,2021.0,23.0,4.766666666666667,2024.0,26.0,0.1125
Brandon Jennings,Full Advanced,Starter/Rotation,2015.0,25.0,19.7,2015.0,25.0,3.3,2013.0,23.0,5.8,2015.0,25.0,0.136,2014.0,24.0,17.133333333333333,2012.0,22.0,1.8,2013.0,23.0,5.066666666666666,2014.0,24.0,0.10000000000000002
Brandon Knight,Full Advanced,Role/Bench,2015.0,23.0,17.1,2015.0,23.0,1.6,2015.0,23.0,4.5,2015.0,23.0,0.106,2015.0,23.0,16.099999999999998,2015.0,23.0,0.1666666666666667,2015.0,23.0,3.0,2015.0,23.0,0.068
Brandon Roy,Full Advanced,All-Star,2009.0,24.0,24.0,2009.0,24.0,6.2,2009.0,24.0,13.5,2009.0,24.0,0.223,2009.0,24.0,21.566666666666666,2009.0,24.0,4.733333333333333,2009.0,24.0,10.200000000000001,2009.0,24.0,0.18033333333333335
Brandon Rush,Full Advanced,Role/Bench,2012.0,26.0,15.2,2012.0,26.0,1.7,2012.0,26.0,3.5,2012.0,26.0,0.099,2011.0,25.0,11.799999999999999,2011.0,25.0,-0.1333333333333334,2011.0,25.0,2.8666666666666667,2011.0,25.0,0.07200000000000001
Brendan Haywood,Full Advanced,Role/Bench,2008.0,28.0,18.3,2010.0,30.0,-0.1,2008.0,28.0,6.8,2008.0,28.0,0.146,2008.0,28.0,16.200000000000003,2008.0,28.0,-0.6999999999999998,2008.0,28.0,5.633333333333333,2010.0,30.0,0.129
Brent Barry,Full Advanced,All-Star,2002.0,30.0,19.3,2002.0,30.0,5.5,2002.0,30.0,12.1,2008.0,36.0,0.203,2003.0,31.0,17.8,2002.0,30.0,3.8000000000000003,2002.0,30.0,8.399999999999999,2007.0,35.0,0.18866666666666668
Brent Price,Full Advanced,Role/Bench,1996.0,27.0,17.5,1996.0,27.0,3.0,1996.0,27.0,7.4,1996.0,27.0,0.174,1996.0,27.0,14.233333333333334,1997.0,28.0,-0.1333333333333333,1997.0,28.0,3.233333333333334,1997.0,28.0,0.10833333333333334
Brevin Knight,Full Advanced,Role/Bench,2005.0,29.0,18.0,1998.0,22.0,3.6,1998.0,22.0,8.4,1998.0,22.0,0.163,1998.0,22.0,16.85,1998.0,22.0,2.5,1998.0,22.0,5.45,1998.0,22.0,0.1315
Brian Cardinal,Full Advanced,Role/Bench,2004.0,26.0,19.4,2007.0,29.0,4.2,2004.0,26.0,7.2,2004.0,26.0,0.212,2004.0,26.0,16.7,2004.0,26.0,2.0500000000000003,2004.0,26.0,5.35,2004.0,26.0,0.164
Brian Cook,Full Advanced,Role/Bench,2006.0,25.0,15.6,2006.0,25.0,-0.1,2006.0,25.0,4.5,2006.0,25.0,0.142,2006.0,25.0,14.833333333333334,2005.0,24.0,-0.5666666666666668,2006.0,25.0,2.766666666666667,2005.0,24.0,0.11733333333333333
Brian Grant,Full Advanced,Role/Bench,2001.0,28.0,17.5,1999.0,26.0,0.7,2001.0,28.0,8.7,1999.0,26.0,0.185,1999.0,26.0,17.066666666666666,1999.0,26.0,0.36666666666666664,2002.0,29.0,7.066666666666666,1999.0,26.0,0.16433333333333333
Brian Roberts,Full Advanced,Role/Bench,2013.0,27.0,14.6,2013.0,27.0,-0.6,2013.0,27.0,2.2,2013.0,27.0,0.078,2013.0,27.0,14.0,2013.0,27.0,-1.15,2013.0,27.0,2.2,2013.0,27.0,0.07050000000000001
Brian Scalabrine,Full Advanced,Role/Bench,2005.0,26.0,11.0,2009.0,30.0,-1.5,2004.0,25.0,1.7,2009.0,30.0,0.105,2004.0,25.0,9.799999999999999,2009.0,30.0,-2.15,2004.0,25.0,1.3666666666666665,2009.0,30.0,0.08100000000000002
Brian Shaw,Full Advanced,Role/Bench,1994.0,27.0,13.4,1994.0,27.0,0.8,1994.0,27.0,3.2,2002.0,35.0,0.089,1993.0,26.0,12.350000000000001,1993.0,26.0,-0.04999999999999999,1993.0,26.0,2.5,1993.0,26.0,0.065
Brian Skinner,Full Advanced,Role/Bench,2003.0,26.0,15.4,2003.0,26.0,-0.6,2003.0,26.0,4.1,2003.0,26.0,0.144,2004.0,27.0,14.5,2004.0,27.0,-1.2,2003.0,26.0,2.9,2004.0,27.0,0.10766666666666667
Brook Lopez,Full Advanced,Starter/Rotation,2013.0,24.0,24.7,2013.0,24.0,3.2,2013.0,24.0,9.0,2013.0,24.0,0.191,2015.0,26.0,23.03333333333333,2015.0,26.0,1.9000000000000004,2011.0,22.0,7.733333333333333,2015.0,26.0,0.157
Bruce Bowen,Full Advanced,Role/Bench,1998.0,26.0,11.0,2006.0,34.0,0.3,2006.0,34.0,6.2,2005.0,33.0,0.111,2005.0,33.0,8.933333333333332,2005.0,33.0,-0.10000000000000002,2005.0,33.0,5.8999999999999995,2005.0,33.0,0.10566666666666667
Bruce Brown,Full Advanced,Role/Bench,2021.0,24.0,16.1,2022.0,25.0,0.7,2022.0,25.0,4.8,2021.0,24.0,0.144,2022.0,25.0,14.800000000000002,2022.0,25.0,0.033333333333333326,2022.0,25.0,4.5,2022.0,25.0,0.12133333333333333
Bruno Fernando,Full Advanced,Role/Bench,2023.0,24.0,16.6,2023.0,24.0,-2.0,2024.0,25.0,1.5,2023.0,24.0,0.109,2024.0,25.0,15.900000000000002,2024.0,25.0,-2.1499999999999995,2024.0,25.0,1.2000000000000002,2024.0,25.0,0.10600000000000001
Bryant Reeves,Full Advanced,Role/Bench,1998.0,24.0,17.3,1998.0,24.0,-1.1,1998.0,24.0,4.9,1998.0,24.0,0.093,1997.0,23.0,15.033333333333333,1997.0,23.0,-2.9333333333333336,1997.0,23.0,3.1999999999999997,1997.0,23.0,0.06
Bryant Stith,Full Advanced,Role/Bench,1995.0,24.0,14.4,1995.0,24.0,0.1,1994.0,23.0,6.8,1995.0,24.0,0.115,1996.0,25.0,14.233333333333334,1996.0,25.0,-0.16666666666666666,1995.0,24.0,5.866666666666667,1994.0,23.0,0.10633333333333334
Bryce Drew,Full Advanced,Role/Bench,2002.0,27.0,12.4,2002.0,27.0,0.0,2002.0,27.0,1.7,2002.0,27.0,0.105,2002.0,27.0,10.149999999999999,2002.0,27.0,-2.45,2002.0,27.0,0.65,2002.0,27.0,0.045
Bryn Forbes,Full Advanced,Role/Bench,2021.0,27.0,12.8,2019.0,25.0,-1.2,2019.0,25.0,3.8,2021.0,27.0,0.096,2020.0,26.0,11.966666666666667,2020.0,26.0,-1.7333333333333334,2018.0,24.0,2.95,2020.0,26.0,0.074
Bryon Russell,Full Advanced,Role/Bench,2001.0,30.0,14.1,1997.0,26.0,1.9,1997.0,26.0,7.4,1999.0,28.0,0.151,1999.0,28.0,13.700000000000001,1998.0,27.0,1.4000000000000001,1998.0,27.0,6.333333333333333,1998.0,27.0,0.14033333333333334
Buck Williams,Full Advanced,Role/Bench,1994.0,33.0,14.0,1997.0,36.0,0.1,1994.0,33.0,7.9,1997.0,36.0,0.155,1995.0,34.0,13.300000000000002,1998.0,37.0,-0.55,1993.0,32.0,7.0,1998.0,37.0,0.145
Buddy Hield,Full Advanced,Role/Bench,2019.0,26.0,17.5,2019.0,26.0,2.1,2019.0,26.0,5.9,2019.0,26.0,0.108,2019.0,26.0,16.533333333333335,2019.0,26.0,1.4000000000000001,2019.0,26.0,3.9,2019.0,26.0,0.07966666666666666
Byron Houston,Full Advanced,Role/Bench,1996.0,26.0,13.1,1996.0,26.0,-2.8,1993.0,23.0,1.8,1996.0,26.0,0.117,1994.0,24.0,10.4,1994.0,24.0,-3.5666666666666664,1993.0,23.0,1.35,1996.0,26.0,0.0835
Byron Scott,Full Advanced,Starter/Rotation,1994.0,32.0,17.6,1994.0,32.0,1.5,1997.0,35.0,4.1,1997.0,35.0,0.137,1993.0,31.0,16.0,1994.0,32.0,0.7333333333333334,1996.0,34.0,3.4333333333333336,1994.0,32.0,0.11366666666666665
C.J. Miles,Full Advanced,Role/Bench,2014.0,26.0,16.0,2014.0,26.0,2.4,2017.0,29.0,4.0,2008.0,20.0,0.134,2014.0,26.0,15.133333333333333,2014.0,26.0,1.4666666666666668,2016.0,28.0,3.5666666666666664,2015.0,27.0,0.106
C.J. Watson,Full Advanced,Role/Bench,2015.0,30.0,15.4,2014.0,29.0,1.3,2015.0,30.0,4.0,2015.0,30.0,0.135,2014.0,29.0,14.1,2014.0,29.0,1.1666666666666667,2014.0,29.0,3.6666666666666665,2014.0,29.0,0.12833333333333333
CJ McCollum,Full Advanced,Starter/Rotation,2021.0,29.0,20.8,2021.0,29.0,3.9,2017.0,25.0,7.6,2021.0,29.0,0.141,2021.0,29.0,18.7,2022.0,30.0,2.1999999999999997,2017.0,25.0,6.733333333333333,2018.0,26.0,0.11766666666666666
Cade Cunningham,Full Advanced,All-Star,2025.0,23.0,20.6,2025.0,23.0,3.9,2025.0,23.0,5.9,2025.0,23.0,0.115,2025.0,23.0,18.85,2025.0,23.0,2.0999999999999996,2025.0,23.0,3.85,2025.0,23.0,0.07800000000000001
Calbert Cheaney,Full Advanced,Role/Bench,1995.0,23.0,14.2,1995.0,23.0,-1.1,1998.0,26.0,4.1,1997.0,25.0,0.077,1994.0,22.0,14.1,1994.0,22.0,-1.75,1997.0,25.0,3.733333333333333,1997.0,25.0,0.07033333333333334
Caleb Houstan,Full Advanced,Role/Bench,2025.0,22.0,9.4,2024.0,21.0,-1.9,2025.0,22.0,1.8,2025.0,22.0,0.109,2025.0,22.0,8.85,2025.0,22.0,-2.05,2025.0,22.0,1.65,2025.0,22.0,0.09899999999999999
Caleb Martin,Full Advanced,Role/Bench,2022.0,26.0,14.8,2022.0,26.0,1.1,2022.0,26.0,4.0,2022.0,26.0,0.139,2023.0,27.0,12.333333333333334,2023.0,27.0,-0.6999999999999998,2023.0,27.0,3.3666666666666667,2023.0,27.0,0.09700000000000002
Calvin Booth,Full Advanced,Role/Bench,2001.0,24.0,16.1,2001.0,24.0,0.7,2004.0,27.0,2.2,2001.0,24.0,0.106,2003.0,26.0,13.200000000000001,2001.0,24.0,-1.2999999999999998,2003.0,26.0,1.7000000000000002,2001.0,24.0,0.0885
Cam Reddish,Full Advanced,Role/Bench,2022.0,22.0,12.8,2022.0,22.0,-1.3,2022.0,22.0,1.0,2025.0,25.0,0.054,2022.0,22.0,10.9,2022.0,22.0,-2.6333333333333333,2023.0,23.0,0.8333333333333334,2024.0,24.0,0.043333333333333335
Cam Thomas,Full Advanced,Role/Bench,2025.0,23.0,18.0,2025.0,23.0,0.3,2024.0,22.0,2.5,2025.0,23.0,0.071,2025.0,23.0,17.049999999999997,2025.0,23.0,-0.44999999999999996,2025.0,23.0,1.85,2025.0,23.0,0.0645
Cameron Johnson,Full Advanced,All-Star,2025.0,28.0,18.2,2025.0,28.0,3.1,2022.0,25.0,5.6,2022.0,25.0,0.156,2024.0,27.0,16.599999999999998,2024.0,27.0,2.033333333333333,2025.0,28.0,4.199999999999999,2023.0,26.0,0.13266666666666665
Cameron Payne,Full Advanced,Role/Bench,2021.0,26.0,17.4,2021.0,26.0,3.1,2021.0,26.0,3.6,2021.0,26.0,0.158,2022.0,27.0,14.799999999999999,2022.0,27.0,0.6333333333333334,2025.0,30.0,2.3499999999999996,2022.0,27.0,0.09466666666666666
Caris LeVert,Full Advanced,Role/Bench,2021.0,26.0,17.8,2025.0,30.0,0.9,2023.0,28.0,4.4,2025.0,30.0,0.119,2021.0,26.0,16.333333333333332,2025.0,30.0,0.55,2024.0,29.0,4.0,2025.0,30.0,0.1035
Carl Herrera,Full Advanced,Role/Bench,1993.0,26.0,13.1,1993.0,26.0,-1.6,1993.0,26.0,4.6,1993.0,26.0,0.123,1994.0,27.0,11.299999999999999,1993.0,26.0,-2.6,1993.0,26.0,3.3,1993.0,26.0,0.099
Carl Landry,Full Advanced,Role/Bench,2016.0,32.0,22.4,2008.0,24.0,1.5,2010.0,26.0,7.7,2008.0,24.0,0.251,2008.0,24.0,19.549999999999997,2008.0,24.0,1.1,2010.0,26.0,5.900000000000001,2008.0,24.0,0.222
Carlos Arroyo,Full Advanced,Role/Bench,2004.0,24.0,16.8,2004.0,24.0,0.9,2004.0,24.0,4.7,2010.0,30.0,0.113,2002.0,22.0,14.600000000000001,2007.0,27.0,-0.7333333333333334,2008.0,28.0,3.0,2008.0,28.0,0.10466666666666667
Carlos Boozer,Full Advanced,All-Star,2007.0,25.0,24.1,2007.0,25.0,4.6,2008.0,26.0,10.2,2012.0,30.0,0.187,2007.0,25.0,22.46666666666667,2007.0,25.0,3.1666666666666665,2007.0,25.0,7.866666666666667,2007.0,25.0,0.17333333333333334
Carlos Delfino,Full Advanced,Role/Bench,2008.0,25.0,13.6,2010.0,27.0,1.5,2010.0,27.0,4.8,2011.0,28.0,0.105,2010.0,27.0,13.200000000000001,2010.0,27.0,1.1333333333333335,2010.0,27.0,4.1,2010.0,27.0,0.102
Carlos Rogers,Full Advanced,Role/Bench,2001.0,29.0,18.1,2001.0,29.0,2.0,1997.0,25.0,4.0,2001.0,29.0,0.18,1998.0,26.0,15.933333333333335,1998.0,26.0,0.06666666666666658,1998.0,26.0,2.1666666666666665,1998.0,26.0,0.12733333333333333
Carmelo Anthony,Full Advanced,All-Star,2013.0,28.0,24.8,2014.0,29.0,5.0,2014.0,29.0,10.7,2013.0,28.0,0.184,2014.0,29.0,23.566666666666666,2013.0,28.0,4.3,2013.0,28.0,8.799999999999999,2013.0,28.0,0.17200000000000001
Caron Butler,Full Advanced,Role/Bench,2008.0,27.0,20.7,2008.0,27.0,4.1,2008.0,27.0,7.2,2008.0,27.0,0.15,2008.0,27.0,19.266666666666666,2008.0,27.0,1.9666666666666668,2007.0,26.0,6.266666666666667,2007.0,26.0,0.12166666666666666
Cartier Martin,Full Advanced,Role/Bench,2011.0,26.0,11.7,2011.0,26.0,-0.6,2014.0,29.0,1.3,2011.0,26.0,0.071,2013.0,28.0,10.799999999999999,2013.0,28.0,-1.3333333333333333,2014.0,29.0,0.9999999999999999,2013.0,28.0,0.06266666666666666
Casey Jacobsen,Full Advanced,Role/Bench,2005.0,23.0,10.3,2005.0,23.0,-1.6,2005.0,23.0,2.7,2005.0,23.0,0.071,2004.0,22.0,9.700000000000001,2004.0,22.0,-1.9000000000000001,2004.0,22.0,2.1666666666666665,2004.0,22.0,0.06333333333333334
Cedi Osman,Full Advanced,Role/Bench,2022.0,26.0,13.3,2022.0,26.0,0.2,2023.0,27.0,3.3,2023.0,27.0,0.103,2023.0,27.0,12.166666666666666,2023.0,27.0,-0.8666666666666667,2023.0,27.0,2.6999999999999997,2023.0,27.0,0.08933333333333332
Cedric Ceballos,Full Advanced,All-Star,1996.0,26.0,22.1,1996.0,26.0,2.6,1996.0,26.0,9.8,1993.0,23.0,0.186,1995.0,25.0,20.966666666666665,1993.0,23.0,2.3499999999999996,1995.0,25.0,6.833333333333333,1993.0,23.0,0.176
Cedric Henderson,Full Advanced,Role/Bench,1998.0,22.0,10.7,1998.0,22.0,-1.6,1998.0,22.0,3.8,1998.0,22.0,0.072,1998.0,22.0,10.3,1998.0,22.0,-2.05,1998.0,22.0,2.15,1998.0,22.0,0.0435
Chandler Hutchison,Full Advanced,Role/Bench,2020.0,23.0,12.4,2020.0,23.0,-2.6,2020.0,23.0,0.7,2020.0,23.0,0.06,2019.0,22.0,10.600000000000001,2019.0,22.0,-3.25,2019.0,22.0,0.6499999999999999,2019.0,22.0,0.045
Chandler Parsons,Full Advanced,Starter/Rotation,2015.0,26.0,16.3,2013.0,24.0,2.0,2014.0,25.0,7.6,2014.0,25.0,0.131,2015.0,26.0,16.133333333333336,2014.0,25.0,1.7666666666666668,2014.0,25.0,6.7,2014.0,25.0,0.12433333333333334
Channing Frye,Full Advanced,Role/Bench,2006.0,22.0,18.1,2010.0,26.0,2.7,2010.0,26.0,6.4,2010.0,26.0,0.141,2007.0,23.0,14.466666666666669,2011.0,27.0,1.1000000000000003,2011.0,27.0,4.933333333333334,2017.0,33.0,0.11499999999999999
Charles Barkley,Full Advanced,Elite,1993.0,29.0,25.9,1993.0,29.0,7.8,1993.0,29.0,14.4,1993.0,29.0,0.242,1994.0,30.0,24.633333333333336,1993.0,29.0,6.5,1993.0,29.0,11.600000000000001,1994.0,30.0,0.21366666666666667
Charles Jones,Full Advanced,Role/Bench,1994.0,36.0,8.7,1993.0,35.0,-2.0,1993.0,35.0,1.6,1994.0,36.0,0.083,1993.0,35.0,8.25,1993.0,35.0,-2.5,1993.0,35.0,1.55,1993.0,35.0,0.07300000000000001
Charles Oakley,Full Advanced,Starter/Rotation,1994.0,30.0,15.3,1997.0,33.0,1.7,1994.0,30.0,10.5,1994.0,30.0,0.172,1995.0,31.0,14.9,1997.0,33.0,1.2,1993.0,29.0,8.9,1993.0,29.0,0.16449999999999998
Charles Shackleford,Full Advanced,Role/Bench,1995.0,28.0,16.6,1995.0,28.0,-0.4,1993.0,26.0,0.9,1995.0,28.0,0.16,1993.0,26.0,14.850000000000001,1993.0,26.0,-1.8499999999999999,1993.0,26.0,0.8500000000000001,1999.0,32.0,0.123
Charles Smith,Full Advanced,Role/Bench,1993.0,27.0,14.9,1993.0,27.0,1.2,1993.0,27.0,6.6,1993.0,27.0,0.146,1994.0,28.0,13.366666666666667,1993.0,27.0,-0.15000000000000002,1994.0,28.0,4.6,1993.0,27.0,0.125
Charlie Bell,Full Advanced,Role/Bench,2006.0,26.0,14.7,2006.0,26.0,1.0,2007.0,27.0,4.0,2006.0,26.0,0.123,2006.0,26.0,13.899999999999999,2006.0,26.0,-0.15000000000000002,2006.0,26.0,3.65,2006.0,26.0,0.0955
Charlie Villanueva,Full Advanced,Role/Bench,2009.0,24.0,18.6,2015.0,30.0,1.5,2009.0,24.0,4.9,2009.0,24.0,0.112,2010.0,25.0,16.833333333333332,2013.0,28.0,0.3666666666666667,2010.0,25.0,3.833333333333334,2010.0,25.0,0.09833333333333334
Charlie Ward,Full Advanced,All-Star,2003.0,32.0,15.9,1998.0,27.0,4.1,1998.0,27.0,7.1,1998.0,27.0,0.148,2004.0,33.0,15.2,1999.0,28.0,2.6333333333333333,1999.0,28.0,4.7,1999.0,28.0,0.123
Chase Budinger,Full Advanced,Role/Bench,2012.0,23.0,14.9,2012.0,23.0,1.2,2011.0,22.0,3.4,2012.0,23.0,0.111,2011.0,22.0,14.4,2011.0,22.0,0.5,2010.0,21.0,3.25,2011.0,22.0,0.102
Chasson Randle,Full Advanced,Role/Bench,2017.0,23.0,13.6,2017.0,23.0,-1.7,2017.0,23.0,0.7,2017.0,23.0,0.106,2017.0,23.0,11.75,2017.0,23.0,-2.85,2017.0,23.0,0.6499999999999999,2017.0,23.0,0.0735
Chauncey Billups,Full Advanced,All-Star,2008.0,31.0,23.6,2008.0,31.0,7.7,2006.0,29.0,15.5,2008.0,31.0,0.257,2007.0,30.0,22.766666666666666,2007.0,30.0,6.2,2007.0,30.0,13.466666666666667,2007.0,30.0,0.24233333333333332
Cheick Diallo,Full Advanced,Role/Bench,2019.0,22.0,17.5,2019.0,22.0,-0.9,2019.0,22.0,2.6,2018.0,21.0,0.157,2018.0,21.0,17.25,2018.0,21.0,-1.05,2018.0,21.0,2.25,2018.0,21.0,0.14850000000000002
Cherokee Parks,Full Advanced,Role/Bench,1998.0,25.0,13.6,1997.0,24.0,-1.1,1998.0,25.0,3.8,1997.0,24.0,0.112,2003.0,30.0,12.95,2003.0,30.0,-1.2999999999999998,1997.0,24.0,2.3000000000000003,1997.0,24.0,0.09000000000000001
Chimezie Metu,Full Advanced,Role/Bench,2023.0,25.0,17.3,2023.0,25.0,-0.1,2023.0,25.0,2.1,2023.0,25.0,0.143,2024.0,26.0,15.3,2024.0,26.0,-0.7000000000000002,2024.0,26.0,1.7999999999999998,2024.0,26.0,0.11399999999999999
Chris Andersen,Full Advanced,Starter/Rotation,2011.0,32.0,19.0,2011.0,32.0,3.0,2014.0,35.0,6.0,2011.0,32.0,0.207,2012.0,33.0,18.433333333333334,2011.0,32.0,2.3666666666666667,2010.0,31.0,4.833333333333333,2012.0,33.0,0.19899999999999998
Chris Bosh,Full Advanced,All-Star,2010.0,25.0,25.0,2008.0,23.0,4.4,2011.0,26.0,10.3,2008.0,23.0,0.2,2009.0,24.0,23.633333333333336,2009.0,24.0,3.566666666666667,2010.0,25.0,9.866666666666667,2007.0,22.0,0.18133333333333335
Chris Boucher,Full Advanced,All-Star,2021.0,28.0,21.9,2021.0,28.0,3.3,2021.0,28.0,6.1,2020.0,27.0,0.224,2020.0,27.0,21.299999999999997,2020.0,27.0,2.65,2022.0,29.0,5.699999999999999,2020.0,27.0,0.21250000000000002
Chris Carr,Full Advanced,Role/Bench,1997.0,22.0,13.3,1997.0,22.0,-0.9,1997.0,22.0,1.7,1997.0,22.0,0.096,1997.0,22.0,12.45,1997.0,22.0,-2.0,1997.0,22.0,1.4,1997.0,22.0,0.07100000000000001
Chris Childs,Full Advanced,Role/Bench,1996.0,28.0,16.4,1996.0,28.0,1.7,1996.0,28.0,5.8,1996.0,28.0,0.115,1995.0,27.0,13.799999999999999,1997.0,29.0,0.39999999999999997,1997.0,29.0,4.466666666666667,1997.0,29.0,0.10533333333333333
Chris Chiozza,Full Advanced,Role/Bench,2021.0,25.0,12.9,2021.0,25.0,-0.7,2020.0,24.0,0.5,2021.0,25.0,0.063,2020.0,24.0,12.45,2020.0,24.0,-0.95,2020.0,24.0,0.4,2020.0,24.0,0.059
Chris Crawford,Full Advanced,Role/Bench,2004.0,28.0,15.8,2004.0,28.0,-1.5,2004.0,28.0,2.7,2004.0,28.0,0.107,2004.0,28.0,12.649999999999999,2001.0,25.0,-2.966666666666667,2004.0,28.0,1.65,2001.0,25.0,0.073
Chris Douglas-Roberts,Full Advanced,Role/Bench,2014.0,27.0,12.2,2014.0,27.0,-0.5,2014.0,27.0,2.4,2014.0,27.0,0.113,2014.0,27.0,11.850000000000001,2014.0,27.0,-0.9499999999999997,2014.0,27.0,1.9999999999999998,2014.0,27.0,0.1005
Chris Duarte,Full Advanced,Role/Bench,2022.0,24.0,12.3,2022.0,24.0,-2.3,2022.0,24.0,0.9,2024.0,26.0,0.047,2022.0,24.0,10.45,2022.0,24.0,-3.4,2023.0,25.0,0.5333333333333333,2023.0,25.0,0.024333333333333335
Chris Dudley,Full Advanced,Role/Bench,1996.0,30.0,12.2,1996.0,30.0,-1.3,1996.0,30.0,4.7,1996.0,30.0,0.117,1996.0,30.0,11.066666666666668,1997.0,31.0,-2.0,1996.0,30.0,4.1000000000000005,1996.0,30.0,0.09833333333333333
Chris Duhon,Full Advanced,Role/Bench,2006.0,23.0,12.9,2006.0,23.0,0.8,2006.0,23.0,5.2,2007.0,24.0,0.121,2007.0,24.0,11.966666666666667,2006.0,23.0,0.20000000000000004,2006.0,23.0,4.7,2006.0,23.0,0.109
Chris Gatling,Full Advanced,Role/Bench,1997.0,29.0,23.9,1997.0,29.0,0.8,1996.0,28.0,4.6,1994.0,26.0,0.168,1996.0,28.0,21.099999999999998,1996.0,28.0,0.3333333333333333,1995.0,27.0,4.333333333333333,1995.0,27.0,0.151
Chris Johnson,Full Advanced,Role/Bench,2014.0,23.0,10.8,2014.0,23.0,-1.2,2014.0,23.0,1.4,2014.0,23.0,0.085,2014.0,23.0,10.5,2014.0,23.0,-1.45,2014.0,23.0,1.1,2014.0,23.0,0.0795
Chris Kaman,Full Advanced,Role/Bench,2008.0,25.0,17.5,2008.0,25.0,0.3,2006.0,23.0,6.1,2006.0,23.0,0.114,2015.0,32.0,17.150000000000002,2015.0,32.0,-1.0999999999999996,2007.0,24.0,4.2,2007.0,24.0,0.08666666666666667
Chris Mihm,Full Advanced,Role/Bench,2005.0,25.0,15.7,2006.0,26.0,-1.9,2006.0,26.0,4.0,2006.0,26.0,0.124,2005.0,25.0,15.200000000000001,2005.0,25.0,-2.433333333333333,2005.0,25.0,3.5,2005.0,25.0,0.10666666666666667
Chris Mills,Full Advanced,Role/Bench,1996.0,26.0,15.2,1997.0,27.0,1.1,1997.0,27.0,8.9,1997.0,27.0,0.134,1997.0,27.0,14.0,1998.0,28.0,0.2333333333333333,1996.0,26.0,7.366666666666667,1997.0,27.0,0.12300000000000001
Chris Morris,Full Advanced,Starter/Rotation,1993.0,27.0,17.8,1993.0,27.0,3.1,1993.0,27.0,7.2,1993.0,27.0,0.151,1993.0,27.0,16.6,1993.0,27.0,2.7,1993.0,27.0,5.5,1993.0,27.0,0.14400000000000002
Chris Mullin,Full Advanced,All-Star,1993.0,29.0,19.0,1999.0,35.0,4.5,1998.0,34.0,7.6,1998.0,34.0,0.168,1998.0,34.0,17.53333333333333,1998.0,34.0,3.866666666666667,1998.0,34.0,6.266666666666667,1998.0,34.0,0.153
Chris Paul,Full Advanced,Elite,2009.0,23.0,30.0,2009.0,23.0,11.0,2009.0,23.0,18.3,2009.0,23.0,0.292,2009.0,23.0,27.333333333333332,2009.0,23.0,9.200000000000001,2008.0,22.0,14.966666666666669,2013.0,27.0,0.2783333333333333
Chris Singleton,Full Advanced,Role/Bench,2014.0,24.0,8.8,2012.0,22.0,-2.2,2012.0,22.0,1.5,2012.0,22.0,0.052,2013.0,23.0,8.3,2012.0,22.0,-3.25,2012.0,22.0,1.0,2012.0,22.0,0.04
Chris Smith,Full Advanced,Role/Bench,1995.0,24.0,11.2,1995.0,24.0,-1.1,1995.0,24.0,1.2,1995.0,24.0,0.056,1994.0,23.0,10.833333333333334,1994.0,23.0,-2.1333333333333333,1994.0,23.0,1.0666666666666667,1994.0,23.0,0.041
Chris Webber,Full Advanced,All-Star,2001.0,27.0,24.7,2001.0,27.0,5.5,2001.0,27.0,11.0,2002.0,28.0,0.2,2002.0,28.0,23.333333333333332,2002.0,28.0,4.8,2002.0,28.0,8.833333333333334,2002.0,28.0,0.171
Chris Whitney,Full Advanced,Starter/Rotation,1996.0,24.0,17.1,1996.0,24.0,2.4,2002.0,30.0,6.5,1996.0,24.0,0.181,1996.0,24.0,16.15,1996.0,24.0,1.95,2003.0,31.0,3.5500000000000003,1996.0,24.0,0.159
Chris Wilcox,Full Advanced,Role/Bench,2011.0,28.0,18.0,2013.0,30.0,0.0,2007.0,24.0,6.0,2013.0,30.0,0.181,2007.0,24.0,16.733333333333334,2007.0,24.0,-0.7333333333333334,2007.0,24.0,4.6000000000000005,2013.0,30.0,0.1565
Christian Braun,Full Advanced,Role/Bench,2025.0,23.0,16.0,2025.0,23.0,0.3,2025.0,23.0,8.0,2025.0,23.0,0.144,2025.0,23.0,14.049999999999999,2025.0,23.0,-0.8,2025.0,23.0,5.7,2025.0,23.0,0.122
Christian Laettner,Full Advanced,Starter/Rotation,1997.0,27.0,19.1,1997.0,27.0,2.5,1997.0,27.0,11.6,1997.0,27.0,0.177,1997.0,27.0,18.433333333333334,1997.0,27.0,1.8333333333333333,1997.0,27.0,8.433333333333334,1998.0,28.0,0.15333333333333335
Christian Wood,Full Advanced,Starter/Rotation,2020.0,24.0,23.2,2020.0,24.0,3.1,2020.0,24.0,5.1,2020.0,24.0,0.183,2019.0,23.0,22.549999999999997,2021.0,25.0,2.033333333333333,2021.0,25.0,4.266666666666667,2019.0,23.0,0.16699999999999998
Chuck Hayes,Full Advanced,Role/Bench,2006.0,22.0,18.0,2011.0,27.0,1.9,2007.0,23.0,6.4,2006.0,22.0,0.212,2006.0,22.0,15.95,2007.0,23.0,0.6333333333333334,2007.0,23.0,4.4,2006.0,22.0,0.1955
Chuck Person,Full Advanced,Role/Bench,1996.0,31.0,13.6,1996.0,31.0,1.5,1996.0,31.0,5.5,1996.0,31.0,0.125,1995.0,30.0,12.266666666666666,1996.0,31.0,-0.20000000000000004,1996.0,31.0,3.733333333333334,1996.0,31.0,0.09266666666666667
Chucky Atkins,Full Advanced,Role/Bench,2007.0,32.0,17.4,2007.0,32.0,0.4,2002.0,27.0,5.1,2007.0,32.0,0.114,2006.0,31.0,14.566666666666668,2006.0,31.0,-0.5333333333333335,2006.0,31.0,4.333333333333334,2006.0,31.0,0.09599999999999999
Chucky Brown,Full Advanced,Role/Bench,1996.0,27.0,13.7,1996.0,27.0,-1.6,1996.0,27.0,4.2,1995.0,26.0,0.123,1996.0,27.0,12.466666666666667,1996.0,27.0,-1.8666666666666665,1995.0,26.0,2.8333333333333335,1996.0,27.0,0.10833333333333334
Chuma Okeke,Full Advanced,Role/Bench,2022.0,23.0,12.0,2022.0,23.0,-0.1,2022.0,23.0,2.2,2023.0,24.0,0.061,2021.0,22.0,11.9,2021.0,22.0,-0.8,2021.0,22.0,1.75,2023.0,24.0,0.0605
Clarence Weatherspoon,Full Advanced,Role/Bench,1994.0,23.0,18.1,2001.0,30.0,1.4,2001.0,30.0,8.6,1999.0,28.0,0.184,1995.0,24.0,16.8,1999.0,28.0,0.4333333333333333,2002.0,31.0,5.866666666666667,2001.0,30.0,0.14300000000000002
Clifford Robinson,Full Advanced,Role/Bench,1993.0,26.0,18.8,1995.0,28.0,3.5,1995.0,28.0,8.7,1995.0,28.0,0.153,1994.0,27.0,18.166666666666668,1994.0,27.0,2.3000000000000003,1995.0,28.0,8.066666666666666,1995.0,28.0,0.13633333333333333
Clifford Rozier,Full Advanced,Role/Bench,1997.0,24.0,14.5,1997.0,24.0,-1.7,1997.0,24.0,1.6,1997.0,24.0,0.102,1997.0,24.0,12.55,1997.0,24.0,-2.3000000000000003,1997.0,24.0,1.35,1997.0,24.0,0.087
Clint Capela,Full Advanced,All-Star,2018.0,23.0,24.5,2018.0,23.0,3.4,2019.0,24.0,10.8,2018.0,23.0,0.242,2018.0,23.0,23.233333333333334,2019.0,24.0,2.6,2018.0,23.0,8.966666666666667,2019.0,24.0,0.21866666666666668
Clyde Drexler,Full Advanced,All-Star,1995.0,32.0,22.4,1995.0,32.0,6.5,1995.0,32.0,11.7,1995.0,32.0,0.206,1996.0,33.0,20.766666666666666,1996.0,33.0,5.1000000000000005,1996.0,33.0,8.833333333333334,1996.0,33.0,0.17966666666666664
Coby White,Full Advanced,Role/Bench,2025.0,24.0,15.5,2024.0,23.0,-0.7,2024.0,23.0,4.7,2025.0,24.0,0.088,2025.0,24.0,15.0,2024.0,23.0,-0.7999999999999999,2025.0,24.0,4.6000000000000005,2024.0,23.0,0.08433333333333333
Cody Martin,Full Advanced,Role/Bench,2022.0,26.0,12.7,2022.0,26.0,-0.5,2022.0,26.0,3.9,2022.0,26.0,0.101,2021.0,25.0,11.266666666666666,2021.0,25.0,-1.5333333333333332,2021.0,25.0,2.0,2021.0,25.0,0.07133333333333333
Cody Zeller,Full Advanced,Role/Bench,2020.0,27.0,18.8,2017.0,24.0,0.2,2016.0,23.0,6.3,2016.0,23.0,0.169,2020.0,27.0,18.066666666666666,2016.0,23.0,-0.16666666666666666,2016.0,23.0,5.233333333333333,2017.0,24.0,0.157
Cole Anthony,Full Advanced,Starter/Rotation,2023.0,22.0,16.0,2023.0,22.0,1.3,2023.0,22.0,3.7,2023.0,22.0,0.116,2024.0,23.0,14.933333333333332,2024.0,23.0,0.5000000000000001,2024.0,23.0,3.1,2024.0,23.0,0.09666666666666668
Collin Sexton,Full Advanced,Role/Bench,2024.0,25.0,19.9,2024.0,25.0,1.9,2024.0,25.0,5.5,2024.0,25.0,0.127,2025.0,26.0,18.25,2025.0,26.0,0.6499999999999999,2025.0,26.0,3.95,2023.0,24.0,0.104
Corey Brewer,Full Advanced,Role/Bench,2013.0,26.0,14.7,2013.0,26.0,0.4,2014.0,27.0,5.2,2014.0,27.0,0.095,2014.0,27.0,13.766666666666666,2013.0,26.0,0.03333333333333335,2014.0,27.0,4.066666666666667,2019.0,32.0,0.093
Corey Kispert,Full Advanced,Role/Bench,2024.0,24.0,12.8,2023.0,23.0,-1.5,2023.0,23.0,3.8,2023.0,23.0,0.088,2025.0,25.0,11.900000000000002,2022.0,22.0,-1.9,2022.0,22.0,3.05,2022.0,22.0,0.0745
Corey Maggette,Full Advanced,Starter/Rotation,2010.0,30.0,20.3,2005.0,25.0,2.4,2004.0,24.0,8.6,2005.0,25.0,0.16,2005.0,25.0,19.63333333333333,2005.0,25.0,1.7999999999999998,2004.0,24.0,7.233333333333333,2005.0,25.0,0.157
Corie Blount,Full Advanced,Role/Bench,1994.0,25.0,12.3,2004.0,35.0,-1.4,2002.0,33.0,3.1,1998.0,29.0,0.12,1994.0,25.0,12.0,2004.0,35.0,-1.8,2003.0,34.0,2.033333333333333,1997.0,28.0,0.10000000000000002
Corliss Williamson,Full Advanced,Role/Bench,2002.0,28.0,20.0,2002.0,28.0,-0.3,2002.0,28.0,5.1,2002.0,28.0,0.144,2002.0,28.0,16.933333333333334,2002.0,28.0,-1.0666666666666667,2003.0,29.0,4.7,2003.0,29.0,0.12766666666666668
Cory Alexander,Full Advanced,Role/Bench,1998.0,24.0,15.2,1998.0,24.0,0.5,1998.0,24.0,2.2,1998.0,24.0,0.081,1997.0,23.0,14.75,1997.0,23.0,-0.04999999999999999,1997.0,23.0,1.6500000000000001,1997.0,23.0,0.058
Cory Joseph,Full Advanced,Role/Bench,2015.0,23.0,15.5,2015.0,23.0,1.4,2015.0,23.0,4.5,2015.0,23.0,0.149,2014.0,22.0,14.566666666666668,2014.0,22.0,0.6333333333333333,2016.0,24.0,3.8000000000000003,2014.0,22.0,0.13666666666666666
Courtney Alexander,Full Advanced,Role/Bench,2002.0,24.0,13.6,2002.0,24.0,-2.2,2002.0,24.0,2.2,2002.0,24.0,0.08,2001.0,23.0,12.6,2001.0,23.0,-3.25,2003.0,25.0,1.65,2003.0,25.0,0.06
Courtney Lee,Full Advanced,Role/Bench,2014.0,28.0,13.8,2014.0,28.0,0.9,2015.0,29.0,4.8,2014.0,28.0,0.114,2013.0,27.0,12.699999999999998,2013.0,27.0,0.13333333333333333,2015.0,29.0,4.466666666666666,2014.0,28.0,0.09833333333333334
Craig Ehlo,Full Advanced,Starter/Rotation,1994.0,32.0,15.0,1994.0,32.0,2.2,1993.0,31.0,6.2,1994.0,32.0,0.132,1993.0,31.0,14.6,1993.0,31.0,1.7000000000000002,1993.0,31.0,6.050000000000001,1993.0,31.0,0.124
Craig Smith,Full Advanced,Role/Bench,2010.0,26.0,16.9,2009.0,25.0,-0.6,2007.0,23.0,3.9,2007.0,23.0,0.121,2009.0,25.0,16.833333333333332,2010.0,26.0,-0.8333333333333334,2007.0,23.0,3.7,2011.0,27.0,0.11850000000000001
Cristiano Felício,Full Advanced,Role/Bench,2016.0,23.0,17.6,2016.0,23.0,0.3,2017.0,24.0,3.4,2016.0,23.0,0.175,2016.0,23.0,16.450000000000003,2016.0,23.0,-0.19999999999999998,2016.0,23.0,2.3,2016.0,23.0,0.16649999999999998
Cuttino Mobley,Full Advanced,Role/Bench,2001.0,25.0,17.7,2004.0,28.0,1.4,2001.0,25.0,8.2,2001.0,25.0,0.13,2002.0,26.0,16.366666666666664,2003.0,27.0,0.6333333333333333,2002.0,26.0,6.933333333333334,2002.0,26.0,0.10866666666666668
D'Angelo Russell,Full Advanced,Starter/Rotation,2019.0,22.0,19.4,2019.0,22.0,3.4,2024.0,27.0,5.1,2023.0,26.0,0.106,2020.0,23.0,18.566666666666666,2020.0,23.0,2.3,2023.0,26.0,4.866666666666667,2023.0,26.0,0.102
D.J. Augustin,Full Advanced,Role/Bench,2014.0,26.0,16.2,2014.0,26.0,1.4,2019.0,31.0,6.9,2014.0,26.0,0.154,2019.0,31.0,15.033333333333333,2010.0,22.0,-0.033333333333333354,2010.0,22.0,4.7,2019.0,31.0,0.118
Daequan Cook,Full Advanced,Role/Bench,2011.0,23.0,12.8,2011.0,23.0,1.1,2009.0,21.0,2.2,2011.0,23.0,0.126,2012.0,24.0,11.0,2012.0,24.0,-0.10000000000000009,2012.0,24.0,1.6,2012.0,24.0,0.10200000000000001
Dahntay Jones,Full Advanced,Role/Bench,2011.0,30.0,13.7,2011.0,30.0,-1.2,2009.0,28.0,2.0,2011.0,30.0,0.102,2011.0,30.0,11.6,2011.0,30.0,-2.2333333333333334,2010.0,29.0,1.6666666666666667,2011.0,30.0,0.079
Dalano Banton,Full Advanced,Role/Bench,2024.0,24.0,13.3,2025.0,25.0,-0.8,2025.0,25.0,0.8,2025.0,25.0,0.033,2025.0,25.0,13.100000000000001,2025.0,25.0,-1.05,2025.0,25.0,0.6500000000000001,2024.0,24.0,0.028999999999999998
Dale Davis,Full Advanced,Starter/Rotation,2002.0,32.0,16.6,1998.0,28.0,1.3,2002.0,32.0,8.5,2002.0,32.0,0.168,1993.0,23.0,16.1,1993.0,23.0,1.1,2002.0,32.0,7.333333333333333,2001.0,31.0,0.15733333333333333
Dale Ellis,Full Advanced,Starter/Rotation,1998.0,37.0,16.6,1998.0,37.0,1.6,1994.0,33.0,7.6,1998.0,37.0,0.149,1999.0,38.0,14.850000000000001,1999.0,38.0,0.6000000000000001,1993.0,32.0,7.0,1993.0,32.0,0.1265
Damian Jones,Full Advanced,Role/Bench,2022.0,26.0,18.3,2019.0,23.0,1.1,2022.0,26.0,3.3,2019.0,23.0,0.173,2021.0,25.0,16.166666666666668,2019.0,23.0,-0.19999999999999996,2021.0,25.0,2.5666666666666664,2019.0,23.0,0.16249999999999998
Damian Lillard,Full Advanced,Elite,2020.0,29.0,26.9,2020.0,29.0,7.5,2018.0,27.0,12.6,2018.0,27.0,0.227,2020.0,29.0,25.399999999999995,2019.0,28.0,7.033333333333334,2019.0,28.0,12.1,2019.0,28.0,0.219
Damien Wilkins,Full Advanced,Role/Bench,2005.0,25.0,13.4,2005.0,25.0,0.0,2007.0,27.0,2.8,2011.0,31.0,0.104,2005.0,25.0,13.25,2005.0,25.0,-0.8,2007.0,27.0,1.8333333333333333,2005.0,25.0,0.073
Damion Lee,Full Advanced,Role/Bench,2020.0,27.0,12.7,2021.0,28.0,0.2,2022.0,29.0,2.7,2021.0,28.0,0.119,2019.0,26.0,12.3,2022.0,29.0,-1.1666666666666667,2022.0,29.0,2.6666666666666665,2022.0,29.0,0.10066666666666667
Damon Jones,Full Advanced,Role/Bench,2005.0,28.0,15.5,2005.0,28.0,3.0,2005.0,28.0,8.7,2005.0,28.0,0.162,2004.0,27.0,13.733333333333334,2004.0,27.0,0.9666666666666667,2005.0,28.0,5.333333333333333,2004.0,27.0,0.11933333333333333
Damon Stoudamire,Full Advanced,Starter/Rotation,1997.0,23.0,18.1,1997.0,23.0,1.8,1997.0,23.0,7.6,2001.0,27.0,0.121,1996.0,22.0,17.4,1996.0,22.0,0.9500000000000001,1996.0,22.0,5.949999999999999,2001.0,27.0,0.11199999999999999
Damyean Dotson,Full Advanced,Role/Bench,2018.0,23.0,11.6,2020.0,25.0,-1.4,2019.0,24.0,1.5,2018.0,23.0,0.06,2018.0,23.0,11.2,2019.0,24.0,-2.1,2018.0,23.0,1.05,2019.0,24.0,0.049999999999999996
Dan Dickau,Full Advanced,Role/Bench,2005.0,26.0,14.9,2005.0,26.0,0.0,2005.0,26.0,3.5,2005.0,26.0,0.079,2008.0,29.0,13.7,2008.0,29.0,-0.8500000000000001,2008.0,29.0,2.5,2008.0,29.0,0.075
Dan Gadzuric,Full Advanced,Role/Bench,2005.0,26.0,18.1,2004.0,25.0,0.7,2005.0,26.0,5.2,2004.0,25.0,0.141,2005.0,26.0,17.433333333333334,2005.0,26.0,-0.3,2005.0,26.0,3.8000000000000007,2005.0,26.0,0.13833333333333334
Dan Majerle,Full Advanced,Starter/Rotation,1993.0,27.0,15.4,1997.0,31.0,3.3,1993.0,27.0,9.8,1993.0,27.0,0.147,1994.0,28.0,14.733333333333334,1997.0,31.0,2.4999999999999996,1993.0,27.0,8.55,1993.0,27.0,0.128
Dana Barros,Full Advanced,Starter/Rotation,1995.0,27.0,20.9,1995.0,27.0,5.0,1995.0,27.0,12.7,1995.0,27.0,0.183,1995.0,27.0,17.5,1994.0,26.0,2.3666666666666667,1995.0,27.0,7.666666666666667,1994.0,26.0,0.13533333333333333
Daniel Gafford,Full Advanced,All-Star,2025.0,26.0,24.7,2025.0,26.0,3.8,2024.0,25.0,7.8,2025.0,26.0,0.232,2025.0,26.0,23.199999999999996,2025.0,26.0,3.2,2025.0,26.0,6.8500000000000005,2025.0,26.0,0.2185
Daniel Gibson,Full Advanced,Role/Bench,2011.0,24.0,13.2,2010.0,23.0,0.0,2008.0,21.0,4.1,2010.0,23.0,0.117,2010.0,23.0,11.533333333333333,2009.0,22.0,-0.4666666666666666,2009.0,22.0,3.5,2009.0,22.0,0.10966666666666668
Daniel Theis,Full Advanced,Role/Bench,2020.0,27.0,17.9,2020.0,27.0,2.4,2020.0,27.0,6.5,2020.0,27.0,0.201,2019.0,26.0,17.0,2019.0,26.0,0.8999999999999999,2020.0,27.0,4.766666666666667,2019.0,26.0,0.18899999999999997
Danilo Gallinari,Full Advanced,Starter/Rotation,2019.0,30.0,21.0,2019.0,30.0,4.3,2019.0,30.0,8.2,2019.0,30.0,0.191,2020.0,31.0,18.933333333333334,2020.0,31.0,2.9,2020.0,31.0,6.066666666666666,2020.0,31.0,0.16766666666666666
Danny Ainge,Full Advanced,Starter/Rotation,1993.0,33.0,14.3,1993.0,33.0,1.4,1993.0,33.0,6.2,1993.0,33.0,0.139,1994.0,34.0,13.466666666666669,1994.0,34.0,0.16666666666666663,1993.0,33.0,4.5,1994.0,34.0,0.11466666666666665
Danny Ferry,Full Advanced,Role/Bench,1995.0,28.0,16.0,1995.0,28.0,2.6,1997.0,30.0,5.6,1995.0,28.0,0.144,1995.0,28.0,14.066666666666668,1996.0,29.0,0.7000000000000001,1996.0,29.0,5.0,2002.0,35.0,0.1285
Danny Fortson,Full Advanced,Role/Bench,1999.0,22.0,18.7,1999.0,22.0,-1.9,2002.0,25.0,4.5,2005.0,28.0,0.197,2002.0,25.0,16.833333333333332,2002.0,25.0,-2.6333333333333333,2002.0,25.0,3.733333333333333,2004.0,27.0,0.15733333333333335
Danny Granger,Full Advanced,All-Star,2009.0,25.0,21.8,2009.0,25.0,4.8,2009.0,25.0,8.0,2009.0,25.0,0.158,2010.0,26.0,19.8,2010.0,26.0,3.3333333333333335,2008.0,24.0,7.266666666666666,2009.0,25.0,0.137
Danny Green,Full Advanced,All-Star,2015.0,27.0,16.5,2015.0,27.0,4.6,2015.0,27.0,7.8,2015.0,27.0,0.163,2014.0,26.0,14.833333333333334,2014.0,26.0,3.533333333333333,2014.0,26.0,5.966666666666666,2014.0,26.0,0.13766666666666666
Danny Manning,Full Advanced,Starter/Rotation,1998.0,31.0,19.8,1998.0,31.0,2.7,1993.0,26.0,7.9,1998.0,31.0,0.174,1994.0,27.0,18.033333333333335,1998.0,31.0,1.2666666666666668,1993.0,26.0,5.7,1998.0,31.0,0.13166666666666665
Danny Schayes,Full Advanced,Role/Bench,1995.0,35.0,13.2,1995.0,35.0,-1.7,1998.0,38.0,2.0,1995.0,35.0,0.084,1994.0,34.0,10.4,1996.0,36.0,-3.4666666666666663,1998.0,38.0,1.3,1998.0,38.0,0.0655
Dante Cunningham,Full Advanced,Role/Bench,2012.0,24.0,14.9,2012.0,24.0,0.8,2013.0,25.0,3.5,2012.0,24.0,0.147,2013.0,25.0,13.6,2013.0,25.0,-0.4666666666666666,2013.0,25.0,3.266666666666667,2011.0,23.0,0.11199999999999999
Dante Exum,Full Advanced,Role/Bench,2024.0,28.0,13.7,2024.0,28.0,-0.6,2024.0,28.0,2.9,2024.0,28.0,0.127,2025.0,29.0,13.65,2025.0,29.0,-1.45,2025.0,29.0,1.7500000000000002,2025.0,29.0,0.10500000000000001
Danuel House Jr.,Full Advanced,Role/Bench,2018.0,24.0,12.4,2019.0,25.0,-0.5,2020.0,26.0,3.6,2019.0,25.0,0.113,2018.0,24.0,12.3,2019.0,25.0,-0.9333333333333332,2019.0,25.0,2.1666666666666665,2019.0,25.0,0.09000000000000001
Dario Šarić,Full Advanced,Role/Bench,2018.0,23.0,15.8,2018.0,23.0,1.3,2018.0,23.0,6.6,2018.0,23.0,0.137,2024.0,29.0,14.399999999999999,2024.0,29.0,-0.19999999999999996,2019.0,24.0,4.566666666666666,2024.0,29.0,0.111
Darius Bazley,Full Advanced,Role/Bench,2023.0,22.0,13.1,2023.0,22.0,-1.0,2022.0,21.0,1.8,2023.0,22.0,0.078,2023.0,22.0,12.850000000000001,2023.0,22.0,-1.3999999999999995,2023.0,22.0,1.4000000000000001,2023.0,22.0,0.061
Darius Garland,Full Advanced,All-Star,2025.0,25.0,19.9,2025.0,25.0,3.1,2025.0,25.0,8.1,2025.0,25.0,0.169,2024.0,24.0,17.73333333333333,2024.0,24.0,1.5,2024.0,24.0,6.133333333333333,2024.0,24.0,0.128
Darius Miles,Full Advanced,Role/Bench,2004.0,22.0,16.1,2002.0,20.0,0.6,2004.0,22.0,3.6,2004.0,22.0,0.083,2005.0,23.0,14.699999999999998,2001.0,19.0,0.04999999999999999,2001.0,19.0,3.2,2001.0,19.0,0.07100000000000001
Darius Miller,Full Advanced,Role/Bench,2018.0,27.0,9.3,2018.0,27.0,-1.9,2018.0,27.0,3.0,2018.0,27.0,0.075,2018.0,27.0,8.9,2019.0,28.0,-2.4,2019.0,28.0,2.3000000000000003,2019.0,28.0,0.06
Darius Songaila,Full Advanced,Role/Bench,2005.0,26.0,14.9,2005.0,26.0,-0.9,2005.0,26.0,4.3,2004.0,25.0,0.129,2004.0,25.0,14.75,2004.0,25.0,-1.05,2004.0,25.0,3.45,2004.0,25.0,0.1265
Darko Miličić,Full Advanced,Role/Bench,2006.0,20.0,15.2,2006.0,20.0,-0.2,2007.0,21.0,3.3,2009.0,23.0,0.088,2006.0,20.0,14.5,2006.0,20.0,-0.35,2006.0,20.0,2.25,2006.0,20.0,0.0775
Darrell Armstrong,Full Advanced,Starter/Rotation,1999.0,30.0,22.2,1999.0,30.0,6.7,2001.0,32.0,8.7,1999.0,30.0,0.205,2001.0,32.0,19.166666666666668,2001.0,32.0,4.133333333333333,2001.0,32.0,7.5666666666666655,2001.0,32.0,0.16333333333333333
Darrell Arthur,Full Advanced,Role/Bench,2011.0,22.0,15.7,2017.0,28.0,-0.1,2011.0,22.0,3.8,2011.0,22.0,0.113,2011.0,22.0,12.666666666666666,2017.0,28.0,-0.45000000000000007,2013.0,24.0,2.0666666666666664,2017.0,28.0,0.0765
Darren Collison,Full Advanced,Role/Bench,2018.0,30.0,18.8,2018.0,30.0,2.7,2018.0,30.0,7.6,2018.0,30.0,0.181,2019.0,31.0,17.75,2019.0,31.0,2.25,2019.0,31.0,7.2,2019.0,31.0,0.167
Darrick Martin,Full Advanced,Role/Bench,1997.0,25.0,16.9,1997.0,25.0,0.5,1997.0,25.0,4.6,1997.0,25.0,0.121,1997.0,25.0,13.633333333333333,1998.0,26.0,-1.7333333333333332,1997.0,25.0,2.3333333333333335,1997.0,25.0,0.06166666666666667
Darvin Ham,Full Advanced,Role/Bench,2001.0,27.0,10.1,2001.0,27.0,-2.5,2002.0,28.0,1.2,2001.0,27.0,0.079,2001.0,27.0,9.899999999999999,2001.0,27.0,-3.05,2001.0,27.0,1.05,2001.0,27.0,0.0645
David Benoit,Full Advanced,Role/Bench,1995.0,26.0,13.9,1996.0,27.0,-0.2,1995.0,26.0,4.6,1995.0,26.0,0.121,1995.0,26.0,12.333333333333334,1996.0,27.0,-1.0666666666666667,1996.0,27.0,3.366666666666667,1995.0,26.0,0.09633333333333333
David Harrison,Full Advanced,Role/Bench,2005.0,22.0,12.9,2005.0,22.0,-2.8,2006.0,23.0,1.5,2005.0,22.0,0.09,2005.0,22.0,12.350000000000001,2005.0,22.0,-3.4,2005.0,22.0,1.45,2005.0,22.0,0.079
David Lee,Full Advanced,Starter/Rotation,2010.0,26.0,22.2,2007.0,23.0,3.0,2010.0,26.0,10.3,2007.0,23.0,0.191,2011.0,27.0,19.9,2006.0,22.0,1.55,2009.0,25.0,8.9,2017.0,33.0,0.17350000000000002
David Nwaba,Full Advanced,Role/Bench,2022.0,29.0,15.3,2020.0,27.0,1.1,2018.0,25.0,2.4,2020.0,27.0,0.138,2022.0,29.0,14.850000000000001,2021.0,28.0,-0.09999999999999998,2017.0,24.0,1.6,2021.0,28.0,0.11233333333333333
David Robinson,Full Advanced,Elite,1994.0,28.0,30.7,1994.0,28.0,11.9,1994.0,28.0,20.0,1994.0,28.0,0.296,1995.0,29.0,29.73333333333333,1995.0,29.0,10.0,1995.0,29.0,18.599999999999998,1995.0,29.0,0.28633333333333333
David Roddy,Full Advanced,Role/Bench,2025.0,23.0,11.9,2025.0,23.0,-1.5,2023.0,21.0,1.1,2025.0,23.0,0.062,2025.0,23.0,10.299999999999999,2025.0,23.0,-3.25,2023.0,21.0,0.6000000000000001,2024.0,22.0,0.036333333333333336
David Wesley,Full Advanced,Starter/Rotation,1996.0,25.0,18.5,1996.0,25.0,2.8,2001.0,30.0,7.6,1996.0,25.0,0.144,1997.0,26.0,16.733333333333334,1995.0,24.0,1.65,1997.0,26.0,6.066666666666666,1995.0,24.0,0.1175
David West,Full Advanced,Starter/Rotation,2018.0,37.0,20.9,2013.0,32.0,4.0,2013.0,32.0,9.1,2016.0,35.0,0.184,2007.0,26.0,19.5,2018.0,37.0,2.95,2009.0,28.0,7.8999999999999995,2017.0,36.0,0.16666666666666666
David Wingate,Full Advanced,Role/Bench,1993.0,29.0,11.5,1993.0,29.0,-0.8,1993.0,29.0,2.3,1997.0,33.0,0.087,1993.0,29.0,11.15,1993.0,29.0,-1.65,1993.0,29.0,1.65,1997.0,33.0,0.064
David Wood,Full Advanced,Role/Bench,1994.0,29.0,11.1,1994.0,29.0,-2.4,1994.0,29.0,2.3,1994.0,29.0,0.095,1994.0,29.0,10.7,1994.0,29.0,-2.8499999999999996,1994.0,29.0,2.25,1994.0,29.0,0.0865
Davion Mitchell,Full Advanced,Role/Bench,2022.0,23.0,10.8,2025.0,26.0,-2.6,2025.0,26.0,3.0,2025.0,26.0,0.07,2022.0,23.0,10.100000000000001,2024.0,25.0,-2.9333333333333336,2025.0,26.0,2.1500000000000004,2025.0,26.0,0.0645
Day'Ron Sharpe,Full Advanced,Role/Bench,2022.0,20.0,20.7,2025.0,23.0,0.9,2024.0,22.0,2.9,2024.0,22.0,0.152,2025.0,23.0,19.85,2025.0,23.0,0.44999999999999996,2025.0,23.0,2.8000000000000003,2023.0,21.0,0.14766666666666667
De'Aaron Fox,Full Advanced,Starter/Rotation,2023.0,25.0,21.8,2024.0,26.0,2.7,2023.0,25.0,7.4,2023.0,25.0,0.146,2024.0,26.0,20.066666666666666,2024.0,26.0,1.866666666666667,2024.0,26.0,6.066666666666667,2024.0,26.0,0.11866666666666666
De'Andre Hunter,Full Advanced,Role/Bench,2025.0,27.0,15.9,2021.0,23.0,1.2,2025.0,27.0,4.4,2021.0,23.0,0.123,2025.0,27.0,14.3,2025.0,27.0,-1.0,2025.0,27.0,3.3000000000000007,2025.0,27.0,0.092
De'Anthony Melton,Full Advanced,Starter/Rotation,2022.0,23.0,15.2,2021.0,22.0,2.3,2023.0,24.0,4.2,2022.0,23.0,0.107,2021.0,22.0,14.633333333333333,2022.0,23.0,1.7,2022.0,23.0,3.366666666666667,2022.0,23.0,0.10166666666666667
DeAndre Jordan,Full Advanced,Role/Bench,2017.0,28.0,21.8,2017.0,28.0,3.3,2015.0,26.0,12.8,2017.0,28.0,0.221,2016.0,27.0,21.133333333333336,2016.0,27.0,3.0,2016.0,27.0,12.033333333333333,2016.0,27.0,0.217
DeAndre' Bembry,Full Advanced,Role/Bench,2022.0,27.0,11.9,2022.0,27.0,-0.7,2022.0,27.0,2.2,2022.0,27.0,0.104,2022.0,27.0,11.549999999999999,2022.0,27.0,-1.3,2022.0,27.0,1.6999999999999997,2022.0,27.0,0.08149999999999999
DeJuan Blair,Full Advanced,Role/Bench,2010.0,20.0,17.7,2012.0,22.0,-0.3,2011.0,21.0,4.8,2010.0,20.0,0.147,2011.0,21.0,17.46666666666667,2011.0,21.0,-0.5,2010.0,20.0,4.699999999999999,2011.0,21.0,0.14033333333333334
DeMar DeRozan,Full Advanced,All-Star,2017.0,27.0,24.0,2021.0,31.0,3.1,2016.0,26.0,9.9,2021.0,31.0,0.172,2021.0,31.0,22.233333333333334,2017.0,27.0,2.766666666666667,2017.0,27.0,9.5,2017.0,27.0,0.16833333333333333
DeMarcus Cousins,Full Advanced,All-Star,2014.0,23.0,26.1,2017.0,26.0,6.8,2014.0,23.0,7.9,2014.0,23.0,0.166,2015.0,24.0,24.96666666666667,2017.0,26.0,4.933333333333333,2015.0,24.0,6.533333333333334,2015.0,24.0,0.144
DeMarre Carroll,Full Advanced,Starter/Rotation,2015.0,28.0,15.9,2015.0,28.0,1.7,2015.0,28.0,7.0,2015.0,28.0,0.154,2014.0,27.0,15.1,2014.0,27.0,1.2333333333333334,2014.0,27.0,5.3,2014.0,27.0,0.13566666666666669
DeSagana Diop,Full Advanced,Role/Bench,2008.0,26.0,12.5,2006.0,24.0,0.5,2006.0,24.0,4.1,2006.0,24.0,0.13,2007.0,25.0,11.533333333333331,2007.0,25.0,-0.10000000000000002,2007.0,25.0,3.633333333333333,2007.0,25.0,0.122
DeShawn Stevenson,Full Advanced,Role/Bench,2007.0,25.0,12.9,2008.0,26.0,-0.2,2008.0,26.0,4.1,2008.0,26.0,0.077,2007.0,25.0,12.133333333333333,2007.0,25.0,-1.3333333333333333,2007.0,25.0,3.1999999999999997,2007.0,25.0,0.06066666666666667
Dean Garrett,Full Advanced,Role/Bench,1997.0,30.0,17.7,1997.0,30.0,1.0,1997.0,30.0,6.2,1997.0,30.0,0.179,1997.0,30.0,14.899999999999999,2001.0,34.0,-0.7,1997.0,30.0,4.2,2001.0,34.0,0.12000000000000001
Dean Wade,Full Advanced,Role/Bench,2021.0,24.0,11.3,2025.0,28.0,0.3,2025.0,28.0,3.0,2025.0,28.0,0.113,2021.0,24.0,10.7,2025.0,28.0,0.2,2025.0,28.0,2.75,2025.0,28.0,0.1115
Deandre Ayton,Full Advanced,Starter/Rotation,2022.0,23.0,21.9,2022.0,23.0,2.8,2021.0,22.0,8.4,2022.0,23.0,0.203,2021.0,22.0,20.733333333333334,2022.0,23.0,1.633333333333333,2022.0,23.0,7.3,2022.0,23.0,0.18033333333333335
Dee Brown,Full Advanced,Starter/Rotation,1993.0,24.0,17.2,1993.0,24.0,3.0,1995.0,26.0,6.8,1993.0,24.0,0.135,1993.0,24.0,16.6,1993.0,24.0,2.25,1994.0,25.0,6.533333333333334,1993.0,24.0,0.1215
Dejounte Murray,Full Advanced,Starter/Rotation,2022.0,25.0,22.3,2022.0,25.0,5.4,2022.0,25.0,7.3,2022.0,25.0,0.149,2023.0,26.0,19.0,2023.0,26.0,2.6999999999999997,2023.0,26.0,5.633333333333333,2023.0,26.0,0.10566666666666667
Dell Curry,Full Advanced,Starter/Rotation,1999.0,34.0,18.7,1999.0,34.0,4.0,1996.0,31.0,5.1,1999.0,34.0,0.144,1993.0,28.0,17.25,1995.0,30.0,2.033333333333333,1995.0,30.0,4.466666666666666,1999.0,34.0,0.10999999999999999
Delon Wright,Full Advanced,All-Star,2018.0,25.0,16.5,2023.0,30.0,3.4,2018.0,25.0,4.5,2018.0,25.0,0.152,2019.0,26.0,15.799999999999999,2017.0,24.0,2.65,2019.0,26.0,4.3999999999999995,2019.0,26.0,0.13566666666666669
Delonte West,Full Advanced,Starter/Rotation,2012.0,28.0,15.3,2006.0,22.0,1.9,2009.0,25.0,6.4,2009.0,25.0,0.142,2012.0,28.0,13.8,2010.0,26.0,1.4000000000000001,2008.0,24.0,3.8000000000000003,2010.0,26.0,0.11366666666666665
Deni Avdija,Full Advanced,Role/Bench,2025.0,24.0,17.7,2025.0,24.0,2.1,2025.0,24.0,5.6,2025.0,24.0,0.124,2025.0,24.0,16.299999999999997,2025.0,24.0,0.6000000000000003,2025.0,24.0,4.4,2025.0,24.0,0.096
Dennis Rodman,Full Advanced,Starter/Rotation,1995.0,33.0,16.6,1995.0,33.0,1.8,1994.0,32.0,8.7,1995.0,33.0,0.178,1996.0,34.0,14.700000000000001,1995.0,33.0,0.9333333333333332,1993.0,31.0,7.1,1996.0,34.0,0.15633333333333332
Dennis Schröder,Full Advanced,Role/Bench,2018.0,24.0,17.3,2017.0,23.0,0.0,2021.0,27.0,3.8,2021.0,27.0,0.093,2017.0,23.0,16.3,2017.0,23.0,-0.4666666666666666,2020.0,26.0,3.4333333333333336,2021.0,27.0,0.08533333333333333
Dennis Scott,Full Advanced,Starter/Rotation,1995.0,26.0,16.3,1995.0,26.0,2.5,1996.0,27.0,8.8,1995.0,26.0,0.147,1995.0,26.0,15.5,1995.0,26.0,1.8666666666666665,1995.0,26.0,6.133333333333333,1995.0,26.0,0.12966666666666668
Dennis Smith Jr.,Full Advanced,Role/Bench,2021.0,23.0,13.6,2021.0,23.0,0.4,2024.0,26.0,1.8,2024.0,26.0,0.08,2022.0,24.0,12.799999999999999,2022.0,24.0,-1.1666666666666667,2024.0,26.0,1.45,2024.0,26.0,0.0595
Denzel Valentine,Full Advanced,Role/Bench,2020.0,26.0,13.0,2020.0,26.0,-0.6,2018.0,24.0,2.5,2018.0,24.0,0.057,2020.0,26.0,11.733333333333334,2020.0,26.0,-1.4333333333333336,2017.0,23.0,1.55,2020.0,26.0,0.04566666666666667
DerMarr Johnson,Full Advanced,Role/Bench,2005.0,24.0,14.0,2005.0,24.0,0.3,2005.0,24.0,3.2,2005.0,24.0,0.123,2005.0,24.0,12.399999999999999,2005.0,24.0,-0.7666666666666666,2004.0,23.0,1.7666666666666668,2005.0,24.0,0.08733333333333333
Derek Anderson,Full Advanced,Starter/Rotation,2001.0,26.0,17.1,2001.0,26.0,2.4,2001.0,26.0,9.9,2001.0,26.0,0.166,2002.0,27.0,16.5,2002.0,27.0,2.1,2002.0,27.0,7.766666666666666,2002.0,27.0,0.15200000000000002
Derek Fisher,Full Advanced,Role/Bench,2006.0,31.0,14.8,2002.0,27.0,1.1,2009.0,34.0,6.3,2002.0,27.0,0.134,2001.0,26.0,13.366666666666667,2001.0,26.0,0.2333333333333334,2009.0,34.0,5.3,2002.0,27.0,0.11366666666666665
Derek Harper,Full Advanced,Starter/Rotation,1993.0,31.0,15.9,1993.0,31.0,0.6,1995.0,33.0,6.4,1995.0,33.0,0.113,1993.0,31.0,14.100000000000001,1993.0,31.0,0.35,1995.0,33.0,5.566666666666667,1995.0,33.0,0.10133333333333333
Derek Strong,Full Advanced,Role/Bench,1993.0,24.0,20.0,1993.0,24.0,1.5,1998.0,29.0,4.4,1993.0,24.0,0.208,1993.0,24.0,17.3,1993.0,24.0,-0.5,1997.0,28.0,3.466666666666667,1993.0,24.0,0.148
Deron Williams,Full Advanced,All-Star,2009.0,24.0,21.1,2009.0,24.0,4.0,2008.0,23.0,11.3,2013.0,28.0,0.184,2010.0,25.0,20.933333333333337,2009.0,24.0,3.8666666666666667,2009.0,24.0,10.0,2009.0,24.0,0.17133333333333334
Derrick Coleman,Full Advanced,Starter/Rotation,1994.0,26.0,21.4,1994.0,26.0,4.3,1994.0,26.0,9.9,1994.0,26.0,0.171,1993.0,25.0,21.299999999999997,1993.0,25.0,4.3,1993.0,25.0,9.7,1993.0,25.0,0.168
Derrick Favors,Full Advanced,Role/Bench,2019.0,27.0,21.8,2019.0,27.0,3.3,2015.0,23.0,8.3,2021.0,29.0,0.237,2015.0,23.0,20.8,2020.0,28.0,2.3,2015.0,23.0,6.833333333333333,2020.0,28.0,0.20466666666666666
Derrick Jones Jr.,Full Advanced,Role/Bench,2020.0,22.0,14.9,2020.0,22.0,0.7,2025.0,27.0,4.7,2020.0,22.0,0.153,2020.0,22.0,13.6,2020.0,22.0,-0.39999999999999997,2025.0,27.0,3.900000000000001,2020.0,22.0,0.121
Derrick McKey,Full Advanced,Role/Bench,1995.0,28.0,15.0,1995.0,28.0,2.2,1995.0,28.0,7.4,1993.0,26.0,0.13,1994.0,27.0,14.433333333333332,1995.0,28.0,1.6666666666666667,1994.0,27.0,6.333333333333333,1994.0,27.0,0.11633333333333333
Derrick Rose,Full Advanced,Role/Bench,2011.0,22.0,23.5,2011.0,22.0,6.8,2011.0,22.0,13.1,2012.0,23.0,0.211,2011.0,22.0,21.7,2011.0,22.0,4.966666666666667,2011.0,22.0,8.366666666666667,2011.0,22.0,0.17300000000000001
Derrick White,Full Advanced,Starter/Rotation,2024.0,29.0,16.9,2024.0,29.0,3.8,2025.0,30.0,8.5,2024.0,29.0,0.171,2025.0,30.0,16.75,2025.0,30.0,3.6499999999999995,2025.0,30.0,8.5,2025.0,30.0,0.16449999999999998
Derrick Williams,Full Advanced,Role/Bench,2016.0,24.0,17.2,2016.0,24.0,0.3,2016.0,24.0,3.6,2016.0,24.0,0.12,2017.0,25.0,13.899999999999999,2015.0,23.0,-1.2666666666666668,2015.0,23.0,2.766666666666667,2017.0,25.0,0.092
Desmond Bane,Full Advanced,All-Star,2023.0,24.0,19.1,2023.0,24.0,3.5,2022.0,23.0,7.2,2022.0,23.0,0.153,2024.0,25.0,18.5,2024.0,25.0,3.1666666666666665,2023.0,24.0,5.366666666666667,2023.0,24.0,0.13533333333333333
Desmond Mason,Full Advanced,Role/Bench,2004.0,26.0,15.7,2004.0,26.0,-0.4,2004.0,26.0,5.7,2004.0,26.0,0.107,2004.0,26.0,15.233333333333334,2004.0,26.0,-1.1333333333333335,2003.0,25.0,5.2,2003.0,25.0,0.09666666666666666
Detlef Schrempf,Full Advanced,All-Star,1995.0,32.0,20.3,1995.0,32.0,4.4,1995.0,32.0,12.9,1995.0,32.0,0.215,1996.0,33.0,18.633333333333333,1996.0,33.0,3.4,1994.0,31.0,10.566666666666668,1996.0,33.0,0.18933333333333333
Devean George,Full Advanced,Role/Bench,2002.0,24.0,12.6,2002.0,24.0,0.3,2002.0,24.0,4.2,2002.0,24.0,0.113,2003.0,25.0,11.833333333333334,2003.0,25.0,-0.5333333333333333,2003.0,25.0,3.4333333333333336,2003.0,25.0,0.09166666666666667
Devin Booker,Full Advanced,All-Star,2023.0,26.0,22.0,2023.0,26.0,4.2,2024.0,27.0,9.2,2024.0,27.0,0.181,2023.0,26.0,21.733333333333334,2023.0,26.0,3.766666666666666,2025.0,28.0,7.800000000000001,2023.0,26.0,0.16466666666666666
Devin Brown,Full Advanced,Role/Bench,2005.0,26.0,14.6,2005.0,26.0,1.3,2005.0,26.0,3.7,2005.0,26.0,0.145,2004.0,25.0,13.85,2004.0,25.0,-0.04999999999999993,2006.0,27.0,2.8666666666666667,2004.0,25.0,0.139
Devin Harris,Full Advanced,Starter/Rotation,2009.0,25.0,21.6,2009.0,25.0,2.8,2009.0,25.0,7.5,2007.0,23.0,0.151,2009.0,25.0,18.433333333333334,2008.0,24.0,1.6666666666666667,2008.0,24.0,6.533333333333334,2008.0,24.0,0.14266666666666666
Devin Vassell,Full Advanced,Role/Bench,2024.0,23.0,15.7,2023.0,22.0,0.4,2024.0,23.0,3.6,2022.0,21.0,0.082,2024.0,23.0,15.133333333333333,2023.0,22.0,-0.033333333333333326,2025.0,24.0,2.9,2021.0,20.0,0.07550000000000001
Devonte' Graham,Full Advanced,Role/Bench,2020.0,24.0,15.8,2021.0,25.0,0.7,2020.0,24.0,3.4,2021.0,25.0,0.099,2021.0,25.0,14.166666666666666,2021.0,25.0,0.06666666666666665,2021.0,25.0,3.1999999999999997,2022.0,26.0,0.084
Dewayne Dedmon,Full Advanced,Role/Bench,2016.0,26.0,17.0,2017.0,27.0,0.6,2017.0,27.0,5.2,2017.0,27.0,0.189,2017.0,27.0,16.26666666666667,2018.0,28.0,0.39999999999999997,2018.0,28.0,4.3,2017.0,27.0,0.155
Dickey Simpkins,Full Advanced,Role/Bench,1999.0,26.0,13.4,1999.0,26.0,-2.5,1999.0,26.0,2.9,1999.0,26.0,0.095,1999.0,26.0,12.0,1999.0,26.0,-2.7499999999999996,1999.0,26.0,1.7499999999999996,1998.0,25.0,0.08233333333333333
Dikembe Mutombo,Full Advanced,Starter/Rotation,1998.0,31.0,19.8,1999.0,32.0,3.7,1997.0,30.0,11.3,1999.0,32.0,0.206,1998.0,31.0,19.2,1998.0,31.0,2.966666666666667,1998.0,31.0,10.0,1998.0,31.0,0.18866666666666665
Dillon Brooks,Full Advanced,Role/Bench,2022.0,26.0,15.5,2025.0,29.0,-1.4,2025.0,29.0,5.1,2025.0,29.0,0.103,2021.0,25.0,12.966666666666667,2025.0,29.0,-2.5,2025.0,29.0,3.9,2025.0,29.0,0.0805
Dino Radja,Full Advanced,Role/Bench,1994.0,26.0,18.2,1994.0,26.0,0.0,1994.0,26.0,5.9,1994.0,26.0,0.124,1994.0,26.0,18.049999999999997,1994.0,26.0,0.0,1994.0,26.0,5.2,1994.0,26.0,0.11299999999999999
Dion Glover,Full Advanced,Role/Bench,2003.0,24.0,13.5,2003.0,24.0,-1.5,2003.0,24.0,2.6,2003.0,24.0,0.065,2002.0,23.0,12.966666666666667,2002.0,23.0,-1.7666666666666666,2004.0,25.0,1.85,2004.0,25.0,0.04850000000000001
Dion Waiters,Full Advanced,Role/Bench,2017.0,25.0,14.5,2017.0,25.0,-0.1,2016.0,24.0,2.1,2017.0,25.0,0.057,2013.0,21.0,13.85,2018.0,26.0,-1.5666666666666667,2015.0,23.0,1.6000000000000003,2016.0,24.0,0.042666666666666665
Dirk Nowitzki,Full Advanced,Elite,2006.0,27.0,28.1,2007.0,28.0,8.3,2006.0,27.0,17.7,2007.0,28.0,0.278,2006.0,27.0,27.26666666666667,2006.0,27.0,7.8999999999999995,2006.0,27.0,16.53333333333333,2006.0,27.0,0.267
Doc Rivers,Full Advanced,Starter/Rotation,1993.0,31.0,14.6,1993.0,31.0,3.0,1993.0,31.0,6.5,1993.0,31.0,0.166,1993.0,31.0,13.399999999999999,1993.0,31.0,2.0,1993.0,31.0,4.25,1993.0,31.0,0.1315
Domantas Sabonis,Full Advanced,All-Star,2023.0,26.0,23.5,2024.0,27.0,6.5,2024.0,27.0,12.6,2023.0,26.0,0.221,2024.0,27.0,23.2,2025.0,28.0,5.85,2024.0,27.0,11.766666666666666,2024.0,27.0,0.20866666666666667
Dominic McGuire,Full Advanced,Role/Bench,2012.0,26.0,11.8,2012.0,26.0,-0.8,2009.0,23.0,1.7,2012.0,26.0,0.062,2011.0,25.0,11.0,2013.0,27.0,-1.55,2011.0,25.0,1.3666666666666665,2011.0,25.0,0.05366666666666667
Dominick Barlow,Full Advanced,Role/Bench,2025.0,21.0,14.6,2024.0,20.0,-1.7,2024.0,20.0,1.1,2025.0,21.0,0.131,2025.0,21.0,14.6,2025.0,21.0,-1.9500000000000002,2025.0,21.0,1.0499999999999998,2025.0,21.0,0.1285
Dominique Wilkins,Full Advanced,Starter/Rotation,1993.0,33.0,24.3,1993.0,33.0,5.4,1993.0,33.0,10.5,1993.0,33.0,0.191,1993.0,33.0,22.85,1993.0,33.0,4.0,1993.0,33.0,9.45,1993.0,33.0,0.172
Don MacLean,Full Advanced,Role/Bench,1994.0,24.0,17.8,1994.0,24.0,-0.6,1994.0,24.0,5.6,1994.0,24.0,0.108,1993.0,23.0,15.9,1995.0,25.0,-2.0666666666666664,1993.0,23.0,3.0,1995.0,25.0,0.07433333333333333
Don Reid,Full Advanced,Role/Bench,2001.0,27.0,13.1,1999.0,25.0,-0.5,1996.0,22.0,2.9,1996.0,22.0,0.141,1999.0,25.0,12.333333333333334,1998.0,24.0,-0.7333333333333334,1996.0,22.0,2.8499999999999996,1998.0,24.0,0.13833333333333334
Donald Royal,Full Advanced,Role/Bench,1994.0,27.0,14.6,1993.0,26.0,0.0,1993.0,26.0,5.1,1993.0,26.0,0.149,1993.0,26.0,14.55,1993.0,26.0,-0.15,1993.0,26.0,4.449999999999999,1993.0,26.0,0.14200000000000002
Donald Sloan,Full Advanced,Role/Bench,2016.0,28.0,13.9,2015.0,27.0,-0.1,2016.0,28.0,2.0,2015.0,27.0,0.085,2016.0,28.0,13.5,2016.0,28.0,-0.8999999999999999,2016.0,28.0,2.0,2016.0,28.0,0.078
Donatas Motiejūnas,Full Advanced,Role/Bench,2015.0,24.0,14.4,2015.0,24.0,-0.5,2015.0,24.0,4.7,2015.0,24.0,0.11,2014.0,23.0,12.433333333333332,2014.0,23.0,-2.6,2014.0,23.0,2.2666666666666666,2014.0,23.0,0.08
Donnell Harvey,Full Advanced,Role/Bench,2002.0,21.0,14.1,2002.0,21.0,-1.9,2003.0,22.0,2.0,2002.0,21.0,0.105,2002.0,21.0,13.3,2002.0,21.0,-2.15,2002.0,21.0,1.9,2002.0,21.0,0.08199999999999999
Donovan Mitchell,Full Advanced,All-Star,2023.0,26.0,22.9,2023.0,26.0,6.3,2023.0,26.0,8.9,2023.0,26.0,0.176,2023.0,26.0,22.2,2023.0,26.0,5.466666666666666,2024.0,27.0,7.633333333333334,2024.0,27.0,0.166
Donte DiVincenzo,Full Advanced,Starter/Rotation,2024.0,27.0,16.0,2024.0,27.0,3.4,2024.0,27.0,6.6,2024.0,27.0,0.135,2025.0,28.0,15.049999999999999,2025.0,28.0,2.65,2025.0,28.0,5.25,2025.0,28.0,0.125
Donté Greene,Full Advanced,Role/Bench,2012.0,23.0,11.8,2010.0,21.0,-1.6,2010.0,21.0,1.5,2010.0,21.0,0.044,2011.0,22.0,11.033333333333333,2011.0,22.0,-2.066666666666667,2011.0,22.0,0.9,2011.0,22.0,0.03566666666666667
Donyell Marshall,Full Advanced,Starter/Rotation,2001.0,27.0,19.9,2005.0,31.0,4.9,2004.0,30.0,10.4,2005.0,31.0,0.176,2002.0,28.0,19.166666666666664,2004.0,30.0,2.9666666666666672,2004.0,30.0,7.466666666666666,2004.0,30.0,0.155
Dorell Wright,Full Advanced,Starter/Rotation,2013.0,27.0,16.0,2013.0,27.0,2.6,2011.0,25.0,5.8,2010.0,24.0,0.137,2012.0,26.0,15.333333333333334,2014.0,28.0,1.7666666666666668,2012.0,26.0,4.7,2014.0,28.0,0.11699999999999999
Dorian Finney-Smith,Full Advanced,Role/Bench,2022.0,28.0,12.5,2022.0,28.0,0.8,2022.0,28.0,6.6,2022.0,28.0,0.121,2021.0,27.0,12.266666666666666,2021.0,27.0,0.23333333333333336,2021.0,27.0,5.3,2021.0,27.0,0.11366666666666665
Doug Christie,Full Advanced,Role/Bench,1999.0,28.0,16.9,2003.0,32.0,3.2,2003.0,32.0,8.9,2003.0,32.0,0.157,1998.0,27.0,16.066666666666666,2002.0,31.0,2.6333333333333333,2002.0,31.0,8.733333333333333,2002.0,31.0,0.14866666666666667
Doug McDermott,Full Advanced,Role/Bench,2021.0,29.0,15.6,2020.0,28.0,0.0,2021.0,29.0,3.8,2020.0,28.0,0.117,2020.0,28.0,13.866666666666667,2020.0,28.0,-0.6666666666666666,2020.0,28.0,3.3333333333333335,2020.0,28.0,0.11066666666666668
Doug Overton,Full Advanced,Role/Bench,1997.0,27.0,13.2,1995.0,25.0,-2.6,1995.0,25.0,1.7,1997.0,27.0,0.065,1996.0,26.0,11.566666666666668,1996.0,26.0,-2.8333333333333335,1996.0,26.0,0.9333333333333332,1996.0,26.0,0.044333333333333336
Doug Smith,Full Advanced,Role/Bench,1994.0,24.0,13.5,1994.0,24.0,-2.1,1994.0,24.0,2.3,1994.0,24.0,0.066,1995.0,25.0,12.249999999999998,1995.0,25.0,-2.6999999999999997,1995.0,25.0,1.65,1995.0,25.0,0.062
Doug West,Full Advanced,Role/Bench,1993.0,25.0,14.2,1993.0,25.0,-2.2,1993.0,25.0,4.3,1993.0,25.0,0.066,1993.0,25.0,13.75,1993.0,25.0,-2.4000000000000004,1993.0,25.0,3.45,1993.0,25.0,0.061
Dragan Bender,Full Advanced,Role/Bench,2019.0,21.0,9.5,2018.0,20.0,-3.7,2019.0,21.0,0.5,2019.0,21.0,0.027,2019.0,21.0,8.299999999999999,2019.0,21.0,-3.8999999999999995,2019.0,21.0,0.30000000000000004,2019.0,21.0,0.014
Draymond Green,Full Advanced,All-Star,2016.0,25.0,19.3,2016.0,25.0,5.5,2016.0,25.0,11.1,2016.0,25.0,0.19,2016.0,25.0,17.400000000000002,2016.0,25.0,4.633333333333334,2016.0,25.0,9.266666666666666,2016.0,25.0,0.171
Drew Eubanks,Full Advanced,Role/Bench,2022.0,24.0,18.0,2023.0,25.0,0.1,2023.0,25.0,4.4,2021.0,23.0,0.145,2021.0,23.0,17.733333333333334,2022.0,24.0,-0.4333333333333333,2023.0,25.0,3.6333333333333333,2020.0,22.0,0.1395
Drew Gooden,Full Advanced,Role/Bench,2005.0,23.0,19.7,2005.0,23.0,1.6,2005.0,23.0,8.5,2014.0,32.0,0.173,2006.0,24.0,17.933333333333334,2006.0,24.0,0.4000000000000001,2006.0,24.0,7.2,2006.0,24.0,0.149
Duane Causwell,Full Advanced,Role/Bench,1993.0,24.0,14.2,1993.0,24.0,-0.7,1993.0,24.0,2.9,1993.0,24.0,0.115,1993.0,24.0,13.0,1994.0,25.0,-1.5666666666666667,1993.0,24.0,2.05,1994.0,25.0,0.10166666666666667
Duane Ferrell,Full Advanced,Role/Bench,1994.0,28.0,14.5,1994.0,28.0,-0.9,1994.0,28.0,3.2,1994.0,28.0,0.134,1993.0,27.0,14.1,1993.0,27.0,-1.45,1993.0,27.0,3.0,1993.0,27.0,0.10550000000000001
Duncan Robinson,Full Advanced,Role/Bench,2020.0,25.0,13.1,2020.0,25.0,0.5,2020.0,25.0,5.3,2020.0,25.0,0.118,2020.0,25.0,12.05,2020.0,25.0,-0.25,2020.0,25.0,4.5,2020.0,25.0,0.0985
Dwayne Bacon,Full Advanced,Role/Bench,2019.0,23.0,11.7,2019.0,23.0,-3.7,2019.0,23.0,1.2,2019.0,23.0,0.073,2020.0,24.0,9.233333333333333,2018.0,22.0,-4.2,2018.0,22.0,0.5499999999999999,2018.0,22.0,0.032999999999999995
Dwight Howard,Full Advanced,Starter/Rotation,2011.0,25.0,26.1,2011.0,25.0,5.3,2011.0,25.0,14.4,2011.0,25.0,0.235,2010.0,24.0,25.166666666666668,2010.0,24.0,4.733333333333333,2010.0,24.0,13.800000000000002,2010.0,24.0,0.2306666666666667
Dwight Powell,Full Advanced,Starter/Rotation,2019.0,27.0,20.4,2019.0,27.0,2.9,2022.0,30.0,8.2,2022.0,30.0,0.219,2018.0,26.0,18.933333333333334,2019.0,27.0,1.9333333333333333,2018.0,26.0,6.233333333333333,2022.0,30.0,0.19166666666666665
Dwyane Wade,Full Advanced,All-Star,2009.0,27.0,30.4,2009.0,27.0,10.6,2009.0,27.0,14.7,2006.0,24.0,0.239,2010.0,28.0,28.0,2010.0,28.0,8.799999999999999,2010.0,28.0,13.5,2010.0,28.0,0.22466666666666668
Dyson Daniels,Full Advanced,Starter/Rotation,2025.0,21.0,15.6,2025.0,21.0,1.5,2025.0,21.0,5.0,2024.0,20.0,0.103,2025.0,21.0,13.799999999999999,2025.0,21.0,1.0499999999999998,2025.0,21.0,3.9499999999999997,2025.0,21.0,0.098
Dāvis Bertāns,Full Advanced,Role/Bench,2020.0,27.0,15.5,2018.0,25.0,1.6,2019.0,26.0,4.0,2018.0,25.0,0.135,2019.0,26.0,14.200000000000001,2017.0,24.0,1.4500000000000002,2020.0,27.0,3.5333333333333337,2017.0,24.0,0.135
E'Twaun Moore,Full Advanced,Role/Bench,2018.0,28.0,12.1,2018.0,28.0,-1.6,2018.0,28.0,4.4,2018.0,28.0,0.081,2018.0,28.0,11.9,2017.0,27.0,-1.7,2017.0,27.0,2.966666666666667,2017.0,27.0,0.07366666666666667
Earl Boykins,Full Advanced,Starter/Rotation,2003.0,26.0,17.6,2011.0,34.0,2.4,2005.0,28.0,6.0,2005.0,28.0,0.133,2004.0,27.0,16.966666666666665,2004.0,27.0,0.7666666666666666,2004.0,27.0,4.533333333333333,2004.0,27.0,0.12166666666666666
Earl Clark,Full Advanced,Role/Bench,2013.0,25.0,12.4,2013.0,25.0,-0.7,2013.0,25.0,2.3,2013.0,25.0,0.08,2014.0,26.0,10.75,2014.0,26.0,-1.6499999999999995,2014.0,26.0,1.2999999999999998,2014.0,26.0,0.05
Earl Watson,Full Advanced,Role/Bench,2003.0,23.0,14.6,2003.0,23.0,0.5,2008.0,28.0,2.9,2006.0,26.0,0.081,2007.0,27.0,14.233333333333333,2002.0,22.0,0.15,2007.0,27.0,2.533333333333333,2002.0,22.0,0.078
Ed Davis,Full Advanced,Role/Bench,2015.0,25.0,20.0,2016.0,26.0,1.9,2016.0,26.0,6.7,2016.0,26.0,0.192,2015.0,25.0,18.2,2015.0,25.0,0.7333333333333333,2015.0,25.0,5.2,2015.0,25.0,0.16166666666666668
Ed Pinckney,Full Advanced,Role/Bench,1994.0,30.0,14.5,1994.0,30.0,0.2,1994.0,30.0,4.0,1994.0,30.0,0.126,1995.0,31.0,13.233333333333334,1994.0,30.0,-0.24999999999999997,1995.0,31.0,3.1,1997.0,33.0,0.113
Eddie Griffin,Full Advanced,Role/Bench,2005.0,22.0,15.9,2003.0,20.0,0.9,2003.0,20.0,3.9,2005.0,22.0,0.102,2003.0,20.0,15.033333333333333,2003.0,20.0,0.06666666666666667,2003.0,20.0,3.1666666666666665,2003.0,20.0,0.08766666666666667
Eddie House,Full Advanced,Role/Bench,2005.0,26.0,15.8,2009.0,30.0,3.5,2009.0,30.0,4.9,2009.0,30.0,0.158,2006.0,27.0,15.333333333333334,2008.0,29.0,1.8,2008.0,29.0,3.5666666666666664,2008.0,29.0,0.12633333333333333
Eddie Johnson,Full Advanced,Role/Bench,1993.0,33.0,17.1,1993.0,33.0,-0.9,1993.0,33.0,4.8,1993.0,33.0,0.124,1993.0,33.0,16.5,1993.0,33.0,-0.9,1993.0,33.0,3.5999999999999996,1993.0,33.0,0.1015
Eddie Jones,Full Advanced,All-Star,2003.0,31.0,18.9,2003.0,31.0,5.0,2002.0,30.0,10.5,1998.0,26.0,0.166,1999.0,27.0,18.433333333333334,2002.0,30.0,4.5,1997.0,25.0,8.833333333333334,2002.0,30.0,0.16266666666666665
Eddie Robinson,Full Advanced,Role/Bench,2001.0,24.0,17.9,2001.0,24.0,2.6,2001.0,24.0,4.0,2001.0,24.0,0.159,2001.0,24.0,15.2,2001.0,24.0,0.15000000000000013,2002.0,25.0,2.1333333333333333,2001.0,24.0,0.087
Eddy Curry,Full Advanced,Role/Bench,2003.0,20.0,17.5,2005.0,22.0,-0.6,2007.0,24.0,4.7,2005.0,22.0,0.115,2006.0,23.0,16.766666666666666,2006.0,23.0,-1.5,2006.0,23.0,4.1000000000000005,2004.0,21.0,0.09599999999999999
Edmond Sumner,Full Advanced,Role/Bench,2023.0,27.0,14.0,2023.0,27.0,-2.6,2021.0,25.0,1.4,2023.0,27.0,0.086,2023.0,27.0,13.349999999999998,2023.0,27.0,-2.7,2023.0,27.0,1.3499999999999999,2023.0,27.0,0.08149999999999999
Eduardo Nájera,Full Advanced,Role/Bench,2002.0,25.0,14.8,2003.0,26.0,1.2,2007.0,30.0,4.8,2003.0,26.0,0.175,2002.0,25.0,14.533333333333333,2002.0,25.0,0.43333333333333335,2007.0,30.0,3.8666666666666667,2002.0,25.0,0.14566666666666664
Ekpe Udoh,Full Advanced,Role/Bench,2018.0,30.0,15.2,2018.0,30.0,3.1,2018.0,30.0,3.2,2018.0,30.0,0.187,2014.0,26.0,11.6,2018.0,30.0,-0.85,2014.0,26.0,1.9666666666666668,2014.0,26.0,0.09499999999999999
Elden Campbell,Full Advanced,Role/Bench,2002.0,33.0,19.5,2002.0,33.0,1.9,1996.0,27.0,8.2,2002.0,33.0,0.168,2001.0,32.0,18.0,2001.0,32.0,0.46666666666666673,1997.0,28.0,6.633333333333333,2001.0,32.0,0.14633333333333334
Eldridge Recasner,Full Advanced,Role/Bench,1998.0,30.0,13.0,1998.0,30.0,-0.4,1998.0,30.0,2.9,1997.0,29.0,0.099,1997.0,29.0,12.266666666666666,1997.0,29.0,-0.6,1997.0,29.0,2.6666666666666665,1996.0,28.0,0.099
Elfrid Payton,Full Advanced,Role/Bench,2017.0,22.0,17.2,2017.0,22.0,0.8,2017.0,22.0,4.4,2017.0,22.0,0.088,2018.0,23.0,15.9,2017.0,22.0,-0.19999999999999996,2017.0,22.0,3.1333333333333333,2018.0,23.0,0.07366666666666667
Elliot Perry,Full Advanced,Role/Bench,1995.0,25.0,17.3,1995.0,25.0,2.2,1995.0,25.0,5.2,1995.0,25.0,0.126,1996.0,26.0,16.233333333333334,1996.0,26.0,1.0,1996.0,26.0,3.8333333333333335,1996.0,26.0,0.10333333333333333
Elton Brand,Full Advanced,All-Star,2006.0,26.0,26.5,2006.0,26.0,6.7,2006.0,26.0,14.8,2006.0,26.0,0.229,2005.0,25.0,24.03333333333333,2006.0,26.0,4.833333333333333,2006.0,26.0,12.300000000000002,2006.0,26.0,0.19266666666666668
Emanual Davis,Full Advanced,Role/Bench,2001.0,32.0,11.8,2001.0,32.0,-0.4,2001.0,32.0,1.8,2001.0,32.0,0.067,1998.0,29.0,10.5,1998.0,29.0,-2.0,1998.0,29.0,1.05,1998.0,29.0,0.0445
Emeka Okafor,Full Advanced,Role/Bench,2007.0,24.0,20.1,2007.0,24.0,2.1,2009.0,26.0,8.2,2009.0,26.0,0.147,2008.0,25.0,18.5,2008.0,25.0,0.39999999999999997,2008.0,25.0,7.033333333333332,2008.0,25.0,0.13233333333333333
Emmanuel Mudiay,Full Advanced,Role/Bench,2019.0,22.0,14.6,2020.0,23.0,-1.9,2020.0,23.0,1.0,2020.0,23.0,0.057,2020.0,23.0,13.8,2020.0,23.0,-1.95,2020.0,23.0,0.9,2020.0,23.0,0.04
Enes Freedom,Full Advanced,Role/Bench,2016.0,23.0,24.0,2018.0,25.0,2.2,2016.0,23.0,8.1,2016.0,23.0,0.226,2017.0,24.0,23.900000000000002,2017.0,24.0,1.7,2017.0,24.0,7.133333333333333,2017.0,24.0,0.20233333333333334
Eric Bledsoe,Full Advanced,All-Star,2017.0,27.0,20.5,2017.0,27.0,3.6,2019.0,29.0,8.2,2019.0,29.0,0.173,2017.0,27.0,20.066666666666666,2017.0,27.0,3.1333333333333333,2019.0,29.0,6.399999999999999,2019.0,29.0,0.14866666666666667
Eric Gordon,Full Advanced,Role/Bench,2011.0,22.0,18.5,2011.0,22.0,2.0,2011.0,22.0,5.3,2011.0,22.0,0.12,2013.0,24.0,16.266666666666666,2010.0,21.0,0.2333333333333333,2010.0,21.0,4.366666666666666,2010.0,21.0,0.09033333333333333
Eric Maynor,Full Advanced,Role/Bench,2010.0,22.0,11.8,2011.0,23.0,-1.8,2010.0,22.0,1.9,2010.0,22.0,0.071,2010.0,22.0,11.75,2010.0,22.0,-1.8,2010.0,22.0,1.7,2010.0,22.0,0.066
Eric Mobley,Full Advanced,Role/Bench,1995.0,24.0,14.3,1995.0,24.0,-1.2,1995.0,24.0,1.3,1995.0,24.0,0.107,1995.0,24.0,11.850000000000001,1995.0,24.0,-3.15,1995.0,24.0,0.75,1995.0,24.0,0.061
Eric Montross,Full Advanced,Role/Bench,1995.0,23.0,12.1,1999.0,27.0,-2.4,1995.0,23.0,4.1,1999.0,27.0,0.106,1995.0,23.0,11.35,1995.0,23.0,-3.5,1995.0,23.0,2.6999999999999997,1995.0,23.0,0.064
Eric Murdock,Full Advanced,All-Star,1994.0,25.0,20.3,1994.0,25.0,4.0,1994.0,25.0,7.2,1998.0,29.0,0.139,1993.0,24.0,19.8,1993.0,24.0,3.45,1993.0,24.0,6.65,1993.0,24.0,0.129
Eric Paschall,Full Advanced,Role/Bench,2020.0,23.0,14.5,2022.0,25.0,-0.5,2020.0,23.0,2.1,2022.0,25.0,0.128,2020.0,23.0,13.95,2022.0,25.0,-1.6,2021.0,24.0,1.6666666666666667,2022.0,25.0,0.095
Eric Piatkowski,Full Advanced,Starter/Rotation,1997.0,26.0,18.2,1997.0,26.0,3.0,2001.0,30.0,5.5,1997.0,26.0,0.146,1998.0,27.0,16.333333333333332,1998.0,27.0,1.1666666666666667,2002.0,31.0,4.533333333333334,2002.0,31.0,0.12633333333333333
Eric Riley,Full Advanced,Role/Bench,1995.0,24.0,14.7,1995.0,24.0,-3.5,1995.0,24.0,0.6,1996.0,25.0,0.071,1995.0,24.0,13.35,1995.0,24.0,-3.65,1995.0,24.0,0.55,1995.0,24.0,0.067
Eric Snow,Full Advanced,Role/Bench,2003.0,29.0,15.6,2003.0,29.0,0.7,2003.0,29.0,8.4,2003.0,29.0,0.13,2002.0,28.0,14.733333333333334,2002.0,28.0,0.4333333333333333,2003.0,29.0,6.466666666666666,2002.0,28.0,0.118
Eric Williams,Full Advanced,Role/Bench,1997.0,24.0,13.3,2003.0,30.0,-0.9,2003.0,30.0,6.0,2003.0,30.0,0.123,1996.0,23.0,13.3,2004.0,31.0,-1.5333333333333332,2003.0,30.0,3.766666666666666,2004.0,31.0,0.09233333333333334
Erick Dampier,Full Advanced,Role/Bench,2004.0,28.0,20.1,2008.0,32.0,1.1,2004.0,28.0,8.9,2004.0,28.0,0.178,2004.0,28.0,17.033333333333335,2008.0,32.0,0.6333333333333334,2008.0,32.0,6.166666666666667,2008.0,32.0,0.16200000000000003
Erick Strickland,Full Advanced,Role/Bench,1999.0,25.0,18.0,1999.0,25.0,1.8,2002.0,28.0,3.8,1999.0,25.0,0.112,2001.0,27.0,13.866666666666667,2001.0,27.0,0.0,2002.0,28.0,2.4333333333333336,2003.0,29.0,0.09366666666666668
Ersan İlyasova,Full Advanced,Role/Bench,2012.0,24.0,20.5,2013.0,25.0,2.0,2013.0,25.0,6.7,2012.0,24.0,0.185,2012.0,24.0,17.700000000000003,2012.0,24.0,1.0999999999999999,2012.0,24.0,5.633333333333333,2012.0,24.0,0.155
Ervin Johnson,Full Advanced,Role/Bench,1998.0,30.0,15.6,1998.0,30.0,0.3,1998.0,30.0,6.4,1999.0,31.0,0.14,1998.0,30.0,14.799999999999999,1998.0,30.0,-0.30000000000000004,1997.0,29.0,5.166666666666667,1999.0,31.0,0.133
Etan Thomas,Full Advanced,Role/Bench,2004.0,25.0,16.4,2004.0,25.0,-1.1,2004.0,25.0,4.5,2002.0,23.0,0.127,2003.0,24.0,15.966666666666667,2003.0,24.0,-1.7666666666666668,2005.0,26.0,2.8666666666666667,2002.0,23.0,0.126
Evan Fournier,Full Advanced,Role/Bench,2021.0,28.0,16.7,2021.0,28.0,1.1,2016.0,23.0,5.7,2013.0,20.0,0.115,2020.0,27.0,15.133333333333335,2021.0,28.0,0.46666666666666656,2017.0,24.0,3.9333333333333336,2021.0,28.0,0.09599999999999999
Evan Mobley,Full Advanced,All-Star,2025.0,23.0,22.3,2025.0,23.0,4.6,2025.0,23.0,9.0,2025.0,23.0,0.2,2025.0,23.0,21.2,2025.0,23.0,3.7499999999999996,2024.0,22.0,7.666666666666667,2025.0,23.0,0.187
Evan Turner,Full Advanced,Role/Bench,2016.0,27.0,13.6,2016.0,27.0,0.0,2016.0,27.0,4.0,2016.0,27.0,0.085,2015.0,26.0,12.933333333333332,2016.0,27.0,-1.1666666666666667,2015.0,26.0,2.6333333333333333,2011.0,22.0,0.064
Fabricio Oberto,Full Advanced,Role/Bench,2008.0,32.0,13.8,2008.0,32.0,0.4,2008.0,32.0,6.1,2008.0,32.0,0.178,2007.0,31.0,12.850000000000001,2007.0,31.0,-0.45,2007.0,31.0,5.1,2007.0,31.0,0.16099999999999998
Felton Spencer,Full Advanced,Role/Bench,1995.0,27.0,12.3,1994.0,26.0,-3.1,1994.0,26.0,4.7,1995.0,27.0,0.104,1995.0,27.0,11.466666666666667,1995.0,27.0,-3.6,1995.0,27.0,3.033333333333333,1995.0,27.0,0.09833333333333333
Festus Ezeli,Full Advanced,Role/Bench,2016.0,26.0,17.7,2016.0,26.0,-0.1,2016.0,26.0,2.7,2016.0,26.0,0.171,2016.0,26.0,16.950000000000003,2016.0,26.0,-0.95,2016.0,26.0,2.2,2016.0,26.0,0.165
Francisco Elson,Full Advanced,Role/Bench,2007.0,30.0,11.2,2007.0,30.0,-1.6,2007.0,30.0,3.1,2007.0,30.0,0.111,2004.0,27.0,10.95,2006.0,29.0,-2.1,2006.0,29.0,2.533333333333333,2006.0,29.0,0.09300000000000001
Francisco García,Full Advanced,Role/Bench,2008.0,26.0,15.1,2011.0,29.0,1.0,2008.0,26.0,4.2,2011.0,29.0,0.104,2009.0,27.0,13.866666666666667,2010.0,28.0,0.3333333333333333,2008.0,26.0,3.0,2010.0,28.0,0.081
Frank Brickowski,Full Advanced,Role/Bench,1993.0,33.0,17.0,1993.0,33.0,0.0,1993.0,33.0,3.7,1993.0,33.0,0.085,1993.0,33.0,15.65,1993.0,33.0,-0.75,1993.0,33.0,3.2,1994.0,34.0,0.07433333333333333
Frank Jackson,Full Advanced,Role/Bench,2021.0,22.0,13.2,2021.0,22.0,-1.7,2021.0,22.0,1.2,2021.0,22.0,0.076,2022.0,23.0,11.9,2022.0,23.0,-2.5999999999999996,2022.0,23.0,0.9499999999999998,2022.0,23.0,0.0535
Frank Kaminsky,Full Advanced,Role/Bench,2019.0,25.0,16.8,2021.0,27.0,1.3,2018.0,24.0,3.6,2021.0,27.0,0.133,2020.0,26.0,15.600000000000001,2021.0,27.0,0.4,2017.0,23.0,3.0666666666666664,2020.0,26.0,0.11133333333333333
Frank Ntilikina,Full Advanced,Role/Bench,2022.0,23.0,10.4,2022.0,23.0,-1.9,2022.0,23.0,0.9,2022.0,23.0,0.065,2020.0,21.0,8.733333333333334,2020.0,21.0,-3.6999999999999997,2022.0,23.0,0.5666666666666667,2022.0,23.0,0.030666666666666672
Franz Wagner,Full Advanced,Role/Bench,2025.0,23.0,20.1,2025.0,23.0,3.1,2024.0,22.0,6.4,2025.0,23.0,0.133,2025.0,23.0,18.85,2025.0,23.0,2.15,2025.0,23.0,5.999999999999999,2025.0,23.0,0.132
Fred Hoiberg,Full Advanced,All-Star,2005.0,32.0,16.7,2005.0,32.0,4.1,2004.0,31.0,6.1,2005.0,32.0,0.196,2005.0,32.0,15.150000000000002,2005.0,32.0,3.05,2005.0,32.0,5.6499999999999995,2005.0,32.0,0.17950000000000002
Fred Jones,Full Advanced,Role/Bench,2005.0,25.0,13.3,2005.0,25.0,0.3,2005.0,25.0,4.8,2004.0,24.0,0.126,2004.0,24.0,12.55,2004.0,24.0,0.25,2004.0,24.0,4.4,2004.0,24.0,0.11399999999999999
Fred VanVleet,Full Advanced,All-Star,2022.0,27.0,17.3,2022.0,27.0,3.6,2024.0,29.0,8.4,2024.0,29.0,0.15,2022.0,27.0,17.033333333333335,2023.0,28.0,3.1666666666666665,2023.0,28.0,7.2,2019.0,24.0,0.13699999999999998
Furkan Korkmaz,Full Advanced,Role/Bench,2021.0,23.0,12.8,2021.0,23.0,-0.1,2020.0,22.0,2.8,2021.0,23.0,0.092,2020.0,22.0,12.1,2020.0,22.0,-1.0666666666666667,2021.0,23.0,2.0,2020.0,22.0,0.08533333333333333
Gabe Vincent,Full Advanced,Role/Bench,2022.0,25.0,10.6,2022.0,25.0,-1.4,2022.0,25.0,2.5,2022.0,25.0,0.076,2021.0,24.0,9.1,2023.0,26.0,-2.9333333333333336,2023.0,26.0,1.7333333333333334,2023.0,26.0,0.051
Garrett Temple,Full Advanced,Role/Bench,2017.0,30.0,11.2,2015.0,28.0,0.6,2016.0,29.0,2.7,2015.0,28.0,0.1,2016.0,29.0,10.466666666666667,2016.0,29.0,-0.7666666666666666,2016.0,29.0,2.1333333333333333,2016.0,29.0,0.07566666666666667
Garrison Mathews,Full Advanced,Role/Bench,2025.0,28.0,11.2,2025.0,28.0,-1.6,2022.0,25.0,2.8,2021.0,24.0,0.108,2021.0,24.0,10.35,2021.0,24.0,-2.05,2021.0,24.0,2.55,2021.0,24.0,0.0925
Gary Clark,Full Advanced,Role/Bench,2020.0,25.0,10.7,2019.0,24.0,-0.7,2020.0,25.0,1.2,2020.0,25.0,0.1,2019.0,24.0,9.95,2019.0,24.0,-1.2999999999999998,2019.0,24.0,1.1,2019.0,24.0,0.08549999999999999
Gary Grant,Full Advanced,Role/Bench,1998.0,32.0,16.1,1998.0,32.0,1.8,1993.0,27.0,1.6,1998.0,32.0,0.147,1995.0,29.0,14.133333333333333,1998.0,32.0,-0.15000000000000008,1993.0,27.0,1.4500000000000002,1997.0,31.0,0.10299999999999998
Gary Harris,Full Advanced,Role/Bench,2018.0,23.0,16.5,2018.0,23.0,0.8,2018.0,23.0,5.5,2017.0,22.0,0.124,2017.0,22.0,15.233333333333334,2017.0,22.0,0.19999999999999998,2017.0,22.0,4.7,2017.0,22.0,0.10566666666666667
Gary Neal,Full Advanced,Role/Bench,2012.0,27.0,14.2,2012.0,27.0,-0.1,2011.0,26.0,3.5,2012.0,27.0,0.101,2011.0,26.0,13.649999999999999,2011.0,26.0,-0.2,2011.0,26.0,3.0,2011.0,26.0,0.1
Gary Payton,Full Advanced,All-Star,1999.0,30.0,23.1,1997.0,28.0,5.5,1997.0,28.0,12.9,1997.0,28.0,0.193,2001.0,32.0,22.7,1998.0,29.0,5.233333333333333,1997.0,28.0,12.299999999999999,1997.0,28.0,0.18566666666666665
Gary Payton II,Full Advanced,Starter/Rotation,2022.0,29.0,17.8,2022.0,29.0,3.7,2022.0,29.0,5.2,2022.0,29.0,0.199,2025.0,32.0,15.050000000000002,2023.0,30.0,1.6333333333333335,2020.0,27.0,2.85,2023.0,30.0,0.14966666666666667
Gary Trent,Full Advanced,Role/Bench,1999.0,24.0,20.8,1999.0,24.0,1.2,1997.0,22.0,5.5,1999.0,24.0,0.14,1998.0,23.0,17.933333333333334,1998.0,23.0,0.16666666666666666,1998.0,23.0,4.2,2002.0,27.0,0.131
Gary Trent Jr.,Full Advanced,Role/Bench,2023.0,24.0,15.0,2022.0,23.0,0.2,2022.0,23.0,5.6,2022.0,23.0,0.11,2022.0,23.0,13.933333333333332,2022.0,23.0,-0.6333333333333333,2022.0,23.0,3.9333333333333336,2022.0,23.0,0.08566666666666667
George Hill,Full Advanced,Role/Bench,2015.0,28.0,21.5,2015.0,28.0,5.3,2013.0,26.0,9.7,2020.0,33.0,0.21,2016.0,29.0,18.0,2014.0,27.0,3.4,2014.0,27.0,7.633333333333333,2014.0,27.0,0.17800000000000002
George Lynch,Full Advanced,Role/Bench,1998.0,27.0,16.8,2003.0,32.0,0.9,2001.0,30.0,6.5,2001.0,30.0,0.118,1998.0,27.0,15.0,1999.0,28.0,0.3,1999.0,28.0,3.8666666666666667,1999.0,28.0,0.09766666666666667
George McCloud,Full Advanced,Role/Bench,1995.0,27.0,17.0,1995.0,27.0,1.5,1996.0,28.0,5.8,1995.0,27.0,0.137,1996.0,28.0,15.9,1996.0,28.0,1.0666666666666667,1997.0,29.0,3.8000000000000003,1996.0,28.0,0.11233333333333334
Georges Niang,Full Advanced,Role/Bench,2020.0,26.0,11.7,2020.0,26.0,-0.1,2025.0,31.0,2.9,2021.0,27.0,0.108,2020.0,26.0,11.55,2020.0,26.0,-0.2,2025.0,31.0,2.6499999999999995,2020.0,26.0,0.1
Gerald Green,Full Advanced,Role/Bench,2014.0,28.0,16.5,2014.0,28.0,1.4,2014.0,28.0,6.1,2014.0,28.0,0.126,2013.0,27.0,14.066666666666668,2013.0,27.0,-0.10000000000000002,2015.0,29.0,3.233333333333333,2013.0,27.0,0.08466666666666667
Gerald Henderson,Full Advanced,Role/Bench,2013.0,25.0,16.4,2013.0,25.0,-1.1,2015.0,27.0,3.6,2015.0,27.0,0.074,2012.0,24.0,14.533333333333331,2014.0,26.0,-1.3333333333333333,2014.0,26.0,3.5,2014.0,26.0,0.07266666666666666
Gerald Wallace,Full Advanced,All-Star,2006.0,23.0,21.3,2006.0,23.0,4.9,2010.0,27.0,11.5,2010.0,27.0,0.177,2007.0,24.0,19.53333333333333,2007.0,24.0,3.566666666666667,2010.0,27.0,9.066666666666666,2010.0,27.0,0.15333333333333332
Gerald Wilkins,Full Advanced,Role/Bench,1994.0,30.0,14.9,1994.0,30.0,1.1,1994.0,30.0,6.8,1994.0,30.0,0.118,1993.0,29.0,13.9,1993.0,29.0,-0.55,1993.0,29.0,5.15,1993.0,29.0,0.099
Gheorghe Mureșan,Full Advanced,Role/Bench,1996.0,24.0,21.0,1996.0,24.0,1.6,1996.0,24.0,8.0,1996.0,24.0,0.172,1997.0,25.0,18.849999999999998,1997.0,25.0,0.45,1997.0,25.0,6.65,1997.0,25.0,0.1555
Giannis Antetokounmpo,Full Advanced,Elite,2022.0,27.0,32.1,2020.0,25.0,11.5,2019.0,24.0,14.4,2019.0,24.0,0.292,2021.0,26.0,31.066666666666663,2021.0,26.0,10.566666666666665,2018.0,23.0,12.9,2020.0,25.0,0.27166666666666667
Gilbert Arenas,Full Advanced,Starter/Rotation,2007.0,25.0,24.0,2006.0,24.0,5.4,2006.0,24.0,13.6,2006.0,24.0,0.193,2006.0,24.0,23.03333333333333,2006.0,24.0,4.766666666666667,2006.0,24.0,11.966666666666667,2006.0,24.0,0.17966666666666667
Glen Davis,Full Advanced,Role/Bench,2013.0,27.0,15.0,2011.0,25.0,-1.9,2011.0,25.0,4.9,2008.0,22.0,0.128,2013.0,27.0,13.766666666666666,2012.0,26.0,-2.3333333333333335,2010.0,24.0,3.4000000000000004,2008.0,22.0,0.118
Glen Rice,Full Advanced,Starter/Rotation,1995.0,27.0,19.7,1995.0,27.0,3.3,1997.0,29.0,10.8,1994.0,26.0,0.163,1996.0,28.0,19.066666666666666,1995.0,27.0,2.466666666666667,1996.0,28.0,9.700000000000001,1995.0,27.0,0.1496666666666667
Glenn Robinson,Full Advanced,Starter/Rotation,2001.0,28.0,20.1,1999.0,26.0,1.9,2001.0,28.0,6.7,1999.0,26.0,0.122,2001.0,28.0,19.633333333333333,2001.0,28.0,1.1666666666666667,2001.0,28.0,5.133333333333334,2001.0,28.0,0.11066666666666668
Glenn Robinson III,Full Advanced,Role/Bench,2020.0,26.0,13.3,2017.0,23.0,-0.3,2020.0,26.0,2.9,2018.0,24.0,0.088,2016.0,22.0,11.45,2017.0,23.0,-0.7000000000000001,2016.0,22.0,1.65,2017.0,23.0,0.08366666666666667
Goga Bitadze,Full Advanced,All-Star,2025.0,25.0,19.2,2025.0,25.0,2.5,2025.0,25.0,5.8,2025.0,25.0,0.195,2025.0,25.0,18.5,2025.0,25.0,2.3000000000000003,2025.0,25.0,4.750000000000001,2025.0,25.0,0.1905
Goran Dragić,Full Advanced,Role/Bench,2014.0,27.0,21.4,2014.0,27.0,3.9,2014.0,27.0,10.3,2014.0,27.0,0.186,2013.0,26.0,18.966666666666665,2013.0,26.0,2.4,2014.0,27.0,7.6000000000000005,2013.0,26.0,0.1436666666666667
Gordan Giriček,Full Advanced,Role/Bench,2004.0,26.0,13.2,2007.0,29.0,-1.4,2004.0,26.0,2.4,2007.0,29.0,0.076,2004.0,26.0,12.733333333333334,2004.0,26.0,-2.066666666666667,2003.0,25.0,2.0,2008.0,30.0,0.0525
Gordon Hayward,Full Advanced,All-Star,2017.0,26.0,22.2,2017.0,26.0,5.0,2017.0,26.0,10.4,2017.0,26.0,0.199,2016.0,25.0,20.23333333333333,2016.0,25.0,3.866666666666667,2016.0,25.0,9.333333333333334,2016.0,25.0,0.16833333333333333
Gorgui Dieng,Full Advanced,Role/Bench,2021.0,31.0,19.2,2021.0,31.0,3.4,2016.0,26.0,5.9,2021.0,31.0,0.185,2020.0,30.0,18.133333333333336,2020.0,30.0,1.8333333333333333,2016.0,26.0,5.5,2020.0,30.0,0.1486666666666667
Grant Hill,Full Advanced,All-Star,1997.0,24.0,25.5,1997.0,24.0,8.2,1997.0,24.0,14.6,1997.0,24.0,0.223,1998.0,25.0,23.53333333333333,1998.0,25.0,6.366666666666667,1997.0,24.0,12.166666666666666,1998.0,25.0,0.18699999999999997
Grant Long,Full Advanced,Role/Bench,1996.0,29.0,16.2,1999.0,32.0,1.5,1996.0,29.0,8.4,1999.0,32.0,0.17,1995.0,28.0,14.833333333333334,1993.0,26.0,0.3,1995.0,28.0,6.7,1998.0,31.0,0.127
Grant Williams,Full Advanced,Role/Bench,2022.0,23.0,11.2,2022.0,23.0,-0.4,2022.0,23.0,5.1,2022.0,23.0,0.13,2023.0,24.0,10.700000000000001,2023.0,24.0,-1.3666666666666665,2023.0,24.0,4.033333333333333,2023.0,24.0,0.09766666666666667
Grayson Allen,Full Advanced,Role/Bench,2024.0,28.0,13.8,2024.0,28.0,1.3,2024.0,28.0,6.9,2024.0,28.0,0.132,2025.0,29.0,13.749999999999998,2023.0,27.0,0.6,2023.0,27.0,5.400000000000001,2023.0,27.0,0.12166666666666666
Greg Anderson,Full Advanced,Role/Bench,1994.0,29.0,14.6,1994.0,29.0,-1.6,1994.0,29.0,3.4,1995.0,30.0,0.118,1994.0,29.0,13.6,1994.0,29.0,-1.9000000000000001,1994.0,29.0,2.45,1994.0,29.0,0.1095
Greg Anthony,Full Advanced,All-Star,1996.0,28.0,18.6,1999.0,31.0,4.1,1994.0,26.0,5.5,1999.0,31.0,0.165,1997.0,29.0,17.333333333333332,1998.0,30.0,2.6999999999999997,1993.0,25.0,5.05,1994.0,26.0,0.1366666666666667
Greg Buckner,Full Advanced,Role/Bench,2005.0,28.0,13.7,2005.0,28.0,1.4,2005.0,28.0,4.8,2005.0,28.0,0.153,2001.0,24.0,12.7,2006.0,29.0,0.06666666666666665,2006.0,29.0,3.6,2001.0,24.0,0.122
Greg Foster,Full Advanced,Role/Bench,1995.0,26.0,10.1,1998.0,29.0,-4.9,1998.0,29.0,1.3,1997.0,28.0,0.054,1995.0,26.0,9.55,1997.0,28.0,-5.300000000000001,1997.0,28.0,0.9666666666666667,1997.0,28.0,0.04466666666666667
Greg Graham,Full Advanced,Role/Bench,1994.0,23.0,11.4,1996.0,25.0,-2.4,1996.0,25.0,0.8,1996.0,25.0,0.06,1995.0,24.0,10.666666666666666,1996.0,25.0,-3.3499999999999996,1996.0,25.0,0.55,1996.0,25.0,0.039999999999999994
Greg Minor,Full Advanced,Role/Bench,1995.0,23.0,14.7,1995.0,23.0,0.2,1996.0,24.0,3.0,1995.0,23.0,0.106,1995.0,23.0,14.35,1995.0,23.0,-0.7000000000000001,1995.0,23.0,2.55,1995.0,23.0,0.094
Greg Monroe,Full Advanced,All-Star,2012.0,21.0,22.0,2012.0,21.0,2.9,2016.0,25.0,7.5,2012.0,21.0,0.161,2017.0,26.0,21.366666666666664,2017.0,26.0,2.033333333333333,2011.0,20.0,6.8,2017.0,26.0,0.15233333333333332
Greg Ostertag,Full Advanced,Role/Bench,1997.0,23.0,15.3,1999.0,25.0,0.8,1997.0,23.0,5.9,1997.0,23.0,0.156,1996.0,22.0,14.25,1998.0,24.0,-0.20000000000000004,1998.0,24.0,3.966666666666667,1996.0,22.0,0.13
Greg Stiemsma,Full Advanced,Role/Bench,2012.0,26.0,13.6,2012.0,26.0,1.4,2012.0,26.0,2.7,2012.0,26.0,0.17,2012.0,26.0,12.05,2012.0,26.0,-0.7,2012.0,26.0,2.2,2012.0,26.0,0.11950000000000001
Greivis Vásquez,Full Advanced,Role/Bench,2013.0,26.0,16.3,2014.0,27.0,-0.4,2013.0,26.0,3.8,2014.0,27.0,0.097,2013.0,26.0,14.866666666666667,2014.0,27.0,-0.6,2014.0,27.0,3.4,2014.0,27.0,0.07666666666666667
Gustavo Ayón,Full Advanced,Role/Bench,2012.0,26.0,16.7,2012.0,26.0,2.5,2012.0,26.0,3.2,2012.0,26.0,0.142,2012.0,26.0,14.75,2012.0,26.0,0.4,2012.0,26.0,2.2,2012.0,26.0,0.10949999999999999
Hakeem Olajuwon,Full Advanced,All-Star,1993.0,30.0,27.3,1993.0,30.0,7.5,1993.0,30.0,15.8,1993.0,30.0,0.234,1993.0,30.0,26.3,1993.0,30.0,7.15,1993.0,30.0,15.05,1993.0,30.0,0.222
Hakim Warrick,Full Advanced,Role/Bench,2009.0,26.0,16.9,2009.0,26.0,-0.7,2009.0,26.0,4.7,2010.0,27.0,0.124,2010.0,27.0,16.333333333333332,2010.0,27.0,-1.0,2010.0,27.0,4.033333333333333,2010.0,27.0,0.11699999999999999
Hamidou Diallo,Full Advanced,Role/Bench,2022.0,23.0,15.7,2022.0,23.0,-0.5,2022.0,23.0,2.1,2022.0,23.0,0.079,2023.0,24.0,15.7,2023.0,24.0,-0.95,2023.0,24.0,1.7,2023.0,24.0,0.07100000000000001
Harold Miner,Full Advanced,Role/Bench,1993.0,21.0,14.3,1994.0,22.0,-1.6,1994.0,22.0,2.7,1994.0,22.0,0.094,1993.0,21.0,14.15,1993.0,21.0,-1.8,1993.0,21.0,2.35,1993.0,21.0,0.0815
Harrison Barnes,Full Advanced,Role/Bench,2017.0,24.0,16.3,2022.0,29.0,0.2,2015.0,22.0,6.7,2015.0,22.0,0.139,2022.0,29.0,15.066666666666668,2022.0,29.0,-0.19999999999999998,2023.0,30.0,5.733333333333333,2016.0,23.0,0.111
Harvey Grant,Full Advanced,Role/Bench,1993.0,27.0,16.1,1995.0,29.0,-0.2,1993.0,27.0,5.0,1995.0,29.0,0.108,1993.0,27.0,14.200000000000001,1994.0,28.0,-0.5666666666666667,1993.0,27.0,4.45,1994.0,28.0,0.09566666666666666
Hassan Whiteside,Full Advanced,All-Star,2015.0,25.0,26.2,2016.0,26.0,4.1,2016.0,26.0,10.3,2022.0,32.0,0.238,2015.0,25.0,25.9,2015.0,25.0,4.1,2017.0,27.0,8.366666666666667,2015.0,25.0,0.227
Haywood Highsmith,Full Advanced,Role/Bench,2024.0,27.0,11.1,2024.0,27.0,-0.7,2025.0,28.0,3.3,2024.0,27.0,0.108,2025.0,28.0,10.5,2025.0,28.0,-1.3,2025.0,28.0,3.1999999999999997,2025.0,28.0,0.098
Haywoode Workman,Full Advanced,Role/Bench,1999.0,33.0,14.1,1995.0,29.0,0.6,1994.0,28.0,2.8,1999.0,33.0,0.091,1994.0,28.0,12.5,1994.0,28.0,0.09999999999999998,1994.0,28.0,2.3499999999999996,1994.0,28.0,0.08399999999999999
Hedo Türkoğlu,Full Advanced,Starter/Rotation,2008.0,28.0,17.8,2008.0,28.0,2.7,2008.0,28.0,9.0,2004.0,24.0,0.155,2007.0,27.0,16.23333333333333,2005.0,25.0,1.7333333333333332,2007.0,27.0,7.166666666666667,2007.0,27.0,0.12933333333333333
Henry Walker,Full Advanced,Role/Bench,2010.0,22.0,14.6,2010.0,22.0,-0.5,2010.0,22.0,1.9,2010.0,22.0,0.121,2010.0,22.0,12.95,2010.0,22.0,-1.15,2010.0,22.0,1.5,2010.0,22.0,0.095
Herb Williams,Full Advanced,Role/Bench,1994.0,35.0,10.4,1993.0,34.0,-1.3,1994.0,35.0,1.6,1994.0,35.0,0.098,1993.0,34.0,10.25,1993.0,34.0,-2.0,1993.0,34.0,1.35,1993.0,34.0,0.0965
Herbert Jones,Full Advanced,Role/Bench,2024.0,25.0,13.2,2024.0,25.0,0.6,2024.0,25.0,6.3,2024.0,25.0,0.131,2023.0,24.0,12.533333333333333,2023.0,24.0,-0.06666666666666665,2023.0,24.0,5.033333333333333,2023.0,24.0,0.11033333333333334
Hersey Hawkins,Full Advanced,All-Star,1993.0,26.0,18.3,1997.0,30.0,4.2,1997.0,30.0,10.9,1997.0,30.0,0.19,1993.0,26.0,16.95,1997.0,30.0,3.3666666666666667,1996.0,29.0,9.700000000000001,1997.0,30.0,0.16966666666666666
Hilton Armstrong,Full Advanced,Role/Bench,2007.0,22.0,12.2,2007.0,22.0,-2.6,2009.0,24.0,1.5,2007.0,22.0,0.091,2008.0,23.0,10.2,2008.0,23.0,-4.066666666666666,2008.0,23.0,1.0666666666666667,2008.0,23.0,0.06366666666666666
Hollis Thompson,Full Advanced,Role/Bench,2015.0,23.0,10.9,2015.0,23.0,-1.8,2015.0,23.0,2.6,2015.0,23.0,0.07,2014.0,22.0,10.2,2014.0,22.0,-2.5,2014.0,22.0,2.3,2014.0,22.0,0.0625
Horace Grant,Full Advanced,Starter/Rotation,1994.0,28.0,19.8,1994.0,28.0,4.0,1994.0,28.0,10.0,1994.0,28.0,0.188,1993.0,27.0,18.65,1993.0,27.0,2.9,1993.0,27.0,9.55,1995.0,29.0,0.17533333333333334
Hot Rod Williams,Full Advanced,Role/Bench,1994.0,31.0,16.2,1994.0,31.0,1.5,1994.0,31.0,7.4,1998.0,35.0,0.135,1993.0,30.0,14.95,1994.0,31.0,0.7333333333333334,1993.0,30.0,5.95,1993.0,30.0,0.1195
Howard Eisley,Full Advanced,Role/Bench,2003.0,30.0,14.1,2003.0,30.0,0.4,2003.0,30.0,4.5,2003.0,30.0,0.097,1999.0,26.0,12.333333333333334,1999.0,26.0,-1.0,1999.0,26.0,2.866666666666667,1999.0,26.0,0.07633333333333332
Hubert Davis,Full Advanced,Role/Bench,1996.0,25.0,14.8,1995.0,24.0,2.1,1996.0,25.0,5.6,1994.0,23.0,0.152,1995.0,24.0,14.5,1995.0,24.0,1.7666666666666666,1995.0,24.0,4.866666666666667,1995.0,24.0,0.14633333333333334
Ian Clark,Full Advanced,Role/Bench,2017.0,25.0,13.1,2017.0,25.0,-1.5,2017.0,25.0,2.3,2017.0,25.0,0.099,2017.0,25.0,11.25,2017.0,25.0,-2.5,2017.0,25.0,1.7,2017.0,25.0,0.068
Ian Mahinmi,Full Advanced,Role/Bench,2016.0,29.0,16.6,2016.0,29.0,0.9,2016.0,29.0,6.2,2016.0,29.0,0.163,2017.0,30.0,14.299999999999999,2015.0,28.0,-0.9666666666666668,2015.0,28.0,3.866666666666667,2015.0,28.0,0.12733333333333333
Ike Diogu,Full Advanced,Role/Bench,2008.0,24.0,17.2,2006.0,22.0,-2.2,2006.0,22.0,2.6,2006.0,22.0,0.123,2007.0,23.0,15.966666666666667,2006.0,22.0,-2.8,2006.0,22.0,2.05,2007.0,23.0,0.11066666666666668
Iman Shumpert,Full Advanced,Role/Bench,2013.0,22.0,11.7,2013.0,22.0,-0.1,2012.0,21.0,2.4,2013.0,22.0,0.094,2012.0,21.0,11.25,2012.0,21.0,-0.75,2012.0,21.0,2.15,2012.0,21.0,0.081
Ime Udoka,Full Advanced,Role/Bench,2007.0,29.0,12.1,2007.0,29.0,0.2,2007.0,29.0,3.9,2008.0,30.0,0.102,2007.0,29.0,11.8,2007.0,29.0,0.2,2007.0,29.0,3.3499999999999996,2007.0,29.0,0.095
Immanuel Quickley,Full Advanced,Starter/Rotation,2025.0,25.0,17.5,2025.0,25.0,2.2,2023.0,23.0,6.7,2023.0,23.0,0.137,2025.0,25.0,17.1,2025.0,25.0,1.75,2023.0,23.0,5.2,2024.0,24.0,0.12666666666666668
Ira Newble,Full Advanced,Role/Bench,2003.0,28.0,11.7,2003.0,28.0,-1.2,2003.0,28.0,3.3,2002.0,27.0,0.089,2002.0,27.0,11.6,2002.0,27.0,-1.35,2002.0,27.0,2.8,2002.0,27.0,0.08499999999999999
Isaac Austin,Full Advanced,Role/Bench,1998.0,28.0,16.3,1998.0,28.0,-1.3,1997.0,27.0,4.0,1997.0,27.0,0.102,1997.0,27.0,15.25,1997.0,27.0,-1.5,1997.0,27.0,3.8,1997.0,27.0,0.0895
Isaac Okoro,Full Advanced,Role/Bench,2024.0,23.0,11.4,2023.0,22.0,-0.3,2023.0,22.0,4.2,2023.0,22.0,0.122,2025.0,24.0,11.049999999999999,2024.0,23.0,-0.6333333333333334,2023.0,22.0,4.2,2024.0,23.0,0.11433333333333333
Isaiah Canaan,Full Advanced,Role/Bench,2018.0,26.0,13.5,2015.0,23.0,-0.8,2016.0,24.0,1.4,2015.0,23.0,0.072,2015.0,23.0,11.0,2016.0,24.0,-2.1666666666666665,2016.0,24.0,1.0999999999999999,2014.0,22.0,0.0515
Isaiah Hartenstein,Full Advanced,All-Star,2022.0,23.0,22.0,2022.0,23.0,4.5,2024.0,25.0,8.1,2022.0,23.0,0.215,2021.0,22.0,19.5,2025.0,26.0,3.35,2025.0,26.0,7.450000000000001,2025.0,26.0,0.20450000000000002
Isaiah Jackson,Full Advanced,Role/Bench,2024.0,22.0,21.5,2024.0,22.0,1.7,2024.0,22.0,3.3,2024.0,22.0,0.204,2023.0,21.0,19.833333333333332,2024.0,22.0,0.44999999999999996,2024.0,22.0,3.0,2024.0,22.0,0.16399999999999998
Isaiah Joe,Full Advanced,Starter/Rotation,2023.0,23.0,14.5,2025.0,25.0,1.3,2025.0,25.0,5.1,2025.0,25.0,0.153,2024.0,24.0,13.966666666666667,2025.0,25.0,1.1,2025.0,25.0,4.3,2025.0,25.0,0.1345
Isaiah Rider,Full Advanced,Role/Bench,1995.0,23.0,15.6,1998.0,26.0,0.1,1998.0,26.0,5.8,1998.0,26.0,0.099,1995.0,23.0,15.133333333333333,1997.0,25.0,-0.5,1997.0,25.0,4.733333333333333,1998.0,26.0,0.09266666666666667
Isaiah Roby,Full Advanced,Role/Bench,2022.0,23.0,18.3,2022.0,23.0,0.6,2022.0,23.0,2.9,2022.0,23.0,0.147,2021.0,22.0,15.100000000000001,2021.0,22.0,-1.3499999999999999,2021.0,22.0,2.1,2021.0,22.0,0.095
Isaiah Stewart,Full Advanced,Role/Bench,2021.0,19.0,16.4,2025.0,23.0,0.6,2025.0,23.0,4.3,2025.0,23.0,0.144,2021.0,19.0,15.2,2025.0,23.0,-0.8499999999999999,2021.0,19.0,3.7,2021.0,19.0,0.1115
Isaiah Thomas,Full Advanced,All-Star,2017.0,27.0,26.5,2017.0,27.0,6.7,2017.0,27.0,12.5,2017.0,27.0,0.234,2016.0,26.0,22.866666666666664,2016.0,26.0,4.733333333333333,2016.0,26.0,9.433333333333332,2016.0,26.0,0.19333333333333336
Ish Smith,Full Advanced,Role/Bench,2018.0,29.0,15.4,2017.0,28.0,0.3,2018.0,29.0,4.4,2018.0,29.0,0.102,2017.0,28.0,15.0,2017.0,28.0,-0.43333333333333335,2018.0,29.0,3.0666666666666664,2018.0,29.0,0.08066666666666666
Ivica Zubac,Full Advanced,Role/Bench,2025.0,27.0,22.3,2025.0,27.0,3.1,2025.0,27.0,11.7,2020.0,22.0,0.241,2025.0,27.0,20.799999999999997,2025.0,27.0,1.95,2025.0,27.0,9.25,2021.0,23.0,0.21133333333333335
J.J. Barea,Full Advanced,Role/Bench,2018.0,33.0,17.8,2017.0,32.0,1.5,2018.0,33.0,3.3,2018.0,33.0,0.098,2018.0,33.0,17.099999999999998,2017.0,32.0,0.9,2010.0,25.0,2.5333333333333337,2017.0,32.0,0.08666666666666667
J.J. Hickson,Full Advanced,Role/Bench,2013.0,24.0,19.7,2013.0,24.0,0.2,2013.0,24.0,6.9,2013.0,24.0,0.142,2013.0,24.0,16.933333333333334,2013.0,24.0,-1.0,2014.0,25.0,4.000000000000001,2009.0,20.0,0.112
J.R. Reid,Full Advanced,Role/Bench,1994.0,25.0,14.7,1999.0,30.0,-1.0,1995.0,26.0,3.5,1999.0,30.0,0.115,1993.0,24.0,13.6,1999.0,30.0,-2.15,1994.0,25.0,3.3000000000000003,1995.0,26.0,0.10133333333333333
J.R. Smith,Full Advanced,Starter/Rotation,2008.0,22.0,18.1,2008.0,22.0,2.6,2013.0,27.0,6.7,2008.0,22.0,0.126,2008.0,22.0,16.833333333333332,2008.0,22.0,2.066666666666667,2012.0,26.0,4.733333333333333,2008.0,22.0,0.12333333333333334
JJ Redick,Full Advanced,Starter/Rotation,2016.0,31.0,17.5,2016.0,31.0,2.2,2015.0,30.0,6.7,2010.0,25.0,0.173,2015.0,30.0,16.766666666666666,2015.0,30.0,1.7333333333333332,2016.0,31.0,6.066666666666666,2011.0,26.0,0.15233333333333332
JT Thor,Full Advanced,Role/Bench,2025.0,22.0,10.0,2024.0,21.0,-4.5,2024.0,21.0,0.6,2024.0,21.0,0.034,2025.0,22.0,9.55,2023.0,20.0,-4.6,2023.0,20.0,0.4,2025.0,22.0,0.03350000000000001
Ja Morant,Full Advanced,Elite,2022.0,22.0,24.4,2022.0,22.0,6.1,2022.0,22.0,6.7,2022.0,22.0,0.171,2023.0,23.0,22.333333333333332,2023.0,23.0,4.733333333333333,2023.0,23.0,5.3999999999999995,2023.0,23.0,0.14366666666666666
JaKarr Sampson,Full Advanced,Role/Bench,2018.0,24.0,13.9,2018.0,24.0,-1.2,2020.0,26.0,1.2,2020.0,26.0,0.124,2020.0,26.0,12.466666666666667,2018.0,24.0,-2.6666666666666665,2020.0,26.0,0.7666666666666666,2020.0,26.0,0.09400000000000001
JaMychal Green,Full Advanced,Role/Bench,2023.0,32.0,15.5,2020.0,29.0,-0.5,2017.0,26.0,5.8,2023.0,32.0,0.133,2023.0,32.0,14.8,2023.0,32.0,-1.15,2016.0,25.0,4.2,2023.0,32.0,0.1255
JaVale McGee,Full Advanced,Role/Bench,2022.0,34.0,22.6,2013.0,25.0,1.6,2019.0,31.0,5.9,2022.0,34.0,0.201,2019.0,31.0,20.366666666666664,2019.0,31.0,0.8666666666666667,2012.0,24.0,4.766666666666667,2019.0,31.0,0.17166666666666666
Jabari Parker,Full Advanced,Role/Bench,2017.0,21.0,19.1,2017.0,21.0,0.7,2017.0,21.0,4.0,2017.0,21.0,0.112,2018.0,22.0,17.233333333333334,2018.0,22.0,-0.5333333333333333,2016.0,20.0,2.966666666666667,2016.0,20.0,0.09066666666666667
Jabari Smith Jr.,Full Advanced,Role/Bench,2024.0,20.0,13.8,2024.0,20.0,-0.4,2024.0,20.0,5.6,2025.0,21.0,0.117,2025.0,21.0,13.200000000000001,2025.0,21.0,-0.5499999999999998,2025.0,21.0,4.8999999999999995,2025.0,21.0,0.114
Jabari Walker,Full Advanced,Role/Bench,2025.0,22.0,15.0,2025.0,22.0,-0.8,2024.0,21.0,2.9,2025.0,22.0,0.128,2025.0,22.0,14.0,2025.0,22.0,-2.05,2025.0,22.0,2.4499999999999997,2025.0,22.0,0.10550000000000001
Jacque Vaughn,Full Advanced,Role/Bench,2002.0,26.0,13.1,2001.0,25.0,-1.0,2002.0,26.0,3.5,2007.0,31.0,0.107,2001.0,25.0,12.95,2001.0,25.0,-1.6,2001.0,25.0,3.25,2001.0,25.0,0.0895
Jaden Hardy,Full Advanced,Role/Bench,2023.0,20.0,14.6,2023.0,20.0,-2.3,2023.0,20.0,0.7,2023.0,20.0,0.048,2023.0,20.0,12.899999999999999,2023.0,20.0,-3.1999999999999997,2023.0,20.0,0.5,2023.0,20.0,0.031
Jaden Ivey,Full Advanced,Role/Bench,2025.0,22.0,14.7,2025.0,22.0,0.0,2025.0,22.0,1.2,2025.0,22.0,0.062,2025.0,22.0,13.55,2025.0,22.0,-1.5500000000000003,2025.0,22.0,0.85,2025.0,22.0,0.036000000000000004
Jaden McDaniels,Full Advanced,Role/Bench,2025.0,24.0,13.3,2025.0,24.0,0.0,2025.0,24.0,6.3,2025.0,24.0,0.115,2024.0,23.0,11.566666666666668,2024.0,23.0,-1.2666666666666668,2025.0,24.0,4.8500000000000005,2025.0,24.0,0.096
Jae Crowder,Full Advanced,Starter/Rotation,2016.0,25.0,15.8,2016.0,25.0,2.2,2016.0,25.0,7.3,2016.0,25.0,0.152,2016.0,25.0,14.866666666666667,2016.0,25.0,1.2,2016.0,25.0,5.966666666666666,2016.0,25.0,0.134
Jae'Sean Tate,Full Advanced,Role/Bench,2022.0,26.0,14.3,2025.0,29.0,-0.7,2021.0,25.0,3.8,2025.0,29.0,0.133,2021.0,25.0,14.05,2025.0,29.0,-1.5,2021.0,25.0,3.4,2025.0,29.0,0.10750000000000001
Jahidi White,Full Advanced,Role/Bench,2002.0,25.0,14.9,2002.0,25.0,-1.5,2002.0,25.0,3.3,2002.0,25.0,0.118,2001.0,24.0,14.8,2001.0,24.0,-2.4,2001.0,24.0,2.7,2004.0,27.0,0.091
Jahlil Okafor,Full Advanced,Role/Bench,2020.0,24.0,18.3,2020.0,24.0,-0.2,2019.0,23.0,2.2,2020.0,24.0,0.133,2019.0,23.0,17.166666666666668,2019.0,23.0,-1.1333333333333333,2020.0,24.0,1.366666666666667,2019.0,23.0,0.11033333333333334
Jake LaRavia,Full Advanced,Role/Bench,2025.0,23.0,12.6,2025.0,23.0,0.2,2025.0,23.0,2.9,2025.0,23.0,0.104,2025.0,23.0,12.6,2025.0,23.0,-1.15,2025.0,23.0,1.9500000000000002,2025.0,23.0,0.083
Jake Layman,Full Advanced,Role/Bench,2019.0,24.0,13.5,2019.0,24.0,-0.5,2019.0,24.0,3.1,2019.0,24.0,0.111,2019.0,24.0,11.9,2019.0,24.0,-2.1,2019.0,24.0,1.7,2019.0,24.0,0.07050000000000001
Jake Tsakalidis,Full Advanced,Role/Bench,2006.0,26.0,17.3,2006.0,26.0,-0.5,2002.0,22.0,2.8,2006.0,26.0,0.186,2004.0,24.0,13.333333333333334,2004.0,24.0,-2.066666666666667,2001.0,21.0,2.05,2004.0,24.0,0.123
Jake Voskuhl,Full Advanced,Role/Bench,2002.0,24.0,13.9,2003.0,25.0,-2.2,2004.0,26.0,3.3,2002.0,24.0,0.143,2002.0,24.0,12.850000000000001,2002.0,24.0,-2.6,2003.0,25.0,2.8333333333333335,2002.0,24.0,0.136
Jakob Poeltl,Full Advanced,Starter/Rotation,2023.0,27.0,21.0,2020.0,24.0,2.5,2022.0,26.0,6.9,2019.0,23.0,0.193,2023.0,27.0,20.23333333333333,2020.0,24.0,1.7666666666666666,2022.0,26.0,6.2,2019.0,23.0,0.17700000000000002
Jalen Brunson,Full Advanced,All-Star,2024.0,27.0,23.4,2024.0,27.0,5.8,2024.0,27.0,11.2,2024.0,27.0,0.198,2025.0,28.0,22.5,2025.0,28.0,4.549999999999999,2025.0,28.0,9.75,2025.0,28.0,0.185
Jalen Duren,Full Advanced,Role/Bench,2025.0,21.0,21.4,2025.0,21.0,3.1,2025.0,21.0,9.2,2025.0,21.0,0.218,2025.0,21.0,20.049999999999997,2025.0,21.0,1.5,2025.0,21.0,7.0,2025.0,21.0,0.174
Jalen Green,Full Advanced,Role/Bench,2025.0,22.0,15.1,2025.0,22.0,0.5,2025.0,22.0,5.1,2025.0,22.0,0.092,2025.0,22.0,14.899999999999999,2025.0,22.0,0.0,2025.0,22.0,4.1,2025.0,22.0,0.074
Jalen Johnson,Full Advanced,Starter/Rotation,2025.0,23.0,17.3,2025.0,23.0,1.8,2024.0,22.0,3.8,2023.0,21.0,0.099,2025.0,23.0,16.8,2025.0,23.0,1.5,2025.0,23.0,3.1000000000000005,2023.0,21.0,0.0985
Jalen McDaniels,Full Advanced,Role/Bench,2022.0,24.0,12.7,2023.0,25.0,-2.1,2023.0,25.0,2.7,2022.0,24.0,0.093,2021.0,23.0,12.05,2022.0,24.0,-2.533333333333333,2022.0,24.0,1.8666666666666665,2021.0,23.0,0.0775
Jalen Rose,Full Advanced,Role/Bench,2001.0,28.0,17.8,2001.0,28.0,1.8,2001.0,28.0,7.3,2001.0,28.0,0.119,2002.0,29.0,16.5,2002.0,29.0,0.30000000000000004,2002.0,29.0,5.533333333333334,1999.0,26.0,0.09333333333333332
Jalen Smith,Full Advanced,Role/Bench,2024.0,23.0,20.7,2024.0,23.0,2.4,2024.0,23.0,4.0,2024.0,23.0,0.182,2025.0,24.0,19.7,2025.0,24.0,1.65,2025.0,24.0,3.4499999999999997,2025.0,24.0,0.164
Jalen Suggs,Full Advanced,Role/Bench,2025.0,23.0,14.4,2024.0,22.0,1.0,2024.0,22.0,4.7,2024.0,22.0,0.112,2025.0,23.0,14.25,2025.0,23.0,0.7,2025.0,23.0,2.9,2025.0,23.0,0.082
Jalen Williams,Full Advanced,All-Star,2025.0,23.0,20.3,2025.0,23.0,4.0,2025.0,23.0,7.8,2025.0,23.0,0.168,2025.0,23.0,19.7,2025.0,23.0,3.15,2025.0,23.0,7.55,2025.0,23.0,0.1625
Jamaal Magloire,Full Advanced,Role/Bench,2002.0,23.0,18.8,2002.0,23.0,-0.1,2004.0,25.0,7.6,2002.0,23.0,0.177,2003.0,24.0,16.900000000000002,2003.0,24.0,-0.9666666666666668,2003.0,24.0,6.666666666666667,2003.0,24.0,0.147
Jamaal Tinsley,Full Advanced,Role/Bench,2005.0,26.0,18.6,2004.0,25.0,3.5,2004.0,25.0,4.4,2004.0,25.0,0.154,2004.0,25.0,16.133333333333336,2004.0,25.0,2.2666666666666666,2004.0,25.0,3.633333333333334,2004.0,25.0,0.11166666666666665
Jamal Crawford,Full Advanced,Role/Bench,2010.0,29.0,18.4,2010.0,29.0,2.4,2010.0,29.0,7.3,2010.0,29.0,0.143,2014.0,33.0,16.900000000000002,2014.0,33.0,1.1,2009.0,28.0,5.2,2014.0,33.0,0.11333333333333334
Jamal Mashburn,Full Advanced,Role/Bench,2003.0,30.0,18.0,2003.0,30.0,2.2,2003.0,30.0,9.0,2003.0,30.0,0.13,2002.0,29.0,17.466666666666665,2002.0,29.0,1.8,2002.0,29.0,6.566666666666666,2002.0,29.0,0.11633333333333334
Jamal Murray,Full Advanced,Starter/Rotation,2024.0,26.0,20.7,2024.0,26.0,4.1,2025.0,27.0,6.2,2024.0,26.0,0.153,2025.0,27.0,19.25,2023.0,25.0,2.4666666666666663,2025.0,27.0,6.05,2025.0,27.0,0.138
Jamario Moon,Full Advanced,Starter/Rotation,2008.0,27.0,15.0,2008.0,27.0,1.9,2008.0,27.0,5.7,2010.0,29.0,0.131,2008.0,27.0,14.15,2008.0,27.0,1.7999999999999998,2008.0,27.0,5.300000000000001,2009.0,28.0,0.12366666666666666
Jameer Nelson,Full Advanced,Role/Bench,2009.0,26.0,20.6,2009.0,26.0,5.1,2011.0,28.0,6.6,2009.0,26.0,0.22,2009.0,26.0,17.2,2009.0,26.0,2.3333333333333335,2010.0,27.0,5.866666666666667,2010.0,27.0,0.162
James Anderson,Full Advanced,Role/Bench,2013.0,23.0,13.9,2013.0,23.0,1.0,2014.0,24.0,1.9,2013.0,23.0,0.106,2013.0,23.0,11.200000000000001,2012.0,22.0,-1.5999999999999999,2013.0,23.0,1.0999999999999999,2012.0,22.0,0.06566666666666666
James Ennis III,Full Advanced,Role/Bench,2016.0,25.0,17.8,2016.0,25.0,1.5,2018.0,27.0,3.1,2016.0,25.0,0.133,2015.0,24.0,14.65,2015.0,24.0,0.0,2018.0,27.0,2.9333333333333336,2015.0,24.0,0.1105
James Harden,Full Advanced,Elite,2019.0,29.0,30.6,2019.0,29.0,11.0,2015.0,25.0,16.4,2018.0,28.0,0.289,2019.0,29.0,29.833333333333332,2019.0,29.0,10.166666666666668,2018.0,28.0,15.200000000000001,2019.0,29.0,0.26566666666666666
James Johnson,Full Advanced,Role/Bench,2014.0,26.0,18.5,2014.0,26.0,4.5,2017.0,29.0,5.1,2014.0,26.0,0.15,2015.0,27.0,15.933333333333332,2015.0,27.0,1.9666666666666668,2018.0,30.0,3.866666666666666,2015.0,27.0,0.12033333333333333
James Jones,Full Advanced,Role/Bench,2014.0,33.0,15.4,2014.0,33.0,3.2,2011.0,30.0,4.7,2014.0,33.0,0.147,2015.0,34.0,13.25,2012.0,31.0,1.4000000000000004,2007.0,26.0,3.3000000000000003,2012.0,31.0,0.13733333333333334
James Posey,Full Advanced,Role/Bench,2004.0,27.0,18.8,2004.0,27.0,3.7,2004.0,27.0,10.0,2004.0,27.0,0.195,2003.0,26.0,15.066666666666668,2004.0,27.0,1.2,2003.0,26.0,6.033333333333334,2007.0,30.0,0.13266666666666668
James Robinson,Full Advanced,Role/Bench,1997.0,26.0,12.7,1997.0,26.0,-1.1,1996.0,25.0,2.3,1997.0,26.0,0.071,1998.0,27.0,11.933333333333332,1996.0,25.0,-1.5999999999999999,1996.0,25.0,1.7999999999999998,1996.0,25.0,0.059
James Singleton,Full Advanced,Role/Bench,2009.0,27.0,16.4,2006.0,24.0,0.4,2009.0,27.0,3.0,2009.0,27.0,0.163,2006.0,24.0,15.0,2006.0,24.0,-0.04999999999999999,2006.0,24.0,2.65,2006.0,24.0,0.155
James Wiseman,Full Advanced,Role/Bench,2023.0,21.0,15.6,2024.0,22.0,-3.5,2024.0,22.0,2.1,2024.0,22.0,0.094,2024.0,22.0,15.2,2024.0,22.0,-3.5,2024.0,22.0,1.75,2024.0,22.0,0.0855
Jamie Feick,Full Advanced,Role/Bench,1999.0,24.0,14.2,1998.0,23.0,-1.4,1999.0,24.0,2.2,1999.0,24.0,0.123,1999.0,24.0,13.149999999999999,1999.0,24.0,-1.8000000000000003,1999.0,24.0,1.55,1999.0,24.0,0.10699999999999998
Jan Veselý,Full Advanced,Role/Bench,2014.0,23.0,12.7,2014.0,23.0,-1.1,2012.0,21.0,1.7,2014.0,23.0,0.097,2013.0,22.0,10.6,2013.0,22.0,-2.8000000000000003,2013.0,22.0,1.3333333333333333,2014.0,23.0,0.07799999999999999
Jannero Pargo,Full Advanced,Role/Bench,2012.0,32.0,13.6,2012.0,32.0,-0.6,2007.0,27.0,2.0,2012.0,32.0,0.095,2013.0,33.0,11.95,2006.0,26.0,-1.7333333333333334,2007.0,27.0,1.0,2013.0,33.0,0.03900000000000001
Jared Dudley,Full Advanced,Role/Bench,2011.0,25.0,15.6,2010.0,24.0,2.1,2011.0,25.0,5.6,2010.0,24.0,0.129,2012.0,26.0,15.299999999999999,2011.0,25.0,1.7,2011.0,25.0,5.333333333333333,2011.0,25.0,0.12533333333333332
Jared Jeffries,Full Advanced,Role/Bench,2006.0,24.0,11.6,2006.0,24.0,-0.8,2006.0,24.0,3.1,2012.0,30.0,0.109,2005.0,23.0,10.499999999999998,2006.0,24.0,-1.3333333333333333,2006.0,24.0,2.3000000000000003,2012.0,30.0,0.07700000000000001
Jared Sullinger,Full Advanced,Role/Bench,2015.0,22.0,17.9,2015.0,22.0,1.1,2016.0,23.0,4.8,2013.0,20.0,0.146,2016.0,23.0,17.3,2016.0,23.0,0.8500000000000001,2016.0,23.0,4.3999999999999995,2016.0,23.0,0.12199999999999998
Jarell Martin,Full Advanced,Role/Bench,2016.0,21.0,14.0,2016.0,21.0,-3.7,2018.0,23.0,1.3,2016.0,21.0,0.1,2016.0,21.0,11.35,2017.0,22.0,-4.5,2018.0,23.0,0.9500000000000001,2016.0,21.0,0.077
Jaren Jackson,Full Advanced,Role/Bench,1999.0,31.0,12.5,1999.0,31.0,1.0,1998.0,30.0,4.1,1999.0,31.0,0.119,1999.0,31.0,11.099999999999998,1999.0,31.0,-0.25,1999.0,31.0,3.0999999999999996,1999.0,31.0,0.10350000000000001
Jaren Jackson Jr.,Full Advanced,All-Star,2023.0,23.0,21.6,2023.0,23.0,2.8,2023.0,23.0,6.6,2023.0,23.0,0.177,2024.0,24.0,19.533333333333335,2024.0,24.0,1.833333333333333,2024.0,24.0,5.333333333333333,2022.0,22.0,0.13366666666666668
Jarred Vanderbilt,Full Advanced,Role/Bench,2021.0,21.0,16.2,2023.0,23.0,1.1,2022.0,22.0,6.0,2022.0,22.0,0.153,2021.0,21.0,15.75,2022.0,22.0,0.4000000000000001,2022.0,22.0,4.766666666666667,2021.0,21.0,0.14250000000000002
Jarrett Allen,Full Advanced,All-Star,2022.0,23.0,23.0,2025.0,26.0,4.2,2025.0,26.0,11.6,2025.0,26.0,0.243,2025.0,26.0,21.950000000000003,2025.0,26.0,3.5999999999999996,2025.0,26.0,11.149999999999999,2025.0,26.0,0.22649999999999998
Jarrett Jack,Full Advanced,Role/Bench,2012.0,28.0,17.9,2012.0,28.0,1.6,2013.0,29.0,5.6,2012.0,28.0,0.119,2011.0,27.0,16.13333333333333,2012.0,28.0,0.4666666666666668,2009.0,25.0,4.033333333333333,2012.0,28.0,0.09999999999999999
Jarron Collins,Full Advanced,Role/Bench,2002.0,23.0,11.5,2004.0,25.0,-2.0,2004.0,25.0,4.2,2004.0,25.0,0.117,2003.0,24.0,10.266666666666666,2005.0,26.0,-2.6333333333333333,2005.0,26.0,3.0666666666666664,2003.0,24.0,0.102
Jarvis Hayes,Full Advanced,Role/Bench,2008.0,26.0,13.0,2008.0,26.0,-0.6,2008.0,26.0,2.9,2008.0,26.0,0.108,2007.0,25.0,11.966666666666667,2007.0,25.0,-1.5333333333333332,2008.0,26.0,2.1666666666666665,2007.0,25.0,0.07266666666666667
Jason Caffey,Full Advanced,Role/Bench,1997.0,23.0,14.3,2001.0,27.0,-2.2,1997.0,23.0,3.9,1997.0,23.0,0.134,1997.0,23.0,14.100000000000001,1997.0,23.0,-2.4,1997.0,23.0,3.3,1997.0,23.0,0.1135
Jason Collier,Full Advanced,Role/Bench,2004.0,26.0,14.6,2004.0,26.0,-3.6,2004.0,26.0,1.2,2004.0,26.0,0.105,2002.0,24.0,12.85,2002.0,24.0,-4.4,2002.0,24.0,0.8,2002.0,24.0,0.081
Jason Collins,Full Advanced,Role/Bench,2002.0,23.0,10.7,2004.0,25.0,-1.5,2004.0,25.0,4.9,2003.0,24.0,0.119,2002.0,23.0,10.3,2003.0,24.0,-1.8666666666666665,2004.0,25.0,4.5,2002.0,23.0,0.11149999999999999
Jason Hart,Full Advanced,Role/Bench,2005.0,26.0,16.9,2005.0,26.0,1.2,2005.0,26.0,4.8,2004.0,25.0,0.139,2004.0,25.0,14.6,2004.0,25.0,0.7,2004.0,25.0,3.3499999999999996,2004.0,25.0,0.13
Jason Kapono,Full Advanced,Role/Bench,2007.0,25.0,13.8,2007.0,25.0,-0.5,2007.0,25.0,4.2,2007.0,25.0,0.114,2006.0,24.0,11.533333333333333,2006.0,24.0,-1.8999999999999997,2007.0,25.0,2.4333333333333336,2007.0,25.0,0.08633333333333333
Jason Kidd,Full Advanced,All-Star,1999.0,25.0,22.5,2003.0,29.0,6.6,2003.0,29.0,11.3,1999.0,25.0,0.188,2004.0,30.0,20.46666666666667,2004.0,30.0,5.3,2002.0,28.0,9.933333333333334,2001.0,27.0,0.15933333333333333
Jason Maxiell,Full Advanced,Role/Bench,2008.0,24.0,16.7,2008.0,24.0,-0.1,2008.0,24.0,6.3,2008.0,24.0,0.171,2008.0,24.0,15.633333333333333,2008.0,24.0,-0.9,2009.0,25.0,4.333333333333333,2008.0,24.0,0.13433333333333333
Jason Richardson,Full Advanced,Starter/Rotation,2006.0,25.0,19.2,2006.0,25.0,3.1,2008.0,27.0,7.4,2010.0,29.0,0.128,2005.0,24.0,18.333333333333332,2007.0,26.0,2.3000000000000003,2009.0,28.0,6.6000000000000005,2010.0,29.0,0.12233333333333334
Jason Smith,Full Advanced,Role/Bench,2013.0,26.0,16.8,2012.0,25.0,-0.4,2017.0,30.0,2.3,2012.0,25.0,0.11,2013.0,26.0,15.266666666666667,2012.0,25.0,-1.8333333333333333,2017.0,30.0,2.05,2012.0,25.0,0.09166666666666667
Jason Terry,Full Advanced,Starter/Rotation,2009.0,31.0,19.3,2007.0,29.0,4.0,2007.0,29.0,10.8,2007.0,29.0,0.182,2008.0,30.0,18.666666666666668,2006.0,28.0,3.533333333333333,2007.0,29.0,9.666666666666666,2006.0,28.0,0.17266666666666666
Jason Thompson,Full Advanced,Role/Bench,2012.0,25.0,16.4,2016.0,29.0,-0.8,2010.0,23.0,4.0,2016.0,29.0,0.165,2012.0,25.0,14.866666666666667,2016.0,29.0,-1.7999999999999998,2011.0,24.0,3.6,2016.0,29.0,0.11099999999999999
Jason Williams,Full Advanced,Role/Bench,2003.0,27.0,17.1,2004.0,28.0,2.4,2004.0,28.0,5.4,2010.0,34.0,0.127,2004.0,28.0,16.46666666666667,2004.0,28.0,1.6666666666666667,2005.0,29.0,4.833333333333333,2005.0,29.0,0.11733333333333333
Javonte Green,Full Advanced,Role/Bench,2023.0,29.0,14.5,2023.0,29.0,1.4,2022.0,28.0,4.4,2023.0,29.0,0.142,2022.0,28.0,13.533333333333333,2022.0,28.0,0.3333333333333333,2021.0,27.0,2.75,2022.0,28.0,0.12933333333333333
Jaxson Hayes,Full Advanced,Role/Bench,2021.0,20.0,19.1,2021.0,20.0,0.6,2022.0,21.0,5.1,2021.0,20.0,0.176,2021.0,20.0,18.400000000000002,2021.0,20.0,0.16666666666666666,2021.0,20.0,4.166666666666667,2021.0,20.0,0.17366666666666666
Jaylen Brown,Full Advanced,Starter/Rotation,2021.0,24.0,19.9,2021.0,24.0,2.5,2024.0,27.0,5.9,2022.0,25.0,0.124,2022.0,25.0,19.299999999999997,2022.0,25.0,1.9666666666666668,2023.0,26.0,5.566666666666667,2021.0,24.0,0.12066666666666666
Jaylen Nowell,Full Advanced,Role/Bench,2022.0,22.0,16.8,2022.0,22.0,0.8,2022.0,22.0,2.8,2022.0,22.0,0.138,2023.0,23.0,15.249999999999998,2023.0,23.0,-0.8500000000000001,2023.0,23.0,2.0,2023.0,23.0,0.092
Jaylin Williams,Full Advanced,All-Star,2025.0,22.0,16.4,2025.0,22.0,4.3,2025.0,22.0,3.3,2025.0,22.0,0.199,2025.0,22.0,14.549999999999999,2025.0,22.0,2.7,2025.0,22.0,2.8499999999999996,2025.0,22.0,0.16450000000000004
Jayson Tatum,Full Advanced,Elite,2023.0,24.0,23.7,2023.0,24.0,5.5,2023.0,24.0,10.5,2024.0,25.0,0.189,2023.0,24.0,22.600000000000005,2024.0,25.0,5.266666666666667,2023.0,24.0,10.166666666666666,2024.0,25.0,0.18266666666666664
Jayson Williams,Full Advanced,Role/Bench,1998.0,29.0,18.7,1998.0,29.0,0.3,1998.0,29.0,8.4,1998.0,29.0,0.172,1997.0,28.0,16.7,1999.0,30.0,-0.3500000000000001,1999.0,30.0,5.300000000000001,1999.0,30.0,0.13699999999999998
Jeff Foster,Full Advanced,Role/Bench,2004.0,27.0,16.2,2004.0,27.0,1.3,2004.0,27.0,8.3,2004.0,27.0,0.202,2005.0,28.0,15.566666666666668,2005.0,28.0,0.3333333333333333,2005.0,28.0,6.466666666666668,2005.0,28.0,0.17933333333333334
Jeff Grayer,Full Advanced,Role/Bench,1994.0,28.0,13.2,1993.0,27.0,-2.2,1994.0,28.0,1.9,1994.0,28.0,0.085,1993.0,27.0,12.6,1993.0,27.0,-2.25,1993.0,27.0,1.7,1993.0,27.0,0.07700000000000001
Jeff Green,Full Advanced,Role/Bench,2013.0,26.0,15.0,2025.0,38.0,0.4,2010.0,23.0,6.6,2025.0,38.0,0.159,2014.0,27.0,14.166666666666666,2011.0,24.0,-0.4000000000000001,2011.0,24.0,5.366666666666667,2025.0,38.0,0.127
Jeff Hornacek,Full Advanced,All-Star,1998.0,34.0,19.3,1996.0,32.0,4.4,1997.0,33.0,10.2,1997.0,33.0,0.19,1997.0,33.0,19.066666666666666,1996.0,32.0,4.066666666666666,1996.0,32.0,10.166666666666666,1997.0,33.0,0.18866666666666665
Jeff Malone,Full Advanced,Role/Bench,1993.0,31.0,13.7,1994.0,32.0,-2.9,1994.0,32.0,4.2,1994.0,32.0,0.079,1993.0,31.0,13.6,1993.0,31.0,-3.0,1993.0,31.0,3.9000000000000004,1993.0,31.0,0.07350000000000001
Jeff McInnis,Full Advanced,Role/Bench,2001.0,26.0,15.6,2001.0,26.0,-0.3,2001.0,26.0,6.9,2001.0,26.0,0.117,2001.0,26.0,13.466666666666667,1999.0,24.0,-1.05,2002.0,27.0,4.366666666666667,2002.0,27.0,0.07933333333333334
Jeff Taylor,Full Advanced,Role/Bench,2013.0,23.0,10.3,2013.0,23.0,-3.6,2013.0,23.0,1.2,2013.0,23.0,0.039,2014.0,24.0,8.133333333333333,2013.0,23.0,-4.5,2013.0,23.0,0.5,2014.0,24.0,0.018000000000000002
Jeff Teague,Full Advanced,Role/Bench,2015.0,26.0,20.6,2015.0,26.0,2.9,2017.0,28.0,8.1,2015.0,26.0,0.166,2016.0,27.0,19.233333333333334,2016.0,27.0,2.1333333333333333,2016.0,27.0,7.233333333333333,2016.0,27.0,0.14566666666666664
Jeff Turner,Full Advanced,Role/Bench,1993.0,30.0,11.4,1993.0,30.0,-1.6,1993.0,30.0,3.1,1993.0,30.0,0.1,1994.0,31.0,9.533333333333333,1993.0,30.0,-3.3499999999999996,1993.0,30.0,2.25,1994.0,31.0,0.078
Jelani McCoy,Full Advanced,Role/Bench,1999.0,21.0,21.1,1999.0,21.0,2.5,1999.0,21.0,1.4,1999.0,21.0,0.201,1999.0,21.0,16.1,1999.0,21.0,-0.30000000000000004,1999.0,21.0,1.25,1999.0,21.0,0.123
Jerami Grant,Full Advanced,Role/Bench,2021.0,26.0,16.9,2022.0,27.0,1.2,2019.0,24.0,7.3,2018.0,23.0,0.156,2022.0,27.0,16.333333333333332,2022.0,27.0,0.6999999999999998,2019.0,24.0,5.7,2019.0,24.0,0.13366666666666668
Jeremiah Robinson-Earl,Full Advanced,Role/Bench,2023.0,22.0,13.0,2023.0,22.0,-1.5,2023.0,22.0,1.9,2023.0,22.0,0.111,2025.0,24.0,12.950000000000001,2022.0,21.0,-1.85,2025.0,24.0,1.7999999999999998,2025.0,24.0,0.089
Jeremy Lamb,Full Advanced,Starter/Rotation,2019.0,26.0,17.3,2018.0,25.0,1.6,2019.0,26.0,5.3,2021.0,28.0,0.132,2018.0,25.0,17.099999999999998,2018.0,25.0,1.1,2018.0,25.0,4.3,2018.0,25.0,0.11599999999999999
Jeremy Lin,Full Advanced,Role/Bench,2012.0,23.0,19.9,2012.0,23.0,3.8,2013.0,24.0,5.4,2012.0,23.0,0.14,2012.0,23.0,17.4,2012.0,23.0,2.05,2013.0,24.0,4.166666666666667,2012.0,23.0,0.11950000000000001
Jeremy Sochan,Full Advanced,Role/Bench,2025.0,21.0,15.9,2025.0,21.0,-1.2,2025.0,21.0,2.7,2025.0,21.0,0.096,2025.0,21.0,13.650000000000002,2025.0,21.0,-2.3,2025.0,21.0,2.05,2025.0,21.0,0.063
Jerian Grant,Full Advanced,Role/Bench,2018.0,25.0,14.3,2017.0,24.0,0.1,2018.0,25.0,3.3,2017.0,24.0,0.119,2017.0,24.0,12.9,2018.0,25.0,-0.9333333333333332,2018.0,25.0,2.5,2018.0,25.0,0.09933333333333333
Jericho Sims,Full Advanced,Role/Bench,2023.0,24.0,13.8,2023.0,24.0,-0.5,2023.0,24.0,2.6,2023.0,24.0,0.153,2022.0,23.0,12.7,2022.0,23.0,-1.1,2022.0,23.0,2.05,2022.0,23.0,0.1405
Jermaine Jackson,Full Advanced,Role/Bench,2002.0,25.0,12.3,2002.0,25.0,-1.6,2002.0,25.0,0.6,2002.0,25.0,0.11,2002.0,25.0,10.65,2002.0,25.0,-2.75,2002.0,25.0,0.4,2002.0,25.0,0.063
Jermaine O'Neal,Full Advanced,Role/Bench,2005.0,26.0,22.9,2003.0,24.0,2.9,2003.0,24.0,10.5,2003.0,24.0,0.177,2004.0,25.0,21.8,2004.0,25.0,2.3666666666666667,2003.0,24.0,8.633333333333333,2004.0,25.0,0.15
Jerome James,Full Advanced,Role/Bench,2003.0,27.0,13.1,2005.0,29.0,-3.8,2005.0,29.0,1.2,2003.0,27.0,0.052,2002.0,26.0,12.5,2002.0,26.0,-4.199999999999999,2005.0,29.0,0.95,2002.0,26.0,0.0485
Jerome Kersey,Full Advanced,Role/Bench,1994.0,31.0,14.5,1997.0,34.0,0.0,1997.0,34.0,3.8,1994.0,31.0,0.119,1994.0,31.0,14.233333333333334,1993.0,30.0,-0.35,1993.0,30.0,3.3,1993.0,30.0,0.1065
Jerome Williams,Full Advanced,Starter/Rotation,1999.0,25.0,18.2,1999.0,25.0,1.7,2003.0,29.0,5.4,1999.0,25.0,0.201,1998.0,24.0,17.25,1998.0,24.0,1.15,2003.0,29.0,4.8999999999999995,1998.0,24.0,0.1835
Jerry Stackhouse,Full Advanced,Role/Bench,2001.0,26.0,21.8,2001.0,26.0,5.1,2001.0,26.0,9.2,2001.0,26.0,0.137,2002.0,27.0,19.833333333333332,2002.0,27.0,2.6333333333333333,2002.0,27.0,7.166666666666667,2002.0,27.0,0.11833333333333333
Jerryd Bayless,Full Advanced,Role/Bench,2012.0,23.0,17.7,2012.0,23.0,1.7,2013.0,24.0,4.0,2012.0,23.0,0.139,2011.0,22.0,15.366666666666665,2013.0,24.0,0.0,2014.0,25.0,2.9333333333333336,2013.0,24.0,0.10533333333333333
Jevon Carter,Full Advanced,Role/Bench,2021.0,25.0,12.2,2020.0,24.0,0.6,2023.0,27.0,3.5,2021.0,25.0,0.104,2021.0,25.0,11.033333333333333,2021.0,25.0,-0.3666666666666667,2022.0,26.0,2.1,2021.0,25.0,0.08633333333333333
Jim Jackson,Full Advanced,Role/Bench,1995.0,24.0,18.9,1995.0,24.0,2.0,2004.0,33.0,6.6,1995.0,24.0,0.118,1996.0,25.0,16.866666666666667,1996.0,25.0,0.5333333333333332,1996.0,25.0,4.9,1996.0,25.0,0.09499999999999999
Jim McIlvaine,Full Advanced,Role/Bench,1997.0,24.0,11.1,1996.0,23.0,-0.8,1997.0,24.0,3.0,1997.0,24.0,0.098,1996.0,23.0,10.399999999999999,1996.0,23.0,-1.3,1996.0,23.0,2.4,1996.0,23.0,0.086
Jimmer Fredette,Full Advanced,Role/Bench,2014.0,24.0,15.8,2014.0,24.0,0.6,2013.0,23.0,1.1,2014.0,24.0,0.078,2013.0,23.0,13.733333333333334,2013.0,23.0,-1.3666666666666665,2013.0,23.0,0.7333333333333334,2014.0,24.0,0.05033333333333332
Jimmy Butler,Full Advanced,All-Star,2023.0,33.0,27.6,2023.0,33.0,8.7,2017.0,27.0,13.8,2023.0,33.0,0.277,2022.0,32.0,25.900000000000002,2022.0,32.0,7.566666666666666,2016.0,26.0,11.366666666666665,2022.0,32.0,0.25333333333333335
Jiří Welsch,Full Advanced,Role/Bench,2004.0,24.0,12.6,2004.0,24.0,-0.9,2004.0,24.0,3.6,2004.0,24.0,0.08,2004.0,24.0,11.75,2004.0,24.0,-1.65,2004.0,24.0,2.65,2004.0,24.0,0.07050000000000001
Joakim Noah,Full Advanced,All-Star,2014.0,28.0,20.0,2014.0,28.0,5.3,2014.0,28.0,11.2,2012.0,26.0,0.223,2013.0,27.0,19.233333333333334,2013.0,27.0,4.166666666666667,2013.0,27.0,9.166666666666666,2011.0,25.0,0.19399999999999998
Jock Landale,Full Advanced,Role/Bench,2023.0,27.0,16.4,2025.0,29.0,0.4,2023.0,27.0,2.7,2025.0,29.0,0.159,2022.0,26.0,16.2,2025.0,29.0,0.15000000000000002,2024.0,28.0,2.2333333333333334,2025.0,29.0,0.1525
Jodie Meeks,Full Advanced,Role/Bench,2014.0,26.0,14.7,2011.0,23.0,0.2,2011.0,23.0,5.1,2011.0,23.0,0.12,2015.0,27.0,13.966666666666667,2012.0,24.0,-0.5,2012.0,24.0,4.066666666666666,2012.0,24.0,0.10833333333333334
Joe Dumars,Full Advanced,Starter/Rotation,1993.0,29.0,17.6,1993.0,29.0,2.1,1993.0,29.0,9.1,1997.0,33.0,0.144,1993.0,29.0,16.9,1998.0,34.0,1.4333333333333333,1997.0,33.0,6.900000000000001,1998.0,34.0,0.13433333333333333
Joe Harris,Full Advanced,Role/Bench,2021.0,29.0,14.1,2019.0,27.0,0.5,2019.0,27.0,5.5,2021.0,29.0,0.117,2020.0,28.0,13.633333333333333,2020.0,28.0,0.2333333333333333,2020.0,28.0,5.0,2020.0,28.0,0.11
Joe Ingles,Full Advanced,Role/Bench,2021.0,33.0,15.9,2021.0,33.0,3.5,2018.0,30.0,7.6,2021.0,33.0,0.18,2020.0,32.0,13.966666666666669,2020.0,32.0,1.8666666666666665,2018.0,30.0,6.199999999999999,2020.0,32.0,0.13366666666666668
Joe Johnson,Full Advanced,Role/Bench,2007.0,25.0,19.5,2010.0,28.0,2.7,2010.0,28.0,8.4,2012.0,30.0,0.145,2008.0,26.0,18.333333333333332,2009.0,27.0,1.9000000000000001,2009.0,27.0,7.666666666666667,2011.0,29.0,0.12166666666666666
Joe Kleine,Full Advanced,Role/Bench,1994.0,32.0,11.2,1994.0,32.0,-2.8,1994.0,32.0,1.6,1994.0,32.0,0.089,1993.0,31.0,10.399999999999999,1993.0,31.0,-3.15,1993.0,31.0,1.55,1993.0,31.0,0.0765
Joe Smith,Full Advanced,Role/Bench,1996.0,20.0,17.2,2002.0,26.0,-0.2,1996.0,20.0,6.8,2002.0,26.0,0.153,1996.0,20.0,16.6,2001.0,25.0,-0.8333333333333334,1996.0,20.0,5.6,2003.0,27.0,0.13933333333333334
Joel Anthony,Full Advanced,Role/Bench,2012.0,29.0,10.3,2012.0,29.0,-0.5,2012.0,29.0,3.4,2012.0,29.0,0.122,2009.0,26.0,9.433333333333334,2012.0,29.0,-1.0499999999999998,2012.0,29.0,3.3500000000000005,2012.0,29.0,0.11449999999999999
Joel Embiid,Full Advanced,All-Star,2024.0,29.0,34.1,2024.0,29.0,11.6,2023.0,28.0,12.3,2024.0,29.0,0.275,2024.0,29.0,32.74999999999999,2024.0,29.0,10.4,2022.0,27.0,11.033333333333333,2024.0,29.0,0.267
Joel Przybilla,Full Advanced,Role/Bench,2005.0,25.0,15.5,2009.0,29.0,0.9,2009.0,29.0,6.6,2009.0,29.0,0.163,2009.0,29.0,12.966666666666667,2009.0,29.0,-0.7000000000000001,2009.0,29.0,4.1,2009.0,29.0,0.12566666666666668
Joey Graham,Full Advanced,Role/Bench,2007.0,24.0,12.9,2007.0,24.0,-1.9,2007.0,24.0,3.0,2007.0,24.0,0.108,2009.0,26.0,11.799999999999999,2009.0,26.0,-2.8000000000000003,2007.0,24.0,2.1666666666666665,2009.0,26.0,0.08266666666666667
Joffrey Lauvergne,Full Advanced,Role/Bench,2016.0,24.0,15.7,2016.0,24.0,-1.6,2016.0,24.0,2.3,2016.0,24.0,0.105,2017.0,25.0,14.149999999999999,2017.0,25.0,-1.9000000000000004,2017.0,25.0,1.9,2017.0,25.0,0.09
Johan Petro,Full Advanced,Role/Bench,2007.0,21.0,11.6,2010.0,24.0,-3.6,2007.0,21.0,1.7,2010.0,24.0,0.089,2006.0,20.0,11.0,2006.0,20.0,-4.2,2006.0,20.0,1.35,2011.0,25.0,0.048999999999999995
John Amaechi,Full Advanced,Role/Bench,2001.0,30.0,8.7,2001.0,30.0,-6.1,2001.0,30.0,0.0,2001.0,30.0,0.001,2002.0,31.0,7.05,2002.0,31.0,-7.1499999999999995,1996.0,25.0,-0.3,2002.0,31.0,-0.027500000000000004
John Battle,Full Advanced,Role/Bench,1994.0,31.0,12.2,1994.0,31.0,-2.7,1994.0,31.0,1.4,1994.0,31.0,0.084,1993.0,30.0,11.649999999999999,1995.0,32.0,-3.0500000000000003,1993.0,30.0,0.95,1993.0,30.0,0.0655
John Collins,Full Advanced,Role/Bench,2020.0,22.0,23.5,2020.0,22.0,3.1,2021.0,23.0,6.7,2021.0,23.0,0.174,2020.0,22.0,21.96666666666667,2021.0,23.0,2.3000000000000003,2020.0,22.0,5.866666666666667,2020.0,22.0,0.16866666666666666
John Crotty,Full Advanced,Role/Bench,1999.0,29.0,15.1,2002.0,32.0,0.3,1997.0,27.0,2.4,1997.0,27.0,0.176,2002.0,32.0,14.8,2002.0,32.0,-0.5499999999999998,1996.0,26.0,1.9333333333333333,1996.0,26.0,0.12466666666666666
John Henson,Full Advanced,Role/Bench,2016.0,25.0,18.6,2020.0,29.0,0.9,2018.0,27.0,4.9,2015.0,24.0,0.142,2015.0,24.0,18.166666666666668,2015.0,24.0,0.13333333333333333,2017.0,26.0,3.3000000000000003,2016.0,25.0,0.125
John Jenkins,Full Advanced,Role/Bench,2015.0,23.0,15.9,2015.0,23.0,0.3,2013.0,21.0,1.7,2015.0,23.0,0.147,2013.0,21.0,14.45,2013.0,21.0,-0.25,2013.0,21.0,1.3,2013.0,21.0,0.119
John Konchar,Full Advanced,Starter/Rotation,2021.0,24.0,14.8,2025.0,28.0,1.7,2022.0,25.0,4.2,2022.0,25.0,0.155,2021.0,24.0,14.4,2021.0,24.0,1.35,2023.0,26.0,3.3000000000000003,2021.0,24.0,0.15
John Lucas III,Full Advanced,Role/Bench,2012.0,29.0,16.3,2012.0,29.0,2.9,2012.0,29.0,2.2,2012.0,29.0,0.143,2012.0,29.0,14.55,2012.0,29.0,1.15,2012.0,29.0,1.6500000000000001,2012.0,29.0,0.102
John Salley,Full Advanced,Role/Bench,1994.0,29.0,13.0,1994.0,29.0,0.6,1994.0,29.0,4.8,1994.0,29.0,0.122,1993.0,28.0,12.45,1993.0,28.0,-0.15000000000000002,1993.0,28.0,3.65,1993.0,28.0,0.10350000000000001
John Salmons,Full Advanced,Role/Bench,2009.0,29.0,16.0,2010.0,30.0,1.6,2010.0,30.0,7.1,2010.0,30.0,0.121,2009.0,29.0,14.866666666666667,2010.0,30.0,0.5333333333333333,2010.0,30.0,5.666666666666667,2010.0,30.0,0.09733333333333333
John Starks,Full Advanced,Starter/Rotation,1993.0,27.0,16.3,1993.0,27.0,2.8,1993.0,27.0,7.5,1993.0,27.0,0.145,1993.0,27.0,16.15,1993.0,27.0,2.75,1993.0,27.0,6.65,1993.0,27.0,0.14
John Stockton,Full Advanced,Elite,1995.0,32.0,23.3,1995.0,32.0,9.0,1995.0,32.0,13.9,1995.0,32.0,0.233,1995.0,32.0,22.566666666666666,1995.0,32.0,7.933333333333333,1996.0,33.0,13.5,1996.0,33.0,0.22433333333333336
John Wall,Full Advanced,All-Star,2017.0,26.0,23.2,2017.0,26.0,4.7,2017.0,26.0,8.8,2017.0,26.0,0.149,2016.0,25.0,20.96666666666667,2016.0,25.0,3.9333333333333336,2016.0,25.0,7.433333333333334,2014.0,23.0,0.13133333333333333
John Wallace,Full Advanced,Role/Bench,1999.0,24.0,15.9,1997.0,22.0,-1.3,1997.0,22.0,1.6,1997.0,22.0,0.095,1998.0,23.0,14.566666666666668,1997.0,22.0,-2.15,1997.0,22.0,1.55,1997.0,22.0,0.063
John Williams,Full Advanced,Role/Bench,1993.0,26.0,10.5,1993.0,26.0,-1.5,1993.0,26.0,1.9,1993.0,26.0,0.055,1993.0,26.0,10.5,1993.0,26.0,-1.6,1993.0,26.0,1.35,1993.0,26.0,0.052500000000000005
Johnny Dawkins,Full Advanced,Role/Bench,1993.0,29.0,14.6,1993.0,29.0,-1.2,1993.0,29.0,1.7,1993.0,29.0,0.052,1993.0,29.0,14.05,1993.0,29.0,-1.5,1993.0,29.0,1.4,1993.0,29.0,0.0465
Johnny Newman,Full Advanced,Role/Bench,1993.0,29.0,15.5,1993.0,29.0,0.0,1996.0,32.0,4.4,1993.0,29.0,0.12,1993.0,29.0,14.8,1993.0,29.0,-0.65,1993.0,29.0,3.7,1993.0,29.0,0.11299999999999999
Johnny O'Bryant,Full Advanced,Role/Bench,2018.0,24.0,11.9,2018.0,24.0,-4.4,2016.0,22.0,0.3,2018.0,24.0,0.038,2018.0,24.0,9.65,2018.0,24.0,-5.15,2018.0,24.0,0.3,2018.0,24.0,0.026
Jon Barry,Full Advanced,All-Star,2003.0,33.0,17.9,2003.0,33.0,4.3,2002.0,32.0,7.5,2003.0,33.0,0.183,2003.0,33.0,16.73333333333333,2003.0,33.0,3.4,2003.0,33.0,5.3,2003.0,33.0,0.16166666666666665
Jon Koncak,Full Advanced,Role/Bench,1994.0,30.0,9.9,1994.0,30.0,-0.5,1994.0,30.0,3.8,1994.0,30.0,0.101,1993.0,29.0,9.55,1993.0,29.0,-0.5,1993.0,29.0,3.45,1994.0,30.0,0.08966666666666667
Jon Leuer,Full Advanced,Role/Bench,2014.0,24.0,17.6,2014.0,24.0,1.0,2017.0,27.0,4.5,2014.0,24.0,0.149,2012.0,22.0,16.450000000000003,2012.0,22.0,0.35,2017.0,27.0,3.6,2012.0,22.0,0.1355
Jonas Jerebko,Full Advanced,Role/Bench,2013.0,25.0,15.7,2015.0,27.0,0.9,2010.0,22.0,4.4,2018.0,30.0,0.144,2014.0,26.0,14.699999999999998,2014.0,26.0,-0.23333333333333336,2010.0,22.0,3.85,2019.0,31.0,0.13699999999999998
Jonas Valančiūnas,Full Advanced,Starter/Rotation,2021.0,28.0,24.4,2021.0,28.0,3.0,2015.0,22.0,8.2,2021.0,28.0,0.213,2020.0,27.0,23.666666666666668,2020.0,27.0,2.6999999999999997,2016.0,23.0,7.666666666666667,2017.0,24.0,0.20133333333333334
Jonathan Bender,Full Advanced,Role/Bench,2004.0,23.0,15.7,2003.0,22.0,-0.3,2002.0,21.0,2.0,2003.0,22.0,0.099,2004.0,23.0,13.266666666666666,2002.0,21.0,-1.25,2002.0,21.0,1.85,2003.0,22.0,0.08166666666666667
Jonathan Isaac,Full Advanced,All-Star,2024.0,26.0,19.2,2024.0,26.0,3.8,2019.0,21.0,4.0,2024.0,26.0,0.188,2025.0,27.0,17.9,2024.0,26.0,2.2666666666666666,2025.0,27.0,3.5,2025.0,27.0,0.16799999999999998
Jonathan Kuminga,Full Advanced,Role/Bench,2024.0,21.0,17.0,2024.0,21.0,-0.4,2024.0,21.0,4.6,2022.0,19.0,0.123,2025.0,22.0,16.35,2025.0,22.0,-0.5000000000000001,2023.0,20.0,3.3333333333333335,2023.0,20.0,0.10666666666666667
Jonathon Simmons,Full Advanced,Role/Bench,2018.0,28.0,12.7,2017.0,27.0,-2.6,2017.0,27.0,2.0,2016.0,26.0,0.119,2017.0,27.0,11.5,2016.0,26.0,-2.6500000000000004,2016.0,26.0,2.0,2016.0,26.0,0.0935
Jonny Flynn,Full Advanced,Role/Bench,2010.0,20.0,13.0,2010.0,20.0,-2.9,2010.0,20.0,0.1,2012.0,22.0,0.012,2011.0,21.0,10.433333333333332,2010.0,20.0,-4.6,2011.0,21.0,-0.36666666666666664,2011.0,21.0,-0.016666666666666666
Jordan Clarkson,Full Advanced,Role/Bench,2020.0,27.0,17.3,2021.0,28.0,1.4,2021.0,28.0,4.2,2021.0,28.0,0.111,2020.0,27.0,17.066666666666666,2020.0,27.0,0.6666666666666666,2021.0,28.0,3.7000000000000006,2021.0,28.0,0.09533333333333334
Jordan Crawford,Full Advanced,Role/Bench,2012.0,23.0,14.5,2014.0,25.0,-0.6,2014.0,25.0,2.8,2014.0,25.0,0.073,2013.0,24.0,14.200000000000001,2014.0,25.0,-0.7500000000000001,2014.0,25.0,2.3499999999999996,2014.0,25.0,0.0625
Jordan Farmar,Full Advanced,Role/Bench,2012.0,25.0,17.4,2008.0,21.0,1.3,2008.0,21.0,3.9,2008.0,21.0,0.111,2012.0,25.0,15.5,2011.0,24.0,-0.13333333333333341,2009.0,22.0,2.4999999999999996,2011.0,24.0,0.08233333333333333
Jordan Goodwin,Full Advanced,Role/Bench,2023.0,24.0,14.8,2023.0,24.0,0.7,2023.0,24.0,2.2,2023.0,24.0,0.097,2023.0,24.0,13.7,2023.0,24.0,-0.15000000000000002,2023.0,24.0,1.7000000000000002,2024.0,25.0,0.07833333333333334
Jordan Hill,Full Advanced,Role/Bench,2014.0,26.0,19.3,2014.0,26.0,-0.5,2014.0,26.0,4.4,2013.0,25.0,0.147,2014.0,26.0,18.0,2015.0,27.0,-1.1333333333333335,2015.0,27.0,3.5,2013.0,25.0,0.13533333333333333
Jordan McLaughlin,Full Advanced,Role/Bench,2020.0,23.0,16.3,2024.0,27.0,4.2,2024.0,27.0,2.5,2024.0,27.0,0.193,2020.0,23.0,14.15,2024.0,27.0,1.7500000000000002,2023.0,26.0,2.033333333333333,2024.0,27.0,0.14350000000000002
Jordan McRae,Full Advanced,Role/Bench,2019.0,27.0,14.3,2020.0,28.0,-1.5,2020.0,28.0,0.7,2019.0,27.0,0.066,2020.0,28.0,14.250000000000002,2020.0,28.0,-1.6,2020.0,28.0,0.6,2020.0,28.0,0.055
Jordan Nwora,Full Advanced,Role/Bench,2024.0,25.0,13.7,2023.0,24.0,-2.1,2023.0,24.0,1.5,2023.0,24.0,0.06,2024.0,25.0,12.95,2024.0,25.0,-2.3,2022.0,23.0,1.05,2024.0,25.0,0.047
Jordan Poole,Full Advanced,Role/Bench,2025.0,25.0,16.6,2022.0,22.0,1.0,2022.0,22.0,6.0,2022.0,22.0,0.126,2022.0,22.0,15.266666666666667,2022.0,22.0,-0.4666666666666666,2022.0,22.0,3.7000000000000006,2022.0,22.0,0.09433333333333332
Jose Alvarado,Full Advanced,Role/Bench,2022.0,23.0,16.4,2022.0,23.0,1.9,2024.0,25.0,2.1,2022.0,23.0,0.121,2022.0,23.0,14.1,2022.0,23.0,0.35,2023.0,24.0,2.0,2023.0,24.0,0.09466666666666668
Josh Boone,Full Advanced,Role/Bench,2008.0,23.0,14.8,2009.0,24.0,-1.7,2008.0,23.0,3.7,2007.0,22.0,0.122,2007.0,22.0,14.7,2009.0,24.0,-1.8333333333333333,2007.0,22.0,2.7,2007.0,22.0,0.111
Josh Childress,Full Advanced,Role/Bench,2008.0,24.0,17.8,2008.0,24.0,2.0,2008.0,24.0,7.6,2008.0,24.0,0.16,2007.0,23.0,16.599999999999998,2007.0,23.0,1.6333333333333335,2007.0,23.0,6.266666666666667,2007.0,23.0,0.137
Josh Giddey,Full Advanced,Starter/Rotation,2025.0,22.0,18.1,2025.0,22.0,3.0,2025.0,22.0,5.3,2025.0,22.0,0.121,2025.0,22.0,17.35,2025.0,22.0,2.25,2025.0,22.0,4.8,2025.0,22.0,0.1115
Josh Green,Full Advanced,Role/Bench,2022.0,21.0,11.9,2022.0,21.0,-1.0,2023.0,22.0,2.6,2022.0,21.0,0.111,2023.0,22.0,11.0,2023.0,22.0,-2.033333333333333,2023.0,22.0,2.4,2023.0,22.0,0.08800000000000001
Josh Hart,Full Advanced,Role/Bench,2025.0,29.0,16.5,2025.0,29.0,2.8,2025.0,29.0,9.2,2025.0,29.0,0.153,2025.0,29.0,14.149999999999999,2025.0,29.0,1.4,2025.0,29.0,7.449999999999999,2025.0,29.0,0.1265
Josh Howard,Full Advanced,Role/Bench,2007.0,26.0,20.0,2007.0,26.0,3.1,2007.0,26.0,8.8,2007.0,26.0,0.173,2007.0,26.0,19.2,2007.0,26.0,2.1666666666666665,2007.0,26.0,7.833333333333333,2007.0,26.0,0.16033333333333333
Josh Jackson,Full Advanced,Role/Bench,2020.0,22.0,14.1,2020.0,22.0,0.1,2020.0,22.0,0.5,2020.0,22.0,0.069,2020.0,22.0,12.233333333333334,2021.0,23.0,-2.466666666666667,2021.0,23.0,0.19999999999999998,2021.0,23.0,0.02466666666666667
Josh McRoberts,Full Advanced,Role/Bench,2011.0,23.0,16.0,2011.0,23.0,2.3,2014.0,26.0,6.5,2011.0,23.0,0.147,2010.0,22.0,15.4,2010.0,22.0,1.0499999999999998,2013.0,25.0,3.3666666666666667,2010.0,22.0,0.1405
Josh Okogie,Full Advanced,Role/Bench,2025.0,26.0,16.3,2025.0,26.0,1.5,2023.0,24.0,2.8,2024.0,25.0,0.104,2025.0,26.0,14.15,2025.0,26.0,0.5,2024.0,25.0,2.066666666666667,2025.0,26.0,0.102
Josh Powell,Full Advanced,Role/Bench,2008.0,25.0,10.7,2006.0,23.0,-3.6,2008.0,25.0,1.1,2006.0,23.0,0.079,2006.0,23.0,9.95,2006.0,23.0,-4.25,2006.0,23.0,0.9,2006.0,23.0,0.0605
Josh Richardson,Full Advanced,Role/Bench,2019.0,25.0,14.0,2018.0,24.0,0.7,2019.0,25.0,5.6,2016.0,22.0,0.109,2019.0,25.0,13.199999999999998,2018.0,24.0,-0.03333333333333335,2018.0,24.0,4.3999999999999995,2017.0,23.0,0.09033333333333333
Josh Smith,Full Advanced,All-Star,2012.0,26.0,21.1,2010.0,24.0,5.1,2010.0,24.0,9.3,2010.0,24.0,0.155,2011.0,25.0,20.433333333333334,2011.0,25.0,3.9,2011.0,25.0,7.500000000000001,2011.0,25.0,0.13666666666666666
José Calderón,Full Advanced,Role/Bench,2008.0,26.0,20.5,2008.0,26.0,4.5,2008.0,26.0,10.2,2008.0,26.0,0.197,2008.0,26.0,19.46666666666667,2008.0,26.0,3.1,2008.0,26.0,7.7,2008.0,26.0,0.171
Jrue Holiday,Full Advanced,Starter/Rotation,2021.0,30.0,20.0,2021.0,30.0,3.4,2018.0,27.0,7.1,2021.0,30.0,0.165,2022.0,31.0,19.666666666666668,2022.0,31.0,3.233333333333333,2022.0,31.0,6.733333333333333,2022.0,31.0,0.15433333333333332
Juan Dixon,Full Advanced,Role/Bench,2005.0,26.0,15.2,2005.0,26.0,-1.0,2005.0,26.0,2.0,2005.0,26.0,0.089,2005.0,26.0,14.433333333333332,2005.0,26.0,-1.4333333333333333,2006.0,27.0,1.6333333333333335,2005.0,26.0,0.054333333333333324
Juan Toscano-Anderson,Full Advanced,Role/Bench,2021.0,27.0,12.6,2021.0,27.0,0.8,2021.0,27.0,3.0,2021.0,27.0,0.13,2021.0,27.0,11.8,2021.0,27.0,0.0,2021.0,27.0,2.5,2021.0,27.0,0.114
Juancho Hernangómez,Full Advanced,Role/Bench,2017.0,21.0,13.4,2017.0,21.0,-0.1,2019.0,23.0,3.0,2019.0,23.0,0.105,2017.0,21.0,11.55,2018.0,22.0,-1.5,2018.0,22.0,1.7333333333333334,2018.0,22.0,0.09000000000000001
Jud Buechler,Full Advanced,Role/Bench,1996.0,27.0,14.1,1999.0,30.0,2.1,1999.0,30.0,2.9,1996.0,27.0,0.148,1996.0,27.0,13.366666666666667,1996.0,27.0,1.3666666666666665,1996.0,27.0,2.233333333333333,1996.0,27.0,0.13366666666666668
Julian Wright,Full Advanced,Role/Bench,2008.0,20.0,15.4,2008.0,20.0,1.8,2008.0,20.0,1.7,2008.0,20.0,0.126,2008.0,20.0,14.0,2008.0,20.0,0.45,2008.0,20.0,1.25,2008.0,20.0,0.087
Julius Randle,Full Advanced,Starter/Rotation,2019.0,24.0,20.9,2021.0,26.0,3.8,2023.0,28.0,8.1,2018.0,23.0,0.145,2019.0,24.0,19.433333333333334,2022.0,27.0,2.6666666666666665,2022.0,27.0,6.333333333333333,2024.0,29.0,0.12966666666666668
Jumaine Jones,Full Advanced,Role/Bench,2001.0,21.0,14.2,2001.0,21.0,0.4,2005.0,25.0,3.7,2001.0,21.0,0.125,2001.0,21.0,13.7,2001.0,21.0,-0.09999999999999998,2006.0,26.0,3.3499999999999996,2001.0,21.0,0.0995
Junior Harrington,Full Advanced,Role/Bench,2007.0,26.0,8.9,2005.0,24.0,-3.9,2007.0,26.0,-0.2,2003.0,22.0,-0.009,2007.0,26.0,8.3,2007.0,26.0,-4.25,2007.0,26.0,-0.25,2005.0,24.0,-0.017333333333333336
Justin Anderson,Full Advanced,Role/Bench,2017.0,23.0,13.9,2016.0,22.0,0.3,2017.0,23.0,1.9,2018.0,24.0,0.115,2018.0,24.0,13.450000000000001,2016.0,22.0,-0.5,2018.0,24.0,1.55,2018.0,24.0,0.0945
Justin Holiday,Full Advanced,Role/Bench,2017.0,27.0,12.7,2020.0,30.0,1.3,2020.0,30.0,4.2,2020.0,30.0,0.112,2016.0,26.0,11.4,2020.0,30.0,-0.5,2020.0,30.0,3.1333333333333333,2020.0,30.0,0.073
Justin Jackson,Full Advanced,Role/Bench,2019.0,23.0,11.3,2019.0,23.0,-1.6,2019.0,23.0,2.9,2019.0,23.0,0.086,2020.0,24.0,10.4,2018.0,22.0,-2.55,2018.0,22.0,1.95,2018.0,22.0,0.058499999999999996
Justise Winslow,Full Advanced,Role/Bench,2022.0,25.0,13.1,2019.0,22.0,-0.6,2019.0,22.0,2.8,2018.0,21.0,0.075,2023.0,26.0,11.2,2018.0,21.0,-1.4333333333333333,2018.0,21.0,2.6333333333333333,2018.0,21.0,0.06533333333333334
Jusuf Nurkić,Full Advanced,Role/Bench,2019.0,24.0,23.4,2019.0,24.0,3.7,2019.0,24.0,7.8,2019.0,24.0,0.189,2021.0,26.0,21.299999999999997,2021.0,26.0,2.1666666666666665,2019.0,24.0,4.966666666666667,2021.0,26.0,0.14400000000000002
Juwan Howard,Full Advanced,Role/Bench,2003.0,29.0,17.2,2003.0,29.0,1.1,1997.0,23.0,7.0,2007.0,33.0,0.11,2002.0,28.0,16.333333333333332,1998.0,24.0,-0.30000000000000004,1997.0,23.0,5.733333333333333,1998.0,24.0,0.09333333333333332
KJ Martin,Full Advanced,Role/Bench,2023.0,22.0,15.4,2023.0,22.0,-0.7,2023.0,22.0,4.9,2023.0,22.0,0.103,2022.0,21.0,14.766666666666666,2022.0,21.0,-1.2333333333333334,2022.0,21.0,3.3333333333333335,2022.0,21.0,0.09533333333333334
Kareem Rush,Full Advanced,Role/Bench,2004.0,23.0,10.4,2004.0,23.0,-2.2,2004.0,23.0,1.5,2004.0,23.0,0.056,2005.0,24.0,10.1,2008.0,27.0,-2.8499999999999996,2005.0,24.0,0.46666666666666673,2005.0,24.0,0.016333333333333335
Karl Malone,Full Advanced,Elite,1997.0,33.0,28.9,1997.0,33.0,8.3,1997.0,33.0,16.7,1997.0,33.0,0.268,1997.0,33.0,27.599999999999998,1997.0,33.0,7.533333333333334,1997.0,33.0,16.066666666666666,1998.0,34.0,0.25966666666666666
Karl-Anthony Towns,Full Advanced,All-Star,2020.0,24.0,26.5,2020.0,24.0,7.8,2018.0,22.0,14.0,2018.0,22.0,0.23,2019.0,23.0,25.900000000000002,2019.0,23.0,6.3,2018.0,22.0,12.366666666666667,2019.0,23.0,0.21033333333333334
Kawhi Leonard,Full Advanced,Elite,2017.0,25.0,27.6,2017.0,25.0,9.4,2016.0,24.0,13.7,2016.0,24.0,0.277,2019.0,27.0,26.766666666666666,2017.0,25.0,8.566666666666668,2017.0,25.0,12.266666666666666,2017.0,25.0,0.255
Keegan Murray,Full Advanced,Role/Bench,2024.0,23.0,13.3,2023.0,22.0,-0.6,2024.0,23.0,5.2,2024.0,23.0,0.096,2023.0,22.0,12.8,2023.0,22.0,-0.75,2025.0,24.0,4.800000000000001,2023.0,22.0,0.0915
Keita Bates-Diop,Full Advanced,Role/Bench,2023.0,27.0,14.9,2023.0,27.0,-0.6,2023.0,27.0,2.7,2024.0,28.0,0.091,2022.0,26.0,13.233333333333334,2024.0,28.0,-0.8,2024.0,28.0,2.0,2024.0,28.0,0.09000000000000001
Keith Askins,Full Advanced,Role/Bench,1995.0,27.0,12.3,1996.0,28.0,1.0,1996.0,28.0,4.4,1997.0,29.0,0.116,1993.0,25.0,10.8,1996.0,28.0,0.36666666666666664,1996.0,28.0,3.5333333333333337,1996.0,28.0,0.11133333333333333
Keith Bogans,Full Advanced,Role/Bench,2004.0,23.0,11.0,2008.0,27.0,0.6,2008.0,27.0,4.9,2011.0,30.0,0.118,2005.0,24.0,10.700000000000001,2009.0,28.0,-0.3333333333333333,2009.0,28.0,3.333333333333334,2010.0,29.0,0.09833333333333334
Keith McLeod,Full Advanced,Role/Bench,2005.0,25.0,10.4,2005.0,25.0,-2.6,2007.0,27.0,0.8,2007.0,27.0,0.051,2006.0,26.0,9.733333333333333,2004.0,24.0,-3.3499999999999996,2007.0,27.0,0.7000000000000001,2007.0,27.0,0.03749999999999999
Keldon Johnson,Full Advanced,Role/Bench,2025.0,25.0,15.6,2022.0,22.0,-0.5,2022.0,22.0,4.9,2022.0,22.0,0.099,2024.0,24.0,15.033333333333333,2021.0,21.0,-1.05,2021.0,21.0,4.1,2021.0,21.0,0.089
Kelenna Azubuike,Full Advanced,Role/Bench,2009.0,25.0,14.7,2009.0,25.0,-0.5,2009.0,25.0,4.1,2008.0,24.0,0.094,2009.0,25.0,14.100000000000001,2009.0,25.0,-0.6500000000000001,2009.0,25.0,3.7499999999999996,2009.0,25.0,0.0885
Kelly Olynyk,Full Advanced,Starter/Rotation,2018.0,26.0,17.8,2018.0,26.0,2.3,2018.0,26.0,5.5,2018.0,26.0,0.148,2017.0,25.0,16.466666666666665,2017.0,25.0,1.5,2018.0,26.0,4.766666666666667,2017.0,25.0,0.1386666666666667
Kelly Oubre Jr.,Full Advanced,Role/Bench,2019.0,23.0,15.2,2020.0,24.0,-0.5,2020.0,24.0,3.8,2020.0,24.0,0.093,2020.0,24.0,14.466666666666667,2019.0,23.0,-1.1333333333333333,2019.0,23.0,3.233333333333333,2021.0,25.0,0.078
Kelvin Cato,Full Advanced,Role/Bench,2003.0,28.0,15.5,2005.0,30.0,0.7,2002.0,27.0,5.3,2003.0,28.0,0.145,2003.0,28.0,14.566666666666668,2004.0,29.0,0.3,2003.0,28.0,4.566666666666666,1998.0,23.0,0.1365
Kemba Walker,Full Advanced,All-Star,2019.0,28.0,21.7,2020.0,29.0,4.6,2016.0,25.0,9.9,2016.0,25.0,0.164,2018.0,27.0,21.2,2019.0,28.0,4.266666666666667,2017.0,26.0,8.866666666666667,2017.0,26.0,0.152
Ken Norman,Full Advanced,Role/Bench,1993.0,28.0,15.7,1993.0,28.0,-0.3,1993.0,28.0,5.2,1993.0,28.0,0.101,1994.0,29.0,14.366666666666667,1996.0,31.0,-1.0500000000000003,1993.0,28.0,3.55,1996.0,31.0,0.075
Kendall Gill,Full Advanced,Role/Bench,1997.0,28.0,19.6,1997.0,28.0,2.9,1997.0,28.0,8.8,1997.0,28.0,0.132,1996.0,27.0,16.766666666666666,1997.0,28.0,1.8999999999999997,1997.0,28.0,5.966666666666668,1997.0,28.0,0.109
Kendall Marshall,Full Advanced,Role/Bench,2014.0,22.0,12.6,2015.0,23.0,-0.8,2014.0,22.0,0.9,2015.0,23.0,0.088,2014.0,22.0,10.933333333333332,2014.0,22.0,-2.8000000000000003,2014.0,22.0,0.5,2014.0,22.0,0.034999999999999996
Kendrick Nunn,Full Advanced,Role/Bench,2021.0,25.0,14.2,2021.0,25.0,-0.5,2021.0,25.0,2.9,2021.0,25.0,0.084,2020.0,24.0,13.55,2020.0,24.0,-1.4,2020.0,24.0,2.45,2020.0,24.0,0.0665
Kendrick Perkins,Full Advanced,Role/Bench,2010.0,25.0,15.0,2008.0,23.0,0.5,2008.0,23.0,6.2,2008.0,23.0,0.156,2009.0,24.0,13.833333333333334,2009.0,24.0,-0.033333333333333326,2009.0,24.0,5.666666666666667,2009.0,24.0,0.13066666666666668
Kenneth Faried,Full Advanced,Starter/Rotation,2012.0,22.0,21.9,2012.0,22.0,2.2,2013.0,23.0,7.8,2012.0,22.0,0.212,2012.0,22.0,20.2,2012.0,22.0,1.6500000000000001,2014.0,24.0,6.633333333333333,2012.0,22.0,0.1895
Kenny Anderson,Full Advanced,Role/Bench,1997.0,26.0,19.5,1997.0,26.0,4.4,1997.0,26.0,12.4,1997.0,26.0,0.193,1996.0,25.0,19.0,1996.0,25.0,3.6333333333333333,1996.0,25.0,8.966666666666667,1996.0,25.0,0.15766666666666668
Kenny Gattison,Full Advanced,Role/Bench,1994.0,29.0,13.3,1994.0,29.0,-1.3,1994.0,29.0,3.5,1993.0,28.0,0.103,1993.0,28.0,12.9,1993.0,28.0,-1.4,1993.0,28.0,3.35,1993.0,28.0,0.1025
Kenny Smith,Full Advanced,All-Star,1993.0,27.0,17.1,1993.0,27.0,2.1,1993.0,27.0,8.2,1993.0,27.0,0.162,1994.0,28.0,15.833333333333334,1994.0,28.0,1.4333333333333333,1993.0,27.0,7.1499999999999995,1993.0,27.0,0.14700000000000002
Kenny Thomas,Full Advanced,Role/Bench,2002.0,24.0,16.4,2002.0,24.0,0.1,2004.0,26.0,6.6,2004.0,26.0,0.118,2003.0,25.0,15.733333333333334,2003.0,25.0,-0.4333333333333333,2005.0,27.0,5.466666666666666,2005.0,27.0,0.10966666666666668
Kenrich Williams,Full Advanced,Role/Bench,2023.0,28.0,14.4,2025.0,30.0,0.6,2025.0,30.0,3.6,2025.0,30.0,0.151,2022.0,27.0,13.9,2024.0,29.0,0.09999999999999996,2024.0,29.0,3.1333333333333333,2025.0,30.0,0.133
Kent Bazemore,Full Advanced,Role/Bench,2018.0,28.0,14.5,2018.0,28.0,0.6,2016.0,26.0,4.1,2016.0,26.0,0.094,2017.0,27.0,13.166666666666666,2017.0,27.0,-0.033333333333333326,2017.0,27.0,2.8000000000000003,2017.0,27.0,0.06833333333333333
Kentavious Caldwell-Pope,Full Advanced,Role/Bench,2018.0,24.0,13.2,2018.0,24.0,0.3,2016.0,22.0,5.3,2021.0,27.0,0.107,2018.0,24.0,12.966666666666667,2017.0,23.0,-0.06666666666666667,2017.0,23.0,5.033333333333333,2020.0,26.0,0.10133333333333333
Kenyon Martin,Full Advanced,Starter/Rotation,2004.0,26.0,18.7,2004.0,26.0,1.9,2003.0,25.0,7.1,2004.0,26.0,0.142,2004.0,26.0,17.7,2004.0,26.0,1.3333333333333333,2004.0,26.0,6.366666666666667,2004.0,26.0,0.12733333333333333
Keon Clark,Full Advanced,Role/Bench,2002.0,26.0,16.7,2003.0,27.0,-0.2,2002.0,26.0,5.3,2003.0,27.0,0.127,2002.0,26.0,15.399999999999999,2003.0,27.0,-0.44999999999999996,2003.0,27.0,5.0,2003.0,27.0,0.1215
Keon Johnson,Full Advanced,Role/Bench,2025.0,22.0,10.4,2025.0,22.0,-3.3,2025.0,22.0,0.5,2025.0,22.0,0.014,2025.0,22.0,9.700000000000001,2025.0,22.0,-4.3500000000000005,2025.0,22.0,0.0,2025.0,22.0,-0.0215
Kerry Kittles,Full Advanced,All-Star,2003.0,28.0,18.3,2003.0,28.0,4.7,1998.0,23.0,8.4,2003.0,28.0,0.188,1997.0,22.0,16.75,2004.0,29.0,3.1500000000000004,2003.0,28.0,7.666666666666667,2004.0,29.0,0.15799999999999997
Kessler Edwards,Full Advanced,Role/Bench,2025.0,24.0,11.3,2025.0,24.0,-1.4,2025.0,24.0,1.2,2025.0,24.0,0.096,2025.0,24.0,9.85,2025.0,24.0,-2.65,2025.0,24.0,0.8,2025.0,24.0,0.072
Kevin Duckworth,Full Advanced,Role/Bench,1993.0,28.0,11.4,1993.0,28.0,-3.3,1993.0,28.0,2.5,1993.0,28.0,0.069,1994.0,29.0,9.833333333333334,1993.0,28.0,-4.949999999999999,1993.0,28.0,1.0,1993.0,28.0,0.026000000000000002
Kevin Durant,Full Advanced,Elite,2014.0,25.0,29.8,2014.0,25.0,10.2,2014.0,25.0,19.2,2014.0,25.0,0.295,2014.0,25.0,28.566666666666666,2015.0,26.0,10.033333333333333,2013.0,24.0,16.766666666666666,2014.0,25.0,0.2793333333333333
Kevin Edwards,Full Advanced,Role/Bench,1993.0,27.0,17.1,1993.0,27.0,2.1,1994.0,28.0,5.1,1993.0,27.0,0.108,1993.0,27.0,15.450000000000001,1993.0,27.0,1.05,1993.0,27.0,3.8,1993.0,27.0,0.0985
Kevin Gamble,Full Advanced,Role/Bench,1995.0,29.0,16.3,1995.0,29.0,1.5,1993.0,27.0,6.6,1995.0,29.0,0.134,1994.0,28.0,14.933333333333332,1994.0,28.0,0.39999999999999997,1993.0,27.0,4.35,1994.0,28.0,0.104
Kevin Garnett,Full Advanced,Elite,2004.0,27.0,29.4,2004.0,27.0,10.2,2004.0,27.0,18.3,2004.0,27.0,0.272,2005.0,28.0,28.13333333333333,2004.0,27.0,9.366666666666667,2004.0,27.0,16.666666666666668,2005.0,28.0,0.254
Kevin Huerter,Full Advanced,Role/Bench,2023.0,24.0,15.2,2023.0,24.0,1.0,2023.0,24.0,4.9,2023.0,24.0,0.107,2023.0,24.0,13.166666666666666,2022.0,23.0,-0.16666666666666666,2022.0,23.0,3.766666666666667,2023.0,24.0,0.08600000000000001
Kevin Johnson,Full Advanced,All-Star,1997.0,30.0,22.9,1997.0,30.0,5.0,1997.0,30.0,11.7,1997.0,30.0,0.211,1996.0,29.0,22.233333333333334,1996.0,29.0,4.3999999999999995,1996.0,29.0,8.233333333333333,1996.0,29.0,0.19166666666666665
Kevin Knox,Full Advanced,Role/Bench,2023.0,23.0,11.1,2021.0,21.0,-1.4,2023.0,23.0,0.7,2021.0,21.0,0.065,2024.0,24.0,10.5,2021.0,21.0,-3.033333333333333,2023.0,23.0,0.5666666666666668,2023.0,23.0,0.044000000000000004
Kevin Love,Full Advanced,All-Star,2014.0,25.0,26.9,2014.0,25.0,8.9,2014.0,25.0,14.3,2014.0,25.0,0.245,2012.0,23.0,25.53333333333333,2012.0,23.0,6.166666666666667,2012.0,23.0,11.9,2012.0,23.0,0.22599999999999998
Kevin Martin,Full Advanced,Starter/Rotation,2011.0,27.0,21.4,2011.0,27.0,3.4,2007.0,23.0,10.2,2008.0,24.0,0.183,2008.0,24.0,20.099999999999998,2012.0,28.0,1.9000000000000001,2007.0,23.0,8.033333333333333,2007.0,23.0,0.16433333333333333
Kevin Ollie,Full Advanced,Role/Bench,2003.0,30.0,13.7,2003.0,30.0,-0.6,2003.0,30.0,3.8,2003.0,30.0,0.097,2003.0,30.0,12.733333333333333,2003.0,30.0,-1.5,2003.0,30.0,2.8666666666666667,2003.0,30.0,0.082
Kevin Porter Jr.,Full Advanced,Role/Bench,2023.0,22.0,16.2,2023.0,22.0,0.6,2023.0,22.0,2.9,2025.0,24.0,0.072,2025.0,24.0,15.8,2025.0,24.0,0.0,2025.0,24.0,2.5500000000000003,2025.0,24.0,0.07
Kevin Séraphin,Full Advanced,Role/Bench,2012.0,22.0,15.8,2012.0,22.0,-1.7,2012.0,22.0,2.3,2012.0,22.0,0.094,2013.0,23.0,12.866666666666667,2017.0,27.0,-3.6,2011.0,21.0,1.25,2011.0,21.0,0.0555
Kevin Willis,Full Advanced,Role/Bench,1994.0,31.0,19.4,1994.0,31.0,0.4,1994.0,31.0,10.2,1994.0,31.0,0.17,1993.0,30.0,18.4,1993.0,30.0,-0.55,1993.0,30.0,8.1,1993.0,30.0,0.1345
Kevon Looney,Full Advanced,Starter/Rotation,2023.0,26.0,17.8,2023.0,26.0,2.1,2023.0,26.0,8.7,2023.0,26.0,0.212,2024.0,27.0,16.633333333333333,2023.0,26.0,1.2,2023.0,26.0,6.5,2023.0,26.0,0.18699999999999997
Keyon Dooling,Full Advanced,Role/Bench,2008.0,27.0,14.1,2009.0,28.0,-0.5,2009.0,28.0,3.7,2008.0,27.0,0.132,2009.0,28.0,13.1,2008.0,27.0,-0.7999999999999999,2008.0,27.0,3.1666666666666665,2008.0,27.0,0.09600000000000002
Khalid Reeves,Full Advanced,Role/Bench,1995.0,22.0,16.9,1995.0,22.0,1.9,1995.0,22.0,3.5,1995.0,22.0,0.115,1995.0,22.0,14.0,1995.0,22.0,-0.5,1995.0,22.0,2.3,1995.0,22.0,0.0895
Khem Birch,Full Advanced,Role/Bench,2019.0,26.0,19.2,2019.0,26.0,1.2,2021.0,28.0,3.8,2019.0,26.0,0.212,2018.0,25.0,17.799999999999997,2018.0,25.0,0.14999999999999997,2022.0,29.0,3.1999999999999997,2018.0,25.0,0.181
Khris Middleton,Full Advanced,Starter/Rotation,2020.0,28.0,21.1,2020.0,28.0,4.1,2020.0,28.0,7.9,2020.0,28.0,0.205,2021.0,29.0,19.133333333333333,2021.0,29.0,2.3333333333333335,2019.0,27.0,6.966666666666666,2020.0,28.0,0.15433333333333335
Killian Hayes,Full Advanced,Role/Bench,2024.0,22.0,10.5,2024.0,22.0,-2.7,2024.0,22.0,0.7,2024.0,22.0,0.032,2024.0,22.0,10.35,2024.0,22.0,-3.25,2023.0,21.0,0.2333333333333333,2023.0,21.0,0.011333333333333334
Kirk Hinrich,Full Advanced,Role/Bench,2007.0,26.0,17.0,2007.0,26.0,2.8,2007.0,26.0,10.1,2007.0,26.0,0.171,2006.0,25.0,15.933333333333332,2006.0,25.0,2.3666666666666667,2006.0,25.0,8.299999999999999,2006.0,25.0,0.13966666666666666
Kirk Snyder,Full Advanced,Role/Bench,2006.0,22.0,14.6,2006.0,22.0,0.6,2006.0,22.0,2.2,2007.0,23.0,0.117,2007.0,23.0,13.366666666666665,2007.0,23.0,-0.3333333333333333,2007.0,23.0,1.5666666666666667,2008.0,24.0,0.0925
Klay Thompson,Full Advanced,Role/Bench,2015.0,24.0,20.8,2015.0,24.0,4.4,2015.0,24.0,8.8,2015.0,24.0,0.172,2016.0,25.0,18.933333333333334,2016.0,25.0,2.3333333333333335,2016.0,25.0,7.966666666666666,2016.0,25.0,0.14833333333333332
Kobe Bryant,Full Advanced,Elite,2006.0,27.0,28.0,2006.0,27.0,7.6,2006.0,27.0,15.3,2006.0,27.0,0.224,2007.0,28.0,26.099999999999998,2007.0,28.0,6.433333333333334,2007.0,28.0,14.033333333333333,2007.0,28.0,0.21033333333333334
Kosta Koufos,Full Advanced,Role/Bench,2018.0,28.0,17.5,2012.0,22.0,0.9,2013.0,23.0,6.5,2013.0,23.0,0.171,2013.0,23.0,17.0,2012.0,22.0,0.03333333333333336,2014.0,24.0,4.433333333333334,2013.0,23.0,0.15266666666666667
Kris Dunn,Full Advanced,Role/Bench,2023.0,28.0,19.1,2023.0,28.0,2.4,2025.0,30.0,4.0,2023.0,28.0,0.162,2023.0,28.0,14.666666666666666,2024.0,29.0,0.9666666666666667,2025.0,30.0,3.0,2024.0,29.0,0.11533333333333333
Kris Humphries,Full Advanced,Role/Bench,2014.0,28.0,18.2,2014.0,28.0,0.9,2011.0,25.0,5.4,2014.0,28.0,0.143,2011.0,25.0,16.933333333333334,2015.0,29.0,-0.7000000000000001,2012.0,26.0,4.466666666666666,2014.0,28.0,0.12866666666666665
Kristaps Porziņģis,Full Advanced,All-Star,2022.0,26.0,23.7,2024.0,28.0,5.1,2024.0,28.0,7.9,2024.0,28.0,0.226,2023.0,27.0,23.333333333333332,2025.0,29.0,4.9,2023.0,27.0,7.066666666666666,2025.0,29.0,0.21899999999999997
Kurt Thomas,Full Advanced,Role/Bench,2001.0,28.0,16.9,2001.0,28.0,1.2,2001.0,28.0,8.2,2001.0,28.0,0.185,2002.0,29.0,16.466666666666665,2002.0,29.0,0.09999999999999998,2002.0,29.0,6.7,2002.0,29.0,0.13233333333333333
Kwame Brown,Full Advanced,Role/Bench,2004.0,21.0,15.7,2007.0,24.0,-0.3,2004.0,21.0,4.9,2004.0,21.0,0.105,2003.0,20.0,13.5,2007.0,24.0,-1.7,2005.0,22.0,3.0333333333333337,2013.0,30.0,0.084
Kyle Anderson,Full Advanced,Starter/Rotation,2021.0,27.0,17.2,2021.0,27.0,3.3,2018.0,24.0,6.2,2018.0,24.0,0.151,2022.0,28.0,15.466666666666667,2022.0,28.0,2.3333333333333335,2022.0,28.0,4.733333333333333,2017.0,23.0,0.137
Kyle Korver,Full Advanced,Starter/Rotation,2015.0,33.0,14.8,2015.0,33.0,2.8,2015.0,33.0,7.5,2012.0,30.0,0.172,2014.0,32.0,14.066666666666668,2014.0,32.0,1.8999999999999997,2014.0,32.0,6.6000000000000005,2012.0,30.0,0.15266666666666664
Kyle Kuzma,Full Advanced,Role/Bench,2024.0,28.0,15.7,2022.0,26.0,-0.2,2018.0,22.0,3.8,2021.0,25.0,0.08,2023.0,27.0,15.066666666666668,2022.0,26.0,-0.7666666666666666,2018.0,22.0,3.45,2018.0,22.0,0.07100000000000001
Kyle Lowry,Full Advanced,All-Star,2017.0,30.0,22.9,2017.0,30.0,6.1,2014.0,27.0,11.7,2017.0,30.0,0.216,2017.0,30.0,21.53333333333333,2017.0,30.0,5.7,2017.0,30.0,10.633333333333333,2017.0,30.0,0.20199999999999999
Kyle O'Quinn,Full Advanced,Role/Bench,2017.0,26.0,20.5,2018.0,27.0,3.1,2018.0,27.0,4.8,2018.0,27.0,0.166,2018.0,27.0,19.700000000000003,2020.0,29.0,3.05,2017.0,26.0,3.4333333333333336,2020.0,29.0,0.1655
Kyle Singler,Full Advanced,Role/Bench,2014.0,25.0,11.8,2014.0,25.0,-1.4,2014.0,25.0,4.4,2014.0,25.0,0.09,2013.0,24.0,10.9,2014.0,25.0,-2.1666666666666665,2013.0,24.0,3.35,2013.0,24.0,0.069
Kyrie Irving,Full Advanced,All-Star,2020.0,27.0,26.2,2020.0,27.0,7.7,2015.0,22.0,10.4,2018.0,25.0,0.222,2019.0,26.0,25.166666666666668,2019.0,26.0,7.3999999999999995,2018.0,25.0,8.966666666666667,2019.0,26.0,0.20966666666666667
LaMarcus Aldridge,Full Advanced,Starter/Rotation,2018.0,32.0,25.0,2018.0,32.0,3.9,2011.0,25.0,11.1,2016.0,30.0,0.215,2019.0,33.0,22.53333333333333,2015.0,29.0,2.5,2010.0,24.0,9.799999999999999,2017.0,31.0,0.19099999999999998
LaMelo Ball,Full Advanced,All-Star,2024.0,22.0,20.8,2022.0,20.0,3.4,2022.0,20.0,5.8,2022.0,20.0,0.116,2025.0,23.0,19.950000000000003,2025.0,23.0,3.249999999999999,2021.0,19.0,4.3,2021.0,19.0,0.10450000000000001
LaPhonso Ellis,Full Advanced,Role/Bench,1997.0,26.0,18.2,1993.0,22.0,0.8,1993.0,22.0,8.0,1993.0,22.0,0.139,1993.0,22.0,16.25,1993.0,22.0,0.7,1993.0,22.0,7.8,1993.0,22.0,0.137
LaSalle Thompson,Full Advanced,Role/Bench,1993.0,31.0,10.7,1993.0,31.0,-2.8,1993.0,31.0,0.9,1993.0,31.0,0.061,1993.0,31.0,8.75,1993.0,31.0,-4.05,1993.0,31.0,0.5,1993.0,31.0,0.038
Lamar Odom,Full Advanced,All-Star,2011.0,31.0,19.4,2001.0,21.0,4.0,2011.0,31.0,10.1,2011.0,31.0,0.184,2005.0,25.0,17.599999999999998,2010.0,30.0,2.6666666666666665,2010.0,30.0,8.233333333333333,2010.0,30.0,0.15666666666666665
Lamar Stevens,Full Advanced,Role/Bench,2024.0,26.0,14.6,2024.0,26.0,-2.2,2023.0,25.0,1.9,2023.0,25.0,0.08,2024.0,26.0,12.049999999999999,2024.0,26.0,-2.5,2023.0,25.0,1.4333333333333333,2023.0,25.0,0.07533333333333335
Lamond Murray,Full Advanced,Role/Bench,1998.0,24.0,17.8,1998.0,24.0,0.5,1998.0,24.0,4.9,1998.0,24.0,0.092,1998.0,24.0,15.5,1998.0,24.0,-0.7999999999999999,1997.0,23.0,2.733333333333333,2006.0,32.0,0.07150000000000001
Lance Stephenson,Full Advanced,Role/Bench,2014.0,23.0,14.7,2014.0,23.0,1.3,2014.0,23.0,7.4,2014.0,23.0,0.13,2022.0,31.0,12.7,2013.0,22.0,-0.8000000000000002,2013.0,22.0,4.2,2014.0,23.0,0.07300000000000001
Lance Thomas,Full Advanced,Role/Bench,2016.0,27.0,10.4,2013.0,24.0,-3.0,2016.0,27.0,1.7,2012.0,23.0,0.088,2012.0,23.0,10.1,2017.0,28.0,-3.466666666666667,2012.0,23.0,1.2,2012.0,23.0,0.0875
Landry Fields,Full Advanced,Role/Bench,2011.0,22.0,13.5,2011.0,22.0,0.2,2011.0,22.0,5.3,2011.0,22.0,0.1,2011.0,22.0,12.75,2011.0,22.0,0.1,2011.0,22.0,4.35,2011.0,22.0,0.0925
Landry Shamet,Full Advanced,Role/Bench,2019.0,21.0,11.0,2022.0,24.0,-1.2,2019.0,21.0,3.6,2019.0,21.0,0.095,2023.0,25.0,10.533333333333333,2022.0,24.0,-1.6666666666666667,2019.0,21.0,3.1,2019.0,21.0,0.0905
Langston Galloway,Full Advanced,Role/Bench,2020.0,28.0,12.3,2018.0,26.0,0.1,2019.0,27.0,3.4,2021.0,29.0,0.096,2021.0,29.0,12.2,2019.0,27.0,-0.7333333333333334,2019.0,27.0,2.6333333333333333,2020.0,28.0,0.09233333333333334
Laron Profit,Full Advanced,Role/Bench,2006.0,28.0,11.8,2001.0,23.0,-1.0,2005.0,27.0,0.4,2006.0,28.0,0.05,2005.0,27.0,11.666666666666666,2001.0,23.0,-1.45,2001.0,23.0,0.35,2006.0,28.0,0.0495
Larry Hughes,Full Advanced,Role/Bench,2005.0,26.0,21.6,2005.0,26.0,4.3,2005.0,26.0,7.7,2005.0,26.0,0.157,2004.0,25.0,18.233333333333334,2004.0,25.0,1.8,2004.0,25.0,5.066666666666666,2004.0,25.0,0.109
Larry Johnson,Full Advanced,Starter/Rotation,1996.0,26.0,19.8,1996.0,26.0,2.8,1996.0,26.0,10.1,1996.0,26.0,0.149,1995.0,25.0,17.900000000000002,1996.0,26.0,2.033333333333333,1996.0,26.0,8.766666666666667,1997.0,27.0,0.14233333333333334
Larry Nance Jr.,Full Advanced,All-Star,2018.0,25.0,20.2,2019.0,26.0,2.4,2018.0,25.0,5.8,2018.0,25.0,0.196,2019.0,26.0,18.7,2019.0,26.0,2.1666666666666665,2019.0,26.0,4.866666666666666,2024.0,31.0,0.154
Larry Sanders,Full Advanced,Role/Bench,2013.0,24.0,18.7,2013.0,24.0,1.0,2013.0,24.0,6.0,2013.0,24.0,0.149,2014.0,25.0,15.966666666666669,2014.0,25.0,-1.0,2014.0,25.0,2.766666666666667,2014.0,25.0,0.11266666666666665
Latrell Sprewell,Full Advanced,Starter/Rotation,1997.0,26.0,19.7,1997.0,26.0,2.7,1997.0,26.0,8.1,1999.0,28.0,0.117,1997.0,26.0,17.433333333333334,1997.0,26.0,1.5666666666666667,1993.0,22.0,6.0,1997.0,26.0,0.106
Lauri Markkanen,Full Advanced,Role/Bench,2023.0,25.0,22.1,2023.0,25.0,3.8,2023.0,25.0,8.2,2023.0,25.0,0.173,2024.0,26.0,19.733333333333334,2023.0,25.0,2.6,2023.0,25.0,6.466666666666668,2023.0,25.0,0.15433333333333332
Lavoy Allen,Full Advanced,Role/Bench,2015.0,25.0,14.9,2015.0,25.0,0.0,2016.0,26.0,3.7,2015.0,25.0,0.127,2015.0,25.0,13.266666666666666,2016.0,26.0,-1.0999999999999999,2016.0,26.0,2.733333333333333,2016.0,26.0,0.11
Lawrence Funderburke,Full Advanced,Role/Bench,1999.0,28.0,18.5,1999.0,28.0,0.7,1999.0,28.0,3.1,1999.0,28.0,0.159,1998.0,27.0,17.35,1998.0,27.0,0.09999999999999998,1998.0,27.0,2.6,2001.0,30.0,0.131
LeBron James,Full Advanced,Elite,2009.0,24.0,31.7,2009.0,24.0,13.2,2009.0,24.0,20.3,2013.0,28.0,0.322,2009.0,24.0,30.633333333333336,2009.0,24.0,11.966666666666667,2010.0,25.0,18.133333333333333,2013.0,28.0,0.2946666666666667
Leandro Barbosa,Full Advanced,Role/Bench,2009.0,26.0,19.4,2007.0,24.0,2.7,2007.0,24.0,8.2,2007.0,24.0,0.151,2008.0,25.0,17.866666666666667,2008.0,25.0,1.5999999999999999,2008.0,25.0,6.233333333333333,2008.0,25.0,0.13366666666666666
Ledell Eackles,Full Advanced,Role/Bench,1996.0,29.0,12.5,1996.0,29.0,-0.7,1996.0,29.0,2.4,1996.0,29.0,0.094,1998.0,31.0,12.349999999999998,1998.0,31.0,-1.2,1998.0,31.0,1.7000000000000002,1998.0,31.0,0.091
Lee Mayberry,Full Advanced,Role/Bench,1996.0,25.0,11.2,1996.0,25.0,-0.9,1996.0,25.0,2.1,1996.0,25.0,0.06,1996.0,25.0,10.433333333333334,1996.0,25.0,-2.3666666666666667,1996.0,25.0,1.7666666666666668,1996.0,25.0,0.047999999999999994
Lee Nailon,Full Advanced,Role/Bench,2005.0,29.0,14.5,2005.0,29.0,-1.3,2002.0,26.0,3.5,2001.0,25.0,0.096,2006.0,30.0,14.5,2006.0,30.0,-2.0,2001.0,25.0,2.2,2001.0,25.0,0.0915
Leon Powe,Full Advanced,Role/Bench,2008.0,24.0,20.9,2008.0,24.0,0.2,2009.0,25.0,4.9,2008.0,24.0,0.256,2007.0,23.0,17.75,2008.0,24.0,-1.3,2008.0,24.0,3.6333333333333333,2008.0,24.0,0.18800000000000003
Linas Kleiza,Full Advanced,Role/Bench,2008.0,23.0,14.4,2008.0,23.0,-0.9,2008.0,23.0,4.7,2008.0,23.0,0.119,2008.0,23.0,12.9,2008.0,23.0,-1.6333333333333335,2007.0,22.0,3.75,2007.0,22.0,0.1045
Lindsey Hunter,Full Advanced,Role/Bench,2001.0,30.0,14.8,2001.0,30.0,1.2,1997.0,26.0,6.4,2001.0,30.0,0.109,1999.0,28.0,13.700000000000001,1999.0,28.0,0.8000000000000002,1998.0,27.0,4.8,1999.0,28.0,0.09833333333333334
Lindy Waters III,Full Advanced,Role/Bench,2022.0,24.0,13.0,2023.0,25.0,0.1,2023.0,25.0,1.1,2023.0,25.0,0.101,2022.0,24.0,12.4,2022.0,24.0,-0.75,2025.0,27.0,1.0500000000000003,2022.0,24.0,0.091
Linton Johnson,Full Advanced,Role/Bench,2007.0,26.0,14.0,2007.0,26.0,0.1,2007.0,26.0,1.9,2007.0,26.0,0.125,2007.0,26.0,12.05,2007.0,26.0,-2.0,2007.0,26.0,1.1500000000000001,2007.0,26.0,0.0805
Lionel Simmons,Full Advanced,Role/Bench,1993.0,24.0,15.5,1993.0,24.0,0.4,1994.0,25.0,3.8,1993.0,24.0,0.074,1993.0,24.0,15.15,1993.0,24.0,0.30000000000000004,1993.0,24.0,3.8,1993.0,24.0,0.07050000000000001
Lloyd Daniels,Full Advanced,Role/Bench,1993.0,25.0,12.9,1994.0,26.0,-0.7,1993.0,25.0,1.8,1993.0,25.0,0.056,1993.0,25.0,12.05,1993.0,25.0,-0.8,1993.0,25.0,1.4500000000000002,1993.0,25.0,0.055
Lonnie Walker IV,Full Advanced,Role/Bench,2024.0,25.0,13.1,2024.0,25.0,-1.4,2023.0,24.0,1.8,2023.0,24.0,0.066,2025.0,26.0,13.1,2024.0,25.0,-1.7333333333333332,2023.0,24.0,1.2666666666666666,2023.0,24.0,0.04700000000000001
Lonzo Ball,Full Advanced,Starter/Rotation,2021.0,23.0,15.2,2022.0,24.0,2.5,2021.0,23.0,3.2,2021.0,23.0,0.089,2021.0,23.0,14.266666666666666,2021.0,23.0,1.5999999999999999,2021.0,23.0,2.6,2022.0,24.0,0.084
Loren Woods,Full Advanced,Role/Bench,2004.0,25.0,12.3,2004.0,25.0,-2.2,2004.0,25.0,1.1,2004.0,25.0,0.1,2005.0,26.0,11.966666666666669,2005.0,26.0,-2.533333333333333,2004.0,25.0,0.9,2004.0,25.0,0.07400000000000001
Lorenzen Wright,Full Advanced,Role/Bench,2001.0,25.0,15.7,2005.0,29.0,-1.2,2005.0,29.0,5.2,2005.0,29.0,0.108,2001.0,25.0,15.066666666666665,2005.0,29.0,-1.8,2005.0,29.0,4.033333333333334,2005.0,29.0,0.102
Lorenzo Williams,Full Advanced,Role/Bench,1994.0,24.0,11.1,1995.0,25.0,-1.7,1995.0,25.0,3.1,1994.0,24.0,0.072,1994.0,24.0,10.7,1994.0,24.0,-2.1,1996.0,26.0,2.4000000000000004,1994.0,24.0,0.0675
Lou Amundson,Full Advanced,Role/Bench,2010.0,27.0,14.4,2010.0,27.0,-1.1,2010.0,27.0,2.9,2010.0,27.0,0.118,2009.0,26.0,13.850000000000001,2009.0,26.0,-1.8,2009.0,26.0,2.35,2009.0,26.0,0.1
Lou Williams,Full Advanced,All-Star,2017.0,30.0,21.4,2012.0,25.0,4.0,2018.0,31.0,6.7,2012.0,25.0,0.174,2018.0,31.0,20.933333333333334,2018.0,31.0,2.8000000000000003,2018.0,31.0,5.966666666666666,2011.0,24.0,0.14833333333333332
Loy Vaught,Full Advanced,Role/Bench,1995.0,26.0,17.1,1995.0,26.0,-0.7,1997.0,28.0,6.3,1994.0,25.0,0.125,1996.0,27.0,16.8,1996.0,27.0,-0.9,1996.0,27.0,6.033333333333334,1993.0,24.0,0.124
Luc Longley,Full Advanced,Role/Bench,1994.0,25.0,13.5,1998.0,29.0,-0.9,1996.0,27.0,3.5,1997.0,28.0,0.103,1998.0,29.0,13.466666666666669,1997.0,28.0,-1.4000000000000001,1997.0,28.0,3.3333333333333335,1997.0,28.0,0.10000000000000002
Luc Mbah a Moute,Full Advanced,Role/Bench,2012.0,25.0,13.9,2017.0,30.0,-0.2,2011.0,24.0,4.8,2010.0,23.0,0.122,2011.0,24.0,12.4,2018.0,31.0,-0.2,2010.0,23.0,4.5,2011.0,24.0,0.11433333333333333
Lucious Harris,Full Advanced,Role/Bench,2002.0,31.0,15.7,2002.0,31.0,1.4,2002.0,31.0,5.1,2002.0,31.0,0.157,2002.0,31.0,14.033333333333333,2002.0,31.0,0.19999999999999998,2002.0,31.0,4.3,2003.0,32.0,0.11733333333333333
Luguentz Dort,Full Advanced,Role/Bench,2022.0,22.0,12.3,2025.0,25.0,0.2,2025.0,25.0,5.6,2025.0,25.0,0.129,2023.0,23.0,11.566666666666668,2025.0,25.0,-0.7000000000000002,2025.0,25.0,5.1,2025.0,25.0,0.11300000000000002
Luis Scola,Full Advanced,Role/Bench,2011.0,30.0,18.4,2009.0,28.0,0.5,2009.0,28.0,8.6,2009.0,28.0,0.165,2010.0,29.0,17.53333333333333,2008.0,27.0,0.25,2008.0,27.0,7.55,2008.0,27.0,0.1595
Luka Dončić,Full Advanced,Elite,2023.0,23.0,28.7,2024.0,24.0,9.9,2024.0,24.0,12.0,2024.0,24.0,0.22,2023.0,23.0,27.3,2023.0,23.0,9.0,2023.0,23.0,9.933333333333332,2024.0,24.0,0.19466666666666665
Luke Babbitt,Full Advanced,Role/Bench,2014.0,24.0,12.1,2015.0,25.0,-0.4,2017.0,27.0,1.8,2015.0,25.0,0.092,2015.0,25.0,11.6,2014.0,24.0,-1.3,2016.0,26.0,1.5,2016.0,26.0,0.079
Luke Kennard,Full Advanced,Role/Bench,2020.0,23.0,14.4,2025.0,28.0,1.1,2022.0,25.0,4.5,2025.0,28.0,0.127,2021.0,24.0,13.466666666666667,2024.0,27.0,0.43333333333333335,2022.0,25.0,3.533333333333333,2024.0,27.0,0.11666666666666665
Luke Kornet,Full Advanced,All-Star,2024.0,28.0,19.8,2024.0,28.0,3.4,2025.0,29.0,7.0,2024.0,28.0,0.248,2025.0,29.0,19.700000000000003,2025.0,29.0,3.35,2025.0,29.0,6.05,2025.0,29.0,0.24699999999999997
Luke Ridnour,Full Advanced,Role/Bench,2010.0,28.0,17.7,2010.0,28.0,2.2,2010.0,28.0,6.2,2010.0,28.0,0.168,2011.0,29.0,15.433333333333335,2010.0,28.0,0.7333333333333333,2010.0,28.0,4.533333333333333,2011.0,29.0,0.11566666666666665
Luke Walton,Full Advanced,Role/Bench,2007.0,26.0,14.7,2004.0,23.0,0.9,2007.0,26.0,3.8,2004.0,23.0,0.103,2007.0,26.0,12.866666666666667,2008.0,27.0,-0.3,2008.0,27.0,3.0,2008.0,27.0,0.08766666666666667
Luol Deng,Full Advanced,Starter/Rotation,2007.0,21.0,18.7,2007.0,21.0,3.0,2007.0,21.0,11.3,2007.0,21.0,0.176,2007.0,21.0,17.166666666666668,2006.0,20.0,1.9333333333333333,2007.0,21.0,7.400000000000001,2007.0,21.0,0.13133333333333333
Luther Head,Full Advanced,Role/Bench,2007.0,24.0,13.7,2007.0,24.0,1.6,2007.0,24.0,5.7,2007.0,24.0,0.123,2007.0,24.0,12.833333333333334,2007.0,24.0,0.7333333333333334,2006.0,23.0,4.6,2007.0,24.0,0.10533333333333333
Mahmoud Abdul-Rauf,Full Advanced,Role/Bench,1996.0,26.0,18.6,1996.0,26.0,1.9,1994.0,24.0,6.8,1996.0,26.0,0.131,1995.0,25.0,17.7,1995.0,25.0,1.3,1993.0,23.0,5.949999999999999,1995.0,25.0,0.12366666666666666
Malachi Flynn,Full Advanced,Role/Bench,2024.0,25.0,11.9,2022.0,23.0,-1.5,2022.0,23.0,1.0,2022.0,23.0,0.092,2021.0,22.0,11.3,2021.0,22.0,-2.05,2021.0,22.0,0.9,2021.0,22.0,0.0665
Malcolm Brogdon,Full Advanced,All-Star,2023.0,30.0,18.2,2023.0,30.0,2.8,2019.0,26.0,6.5,2019.0,26.0,0.171,2022.0,29.0,18.03333333333333,2022.0,29.0,2.4,2020.0,27.0,4.9,2020.0,27.0,0.13
Malik Allen,Full Advanced,Role/Bench,2005.0,26.0,14.2,2005.0,26.0,-1.8,2005.0,26.0,1.1,2005.0,26.0,0.1,2005.0,26.0,12.066666666666668,2006.0,27.0,-2.6333333333333333,2006.0,27.0,1.0333333333333334,2006.0,27.0,0.08033333333333334
Malik Beasley,Full Advanced,Role/Bench,2021.0,24.0,14.6,2025.0,28.0,0.8,2025.0,28.0,4.7,2019.0,22.0,0.115,2020.0,23.0,13.833333333333334,2025.0,28.0,-0.5,2025.0,28.0,4.1000000000000005,2025.0,28.0,0.08650000000000001
Malik Monk,Full Advanced,Role/Bench,2023.0,24.0,16.6,2024.0,25.0,0.6,2022.0,23.0,3.6,2023.0,24.0,0.091,2024.0,25.0,15.866666666666669,2023.0,24.0,0.1333333333333333,2023.0,24.0,3.4333333333333336,2023.0,24.0,0.08733333333333333
Malik Rose,Full Advanced,Role/Bench,1999.0,24.0,19.7,1999.0,24.0,0.6,2003.0,28.0,5.2,1999.0,24.0,0.204,1999.0,24.0,17.25,1999.0,24.0,0.5,2003.0,28.0,4.466666666666667,1999.0,24.0,0.16749999999999998
Malik Sealy,Full Advanced,Role/Bench,1995.0,24.0,14.7,1998.0,27.0,-0.6,1997.0,26.0,3.2,1998.0,27.0,0.093,1996.0,25.0,14.066666666666665,1997.0,26.0,-1.1,1997.0,26.0,2.533333333333333,1999.0,28.0,0.08349999999999999
Manu Ginóbili,Full Advanced,Elite,2008.0,30.0,24.3,2008.0,30.0,8.3,2008.0,30.0,11.1,2012.0,34.0,0.257,2008.0,30.0,23.766666666666666,2007.0,29.0,7.633333333333333,2007.0,29.0,10.166666666666666,2006.0,28.0,0.24
MarShon Brooks,Full Advanced,Role/Bench,2013.0,24.0,13.5,2013.0,24.0,-1.7,2013.0,24.0,1.3,2013.0,24.0,0.068,2012.0,23.0,13.2,2012.0,23.0,-2.05,2012.0,23.0,1.05,2012.0,23.0,0.045
Marc Gasol,Full Advanced,All-Star,2015.0,30.0,21.7,2013.0,28.0,5.2,2013.0,28.0,11.5,2013.0,28.0,0.197,2016.0,31.0,19.900000000000002,2014.0,29.0,4.433333333333334,2012.0,27.0,9.200000000000001,2014.0,29.0,0.17200000000000001
Marc Jackson,Full Advanced,Role/Bench,2001.0,26.0,16.1,2001.0,26.0,-1.6,2005.0,30.0,4.6,2005.0,30.0,0.111,2004.0,29.0,14.166666666666666,2004.0,29.0,-2.433333333333333,2004.0,29.0,2.6333333333333333,2004.0,29.0,0.10099999999999999
Marcin Gortat,Full Advanced,Starter/Rotation,2012.0,27.0,21.2,2012.0,27.0,2.2,2015.0,30.0,8.6,2009.0,24.0,0.202,2015.0,30.0,18.266666666666666,2011.0,26.0,1.0666666666666667,2015.0,30.0,8.0,2009.0,24.0,0.1765
Marco Belinelli,Full Advanced,Role/Bench,2014.0,27.0,15.0,2014.0,27.0,1.3,2014.0,27.0,5.9,2014.0,27.0,0.14,2018.0,31.0,13.1,2014.0,27.0,-0.6666666666666666,2014.0,27.0,3.9333333333333336,2014.0,27.0,0.10533333333333333
Marcus Banks,Full Advanced,Role/Bench,2010.0,28.0,15.3,2010.0,28.0,-0.3,2006.0,24.0,2.3,2010.0,28.0,0.095,2010.0,28.0,13.950000000000003,2010.0,28.0,-0.9000000000000001,2005.0,23.0,1.633333333333333,2010.0,28.0,0.0815
Marcus Camby,Full Advanced,All-Star,2001.0,26.0,20.9,2007.0,32.0,4.7,2001.0,26.0,10.3,2001.0,26.0,0.233,2006.0,31.0,19.0,2007.0,32.0,3.8666666666666667,2007.0,32.0,7.199999999999999,2001.0,26.0,0.17033333333333334
Marcus Fizer,Full Advanced,Role/Bench,2003.0,24.0,17.9,2003.0,24.0,-1.0,2003.0,24.0,1.4,2003.0,24.0,0.082,2003.0,24.0,15.166666666666666,2004.0,25.0,-2.8000000000000003,2003.0,24.0,1.0,2003.0,24.0,0.04700000000000001
Marcus Morris,Full Advanced,Role/Bench,2014.0,24.0,14.8,2014.0,24.0,0.5,2016.0,26.0,5.4,2021.0,31.0,0.115,2019.0,29.0,14.333333333333334,2015.0,25.0,0.13333333333333333,2015.0,25.0,4.533333333333333,2020.0,30.0,0.10233333333333333
Marcus Smart,Full Advanced,Role/Bench,2020.0,25.0,13.8,2020.0,25.0,1.4,2022.0,27.0,5.6,2019.0,24.0,0.116,2021.0,26.0,13.733333333333334,2020.0,25.0,0.6333333333333334,2021.0,26.0,4.466666666666666,2020.0,25.0,0.10933333333333334
Marcus Thornton,Full Advanced,Starter/Rotation,2010.0,22.0,17.4,2015.0,27.0,1.2,2010.0,22.0,4.0,2010.0,22.0,0.103,2011.0,23.0,17.099999999999998,2011.0,23.0,1.0,2011.0,23.0,3.766666666666667,2011.0,23.0,0.10033333333333333
Mardy Collins,Full Advanced,Role/Bench,2009.0,24.0,9.5,2007.0,22.0,-3.1,2007.0,22.0,0.0,2007.0,22.0,0.002,2008.0,23.0,8.200000000000001,2008.0,23.0,-4.333333333333333,2010.0,25.0,-0.30000000000000004,2010.0,25.0,-0.026000000000000002
Mario Chalmers,Full Advanced,Role/Bench,2016.0,29.0,17.3,2016.0,29.0,1.3,2009.0,22.0,5.2,2016.0,29.0,0.132,2015.0,28.0,14.333333333333334,2013.0,26.0,0.3333333333333334,2013.0,26.0,4.766666666666667,2013.0,26.0,0.11266666666666668
Mario Elie,Full Advanced,Starter/Rotation,1996.0,32.0,14.6,1999.0,35.0,2.3,1997.0,33.0,8.9,1999.0,35.0,0.169,1996.0,32.0,14.200000000000001,1998.0,34.0,1.1333333333333333,1996.0,32.0,5.833333333333333,1998.0,34.0,0.14
Mario Hezonja,Full Advanced,Role/Bench,2018.0,22.0,13.7,2018.0,22.0,-0.5,2018.0,22.0,2.3,2018.0,22.0,0.066,2019.0,23.0,11.333333333333334,2019.0,23.0,-2.4,2019.0,23.0,1.0,2019.0,23.0,0.035333333333333335
Mark Blount,Full Advanced,Role/Bench,2004.0,28.0,16.0,2004.0,28.0,-0.5,2004.0,28.0,6.5,2004.0,28.0,0.131,2005.0,29.0,13.533333333333333,2004.0,28.0,-1.8666666666666665,2004.0,28.0,3.6666666666666665,2003.0,27.0,0.09133333333333334
Mark Bryant,Full Advanced,Role/Bench,1997.0,31.0,13.3,1995.0,29.0,-1.3,1996.0,30.0,3.6,1995.0,29.0,0.116,1996.0,30.0,13.200000000000001,1996.0,30.0,-2.4333333333333336,1997.0,31.0,2.8000000000000003,1996.0,30.0,0.11066666666666668
Mark Davis,Full Advanced,Role/Bench,1997.0,23.0,13.7,1997.0,23.0,-1.4,1997.0,23.0,2.3,1997.0,23.0,0.065,1998.0,24.0,12.3,1998.0,24.0,-1.6999999999999997,1998.0,24.0,1.25,1998.0,24.0,0.037500000000000006
Mark Hendrickson,Full Advanced,Role/Bench,1999.0,24.0,12.3,1998.0,23.0,-3.5,1999.0,24.0,0.9,1999.0,24.0,0.105,1998.0,23.0,11.066666666666668,1999.0,24.0,-3.6499999999999995,1999.0,24.0,0.85,1999.0,24.0,0.077
Mark Jackson,Full Advanced,Starter/Rotation,1999.0,33.0,17.9,1998.0,32.0,3.1,1993.0,27.0,7.9,1998.0,32.0,0.15,1998.0,32.0,16.933333333333334,1998.0,32.0,2.4,1997.0,31.0,6.933333333333334,1999.0,33.0,0.13133333333333333
Mark Macon,Full Advanced,Role/Bench,1995.0,25.0,12.5,1996.0,26.0,-0.9,1995.0,25.0,0.5,1996.0,26.0,0.092,1996.0,26.0,11.0,1996.0,26.0,-1.2999999999999998,1996.0,26.0,0.5,1996.0,26.0,0.0625
Mark Madsen,Full Advanced,Role/Bench,2002.0,26.0,12.7,2002.0,26.0,-1.9,2004.0,28.0,2.7,2002.0,26.0,0.142,2002.0,26.0,11.0,2002.0,26.0,-2.9,2003.0,27.0,1.9000000000000001,2002.0,26.0,0.1055
Mark Price,Full Advanced,Elite,1994.0,29.0,22.7,1994.0,29.0,6.4,1994.0,29.0,10.0,1994.0,29.0,0.201,1993.0,28.0,22.4,1993.0,28.0,5.85,1993.0,28.0,9.9,1993.0,28.0,0.199
Mark Strickland,Full Advanced,Role/Bench,1998.0,27.0,17.4,1998.0,27.0,0.2,1998.0,27.0,2.8,1998.0,27.0,0.157,1998.0,27.0,16.049999999999997,1998.0,27.0,-0.19999999999999998,1998.0,27.0,1.9,1998.0,27.0,0.14650000000000002
Mark West,Full Advanced,Role/Bench,1995.0,34.0,12.8,1994.0,33.0,-2.2,1993.0,32.0,3.4,1993.0,32.0,0.104,1994.0,33.0,12.166666666666666,1993.0,32.0,-2.25,1993.0,32.0,2.9,1993.0,32.0,0.099
Markelle Fultz,Full Advanced,Role/Bench,2023.0,24.0,16.6,2023.0,24.0,0.5,2023.0,24.0,3.7,2023.0,24.0,0.1,2020.0,21.0,15.450000000000001,2024.0,25.0,-0.45000000000000007,2020.0,21.0,3.2,2024.0,25.0,0.0845
Markieff Morris,Full Advanced,Role/Bench,2014.0,24.0,18.4,2014.0,24.0,1.0,2014.0,24.0,6.4,2014.0,24.0,0.143,2014.0,24.0,15.6,2014.0,24.0,-0.39999999999999997,2014.0,24.0,4.233333333333333,2014.0,24.0,0.09066666666666666
Marko Jarić,Full Advanced,Role/Bench,2003.0,24.0,14.4,2005.0,26.0,1.0,2005.0,26.0,2.8,2005.0,26.0,0.08,2004.0,25.0,13.633333333333333,2004.0,25.0,0.23333333333333336,2006.0,27.0,2.1999999999999997,2004.0,25.0,0.063
Marquese Chriss,Full Advanced,Role/Bench,2020.0,22.0,19.5,2020.0,22.0,0.6,2020.0,22.0,3.4,2020.0,22.0,0.136,2022.0,24.0,17.150000000000002,2022.0,24.0,-1.5999999999999996,2022.0,24.0,2.1,2022.0,24.0,0.12200000000000001
Marquis Daniels,Full Advanced,Role/Bench,2004.0,23.0,20.1,2004.0,23.0,2.3,2006.0,25.0,4.2,2004.0,23.0,0.146,2004.0,23.0,17.35,2004.0,23.0,1.45,2005.0,24.0,3.3000000000000003,2004.0,23.0,0.11599999999999999
Marreese Speights,Full Advanced,Role/Bench,2015.0,27.0,19.5,2017.0,29.0,0.6,2017.0,29.0,4.2,2015.0,27.0,0.158,2016.0,28.0,18.033333333333335,2018.0,30.0,-0.25,2016.0,28.0,3.3333333333333335,2016.0,28.0,0.13833333333333334
Martell Webster,Full Advanced,Role/Bench,2013.0,26.0,13.9,2013.0,26.0,0.8,2013.0,26.0,6.3,2013.0,26.0,0.138,2010.0,23.0,12.299999999999999,2013.0,26.0,-0.4000000000000001,2013.0,26.0,4.266666666666667,2013.0,26.0,0.10466666666666667
Marty Conlon,Full Advanced,Role/Bench,1993.0,25.0,15.9,1993.0,25.0,-1.2,1995.0,27.0,3.1,1994.0,26.0,0.12,1993.0,25.0,15.45,1993.0,25.0,-1.45,1996.0,28.0,1.8333333333333333,1993.0,25.0,0.11249999999999999
Marvin Bagley III,Full Advanced,Role/Bench,2024.0,24.0,19.4,2024.0,24.0,-0.4,2019.0,19.0,3.6,2024.0,24.0,0.122,2024.0,24.0,18.299999999999997,2024.0,24.0,-0.6499999999999999,2019.0,19.0,2.5,2024.0,24.0,0.1085
Marvin Williams,Full Advanced,Role/Bench,2016.0,29.0,16.9,2016.0,29.0,2.7,2016.0,29.0,7.8,2016.0,29.0,0.161,2017.0,30.0,14.833333333333334,2017.0,30.0,1.2333333333333334,2017.0,30.0,5.933333333333334,2017.0,30.0,0.12833333333333333
Mason Plumlee,Full Advanced,All-Star,2023.0,32.0,19.6,2023.0,32.0,2.2,2023.0,32.0,7.9,2023.0,32.0,0.185,2014.0,23.0,18.5,2020.0,29.0,2.1,2022.0,31.0,5.8999999999999995,2020.0,29.0,0.159
Matisse Thybulle,Full Advanced,Starter/Rotation,2022.0,24.0,11.2,2021.0,23.0,1.9,2022.0,24.0,3.7,2022.0,24.0,0.107,2023.0,25.0,10.699999999999998,2021.0,23.0,1.0999999999999999,2021.0,23.0,2.9333333333333336,2022.0,24.0,0.09833333333333333
Matt Barnes,Full Advanced,Role/Bench,2013.0,32.0,15.5,2013.0,32.0,1.8,2013.0,32.0,6.3,2013.0,32.0,0.146,2012.0,31.0,15.200000000000001,2012.0,31.0,1.3333333333333333,2013.0,32.0,4.7,2012.0,31.0,0.1433333333333333
Matt Bonner,Full Advanced,Starter/Rotation,2007.0,26.0,16.4,2012.0,31.0,2.6,2009.0,28.0,6.8,2009.0,28.0,0.169,2006.0,25.0,14.933333333333332,2011.0,30.0,2.3666666666666667,2010.0,29.0,4.966666666666668,2010.0,29.0,0.15633333333333335
Matt Bullard,Full Advanced,Role/Bench,1998.0,30.0,13.8,2001.0,33.0,1.5,1993.0,25.0,3.4,2001.0,33.0,0.125,1999.0,31.0,12.133333333333333,1999.0,31.0,0.5,1993.0,25.0,2.2,1993.0,25.0,0.0935
Matt Carroll,Full Advanced,Role/Bench,2005.0,24.0,14.7,2007.0,26.0,0.3,2007.0,26.0,4.6,2007.0,26.0,0.117,2006.0,25.0,14.4,2007.0,26.0,-0.7666666666666666,2007.0,26.0,3.4,2006.0,25.0,0.09733333333333334
Matt Geiger,Full Advanced,Role/Bench,1998.0,28.0,20.2,1998.0,28.0,1.1,1998.0,28.0,5.9,1994.0,24.0,0.179,1998.0,28.0,17.2,1998.0,28.0,-0.6,1998.0,28.0,4.166666666666667,1993.0,23.0,0.14
Matt Harpring,Full Advanced,Role/Bench,2003.0,26.0,19.3,2003.0,26.0,1.9,2003.0,26.0,8.8,2003.0,26.0,0.166,2004.0,27.0,16.96666666666667,2004.0,27.0,0.2666666666666666,2003.0,26.0,5.8999999999999995,2003.0,26.0,0.13233333333333333
Matt Maloney,Full Advanced,Role/Bench,1997.0,25.0,12.3,1997.0,25.0,0.1,1997.0,25.0,5.3,1997.0,25.0,0.107,1997.0,25.0,11.4,1997.0,25.0,-0.85,1997.0,25.0,3.75,1997.0,25.0,0.077
Matthew Dellavedova,Full Advanced,Role/Bench,2016.0,25.0,11.3,2016.0,25.0,-1.2,2016.0,25.0,3.8,2016.0,25.0,0.098,2015.0,24.0,10.166666666666666,2015.0,24.0,-1.9333333333333333,2015.0,24.0,2.6,2015.0,24.0,0.081
Maurice Evans,Full Advanced,Role/Bench,2006.0,27.0,14.0,2008.0,29.0,1.0,2008.0,29.0,4.9,2006.0,27.0,0.135,2007.0,28.0,13.333333333333334,2009.0,30.0,-0.23333333333333328,2009.0,30.0,3.9333333333333336,2009.0,30.0,0.116
Maurice Harkless,Full Advanced,Role/Bench,2016.0,22.0,13.3,2018.0,24.0,1.4,2017.0,23.0,4.2,2018.0,24.0,0.123,2017.0,23.0,13.0,2018.0,24.0,0.49999999999999994,2018.0,24.0,3.5999999999999996,2018.0,24.0,0.10933333333333332
Maurice Taylor,Full Advanced,Role/Bench,1998.0,21.0,16.1,2004.0,27.0,-1.8,2004.0,27.0,3.7,2004.0,27.0,0.085,1998.0,21.0,15.65,2003.0,26.0,-2.6666666666666665,2003.0,26.0,2.6,2003.0,26.0,0.064
Max Christie,Full Advanced,Role/Bench,2025.0,21.0,10.4,2025.0,21.0,-2.5,2025.0,21.0,2.7,2025.0,21.0,0.06,2025.0,21.0,9.400000000000002,2025.0,21.0,-3.05,2025.0,21.0,1.7,2024.0,20.0,0.051333333333333335
Max Strus,Full Advanced,Role/Bench,2022.0,25.0,12.7,2025.0,28.0,1.3,2024.0,27.0,3.9,2025.0,28.0,0.13,2021.0,24.0,12.399999999999999,2025.0,28.0,0.3500000000000001,2025.0,28.0,3.6499999999999995,2025.0,28.0,0.10650000000000001
Maxi Kleber,Full Advanced,Role/Bench,2020.0,28.0,13.6,2020.0,28.0,0.4,2020.0,28.0,4.8,2020.0,28.0,0.123,2019.0,27.0,13.366666666666667,2020.0,28.0,0.26666666666666666,2020.0,28.0,3.733333333333334,2019.0,27.0,0.11566666666666665
Mehmet Okur,Full Advanced,Starter/Rotation,2006.0,26.0,19.0,2007.0,27.0,2.2,2006.0,26.0,9.3,2004.0,24.0,0.179,2005.0,25.0,18.733333333333334,2006.0,26.0,1.9333333333333336,2006.0,26.0,8.366666666666667,2005.0,25.0,0.15933333333333333
Melvin Ely,Full Advanced,Role/Bench,2006.0,27.0,14.3,2006.0,27.0,-1.8,2006.0,27.0,2.0,2011.0,32.0,0.083,2005.0,26.0,11.966666666666667,2005.0,26.0,-3.1666666666666665,2005.0,26.0,0.8333333333333334,2003.0,24.0,0.0435
Metta World Peace,Full Advanced,All-Star,2008.0,28.0,18.8,2004.0,24.0,3.5,2004.0,24.0,8.0,2003.0,23.0,0.15,2008.0,28.0,17.633333333333333,2003.0,23.0,3.1,2004.0,24.0,6.300000000000001,2004.0,24.0,0.12400000000000001
Meyers Leonard,Full Advanced,Role/Bench,2019.0,26.0,15.8,2019.0,26.0,1.8,2019.0,26.0,3.0,2019.0,26.0,0.164,2013.0,20.0,13.45,2020.0,27.0,0.44999999999999996,2013.0,20.0,2.5999999999999996,2020.0,27.0,0.13
Michael Adams,Full Advanced,All-Star,1995.0,32.0,17.7,1995.0,32.0,3.3,1993.0,30.0,4.6,1995.0,32.0,0.169,1996.0,33.0,16.900000000000002,1996.0,33.0,3.05,1993.0,30.0,3.8499999999999996,1996.0,33.0,0.14300000000000002
Michael Beasley,Full Advanced,Role/Bench,2016.0,27.0,22.5,2016.0,27.0,0.9,2010.0,21.0,4.6,2016.0,27.0,0.128,2017.0,28.0,19.36666666666667,2017.0,28.0,-0.03333333333333335,2009.0,20.0,4.0,2017.0,28.0,0.09633333333333334
Michael Cage,Full Advanced,Role/Bench,1996.0,34.0,14.1,1998.0,36.0,0.5,1996.0,34.0,8.1,1996.0,34.0,0.148,1995.0,33.0,13.166666666666666,1994.0,32.0,0.10000000000000002,1995.0,33.0,6.266666666666667,1995.0,33.0,0.1406666666666667
Michael Carter-Williams,Full Advanced,Role/Bench,2014.0,22.0,15.5,2019.0,27.0,0.8,2020.0,28.0,1.9,2020.0,28.0,0.111,2014.0,22.0,14.8,2019.0,27.0,-0.19999999999999984,2019.0,27.0,1.2,2019.0,27.0,0.08666666666666667
Michael Curry,Full Advanced,Role/Bench,1997.0,28.0,10.4,1997.0,28.0,-0.9,1997.0,28.0,3.2,1997.0,28.0,0.126,1996.0,27.0,9.9,1996.0,27.0,-1.2,1998.0,29.0,2.6,1996.0,27.0,0.113
Michael Doleac,Full Advanced,Role/Bench,1999.0,21.0,13.7,2004.0,26.0,-2.2,1999.0,21.0,2.2,1999.0,21.0,0.138,1999.0,21.0,11.8,2005.0,27.0,-3.1666666666666665,1999.0,21.0,1.85,1999.0,21.0,0.094
Michael Finley,Full Advanced,Starter/Rotation,1998.0,24.0,19.3,1998.0,24.0,2.5,2001.0,27.0,8.5,2004.0,30.0,0.131,1999.0,25.0,18.900000000000002,1999.0,25.0,2.1333333333333333,2002.0,28.0,7.166666666666667,2004.0,30.0,0.12200000000000001
Michael Jordan,Full Advanced,Elite,1993.0,29.0,29.7,1993.0,29.0,11.2,1996.0,32.0,20.4,1996.0,32.0,0.317,1993.0,29.0,29.549999999999997,1993.0,29.0,10.85,1993.0,29.0,18.799999999999997,1993.0,29.0,0.2935
Michael Kidd-Gilchrist,Full Advanced,Role/Bench,2015.0,21.0,15.1,2015.0,21.0,-0.5,2017.0,23.0,5.8,2017.0,23.0,0.119,2017.0,23.0,13.966666666666667,2015.0,21.0,-1.0999999999999999,2017.0,23.0,4.3,2015.0,21.0,0.11033333333333334
Michael Olowokandi,Full Advanced,Role/Bench,2002.0,26.0,12.4,2002.0,26.0,-2.8,2002.0,26.0,1.6,2004.0,28.0,0.061,2001.0,25.0,11.4,2003.0,27.0,-3.1333333333333333,2005.0,29.0,0.9,2005.0,29.0,0.041
Michael Porter Jr.,Full Advanced,Starter/Rotation,2021.0,22.0,20.6,2021.0,22.0,3.1,2021.0,22.0,6.9,2021.0,22.0,0.173,2020.0,21.0,20.200000000000003,2020.0,21.0,2.3,2025.0,26.0,6.299999999999999,2020.0,21.0,0.16349999999999998
Michael Redd,Full Advanced,All-Star,2007.0,27.0,22.3,2003.0,23.0,3.9,2006.0,26.0,10.8,2003.0,23.0,0.167,2007.0,27.0,20.76666666666667,2002.0,22.0,3.2,2005.0,25.0,8.9,2002.0,22.0,0.161
Michael Ruffin,Full Advanced,Role/Bench,2008.0,31.0,12.1,2008.0,31.0,-1.8,2005.0,28.0,1.9,2008.0,31.0,0.095,2008.0,31.0,10.099999999999998,2006.0,29.0,-2.1999999999999997,2006.0,29.0,1.5999999999999999,2008.0,31.0,0.088
Michael Smith,Full Advanced,Role/Bench,1999.0,26.0,14.3,1996.0,23.0,0.8,1997.0,24.0,5.4,2001.0,28.0,0.108,1999.0,26.0,14.200000000000001,1997.0,24.0,0.20000000000000004,1996.0,23.0,4.066666666666667,1995.0,22.0,0.10450000000000001
Mickaël Gelabale,Full Advanced,Role/Bench,2013.0,29.0,11.8,2013.0,29.0,-0.2,2013.0,29.0,1.5,2013.0,29.0,0.114,2013.0,29.0,11.15,2013.0,29.0,-1.6500000000000001,2008.0,24.0,1.0,2013.0,29.0,0.0675
Mickaël Piétrus,Full Advanced,Role/Bench,2005.0,22.0,14.2,2010.0,27.0,0.9,2010.0,27.0,3.6,2009.0,26.0,0.108,2004.0,21.0,13.55,2009.0,26.0,0.3333333333333333,2008.0,25.0,3.1333333333333333,2009.0,26.0,0.105
Mikal Bridges,Full Advanced,Role/Bench,2023.0,26.0,16.8,2021.0,24.0,3.3,2022.0,25.0,8.9,2021.0,24.0,0.164,2022.0,25.0,15.866666666666667,2022.0,25.0,2.1999999999999997,2022.0,25.0,8.133333333333333,2022.0,25.0,0.145
Mike Bibby,Full Advanced,Role/Bench,2004.0,25.0,19.3,2005.0,26.0,2.6,2004.0,25.0,9.3,2004.0,25.0,0.151,2005.0,26.0,18.799999999999997,2004.0,25.0,2.266666666666666,2005.0,26.0,8.733333333333334,2004.0,25.0,0.14333333333333334
Mike Conley,Full Advanced,All-Star,2017.0,29.0,23.2,2017.0,29.0,6.8,2017.0,29.0,10.0,2017.0,29.0,0.209,2017.0,29.0,21.333333333333332,2017.0,29.0,4.833333333333333,2014.0,26.0,8.299999999999999,2017.0,29.0,0.1723333333333333
Mike Dunleavy,Full Advanced,Starter/Rotation,2008.0,27.0,17.3,2008.0,27.0,1.7,2008.0,27.0,8.5,2012.0,31.0,0.146,2010.0,29.0,15.0,2012.0,31.0,1.1333333333333333,2007.0,26.0,5.933333333333334,2012.0,31.0,0.128
Mike James,Full Advanced,Role/Bench,2006.0,30.0,19.8,2006.0,30.0,1.8,2006.0,30.0,7.6,2006.0,30.0,0.125,2005.0,29.0,16.933333333333334,2005.0,29.0,1.2333333333333334,2005.0,29.0,5.699999999999999,2005.0,29.0,0.11599999999999999
Mike Miller,Full Advanced,Starter/Rotation,2006.0,25.0,17.2,2006.0,25.0,3.0,2006.0,25.0,7.4,2006.0,25.0,0.157,2006.0,25.0,16.766666666666666,2006.0,25.0,2.4333333333333336,2006.0,25.0,6.3999999999999995,2005.0,24.0,0.13733333333333334
Mike Muscala,Full Advanced,Role/Bench,2022.0,30.0,19.7,2022.0,30.0,5.0,2017.0,25.0,3.4,2015.0,23.0,0.179,2022.0,30.0,15.799999999999999,2021.0,29.0,1.5999999999999999,2018.0,26.0,2.766666666666667,2017.0,25.0,0.14
Mike Scott,Full Advanced,Role/Bench,2014.0,25.0,15.3,2016.0,27.0,-0.1,2016.0,27.0,3.2,2016.0,27.0,0.132,2014.0,25.0,15.2,2015.0,26.0,-0.7333333333333334,2015.0,26.0,2.8333333333333335,2016.0,27.0,0.11066666666666668
Mike Sweetney,Full Advanced,Role/Bench,2004.0,21.0,17.2,2004.0,21.0,-1.2,2005.0,22.0,3.8,2004.0,21.0,0.138,2004.0,21.0,16.799999999999997,2004.0,21.0,-1.85,2006.0,23.0,2.95,2004.0,21.0,0.13
Mikki Moore,Full Advanced,Role/Bench,2007.0,31.0,14.8,2004.0,28.0,-1.0,2007.0,31.0,5.7,2007.0,31.0,0.131,2001.0,25.0,13.100000000000001,2001.0,25.0,-1.8,2008.0,32.0,4.133333333333334,2001.0,25.0,0.119
Miles Bridges,Full Advanced,Role/Bench,2022.0,23.0,17.9,2025.0,26.0,1.8,2022.0,23.0,7.2,2022.0,23.0,0.123,2024.0,25.0,17.0,2024.0,25.0,0.7333333333333333,2022.0,23.0,4.533333333333334,2022.0,23.0,0.08933333333333333
Miles McBride,Full Advanced,Role/Bench,2024.0,23.0,13.1,2025.0,24.0,0.0,2024.0,23.0,3.6,2024.0,23.0,0.131,2025.0,24.0,12.850000000000001,2025.0,24.0,-0.050000000000000044,2025.0,24.0,3.4,2025.0,24.0,0.11450000000000002
Miles Plumlee,Full Advanced,Role/Bench,2016.0,27.0,17.4,2015.0,26.0,-0.6,2014.0,25.0,4.0,2016.0,27.0,0.124,2015.0,26.0,15.133333333333333,2014.0,25.0,-0.95,2014.0,25.0,3.3,2015.0,26.0,0.10833333333333334
Milt Palacio,Full Advanced,Role/Bench,2005.0,26.0,12.5,2001.0,22.0,-2.4,2001.0,22.0,1.8,2001.0,22.0,0.076,2006.0,27.0,11.2,2001.0,22.0,-2.8,2001.0,22.0,1.3,2001.0,22.0,0.063
Mirza Teletović,Full Advanced,Role/Bench,2016.0,30.0,16.2,2016.0,30.0,1.3,2016.0,30.0,3.8,2016.0,30.0,0.109,2015.0,29.0,13.733333333333334,2015.0,29.0,-0.19999999999999996,2015.0,29.0,2.3333333333333335,2015.0,29.0,0.07633333333333332
Mitch Richmond,Full Advanced,All-Star,1997.0,31.0,21.6,1997.0,31.0,4.6,1997.0,31.0,10.8,1997.0,31.0,0.166,1997.0,31.0,20.400000000000002,1997.0,31.0,3.9,1996.0,30.0,9.366666666666667,1997.0,31.0,0.155
Mitchell Butler,Full Advanced,Role/Bench,1994.0,23.0,13.0,1999.0,28.0,-1.7,1994.0,23.0,1.1,1999.0,28.0,0.053,1994.0,23.0,11.5,2004.0,33.0,-2.0,1994.0,23.0,0.7000000000000001,2004.0,33.0,0.0505
Mitchell Robinson,Full Advanced,All-Star,2020.0,21.0,23.5,2020.0,21.0,2.9,2022.0,23.0,8.5,2020.0,21.0,0.23,2019.0,20.0,22.75,2019.0,20.0,2.7,2019.0,20.0,6.449999999999999,2019.0,20.0,0.2235
Mo Bamba,Full Advanced,Starter/Rotation,2021.0,22.0,19.3,2022.0,23.0,0.7,2022.0,23.0,4.5,2023.0,24.0,0.139,2021.0,22.0,17.766666666666666,2022.0,23.0,0.4333333333333333,2021.0,22.0,2.9333333333333336,2023.0,24.0,0.12833333333333333
Mo Williams,Full Advanced,Role/Bench,2009.0,26.0,17.2,2009.0,26.0,2.3,2009.0,26.0,9.8,2009.0,26.0,0.165,2008.0,25.0,16.833333333333332,2009.0,26.0,1.4666666666666666,2009.0,26.0,7.0,2009.0,26.0,0.13066666666666668
Monta Ellis,Full Advanced,Role/Bench,2008.0,22.0,19.0,2008.0,22.0,1.6,2008.0,22.0,9.0,2008.0,22.0,0.14,2011.0,25.0,17.599999999999998,2012.0,26.0,0.3666666666666667,2007.0,21.0,4.5,2007.0,21.0,0.08
Monte Morris,Full Advanced,Starter/Rotation,2019.0,23.0,16.2,2019.0,23.0,1.5,2019.0,23.0,6.2,2019.0,23.0,0.151,2019.0,23.0,15.55,2019.0,23.0,0.65,2019.0,23.0,5.0,2019.0,23.0,0.1315
Montrezl Harrell,Full Advanced,All-Star,2018.0,24.0,24.7,2022.0,28.0,3.9,2019.0,25.0,8.7,2021.0,27.0,0.221,2019.0,25.0,23.766666666666666,2021.0,27.0,3.266666666666667,2020.0,26.0,7.666666666666667,2021.0,27.0,0.20833333333333334
Monty Williams,Full Advanced,Role/Bench,1997.0,25.0,15.6,2003.0,31.0,-0.5,2002.0,30.0,2.9,2002.0,30.0,0.107,2003.0,31.0,13.600000000000001,2003.0,31.0,-0.7000000000000002,2001.0,29.0,2.1666666666666665,2003.0,31.0,0.0935
Moochie Norris,Full Advanced,Role/Bench,2001.0,27.0,16.2,2001.0,27.0,1.0,2001.0,27.0,4.4,2001.0,27.0,0.126,2001.0,27.0,14.649999999999999,2001.0,27.0,-0.7,2001.0,27.0,3.1,2001.0,27.0,0.0825
Mookie Blaylock,Full Advanced,Elite,1997.0,29.0,20.4,1997.0,29.0,6.8,1997.0,29.0,12.5,1997.0,29.0,0.197,1996.0,28.0,19.5,1996.0,28.0,5.733333333333333,1996.0,28.0,10.299999999999999,1996.0,28.0,0.16433333333333333
Moritz Wagner,Full Advanced,Role/Bench,2025.0,27.0,22.3,2025.0,27.0,4.0,2024.0,26.0,5.6,2024.0,26.0,0.188,2025.0,27.0,21.45,2025.0,27.0,3.0,2023.0,25.0,3.933333333333333,2025.0,27.0,0.18099999999999997
Morris Peterson,Full Advanced,Role/Bench,2006.0,28.0,15.3,2002.0,24.0,0.7,2006.0,28.0,5.9,2002.0,24.0,0.119,2001.0,23.0,14.7,2006.0,28.0,0.23333333333333336,2005.0,27.0,5.300000000000001,2001.0,23.0,0.1075
Moses Moody,Full Advanced,Role/Bench,2024.0,21.0,13.7,2024.0,21.0,-0.1,2025.0,22.0,3.5,2025.0,22.0,0.102,2025.0,22.0,13.049999999999999,2025.0,22.0,-0.5,2025.0,22.0,2.95,2025.0,22.0,0.1015
Muggsy Bogues,Full Advanced,Starter/Rotation,1995.0,30.0,16.9,1995.0,30.0,1.5,1995.0,30.0,8.6,1995.0,30.0,0.157,1995.0,30.0,16.266666666666666,1995.0,30.0,1.366666666666667,1994.0,29.0,6.966666666666666,1995.0,30.0,0.132
Myles Turner,Full Advanced,Starter/Rotation,2023.0,26.0,20.0,2019.0,22.0,2.5,2017.0,20.0,8.0,2017.0,20.0,0.151,2023.0,26.0,18.900000000000002,2023.0,26.0,1.4666666666666668,2018.0,21.0,6.333333333333333,2018.0,21.0,0.13899999999999998
Naji Marshall,Full Advanced,Role/Bench,2025.0,27.0,15.1,2024.0,26.0,-0.7,2025.0,27.0,3.5,2024.0,26.0,0.1,2025.0,27.0,13.899999999999999,2025.0,27.0,-0.75,2025.0,27.0,3.0500000000000007,2025.0,27.0,0.0935
Nassir Little,Full Advanced,Role/Bench,2022.0,21.0,13.5,2022.0,21.0,-1.4,2022.0,21.0,1.7,2021.0,20.0,0.082,2022.0,21.0,11.766666666666666,2022.0,21.0,-2.3666666666666667,2022.0,21.0,1.1666666666666667,2021.0,20.0,0.06833333333333334
Nate McMillan,Full Advanced,All-Star,1994.0,29.0,15.5,1994.0,29.0,5.6,1994.0,29.0,6.0,1997.0,32.0,0.158,1993.0,28.0,15.3,1993.0,28.0,4.85,1993.0,28.0,5.8,1997.0,32.0,0.14950000000000002
Nate Robinson,Full Advanced,Starter/Rotation,2009.0,24.0,18.9,2013.0,28.0,2.8,2013.0,28.0,5.9,2013.0,28.0,0.136,2013.0,28.0,17.0,2013.0,28.0,1.2666666666666668,2008.0,23.0,4.1000000000000005,2013.0,28.0,0.11599999999999999
Naz Reid,Full Advanced,Starter/Rotation,2023.0,23.0,18.5,2025.0,25.0,1.6,2025.0,25.0,5.7,2025.0,25.0,0.125,2022.0,22.0,17.96666666666667,2025.0,25.0,1.5499999999999998,2025.0,25.0,5.300000000000001,2025.0,25.0,0.1225
Nazr Mohammed,Full Advanced,Role/Bench,2010.0,32.0,19.6,2010.0,32.0,0.5,2005.0,27.0,4.6,2010.0,32.0,0.174,2008.0,30.0,17.3,2008.0,30.0,-1.2333333333333334,2005.0,27.0,4.266666666666667,2008.0,30.0,0.13899999999999998
Negele Knight,Full Advanced,Role/Bench,1994.0,26.0,13.8,1994.0,26.0,-1.5,1994.0,26.0,3.2,1994.0,26.0,0.108,1995.0,27.0,11.55,1995.0,27.0,-2.8,1993.0,25.0,1.6500000000000001,1993.0,25.0,0.0575
Nemanja Bjelica,Full Advanced,Starter/Rotation,2020.0,31.0,15.7,2020.0,31.0,1.8,2020.0,31.0,5.3,2022.0,33.0,0.128,2020.0,31.0,14.666666666666666,2019.0,30.0,0.9333333333333332,2019.0,30.0,4.199999999999999,2019.0,30.0,0.11533333333333333
Nenad Krstić,Full Advanced,Role/Bench,2007.0,23.0,16.9,2007.0,23.0,-0.3,2006.0,22.0,5.4,2011.0,27.0,0.122,2006.0,22.0,14.9,2006.0,22.0,-1.9000000000000001,2005.0,21.0,4.9,2011.0,27.0,0.119
Nenê,Full Advanced,Starter/Rotation,2011.0,28.0,20.4,2011.0,28.0,3.6,2010.0,27.0,10.8,2011.0,28.0,0.201,2010.0,27.0,19.366666666666664,2010.0,27.0,2.9333333333333336,2010.0,27.0,9.9,2010.0,27.0,0.18866666666666668
Nerlens Noel,Full Advanced,All-Star,2020.0,25.0,20.4,2020.0,25.0,3.1,2021.0,26.0,5.2,2020.0,25.0,0.209,2019.0,24.0,18.633333333333336,2020.0,25.0,2.1999999999999997,2020.0,25.0,4.8,2020.0,25.0,0.18966666666666665
Nic Claxton,Full Advanced,Starter/Rotation,2023.0,23.0,20.8,2023.0,23.0,3.1,2023.0,23.0,9.2,2023.0,23.0,0.195,2023.0,23.0,19.366666666666667,2023.0,23.0,1.5999999999999999,2024.0,24.0,6.733333333333333,2022.0,22.0,0.17300000000000001
Nick Anderson,Full Advanced,All-Star,1998.0,30.0,19.6,1998.0,30.0,4.8,1995.0,27.0,8.3,1995.0,27.0,0.154,1999.0,31.0,17.450000000000003,1999.0,31.0,3.4499999999999997,1994.0,26.0,7.866666666666667,1995.0,27.0,0.138
Nick Collison,Full Advanced,Role/Bench,2005.0,24.0,15.0,2013.0,32.0,0.9,2013.0,32.0,5.2,2013.0,32.0,0.158,2008.0,27.0,14.666666666666666,2013.0,32.0,0.0666666666666667,2009.0,28.0,4.733333333333333,2013.0,32.0,0.1386666666666667
Nick Richards,Full Advanced,Role/Bench,2023.0,25.0,18.3,2023.0,25.0,-1.3,2024.0,26.0,5.1,2023.0,25.0,0.165,2023.0,25.0,17.5,2023.0,25.0,-1.7999999999999998,2023.0,25.0,4.65,2023.0,25.0,0.15250000000000002
Nick Van Exel,Full Advanced,Starter/Rotation,2001.0,29.0,18.5,1998.0,26.0,2.6,1997.0,25.0,7.2,1998.0,26.0,0.166,2001.0,29.0,17.666666666666668,1997.0,25.0,1.4333333333333336,1997.0,25.0,6.666666666666667,1997.0,25.0,0.131
Nick Young,Full Advanced,Role/Bench,2014.0,28.0,16.0,2017.0,31.0,-0.1,2017.0,31.0,3.2,2017.0,31.0,0.098,2014.0,28.0,14.5,2014.0,28.0,-0.8333333333333334,2018.0,32.0,2.45,2018.0,32.0,0.07849999999999999
Nickeil Alexander-Walker,Full Advanced,Role/Bench,2021.0,22.0,12.5,2024.0,25.0,0.2,2025.0,26.0,4.3,2024.0,25.0,0.107,2022.0,23.0,11.533333333333333,2025.0,26.0,-0.10000000000000003,2025.0,26.0,4.3,2025.0,26.0,0.10300000000000001
Nicolas Batum,Full Advanced,All-Star,2012.0,23.0,17.3,2010.0,21.0,3.9,2014.0,25.0,7.9,2010.0,21.0,0.181,2011.0,22.0,16.46666666666667,2013.0,24.0,2.9,2014.0,25.0,6.3,2009.0,20.0,0.152
Nik Stauskas,Full Advanced,Role/Bench,2019.0,25.0,10.9,2019.0,25.0,-1.9,2017.0,23.0,1.4,2019.0,25.0,0.052,2019.0,25.0,9.95,2019.0,25.0,-2.1,2018.0,24.0,0.9333333333333332,2019.0,25.0,0.041499999999999995
Nikola Jokić,Full Advanced,Elite,2022.0,26.0,32.8,2022.0,26.0,13.7,2024.0,28.0,17.0,2023.0,27.0,0.308,2022.0,26.0,31.866666666666664,2023.0,27.0,13.299999999999999,2025.0,29.0,16.699999999999996,2024.0,28.0,0.30466666666666664
Nikola Mirotić,Full Advanced,Starter/Rotation,2018.0,26.0,18.7,2015.0,23.0,2.3,2015.0,23.0,5.7,2015.0,23.0,0.165,2019.0,27.0,17.949999999999996,2015.0,23.0,1.9,2015.0,23.0,4.8,2015.0,23.0,0.14
Nikola Peković,Full Advanced,Starter/Rotation,2012.0,26.0,21.4,2012.0,26.0,1.0,2013.0,27.0,6.7,2012.0,26.0,0.17,2013.0,27.0,20.766666666666666,2013.0,27.0,0.7000000000000001,2013.0,27.0,5.7,2013.0,27.0,0.16733333333333333
Nikola Vučević,Full Advanced,Starter/Rotation,2019.0,28.0,25.5,2019.0,28.0,6.6,2019.0,28.0,10.1,2019.0,28.0,0.193,2020.0,29.0,23.433333333333334,2020.0,29.0,5.366666666666667,2020.0,29.0,7.6000000000000005,2020.0,29.0,0.15833333333333333
Noah Vonleh,Full Advanced,Role/Bench,2020.0,24.0,15.5,2019.0,23.0,-0.7,2019.0,23.0,3.2,2020.0,24.0,0.127,2020.0,24.0,14.7,2020.0,24.0,-0.8499999999999995,2018.0,22.0,2.1999999999999997,2020.0,24.0,0.10849999999999999
Norman Powell,Full Advanced,Role/Bench,2025.0,31.0,17.5,2020.0,26.0,2.0,2025.0,31.0,5.3,2020.0,26.0,0.15,2022.0,28.0,16.533333333333335,2021.0,27.0,0.7000000000000001,2025.0,31.0,4.699999999999999,2020.0,26.0,0.11833333333333333
Norris Cole,Full Advanced,Role/Bench,2015.0,26.0,10.9,2015.0,26.0,-2.8,2015.0,26.0,1.4,2015.0,26.0,0.036,2016.0,27.0,10.85,2015.0,26.0,-3.233333333333333,2014.0,25.0,1.0666666666666667,2014.0,25.0,0.027999999999999997
O.J. Mayo,Full Advanced,Role/Bench,2012.0,24.0,14.7,2012.0,24.0,0.8,2010.0,22.0,5.6,2012.0,24.0,0.094,2009.0,21.0,14.399999999999999,2011.0,23.0,0.0666666666666667,2009.0,21.0,4.5,2011.0,23.0,0.081
OG Anunoby,Full Advanced,Starter/Rotation,2025.0,27.0,15.4,2020.0,22.0,1.2,2025.0,27.0,6.5,2020.0,22.0,0.134,2022.0,24.0,14.933333333333332,2021.0,23.0,0.9666666666666665,2024.0,26.0,4.6000000000000005,2021.0,23.0,0.11399999999999999
Obi Toppin,Full Advanced,Role/Bench,2022.0,23.0,18.3,2022.0,23.0,2.0,2024.0,25.0,4.8,2022.0,23.0,0.153,2025.0,26.0,16.95,2025.0,26.0,1.6,2025.0,26.0,4.55,2025.0,26.0,0.1335
Ochai Agbaji,Full Advanced,Role/Bench,2025.0,24.0,12.0,2025.0,24.0,-0.7,2025.0,24.0,3.1,2025.0,24.0,0.087,2025.0,24.0,9.85,2025.0,24.0,-2.55,2025.0,24.0,1.6,2024.0,23.0,0.04733333333333333
Olden Polynice,Full Advanced,Role/Bench,1996.0,31.0,15.8,1995.0,30.0,-0.7,1995.0,30.0,6.7,1995.0,30.0,0.126,1995.0,30.0,15.133333333333333,1995.0,30.0,-1.2,1995.0,30.0,5.7,1995.0,30.0,0.111
Oliver Miller,Full Advanced,Role/Bench,1994.0,23.0,18.2,1994.0,23.0,4.6,1994.0,23.0,5.3,1994.0,23.0,0.142,1995.0,24.0,17.099999999999998,1993.0,22.0,2.75,1995.0,24.0,4.066666666666666,1993.0,22.0,0.106
Omri Casspi,Full Advanced,Role/Bench,2019.0,30.0,15.7,2019.0,30.0,0.4,2016.0,27.0,3.6,2018.0,29.0,0.14,2019.0,30.0,15.600000000000001,2019.0,30.0,-0.25,2015.0,26.0,2.9,2019.0,30.0,0.1295
Onyeka Okongwu,Full Advanced,Starter/Rotation,2022.0,21.0,19.8,2025.0,24.0,1.3,2025.0,24.0,7.2,2022.0,21.0,0.202,2023.0,22.0,18.7,2024.0,23.0,0.5666666666666667,2024.0,23.0,6.266666666666667,2022.0,21.0,0.18066666666666667
Oshae Brissett,Full Advanced,Role/Bench,2021.0,22.0,17.2,2021.0,22.0,0.6,2022.0,23.0,2.2,2021.0,22.0,0.165,2021.0,22.0,15.05,2021.0,22.0,-0.8,2021.0,22.0,2.0,2021.0,22.0,0.117
Othella Harrington,Full Advanced,Role/Bench,1999.0,25.0,16.1,2005.0,31.0,-1.3,2003.0,29.0,3.8,2005.0,31.0,0.135,1999.0,25.0,13.933333333333332,2006.0,32.0,-2.6000000000000005,2002.0,28.0,3.0999999999999996,2006.0,32.0,0.099
Otis Thorpe,Full Advanced,Role/Bench,1995.0,32.0,16.4,1994.0,31.0,0.3,1994.0,31.0,9.8,1994.0,31.0,0.162,1996.0,33.0,16.066666666666666,1995.0,32.0,-0.19999999999999998,1993.0,30.0,7.9,1993.0,30.0,0.14200000000000002
Otto Porter Jr.,Full Advanced,All-Star,2018.0,24.0,18.3,2018.0,24.0,3.5,2017.0,23.0,9.4,2017.0,23.0,0.173,2018.0,24.0,17.166666666666668,2017.0,23.0,2.6333333333333333,2017.0,23.0,7.7,2017.0,23.0,0.151
Ousmane Dieng,Full Advanced,Role/Bench,2025.0,21.0,11.5,2025.0,21.0,-0.9,2025.0,21.0,0.9,2025.0,21.0,0.104,2025.0,21.0,10.799999999999999,2025.0,21.0,-1.95,2025.0,21.0,0.6500000000000001,2025.0,21.0,0.0795
P.J. Brown,Full Advanced,Starter/Rotation,2003.0,33.0,17.6,2003.0,33.0,2.5,2003.0,33.0,10.2,2003.0,33.0,0.188,2004.0,34.0,16.26666666666667,2003.0,33.0,1.1666666666666667,2003.0,33.0,8.833333333333332,2003.0,33.0,0.16133333333333333
P.J. Tucker,Full Advanced,Role/Bench,2014.0,28.0,13.3,2014.0,28.0,1.0,2014.0,28.0,6.1,2022.0,36.0,0.121,2014.0,28.0,12.466666666666667,2015.0,29.0,0.06666666666666665,2015.0,29.0,4.833333333333333,2014.0,28.0,0.09633333333333334
P.J. Washington,Full Advanced,Role/Bench,2025.0,26.0,14.0,2022.0,23.0,-0.1,2022.0,23.0,3.4,2022.0,23.0,0.091,2022.0,23.0,13.300000000000002,2022.0,23.0,-0.7666666666666666,2022.0,23.0,2.9,2021.0,22.0,0.07033333333333333
Pablo Prigioni,Full Advanced,Starter/Rotation,2013.0,35.0,13.0,2014.0,36.0,0.5,2014.0,36.0,3.4,2014.0,36.0,0.127,2013.0,35.0,13.0,2013.0,35.0,0.3,2013.0,35.0,3.3,2013.0,35.0,0.125
Paolo Banchero,Full Advanced,All-Star,2025.0,22.0,20.0,2025.0,22.0,3.5,2024.0,21.0,5.3,2025.0,22.0,0.106,2025.0,22.0,18.650000000000002,2025.0,22.0,2.4,2025.0,22.0,4.3999999999999995,2025.0,22.0,0.098
Pascal Siakam,Full Advanced,Starter/Rotation,2023.0,28.0,20.3,2022.0,27.0,3.5,2019.0,24.0,9.3,2019.0,24.0,0.175,2023.0,28.0,20.099999999999998,2023.0,28.0,2.8333333333333335,2023.0,28.0,7.6000000000000005,2019.0,24.0,0.1436666666666667
Pat Connaughton,Full Advanced,Role/Bench,2019.0,26.0,13.6,2022.0,29.0,1.2,2022.0,29.0,4.4,2019.0,26.0,0.149,2020.0,27.0,12.133333333333333,2021.0,28.0,0.6,2021.0,28.0,3.766666666666667,2020.0,27.0,0.129
Pat Garrity,Full Advanced,Role/Bench,1999.0,22.0,13.0,2002.0,25.0,-0.6,2002.0,25.0,5.1,2002.0,25.0,0.101,2001.0,24.0,11.799999999999999,2003.0,26.0,-1.4666666666666668,2002.0,25.0,4.166666666666667,2001.0,24.0,0.09266666666666667
Patrick Beverley,Full Advanced,Starter/Rotation,2013.0,24.0,15.4,2013.0,24.0,3.8,2017.0,28.0,5.3,2013.0,24.0,0.148,2013.0,24.0,13.9,2013.0,24.0,2.1999999999999997,2017.0,28.0,4.833333333333333,2013.0,24.0,0.132
Patrick Ewing,Full Advanced,All-Star,1998.0,35.0,23.3,1994.0,31.0,5.2,1994.0,31.0,13.1,1994.0,31.0,0.211,1995.0,32.0,21.900000000000002,1993.0,30.0,4.3,1993.0,30.0,11.85,1993.0,30.0,0.1905
Patrick McCaw,Full Advanced,Role/Bench,2017.0,21.0,8.6,2020.0,24.0,-1.8,2017.0,21.0,1.7,2017.0,21.0,0.077,2017.0,21.0,8.0,2020.0,24.0,-2.4000000000000004,2017.0,21.0,1.15,2020.0,24.0,0.06999999999999999
Patrick Patterson,Full Advanced,Role/Bench,2011.0,21.0,16.7,2015.0,25.0,2.5,2015.0,25.0,6.1,2015.0,25.0,0.137,2014.0,24.0,14.799999999999999,2015.0,25.0,0.9666666666666667,2014.0,24.0,4.666666666666667,2014.0,24.0,0.122
Patrick Williams,Full Advanced,Role/Bench,2023.0,21.0,11.2,2023.0,21.0,-1.3,2023.0,21.0,3.5,2023.0,21.0,0.072,2023.0,21.0,10.9,2021.0,19.0,-1.85,2021.0,19.0,3.0,2021.0,19.0,0.066
Patty Mills,Full Advanced,Role/Bench,2014.0,25.0,18.7,2014.0,25.0,4.0,2014.0,25.0,5.6,2014.0,25.0,0.175,2015.0,26.0,15.433333333333332,2015.0,26.0,1.7333333333333334,2017.0,28.0,4.666666666666666,2015.0,26.0,0.13366666666666668
Pau Gasol,Full Advanced,All-Star,2007.0,26.0,24.1,2006.0,25.0,5.5,2011.0,30.0,14.7,2011.0,30.0,0.232,2006.0,25.0,23.099999999999998,2010.0,29.0,4.733333333333333,2010.0,29.0,13.200000000000001,2010.0,29.0,0.225
Paul George,Full Advanced,All-Star,2019.0,28.0,23.3,2019.0,28.0,7.2,2019.0,28.0,11.9,2019.0,28.0,0.201,2020.0,29.0,21.633333333333336,2020.0,29.0,5.433333333333334,2014.0,23.0,9.666666666666666,2019.0,28.0,0.16966666666666666
Paul Millsap,Full Advanced,Starter/Rotation,2012.0,26.0,21.8,2016.0,30.0,4.2,2016.0,30.0,10.1,2016.0,30.0,0.183,2013.0,27.0,20.46666666666667,2015.0,29.0,3.466666666666667,2015.0,29.0,8.366666666666667,2016.0,30.0,0.16033333333333333
Paul Pierce,Full Advanced,All-Star,2006.0,28.0,23.6,2002.0,24.0,5.9,2002.0,24.0,12.9,2008.0,30.0,0.207,2002.0,24.0,22.433333333333334,2002.0,24.0,5.066666666666667,2002.0,24.0,11.133333333333335,2009.0,31.0,0.17866666666666667
Payton Pritchard,Full Advanced,Role/Bench,2025.0,27.0,17.6,2025.0,27.0,3.5,2025.0,27.0,8.6,2025.0,27.0,0.183,2025.0,27.0,16.45,2025.0,27.0,2.25,2025.0,27.0,7.35,2025.0,27.0,0.1715
Peja Stojaković,Full Advanced,All-Star,2004.0,26.0,21.8,2004.0,26.0,3.9,2004.0,26.0,13.5,2003.0,25.0,0.199,2003.0,25.0,20.233333333333334,2003.0,25.0,3.466666666666667,2003.0,25.0,11.166666666666666,2003.0,25.0,0.19200000000000003
Pervis Ellison,Full Advanced,Role/Bench,1993.0,25.0,18.5,1993.0,25.0,1.4,1993.0,25.0,3.9,1998.0,30.0,0.114,1993.0,25.0,14.6,1993.0,25.0,-0.8,1993.0,25.0,2.3,1998.0,30.0,0.1
Pete Chilcutt,Full Advanced,Role/Bench,1997.0,28.0,14.5,1997.0,28.0,0.2,1995.0,26.0,2.1,1997.0,28.0,0.08,1993.0,24.0,13.05,1997.0,28.0,-0.8333333333333334,1997.0,28.0,1.7333333333333334,1997.0,28.0,0.07366666666666667
Pete Myers,Full Advanced,Role/Bench,1994.0,30.0,10.6,1994.0,30.0,-2.2,1994.0,30.0,3.0,1994.0,30.0,0.072,1994.0,30.0,9.85,1994.0,30.0,-2.3,1994.0,30.0,2.15,1994.0,30.0,0.0605
Phil Pressey,Full Advanced,Role/Bench,2015.0,23.0,11.8,2015.0,23.0,-1.2,2015.0,23.0,0.8,2015.0,23.0,0.06,2016.0,24.0,11.200000000000001,2016.0,24.0,-2.2,2014.0,22.0,0.45,2014.0,22.0,0.0325
Pooh Richardson,Full Advanced,Role/Bench,1993.0,26.0,14.5,1993.0,26.0,0.3,1993.0,26.0,4.0,1996.0,29.0,0.091,1993.0,26.0,13.9,1993.0,26.0,-0.05000000000000002,1993.0,26.0,2.7,1993.0,26.0,0.07150000000000001
Popeye Jones,Full Advanced,Role/Bench,2002.0,31.0,14.4,2002.0,31.0,-1.3,2002.0,31.0,4.3,2002.0,31.0,0.107,1994.0,23.0,13.95,2002.0,31.0,-2.15,1996.0,25.0,3.8333333333333335,2002.0,31.0,0.1005
Precious Achiuwa,Full Advanced,Role/Bench,2023.0,23.0,15.2,2024.0,24.0,-1.4,2024.0,24.0,3.4,2024.0,24.0,0.102,2024.0,24.0,14.466666666666667,2025.0,25.0,-1.65,2025.0,25.0,2.85,2025.0,25.0,0.0985
Predrag Drobnjak,Full Advanced,Role/Bench,2005.0,29.0,12.7,2003.0,27.0,-2.5,2003.0,27.0,2.4,2002.0,26.0,0.065,2005.0,29.0,12.649999999999999,2004.0,28.0,-2.9333333333333336,2002.0,26.0,2.0,2002.0,26.0,0.061
Primož Brezec,Full Advanced,Role/Bench,2005.0,25.0,16.1,2005.0,25.0,-1.0,2005.0,25.0,4.9,2005.0,25.0,0.104,2005.0,25.0,15.700000000000001,2005.0,25.0,-1.7,2005.0,25.0,4.75,2005.0,25.0,0.103
Quentin Grimes,Full Advanced,Role/Bench,2025.0,24.0,15.9,2025.0,24.0,0.4,2023.0,22.0,4.8,2023.0,22.0,0.108,2025.0,24.0,12.4,2022.0,21.0,-0.2,2024.0,23.0,3.1666666666666665,2022.0,21.0,0.0975
Quentin Richardson,Full Advanced,Role/Bench,2002.0,21.0,17.4,2002.0,21.0,2.2,2005.0,24.0,5.8,2010.0,29.0,0.133,2001.0,20.0,16.95,2001.0,20.0,1.5,2001.0,20.0,4.3,2001.0,20.0,0.11549999999999999
Quincy Acy,Full Advanced,Role/Bench,2013.0,22.0,15.9,2013.0,22.0,0.1,2016.0,25.0,2.5,2013.0,22.0,0.157,2013.0,22.0,13.0,2013.0,22.0,-0.7999999999999999,2015.0,24.0,1.8999999999999997,2013.0,22.0,0.1215
Quincy Pondexter,Full Advanced,Role/Bench,2013.0,24.0,11.0,2013.0,24.0,-0.1,2013.0,24.0,3.2,2013.0,24.0,0.125,2015.0,26.0,10.45,2015.0,26.0,-1.1,2015.0,26.0,3.05,2015.0,26.0,0.1015
Quinn Cook,Full Advanced,Role/Bench,2019.0,25.0,13.1,2018.0,24.0,-1.6,2019.0,25.0,1.8,2018.0,24.0,0.101,2018.0,24.0,12.95,2018.0,24.0,-1.85,2018.0,24.0,1.7000000000000002,2018.0,24.0,0.0915
Quinton Ross,Full Advanced,Role/Bench,2007.0,25.0,10.5,2007.0,25.0,-1.0,2007.0,25.0,3.2,2007.0,25.0,0.09,2006.0,24.0,8.933333333333334,2006.0,24.0,-2.033333333333333,2006.0,24.0,2.1666666666666665,2006.0,24.0,0.06333333333333334
R.J. Hampton,Full Advanced,Role/Bench,2021.0,19.0,11.1,2023.0,21.0,-2.9,2023.0,21.0,0.7,2023.0,21.0,0.042,2022.0,20.0,10.133333333333333,2023.0,21.0,-3.4999999999999996,2022.0,20.0,0.3,2022.0,20.0,0.019333333333333334
RJ Barrett,Full Advanced,Role/Bench,2025.0,24.0,16.5,2025.0,24.0,0.6,2021.0,20.0,4.1,2021.0,20.0,0.078,2025.0,24.0,16.45,2025.0,24.0,-0.10000000000000009,2022.0,21.0,2.8666666666666667,2025.0,24.0,0.068
Raef LaFrentz,Full Advanced,Starter/Rotation,2002.0,25.0,17.9,2005.0,28.0,1.8,2005.0,28.0,7.5,2003.0,26.0,0.173,2001.0,24.0,17.75,2003.0,26.0,1.4000000000000001,2001.0,24.0,6.6,2003.0,26.0,0.15433333333333332
Rafer Alston,Full Advanced,Starter/Rotation,2005.0,28.0,16.5,2004.0,27.0,0.9,2007.0,30.0,6.6,2004.0,27.0,0.11,2004.0,27.0,14.866666666666667,2008.0,31.0,0.6333333333333334,2008.0,31.0,5.633333333333333,2008.0,31.0,0.10099999999999999
Raja Bell,Full Advanced,Role/Bench,2006.0,29.0,12.9,2006.0,29.0,0.2,2006.0,29.0,6.8,2006.0,29.0,0.11,2005.0,28.0,12.6,2007.0,30.0,-0.23333333333333336,2007.0,30.0,5.7,2007.0,30.0,0.09566666666666668
Rajon Rondo,Full Advanced,Role/Bench,2010.0,23.0,19.1,2009.0,22.0,4.0,2009.0,22.0,9.9,2009.0,22.0,0.179,2010.0,23.0,18.333333333333336,2010.0,23.0,3.566666666666667,2009.0,22.0,8.9,2009.0,22.0,0.16166666666666665
Ramon Sessions,Full Advanced,Role/Bench,2011.0,24.0,19.0,2009.0,22.0,1.6,2009.0,22.0,5.6,2009.0,22.0,0.123,2012.0,25.0,17.8,2012.0,25.0,-0.16666666666666674,2010.0,23.0,3.6999999999999997,2012.0,25.0,0.09566666666666668
Randy Brown,Full Advanced,Role/Bench,1997.0,28.0,13.0,1995.0,26.0,0.4,1997.0,28.0,2.4,1997.0,28.0,0.107,1998.0,29.0,11.9,1997.0,28.0,-0.3999999999999999,1997.0,28.0,1.9333333333333333,1997.0,28.0,0.08433333333333333
Randy Foye,Full Advanced,Role/Bench,2007.0,23.0,14.0,2014.0,30.0,0.5,2014.0,30.0,4.6,2012.0,28.0,0.092,2008.0,24.0,13.466666666666667,2013.0,29.0,0.03333333333333336,2013.0,29.0,3.8333333333333335,2013.0,29.0,0.08700000000000001
Rashad McCants,Full Advanced,Role/Bench,2008.0,23.0,14.6,2008.0,23.0,-0.8,2008.0,23.0,1.7,2006.0,21.0,0.058,2009.0,24.0,13.799999999999999,2009.0,24.0,-1.35,2009.0,24.0,1.15,2009.0,24.0,0.0325
Rashard Lewis,Full Advanced,All-Star,2007.0,27.0,20.7,2007.0,27.0,4.1,2008.0,28.0,9.8,2009.0,29.0,0.16,2006.0,26.0,20.03333333333333,2008.0,28.0,3.6333333333333333,2008.0,28.0,8.966666666666667,2008.0,28.0,0.156
Rasheed Wallace,Full Advanced,All-Star,2001.0,26.0,20.9,2001.0,26.0,4.4,2001.0,26.0,11.0,2001.0,26.0,0.18,2002.0,27.0,19.566666666666666,2002.0,27.0,3.3000000000000003,2002.0,27.0,9.733333333333333,2001.0,26.0,0.169
Rasho Nesterović,Full Advanced,Role/Bench,2008.0,31.0,16.1,2004.0,27.0,1.1,2004.0,27.0,7.2,2004.0,27.0,0.147,2009.0,32.0,15.100000000000001,2004.0,27.0,0.10000000000000002,2004.0,27.0,5.533333333333334,2005.0,28.0,0.12633333333333333
Rasual Butler,Full Advanced,Role/Bench,2004.0,24.0,14.0,2004.0,24.0,0.1,2009.0,29.0,4.6,2004.0,24.0,0.113,2003.0,23.0,11.75,2008.0,28.0,-1.0999999999999999,2009.0,29.0,2.8333333333333335,2005.0,25.0,0.07533333333333334
Raul Neto,Full Advanced,Role/Bench,2019.0,26.0,13.5,2023.0,30.0,-0.2,2021.0,28.0,2.8,2023.0,30.0,0.142,2020.0,27.0,13.066666666666668,2020.0,27.0,-0.9,2022.0,29.0,1.9333333333333333,2020.0,27.0,0.09866666666666668
Ray Allen,Full Advanced,All-Star,2001.0,25.0,22.9,2001.0,25.0,5.5,2001.0,25.0,13.7,2001.0,25.0,0.211,2002.0,26.0,21.933333333333337,2002.0,26.0,4.666666666666667,2002.0,26.0,10.566666666666668,2002.0,26.0,0.17733333333333334
Ray McCallum,Full Advanced,Role/Bench,2015.0,23.0,12.5,2015.0,23.0,-2.0,2015.0,23.0,1.4,2015.0,23.0,0.045,2014.0,22.0,11.1,2014.0,22.0,-2.55,2014.0,22.0,0.8999999999999999,2016.0,24.0,0.0395
Raymond Felton,Full Advanced,Role/Bench,2011.0,26.0,16.6,2010.0,25.0,1.6,2010.0,25.0,6.5,2010.0,25.0,0.118,2010.0,25.0,15.166666666666666,2010.0,25.0,0.7000000000000001,2010.0,25.0,5.400000000000001,2010.0,25.0,0.09266666666666667
Reggie Bullock,Full Advanced,Role/Bench,2018.0,26.0,13.6,2016.0,24.0,0.8,2021.0,29.0,4.6,2016.0,24.0,0.134,2017.0,25.0,12.433333333333332,2017.0,25.0,0.6,2022.0,30.0,3.5333333333333337,2016.0,24.0,0.11750000000000001
Reggie Evans,Full Advanced,Role/Bench,2007.0,26.0,13.5,2005.0,24.0,-1.1,2013.0,32.0,4.3,2013.0,32.0,0.105,2006.0,25.0,13.0,2012.0,31.0,-2.3000000000000003,2004.0,23.0,2.8333333333333335,2004.0,23.0,0.08866666666666667
Reggie Jackson,Full Advanced,Role/Bench,2016.0,25.0,19.6,2016.0,25.0,2.7,2016.0,25.0,6.9,2016.0,25.0,0.136,2015.0,24.0,17.400000000000002,2015.0,24.0,1.3,2015.0,24.0,5.566666666666667,2015.0,24.0,0.11466666666666665
Reggie Miller,Full Advanced,All-Star,1997.0,31.0,20.2,1997.0,31.0,5.8,1997.0,31.0,12.3,1994.0,28.0,0.212,1995.0,29.0,20.133333333333336,1996.0,30.0,5.233333333333333,1997.0,31.0,11.533333333333333,1995.0,29.0,0.20133333333333334
Reggie Slater,Full Advanced,Role/Bench,1997.0,26.0,17.8,1997.0,26.0,-1.6,2001.0,30.0,1.8,2001.0,30.0,0.129,1997.0,26.0,15.100000000000001,1997.0,26.0,-3.0999999999999996,2001.0,30.0,1.65,1998.0,27.0,0.08866666666666667
Reggie Williams,Full Advanced,Role/Bench,1995.0,30.0,16.9,1995.0,30.0,2.4,1993.0,28.0,5.9,1995.0,30.0,0.126,1994.0,29.0,15.266666666666666,1994.0,29.0,1.5,1994.0,29.0,5.5,1994.0,29.0,0.10633333333333334
Renaldo Balkman,Full Advanced,Starter/Rotation,2009.0,24.0,16.8,2009.0,24.0,1.4,2007.0,22.0,2.8,2009.0,24.0,0.162,2008.0,23.0,14.800000000000002,2008.0,23.0,0.3,2008.0,23.0,2.2333333333333334,2008.0,23.0,0.11733333333333333
Rex Chapman,Full Advanced,Starter/Rotation,1994.0,26.0,16.9,1996.0,28.0,0.8,1998.0,30.0,4.5,1996.0,28.0,0.108,1993.0,25.0,16.0,1995.0,27.0,0.6,1997.0,29.0,4.0,1997.0,29.0,0.09633333333333333
Rex Walters,Full Advanced,Role/Bench,1997.0,26.0,13.0,1997.0,26.0,-0.9,1995.0,24.0,1.6,1997.0,26.0,0.073,1996.0,25.0,12.0,1997.0,26.0,-1.7,1996.0,25.0,1.3666666666666665,1996.0,25.0,0.06433333333333334
Richard Hamilton,Full Advanced,Role/Bench,2003.0,24.0,18.7,2008.0,29.0,2.3,2004.0,25.0,8.1,2008.0,29.0,0.152,2007.0,28.0,18.166666666666668,2007.0,28.0,1.4333333333333333,2007.0,28.0,7.800000000000001,2007.0,28.0,0.14100000000000001
Richard Jefferson,Full Advanced,Role/Bench,2006.0,25.0,18.9,2006.0,25.0,3.1,2006.0,25.0,11.7,2006.0,25.0,0.184,2005.0,24.0,17.866666666666667,2005.0,24.0,2.3000000000000003,2003.0,22.0,8.533333333333333,2003.0,22.0,0.14966666666666667
Richaun Holmes,Full Advanced,Starter/Rotation,2019.0,25.0,20.7,2018.0,24.0,1.1,2021.0,27.0,6.1,2020.0,26.0,0.19,2020.0,26.0,20.2,2019.0,25.0,0.9,2020.0,26.0,5.1,2019.0,25.0,0.18199999999999997
Rick Brunson,Full Advanced,Role/Bench,2004.0,31.0,13.1,2004.0,31.0,-0.1,2005.0,32.0,1.9,2004.0,31.0,0.075,2005.0,32.0,12.349999999999998,2005.0,32.0,-0.44999999999999996,2005.0,32.0,1.2499999999999998,1998.0,25.0,0.0615
Rick Fox,Full Advanced,Role/Bench,1995.0,25.0,16.8,1995.0,25.0,1.9,1998.0,28.0,5.3,1995.0,25.0,0.128,1996.0,26.0,16.46666666666667,1996.0,26.0,1.633333333333333,1997.0,27.0,5.2,1996.0,26.0,0.10566666666666664
Rick Mahorn,Full Advanced,Role/Bench,1995.0,36.0,11.8,1993.0,34.0,-2.8,1993.0,34.0,2.3,1993.0,34.0,0.102,1993.0,34.0,11.05,1993.0,34.0,-3.2,1993.0,34.0,1.75,1993.0,34.0,0.0975
Ricky Davis,Full Advanced,Role/Bench,2003.0,23.0,16.1,2007.0,27.0,0.5,2007.0,27.0,5.7,2007.0,27.0,0.091,2003.0,23.0,16.033333333333335,2006.0,26.0,-0.23333333333333336,2006.0,26.0,4.966666666666667,2006.0,26.0,0.08
Ricky Pierce,Full Advanced,Role/Bench,1994.0,34.0,20.8,1993.0,33.0,2.5,1993.0,33.0,7.7,1994.0,34.0,0.188,1993.0,33.0,20.0,1993.0,33.0,2.35,1993.0,33.0,5.85,1993.0,33.0,0.1775
Ricky Rubio,Full Advanced,Starter/Rotation,2016.0,25.0,17.6,2016.0,25.0,1.8,2017.0,26.0,6.1,2016.0,25.0,0.119,2017.0,26.0,16.6,2017.0,26.0,1.1333333333333333,2017.0,26.0,5.733333333333333,2017.0,26.0,0.11666666666666665
Rik Smits,Full Advanced,Starter/Rotation,1999.0,32.0,20.2,1994.0,27.0,2.2,1994.0,27.0,7.8,1994.0,27.0,0.177,1999.0,32.0,20.049999999999997,1995.0,28.0,1.0,1995.0,28.0,6.666666666666667,1995.0,28.0,0.15
Robert Covington,Full Advanced,Starter/Rotation,2015.0,24.0,14.7,2024.0,33.0,2.2,2018.0,27.0,6.1,2024.0,33.0,0.145,2015.0,24.0,13.95,2024.0,33.0,1.9500000000000002,2019.0,28.0,4.1000000000000005,2024.0,33.0,0.131
Robert Horry,Full Advanced,All-Star,2005.0,34.0,14.9,2002.0,31.0,3.5,2002.0,31.0,6.9,2004.0,33.0,0.171,2005.0,34.0,14.300000000000002,2005.0,34.0,2.9333333333333336,2003.0,32.0,5.433333333333333,2005.0,34.0,0.15766666666666665
Robert Pack,Full Advanced,Role/Bench,1996.0,26.0,19.3,1996.0,26.0,2.0,1993.0,23.0,3.1,1996.0,26.0,0.121,1997.0,27.0,17.133333333333336,1995.0,25.0,1.0999999999999999,1993.0,23.0,2.4,1995.0,25.0,0.08966666666666667
Robert Parish,Full Advanced,Role/Bench,1993.0,39.0,19.2,1993.0,39.0,1.0,1993.0,39.0,6.8,1993.0,39.0,0.152,1993.0,39.0,17.65,1993.0,39.0,0.0,1993.0,39.0,5.4,1993.0,39.0,0.1235
Robert Sacre,Full Advanced,Role/Bench,2014.0,24.0,12.1,2015.0,25.0,-3.5,2014.0,24.0,1.4,2014.0,24.0,0.061,2014.0,24.0,11.5,2014.0,24.0,-3.55,2014.0,24.0,1.1,2014.0,24.0,0.048
Robert Traylor,Full Advanced,Role/Bench,1999.0,21.0,17.0,1999.0,21.0,0.9,2004.0,26.0,2.5,1999.0,21.0,0.152,1999.0,21.0,15.55,1999.0,21.0,-0.35000000000000003,2004.0,26.0,2.2333333333333334,2003.0,25.0,0.11499999999999999
Robert Williams,Full Advanced,Elite,2021.0,23.0,25.7,2021.0,23.0,6.0,2022.0,24.0,9.9,2022.0,24.0,0.262,2020.0,22.0,24.4,2020.0,22.0,5.55,2022.0,24.0,6.333333333333333,2021.0,23.0,0.25766666666666665
Robin Lopez,Full Advanced,Role/Bench,2013.0,24.0,18.9,2014.0,25.0,1.2,2014.0,25.0,9.5,2014.0,25.0,0.176,2014.0,25.0,17.599999999999998,2014.0,25.0,0.6333333333333333,2015.0,26.0,6.8,2014.0,25.0,0.15066666666666667
Rod Strickland,Full Advanced,All-Star,1995.0,28.0,21.6,1995.0,28.0,5.3,1994.0,27.0,9.3,1995.0,28.0,0.179,1995.0,28.0,20.166666666666668,1994.0,27.0,4.066666666666666,1994.0,27.0,8.4,1994.0,27.0,0.159
Rodney Buford,Full Advanced,Role/Bench,2001.0,23.0,11.3,2001.0,23.0,-2.9,2005.0,27.0,0.8,2001.0,23.0,0.071,2001.0,23.0,10.7,2002.0,24.0,-3.5333333333333337,2005.0,27.0,0.8,2001.0,23.0,0.0465
Rodney Carney,Full Advanced,Role/Bench,2010.0,25.0,12.7,2009.0,24.0,-0.8,2008.0,23.0,1.6,2010.0,25.0,0.082,2009.0,24.0,12.299999999999999,2009.0,24.0,-1.2666666666666666,2009.0,24.0,1.5333333333333334,2009.0,24.0,0.072
Rodney Hood,Full Advanced,Role/Bench,2018.0,25.0,14.3,2016.0,23.0,0.7,2016.0,23.0,6.0,2016.0,23.0,0.112,2017.0,24.0,13.6,2015.0,22.0,0.0,2015.0,22.0,4.1,2015.0,22.0,0.10500000000000001
Rodney McGruder,Full Advanced,Role/Bench,2022.0,30.0,11.6,2022.0,30.0,-1.4,2017.0,25.0,2.9,2022.0,30.0,0.075,2023.0,31.0,11.15,2023.0,31.0,-1.45,2017.0,25.0,2.4,2023.0,31.0,0.07150000000000001
Rodney Rogers,Full Advanced,Role/Bench,2002.0,30.0,17.0,2002.0,30.0,1.3,2002.0,30.0,5.4,2002.0,30.0,0.138,2001.0,29.0,15.433333333333332,2001.0,29.0,0.43333333333333335,2002.0,30.0,4.133333333333334,2003.0,31.0,0.10933333333333334
Rodney Stuckey,Full Advanced,Role/Bench,2011.0,24.0,18.4,2012.0,25.0,0.6,2011.0,24.0,5.0,2012.0,25.0,0.131,2011.0,24.0,17.200000000000003,2011.0,24.0,0.1333333333333333,2011.0,24.0,4.066666666666666,2012.0,25.0,0.09899999999999999
Rodney White,Full Advanced,Role/Bench,2004.0,23.0,16.4,2004.0,23.0,-0.3,2004.0,23.0,1.8,2004.0,23.0,0.087,2005.0,24.0,14.35,2005.0,24.0,-0.6499999999999999,2005.0,24.0,1.1500000000000001,2005.0,24.0,0.06249999999999999
Rodrigue Beaubois,Full Advanced,Role/Bench,2010.0,21.0,18.5,2010.0,21.0,1.5,2012.0,23.0,2.2,2010.0,21.0,0.134,2011.0,22.0,15.066666666666668,2011.0,22.0,0.03333333333333329,2011.0,22.0,1.4666666666666668,2011.0,22.0,0.08266666666666667
Roger Mason,Full Advanced,Role/Bench,2008.0,27.0,13.8,2008.0,27.0,0.0,2009.0,28.0,4.7,2008.0,27.0,0.096,2009.0,28.0,11.799999999999999,2009.0,28.0,-0.7000000000000001,2009.0,28.0,3.3333333333333335,2009.0,28.0,0.083
Romeo Langford,Full Advanced,Role/Bench,2023.0,23.0,10.4,2022.0,22.0,-1.4,2022.0,22.0,1.3,2022.0,22.0,0.082,2023.0,23.0,9.8,2023.0,23.0,-2.8,2023.0,23.0,0.9,2023.0,23.0,0.05550000000000001
Ron Harper,Full Advanced,Starter/Rotation,1993.0,29.0,16.1,1997.0,33.0,2.7,1998.0,34.0,7.2,1996.0,32.0,0.161,1993.0,29.0,15.9,1997.0,33.0,2.4,1997.0,33.0,6.400000000000001,1997.0,33.0,0.15633333333333332
Ron Mercer,Full Advanced,Role/Bench,2001.0,24.0,14.8,1998.0,21.0,-1.4,1998.0,21.0,4.0,1998.0,21.0,0.073,1999.0,22.0,14.133333333333333,1998.0,21.0,-1.8499999999999999,1998.0,21.0,2.65,1998.0,21.0,0.055999999999999994
Ronald Murray,Full Advanced,Role/Bench,2004.0,24.0,15.4,2009.0,29.0,-0.5,2009.0,29.0,3.1,2009.0,29.0,0.076,2009.0,29.0,13.199999999999998,2010.0,30.0,-1.4,2010.0,30.0,2.45,2010.0,30.0,0.0635
Rondae Hollis-Jefferson,Full Advanced,Starter/Rotation,2018.0,23.0,16.9,2016.0,21.0,0.8,2018.0,23.0,4.1,2020.0,25.0,0.146,2017.0,22.0,14.933333333333332,2017.0,22.0,-0.13333333333333333,2019.0,24.0,2.9,2019.0,24.0,0.09866666666666667
Ronnie Brewer,Full Advanced,Starter/Rotation,2008.0,22.0,18.4,2008.0,22.0,3.8,2008.0,22.0,7.8,2008.0,22.0,0.178,2007.0,21.0,16.799999999999997,2007.0,21.0,2.5,2009.0,23.0,6.1000000000000005,2007.0,21.0,0.151
Ronnie Price,Full Advanced,Role/Bench,2010.0,26.0,10.3,2010.0,26.0,-1.3,2016.0,32.0,1.4,2016.0,32.0,0.056,2016.0,32.0,9.9,2016.0,32.0,-2.1999999999999997,2016.0,32.0,1.0499999999999998,2016.0,32.0,0.046
Ronny Turiaf,Full Advanced,Starter/Rotation,2007.0,24.0,15.5,2011.0,28.0,1.4,2008.0,25.0,4.2,2008.0,25.0,0.137,2007.0,24.0,15.25,2010.0,27.0,0.9,2007.0,24.0,3.6500000000000004,2007.0,24.0,0.137
Rony Seikaly,Full Advanced,Role/Bench,1997.0,31.0,18.3,1994.0,28.0,-0.2,1997.0,31.0,6.8,1994.0,28.0,0.133,1993.0,27.0,17.55,1993.0,27.0,-0.25,1993.0,27.0,6.6,1993.0,27.0,0.13
Roy Hibbert,Full Advanced,Role/Bench,2012.0,25.0,19.3,2012.0,25.0,1.4,2012.0,25.0,6.2,2012.0,25.0,0.154,2012.0,25.0,17.5,2012.0,25.0,-1.850371707708594e-17,2013.0,26.0,5.900000000000001,2013.0,26.0,0.13033333333333333
Royal Ivey,Full Advanced,Role/Bench,2007.0,25.0,9.6,2009.0,27.0,-2.2,2013.0,31.0,1.0,2013.0,31.0,0.066,2006.0,24.0,8.966666666666667,2012.0,30.0,-2.9,2012.0,30.0,0.6999999999999998,2012.0,30.0,0.04766666666666667
Royce O'Neale,Full Advanced,Starter/Rotation,2025.0,31.0,12.6,2021.0,27.0,1.0,2021.0,27.0,5.6,2021.0,27.0,0.121,2025.0,31.0,11.850000000000001,2021.0,27.0,0.9,2021.0,27.0,5.133333333333334,2021.0,27.0,0.11033333333333334
Ruben Patterson,Full Advanced,Role/Bench,2001.0,25.0,19.3,2002.0,26.0,2.1,2002.0,26.0,5.6,2002.0,26.0,0.151,2001.0,25.0,19.05,2001.0,25.0,2.0,2001.0,25.0,5.55,2001.0,25.0,0.1395
Rudy Fernández,Full Advanced,Starter/Rotation,2009.0,23.0,15.5,2009.0,23.0,3.0,2009.0,23.0,6.1,2009.0,23.0,0.147,2009.0,23.0,14.3,2009.0,23.0,2.25,2009.0,23.0,4.55,2009.0,23.0,0.124
Rudy Gay,Full Advanced,Starter/Rotation,2015.0,28.0,19.7,2011.0,24.0,2.8,2010.0,23.0,6.4,2011.0,24.0,0.123,2014.0,27.0,17.866666666666664,2012.0,25.0,1.9333333333333333,2011.0,24.0,5.966666666666666,2011.0,24.0,0.11299999999999999
Rudy Gobert,Full Advanced,All-Star,2022.0,29.0,24.7,2019.0,26.0,5.4,2019.0,26.0,14.4,2019.0,26.0,0.268,2021.0,28.0,23.3,2020.0,27.0,4.633333333333334,2018.0,25.0,12.266666666666666,2020.0,27.0,0.24566666666666667
Rui Hachimura,Full Advanced,Role/Bench,2024.0,25.0,15.0,2025.0,26.0,-0.7,2025.0,26.0,4.3,2025.0,26.0,0.11,2023.0,24.0,14.366666666666667,2025.0,26.0,-0.8,2025.0,26.0,4.2,2025.0,26.0,0.10900000000000001
Rumeal Robinson,Full Advanced,Role/Bench,1993.0,26.0,13.7,1993.0,26.0,-0.9,1993.0,26.0,1.9,1996.0,29.0,0.069,1994.0,27.0,10.533333333333333,1994.0,27.0,-2.966666666666667,1994.0,27.0,0.7666666666666666,1994.0,27.0,0.017
Russell Westbrook,Full Advanced,Elite,2017.0,28.0,30.6,2017.0,28.0,11.1,2016.0,27.0,14.0,2016.0,27.0,0.245,2016.0,27.0,29.099999999999998,2016.0,27.0,9.0,2016.0,27.0,12.566666666666668,2016.0,27.0,0.2303333333333333
Ryan Anderson,Full Advanced,Role/Bench,2012.0,23.0,21.2,2011.0,22.0,4.6,2012.0,23.0,8.9,2012.0,23.0,0.219,2011.0,22.0,19.433333333333334,2011.0,22.0,3.633333333333333,2012.0,23.0,7.266666666666667,2011.0,22.0,0.19866666666666669
Ryan Arcidiacono,Full Advanced,Role/Bench,2019.0,24.0,11.6,2019.0,24.0,-1.9,2019.0,24.0,3.7,2021.0,26.0,0.093,2020.0,25.0,10.133333333333333,2020.0,25.0,-2.3333333333333335,2020.0,25.0,2.0,2020.0,25.0,0.08466666666666667
Ryan Bowen,Full Advanced,Role/Bench,2001.0,25.0,13.3,2003.0,27.0,1.8,2002.0,26.0,3.1,2009.0,33.0,0.125,2002.0,26.0,12.466666666666667,2002.0,26.0,0.26666666666666666,2001.0,25.0,2.4,2009.0,33.0,0.11599999999999999
Ryan Gomes,Full Advanced,Role/Bench,2008.0,25.0,15.7,2008.0,25.0,-0.1,2008.0,25.0,4.8,2006.0,23.0,0.108,2007.0,24.0,14.466666666666667,2007.0,24.0,-0.8999999999999999,2007.0,24.0,4.033333333333333,2006.0,23.0,0.0985
Ryan Hollins,Full Advanced,Role/Bench,2016.0,31.0,12.3,2016.0,31.0,-3.7,2011.0,26.0,1.8,2013.0,28.0,0.125,2016.0,31.0,11.8,2016.0,31.0,-3.8000000000000003,2010.0,25.0,1.5,2016.0,31.0,0.1125
Ryan Kelly,Full Advanced,Role/Bench,2014.0,22.0,12.6,2014.0,22.0,-1.5,2014.0,22.0,2.2,2014.0,22.0,0.081,2014.0,22.0,10.6,2014.0,22.0,-2.4,2014.0,22.0,1.4500000000000002,2014.0,22.0,0.054
Saben Lee,Full Advanced,Role/Bench,2021.0,21.0,13.8,2022.0,22.0,-0.4,2021.0,21.0,1.5,2021.0,21.0,0.091,2021.0,21.0,13.8,2023.0,23.0,-1.1,2021.0,21.0,1.2,2022.0,22.0,0.084
Saddiq Bey,Full Advanced,Role/Bench,2023.0,23.0,14.6,2022.0,22.0,-0.3,2022.0,22.0,4.0,2023.0,23.0,0.087,2023.0,23.0,13.899999999999999,2022.0,22.0,-0.3666666666666667,2023.0,23.0,3.8000000000000003,2024.0,24.0,0.084
Salah Mejri,Full Advanced,Starter/Rotation,2018.0,31.0,17.8,2019.0,32.0,0.8,2017.0,30.0,3.0,2018.0,31.0,0.175,2019.0,32.0,16.95,2019.0,32.0,0.75,2017.0,30.0,2.3333333333333335,2017.0,30.0,0.16333333333333333
Salim Stoudamire,Full Advanced,Role/Bench,2006.0,23.0,12.5,2006.0,23.0,-2.5,2006.0,23.0,1.2,2006.0,23.0,0.046,2006.0,23.0,11.95,2006.0,23.0,-2.8,2006.0,23.0,1.0,2006.0,23.0,0.040999999999999995
Sam Bowie,Full Advanced,Role/Bench,1994.0,32.0,13.6,1993.0,31.0,-0.4,1993.0,31.0,4.3,1993.0,31.0,0.098,1993.0,31.0,13.399999999999999,1993.0,31.0,-1.1,1993.0,31.0,2.55,1993.0,31.0,0.08549999999999999
Sam Cassell,Full Advanced,Starter/Rotation,2004.0,34.0,22.8,2004.0,34.0,4.4,2004.0,34.0,12.1,2004.0,34.0,0.205,2003.0,33.0,22.133333333333336,2003.0,33.0,3.1666666666666665,2003.0,33.0,10.1,2003.0,33.0,0.17800000000000002
Sam Dekker,Full Advanced,Role/Bench,2019.0,24.0,13.3,2017.0,22.0,-0.2,2017.0,22.0,3.1,2017.0,22.0,0.104,2018.0,23.0,12.633333333333333,2017.0,22.0,-1.55,2017.0,22.0,2.15,2017.0,22.0,0.08499999999999999
Sam Hauser,Full Advanced,Starter/Rotation,2024.0,26.0,13.0,2024.0,26.0,1.2,2024.0,26.0,4.9,2025.0,27.0,0.136,2025.0,27.0,12.9,2023.0,25.0,1.1,2025.0,27.0,4.65,2025.0,27.0,0.135
Sam Mack,Full Advanced,Role/Bench,1999.0,28.0,15.4,1999.0,28.0,0.9,1999.0,28.0,2.8,1999.0,28.0,0.126,1999.0,28.0,13.900000000000002,1999.0,28.0,-0.4999999999999999,1999.0,28.0,1.9499999999999997,1996.0,25.0,0.087
Sam Mitchell,Full Advanced,Role/Bench,1998.0,34.0,15.8,1998.0,34.0,-0.5,1998.0,34.0,6.1,1998.0,34.0,0.131,1998.0,34.0,13.9,1998.0,34.0,-1.7,1997.0,33.0,4.566666666666666,1995.0,31.0,0.108
Sam Perkins,Full Advanced,Starter/Rotation,1997.0,35.0,17.0,1997.0,35.0,3.3,1995.0,33.0,8.5,1995.0,33.0,0.173,1996.0,34.0,16.2,1996.0,34.0,2.733333333333333,1996.0,34.0,7.5,1996.0,34.0,0.16633333333333333
Sam Young,Full Advanced,Role/Bench,2010.0,24.0,13.0,2011.0,25.0,-0.9,2011.0,25.0,2.9,2011.0,25.0,0.088,2010.0,24.0,12.75,2012.0,26.0,-1.9666666666666668,2010.0,24.0,2.05,2010.0,24.0,0.066
Samaki Walker,Full Advanced,Role/Bench,2002.0,25.0,14.5,2002.0,25.0,0.1,2002.0,25.0,5.3,2002.0,25.0,0.153,1997.0,20.0,13.3,2002.0,25.0,-1.7,2002.0,25.0,3.1,2002.0,25.0,0.10833333333333334
Samuel Dalembert,Full Advanced,Role/Bench,2013.0,31.0,18.6,2004.0,22.0,0.3,2008.0,26.0,6.9,2004.0,22.0,0.151,2013.0,31.0,17.433333333333334,2013.0,31.0,-0.43333333333333335,2008.0,26.0,5.7,2013.0,31.0,0.14033333333333334
Santi Aldama,Full Advanced,Role/Bench,2025.0,24.0,16.8,2025.0,24.0,3.2,2025.0,24.0,5.0,2025.0,24.0,0.144,2025.0,24.0,14.95,2025.0,24.0,1.5,2024.0,23.0,4.0,2024.0,23.0,0.11466666666666665
Sasha Pavlović,Full Advanced,Role/Bench,2007.0,23.0,12.1,2007.0,23.0,-0.8,2007.0,23.0,3.1,2007.0,23.0,0.098,2006.0,22.0,9.333333333333334,2008.0,24.0,-2.6,2008.0,24.0,1.6666666666666667,2008.0,24.0,0.06033333333333333
Sasha Vujačić,Full Advanced,Role/Bench,2008.0,23.0,15.1,2008.0,23.0,1.2,2009.0,24.0,3.7,2009.0,24.0,0.138,2009.0,24.0,13.333333333333334,2008.0,23.0,0.3333333333333333,2009.0,24.0,3.1333333333333333,2008.0,23.0,0.12166666666666666
Scot Pollard,Full Advanced,Role/Bench,2002.0,26.0,15.0,2002.0,26.0,0.8,2002.0,26.0,6.8,2002.0,26.0,0.175,2001.0,25.0,15.0,2001.0,25.0,0.25,2001.0,25.0,6.1,2001.0,25.0,0.16599999999999998
Scott Brooks,Full Advanced,Role/Bench,1996.0,30.0,16.6,1993.0,27.0,0.7,1993.0,27.0,4.6,1993.0,27.0,0.145,1996.0,30.0,15.750000000000004,1993.0,27.0,0.3,1993.0,27.0,3.9499999999999997,1993.0,27.0,0.138
Scott Burrell,Full Advanced,All-Star,1998.0,27.0,15.7,1998.0,27.0,2.5,1995.0,24.0,5.6,1998.0,27.0,0.163,1999.0,28.0,14.149999999999999,1999.0,28.0,1.6,1994.0,23.0,3.05,1999.0,28.0,0.1275
Scott Padgett,Full Advanced,Role/Bench,2002.0,25.0,15.4,2005.0,28.0,1.1,2002.0,25.0,3.5,2005.0,28.0,0.141,2002.0,25.0,13.9,2006.0,29.0,0.45000000000000007,2002.0,25.0,3.0,2006.0,29.0,0.132
Scott Skiles,Full Advanced,Starter/Rotation,1995.0,30.0,15.7,1993.0,28.0,0.7,1993.0,28.0,8.0,1993.0,28.0,0.125,1994.0,29.0,14.666666666666666,1994.0,29.0,-3.700743415417188e-17,1993.0,28.0,6.2,1993.0,28.0,0.108
Scott Williams,Full Advanced,Role/Bench,1994.0,25.0,15.4,1993.0,24.0,-1.6,1993.0,24.0,3.9,1993.0,24.0,0.136,1993.0,24.0,15.0,1993.0,24.0,-2.1500000000000004,1994.0,25.0,2.9,1993.0,24.0,0.1305
Scottie Barnes,Full Advanced,All-Star,2024.0,22.0,19.5,2024.0,22.0,3.7,2022.0,20.0,6.6,2022.0,20.0,0.122,2025.0,23.0,18.65,2025.0,23.0,3.0500000000000003,2022.0,20.0,5.8,2022.0,20.0,0.106
Scottie Pippen,Full Advanced,Elite,1994.0,28.0,23.2,1994.0,28.0,7.7,1997.0,31.0,13.1,1996.0,30.0,0.209,1995.0,29.0,22.266666666666666,1995.0,29.0,7.166666666666667,1996.0,30.0,12.4,1997.0,31.0,0.20166666666666666
Sean Elliott,Full Advanced,Role/Bench,1996.0,27.0,16.3,1995.0,26.0,1.9,1995.0,26.0,8.7,1995.0,26.0,0.147,1996.0,27.0,15.433333333333332,2001.0,32.0,0.75,1996.0,27.0,5.966666666666668,2001.0,32.0,0.11549999999999999
Sean Higgins,Full Advanced,Role/Bench,1996.0,27.0,10.4,1996.0,27.0,-3.6,1996.0,27.0,0.3,1996.0,27.0,0.014,1995.0,26.0,8.9,1995.0,26.0,-4.8999999999999995,1996.0,27.0,0.15,1996.0,27.0,0.008
Sean Kilpatrick,Full Advanced,Role/Bench,2016.0,26.0,15.6,2016.0,26.0,-2.2,2017.0,27.0,1.4,2016.0,26.0,0.076,2016.0,26.0,14.35,2016.0,26.0,-2.25,2016.0,26.0,1.2,2016.0,26.0,0.057999999999999996
Sean Marks,Full Advanced,Role/Bench,2002.0,26.0,9.3,2002.0,26.0,-3.9,2009.0,33.0,1.2,2009.0,33.0,0.067,2002.0,26.0,9.0,2005.0,29.0,-4.8999999999999995,2009.0,33.0,0.7,2009.0,33.0,0.0525
Sean May,Full Advanced,Role/Bench,2007.0,22.0,19.1,2007.0,22.0,1.4,2007.0,22.0,2.2,2007.0,22.0,0.127,2006.0,21.0,17.200000000000003,2006.0,21.0,-0.6000000000000001,2006.0,21.0,1.3,2006.0,21.0,0.087
Sean Rooks,Full Advanced,Role/Bench,1993.0,23.0,14.7,2001.0,31.0,-1.7,1995.0,25.0,3.0,1998.0,28.0,0.13,1993.0,23.0,14.649999999999999,1993.0,23.0,-2.05,1995.0,25.0,2.3333333333333335,1997.0,27.0,0.10766666666666667
Sean Williams,Full Advanced,Role/Bench,2008.0,21.0,13.9,2008.0,21.0,-2.2,2008.0,21.0,2.5,2008.0,21.0,0.093,2008.0,21.0,11.350000000000001,2008.0,21.0,-3.5,2008.0,21.0,1.4,2008.0,21.0,0.0645
Sebastian Telfair,Full Advanced,Role/Bench,2012.0,26.0,13.2,2012.0,26.0,-1.3,2012.0,26.0,1.1,2012.0,26.0,0.058,2013.0,27.0,12.05,2013.0,27.0,-1.5,2013.0,27.0,0.9500000000000001,2013.0,27.0,0.0485
Sedale Threatt,Full Advanced,Role/Bench,1993.0,31.0,16.5,1993.0,31.0,0.7,1993.0,31.0,7.1,1995.0,33.0,0.131,1993.0,31.0,15.9,1994.0,32.0,0.3,1993.0,31.0,5.8,1994.0,32.0,0.11466666666666668
Semi Ojeleye,Full Advanced,Role/Bench,2019.0,24.0,8.5,2020.0,25.0,-1.7,2020.0,25.0,1.9,2020.0,25.0,0.088,2020.0,25.0,8.166666666666668,2020.0,25.0,-2.6999999999999997,2020.0,25.0,1.2666666666666666,2020.0,25.0,0.06933333333333334
Serge Ibaka,Full Advanced,Starter/Rotation,2014.0,24.0,19.6,2012.0,22.0,2.3,2014.0,24.0,9.6,2013.0,23.0,0.181,2013.0,23.0,19.333333333333332,2013.0,23.0,1.8333333333333333,2013.0,23.0,8.4,2013.0,23.0,0.17366666666666664
Sergio Rodríguez,Full Advanced,Role/Bench,2010.0,23.0,14.8,2007.0,20.0,-1.1,2009.0,22.0,1.7,2009.0,22.0,0.068,2009.0,22.0,13.799999999999999,2007.0,20.0,-1.25,2007.0,20.0,1.3,2007.0,20.0,0.059000000000000004
Seth Curry,Full Advanced,Role/Bench,2017.0,26.0,15.5,2017.0,26.0,1.2,2017.0,26.0,4.6,2020.0,29.0,0.13,2016.0,25.0,14.65,2016.0,25.0,0.5,2021.0,30.0,4.166666666666667,2021.0,30.0,0.11433333333333333
Shabazz Muhammad,Full Advanced,Role/Bench,2015.0,22.0,19.9,2015.0,22.0,0.7,2016.0,23.0,2.7,2015.0,22.0,0.11,2015.0,22.0,17.549999999999997,2015.0,22.0,-0.9,2017.0,24.0,2.7,2015.0,22.0,0.0935
Shabazz Napier,Full Advanced,Role/Bench,2019.0,27.0,15.3,2019.0,27.0,1.5,2018.0,26.0,3.2,2018.0,26.0,0.101,2020.0,28.0,14.55,2019.0,27.0,0.3666666666666667,2019.0,27.0,2.3000000000000003,2019.0,27.0,0.08600000000000001
Shaedon Sharpe,Full Advanced,Role/Bench,2025.0,21.0,14.5,2025.0,21.0,-1.3,2025.0,21.0,3.0,2025.0,21.0,0.064,2025.0,21.0,12.95,2025.0,21.0,-2.05,2025.0,21.0,1.75,2025.0,21.0,0.043
Shai Gilgeous-Alexander,Full Advanced,Elite,2025.0,26.0,30.7,2025.0,26.0,11.5,2025.0,26.0,16.7,2025.0,26.0,0.309,2025.0,26.0,29.999999999999993,2025.0,26.0,10.250000000000002,2025.0,26.0,15.649999999999999,2025.0,26.0,0.29200000000000004
Shake Milton,Full Advanced,Role/Bench,2021.0,24.0,14.6,2020.0,23.0,-1.0,2023.0,26.0,2.9,2020.0,23.0,0.126,2021.0,24.0,13.633333333333333,2021.0,24.0,-1.6000000000000003,2022.0,25.0,2.466666666666667,2021.0,24.0,0.09533333333333334
Shammond Williams,Full Advanced,Role/Bench,2001.0,25.0,15.4,2001.0,25.0,0.8,2003.0,27.0,3.1,2001.0,25.0,0.112,2001.0,25.0,14.850000000000001,2001.0,25.0,0.7,2002.0,26.0,2.4,2001.0,25.0,0.10350000000000001
Shandon Anderson,Full Advanced,Role/Bench,1998.0,24.0,15.7,1998.0,24.0,0.7,1998.0,24.0,4.2,1998.0,24.0,0.127,1999.0,25.0,13.466666666666669,1999.0,25.0,-0.3,1999.0,25.0,3.3666666666666667,1999.0,25.0,0.09766666666666667
Shane Battier,Full Advanced,All-Star,2004.0,25.0,15.3,2006.0,27.0,2.6,2006.0,27.0,9.1,2006.0,27.0,0.153,2004.0,25.0,15.033333333333333,2005.0,26.0,2.533333333333333,2007.0,28.0,8.766666666666667,2005.0,26.0,0.149
Shane Larkin,Full Advanced,Role/Bench,2016.0,23.0,13.3,2018.0,25.0,-1.7,2015.0,22.0,1.7,2018.0,25.0,0.087,2018.0,25.0,11.8,2018.0,25.0,-1.85,2016.0,23.0,1.5,2018.0,25.0,0.063
Shannon Brown,Full Advanced,Role/Bench,2011.0,25.0,13.6,2010.0,24.0,-0.4,2010.0,24.0,3.4,2010.0,24.0,0.096,2012.0,26.0,13.433333333333332,2011.0,25.0,-0.7333333333333334,2011.0,25.0,2.6999999999999997,2011.0,25.0,0.081
Shaquille Harrison,Full Advanced,Role/Bench,2020.0,26.0,17.8,2020.0,26.0,2.8,2020.0,26.0,1.5,2020.0,26.0,0.153,2019.0,25.0,15.266666666666666,2020.0,26.0,0.7499999999999999,2020.0,26.0,1.4500000000000002,2020.0,26.0,0.10049999999999999
Shaquille O'Neal,Full Advanced,Elite,1999.0,26.0,30.6,2002.0,29.0,8.0,1994.0,21.0,16.9,2002.0,29.0,0.262,2001.0,28.0,30.166666666666668,2001.0,28.0,7.6000000000000005,1994.0,21.0,13.766666666666666,2001.0,28.0,0.254
Shareef Abdur-Rahim,Full Advanced,Starter/Rotation,1998.0,21.0,21.1,1999.0,22.0,2.0,2003.0,26.0,9.7,2006.0,29.0,0.152,1999.0,22.0,20.3,2001.0,24.0,1.8333333333333333,2002.0,25.0,8.466666666666667,2005.0,28.0,0.14533333333333334
Sharone Wright,Full Advanced,Role/Bench,1996.0,23.0,15.1,1995.0,22.0,-3.7,1995.0,22.0,1.7,1996.0,23.0,0.043,1995.0,22.0,14.55,1995.0,22.0,-3.8,1995.0,22.0,1.5,1995.0,22.0,0.041499999999999995
Shaun Livingston,Full Advanced,Role/Bench,2014.0,28.0,14.5,2014.0,28.0,0.4,2016.0,30.0,4.6,2016.0,30.0,0.145,2015.0,29.0,13.733333333333334,2015.0,29.0,-0.03333333333333335,2015.0,29.0,4.1000000000000005,2015.0,29.0,0.12
Shawn Bradley,Full Advanced,Role/Bench,1999.0,26.0,19.6,2003.0,30.0,2.6,2003.0,30.0,7.4,2003.0,30.0,0.204,1998.0,25.0,17.933333333333334,2002.0,29.0,1.5,2002.0,29.0,5.333333333333333,2002.0,29.0,0.16633333333333333
Shawn Kemp,Full Advanced,Starter/Rotation,1999.0,29.0,23.6,1994.0,24.0,4.4,1994.0,24.0,11.7,1994.0,24.0,0.216,1995.0,25.0,22.400000000000002,1993.0,23.0,3.1500000000000004,1995.0,25.0,11.166666666666666,1995.0,25.0,0.20366666666666666
Shawn Marion,Full Advanced,All-Star,2006.0,27.0,23.6,2003.0,24.0,5.6,2006.0,27.0,14.6,2006.0,27.0,0.214,2006.0,27.0,22.03333333333333,2006.0,27.0,4.533333333333334,2006.0,27.0,13.033333333333331,2006.0,27.0,0.19866666666666669
Shawn Respert,Full Advanced,Role/Bench,1998.0,25.0,12.3,1997.0,24.0,-1.6,1998.0,25.0,0.8,1997.0,24.0,0.068,1998.0,25.0,11.9,1996.0,23.0,-1.75,1998.0,25.0,0.75,1998.0,25.0,0.05650000000000001
Shawne Williams,Full Advanced,Role/Bench,2008.0,21.0,12.8,2011.0,24.0,-0.7,2011.0,24.0,2.5,2011.0,24.0,0.089,2008.0,21.0,11.566666666666668,2008.0,21.0,-1.7333333333333334,2008.0,21.0,1.5333333333333332,2008.0,21.0,0.07366666666666667
Shelden Williams,Full Advanced,Role/Bench,2010.0,26.0,14.1,2010.0,26.0,-1.4,2007.0,23.0,2.2,2010.0,26.0,0.162,2010.0,26.0,13.366666666666667,2011.0,27.0,-2.466666666666667,2011.0,27.0,2.0,2011.0,27.0,0.11399999999999999
Shelvin Mack,Full Advanced,Role/Bench,2016.0,25.0,13.6,2014.0,23.0,-1.1,2014.0,23.0,2.3,2015.0,24.0,0.075,2015.0,24.0,13.333333333333334,2015.0,24.0,-1.4666666666666668,2015.0,24.0,1.6333333333333335,2015.0,24.0,0.06999999999999999
Sherman Douglas,Full Advanced,Role/Bench,1995.0,28.0,17.0,1995.0,28.0,1.2,1997.0,30.0,4.6,1998.0,31.0,0.112,1996.0,29.0,15.4,1996.0,29.0,-0.03333333333333338,1996.0,29.0,4.033333333333332,1997.0,30.0,0.09166666666666667
Simone Fontecchio,Full Advanced,Role/Bench,2024.0,28.0,12.1,2024.0,28.0,-1.0,2024.0,28.0,2.1,2025.0,29.0,0.063,2025.0,29.0,10.899999999999999,2025.0,29.0,-1.9499999999999997,2025.0,29.0,1.85,2025.0,29.0,0.062
Skal Labissière,Full Advanced,Role/Bench,2017.0,20.0,16.8,2020.0,23.0,-1.3,2018.0,21.0,1.4,2020.0,23.0,0.119,2017.0,20.0,15.55,2020.0,23.0,-2.0,2020.0,23.0,1.4,2018.0,21.0,0.09066666666666667
Sleepy Floyd,Full Advanced,Role/Bench,1993.0,32.0,12.1,1993.0,32.0,-2.4,1993.0,32.0,1.0,1993.0,32.0,0.056,1993.0,32.0,9.05,1993.0,32.0,-4.35,1993.0,32.0,0.3,1993.0,32.0,0.0155
Smush Parker,Full Advanced,Role/Bench,2006.0,24.0,13.4,2006.0,24.0,0.1,2006.0,24.0,5.8,2006.0,24.0,0.1,2003.0,21.0,12.350000000000001,2003.0,21.0,-1.65,2003.0,21.0,2.9499999999999997,2003.0,21.0,0.052500000000000005
Solomon Hill,Full Advanced,Role/Bench,2016.0,24.0,12.2,2016.0,24.0,0.1,2015.0,23.0,3.5,2016.0,24.0,0.117,2015.0,23.0,11.2,2015.0,23.0,-0.7,2015.0,23.0,2.8,2015.0,23.0,0.0945
Solomon Jones,Full Advanced,Role/Bench,2007.0,22.0,12.3,2009.0,24.0,-2.7,2009.0,24.0,1.9,2009.0,24.0,0.138,2007.0,22.0,12.15,2007.0,22.0,-2.9000000000000004,2007.0,22.0,1.75,2007.0,22.0,0.1275
Sonny Weems,Full Advanced,Role/Bench,2010.0,23.0,12.9,2010.0,23.0,-2.0,2010.0,23.0,1.3,2010.0,23.0,0.044,2010.0,23.0,11.55,2010.0,23.0,-3.3,2010.0,23.0,0.45,2010.0,23.0,0.0155
Speedy Claxton,Full Advanced,Starter/Rotation,2004.0,25.0,17.3,2003.0,24.0,1.2,2004.0,25.0,4.2,2004.0,25.0,0.127,2005.0,26.0,16.400000000000002,2004.0,25.0,0.8333333333333334,2005.0,26.0,3.6333333333333333,2004.0,25.0,0.116
Spencer Dinwiddie,Full Advanced,Starter/Rotation,2020.0,26.0,17.8,2020.0,26.0,1.8,2023.0,29.0,6.3,2019.0,25.0,0.121,2019.0,25.0,16.666666666666668,2019.0,25.0,1.0,2019.0,25.0,5.1000000000000005,2019.0,25.0,0.11833333333333333
Spencer Hawes,Full Advanced,Role/Bench,2012.0,23.0,18.1,2012.0,23.0,1.5,2013.0,24.0,4.5,2012.0,23.0,0.152,2013.0,24.0,16.599999999999998,2013.0,24.0,0.5333333333333333,2013.0,24.0,3.966666666666667,2013.0,24.0,0.11199999999999999
Spud Webb,Full Advanced,Role/Bench,1994.0,30.0,15.2,1994.0,30.0,0.5,1994.0,30.0,5.1,1996.0,32.0,0.099,1993.0,29.0,14.8,1995.0,31.0,-0.033333333333333326,1994.0,30.0,4.7,1996.0,32.0,0.099
Stacey Augmon,Full Advanced,Role/Bench,1994.0,25.0,17.9,1994.0,25.0,2.7,1994.0,25.0,9.7,1994.0,25.0,0.179,1995.0,26.0,16.599999999999998,1995.0,26.0,1.2666666666666668,1995.0,26.0,6.8,1995.0,26.0,0.133
Stacey King,Full Advanced,Role/Bench,1993.0,26.0,12.8,1993.0,26.0,-3.2,1993.0,26.0,1.9,1993.0,26.0,0.088,1993.0,26.0,12.2,1993.0,26.0,-3.45,1993.0,26.0,1.4,1993.0,26.0,0.0645
Stanislav Medvedenko,Full Advanced,Role/Bench,2002.0,22.0,15.6,2002.0,22.0,-2.2,2004.0,24.0,3.0,2002.0,22.0,0.118,2003.0,23.0,13.166666666666666,2003.0,23.0,-4.266666666666667,2003.0,23.0,1.7333333333333334,2003.0,23.0,0.08366666666666667
Stanley Johnson,Full Advanced,Role/Bench,2023.0,26.0,13.5,2023.0,26.0,-1.0,2018.0,21.0,1.8,2022.0,25.0,0.079,2023.0,26.0,12.0,2023.0,26.0,-1.8500000000000003,2023.0,26.0,1.25,2023.0,26.0,0.0775
Stanley Roberts,Full Advanced,Role/Bench,1993.0,22.0,14.7,1993.0,22.0,-2.8,1993.0,22.0,3.2,1993.0,22.0,0.085,1993.0,22.0,13.75,1993.0,22.0,-3.8,1993.0,22.0,1.9500000000000002,1996.0,25.0,0.063
Stephen Curry,Full Advanced,Elite,2016.0,27.0,31.5,2016.0,27.0,11.9,2016.0,27.0,17.9,2016.0,27.0,0.318,2017.0,28.0,28.099999999999998,2015.0,26.0,9.733333333333334,2015.0,26.0,15.666666666666666,2016.0,27.0,0.2783333333333333
Stephen Graham,Full Advanced,Role/Bench,2010.0,27.0,11.2,2010.0,27.0,-1.6,2010.0,27.0,1.6,2010.0,27.0,0.094,2009.0,26.0,9.85,2009.0,26.0,-3.8,2009.0,26.0,0.8,2009.0,26.0,0.0475
Stephen Jackson,Full Advanced,Role/Bench,2004.0,25.0,16.1,2003.0,24.0,0.9,2010.0,31.0,5.0,2003.0,24.0,0.102,2009.0,30.0,15.533333333333333,2004.0,25.0,0.43333333333333335,2007.0,28.0,4.366666666666667,2004.0,25.0,0.08533333333333333
Stephon Marbury,Full Advanced,All-Star,2001.0,23.0,22.7,2001.0,23.0,4.3,2005.0,27.0,11.7,2005.0,27.0,0.171,2004.0,26.0,20.8,2004.0,26.0,3.433333333333333,2004.0,26.0,10.133333333333333,2004.0,26.0,0.14900000000000002
Sterling Brown,Full Advanced,Role/Bench,2021.0,25.0,11.1,2019.0,23.0,-1.5,2019.0,23.0,2.1,2019.0,23.0,0.098,2020.0,24.0,10.5,2020.0,24.0,-1.7,2020.0,24.0,1.6666666666666667,2020.0,24.0,0.07966666666666668
Steve Blake,Full Advanced,Role/Bench,2006.0,25.0,14.5,2009.0,28.0,1.5,2009.0,28.0,5.8,2009.0,28.0,0.128,2009.0,28.0,12.666666666666666,2009.0,28.0,0.16666666666666666,2009.0,28.0,4.3,2009.0,28.0,0.09233333333333334
Steve Francis,Full Advanced,Starter/Rotation,2001.0,23.0,21.6,2001.0,23.0,5.0,2001.0,23.0,12.2,2001.0,23.0,0.184,2002.0,24.0,20.433333333333334,2002.0,24.0,3.5,2002.0,24.0,9.233333333333333,2002.0,24.0,0.145
Steve Kerr,Full Advanced,Starter/Rotation,1997.0,31.0,15.6,1996.0,30.0,3.4,1996.0,30.0,8.3,1996.0,30.0,0.208,1996.0,30.0,14.766666666666666,1997.0,31.0,2.566666666666667,1996.0,30.0,7.233333333333334,1997.0,31.0,0.18699999999999997
Steve Nash,Full Advanced,All-Star,2007.0,32.0,23.8,2007.0,32.0,5.9,2007.0,32.0,12.6,2007.0,32.0,0.225,2006.0,31.0,23.033333333333335,2006.0,31.0,5.2,2006.0,31.0,11.966666666666669,2006.0,31.0,0.2133333333333333
Steve Novak,Full Advanced,Starter/Rotation,2012.0,28.0,15.9,2012.0,28.0,4.1,2013.0,29.0,4.0,2012.0,28.0,0.181,2009.0,25.0,14.7,2013.0,29.0,1.9000000000000001,2012.0,28.0,3.3666666666666667,2013.0,29.0,0.14133333333333334
Steve Smith,Full Advanced,Starter/Rotation,1998.0,28.0,18.8,1999.0,29.0,3.1,1998.0,28.0,10.2,1998.0,28.0,0.171,1998.0,28.0,18.033333333333335,1998.0,28.0,2.6,1997.0,27.0,9.066666666666665,1999.0,29.0,0.16266666666666665
Steven Adams,Full Advanced,Starter/Rotation,2018.0,24.0,20.6,2020.0,26.0,2.9,2018.0,24.0,9.7,2018.0,24.0,0.187,2019.0,25.0,19.866666666666664,2019.0,25.0,1.7000000000000002,2019.0,25.0,8.433333333333332,2019.0,25.0,0.17833333333333334
Steven Hunter,Full Advanced,Role/Bench,2005.0,23.0,14.7,2005.0,23.0,-0.9,2007.0,25.0,2.8,2005.0,23.0,0.121,2006.0,24.0,13.633333333333333,2006.0,24.0,-1.7,2007.0,25.0,2.65,2006.0,24.0,0.09866666666666667
Stromile Swift,Full Advanced,Role/Bench,2004.0,24.0,19.2,2004.0,24.0,0.5,2004.0,24.0,4.8,2004.0,24.0,0.15,2003.0,23.0,18.133333333333333,2003.0,23.0,-0.19999999999999998,2003.0,23.0,3.933333333333333,2004.0,24.0,0.12166666666666666
Svi Mykhailiuk,Full Advanced,Role/Bench,2023.0,25.0,14.0,2023.0,25.0,-0.1,2020.0,22.0,1.6,2024.0,26.0,0.106,2024.0,26.0,11.833333333333334,2023.0,25.0,-1.5999999999999999,2021.0,23.0,0.9,2023.0,25.0,0.07966666666666666
T.J. Ford,Full Advanced,Role/Bench,2008.0,24.0,20.3,2008.0,24.0,2.5,2007.0,23.0,4.3,2008.0,24.0,0.13,2008.0,24.0,18.36666666666667,2008.0,24.0,1.2333333333333334,2008.0,24.0,3.9666666666666663,2008.0,24.0,0.10433333333333333
T.J. McConnell,Full Advanced,Starter/Rotation,2024.0,31.0,20.9,2024.0,31.0,3.0,2021.0,28.0,4.8,2024.0,31.0,0.143,2025.0,32.0,19.650000000000002,2025.0,32.0,2.1,2020.0,27.0,3.6666666666666665,2025.0,32.0,0.126
T.J. Warren,Full Advanced,Role/Bench,2020.0,26.0,18.4,2020.0,26.0,1.1,2020.0,26.0,6.5,2020.0,26.0,0.143,2019.0,25.0,17.433333333333334,2019.0,25.0,0.06666666666666672,2019.0,25.0,4.0,2023.0,29.0,0.11199999999999999
Taj Gibson,Full Advanced,Role/Bench,2019.0,33.0,17.8,2021.0,35.0,1.3,2018.0,32.0,7.2,2021.0,35.0,0.195,2020.0,34.0,16.633333333333336,2020.0,34.0,0.03333333333333314,2017.0,31.0,5.533333333333334,2020.0,34.0,0.153
Talen Horton-Tucker,Full Advanced,Role/Bench,2025.0,24.0,13.8,2021.0,20.0,-1.2,2021.0,20.0,2.1,2021.0,20.0,0.078,2024.0,23.0,13.633333333333335,2024.0,23.0,-1.7333333333333334,2021.0,20.0,1.6,2025.0,24.0,0.05700000000000001
Tari Eason,Full Advanced,All-Star,2025.0,23.0,18.5,2025.0,23.0,3.6,2025.0,23.0,5.0,2025.0,23.0,0.169,2025.0,23.0,17.799999999999997,2025.0,23.0,2.6,2025.0,23.0,3.1500000000000004,2025.0,23.0,0.147
Tarik Black,Full Advanced,Role/Bench,2017.0,25.0,15.0,2015.0,23.0,-2.1,2015.0,23.0,3.1,2018.0,26.0,0.136,2018.0,26.0,14.65,2015.0,23.0,-2.7,2016.0,24.0,2.066666666666667,2018.0,26.0,0.1205
Tariq Abdul-Wahad,Full Advanced,Role/Bench,1999.0,24.0,11.8,1999.0,24.0,-3.0,1999.0,24.0,1.4,1999.0,24.0,0.058,1998.0,23.0,10.95,1998.0,23.0,-3.9,1998.0,23.0,0.6,1998.0,23.0,0.025
Taurean Prince,Full Advanced,Role/Bench,2018.0,23.0,12.8,2022.0,27.0,-0.9,2025.0,30.0,3.5,2022.0,27.0,0.09,2018.0,23.0,11.5,2017.0,22.0,-1.4500000000000002,2025.0,30.0,2.7,2022.0,27.0,0.06466666666666666
Tayshaun Prince,Full Advanced,Starter/Rotation,2005.0,24.0,16.2,2005.0,24.0,2.1,2005.0,24.0,9.4,2005.0,24.0,0.149,2006.0,25.0,15.666666666666666,2008.0,27.0,1.5333333333333332,2006.0,25.0,8.133333333333333,2005.0,24.0,0.13266666666666668
Terance Mann,Full Advanced,Role/Bench,2021.0,24.0,13.8,2023.0,26.0,-0.2,2022.0,25.0,5.5,2021.0,24.0,0.141,2021.0,24.0,13.600000000000001,2022.0,25.0,-0.3333333333333333,2023.0,26.0,4.666666666666667,2021.0,24.0,0.127
Terence Davis,Full Advanced,Role/Bench,2022.0,24.0,14.6,2020.0,22.0,0.8,2020.0,22.0,3.1,2020.0,22.0,0.122,2023.0,25.0,13.750000000000002,2020.0,22.0,-0.44999999999999996,2020.0,22.0,1.9500000000000002,2020.0,22.0,0.08
Terrance Ferguson,Full Advanced,Role/Bench,2018.0,19.0,7.4,2018.0,19.0,-3.3,2019.0,20.0,2.8,2018.0,19.0,0.077,2018.0,19.0,6.9,2018.0,19.0,-3.55,2018.0,19.0,2.0,2018.0,19.0,0.07350000000000001
Terrell Brandon,Full Advanced,All-Star,1996.0,25.0,25.2,1996.0,25.0,7.5,1996.0,25.0,12.7,1996.0,25.0,0.237,1997.0,26.0,22.3,1996.0,25.0,5.633333333333333,1996.0,25.0,9.700000000000001,1996.0,25.0,0.18499999999999997
Terrence Jones,Full Advanced,Role/Bench,2014.0,22.0,19.1,2014.0,22.0,2.2,2014.0,22.0,7.3,2014.0,22.0,0.169,2014.0,22.0,18.700000000000003,2014.0,22.0,1.7000000000000002,2014.0,22.0,5.15,2014.0,22.0,0.1645
Terrence Ross,Full Advanced,Role/Bench,2019.0,27.0,15.4,2019.0,27.0,0.8,2019.0,27.0,4.3,2016.0,24.0,0.1,2020.0,28.0,14.200000000000001,2015.0,23.0,-0.4333333333333333,2015.0,23.0,3.4,2015.0,23.0,0.08266666666666667
Terrence Williams,Full Advanced,Role/Bench,2012.0,24.0,13.1,2012.0,24.0,-1.4,2012.0,24.0,0.3,2013.0,25.0,0.046,2013.0,25.0,12.7,2013.0,25.0,-1.9000000000000004,2013.0,25.0,0.3,2013.0,25.0,0.0375
Terry Cummings,Full Advanced,Role/Bench,1999.0,37.0,16.2,1999.0,37.0,-0.1,1996.0,34.0,3.0,1999.0,37.0,0.122,1998.0,36.0,15.033333333333333,1999.0,37.0,-1.3499999999999999,1999.0,37.0,2.6,1998.0,36.0,0.11533333333333333
Terry Davis,Full Advanced,Role/Bench,1993.0,25.0,11.7,1999.0,31.0,-2.3,1998.0,30.0,3.6,1999.0,31.0,0.113,1999.0,31.0,10.55,1999.0,31.0,-2.4999999999999996,1999.0,31.0,2.5,1999.0,31.0,0.10800000000000001
Terry Dehere,Full Advanced,Role/Bench,1996.0,24.0,16.7,1996.0,24.0,0.8,1996.0,24.0,5.0,1996.0,24.0,0.119,1996.0,24.0,13.633333333333333,1997.0,25.0,-1.8,1997.0,25.0,2.4,1997.0,25.0,0.06999999999999999
Terry Mills,Full Advanced,Role/Bench,1994.0,26.0,17.7,1997.0,29.0,2.7,1994.0,26.0,6.3,1997.0,29.0,0.148,1993.0,25.0,16.6,1996.0,28.0,0.5000000000000001,1993.0,25.0,5.05,1996.0,28.0,0.10833333333333332
Terry Porter,Full Advanced,All-Star,1998.0,34.0,17.3,1999.0,35.0,2.9,1993.0,29.0,8.8,1999.0,35.0,0.178,1993.0,29.0,16.7,1999.0,35.0,2.6333333333333333,1993.0,29.0,7.1000000000000005,1999.0,35.0,0.157
Terry Rozier,Full Advanced,Role/Bench,2022.0,27.0,17.6,2018.0,23.0,2.1,2022.0,27.0,5.9,2018.0,23.0,0.13,2023.0,28.0,16.533333333333335,2021.0,26.0,0.9666666666666667,2021.0,26.0,4.7,2021.0,26.0,0.09533333333333334
Thabo Sefolosha,Full Advanced,Starter/Rotation,2018.0,33.0,15.8,2018.0,33.0,2.7,2013.0,28.0,6.8,2018.0,33.0,0.156,2017.0,32.0,13.366666666666667,2018.0,33.0,1.5333333333333334,2012.0,27.0,4.233333333333333,2017.0,32.0,0.12533333333333332
Thaddeus Young,Full Advanced,Starter/Rotation,2021.0,32.0,20.3,2021.0,32.0,3.3,2013.0,24.0,7.4,2012.0,23.0,0.171,2012.0,23.0,18.5,2022.0,33.0,1.8666666666666665,2012.0,23.0,6.633333333333334,2012.0,23.0,0.1486666666666667
Theo Ratliff,Full Advanced,Role/Bench,1999.0,25.0,16.9,2001.0,27.0,1.6,1998.0,24.0,6.8,1999.0,25.0,0.159,1999.0,25.0,16.46666666666667,1999.0,25.0,1.2666666666666668,1999.0,25.0,5.800000000000001,1998.0,24.0,0.14500000000000002
Thomas Bryant,Full Advanced,All-Star,2020.0,22.0,21.1,2020.0,22.0,2.2,2019.0,21.0,5.6,2023.0,25.0,0.183,2019.0,21.0,21.05,2019.0,21.0,2.1,2019.0,21.0,4.75,2019.0,21.0,0.17099999999999999
Thomas Robinson,Full Advanced,Role/Bench,2017.0,25.0,17.3,2015.0,23.0,-2.0,2014.0,22.0,1.6,2014.0,22.0,0.09,2017.0,25.0,15.9,2016.0,24.0,-2.6333333333333333,2015.0,23.0,1.2333333333333334,2015.0,23.0,0.07066666666666667
Thon Maker,Full Advanced,Role/Bench,2020.0,22.0,13.7,2019.0,21.0,-1.2,2019.0,21.0,2.0,2019.0,21.0,0.099,2020.0,22.0,12.500000000000002,2020.0,22.0,-1.2999999999999998,2018.0,20.0,1.75,2020.0,22.0,0.0975
Thurl Bailey,Full Advanced,Role/Bench,1994.0,32.0,15.2,1994.0,32.0,-0.3,1994.0,32.0,2.6,1994.0,32.0,0.097,1993.0,31.0,14.05,1993.0,31.0,-1.4,1993.0,31.0,1.9,1999.0,37.0,0.09
Théo Maledon,Full Advanced,Role/Bench,2023.0,21.0,11.6,2023.0,21.0,-2.5,2023.0,21.0,0.8,2023.0,21.0,0.047,2023.0,21.0,11.1,2023.0,21.0,-3.45,2023.0,21.0,0.55,2023.0,21.0,0.031
Tiago Splitter,Full Advanced,All-Star,2012.0,27.0,20.5,2015.0,30.0,2.3,2013.0,28.0,8.2,2013.0,28.0,0.197,2013.0,28.0,18.566666666666666,2014.0,29.0,1.7,2013.0,28.0,5.699999999999999,2013.0,28.0,0.18566666666666665
Tim Duncan,Full Advanced,Elite,2004.0,27.0,27.1,2004.0,27.0,8.5,2002.0,25.0,17.8,2002.0,25.0,0.257,2003.0,26.0,27.0,2003.0,26.0,7.8999999999999995,2002.0,25.0,15.833333333333334,2003.0,26.0,0.25133333333333335
Tim Frazier,Full Advanced,Role/Bench,2016.0,25.0,13.9,2018.0,27.0,-0.9,2017.0,26.0,2.4,2019.0,28.0,0.084,2016.0,25.0,13.15,2018.0,27.0,-1.8,2018.0,27.0,1.9333333333333333,2018.0,27.0,0.07966666666666666
Tim Hardaway,Full Advanced,All-Star,1997.0,30.0,20.8,1997.0,30.0,6.2,1997.0,30.0,12.9,1997.0,30.0,0.198,1998.0,31.0,20.066666666666666,1998.0,31.0,4.8999999999999995,1997.0,30.0,10.633333333333335,1998.0,31.0,0.17633333333333334
Tim Hardaway Jr.,Full Advanced,Role/Bench,2021.0,28.0,15.7,2017.0,24.0,0.5,2017.0,24.0,4.8,2017.0,24.0,0.107,2020.0,27.0,14.6,2021.0,28.0,0.03333333333333335,2021.0,28.0,3.5666666666666664,2021.0,28.0,0.09466666666666668
Tim Legler,Full Advanced,Role/Bench,1994.0,27.0,16.1,1996.0,29.0,3.2,1996.0,29.0,6.8,1996.0,29.0,0.184,1995.0,28.0,15.966666666666667,1995.0,28.0,1.6666666666666667,1995.0,28.0,3.733333333333333,1995.0,28.0,0.14766666666666667
Tim Perry,Full Advanced,Role/Bench,1993.0,27.0,12.0,1994.0,28.0,-1.6,1994.0,28.0,2.6,1994.0,28.0,0.054,1993.0,27.0,11.75,1993.0,27.0,-2.1500000000000004,1993.0,27.0,2.3,1993.0,27.0,0.05
Tim Thomas,Full Advanced,Role/Bench,2001.0,23.0,16.4,2001.0,23.0,1.5,2001.0,23.0,5.5,1999.0,21.0,0.13,1999.0,21.0,15.733333333333334,1999.0,21.0,0.5,1999.0,21.0,3.6999999999999997,1999.0,21.0,0.11566666666666665
Timofey Mozgov,Full Advanced,Role/Bench,2014.0,27.0,16.7,2015.0,28.0,-0.7,2015.0,28.0,5.7,2015.0,28.0,0.133,2015.0,28.0,15.966666666666667,2015.0,28.0,-0.9666666666666667,2015.0,28.0,4.633333333333333,2015.0,28.0,0.12966666666666668
Timothé Luwawu-Cabarrot,Full Advanced,Role/Bench,2020.0,24.0,11.0,2020.0,24.0,-2.2,2020.0,24.0,1.7,2020.0,24.0,0.095,2021.0,25.0,9.366666666666667,2021.0,25.0,-3.3000000000000003,2021.0,25.0,0.9666666666666667,2021.0,25.0,0.056999999999999995
Tobias Harris,Full Advanced,Starter/Rotation,2021.0,28.0,20.0,2021.0,28.0,3.7,2019.0,26.0,7.1,2021.0,28.0,0.17,2020.0,27.0,18.133333333333336,2020.0,27.0,2.033333333333333,2018.0,25.0,6.866666666666667,2020.0,27.0,0.13699999999999998
Todd Day,Full Advanced,Role/Bench,1997.0,27.0,15.5,1995.0,25.0,-0.1,1995.0,25.0,4.8,1995.0,25.0,0.085,1996.0,26.0,14.466666666666667,1996.0,26.0,-0.6000000000000001,1996.0,26.0,3.3000000000000003,1996.0,26.0,0.06733333333333334
Todd Fuller,Full Advanced,Role/Bench,1998.0,23.0,11.8,1999.0,24.0,-4.8,1997.0,22.0,0.7,1999.0,24.0,0.059,1997.0,22.0,11.100000000000001,1999.0,24.0,-5.15,1997.0,22.0,0.7,1999.0,24.0,0.055999999999999994
Tom Chambers,Full Advanced,Role/Bench,1993.0,33.0,14.7,1993.0,33.0,-2.1,1993.0,33.0,4.5,1993.0,33.0,0.124,1993.0,33.0,14.05,1993.0,33.0,-2.2,1993.0,33.0,4.2,1993.0,33.0,0.1125
Tom Gugliotta,Full Advanced,Role/Bench,1998.0,28.0,20.5,1998.0,28.0,3.2,1997.0,27.0,6.7,1999.0,29.0,0.165,1998.0,28.0,19.833333333333332,1998.0,28.0,2.2333333333333334,1998.0,28.0,5.7,1998.0,28.0,0.1396666666666667
Tom Hammonds,Full Advanced,Role/Bench,1995.0,27.0,14.7,1994.0,26.0,-1.3,1995.0,27.0,2.6,1995.0,27.0,0.129,1995.0,27.0,12.766666666666666,1994.0,26.0,-2.1,1995.0,27.0,2.2,1995.0,27.0,0.10933333333333334
Tomáš Satoranský,Full Advanced,Role/Bench,2018.0,26.0,15.4,2018.0,26.0,1.2,2018.0,26.0,5.0,2018.0,26.0,0.145,2019.0,27.0,14.333333333333334,2019.0,27.0,-0.2333333333333333,2019.0,27.0,4.3999999999999995,2019.0,27.0,0.11299999999999999
Toney Douglas,Full Advanced,Role/Bench,2011.0,24.0,15.2,2011.0,24.0,0.4,2011.0,24.0,4.2,2011.0,24.0,0.101,2010.0,23.0,15.05,2010.0,23.0,0.0,2010.0,23.0,3.2,2010.0,23.0,0.099
Toni Kukoč,Full Advanced,All-Star,1996.0,27.0,20.4,1996.0,27.0,5.4,1996.0,27.0,10.1,1996.0,27.0,0.231,1996.0,27.0,20.133333333333333,1996.0,27.0,4.8999999999999995,1996.0,27.0,9.0,1996.0,27.0,0.20666666666666667
Tony Allen,Full Advanced,Starter/Rotation,2011.0,29.0,18.4,2011.0,29.0,3.6,2013.0,31.0,5.1,2011.0,29.0,0.152,2011.0,29.0,16.1,2011.0,29.0,1.9000000000000001,2012.0,30.0,4.666666666666667,2012.0,30.0,0.13266666666666668
Tony Battie,Full Advanced,Role/Bench,1999.0,22.0,15.5,1999.0,22.0,0.2,2002.0,25.0,6.2,2002.0,25.0,0.164,2001.0,24.0,15.066666666666668,2001.0,24.0,-0.39999999999999997,2002.0,25.0,4.766666666666667,2002.0,25.0,0.153
Tony Campbell,Full Advanced,Role/Bench,1994.0,31.0,13.3,1993.0,30.0,-1.4,1993.0,30.0,2.5,1993.0,30.0,0.115,1995.0,32.0,13.099999999999998,1993.0,30.0,-1.7,1994.0,31.0,2.033333333333333,1994.0,31.0,0.08833333333333333
Tony Delk,Full Advanced,Role/Bench,2006.0,32.0,16.1,2003.0,29.0,1.1,2001.0,27.0,4.6,2003.0,29.0,0.117,2006.0,32.0,15.600000000000001,2003.0,29.0,0.26666666666666666,2002.0,28.0,3.9,2002.0,28.0,0.09900000000000002
Tony Dumas,Full Advanced,Role/Bench,1996.0,23.0,15.2,1996.0,23.0,-1.6,1996.0,23.0,1.6,1996.0,23.0,0.06,1995.0,22.0,12.0,1995.0,22.0,-3.2,1995.0,22.0,0.8,1995.0,22.0,0.03
Tony Massenburg,Full Advanced,Role/Bench,1999.0,31.0,15.9,1999.0,31.0,-2.9,1997.0,29.0,2.8,2005.0,37.0,0.078,1998.0,30.0,14.233333333333334,1998.0,30.0,-3.8333333333333335,1996.0,28.0,2.2333333333333334,1998.0,30.0,0.07066666666666667
Tony Parker,Full Advanced,All-Star,2009.0,26.0,23.4,2009.0,26.0,3.6,2006.0,23.0,9.6,2013.0,30.0,0.206,2012.0,29.0,21.799999999999997,2008.0,25.0,3.033333333333333,2006.0,23.0,9.1,2012.0,29.0,0.17966666666666664
Tony Smith,Full Advanced,Role/Bench,1993.0,24.0,15.2,1993.0,24.0,0.6,1994.0,25.0,1.7,1993.0,24.0,0.098,1993.0,24.0,14.0,1993.0,24.0,-0.7,1993.0,24.0,1.6,1993.0,24.0,0.07400000000000001
Tony Snell,Full Advanced,Role/Bench,2019.0,27.0,10.7,2021.0,29.0,-0.5,2017.0,25.0,3.4,2019.0,27.0,0.117,2020.0,28.0,9.966666666666667,2020.0,28.0,-1.0,2018.0,26.0,3.0,2020.0,28.0,0.09733333333333334
Torrey Craig,Full Advanced,Role/Bench,2021.0,30.0,14.2,2021.0,30.0,0.4,2023.0,32.0,4.0,2021.0,30.0,0.133,2022.0,31.0,12.266666666666666,2022.0,31.0,-0.6666666666666666,2022.0,31.0,2.8333333333333335,2020.0,29.0,0.10666666666666667
Tracy McGrady,Full Advanced,Elite,2003.0,23.0,30.3,2003.0,23.0,10.5,2003.0,23.0,16.1,2003.0,23.0,0.262,2003.0,23.0,26.900000000000002,2002.0,22.0,8.1,2002.0,22.0,13.266666666666666,2002.0,22.0,0.21333333333333337
Tracy Murray,Full Advanced,Starter/Rotation,1998.0,26.0,17.3,1998.0,26.0,2.0,1998.0,26.0,6.5,1998.0,26.0,0.139,1997.0,25.0,16.23333333333333,1997.0,25.0,0.8333333333333334,1997.0,25.0,5.266666666666667,1997.0,25.0,0.117
Trae Young,Full Advanced,All-Star,2022.0,23.0,25.4,2022.0,23.0,5.2,2022.0,23.0,10.0,2022.0,23.0,0.181,2021.0,22.0,24.099999999999998,2021.0,22.0,4.266666666666667,2022.0,23.0,7.966666666666668,2021.0,22.0,0.159
Travis Best,Full Advanced,Role/Bench,2001.0,28.0,16.7,2001.0,28.0,1.4,2001.0,28.0,7.2,2001.0,28.0,0.14,2001.0,28.0,15.033333333333331,1999.0,26.0,0.4666666666666666,2001.0,28.0,4.233333333333333,1999.0,26.0,0.11333333333333333
Travis Diener,Full Advanced,Starter/Rotation,2009.0,26.0,13.7,2009.0,26.0,0.9,2008.0,25.0,2.5,2009.0,26.0,0.125,2009.0,26.0,12.950000000000001,2006.0,23.0,0.6,2009.0,26.0,2.1999999999999997,2006.0,23.0,0.114
Travis Knight,Full Advanced,Role/Bench,1997.0,22.0,14.1,1999.0,24.0,-1.1,1997.0,22.0,3.3,1997.0,22.0,0.137,1997.0,22.0,13.85,1999.0,24.0,-1.15,1997.0,22.0,3.15,1997.0,22.0,0.1165
Travis Outlaw,Full Advanced,Role/Bench,2008.0,23.0,15.7,2009.0,24.0,0.2,2009.0,24.0,5.3,2009.0,24.0,0.113,2008.0,23.0,15.366666666666667,2008.0,23.0,-0.16666666666666652,2008.0,23.0,3.5999999999999996,2008.0,23.0,0.08533333333333333
Tre Jones,Full Advanced,Role/Bench,2025.0,25.0,16.3,2025.0,25.0,1.5,2024.0,24.0,4.9,2025.0,25.0,0.155,2024.0,24.0,15.666666666666666,2025.0,25.0,0.55,2025.0,25.0,3.9,2025.0,25.0,0.13299999999999998
Tre Mann,Full Advanced,Role/Bench,2024.0,22.0,13.7,2024.0,22.0,-1.3,2024.0,22.0,1.2,2024.0,22.0,0.058,2024.0,22.0,11.85,2024.0,22.0,-2.5999999999999996,2024.0,22.0,0.8499999999999999,2024.0,22.0,0.03950000000000001
Trendon Watford,Full Advanced,Role/Bench,2022.0,21.0,15.8,2024.0,23.0,-0.5,2023.0,22.0,2.1,2022.0,21.0,0.104,2023.0,22.0,15.033333333333333,2023.0,22.0,-1.3333333333333333,2022.0,21.0,2.0,2023.0,22.0,0.09600000000000002
Trent Forrest,Full Advanced,Role/Bench,2021.0,22.0,11.2,2022.0,23.0,-1.0,2022.0,23.0,1.3,2021.0,22.0,0.106,2021.0,22.0,11.05,2021.0,22.0,-1.15,2021.0,22.0,1.0,2021.0,22.0,0.095
Trenton Hassell,Full Advanced,Role/Bench,2002.0,22.0,10.4,2004.0,24.0,-1.3,2004.0,24.0,4.0,2004.0,24.0,0.084,2006.0,26.0,9.5,2005.0,25.0,-2.4,2005.0,25.0,3.0,2005.0,25.0,0.06366666666666666
Treveon Graham,Full Advanced,Role/Bench,2018.0,24.0,9.0,2018.0,24.0,-2.7,2018.0,24.0,1.8,2018.0,24.0,0.08,2018.0,24.0,7.55,2018.0,24.0,-3.2,2018.0,24.0,1.15,2018.0,24.0,0.0565
Trevor Ariza,Full Advanced,Role/Bench,2007.0,21.0,16.2,2008.0,22.0,2.8,2014.0,28.0,8.0,2008.0,22.0,0.157,2008.0,22.0,15.933333333333332,2008.0,22.0,2.266666666666667,2015.0,29.0,6.666666666666667,2008.0,22.0,0.14366666666666666
Trevor Booker,Full Advanced,Role/Bench,2017.0,29.0,15.7,2016.0,28.0,0.0,2016.0,28.0,4.3,2014.0,26.0,0.132,2011.0,23.0,15.350000000000001,2015.0,27.0,-0.10000000000000005,2015.0,27.0,4.066666666666666,2013.0,25.0,0.12366666666666666
Trey Burke,Full Advanced,Role/Bench,2018.0,25.0,21.0,2018.0,25.0,2.5,2015.0,22.0,2.4,2018.0,25.0,0.145,2019.0,26.0,17.7,2019.0,26.0,0.7999999999999999,2019.0,26.0,1.8666666666666665,2019.0,26.0,0.11633333333333333
Trey Lyles,Full Advanced,Role/Bench,2018.0,22.0,17.9,2018.0,22.0,1.3,2018.0,22.0,3.9,2018.0,22.0,0.134,2019.0,23.0,14.399999999999999,2019.0,23.0,-0.7666666666666666,2023.0,27.0,2.8333333333333335,2023.0,27.0,0.10233333333333333
Trey Murphy III,Full Advanced,Starter/Rotation,2025.0,24.0,17.3,2024.0,23.0,2.5,2023.0,22.0,7.6,2024.0,23.0,0.154,2025.0,24.0,16.799999999999997,2024.0,23.0,1.7,2024.0,23.0,5.5,2023.0,22.0,0.13599999999999998
Tristan Thompson,Full Advanced,Role/Bench,2019.0,27.0,18.4,2016.0,24.0,0.2,2016.0,24.0,8.7,2016.0,24.0,0.185,2020.0,28.0,16.46666666666667,2016.0,24.0,-0.5666666666666667,2016.0,24.0,7.599999999999999,2016.0,24.0,0.16066666666666665
Troy Brown Jr.,Full Advanced,Role/Bench,2020.0,20.0,13.7,2023.0,23.0,-1.0,2023.0,23.0,2.9,2023.0,23.0,0.075,2019.0,19.0,12.399999999999999,2023.0,23.0,-1.8,2024.0,24.0,1.8499999999999999,2023.0,23.0,0.06266666666666666
Troy Daniels,Full Advanced,Role/Bench,2016.0,24.0,14.9,2016.0,24.0,0.7,2018.0,26.0,1.4,2016.0,24.0,0.109,2016.0,24.0,12.65,2016.0,24.0,-0.55,2017.0,25.0,1.2666666666666666,2016.0,24.0,0.08
Troy Hudson,Full Advanced,Role/Bench,2002.0,25.0,15.3,2003.0,26.0,-0.3,2003.0,26.0,5.1,2003.0,26.0,0.094,2003.0,26.0,14.333333333333334,2003.0,26.0,-1.3666666666666665,2003.0,26.0,2.733333333333333,2003.0,26.0,0.072
Troy Murphy,Full Advanced,Role/Bench,2010.0,29.0,18.0,2009.0,28.0,3.2,2009.0,28.0,8.5,2009.0,28.0,0.165,2009.0,28.0,17.26666666666667,2009.0,28.0,2.4333333333333336,2009.0,28.0,7.5,2009.0,28.0,0.155
Ty Jerome,Full Advanced,Role/Bench,2025.0,27.0,21.0,2025.0,27.0,4.3,2025.0,27.0,5.9,2025.0,27.0,0.204,2025.0,27.0,16.9,2025.0,27.0,1.75,2025.0,27.0,4.0,2025.0,27.0,0.164
Ty Lawson,Full Advanced,All-Star,2012.0,24.0,19.4,2012.0,24.0,3.2,2013.0,25.0,7.4,2012.0,24.0,0.157,2013.0,25.0,18.766666666666666,2013.0,25.0,2.5,2012.0,24.0,7.0,2012.0,24.0,0.15033333333333332
Tyler Ennis,Full Advanced,Role/Bench,2018.0,23.0,11.1,2018.0,23.0,-2.1,2018.0,23.0,0.8,2018.0,23.0,0.058,2018.0,23.0,11.000000000000002,2018.0,23.0,-2.65,2018.0,23.0,0.6,2018.0,23.0,0.0445
Tyler Hansbrough,Full Advanced,Role/Bench,2011.0,25.0,16.4,2015.0,29.0,-1.3,2013.0,27.0,4.4,2015.0,29.0,0.156,2010.0,24.0,15.5,2015.0,29.0,-1.5999999999999996,2012.0,26.0,4.033333333333334,2014.0,28.0,0.153
Tyler Herro,Full Advanced,Starter/Rotation,2025.0,25.0,19.7,2025.0,25.0,3.1,2025.0,25.0,7.4,2025.0,25.0,0.131,2025.0,25.0,17.700000000000003,2025.0,25.0,1.95,2025.0,25.0,4.7,2025.0,25.0,0.0995
Tyler Johnson,Full Advanced,Role/Bench,2017.0,24.0,15.9,2017.0,24.0,1.4,2017.0,24.0,5.8,2017.0,24.0,0.128,2017.0,24.0,14.233333333333334,2017.0,24.0,0.5999999999999999,2018.0,25.0,4.1000000000000005,2017.0,24.0,0.11266666666666665
Tyler Zeller,Full Advanced,Role/Bench,2015.0,25.0,18.9,2015.0,25.0,0.9,2015.0,25.0,6.5,2015.0,25.0,0.179,2015.0,25.0,16.566666666666666,2015.0,25.0,-1.5333333333333332,2014.0,24.0,3.6999999999999997,2015.0,25.0,0.13766666666666666
Tyreke Evans,Full Advanced,Starter/Rotation,2018.0,28.0,21.1,2018.0,28.0,4.5,2010.0,20.0,5.4,2018.0,28.0,0.126,2017.0,27.0,18.166666666666668,2017.0,27.0,2.1999999999999997,2014.0,24.0,4.033333333333333,2014.0,24.0,0.08666666666666667
Tyrese Haliburton,Full Advanced,Elite,2023.0,22.0,23.6,2023.0,22.0,7.2,2025.0,24.0,10.4,2025.0,24.0,0.204,2024.0,23.0,22.900000000000002,2024.0,23.0,6.633333333333333,2025.0,24.0,9.7,2025.0,24.0,0.1995
Tyrese Maxey,Full Advanced,All-Star,2024.0,23.0,19.8,2024.0,23.0,3.1,2024.0,23.0,8.1,2024.0,23.0,0.147,2025.0,24.0,19.65,2025.0,24.0,2.5500000000000003,2023.0,22.0,6.933333333333333,2023.0,22.0,0.13566666666666669
Tyrone Corbin,Full Advanced,Role/Bench,1993.0,30.0,14.4,1993.0,30.0,0.6,1993.0,30.0,6.7,1993.0,30.0,0.126,1993.0,30.0,13.100000000000001,1993.0,30.0,0.04999999999999999,1993.0,30.0,5.550000000000001,1993.0,30.0,0.1125
Tyrone Hill,Full Advanced,Role/Bench,1994.0,25.0,18.4,1997.0,28.0,0.7,1997.0,28.0,9.9,1994.0,25.0,0.191,1995.0,26.0,16.599999999999998,1998.0,29.0,-0.7333333333333334,1996.0,27.0,6.233333333333334,1993.0,24.0,0.1515
Tyrone Nesby,Full Advanced,Role/Bench,1999.0,23.0,17.0,1999.0,23.0,1.8,1999.0,23.0,3.1,1999.0,23.0,0.117,2001.0,25.0,13.0,2001.0,25.0,-0.8666666666666667,2001.0,25.0,2.1,2001.0,25.0,0.073
Tyronn Lue,Full Advanced,Role/Bench,2006.0,28.0,15.5,2006.0,28.0,-0.7,2003.0,25.0,3.7,2006.0,28.0,0.104,2006.0,28.0,14.566666666666668,2009.0,31.0,-1.15,2004.0,26.0,3.1666666666666665,2006.0,28.0,0.09100000000000001
Tyrus Thomas,Full Advanced,Role/Bench,2011.0,24.0,18.2,2010.0,23.0,0.9,2009.0,22.0,4.6,2007.0,20.0,0.11,2010.0,23.0,16.966666666666665,2009.0,22.0,0.10000000000000002,2009.0,22.0,3.1999999999999997,2010.0,23.0,0.10233333333333333
Tyson Chandler,Full Advanced,Role/Bench,2015.0,32.0,20.1,2015.0,32.0,2.6,2015.0,32.0,10.3,2012.0,29.0,0.22,2012.0,29.0,18.666666666666668,2012.0,29.0,1.7,2012.0,29.0,9.4,2012.0,29.0,0.215
Tyus Edney,Full Advanced,Role/Bench,1998.0,24.0,17.8,1998.0,24.0,1.5,1996.0,22.0,3.3,1998.0,24.0,0.112,2001.0,27.0,17.200000000000003,2001.0,27.0,0.4500000000000002,1996.0,22.0,2.4,2001.0,27.0,0.1
Tyus Jones,Full Advanced,Starter/Rotation,2022.0,25.0,16.5,2022.0,25.0,1.7,2023.0,26.0,5.7,2022.0,25.0,0.158,2023.0,26.0,16.333333333333332,2022.0,25.0,1.3666666666666665,2023.0,26.0,5.099999999999999,2023.0,26.0,0.13733333333333334
Udonis Haslem,Full Advanced,Role/Bench,2005.0,24.0,15.5,2005.0,24.0,0.4,2005.0,24.0,9.2,2005.0,24.0,0.165,2004.0,23.0,14.6,2005.0,24.0,-0.7000000000000001,2006.0,25.0,7.099999999999999,2004.0,23.0,0.14650000000000002
Vern Fleming,Full Advanced,Role/Bench,1993.0,30.0,15.7,1993.0,30.0,0.3,1993.0,30.0,2.9,1995.0,32.0,0.132,1994.0,31.0,14.033333333333333,1994.0,31.0,-0.2333333333333333,1993.0,30.0,2.15,1994.0,31.0,0.09566666666666668
Vernon Maxwell,Full Advanced,Role/Bench,1996.0,30.0,13.9,1993.0,27.0,-0.1,1993.0,27.0,3.9,1993.0,27.0,0.082,1993.0,27.0,12.95,1993.0,27.0,-0.15000000000000002,1993.0,27.0,3.7,1993.0,27.0,0.07400000000000001
Victor Alexander,Full Advanced,Role/Bench,1993.0,23.0,14.3,1993.0,23.0,-1.6,1993.0,23.0,3.0,1993.0,23.0,0.083,1993.0,23.0,14.15,1993.0,23.0,-1.85,1993.0,23.0,2.65,1993.0,23.0,0.083
Victor Oladipo,Full Advanced,Role/Bench,2018.0,25.0,23.1,2018.0,25.0,5.8,2018.0,25.0,8.2,2018.0,25.0,0.155,2019.0,26.0,18.333333333333332,2018.0,25.0,2.733333333333333,2017.0,24.0,5.699999999999999,2017.0,24.0,0.113
Vin Baker,Full Advanced,Role/Bench,1998.0,26.0,20.4,1997.0,25.0,2.0,1998.0,26.0,10.4,1998.0,26.0,0.169,1997.0,25.0,19.633333333333333,1997.0,25.0,1.0333333333333332,1997.0,25.0,8.299999999999999,1997.0,25.0,0.12833333333333333
Vince Carter,Full Advanced,All-Star,2001.0,24.0,25.0,2001.0,24.0,7.6,2001.0,24.0,12.9,2001.0,24.0,0.208,2002.0,25.0,22.46666666666667,2002.0,25.0,5.5,2006.0,29.0,9.733333333333334,1999.0,22.0,0.172
Vincent Askew,Full Advanced,Role/Bench,1994.0,27.0,15.9,1994.0,27.0,1.8,1994.0,27.0,6.0,1994.0,27.0,0.169,1993.0,26.0,14.5,1993.0,26.0,0.8,1995.0,28.0,4.966666666666667,1993.0,26.0,0.14150000000000001
Vinny Del Negro,Full Advanced,Role/Bench,1996.0,29.0,15.6,1996.0,29.0,1.1,1996.0,29.0,8.3,1996.0,29.0,0.144,1995.0,28.0,14.9,1995.0,28.0,0.5666666666666668,1995.0,28.0,6.933333333333334,1995.0,28.0,0.1406666666666667
Vit Krejci,Full Advanced,Role/Bench,2025.0,24.0,12.7,2025.0,24.0,0.7,2025.0,24.0,2.6,2025.0,24.0,0.11,2025.0,24.0,10.55,2025.0,24.0,-1.5000000000000004,2025.0,24.0,1.5999999999999999,2025.0,24.0,0.083
Vitaly Potapenko,Full Advanced,Role/Bench,2005.0,29.0,14.5,2005.0,29.0,-1.4,2001.0,25.0,3.4,2005.0,29.0,0.142,2001.0,25.0,12.6,2001.0,25.0,-3.1333333333333333,2001.0,25.0,2.9,2001.0,25.0,0.09133333333333334
Vlade Divac,Full Advanced,All-Star,1995.0,26.0,20.5,1998.0,29.0,4.0,1995.0,26.0,9.5,1995.0,26.0,0.162,1995.0,26.0,18.900000000000002,1998.0,29.0,2.9,1995.0,26.0,7.666666666666667,1999.0,30.0,0.149
Vladimir Radmanović,Full Advanced,Starter/Rotation,2004.0,23.0,15.1,2005.0,24.0,1.3,2004.0,23.0,4.2,2008.0,27.0,0.113,2005.0,24.0,14.133333333333333,2005.0,24.0,0.8666666666666666,2005.0,24.0,3.9,2012.0,31.0,0.0945
Vladimir Stepania,Full Advanced,Role/Bench,2002.0,25.0,13.9,2003.0,26.0,-2.3,2003.0,26.0,2.9,2002.0,25.0,0.094,2003.0,26.0,13.233333333333334,2003.0,26.0,-2.4,2004.0,27.0,1.85,2003.0,26.0,0.08800000000000001
Voshon Lenard,Full Advanced,Role/Bench,1996.0,22.0,15.9,1997.0,23.0,2.7,1998.0,24.0,7.1,1997.0,23.0,0.155,1996.0,22.0,15.3,1996.0,22.0,2.6,1998.0,24.0,5.8,1996.0,22.0,0.14500000000000002
Walker Kessler,Full Advanced,Starter/Rotation,2023.0,21.0,21.5,2023.0,21.0,2.9,2023.0,21.0,7.1,2023.0,21.0,0.2,2024.0,22.0,19.833333333333332,2023.0,21.0,1.9,2023.0,21.0,5.6,2023.0,21.0,0.1655
Wally Szczerbiak,Full Advanced,Starter/Rotation,2006.0,28.0,17.7,2006.0,28.0,1.6,2002.0,24.0,8.7,2006.0,28.0,0.141,2002.0,24.0,16.733333333333334,2005.0,27.0,0.9666666666666668,2001.0,23.0,8.05,2005.0,27.0,0.13433333333333333
Walt Williams,Full Advanced,Role/Bench,1999.0,28.0,16.3,1999.0,28.0,3.6,1997.0,26.0,5.4,1999.0,28.0,0.169,1996.0,25.0,15.233333333333334,1996.0,25.0,1.5666666666666667,1996.0,25.0,5.2,1998.0,27.0,0.11266666666666668
Walter McCarty,Full Advanced,Role/Bench,1998.0,23.0,11.6,2004.0,29.0,-0.4,2003.0,28.0,4.1,2002.0,27.0,0.122,2003.0,28.0,11.066666666666668,2003.0,28.0,-0.5,2003.0,28.0,2.9333333333333336,2003.0,28.0,0.09866666666666667
Wayman Tisdale,Full Advanced,Role/Bench,1996.0,31.0,16.4,1993.0,28.0,-1.3,1994.0,29.0,5.4,1994.0,29.0,0.101,1993.0,28.0,15.75,1993.0,28.0,-1.35,1993.0,28.0,4.95,1993.0,28.0,0.0975
Wayne Ellington,Full Advanced,Role/Bench,2017.0,29.0,12.6,2018.0,30.0,0.4,2018.0,30.0,4.5,2018.0,30.0,0.105,2018.0,30.0,12.299999999999999,2018.0,30.0,0.10000000000000002,2018.0,30.0,3.466666666666667,2018.0,30.0,0.10233333333333333
Wendell Carter Jr.,Full Advanced,Role/Bench,2022.0,22.0,18.4,2022.0,22.0,1.6,2022.0,22.0,5.0,2024.0,24.0,0.149,2022.0,22.0,17.466666666666665,2023.0,23.0,1.1666666666666667,2023.0,23.0,4.666666666666667,2025.0,25.0,0.137
Wenyen Gabriel,Full Advanced,Role/Bench,2023.0,25.0,14.4,2023.0,25.0,-2.2,2023.0,25.0,2.8,2023.0,25.0,0.132,2023.0,25.0,13.450000000000001,2022.0,24.0,-3.8000000000000003,2023.0,25.0,1.75,2023.0,25.0,0.11100000000000002
Wes Iwundu,Full Advanced,Role/Bench,2020.0,25.0,10.3,2020.0,25.0,-2.6,2019.0,24.0,1.9,2020.0,25.0,0.084,2019.0,24.0,8.933333333333334,2019.0,24.0,-3.3666666666666667,2019.0,24.0,1.4333333333333333,2019.0,24.0,0.063
Wesley Johnson,Full Advanced,Role/Bench,2015.0,27.0,11.1,2016.0,28.0,-0.2,2016.0,28.0,2.6,2016.0,28.0,0.076,2015.0,27.0,11.033333333333333,2017.0,29.0,-0.9666666666666668,2015.0,27.0,2.0666666666666664,2017.0,29.0,0.06066666666666667
Wesley Matthews,Full Advanced,Role/Bench,2015.0,28.0,16.1,2015.0,28.0,3.1,2014.0,27.0,8.2,2015.0,28.0,0.147,2014.0,27.0,15.299999999999999,2014.0,27.0,1.8333333333333333,2014.0,27.0,6.366666666666666,2014.0,27.0,0.12733333333333333
Wesley Person,Full Advanced,Starter/Rotation,2002.0,30.0,16.3,1998.0,26.0,3.8,1998.0,26.0,10.3,1998.0,26.0,0.155,1998.0,26.0,15.133333333333333,1998.0,26.0,2.533333333333333,1997.0,25.0,6.5,1998.0,26.0,0.119
Will Barton,Full Advanced,Role/Bench,2018.0,27.0,16.2,2018.0,27.0,1.1,2018.0,27.0,6.2,2018.0,27.0,0.111,2017.0,26.0,15.9,2017.0,26.0,0.7000000000000001,2017.0,26.0,4.6000000000000005,2017.0,26.0,0.09733333333333333
Will Bynum,Full Advanced,Role/Bench,2009.0,26.0,17.4,2009.0,26.0,0.1,2010.0,27.0,1.9,2009.0,26.0,0.078,2009.0,26.0,15.6,2009.0,26.0,-1.05,2009.0,26.0,1.6,2010.0,27.0,0.066
Will Perdue,Full Advanced,Role/Bench,1997.0,31.0,16.7,1998.0,32.0,0.2,1998.0,32.0,4.7,1999.0,33.0,0.16,1996.0,30.0,15.566666666666668,1999.0,33.0,-0.35,1996.0,30.0,4.166666666666667,1999.0,33.0,0.1555
Willie Anderson,Full Advanced,Role/Bench,1994.0,27.0,14.2,1997.0,30.0,0.9,1994.0,27.0,5.6,1997.0,30.0,0.142,1997.0,30.0,11.950000000000001,1997.0,30.0,-0.65,1993.0,26.0,2.75,1997.0,30.0,0.0875
Willie Burton,Full Advanced,Role/Bench,1994.0,25.0,15.6,1995.0,26.0,-1.1,1995.0,26.0,2.6,1994.0,25.0,0.113,1994.0,25.0,13.266666666666666,1995.0,26.0,-2.5,1995.0,26.0,1.566666666666667,1995.0,26.0,0.084
Willie Cauley-Stein,Full Advanced,Role/Bench,2019.0,25.0,18.0,2019.0,25.0,1.2,2019.0,25.0,6.7,2021.0,27.0,0.147,2019.0,25.0,17.533333333333335,2019.0,25.0,0.5333333333333333,2019.0,25.0,4.5,2020.0,26.0,0.14033333333333334
Willie Green,Full Advanced,Role/Bench,2012.0,30.0,13.9,2012.0,30.0,-0.5,2013.0,31.0,2.5,2012.0,30.0,0.122,2011.0,29.0,12.5,2012.0,30.0,-1.3666666666666665,2012.0,30.0,2.2333333333333334,2012.0,30.0,0.09233333333333334
Willie Reed,Full Advanced,Role/Bench,2018.0,27.0,19.2,2018.0,27.0,0.8,2017.0,26.0,3.6,2018.0,27.0,0.172,2017.0,26.0,18.5,2018.0,27.0,-0.04999999999999999,2018.0,27.0,2.5500000000000003,2018.0,27.0,0.16999999999999998
Willy Hernangómez,Full Advanced,Starter/Rotation,2022.0,27.0,22.2,2018.0,23.0,1.4,2017.0,22.0,3.4,2022.0,27.0,0.18,2023.0,28.0,21.45,2017.0,22.0,0.5499999999999999,2017.0,22.0,2.6,2023.0,28.0,0.17550000000000002
Wilson Chandler,Full Advanced,Role/Bench,2013.0,25.0,16.6,2013.0,25.0,0.5,2011.0,23.0,3.9,2013.0,25.0,0.137,2011.0,23.0,14.966666666666669,2013.0,25.0,-0.16666666666666666,2017.0,29.0,3.466666666666667,2013.0,25.0,0.09733333333333334
Xavier Henry,Full Advanced,Role/Bench,2014.0,22.0,12.3,2014.0,22.0,-2.8,2014.0,22.0,0.3,2011.0,19.0,0.021,2014.0,22.0,9.950000000000001,2013.0,21.0,-4.166666666666667,2011.0,19.0,0.2,2011.0,19.0,0.018000000000000002
Xavier McDaniel,Full Advanced,Role/Bench,1993.0,29.0,16.3,1993.0,29.0,-0.1,1993.0,29.0,4.4,1993.0,29.0,0.096,1993.0,29.0,15.4,1993.0,29.0,-0.9500000000000001,1993.0,29.0,3.35,1993.0,29.0,0.0755
Xavier Tillman Sr.,Full Advanced,Role/Bench,2023.0,24.0,17.3,2023.0,24.0,1.9,2023.0,24.0,4.2,2023.0,24.0,0.171,2022.0,23.0,15.700000000000001,2022.0,23.0,0.7999999999999999,2022.0,23.0,2.966666666666667,2022.0,23.0,0.1396666666666667
Yakhouba Diawara,Full Advanced,Role/Bench,2008.0,25.0,8.1,2008.0,25.0,-3.6,2008.0,25.0,0.7,2008.0,25.0,0.065,2009.0,26.0,7.25,2007.0,24.0,-3.75,2007.0,24.0,0.6,2009.0,26.0,0.047
Yao Ming,Full Advanced,All-Star,2007.0,26.0,26.5,2007.0,26.0,5.0,2004.0,23.0,11.4,2007.0,26.0,0.22,2006.0,25.0,25.099999999999998,2007.0,26.0,4.266666666666667,2004.0,23.0,10.266666666666666,2006.0,25.0,0.21366666666666667
Yi Jianlian,Full Advanced,Role/Bench,2010.0,22.0,12.3,2009.0,21.0,-3.8,2010.0,22.0,1.3,2010.0,22.0,0.037,2009.0,21.0,11.5,2008.0,20.0,-3.8499999999999996,2009.0,21.0,0.9,2009.0,21.0,0.027666666666666662
Yogi Ferrell,Full Advanced,Role/Bench,2017.0,23.0,13.1,2017.0,23.0,-1.1,2018.0,24.0,3.0,2019.0,25.0,0.087,2020.0,26.0,12.45,2017.0,23.0,-1.25,2017.0,23.0,2.4,2018.0,24.0,0.07433333333333332
Yuta Watanabe,Full Advanced,Role/Bench,2021.0,26.0,12.2,2023.0,28.0,-0.6,2023.0,28.0,2.1,2023.0,28.0,0.111,2022.0,27.0,11.933333333333332,2022.0,27.0,-1.1,2022.0,27.0,1.4333333333333333,2022.0,27.0,0.09599999999999999
Zach Collins,Full Advanced,Role/Bench,2023.0,25.0,16.4,2025.0,27.0,0.0,2019.0,21.0,2.9,2025.0,27.0,0.132,2023.0,25.0,15.699999999999998,2022.0,24.0,-0.5333333333333333,2025.0,27.0,2.25,2022.0,24.0,0.09866666666666667
Zach LaVine,Full Advanced,Starter/Rotation,2021.0,25.0,21.5,2021.0,25.0,4.0,2023.0,27.0,7.1,2021.0,25.0,0.138,2021.0,25.0,20.3,2021.0,25.0,2.966666666666667,2022.0,26.0,6.266666666666666,2022.0,26.0,0.127
Zach Randolph,Full Advanced,Role/Bench,2007.0,25.0,22.8,2011.0,29.0,2.6,2011.0,29.0,10.5,2011.0,29.0,0.185,2010.0,28.0,21.166666666666668,2011.0,29.0,1.4000000000000001,2010.0,28.0,7.733333333333333,2011.0,29.0,0.15766666666666665
Zaza Pachulia,Full Advanced,Role/Bench,2018.0,33.0,17.0,2017.0,32.0,0.6,2016.0,31.0,6.0,2017.0,32.0,0.178,2017.0,32.0,16.433333333333334,2016.0,31.0,0.26666666666666666,2016.0,31.0,4.966666666666667,2017.0,32.0,0.16133333333333333
Zeke Nnaji,Full Advanced,Role/Bench,2022.0,21.0,13.5,2025.0,24.0,-1.3,2022.0,21.0,1.8,2022.0,21.0,0.123,2022.0,21.0,13.0,2023.0,22.0,-2.4,2022.0,21.0,1.7000000000000002,2022.0,21.0,0.11449999999999999
Ziaire Williams,Full Advanced,Role/Bench,2025.0,23.0,11.9,2025.0,23.0,-2.3,2022.0,20.0,2.2,2022.0,20.0,0.08,2025.0,23.0,10.600000000000001,2025.0,23.0,-3.3999999999999995,2022.0,20.0,1.1500000000000001,2022.0,20.0,0.0455
Zion Williamson,Full Advanced,Elite,2025.0,24.0,27.3,2025.0,24.0,7.0,2021.0,20.0,8.7,2021.0,20.0,0.205,2020.0,19.0,25.6,2024.0,23.0,5.533333333333332,2023.0,22.0,6.599999999999999,2023.0,22.0,0.18299999999999997
Zydrunas Ilgauskas,Full Advanced,Role/Bench,2006.0,30.0,21.9,2006.0,30.0,1.6,1998.0,22.0,9.4,1998.0,22.0,0.189,2005.0,29.0,20.533333333333335,2005.0,29.0,0.7666666666666666,2005.0,29.0,8.2,2006.0,30.0,0.16033333333333333
Álex Abrines,Full Advanced,Role/Bench,2017.0,23.0,10.1,2018.0,24.0,-1.5,2018.0,24.0,2.2,2017.0,23.0,0.096,2017.0,23.0,9.55,2017.0,23.0,-1.55,2017.0,23.0,2.1500000000000004,2017.0,23.0,0.095
Ömer Aşık,Full Advanced,Role/Bench,2015.0,28.0,15.5,2012.0,25.0,-0.7,2013.0,26.0,5.5,2011.0,24.0,0.13,2014.0,27.0,14.800000000000002,2011.0,24.0,-1.25,2014.0,27.0,4.3,2011.0,24.0,0.1295
Šarūnas Marčiulionis,Full Advanced,All-Star,1993.0,28.0,20.4,1993.0,28.0,2.8,1993.0,28.0,3.0,1993.0,28.0,0.17,1993.0,28.0,17.299999999999997,1995.0,30.0,0.9666666666666667,1993.0,28.0,2.65,1993.0,28.0,0.131
Žan Tabak,Full Advanced,Role/Bench,1996.0,25.0,12.4,2001.0,30.0,-4.2,1996.0,25.0,1.1,2001.0,30.0,0.056,1996.0,25.0,11.05,1998.0,27.0,-4.933333333333334,1998.0,27.0,0.6666666666666666,1998.0,27.0,0.031
Željko Rebrača,Full Advanced,Role/Bench,2002.0,29.0,16.2,2005.0,32.0,-1.3,2002.0,29.0,3.3,2002.0,29.0,0.134,2002.0,29.0,15.1,2006.0,33.0,-2.05,2002.0,29.0,2.3,2002.0,29.0,0.1335
