player_name,year_id,age,team_name_abbr,games,mp,per,bpm,vorp,ws,ws_per_48
Don Hanrahan,1952-53,23,INO,18,121,14.0,,,0.2,.098
Reggie Johnson,1980-81,23,SAS,79,1716,12.9,-3.2,-0.5,3.0,.085
Reggie Johnson,1981-82,24,3TM,75,1904,14.2,-1.4,0.3,3.9,.099
Reggie Johnson,1981-82,24,SAS,21,504,13.7,-2.4,0.0,1.0,.095
Reggie Johnson,1981-82,24,CLE,23,617,12.7,-1.7,0.0,1.1,.085
Reggie Johnson,1981-82,24,KCK,31,783,15.7,-0.6,0.3,1.8,.113
Reggie Johnson,1982-83,25,2TM,79,1541,10.5,-2.6,-0.2,2.4,.074
Reggie Johnson,1982-83,25,KCK,50,992,12.2,-2.0,0.0,1.8,.087
Reggie Johnson,1982-83,25,PHI,29,549,7.4,-3.6,-0.2,0.6,.050
Reggie Johnson,1983-84,26,NJN,72,818,11.3,-2.4,-0.1,1.6,.094
Darko Miličić,2003-04,18,DET,34,159,6.1,-10.4,-0.3,-0.2,-0.049
Darko Miličić,2004-05,19,DET,37,254,4.7,-7.9,-0.4,-0.2,-0.031
Darko Miličić,2005-06,20,2TM,55,767,15.2,-0.2,0.4,1.2,.073
Darko Miličić,2005-06,20,DET,25,140,10.1,-3.4,0.0,0.0,.016
Darko Miličić,2005-06,20,ORL,30,627,16.3,0.6,0.4,1.1,.086
Darko Miličić,2006-07,21,ORL,80,1913,13.8,-0.5,0.7,3.3,.082
Darko Miličić,2007-08,22,MEM,70,1663,11.0,-3.8,-0.8,0.2,.006
Darko Miličić,2008-09,23,MEM,61,1034,13.8,-2.0,0.0,1.9,.088
Darko Miličić,2009-10,24,2TM,32,685,12.8,-1.7,0.1,0.7,.050
Darko Miličić,2009-10,24,NYK,8,71,12.1,-1.8,0.0,0.1,.073
Darko Miličić,2009-10,24,MIN,24,614,12.9,-1.7,0.0,0.6,.048
Darko Miličić,2010-11,25,MIN,69,1686,12.2,-2.7,-0.3,0.2,.007
Darko Miličić,2011-12,26,MIN,29,472,9.0,-3.5,-0.2,0.0,.003
Darko Miličić,2012-13,27,BOS,1,5,-30.2,-38.3,0.0,-0.1,-0.779
Nat Militzok,1946-47,23,2TM,57,,,,,1.7,
Nat Militzok,1946-47,23,NYK,36,,,,,0.9,
Nat Militzok,1946-47,23,TRH,21,,,,,0.8,
Andre Miller,1999-00,23,CLE,82,2093,17.9,1.9,2.1,5.3,.122
Andre Miller,2000-01,24,CLE,82,2848,20.1,2.8,3.4,8.0,.136
Andre Miller,2001-02,25,CLE,81,3023,21.8,3.9,4.5,10.3,.163
Andre Miller,2002-03,26,LAC,80,2913,15.2,-1.1,0.6,4.6,.076
Andre Miller,2003-04,27,DEN,82,2838,18.8,2.5,3.3,8.8,.148
Andre Miller,2004-05,28,DEN,82,2852,16.5,0.8,2.0,7.0,.119
Andre Miller,2005-06,29,DEN,82,2937,16.4,0.2,1.7,6.2,.101
Andre Miller,2006-07,30,2TM,80,2966,16.1,0.2,1.7,5.9,.095
Andre Miller,2006-07,30,DEN,23,822,16.6,0.7,0.6,1.9,.113
Andre Miller,2006-07,30,PHI,57,2144,15.9,0.1,1.1,3.9,.088
Andre Miller,2007-08,31,PHI,82,3016,18.4,1.8,2.9,8.3,.131
Andre Miller,2008-09,32,PHI,82,2976,18.6,2.4,3.3,8.8,.141
Andre Miller,2009-10,33,POR,82,2500,18.1,1.8,2.4,7.0,.134
Andre Miller,2010-11,34,POR,81,2650,17.8,1.6,2.4,7.0,.127
Andre Miller,2011-12,35,DEN,66,1809,14.8,-0.3,0.7,2.9,.078
Andre Miller,2012-13,36,DEN,82,2151,15.7,0.9,1.6,5.4,.120
Andre Miller,2013-14,37,2TM,58,982,13.9,0.8,0.7,2.2,.108
Andre Miller,2013-14,37,DEN,30,570,13.4,0.8,0.4,1.1,.091
Andre Miller,2013-14,37,WAS,28,412,14.6,0.8,0.3,1.1,.132
Andre Miller,2014-15,38,2TM,81,1253,13.3,-2.1,0.0,2.2,.084
Andre Miller,2014-15,38,WAS,51,631,14.3,-0.5,0.2,1.6,.124
Andre Miller,2014-15,38,SAC,30,622,12.3,-3.6,-0.3,0.6,.043
Andre Miller,2015-16,39,2TM,39,461,13.4,-1.9,0.0,1.0,.100
Andre Miller,2015-16,39,MIN,26,280,13.7,-2.2,0.0,0.5,.088
Andre Miller,2015-16,39,SAS,13,181,12.9,-1.3,0.0,0.4,.118
Anthony Miller,1994-95,23,LAL,46,527,14.7,-2.1,0.0,1.2,.111
Anthony Miller,1995-96,24,LAL,27,123,7.8,-6.6,-0.1,0.0,.014
Anthony Miller,1996-97,25,ATL,1,14,-4.6,-15.9,0.0,-0.1,-0.195
Anthony Miller,1997-98,26,ATL,37,228,16.4,-1.8,0.0,0.8,.159
Anthony Miller,1998-99,27,HOU,29,249,13.1,-1.7,0.0,0.6,.118
Anthony Miller,1999-00,28,HOU,35,476,13.5,-2.4,0.0,1.2,.120
Anthony Miller,2000-01,29,3TM,4,11,0.9,-9.9,0.0,0.0,-0.082
Anthony Miller,2000-01,29,ATL,2,6,4.7,-9.5,0.0,0.0,-0.150
Anthony Miller,2000-01,29,HOU,1,3,-6.2,-13.3,0.0,0.0,-0.007
Anthony Miller,2000-01,29,PHI,1,2,0.0,-6.1,0.0,0.0,.012
Anthony Miller,2001-02,,Did not play - other pro league,,,,,,,
Anthony Miller,2002-03,,Did not play - other pro league,,,,,,,
Anthony Miller,2003-04,,Did not play - other pro league,,,,,,,
Anthony Miller,2004-05,33,ATL,2,9,16.9,2.3,0.0,0.0,.091
Bill Miller,1948-49,24,2TM,28,,,,,0.0,
Bill Miller,1948-49,24,CHS,14,,,,,0.0,
Bill Miller,1948-49,24,STB,14,,,,,0.0,
Bob Miller,1983-84,27,SAS,2,8,25.0,-4.0,0.0,0.1,.360
Brad Miller,1998-99,22,CHH,38,469,21.2,1.6,0.4,2.1,.220
Brad Miller,1999-00,23,CHH,55,961,18.9,0.2,0.5,3.8,.192
Brad Miller,2000-01,24,CHI,57,1434,16.4,-1.2,0.3,3.4,.114
Brad Miller,2001-02,25,2TM,76,2263,20.1,2.3,2.5,8.3,.176
Brad Miller,2001-02,25,CHI,48,1391,19.6,1.5,1.2,4.4,.152
Brad Miller,2001-02,25,IND,28,872,20.8,3.6,1.2,3.9,.214
Brad Miller,2002-03,26,IND,73,2270,19.3,3.0,2.9,9.6,.202
Brad Miller,2003-04,27,SAC,72,2621,19.4,3.1,3.4,10.0,.184
Brad Miller,2004-05,28,SAC,56,2089,20.7,4.0,3.1,8.6,.198
Brad Miller,2005-06,29,SAC,79,2923,17.5,2.5,3.3,9.1,.150
Brad Miller,2006-07,30,SAC,63,1783,13.5,0.1,0.9,2.7,.072
Brad Miller,2007-08,31,SAC,72,2513,16.8,1.7,2.3,6.5,.125
Brad Miller,2008-09,32,2TM,70,2100,16.7,1.1,1.6,5.1,.117
Brad Miller,2008-09,32,SAC,43,1354,15.7,0.5,0.8,2.6,.091
Brad Miller,2008-09,32,CHI,27,746,18.6,2.1,0.8,2.6,.165
Brad Miller,2009-10,33,CHI,82,1950,12.9,-0.8,0.6,4.0,.098
Brad Miller,2010-11,34,HOU,60,1015,16.3,2.8,1.2,3.0,.142
Brad Miller,2011-12,35,MIN,15,146,10.7,-1.0,0.0,0.2,.060
Brandon Miller,2023-24,21,CHO,74,2383,13.0,-2.6,-0.3,0.8,.015
Brandon Miller,2024-25,22,CHO,27,924,14.0,0.0,0.4,0.4,.023
Darius Miller,2012-13,22,NOH,52,694,6.3,-2.7,-0.1,0.5,.034
Darius Miller,2013-14,23,NOP,45,723,9.0,-2.8,-0.1,0.8,.055
Darius Miller,2014-15,24,NOP,5,43,-5.1,-11.3,-0.1,-0.1,-0.122
Darius Miller,2015-16,,Did not play - other pro league,,,,,,,
Darius Miller,2016-17,,Did not play - other pro league,,,,,,,
Darius Miller,2017-18,27,NOP,82,1944,9.3,-1.9,0.1,3.0,.075
Darius Miller,2018-19,28,NOP,69,1757,8.4,-2.9,-0.4,1.6,.045
Darius Miller,2019-20,,Did not play - injury,,,,,,,
Darius Miller,2020-21,30,OKC,18,197,15.9,3.6,0.3,0.6,.156
Dick Miller,1980-81,22,2TM,8,53,3.3,-4.3,-0.1,-0.1,-0.102
Dick Miller,1980-81,22,IND,5,34,4.4,-4.0,0.0,-0.1,-0.071
Dick Miller,1980-81,22,UTA,3,19,1.4,-4.9,0.0,-0.1,-0.156
Eddie Miller,1952-53,21,2TM,70,2018,15.4,,,0.2,.005
Eddie Miller,1952-53,21,MLH,10,160,9.3,,,-0.2,-0.061
Eddie Miller,1952-53,21,BLB,60,1858,15.9,,,0.4,.011
Eddie Miller,1953-54,22,BLB,72,1657,21.5,,,4.9,.141
Emanuel Miller,2024-25,24,CHI,6,25,18.1,-1.8,0.0,0.1,.201
Harry Miller,1946-47,23,TRH,53,,,,,-0.1,
Jay Miller,1967-68,24,STL,8,52,-0.8,,,-0.3,-0.263
Jay Miller,1968-69,25,3TM,55,769,12.3,,,0.9,.058
Jay Miller,1968-69,25,2TM,52,742,12.7,,,1.0,.065
Jay Miller,1968-69,25,MIL,3,27,1.5,,,-0.1,-0.127
Jay Miller,1968-69,25,LAS,11,248,11.8,,,0.0,-0.009
Jay Miller,1968-69,25,INA,41,494,13.2,,,1.0,.102
Jay Miller,1969-70,26,INA,52,415,12.2,,,0.7,.076
Jay Miller,1970-71,27,INA,2,9,40.5,,,0.1,.513
Jordan Miller,2023-24,24,LAC,8,28,14.1,-3.8,0.0,0.1,.116
Jordan Miller,2024-25,25,LAC,37,420,10.5,-2.8,-0.1,0.4,.049
Larry Miller,1968-69,22,LAS,78,2871,14.9,,,3.2,.053
Larry Miller,1969-70,23,2TM,80,2037,13.4,,,3.0,.071
Larry Miller,1969-70,23,LAS,21,654,12.2,,,0.8,.060
Larry Miller,1969-70,23,CAR,59,1383,14.0,,,2.2,.077
Larry Miller,1970-71,24,CAR,77,2140,14.6,,,3.4,.076
Larry Miller,1971-72,25,CAR,83,3199,14.1,,,6.2,.093
Larry Miller,1972-73,26,SDA,83,2700,12.5,,,2.4,.043
Larry Miller,1973-74,27,2TM,80,1968,10.2,-2.6,-0.3,1.3,.031
Larry Miller,1973-74,27,SDA,7,68,10.3,-2.8,0.0,0.1,.046
Larry Miller,1973-74,27,VIR,73,1900,10.2,-2.6,-0.3,1.2,.030
Larry Miller,1974-75,28,UTS,5,26,11.0,-3.7,0.0,0.0,.022
Leonard Miller,2023-24,20,MIN,17,52,27.0,9.6,0.2,0.3,.323
Leonard Miller,2024-25,21,MIN,13,32,19.9,-3.7,0.0,0.1,.145
Malcolm Miller,2017-18,24,TOR,15,126,8.9,-1.0,0.0,0.2,.087
Malcolm Miller,2018-19,25,TOR,10,67,13.7,-0.5,0.0,0.2,.130
Malcolm Miller,2019-20,26,TOR,28,162,6.7,-2.3,0.0,0.3,.082
Mike Miller,2000-01,20,ORL,82,2390,13.2,-0.2,1.0,5.3,.106
Mike Miller,2001-02,21,ORL,63,2123,15.0,0.3,1.2,4.5,.101
Mike Miller,2002-03,22,2TM,65,2186,14.7,-0.2,1.0,4.0,.087
Mike Miller,2002-03,22,ORL,49,1826,13.9,-0.5,0.7,3.0,.080
Mike Miller,2002-03,22,MEM,16,360,19.0,1.4,0.3,0.9,.124
Mike Miller,2003-04,23,MEM,65,1770,14.9,0.6,1.1,3.9,.107
Mike Miller,2004-05,24,MEM,76,2278,16.7,2.9,2.8,7.0,.148
Mike Miller,2005-06,25,MEM,74,2268,17.2,3.0,2.9,7.4,.157
Mike Miller,2006-07,26,MEM,70,2740,16.4,1.4,2.3,4.8,.085
Mike Miller,2007-08,27,MEM,70,2474,16.1,1.1,2.0,5.0,.098
Mike Miller,2008-09,28,MIN,73,2356,13.8,1.1,1.8,4.2,.086
Mike Miller,2009-10,29,WAS,54,1805,13.9,1.3,1.5,3.9,.104
Mike Miller,2010-11,30,MIA,41,838,9.7,-1.4,0.1,1.6,.090
Mike Miller,2011-12,31,MIA,39,752,11.4,0.1,0.4,1.8,.113
Mike Miller,2012-13,32,MIA,59,900,13.5,1.5,0.8,2.6,.137
Mike Miller,2013-14,33,MEM,82,1707,12.5,0.4,1.0,3.9,.111
Mike Miller,2014-15,34,CLE,52,701,4.6,-3.4,-0.2,0.4,.028
Mike Miller,2015-16,35,DEN,47,373,6.5,-2.6,0.0,0.3,.040
Mike Miller,2016-17,36,DEN,20,151,7.6,-1.5,0.0,0.1,.018
Oliver Miller,1992-93,22,PHO,56,1069,12.7,0.9,0.8,1.6,.070
Oliver Miller,1993-94,23,PHO,69,1786,18.2,4.6,3.0,5.3,.142
Oliver Miller,1994-95,24,DET,64,1558,16.9,0.1,0.8,3.1,.095
Oliver Miller,1995-96,25,TOR,76,2516,16.2,0.0,1.2,3.8,.072
Oliver Miller,1996-97,26,2TM,61,1152,13.1,-1.5,0.1,1.8,.073
Oliver Miller,1996-97,26,DAL,42,836,11.6,-2.5,-0.1,0.8,.047
Oliver Miller,1996-97,26,TOR,19,316,17.0,1.0,0.2,0.9,.144
Oliver Miller,1997-98,27,TOR,64,1628,12.8,-1.8,0.1,0.9,.026
Oliver Miller,1998-99,28,SAC,4,35,8.3,-8.2,-0.1,0.0,-0.052
Oliver Miller,1999-00,29,PHO,51,1088,15.5,2.0,1.1,3.4,.152
Oliver Miller,2000-01,,Did not play - other pro league,,,,,,,
Oliver Miller,2001-02,,Did not play - other pro league,,,,,,,
Oliver Miller,2002-03,,Did not play - other pro league,,,,,,,
Oliver Miller,2003-04,,Did not play - other pro league,,,,,,,
Oliver Miller,2003-04,33,MIN,48,506,12.9,-0.2,0.2,1.4,.130
Quincy Miller,2012-13,20,DEN,7,26,5.9,-9.2,0.0,0.0,-0.051
Quincy Miller,2013-14,21,DEN,52,789,8.6,-3.7,-0.4,0.0,.002
Quincy Miller,2014-15,22,2TM,10,119,7.4,-3.8,-0.1,-0.1,-0.030
Quincy Miller,2014-15,22,SAC,6,61,11.1,-0.1,0.0,0.0,.010
Quincy Miller,2014-15,22,DET,4,58,3.6,-7.7,-0.1,-0.1,-0.072
Reggie Miller,1987-88,22,IND,82,1840,14.0,0.7,1.3,4.2,.110
Reggie Miller,1988-89,23,IND,74,2536,15.7,2.0,2.5,6.5,.124
Reggie Miller,1989-90,24,IND,82,3192,20.8,4.0,4.8,12.1,.182
Reggie Miller,1990-91,25,IND,82,2972,21.2,4.2,4.6,12.5,.202
Reggie Miller,1991-92,26,IND,82,3120,17.6,2.6,3.6,11.0,.169
Reggie Miller,1992-93,27,IND,82,2954,19.4,4.3,4.7,11.3,.183
Reggie Miller,1993-94,28,IND,79,2638,20.2,4.7,4.5,11.7,.212
Reggie Miller,1994-95,29,IND,81,2665,20.1,5.2,4.9,11.4,.204
Reggie Miller,1995-96,30,IND,76,2621,20.1,4.7,4.5,10.3,.188
Reggie Miller,1996-97,31,IND,81,2966,20.2,5.8,5.8,12.3,.200
Reggie Miller,1997-98,32,IND,81,2795,19.8,4.8,4.8,12.0,.206
Reggie Miller,1998-99,33,IND,50,1787,18.7,3.2,2.3,6.4,.172
Reggie Miller,1999-00,34,IND,81,2987,17.3,2.7,3.6,10.1,.162
Reggie Miller,2000-01,35,IND,81,3181,17.3,2.3,3.4,10.3,.155
Reggie Miller,2001-02,36,IND,79,2889,16.5,2.5,3.3,9.5,.159
Reggie Miller,2002-03,37,IND,70,2117,15.9,2.3,2.3,7.4,.168
Reggie Miller,2003-04,38,IND,80,2254,16.1,3.5,3.1,8.9,.189
Reggie Miller,2004-05,39,IND,66,2105,16.6,1.8,2.0,6.6,.151
Walt Miller,1946-47,31,PIT,12,,,,,0.3,
Dariq Whitehead,2023-24,19,BRK,2,24,4.9,-7.9,0.0,0.0,-0.030
Dariq Whitehead,2024-25,20,BRK,20,246,9.4,-3.7,-0.1,0.1,.010
Chris Mills,1993-94,24,CLE,79,2022,12.6,-1.4,0.3,4.0,.096
Chris Mills,1994-95,25,CLE,80,2814,11.6,-1.1,0.7,5.4,.091
Chris Mills,1995-96,26,CLE,80,3060,15.2,-0.1,1.5,7.8,.122
Chris Mills,1996-97,27,CLE,80,3167,14.1,1.1,2.5,8.9,.134
Chris Mills,1997-98,28,NYK,80,2183,12.7,-0.4,0.9,5.1,.113
Chris Mills,1998-99,29,GSW,47,1395,13.0,0.0,0.7,3.0,.104
Chris Mills,1999-00,30,GSW,20,649,16.2,0.5,0.4,1.2,.090
Chris Mills,2000-01,31,GSW,15,493,9.6,-4.4,-0.3,0.1,.007
Chris Mills,2001-02,32,GSW,66,1237,12.3,-1.5,0.1,1.9,.074
Chris Mills,2002-03,33,GSW,21,262,12.7,-2.1,0.0,0.3,.059
Chris Mills,2003-04,,Did not play - injury,,,,,,,
John Mills,1946-47,27,PIT,47,,,,,1.4,
Patty Mills,2009-10,21,POR,10,38,11.9,-10.2,-0.1,0.0,-0.036
Patty Mills,2010-11,22,POR,64,783,13.0,-1.5,0.1,0.7,.044
Patty Mills,2011-12,23,SAS,16,261,21.5,2.5,0.3,0.9,.161
Patty Mills,2012-13,24,SAS,58,656,14.1,0.2,0.4,1.5,.109
Patty Mills,2013-14,25,SAS,81,1527,18.7,4.0,2.3,5.6,.175
Patty Mills,2014-15,26,SAS,51,801,13.0,-0.3,0.4,1.4,.087
Patty Mills,2015-16,27,SAS,81,1662,14.6,1.5,1.5,4.8,.139
Patty Mills,2016-17,28,SAS,80,1754,15.2,1.6,1.6,5.1,.139
Patty Mills,2017-18,29,SAS,82,2107,11.8,-1.0,0.5,4.1,.093
Patty Mills,2018-19,30,SAS,82,1908,13.2,-0.3,0.8,3.5,.087
Patty Mills,2019-20,31,SAS,66,1485,14.8,0.0,0.8,2.8,.091
Patty Mills,2020-21,32,SAS,68,1685,11.8,-1.2,0.4,2.2,.062
Patty Mills,2021-22,33,BRK,81,2346,10.4,-1.7,0.2,2.8,.058
Patty Mills,2022-23,34,BRK,40,567,10.6,-3.1,-0.2,0.4,.035
Patty Mills,2023-24,35,2TM,32,415,7.2,-4.6,-0.3,0.1,.009
Patty Mills,2023-24,35,ATL,19,202,6.6,-3.8,-0.1,0.0,.008
Patty Mills,2023-24,35,MIA,13,213,7.9,-5.3,-0.2,0.0,.009
Patty Mills,2024-25,36,2TM,29,321,8.4,-3.2,-0.1,0.1,.017
Patty Mills,2024-25,36,UTA,17,260,6.2,-4.4,-0.2,-0.2,-0.040
Patty Mills,2024-25,36,LAC,12,61,17.5,2.1,0.1,0.3,.259
Terry Mills,1990-91,23,2TM,55,819,13.6,-2.7,-0.1,1.3,.078
Terry Mills,1990-91,23,DEN,17,279,14.5,-2.4,0.0,0.3,.053
Terry Mills,1990-91,23,NJN,38,540,13.1,-2.8,-0.1,1.0,.091
Terry Mills,1991-92,24,NJN,82,1714,14.7,-1.5,0.2,3.9,.108
Terry Mills,1992-93,25,DET,81,2183,15.5,-1.8,0.1,3.8,.084
Terry Mills,1993-94,26,DET,80,2773,17.7,0.5,1.7,6.3,.110
Terry Mills,1994-95,27,DET,72,2514,14.7,-1.2,0.5,3.7,.071
Terry Mills,1995-96,28,DET,82,1656,15.2,0.0,0.8,3.7,.106
Terry Mills,1996-97,29,DET,79,1997,16.4,2.7,2.4,6.2,.148
Terry Mills,1997-98,30,MIA,50,782,7.7,-3.8,-0.4,0.9,.057
Terry Mills,1998-99,31,MIA,1,29,6.7,-6.8,0.0,0.0,-0.015
Terry Mills,1999-00,32,DET,82,1842,11.0,-0.3,0.8,3.8,.099
Terry Mills,2000-01,33,IND,14,113,1.1,-8.2,-0.2,-0.2,-0.096
Elijah Millsap,2014-15,27,UTA,47,924,7.9,-3.1,-0.3,0.4,.020
Elijah Millsap,2015-16,28,UTA,20,173,6.5,-3.8,-0.1,0.1,.033
Elijah Millsap,2016-17,29,PHO,2,23,-3.4,-19.0,-0.1,-0.1,-0.233
Paul Millsap,2006-07,21,UTA,82,1472,17.6,0.6,0.9,4.7,.153
Paul Millsap,2007-08,22,UTA,82,1702,16.1,-0.2,0.8,5.2,.148
Paul Millsap,2008-09,23,UTA,76,2290,18.6,1.1,1.8,7.7,.162
Paul Millsap,2009-10,24,UTA,82,2277,16.7,0.4,1.4,7.2,.151
Paul Millsap,2010-11,25,UTA,76,2605,19.8,1.9,2.5,7.7,.143
Paul Millsap,2011-12,26,UTA,64,2100,21.8,3.9,3.1,7.8,.179
Paul Millsap,2012-13,27,UTA,78,2375,19.8,2.7,2.8,7.6,.154
Paul Millsap,2013-14,28,ATL,74,2482,19.8,2.8,3.0,6.7,.129
Paul Millsap,2014-15,29,ATL,73,2390,20.0,3.4,3.3,8.3,.166
Paul Millsap,2015-16,30,ATL,81,2647,21.3,4.2,4.1,10.1,.183
Paul Millsap,2016-17,31,ATL,69,2343,17.9,2.1,2.4,6.4,.132
Paul Millsap,2017-18,32,DEN,38,1143,17.0,0.4,0.7,2.5,.107
Paul Millsap,2018-19,33,DEN,70,1895,17.9,1.7,1.8,6.1,.155
Paul Millsap,2019-20,34,DEN,51,1240,16.9,0.1,0.7,3.5,.136
Paul Millsap,2020-21,35,DEN,56,1162,16.4,1.0,0.9,3.2,.133
Paul Millsap,2021-22,36,2TM,33,376,10.8,-3.5,-0.1,0.5,.061
Paul Millsap,2021-22,36,BRK,24,270,11.2,-3.1,-0.1,0.4,.069
Paul Millsap,2021-22,36,PHI,9,106,9.7,-4.5,-0.1,0.1,.041
Shake Milton,2018-19,22,PHI,20,268,9.3,-3.2,-0.1,0.3,.059
Shake Milton,2019-20,23,PHI,40,805,14.4,-1.0,0.2,2.1,.126
Shake Milton,2020-21,24,PHI,63,1461,14.6,-1.6,0.1,2.8,.091
Shake Milton,2021-22,25,PHI,55,1179,11.9,-2.2,-0.1,1.7,.069
Shake Milton,2022-23,26,PHI,76,1567,12.7,-2.0,0.0,2.9,.087
Shake Milton,2023-24,27,3TM,48,581,9.2,-3.7,-0.3,0.6,.048
Shake Milton,2023-24,27,MIN,38,491,8.3,-4.2,-0.3,0.4,.039
Shake Milton,2023-24,27,DET,4,63,14.6,0.3,0.0,0.1,.047
Shake Milton,2023-24,27,NYK,6,27,13.8,-3.5,0.0,0.1,.201
Shake Milton,2024-25,28,2TM,57,837,11.9,-2.2,0.0,1.3,.077
Shake Milton,2024-25,28,BRK,27,492,12.8,-0.9,0.1,1.0,.093
Shake Milton,2024-25,28,LAL,30,345,10.5,-4.0,-0.2,0.4,.055
Justin Minaya,2022-23,23,POR,4,89,4.0,-9.0,-0.2,-0.1,-0.067
Justin Minaya,2023-24,24,POR,34,381,5.8,-5.6,-0.3,0.1,.009
Justin Minaya,2024-25,25,POR,19,101,5.0,-5.4,-0.1,0.0,-0.007
Harold Miner,1992-93,21,MIA,73,1383,14.3,-2.0,0.0,2.0,.069
Harold Miner,1993-94,22,MIA,63,1358,14.0,-1.6,0.1,2.7,.094
Harold Miner,1994-95,23,MIA,45,871,8.5,-5.8,-0.8,-0.4,-0.023
Harold Miner,1995-96,24,CLE,19,136,7.6,-9.1,-0.2,-0.1,-0.029
Yao Ming,2002-03,22,HOU,82,2382,20.6,2.2,2.5,8.7,.176
Yao Ming,2003-04,23,HOU,82,2692,21.9,2.8,3.2,11.4,.202
Yao Ming,2004-05,24,HOU,80,2447,23.2,2.4,2.8,10.7,.210
Yao Ming,2005-06,25,HOU,57,1949,25.6,4.4,3.2,8.6,.211
Yao Ming,2006-07,26,HOU,48,1624,26.5,5.0,2.8,7.4,.220
Yao Ming,2007-08,27,HOU,55,2044,22.5,3.4,2.8,8.3,.196
Yao Ming,2008-09,28,HOU,77,2589,22.7,3.1,3.3,10.6,.196
Yao Ming,2009-10,,Did not play - injury,,,,,,,
Yao Ming,2010-11,30,HOU,5,91,19.8,1.2,0.1,0.3,.147
Riley Minix,2024-25,24,SAS,1,7,-1.7,-11.8,0.0,0.0,-0.114
Dirk Minniefield,1983-84,,Did not play - other pro league,,,,,,,
Dirk Minniefield,1984-85,,Did not play - other pro league,,,,,,,
Dirk Minniefield,1985-86,25,CLE,76,1131,14.1,0.1,0.6,1.9,.083
Dirk Minniefield,1986-87,26,2TM,74,1600,10.3,-2.7,-0.3,1.1,.032
Dirk Minniefield,1986-87,26,CLE,11,122,1.8,-8.1,-0.2,-0.3,-0.131
Dirk Minniefield,1986-87,26,HOU,63,1478,11.0,-2.3,-0.1,1.4,.045
Dirk Minniefield,1987-88,27,2TM,72,1070,10.4,-1.6,0.1,1.1,.050
Dirk Minniefield,1987-88,27,GSW,11,202,13.2,-0.1,0.1,0.3,.068
Dirk Minniefield,1987-88,27,BOS,61,868,9.7,-2.0,0.0,0.8,.046
Dave Minor,1951-52,29,BLB,57,1558,12.6,,,1.1,.033
Dave Minor,1952-53,30,2TM,59,1610,11.2,,,2.6,.077
Dave Minor,1952-53,30,BLB,19,301,10.2,,,0.1,.013
Dave Minor,1952-53,30,MLH,40,1309,11.4,,,2.5,.091
Greg Minor,1994-95,23,BOS,63,945,14.7,0.2,0.5,2.1,.106
Greg Minor,1995-96,24,BOS,78,1761,14.0,-1.6,0.2,3.0,.082
Greg Minor,1996-97,25,BOS,23,547,13.2,-2.0,0.0,0.6,.056
Greg Minor,1997-98,26,BOS,69,1126,11.8,-1.5,0.1,1.7,.074
Greg Minor,1998-99,27,BOS,44,765,9.7,-2.9,-0.2,0.8,.048
Mark Minor,1972-73,22,BOS,4,20,6.8,,,0.0,.081
Josh Minott,2022-23,20,MIN,15,96,17.9,-1.6,0.0,0.3,.146
Josh Minott,2023-24,21,MIN,32,91,20.4,5.1,0.2,0.4,.222
Josh Minott,2024-25,22,MIN,46,276,15.5,2.2,0.3,0.9,.153
Nikola Mirotić,2011-12,,Did not play - other pro league,,,,,,,
Nikola Mirotić,2012-13,,Did not play - other pro league,,,,,,,
Nikola Mirotić,2013-14,,Did not play - other pro league,,,,,,,
Nikola Mirotić,2014-15,23,CHI,82,1654,17.9,2.3,1.8,5.7,.165
Nikola Mirotić,2015-16,24,CHI,66,1646,15.6,1.5,1.5,3.9,.115
Nikola Mirotić,2016-17,25,CHI,70,1679,14.5,0.7,1.1,3.8,.107
Nikola Mirotić,2017-18,26,2TM,55,1494,18.7,2.2,1.6,4.0,.128
Nikola Mirotić,2017-18,26,CHI,25,622,22.0,4.6,1.0,2.0,.158
Nikola Mirotić,2017-18,26,NOP,30,872,16.3,0.5,0.5,1.9,.106
Nikola Mirotić,2018-19,27,2TM,46,1245,17.2,1.5,1.1,3.5,.133
Nikola Mirotić,2018-19,27,NOP,32,925,17.5,1.4,0.8,2.5,.129
Nikola Mirotić,2018-19,27,MIL,14,320,16.2,2.0,0.3,1.0,.147
Wat Misaka,1947-48,24,NYK,3,,,,,0.0,
Jason Miskiri,1999-00,24,CHH,1,3,-12.4,-18.6,0.0,0.0,-0.205
Yves Missi,2024-25,20,NOP,73,1956,15.4,-3.0,-0.5,3.6,.089
Ajay Mitchell,2024-25,22,OKC,36,597,12.0,-1.6,0.1,1.5,.122
Davion Mitchell,2021-22,23,SAC,75,2076,10.8,-3.8,-0.9,0.1,.003
Davion Mitchell,2022-23,24,SAC,80,1447,9.4,-2.8,-0.3,1.5,.050
Davion Mitchell,2023-24,25,SAC,72,1101,9.3,-3.4,-0.4,1.3,.059
Davion Mitchell,2024-25,26,2TM,74,2027,10.2,-2.6,-0.3,3.0,.070
Davion Mitchell,2024-25,26,TOR,44,1080,7.9,-4.3,-0.6,0.7,.031
Davion Mitchell,2024-25,26,MIA,30,947,12.9,-0.6,0.3,2.3,.114
Donovan Mitchell,2017-18,21,UTA,79,2638,16.7,1.2,2.2,5.2,.095
Donovan Mitchell,2018-19,22,UTA,77,2598,17.2,1.3,2.2,5.0,.092
Donovan Mitchell,2019-20,23,UTA,69,2364,18.8,1.9,2.3,5.4,.110
Donovan Mitchell,2020-21,24,UTA,53,1771,21.3,4.3,2.8,6.2,.167
Donovan Mitchell,2021-22,25,UTA,67,2266,21.6,4.3,3.6,7.2,.152
Donovan Mitchell,2022-23,26,CLE,68,2432,22.9,6.3,5.0,8.9,.176
Donovan Mitchell,2023-24,27,CLE,55,1942,22.1,5.8,3.9,6.4,.159
Donovan Mitchell,2024-25,28,CLE,71,2232,20.9,3.7,3.2,7.6,.163
Leland Mitchell,1967-68,26,NOB,78,1091,3.7,,,0.6,.026
Mike Mitchell,1978-79,23,CLE,80,1576,16.8,-0.6,0.5,3.6,.111
Mike Mitchell,1979-80,24,CLE,82,2802,19.1,1.2,2.2,8.3,.142
Mike Mitchell,1980-81,25,CLE,82,3194,17.5,-0.3,1.3,6.0,.091
Mike Mitchell,1981-82,26,2TM,84,3063,15.9,-1.4,0.4,5.9,.093
Mike Mitchell,1981-82,26,CLE,27,973,14.2,-2.3,-0.1,0.5,.023
Mike Mitchell,1981-82,26,SAS,57,2090,16.7,-1.0,0.5,5.5,.126
Mike Mitchell,1982-83,27,SAS,80,2803,16.9,-0.7,0.9,7.6,.131
Mike Mitchell,1983-84,28,SAS,79,2853,17.1,-1.7,0.2,5.5,.092
Mike Mitchell,1984-85,29,SAS,82,2853,16.5,-1.1,0.6,6.0,.101
Mike Mitchell,1985-86,30,SAS,82,2970,15.9,-2.3,-0.3,4.4,.071
Mike Mitchell,1986-87,31,SAS,40,922,11.9,-5.0,-0.7,0.4,.019
Mike Mitchell,1987-88,32,SAS,68,1501,15.7,-2.4,-0.2,2.4,.076
Mike Mitchell,1988-89,,Did not play - other pro league,,,,,,,
Mike Mitchell,1989-90,,Did not play - other pro league,,,,,,,
Mike Mitchell,1990-91,,Did not play - other pro league,,,,,,,
Mike Mitchell,1991-92,,Did not play - other pro league,,,,,,,
Mike Mitchell,1992-93,,Did not play - other pro league,,,,,,,
Mike Mitchell,1993-94,,Did not play - other pro league,,,,,,,
Mike Mitchell,1994-95,,Did not play - other pro league,,,,,,,
Mike Mitchell,1995-96,,Did not play - other pro league,,,,,,,
Mike Mitchell,1996-97,,Did not play - other pro league,,,,,,,
Mike Mitchell,1997-98,,Did not play - other pro league,,,,,,,
Mike Mitchell,1998-99,,Did not play - other pro league,,,,,,,
Murray Mitchell,1949-50,26,AND,2,,,,,0.0,
Sam Mitchell,1985-86,,Did not play - other pro league,,,,,,,
Sam Mitchell,1986-87,,Did not play - other pro league,,,,,,,
Sam Mitchell,1987-88,,Did not play - other pro league,,,,,,,
Sam Mitchell,1988-89,,Did not play - other pro league,,,,,,,
Sam Mitchell,1989-90,26,MIN,80,2414,13.7,-2.4,-0.3,5.1,.102
Sam Mitchell,1990-91,27,MIN,82,3121,12.3,-3.2,-0.9,5.1,.078
Sam Mitchell,1991-92,28,MIN,82,2151,12.0,-3.9,-1.0,2.3,.051
Sam Mitchell,1992-93,29,IND,81,1402,11.9,-3.2,-0.4,2.8,.095
Sam Mitchell,1993-94,30,IND,75,1084,10.9,-2.4,-0.1,2.2,.099
Sam Mitchell,1994-95,31,IND,81,1377,13.4,-1.1,0.3,3.7,.130
Sam Mitchell,1995-96,32,MIN,78,2145,13.0,-2.2,-0.1,4.3,.095
Sam Mitchell,1996-97,33,MIN,82,2044,11.8,-3.7,-0.9,3.3,.077
Sam Mitchell,1997-98,34,MIN,81,2239,15.8,-0.5,0.8,6.1,.131
Sam Mitchell,1998-99,35,MIN,50,1344,14.1,-0.9,0.4,3.0,.108
Sam Mitchell,1999-00,36,MIN,66,1227,12.0,-1.7,0.1,2.3,.092
Sam Mitchell,2000-01,37,MIN,82,983,8.2,-4.6,-0.6,0.6,.030
Sam Mitchell,2001-02,38,MIN,74,726,9.4,-3.8,-0.3,0.9,.058
Todd Mitchell,1988-89,22,2TM,24,353,7.5,-5.6,-0.3,-0.1,-0.008
Todd Mitchell,1988-89,22,MIA,22,320,8.8,-4.6,-0.2,0.1,.017
Todd Mitchell,1988-89,22,SAS,2,33,-4.8,-15.4,-0.1,-0.2,-0.249
Tony Mitchell,2013-14,24,MIL,3,10,30.9,10.6,0.0,0.1,.242
Tony Mitchell,2013-14,21,DET,21,79,18.1,0.4,0.0,0.2,.151
Naz Mitrou-Long,2017-18,24,UTA,1,1,133.8,242.2,0.0,0.1,2.712
Naz Mitrou-Long,2018-19,25,UTA,14,84,2.2,-8.7,-0.1,-0.1,-0.046
Naz Mitrou-Long,2019-20,26,IND,5,47,7.8,-1.4,0.0,0.0,-0.022
Steve Mix,1969-70,22,DET,18,276,13.1,,,0.4,.063
Steve Mix,1970-71,23,DET,35,731,12.7,,,1.3,.083
Steve Mix,1971-72,24,2TM,9,108,7.9,,,-0.3,-0.122
Steve Mix,1971-72,24,DET,8,104,7.2,,,-0.3,-0.142
Steve Mix,1971-72,24,DNR,1,4,25.1,,,0.0,.396
Steve Mix,1972-73,,Did not play - other pro league,,,,,,,
Steve Mix,1973-74,26,PHI,82,2969,16.3,1.7,2.8,8.2,.132
Steve Mix,1974-75,27,PHI,46,1748,16.4,1.4,1.5,5.1,.141
Steve Mix,1975-76,28,PHI,81,3039,15.1,1.9,3.0,9.4,.148
Steve Mix,1976-77,29,PHI,75,1958,15.1,1.8,1.9,6.5,.158
Steve Mix,1977-78,30,PHI,82,1819,14.8,1.0,1.4,5.1,.134
Steve Mix,1978-79,31,PHI,74,1269,19.4,3.3,1.7,4.9,.186
Steve Mix,1979-80,32,PHI,81,1543,19.5,2.4,1.7,5.5,.172
Steve Mix,1980-81,33,PHI,72,1327,19.7,3.0,1.7,5.5,.201
Steve Mix,1981-82,34,PHI,75,1235,15.8,1.0,0.9,3.7,.144
Steve Mix,1982-83,35,2TM,58,809,15.1,0.8,0.6,2.4,.142
Steve Mix,1982-83,35,MIL,57,792,15.1,0.9,0.6,2.4,.143
Steve Mix,1982-83,35,LAL,1,17,13.2,-4.1,0.0,0.0,.086
Bill Mlkvy,1952-53,22,PHW,31,608,9.5,,,-1.0,-0.082
Cuttino Mobley,1998-99,23,HOU,49,1456,12.2,-1.1,0.4,2.3,.077
Cuttino Mobley,1999-00,24,HOU,81,2496,16.0,-0.1,1.2,5.2,.099
Cuttino Mobley,2000-01,25,HOU,79,3002,17.7,0.9,2.2,8.2,.130
Cuttino Mobley,2001-02,26,HOU,74,3116,16.7,0.3,1.8,5.7,.087
Cuttino Mobley,2002-03,27,HOU,73,3044,14.7,0.2,1.7,6.9,.109
Cuttino Mobley,2003-04,28,HOU,80,3229,14.1,1.4,2.8,7.6,.114
Cuttino Mobley,2004-05,29,2TM,66,2388,15.0,-0.1,1.1,4.4,.089
Cuttino Mobley,2004-05,29,ORL,23,726,15.3,0.9,0.5,1.5,.101
Cuttino Mobley,2004-05,29,SAC,43,1662,14.9,-0.5,0.6,2.9,.084
Cuttino Mobley,2005-06,30,LAC,79,2979,13.1,-0.2,1.3,5.3,.086
Cuttino Mobley,2006-07,31,LAC,78,2841,12.5,-1.0,0.8,4.6,.078
Cuttino Mobley,2007-08,32,LAC,77,2702,11.5,-2.3,-0.2,2.1,.037
Cuttino Mobley,2008-09,33,LAC,11,365,10.3,-3.9,-0.2,-0.1,-0.017
Cuttino Mobley,2009-10,,Did not play - illness,,,,,,,
Eric Mobley,1994-95,24,MIL,46,587,14.3,-1.2,0.1,1.3,.107
Eric Mobley,1995-96,25,2TM,39,676,9.4,-5.1,-0.5,0.2,.015
Eric Mobley,1995-96,25,MIL,5,65,3.9,-6.0,-0.1,0.0,-0.010
Eric Mobley,1995-96,25,VAN,34,611,10.0,-5.0,-0.5,0.2,.017
Eric Mobley,1996-97,26,VAN,28,307,6.3,-8.4,-0.5,-0.4,-0.063
Evan Mobley,2021-22,20,CLE,69,2331,16.1,0.6,1.5,5.2,.107
Evan Mobley,2022-23,21,CLE,79,2715,17.9,1.7,2.5,8.5,.151
Evan Mobley,2023-24,22,CLE,50,1532,20.1,2.9,1.9,5.5,.174
Evan Mobley,2024-25,23,CLE,71,2167,22.3,4.6,3.6,9.0,.200
Isaiah Mobley,2022-23,23,CLE,12,84,14.1,-1.4,0.0,0.2,.135
Isaiah Mobley,2023-24,24,CLE,10,72,8.1,-6.6,-0.1,0.0,.032
Isaiah Mobley,2024-25,25,PHI,1,17,17.2,4.7,0.0,0.0,.119
Doug Moe,1961-62,,Did not play - suspended,,,,,,,
Doug Moe,1962-63,,Did not play - suspended,,,,,,,
Doug Moe,1963-64,,Did not play - suspended,,,,,,,
Doug Moe,1964-65,,Did not play - suspended,,,,,,,
Doug Moe,1965-66,,Did not play - other pro league,,,,,,,
Doug Moe,1966-67,,Did not play - other pro league,,,,,,,
Doug Moe,1967-68,29,NOB,78,3113,21.2,,,9.4,.144
Doug Moe,1968-69,30,OAK,75,2528,16.8,,,4.8,.091
Doug Moe,1969-70,31,CAR,80,2671,16.6,,,5.2,.093
Doug Moe,1970-71,32,VIR,78,2297,13.3,,,4.3,.090
Doug Moe,1971-72,33,VIR,67,1472,8.5,,,1.8,.058
Larry Moffett,1977-78,23,HOU,20,110,4.0,-4.6,-0.1,-0.1,-0.042
Jonathan Mogbo,2024-25,23,TOR,63,1286,11.9,-1.9,0.0,1.9,.071
Leo Mogus,1946-47,25,2TM,58,,,,,7.7,
Leo Mogus,1946-47,25,CLR,17,,,,,2.5,
Leo Mogus,1946-47,25,TRH,41,,,,,5.1,
Leo Mogus,1947-48,,Did not play - other pro league,,,,,,,
Leo Mogus,1948-49,27,3TM,52,,,,,5.0,
Leo Mogus,1948-49,27,BLB,13,,,,,0.0,
Leo Mogus,1948-49,27,FTW,20,,,,,1.7,
Leo Mogus,1948-49,27,INJ,19,,,,,3.3,
Leo Mogus,1949-50,28,PHW,64,,,,,8.0,
Leo Mogus,1950-51,29,PHW,57,,,,,1.2,
Nazr Mohammed,1998-99,21,PHI,26,121,10.0,-7.5,-0.2,0.0,.013
Nazr Mohammed,1999-00,22,PHI,28,190,7.0,-7.0,-0.2,-0.1,-0.016
Nazr Mohammed,2000-01,23,2TM,58,912,19.2,-1.5,0.1,2.5,.129
Nazr Mohammed,2000-01,23,PHI,30,196,15.3,-3.9,-0.1,0.5,.116
Nazr Mohammed,2000-01,23,ATL,28,716,20.3,-0.9,0.2,2.0,.133
Nazr Mohammed,2001-02,24,ATL,82,2168,14.0,-3.8,-1.0,3.3,.072
Nazr Mohammed,2002-03,25,ATL,35,445,12.4,-5.3,-0.4,0.4,.045
Nazr Mohammed,2003-04,26,2TM,80,1611,16.1,-1.4,0.3,3.7,.110
Nazr Mohammed,2003-04,26,ATL,53,938,14.7,-2.8,-0.2,1.7,.087
Nazr Mohammed,2003-04,26,NYK,27,673,18.1,0.5,0.4,2.0,.144
Nazr Mohammed,2004-05,27,2TM,77,1933,16.4,-1.8,0.1,4.6,.115
Nazr Mohammed,2004-05,27,NYK,54,1519,17.0,-0.9,0.4,3.8,.120
Nazr Mohammed,2004-05,27,SAS,23,414,14.2,-4.7,-0.3,0.8,.095
Nazr Mohammed,2005-06,28,SAS,80,1389,15.0,-2.0,0.0,4.5,.156
Nazr Mohammed,2006-07,29,DET,51,773,16.5,-1.9,0.0,2.3,.145
Nazr Mohammed,2007-08,30,2TM,82,1650,15.8,-2.3,-0.1,3.4,.098
Nazr Mohammed,2007-08,30,DET,21,228,13.1,-3.1,-0.1,0.5,.112
Nazr Mohammed,2007-08,30,CHA,61,1422,16.2,-2.2,-0.1,2.8,.096
Nazr Mohammed,2008-09,31,CHA,39,341,7.7,-7.1,-0.4,0.0,.004
Nazr Mohammed,2009-10,32,CHA,58,984,19.6,0.5,0.6,3.6,.174
Nazr Mohammed,2010-11,33,2TM,75,1280,15.9,-2.8,-0.3,2.7,.100
Nazr Mohammed,2010-11,33,CHA,51,851,15.9,-3.2,-0.3,1.4,.080
Nazr Mohammed,2010-11,33,OKC,24,429,16.0,-2.1,0.0,1.2,.139
Nazr Mohammed,2011-12,34,OKC,63,692,11.0,-2.4,-0.1,1.3,.090
Nazr Mohammed,2012-13,35,CHI,63,693,10.8,-3.6,-0.3,1.2,.082
Nazr Mohammed,2013-14,36,CHI,80,562,10.1,-3.9,-0.3,0.8,.070
Nazr Mohammed,2014-15,37,CHI,23,128,8.7,-4.5,-0.1,0.1,.040
Nazr Mohammed,2015-16,38,OKC,5,19,6.0,-11.7,0.0,0.0,-0.009
Jérôme Moïso,2000-01,22,BOS,24,135,3.2,-10.3,-0.3,-0.3,-0.096
Jérôme Moïso,2001-02,23,CHH,15,76,5.9,-7.1,-0.1,-0.1,-0.040
Jérôme Moïso,2002-03,24,NOH,51,644,14.5,-1.3,0.1,1.5,.109
Jérôme Moïso,2003-04,25,TOR,35,417,12.3,-2.6,-0.1,0.8,.090
Jérôme Moïso,2004-05,26,3TM,20,120,12.3,-2.1,0.0,0.2,.098
Jérôme Moïso,2004-05,26,TOR,8,69,9.5,-4.5,0.0,0.1,.039
Jérôme Moïso,2004-05,26,NJN,8,24,17.0,0.8,0.0,0.1,.174
Jérôme Moïso,2004-05,26,CLE,4,27,15.3,1.4,0.0,0.1,.181
Paul Mokeski,1979-80,23,HOU,12,113,4.4,-6.4,-0.2,-0.1,-0.041
Paul Mokeski,1980-81,24,DET,80,1815,10.3,-2.6,-0.3,1.7,.046
Paul Mokeski,1981-82,25,2TM,67,868,8.7,-3.3,-0.3,0.8,.045
Paul Mokeski,1981-82,25,DET,39,523,7.1,-4.1,-0.3,0.3,.031
Paul Mokeski,1981-82,25,CLE,28,345,11.1,-2.1,0.0,0.5,.066
Paul Mokeski,1982-83,26,2TM,73,1128,8.3,-3.7,-0.5,1.4,.060
Paul Mokeski,1982-83,26,CLE,23,539,9.9,-2.3,0.0,0.6,.057
Paul Mokeski,1982-83,26,MIL,50,589,6.9,-5.0,-0.4,0.8,.063
Paul Mokeski,1983-84,27,MIL,68,838,8.9,-3.1,-0.2,1.6,.090
Paul Mokeski,1984-85,28,MIL,79,1586,10.1,-1.7,0.1,3.4,.102
Paul Mokeski,1985-86,29,MIL,45,521,7.9,-3.2,-0.2,0.9,.079
Paul Mokeski,1986-87,30,MIL,62,626,7.4,-3.5,-0.2,1.1,.081
Paul Mokeski,1987-88,31,MIL,60,848,8.8,-4.5,-0.5,1.3,.073
Paul Mokeski,1988-89,32,MIL,74,690,8.2,-3.6,-0.3,1.0,.072
Paul Mokeski,1989-90,33,CLE,38,449,7.7,-6.7,-0.5,0.2,.018
Paul Mokeski,1990-91,34,GSW,36,257,6.6,-5.0,-0.2,0.3,.056
Adam Mokoka,2019-20,21,CHI,11,112,8.2,-4.1,-0.1,0.2,.073
Adam Mokoka,2020-21,22,CHI,14,56,2.2,-9.3,-0.1,-0.1,-0.112
Jack Molinas,1953-54,22,FTW,32,958,19.3,,,3.6,.179
Jack Molinas,1954-55,,Did not play - suspended,,,,,,,
Wayne Molis,1966-67,23,NYK,13,75,11.7,,,-0.2,-0.099
Wayne Molis,1967-68,24,2TM,46,535,18.6,,,1.1,.103
Wayne Molis,1967-68,24,OAK,5,46,11.1,,,0.0,.038
Wayne Molis,1967-68,24,HSM,41,489,19.3,,,1.1,.109
Sidney Moncrief,1979-80,22,MIL,77,1557,15.9,1.5,1.4,4.9,.150
Sidney Moncrief,1980-81,23,MIL,80,2417,18.0,3.8,3.5,9.9,.196
Sidney Moncrief,1981-82,24,MIL,80,2980,20.1,4.8,5.1,13.4,.216
Sidney Moncrief,1982-83,25,MIL,76,2710,22.6,5.4,5.1,13.2,.233
Sidney Moncrief,1983-84,26,MIL,79,3075,19.8,4.1,4.7,12.7,.198
Sidney Moncrief,1984-85,27,MIL,73,2734,20.1,4.8,4.7,11.2,.197
Sidney Moncrief,1985-86,28,MIL,73,2567,20.0,4.9,4.5,11.7,.219
Sidney Moncrief,1986-87,29,MIL,39,992,15.9,1.7,0.9,2.9,.142
Sidney Moncrief,1987-88,30,MIL,56,1428,15.2,0.9,1.1,3.7,.123
Sidney Moncrief,1988-89,31,MIL,62,1594,16.4,2.6,1.9,5.0,.151
Sidney Moncrief,1989-90,,Did not play - retired,,,,,,,
Sidney Moncrief,1990-91,33,ATL,72,1096,11.2,-0.7,0.4,1.8,.079
Chima Moneke,2022-23,27,SAC,2,8,-3.5,-20.7,0.0,0.0,-0.288
Chima Moneke,2023-24,,Did not play - other pro league,,,,,,,
Eric Money,1974-75,19,DET,66,889,11.3,-3.9,-0.4,0.3,.019
Eric Money,1975-76,20,DET,80,2267,16.3,0.3,1.3,4.2,.090
Eric Money,1976-77,21,DET,73,1586,15.8,0.2,0.9,3.3,.099
Eric Money,1977-78,22,DET,76,2557,15.4,-1.1,0.6,3.6,.067
Eric Money,1978-79,23,2TM,70,1979,14.4,-1.1,0.5,2.7,.065
Eric Money,1978-79,23,NJN,47,1434,15.4,-0.3,0.6,2.1,.072
Eric Money,1978-79,23,PHI,23,545,11.8,-3.3,-0.2,0.5,.048
Eric Money,1979-80,24,2TM,61,1549,11.4,-3.6,-0.7,0.6,.020
Eric Money,1979-80,24,PHI,6,82,4.4,-5.8,-0.2,-0.2,-0.094
Eric Money,1979-80,24,DET,55,1467,11.7,-3.4,-0.5,0.8,.026
Sergei Monia,2004-05,,Did not play - other pro league,,,,,,,
Sergei Monia,2005-06,22,2TM,26,343,6.3,-5.3,-0.3,-0.2,-0.025
Sergei Monia,2005-06,22,POR,23,336,6.2,-5.3,-0.3,-0.2,-0.026
Sergei Monia,2005-06,22,SAC,3,7,12.1,-4.6,0.0,0.0,.062
Malik Monk,2017-18,19,CHO,63,854,10.2,-3.4,-0.3,0.0,.000
Malik Monk,2018-19,20,CHO,73,1258,11.8,-3.0,-0.3,0.3,.012
Malik Monk,2019-20,21,CHO,55,1169,12.6,-2.3,-0.1,0.7,.028
Malik Monk,2020-21,22,CHO,42,878,13.6,-1.8,0.0,1.0,.054
Malik Monk,2021-22,23,LAL,76,2139,14.4,-0.5,0.8,3.6,.081
Malik Monk,2022-23,24,SAC,77,1719,16.6,0.3,1.0,3.2,.091
Malik Monk,2023-24,25,SAC,72,1872,16.0,0.6,1.2,3.5,.090
Malik Monk,2024-25,26,SAC,65,2054,15.0,-0.8,0.6,2.8,.065
Earl Monroe,1967-68,23,BAL,82,3012,19.3,,,9.3,.148
Earl Monroe,1968-69,24,BAL,80,3075,18.4,,,8.8,.138
Earl Monroe,1969-70,25,BAL,82,3051,17.3,,,8.3,.130
Earl Monroe,1970-71,26,BAL,81,2843,17.1,,,7.1,.119
Earl Monroe,1971-72,27,2TM,63,1337,14.9,,,2.5,.089
Earl Monroe,1971-72,27,BAL,3,103,14.7,,,0.0,.009
Earl Monroe,1971-72,27,NYK,60,1234,14.9,,,2.4,.095
Earl Monroe,1972-73,28,NYK,75,2370,16.1,,,7.8,.158
Earl Monroe,1973-74,29,NYK,41,1194,14.5,0.5,0.8,2.8,.111
Earl Monroe,1974-75,30,NYK,78,2814,17.7,1.5,2.5,6.6,.113
Earl Monroe,1975-76,31,NYK,76,2889,17.1,1.5,2.5,7.2,.119
Earl Monroe,1976-77,32,NYK,77,2656,18.1,1.7,2.5,7.8,.141
Earl Monroe,1977-78,33,NYK,76,2369,16.9,-0.1,1.1,5.8,.117
Earl Monroe,1978-79,34,NYK,64,1393,15.4,-1.1,0.3,2.5,.085
Earl Monroe,1979-80,35,NYK,51,633,15.3,-1.8,0.0,1.1,.081
Greg Monroe,2010-11,20,DET,80,2222,18.0,0.4,1.4,6.6,.143
Greg Monroe,2011-12,21,DET,66,2082,22.0,2.9,2.6,7.0,.161
Greg Monroe,2012-13,22,DET,81,2687,19.5,1.8,2.6,5.9,.105
Greg Monroe,2013-14,23,DET,82,2690,18.1,0.1,1.4,5.9,.106
Greg Monroe,2014-15,24,DET,69,2137,21.2,2.0,2.1,6.8,.153
Greg Monroe,2015-16,25,MIL,79,2314,21.8,2.1,2.4,7.5,.155
Greg Monroe,2016-17,26,MIL,81,1823,21.1,1.8,1.7,5.6,.147
Greg Monroe,2017-18,27,3TM,51,1040,21.2,2.2,1.1,3.4,.155
Greg Monroe,2017-18,27,MIL,5,79,11.1,-5.6,-0.1,0.0,-0.013
Greg Monroe,2017-18,27,PHO,20,465,21.0,2.1,0.5,1.4,.142
Greg Monroe,2017-18,27,BOS,26,496,23.0,3.6,0.7,2.0,.193
Greg Monroe,2018-19,28,3TM,43,480,16.0,-3.2,-0.1,1.1,.108
Greg Monroe,2018-19,28,TOR,38,423,13.5,-5.0,-0.3,0.6,.071
Greg Monroe,2018-19,28,BOS,2,5,60.2,25.2,0.0,0.1,.534
Greg Monroe,2018-19,28,PHI,3,52,31.7,8.2,0.1,0.4,.370
Greg Monroe,2019-20,,Did not play - other pro league,,,,,,,
Greg Monroe,2020-21,,Did not play - other pro league,,,,,,,
Greg Monroe,2021-22,31,4TM,14,195,19.5,0.4,0.1,0.7,.169
Greg Monroe,2021-22,31,MIN,4,81,18.9,4.5,0.1,0.3,.149
Greg Monroe,2021-22,31,WAS,2,18,25.1,-4.4,0.0,0.1,.135
Greg Monroe,2021-22,31,MIL,5,70,16.0,-4.5,0.0,0.2,.119
Greg Monroe,2021-22,31,UTA,3,26,27.0,4.4,0.0,0.2,.390
Rodney Monroe,1991-92,23,ATL,38,313,8.8,-5.3,-0.3,-0.2,-0.035
Luis Montero,2015-16,22,POR,12,42,-2.7,-15.5,-0.1,-0.2,-0.238
Luis Montero,2016-17,,Did not play - other pro league,,,,,,,
Luis Montero,2017-18,24,DET,2,8,-15.5,-25.6,0.0,-0.1,-0.445
Howie Montgomery,1962-63,22,SFW,20,364,9.9,,,0.1,.018
Eric Montross,1994-95,23,BOS,78,2315,12.1,-3.0,-0.6,4.1,.084
Eric Montross,1995-96,24,BOS,61,1432,10.6,-4.0,-0.7,1.3,.044
Eric Montross,1996-97,25,2TM,78,1828,8.8,-4.8,-1.3,1.4,.036
Eric Montross,1996-97,25,DAL,47,984,6.6,-6.0,-1.0,0.1,.005
Eric Montross,1996-97,25,NJN,31,844,11.3,-3.4,-0.3,1.3,.072
Eric Montross,1997-98,26,2TM,48,691,8.0,-5.4,-0.6,0.7,.049
Eric Montross,1997-98,26,PHI,20,337,6.7,-6.2,-0.4,0.1,.015
Eric Montross,1997-98,26,DET,28,354,9.4,-4.7,-0.2,0.6,.082
Eric Montross,1998-99,27,DET,46,577,9.1,-2.4,-0.1,1.3,.106
Eric Montross,1999-00,28,DET,51,332,0.2,-9.3,-0.6,-0.4,-0.058
Eric Montross,2000-01,29,2TM,54,649,5.4,-6.7,-0.8,0.0,-0.001
Eric Montross,2000-01,29,DET,42,568,5.0,-6.7,-0.7,-0.1,-0.006
Eric Montross,2000-01,29,TOR,12,81,8.1,-6.9,-0.1,0.0,.028
Eric Montross,2001-02,30,TOR,49,655,5.8,-5.6,-0.6,0.2,.015
Moses Moody,2021-22,19,GSW,52,607,10.5,-2.5,-0.1,1.3,.101
Moses Moody,2022-23,20,GSW,63,817,10.3,-2.6,-0.1,1.3,.076
Moses Moody,2023-24,21,GSW,66,1156,13.7,-0.1,0.6,2.4,.101
Moses Moody,2024-25,22,GSW,74,1649,12.4,-0.9,0.5,3.5,.102
Jamario Moon,2007-08,27,TOR,78,2166,15.0,1.9,2.2,5.7,.126
Jamario Moon,2008-09,28,2TM,80,2068,13.3,1.7,1.9,4.9,.114
Jamario Moon,2008-09,28,TOR,54,1379,14.2,2.7,1.6,3.4,.119
Jamario Moon,2008-09,28,MIA,26,689,11.6,-0.2,0.3,1.5,.103
Jamario Moon,2009-10,29,CLE,61,1052,12.6,1.4,0.9,2.9,.131
Jamario Moon,2010-11,30,2TM,59,1042,10.1,-1.1,0.2,1.1,.050
Jamario Moon,2010-11,30,CLE,40,764,10.7,-0.8,0.2,0.7,.043
Jamario Moon,2010-11,30,LAC,19,278,8.4,-1.9,0.0,0.4,.068
Jamario Moon,2011-12,31,CHA,8,123,3.4,-7.3,-0.2,-0.3,-0.100
Xavier Moon,2021-22,27,LAC,10,137,16.2,-0.1,0.1,0.3,.121
Xavier Moon,2022-23,28,LAC,4,20,7.2,-5.1,0.0,0.0,-0.030
Xavier Moon,2023-24,29,LAC,14,119,8.1,-6.1,-0.1,-0.1,-0.026
Jim Mooney,1952-53,22,PHW,18,529,9.5,,,0.2,.019
Matt Mooney,2019-20,23,CLE,4,19,8.1,-0.4,0.0,0.0,.007
Matt Mooney,2020-21,,Did not play - other pro league,,,,,,,
Matt Mooney,2021-22,25,NYK,1,2,-20.0,-22.3,0.0,0.0,-0.915
Andre Moore,1987-88,23,2TM,10,50,12.1,-6.0,-0.1,0.0,-0.013
Andre Moore,1987-88,23,DEN,7,34,15.5,-6.3,0.0,0.0,-0.007
Andre Moore,1987-88,23,MIL,3,16,4.9,-5.3,0.0,0.0,-0.025
Ben Moore,2017-18,22,IND,2,9,-2.3,-9.3,0.0,0.0,.072
E'Twaun Moore,2011-12,22,BOS,38,331,8.8,-2.4,0.0,0.2,.031
E'Twaun Moore,2012-13,23,ORL,75,1682,10.7,-2.3,-0.1,0.2,.006
E'Twaun Moore,2013-14,24,ORL,79,1506,11.1,-1.6,0.2,1.7,.055
E'Twaun Moore,2014-15,25,CHI,56,504,10.3,-1.5,0.1,0.8,.080
E'Twaun Moore,2015-16,26,CHI,59,1263,11.4,-1.9,0.0,1.8,.070
E'Twaun Moore,2016-17,27,NOP,73,1820,12.1,-1.6,0.2,2.7,.070
E'Twaun Moore,2017-18,28,NOP,82,2586,12.1,-1.6,0.3,4.4,.081
E'Twaun Moore,2018-19,29,NOP,53,1463,11.5,-2.3,-0.1,1.7,.055
E'Twaun Moore,2019-20,30,NOP,56,1020,11.3,-2.7,-0.2,0.9,.043
E'Twaun Moore,2020-21,31,PHO,27,389,10.4,-2.9,-0.1,0.4,.049
Gene Moore,1968-69,23,KEN,76,2026,18.8,,,5.0,.119
Gene Moore,1969-70,24,KEN,83,2613,17.4,,,5.7,.105
Gene Moore,1970-71,25,TEX,84,2243,14.9,,,4.5,.095
Gene Moore,1971-72,26,2TM,77,1412,12.0,,,1.9,.064
Gene Moore,1971-72,26,DLC,9,263,9.4,,,0.2,.030
Gene Moore,1971-72,26,NYA,68,1149,12.6,,,1.7,.072
Gene Moore,1972-73,27,SDA,83,2481,15.3,,,6.8,.132
Gene Moore,1973-74,28,SDA,49,897,13.1,-2.4,-0.1,0.8,.045
Gene Moore,1974-75,29,SSL,13,108,11.4,-3.4,0.0,0.0,.014
Jackie Moore,1954-55,22,3TM,22,371,9.7,,,0.3,.034
Jackie Moore,1954-55,22,SYR,1,5,-3.2,,,0.0,-0.097
Jackie Moore,1954-55,22,MLH,1,13,0.1,,,-0.1,-0.404
Jackie Moore,1954-55,22,PHW,20,353,10.2,,,0.4,.051
Jackie Moore,1955-56,23,PHW,54,402,10.2,,,0.5,.054
Jackie Moore,1956-57,24,PHW,57,400,11.7,,,0.9,.103
Johnny Moore,1979-80,,Did not play - waived,,,,,,,
Johnny Moore,1980-81,22,SAS,82,1578,15.8,1.2,1.3,3.2,.099
Johnny Moore,1981-82,23,SAS,79,2294,17.0,2.5,2.6,5.8,.122
Johnny Moore,1982-83,24,SAS,77,2552,17.5,3.0,3.2,6.6,.123
Johnny Moore,1983-84,25,SAS,59,1650,17.5,3.1,2.1,3.8,.110
Johnny Moore,1984-85,26,SAS,82,2689,18.3,3.7,3.9,7.2,.128
Johnny Moore,1985-86,27,SAS,28,856,18.3,4.0,1.3,2.1,.119
Johnny Moore,1986-87,28,SAS,55,1234,13.4,-1.7,0.1,1.2,.048
Johnny Moore,1987-88,29,2TM,5,61,5.9,-6.0,-0.1,-0.1,-0.077
Johnny Moore,1987-88,29,SAS,4,51,9.0,-2.8,0.0,0.0,-0.009
Johnny Moore,1987-88,29,NJN,1,10,-9.8,-22.7,-0.1,-0.1,-0.428
Johnny Moore,1988-89,,Did not play - other pro league,,,,,,,
Johnny Moore,1989-90,31,SAS,53,516,8.1,-2.7,-0.1,0.3,.029
Larry Moore,1967-68,25,ANA,12,78,-0.3,,,-0.2,-0.116
Lowes Moore,1980-81,23,NJN,71,1406,11.1,-2.1,0.0,1.1,.037
Lowes Moore,1981-82,24,CLE,4,70,21.5,-0.3,0.1,0.2,.152
Lowes Moore,1982-83,25,SDC,37,642,8.8,-4.3,-0.4,0.2,.017
Mikki Moore,1998-99,23,DET,2,6,35.7,18.2,0.0,0.1,.527
Mikki Moore,1999-00,24,DET,29,488,19.6,0.7,0.3,2.2,.218
Mikki Moore,2000-01,25,DET,81,1154,12.9,-2.6,-0.2,2.8,.116
Mikki Moore,2001-02,26,DET,30,217,14.9,-1.3,0.0,0.6,.133
Mikki Moore,2002-03,27,2TM,8,43,17.9,-1.8,0.0,0.1,.157
Mikki Moore,2002-03,27,BOS,3,12,-3.1,-13.0,0.0,0.0,.018
Mikki Moore,2002-03,27,ATL,5,31,26.1,2.5,0.0,0.1,.211
Mikki Moore,2003-04,28,2TM,32,395,13.3,-1.0,0.1,1.0,.122
Mikki Moore,2003-04,28,NJN,4,10,-3.5,-17.5,0.0,0.0,-0.202
Mikki Moore,2003-04,28,UTA,28,385,13.7,-0.6,0.1,1.0,.131
Mikki Moore,2004-05,29,LAC,74,1178,12.7,-2.4,-0.1,2.6,.106
Mikki Moore,2005-06,30,SEA,47,583,8.6,-5.5,-0.5,0.1,.006
Mikki Moore,2006-07,31,NJN,79,2082,14.8,-1.2,0.4,5.7,.131
Mikki Moore,2007-08,32,SAC,82,2385,11.5,-2.4,-0.3,4.6,.092
Mikki Moore,2008-09,33,2TM,70,1202,8.9,-3.5,-0.5,2.1,.083
Mikki Moore,2008-09,33,SAC,46,746,8.6,-3.9,-0.3,0.8,.052
Mikki Moore,2008-09,33,BOS,24,456,9.3,-3.0,-0.1,1.3,.135
Mikki Moore,2009-10,34,GSW,23,406,11.2,-1.9,0.0,0.6,.071
Mikki Moore,2010-11,,Did not play - waived,,,,,,,
Mikki Moore,2011-12,36,GSW,7,118,6.3,-6.9,-0.1,0.1,.022
Otto Moore,1968-69,22,DET,74,1605,11.7,,,0.9,.027
Otto Moore,1969-70,23,DET,81,2523,14.3,,,3.5,.067
Otto Moore,1970-71,24,DET,82,1926,14.0,,,2.4,.060
Otto Moore,1971-72,25,PHO,81,1624,12.1,,,2.3,.067
Otto Moore,1972-73,26,HOU,82,2712,13.5,,,4.7,.083
Otto Moore,1973-74,27,2TM,78,946,13.7,0.5,0.6,1.8,.093
Otto Moore,1973-74,27,HOU,13,313,10.4,-0.5,0.1,0.4,.061
Otto Moore,1973-74,27,KCO,65,633,15.4,1.0,0.5,1.4,.109
Otto Moore,1974-75,28,2TM,42,1066,11.5,-1.7,0.1,1.3,.056
Otto Moore,1974-75,28,DET,2,11,5.4,-4.8,0.0,0.0,-0.138
Otto Moore,1974-75,28,NOJ,40,1055,11.5,-1.7,0.1,1.3,.058
Otto Moore,1975-76,29,NOJ,81,2407,14.2,1.6,2.2,5.0,.099
Otto Moore,1976-77,30,NOJ,81,2084,11.5,0.0,1.1,2.9,.067
Otto Moore,1977-78,,Did not play - other pro league,,,,,,,
Richie Moore,1967-68,,DNR,18,211,3.0,,,0.0,.010
Ron Moore,1987-88,26,2TM,14,59,2.0,-12.5,-0.2,-0.1,-0.074
Ron Moore,1987-88,26,DET,9,25,-1.0,-13.4,-0.1,-0.1,-0.165
Ron Moore,1987-88,26,PHO,5,34,4.3,-11.9,-0.1,0.0,-0.008
Taze Moore,2023-24,25,POR,4,40,11.8,-3.1,0.0,0.0,-0.017
Taze Moore,2024-25,26,POR,2,20,7.1,-4.3,0.0,-0.1,-0.150
Tracy Moore,1991-92,26,DAL,42,782,11.6,-2.6,-0.1,0.6,.039
Tracy Moore,1992-93,27,DAL,39,510,14.8,-0.2,0.2,0.5,.046
Tracy Moore,1993-94,28,DET,3,10,33.0,16.8,0.0,0.1,.395
Tracy Moore,1994-95,,Did not play - other pro league,,,,,,,
Tracy Moore,1995-96,30,HOU,8,190,12.4,-4.4,-0.1,0.3,.076
Tracy Moore,1996-97,31,HOU,27,237,11.4,-2.9,-0.1,0.3,.066
Wendell Moore Jr.,2022-23,21,MIN,29,153,9.3,-2.4,0.0,0.1,.028
Wendell Moore Jr.,2023-24,22,MIN,25,75,8.6,-2.8,0.0,0.1,.052
Wendell Moore Jr.,2024-25,23,2TM,36,499,11.0,-2.7,-0.1,0.7,.063
Wendell Moore Jr.,2024-25,23,DET,20,219,12.4,0.0,0.1,0.5,.115
Wendell Moore Jr.,2024-25,23,CHO,16,280,10.0,-4.7,-0.2,0.1,.023
Ja Morant,2019-20,20,MEM,67,2074,17.4,0.3,1.2,3.8,.088
Ja Morant,2020-21,21,MEM,63,2053,16.7,-0.4,0.8,3.2,.074
Ja Morant,2021-22,22,MEM,57,1889,24.4,6.1,3.9,6.7,.171
Ja Morant,2022-23,23,MEM,61,1948,23.3,5.7,3.8,6.0,.148
Ja Morant,2023-24,24,MEM,9,318,20.6,3.1,0.4,0.8,.124
Ja Morant,2024-25,25,MEM,50,1519,19.3,2.4,1.7,3.5,.112
Eric Moreland,2014-15,23,SAC,3,2,40.8,17.2,0.0,0.0,.431
Eric Moreland,2015-16,24,SAC,8,48,7.4,-4.5,0.0,0.0,.012
Eric Moreland,2016-17,,Did not play - other pro league,,,,,,,
Eric Moreland,2017-18,26,DET,67,805,13.9,0.5,0.5,2.3,.135
Eric Moreland,2018-19,27,2TM,5,43,6.7,-4.7,0.0,0.0,.032
Eric Moreland,2018-19,27,PHO,1,5,3.9,-6.1,0.0,0.0,.077
Eric Moreland,2018-19,27,TOR,4,38,7.1,-4.5,0.0,0.0,.026
Jackie Moreland,1960-61,22,DET,64,1003,11.7,,,0.5,.026
Jackie Moreland,1961-62,23,DET,74,1219,14.7,,,2.6,.101
Jackie Moreland,1962-63,24,DET,78,1516,13.9,,,2.5,.078
Jackie Moreland,1963-64,25,DET,78,1780,12.1,,,2.3,.062
Jackie Moreland,1964-65,26,DET,54,732,9.5,,,0.1,.006
Jackie Moreland,1965-66,,Did not play - retired,,,,,,,
Jackie Moreland,1966-67,,Did not play - retired,,,,,,,
Jackie Moreland,1967-68,29,NOB,76,2332,16.4,,,5.3,.108
Jackie Moreland,1968-69,30,NOB,78,2714,13.5,,,3.6,.063
Jackie Moreland,1969-70,31,NOB,80,2321,9.7,,,2.3,.048
Guy Morgan,1982-83,22,IND,8,46,9.9,-4.6,0.0,-0.1,-0.059
Juwan Morgan,2019-20,22,UTA,21,134,10.1,-3.2,0.0,0.3,.106
Juwan Morgan,2020-21,23,UTA,29,147,8.5,-2.3,0.0,0.3,.105
Juwan Morgan,2021-22,24,2TM,2,31,8.3,-7.1,0.0,0.1,.124
Juwan Morgan,2021-22,24,TOR,1,27,9.5,-7.3,0.0,0.1,.139
Juwan Morgan,2021-22,24,BOS,1,4,0.0,-6.0,0.0,0.0,.024
Rex Morgan,1970-71,22,BOS,34,266,10.7,,,0.4,.074
Rex Morgan,1971-72,23,BOS,28,150,8.7,,,0.1,.045
Elmore Morgenthaler,1946-47,24,PRO,11,,,,,0.2,
Elmore Morgenthaler,1947-48,,Did not play - other pro league,,,,,,,
Elmore Morgenthaler,1948-49,26,PHW,20,,,,,0.5,
Darren Morningstar,1992-93,,Did not play - other pro league,,,,,,,
Darren Morningstar,1993-94,24,2TM,23,367,8.9,-4.5,-0.2,0.4,.048
Darren Morningstar,1993-94,24,DAL,22,363,8.8,-4.6,-0.2,0.3,.045
Darren Morningstar,1993-94,24,UTA,1,4,19.4,0.9,0.0,0.0,.247
Chris Morris,1988-89,23,NJN,76,2096,15.0,-0.3,0.9,2.8,.064
Chris Morris,1989-90,24,NJN,80,2449,14.8,0.6,1.6,3.2,.062
Chris Morris,1990-91,25,NJN,79,2553,14.7,1.0,1.9,4.5,.085
Chris Morris,1991-92,26,NJN,77,2394,14.4,0.8,1.7,4.7,.094
Chris Morris,1992-93,27,NJN,77,2302,17.8,3.1,2.9,7.2,.151
Chris Morris,1993-94,28,NJN,50,1349,15.4,2.3,1.5,3.8,.137
Chris Morris,1994-95,29,NJN,71,2131,15.5,1.4,1.8,4.0,.090
Chris Morris,1995-96,30,UTA,66,1424,15.8,0.8,1.0,3.3,.112
Chris Morris,1996-97,31,UTA,73,977,9.7,-2.6,-0.2,1.2,.059
Chris Morris,1997-98,32,UTA,54,538,14.7,-1.2,0.1,1.0,.092
Chris Morris,1998-99,33,PHO,44,535,15.3,0.1,0.3,1.6,.142
Darius Morris,2011-12,21,LAL,19,169,5.2,-7.8,-0.2,-0.2,-0.045
Darius Morris,2012-13,22,LAL,48,683,8.1,-4.2,-0.4,0.2,.016
Darius Morris,2013-14,23,3TM,27,313,9.2,-4.5,-0.2,0.0,.006
Darius Morris,2013-14,23,PHI,12,193,11.9,-3.9,-0.1,0.1,.027
Darius Morris,2013-14,23,LAC,10,54,1.5,-9.1,-0.1,0.0,-0.041
Darius Morris,2013-14,23,MEM,5,66,7.9,-2.5,0.0,0.0,-0.016
Darius Morris,2014-15,24,BRK,38,299,6.7,-6.4,-0.3,-0.4,-0.068
Isaiah Morris,1992-93,23,DET,25,102,10.6,-5.7,-0.1,0.0,-0.022
Jaylen Morris,2017-18,22,ATL,6,98,6.5,-5.4,-0.1,-0.1,-0.053
Jaylen Morris,2018-19,23,MIL,4,29,12.2,-0.4,0.0,0.1,.084
Jaylen Morris,2019-20,,Did not play - other pro league,,,,,,,
Jaylen Morris,2020-21,,Did not play - other pro league,,,,,,,
Jaylen Morris,2021-22,26,SAS,3,16,-11.4,-21.5,-0.1,-0.1,-0.376
Marcus Morris,2011-12,22,HOU,17,126,3.8,-9.3,-0.2,-0.2,-0.083
Marcus Morris,2012-13,23,2TM,77,1524,11.3,-2.0,0.0,1.8,.058
Marcus Morris,2012-13,23,HOU,54,1154,12.1,-1.2,0.2,2.0,.084
Marcus Morris,2012-13,23,PHO,23,370,8.6,-4.4,-0.2,-0.2,-0.022
Marcus Morris,2013-14,24,PHO,82,1800,14.8,0.5,1.1,4.2,.111
Marcus Morris,2014-15,25,PHO,81,2045,13.7,0.1,1.1,4.0,.093
Marcus Morris,2015-16,26,DET,80,2856,12.7,-0.2,1.3,5.4,.091
Marcus Morris,2016-17,27,DET,79,2565,12.4,-1.1,0.6,3.9,.072
Marcus Morris,2017-18,28,BOS,54,1442,14.5,-0.1,0.7,3.2,.108
Marcus Morris,2018-19,29,BOS,75,2091,14.2,-0.9,0.6,4.5,.104
Marcus Morris,2019-20,30,2TM,62,1936,14.3,-0.1,0.9,3.6,.088
Marcus Morris,2019-20,30,NYK,43,1387,16.5,0.7,0.9,2.9,.101
Marcus Morris,2019-20,30,LAC,19,549,8.9,-2.2,0.0,0.6,.055
Marcus Morris,2020-21,31,LAC,57,1502,14.5,0.0,0.8,3.6,.115
Marcus Morris,2021-22,32,LAC,54,1564,13.7,-1.4,0.3,2.4,.074
Marcus Morris,2022-23,33,LAC,65,1825,10.5,-1.9,0.0,2.0,.053
Marcus Morris,2023-24,34,2TM,49,817,9.9,-3.8,-0.4,1.0,.060
Marcus Morris,2023-24,34,PHI,37,637,10.5,-3.4,-0.2,1.0,.073
Marcus Morris,2023-24,34,CLE,12,180,8.0,-5.1,-0.1,0.1,.015
Markieff Morris,2011-12,22,PHO,63,1227,12.1,-2.1,0.0,1.5,.059
Markieff Morris,2012-13,23,PHO,82,1837,12.6,-1.9,0.0,1.7,.044
Markieff Morris,2013-14,24,PHO,81,2153,18.4,1.0,1.6,6.4,.143
Markieff Morris,2014-15,25,PHO,82,2581,15.8,-0.3,1.1,4.6,.085
Markieff Morris,2015-16,26,2TM,64,1629,12.2,-2.4,-0.2,0.5,.015
Markieff Morris,2015-16,26,PHO,37,917,10.8,-3.7,-0.4,-0.5,-0.029
Markieff Morris,2015-16,26,WAS,27,712,14.0,-0.9,0.2,1.1,.072
Markieff Morris,2016-17,27,WAS,76,2374,13.7,-1.5,0.3,4.1,.083
Markieff Morris,2017-18,28,WAS,73,1968,13.2,-1.3,0.4,3.3,.080
Markieff Morris,2018-19,29,2TM,58,1270,11.7,-2.7,-0.2,1.6,.061
Markieff Morris,2018-19,29,WAS,34,883,12.3,-2.7,-0.2,0.9,.051
Markieff Morris,2018-19,29,OKC,24,387,10.4,-2.8,-0.1,0.7,.083
Markieff Morris,2019-20,30,2TM,58,1187,12.5,-2.0,0.0,1.4,.058
Markieff Morris,2019-20,30,DET,44,988,12.7,-2.1,0.0,1.0,.049
Markieff Morris,2019-20,30,LAL,14,199,11.5,-1.4,0.0,0.4,.106
Markieff Morris,2020-21,31,LAL,61,1200,9.3,-2.6,-0.2,1.6,.062
Markieff Morris,2021-22,32,MIA,17,298,10.9,-1.9,0.0,0.3,.054
Markieff Morris,2022-23,33,2TM,35,355,10.4,-2.7,-0.1,0.4,.059
Markieff Morris,2022-23,33,BRK,27,285,10.7,-1.9,0.0,0.4,.074
Markieff Morris,2022-23,33,DAL,8,70,9.1,-5.8,-0.1,0.0,.002
Markieff Morris,2023-24,34,DAL,26,216,6.6,-5.3,-0.2,-0.1,-0.014
Markieff Morris,2024-25,35,2TM,15,165,6.0,-7.6,-0.2,-0.2,-0.044
Markieff Morris,2024-25,35,DAL,7,41,0.0,-13.1,-0.1,-0.2,-0.225
Markieff Morris,2024-25,35,LAL,8,124,7.9,-5.8,-0.1,0.0,.016
Max Morris,1949-50,24,SHE,62,,,,,4.1,
Monte Morris,2017-18,22,DEN,3,25,27.1,9.4,0.1,0.2,.312
Monte Morris,2018-19,23,DEN,82,1970,16.2,1.5,1.7,6.2,.151
Monte Morris,2019-20,24,DEN,73,1636,14.9,-0.2,0.7,3.8,.112
Monte Morris,2020-21,25,DEN,47,1196,14.0,-0.3,0.5,2.9,.115
Monte Morris,2021-22,26,DEN,75,2239,14.7,0.0,1.1,5.4,.116
Monte Morris,2022-23,27,WAS,62,1695,15.0,0.5,1.1,4.2,.120
Monte Morris,2023-24,28,2TM,33,476,13.2,0.7,0.3,1.2,.123
Monte Morris,2023-24,28,DET,6,68,8.5,-6.9,-0.1,-0.1,-0.065
Monte Morris,2023-24,28,MIN,27,408,13.9,2.0,0.4,1.3,.154
Monte Morris,2024-25,29,PHO,45,571,13.1,-1.8,0.0,0.8,.064
Randolph Morris,2006-07,21,NYK,5,44,1.5,-6.6,0.0,-0.1,-0.083
Randolph Morris,2007-08,22,NYK,18,181,4.3,-11.6,-0.4,-0.2,-0.061
Randolph Morris,2008-09,23,ATL,23,89,1.8,-10.5,-0.2,0.0,-0.013
Randolph Morris,2009-10,24,ATL,28,124,14.6,-6.0,-0.1,0.3,.108
Terence Morris,2001-02,23,HOU,68,1110,9.5,-3.3,-0.4,0.2,.009
Terence Morris,2002-03,24,HOU,49,632,11.9,-1.3,0.1,0.9,.070
Terence Morris,2003-04,,Did not play - other pro league,,,,,,,
Terence Morris,2004-05,,Did not play - other pro league,,,,,,,
Terence Morris,2005-06,27,ORL,22,192,5.1,-4.4,-0.1,-0.1,-0.031
Adam Morrison,2006-07,22,CHA,78,2326,7.9,-5.1,-1.8,-1.5,-0.030
Adam Morrison,2007-08,,Did not play - injury,,,,,,,
Adam Morrison,2008-09,24,2TM,52,711,5.7,-4.8,-0.5,0.0,.001
Adam Morrison,2008-09,24,CHA,44,667,5.8,-4.5,-0.4,0.1,.004
Adam Morrison,2008-09,24,LAL,8,44,2.9,-9.2,-0.1,0.0,-0.045
Adam Morrison,2009-10,25,LAL,31,241,7.4,-4.7,-0.2,0.0,.009
Adam Morrison,2010-11,,Did not play - other pro league,,,,,,,
John Morrison,1967-68,22,DNR,9,76,0.1,,,-0.1,-0.058
Mike Morrison,1989-90,22,PHO,36,153,4.2,-10.5,-0.3,-0.3,-0.106
Red Morrison,1954-55,22,BOS,71,1227,11.8,,,1.7,.068
Red Morrison,1955-56,23,BOS,71,910,9.6,,,0.5,.024
Red Morrison,1956-57,,Did not play - retired,,,,,,,
Red Morrison,1957-58,25,STL,13,79,6.9,,,0.0,-0.001
Anthony Morrow,2008-09,23,GSW,67,1515,14.7,-0.2,0.7,3.0,.096
Anthony Morrow,2009-10,24,GSW,69,2018,14.0,-0.4,0.8,3.5,.084
Anthony Morrow,2010-11,25,NJN,58,1856,12.1,-1.0,0.5,3.0,.078
Anthony Morrow,2011-12,26,NJN,62,1636,13.1,-1.9,0.0,1.7,.051
Anthony Morrow,2012-13,27,2TM,41,383,12.0,-1.8,0.0,0.7,.084
Anthony Morrow,2012-13,27,ATL,24,301,12.3,-0.8,0.1,0.6,.100
Anthony Morrow,2012-13,27,DAL,17,82,10.9,-5.7,-0.1,0.0,.028
Anthony Morrow,2013-14,28,NOP,76,1426,13.9,-0.9,0.4,2.4,.081
Anthony Morrow,2014-15,29,OKC,74,1806,14.8,1.8,1.7,5.7,.151
Anthony Morrow,2015-16,30,OKC,68,926,10.7,-1.1,0.2,1.9,.097
Anthony Morrow,2016-17,31,2TM,49,714,10.1,-2.3,0.0,1.2,.083
Anthony Morrow,2016-17,31,OKC,40,627,9.2,-2.8,-0.1,0.9,.069
Anthony Morrow,2016-17,31,CHI,9,87,16.0,1.5,0.1,0.3,.190
Dwayne Morton,1994-95,23,GSW,41,395,11.0,-3.5,-0.1,0.2,.025
John Morton,1989-90,22,CLE,37,402,5.9,-7.7,-0.6,-0.9,-0.109
John Morton,1990-91,23,CLE,66,1207,12.2,-1.2,0.2,1.5,.058
John Morton,1991-92,24,2TM,25,270,9.7,-4.1,-0.1,-0.1,-0.009
John Morton,1991-92,24,CLE,4,54,6.7,-4.7,0.0,0.0,-0.006
John Morton,1991-92,24,MIA,21,216,10.5,-4.0,-0.1,0.0,-0.010
Richard Morton,1988-89,22,IND,2,11,12.9,-2.7,0.0,0.0,.067
Glenn Mosley,1977-78,22,PHI,6,21,0.6,-5.9,-0.1,-0.1,-0.228
Glenn Mosley,1978-79,23,SAS,26,221,12.2,-2.6,0.0,0.3,.068
Perry Moss,1982-83,,Did not play - other pro league,,,,,,,
Perry Moss,1983-84,,Did not play - other pro league,,,,,,,
Perry Moss,1984-85,,Did not play - other pro league,,,,,,,
Perry Moss,1985-86,27,2TM,72,1012,8.5,-2.7,-0.2,0.5,.026
Perry Moss,1985-86,27,WSB,12,160,8.2,-3.6,-0.1,0.0,-0.014
Perry Moss,1985-86,27,PHI,60,852,8.6,-2.5,-0.1,0.6,.033
Perry Moss,1986-87,28,GSW,64,698,10.2,-2.5,-0.1,0.4,.025
Lawrence Moten,1995-96,23,VAN,44,573,15.7,0.6,0.4,0.6,.047
Lawrence Moten,1996-97,24,VAN,67,1214,11.4,-3.0,-0.3,-0.4,-0.017
Lawrence Moten,1997-98,25,WAS,8,27,-0.2,-14.7,-0.1,-0.1,-0.134
Donatas Motiejūnas,2011-12,,Did not play - other pro league,,,,,,,
Donatas Motiejūnas,2012-13,22,HOU,44,538,12.2,-3.5,-0.2,0.7,.061
Donatas Motiejūnas,2013-14,23,HOU,62,952,10.7,-3.8,-0.4,1.4,.069
Donatas Motiejūnas,2014-15,24,HOU,71,2037,14.4,-0.5,0.8,4.7,.110
Donatas Motiejūnas,2015-16,25,HOU,37,547,11.3,-4.5,-0.3,0.3,.027
Donatas Motiejūnas,2016-17,26,NOP,34,479,9.1,-4.3,-0.3,0.2,.016
Donatas Motiejūnas,2017-18,,Did not play - other pro league,,,,,,,
Donatas Motiejūnas,2018-19,28,SAS,3,13,-0.5,-21.7,-0.1,-0.1,-0.246
Johnathan Motley,2017-18,22,DAL,11,176,17.2,-3.3,-0.1,0.3,.084
Johnathan Motley,2018-19,23,LAC,22,156,18.9,-1.9,0.0,0.3,.092
Johnathan Motley,2019-20,24,LAC,13,41,28.5,8.1,0.1,0.3,.299
Hanno Möttölä,2000-01,24,ATL,73,989,7.5,-6.6,-1.1,0.4,.018
Hanno Möttölä,2001-02,25,ATL,82,1371,8.4,-5.4,-1.2,0.5,.019
Arnett Moultrie,2012-13,22,PHI,47,542,16.7,-1.2,0.1,1.7,.149
Arnett Moultrie,2013-14,23,PHI,12,187,6.7,-7.3,-0.3,0.0,.007
Rick Mount,1970-71,24,INA,66,832,10.5,,,0.7,.039
Rick Mount,1971-72,25,INA,78,2126,14.4,,,4.6,.104
Rick Mount,1972-73,26,KEN,61,1780,14.4,,,3.5,.094
Rick Mount,1973-74,27,2TM,52,753,15.0,-1.5,0.1,1.1,.073
Rick Mount,1973-74,27,KEN,18,276,7.5,-6.0,-0.3,-0.1,-0.017
Rick Mount,1973-74,27,UTS,34,477,19.3,1.1,0.4,1.2,.125
Rick Mount,1974-75,28,MMS,26,895,13.3,-2.2,0.0,0.6,.032
Alonzo Mourning,1992-93,22,CHH,78,2644,20.8,0.9,1.9,8.2,.148
Alonzo Mourning,1993-94,23,CHH,60,2018,21.7,1.4,1.7,6.3,.151
Alonzo Mourning,1994-95,24,CHH,77,2941,20.1,1.1,2.3,9.4,.153
Alonzo Mourning,1995-96,25,MIA,70,2671,22.7,4.2,4.2,9.9,.178
Alonzo Mourning,1996-97,26,MIA,66,2320,21.6,2.9,2.9,8.4,.174
Alonzo Mourning,1997-98,27,MIA,58,1939,22.4,2.5,2.2,7.5,.185
Alonzo Mourning,1998-99,28,MIA,46,1753,24.6,4.7,3.0,7.9,.216
Alonzo Mourning,1999-00,29,MIA,79,2748,25.8,5.3,5.0,12.9,.226
Alonzo Mourning,2000-01,30,MIA,13,306,24.6,2.9,0.4,0.9,.148
Alonzo Mourning,2001-02,31,MIA,75,2455,18.9,1.3,2.0,7.4,.145
Alonzo Mourning,2002-03,,Did not play - illness,,,,,,,
Alonzo Mourning,2003-04,33,NJN,12,215,13.3,-1.4,0.0,0.6,.140
Alonzo Mourning,2004-05,34,2TM,37,702,15.4,-0.1,0.3,1.2,.080
Alonzo Mourning,2004-05,34,NJN,18,457,13.5,-1.7,0.0,0.3,.030
Alonzo Mourning,2004-05,34,MIA,19,245,18.9,2.7,0.3,0.9,.173
Alonzo Mourning,2005-06,35,MIA,65,1302,19.4,1.8,1.2,4.8,.176
Alonzo Mourning,2006-07,36,MIA,77,1572,16.7,-1.9,0.0,3.5,.107
Alonzo Mourning,2007-08,37,MIA,25,389,16.2,-1.5,0.1,0.8,.098
Timofey Mozgov,2008-09,,Did not play - other pro league,,,,,,,
Timofey Mozgov,2009-10,,Did not play - other pro league,,,,,,,
Timofey Mozgov,2010-11,24,2TM,45,524,10.8,-4.7,-0.3,0.6,.053
Timofey Mozgov,2010-11,24,NYK,34,458,10.3,-4.8,-0.3,0.4,.044
Timofey Mozgov,2010-11,24,DEN,11,66,14.4,-3.5,0.0,0.2,.112
Timofey Mozgov,2011-12,25,DEN,44,687,13.2,-2.5,-0.1,1.1,.074
Timofey Mozgov,2012-13,26,DEN,41,366,12.3,-3.7,-0.2,0.7,.096
Timofey Mozgov,2013-14,27,DEN,82,1770,16.7,-0.8,0.5,4.5,.123
Timofey Mozgov,2014-15,28,2TM,81,2045,16.6,-0.7,0.7,5.7,.133
Timofey Mozgov,2014-15,28,DEN,35,897,13.8,-1.9,0.0,1.8,.096
Timofey Mozgov,2014-15,28,CLE,46,1148,18.7,0.3,0.7,3.9,.161
Timofey Mozgov,2015-16,29,CLE,76,1326,14.6,-1.4,0.2,3.7,.133
Timofey Mozgov,2016-17,30,LAL,54,1104,12.3,-4.3,-0.7,1.1,.048
Timofey Mozgov,2017-18,31,BRK,31,359,12.3,-3.9,-0.2,0.4,.055
Chuck Mrazovich,1950-51,26,INO,25,,,,,0.4,
Emmanuel Mudiay,2015-16,19,DEN,68,2068,9.9,-4.2,-1.2,-2.1,-0.049
Emmanuel Mudiay,2016-17,20,DEN,55,1406,10.9,-3.2,-0.4,0.2,.006
Emmanuel Mudiay,2017-18,21,2TM,64,1245,11.5,-3.9,-0.6,0.0,-0.002
Emmanuel Mudiay,2017-18,21,DEN,42,752,12.3,-3.5,-0.3,0.3,.019
Emmanuel Mudiay,2017-18,21,NYK,22,493,10.2,-4.6,-0.3,-0.3,-0.034
Emmanuel Mudiay,2018-19,22,NYK,59,1607,14.6,-2.0,0.0,0.8,.023
Emmanuel Mudiay,2019-20,23,UTA,54,850,13.0,-1.9,0.0,1.0,.057
Emmanuel Mudiay,2020-21,,Did not play - unsigned,,,,,,,
Emmanuel Mudiay,2021-22,25,SAC,2,11,12.3,-1.2,0.0,0.0,.023
Erwin Mueller,1966-67,22,CHI,80,2136,13.3,,,3.5,.078
Erwin Mueller,1967-68,23,2TM,74,1788,10.9,,,2.5,.066
Erwin Mueller,1967-68,23,CHI,35,815,9.4,,,0.3,.019
Erwin Mueller,1967-68,23,LAL,39,973,12.2,,,2.1,.106
Erwin Mueller,1968-69,24,2TM,78,1355,10.7,,,0.9,.031
Erwin Mueller,1968-69,24,CHI,52,872,9.3,,,0.3,.017
Erwin Mueller,1968-69,24,SEA,26,483,13.0,,,0.6,.055
Erwin Mueller,1969-70,25,2TM,78,2353,12.2,,,3.2,.064
Erwin Mueller,1969-70,25,SEA,4,69,10.2,,,-0.1,-0.045
Erwin Mueller,1969-70,25,DET,74,2284,12.2,,,3.2,.068
Erwin Mueller,1970-71,26,DET,52,1224,9.1,,,0.6,.024
Erwin Mueller,1971-72,27,DET,42,605,9.1,,,-0.8,-0.064
Erwin Mueller,1972-73,28,2TM,38,285,3.5,,,-0.5,-0.080
Erwin Mueller,1972-73,28,DET,21,80,5.2,,,-0.2,-0.103
Erwin Mueller,1972-73,28,VIR,17,205,2.8,,,-0.3,-0.071
Erwin Mueller,1973-74,29,MMT,3,20,-10.3,-6.0,-0.1,-0.1,-0.335
Shabazz Muhammad,2013-14,21,MIN,37,290,13.1,-4.5,-0.2,0.3,.053
Shabazz Muhammad,2014-15,22,MIN,38,866,19.9,0.7,0.6,2.0,.110
Shabazz Muhammad,2015-16,23,MIN,82,1682,15.2,-2.5,-0.2,2.7,.077
Shabazz Muhammad,2016-17,24,MIN,78,1516,14.9,-2.4,-0.1,2.7,.086
Shabazz Muhammad,2017-18,25,2TM,43,418,15.4,-2.5,-0.1,0.7,.081
Shabazz Muhammad,2017-18,25,MIN,32,301,9.3,-5.9,-0.3,0.0,.008
Shabazz Muhammad,2017-18,25,MIL,11,117,31.0,6.0,0.2,0.7,.271
Mychal Mulder,2019-20,25,GSW,7,204,7.8,-6.0,-0.2,0.1,.017
Mychal Mulder,2020-21,26,GSW,60,766,10.8,-1.8,0.0,1.2,.075
Mychal Mulder,2021-22,27,2TM,17,239,3.7,-7.7,-0.3,-0.2,-0.050
Mychal Mulder,2021-22,27,ORL,15,195,2.1,-8.6,-0.3,-0.4,-0.091
Mychal Mulder,2021-22,27,MIA,2,44,10.7,-3.9,0.0,0.1,.132
Joe Mullaney,1949-50,25,BOS,37,,,,,-0.6,
Bob Mullens,1946-47,24,2TM,54,,,,,2.1,
Bob Mullens,1946-47,24,NYK,26,,,,,0.7,
Bob Mullens,1946-47,24,TRH,28,,,,,1.3,
Byron Mullens,2009-10,20,OKC,13,54,0.7,-11.8,-0.1,-0.1,-0.077
Byron Mullens,2010-11,21,OKC,13,85,3.5,-11.7,-0.2,-0.2,-0.113
Byron Mullens,2011-12,22,CHA,65,1465,13.0,-4.6,-1.0,0.2,.007
Byron Mullens,2012-13,23,CHA,53,1428,12.3,-3.4,-0.5,0.1,.005
Byron Mullens,2013-14,24,2TM,45,414,12.8,-1.7,0.0,0.5,.057
Byron Mullens,2013-14,24,LAC,27,167,7.8,-4.5,-0.1,0.0,.012
Byron Mullens,2013-14,24,PHI,18,247,16.1,0.2,0.1,0.4,.087
Chris Mullin,1985-86,22,GSW,55,1391,16.0,0.3,0.8,2.9,.100
Chris Mullin,1986-87,23,GSW,82,2377,15.8,0.7,1.6,5.2,.104
Chris Mullin,1987-88,24,GSW,60,2033,19.8,3.2,2.7,5.1,.121
Chris Mullin,1988-89,25,GSW,82,3093,21.9,4.0,4.7,10.6,.165
Chris Mullin,1989-90,26,GSW,78,2830,22.7,5.0,5.0,10.2,.174
Chris Mullin,1990-91,27,GSW,82,3315,21.4,4.7,5.6,12.2,.176
Chris Mullin,1991-92,28,GSW,81,3346,19.9,3.7,4.8,10.8,.155
Chris Mullin,1992-93,29,GSW,46,1902,19.0,3.3,2.5,4.9,.122
Chris Mullin,1993-94,30,GSW,62,2324,15.8,1.1,1.8,4.7,.097
Chris Mullin,1994-95,31,GSW,25,890,17.7,2.1,0.9,1.7,.093
Chris Mullin,1995-96,32,GSW,55,1617,16.7,2.1,1.7,4.0,.117
Chris Mullin,1996-97,33,GSW,79,2733,17.6,2.8,3.3,7.1,.124
Chris Mullin,1997-98,34,IND,82,2177,16.9,4.3,3.5,7.6,.168
Chris Mullin,1998-99,35,IND,50,1179,18.1,4.5,1.9,4.1,.167
Chris Mullin,1999-00,36,IND,47,582,15.4,3.4,0.8,1.7,.142
Chris Mullin,2000-01,37,GSW,20,374,10.0,-2.0,0.0,0.3,.034
Jeff Mullins,1964-65,22,STL,44,492,13.2,,,0.8,.079
Jeff Mullins,1965-66,23,STL,44,587,9.9,,,-0.3,-0.021
Jeff Mullins,1966-67,24,SFW,77,1835,15.8,,,4.5,.119
Jeff Mullins,1967-68,25,SFW,79,2805,15.1,,,5.7,.098
Jeff Mullins,1968-69,26,SFW,78,2916,18.9,,,10.0,.165
Jeff Mullins,1969-70,27,SFW,74,2861,17.0,,,6.8,.114
Jeff Mullins,1970-71,28,SFW,75,2909,17.1,,,8.2,.135
Jeff Mullins,1971-72,29,GSW,80,3214,18.0,,,9.9,.148
Jeff Mullins,1972-73,30,GSW,81,3005,15.5,,,8.3,.133
Jeff Mullins,1973-74,31,GSW,77,2498,15.1,-0.5,1.0,5.6,.107
Jeff Mullins,1974-75,32,GSW,66,1141,15.2,-0.3,0.5,2.3,.097
Jeff Mullins,1975-76,33,GSW,29,311,14.5,-0.3,0.2,0.9,.134
Todd Mundt,1995-96,25,2TM,33,151,7.0,-7.1,-0.2,0.1,.035
Todd Mundt,1995-96,25,ATL,24,118,8.0,-6.6,-0.1,0.1,.049
Todd Mundt,1995-96,25,BOS,9,33,3.7,-8.5,-0.1,0.0,-0.016
Xavier Munford,2015-16,23,MEM,14,244,9.9,-2.5,0.0,0.1,.017
Xavier Munford,2016-17,,Did not play - other pro league,,,,,,,
Xavier Munford,2017-18,25,MIL,6,21,-2.1,-11.3,0.0,-0.1,-0.197
Chris Munk,1990-91,23,UTA,11,29,14.5,-2.9,0.0,0.0,.048
George Munroe,1946-47,25,STB,59,,,,,2.6,
George Munroe,1947-48,26,BOS,21,,,,,0.3,
Eric Murdock,1991-92,23,UTA,50,478,13.6,-0.7,0.2,0.6,.056
Eric Murdock,1992-93,24,MIL,79,2437,19.3,2.9,3.0,6.1,.121
Eric Murdock,1993-94,25,MIL,82,2533,20.3,4.0,3.8,7.2,.137
Eric Murdock,1994-95,26,MIL,75,2158,17.3,1.5,1.9,4.3,.096
Eric Murdock,1995-96,27,2TM,73,1673,16.2,1.2,1.3,2.5,.073
Eric Murdock,1995-96,27,MIL,9,193,10.4,-2.8,0.0,0.0,.000
Eric Murdock,1995-96,27,VAN,64,1480,16.9,1.8,1.4,2.5,.082
Eric Murdock,1996-97,28,DEN,12,114,18.1,5.5,0.2,0.3,.122
Eric Murdock,1997-98,29,MIA,82,1395,15.7,2.2,1.5,4.1,.139
Eric Murdock,1998-99,30,NJN,15,401,12.3,-1.6,0.0,0.4,.048
Eric Murdock,1999-00,31,LAC,40,693,12.5,-1.8,0.0,0.1,.008
Gheorghe Mureșan,1993-94,22,WSB,54,650,17.4,-1.8,0.0,1.3,.094
Gheorghe Mureșan,1994-95,23,WSB,73,1720,17.4,-0.9,0.5,4.1,.116
Gheorghe Mureșan,1995-96,24,WSB,76,2242,21.0,1.6,2.1,8.0,.172
Gheorghe Mureșan,1996-97,25,WSB,73,1849,16.7,-0.7,0.6,5.3,.139
Gheorghe Mureșan,1997-98,,Did not play - injury,,,,,,,
Gheorghe Mureșan,1998-99,27,NJN,1,1,-90.6,-92.1,0.0,-0.1,-2.519
Gheorghe Mureșan,1999-00,28,NJN,30,267,11.8,-6.2,-0.3,0.3,.052
Gheorghe Mureșan,2000-01,,Did not play - other pro league,,,,,,,
Ade Murkey,2021-22,24,SAC,1,1,0.0,-9.7,0.0,0.0,-0.017
Allen Murphy,1975-76,23,KEN,29,248,8.4,-5.2,-0.2,0.0,-0.003
Allen Murphy,1976-77,24,LAL,2,18,1.8,-5.7,-0.1,-0.1,-0.229
Calvin Murphy,1970-71,22,SDR,82,2020,19.4,,,8.0,.191
Calvin Murphy,1971-72,23,HOU,82,2538,18.1,,,8.3,.157
Calvin Murphy,1972-73,24,HOU,77,1697,17.5,,,5.0,.141
Calvin Murphy,1973-74,25,HOU,81,2922,20.0,1.6,2.7,9.2,.152
Calvin Murphy,1974-75,26,HOU,78,2513,18.9,0.8,1.7,7.4,.141
Calvin Murphy,1975-76,27,HOU,82,2995,19.9,1.3,2.5,8.8,.141
Calvin Murphy,1976-77,28,HOU,82,2764,17.4,1.1,2.2,7.7,.134
Calvin Murphy,1977-78,29,HOU,76,2900,19.5,1.3,2.4,7.4,.122
Calvin Murphy,1978-79,30,HOU,82,2941,16.1,-0.1,1.4,6.8,.112
Calvin Murphy,1979-80,31,HOU,76,2676,16.8,0.7,1.8,7.2,.129
Calvin Murphy,1980-81,32,HOU,76,2014,18.1,0.8,1.4,5.4,.128
Calvin Murphy,1981-82,33,HOU,64,1204,13.2,-3.4,-0.4,1.3,.051
Calvin Murphy,1982-83,34,HOU,64,1423,14.8,-1.7,0.1,1.6,.055
Dick Murphy,1946-47,25,2TM,31,,,,,-0.5,
Dick Murphy,1946-47,25,NYK,24,,,,,-0.1,
Dick Murphy,1946-47,25,BOS,7,,,,,-0.4,
Erik Murphy,2013-14,23,CHI,24,62,0.2,-8.6,-0.1,-0.1,-0.055
Jay Murphy,1984-85,22,LAC,23,149,-0.9,-12.4,-0.4,-0.5,-0.154
Jay Murphy,1985-86,23,LAC,14,100,8.4,-6.3,-0.1,-0.1,-0.044
Jay Murphy,1986-87,24,WSB,21,141,13.5,-4.1,-0.1,0.2,.060
Jay Murphy,1987-88,25,WSB,9,46,6.6,-9.9,-0.1,-0.1,-0.085
John Murphy,1946-47,22,2TM,20,,,,,0.3,
John Murphy,1946-47,22,NYK,9,,,,,0.3,
John Murphy,1946-47,22,PHW,11,,,,,0.0,
Kevin Murphy,2012-13,22,UTA,17,52,-4.5,-16.8,-0.2,-0.3,-0.272
Ronnie Murphy,1987-88,23,POR,18,89,2.9,-11.5,-0.2,-0.2,-0.130
Tod Murphy,1986-87,,Did not play - other,,,,,,,
Tod Murphy,1987-88,24,LAC,1,19,15.7,1.7,0.0,0.1,.235
Tod Murphy,1988-89,,Did not play - other pro league,,,,,,,
Tod Murphy,1989-90,26,MIN,82,2493,13.0,-0.4,1.0,6.1,.117
Tod Murphy,1990-91,27,MIN,52,1063,10.6,-2.7,-0.2,1.4,.062
Tod Murphy,1991-92,28,MIN,47,429,9.5,-4.3,-0.2,0.4,.044
Tod Murphy,1992-93,,Did not play - injury,,,,,,,
Tod Murphy,1993-94,30,2TM,9,67,9.0,-3.0,0.0,0.1,.073
Tod Murphy,1993-94,30,DET,7,57,10.3,-2.5,0.0,0.1,.077
Tod Murphy,1993-94,30,GSW,2,10,1.5,-5.7,0.0,0.0,.052
Tod Murphy,1994-95,,Did not play - other pro league,,,,,,,
Tod Murphy,1995-96,,Did not play - other pro league,,,,,,,
Tod Murphy,1996-97,,Did not play - other pro league,,,,,,,
Tod Murphy,1997-98,,Did not play - other pro league,,,,,,,
Trey Murphy III,2021-22,21,NOP,62,864,12.5,-1.2,0.2,1.9,.104
Trey Murphy III,2022-23,22,NOP,79,2448,15.2,1.8,2.3,7.6,.150
Trey Murphy III,2023-24,23,NOP,57,1690,16.3,2.5,1.9,5.4,.154
Trey Murphy III,2024-25,24,NOP,53,1854,17.3,0.8,1.3,3.5,.091
Troy Murphy,2001-02,21,GSW,82,1448,10.3,-4.3,-0.8,1.4,.046
Troy Murphy,2002-03,22,GSW,79,2510,15.9,-0.7,0.8,6.4,.122
Troy Murphy,2003-04,23,GSW,28,610,16.8,-1.6,0.1,1.3,.104
Troy Murphy,2004-05,24,GSW,70,2375,16.8,-1.2,0.5,5.3,.107
Troy Murphy,2005-06,25,GSW,74,2516,15.9,-0.3,1.1,6.5,.125
Troy Murphy,2006-07,26,2TM,68,1852,14.5,0.5,1.1,4.5,.116
Troy Murphy,2006-07,26,GSW,26,667,14.8,1.1,0.5,1.7,.124
Troy Murphy,2006-07,26,IND,42,1185,14.3,0.1,0.6,2.8,.112
Troy Murphy,2007-08,27,IND,75,2106,16.0,1.2,1.7,6.2,.141
Troy Murphy,2008-09,28,IND,73,2482,17.8,3.2,3.3,8.5,.165
Troy Murphy,2009-10,29,IND,72,2344,18.0,2.9,2.9,7.8,.159
Troy Murphy,2010-11,30,2TM,35,466,8.0,-3.1,-0.1,0.3,.029
Troy Murphy,2010-11,30,NJN,18,288,6.7,-4.2,-0.2,-0.1,-0.022
Troy Murphy,2010-11,30,BOS,17,178,10.1,-1.3,0.0,0.4,.111
Troy Murphy,2011-12,31,LAL,59,956,9.0,-1.1,0.2,1.7,.088
Troy Murphy,2012-13,32,DAL,14,256,9.1,-1.9,0.0,0.3,.062
Dejounte Murray,2016-17,20,SAS,38,322,9.6,-4.8,-0.2,0.0,.004
Dejounte Murray,2017-18,21,SAS,81,1743,15.1,0.5,1.1,3.2,.087
Dejounte Murray,2018-19,,Did not play - injury,,,,,,,
Dejounte Murray,2019-20,23,SAS,66,1687,16.2,0.4,1.0,2.6,.074
Dejounte Murray,2020-21,24,SAS,67,2139,16.5,0.8,1.5,3.3,.074
Dejounte Murray,2021-22,25,SAS,68,2366,22.3,5.4,4.4,7.3,.149
Dejounte Murray,2022-23,26,ATL,74,2693,17.0,1.0,2.1,4.7,.084
Dejounte Murray,2023-24,27,ATL,78,2783,17.7,1.7,2.6,4.9,.084
Dejounte Murray,2024-25,28,NOP,31,1012,15.4,-1.6,0.1,0.2,.009
Jamal Murray,2016-17,19,DEN,82,1764,11.9,-2.0,0.0,1.3,.037
Jamal Murray,2017-18,20,DEN,81,2565,16.1,-0.3,1.1,5.5,.103
Jamal Murray,2018-19,21,DEN,75,2447,16.0,0.6,1.6,5.1,.100
Jamal Murray,2019-20,22,DEN,59,1904,17.7,1.2,1.5,4.3,.107
Jamal Murray,2020-21,23,DEN,48,1704,18.3,2.0,1.7,4.6,.129
Jamal Murray,2021-22,,Did not play - injury,,,,,,,
Jamal Murray,2022-23,25,DEN,65,2133,18.0,1.3,1.8,5.1,.116
Jamal Murray,2023-24,26,DEN,59,1861,20.7,4.1,2.9,5.9,.153
Jamal Murray,2024-25,27,DEN,67,2418,17.8,0.8,1.7,6.2,.123
Keegan Murray,2022-23,22,SAC,80,2382,12.3,-0.6,0.8,4.3,.087
Keegan Murray,2023-24,23,SAC,77,2588,13.3,-0.9,0.8,5.2,.096
Keegan Murray,2024-25,24,SAC,76,2610,12.0,-1.6,0.2,4.4,.082
Ken Murray,1950-51,22,2TM,66,,,,,3.6,
Ken Murray,1950-51,22,BLB,52,,,,,3.2,
Ken Murray,1950-51,22,FTW,14,,,,,0.5,
Ken Murray,1951-52,,Did not play - military service,,,,,,,
Ken Murray,1952-53,,Did not play - military service,,,,,,,
Ken Murray,1953-54,25,FTW,49,528,8.0,,,-0.7,-0.065
Ken Murray,1954-55,26,2TM,66,1590,10.6,,,0.7,.022
Ken Murray,1954-55,26,BLB,6,134,,,,,
Ken Murray,1954-55,26,PHW,60,1456,10.6,,,0.7,.024
Kris Murray,2023-24,23,POR,62,1348,9.0,-3.6,-0.6,0.7,.024
Kris Murray,2024-25,24,POR,69,1040,9.1,-3.0,-0.3,0.7,.033
Lamond Murray,1994-95,21,LAC,81,2556,11.6,-3.4,-0.9,-0.3,-0.006
Lamond Murray,1995-96,22,LAC,77,1816,11.1,-2.4,-0.2,1.2,.032
Lamond Murray,1996-97,23,LAC,74,1295,14.4,-0.8,0.4,2.1,.078
Lamond Murray,1997-98,24,LAC,79,2579,17.8,0.5,1.6,4.9,.092
Lamond Murray,1998-99,25,LAC,50,1317,14.3,-2.1,0.0,0.3,.010
Lamond Murray,1999-00,26,CLE,74,2365,14.9,-0.3,1.0,3.3,.067
Lamond Murray,2000-01,27,CLE,78,2225,13.9,-1.1,0.5,2.3,.050
Lamond Murray,2001-02,28,CLE,71,2312,16.7,0.5,1.5,4.1,.086
Lamond Murray,2002-03,,Did not play - injury,,,,,,,
Lamond Murray,2003-04,30,TOR,33,518,8.9,-3.8,-0.2,-0.3,-0.031
Lamond Murray,2004-05,31,TOR,62,918,13.7,0.0,0.5,1.3,.067
Lamond Murray,2005-06,32,NJN,57,576,10.8,-3.0,-0.1,0.9,.076
Lamond Murray,2006-07,,Did not play - other pro league,,,,,,,
Lamond Murray,2007-08,,Did not play - other pro league,,,,,,,
Lamond Murray,2008-09,,Did not play - other pro league,,,,,,,
Lamond Murray,2009-10,,Did not play - other pro league,,,,,,,
Lamond Murray,2010-11,,Did not play - other pro league,,,,,,,
Ronald Murray,2002-03,23,2TM,14,62,6.6,-8.5,-0.1,-0.3,-0.198
Ronald Murray,2002-03,23,MIL,12,42,10.7,-6.4,0.0,-0.1,-0.165
Ronald Murray,2002-03,23,SEA,2,20,-2.0,-12.9,-0.1,-0.1,-0.267
Ronald Murray,2003-04,24,SEA,82,2021,15.4,-1.2,0.4,1.7,.040
Ronald Murray,2004-05,25,SEA,49,883,9.9,-4.1,-0.5,-0.3,-0.016
Ronald Murray,2005-06,26,2TM,76,2112,11.5,-3.2,-0.6,0.7,.015
Ronald Murray,2005-06,26,SEA,48,1085,11.2,-4.9,-0.8,-0.7,-0.029
Ronald Murray,2005-06,26,CLE,28,1027,11.9,-1.4,0.2,1.3,.062
Ronald Murray,2006-07,27,DET,69,1477,10.8,-2.4,-0.1,1.3,.042
Ronald Murray,2007-08,28,2TM,42,874,13.2,-2.7,-0.1,0.4,.024
Ronald Murray,2007-08,28,DET,19,347,13.3,-2.2,0.0,0.3,.036
Ronald Murray,2007-08,28,IND,23,527,13.1,-3.0,-0.1,0.2,.016
Ronald Murray,2008-09,29,ATL,80,1975,14.7,-0.5,0.8,3.1,.076
Ronald Murray,2009-10,30,2TM,75,1673,11.7,-2.3,-0.1,1.8,.051
Ronald Murray,2009-10,30,CHA,46,993,11.4,-2.1,0.0,0.9,.041
Ronald Murray,2009-10,30,CHI,29,680,12.1,-2.5,-0.1,0.9,.065
Tracy Murray,1992-93,21,POR,48,495,11.9,-3.9,-0.2,0.5,.049
Tracy Murray,1993-94,22,POR,66,820,15.3,1.1,0.7,2.2,.126
Tracy Murray,1994-95,23,2TM,54,516,10.8,-4.0,-0.3,0.5,.047
Tracy Murray,1994-95,23,POR,29,313,12.4,-3.3,-0.1,0.5,.081
Tracy Murray,1994-95,23,HOU,25,203,8.2,-5.2,-0.2,0.0,-0.006
Tracy Murray,1995-96,24,TOR,82,2458,16.8,0.1,1.3,4.9,.096
Tracy Murray,1996-97,25,WSB,82,1814,14.6,0.4,1.1,4.4,.116
Tracy Murray,1997-98,26,WAS,82,2227,17.3,2.0,2.3,6.5,.139
Tracy Murray,1998-99,27,WAS,36,653,9.6,-2.6,-0.1,0.3,.025
Tracy Murray,1999-00,28,WAS,80,1831,14.1,0.6,1.2,3.8,.101
Tracy Murray,2000-01,29,2TM,51,588,11.4,-2.9,-0.1,0.6,.046
Tracy Murray,2000-01,29,DEN,13,135,9.8,-2.4,0.0,0.0,-0.002
Tracy Murray,2000-01,29,TOR,38,453,11.9,-3.1,-0.1,0.6,.061
Tracy Murray,2001-02,30,TOR,40,473,13.6,0.0,0.2,0.8,.079
Tracy Murray,2002-03,31,LAL,31,193,5.2,-6.9,-0.2,-0.2,-0.054
Tracy Murray,2003-04,32,POR,7,35,2.4,-8.7,-0.1,-0.1,-0.109
Tracy Murray,2004-05,,Did not play - other pro league,,,,,,,
Tracy Murray,2005-06,,Did not play - other pro league,,,,,,,
Tracy Murray,2006-07,,Did not play - other pro league,,,,,,,
Willie Murrell,1964-65,,Did not play - waived,,,,,,,
Willie Murrell,1965-66,,Did not play - other pro league,,,,,,,
Willie Murrell,1966-67,,Did not play - other pro league,,,,,,,
Willie Murrell,1967-68,26,DNR,71,2495,18.5,,,7.0,.135
Willie Murrell,1968-69,27,MMF,75,2493,14.4,,,4.6,.089
Willie Murrell,1969-70,28,2TM,82,1759,12.7,,,3.1,.084
Willie Murrell,1969-70,28,MMF,47,1321,14.0,,,2.6,.094
Willie Murrell,1969-70,28,KEN,35,438,8.6,,,0.5,.054
Dorie Murrey,1966-67,23,DET,35,311,10.0,,,0.5,.072
Dorie Murrey,1967-68,24,SEA,81,1494,12.8,,,2.2,.070
Dorie Murrey,1968-69,25,SEA,38,465,12.1,,,0.2,.024
Dorie Murrey,1969-70,26,SEA,81,1079,13.1,,,1.9,.083
Dorie Murrey,1970-71,27,2TM,71,716,10.4,,,1.6,.109
Dorie Murrey,1970-71,27,POR,2,20,16.3,,,0.0,.118
Dorie Murrey,1970-71,27,BAL,69,696,10.2,,,1.6,.108
Dorie Murrey,1971-72,28,BAL,51,421,7.8,,,0.1,.017
Toure' Murry,2013-14,24,NYK,51,373,11.1,-4.4,-0.2,0.0,.002
Toure' Murry,2014-15,25,2TM,5,18,1.1,-11.9,0.0,-0.1,-0.171
Toure' Murry,2014-15,25,UTA,1,1,-41.7,-56.3,0.0,0.0,-1.046
Toure' Murry,2014-15,25,WAS,4,17,3.6,-9.3,0.0,0.0,-0.120
Džanan Musa,2018-19,19,BRK,9,39,5.8,-7.2,-0.1,-0.1,-0.152
Džanan Musa,2019-20,20,BRK,40,487,9.4,-4.4,-0.3,0.2,.016
Mike Muscala,2013-14,22,ATL,20,215,10.8,-5.5,-0.2,0.2,.040
Mike Muscala,2014-15,23,ATL,40,502,18.0,0.1,0.3,1.9,.179
Mike Muscala,2015-16,24,ATL,60,565,13.6,-0.9,0.2,1.6,.136
Mike Muscala,2016-17,25,ATL,70,1237,14.4,1.1,1.0,3.4,.132
Mike Muscala,2017-18,26,ATL,53,1060,14.4,0.3,0.6,2.4,.109
Mike Muscala,2018-19,27,2TM,64,1306,10.8,-1.1,0.3,2.5,.091
Mike Muscala,2018-19,27,PHI,47,1041,10.4,-1.5,0.1,1.9,.087
Mike Muscala,2018-19,27,LAL,17,265,12.5,0.7,0.2,0.6,.107
Mike Muscala,2019-20,28,OKC,47,572,12.5,-0.1,0.3,1.3,.107
Mike Muscala,2020-21,29,OKC,35,645,14.7,-0.1,0.3,1.3,.096
Mike Muscala,2021-22,30,OKC,43,592,19.7,5.0,1.1,2.1,.170
Mike Muscala,2022-23,31,2TM,63,945,13.0,-0.4,0.4,2.5,.128
Mike Muscala,2022-23,31,OKC,43,622,13.8,0.1,0.3,1.7,.134
Mike Muscala,2022-23,31,BOS,20,323,11.6,-1.4,0.1,0.8,.116
Mike Muscala,2023-24,32,3TM,53,600,7.5,-5.3,-0.5,0.1,.009
Mike Muscala,2023-24,32,WAS,24,338,7.6,-6.2,-0.4,0.0,-0.005
Mike Muscala,2023-24,32,DET,13,171,8.9,-2.2,0.0,0.2,.049
Mike Muscala,2023-24,32,OKC,16,91,4.3,-8.0,-0.1,0.0,-0.017
Angelo Musi,1946-47,28,PHW,60,,,,,3.5,
Angelo Musi,1947-48,29,PHW,43,,,,,1.1,
Angelo Musi,1948-49,30,PHW,58,,,,,1.3,
Jerrod Mustaf,1990-91,21,NYK,62,825,8.3,-5.0,-0.6,0.4,.022
Jerrod Mustaf,1991-92,22,PHO,52,545,13.8,-1.2,0.1,0.8,.075
Jerrod Mustaf,1992-93,23,PHO,32,336,12.7,-3.7,-0.1,0.5,.065
Jerrod Mustaf,1993-94,24,PHO,33,196,8.9,-9.0,-0.3,0.0,.004
Dikembe Mutombo,1991-92,25,DEN,71,2716,16.5,0.0,1.4,4.8,.086
Dikembe Mutombo,1992-93,26,DEN,82,3029,17.2,1.6,2.7,8.8,.139
Dikembe Mutombo,1993-94,27,DEN,82,2853,17.9,3.2,3.7,9.4,.158
Dikembe Mutombo,1994-95,28,DEN,82,3100,17.0,1.8,2.9,8.7,.135
Dikembe Mutombo,1995-96,29,DEN,74,2713,17.1,2.1,2.8,7.6,.134
Dikembe Mutombo,1996-97,30,ATL,80,2973,19.0,2.6,3.5,11.3,.183
Dikembe Mutombo,1997-98,31,ATL,82,2917,19.8,2.6,3.4,10.8,.177
Dikembe Mutombo,1998-99,32,ATL,50,1829,18.8,3.7,2.6,7.9,.206
Dikembe Mutombo,1999-00,33,ATL,82,2984,19.4,2.4,3.3,9.9,.160
Dikembe Mutombo,2000-01,34,2TM,75,2591,17.5,1.7,2.4,8.1,.151
Dikembe Mutombo,2000-01,34,ATL,49,1716,16.5,1.4,1.5,4.5,.125
Dikembe Mutombo,2000-01,34,PHI,26,875,19.6,2.3,1.0,3.7,.201
Dikembe Mutombo,2001-02,35,PHI,80,2907,16.0,0.7,2.0,9.6,.158
Dikembe Mutombo,2002-03,36,NJN,24,514,11.2,-3.4,-0.2,0.8,.076
Dikembe Mutombo,2003-04,37,NYK,65,1494,14.3,0.1,0.8,3.8,.122
Dikembe Mutombo,2004-05,38,HOU,80,1212,16.4,0.9,0.9,4.7,.186
Dikembe Mutombo,2005-06,39,HOU,64,955,12.7,-0.8,0.3,3.1,.156
Dikembe Mutombo,2006-07,40,HOU,75,1289,14.4,0.6,0.8,5.2,.192
Dikembe Mutombo,2007-08,41,HOU,39,619,14.5,1.3,0.5,2.3,.178
Dikembe Mutombo,2008-09,42,HOU,9,96,10.8,-3.0,0.0,0.2,.088
Martin Müürsepp,1996-97,22,2TM,42,348,14.9,-1.7,0.0,0.6,.081
Martin Müürsepp,1996-97,22,MIA,10,27,11.9,-10.2,-0.1,0.0,-0.063
Martin Müürsepp,1996-97,22,DAL,32,321,15.1,-0.9,0.1,0.6,.093
Martin Müürsepp,1997-98,23,DAL,41,603,14.9,-1.6,0.1,1.4,.111
Pete Myers,1986-87,23,CHI,29,155,14.0,0.9,0.1,0.3,.092
Pete Myers,1987-88,24,SAS,22,328,10.1,-3.2,-0.1,-0.1,-0.009
Pete Myers,1988-89,25,2TM,33,270,12.4,-0.8,0.1,0.5,.087
Pete Myers,1988-89,25,PHI,4,40,11.9,-3.2,0.0,0.0,.008
Pete Myers,1988-89,25,NYK,29,230,12.5,-0.3,0.1,0.5,.101
Pete Myers,1989-90,26,2TM,52,751,9.8,-3.9,-0.4,0.0,.003
Pete Myers,1989-90,26,NYK,24,208,7.1,-2.7,0.0,0.0,-0.001
Pete Myers,1989-90,26,NJN,28,543,10.8,-4.4,-0.3,0.0,.004
Pete Myers,1990-91,27,SAS,8,103,7.1,-4.5,-0.1,0.0,-0.002
Pete Myers,1991-92,,Did not play - other pro league,,,,,,,
Pete Myers,1992-93,,Did not play - other pro league,,,,,,,
Pete Myers,1993-94,30,CHI,82,2030,10.6,-2.2,-0.1,3.0,.072
Pete Myers,1994-95,31,CHI,71,1270,9.1,-2.4,-0.1,1.3,.049
Pete Myers,1995-96,32,2TM,71,1092,8.4,-2.8,-0.2,0.6,.026
Pete Myers,1995-96,32,MIA,39,639,8.9,-2.7,-0.1,0.5,.035
Pete Myers,1995-96,32,CHH,32,453,7.8,-3.1,-0.1,0.1,.013
Pete Myers,1996-97,,Did not play - other pro league,,,,,,,
Pete Myers,1997-98,34,NYK,9,40,16.3,3.0,0.0,0.1,.149
Svi Mykhailiuk,2018-19,21,2TM,42,440,6.0,-5.0,-0.3,-0.1,-0.012
Svi Mykhailiuk,2018-19,21,LAL,39,420,5.8,-5.2,-0.3,-0.1,-0.013
Svi Mykhailiuk,2018-19,21,DET,3,20,9.8,-0.5,0.0,0.0,.016
Svi Mykhailiuk,2019-20,22,DET,56,1265,11.2,-1.9,0.0,1.6,.060
Svi Mykhailiuk,2020-21,23,2TM,66,1324,10.4,-2.6,-0.2,0.3,.010
Svi Mykhailiuk,2020-21,23,DET,36,634,10.2,-1.8,0.0,0.3,.025
Svi Mykhailiuk,2020-21,23,OKC,30,690,10.6,-3.3,-0.2,-0.1,-0.004
Svi Mykhailiuk,2021-22,24,TOR,56,716,9.6,-2.9,-0.2,0.8,.052
Svi Mykhailiuk,2022-23,25,2TM,32,468,14.0,-0.1,0.2,0.8,.081
Svi Mykhailiuk,2022-23,25,NYK,13,40,15.8,4.1,0.1,0.1,.141
Svi Mykhailiuk,2022-23,25,CHO,19,428,13.8,-0.5,0.2,0.7,.076
Svi Mykhailiuk,2023-24,26,BOS,41,413,11.7,-1.8,0.0,0.9,.106
Svi Mykhailiuk,2024-25,27,UTA,38,760,9.8,-3.5,-0.3,-0.1,-0.009
Hamady N'Diaye,2010-11,24,WAS,16,80,5.3,-6.3,-0.1,0.1,.046
Hamady N'Diaye,2011-12,25,WAS,3,3,-13.1,-21.1,0.0,0.0,-0.369
Hamady N'Diaye,2012-13,,Did not play - other pro league,,,,,,,
Hamady N'Diaye,2013-14,27,SAC,14,74,2.9,-7.8,-0.1,0.0,-0.008
Makhtar N'Diaye,1998-99,25,VAN,4,27,3.9,-10.6,-0.1,0.0,.026
Mamadou N'Diaye,2000-01,25,TOR,3,10,6.6,-11.7,0.0,0.0,.083
Mamadou N'Diaye,2001-02,26,TOR,5,46,20.6,2.1,0.0,0.3,.265
Mamadou N'Diaye,2002-03,27,TOR,22,364,13.5,-3.7,-0.2,0.6,.075
Mamadou N'Diaye,2003-04,28,2TM,28,366,12.9,-5.3,-0.3,0.8,.104
Mamadou N'Diaye,2003-04,28,DAL,3,7,-8.1,-17.2,0.0,0.0,-0.306
Mamadou N'Diaye,2003-04,28,ATL,25,359,13.3,-5.1,-0.3,0.8,.112
Mamadou N'Diaye,2004-05,29,LAC,11,72,10.6,-4.5,0.0,0.2,.115
Boniface N'Dong,2005-06,28,LAC,23,152,11.0,-5.0,-0.1,0.2,.058
Bob Naber,1952-53,23,INO,4,11,-10.4,,,-0.1,-0.418
Boris Nachamkin,1954-55,21,ROC,6,59,12.5,,,0.0,-0.010
Boštjan Nachbar,2002-03,22,HOU,14,77,5.8,-7.5,-0.1,-0.1,-0.053
Boštjan Nachbar,2003-04,23,HOU,45,516,8.3,-1.2,0.1,0.8,.071
Boštjan Nachbar,2004-05,24,2TM,71,1341,10.1,-2.2,-0.1,1.7,.061
Boštjan Nachbar,2004-05,24,HOU,16,204,6.1,-2.6,0.0,0.3,.080
Boštjan Nachbar,2004-05,24,NOH,55,1137,10.9,-2.2,0.0,1.4,.057
Boštjan Nachbar,2005-06,25,2TM,36,502,7.2,-4.6,-0.3,0.1,.005
Boštjan Nachbar,2005-06,25,NOK,25,405,7.3,-3.8,-0.2,0.0,.002
Boštjan Nachbar,2005-06,25,NJN,11,97,6.9,-8.1,-0.1,0.0,.016
Boštjan Nachbar,2006-07,26,NJN,76,1532,14.5,0.3,0.9,4.1,.128
Boštjan Nachbar,2007-08,27,NJN,75,1660,12.4,-1.8,0.1,2.2,.064
Abdel Nader,2017-18,24,BOS,48,522,5.1,-5.3,-0.4,-0.1,-0.014
Abdel Nader,2018-19,25,OKC,61,694,8.8,-3.2,-0.2,0.9,.062
Abdel Nader,2019-20,26,OKC,55,867,11.3,-1.0,0.2,1.3,.074
Abdel Nader,2020-21,27,PHO,24,355,13.4,0.0,0.2,0.7,.095
Abdel Nader,2021-22,28,PHO,14,145,4.9,-4.9,-0.1,0.0,-0.009
Jerry Nagel,1949-50,21,FTW,14,,,,,-0.1,
Fritz Nagy,1947-48,,Did not play - other pro league,,,,,,,
Fritz Nagy,1948-49,25,INJ,50,,,,,2.1,
Lee Nailon,1999-00,,Did not play - other pro league,,,,,,,
Lee Nailon,2000-01,25,CHH,42,469,11.7,-2.6,-0.1,0.9,.096
Lee Nailon,2001-02,26,CHH,79,1912,14.4,-1.5,0.3,3.5,.087
Lee Nailon,2002-03,27,NYK,38,405,14.3,-2.7,-0.1,0.3,.030
Lee Nailon,2003-04,28,3TM,57,780,13.2,-4.3,-0.5,0.7,.042
Lee Nailon,2003-04,28,ATL,27,300,14.3,-3.5,-0.1,0.2,.033
Lee Nailon,2003-04,28,ORL,8,83,13.5,-4.7,-0.1,0.2,.088
Lee Nailon,2003-04,28,CLE,22,397,12.2,-5.0,-0.3,0.3,.040
Lee Nailon,2004-05,29,NOH,68,2017,14.5,-1.3,0.4,2.2,.053
Lee Nailon,2005-06,30,PHI,22,237,14.5,-2.7,0.0,0.5,.096
Lee Nailon,2006-07,,Did not play - other pro league,,,,,,,
Lee Nailon,2007-08,,Did not play - other pro league,,,,,,,
Lee Nailon,2008-09,,Did not play - other pro league,,,,,,,
Lee Nailon,2009-10,,Did not play - other pro league,,,,,,,
Lee Nailon,2010-11,,Did not play - other pro league,,,,,,,
Lee Nailon,2011-12,,Did not play - other pro league,,,,,,,
Lee Nailon,2012-13,,Did not play - other pro league,,,,,,,
Lee Nailon,2013-14,,Did not play - other pro league,,,,,,,
Eduardo Nájera,2000-01,24,DAL,40,431,14.0,-0.1,0.2,1.1,.120
Eduardo Nájera,2001-02,25,DAL,62,1357,14.8,0.2,0.7,4.0,.142
Eduardo Nájera,2002-03,26,DAL,48,1103,14.8,1.2,0.9,4.0,.175
Eduardo Nájera,2003-04,27,DAL,58,720,11.5,-1.3,0.1,1.1,.074
Eduardo Nájera,2004-05,28,2TM,68,1185,11.2,-3.0,-0.3,1.6,.066
Eduardo Nájera,2004-05,28,GSW,42,610,9.9,-3.4,-0.2,0.4,.034
Eduardo Nájera,2004-05,28,DEN,26,575,12.5,-2.5,-0.1,1.2,.099
Eduardo Nájera,2005-06,29,DEN,64,1449,10.9,-1.8,0.1,2.7,.090
Eduardo Nájera,2006-07,30,DEN,75,1658,13.5,0.2,0.9,4.8,.138
Eduardo Nájera,2007-08,31,DEN,78,1664,12.1,0.2,0.9,4.1,.118
Eduardo Nájera,2008-09,32,NJN,27,319,7.7,-4.3,-0.2,0.1,.010
Eduardo Nájera,2009-10,33,2TM,46,685,8.4,-3.1,-0.2,0.8,.058
Eduardo Nájera,2009-10,33,NJN,13,204,7.0,-5.0,-0.2,-0.1,-0.017
Eduardo Nájera,2009-10,33,DAL,33,481,9.1,-2.3,0.0,0.9,.089
Eduardo Nájera,2010-11,34,CHA,31,372,5.5,-3.6,-0.2,0.2,.020
Eduardo Nájera,2011-12,35,CHA,22,270,9.3,-2.9,-0.1,0.2,.035
Larry Nance,1981-82,22,PHO,80,1186,14.7,-0.2,0.5,2.4,.098
Larry Nance,1982-83,23,PHO,82,2914,18.7,3.5,4.0,10.5,.172
Larry Nance,1983-84,24,PHO,82,2899,19.4,3.1,3.8,9.8,.163
Larry Nance,1984-85,25,PHO,61,2202,20.6,4.4,3.5,7.9,.173
Larry Nance,1985-86,26,PHO,73,2484,20.5,3.9,3.7,8.4,.163
Larry Nance,1986-87,27,PHO,69,2569,22.2,5.0,4.5,10.2,.190
Larry Nance,1987-88,28,2TM,67,2383,20.3,3.5,3.3,8.0,.161
Larry Nance,1987-88,28,PHO,40,1477,20.5,2.9,1.9,4.3,.141
Larry Nance,1987-88,28,CLE,27,906,19.9,4.3,1.4,3.6,.192
Larry Nance,1988-89,29,CLE,73,2526,19.9,3.9,3.8,10.3,.197
Larry Nance,1989-90,30,CLE,62,2065,19.1,2.7,2.4,6.5,.152
Larry Nance,1990-91,31,CLE,80,2927,20.6,3.6,4.2,9.8,.160
Larry Nance,1991-92,32,CLE,81,2880,21.4,5.2,5.2,12.2,.204
Larry Nance,1992-93,33,CLE,77,2753,19.8,3.6,3.9,10.7,.187
Larry Nance,1993-94,34,CLE,33,909,17.1,0.9,0.7,2.8,.146
Larry Nance Jr.,2015-16,23,LAL,63,1266,13.4,-1.5,0.2,2.2,.083
Larry Nance Jr.,2016-17,24,LAL,63,1442,15.7,0.6,1.0,3.5,.118
Larry Nance Jr.,2017-18,25,2TM,66,1421,20.2,2.4,1.6,5.8,.196
Larry Nance Jr.,2017-18,25,LAL,42,922,19.4,2.4,1.0,3.7,.191
Larry Nance Jr.,2017-18,25,CLE,24,499,21.5,2.2,0.5,2.1,.206
Larry Nance Jr.,2018-19,26,CLE,67,1795,18.6,2.4,2.0,4.9,.131
Larry Nance Jr.,2019-20,27,CLE,56,1472,17.3,1.7,1.4,3.9,.128
Larry Nance Jr.,2020-21,28,CLE,35,1091,13.2,0.4,0.7,1.8,.080
Larry Nance Jr.,2021-22,29,2TM,46,1040,14.4,-0.1,0.5,2.3,.104
Larry Nance Jr.,2021-22,29,POR,37,858,14.4,0.3,0.5,1.9,.104
Larry Nance Jr.,2021-22,29,NOP,9,182,14.2,-1.9,0.0,0.4,.104
Larry Nance Jr.,2022-23,30,NOP,65,1381,16.0,2.0,1.4,4.9,.171
Larry Nance Jr.,2023-24,31,NOP,61,1216,14.9,2.0,1.2,4.1,.160
Larry Nance Jr.,2024-25,32,ATL,24,463,16.0,1.8,0.4,1.3,.131
Pete Nance,2023-24,23,CLE,8,27,-3.9,-15.2,-0.1,-0.1,-0.154
Pete Nance,2024-25,24,2TM,13,138,8.5,-4.9,-0.1,0.2,.064
Pete Nance,2024-25,24,PHI,7,68,5.3,-6.3,-0.1,0.0,.027
Pete Nance,2024-25,24,MIL,6,70,11.5,-3.5,0.0,0.1,.100
Shabazz Napier,2014-15,23,MIA,51,1012,9.3,-3.2,-0.3,0.5,.024
Shabazz Napier,2015-16,24,ORL,55,600,9.6,-3.0,-0.2,0.1,.004
Shabazz Napier,2016-17,25,POR,53,512,13.6,-0.4,0.2,0.6,.060
Shabazz Napier,2017-18,26,POR,74,1535,14.2,0.7,1.0,3.2,.101
Shabazz Napier,2018-19,27,BRK,56,983,15.3,1.5,0.9,2.0,.098
Shabazz Napier,2019-20,28,2TM,56,1344,13.8,-1.1,0.3,1.7,.059
Shabazz Napier,2019-20,28,MIN,36,856,13.9,-0.8,0.3,1.3,.071
Shabazz Napier,2019-20,28,WAS,20,488,13.6,-1.6,0.0,0.4,.039
Paul Napolitano,1947-48,,Did not play - other pro league,,,,,,,
Paul Napolitano,1948-49,25,INJ,1,,,,,0.0,
Bob Nash,1972-73,22,DET,36,169,2.6,,,-0.7,-0.199
Bob Nash,1973-74,23,DET,35,281,10.5,-4.7,-0.2,0.1,.013
Bob Nash,1974-75,24,SDA,17,175,8.3,-6.1,-0.2,-0.2,-0.046
Bob Nash,1975-76,,Did not play - other pro league,,,,,,,
Bob Nash,1976-77,,Did not play - other pro league,,,,,,,
Bob Nash,1977-78,27,KCK,66,800,16.2,1.1,0.6,2.1,.123
Bob Nash,1978-79,28,KCK,82,1307,9.6,-3.2,-0.4,1.1,.042
Cotton Nash,1964-65,22,2TM,45,357,9.3,,,0.0,-0.001
Cotton Nash,1964-65,22,LAL,25,167,6.5,,,-0.2,-0.049
Cotton Nash,1964-65,22,SFW,20,190,11.8,,,0.2,.041
Cotton Nash,1965-66,,Did not play - minor league baseball,,,,,,,
Cotton Nash,1966-67,,Did not play - minor league baseball,,,,,,,
Cotton Nash,1967-68,25,KEN,39,786,14.2,,,0.9,.057
Steve Nash,1996-97,22,PHO,65,684,10.8,-3.1,-0.2,0.7,.047
Steve Nash,1997-98,23,PHO,76,1664,15.6,1.4,1.4,4.8,.137
Steve Nash,1998-99,24,DAL,40,1269,10.9,-2.4,-0.1,1.0,.037
Steve Nash,1999-00,25,DAL,56,1532,13.5,-0.9,0.4,3.0,.094
Steve Nash,2000-01,26,DAL,70,2387,19.6,2.8,2.9,8.4,.169
Steve Nash,2001-02,27,DAL,82,2837,20.7,3.1,3.6,9.9,.167
Steve Nash,2002-03,28,DAL,82,2711,22.6,4.6,4.5,11.6,.206
Steve Nash,2003-04,29,DAL,78,2612,20.5,2.5,3.0,8.8,.162
Steve Nash,2004-05,30,PHO,75,2573,22.0,4.7,4.4,10.9,.203
Steve Nash,2005-06,31,PHO,79,2796,23.3,5.0,4.9,12.4,.212
Steve Nash,2006-07,32,PHO,76,2682,23.8,5.9,5.3,12.6,.225
Steve Nash,2007-08,33,PHO,81,2780,21.1,3.9,4.2,10.5,.181
Steve Nash,2008-09,34,PHO,74,2484,19.5,2.4,2.8,7.3,.140
Steve Nash,2009-10,35,PHO,81,2660,21.6,4.3,4.2,9.9,.178
Steve Nash,2010-11,36,PHO,75,2497,20.8,3.2,3.3,7.9,.153
Steve Nash,2011-12,37,PHO,62,1961,20.3,3.4,2.7,5.9,.144
Steve Nash,2012-13,38,LAL,50,1627,16.0,0.4,1.0,4.3,.127
Steve Nash,2013-14,39,LAL,15,313,12.2,-3.6,-0.1,0.1,.017
Swen Nater,1973-74,24,2TM,79,2375,20.6,2.6,2.8,8.7,.176
Swen Nater,1973-74,24,VIR,17,374,19.9,0.7,0.3,0.9,.118
Swen Nater,1973-74,24,SAA,62,2001,20.8,3.0,2.5,7.8,.187
Swen Nater,1974-75,25,SAA,78,2713,19.3,1.7,2.5,9.7,.172
Swen Nater,1975-76,26,2TM,76,1790,14.4,-2.7,-0.3,3.1,.084
Swen Nater,1975-76,26,NYA,43,1016,13.1,-3.5,-0.4,1.9,.092
Swen Nater,1975-76,26,VIR,33,774,16.1,-1.6,0.1,1.2,.074
Swen Nater,1976-77,27,MIL,72,1960,19.1,1.4,1.7,6.9,.168
Swen Nater,1977-78,28,BUF,78,2778,16.9,0.3,1.6,6.8,.117
Swen Nater,1978-79,29,SDC,79,2006,16.9,0.6,1.3,5.5,.133
Swen Nater,1979-80,30,SDC,81,2860,17.2,0.0,1.5,6.8,.115
Swen Nater,1980-81,31,SDC,82,2809,18.2,0.7,1.9,8.6,.147
Swen Nater,1981-82,32,SDC,21,575,16.4,-0.7,0.2,1.2,.098
Swen Nater,1982-83,33,SDC,7,51,6.6,-5.0,-0.1,-0.1,-0.053
Swen Nater,1983-84,34,LAL,69,829,10.8,-4.9,-0.6,1.2,.071
Swen Nater,1984-85,,Did not play - other pro league,,,,,,,
Howard Nathan,1995-96,24,ATL,5,15,11.3,-12.2,0.0,-0.1,-0.370
Calvin Natt,1979-80,23,2TM,78,2857,17.0,0.4,1.8,7.1,.120
Calvin Natt,1979-80,23,NJN,53,2046,15.9,-0.1,1.0,4.8,.114
Calvin Natt,1979-80,23,POR,25,811,19.8,1.7,0.8,2.3,.136
Calvin Natt,1980-81,24,POR,74,2111,14.8,-0.8,0.7,4.2,.095
Calvin Natt,1981-82,25,POR,75,2599,19.0,2.3,2.8,9.3,.171
Calvin Natt,1982-83,26,POR,80,2879,19.0,1.8,2.8,9.8,.164
Calvin Natt,1983-84,27,POR,79,2638,16.9,1.5,2.3,8.4,.154
Calvin Natt,1984-85,28,DEN,78,2657,21.8,3.1,3.4,10.2,.185
Calvin Natt,1985-86,29,DEN,69,2007,18.6,1.3,1.7,6.1,.146
Calvin Natt,1986-87,30,DEN,1,20,15.2,-5.1,0.0,0.0,.076
Calvin Natt,1987-88,31,DEN,27,533,14.4,-0.9,0.2,1.1,.102
Calvin Natt,1988-89,32,2TM,24,353,10.7,-4.1,-0.2,0.3,.036
Calvin Natt,1988-89,32,DEN,14,168,12.1,-2.5,0.0,0.3,.075
Calvin Natt,1988-89,32,SAS,10,185,9.3,-5.5,-0.2,0.0,.000
Calvin Natt,1989-90,33,IND,14,164,14.4,-0.4,0.1,0.5,.159
Kenny Natt,1980-81,22,IND,19,149,5.2,-6.9,-0.3,-0.2,-0.075
Kenny Natt,1981-82,,Did not play - other pro league,,,,,,,
Kenny Natt,1982-83,24,UTA,22,210,9.1,-4.9,-0.2,0.1,.013
Kenny Natt,1983-84,,Did not play - other pro league,,,,,,,
Kenny Natt,1984-85,26,2TM,8,29,4.7,-4.8,0.0,0.0,-0.063
Kenny Natt,1984-85,26,UTA,4,13,1.5,-14.5,0.0,-0.1,-0.201
Kenny Natt,1984-85,26,KCK,4,16,7.3,3.1,0.0,0.0,.049
Willie Naulls,1956-57,22,2TM,71,1778,13.9,,,0.4,.012
Willie Naulls,1956-57,22,STL,19,438,15.5,,,0.4,.046
Willie Naulls,1956-57,22,NYK,52,1340,13.3,,,0.0,.000
Willie Naulls,1957-58,23,NYK,68,2369,17.1,,,4.6,.094
Willie Naulls,1958-59,24,NYK,68,2061,16.5,,,2.6,.061
Willie Naulls,1959-60,25,NYK,65,2250,20.1,,,5.3,.113
Willie Naulls,1960-61,26,NYK,79,2976,19.1,,,5.7,.092
Willie Naulls,1961-62,27,NYK,75,2978,17.9,,,5.5,.089
Willie Naulls,1962-63,28,2TM,70,1901,13.4,,,1.8,.046
Willie Naulls,1962-63,28,NYK,23,676,17.3,,,0.7,.046
Willie Naulls,1962-63,28,SFW,47,1225,11.2,,,1.2,.046
Willie Naulls,1963-64,29,BOS,78,1409,14.4,,,3.9,.132
Willie Naulls,1964-65,30,BOS,71,1465,12.4,,,2.6,.085
Willie Naulls,1965-66,31,BOS,71,1433,12.5,,,1.8,.059
Juan Carlos Navarro,2002-03,,Did not play - other pro league,,,,,,,
Juan Carlos Navarro,2003-04,,Did not play - other pro league,,,,,,,
Juan Carlos Navarro,2004-05,,Did not play - other pro league,,,,,,,
Juan Carlos Navarro,2005-06,,Did not play - other pro league,,,,,,,
Juan Carlos Navarro,2006-07,,Did not play - other pro league,,,,,,,
Juan Carlos Navarro,2007-08,27,MEM,82,2117,11.9,-2.3,-0.2,1.4,.031
Juan Carlos Navarro,2008-09,,Did not play - other pro league,,,,,,,
Juan Carlos Navarro,2009-10,,Did not play - other pro league,,,,,,,
Juan Carlos Navarro,2010-11,,Did not play - other pro league,,,,,,,
Juan Carlos Navarro,2011-12,,Did not play - other pro league,,,,,,,
Juan Carlos Navarro,2012-13,,Did not play - other pro league,,,,,,,
Juan Carlos Navarro,2013-14,,Did not play - other pro league,,,,,,,
Juan Carlos Navarro,2014-15,,Did not play - other pro league,,,,,,,
Juan Carlos Navarro,2015-16,,Did not play - other pro league,,,,,,,
Maurice Ndour,2016-17,24,NYK,32,331,11.3,-2.8,-0.1,0.4,.059
Craig Neal,1988-89,24,2TM,53,500,6.7,-5.2,-0.4,-0.3,-0.025
Craig Neal,1988-89,24,POR,21,159,4.3,-5.5,-0.1,-0.1,-0.032
Craig Neal,1988-89,24,MIA,32,341,7.9,-5.0,-0.3,-0.2,-0.022
Craig Neal,1989-90,,Did not play - other pro league,,,,,,,
Craig Neal,1990-91,26,DEN,10,125,8.2,-8.2,-0.2,-0.1,-0.047
Gary Neal,2010-11,26,SAS,80,1685,13.1,-0.3,0.7,3.5,.099
Gary Neal,2011-12,27,SAS,56,1206,14.2,-0.1,0.6,2.5,.101
Gary Neal,2012-13,28,SAS,68,1484,11.5,-2.0,0.0,1.9,.060
Gary Neal,2013-14,29,2TM,52,1114,12.5,-3.0,-0.3,1.0,.041
Gary Neal,2013-14,29,MIL,30,607,11.2,-4.2,-0.3,-0.2,-0.012
Gary Neal,2013-14,29,CHA,22,507,14.0,-1.6,0.0,1.1,.105
Gary Neal,2014-15,30,2TM,54,1193,11.1,-3.4,-0.5,0.6,.023
Gary Neal,2014-15,30,CHO,43,931,9.9,-4.3,-0.6,0.1,.006
Gary Neal,2014-15,30,MIN,11,262,15.1,-0.5,0.1,0.4,.080
Gary Neal,2015-16,31,WAS,40,807,13.5,-1.5,0.1,1.4,.085
Gary Neal,2016-17,32,ATL,2,18,-4.3,-15.9,-0.1,-0.1,-0.189
Jim Neal,1953-54,23,SYR,67,899,9.9,,,0.1,.007
Jim Neal,1954-55,24,BLB,13,194,,,,,
Lloyd Neal,1972-73,22,POR,82,2723,15.2,,,4.8,.085
Lloyd Neal,1973-74,23,POR,80,1517,15.6,-0.8,0.4,2.9,.091
Lloyd Neal,1974-75,24,POR,82,2278,15.4,-0.9,0.6,4.3,.091
Lloyd Neal,1975-76,25,POR,68,2320,14.8,-0.6,0.8,4.7,.097
Lloyd Neal,1976-77,26,POR,58,955,13.1,-2.2,0.0,1.8,.091
Lloyd Neal,1977-78,27,POR,61,1174,19.8,1.8,1.1,4.3,.178
Lloyd Neal,1978-79,28,POR,4,48,-0.6,-5.5,-0.1,-0.1,-0.112
Ed Nealy,1982-83,22,KCK,82,1643,11.6,0.6,1.1,4.7,.137
Ed Nealy,1983-84,23,KCK,71,960,9.2,-0.7,0.3,2.0,.101
Ed Nealy,1984-85,24,KCK,22,225,9.6,-2.4,0.0,0.3,.058
Ed Nealy,1985-86,,Did not play - other pro league,,,,,,,
Ed Nealy,1986-87,26,SAS,60,980,11.3,-1.8,0.1,1.9,.095
Ed Nealy,1987-88,27,SAS,68,837,9.2,-2.4,-0.1,1.2,.068
Ed Nealy,1988-89,28,2TM,43,258,6.0,-3.6,-0.1,0.4,.066
Ed Nealy,1988-89,28,CHI,13,94,7.3,-2.2,0.0,0.2,.128
Ed Nealy,1988-89,28,PHO,30,164,5.3,-4.4,-0.1,0.1,.030
Ed Nealy,1989-90,29,CHI,46,503,11.1,-1.2,0.1,1.3,.122
Ed Nealy,1990-91,30,PHO,55,573,11.3,1.1,0.4,1.5,.122
Ed Nealy,1991-92,31,PHO,52,505,12.9,1.5,0.4,1.5,.142
Ed Nealy,1992-93,32,2TM,41,308,8.3,-2.7,-0.1,0.5,.073
Ed Nealy,1992-93,32,GSW,30,229,7.4,-2.6,0.0,0.3,.067
Ed Nealy,1992-93,32,CHI,11,79,10.9,-3.1,0.0,0.2,.091
Nemanja Nedović,2013-14,22,GSW,24,142,-1.7,-10.0,-0.3,-0.4,-0.132
Al Negratti,1946-47,25,WSC,11,,,,,-0.1,
Barry Nelson,1971-72,22,MIL,28,102,7.6,,,0.1,.026
DeMarcus Nelson,2008-09,23,GSW,13,171,6.5,-5.5,-0.2,-0.3,-0.071
Don Nelson,1962-63,22,CHZ,62,1071,13.8,,,2.1,.094
Don Nelson,1963-64,23,LAL,80,1406,10.6,,,2.3,.080
Don Nelson,1964-65,24,LAL,39,238,14.0,,,0.4,.080
Don Nelson,1965-66,25,BOS,75,1765,13.3,,,5.4,.146
Don Nelson,1966-67,26,BOS,79,1202,14.3,,,3.3,.131
Don Nelson,1967-68,27,BOS,82,1498,18.2,,,6.1,.197
Don Nelson,1968-69,28,BOS,82,1773,17.5,,,7.5,.203
Don Nelson,1969-70,29,BOS,82,2224,18.5,,,8.3,.180
Don Nelson,1970-71,30,BOS,82,2254,15.9,,,7.4,.157
Don Nelson,1971-72,31,BOS,82,2086,17.7,,,8.8,.202
Don Nelson,1972-73,32,BOS,72,1425,16.8,,,5.8,.194
Don Nelson,1973-74,33,BOS,82,1748,16.1,0.8,1.3,5.9,.162
Don Nelson,1974-75,34,BOS,79,2052,18.1,2.4,2.3,8.7,.204
Don Nelson,1975-76,35,BOS,75,943,15.1,0.0,0.5,2.6,.134
Jameer Nelson,2004-05,22,ORL,79,1612,14.5,-0.7,0.5,2.5,.074
Jameer Nelson,2005-06,23,ORL,62,1784,19.5,2.0,1.8,4.9,.132
Jameer Nelson,2006-07,24,ORL,77,2331,13.9,-0.7,0.8,4.0,.082
Jameer Nelson,2007-08,25,ORL,69,1961,15.5,1.2,1.6,5.6,.136
Jameer Nelson,2008-09,26,ORL,42,1309,20.6,5.1,2.3,6.0,.220
Jameer Nelson,2009-10,27,ORL,65,1860,15.5,0.7,1.3,5.0,.130
Jameer Nelson,2010-11,28,ORL,76,2319,15.4,1.1,1.8,6.6,.136
Jameer Nelson,2011-12,29,ORL,57,1706,14.6,-0.1,0.8,3.5,.099
Jameer Nelson,2012-13,30,ORL,56,1977,14.4,-1.2,0.4,2.1,.050
Jameer Nelson,2013-14,31,ORL,68,2179,13.9,-1.1,0.5,2.8,.062
Jameer Nelson,2014-15,32,3TM,63,1407,12.1,-1.0,0.4,1.4,.047
Jameer Nelson,2014-15,32,DAL,23,584,9.9,-1.4,0.1,0.6,.047
Jameer Nelson,2014-15,32,BOS,6,121,8.7,-3.9,-0.1,0.0,-0.015
Jameer Nelson,2014-15,32,DEN,34,702,14.5,0.0,0.3,0.8,.058
Jameer Nelson,2015-16,33,DEN,39,1036,9.5,-3.0,-0.3,0.5,.024
Jameer Nelson,2016-17,34,DEN,75,2045,11.5,-2.0,0.0,2.8,.066
Jameer Nelson,2017-18,35,2TM,50,1013,8.1,-3.3,-0.3,0.6,.028
Jameer Nelson,2017-18,35,NOP,43,897,8.9,-2.6,-0.1,0.8,.045
Jameer Nelson,2017-18,35,DET,7,116,2.6,-8.4,-0.2,-0.3,-0.107
Louie Nelson,1973-74,22,CAP,49,556,13.7,-0.5,0.2,1.1,.091
Louie Nelson,1974-75,23,NOJ,72,1898,12.8,-2.2,-0.1,2.3,.059
Louie Nelson,1975-76,24,NOJ,66,2030,12.3,-1.4,0.3,2.9,.069
Louie Nelson,1976-77,25,SAS,4,57,8.4,-3.9,0.0,0.0,.032
Louie Nelson,1977-78,26,2TM,33,406,12.5,-2.2,-0.1,0.0,-0.001
Louie Nelson,1977-78,26,KCK,8,53,2.4,-5.1,-0.1,-0.1,-0.117
Louie Nelson,1977-78,26,NJN,25,353,14.0,-1.8,0.0,0.1,.016
Ron Nelson,1970-71,24,FLO,59,490,6.2,,,0.3,.030
Andrew Nembhard,2022-23,23,IND,75,2073,10.0,-3.2,-0.6,1.2,.029
Andrew Nembhard,2023-24,24,IND,68,1697,11.3,-2.2,-0.1,2.0,.057
Andrew Nembhard,2024-25,25,IND,65,1881,11.7,-2.3,-0.1,2.8,.071
RJ Nembhard Jr.,2021-22,22,CLE,14,63,8.0,-6.0,-0.1,0.0,.010
Ruben Nembhard,1996-97,24,2TM,10,113,13.3,1.0,0.1,0.2,.085
Ruben Nembhard,1996-97,24,UTA,8,94,13.8,1.3,0.1,0.2,.121
Ruben Nembhard,1996-97,24,POR,2,19,10.9,-0.8,0.0,0.0,-0.093
Dick Nemelka,1966-67,,Did not play - other,,,,,,,
Dick Nemelka,1967-68,,Did not play - other,,,,,,,
Dick Nemelka,1968-69,,Did not play - other,,,,,,,
Dick Nemelka,1969-70,,Did not play - other,,,,,,,
Dick Nemelka,1970-71,27,UTS,39,504,9.8,,,0.5,.052
Tyrone Nesby,1998-99,23,LAC,50,1288,17.0,1.8,1.2,3.1,.117
Tyrone Nesby,1999-00,24,LAC,73,2317,12.6,-2.7,-0.4,1.3,.027
Tyrone Nesby,2000-01,25,2TM,62,1556,8.9,-3.6,-0.6,0.3,.008
Tyrone Nesby,2000-01,25,LAC,14,333,8.5,-2.6,0.0,0.0,.004
Tyrone Nesby,2000-01,25,WAS,48,1223,9.0,-3.8,-0.6,0.2,.009
Tyrone Nesby,2001-02,26,WAS,70,1498,13.1,-0.8,0.4,2.9,.094
Aaron Nesmith,2020-21,21,BOS,46,669,9.4,-3.2,-0.2,1.1,.076
Aaron Nesmith,2021-22,22,BOS,52,574,7.3,-4.3,-0.3,0.4,.038
Aaron Nesmith,2022-23,23,IND,73,1816,10.5,-3.0,-0.4,2.0,.052
Aaron Nesmith,2023-24,24,IND,72,1995,12.8,-0.5,0.8,4.1,.098
Aaron Nesmith,2024-25,25,IND,45,1123,14.6,-0.5,0.4,2.9,.126
Martin Nessley,1987-88,22,2TM,44,336,2.8,-8.2,-0.5,-0.1,-0.014
Martin Nessley,1987-88,22,LAC,35,295,2.9,-8.0,-0.4,-0.1,-0.016
Martin Nessley,1987-88,22,SAC,9,41,2.3,-9.1,-0.1,0.0,-0.001
Rasho Nesterović,1998-99,22,MIN,2,30,3.5,-9.7,-0.1,0.0,-0.049
Rasho Nesterović,1999-00,23,MIN,82,1723,11.0,-2.6,-0.2,3.0,.082
Rasho Nesterović,2000-01,24,MIN,73,1233,10.4,-3.5,-0.5,1.5,.060
Rasho Nesterović,2001-02,25,MIN,82,2218,12.9,-1.7,0.2,4.1,.089
Rasho Nesterović,2002-03,26,MIN,77,2337,14.7,-0.1,1.1,5.2,.107
Rasho Nesterović,2003-04,27,SAS,82,2353,15.3,1.1,1.9,7.2,.147
Rasho Nesterović,2004-05,28,SAS,70,1785,12.0,-0.7,0.6,4.2,.114
Rasho Nesterović,2005-06,29,SAS,80,1515,11.0,-1.5,0.2,3.7,.118
Rasho Nesterović,2006-07,30,TOR,80,1676,13.9,-0.3,0.7,4.1,.118
Rasho Nesterović,2007-08,31,TOR,71,1486,16.1,0.0,0.7,3.9,.125
Rasho Nesterović,2008-09,32,IND,70,1214,14.1,-0.9,0.3,2.2,.086
Rasho Nesterović,2009-10,33,TOR,42,413,16.0,-1.2,0.1,0.8,.089
Raul Neto,2013-14,,Did not play - other pro league,,,,,,,
Raul Neto,2014-15,,Did not play - other pro league,,,,,,,
Raul Neto,2015-16,23,UTA,81,1499,10.2,-2.0,0.0,1.8,.058
Raul Neto,2016-17,24,UTA,40,346,10.7,-0.1,0.2,0.7,.100
Raul Neto,2017-18,25,UTA,41,498,11.9,-1.4,0.1,0.9,.086
Raul Neto,2018-19,26,UTA,37,474,13.5,-0.3,0.2,1.1,.116
Raul Neto,2019-20,27,PHI,54,668,12.7,-1.8,0.0,1.2,.083
Raul Neto,2020-21,28,WAS,64,1403,13.0,-0.6,0.5,2.8,.097
Raul Neto,2021-22,29,WAS,70,1372,12.4,-2.9,-0.4,1.5,.053
Raul Neto,2022-23,30,CLE,48,505,12.6,-0.2,0.2,1.5,.142
Raul Neto,2023-24,,Did not play - injury,,,,,,,
Bob Netolicky,1967-68,25,INA,71,2385,21.4,,,7.4,.149
Bob Netolicky,1968-69,26,INA,78,2721,19.1,,,8.3,.147
Bob Netolicky,1969-70,27,INA,82,3222,19.1,,,8.2,.122
Bob Netolicky,1970-71,28,INA,82,3137,16.7,,,7.5,.114
Bob Netolicky,1971-72,29,INA,83,2905,15.1,,,5.6,.093
Bob Netolicky,1972-73,30,DLC,84,3409,15.9,,,4.9,.069
Bob Netolicky,1973-74,31,2TM,75,1645,16.1,0.7,1.1,4.1,.120
Bob Netolicky,1973-74,31,SAA,19,488,18.1,3.1,0.6,1.3,.129
Bob Netolicky,1973-74,31,INA,56,1157,15.2,-0.4,0.5,2.8,.116
Bob Netolicky,1974-75,32,INA,59,1077,12.9,-2.2,-0.1,2.1,.093
Bob Netolicky,1975-76,33,INA,4,53,7.1,-4.8,-0.1,0.0,-0.044
Johnny Neumann,1971-72,20,MMP,77,1969,15.0,,,2.0,.048
Johnny Neumann,1972-73,21,MMT,79,2787,14.7,,,4.6,.078
Johnny Neumann,1973-74,22,2TM,87,2056,14.4,-2.3,-0.2,0.8,.018
Johnny Neumann,1973-74,22,MMT,43,1300,13.9,-2.6,-0.2,0.2,.009
Johnny Neumann,1973-74,22,UTS,44,756,15.4,-1.9,0.0,0.5,.033
Johnny Neumann,1974-75,23,2TM,52,931,11.5,-3.0,-0.3,0.6,.031
Johnny Neumann,1974-75,23,VIR,4,96,6.9,-5.1,-0.1,-0.3,-0.164
Johnny Neumann,1974-75,23,INA,48,835,12.0,-2.7,-0.2,0.9,.054
Johnny Neumann,1975-76,24,2TM,77,1589,14.4,-0.4,0.6,1.6,.047
Johnny Neumann,1975-76,24,VIR,35,777,16.6,0.6,0.5,0.8,.050
Johnny Neumann,1975-76,24,KEN,42,812,12.4,-1.4,0.1,0.8,.045
Johnny Neumann,1976-77,25,2TM,63,937,11.1,-4.9,-0.6,0.0,.000
Johnny Neumann,1976-77,25,BUF,4,49,19.8,-2.3,0.0,0.1,.084
Johnny Neumann,1976-77,25,LAL,59,888,10.7,-5.1,-0.7,-0.1,-0.005
Johnny Neumann,1977-78,26,IND,20,216,7.4,-5.0,-0.2,-0.1,-0.029
Johnny Neumann,1978-79,,Did not play - other pro league,,,,,,,
Paul Neumann,1959-60,,Did not play - other pro league,,,,,,,
Paul Neumann,1960-61,,Did not play - other pro league,,,,,,,
Paul Neumann,1961-62,24,SYR,77,1265,11.8,,,3.2,.123
Paul Neumann,1962-63,25,SYR,80,1581,13.4,,,4.6,.139
Paul Neumann,1963-64,26,PHI,74,1973,14.3,,,4.2,.103
Paul Neumann,1964-65,27,2TM,76,2034,14.9,,,6.5,.153
Paul Neumann,1964-65,27,PHI,40,1100,16.8,,,4.2,.185
Paul Neumann,1964-65,27,SFW,36,934,12.7,,,2.2,.115
Paul Neumann,1965-66,28,SFW,66,1729,14.8,,,4.0,.112
Paul Neumann,1966-67,29,SFW,78,2421,13.0,,,5.8,.115
Chuck Nevitt,1982-83,23,HOU,6,64,14.8,-2.7,0.0,0.1,.057
Chuck Nevitt,1983-84,,Did not play - waived,,,,,,,
Chuck Nevitt,1984-85,25,LAL,11,59,2.1,-11.7,-0.1,-0.2,-0.158
Chuck Nevitt,1985-86,26,2TM,29,126,11.2,-4.0,-0.1,0.1,.046
Chuck Nevitt,1985-86,26,LAL,4,25,5.4,-11.4,-0.1,-0.1,-0.137
Chuck Nevitt,1985-86,26,DET,25,101,12.7,-2.1,0.0,0.2,.091
Chuck Nevitt,1986-87,27,DET,41,267,10.3,-3.4,-0.1,0.5,.088
Chuck Nevitt,1987-88,28,DET,17,63,6.6,-7.4,-0.1,0.0,.018
Chuck Nevitt,1988-89,29,HOU,43,228,8.1,-4.5,-0.1,0.1,.022
Chuck Nevitt,1989-90,30,HOU,3,9,12.1,2.3,0.0,0.0,.037
Chuck Nevitt,1990-91,,Did not play - other pro league,,,,,,,
Chuck Nevitt,1991-92,32,CHI,4,9,-13.6,-22.6,0.0,-0.1,-0.467
Chuck Nevitt,1992-93,,Did not play - other pro league,,,,,,,
Chuck Nevitt,1993-94,34,SAS,1,1,46.0,-34.2,0.0,0.0,-0.174
Melvin Newbern,1992-93,25,DET,33,311,11.5,-2.4,0.0,0.0,.000
Ivano Newbill,1994-95,24,DET,34,331,7.3,-5.6,-0.3,0.1,.022
Ivano Newbill,1995-96,,Did not play - other pro league,,,,,,,
Ivano Newbill,1996-97,26,ATL,72,850,6.7,-3.4,-0.3,1.1,.060
Ivano Newbill,1997-98,27,VAN,28,249,7.6,-6.9,-0.3,-0.1,-0.022
Ira Newble,2000-01,26,SAS,27,184,8.9,-4.0,-0.1,0.2,.055
Ira Newble,2001-02,27,ATL,42,1273,11.5,-1.5,0.2,2.3,.089
Ira Newble,2002-03,28,ATL,73,1931,11.7,-1.2,0.4,3.3,.081
Ira Newble,2003-04,29,CLE,64,1245,6.7,-4.5,-0.8,0.1,.004
Ira Newble,2004-05,30,CLE,74,1832,8.6,-2.9,-0.4,1.9,.050
Ira Newble,2005-06,31,CLE,36,353,4.0,-5.2,-0.3,0.1,.009
Ira Newble,2006-07,32,CLE,15,129,14.9,0.0,0.1,0.5,.179
Ira Newble,2007-08,33,3TM,49,698,9.7,-3.0,-0.2,0.9,.061
Ira Newble,2007-08,33,CLE,41,650,10.0,-2.7,-0.1,0.9,.067
Ira Newble,2007-08,33,SEA,2,17,0.5,-9.8,0.0,-0.1,-0.144
Ira Newble,2007-08,33,LAL,6,31,10.0,-4.4,0.0,0.0,.037
Mike Newlin,1971-72,23,HOU,82,1495,10.6,,,1.6,.050
Mike Newlin,1972-73,24,HOU,82,2658,16.2,,,5.8,.105
Mike Newlin,1973-74,25,HOU,76,2591,16.6,-1.2,0.5,5.2,.096
Mike Newlin,1974-75,26,HOU,79,2709,15.1,-0.5,1.0,5.9,.105
Mike Newlin,1975-76,27,HOU,82,3065,17.4,0.6,2.0,8.5,.133
Mike Newlin,1976-77,28,HOU,82,2119,16.1,-0.5,0.8,4.7,.106
Mike Newlin,1977-78,29,HOU,45,1181,16.0,-0.2,0.5,1.8,.073
Mike Newlin,1978-79,30,HOU,76,1828,12.9,-1.3,0.3,2.9,.076
Mike Newlin,1979-80,31,NJN,78,2510,17.7,1.3,2.1,6.5,.124
Mike Newlin,1980-81,32,NJN,79,2911,15.6,-0.8,0.9,6.1,.100
Mike Newlin,1981-82,33,NYK,76,1507,11.5,-3.6,-0.6,1.5,.049
Johnny Newman,1986-87,23,CLE,59,630,9.8,-4.4,-0.4,0.3,.024
Johnny Newman,1987-88,24,NYK,77,1589,12.1,-1.9,0.1,3.1,.093
Johnny Newman,1988-89,25,NYK,81,2336,15.3,1.1,1.8,6.7,.138
Johnny Newman,1989-90,26,NYK,80,2277,12.7,-1.1,0.5,4.5,.095
Johnny Newman,1990-91,27,CHH,81,2477,15.1,-1.0,0.7,4.1,.080
Johnny Newman,1991-92,28,CHH,55,1651,13.6,-2.0,0.0,2.3,.068
Johnny Newman,1992-93,29,CHH,64,1471,15.5,0.0,0.8,3.7,.120
Johnny Newman,1993-94,30,2TM,81,1697,14.1,-1.3,0.3,3.7,.106
Johnny Newman,1993-94,30,CHH,18,429,16.9,0.3,0.2,1.0,.116
Johnny Newman,1993-94,30,NJN,63,1268,13.2,-1.8,0.1,2.7,.102
Johnny Newman,1994-95,31,MIL,82,1896,10.4,-2.7,-0.3,2.8,.070
Johnny Newman,1995-96,32,MIL,82,2690,11.5,-1.4,0.4,4.4,.079
Johnny Newman,1996-97,33,MIL,82,2060,10.8,-2.6,-0.3,2.8,.065
Johnny Newman,1997-98,34,DEN,74,2176,14.9,-2.6,-0.3,2.7,.060
Johnny Newman,1998-99,35,CLE,50,949,9.2,-3.1,-0.3,1.2,.059
Johnny Newman,1999-00,36,NJN,82,1763,13.6,-1.9,0.1,3.5,.095
Johnny Newman,2000-01,37,NJN,82,2049,13.0,-2.1,0.0,3.4,.081
Johnny Newman,2001-02,38,DAL,47,724,8.3,-2.6,-0.1,0.9,.061
Malik Newman,2019-20,22,CLE,1,4,-11.4,-25.7,0.0,0.0,-0.502
Malik Newman,2020-21,,Did not play - other pro league,,,,,,,
Malik Newman,2021-22,24,CLE,1,8,28.6,6.4,0.0,0.0,.179
Dave Newmark,1968-69,22,CHI,81,1159,11.2,,,0.8,.034
Dave Newmark,1969-70,23,ATL,64,612,12.7,,,0.4,.033
Dave Newmark,1970-71,24,CAR,31,457,14.7,,,0.7,.073
Bill Newton,1972-73,22,INA,24,117,14.7,,,0.1,.046
Bill Newton,1973-74,23,INA,11,73,4.9,-4.4,-0.1,0.0,.001
Tristen Newton,2024-25,23,2TM,8,16,-6.1,-20.7,-0.1,-0.1,-0.330
Tristen Newton,2024-25,23,IND,5,8,-15.3,-32.7,-0.1,-0.1,-0.553
Tristen Newton,2024-25,23,MIN,3,8,3.1,-8.7,0.0,0.0,-0.107
Georges Niang,2016-17,23,IND,23,93,0.1,-11.7,-0.2,-0.3,-0.168
Georges Niang,2017-18,24,UTA,9,32,9.2,-4.0,0.0,0.0,-0.029
Georges Niang,2018-19,25,UTA,59,516,13.0,0.0,0.3,1.3,.123
Georges Niang,2019-20,26,UTA,66,923,11.7,-0.1,0.4,1.8,.092
Georges Niang,2020-21,27,UTA,72,1154,11.4,-0.3,0.5,2.6,.108
Georges Niang,2021-22,28,PHI,76,1736,10.7,-1.9,0.0,2.8,.077
Georges Niang,2022-23,29,PHI,78,1512,10.9,-1.4,0.2,2.5,.078
Georges Niang,2023-24,30,CLE,82,1831,9.9,-2.9,-0.4,2.4,.064
Georges Niang,2024-25,31,2TM,79,1697,11.2,-2.3,-0.1,2.9,.081
Georges Niang,2024-25,31,CLE,51,1053,11.1,-1.8,0.1,2.2,.099
Georges Niang,2024-25,31,ATL,28,644,11.4,-3.1,-0.2,0.7,.051
Demetris Nichols,2007-08,23,2TM,14,44,-1.9,-12.1,-0.1,-0.2,-0.234
Demetris Nichols,2007-08,23,CLE,3,14,-20.8,-28.3,-0.1,-0.2,-0.615
Demetris Nichols,2007-08,23,CHI,11,30,7.0,-4.6,0.0,0.0,-0.056
Demetris Nichols,2008-09,24,2TM,4,14,8.8,-4.8,0.0,0.0,-0.108
Demetris Nichols,2008-09,24,CHI,2,5,-3.5,-11.3,0.0,0.0,-0.283
Demetris Nichols,2008-09,24,NYK,2,9,15.7,-1.2,0.0,0.0,-0.010
Jack Nichols,1948-49,22,WSC,34,,,,,4.3,
Jack Nichols,1949-50,23,2TM,67,,,,,6.7,
Jack Nichols,1949-50,23,WSC,49,,,,,4.5,
Jack Nichols,1949-50,23,TRI,18,,,,,2.1,
Jack Nichols,1950-51,24,TRI,6,,,,,0.3,
Jack Nichols,1951-52,,Did not play - military service,,,,,,,
Jack Nichols,1952-53,26,MLH,69,2626,16.8,,,4.1,.075
Jack Nichols,1953-54,27,2TM,75,1607,9.5,,,-1.0,-0.030
Jack Nichols,1953-54,27,MLH,15,356,4.1,,,-1.6,-0.211
Jack Nichols,1953-54,27,BOS,60,1251,11.1,,,0.6,.022
Jack Nichols,1954-55,28,BOS,64,1910,12.2,,,1.6,.040
Jack Nichols,1955-56,29,BOS,60,1964,16.5,,,4.4,.107
Jack Nichols,1956-57,30,BOS,61,1372,11.9,,,2.5,.088
Jack Nichols,1957-58,31,BOS,69,1224,9.3,,,1.0,.040
Andrew Nicholson,2012-13,23,ORL,75,1249,15.1,-2.7,-0.2,1.7,.065
Andrew Nicholson,2013-14,24,ORL,76,1174,9.9,-5.1,-0.9,0.6,.025
Andrew Nicholson,2014-15,25,ORL,40,492,10.3,-4.9,-0.4,0.1,.007
Andrew Nicholson,2015-16,26,ORL,56,823,14.8,-1.1,0.2,1.6,.092
Andrew Nicholson,2016-17,27,2TM,38,342,5.9,-6.0,-0.3,-0.1,-0.019
Andrew Nicholson,2016-17,27,WAS,28,231,6.3,-5.6,-0.2,-0.1,-0.014
Andrew Nicholson,2016-17,27,BRK,10,111,5.0,-6.8,-0.1,-0.1,-0.030
Gaylon Nickerson,1994-95,,Did not play - other pro league,,,,,,,
Gaylon Nickerson,1995-96,,Did not play - other pro league,,,,,,,
Gaylon Nickerson,1996-97,27,2TM,4,42,12.9,-1.2,0.0,0.1,.076
Gaylon Nickerson,1996-97,27,SAS,3,36,14.3,0.0,0.0,0.1,.127
Gaylon Nickerson,1996-97,27,WSB,1,6,4.5,-8.0,0.0,0.0,-0.229
Carl Nicks,1980-81,22,2TM,67,1109,10.2,-4.1,-0.6,-0.2,-0.008
Carl Nicks,1980-81,22,DEN,27,493,8.3,-4.8,-0.4,-0.4,-0.043
Carl Nicks,1980-81,22,UTA,40,616,11.7,-3.5,-0.2,0.3,.021
Carl Nicks,1981-82,23,UTA,80,1322,10.5,-5.0,-1.0,-0.3,-0.010
Carl Nicks,1982-83,24,CLE,9,148,12.1,-2.7,0.0,0.1,.032
Rich Niemann,1968-69,22,2TM,34,272,11.9,,,0.2,.038
Rich Niemann,1968-69,22,DET,16,123,11.6,,,0.1,.037
Rich Niemann,1968-69,22,MIL,18,149,12.2,,,0.1,.038
Rich Niemann,1969-70,23,2TM,69,1484,17.7,,,4.4,.143
Rich Niemann,1969-70,23,BOS,6,18,6.5,,,0.0,.107
Rich Niemann,1969-70,23,CAR,63,1466,17.8,,,4.4,.144
Rich Niemann,1970-71,24,FLO,51,642,14.0,,,1.4,.107
Rich Niemann,1971-72,25,DLC,33,524,9.9,,,1.2,.109
Richie Niemiera,1948-49,27,FTW,55,,,,,4.8,
Richie Niemiera,1949-50,28,2TM,60,,,,,2.7,
Richie Niemiera,1949-50,28,FTW,31,,,,,0.8,
Richie Niemiera,1949-50,28,AND,29,,,,,1.9,
Mike Niles,1980-81,25,PHO,44,231,6.7,-8.8,-0.5,-0.3,-0.062
Kurt Nimphius,1980-81,,Did not play - other pro league,,,,,,,
Kurt Nimphius,1981-82,23,DAL,63,1085,12.0,-2.0,0.0,1.5,.067
Kurt Nimphius,1982-83,24,DAL,81,1515,12.5,-0.7,0.5,2.9,.093
Kurt Nimphius,1983-84,25,DAL,82,2284,13.0,0.3,1.3,4.8,.101
Kurt Nimphius,1984-85,26,DAL,82,2010,10.9,-0.3,0.9,3.3,.079
Kurt Nimphius,1985-86,27,2TM,80,2226,12.6,-2.6,-0.3,3.1,.067
Kurt Nimphius,1985-86,27,DAL,13,280,11.3,-1.2,0.1,0.4,.070
Kurt Nimphius,1985-86,27,LAC,67,1946,12.8,-2.8,-0.4,2.7,.066
Kurt Nimphius,1986-87,28,2TM,66,1088,9.6,-4.2,-0.6,0.7,.033
Kurt Nimphius,1986-87,28,LAC,38,811,9.4,-4.7,-0.6,0.3,.017
Kurt Nimphius,1986-87,28,DET,28,277,10.1,-2.6,0.0,0.5,.080
Kurt Nimphius,1987-88,29,SAS,72,919,10.9,-2.8,-0.2,1.0,.052
Kurt Nimphius,1988-89,,Did not play - other pro league,,,,,,,
Kurt Nimphius,1989-90,31,PHI,38,314,7.9,-5.7,-0.3,0.1,.020
Kurt Nimphius,1990-91,,Did not play - other pro league,,,,,,,
Daishen Nix,2021-22,19,HOU,24,261,8.1,-6.4,-0.3,-0.2,-0.033
Daishen Nix,2022-23,20,HOU,57,914,5.3,-6.5,-1.0,-1.2,-0.062
Daishen Nix,2023-24,21,MIN,15,50,12.3,-1.4,0.0,0.0,.014
Daishen Nix,2024-25,22,MIN,3,13,-7.0,-16.2,0.0,-0.1,-0.327
Dyron Nix,1989-90,22,IND,20,109,8.2,-5.8,-0.1,0.0,-0.015
Norm Nixon,1977-78,22,LAL,81,2779,14.1,-0.9,0.8,4.5,.078
Norm Nixon,1978-79,23,LAL,82,3145,18.2,2.2,3.3,9.6,.146
Norm Nixon,1979-80,24,LAL,82,3226,14.9,-0.7,1.1,6.7,.100
Norm Nixon,1980-81,25,LAL,79,2962,15.5,-0.6,1.0,5.5,.089
Norm Nixon,1981-82,26,LAL,82,3024,15.3,-0.8,0.9,6.6,.104
Norm Nixon,1982-83,27,LAL,79,2711,13.9,-1.9,0.0,3.9,.069
Norm Nixon,1983-84,28,SDC,82,3053,16.9,0.8,2.2,5.4,.085
Norm Nixon,1984-85,29,LAC,81,2894,15.6,-0.6,1.1,3.7,.061
Norm Nixon,1985-86,30,LAC,67,2138,15.7,-0.9,0.6,2.0,.046
Norm Nixon,1986-87,,Did not play - injury,,,,,,,
Norm Nixon,1987-88,,Did not play - injury,,,,,,,
Norm Nixon,1988-89,33,LAC,53,1318,9.8,-4.4,-0.8,-0.4,-0.013
Norm Nixon,1989-90,,Did not play - other pro league,,,,,,,
Zeke Nnaji,2020-21,20,DEN,42,397,11.3,-1.7,0.0,0.9,.104
Zeke Nnaji,2021-22,21,DEN,41,698,13.5,-2.2,0.0,1.8,.123
Zeke Nnaji,2022-23,22,DEN,53,728,12.5,-3.7,-0.3,1.6,.106
Zeke Nnaji,2023-24,23,DEN,58,576,12.4,-3.7,-0.2,1.2,.099
Zeke Nnaji,2024-25,24,DEN,57,608,12.0,-1.3,0.1,1.2,.097
Joakim Noah,2007-08,22,CHI,74,1534,15.5,-0.2,0.7,3.8,.120
Joakim Noah,2008-09,23,CHI,80,1938,16.5,1.1,1.5,6.4,.159
Joakim Noah,2009-10,24,CHI,64,1925,17.9,1.6,1.7,6.2,.154
Joakim Noah,2010-11,25,CHI,48,1576,18.8,2.9,1.9,6.7,.205
Joakim Noah,2011-12,26,CHI,64,1945,19.6,3.8,2.8,9.0,.223
Joakim Noah,2012-13,27,CHI,66,2426,18.1,3.4,3.3,7.3,.145
Joakim Noah,2013-14,28,CHI,80,2820,20.0,5.3,5.2,11.2,.190
Joakim Noah,2014-15,29,CHI,67,2049,15.3,2.1,2.1,5.6,.130
Joakim Noah,2015-16,30,CHI,29,635,14.1,1.6,0.6,1.1,.079
Joakim Noah,2016-17,31,NYK,46,1015,15.2,-0.5,0.4,2.2,.106
Joakim Noah,2017-18,32,NYK,7,40,15.6,-0.8,0.0,0.1,.072
Joakim Noah,2018-19,33,MEM,42,693,18.6,2.1,0.7,2.2,.150
Joakim Noah,2019-20,34,LAC,5,50,11.1,-1.6,0.0,0.1,.096
Chuck Noble,1954-55,,Did not play - other pro league,,,,,,,
Chuck Noble,1955-56,24,FTW,72,2013,10.8,,,1.1,.026
Chuck Noble,1956-57,25,FTW,54,1260,11.0,,,0.4,.014
Chuck Noble,1957-58,26,DET,61,1363,7.0,,,-0.9,-0.033
Chuck Noble,1958-59,27,DET,65,939,10.6,,,-0.5,-0.024
Chuck Noble,1959-60,28,DET,58,1621,10.9,,,0.0,.000
Chuck Noble,1960-61,29,DET,75,1655,8.1,,,-0.5,-0.014
Chuck Noble,1961-62,30,DET,26,361,4.7,,,-0.5,-0.063
Andrés Nocioni,2001-02,,Did not play - other pro league,,,,,,,
Andrés Nocioni,2002-03,,Did not play - other pro league,,,,,,,
Andrés Nocioni,2003-04,,Did not play - other pro league,,,,,,,
Andrés Nocioni,2004-05,25,CHI,81,1892,10.1,-2.0,0.0,2.5,.062
Andrés Nocioni,2005-06,26,CHI,82,2239,16.1,1.7,2.1,6.7,.144
Andrés Nocioni,2006-07,27,CHI,53,1406,15.6,0.8,1.0,4.1,.139
Andrés Nocioni,2007-08,28,CHI,82,2021,13.6,-0.8,0.6,3.3,.077
Andrés Nocioni,2008-09,29,2TM,76,1991,12.2,-1.9,0.0,2.8,.068
Andrés Nocioni,2008-09,29,CHI,53,1278,11.4,-2.1,0.0,1.9,.072
Andrés Nocioni,2008-09,29,SAC,23,713,13.6,-1.7,0.1,0.9,.060
Andrés Nocioni,2009-10,30,SAC,75,1477,11.1,-2.4,-0.1,1.3,.044
Andrés Nocioni,2010-11,31,PHI,54,931,10.1,-2.5,-0.1,1.3,.067
Andrés Nocioni,2011-12,32,PHI,11,56,1.8,-12.9,-0.2,-0.2,-0.139
Andrés Nocioni,2012-13,,Did not play - other pro league,,,,,,,
Andrés Nocioni,2013-14,,Did not play - other pro league,,,,,,,
Andrés Nocioni,2014-15,,Did not play - other pro league,,,,,,,
Andrés Nocioni,2015-16,,Did not play - other pro league,,,,,,,
Andrés Nocioni,2016-17,,Did not play - other pro league,,,,,,,
David Noel,2006-07,22,MIL,68,792,9.0,-3.1,-0.2,0.4,.024
Nerlens Noel,2013-14,,Did not play - injury,,,,,,,
Nerlens Noel,2014-15,20,PHI,75,2311,15.0,-0.3,1.0,4.0,.083
Nerlens Noel,2015-16,21,PHI,67,1965,16.2,-0.2,0.9,3.0,.074
Nerlens Noel,2016-17,22,2TM,51,1047,20.4,2.4,1.2,4.0,.181
Nerlens Noel,2016-17,22,PHI,29,564,20.8,3.2,0.7,2.2,.184
Nerlens Noel,2016-17,22,DAL,22,483,19.8,1.4,0.4,1.8,.178
Nerlens Noel,2017-18,23,DAL,30,472,16.2,0.5,0.3,1.3,.135
Nerlens Noel,2018-19,24,OKC,77,1055,19.3,2.1,1.1,4.3,.198
Nerlens Noel,2019-20,25,OKC,61,1127,20.4,3.1,1.5,4.9,.209
Nerlens Noel,2020-21,26,NYK,64,1547,14.8,1.4,1.3,5.2,.162
Nerlens Noel,2021-22,27,NYK,25,562,11.8,0.3,0.3,1.5,.128
Nerlens Noel,2022-23,28,2TM,17,195,7.9,-3.8,-0.1,0.0,.007
Nerlens Noel,2022-23,28,DET,14,152,10.0,-2.0,0.0,0.1,.040
Nerlens Noel,2022-23,28,BRK,3,43,0.3,-10.3,-0.1,-0.1,-0.112
Nerlens Noel,2023-24,,Did not play - waived,,,,,,,
Paul Noel,1947-48,23,NYK,29,,,,,0.7,
Paul Noel,1948-49,24,NYK,47,,,,,-0.8,
Paul Noel,1949-50,25,NYK,65,,,,,0.9,
Paul Noel,1950-51,26,ROC,52,,,,,-0.5,
Paul Noel,1951-52,27,ROC,8,32,2.3,,,-0.1,-0.092
Lucas Nogueira,2013-14,,Did not play - other pro league,,,,,,,
Lucas Nogueira,2014-15,22,TOR,6,23,5.2,-10.5,0.0,0.0,-0.071
Lucas Nogueira,2015-16,23,TOR,29,225,15.6,0.0,0.1,0.7,.154
Lucas Nogueira,2016-17,24,TOR,57,1088,15.5,2.0,1.1,3.7,.164
Lucas Nogueira,2017-18,25,TOR,49,418,17.3,5.2,0.8,1.6,.188
Jim Nolan,1949-50,22,PHW,5,,,,,-0.2,
Paul Nolen,1953-54,24,BLB,1,2,-20.5,,,0.0,-0.724
Jeff Nordgaard,1996-97,,Did not play - other pro league,,,,,,,
Jeff Nordgaard,1997-98,24,MIL,13,48,11.6,-3.7,0.0,0.0,.043
Bevo Nordmann,1961-62,22,CIN,58,344,9.6,,,0.1,.014
Bevo Nordmann,1962-63,23,2TM,53,1000,12.3,,,1.7,.083
Bevo Nordmann,1962-63,23,STL,27,271,10.5,,,0.5,.092
Bevo Nordmann,1962-63,23,NYK,26,729,13.0,,,1.2,.080
Bevo Nordmann,1963-64,24,2TM,19,259,5.8,,,0.0,.008
Bevo Nordmann,1963-64,24,NYK,7,106,9.5,,,0.2,.076
Bevo Nordmann,1963-64,24,STL,12,153,3.2,,,-0.1,-0.039
Bevo Nordmann,1964-65,25,BOS,3,25,13.0,,,0.1,.240
Johnny Norlander,1946-47,25,WSC,60,,,,,9.7,
Johnny Norlander,1947-48,26,WSC,48,,,,,5.8,
Johnny Norlander,1948-49,27,WSC,60,,,,,4.2,
Johnny Norlander,1949-50,28,WSC,40,,,,,0.6,
Johnny Norlander,1950-51,29,WSC,9,,,,,0.2,
Connie Norman,1974-75,21,PHI,12,72,19.4,-1.7,0.1,0.2,.120
Connie Norman,1975-76,22,PHI,65,818,12.7,-2.2,0.0,0.8,.046
Connie Norman,1976-77,,Did not play - waived,,,,,,,
Connie Norman,1977-78,,Did not play - waived,,,,,,,
Connie Norman,1978-79,25,SDC,22,323,11.9,-3.6,-0.1,0.2,.032
Ken Norman,1987-88,23,LAC,66,1435,11.2,-3.1,-0.4,0.6,.021
Ken Norman,1988-89,24,LAC,80,3020,15.4,-0.5,1.1,4.0,.064
Ken Norman,1989-90,25,LAC,70,2334,14.6,-0.9,0.6,2.9,.061
Ken Norman,1990-91,26,LAC,70,2309,16.4,0.5,1.5,4.8,.100
Ken Norman,1991-92,27,LAC,77,2009,15.3,0.0,1.0,4.0,.095
Ken Norman,1992-93,28,LAC,76,2477,15.7,-0.3,1.1,5.2,.101
Ken Norman,1993-94,29,MIL,82,2539,12.6,-2.3,-0.2,1.9,.036
Ken Norman,1994-95,30,ATL,74,1879,14.8,-1.1,0.4,3.2,.081
Ken Norman,1995-96,31,ATL,34,770,13.4,-1.0,0.2,1.1,.069
Ken Norman,1996-97,32,ATL,17,220,3.1,-9.2,-0.4,-0.6,-0.129
Audie Norris,1982-83,22,POR,30,311,5.0,-5.2,-0.3,-0.1,-0.022
Audie Norris,1983-84,23,POR,79,1157,8.7,-3.7,-0.5,1.1,.046
Audie Norris,1984-85,24,POR,78,1117,10.6,-3.2,-0.3,1.9,.083
Audie Norris,1985-86,,Did not play - other pro league,,,,,,,
Audie Norris,1986-87,,Did not play - other pro league,,,,,,,
Audie Norris,1987-88,,Did not play - other pro league,,,,,,,
Audie Norris,1988-89,,Did not play - other pro league,,,,,,,
Audie Norris,1989-90,,Did not play - other pro league,,,,,,,
Audie Norris,1990-91,,Did not play - other pro league,,,,,,,
Audie Norris,1991-92,,Did not play - other pro league,,,,,,,
Audie Norris,1992-93,,Did not play - other pro league,,,,,,,
Audie Norris,1993-94,,Did not play - other pro league,,,,,,,
Miles Norris,2024-25,24,BOS,3,35,8.5,-1.9,0.0,0.0,.049
Moochie Norris,1996-97,23,VAN,8,89,8.2,-5.9,-0.1,-0.1,-0.066
Moochie Norris,1997-98,,Did not play - other pro league,,,,,,,
Moochie Norris,1998-99,25,SEA,12,140,7.6,-4.3,-0.1,-0.2,-0.057
Moochie Norris,1999-00,26,HOU,30,502,18.4,1.7,0.5,1.7,.158
Moochie Norris,2000-01,27,HOU,82,1654,16.2,1.0,1.2,4.4,.126
Moochie Norris,2001-02,28,HOU,82,2249,13.1,-2.4,-0.2,1.8,.039
Moochie Norris,2002-03,29,HOU,82,1375,11.8,-1.5,0.2,1.7,.061
Moochie Norris,2003-04,30,2TM,66,847,10.9,-1.1,0.2,0.8,.045
Moochie Norris,2003-04,30,HOU,30,401,6.7,-3.0,-0.1,0.0,-0.005
Moochie Norris,2003-04,30,NYK,36,446,14.8,0.6,0.3,0.8,.091
Moochie Norris,2004-05,31,2TM,38,360,6.1,-6.6,-0.4,-0.4,-0.056
Moochie Norris,2004-05,31,NYK,32,321,6.8,-5.5,-0.3,-0.3,-0.043
Moochie Norris,2004-05,31,HOU,6,39,0.6,-15.8,-0.1,-0.1,-0.168
Moochie Norris,2005-06,32,2TM,45,424,10.1,-3.0,-0.1,0.3,.029
Moochie Norris,2005-06,32,HOU,29,241,10.4,-1.9,0.0,0.2,.046
Moochie Norris,2005-06,32,NOK,16,183,9.6,-4.3,-0.1,0.0,.006
Sylvester Norris,1979-80,22,SAS,17,189,3.3,-6.2,-0.3,-0.2,-0.055
Zach Norvell,2019-20,22,2TM,5,41,2.6,-8.4,-0.1,-0.1,-0.084
Zach Norvell,2019-20,22,LAL,2,5,-5.6,-12.8,0.0,0.0,-0.152
Zach Norvell,2019-20,22,GSW,3,36,3.7,-7.7,-0.1,-0.1,-0.075
Willie Norwood,1969-70,,Did not play - waived,,,,,,,
Willie Norwood,1970-71,,Did not play - other pro league,,,,,,,
Willie Norwood,1971-72,24,DET,78,1272,13.4,,,2.6,.097
Willie Norwood,1972-73,25,DET,79,1282,15.8,,,3.8,.141
Willie Norwood,1973-74,26,DET,74,1178,15.8,0.7,0.8,3.5,.144
Willie Norwood,1974-75,27,DET,24,347,17.3,0.3,0.2,1.1,.146
Willie Norwood,1975-76,28,SEA,64,1004,15.4,-0.2,0.5,3.0,.141
Willie Norwood,1976-77,29,SEA,76,1647,12.0,-1.3,0.3,3.3,.095
Willie Norwood,1977-78,30,2TM,35,611,8.2,-3.5,-0.3,0.5,.037
Willie Norwood,1977-78,30,DET,16,260,10.4,-2.3,0.0,0.4,.070
Willie Norwood,1977-78,30,POR,19,351,6.6,-4.4,-0.2,0.1,.012
George Nostrand,1946-47,23,2TM,61,,,,,2.0,
George Nostrand,1946-47,23,TRH,13,,,,,1.0,
George Nostrand,1946-47,23,CLR,48,,,,,1.0,
George Nostrand,1947-48,24,PRO,45,,,,,1.3,
George Nostrand,1948-49,25,2TM,60,,,,,2.0,
George Nostrand,1948-49,25,PRO,33,,,,,-0.1,
George Nostrand,1948-49,25,BOS,27,,,,,2.1,
George Nostrand,1949-50,26,3TM,55,,,,,0.4,
George Nostrand,1949-50,26,BOS,18,,,,,0.2,
George Nostrand,1949-50,26,TRI,1,,,,,0.1,
George Nostrand,1949-50,26,CHS,36,,,,,0.1,
Stan Noszka,1946-47,26,PIT,58,,,,,1.8,
Stan Noszka,1947-48,27,BOS,22,,,,,0.4,
Stan Noszka,1948-49,28,BOS,30,,,,,-0.2,
Mike Novak,1948-49,33,ROC,60,,,,,1.8,
Mike Novak,1949-50,34,2TM,60,,,,,0.6,
Mike Novak,1949-50,34,ROC,5,,,,,-0.1,
Mike Novak,1949-50,34,PHW,55,,,,,0.7,
Mike Novak,1950-51,,Did not play - other pro league,,,,,,,
Mike Novak,1951-52,,Did not play - other pro league,,,,,,,
Mike Novak,1952-53,,Did not play - other pro league,,,,,,,
Mike Novak,1953-54,38,SYR,5,24,-14.7,,,-0.2,-0.344
Steve Novak,2006-07,23,HOU,35,191,7.7,-1.5,0.0,0.4,.091
Steve Novak,2007-08,24,HOU,35,264,17.3,4.2,0.4,1.1,.196
Steve Novak,2008-09,25,LAC,71,1161,13.5,-0.4,0.5,2.2,.092
Steve Novak,2009-10,26,LAC,54,362,8.3,-3.7,-0.2,0.3,.043
Steve Novak,2010-11,27,2TM,30,215,17.8,4.8,0.4,0.9,.196
Steve Novak,2010-11,27,DAL,7,18,19.6,5.8,0.0,0.1,.205
Steve Novak,2010-11,27,SAS,23,197,17.7,4.7,0.3,0.8,.195
Steve Novak,2011-12,28,NYK,54,1020,15.9,4.1,1.6,3.9,.181
Steve Novak,2012-13,29,NYK,81,1641,11.3,0.1,0.9,4.0,.116
Steve Novak,2013-14,30,TOR,54,540,11.1,1.5,0.5,1.4,.127
Steve Novak,2014-15,31,2TM,35,197,8.6,-1.9,0.0,0.3,.075
Steve Novak,2014-15,31,UTA,22,109,14.5,2.4,0.1,0.4,.162
Steve Novak,2014-15,31,OKC,13,88,1.3,-7.2,-0.1,-0.1,-0.032
Steve Novak,2015-16,32,2TM,10,44,14.4,1.2,0.0,0.1,.121
Steve Novak,2015-16,32,OKC,7,24,20.8,5.2,0.0,0.1,.181
Steve Novak,2015-16,32,MIL,3,20,6.7,-3.6,0.0,0.0,.050
Steve Novak,2016-17,33,MIL,8,22,1.3,-11.2,-0.1,0.0,-0.075
Jaylen Nowell,2019-20,20,MIN,15,151,10.5,-3.8,-0.1,0.2,.051
Jaylen Nowell,2020-21,21,MIN,42,759,12.3,-2.8,-0.2,0.7,.044
Jaylen Nowell,2021-22,22,MIN,62,975,16.8,0.8,0.7,2.8,.138
Jaylen Nowell,2022-23,23,MIN,65,1252,13.7,-2.5,-0.2,1.2,.046
Jaylen Nowell,2023-24,24,2TM,13,214,9.2,-5.4,-0.2,0.1,.016
Jaylen Nowell,2023-24,24,MEM,9,156,6.7,-7.4,-0.2,0.0,-0.007
Jaylen Nowell,2023-24,24,DET,4,58,15.9,-0.1,0.0,0.1,.078
Jaylen Nowell,2024-25,25,NOP,8,168,7.5,-5.7,-0.2,-0.2,-0.069
Markquis Nowell,2023-24,24,TOR,1,4,55.5,43.3,0.0,0.1,.665
Mel Nowell,1962-63,23,CHZ,39,589,10.5,,,-0.1,-0.006
Mel Nowell,1963-64,,Did not play - other pro league,,,,,,,
Mel Nowell,1964-65,,Did not play - other pro league,,,,,,,
Mel Nowell,1965-66,,Did not play - other pro league,,,,,,,
Mel Nowell,1966-67,,Did not play - other pro league,,,,,,,
Mel Nowell,1967-68,28,NJA,76,1555,12.1,,,2.6,.081
Dirk Nowitzki,1998-99,20,DAL,47,958,12.8,-2.5,-0.1,0.8,.040
Dirk Nowitzki,1999-00,21,DAL,82,2938,17.5,1.6,2.6,8.1,.132
Dirk Nowitzki,2000-01,22,DAL,82,3125,22.8,5.4,5.9,14.6,.224
Dirk Nowitzki,2001-02,23,DAL,76,2891,24.1,5.5,5.5,13.4,.222
Dirk Nowitzki,2002-03,24,DAL,80,3117,25.6,7.2,7.3,16.1,.249
Dirk Nowitzki,2003-04,25,DAL,77,2915,22.5,3.8,4.3,11.5,.190
Dirk Nowitzki,2004-05,26,DAL,78,3020,26.1,7.3,7.1,15.6,.248
Dirk Nowitzki,2005-06,27,DAL,81,3089,28.1,8.1,7.9,17.7,.275
Dirk Nowitzki,2006-07,28,DAL,78,2820,27.6,8.3,7.4,16.3,.278
Dirk Nowitzki,2007-08,29,DAL,77,2769,24.6,6.6,6.0,12.9,.223
Dirk Nowitzki,2008-09,30,DAL,81,3050,23.1,3.4,4.2,10.9,.171
Dirk Nowitzki,2009-10,31,DAL,81,3039,22.9,4.2,4.7,12.3,.194
Dirk Nowitzki,2010-11,32,DAL,73,2504,23.4,5.1,4.5,11.1,.213
Dirk Nowitzki,2011-12,33,DAL,62,2079,21.7,3.7,3.0,7.6,.175
Dirk Nowitzki,2012-13,34,DAL,53,1661,19.8,3.1,2.2,5.0,.145
Dirk Nowitzki,2013-14,35,DAL,80,2628,23.6,5.0,4.7,10.9,.199
Dirk Nowitzki,2014-15,36,DAL,77,2282,19.2,2.2,2.4,7.2,.152
Dirk Nowitzki,2015-16,37,DAL,75,2364,19.0,2.5,2.7,6.8,.138
Dirk Nowitzki,2016-17,38,DAL,54,1424,17.0,0.8,1.0,2.5,.084
Dirk Nowitzki,2017-18,39,DAL,77,1900,16.7,2.3,2.1,4.8,.121
Dirk Nowitzki,2018-19,40,DAL,51,795,9.6,-3.9,-0.4,0.3,.016
Frank Ntilikina,2017-18,19,NYK,78,1706,7.0,-5.0,-1.3,-0.9,-0.026
Frank Ntilikina,2018-19,20,NYK,43,904,6.0,-6.0,-0.9,-0.8,-0.045
Frank Ntilikina,2019-20,21,NYK,57,1187,9.8,-3.2,-0.4,0.9,.037
Frank Ntilikina,2020-21,22,NYK,33,322,7.7,-1.7,0.0,0.5,.070
Frank Ntilikina,2021-22,23,DAL,58,685,10.4,-1.9,0.0,0.9,.065
Frank Ntilikina,2022-23,24,DAL,47,607,5.2,-6.7,-0.7,-0.1,-0.010
Frank Ntilikina,2023-24,25,CHO,5,43,0.0,-13.4,-0.1,-0.1,-0.099
Kendrick Nunn,2019-20,24,MIA,67,1962,12.9,-2.3,-0.1,2.0,.049
Kendrick Nunn,2020-21,25,MIA,56,1650,14.2,-0.5,0.6,2.9,.084
Kendrick Nunn,2021-22,,Did not play - injury,,,,,,,
Kendrick Nunn,2022-23,27,2TM,70,964,11.1,-3.5,-0.4,0.2,.008
Kendrick Nunn,2022-23,27,LAL,39,528,8.7,-5.0,-0.4,-0.2,-0.021
Kendrick Nunn,2022-23,27,WAS,31,436,14.1,-1.6,0.0,0.4,.043
Kendrick Nunn,2023-24,,Did not play - other pro league,,,,,,,
James Nunnally,2013-14,23,2TM,13,165,6.1,-5.4,-0.1,-0.1,-0.021
James Nunnally,2013-14,23,ATL,4,54,6.2,-6.6,-0.1,-0.1,-0.055
James Nunnally,2013-14,23,PHI,9,111,6.1,-4.7,-0.1,0.0,-0.005
James Nunnally,2014-15,,Did not play - other pro league,,,,,,,
James Nunnally,2015-16,,Did not play - other pro league,,,,,,,
James Nunnally,2016-17,,Did not play - other pro league,,,,,,,
James Nunnally,2017-18,,Did not play - other pro league,,,,,,,
James Nunnally,2018-19,28,2TM,15,102,7.3,-4.8,-0.1,0.1,.035
James Nunnally,2018-19,28,MIN,13,64,12.1,0.1,0.0,0.1,.097
James Nunnally,2018-19,28,HOU,2,38,-0.8,-13.0,-0.1,-0.1,-0.068
James Nunnally,2019-20,,Did not play - other pro league,,,,,,,
James Nunnally,2020-21,30,NOP,9,48,8.3,-2.7,0.0,0.0,.031
Jusuf Nurkić,2014-15,20,DEN,62,1103,14.8,-2.8,-0.2,1.6,.069
Jusuf Nurkić,2015-16,21,DEN,32,547,15.9,-2.9,-0.1,0.4,.031
Jusuf Nurkić,2016-17,22,2TM,65,1391,17.5,-0.9,0.4,2.0,.068
Jusuf Nurkić,2016-17,22,DEN,45,807,15.0,-2.1,0.0,0.6,.034
Jusuf Nurkić,2016-17,22,POR,20,584,21.1,0.9,0.4,1.4,.116
Jusuf Nurkić,2017-18,23,POR,79,2088,19.2,0.0,1.1,4.7,.108
Jusuf Nurkić,2018-19,24,POR,72,1974,23.4,3.7,2.8,7.8,.189
Jusuf Nurkić,2019-20,25,POR,8,253,22.6,2.0,0.2,0.9,.164
Jusuf Nurkić,2020-21,26,POR,37,880,20.5,2.5,1.0,2.4,.133
Jusuf Nurkić,2021-22,27,POR,56,1579,20.0,0.3,0.9,3.6,.110
Jusuf Nurkić,2022-23,28,POR,52,1391,17.3,0.1,0.7,2.7,.092
Jusuf Nurkić,2023-24,29,PHO,76,2078,17.4,1.1,1.6,5.8,.133
Jusuf Nurkić,2024-25,30,2TM,51,1063,15.2,-1.3,0.2,1.5,.066
Jusuf Nurkić,2024-25,30,PHO,25,592,12.6,-3.4,-0.2,0.5,.039
Jusuf Nurkić,2024-25,30,CHO,26,471,18.4,1.2,0.4,1.0,.099
Dennis Nutt,1986-87,23,DAL,25,91,20.0,2.4,0.1,0.3,.156
David Nwaba,2016-17,24,LAL,20,397,12.2,-2.2,0.0,0.8,.091
David Nwaba,2017-18,25,CHI,70,1646,12.2,-2.5,-0.2,2.4,.071
David Nwaba,2018-19,26,CLE,51,984,12.5,-2.1,0.0,1.4,.069
David Nwaba,2019-20,27,BRK,20,268,14.0,1.1,0.2,0.8,.138
David Nwaba,2020-21,28,HOU,30,679,14.4,-0.8,0.2,1.3,.094
David Nwaba,2021-22,29,HOU,46,609,15.3,-0.6,0.2,1.3,.105
Jordan Nwora,2020-21,22,MIL,30,274,16.1,-1.1,0.1,0.4,.068
Jordan Nwora,2021-22,23,MIL,62,1185,9.9,-4.1,-0.6,0.6,.025
Jordan Nwora,2022-23,24,2TM,62,1188,12.2,-2.1,0.0,1.5,.060
Jordan Nwora,2022-23,24,MIL,38,597,10.0,-2.4,0.0,0.7,.057
Jordan Nwora,2022-23,24,IND,24,591,14.4,-1.8,0.0,0.8,.064
Jordan Nwora,2023-24,25,2TM,52,712,13.7,-2.5,-0.1,0.5,.034
Jordan Nwora,2023-24,25,IND,18,183,12.2,-4.0,-0.1,0.1,.030
Jordan Nwora,2023-24,25,TOR,34,529,14.2,-2.0,0.0,0.4,.035
Julius Nwosu,1994-95,23,SAS,23,84,6.8,-9.4,-0.2,0.0,-0.009
Charles O'Bannon,1997-98,22,DET,30,234,10.5,-2.1,0.0,0.2,.048
Charles O'Bannon,1998-99,23,DET,18,165,13.3,-2.0,0.0,0.3,.100
Ed O'Bannon,1995-96,23,NJN,64,1253,9.2,-3.4,-0.4,0.7,.026
Ed O'Bannon,1996-97,24,2TM,64,809,9.0,-3.6,-0.3,0.4,.024
Ed O'Bannon,1996-97,24,NJN,45,634,10.2,-2.4,-0.1,0.7,.057
Ed O'Bannon,1996-97,24,DAL,19,175,4.7,-7.8,-0.3,-0.3,-0.095
John O'Boyle,1952-53,24,MLH,5,97,3.4,,,0.0,-0.008
J.J. O'Brien,2015-16,23,UTA,2,6,1.3,-6.2,0.0,0.0,-0.028
Jim O'Brien,1973-74,22,NYA,11,54,22.0,-2.4,0.1,0.1,.076
Jim O'Brien,1974-75,23,MMS,47,611,14.0,0.3,0.4,0.3,.022
Jimmy O'Brien,1971-72,21,2TM,84,1778,8.1,,,1.4,.038
Jimmy O'Brien,1971-72,21,PTC,18,354,6.8,,,0.0,-0.006
Jimmy O'Brien,1971-72,21,KEN,66,1424,8.4,,,1.5,.050
Jimmy O'Brien,1972-73,22,KEN,68,1014,11.0,,,1.0,.046
Jimmy O'Brien,1973-74,23,2TM,72,1320,13.0,-1.1,0.3,1.4,.052
Jimmy O'Brien,1973-74,23,KEN,46,761,12.6,-0.9,0.2,1.0,.062
Jimmy O'Brien,1973-74,23,SDA,26,559,13.4,-1.4,0.1,0.5,.039
Jimmy O'Brien,1974-75,24,SDA,79,2036,10.1,-3.6,-0.8,0.2,.004
Ralph O'Brien,1950-51,,Did not play - other pro league,,,,,,,
Ralph O'Brien,1951-52,23,INO,64,1577,12.8,,,2.6,.079
Ralph O'Brien,1952-53,24,3TM,55,758,11.9,,,0.5,.034
Ralph O'Brien,1952-53,24,INO,34,526,11.7,,,0.3,.024
Ralph O'Brien,1952-53,24,FTW,7,50,11.6,,,0.1,.071
Ralph O'Brien,1952-53,24,BLB,14,182,12.6,,,0.2,.055
Johnny O'Bryant,2014-15,21,MIL,34,368,3.8,-9.5,-0.7,-0.5,-0.063
Johnny O'Bryant,2015-16,22,MIL,66,857,7.4,-5.9,-0.8,0.3,.014
Johnny O'Bryant,2016-17,23,2TM,11,80,14.9,-2.4,0.0,0.1,.088
Johnny O'Bryant,2016-17,23,DEN,7,46,14.4,-1.6,0.0,0.1,.096
Johnny O'Bryant,2016-17,23,CHO,4,34,15.5,-3.5,0.0,0.1,.078
Johnny O'Bryant,2017-18,24,CHO,36,379,11.9,-4.4,-0.2,0.3,.038
Patrick O'Bryant,2006-07,20,GSW,16,119,7.3,-4.6,-0.1,0.0,-0.003
Patrick O'Bryant,2007-08,21,GSW,24,99,14.0,-3.9,0.0,0.2,.105
Patrick O'Bryant,2008-09,22,2TM,39,255,11.8,-4.4,-0.2,0.3,.056
Patrick O'Bryant,2008-09,22,BOS,26,108,9.5,-5.6,-0.1,0.1,.025
Patrick O'Bryant,2008-09,22,TOR,13,147,13.5,-3.5,-0.1,0.2,.079
Patrick O'Bryant,2009-10,23,TOR,11,51,9.9,-6.6,-0.1,0.0,-0.009
Dermie O'Connell,1948-49,20,BOS,21,,,,,-0.6,
Dermie O'Connell,1949-50,21,2TM,61,,,,,-2.5,
Dermie O'Connell,1949-50,21,BOS,37,,,,,-1.3,
Dermie O'Connell,1949-50,21,STB,24,,,,,-1.2,
Andy O'Donnell,1949-50,24,BLB,25,,,,,0.3,
Buddy O'Grady,1946-47,27,WSC,55,,,,,1.4,
Buddy O'Grady,1947-48,28,STB,44,,,,,0.7,
Buddy O'Grady,1948-49,29,2TM,47,,,,,-0.5,
Buddy O'Grady,1948-49,29,STB,30,,,,,-0.1,
Buddy O'Grady,1948-49,29,PRO,17,,,,,-0.4,
Fran O'Hanlon,1970-71,22,FLO,14,101,-5.2,,,0.0,-0.004
Dick O'Keefe,1947-48,24,WSC,37,,,,,0.5,
Dick O'Keefe,1948-49,25,WSC,50,,,,,-0.1,
Dick O'Keefe,1949-50,26,WSC,68,,,,,2.1,
Dick O'Keefe,1950-51,27,WSC,17,,,,,-0.8,
Tommy O'Keefe,1950-51,22,2TM,6,,,,,0.1,
Tommy O'Keefe,1950-51,22,WSC,3,,,,,0.0,
Tommy O'Keefe,1950-51,22,BLB,3,,,,,0.0,
Mike O'Koren,1980-81,22,NJN,79,2473,12.6,-0.4,1.0,3.8,.075
Mike O'Koren,1981-82,23,NJN,80,2018,13.6,0.1,1.1,4.1,.098
Mike O'Koren,1982-83,24,NJN,46,803,13.4,1.3,0.7,2.0,.118
Mike O'Koren,1983-84,25,NJN,73,1191,10.0,-2.2,0.0,1.5,.062
Mike O'Koren,1984-85,26,NJN,43,1119,12.4,-0.5,0.4,1.9,.081
Mike O'Koren,1985-86,27,NJN,67,1031,9.9,-1.7,0.1,1.2,.057
Mike O'Koren,1986-87,28,WSB,15,123,5.8,-5.5,-0.1,-0.1,-0.034
Mike O'Koren,1987-88,29,NJN,4,52,13.7,3.1,0.1,0.1,.082
Grady O'Malley,1969-70,21,ATL,24,113,8.6,,,-0.3,-0.136
Jermaine O'Neal,1996-97,18,POR,45,458,13.7,-3.5,-0.2,0.8,.087
Jermaine O'Neal,1997-98,19,POR,60,808,12.7,-3.0,-0.2,1.2,.073
Jermaine O'Neal,1998-99,20,POR,36,311,13.6,-2.1,0.0,0.8,.125
Jermaine O'Neal,1999-00,21,POR,70,859,13.3,-2.5,-0.1,2.1,.117
Jermaine O'Neal,2000-01,22,IND,81,2641,17.5,0.3,1.5,6.4,.116
Jermaine O'Neal,2001-02,23,IND,72,2707,18.1,0.2,1.5,6.4,.113
Jermaine O'Neal,2002-03,24,IND,77,2864,21.4,2.9,3.5,10.5,.177
Jermaine O'Neal,2003-04,25,IND,78,2788,21.1,2.4,3.1,9.0,.155
Jermaine O'Neal,2004-05,26,IND,44,1530,22.9,1.8,1.5,3.8,.118
Jermaine O'Neal,2005-06,27,IND,51,1802,20.4,2.3,2.0,4.9,.131
Jermaine O'Neal,2006-07,28,IND,69,2459,18.8,0.8,1.7,4.7,.091
Jermaine O'Neal,2007-08,29,IND,42,1206,14.4,-1.8,0.1,0.9,.035
Jermaine O'Neal,2008-09,30,2TM,68,2027,15.4,-1.5,0.3,2.6,.060
Jermaine O'Neal,2008-09,30,TOR,41,1216,15.4,-1.3,0.2,1.4,.055
Jermaine O'Neal,2008-09,30,MIA,27,811,15.5,-1.7,0.1,1.2,.069
Jermaine O'Neal,2009-10,31,MIA,70,1991,17.9,-0.1,1.0,5.6,.135
Jermaine O'Neal,2010-11,32,BOS,24,431,9.2,-4.2,-0.2,0.6,.065
Jermaine O'Neal,2011-12,33,BOS,25,570,9.4,-2.5,-0.1,1.1,.091
Jermaine O'Neal,2012-13,34,PHO,55,1029,16.7,-1.3,0.2,2.0,.092
Jermaine O'Neal,2013-14,35,GSW,44,883,15.3,-1.4,0.1,2.7,.146
Shaquille O'Neal,1992-93,20,ORL,81,3071,22.9,3.5,4.3,10.4,.163
Shaquille O'Neal,1993-94,21,ORL,81,3224,28.5,6.8,7.2,16.9,.252
Shaquille O'Neal,1994-95,22,ORL,79,2923,28.6,5.8,5.7,14.0,.230
Shaquille O'Neal,1995-96,23,ORL,54,1946,26.4,3.7,2.8,6.9,.171
Shaquille O'Neal,1996-97,24,LAL,51,1941,27.1,6.5,4.1,8.0,.197
Shaquille O'Neal,1997-98,25,LAL,60,2175,28.8,5.8,4.3,10.2,.224
Shaquille O'Neal,1998-99,26,LAL,49,1705,30.6,7.1,3.9,9.0,.255
Shaquille O'Neal,1999-00,27,LAL,79,3163,30.6,9.3,9.0,18.6,.283
Shaquille O'Neal,2000-01,28,LAL,74,2924,30.2,7.7,7.1,14.9,.245
Shaquille O'Neal,2001-02,29,LAL,67,2422,29.7,8.0,6.1,13.2,.262
Shaquille O'Neal,2002-03,30,LAL,67,2535,29.5,6.5,5.5,13.2,.250
Shaquille O'Neal,2003-04,31,LAL,67,2464,24.4,4.8,4.1,9.9,.192
Shaquille O'Neal,2004-05,32,MIA,73,2492,27.0,5.3,4.6,11.0,.211
Shaquille O'Neal,2005-06,33,MIA,59,1806,24.4,2.7,2.1,6.2,.164
Shaquille O'Neal,2006-07,34,MIA,40,1135,21.7,1.7,1.1,2.8,.119
Shaquille O'Neal,2007-08,35,2TM,61,1748,17.1,-1.1,0.4,2.8,.078
Shaquille O'Neal,2007-08,35,MIA,33,945,17.7,-1.5,0.1,1.2,.059
Shaquille O'Neal,2007-08,35,PHO,28,803,16.5,-0.6,0.3,1.7,.100
Shaquille O'Neal,2008-09,36,PHO,75,2252,22.3,1.7,2.1,7.8,.166
Shaquille O'Neal,2009-10,37,CLE,53,1240,17.9,-0.2,0.6,3.1,.119
Shaquille O'Neal,2010-11,38,BOS,37,752,17.4,0.3,0.4,2.7,.174
Royce O'Neale,2017-18,24,UTA,69,1150,10.8,-0.2,0.5,2.4,.099
Royce O'Neale,2018-19,25,UTA,82,1671,9.0,-0.5,0.6,3.3,.094
Royce O'Neale,2019-20,26,UTA,71,2049,9.5,0.9,1.5,4.3,.101
Royce O'Neale,2020-21,27,UTA,71,2241,9.9,1.0,1.7,5.6,.121
Royce O'Neale,2021-22,28,UTA,77,2406,10.3,0.8,1.7,5.5,.109
Royce O'Neale,2022-23,29,BRK,76,2409,9.2,-1.1,0.5,2.9,.057
Royce O'Neale,2023-24,30,2TM,79,1954,11.1,0.0,1.0,3.4,.085
Royce O'Neale,2023-24,30,BRK,49,1202,10.4,-0.7,0.4,1.8,.070
Royce O'Neale,2023-24,30,PHO,30,752,12.3,1.3,0.6,1.7,.108
Royce O'Neale,2024-25,31,PHO,75,1837,12.6,0.1,1.0,2.8,.073
Mike O'Neill,1952-53,24,MLH,4,50,4.6,,,-0.1,-0.064
Kyle O'Quinn,2012-13,22,ORL,57,638,15.8,-1.6,0.1,1.4,.107
Kyle O'Quinn,2013-14,23,ORL,69,1188,16.5,-0.3,0.5,2.5,.101
Kyle O'Quinn,2014-15,24,ORL,51,824,14.8,-0.3,0.4,1.6,.091
Kyle O'Quinn,2015-16,25,NYK,65,764,17.5,0.4,0.5,1.6,.103
Kyle O'Quinn,2016-17,26,NYK,79,1229,20.5,1.9,1.2,3.9,.151
Kyle O'Quinn,2017-18,27,NYK,77,1387,20.0,3.1,1.8,4.8,.166
Kyle O'Quinn,2018-19,28,IND,45,371,16.8,0.4,0.2,1.0,.125
Kyle O'Quinn,2019-20,29,PHI,29,313,18.6,3.0,0.4,1.1,.165
Kevin O'Shea,1950-51,25,MNL,63,,,,,2.1,
Kevin O'Shea,1951-52,26,2TM,65,1725,10.4,,,1.2,.033
Kevin O'Shea,1951-52,26,MLH,43,1077,8.7,,,-0.1,-0.004
Kevin O'Shea,1951-52,26,BLB,22,648,13.3,,,1.3,.096
Kevin O'Shea,1952-53,27,BLB,46,643,12.3,,,0.5,.035
Garland O'Shields,1946-47,25,CHS,9,,,,,-0.1,
Dan O'Sullivan,1990-91,22,UTA,21,85,6.0,-6.5,-0.1,0.1,.062
Dan O'Sullivan,1991-92,,Did not play - other pro league,,,,,,,
Dan O'Sullivan,1992-93,24,2TM,6,17,24.4,3.6,0.0,0.1,.341
Dan O'Sullivan,1992-93,24,NJN,3,10,20.4,-0.8,0.0,0.1,.242
Dan O'Sullivan,1992-93,24,MIL,3,7,30.3,10.0,0.0,0.1,.483
Dan O'Sullivan,1993-94,25,DET,13,56,6.6,-7.8,-0.1,0.0,.017
Dan O'Sullivan,1994-95,,Did not play - other pro league,,,,,,,
Dan O'Sullivan,1995-96,27,TOR,5,139,8.4,-8.1,-0.2,0.0,.008
Charles Oakley,1985-86,22,CHI,77,1772,16.5,-0.4,0.7,3.3,.090
Charles Oakley,1986-87,23,CHI,82,2980,14.2,-2.0,0.0,3.5,.056
Charles Oakley,1987-88,24,CHI,82,2816,15.4,-0.6,1.0,6.7,.114
Charles Oakley,1988-89,25,NYK,82,2604,14.8,-0.4,1.0,5.7,.106
Charles Oakley,1989-90,26,NYK,61,2196,15.9,-0.3,0.9,6.0,.131
Charles Oakley,1990-91,27,NYK,76,2739,13.6,-1.0,0.7,6.2,.109
Charles Oakley,1991-92,28,NYK,82,2309,11.3,-0.4,0.9,5.7,.119
Charles Oakley,1992-93,29,NYK,82,2230,12.6,0.7,1.5,7.3,.157
Charles Oakley,1993-94,30,NYK,82,2932,15.3,1.6,2.6,10.5,.172
Charles Oakley,1994-95,31,NYK,50,1567,14.3,0.7,1.0,4.5,.138
Charles Oakley,1995-96,32,NYK,53,1775,15.1,0.9,1.3,5.6,.150
Charles Oakley,1996-97,33,NYK,80,2873,14.2,1.7,2.7,8.9,.149
Charles Oakley,1997-98,34,NYK,79,2734,13.1,1.0,2.1,7.0,.122
Charles Oakley,1998-99,35,TOR,50,1633,10.8,-2.2,-0.1,2.1,.062
Charles Oakley,1999-00,36,TOR,80,2431,10.1,-2.2,-0.1,2.2,.044
Charles Oakley,2000-01,37,TOR,78,2767,11.6,-1.4,0.4,3.7,.065
Charles Oakley,2001-02,38,CHI,57,1383,6.6,-5.1,-1.1,-0.5,-0.016
Charles Oakley,2002-03,39,WAS,42,514,8.3,-2.7,-0.1,0.9,.088
Charles Oakley,2003-04,40,HOU,7,25,8.1,-4.7,0.0,0.1,.147
Fabricio Oberto,1997-98,,Did not play - other pro league,,,,,,,
Fabricio Oberto,1998-99,,Did not play - other pro league,,,,,,,
Fabricio Oberto,1999-00,,Did not play - other pro league,,,,,,,
Fabricio Oberto,2000-01,,Did not play - other pro league,,,,,,,
Fabricio Oberto,2001-02,,Did not play - other pro league,,,,,,,
Fabricio Oberto,2002-03,,Did not play - other pro league,,,,,,,
Fabricio Oberto,2003-04,,Did not play - other pro league,,,,,,,
Fabricio Oberto,2004-05,,Did not play - other pro league,,,,,,,
Fabricio Oberto,2005-06,30,SAS,59,490,9.3,-3.2,-0.2,1.1,.105
Fabricio Oberto,2006-07,31,SAS,79,1365,11.9,-1.3,0.2,4.1,.144
Fabricio Oberto,2007-08,32,SAS,82,1644,13.8,0.4,1.0,6.1,.178
Fabricio Oberto,2008-09,33,SAS,54,677,10.6,-2.2,0.0,1.7,.119
Fabricio Oberto,2009-10,34,WAS,57,650,5.7,-4.4,-0.4,0.6,.047
Fabricio Oberto,2010-11,35,POR,5,45,0.8,-10.3,-0.1,0.0,-0.012
Daniel Ochefu,2016-17,23,WAS,19,75,6.6,-8.4,-0.1,0.0,.005
Greg Oden,2007-08,,Did not play - injury,,,,,,,
Greg Oden,2008-09,21,POR,61,1314,18.1,-1.1,0.3,4.6,.167
Greg Oden,2009-10,22,POR,21,502,23.1,3.5,0.7,2.2,.214
Greg Oden,2010-11,,Did not play - injury,,,,,,,
Greg Oden,2011-12,,Did not play - injury,,,,,,,
Greg Oden,2012-13,,Did not play - injury,,,,,,,
Greg Oden,2013-14,26,MIA,23,212,12.4,-4.8,-0.1,0.5,.119
Lamar Odom,1999-00,20,LAC,76,2767,16.8,0.6,1.8,3.2,.055
Lamar Odom,2000-01,21,LAC,76,2836,18.9,4.0,4.3,6.5,.111
Lamar Odom,2001-02,22,LAC,29,999,13.7,1.3,0.8,0.7,.033
Lamar Odom,2002-03,23,LAC,49,1679,14.6,-0.3,0.7,2.2,.062
Lamar Odom,2003-04,24,MIA,80,3003,18.5,2.9,3.8,8.4,.134
Lamar Odom,2004-05,25,LAL,64,2320,17.3,1.4,2.0,4.7,.098
Lamar Odom,2005-06,26,LAL,80,3221,17.0,2.7,3.9,9.2,.137
Lamar Odom,2006-07,27,LAL,56,2202,16.1,1.1,1.7,4.7,.102
Lamar Odom,2007-08,28,LAL,77,2921,16.9,2.3,3.2,9.7,.159
Lamar Odom,2008-09,29,LAL,78,2316,16.6,2.0,2.4,6.9,.143
Lamar Odom,2009-10,30,LAL,82,2585,15.9,2.5,2.9,7.7,.143
Lamar Odom,2010-11,31,LAL,82,2639,19.4,3.5,3.7,10.1,.184
Lamar Odom,2011-12,32,DAL,50,1027,9.2,-3.1,-0.3,0.3,.014
Lamar Odom,2012-13,33,LAC,82,1616,10.9,-0.7,0.6,2.7,.081
Bud Ogden,1969-70,23,PHI,47,357,14.2,,,0.7,.100
Bud Ogden,1970-71,24,PHI,27,133,11.4,,,0.0,-0.003
Ralph Ogden,1970-71,23,SFW,32,162,2.5,,,-0.7,-0.208
Alan Ogg,1990-91,23,MIA,31,261,7.4,-5.2,-0.2,0.3,.053
Alan Ogg,1991-92,24,MIA,43,367,9.8,-5.0,-0.3,0.5,.063
Alan Ogg,1992-93,25,2TM,6,29,15.7,-1.8,0.0,0.0,.020
Alan Ogg,1992-93,25,MIL,3,26,9.6,-3.7,0.0,0.0,-0.035
Alan Ogg,1992-93,25,WSB,3,3,67.9,15.0,0.0,0.0,.497
Don Ohl,1958-59,,Did not play - other pro league,,,,,,,
Don Ohl,1959-60,,Did not play - other pro league,,,,,,,
Don Ohl,1960-61,24,DET,79,2172,11.7,,,1.2,.026
Don Ohl,1961-62,25,DET,77,2526,13.9,,,4.5,.085
Don Ohl,1962-63,26,DET,80,2961,13.6,,,4.1,.067
Don Ohl,1963-64,27,DET,71,2366,12.2,,,0.8,.017
Don Ohl,1964-65,28,BAL,77,2821,13.5,,,3.9,.066
Don Ohl,1965-66,29,BAL,73,2645,14.9,,,5.1,.092
Don Ohl,1966-67,30,BAL,58,2024,15.3,,,4.4,.104
Don Ohl,1967-68,31,2TM,70,1919,13.0,,,3.2,.079
Don Ohl,1967-68,31,BAL,39,1096,13.4,,,1.6,.069
Don Ohl,1967-68,31,STL,31,823,12.5,,,1.6,.093
Don Ohl,1968-69,32,ATL,76,1995,11.5,,,1.9,.046
Don Ohl,1969-70,33,ATL,66,984,10.5,,,1.2,.057
Tim Ohlbrecht,2012-13,24,HOU,3,12,-6.1,-17.2,0.0,-0.1,-0.369
Semi Ojeleye,2017-18,23,BOS,73,1150,4.6,-4.7,-0.8,1.2,.048
Semi Ojeleye,2018-19,24,BOS,56,594,8.5,-4.0,-0.3,0.7,.057
Semi Ojeleye,2019-20,25,BOS,69,1011,7.7,-1.7,0.1,1.9,.088
Semi Ojeleye,2020-21,26,BOS,56,950,8.3,-2.4,-0.1,1.2,.063
Semi Ojeleye,2021-22,27,2TM,30,406,6.7,-5.7,-0.4,0.2,.029
Semi Ojeleye,2021-22,27,MIL,20,308,5.0,-6.6,-0.4,0.1,.011
Semi Ojeleye,2021-22,27,LAC,10,98,12.0,-3.1,0.0,0.2,.086
Emeka Okafor,2004-05,22,CHA,73,2600,16.3,-2.0,0.0,4.0,.074
Emeka Okafor,2005-06,23,CHA,26,874,14.9,-2.1,0.0,1.0,.054
Emeka Okafor,2006-07,24,CHA,67,2329,20.1,2.1,2.4,7.1,.147
Emeka Okafor,2007-08,25,CHA,82,2718,17.4,-1.1,0.6,5.8,.103
Emeka Okafor,2008-09,26,CHA,82,2691,18.0,0.2,1.5,8.2,.147
Emeka Okafor,2009-10,27,NOH,82,2370,16.5,-1.2,0.4,5.5,.111
Emeka Okafor,2010-11,28,NOH,72,2287,16.0,-0.4,0.9,6.5,.136
Emeka Okafor,2011-12,29,NOH,27,781,15.1,-0.5,0.3,1.7,.103
Emeka Okafor,2012-13,30,WAS,79,2052,15.8,-0.7,0.7,4.5,.104
Emeka Okafor,2013-14,,Did not play - injury,,,,,,,
Emeka Okafor,2014-15,,Did not play - injury,,,,,,,
Emeka Okafor,2015-16,,Did not play - injury,,,,,,,
Emeka Okafor,2016-17,,Did not play - injury,,,,,,,
Emeka Okafor,2017-18,35,NOP,26,353,16.4,-1.2,0.1,1.0,.140
Jahlil Okafor,2015-16,20,PHI,53,1591,17.1,-2.3,-0.1,1.2,.037
Jahlil Okafor,2016-17,21,PHI,50,1134,14.8,-2.5,-0.1,1.2,.050
Jahlil Okafor,2017-18,22,2TM,28,353,15.3,-1.7,0.0,0.6,.083
Jahlil Okafor,2017-18,22,PHI,2,25,8.8,-6.3,0.0,0.0,.005
Jahlil Okafor,2017-18,22,BRK,26,328,15.8,-1.4,0.0,0.6,.089
Jahlil Okafor,2018-19,23,NOP,59,935,17.9,-1.5,0.1,2.2,.115
Jahlil Okafor,2019-20,24,NOP,30,467,18.3,-0.2,0.2,1.3,.133
Jahlil Okafor,2020-21,25,DET,27,347,13.1,-3.2,-0.1,0.6,.082
Jahlil Okafor,2024-25,29,IND,1,3,13.8,7.5,0.0,0.0,.196
Chuma Okeke,2019-20,,Did not play - injury,,,,,,,
Chuma Okeke,2020-21,22,ORL,45,1133,11.8,-1.5,0.1,1.3,.056
Chuma Okeke,2021-22,23,ORL,70,1749,12.0,-0.1,0.8,2.2,.060
Chuma Okeke,2022-23,24,ORL,27,518,9.1,-1.6,0.1,0.7,.061
Chuma Okeke,2023-24,25,ORL,47,432,6.9,-3.4,-0.2,0.3,.029
Chuma Okeke,2024-25,26,2TM,9,196,15.3,-0.2,0.1,0.6,.145
Chuma Okeke,2024-25,26,PHI,7,171,16.5,0.3,0.1,0.6,.162
Chuma Okeke,2024-25,26,CLE,2,25,6.8,-4.1,0.0,0.0,.028
Elie Okobo,2018-19,21,PHO,53,958,7.6,-5.7,-0.9,-0.5,-0.027
Elie Okobo,2019-20,22,PHO,55,719,10.6,-1.9,0.0,1.0,.067
Josh Okogie,2018-19,20,MIN,74,1757,9.4,-3.1,-0.5,1.2,.034
Josh Okogie,2019-20,21,MIN,62,1547,11.5,-2.4,-0.2,2.2,.068
Josh Okogie,2020-21,22,MIN,59,1197,9.1,-3.3,-0.4,1.3,.051
Josh Okogie,2021-22,23,MIN,49,516,9.0,-2.7,-0.1,0.7,.062
Josh Okogie,2022-23,24,PHO,72,1350,13.3,-0.2,0.6,2.8,.101
Josh Okogie,2023-24,25,PHO,60,960,12.0,-0.5,0.4,2.1,.104
Josh Okogie,2024-25,26,2TM,40,625,16.3,1.5,0.6,1.3,.100
Josh Okogie,2024-25,26,PHO,25,351,15.8,0.4,0.2,0.7,.092
Josh Okogie,2024-25,26,CHO,15,274,16.8,3.1,0.4,0.6,.110
Onyeka Okongwu,2020-21,20,ATL,50,601,16.8,-1.4,0.1,1.9,.155
Onyeka Okongwu,2021-22,21,ATL,48,992,19.8,0.8,0.7,4.2,.202
Onyeka Okongwu,2022-23,22,ATL,80,1849,19.4,0.8,1.3,7.1,.185
Onyeka Okongwu,2023-24,23,ATL,55,1405,16.9,-0.4,0.5,4.5,.153
Onyeka Okongwu,2024-25,24,ATL,74,2064,19.0,1.3,1.7,7.2,.168
Isaac Okoro,2020-21,20,CLE,67,2173,7.9,-5.1,-1.7,0.9,.020
Isaac Okoro,2021-22,21,CLE,67,1981,10.4,-1.7,0.1,4.2,.103
Isaac Okoro,2022-23,22,CLE,76,1652,10.7,-0.3,0.7,4.2,.122
Isaac Okoro,2023-24,23,CLE,69,1887,11.4,-1.1,0.4,4.2,.106
Isaac Okoro,2024-25,24,CLE,55,1053,10.7,-0.5,0.4,2.5,.115
KZ Okpala,2019-20,20,MIA,5,26,13.7,2.4,0.0,0.1,.118
KZ Okpala,2020-21,21,MIA,37,447,5.2,-7.1,-0.6,0.1,.015
KZ Okpala,2021-22,22,MIA,21,244,10.4,-2.8,-0.1,0.5,.097
KZ Okpala,2022-23,23,SAC,35,248,6.2,-3.2,-0.1,0.3,.057
KZ Okpala,2023-24,,Did not play - waived,,,,,,,
Mehmet Okur,2001-02,,Did not play - other pro league,,,,,,,
Mehmet Okur,2002-03,23,DET,72,1366,14.8,-0.5,0.5,3.8,.134
Mehmet Okur,2003-04,24,DET,71,1580,18.3,1.5,1.4,5.9,.179
Mehmet Okur,2004-05,25,UTA,82,2304,18.9,2.0,2.3,7.0,.147
Mehmet Okur,2005-06,26,UTA,82,2945,19.0,1.6,2.7,9.3,.152
Mehmet Okur,2006-07,27,UTA,80,2664,18.1,2.2,2.8,8.8,.158
Mehmet Okur,2007-08,28,UTA,72,2390,15.2,0.8,1.7,6.7,.134
Mehmet Okur,2008-09,29,UTA,72,2409,17.5,1.3,2.0,7.4,.148
Mehmet Okur,2009-10,30,UTA,73,2149,15.6,0.5,1.4,5.6,.126
Mehmet Okur,2010-11,31,UTA,13,168,12.6,-2.8,0.0,0.2,.048
Mehmet Okur,2011-12,32,NJN,17,454,8.4,-4.5,-0.3,0.0,-0.004
Victor Oladipo,2013-14,21,ORL,80,2487,13.6,-1.4,0.3,1.3,.026
Victor Oladipo,2014-15,22,ORL,72,2573,15.9,-0.4,1.1,3.5,.065
Victor Oladipo,2015-16,23,ORL,72,2379,16.7,1.7,2.3,4.9,.099
Victor Oladipo,2016-17,24,OKC,67,2222,13.6,-0.5,0.8,4.0,.085
Victor Oladipo,2017-18,25,IND,75,2552,23.1,5.8,5.0,8.2,.155
Victor Oladipo,2018-19,26,IND,36,1147,17.6,2.9,1.4,2.3,.097
Victor Oladipo,2019-20,27,IND,19,528,11.3,-3.3,-0.2,0.0,.002
Victor Oladipo,2020-21,28,3TM,33,1080,14.3,-1.7,0.1,0.4,.017
Victor Oladipo,2020-21,28,IND,9,300,15.5,-0.2,0.1,0.4,.063
Victor Oladipo,2020-21,28,HOU,20,669,14.9,-1.3,0.1,0.1,.009
Victor Oladipo,2020-21,28,MIA,4,111,8.1,-8.7,-0.2,-0.1,-0.060
Victor Oladipo,2021-22,29,MIA,8,173,16.8,1.3,0.1,0.4,.124
Victor Oladipo,2022-23,30,MIA,42,1106,10.6,-2.1,0.0,0.6,.024
Victor Oladipo,2023-24,,Did not play - injury,,,,,,,
Hakeem Olajuwon,1984-85,22,HOU,82,2914,21.1,2.1,3.0,10.2,.168
Hakeem Olajuwon,1985-86,23,HOU,68,2467,24.2,4.0,3.8,9.5,.186
Hakeem Olajuwon,1986-87,24,HOU,75,2760,23.8,5.8,5.4,10.9,.189
Hakeem Olajuwon,1987-88,25,HOU,79,2825,23.4,4.4,4.6,10.7,.182
Hakeem Olajuwon,1988-89,26,HOU,82,3024,25.2,5.5,5.7,12.4,.197
Hakeem Olajuwon,1989-90,27,HOU,82,3124,24.1,5.8,6.2,11.2,.173
Hakeem Olajuwon,1990-91,28,HOU,56,2062,24.3,6.2,4.3,8.6,.201
Hakeem Olajuwon,1991-92,29,HOU,70,2636,23.7,5.0,4.6,9.8,.178
Hakeem Olajuwon,1992-93,30,HOU,82,3242,27.3,7.5,7.8,15.8,.234
Hakeem Olajuwon,1993-94,31,HOU,80,3277,25.3,6.8,7.3,14.3,.210
Hakeem Olajuwon,1994-95,32,HOU,72,2853,26.0,5.4,5.3,10.7,.181
Hakeem Olajuwon,1995-96,33,HOU,72,2797,25.5,4.9,4.9,9.7,.166
Hakeem Olajuwon,1996-97,34,HOU,78,2852,22.7,3.5,3.9,9.1,.154
Hakeem Olajuwon,1997-98,35,HOU,47,1633,20.8,3.0,2.1,4.5,.131
Hakeem Olajuwon,1998-99,36,HOU,50,1784,23.1,3.2,2.3,6.5,.175
Hakeem Olajuwon,1999-00,37,HOU,44,1049,16.7,0.4,0.6,1.6,.072
Hakeem Olajuwon,2000-01,38,HOU,58,1545,20.7,2.8,1.9,5.0,.155
Hakeem Olajuwon,2001-02,39,TOR,61,1378,14.4,-0.4,0.6,2.1,.074
Mark Olberding,1975-76,19,2TM,81,2055,13.7,-0.5,0.8,5.1,.118
Mark Olberding,1975-76,19,SDS,11,434,12.6,-1.4,0.1,0.9,.096
Mark Olberding,1975-76,19,SAA,70,1621,13.9,-0.3,0.7,4.2,.124
Mark Olberding,1976-77,20,SAS,82,1949,14.2,-1.7,0.2,4.3,.106
Mark Olberding,1977-78,21,SAS,79,1773,12.1,-1.5,0.2,3.9,.105
Mark Olberding,1978-79,22,SAS,80,1885,12.4,-1.3,0.3,4.2,.106
Mark Olberding,1979-80,23,SAS,75,2111,12.4,-1.0,0.5,3.1,.071
Mark Olberding,1980-81,24,SAS,82,2408,14.8,0.1,1.2,6.6,.132
Mark Olberding,1981-82,25,SAS,68,2098,14.6,-0.3,0.9,5.1,.116
Mark Olberding,1982-83,26,CHI,80,1817,11.0,-2.7,-0.3,2.3,.060
Mark Olberding,1983-84,27,KCK,81,2160,11.5,-1.4,0.3,4.1,.091
Mark Olberding,1984-85,28,KCK,81,2277,12.2,-0.9,0.6,4.1,.085
Mark Olberding,1985-86,29,SAC,81,2157,11.2,-0.5,0.8,3.9,.087
Mark Olberding,1986-87,30,SAC,76,1002,8.8,-2.7,-0.2,1.5,.070
Mark Olberding,1987-88,,Did not play - other pro league,,,,,,,
Jawann Oldham,1980-81,23,DEN,4,21,3.3,-5.0,0.0,0.0,-0.094
Jawann Oldham,1981-82,24,HOU,22,124,6.5,-5.3,-0.1,0.0,.008
Jawann Oldham,1982-83,25,CHI,16,171,14.5,-2.2,0.0,0.3,.085
Jawann Oldham,1983-84,26,CHI,64,870,10.0,-3.3,-0.3,0.5,.026
Jawann Oldham,1984-85,27,CHI,63,993,9.7,-1.6,0.1,1.0,.050
Jawann Oldham,1985-86,28,CHI,52,1276,11.9,-1.7,0.1,1.3,.049
Jawann Oldham,1986-87,29,NYK,44,776,8.5,-3.6,-0.3,0.0,-0.001
Jawann Oldham,1987-88,30,SAC,54,946,12.9,-1.9,0.0,1.2,.062
Jawann Oldham,1988-89,,Did not play - injury,,,,,,,
Jawann Oldham,1989-90,32,2TM,6,45,8.0,-8.2,-0.1,0.0,.006
Jawann Oldham,1989-90,32,ORL,3,36,7.6,-8.4,-0.1,0.0,-0.009
Jawann Oldham,1989-90,32,LAL,3,9,9.7,-7.1,0.0,0.0,.066
Jawann Oldham,1990-91,33,IND,4,19,8.1,-5.6,0.0,0.0,.028
John Oldham,1949-50,26,FTW,59,,,,,2.3,
John Oldham,1950-51,27,FTW,68,,,,,2.0,
Frank Oleynick,1975-76,20,SEA,52,650,10.9,-4.4,-0.4,0.1,.005
Frank Oleynick,1976-77,21,SEA,50,516,9.6,-5.3,-0.4,-0.2,-0.018
Quincy Olivari,2024-25,23,LAL,2,10,-5.2,-18.6,0.0,-0.1,-0.300
John Olive,1978-79,23,SDC,34,189,2.0,-6.5,-0.3,-0.2,-0.038
John Olive,1979-80,24,SDC,1,15,-11.5,-5.5,-0.1,-0.1,-0.303
Brian Oliver,1990-91,22,PHI,73,800,9.9,-4.4,-0.5,0.2,.010
Brian Oliver,1991-92,23,PHI,34,279,3.6,-9.5,-0.5,-0.7,-0.115
Brian Oliver,1992-93,,Did not play - other pro league,,,,,,,
Brian Oliver,1993-94,,Did not play - other pro league,,,,,,,
Brian Oliver,1994-95,26,WSB,6,42,6.9,-6.5,0.0,0.0,.022
Brian Oliver,1995-96,,Did not play - other pro league,,,,,,,
Brian Oliver,1996-97,,Did not play - other pro league,,,,,,,
Brian Oliver,1997-98,29,ATL,5,61,6.3,-8.3,-0.1,0.0,-0.012
Cameron Oliver,2020-21,24,HOU,4,87,17.2,-2.0,0.0,0.2,.114
Cameron Oliver,2021-22,25,ATL,2,43,21.4,1.7,0.0,0.2,.219
Dean Oliver,2001-02,23,GSW,20,139,6.0,-9.3,-0.3,-0.1,-0.049
Dean Oliver,2002-03,24,GSW,15,93,11.2,-1.6,0.0,-0.1,-0.029
Jimmy Oliver,1991-92,22,CLE,27,252,10.1,-5.2,-0.2,0.2,.029
Jimmy Oliver,1992-93,,Did not play - other pro league,,,,,,,
Jimmy Oliver,1993-94,24,BOS,44,540,10.1,-4.3,-0.3,0.2,.016
Jimmy Oliver,1994-95,,Did not play - other pro league,,,,,,,
Jimmy Oliver,1995-96,,Did not play - other pro league,,,,,,,
Jimmy Oliver,1996-97,27,TOR,4,43,4.7,-8.8,-0.1,-0.1,-0.067
Jimmy Oliver,1997-98,28,WAS,1,10,19.7,7.7,0.0,0.0,.228
Jimmy Oliver,1998-99,29,PHO,2,11,2.7,-7.9,0.0,0.0,.020
Kevin Ollie,1997-98,25,2TM,35,430,8.9,-4.4,-0.3,-0.1,-0.014
Kevin Ollie,1997-98,25,DAL,16,214,7.9,-5.4,-0.2,-0.1,-0.017
Kevin Ollie,1997-98,25,ORL,19,216,9.9,-3.3,-0.1,0.0,-0.011
Kevin Ollie,1998-99,26,2TM,8,72,3.7,-6.7,-0.1,0.0,-0.015
Kevin Ollie,1998-99,26,SAC,7,68,4.1,-6.3,-0.1,0.0,-0.011
Kevin Ollie,1998-99,26,ORL,1,4,-2.8,-13.1,0.0,0.0,-0.085
Kevin Ollie,1999-00,27,PHI,40,290,12.9,0.6,0.2,0.9,.146
Kevin Ollie,2000-01,28,2TM,70,925,10.3,-2.2,0.0,1.4,.075
Kevin Ollie,2000-01,28,NJN,19,161,5.5,-5.5,-0.1,-0.1,-0.045
Kevin Ollie,2000-01,28,PHI,51,764,11.4,-1.5,0.1,1.6,.100
Kevin Ollie,2001-02,29,2TM,81,1723,12.3,-1.9,0.0,2.4,.066
Kevin Ollie,2001-02,29,CHI,52,1146,11.2,-3.3,-0.4,0.7,.031
Kevin Ollie,2001-02,29,IND,29,577,14.3,0.9,0.4,1.6,.136
Kevin Ollie,2002-03,30,2TM,82,1897,13.7,-0.6,0.7,3.8,.097
Kevin Ollie,2002-03,30,MIL,53,1127,13.5,-1.1,0.3,2.1,.090
Kevin Ollie,2002-03,30,SEA,29,770,14.0,0.2,0.4,1.7,.106
Kevin Ollie,2003-04,31,CLE,82,1401,12.2,-2.0,0.0,2.4,.083
Kevin Ollie,2004-05,32,PHI,26,158,6.7,-4.5,-0.1,0.1,.025
Kevin Ollie,2005-06,33,PHI,70,1069,7.8,-3.7,-0.5,1.1,.048
Kevin Ollie,2006-07,34,PHI,53,919,8.4,-4.2,-0.5,0.6,.030
Kevin Ollie,2007-08,35,PHI,40,300,9.7,-2.7,-0.1,0.5,.084
Kevin Ollie,2008-09,36,MIN,50,850,9.9,-3.1,-0.3,1.2,.067
Kevin Ollie,2009-10,37,OKC,25,263,7.0,-2.4,0.0,0.3,.059
Gene Ollrich,1949-50,27,WAT,14,,,,,-0.6,
Michael Olowokandi,1998-99,23,LAC,45,1279,11.8,-5.0,-1.0,-0.3,-0.010
Michael Olowokandi,1999-00,24,LAC,80,2493,10.4,-6.0,-2.6,-0.8,-0.016
Michael Olowokandi,2000-01,25,LAC,82,2127,10.0,-5.5,-1.9,-0.4,-0.008
Michael Olowokandi,2001-02,26,LAC,80,2568,12.4,-2.8,-0.5,1.6,.029
Michael Olowokandi,2002-03,27,LAC,36,1369,10.5,-3.1,-0.4,-0.2,-0.006
Michael Olowokandi,2003-04,28,MIN,43,925,11.2,-3.5,-0.4,1.2,.061
Michael Olowokandi,2004-05,29,MIN,62,1215,10.4,-4.9,-0.9,1.2,.048
Michael Olowokandi,2005-06,30,2TM,48,919,8.3,-5.0,-0.7,0.3,.014
Michael Olowokandi,2005-06,30,MIN,32,752,8.6,-4.9,-0.5,0.4,.023
Michael Olowokandi,2005-06,30,BOS,16,167,6.8,-5.5,-0.2,-0.1,-0.028
Michael Olowokandi,2006-07,31,BOS,24,234,4.5,-5.5,-0.2,-0.1,-0.017
Bud Olsen,1962-63,22,CIN,52,373,7.9,,,-0.3,-0.043
Bud Olsen,1963-64,23,CIN,49,513,10.9,,,0.2,.022
Bud Olsen,1964-65,24,CIN,79,1372,13.0,,,2.5,.087
Bud Olsen,1965-66,25,2TM,59,602,9.5,,,0.4,.035
Bud Olsen,1965-66,25,CIN,4,36,8.1,,,0.0,-0.006
Bud Olsen,1965-66,25,SFW,55,566,9.6,,,0.4,.037
Bud Olsen,1966-67,26,SFW,40,348,13.4,,,0.5,.068
Bud Olsen,1967-68,27,SEA,73,897,8.5,,,0.2,.012
Bud Olsen,1968-69,28,2TM,17,113,6.7,,,-0.2,-0.077
Bud Olsen,1968-69,28,BOS,7,43,7.8,,,-0.1,-0.065
Bud Olsen,1968-69,28,DET,10,70,6.1,,,-0.1,-0.084
Bud Olsen,1969-70,29,KEN,84,1375,11.5,,,2.8,.099
Kelly Olynyk,2013-14,22,BOS,70,1400,15.2,-1.2,0.3,2.9,.101
Kelly Olynyk,2014-15,23,BOS,64,1423,15.9,0.4,0.8,3.6,.120
Kelly Olynyk,2015-16,24,BOS,69,1395,16.3,1.9,1.4,4.1,.141
Kelly Olynyk,2016-17,25,BOS,75,1538,15.3,0.3,0.9,4.1,.127
Kelly Olynyk,2017-18,26,MIA,76,1779,17.8,2.3,1.9,5.5,.148
Kelly Olynyk,2018-19,27,MIA,79,1812,14.4,0.7,1.2,4.7,.126
Kelly Olynyk,2019-20,28,MIA,67,1300,14.6,1.0,1.0,3.7,.135
Kelly Olynyk,2020-21,29,2TM,70,1997,16.4,1.2,1.6,5.1,.121
Kelly Olynyk,2020-21,29,MIA,43,1157,12.1,-0.7,0.4,1.9,.078
Kelly Olynyk,2020-21,29,HOU,27,840,22.3,3.8,1.2,3.2,.182
Kelly Olynyk,2021-22,30,DET,40,764,16.7,1.6,0.7,1.6,.104
Kelly Olynyk,2022-23,31,UTA,68,1942,14.4,0.4,1.2,4.3,.106
Kelly Olynyk,2023-24,32,2TM,78,1759,17.4,1.8,1.7,4.9,.133
Kelly Olynyk,2023-24,32,UTA,50,1019,17.3,2.6,1.2,3.1,.148
Kelly Olynyk,2023-24,32,TOR,28,740,17.4,0.7,0.5,1.7,.113
Kelly Olynyk,2024-25,33,2TM,44,891,14.9,-0.7,0.3,1.7,.092
Kelly Olynyk,2024-25,33,TOR,24,383,14.9,0.2,0.2,0.9,.112
Kelly Olynyk,2024-25,33,NOP,20,508,14.8,-1.4,0.1,0.8,.077
Eugene Omoruyi,2021-22,24,DAL,4,18,17.0,4.0,0.0,0.1,.201
Eugene Omoruyi,2022-23,25,2TM,40,645,10.9,-4.4,-0.4,0.6,.042
Eugene Omoruyi,2022-23,25,OKC,23,272,10.6,-4.9,-0.2,0.3,.052
Eugene Omoruyi,2022-23,25,DET,17,373,11.2,-4.1,-0.2,0.3,.034
Eugene Omoruyi,2023-24,26,WAS,43,393,16.0,-2.3,0.0,0.6,.074
Miye Oni,2019-20,22,UTA,10,109,9.7,-4.3,-0.1,0.1,.063
Miye Oni,2020-21,23,UTA,54,519,6.4,-1.7,0.0,0.9,.081
Miye Oni,2021-22,24,UTA,16,44,0.4,-7.9,-0.1,0.0,-0.032
Arinze Onuaku,2013-14,26,2TM,5,30,3.8,-5.2,0.0,0.0,-0.044
Arinze Onuaku,2013-14,26,NOP,3,25,5.6,-3.6,0.0,0.0,-0.016
Arinze Onuaku,2013-14,26,CLE,2,5,-5.3,-13.1,0.0,0.0,-0.179
Arinze Onuaku,2014-15,27,MIN,6,68,22.8,1.4,0.1,0.3,.197
Arinze Onuaku,2015-16,,Did not play - other pro league,,,,,,,
Arinze Onuaku,2016-17,29,ORL,8,28,5.8,-6.4,0.0,0.0,-0.005
Chinanu Onuaku,2016-17,20,HOU,5,52,12.3,-1.5,0.0,0.1,.123
Chinanu Onuaku,2017-18,21,HOU,1,22,-3.2,-14.7,-0.1,-0.1,-0.147
Barry Orms,1968-69,22,BAL,64,916,3.2,,,-0.7,-0.034
Barry Orms,1969-70,23,2TM,77,2091,7.9,,,-0.2,-0.004
Barry Orms,1969-70,23,INA,9,143,12.0,,,0.3,.084
Barry Orms,1969-70,23,PTP,68,1948,7.6,,,-0.4,-0.011
Johnny Orr,1949-50,22,2TM,34,,,,,-0.1,
Johnny Orr,1949-50,22,STB,21,,,,,0.1,
Johnny Orr,1949-50,22,WAT,13,,,,,-0.2,
Louis Orr,1980-81,22,IND,82,1787,16.1,0.0,0.9,4.3,.116
Louis Orr,1981-82,23,IND,80,1951,14.9,-0.3,0.9,4.3,.105
Louis Orr,1982-83,24,NYK,82,1666,13.3,0.4,1.0,3.8,.111
Louis Orr,1983-84,25,NYK,78,1640,12.4,-0.8,0.5,3.5,.103
Louis Orr,1984-85,26,NYK,79,2452,13.8,0.3,1.4,4.8,.093
Louis Orr,1985-86,27,NYK,74,2237,12.4,-0.7,0.7,3.7,.080
Louis Orr,1986-87,28,NYK,65,1440,11.0,-1.2,0.3,1.5,.050
Louis Orr,1987-88,29,NYK,29,180,2.7,-7.5,-0.3,-0.2,-0.059
José Ortiz,1987-88,,Did not play - other pro league,,,,,,,
José Ortiz,1988-89,25,UTA,51,327,8.1,-6.8,-0.4,-0.1,-0.010
José Ortiz,1989-90,26,UTA,13,64,16.0,-4.5,0.0,0.1,.061
Daniel Orton,2010-11,,Did not play - injury,,,,,,,
Daniel Orton,2011-12,21,ORL,16,187,12.7,-3.0,0.0,0.5,.129
Daniel Orton,2012-13,22,OKC,13,104,14.0,-3.1,0.0,0.3,.135
Daniel Orton,2013-14,23,PHI,22,251,10.5,-4.0,-0.1,0.3,.049
Chuck Osborne,1961-62,23,SYR,4,21,4.8,,,-0.1,-0.134
Cedi Osman,2015-16,,Did not play - other pro league,,,,,,,
Cedi Osman,2016-17,,Did not play - other pro league,,,,,,,
Cedi Osman,2017-18,22,CLE,61,672,11.0,-2.9,-0.1,0.9,.064
Cedi Osman,2018-19,23,CLE,76,2444,11.5,-3.2,-0.8,1.5,.029
Cedi Osman,2019-20,24,CLE,65,1910,10.7,-2.6,-0.3,1.6,.040
Cedi Osman,2020-21,25,CLE,59,1510,10.3,-3.2,-0.5,0.5,.014
Cedi Osman,2021-22,26,CLE,66,1462,13.3,0.2,0.8,2.9,.094
Cedi Osman,2022-23,27,CLE,77,1548,12.0,-0.7,0.5,3.3,.103
Cedi Osman,2023-24,28,SAS,72,1269,11.2,-2.1,0.0,1.9,.071
Wally Osterkorn,1950-51,,Did not play - other pro league,,,,,,,
Wally Osterkorn,1951-52,23,SYR,66,1721,13.5,,,4.0,.111
Wally Osterkorn,1952-53,24,SYR,49,1016,11.2,,,1.4,.065
Wally Osterkorn,1953-54,25,SYR,70,2164,12.7,,,4.3,.096
Wally Osterkorn,1954-55,26,SYR,19,286,2.8,,,-0.8,-0.133
Greg Ostertag,1995-96,22,UTA,57,661,13.2,-2.1,0.0,1.4,.104
Greg Ostertag,1996-97,23,UTA,77,1818,15.3,-0.3,0.8,5.9,.156
Greg Ostertag,1997-98,24,UTA,63,1288,12.5,-1.1,0.3,2.2,.084
Greg Ostertag,1998-99,25,UTA,48,1340,12.8,0.8,0.9,3.8,.136
Greg Ostertag,1999-00,26,UTA,81,1606,13.5,-0.3,0.7,4.2,.124
Greg Ostertag,2000-01,27,UTA,81,1491,13.3,-0.8,0.4,3.8,.121
Greg Ostertag,2001-02,28,UTA,74,1107,12.7,-1.1,0.3,2.1,.090
Greg Ostertag,2002-03,29,UTA,81,1926,11.5,-1.5,0.2,3.4,.084
Greg Ostertag,2003-04,30,UTA,78,2153,14.3,0.5,1.4,5.0,.111
Greg Ostertag,2004-05,31,SAC,56,556,10.0,-2.2,0.0,0.7,.064
Greg Ostertag,2005-06,32,UTA,60,807,11.6,-1.4,0.1,1.3,.076
Matt Othick,1992-93,23,SAS,4,39,5.9,-4.3,0.0,0.0,.019
Don Otten,1949-50,28,2TM,64,,,,,8.5,
Don Otten,1949-50,28,TRI,46,,,,,5.2,
Don Otten,1949-50,28,WSC,18,,,,,3.3,
Don Otten,1950-51,29,3TM,67,,,,,4.9,
Don Otten,1950-51,29,WSC,16,,,,,0.9,
Don Otten,1950-51,29,BLB,2,,,,,-0.1,
Don Otten,1950-51,29,FTW,49,,,,,4.1,
Don Otten,1951-52,30,2TM,64,1789,20.1,,,5.8,.156
Don Otten,1951-52,30,FTW,7,63,15.1,,,0.2,.126
Don Otten,1951-52,30,MLH,57,1726,20.3,,,5.6,.157
Don Otten,1952-53,31,MLH,24,384,17.2,,,1.7,.218
Mac Otten,1949-50,24,2TM,59,,,,,0.3,
Mac Otten,1949-50,24,TRI,12,,,,,0.4,
Mac Otten,1949-50,24,STB,47,,,,,-0.1,
Daniel Oturu,2020-21,21,LAC,30,161,12.5,-5.2,-0.1,0.3,.081
Daniel Oturu,2021-22,22,TOR,3,27,13.4,-5.2,0.0,0.1,.121
Kelly Oubre Jr.,2015-16,20,WAS,63,671,8.2,-5.1,-0.5,0.4,.031
Kelly Oubre Jr.,2016-17,21,WAS,79,1605,9.1,-3.2,-0.5,2.0,.061
Kelly Oubre Jr.,2017-18,22,WAS,81,2231,11.9,-1.7,0.2,3.7,.080
Kelly Oubre Jr.,2018-19,23,2TM,69,1935,15.2,-1.2,0.4,2.2,.054
Kelly Oubre Jr.,2018-19,23,WAS,29,755,13.3,-2.6,-0.1,0.8,.053
Kelly Oubre Jr.,2018-19,23,PHO,40,1180,16.4,-0.4,0.5,1.3,.054
Kelly Oubre Jr.,2019-20,24,PHO,56,1933,14.9,-0.5,0.7,3.8,.093
Kelly Oubre Jr.,2020-21,25,GSW,55,1687,13.3,-1.9,0.0,2.2,.062
Kelly Oubre Jr.,2021-22,26,CHO,76,1999,14.9,-1.4,0.3,3.3,.079
Kelly Oubre Jr.,2022-23,27,CHO,48,1548,14.8,-1.1,0.3,1.7,.051
Kelly Oubre Jr.,2023-24,28,PHI,68,2055,13.5,-2.3,-0.1,3.0,.070
Kelly Oubre Jr.,2024-25,29,PHI,60,2078,13.5,-2.3,-0.1,2.6,.061
Bo Outlaw,1993-94,22,LAC,37,871,14.3,0.1,0.5,2.3,.127
Bo Outlaw,1994-95,23,LAC,81,1655,13.3,0.4,1.0,2.5,.071
Bo Outlaw,1995-96,24,LAC,80,985,15.6,1.6,0.9,2.3,.111
Bo Outlaw,1996-97,25,LAC,82,2195,16.3,2.8,2.6,6.1,.133
Bo Outlaw,1997-98,26,ORL,82,2953,15.5,2.5,3.4,7.6,.124
Bo Outlaw,1998-99,27,ORL,31,851,12.8,1.1,0.7,1.8,.100
Bo Outlaw,1999-00,28,ORL,82,2326,15.3,4.5,3.8,6.8,.140
Bo Outlaw,2000-01,29,ORL,80,2534,15.7,3.1,3.2,7.9,.150
Bo Outlaw,2001-02,30,2TM,83,1928,11.4,0.4,1.2,3.5,.086
Bo Outlaw,2001-02,30,ORL,10,160,11.0,-0.5,0.1,0.3,.078
Bo Outlaw,2001-02,30,PHO,73,1768,11.4,0.5,1.1,3.2,.087
Bo Outlaw,2002-03,31,PHO,80,1800,12.2,0.6,1.2,4.4,.116
Bo Outlaw,2003-04,32,MEM,82,1606,13.1,0.9,1.2,3.6,.107
Bo Outlaw,2004-05,33,PHO,39,214,8.1,-1.2,0.0,0.2,.053
Bo Outlaw,2005-06,34,ORL,32,355,11.8,-0.4,0.2,0.7,.101
Bo Outlaw,2006-07,35,ORL,41,460,11.4,0.3,0.3,1.2,.126
Bo Outlaw,2007-08,36,ORL,2,7,8.6,-4.7,0.0,0.0,-0.071
Travis Outlaw,2003-04,19,POR,8,19,16.4,1.4,0.0,0.0,.067
Travis Outlaw,2004-05,20,POR,59,793,15.4,-0.8,0.2,1.4,.085
Travis Outlaw,2005-06,21,POR,69,1153,12.9,-2.5,-0.1,0.9,.039
Travis Outlaw,2006-07,22,POR,67,1532,15.3,-0.4,0.6,2.3,.072
Travis Outlaw,2007-08,23,POR,82,2186,15.7,-0.3,1.0,3.2,.071
Travis Outlaw,2008-09,24,POR,81,2246,15.1,0.2,1.2,5.3,.113
Travis Outlaw,2009-10,25,2TM,34,730,13.3,-0.9,0.2,0.9,.062
Travis Outlaw,2009-10,25,POR,11,231,14.8,0.5,0.1,0.3,.071
Travis Outlaw,2009-10,25,LAC,23,499,12.6,-1.5,0.1,0.6,.058
Travis Outlaw,2010-11,26,NJN,82,2358,8.8,-3.5,-0.9,0.8,.016
Travis Outlaw,2011-12,27,SAC,39,500,9.6,-3.6,-0.2,-0.1,-0.008
Travis Outlaw,2012-13,28,SAC,38,444,13.0,-2.4,0.0,0.3,.037
Travis Outlaw,2013-14,29,SAC,63,1065,10.4,-1.4,0.1,1.4,.062
Claude Overton,1952-53,25,PHW,15,182,6.2,,,-0.4,-0.115
Doug Overton,1991-92,,Did not play - other pro league,,,,,,,
Doug Overton,1992-93,23,WSB,45,990,11.8,-2.6,-0.2,0.6,.028
Doug Overton,1993-94,24,WSB,61,749,8.4,-6.0,-0.8,-0.4,-0.028
Doug Overton,1994-95,25,WSB,82,1704,11.6,-2.6,-0.3,1.7,.048
Doug Overton,1995-96,26,DEN,55,607,9.9,-3.3,-0.2,0.2,.020
Doug Overton,1996-97,27,PHI,61,634,13.2,-2.6,-0.1,0.9,.065
Doug Overton,1997-98,28,PHI,23,277,5.2,-6.9,-0.3,-0.2,-0.035
Doug Overton,1998-99,29,3TM,24,244,10.8,-3.8,-0.1,0.1,.023
Doug Overton,1998-99,29,ORL,6,33,19.0,1.0,0.0,0.1,.185
Doug Overton,1998-99,29,NJN,8,174,10.6,-4.1,-0.1,0.0,.012
Doug Overton,1998-99,29,PHI,10,37,4.5,-6.6,0.0,-0.1,-0.069
Doug Overton,1999-00,30,BOS,48,432,10.5,-3.5,-0.2,0.4,.047
Doug Overton,2000-01,31,3TM,21,475,7.5,-5.6,-0.4,-0.3,-0.026
Doug Overton,2000-01,31,BOS,7,144,5.1,-7.5,-0.2,-0.2,-0.075
Doug Overton,2000-01,31,CHH,2,15,1.9,-6.3,0.0,0.0,-0.126
Doug Overton,2000-01,31,NJN,12,316,8.9,-4.7,-0.2,0.0,.001
Doug Overton,2001-02,32,LAC,18,130,4.8,-7.3,-0.2,-0.2,-0.077
Doug Overton,2002-03,,Did not play - other pro league,,,,,,,
Doug Overton,2003-04,34,2TM,61,1033,7.5,-4.9,-0.8,-0.3,-0.016
Doug Overton,2003-04,34,NJN,6,22,8.8,-5.5,0.0,0.0,.026
Doug Overton,2003-04,34,LAC,55,1011,7.4,-4.9,-0.7,-0.4,-0.017
Andre Owens,2005-06,25,UTA,23,210,5.2,-8.3,-0.3,-0.2,-0.047
Andre Owens,2006-07,,Did not play - other pro league,,,,,,,
Andre Owens,2007-08,27,IND,31,392,10.0,-1.0,0.1,0.4,.053
Billy Owens,1991-92,22,GSW,80,2510,15.6,0.0,1.3,5.6,.107
Billy Owens,1992-93,23,GSW,37,1201,16.9,1.6,1.1,2.2,.087
Billy Owens,1993-94,24,GSW,79,2738,15.6,0.4,1.7,5.7,.099
Billy Owens,1994-95,25,MIA,70,2296,15.6,0.2,1.2,3.2,.067
Billy Owens,1995-96,26,2TM,62,1982,14.2,0.3,1.2,3.2,.077
Billy Owens,1995-96,26,MIA,40,1388,14.8,0.8,1.0,2.7,.095
Billy Owens,1995-96,26,SAC,22,594,12.8,-0.9,0.2,0.4,.035
Billy Owens,1996-97,27,SAC,66,1995,13.6,-0.5,0.7,2.8,.069
Billy Owens,1997-98,28,SAC,78,2348,14.4,-0.3,1.0,3.7,.075
Billy Owens,1998-99,29,SEA,21,451,11.9,-3.4,-0.2,0.2,.018
Billy Owens,1999-00,30,2TM,62,1305,10.0,-2.6,-0.2,1.2,.045
Billy Owens,1999-00,30,PHI,46,919,9.8,-2.2,0.0,1.1,.055
Billy Owens,1999-00,30,GSW,16,386,10.5,-3.7,-0.2,0.2,.020
Billy Owens,2000-01,31,DET,45,793,10.5,-1.9,0.0,0.8,.048
Chris Owens,2002-03,23,MEM,1,6,20.1,-0.5,0.0,0.0,-0.032
Eddie Owens,1977-78,24,BUF,8,63,8.8,-3.9,0.0,0.0,.027
Jim Owens,1973-74,23,PHO,17,101,18.1,-1.0,0.1,0.3,.148
Jim Owens,1974-75,24,PHO,41,432,9.3,-3.0,-0.1,0.1,.013
Keith Owens,1991-92,22,LAL,20,80,10.3,-4.8,-0.1,0.0,.014
Larry Owens,2010-11,28,2TM,12,143,11.2,0.6,0.1,0.2,.083
Larry Owens,2010-11,28,SAS,7,31,11.9,2.2,0.0,0.1,.151
Larry Owens,2010-11,28,WAS,5,112,11.0,0.1,0.1,0.1,.064
Larry Owens,2011-12,29,NJN,7,75,5.8,-4.6,0.0,0.1,.035
Red Owens,1949-50,24,2TM,61,,,,,1.7,
Red Owens,1949-50,24,TRI,26,,,,,0.5,
Red Owens,1949-50,24,AND,35,,,,,1.2,
Red Owens,1950-51,,Did not play - other pro league,,,,,,,
Red Owens,1951-52,26,2TM,29,626,11.3,,,-0.1,-0.008
Red Owens,1951-52,26,BLB,19,341,13.1,,,-0.1,-0.010
Red Owens,1951-52,26,MLH,10,285,9.1,,,0.0,-0.005
Tariq Owens,2019-20,24,PHO,3,15,8.4,-5.8,0.0,0.0,.021
Tom Owens,1971-72,22,2TM,69,1118,15.6,,,2.9,.124
Tom Owens,1971-72,22,MMP,38,617,13.2,,,1.4,.111
Tom Owens,1971-72,22,CAR,31,501,18.6,,,1.5,.142
Tom Owens,1972-73,23,CAR,83,2209,13.8,,,6.9,.150
Tom Owens,1973-74,24,CAR,81,2284,18.0,0.3,1.3,8.0,.168
Tom Owens,1974-75,25,2TM,82,2647,19.4,1.2,2.2,8.3,.151
Tom Owens,1974-75,25,SSL,5,89,15.0,-1.6,0.1,0.2,.104
Tom Owens,1974-75,25,MMS,77,2558,19.6,1.3,2.1,8.1,.153
Tom Owens,1975-76,26,3TM,74,1107,12.8,-2.1,-0.1,2.5,.107
Tom Owens,1975-76,26,KEN,19,326,11.2,-2.2,0.0,0.4,.065
Tom Owens,1975-76,26,INA,16,243,12.4,-3.5,-0.1,0.5,.099
Tom Owens,1975-76,26,SAA,39,538,13.9,-1.5,0.1,1.5,.135
Tom Owens,1976-77,27,HOU,46,462,13.8,-3.1,-0.1,0.9,.094
Tom Owens,1977-78,28,POR,82,1714,17.4,1.0,1.3,6.0,.169
Tom Owens,1978-79,29,POR,82,2791,19.9,2.7,3.3,10.4,.179
Tom Owens,1979-80,30,POR,76,2337,18.1,1.1,1.9,6.9,.142
Tom Owens,1980-81,31,POR,79,1843,15.1,-0.8,0.6,4.8,.125
Tom Owens,1981-82,32,IND,74,1599,14.9,-1.4,0.3,3.2,.095
Tom Owens,1982-83,33,DET,49,725,8.7,-4.2,-0.4,0.6,.041
Tom Owens,1983-84,,Did not play - other pro league,,,,,,,
Tom Owens,1984-85,,Did not play - other pro league,,,,,,,
Ray Owes,1996-97,24,GSW,57,592,11.1,-4.8,-0.4,0.4,.036
Olumide Oyedeji,2000-01,19,SEA,30,221,10.6,-3.8,-0.1,0.4,.090
Olumide Oyedeji,2001-02,20,SEA,36,221,11.2,-5.2,-0.2,0.4,.098
Olumide Oyedeji,2002-03,21,ORL,27,145,9.4,-3.7,-0.1,0.3,.101
Joe Pace,1976-77,23,WSB,30,119,16.5,-3.6,0.0,0.1,.054
Joe Pace,1977-78,24,WSB,49,438,13.7,-1.7,0.0,0.9,.102
Zaza Pachulia,2003-04,19,ORL,59,664,10.8,-5.8,-0.6,0.3,.023
Zaza Pachulia,2004-05,20,MIL,74,1397,14.4,-1.3,0.2,2.9,.099
Zaza Pachulia,2005-06,21,ATL,78,2452,15.0,-2.1,-0.1,3.9,.077
Zaza Pachulia,2006-07,22,ATL,72,2026,16.8,-0.8,0.6,4.8,.114
Zaza Pachulia,2007-08,23,ATL,62,944,11.0,-5.1,-0.7,1.1,.054
Zaza Pachulia,2008-09,24,ATL,77,1473,14.1,-2.6,-0.2,3.9,.127
Zaza Pachulia,2009-10,25,ATL,78,1089,13.1,-2.5,-0.1,2.7,.121
Zaza Pachulia,2010-11,26,ATL,79,1244,12.4,-2.8,-0.2,3.1,.118
Zaza Pachulia,2011-12,27,ATL,58,1640,14.0,-0.7,0.5,5.0,.147
Zaza Pachulia,2012-13,28,ATL,52,1134,13.1,-1.7,0.1,2.7,.116
Zaza Pachulia,2013-14,29,MIL,53,1325,14.0,-1.8,0.1,1.7,.060
Zaza Pachulia,2014-15,30,MIL,73,1730,15.6,0.4,1.0,4.2,.116
Zaza Pachulia,2015-16,31,DAL,76,2004,16.2,-0.2,0.9,6.0,.145
Zaza Pachulia,2016-17,32,GSW,70,1268,16.1,0.6,0.8,4.7,.178
Zaza Pachulia,2017-18,33,GSW,69,972,17.0,0.0,0.5,3.3,.161
Zaza Pachulia,2018-19,34,DET,68,878,13.7,-1.2,0.2,2.3,.128
Robert Pack,1991-92,22,POR,72,894,10.5,-2.7,-0.1,1.1,.058
Robert Pack,1992-93,23,DEN,77,1579,16.4,0.1,0.8,3.1,.095
Robert Pack,1993-94,24,DEN,66,1382,15.0,-0.2,0.6,1.7,.057
Robert Pack,1994-95,25,DEN,42,1144,16.9,1.5,0.9,2.2,.091
Robert Pack,1995-96,26,WSB,31,1084,19.3,2.0,1.1,2.7,.121
Robert Pack,1996-97,27,2TM,54,1782,15.0,-0.8,0.6,1.1,.029
Robert Pack,1996-97,27,NJN,34,1185,16.0,-0.4,0.5,1.0,.042
Robert Pack,1996-97,27,DAL,20,597,13.1,-1.5,0.1,0.0,.004
Robert Pack,1997-98,28,DAL,12,292,9.0,-4.9,-0.2,-0.6,-0.093
Robert Pack,1998-99,29,DAL,25,468,17.1,-0.2,0.2,0.7,.077
Robert Pack,1999-00,30,DAL,29,665,14.6,-1.8,0.0,0.4,.026
Robert Pack,2000-01,31,DEN,74,1260,14.8,-1.6,0.1,1.1,.043
Robert Pack,2001-02,32,MIN,16,252,9.1,-4.4,-0.2,0.1,.016
Robert Pack,2002-03,33,NOH,28,440,13.3,-1.9,0.0,0.6,.068
Robert Pack,2003-04,34,NJN,26,220,8.0,-3.0,-0.1,0.1,.028
Robert Pack,2004-05,,Did not play - other pro league,,,,,,,
Wayne Pack,1974-75,24,INA,21,189,7.3,-4.4,-0.1,0.1,.020
Gerald Paddio,1988-89,,Did not play - other pro league,,,,,,,
Gerald Paddio,1989-90,,Did not play - other pro league,,,,,,,
Gerald Paddio,1990-91,25,CLE,70,1181,9.3,-6.5,-1.3,-0.4,-0.018
Gerald Paddio,1991-92,,Did not play - other pro league,,,,,,,
Gerald Paddio,1992-93,27,SEA,41,307,16.3,-0.9,0.1,0.6,.096
Gerald Paddio,1993-94,28,3TM,18,137,8.5,-5.1,-0.1,-0.1,-0.035
Gerald Paddio,1993-94,28,IND,7,55,5.2,-6.7,-0.1,-0.1,-0.074
Gerald Paddio,1993-94,28,NYK,3,8,0.6,-14.2,0.0,0.0,-0.016
Gerald Paddio,1993-94,28,WSB,8,74,11.8,-2.8,0.0,0.0,-0.008
Scott Padgett,1999-00,23,UTA,47,432,7.6,-4.5,-0.3,0.1,.013
Scott Padgett,2000-01,24,UTA,27,127,17.6,-1.4,0.0,0.4,.158
Scott Padgett,2001-02,25,UTA,75,1295,15.4,0.6,0.8,3.5,.130
Scott Padgett,2002-03,26,UTA,82,1321,12.4,-1.1,0.3,2.5,.091
Scott Padgett,2003-04,27,HOU,58,547,15.6,1.7,0.5,1.9,.170
Scott Padgett,2004-05,28,HOU,66,942,12.3,1.1,0.7,2.8,.141
Scott Padgett,2005-06,29,NJN,62,718,12.5,-0.2,0.3,1.8,.123
Scott Padgett,2006-07,30,2TM,31,231,4.9,-4.6,-0.1,0.1,.019
Scott Padgett,2006-07,30,HOU,24,198,5.6,-3.7,-0.1,0.2,.046
Scott Padgett,2006-07,30,MEM,7,33,0.9,-9.5,-0.1,-0.1,-0.140
Dana Pagett,1971-72,22,VIR,5,34,-2.9,,,-0.1,-0.121
Jaysean Paige,2021-22,27,DET,1,7,-22.2,-31.5,0.0,-0.1,-0.574
Marcus Paige,2017-18,24,CHO,5,28,9.1,-8.8,0.0,0.0,-0.006
Fred Paine,1948-49,23,PRO,3,,,,,-0.3,
Milt Palacio,1999-00,21,VAN,53,394,8.8,-4.4,-0.2,-0.3,-0.041
Milt Palacio,2000-01,22,BOS,58,1141,12.3,-2.4,-0.1,1.8,.076
Milt Palacio,2001-02,23,2TM,69,790,9.7,-3.2,-0.2,0.8,.050
Milt Palacio,2001-02,23,BOS,41,518,10.5,-2.4,-0.1,0.8,.071
Milt Palacio,2001-02,23,PHO,28,272,8.2,-4.8,-0.2,0.1,.011
Milt Palacio,2002-03,24,CLE,80,1976,8.2,-4.4,-1.2,0.2,.004
Milt Palacio,2003-04,25,TOR,59,1211,7.4,-4.9,-0.9,-0.5,-0.020
Milt Palacio,2004-05,26,TOR,80,1533,12.5,-2.5,-0.2,1.7,.054
Milt Palacio,2005-06,27,UTA,71,1376,9.9,-3.7,-0.6,0.2,.008
Togo Palazzi,1954-55,22,BOS,53,504,15.3,,,0.6,.053
Togo Palazzi,1955-56,23,BOS,63,703,14.8,,,0.8,.057
Togo Palazzi,1956-57,24,2TM,63,1013,16.2,,,1.6,.078
Togo Palazzi,1956-57,24,BOS,21,233,13.5,,,0.3,.052
Togo Palazzi,1956-57,24,SYR,42,780,17.0,,,1.4,.086
Togo Palazzi,1957-58,25,SYR,67,1001,15.8,,,2.0,.094
Togo Palazzi,1958-59,26,SYR,71,1053,14.7,,,1.7,.076
Togo Palazzi,1959-60,27,SYR,7,70,6.0,,,-0.2,-0.113
Bud Palmer,1946-47,25,NYK,42,,,,,3.9,
Bud Palmer,1947-48,26,NYK,48,,,,,7.4,
Bud Palmer,1948-49,27,NYK,58,,,,,7.2,
Errol Palmer,1967-68,,MNM,63,1191,17.2,,,4.2,.168
Jim Palmer,1957-58,,Did not play - other pro league,,,,,,,
Jim Palmer,1958-59,25,CIN,67,1624,13.9,,,2.4,.070
Jim Palmer,1959-60,26,2TM,74,1482,11.5,,,1.9,.062
Jim Palmer,1959-60,26,CIN,20,400,13.4,,,0.8,.098
Jim Palmer,1959-60,26,NYK,54,1082,10.8,,,1.1,.049
Jim Palmer,1960-61,27,NYK,55,688,9.8,,,0.2,.013
Trayvon Palmer,2021-22,27,DET,1,17,-5.7,-15.0,-0.1,0.0,-0.133
Walter Palmer,1990-91,22,UTA,28,85,8.5,-7.8,-0.1,-0.1,-0.041
Walter Palmer,1991-92,,Did not play - other pro league,,,,,,,
Walter Palmer,1992-93,24,DAL,20,124,12.8,-5.9,-0.1,0.0,.006
Kevin Pangos,2021-22,29,CLE,24,166,6.5,-6.1,-0.2,0.1,.016
Andy Panko,2000-01,23,ATL,1,1,0.0,-6.2,0.0,0.0,-0.017
Georgios Papagiannis,2016-17,19,SAC,22,355,12.7,-3.8,-0.2,0.4,.057
Georgios Papagiannis,2017-18,20,2TM,17,122,12.2,-4.1,-0.1,0.0,.005
Georgios Papagiannis,2017-18,20,SAC,16,118,10.7,-5.6,-0.1,0.0,-0.018
Georgios Papagiannis,2017-18,20,POR,1,4,58.1,39.9,0.0,0.1,.675
Kostas Papanikolaou,2012-13,,Did not play - other pro league,,,,,,,
Kostas Papanikolaou,2013-14,,Did not play - other pro league,,,,,,,
Kostas Papanikolaou,2014-15,24,HOU,43,795,7.8,-2.0,0.0,0.5,.029
Kostas Papanikolaou,2015-16,25,DEN,26,294,6.0,-4.5,-0.2,-0.1,-0.022
Jannero Pargo,2002-03,23,LAL,34,342,7.3,-5.4,-0.3,0.1,.007
Jannero Pargo,2003-04,24,3TM,31,479,11.5,-3.4,-0.2,0.1,.006
Jannero Pargo,2003-04,24,LAL,13,63,1.6,-10.3,-0.1,-0.2,-0.162
Jannero Pargo,2003-04,24,TOR,5,71,5.6,-6.4,-0.1,-0.2,-0.112
Jannero Pargo,2003-04,24,CHI,13,345,14.5,-1.6,0.0,0.4,.061
Jannero Pargo,2004-05,25,CHI,32,453,11.1,-2.0,0.0,0.2,.023
Jannero Pargo,2005-06,26,CHI,57,646,9.9,-2.4,-0.1,-0.1,-0.008
Jannero Pargo,2006-07,27,NOK,82,1710,13.4,-0.8,0.5,2.0,.056
Jannero Pargo,2007-08,28,NOH,80,1497,11.9,-2.7,-0.3,1.1,.037
Jannero Pargo,2008-09,,Did not play - other pro league,,,,,,,
Jannero Pargo,2009-10,30,CHI,63,829,8.9,-4.8,-0.6,-0.3,-0.015
Jannero Pargo,2010-11,,Did not play - waived,,,,,,,
Jannero Pargo,2011-12,32,ATL,50,671,13.6,-0.6,0.2,1.3,.095
Jannero Pargo,2012-13,33,3TM,32,507,10.3,-4.1,-0.3,-0.2,-0.017
Jannero Pargo,2012-13,33,WAS,7,102,0.2,-10.5,-0.2,-0.3,-0.129
Jannero Pargo,2012-13,33,ATL,7,113,9.7,-3.9,0.0,0.1,.041
Jannero Pargo,2012-13,33,CHA,18,292,14.1,-1.9,0.0,0.0,-0.001
Jannero Pargo,2013-14,34,CHA,29,242,18.9,2.7,0.3,0.5,.105
Jannero Pargo,2014-15,35,CHO,9,73,14.9,1.8,0.1,0.2,.113
Jeremy Pargo,2011-12,25,MEM,44,424,4.4,-7.6,-0.6,-0.8,-0.085
Jeremy Pargo,2012-13,26,2TM,39,655,10.4,-3.2,-0.2,0.0,-0.002
Jeremy Pargo,2012-13,26,CLE,25,447,11.3,-2.7,-0.1,-0.1,-0.006
Jeremy Pargo,2012-13,26,PHI,14,208,8.4,-4.4,-0.1,0.0,.006
Jeremy Pargo,2013-14,,Did not play - other pro league,,,,,,,
Jeremy Pargo,2014-15,,Did not play - other pro league,,,,,,,
Jeremy Pargo,2015-16,,Did not play - other pro league,,,,,,,
Jeremy Pargo,2016-17,,Did not play - other pro league,,,,,,,
Jeremy Pargo,2017-18,,Did not play - other pro league,,,,,,,
Jeremy Pargo,2018-19,,Did not play - other pro league,,,,,,,
Jeremy Pargo,2019-20,33,GSW,3,44,12.6,-5.9,0.0,0.0,.011
Easy Parham,1948-49,27,STB,60,,,,,0.3,
Easy Parham,1949-50,28,STB,66,,,,,0.1,
Easy Parham,1950-51,29,PHW,7,,,,,0.0,
Robert Parish,1976-77,23,GSW,77,1384,19.3,1.0,1.1,4.8,.167
Robert Parish,1977-78,24,GSW,82,1969,17.2,-1.0,0.5,4.0,.098
Robert Parish,1978-79,25,GSW,76,2411,20.8,2.2,2.5,7.1,.142
Robert Parish,1979-80,26,GSW,72,2119,20.0,0.4,1.3,4.6,.104
Robert Parish,1980-81,27,BOS,82,2298,25.2,5.4,4.3,10.9,.228
Robert Parish,1981-82,28,BOS,80,2534,22.6,3.8,3.7,10.0,.190
Robert Parish,1982-83,29,BOS,78,2459,23.0,4.3,3.9,10.8,.211
Robert Parish,1983-84,30,BOS,80,2867,19.2,1.9,2.8,10.5,.175
Robert Parish,1984-85,31,BOS,79,2850,17.6,0.8,2.0,9.0,.151
Robert Parish,1985-86,32,BOS,81,2567,18.8,2.1,2.6,9.2,.171
Robert Parish,1986-87,33,BOS,80,2995,17.7,1.2,2.4,9.2,.147
Robert Parish,1987-88,34,BOS,74,2312,17.2,0.8,1.6,6.4,.134
Robert Parish,1988-89,35,BOS,80,2840,21.6,3.3,3.8,10.5,.177
Robert Parish,1989-90,36,BOS,79,2396,19.2,1.1,1.9,7.8,.157
Robert Parish,1990-91,37,BOS,81,2441,20.6,2.2,2.6,10.0,.198
Robert Parish,1991-92,38,BOS,79,2285,18.9,1.4,2.0,7.4,.155
Robert Parish,1992-93,39,BOS,79,2146,19.2,1.0,1.6,6.8,.152
Robert Parish,1993-94,40,BOS,74,1987,16.1,-1.0,0.5,4.0,.095
Robert Parish,1994-95,41,CHH,81,1352,10.1,-3.7,-0.6,1.4,.051
Robert Parish,1995-96,42,CHH,74,1086,13.0,-1.1,0.2,1.7,.074
Robert Parish,1996-97,43,CHI,43,406,14.3,-2.7,-0.1,0.9,.101
Med Park,1955-56,22,STL,40,424,10.9,,,0.4,.047
Med Park,1956-57,23,STL,66,1130,10.7,,,1.8,.075
Med Park,1957-58,24,STL,71,1103,10.4,,,1.6,.069
Med Park,1958-59,25,2TM,62,1126,13.0,,,1.9,.081
Med Park,1958-59,25,STL,29,228,13.2,,,0.4,.086
Med Park,1958-59,25,CIN,33,898,13.0,,,1.5,.080
Med Park,1959-60,26,CIN,74,1849,11.2,,,1.9,.049
Anthony Parker,1997-98,22,PHI,37,196,14.0,1.0,0.1,0.4,.089
Anthony Parker,1998-99,23,PHI,2,3,30.9,12.7,0.0,0.0,.274
Anthony Parker,1999-00,24,ORL,16,185,9.7,-2.0,0.0,0.2,.040
Anthony Parker,2000-01,,Did not play - other pro league,,,,,,,
Anthony Parker,2001-02,,Did not play - other pro league,,,,,,,
Anthony Parker,2002-03,,Did not play - other pro league,,,,,,,
Anthony Parker,2003-04,,Did not play - other pro league,,,,,,,
Anthony Parker,2004-05,,Did not play - other pro league,,,,,,,
Anthony Parker,2005-06,,Did not play - other pro league,,,,,,,
Anthony Parker,2006-07,31,TOR,73,2437,14.5,1.4,2.1,6.5,.127
Anthony Parker,2007-08,32,TOR,82,2634,14.4,0.9,1.9,6.2,.113
Anthony Parker,2008-09,33,TOR,80,2637,12.1,-0.7,0.8,3.4,.063
Anthony Parker,2009-10,34,CLE,81,2289,9.9,-0.3,1.0,4.9,.103
Anthony Parker,2010-11,35,CLE,72,2091,10.5,-2.0,0.0,1.5,.034
Anthony Parker,2011-12,36,CLE,51,1280,10.9,-1.7,0.1,1.4,.052
Jabari Parker,2014-15,19,MIL,25,738,14.5,-0.5,0.3,1.3,.088
Jabari Parker,2015-16,20,MIL,76,2408,14.8,-2.0,0.0,3.6,.072
Jabari Parker,2016-17,21,MIL,51,1728,19.1,0.7,1.2,4.0,.112
Jabari Parker,2017-18,22,MIL,31,743,17.1,-0.8,0.2,1.2,.080
Jabari Parker,2018-19,23,2TM,64,1724,15.5,-1.5,0.2,1.4,.039
Jabari Parker,2018-19,23,CHI,39,1042,14.6,-2.1,0.0,0.5,.024
Jabari Parker,2018-19,23,WAS,25,682,17.0,-0.6,0.2,0.9,.063
Jabari Parker,2019-20,24,2TM,38,917,18.0,0.3,0.5,1.6,.083
Jabari Parker,2019-20,24,ATL,32,837,17.2,0.0,0.4,1.2,.068
Jabari Parker,2019-20,24,SAC,6,80,26.5,2.6,0.1,0.4,.234
Jabari Parker,2020-21,25,2TM,13,165,14.7,-0.9,0.0,0.3,.089
Jabari Parker,2020-21,25,SAC,3,27,5.0,-9.1,0.0,0.0,-0.073
Jabari Parker,2020-21,25,BOS,10,138,16.6,0.7,0.1,0.3,.121
Jabari Parker,2021-22,26,BOS,12,112,14.8,0.7,0.1,0.3,.141
Smush Parker,2002-03,21,CLE,66,1103,11.3,-3.4,-0.4,0.1,.005
Smush Parker,2003-04,,Did not play - other pro league,,,,,,,
Smush Parker,2004-05,23,2TM,16,144,6.0,-6.0,-0.1,-0.1,-0.045
Smush Parker,2004-05,23,DET,11,110,6.6,-5.3,-0.1,0.0,.009
Smush Parker,2004-05,23,PHO,5,34,4.3,-8.1,0.0,-0.2,-0.218
Smush Parker,2005-06,24,LAL,82,2773,13.4,0.1,1.5,5.8,.100
Smush Parker,2006-07,25,LAL,82,2457,11.6,-2.0,0.0,2.3,.045
Smush Parker,2007-08,26,2TM,28,592,7.0,-5.5,-0.5,-0.6,-0.052
Smush Parker,2007-08,26,MIA,9,183,5.5,-4.3,-0.1,-0.2,-0.060
Smush Parker,2007-08,26,LAC,19,409,7.6,-6.0,-0.4,-0.4,-0.048
Sonny Parker,1976-77,21,GSW,65,889,16.4,3.1,1.1,3.0,.160
Sonny Parker,1977-78,22,GSW,82,2069,17.4,2.7,2.4,6.2,.145
Sonny Parker,1978-79,23,GSW,79,2893,15.5,1.8,2.8,7.0,.116
Sonny Parker,1979-80,24,GSW,82,2849,16.2,1.8,2.7,6.8,.114
Sonny Parker,1980-81,25,GSW,73,1317,13.3,0.6,0.9,2.3,.084
Sonny Parker,1981-82,26,GSW,71,899,12.6,0.4,0.6,1.6,.088
Tony Parker,2001-02,19,SAS,77,2267,11.7,-1.1,0.6,3.8,.080
Tony Parker,2002-03,20,SAS,82,2774,16.5,0.5,1.7,7.7,.134
Tony Parker,2003-04,21,SAS,75,2577,15.7,0.8,1.8,7.5,.140
Tony Parker,2004-05,22,SAS,80,2735,18.0,2.0,2.8,8.1,.141
Tony Parker,2005-06,23,SAS,80,2715,20.8,2.8,3.3,9.6,.169
Tony Parker,2006-07,24,SAS,77,2499,21.4,3.1,3.2,9.6,.185
Tony Parker,2007-08,25,SAS,69,2312,20.0,2.4,2.6,7.0,.146
Tony Parker,2008-09,26,SAS,72,2456,23.4,3.6,3.5,8.6,.168
Tony Parker,2009-10,27,SAS,56,1728,16.4,-0.7,0.6,3.6,.101
Tony Parker,2010-11,28,SAS,78,2528,20.4,1.8,2.4,8.2,.156
Tony Parker,2011-12,29,SAS,60,1923,22.0,2.7,2.3,7.1,.177
Tony Parker,2012-13,30,SAS,66,2174,23.0,3.6,3.1,9.3,.206
Tony Parker,2013-14,31,SAS,68,1997,18.9,0.9,1.5,5.9,.141
Tony Parker,2014-15,32,SAS,68,1953,15.9,-1.3,0.3,4.1,.100
Tony Parker,2015-16,33,SAS,72,1980,16.2,0.4,1.2,5.8,.142
Tony Parker,2016-17,34,SAS,63,1587,13.0,-2.6,-0.2,3.0,.092
Tony Parker,2017-18,35,SAS,55,1071,12.7,-3.3,-0.3,1.4,.065
Tony Parker,2018-19,36,CHO,56,1003,15.3,-2.6,-0.1,0.9,.044
Barry Parkhill,1973-74,22,VIR,60,869,5.6,-6.3,-1.0,-0.8,-0.046
Barry Parkhill,1974-75,23,VIR,78,1870,6.6,-5.8,-1.8,-1.8,-0.047
Barry Parkhill,1975-76,24,SSL,35,377,5.3,-5.6,-0.4,-0.3,-0.034
Jack Parkinson,1948-49,,Did not play - minor league baseball,,,,,,,
Jack Parkinson,1949-50,25,INO,4,,,,,-0.2,
Charley Parks,1968-69,,DNR,2,5,-10.8,,,0.0,-0.220
Cherokee Parks,1995-96,23,DAL,64,869,10.9,-3.9,-0.4,0.9,.050
Cherokee Parks,1996-97,24,MIN,76,961,12.7,-1.1,0.2,2.2,.112
Cherokee Parks,1997-98,25,MIN,79,1703,13.6,-2.3,-0.1,3.8,.108
Cherokee Parks,1998-99,26,VAN,48,1118,9.5,-4.5,-0.7,0.2,.010
Cherokee Parks,1999-00,27,VAN,56,808,11.9,-0.6,0.3,1.4,.086
Cherokee Parks,2000-01,28,2TM,65,1054,12.6,-1.4,0.2,1.9,.086
Cherokee Parks,2000-01,28,WAS,13,178,13.0,-0.4,0.1,0.3,.070
Cherokee Parks,2000-01,28,LAC,52,876,12.5,-1.7,0.1,1.6,.089
Cherokee Parks,2001-02,29,SAS,42,234,7.6,-5.4,-0.2,0.0,-0.005
Cherokee Parks,2002-03,30,LAC,30,648,13.3,-1.2,0.1,1.2,.090
Cherokee Parks,2003-04,31,GSW,12,64,7.0,-2.3,0.0,0.1,.043
Rich Parks,1967-68,24,PTP,40,374,11.4,,,0.5,.068
Jack Parr,1958-59,22,CIN,66,1037,7.9,,,-0.3,-0.014
Doyle Parrack,1946-47,25,CHS,58,,,,,1.1,
Charlie Parsley,1949-50,24,PHW,9,,,,,0.0,
Chandler Parsons,2011-12,23,HOU,63,1804,13.3,0.8,1.3,3.4,.090
Chandler Parsons,2012-13,24,HOU,76,2758,15.3,2.0,2.8,7.0,.121
Chandler Parsons,2013-14,25,HOU,74,2783,15.9,1.7,2.6,7.6,.131
Chandler Parsons,2014-15,26,DAL,66,2186,16.3,1.6,2.0,5.5,.121
Chandler Parsons,2015-16,27,DAL,61,1799,16.2,2.0,1.8,4.3,.114
Chandler Parsons,2016-17,28,MEM,34,675,7.7,-3.8,-0.3,0.2,.015
Chandler Parsons,2017-18,29,MEM,36,691,13.6,0.8,0.5,1.1,.077
Chandler Parsons,2018-19,30,MEM,25,496,8.5,-4.4,-0.3,0.0,-0.004
Chandler Parsons,2019-20,31,ATL,5,54,5.6,-6.0,-0.1,-0.1,-0.065
Eric Paschall,2019-20,23,GSW,60,1654,14.5,-2.7,-0.3,2.1,.062
Eric Paschall,2020-21,24,GSW,40,695,13.4,-2.7,-0.1,0.9,.062
Eric Paschall,2021-22,25,UTA,58,736,13.9,-0.5,0.3,2.0,.128
Anžejs Pasečņiks,2017-18,,Did not play - other pro league,,,,,,,
Anžejs Pasečņiks,2018-19,,Did not play - other pro league,,,,,,,
Anžejs Pasečņiks,2019-20,24,WAS,27,437,11.3,-5.6,-0.4,0.5,.054
Anžejs Pasečņiks,2020-21,25,WAS,1,6,-40.6,-46.6,-0.1,-0.1,-1.113
Žarko Paspalj,1989-90,23,SAS,28,181,4.3,-10.4,-0.4,-0.3,-0.072
Marty Passaglia,1946-47,27,WSC,43,,,,,0.1,
Marty Passaglia,1947-48,,Did not play - other pro league,,,,,,,
Marty Passaglia,1948-49,29,INJ,10,,,,,-0.2,
George Pastushok,1946-47,24,PRO,39,,,,,0.0,
Myles Patrick,1980-81,26,LAL,3,9,6.9,-5.0,0.0,0.0,-0.036
Stan Patrick,1949-50,27,2TM,53,,,,,1.6,
Stan Patrick,1949-50,27,WAT,34,,,,,1.7,
Stan Patrick,1949-50,27,SHE,19,,,,,-0.1,
Andrae Patterson,1998-99,23,MIN,35,284,14.5,-1.9,0.0,0.7,.114
Andrae Patterson,1999-00,24,MIN,5,20,11.7,-1.9,0.0,0.1,.124
George Patterson,1967-68,28,DET,59,559,7.9,,,0.1,.007
Lamar Patterson,2014-15,,Did not play - other pro league,,,,,,,
Lamar Patterson,2015-16,24,ATL,35,395,5.1,-5.1,-0.3,0.2,.025
Lamar Patterson,2016-17,25,ATL,5,40,-1.9,-11.4,-0.1,-0.1,-0.176
Patrick Patterson,2010-11,21,HOU,52,868,16.7,0.3,0.5,2.4,.134
Patrick Patterson,2011-12,22,HOU,64,1483,11.5,-2.9,-0.3,1.6,.052
Patrick Patterson,2012-13,23,2TM,71,1775,15.2,-0.1,0.9,4.1,.111
Patrick Patterson,2012-13,23,HOU,47,1219,15.5,0.2,0.7,3.0,.120
Patrick Patterson,2012-13,23,SAC,24,556,14.5,-0.6,0.2,1.0,.090
Patrick Patterson,2013-14,24,2TM,65,1533,14.6,0.5,1.0,3.8,.118
Patrick Patterson,2013-14,24,SAC,17,415,10.3,-3.4,-0.1,0.4,.042
Patrick Patterson,2013-14,24,TOR,48,1118,16.2,2.0,1.1,3.4,.147
Patrick Patterson,2014-15,25,TOR,81,2156,14.6,2.5,2.4,6.1,.137
Patrick Patterson,2015-16,26,TOR,79,2020,10.6,-0.1,1.0,3.6,.086
Patrick Patterson,2016-17,27,TOR,65,1599,10.8,0.1,0.8,3.3,.100
Patrick Patterson,2017-18,28,OKC,82,1270,10.0,-0.2,0.6,2.6,.098
Patrick Patterson,2018-19,29,OKC,63,861,8.1,-2.5,-0.1,1.1,.064
Patrick Patterson,2019-20,30,LAC,59,776,11.5,0.3,0.5,1.9,.118
Patrick Patterson,2020-21,31,LAC,38,582,10.9,-0.6,0.2,1.2,.101
Ruben Patterson,1998-99,23,LAL,24,144,14.3,-4.1,-0.1,0.2,.070
Ruben Patterson,1999-00,24,SEA,81,2097,18.8,1.9,2.1,6.7,.153
Ruben Patterson,2000-01,25,SEA,76,2059,19.3,1.9,2.1,5.5,.128
Ruben Patterson,2001-02,26,POR,75,1765,18.8,2.1,1.8,5.6,.151
Ruben Patterson,2002-03,27,POR,78,1655,14.5,-0.6,0.6,3.2,.093
Ruben Patterson,2003-04,28,POR,73,1651,14.6,0.4,1.0,3.0,.087
Ruben Patterson,2004-05,29,POR,70,1957,15.8,-0.3,0.9,3.4,.083
Ruben Patterson,2005-06,30,2TM,71,1792,16.4,-0.5,0.7,2.1,.055
Ruben Patterson,2005-06,30,POR,45,1056,17.0,-0.5,0.4,1.0,.044
Ruben Patterson,2005-06,30,DEN,26,736,15.4,-0.7,0.2,1.1,.071
Ruben Patterson,2006-07,31,MIL,81,2508,18.5,1.0,1.9,5.4,.103
Ruben Patterson,2007-08,32,LAC,20,327,10.9,-2.5,0.0,0.1,.010
Ruben Patterson,2008-09,,Did not play - other pro league,,,,,,,
Steve Patterson,1971-72,23,CLE,65,775,8.4,,,-0.7,-0.042
Steve Patterson,1972-73,24,CLE,62,710,9.6,,,0.1,.009
Steve Patterson,1973-74,25,CLE,76,1910,13.6,-0.4,0.8,3.0,.074
Steve Patterson,1974-75,26,CLE,81,1269,11.3,-1.9,0.0,1.5,.055
Steve Patterson,1975-76,27,2TM,66,918,9.9,-1.8,0.1,0.9,.047
Steve Patterson,1975-76,27,CLE,14,136,10.9,-1.7,0.1,0.2,.074
Steve Patterson,1975-76,27,CHI,52,782,9.8,-1.8,0.0,0.7,.042
Steve Patterson,1976-77,,Did not play - other pro league,,,,,,,
Tom Patterson,1972-73,24,BAL,23,92,15.5,,,0.2,.116
Tom Patterson,1973-74,25,CAP,2,8,11.0,-4.3,0.0,0.0,-0.056
Worthy Patterson,1957-58,26,STL,4,13,11.0,,,0.0,.014
Justin Patton,2017-18,20,MIN,1,4,19.8,3.2,0.0,0.0,.151
Justin Patton,2018-19,21,PHI,3,21,10.5,-2.0,0.0,0.0,.079
Justin Patton,2019-20,22,OKC,5,24,4.7,-10.1,0.0,0.0,-0.063
Justin Patton,2020-21,23,HOU,13,247,11.6,-2.2,0.0,0.4,.076
Brandon Paul,2017-18,26,SAS,64,576,7.4,-3.5,-0.2,0.5,.045
Chris Paul,2005-06,20,NOK,78,2808,22.1,5.2,5.1,10.4,.178
Chris Paul,2006-07,21,NOK,64,2353,22.0,5.0,4.2,8.8,.179
Chris Paul,2007-08,22,NOH,80,3006,28.3,10.4,9.3,17.8,.284
Chris Paul,2008-09,23,NOH,78,3002,30.0,11.0,9.9,18.3,.292
Chris Paul,2009-10,24,NOH,45,1712,23.7,6.2,3.5,7.3,.204
Chris Paul,2010-11,25,NOH,80,2880,23.7,7.1,6.7,13.9,.232
Chris Paul,2011-12,26,LAC,60,2181,27.0,9.2,6.1,12.7,.278
Chris Paul,2012-13,27,LAC,70,2335,26.4,8.8,6.4,13.9,.287
Chris Paul,2013-14,28,LAC,62,2171,25.9,8.6,5.8,12.2,.270
Chris Paul,2014-15,29,LAC,82,2857,26.0,8.0,7.2,16.1,.270
Chris Paul,2015-16,30,LAC,74,2420,26.2,7.9,6.0,12.7,.253
Chris Paul,2016-17,31,LAC,61,1921,26.2,8.7,5.2,10.6,.264
Chris Paul,2017-18,32,HOU,58,1847,24.4,7.1,4.2,10.2,.265
Chris Paul,2018-19,33,HOU,58,1857,19.7,3.9,2.8,6.6,.172
Chris Paul,2019-20,34,OKC,70,2208,21.7,4.4,3.5,8.9,.193
Chris Paul,2020-21,35,PHO,70,2199,21.4,4.6,3.6,9.2,.201
Chris Paul,2021-22,36,PHO,65,2139,20.8,5.4,4.0,9.4,.210
Chris Paul,2022-23,37,PHO,59,1889,17.7,3.2,2.5,6.2,.156
Chris Paul,2023-24,38,GSW,58,1531,14.7,1.0,1.2,4.3,.136
Chris Paul,2024-25,39,SAS,82,2292,14.7,0.8,1.6,5.7,.120
Charlie Paulk,1968-69,22,MIL,17,217,3.9,,,-0.8,-0.174
Charlie Paulk,1969-70,,Did not play - military service,,,,,,,
Charlie Paulk,1970-71,24,CIN,68,1213,11.5,,,0.3,.013
Charlie Paulk,1971-72,25,2TM,35,211,6.0,,,-0.4,-0.102
Charlie Paulk,1971-72,25,CHI,7,60,8.2,,,-0.1,-0.059
Charlie Paulk,1971-72,25,NYK,28,151,5.2,,,-0.4,-0.119
Jerry Paulson,1957-58,22,CIN,6,68,7.9,,,0.0,.016
Billy Paultz,1970-71,22,NYA,83,2758,17.2,,,7.0,.122
Billy Paultz,1971-72,23,NYA,83,2824,15.3,,,5.0,.085
Billy Paultz,1972-73,24,NYA,81,2800,21.1,,,5.6,.095
Billy Paultz,1973-74,25,NYA,77,2596,18.2,2.1,2.7,8.9,.165
Billy Paultz,1974-75,26,NYA,80,2826,16.3,0.9,2.1,9.0,.152
Billy Paultz,1975-76,27,SAA,83,2958,18.6,3.7,4.3,8.7,.141
Billy Paultz,1976-77,28,SAS,82,2694,15.8,0.1,1.5,5.3,.095
Billy Paultz,1977-78,29,SAS,80,2479,19.8,2.9,3.0,8.6,.166
Billy Paultz,1978-79,30,SAS,79,2122,15.5,0.7,1.5,5.1,.114
Billy Paultz,1979-80,31,2TM,84,2193,13.9,0.3,1.3,4.0,.088
Billy Paultz,1979-80,31,SAS,47,1213,14.7,1.1,1.0,2.6,.104
Billy Paultz,1979-80,31,HOU,37,980,12.8,-0.6,0.3,1.4,.068
Billy Paultz,1980-81,32,HOU,81,1659,12.9,-0.9,0.5,2.7,.077
Billy Paultz,1981-82,33,HOU,65,807,7.7,-4.5,-0.5,0.1,.007
Billy Paultz,1982-83,34,2TM,64,820,9.5,-3.4,-0.3,0.3,.020
Billy Paultz,1982-83,34,HOU,57,695,9.6,-3.7,-0.3,0.2,.014
Billy Paultz,1982-83,34,SAS,7,125,9.4,-2.0,0.0,0.1,.052
Billy Paultz,1983-84,35,ATL,40,486,6.6,-3.9,-0.2,0.3,.027
Billy Paultz,1984-85,36,UTA,62,370,5.0,-6.3,-0.4,0.0,-0.006
Sasha Pavlović,2003-04,20,UTA,79,1144,8.7,-4.0,-0.6,0.9,.040
Sasha Pavlović,2004-05,21,CLE,65,862,9.0,-4.4,-0.5,0.8,.046
Sasha Pavlović,2005-06,22,CLE,53,813,6.9,-3.6,-0.3,0.5,.030
Sasha Pavlović,2006-07,23,CLE,67,1534,12.1,-0.8,0.5,3.1,.098
Sasha Pavlović,2007-08,24,CLE,51,1188,7.2,-4.9,-0.9,0.2,.006
Sasha Pavlović,2008-09,25,CLE,66,1053,8.6,-2.1,0.0,1.7,.077
Sasha Pavlović,2009-10,26,MIN,71,877,5.4,-6.2,-0.9,-1.2,-0.063
Sasha Pavlović,2010-11,27,3TM,31,362,6.0,-3.0,-0.1,0.3,.042
Sasha Pavlović,2010-11,27,DAL,10,163,7.8,-1.6,0.0,0.2,.067
Sasha Pavlović,2010-11,27,NOH,4,50,2.9,-4.5,0.0,-0.1,-0.065
Sasha Pavlović,2010-11,27,BOS,17,149,5.1,-4.1,-0.1,0.2,.051
Sasha Pavlović,2011-12,28,BOS,45,527,6.7,-2.3,0.0,0.4,.039
Sasha Pavlović,2012-13,29,POR,39,528,6.2,-3.3,-0.2,0.1,.009
Jim Paxson,1956-57,24,MNL,71,1274,9.3,,,0.0,.001
Jim Paxson,1957-58,25,CIN,67,1795,11.6,,,2.8,.074
Jim Paxson,1979-80,22,POR,72,1270,9.1,-4.1,-0.7,0.3,.011
Jim Paxson,1980-81,23,POR,79,2701,16.9,1.4,2.3,7.7,.136
Jim Paxson,1981-82,24,POR,82,2756,18.0,1.5,2.4,7.5,.130
Jim Paxson,1982-83,25,POR,81,2740,20.1,3.0,3.5,10.2,.178
Jim Paxson,1983-84,26,POR,81,2686,19.5,2.2,2.9,9.5,.170
Jim Paxson,1984-85,27,POR,68,2253,17.3,1.5,2.0,6.5,.138
Jim Paxson,1985-86,28,POR,75,1931,15.9,0.6,1.3,4.8,.120
Jim Paxson,1986-87,29,POR,72,1798,13.8,-0.5,0.7,3.4,.091
Jim Paxson,1987-88,30,2TM,45,801,11.7,-2.9,-0.2,1.2,.071
Jim Paxson,1987-88,30,POR,17,263,8.6,-4.5,-0.2,0.2,.033
Jim Paxson,1987-88,30,BOS,28,538,13.3,-2.1,0.0,1.0,.090
Jim Paxson,1988-89,31,BOS,57,1138,11.5,-3.1,-0.3,1.3,.053
Jim Paxson,1989-90,32,BOS,72,1283,9.7,-3.7,-0.5,1.4,.052
John Paxson,1983-84,23,SAS,49,458,12.7,-1.7,0.0,0.6,.058
John Paxson,1984-85,24,SAS,78,1259,12.6,-1.3,0.2,2.3,.088
John Paxson,1985-86,25,CHI,75,1570,10.5,-2.0,0.0,2.2,.069
John Paxson,1986-87,26,CHI,82,2689,12.8,-1.4,0.4,6.0,.106
John Paxson,1987-88,27,CHI,81,1888,12.3,-1.4,0.3,4.2,.106
John Paxson,1988-89,28,CHI,78,1738,12.0,-1.4,0.3,3.3,.091
John Paxson,1989-90,29,CHI,82,2365,12.7,-1.5,0.3,4.8,.097
John Paxson,1990-91,30,CHI,82,1971,14.0,0.3,1.1,5.7,.140
John Paxson,1991-92,31,CHI,79,1946,10.9,-0.8,0.6,4.7,.117
John Paxson,1992-93,32,CHI,59,1030,9.3,-2.8,-0.2,1.9,.087
John Paxson,1993-94,33,CHI,27,343,8.3,-1.8,0.0,0.6,.088
Johnny Payak,1949-50,23,2TM,52,,,,,0.4,
Johnny Payak,1949-50,23,PHW,17,,,,,0.5,
Johnny Payak,1949-50,23,WAT,35,,,,,-0.1,
Johnny Payak,1950-51,,Did not play - other pro league,,,,,,,
Johnny Payak,1951-52,,Did not play - other pro league,,,,,,,
Johnny Payak,1952-53,26,MLH,68,1470,11.9,,,3.5,.115
Adreian Payne,2014-15,23,2TM,32,739,7.7,-6.9,-0.9,-0.5,-0.033
Adreian Payne,2014-15,23,ATL,3,19,2.9,-10.6,0.0,0.0,-0.039
Adreian Payne,2014-15,23,MIN,29,720,7.8,-6.8,-0.9,-0.5,-0.033
Adreian Payne,2015-16,24,MIN,52,486,5.6,-6.2,-0.5,-0.5,-0.047
Adreian Payne,2016-17,25,MIN,18,135,14.4,-2.3,0.0,0.2,.086
Adreian Payne,2017-18,26,ORL,5,43,18.8,2.4,0.0,0.2,.203
Cameron Payne,2015-16,21,OKC,57,698,12.9,-0.7,0.2,1.4,.093
Cameron Payne,2016-17,22,2TM,31,462,5.5,-6.1,-0.5,-0.3,-0.035
Cameron Payne,2016-17,22,OKC,20,320,6.1,-5.3,-0.3,-0.1,-0.012
Cameron Payne,2016-17,22,CHI,11,142,4.0,-7.7,-0.2,-0.3,-0.086
Cameron Payne,2017-18,23,CHI,25,582,14.0,-0.4,0.2,0.8,.063
Cameron Payne,2018-19,24,2TM,40,712,11.5,-3.0,-0.2,0.5,.031
Cameron Payne,2018-19,24,CHI,31,536,10.3,-3.8,-0.2,0.2,.014
Cameron Payne,2018-19,24,CLE,9,176,15.3,-0.7,0.1,0.3,.082
Cameron Payne,2019-20,25,PHO,8,183,15.7,1.7,0.2,0.5,.120
Cameron Payne,2020-21,26,PHO,60,1079,17.4,3.1,1.4,3.6,.158
Cameron Payne,2021-22,27,PHO,58,1278,13.8,0.0,0.7,1.9,.073
Cameron Payne,2022-23,28,PHO,48,968,13.2,-1.2,0.2,1.1,.053
Cameron Payne,2023-24,29,2TM,78,1304,12.8,-1.1,0.3,2.4,.089
Cameron Payne,2023-24,29,MIL,47,702,12.6,-1.5,0.1,1.6,.108
Cameron Payne,2023-24,29,PHI,31,602,13.0,-0.7,0.2,0.8,.067
Cameron Payne,2024-25,30,NYK,72,1090,13.8,-0.2,0.5,2.3,.099
Kenny Payne,1989-90,23,PHI,35,216,10.7,-6.0,-0.2,0.0,.002
Kenny Payne,1990-91,24,PHI,47,444,7.5,-7.2,-0.6,-0.3,-0.037
Kenny Payne,1991-92,25,PHI,49,353,11.9,-2.9,-0.1,0.2,.025
Kenny Payne,1992-93,26,PHI,13,154,14.2,-1.2,0.0,0.0,.014
Tom Payne,1971-72,21,ATL,29,227,15.0,,,0.3,.060
Elfrid Payton,2014-15,20,ORL,82,2489,13.8,-1.2,0.5,2.3,.044
Elfrid Payton,2015-16,21,ORL,73,2145,13.9,-1.2,0.4,2.2,.050
Elfrid Payton,2016-17,22,ORL,82,2412,17.2,0.8,1.7,4.4,.088
Elfrid Payton,2017-18,23,2TM,63,1808,16.5,-0.2,0.8,2.8,.075
Elfrid Payton,2017-18,23,ORL,44,1257,18.1,1.1,1.0,2.7,.104
Elfrid Payton,2017-18,23,PHO,19,551,13.1,-3.2,-0.2,0.1,.009
Elfrid Payton,2018-19,24,NOP,42,1250,14.0,-1.4,0.2,1.5,.058
Elfrid Payton,2019-20,25,NYK,45,1246,16.0,0.0,0.6,1.7,.065
Elfrid Payton,2020-21,26,NYK,63,1484,11.7,-3.0,-0.4,1.0,.032
Elfrid Payton,2021-22,27,PHO,50,549,7.9,-3.5,-0.2,-0.2,-0.014
Elfrid Payton,2024-25,30,2TM,24,511,8.5,-6.4,-0.6,-0.6,-0.057
Elfrid Payton,2024-25,30,NOP,18,388,10.6,-5.5,-0.3,-0.4,-0.047
Elfrid Payton,2024-25,30,CHO,6,123,1.7,-9.2,-0.2,-0.2,-0.087
Gary Payton,1990-91,22,SEA,82,2244,13.2,0.8,1.6,3.4,.073
Gary Payton,1991-92,23,SEA,81,2549,13.1,0.4,1.5,3.9,.074
Gary Payton,1992-93,24,SEA,82,2548,17.0,2.7,3.1,7.8,.147
Gary Payton,1993-94,25,SEA,82,2881,17.8,3.1,3.7,9.3,.155
Gary Payton,1994-95,26,SEA,82,3015,21.3,4.9,5.2,11.7,.187
Gary Payton,1995-96,27,SEA,81,3162,19.6,4.6,5.2,11.5,.174
Gary Payton,1996-97,28,SEA,82,3213,21.8,5.5,6.1,12.9,.193
Gary Payton,1997-98,29,SEA,82,3145,21.6,5.1,5.7,12.5,.190
Gary Payton,1998-99,30,SEA,50,2008,23.1,5.1,3.6,7.2,.172
Gary Payton,1999-00,31,SEA,82,3425,23.6,6.4,7.3,13.9,.195
Gary Payton,2000-01,32,SEA,79,3244,22.1,4.0,4.9,10.8,.160
Gary Payton,2001-02,33,SEA,82,3301,22.9,5.1,5.9,12.6,.183
Gary Payton,2002-03,34,2TM,80,3208,21.1,3.1,4.1,9.1,.136
Gary Payton,2002-03,34,SEA,52,2123,21.4,4.1,3.2,6.2,.140
Gary Payton,2002-03,34,MIL,28,1085,20.5,1.3,0.9,2.9,.128
Gary Payton,2003-04,35,LAL,82,2825,17.3,2.0,2.9,8.1,.137
Gary Payton,2004-05,36,BOS,77,2541,15.1,0.4,1.5,5.4,.102
Gary Payton,2005-06,37,MIA,81,2305,10.7,-0.9,0.6,4.1,.085
Gary Payton,2006-07,38,MIA,68,1503,9.0,-3.2,-0.5,1.3,.042
Gary Payton II,2016-17,24,MIL,6,99,4.5,-6.5,-0.1,-0.2,-0.074
Gary Payton II,2017-18,25,2TM,23,221,9.8,-3.9,-0.1,0.2,.041
Gary Payton II,2017-18,25,MIL,12,106,7.5,-5.3,-0.1,0.0,.016
Gary Payton II,2017-18,25,LAL,11,115,11.8,-2.6,0.0,0.2,.063
Gary Payton II,2018-19,26,WAS,3,16,36.9,18.9,0.1,0.1,.358
Gary Payton II,2019-20,27,WAS,29,432,11.3,-1.6,0.0,0.5,.051
Gary Payton II,2020-21,28,GSW,10,40,29.2,9.2,0.1,0.3,.331
Gary Payton II,2021-22,29,GSW,71,1247,17.8,3.7,1.8,5.2,.199
Gary Payton II,2022-23,30,2TM,22,367,13.3,0.3,0.2,1.0,.125
Gary Payton II,2022-23,30,POR,15,255,11.3,-0.6,0.1,0.5,.097
Gary Payton II,2022-23,30,GSW,7,112,17.7,2.4,0.1,0.4,.191
Gary Payton II,2023-24,31,GSW,44,680,13.9,0.9,0.5,1.8,.125
Gary Payton II,2024-25,32,GSW,62,927,16.2,1.4,0.8,3.0,.155
Mel Payton,1951-52,25,PHW,45,471,11.0,,,0.4,.041
Mel Payton,1952-53,26,INO,66,1424,15.4,,,2.1,.069
George Pearcy,1946-47,27,DTF,37,,,,,1.4,
Henry Pearcy,1946-47,24,DTF,29,,,,,0.5,
Oleksiy Pecherov,2006-07,,Did not play - other pro league,,,,,,,
Oleksiy Pecherov,2007-08,22,WAS,35,320,9.6,-6.1,-0.3,0.0,-0.002
Oleksiy Pecherov,2008-09,23,WAS,32,277,14.5,-4.2,-0.2,0.5,.080
Oleksiy Pecherov,2009-10,24,MIN,44,447,12.0,-4.2,-0.3,0.1,.010
Wiley Peck,1979-80,22,SAS,52,628,8.9,-4.2,-0.4,0.3,.023
Rich Peek,1967-68,24,DLC,51,759,10.3,,,1.0,.065
Anthony Peeler,1992-93,23,LAL,77,1656,13.9,-0.7,0.6,2.7,.078
Anthony Peeler,1993-94,24,LAL,30,923,13.4,-2.0,0.0,0.8,.040
Anthony Peeler,1994-95,25,LAL,73,1559,13.8,-1.7,0.1,2.4,.073
Anthony Peeler,1995-96,26,LAL,73,1608,14.1,0.1,0.9,3.7,.110
Anthony Peeler,1996-97,27,VAN,72,2291,13.8,-1.8,0.1,0.6,.012
Anthony Peeler,1997-98,28,2TM,38,1193,15.0,1.2,1.0,2.5,.100
Anthony Peeler,1997-98,28,VAN,8,202,15.2,1.5,0.2,0.4,.087
Anthony Peeler,1997-98,28,MIN,30,991,15.0,1.1,0.8,2.1,.102
Anthony Peeler,1998-99,29,MIN,28,810,11.7,-0.7,0.3,1.1,.065
Anthony Peeler,1999-00,30,MIN,82,2073,13.2,-0.5,0.8,4.1,.094
Anthony Peeler,2000-01,31,MIN,75,2126,12.6,-0.6,0.7,3.2,.071
Anthony Peeler,2001-02,32,MIN,82,2060,12.2,-0.2,1.0,3.8,.087
Anthony Peeler,2002-03,33,MIN,82,2245,11.0,-0.6,0.7,3.4,.072
Anthony Peeler,2003-04,34,SAC,75,1391,11.8,-0.5,0.5,2.2,.076
Anthony Peeler,2004-05,35,WAS,40,529,10.2,-1.9,0.0,0.5,.048
George Peeples,1967-68,24,INA,65,1203,11.8,,,1.5,.059
George Peeples,1968-69,25,INA,64,1111,11.3,,,2.1,.090
George Peeples,1969-70,26,CAR,83,2220,13.0,,,3.2,.069
George Peeples,1970-71,27,CAR,82,2220,14.5,,,4.1,.089
George Peeples,1971-72,28,DLC,6,125,9.7,,,0.2,.074
George Peeples,1972-73,29,INA,9,56,2.9,,,0.0,-0.030
Nikola Peković,2008-09,,Did not play - other pro league,,,,,,,
Nikola Peković,2009-10,,Did not play - other pro league,,,,,,,
Nikola Peković,2010-11,25,MIN,65,887,11.2,-5.7,-0.8,0.6,.035
Nikola Peković,2011-12,26,MIN,47,1264,21.4,1.0,1.0,4.5,.170
Nikola Peković,2012-13,27,MIN,62,1959,20.2,0.5,1.2,6.7,.163
Nikola Peković,2013-14,28,MIN,54,1663,20.7,0.6,1.1,5.9,.169
Nikola Peković,2014-15,29,MIN,31,815,16.6,-2.0,0.0,1.2,.069
Nikola Peković,2015-16,30,MIN,12,156,6.5,-7.9,-0.2,-0.1,-0.022
Jake Pelkington,1948-49,33,2TM,54,,,,,8.1,
Jake Pelkington,1948-49,33,FTW,14,,,,,1.8,
Jake Pelkington,1948-49,33,BLB,40,,,,,6.3,
Norvel Pelle,2019-20,26,PHI,24,232,10.5,-5.2,-0.2,0.3,.069
Norvel Pelle,2020-21,27,3TM,13,84,11.6,-2.6,0.0,0.2,.112
Norvel Pelle,2020-21,27,BRK,3,28,2.1,-13.0,-0.1,0.0,-0.069
Norvel Pelle,2020-21,27,SAC,1,4,30.1,3.2,0.0,0.0,.374
Norvel Pelle,2020-21,27,NYK,9,52,15.3,2.5,0.1,0.2,.189
Norvel Pelle,2021-22,28,UTA,3,19,12.2,-7.1,0.0,0.0,.038
Sam Pellom,1979-80,28,ATL,44,373,9.4,-2.6,0.0,0.7,.084
Sam Pellom,1980-81,29,ATL,77,1472,11.7,-1.4,0.2,2.2,.070
Sam Pellom,1981-82,30,ATL,69,1037,10.3,-2.0,0.0,1.8,.083
Sam Pellom,1982-83,31,2TM,6,29,6.7,-5.0,-0.1,0.0,-0.065
Sam Pellom,1982-83,31,ATL,2,9,6.6,-4.6,0.0,0.0,-0.097
Sam Pellom,1982-83,31,MIL,4,20,6.7,-5.1,0.0,0.0,-0.051
Mike Penberthy,2000-01,26,LAL,53,851,11.2,-1.6,0.1,1.6,.088
Mike Penberthy,2001-02,27,LAL,3,12,31.3,14.1,0.0,0.1,.420
Jerry Pender,1972-73,,Did not play - other,,,,,,,
Jerry Pender,1973-74,23,SDA,11,68,4.2,-5.6,-0.1,-0.2,-0.118
Desmond Penigar,2003-04,22,ORL,10,89,12.9,-4.8,-0.1,0.1,.049
Kirk Penney,2003-04,23,MIA,2,18,-7.2,-15.0,-0.1,-0.1,-0.326
Kirk Penney,2004-05,24,LAC,4,12,-4.3,-15.1,0.0,-0.1,-0.276
Mike Peplowski,1993-94,23,SAC,55,667,9.6,-4.4,-0.4,0.9,.066
Mike Peplowski,1994-95,24,DET,6,21,15.2,-5.2,0.0,0.1,.142
Mike Peplowski,1995-96,25,2TM,7,17,9.8,-7.4,0.0,0.0,.036
Mike Peplowski,1995-96,25,WSB,2,5,-12.5,-18.3,0.0,0.0,.010
Mike Peplowski,1995-96,25,MIL,5,12,19.2,-2.9,0.0,0.0,.048
Will Perdue,1988-89,23,CHI,30,190,7.2,-8.3,-0.3,-0.1,-0.021
Will Perdue,1989-90,24,CHI,77,884,9.1,-6.7,-1.1,0.5,.028
Will Perdue,1990-91,25,CHI,74,972,13.7,-2.2,-0.1,2.3,.115
Will Perdue,1991-92,26,CHI,77,1007,14.2,-0.9,0.3,2.5,.121
Will Perdue,1992-93,27,CHI,72,998,14.8,-1.3,0.2,2.5,.120
Will Perdue,1993-94,28,CHI,43,397,9.8,-4.4,-0.2,0.2,.030
Will Perdue,1994-95,29,CHI,78,1592,16.3,-1.2,0.3,4.7,.142
Will Perdue,1995-96,30,SAS,80,1396,13.7,-1.7,0.1,3.4,.118
Will Perdue,1996-97,31,SAS,65,1918,16.7,-1.1,0.4,4.4,.110
Will Perdue,1997-98,32,SAS,79,1491,14.8,0.2,0.8,4.7,.151
Will Perdue,1998-99,33,SAS,37,445,11.7,-0.9,0.1,1.5,.160
Will Perdue,1999-00,34,CHI,67,1012,6.6,-5.3,-0.8,-0.5,-0.023
Will Perdue,2000-01,35,POR,13,58,18.5,3.3,0.1,0.3,.245
Mãozinha Pereira,2023-24,23,MEM,7,122,15.7,-0.5,0.0,0.3,.123
Kendrick Perkins,2003-04,19,BOS,10,35,22.8,0.7,0.0,0.1,.145
Kendrick Perkins,2004-05,20,BOS,60,548,11.2,-3.9,-0.3,0.7,.065
Kendrick Perkins,2005-06,21,BOS,68,1332,13.2,-1.5,0.2,2.3,.082
Kendrick Perkins,2006-07,22,BOS,72,1576,9.5,-2.6,-0.3,1.4,.042
Kendrick Perkins,2007-08,23,BOS,78,1912,13.3,0.5,1.2,6.2,.156
Kendrick Perkins,2008-09,24,BOS,76,2253,13.2,0.1,1.2,5.6,.119
Kendrick Perkins,2009-10,25,BOS,78,2154,15.0,-0.7,0.7,5.2,.117
Kendrick Perkins,2010-11,26,2TM,29,742,9.6,-3.0,-0.2,1.0,.063
Kendrick Perkins,2010-11,26,BOS,12,313,10.2,-2.5,0.0,0.6,.088
Kendrick Perkins,2010-11,26,OKC,17,429,9.1,-3.4,-0.1,0.4,.046
Kendrick Perkins,2011-12,27,OKC,65,1744,8.7,-2.1,0.0,2.0,.056
Kendrick Perkins,2012-13,28,OKC,78,1954,8.2,-1.8,0.1,2.5,.062
Kendrick Perkins,2013-14,29,OKC,62,1207,6.3,-4.2,-0.7,0.8,.031
Kendrick Perkins,2014-15,30,2TM,68,1148,7.0,-5.4,-1.0,0.1,.006
Kendrick Perkins,2014-15,30,OKC,51,981,7.4,-4.6,-0.7,0.3,.017
Kendrick Perkins,2014-15,30,CLE,17,167,4.7,-9.7,-0.3,-0.2,-0.059
Kendrick Perkins,2015-16,31,NOP,37,542,6.0,-5.0,-0.4,-0.1,-0.007
Kendrick Perkins,2016-17,,Did not play - unsigned,,,,,,,
Kendrick Perkins,2017-18,33,CLE,1,15,8.4,-2.2,0.0,0.0,.026
Sam Perkins,1984-85,23,DAL,82,2317,15.0,0.0,1.2,5.8,.120
Sam Perkins,1985-86,24,DAL,80,2626,17.6,1.0,1.9,7.3,.133
Sam Perkins,1986-87,25,DAL,80,2687,15.9,1.2,2.2,7.5,.134
Sam Perkins,1987-88,26,DAL,75,2499,15.0,-0.3,1.1,6.7,.128
Sam Perkins,1988-89,27,DAL,78,2860,15.3,-0.5,1.1,6.4,.108
Sam Perkins,1989-90,28,DAL,76,2668,17.3,1.7,2.5,8.1,.146
Sam Perkins,1990-91,29,LAL,73,2504,14.8,0.9,1.9,8.0,.153
Sam Perkins,1991-92,30,LAL,63,2332,17.6,1.4,2.0,7.4,.153
Sam Perkins,1992-93,31,2TM,79,2351,16.5,1.4,2.0,6.9,.141
Sam Perkins,1992-93,31,LAL,49,1589,16.2,1.3,1.3,4.2,.126
Sam Perkins,1992-93,31,SEA,30,762,16.9,1.6,0.7,2.8,.173
Sam Perkins,1993-94,32,SEA,81,2170,14.9,1.0,1.7,7.0,.155
Sam Perkins,1994-95,33,SEA,82,2356,16.2,2.9,2.9,8.5,.173
Sam Perkins,1995-96,34,SEA,82,2169,15.4,2.0,2.2,6.9,.153
Sam Perkins,1996-97,35,SEA,81,1976,17.0,3.3,2.6,7.1,.173
Sam Perkins,1997-98,36,SEA,81,1675,13.6,1.4,1.4,4.5,.130
Sam Perkins,1998-99,37,IND,48,789,12.1,0.7,0.5,1.7,.103
Sam Perkins,1999-00,38,IND,81,1620,12.1,0.6,1.1,3.5,.103
Sam Perkins,2000-01,39,IND,64,999,11.1,1.0,0.8,2.0,.098
Warren Perkins,1949-50,27,TRI,60,,,,,1.3,
Warren Perkins,1950-51,28,TRI,66,,,,,1.8,
Kosta Perović,2006-07,,Did not play - other pro league,,,,,,,
Kosta Perović,2007-08,22,GSW,7,38,10.3,-5.9,0.0,0.0,.060
London Perrantes,2017-18,23,CLE,14,66,0.7,-9.2,-0.1,-0.1,-0.086
Aulcie Perry,1974-75,24,VIR,21,415,12.2,-3.3,-0.1,0.1,.008
Curtis Perry,1970-71,22,SDR,18,100,12.9,,,0.2,.087
Curtis Perry,1971-72,23,2TM,75,1826,8.5,,,1.3,.033
Curtis Perry,1971-72,23,HOU,25,355,7.9,,,-0.2,-0.022
Curtis Perry,1971-72,23,MIL,50,1471,8.7,,,1.4,.047
Curtis Perry,1972-73,24,MIL,67,2094,12.0,,,4.8,.111
Curtis Perry,1973-74,25,MIL,81,2386,13.2,0.5,1.5,5.3,.106
Curtis Perry,1974-75,26,PHO,79,2688,17.1,1.4,2.3,7.6,.135
Curtis Perry,1975-76,27,PHO,71,2353,15.8,0.5,1.5,6.0,.122
Curtis Perry,1976-77,28,PHO,44,1391,12.7,-1.2,0.3,2.8,.096
Curtis Perry,1977-78,29,PHO,45,818,11.8,-2.0,0.0,1.7,.102
Elliot Perry,1991-92,22,2TM,50,437,8.6,-4.2,-0.2,-0.4,-0.046
Elliot Perry,1991-92,22,LAC,10,66,6.5,-3.5,0.0,-0.1,-0.097
Elliot Perry,1991-92,22,CHH,40,371,9.0,-4.3,-0.2,-0.3,-0.037
Elliot Perry,1992-93,,Did not play - other pro league,,,,,,,
Elliot Perry,1993-94,24,PHO,27,432,11.3,-2.7,-0.1,0.3,.031
Elliot Perry,1994-95,25,PHO,82,1977,17.3,2.2,2.1,5.2,.126
Elliot Perry,1995-96,26,PHO,81,1668,16.2,-0.2,0.8,3.1,.088
Elliot Perry,1996-97,27,MIL,82,1595,15.2,1.0,1.2,3.2,.096
Elliot Perry,1997-98,28,MIL,81,1752,11.5,-2.2,-0.1,1.3,.035
Elliot Perry,1998-99,29,2TM,35,290,11.5,-3.4,-0.1,-0.1,-0.011
Elliot Perry,1998-99,29,MIL,5,47,27.3,10.4,0.1,0.3,.282
Elliot Perry,1998-99,29,NJN,30,243,8.4,-6.1,-0.3,-0.3,-0.068
Elliot Perry,1999-00,30,NJN,60,803,14.8,-1.8,0.0,0.9,.055
Elliot Perry,2000-01,31,2TM,49,499,11.6,-1.4,0.1,0.6,.061
Elliot Perry,2000-01,31,ORL,6,39,7.5,-3.5,0.0,-0.1,-0.083
Elliot Perry,2000-01,31,PHO,43,460,12.0,-1.2,0.1,0.7,.074
Elliot Perry,2001-02,32,MEM,2,48,5.3,-8.1,-0.1,-0.1,-0.087
Reggie Perry,2020-21,20,BRK,26,211,11.0,-6.7,-0.2,0.2,.040
Reggie Perry,2021-22,21,2TM,10,187,15.6,-4.1,-0.1,0.2,.058
Reggie Perry,2021-22,21,POR,9,177,16.2,-3.8,-0.1,0.2,.057
Reggie Perry,2021-22,21,IND,1,10,4.2,-8.9,0.0,0.0,.077
Ron Perry,1967-68,24,MNM,67,2125,9.8,,,4.4,.099
Ron Perry,1968-69,25,3TM,74,2385,10.3,,,1.4,.028
Ron Perry,1968-69,25,MMF,24,708,6.6,,,-0.5,-0.031
Ron Perry,1968-69,25,NYA,23,812,13.3,,,0.4,.021
Ron Perry,1968-69,25,INA,27,865,10.4,,,1.5,.082
Ron Perry,1969-70,26,2TM,46,522,10.6,,,0.3,.026
Ron Perry,1969-70,26,CAR,19,221,11.6,,,0.3,.067
Ron Perry,1969-70,26,NOB,27,301,9.9,,,0.0,-0.004
Tim Perry,1988-89,23,PHO,62,614,14.4,0.5,0.4,1.4,.109
Tim Perry,1989-90,24,PHO,60,612,13.5,-1.4,0.1,1.2,.094
Tim Perry,1990-91,25,PHO,46,587,13.8,0.7,0.4,1.4,.116
Tim Perry,1991-92,26,PHO,80,2483,13.8,-0.2,1.1,5.7,.110
Tim Perry,1992-93,27,PHI,81,2104,12.0,-2.7,-0.4,2.0,.046
Tim Perry,1993-94,28,PHI,80,2336,11.5,-1.6,0.2,2.6,.054
Tim Perry,1994-95,29,PHI,42,446,6.4,-5.3,-0.4,-0.1,-0.006
Tim Perry,1995-96,30,2TM,30,254,12.0,-1.0,0.1,0.3,.062
Tim Perry,1995-96,30,PHI,8,87,9.1,-3.0,0.0,0.0,.015
Tim Perry,1995-96,30,NJN,22,167,13.5,0.1,0.1,0.3,.087
Tim Perry,1996-97,,Did not play - other pro league,,,,,,,
Tim Perry,1997-98,,Did not play - other pro league,,,,,,,
Tim Perry,1998-99,,Did not play - other pro league,,,,,,,
Tim Perry,1999-00,,Did not play - other pro league,,,,,,,
Tim Perry,2000-01,,Did not play - other pro league,,,,,,,
Chuck Person,1986-87,22,IND,82,2956,15.6,0.3,1.7,5.4,.088
Chuck Person,1987-88,23,IND,79,2807,13.9,-0.4,1.1,3.3,.057
Chuck Person,1988-89,24,IND,80,3012,15.2,-1.1,0.7,3.0,.048
Chuck Person,1989-90,25,IND,77,2714,16.6,-0.1,1.3,5.4,.096
Chuck Person,1990-91,26,IND,80,2566,16.1,-0.7,0.8,3.9,.073
Chuck Person,1991-92,27,IND,81,2923,14.5,-0.3,1.2,4.6,.075
Chuck Person,1992-93,28,MIN,78,2985,12.2,-2.2,-0.2,0.0,.000
Chuck Person,1993-94,29,MIN,77,2029,11.7,-2.1,-0.1,1.2,.028
Chuck Person,1994-95,30,SAS,81,2033,11.5,-0.5,0.8,3.6,.085
Chuck Person,1995-96,31,SAS,80,2131,13.6,1.5,1.9,5.5,.125
Chuck Person,1996-97,,Did not play - injury,,,,,,,
Chuck Person,1997-98,33,SAS,61,1455,8.3,-1.6,0.1,2.1,.068
Chuck Person,1998-99,34,CHH,50,990,9.6,-1.9,0.0,0.9,.043
Chuck Person,1999-00,35,SEA,37,340,5.2,-5.5,-0.3,-0.1,-0.007
Wesley Person,1994-95,23,PHO,78,1800,14.2,0.0,0.9,3.8,.101
Wesley Person,1995-96,24,PHO,82,2609,12.6,-1.2,0.6,4.0,.074
Wesley Person,1996-97,25,PHO,80,2326,15.9,1.9,2.3,5.2,.108
Wesley Person,1997-98,26,CLE,82,3198,15.1,3.8,4.7,10.3,.155
Wesley Person,1998-99,27,CLE,45,1342,14.4,1.9,1.3,2.6,.094
Wesley Person,1999-00,28,CLE,79,2056,12.0,0.3,1.2,3.7,.086
Wesley Person,2000-01,29,CLE,44,958,11.6,-1.1,0.2,1.2,.061
Wesley Person,2001-02,30,CLE,78,2793,16.3,1.8,2.7,6.9,.119
Wesley Person,2002-03,31,MEM,66,1941,13.5,-0.6,0.7,3.3,.082
Wesley Person,2003-04,32,3TM,58,1037,11.5,-1.3,0.2,1.3,.061
Wesley Person,2003-04,32,MEM,16,284,4.6,-6.6,-0.3,-0.4,-0.075
Wesley Person,2003-04,32,POR,33,621,14.8,1.3,0.5,1.6,.124
Wesley Person,2003-04,32,ATL,9,132,10.6,-2.3,0.0,0.1,.053
Wesley Person,2004-05,33,2TM,41,667,14.1,0.6,0.4,1.6,.115
Wesley Person,2004-05,33,MIA,16,206,10.5,-0.4,0.1,0.3,.076
Wesley Person,2004-05,33,DEN,25,461,15.6,1.0,0.3,1.3,.133
Alec Peters,2017-18,22,PHO,20,225,10.7,-2.8,0.0,0.3,.055
Jim Petersen,1984-85,22,HOU,60,714,6.6,-4.6,-0.5,0.3,.023
Jim Petersen,1985-86,23,HOU,82,1664,10.8,-2.2,-0.1,2.9,.085
Jim Petersen,1986-87,24,HOU,82,2403,12.7,-1.3,0.5,4.7,.095
Jim Petersen,1987-88,25,HOU,69,1793,11.8,-1.6,0.2,3.4,.091
Jim Petersen,1988-89,26,SAC,66,1633,11.4,-4.1,-0.9,0.6,.019
Jim Petersen,1989-90,27,GSW,43,592,9.0,-4.4,-0.4,0.4,.035
Jim Petersen,1990-91,28,GSW,62,834,9.8,-4.1,-0.4,1.0,.055
Jim Petersen,1991-92,29,GSW,27,169,9.5,-2.9,0.0,0.3,.087
Loy Petersen,1968-69,23,CHI,38,299,9.8,,,0.3,.045
Loy Petersen,1969-70,24,CHI,31,231,9.1,,,0.0,-0.010
Bob Peterson,1953-54,22,2TM,8,60,10.9,,,0.2,.138
Bob Peterson,1953-54,22,BLB,4,36,1.1,,,0.0,.042
Bob Peterson,1953-54,22,MLH,4,24,25.6,,,0.1,.282
Bob Peterson,1954-55,23,NYK,37,503,11.2,,,0.4,.034
Bob Peterson,1955-56,24,NYK,58,779,12.9,,,0.9,.057
Drew Peterson,2023-24,24,BOS,3,23,18.5,5.3,0.0,0.1,.194
Drew Peterson,2024-25,25,BOS,25,186,10.5,-0.8,0.1,0.4,.115
Ed Peterson,1948-49,,Did not play - other pro league,,,,,,,
Ed Peterson,1949-50,25,SYR,62,,,,,5.1,
Ed Peterson,1950-51,26,2TM,53,,,,,1.5,
Ed Peterson,1950-51,26,SYR,17,,,,,0.3,
Ed Peterson,1950-51,26,TRI,36,,,,,1.2,
Mel Peterson,1963-64,25,BAL,2,3,20.8,,,0.0,.514
Mel Peterson,1964-65,,Did not play -,,,,,,,
Mel Peterson,1965-66,,Did not play -,,,,,,,
Mel Peterson,1966-67,,Did not play -,,,,,,,
Mel Peterson,1967-68,29,OAK,77,1589,15.1,,,1.0,.031
Mel Peterson,1968-69,30,OAK,51,709,13.8,,,1.3,.088
Mel Peterson,1969-70,31,LAS,4,53,4.4,,,-0.2,-0.223
Morris Peterson,2000-01,23,TOR,80,1809,14.1,-0.7,0.5,3.6,.096
Morris Peterson,2001-02,24,TOR,63,1988,15.3,0.7,1.4,4.9,.119
Morris Peterson,2002-03,25,TOR,82,2949,12.6,-1.8,0.1,3.2,.052
Morris Peterson,2003-04,26,TOR,82,2148,12.1,0.1,1.1,4.9,.110
Morris Peterson,2004-05,27,TOR,82,2510,14.4,0.2,1.4,5.1,.098
Morris Peterson,2005-06,28,TOR,82,3140,15.3,0.4,1.9,5.9,.090
Morris Peterson,2006-07,29,TOR,71,1515,13.2,0.1,0.8,2.9,.091
Morris Peterson,2007-08,30,NOH,76,1796,11.2,-0.3,0.8,3.8,.101
Morris Peterson,2008-09,31,NOH,43,515,10.7,-2.1,0.0,0.6,.058
Morris Peterson,2009-10,32,NOH,46,973,9.3,-3.2,-0.3,0.8,.039
Morris Peterson,2010-11,33,OKC,4,23,1.7,-9.8,0.0,0.0,.015
Geoff Petrie,1970-71,22,POR,82,3032,17.2,,,6.2,.099
Geoff Petrie,1971-72,23,POR,60,2155,13.0,,,0.1,.003
Geoff Petrie,1972-73,24,POR,79,3134,17.1,,,5.3,.081
Geoff Petrie,1973-74,25,POR,73,2800,17.4,-0.7,0.9,5.4,.093
Geoff Petrie,1974-75,26,POR,80,3109,14.1,-1.9,0.1,4.5,.069
Geoff Petrie,1975-76,27,POR,72,2557,15.2,-1.5,0.3,4.6,.086
Geoff Petrie,1976-77,,Did not play - injury,,,,,,,
Johan Petro,2005-06,20,SEA,68,1282,10.4,-4.7,-0.9,1.0,.037
Johan Petro,2006-07,21,SEA,81,1510,11.6,-3.7,-0.6,1.7,.053
Johan Petro,2007-08,22,SEA,72,1310,10.0,-5.1,-1.0,0.4,.014
Johan Petro,2008-09,23,2TM,49,559,8.1,-5.4,-0.5,0.2,.018
Johan Petro,2008-09,23,OKC,22,342,9.3,-4.6,-0.2,0.1,.019
Johan Petro,2008-09,23,DEN,27,217,6.4,-6.7,-0.3,0.1,.017
Johan Petro,2009-10,24,DEN,36,436,10.7,-3.6,-0.2,0.8,.089
Johan Petro,2010-11,25,NJN,77,893,9.9,-4.7,-0.6,0.4,.024
Johan Petro,2011-12,26,NJN,59,920,10.3,-4.7,-0.6,0.7,.034
Johan Petro,2012-13,27,ATL,31,352,11.0,-5.0,-0.3,0.4,.048
Dražen Petrović,1986-87,,Did not play - other pro league,,,,,,,
Dražen Petrović,1987-88,,Did not play - other pro league,,,,,,,
Dražen Petrović,1988-89,,Did not play - other pro league,,,,,,,
Dražen Petrović,1989-90,25,POR,77,967,15.5,0.9,0.7,2.8,.139
Dražen Petrović,1990-91,26,2TM,61,1015,16.6,-0.7,0.3,2.5,.119
Dražen Petrović,1990-91,26,POR,18,133,15.3,-2.8,0.0,0.3,.094
Dražen Petrović,1990-91,26,NJN,43,882,16.8,-0.4,0.3,2.3,.123
Dražen Petrović,1991-92,27,NJN,82,3027,15.8,0.4,1.8,7.7,.122
Dražen Petrović,1992-93,28,NJN,70,2660,17.3,1.8,2.5,8.4,.152
Filip Petrušev,2021-22,,Did not play - other pro league,,,,,,,
Filip Petrušev,2022-23,,Did not play - other pro league,,,,,,,
Filip Petrušev,2023-24,23,2TM,3,10,5.1,-8.0,0.0,0.0,.029
Filip Petrušev,2023-24,23,PHI,1,3,4.0,-4.9,0.0,0.0,.061
Filip Petrušev,2023-24,23,SAC,2,7,5.5,-9.3,0.0,0.0,.015
Richard Petruška,1993-94,25,HOU,22,92,12.3,-8.2,-0.1,0.0,-0.014
Bob Pettit,1954-55,22,MLH,72,2659,24.9,,,10.7,.194
Bob Pettit,1955-56,23,STL,72,2794,27.4,,,13.8,.236
Bob Pettit,1956-57,24,STL,71,2491,28.3,,,11.6,.224
Bob Pettit,1957-58,25,STL,70,2528,26.3,,,11.0,.209
Bob Pettit,1958-59,26,STL,72,2873,28.2,,,14.8,.246
Bob Pettit,1959-60,27,STL,72,2896,23.8,,,11.5,.191
Bob Pettit,1960-61,28,STL,76,3027,25.2,,,14.9,.237
Bob Pettit,1961-62,29,STL,78,3282,24.5,,,11.5,.168
Bob Pettit,1962-63,30,STL,79,3090,25.0,,,14.3,.222
Bob Pettit,1963-64,31,STL,80,3296,23.6,,,14.9,.217
Bob Pettit,1964-65,32,STL,50,1754,22.6,,,7.1,.193
Jerry Pettway,1967-68,23,HSM,76,1572,10.8,,,-1.2,-0.038
Jerry Pettway,1968-69,24,HSM,11,264,2.9,,,-0.8,-0.145
Roger Phegley,1978-79,22,WSB,29,153,9.8,-4.8,-0.1,0.0,.001
Roger Phegley,1979-80,23,2TM,78,1512,14.2,-1.9,0.1,2.6,.083
Roger Phegley,1979-80,23,WSB,50,971,14.0,-2.0,0.0,1.6,.078
Roger Phegley,1979-80,23,NJN,28,541,14.8,-1.5,0.1,1.0,.092
Roger Phegley,1980-81,24,CLE,82,2269,14.3,-1.6,0.3,3.7,.078
Roger Phegley,1981-82,25,2TM,81,1183,13.0,-2.2,-0.1,1.6,.063
Roger Phegley,1981-82,25,CLE,27,566,13.3,-1.5,0.1,0.7,.058
Roger Phegley,1981-82,25,SAS,54,617,12.8,-2.8,-0.1,0.9,.067
Roger Phegley,1982-83,26,SAS,62,599,13.0,-2.2,0.0,0.8,.063
Roger Phegley,1983-84,27,2TM,13,87,4.9,-5.9,-0.1,-0.1,-0.066
Roger Phegley,1983-84,27,SAS,3,11,20.7,-3.8,0.0,0.0,.212
Roger Phegley,1983-84,27,DAL,10,76,2.6,-6.2,-0.2,-0.2,-0.106
Jack Phelan,1949-50,24,2TM,55,,,,,-0.5,
Jack Phelan,1949-50,24,WAT,15,,,,,-0.1,
Jack Phelan,1949-50,24,SHE,40,,,,,-0.4,
Jim Phelan,1951-52,,Did not play - military service,,,,,,,
Jim Phelan,1952-53,,Did not play - military service,,,,,,,
Jim Phelan,1953-54,24,PHW,4,33,-4.8,,,-0.1,-0.187
Derrick Phelps,1994-95,22,SAC,3,5,-17.3,-27.9,0.0,0.0,-0.339
Michael Phelps,1985-86,24,SEA,70,880,7.7,-4.4,-0.5,-0.1,-0.003
Michael Phelps,1986-87,25,SEA,60,469,10.3,-3.3,-0.2,0.3,.035
Michael Phelps,1987-88,26,LAC,2,23,19.3,6.1,0.0,0.1,.126
Andy Phillip,1947-48,25,CHS,32,,,,,3.8,
Andy Phillip,1948-49,26,CHS,60,,,,,7.4,
Andy Phillip,1949-50,27,CHS,65,,,,,7.7,
Andy Phillip,1950-51,28,PHW,66,,,,,9.7,
Andy Phillip,1951-52,29,PHW,66,2933,16.0,,,4.8,.078
Andy Phillip,1952-53,30,2TM,70,2690,16.1,,,7.2,.129
Andy Phillip,1952-53,30,PHW,13,543,19.7,,,1.6,.140
Andy Phillip,1952-53,30,FTW,57,2147,15.2,,,5.6,.126
Andy Phillip,1953-54,31,FTW,71,2705,16.1,,,7.1,.125
Andy Phillip,1954-55,32,FTW,64,2332,15.5,,,5.5,.112
Andy Phillip,1955-56,33,FTW,70,2078,12.0,,,2.9,.066
Andy Phillip,1956-57,34,BOS,67,1476,9.0,,,3.1,.100
Andy Phillip,1957-58,35,BOS,70,1164,6.9,,,1.5,.060
Eddie Phillips,1982-83,21,NJN,48,416,7.5,-4.7,-0.3,0.1,.011
Gary Phillips,1961-62,22,BOS,67,713,7.2,,,0.3,.018
Gary Phillips,1962-63,23,SFW,75,1801,7.9,,,0.2,.006
Gary Phillips,1963-64,24,SFW,66,2010,8.7,,,1.7,.040
Gary Phillips,1964-65,25,SFW,73,1541,8.2,,,0.2,.007
Gary Phillips,1965-66,26,SFW,67,867,8.2,,,-0.1,-0.006
Gene Phillips,1971-72,23,DLC,28,174,11.8,,,0.2,.047
Gene Phillips,1972-73,24,DLC,3,10,-18.8,,,-0.1,-0.640
Julian Phillips,2023-24,20,CHI,40,323,7.0,-5.3,-0.3,0.2,.031
Julian Phillips,2024-25,21,CHI,79,1123,10.2,-3.0,-0.3,1.9,.080
Bobby Phills,1991-92,22,CLE,10,65,10.0,-6.6,-0.1,-0.1,-0.062
Bobby Phills,1992-93,23,CLE,31,139,14.2,-6.6,-0.2,-0.1,-0.027
Bobby Phills,1993-94,24,CLE,72,1531,14.1,-0.6,0.5,3.5,.111
Bobby Phills,1994-95,25,CLE,80,2500,12.2,-1.0,0.6,4.0,.078
Bobby Phills,1995-96,26,CLE,72,2530,16.8,1.7,2.3,7.1,.136
Bobby Phills,1996-97,27,CLE,69,2375,13.9,1.1,1.9,5.0,.101
Bobby Phills,1997-98,28,CHH,62,1887,12.5,-0.5,0.7,3.2,.081
Bobby Phills,1998-99,29,CHH,43,1574,14.4,0.9,1.2,3.0,.091
Bobby Phills,1999-00,30,CHH,28,825,14.6,0.2,0.5,1.5,.085
Eric Piatkowski,1994-95,24,LAC,81,1208,13.9,-0.5,0.4,2.0,.079
Eric Piatkowski,1995-96,25,LAC,65,784,12.2,-1.2,0.2,1.2,.071
Eric Piatkowski,1996-97,26,LAC,65,747,18.2,3.0,1.0,2.3,.146
Eric Piatkowski,1997-98,27,LAC,67,1740,15.5,0.2,0.9,3.9,.108
Eric Piatkowski,1998-99,28,LAC,49,1242,15.3,0.3,0.7,2.3,.091
Eric Piatkowski,1999-00,29,LAC,75,1712,13.0,-1.9,0.0,2.3,.064
Eric Piatkowski,2000-01,30,LAC,81,2144,14.6,0.7,1.4,5.5,.123
Eric Piatkowski,2001-02,31,LAC,71,1718,13.8,1.0,1.3,4.5,.127
Eric Piatkowski,2002-03,32,LAC,62,1360,16.0,1.3,1.1,3.6,.129
Eric Piatkowski,2003-04,33,HOU,49,703,8.7,-0.8,0.2,0.9,.061
Eric Piatkowski,2004-05,34,CHI,68,841,12.4,1.3,0.7,2.3,.129
Eric Piatkowski,2005-06,35,CHI,29,228,6.2,-3.4,-0.1,0.1,.018
Eric Piatkowski,2006-07,36,PHO,11,73,7.7,-3.5,0.0,0.0,.007
Eric Piatkowski,2007-08,37,PHO,16,113,8.3,-2.5,0.0,0.1,.045
Walt Piatkowski,1968-69,23,DNR,77,1819,14.0,,,1.2,.031
Walt Piatkowski,1969-70,24,DNR,74,1302,9.7,,,0.8,.031
Walt Piatkowski,1970-71,,Did not play - retired,,,,,,,
Walt Piatkowski,1971-72,26,FLO,6,28,-9.6,,,-0.2,-0.415
Jalen Pickett,2023-24,24,DEN,27,122,9.7,-3.3,0.0,0.2,.065
Jalen Pickett,2024-25,25,DEN,49,666,10.9,-1.5,0.1,1.1,.078
Jamorko Pickett,2021-22,24,DET,13,176,7.6,-5.0,-0.1,0.1,.015
Paul Pierce,1998-99,21,BOS,48,1632,19.2,3.7,2.3,4.9,.144
Paul Pierce,1999-00,22,BOS,73,2583,19.8,3.9,3.9,8.2,.152
Paul Pierce,2000-01,23,BOS,82,3120,22.3,4.4,5.0,10.4,.160
Paul Pierce,2001-02,24,BOS,82,3302,22.3,5.9,6.6,12.9,.187
Paul Pierce,2002-03,25,BOS,79,3096,22.7,4.9,5.4,10.1,.157
Paul Pierce,2003-04,26,BOS,80,3099,19.4,2.0,3.2,7.1,.109
Paul Pierce,2004-05,27,BOS,82,2960,21.8,4.6,4.9,11.2,.182
Paul Pierce,2005-06,28,BOS,79,3084,23.6,4.8,5.3,11.5,.178
Paul Pierce,2006-07,29,BOS,47,1740,21.7,4.2,2.7,5.4,.148
Paul Pierce,2007-08,30,BOS,80,2874,19.6,4.8,5.0,12.4,.207
Paul Pierce,2008-09,31,BOS,81,3035,17.7,3.1,3.9,10.3,.164
Paul Pierce,2009-10,32,BOS,71,2411,18.2,3.0,3.0,8.3,.165
Paul Pierce,2010-11,33,BOS,80,2774,19.7,4.6,4.6,11.6,.201
Paul Pierce,2011-12,34,BOS,61,2075,19.6,4.2,3.2,7.0,.161
Paul Pierce,2012-13,35,BOS,77,2575,19.1,3.6,3.6,7.2,.135
Paul Pierce,2013-14,36,BRK,75,2098,16.8,1.6,1.9,5.2,.119
Paul Pierce,2014-15,37,WAS,73,1914,15.2,1.5,1.7,5.5,.138
Paul Pierce,2015-16,38,LAC,68,1231,8.2,-3.3,-0.4,0.9,.033
Paul Pierce,2016-17,39,LAC,25,277,5.7,-4.7,-0.2,0.1,.015
Ricky Pierce,1982-83,23,DET,39,265,5.8,-5.9,-0.3,-0.1,-0.020
Ricky Pierce,1983-84,24,SDC,69,1280,13.2,-3.0,-0.3,1.8,.067
Ricky Pierce,1984-85,25,MIL,44,882,15.8,1.1,0.7,3.0,.162
Ricky Pierce,1985-86,26,MIL,81,2147,16.6,1.9,2.1,8.3,.186
Ricky Pierce,1986-87,27,MIL,79,2505,18.5,2.0,2.5,9.4,.180
Ricky Pierce,1987-88,28,MIL,37,965,16.6,-0.4,0.4,2.2,.107
Ricky Pierce,1988-89,29,MIL,75,2078,18.6,1.9,2.0,6.7,.155
Ricky Pierce,1989-90,30,MIL,59,1709,21.9,2.9,2.1,5.8,.163
Ricky Pierce,1990-91,31,2TM,78,2167,21.0,2.3,2.4,7.9,.174
Ricky Pierce,1990-91,31,MIL,46,1327,22.7,3.7,1.9,5.3,.192
Ricky Pierce,1990-91,31,SEA,32,840,18.3,0.1,0.4,2.5,.145
Ricky Pierce,1991-92,32,SEA,78,2658,18.2,1.5,2.3,7.8,.142
Ricky Pierce,1992-93,33,SEA,77,2218,19.2,2.5,2.5,7.7,.167
Ricky Pierce,1993-94,34,SEA,51,1022,20.8,2.2,1.1,4.0,.188
Ricky Pierce,1994-95,35,GSW,27,673,15.1,-0.5,0.2,1.5,.107
Ricky Pierce,1995-96,36,IND,76,1404,14.8,-0.6,0.5,3.1,.107
Ricky Pierce,1996-97,37,2TM,60,1250,16.4,-0.7,0.4,2.7,.105
Ricky Pierce,1996-97,37,DEN,33,600,15.3,-2.2,0.0,0.9,.069
Ricky Pierce,1996-97,37,CHH,27,650,17.3,0.8,0.5,1.9,.139
Ricky Pierce,1997-98,38,MIL,39,442,9.8,-2.8,-0.1,0.3,.033
Stan Pietkiewicz,1978-79,22,SDC,4,32,1.6,-4.7,0.0,0.0,-0.060
Stan Pietkiewicz,1979-80,23,SDC,50,577,14.3,-0.6,0.2,1.0,.080
Stan Pietkiewicz,1980-81,24,2TM,42,461,12.3,0.4,0.2,0.6,.058
Stan Pietkiewicz,1980-81,24,SDC,6,30,-4.5,-5.8,-0.1,-0.1,-0.219
Stan Pietkiewicz,1980-81,24,DAL,36,431,13.5,0.8,0.3,0.7,.077
Mickaël Piétrus,2003-04,21,GSW,53,748,12.9,-0.6,0.3,1.5,.095
Mickaël Piétrus,2004-05,22,GSW,67,1340,14.2,-1.0,0.3,2.1,.075
Mickaël Piétrus,2005-06,23,GSW,52,1179,10.0,-3.2,-0.4,0.6,.024
Mickaël Piétrus,2006-07,24,GSW,72,1937,13.0,-1.3,0.4,3.6,.088
Mickaël Piétrus,2007-08,25,GSW,66,1316,12.7,-0.2,0.6,2.8,.104
Mickaël Piétrus,2008-09,26,ORL,54,1329,11.6,0.3,0.8,3.0,.108
Mickaël Piétrus,2009-10,27,ORL,75,1687,11.9,0.9,1.2,3.6,.103
Mickaël Piétrus,2010-11,28,2TM,57,1107,9.8,-1.0,0.3,1.3,.055
Mickaël Piétrus,2010-11,28,ORL,19,418,8.3,-0.5,0.2,0.7,.082
Mickaël Piétrus,2010-11,28,PHO,38,689,10.8,-1.2,0.1,0.6,.039
Mickaël Piétrus,2011-12,29,BOS,42,921,8.5,-1.8,0.0,1.2,.063
Mickaël Piétrus,2012-13,30,TOR,19,386,6.0,-4.8,-0.3,0.0,-0.004
John Pilch,1951-52,26,MNL,9,41,-2.6,,,-0.1,-0.118
Ed Pinckney,1985-86,22,PHO,80,1602,12.8,-1.4,0.2,2.7,.080
Ed Pinckney,1986-87,23,PHO,80,2250,15.2,0.7,1.5,6.2,.132
Ed Pinckney,1987-88,24,SAC,79,1177,14.3,-0.8,0.4,2.3,.092
Ed Pinckney,1988-89,25,2TM,80,2012,17.2,1.5,1.8,6.1,.145
Ed Pinckney,1988-89,25,SAC,51,1334,17.0,0.9,1.0,3.6,.130
Ed Pinckney,1988-89,25,BOS,29,678,17.7,2.6,0.8,2.5,.176
Ed Pinckney,1989-90,26,BOS,77,1082,13.7,0.8,0.8,2.9,.131
Ed Pinckney,1990-91,27,BOS,70,1165,16.6,2.1,1.2,4.7,.195
Ed Pinckney,1991-92,28,BOS,81,1917,16.5,1.7,1.8,7.5,.187
Ed Pinckney,1992-93,29,BOS,7,151,10.5,-1.5,0.0,0.3,.084
Ed Pinckney,1993-94,30,BOS,76,1524,14.5,0.2,0.8,4.0,.126
Ed Pinckney,1994-95,31,MIL,62,835,10.9,-0.7,0.3,1.6,.092
Ed Pinckney,1995-96,32,2TM,74,1710,14.3,-1.1,0.4,3.7,.105
Ed Pinckney,1995-96,32,TOR,47,1031,14.6,-1.3,0.2,2.2,.101
Ed Pinckney,1995-96,32,PHI,27,679,13.9,-0.9,0.2,1.6,.110
Ed Pinckney,1996-97,33,MIA,27,273,11.4,-1.7,0.0,0.7,.121
Kevinn Pinkney,2006-07,23,BOS,6,100,11.6,-2.5,0.0,0.2,.075
John Pinone,1983-84,22,ATL,7,65,7.8,-3.8,0.0,0.1,.040
Theo Pinson,2018-19,23,BRK,18,211,8.1,-3.2,-0.1,0.0,.004
Theo Pinson,2019-20,24,BRK,33,365,5.2,-7.0,-0.5,-0.6,-0.078
Theo Pinson,2020-21,25,NYK,17,34,-8.1,-15.7,-0.1,-0.1,-0.205
Theo Pinson,2021-22,26,DAL,19,148,11.9,-0.5,0.1,0.4,.122
Theo Pinson,2022-23,27,DAL,40,323,10.1,-3.4,-0.1,0.5,.071
Theo Pinson,2023-24,,Did not play - other pro league,,,,,,,
Dave Piontek,1956-57,22,ROC,71,1759,13.5,,,3.7,.100
Dave Piontek,1957-58,23,CIN,71,1032,11.2,,,1.4,.066
Dave Piontek,1958-59,24,CIN,72,1674,13.4,,,0.5,.014
Dave Piontek,1959-60,25,2TM,77,1833,11.1,,,1.1,.028
Dave Piontek,1959-60,25,CIN,52,1111,13.8,,,0.8,.032
Dave Piontek,1959-60,25,STL,25,722,6.9,,,0.3,.021
Dave Piontek,1960-61,26,STL,29,254,13.7,,,0.8,.142
Dave Piontek,1961-62,27,CHP,45,614,8.3,,,-0.1,-0.008
Dave Piontek,1962-63,28,CIN,48,457,6.4,,,-0.3,-0.031
Tom Piotrowski,1983-84,23,POR,18,78,9.2,-4.6,-0.1,0.1,.070
Scottie Pippen,1987-88,22,CHI,79,1650,12.9,-0.6,0.6,2.3,.066
Scottie Pippen,1988-89,23,CHI,73,2413,14.9,0.4,1.5,4.0,.080
Scottie Pippen,1989-90,24,CHI,82,3148,16.3,1.8,3.0,5.7,.087
Scottie Pippen,1990-91,25,CHI,82,3014,20.6,5.8,5.9,11.2,.179
Scottie Pippen,1991-92,26,CHI,82,3164,21.5,6.1,6.4,12.7,.192
Scottie Pippen,1992-93,27,CHI,81,3123,19.2,4.0,4.7,8.6,.132
Scottie Pippen,1993-94,28,CHI,72,2759,23.2,7.7,6.8,11.2,.194
Scottie Pippen,1994-95,29,CHI,79,3014,22.6,7.5,7.2,11.8,.188
Scottie Pippen,1995-96,30,CHI,77,2825,21.0,6.3,5.9,12.3,.209
Scottie Pippen,1996-97,31,CHI,82,3095,21.3,5.7,6.1,13.1,.203
Scottie Pippen,1997-98,32,CHI,44,1652,20.4,5.0,2.9,6.6,.193
Scottie Pippen,1998-99,33,HOU,50,2011,16.8,2.5,2.3,4.9,.116
Scottie Pippen,1999-00,34,POR,82,2749,16.4,3.6,3.9,7.8,.137
Scottie Pippen,2000-01,35,POR,64,2133,15.3,2.2,2.3,5.1,.115
Scottie Pippen,2001-02,36,POR,62,1996,14.9,1.8,1.9,3.7,.090
Scottie Pippen,2002-03,37,POR,64,1911,15.3,1.6,1.7,3.8,.095
Scottie Pippen,2003-04,38,CHI,23,412,12.4,-0.6,0.1,0.3,.037
Scotty Pippen Jr.,2022-23,22,LAL,6,32,9.6,-5.9,0.0,0.0,-0.017
Scotty Pippen Jr.,2023-24,23,MEM,21,527,16.4,1.3,0.4,1.0,.090
Scotty Pippen Jr.,2024-25,24,MEM,79,1683,15.8,1.9,1.7,4.7,.133
Charles Pittman,1982-83,24,PHO,28,170,6.8,-5.8,-0.2,0.1,.032
Charles Pittman,1983-84,25,PHO,69,989,11.3,-1.7,0.1,1.7,.081
Charles Pittman,1984-85,26,PHO,68,1001,9.1,-4.2,-0.5,0.9,.044
Charles Pittman,1985-86,27,PHO,69,1132,10.3,-2.1,0.0,1.5,.065
Dexter Pittman,2010-11,22,MIA,2,11,-6.4,-17.9,0.0,-0.1,-0.246
Dexter Pittman,2011-12,23,MIA,35,301,10.4,-6.0,-0.3,0.6,.101
Dexter Pittman,2012-13,24,2TM,11,32,1.6,-18.8,-0.1,-0.1,-0.107
Dexter Pittman,2012-13,24,MIA,4,12,17.0,-11.3,0.0,0.0,.114
Dexter Pittman,2012-13,24,MEM,7,20,-7.7,-23.2,-0.1,-0.1,-0.239
Dexter Pittman,2013-14,25,ATL,2,3,13.1,-24.3,0.0,0.0,-0.180
Zoran Planinić,2003-04,21,NJN,49,473,10.0,-3.4,-0.2,0.7,.068
Zoran Planinić,2004-05,22,NJN,43,515,12.5,-1.0,0.1,0.8,.073
Zoran Planinić,2005-06,23,NJN,56,596,6.9,-5.7,-0.6,0.1,.005
Tibor Pleiß,2010-11,,Did not play - other pro league,,,,,,,
Tibor Pleiß,2011-12,,Did not play - other pro league,,,,,,,
Tibor Pleiß,2012-13,,Did not play - other pro league,,,,,,,
Tibor Pleiß,2013-14,,Did not play - other pro league,,,,,,,
Tibor Pleiß,2014-15,,Did not play - other pro league,,,,,,,
Tibor Pleiß,2015-16,26,UTA,12,82,3.5,-11.6,-0.2,-0.1,-0.041
Daeqwon Plowden,2024-25,26,ATL,6,72,16.1,-0.1,0.0,0.2,.125
Marshall Plumlee,2016-17,24,NYK,21,170,10.9,-4.6,-0.1,0.2,.048
Marshall Plumlee,2017-18,25,MIL,8,52,10.9,-4.5,0.0,0.2,.143
Mason Plumlee,2013-14,23,BRK,70,1275,19.0,1.0,1.0,4.7,.176
Mason Plumlee,2014-15,24,BRK,82,1743,18.0,0.1,0.9,4.8,.131
Mason Plumlee,2015-16,25,POR,82,2084,17.2,1.5,1.9,6.1,.140
Mason Plumlee,2016-17,26,2TM,81,2148,18.1,2.0,2.2,6.0,.135
Mason Plumlee,2016-17,26,POR,54,1516,18.9,2.8,1.8,4.6,.147
Mason Plumlee,2016-17,26,DEN,27,632,16.3,-0.1,0.3,1.4,.107
Mason Plumlee,2017-18,27,DEN,74,1439,16.9,0.5,0.9,3.6,.120
Mason Plumlee,2018-19,28,DEN,82,1731,17.8,2.1,1.8,5.8,.160
Mason Plumlee,2019-20,29,DEN,61,1057,18.8,2.0,1.1,3.4,.153
Mason Plumlee,2020-21,30,DET,56,1499,18.7,2.2,1.6,5.1,.164
Mason Plumlee,2021-22,31,CHO,73,1793,14.7,0.0,0.9,4.7,.127
Mason Plumlee,2022-23,32,2TM,79,2054,19.6,2.2,2.2,7.9,.185
Mason Plumlee,2022-23,32,CHO,56,1597,20.0,2.4,1.8,6.1,.183
Mason Plumlee,2022-23,32,LAC,23,457,18.2,1.4,0.4,1.8,.190
Mason Plumlee,2023-24,33,LAC,46,674,15.8,-0.8,0.2,2.0,.146
Mason Plumlee,2024-25,34,PHO,74,1300,14.8,-0.6,0.5,3.7,.136
Miles Plumlee,2012-13,24,IND,14,55,8.8,-7.8,-0.1,0.0,-0.015
Miles Plumlee,2013-14,25,PHO,80,1964,14.6,-1.3,0.3,4.0,.098
Miles Plumlee,2014-15,26,2TM,73,1194,13.4,-0.6,0.4,2.6,.103
Miles Plumlee,2014-15,26,PHO,54,1005,13.1,-0.7,0.3,2.1,.102
Miles Plumlee,2014-15,26,MIL,19,189,15.0,0.1,0.1,0.4,.107
Miles Plumlee,2015-16,27,MIL,61,870,17.4,-1.5,0.1,2.2,.124
Miles Plumlee,2016-17,28,2TM,45,484,8.4,-5.0,-0.4,0.5,.045
Miles Plumlee,2016-17,28,MIL,32,310,8.0,-5.4,-0.3,0.1,.021
Miles Plumlee,2016-17,28,CHO,13,174,9.0,-4.4,-0.1,0.3,.087
Miles Plumlee,2017-18,29,ATL,55,918,10.6,-3.8,-0.4,0.9,.046
Miles Plumlee,2018-19,30,ATL,18,173,18.9,1.6,0.2,0.5,.145
Gary Plummer,1984-85,22,GSW,66,702,7.5,-7.3,-0.9,-0.2,-0.012
Gary Plummer,1985-86,,Did not play - injury,,,,,,,
Gary Plummer,1986-87,,Did not play - other pro league,,,,,,,
Gary Plummer,1987-88,,Did not play - other pro league,,,,,,,
Gary Plummer,1988-89,,Did not play - other pro league,,,,,,,
Gary Plummer,1989-90,,Did not play - other pro league,,,,,,,
Gary Plummer,1990-91,,Did not play - other pro league,,,,,,,
Gary Plummer,1991-92,,Did not play - other pro league,,,,,,,
Gary Plummer,1992-93,30,DEN,60,737,8.6,-5.9,-0.7,0.4,.024
Pavel Podkolzin,2004-05,20,DAL,5,10,-12.1,-25.4,0.0,0.0,-0.214
Pavel Podkolzin,2005-06,21,DAL,1,18,2.3,-9.3,0.0,-0.1,-0.135
Brandin Podziemski,2023-24,20,GSW,74,1968,13.0,-0.1,0.9,4.1,.100
Brandin Podziemski,2024-25,21,GSW,64,1716,14.4,0.7,1.2,4.2,.117
Jakob Poeltl,2016-17,21,TOR,54,626,12.2,-3.1,-0.2,1.6,.125
Jakob Poeltl,2017-18,22,TOR,82,1524,17.5,0.4,0.9,5.6,.175
Jakob Poeltl,2018-19,23,SAS,77,1273,19.4,2.0,1.3,5.1,.193
Jakob Poeltl,2019-20,24,SAS,66,1171,19.1,2.5,1.3,4.0,.163
Jakob Poeltl,2020-21,25,SAS,69,1845,17.5,0.8,1.3,5.7,.148
Jakob Poeltl,2021-22,26,SAS,68,1970,20.8,1.6,1.7,6.9,.168
Jakob Poeltl,2022-23,27,2TM,72,1906,21.0,1.9,1.9,6.0,.150
Jakob Poeltl,2022-23,27,SAS,46,1199,19.7,0.9,0.9,2.9,.115
Jakob Poeltl,2022-23,27,TOR,26,707,23.1,3.6,1.0,3.1,.209
Jakob Poeltl,2023-24,28,TOR,50,1319,18.9,0.7,0.9,3.8,.138
Jakob Poeltl,2024-25,29,TOR,57,1686,20.0,2.0,1.7,5.5,.158
Vincent Poirier,2019-20,26,BOS,22,130,12.7,-3.8,-0.1,0.3,.113
Vincent Poirier,2020-21,27,PHI,10,39,1.6,-14.8,-0.1,-0.1,-0.127
Aleksej Pokusevski,2020-21,19,OKC,45,1090,6.1,-6.1,-1.1,-1.9,-0.084
Aleksej Pokusevski,2021-22,20,OKC,61,1233,12.0,-2.6,-0.2,0.4,.014
Aleksej Pokusevski,2022-23,21,OKC,34,701,13.4,0.0,0.3,1.0,.066
Aleksej Pokusevski,2023-24,22,2TM,28,405,12.7,-1.9,0.0,0.4,.050
Aleksej Pokusevski,2023-24,22,OKC,10,60,2.5,-9.9,-0.1,-0.1,-0.063
Aleksej Pokusevski,2023-24,22,CHO,18,345,14.5,-0.5,0.1,0.5,.070
Dwayne Polee,1986-87,23,LAC,1,6,-11.4,-22.3,0.0,0.0,-0.397
Jim Pollard,1947-48,,Did not play - other pro league,,,,,,,
Jim Pollard,1948-49,26,MNL,53,,,,,7.2,
Jim Pollard,1949-50,27,MNL,66,,,,,5.4,
Jim Pollard,1950-51,28,MNL,54,,,,,4.2,
Jim Pollard,1951-52,29,MNL,65,2545,16.5,,,5.7,.108
Jim Pollard,1952-53,30,MNL,66,2403,15.9,,,4.6,.091
Jim Pollard,1953-54,31,MNL,71,2483,16.0,,,5.7,.111
Jim Pollard,1954-55,32,MNL,63,1960,13.5,,,2.1,.052
Scot Pollard,1997-98,22,DET,33,317,13.3,-2.0,0.0,0.9,.141
Scot Pollard,1998-99,23,SAC,16,259,18.0,1.0,0.2,1.1,.200
Scot Pollard,1999-00,24,SAC,76,1336,15.8,0.1,0.7,5.1,.183
Scot Pollard,2000-01,25,SAC,77,1658,15.0,-0.3,0.7,5.4,.157
Scot Pollard,2001-02,26,SAC,80,1881,15.0,0.8,1.3,6.8,.175
Scot Pollard,2002-03,27,SAC,23,325,14.6,-1.8,0.0,1.0,.150
Scot Pollard,2003-04,28,IND,61,678,8.3,-3.4,-0.2,1.4,.098
Scot Pollard,2004-05,29,IND,49,865,11.2,-1.9,0.0,1.9,.104
Scot Pollard,2005-06,30,IND,45,771,12.3,-0.5,0.3,2.1,.134
Scot Pollard,2006-07,31,CLE,24,109,8.5,-5.6,-0.1,0.2,.100
Scot Pollard,2007-08,32,BOS,22,173,8.7,-2.2,0.0,0.6,.171
Ralph Polson,1952-53,23,2TM,49,810,11.0,,,0.8,.047
Ralph Polson,1952-53,23,NYK,3,37,9.6,,,0.1,.084
Ralph Polson,1952-53,23,PHW,46,773,11.1,,,0.7,.045
Olden Polynice,1987-88,23,SEA,82,1080,9.8,-4.7,-0.7,1.6,.069
Olden Polynice,1988-89,24,SEA,80,835,10.3,-3.2,-0.2,1.5,.086
Olden Polynice,1989-90,25,SEA,79,1085,12.4,-2.3,-0.1,2.5,.111
Olden Polynice,1990-91,26,2TM,79,2092,14.0,-1.3,0.4,5.2,.118
Olden Polynice,1990-91,26,SEA,48,960,15.2,-1.5,0.1,2.3,.113
Olden Polynice,1990-91,26,LAC,31,1132,12.9,-1.1,0.3,2.9,.123
Olden Polynice,1991-92,27,LAC,76,1834,13.1,-1.9,0.1,4.5,.118
Olden Polynice,1992-93,28,DET,67,1299,14.6,-2.3,-0.1,2.6,.095
Olden Polynice,1993-94,29,2TM,68,2402,14.9,-1.2,0.5,5.1,.102
Olden Polynice,1993-94,29,DET,37,1350,15.9,-0.6,0.5,2.9,.102
Olden Polynice,1993-94,29,SAC,31,1052,13.7,-2.0,0.0,2.2,.102
Olden Polynice,1994-95,30,SAC,81,2534,14.7,-0.7,0.8,6.7,.126
Olden Polynice,1995-96,31,SAC,81,2441,15.8,-1.7,0.2,5.3,.105
Olden Polynice,1996-97,32,SAC,82,2893,13.1,-2.8,-0.6,3.3,.055
Olden Polynice,1997-98,33,SAC,70,1458,14.7,-2.5,-0.2,1.5,.049
Olden Polynice,1998-99,34,SEA,48,1481,11.8,-3.6,-0.6,2.0,.065
Olden Polynice,1999-00,35,UTA,82,1819,10.4,-2.8,-0.4,3.2,.084
Olden Polynice,2000-01,36,UTA,81,1619,9.9,-3.9,-0.8,2.0,.058
Olden Polynice,2001-02,,Did not play - other pro league,,,,,,,
Olden Polynice,2002-03,,Did not play - other pro league,,,,,,,
Olden Polynice,2003-04,39,LAC,2,12,-9.2,-16.0,0.0,-0.1,-0.394
Cliff Pondexter,1974-75,,Did not play - injury,,,,,,,
Cliff Pondexter,1975-76,21,CHI,75,1326,13.1,-0.9,0.4,2.2,.081
Cliff Pondexter,1976-77,22,CHI,78,996,10.0,-1.6,0.1,1.5,.071
Cliff Pondexter,1977-78,23,CHI,44,534,11.6,2.2,0.6,1.0,.087
Quincy Pondexter,2010-11,22,NOH,66,734,8.5,-2.3,-0.1,0.9,.060
Quincy Pondexter,2011-12,23,MEM,64,1002,9.4,-2.0,0.0,1.7,.082
Quincy Pondexter,2012-13,24,MEM,59,1243,11.0,-0.1,0.6,3.2,.125
Quincy Pondexter,2013-14,25,MEM,15,270,10.3,-2.0,0.0,0.4,.063
Quincy Pondexter,2014-15,26,2TM,75,1793,9.9,-2.1,0.0,2.9,.078
Quincy Pondexter,2014-15,26,MEM,30,540,7.1,-3.9,-0.3,0.6,.051
Quincy Pondexter,2014-15,26,NOP,45,1253,11.1,-1.3,0.2,2.3,.089
Quincy Pondexter,2015-16,,Did not play - injury,,,,,,,
Quincy Pondexter,2016-17,,Did not play - injury,,,,,,,
Quincy Pondexter,2017-18,29,CHI,23,196,4.0,-7.4,-0.3,-0.2,-0.047
Quincy Pondexter,2018-19,30,SAS,53,292,13.2,-0.9,0.1,0.8,.128
Shamorie Ponds,2019-20,21,TOR,4,11,33.1,13.7,0.0,0.1,.450
Yves Pons,2021-22,22,MEM,12,71,5.9,-6.6,-0.1,0.0,.030
Jordan Poole,2019-20,20,GSW,57,1274,7.2,-6.6,-1.5,-1.2,-0.047
Jordan Poole,2020-21,21,GSW,51,988,15.1,-0.5,0.4,1.9,.094
Jordan Poole,2021-22,22,GSW,76,2283,16.1,1.0,1.7,6.0,.126
Jordan Poole,2022-23,23,GSW,82,2458,14.6,-1.9,0.1,3.2,.063
Jordan Poole,2023-24,24,WAS,78,2346,12.1,-3.9,-1.2,-0.6,-0.013
Jordan Poole,2024-25,25,WAS,68,2001,16.6,0.4,1.2,2.0,.047
David Pope,1984-85,22,KCK,22,129,2.1,-11.4,-0.3,-0.2,-0.088
David Pope,1985-86,23,SEA,11,74,9.2,-2.4,0.0,0.1,.081
Mark Pope,1996-97,,Did not play - other pro league,,,,,,,
Mark Pope,1997-98,25,IND,28,193,3.4,-7.6,-0.3,0.0,-0.003
Mark Pope,1998-99,26,IND,4,26,-8.5,-19.2,-0.1,-0.1,-0.230
Mark Pope,1999-00,,Did not play - other pro league,,,,,,,
Mark Pope,2000-01,28,MIL,63,942,7.2,-2.9,-0.2,1.3,.068
Mark Pope,2001-02,29,MIL,45,426,7.3,-4.2,-0.2,0.1,.016
Mark Pope,2002-03,,Did not play - other pro league,,,,,,,
Mark Pope,2003-04,31,DEN,4,20,-9.0,-15.4,-0.1,-0.1,-0.172
Mark Pope,2004-05,32,DEN,9,27,10.0,-4.9,0.0,0.0,.070
Dave Popson,1987-88,,Did not play - other pro league,,,,,,,
Dave Popson,1988-89,24,2TM,17,106,6.4,-7.3,-0.1,-0.1,-0.065
Dave Popson,1988-89,24,LAC,10,68,8.1,-5.5,-0.1,-0.1,-0.038
Dave Popson,1988-89,24,MIA,7,38,3.4,-10.6,-0.1,-0.1,-0.113
Dave Popson,1989-90,,Did not play - other pro league,,,,,,,
Dave Popson,1990-91,26,BOS,19,64,11.6,-8.8,-0.1,0.0,.035
Dave Popson,1991-92,27,MIL,5,26,6.9,-6.2,0.0,0.0,-0.075
Ben Poquette,1977-78,22,DET,52,626,10.6,-3.3,-0.2,0.6,.049
Ben Poquette,1978-79,23,DET,76,1337,13.1,-1.2,0.3,2.5,.091
Ben Poquette,1979-80,24,UTA,82,2349,14.0,-0.1,1.1,4.9,.099
Ben Poquette,1980-81,25,UTA,82,2808,13.0,-0.2,1.3,5.4,.092
Ben Poquette,1981-82,26,UTA,82,1698,13.1,-0.7,0.6,3.4,.096
Ben Poquette,1982-83,27,UTA,75,2331,13.4,-0.2,1.1,5.0,.103
Ben Poquette,1983-84,28,CLE,51,858,9.6,-1.3,0.1,1.3,.075
Ben Poquette,1984-85,29,CLE,79,1656,12.6,-0.7,0.5,3.5,.102
Ben Poquette,1985-86,30,CLE,81,1496,10.4,-1.4,0.2,2.3,.075
Ben Poquette,1986-87,31,2TM,58,604,10.8,-0.6,0.2,1.4,.110
Ben Poquette,1986-87,31,CLE,37,437,10.4,-0.4,0.2,0.9,.104
Ben Poquette,1986-87,31,CHI,21,167,11.9,-1.0,0.0,0.4,.127
Ben Poquette,1987-88,,Did not play - other pro league,,,,,,,
Ben Poquette,1988-89,,Did not play - other pro league,,,,,,,
Ben Poquette,1989-90,,Did not play - other pro league,,,,,,,
Chris Porter,2000-01,22,GSW,51,1147,11.1,-4.5,-0.7,0.2,.008
Craig Porter Jr.,2023-24,23,CLE,51,649,15.4,0.5,0.4,1.5,.108
Craig Porter Jr.,2024-25,24,CLE,51,513,13.1,1.1,0.4,1.1,.102
Howard Porter,1971-72,23,CHI,67,730,13.8,,,1.1,.076
Howard Porter,1972-73,24,CHI,43,407,15.7,,,1.0,.112
Howard Porter,1973-74,25,CHI,73,1229,15.4,-0.9,0.3,2.7,.104
Howard Porter,1974-75,26,2TM,58,1163,13.4,-1.4,0.2,2.4,.101
Howard Porter,1974-75,26,NYK,17,133,8.4,-4.0,-0.1,0.1,.033
Howard Porter,1974-75,26,DET,41,1030,14.0,-1.0,0.3,2.3,.109
Howard Porter,1975-76,27,DET,75,1482,13.0,-1.9,0.0,2.4,.076
Howard Porter,1976-77,28,DET,78,2200,13.6,-1.3,0.4,4.1,.089
Howard Porter,1977-78,29,2TM,63,1323,17.4,0.8,0.9,3.9,.142
Howard Porter,1977-78,29,DET,8,107,7.0,-4.1,-0.1,0.0,-0.004
Howard Porter,1977-78,29,NJN,55,1216,18.3,1.2,1.0,3.9,.155
Jontay Porter,2020-21,21,MEM,11,54,9.2,-6.5,-0.1,0.0,.019
Jontay Porter,2021-22,,Did not play - waived,,,,,,,
Jontay Porter,2022-23,,Did not play - other pro league,,,,,,,
Jontay Porter,2023-24,24,TOR,26,360,14.9,1.7,0.3,0.7,.089
Kevin Porter,1972-73,22,BAL,71,1217,12.4,,,2.3,.089
Kevin Porter,1973-74,23,CAP,81,2339,16.7,-0.2,1.1,5.2,.106
Kevin Porter,1974-75,24,WSB,81,2589,16.0,0.7,1.8,6.5,.120
Kevin Porter,1975-76,25,DET,19,687,15.4,-1.5,0.1,0.5,.036
Kevin Porter,1976-77,26,DET,81,2117,14.7,-1.7,0.2,2.7,.062
Kevin Porter,1977-78,27,2TM,82,2813,15.7,-0.3,1.2,4.2,.072
Kevin Porter,1977-78,27,DET,8,127,13.3,-1.9,0.0,0.2,.091
Kevin Porter,1977-78,27,NJN,74,2686,15.8,-0.2,1.2,4.0,.071
Kevin Porter,1978-79,28,DET,82,3064,17.2,1.4,2.6,6.2,.097
Kevin Porter,1979-80,29,WSB,70,1494,13.1,-1.5,0.2,1.8,.057
Kevin Porter,1980-81,30,WSB,81,2577,16.2,1.7,2.4,6.4,.119
Kevin Porter,1981-82,,Did not play - injury,,,,,,,
Kevin Porter,1982-83,32,WSB,11,210,8.4,-2.7,0.0,0.2,.055
Kevin Porter Jr.,2019-20,19,CLE,50,1162,10.8,-3.8,-0.5,0.3,.012
Kevin Porter Jr.,2020-21,20,HOU,26,835,12.5,-3.5,-0.3,0.0,.000
Kevin Porter Jr.,2021-22,21,HOU,61,1907,13.5,-1.6,0.2,0.8,.021
Kevin Porter Jr.,2022-23,22,HOU,59,2024,16.2,0.6,1.3,2.9,.068
Kevin Porter Jr.,2023-24,,Did not play - other pro league,,,,,,,
Kevin Porter Jr.,2024-25,24,2TM,75,1482,15.4,-0.6,0.5,2.2,.072
Kevin Porter Jr.,2024-25,24,LAC,45,884,12.1,-2.5,-0.1,0.2,.011
Kevin Porter Jr.,2024-25,24,MIL,30,598,20.2,2.1,0.6,2.0,.163
Michael Porter Jr.,2018-19,,Did not play - injury,,,,,,,
Michael Porter Jr.,2019-20,21,DEN,55,903,19.8,1.5,0.8,2.9,.154
Michael Porter Jr.,2020-21,22,DEN,61,1912,20.6,3.1,2.5,6.9,.173
Michael Porter Jr.,2021-22,23,DEN,9,265,7.5,-3.5,-0.1,-0.2,-0.032
Michael Porter Jr.,2022-23,24,DEN,62,1798,16.8,0.2,1.0,4.3,.116
Michael Porter Jr.,2023-24,25,DEN,81,2565,15.5,0.1,1.3,6.2,.115
Michael Porter Jr.,2024-25,26,DEN,77,2593,16.2,-0.1,1.2,6.4,.118
Otto Porter Jr.,2013-14,20,WAS,37,319,6.0,-6.2,-0.3,0.0,-0.006
Otto Porter Jr.,2014-15,21,WAS,74,1432,11.6,-0.5,0.6,2.7,.092
Otto Porter Jr.,2015-16,22,WAS,75,2276,14.5,1.1,1.8,5.6,.119
Otto Porter Jr.,2016-17,23,WAS,80,2605,17.3,3.3,3.5,9.4,.173
Otto Porter Jr.,2017-18,24,WAS,77,2432,18.3,3.5,3.4,8.1,.161
Otto Porter Jr.,2018-19,25,2TM,56,1683,15.9,0.9,1.2,3.2,.093
Otto Porter Jr.,2018-19,25,WAS,41,1191,15.0,0.3,0.7,2.1,.085
Otto Porter Jr.,2018-19,25,CHI,15,492,18.0,2.2,0.5,1.1,.112
Otto Porter Jr.,2019-20,26,CHI,14,331,15.8,1.0,0.3,0.8,.112
Otto Porter Jr.,2020-21,27,2TM,28,606,14.5,0.0,0.3,1.3,.101
Otto Porter Jr.,2020-21,27,CHI,25,540,14.8,0.2,0.3,1.2,.108
Otto Porter Jr.,2020-21,27,ORL,3,66,11.7,-1.7,0.0,0.1,.050
Otto Porter Jr.,2021-22,28,GSW,63,1396,15.9,3.1,1.8,4.9,.168
Otto Porter Jr.,2022-23,29,TOR,8,146,14.0,0.7,0.1,0.4,.142
Otto Porter Jr.,2023-24,30,TOR,15,174,8.7,-3.2,-0.1,0.3,.070
Terry Porter,1985-86,22,POR,79,1214,14.8,0.3,0.7,2.3,.093
Terry Porter,1986-87,23,POR,80,2714,16.2,1.9,2.7,6.8,.120
Terry Porter,1987-88,24,POR,82,2991,18.1,3.2,4.0,9.8,.157
Terry Porter,1988-89,25,POR,81,3102,17.7,2.3,3.3,9.2,.142
Terry Porter,1989-90,26,POR,80,2781,20.0,5.8,5.4,11.7,.202
Terry Porter,1990-91,27,POR,81,2665,21.7,7.4,6.2,13.0,.235
Terry Porter,1991-92,28,POR,82,2784,18.1,3.7,4.0,10.6,.182
Terry Porter,1992-93,29,POR,81,2883,17.0,2.6,3.3,8.8,.147
Terry Porter,1993-94,30,POR,77,2074,16.4,2.2,2.2,5.4,.124
Terry Porter,1994-95,31,POR,35,770,13.7,0.3,0.5,1.7,.106
Terry Porter,1995-96,32,MIN,82,2072,15.4,0.4,1.2,3.7,.085
Terry Porter,1996-97,33,MIN,82,1568,14.5,-0.1,0.7,2.7,.082
Terry Porter,1997-98,34,MIN,82,1786,17.3,2.4,2.0,5.2,.139
Terry Porter,1998-99,35,MIA,50,1365,16.9,2.9,1.7,5.0,.178
Terry Porter,1999-00,36,SAS,68,1613,16.6,3.4,2.2,5.6,.168
Terry Porter,2000-01,37,SAS,80,1678,15.5,2.6,2.0,5.4,.154
Terry Porter,2001-02,38,SAS,72,1294,13.9,1.7,1.2,3.5,.131
Willie Porter,1965-66,,Did not play - other pro league,,,,,,,
Willie Porter,1966-67,,Did not play - other pro league,,,,,,,
Willie Porter,1967-68,26,2TM,56,1294,14.2,,,1.8,.068
Willie Porter,1967-68,26,OAK,43,1123,14.0,,,1.6,.070
Willie Porter,1967-68,26,PTP,13,171,15.4,,,0.2,.061
Willie Porter,1968-69,27,2TM,13,148,19.6,,,0.6,.189
Willie Porter,1968-69,27,MNP,11,137,17.9,,,0.5,.182
Willie Porter,1968-69,27,HSM,2,11,41.3,,,0.1,.285
Bobby Portis,2015-16,20,CHI,62,1102,13.8,-3.3,-0.4,1.5,.066
Bobby Portis,2016-17,21,CHI,64,1000,14.9,-1.5,0.1,2.4,.114
Bobby Portis,2017-18,22,CHI,73,1643,19.7,0.8,1.2,3.5,.101
Bobby Portis,2018-19,23,2TM,50,1299,16.1,-2.4,-0.1,1.6,.060
Bobby Portis,2018-19,23,CHI,22,531,17.2,-1.9,0.0,0.7,.062
Bobby Portis,2018-19,23,WAS,28,768,15.3,-2.8,-0.2,0.9,.058
Bobby Portis,2019-20,24,NYK,66,1393,14.6,-1.1,0.3,1.9,.064
Bobby Portis,2020-21,25,MIL,66,1372,19.9,1.5,1.2,4.8,.167
Bobby Portis,2021-22,26,MIL,72,2028,17.7,0.2,1.1,5.5,.131
Bobby Portis,2022-23,27,MIL,70,1818,17.8,0.7,1.2,5.3,.139
Bobby Portis,2023-24,28,MIL,82,2008,17.5,-0.8,0.6,4.7,.112
Bobby Portis,2024-25,29,MIL,49,1244,17.7,0.2,0.7,2.7,.106
Bob Portman,1969-70,22,SFW,60,813,14.6,,,1.2,.068
Bob Portman,1970-71,23,SFW,68,1395,12.1,,,1.9,.066
Bob Portman,1971-72,24,GSW,61,553,12.0,,,0.8,.067
Bob Portman,1972-73,25,GSW,32,176,16.1,,,0.5,.142
Kristaps Porziņģis,2015-16,20,NYK,72,2047,17.7,0.9,1.5,4.4,.102
Kristaps Porziņģis,2016-17,21,NYK,66,2164,17.4,0.3,1.3,4.5,.100
Kristaps Porziņģis,2017-18,22,NYK,48,1553,20.4,1.8,1.5,3.2,.099
Kristaps Porziņģis,2018-19,,Did not play - injury,,,,,,,
Kristaps Porziņģis,2019-20,24,DAL,57,1814,20.2,1.9,1.8,5.2,.138
Kristaps Porziņģis,2020-21,25,DAL,43,1327,21.3,2.2,1.4,4.3,.154
Kristaps Porziņģis,2021-22,26,2TM,51,1481,23.7,3.9,2.2,5.6,.180
Kristaps Porziņģis,2021-22,26,DAL,34,1002,21.8,3.0,1.3,3.4,.161
Kristaps Porziņģis,2021-22,26,WAS,17,479,27.7,5.7,0.9,2.2,.220
Kristaps Porziņģis,2022-23,27,WAS,65,2120,23.1,4.3,3.4,7.7,.174
Kristaps Porziņģis,2023-24,28,BOS,57,1690,23.2,5.1,3.0,7.9,.226
Kristaps Porziņģis,2024-25,29,BOS,42,1210,22.3,4.7,2.1,5.3,.212
James Posey,1999-00,23,DEN,81,2052,13.0,0.7,1.4,4.3,.101
James Posey,2000-01,24,DEN,82,2255,12.5,-0.4,0.9,3.8,.080
James Posey,2001-02,25,DEN,73,2238,12.9,-0.8,0.7,2.7,.058
James Posey,2002-03,26,2TM,83,2518,13.5,0.6,1.7,5.4,.104
James Posey,2002-03,26,DEN,25,872,12.3,0.1,0.5,1.0,.055
James Posey,2002-03,26,HOU,58,1646,14.2,0.8,1.2,4.4,.129
James Posey,2003-04,27,MEM,82,2451,18.8,3.7,3.5,10.0,.195
James Posey,2004-05,28,MEM,50,1382,10.5,-0.7,0.5,2.3,.079
James Posey,2005-06,29,MIA,67,1914,9.8,0.1,1.0,4.2,.104
James Posey,2006-07,30,MIA,71,1919,12.7,0.9,1.4,5.2,.130
James Posey,2007-08,31,BOS,74,1821,12.0,2.5,2.1,6.2,.164
James Posey,2008-09,32,NOH,75,2140,10.8,-1.0,0.6,4.2,.095
James Posey,2009-10,33,NOH,77,1731,8.7,-1.8,0.1,2.4,.067
James Posey,2010-11,34,IND,49,839,7.5,-2.0,0.0,1.0,.056
Quinten Post,2024-25,24,GSW,42,686,14.2,0.1,0.4,1.7,.116
Lavor Postell,2000-01,22,NYK,26,169,7.2,-5.1,-0.1,-0.1,-0.027
Lavor Postell,2001-02,23,NYK,23,179,11.0,-3.5,-0.1,-0.1,-0.019
Lavor Postell,2002-03,24,NYK,12,98,7.8,-7.4,-0.1,-0.1,-0.032
John Postley,1967-68,27,PTP,1,6,20.9,,,0.0,.007
Vitaly Potapenko,1996-97,21,CLE,80,1238,9.5,-6.6,-1.4,0.5,.020
Vitaly Potapenko,1997-98,22,CLE,80,1412,11.0,-4.1,-0.8,1.5,.052
Vitaly Potapenko,1998-99,23,2TM,50,1394,13.6,-2.0,0.0,2.2,.076
Vitaly Potapenko,1998-99,23,CLE,17,467,10.5,-2.9,-0.1,0.4,.041
Vitaly Potapenko,1998-99,23,BOS,33,927,15.1,-1.6,0.1,1.8,.094
Vitaly Potapenko,1999-00,24,BOS,79,1797,13.8,-3.5,-0.7,2.5,.066
Vitaly Potapenko,2000-01,25,BOS,82,1901,12.8,-3.6,-0.8,3.4,.087
Vitaly Potapenko,2001-02,26,BOS,79,1343,11.4,-3.8,-0.6,3.1,.111
Vitaly Potapenko,2002-03,27,SEA,26,403,8.2,-5.4,-0.3,0.2,.027
Vitaly Potapenko,2003-04,28,SEA,65,1419,11.2,-4.3,-0.8,1.1,.037
Vitaly Potapenko,2004-05,29,SEA,33,335,14.5,-1.4,0.1,1.0,.142
Vitaly Potapenko,2005-06,30,2TM,33,353,7.4,-6.7,-0.4,0.1,.012
Vitaly Potapenko,2005-06,30,SEA,24,321,7.4,-6.8,-0.4,0.0,.006
Vitaly Potapenko,2005-06,30,SAC,9,32,8.2,-6.1,0.0,0.0,.068
Vitaly Potapenko,2006-07,31,SAC,3,13,-22.1,-28.6,-0.1,-0.1,-0.534
Micah Potter,2021-22,23,DET,3,31,13.6,-7.1,0.0,0.0,.073
Micah Potter,2022-23,24,UTA,7,52,18.6,3.5,0.1,0.2,.186
Micah Potter,2023-24,25,UTA,16,186,11.0,-2.3,0.0,0.3,.075
Micah Potter,2024-25,26,UTA,38,705,8.5,-3.5,-0.3,0.4,.030
Leon Powe,2006-07,23,BOS,63,720,14.6,-3.8,-0.3,1.7,.116
Leon Powe,2007-08,24,BOS,56,809,20.9,0.2,0.5,4.3,.256
Leon Powe,2008-09,25,BOS,70,1227,17.2,-0.3,0.5,4.9,.192
Leon Powe,2009-10,26,CLE,20,236,10.2,-5.8,-0.2,0.5,.097
Leon Powe,2010-11,27,2TM,30,328,15.0,-3.4,-0.1,0.6,.090
Leon Powe,2010-11,27,CLE,14,187,12.9,-3.3,-0.1,0.2,.051
Leon Powe,2010-11,27,MEM,16,141,17.8,-3.5,-0.1,0.4,.142
Cincy Powell,1966-67,,Did not play - other pro league,,,,,,,
Cincy Powell,1967-68,25,DLC,77,2524,20.4,,,8.1,.154
Cincy Powell,1968-69,26,DLC,75,2573,19.4,,,6.4,.119
Cincy Powell,1969-70,27,DLC,76,2624,18.5,,,6.8,.125
Cincy Powell,1970-71,28,KEN,81,2933,17.1,,,7.0,.114
Cincy Powell,1971-72,29,KEN,65,2288,14.7,,,5.4,.114
Cincy Powell,1972-73,30,UTS,83,1985,14.7,,,4.3,.104
Cincy Powell,1973-74,31,VIR,82,2485,13.9,-2.1,-0.1,3.0,.059
Cincy Powell,1974-75,32,VIR,60,1224,10.9,-3.4,-0.4,0.1,.002
Dwight Powell,2014-15,23,2TM,29,236,13.8,-1.0,0.1,0.6,.122
Dwight Powell,2014-15,23,BOS,5,9,34.9,12.9,0.0,0.0,.138
Dwight Powell,2014-15,23,DAL,24,227,13.0,-1.6,0.0,0.6,.121
Dwight Powell,2015-16,24,DAL,69,992,16.8,0.1,0.5,3.1,.151
Dwight Powell,2016-17,25,DAL,77,1333,17.6,1.0,1.0,4.6,.165
Dwight Powell,2017-18,26,DAL,79,1672,18.8,1.6,1.5,6.6,.191
Dwight Powell,2018-19,27,DAL,77,1662,20.4,2.9,2.1,7.5,.215
Dwight Powell,2019-20,28,DAL,40,1061,15.9,1.3,0.9,3.6,.162
Dwight Powell,2020-21,29,DAL,58,966,16.8,0.6,0.6,3.8,.188
Dwight Powell,2021-22,30,DAL,82,1798,18.1,0.9,1.3,8.2,.219
Dwight Powell,2022-23,31,DAL,76,1458,15.5,-1.2,0.3,5.1,.168
Dwight Powell,2023-24,32,DAL,63,836,14.5,-0.3,0.4,3.1,.181
Dwight Powell,2024-25,33,DAL,55,551,12.9,0.0,0.3,1.7,.147
Josh Powell,2003-04,,Did not play - other pro league,,,,,,,
Josh Powell,2004-05,,Did not play - other pro league,,,,,,,
Josh Powell,2005-06,23,DAL,37,429,9.2,-3.6,-0.2,0.7,.079
Josh Powell,2006-07,24,2TM,37,353,9.6,-6.0,-0.4,0.3,.036
Josh Powell,2006-07,24,IND,7,64,-1.3,-14.4,-0.2,-0.1,-0.096
Josh Powell,2006-07,24,GSW,30,289,12.0,-4.1,-0.2,0.4,.065
Josh Powell,2007-08,25,LAC,64,1228,10.7,-4.9,-0.9,1.1,.042
Josh Powell,2008-09,26,LAL,60,703,9.9,-6.4,-0.8,0.6,.043
Josh Powell,2009-10,27,LAL,63,581,6.7,-6.3,-0.6,0.0,.001
Josh Powell,2010-11,28,ATL,54,653,8.0,-7.3,-0.9,-0.2,-0.012
Josh Powell,2011-12,,Did not play - other pro league,,,,,,,
Josh Powell,2012-13,,Did not play - other pro league,,,,,,,
Josh Powell,2013-14,31,HOU,1,19,2.5,-11.4,0.0,0.0,-0.094
Josh Powell,2014-15,,Did not play - coaching staff,,,,,,,
Kasib Powell,2007-08,26,MIA,11,304,9.0,-3.8,-0.1,0.0,.006
Myles Powell,2021-22,24,PHI,11,52,0.2,-12.7,-0.1,-0.1,-0.109
Norman Powell,2015-16,22,TOR,49,725,13.3,-0.3,0.3,1.6,.105
Norman Powell,2016-17,23,TOR,76,1368,14.0,-0.5,0.5,2.8,.097
Norman Powell,2017-18,24,TOR,70,1062,8.5,-2.9,-0.3,0.6,.027
Norman Powell,2018-19,25,TOR,60,1126,13.3,-0.7,0.4,2.4,.102
Norman Powell,2019-20,26,TOR,52,1479,16.8,2.0,1.5,4.6,.150
Norman Powell,2020-21,27,2TM,69,2205,16.2,0.4,1.3,4.7,.103
Norman Powell,2020-21,27,TOR,42,1277,17.7,1.5,1.1,3.2,.120
Norman Powell,2020-21,27,POR,27,928,14.2,-1.2,0.2,1.5,.078
Norman Powell,2021-22,28,2TM,45,1458,16.3,-0.3,0.6,2.8,.093
Norman Powell,2021-22,28,POR,40,1333,15.3,-1.0,0.3,2.1,.076
Norman Powell,2021-22,28,LAC,5,125,27.1,7.7,0.3,0.7,.272
Norman Powell,2022-23,29,LAC,60,1567,17.1,0.3,0.9,3.5,.107
Norman Powell,2023-24,30,LAC,76,1990,13.9,-0.8,0.6,4.1,.099
Norman Powell,2024-25,31,LAC,60,1958,17.5,1.5,1.8,5.3,.129
Roger Powell,2006-07,24,UTA,3,13,-8.3,-18.9,-0.1,-0.1,-0.327
Alex Poythress,2016-17,23,PHI,6,157,13.2,-2.9,0.0,0.3,.099
Alex Poythress,2017-18,24,IND,25,104,7.8,-5.1,-0.1,0.1,.066
Alex Poythress,2018-19,25,ATL,21,305,12.2,-3.5,-0.1,0.5,.086
Mal Pradd,1967-68,23,NOB,29,125,12.2,,,0.4,.156
Mal Pradd,1968-69,24,NOB,50,323,21.7,,,1.3,.193
Mike Pratt,1970-71,22,KEN,78,1213,10.4,,,0.9,.037
Mike Pratt,1971-72,23,KEN,65,889,11.3,,,2.2,.121
Paul Pressey,1982-83,24,MIL,79,1528,12.8,0.8,1.1,2.0,.062
Paul Pressey,1983-84,25,MIL,81,1730,14.5,1.9,1.7,3.8,.106
Paul Pressey,1984-85,26,MIL,80,2876,17.6,4.2,4.5,9.6,.160
Paul Pressey,1985-86,27,MIL,80,2704,18.6,5.7,5.3,9.8,.174
Paul Pressey,1986-87,28,MIL,61,2057,16.7,3.5,2.9,5.5,.129
Paul Pressey,1987-88,29,MIL,75,2484,17.0,3.0,3.2,7.1,.136
Paul Pressey,1988-89,30,MIL,67,2170,15.0,2.2,2.3,4.8,.105
Paul Pressey,1989-90,31,MIL,57,1400,15.9,1.3,1.2,3.0,.102
Paul Pressey,1990-91,32,SAS,70,1683,11.4,-0.1,0.8,3.2,.090
Paul Pressey,1991-92,33,SAS,56,759,8.0,-2.2,0.0,0.3,.019
Paul Pressey,1992-93,34,GSW,18,268,8.4,-2.9,-0.1,0.1,.018
Phil Pressey,2013-14,22,BOS,75,1132,8.8,-3.3,-0.4,0.1,.005
Phil Pressey,2014-15,23,BOS,50,600,11.8,-1.2,0.1,0.8,.060
Phil Pressey,2015-16,24,2TM,23,283,10.6,-3.2,-0.1,-0.1,-0.017
Phil Pressey,2015-16,24,PHI,14,170,11.8,-2.6,0.0,0.0,-0.014
Phil Pressey,2015-16,24,PHO,9,113,8.6,-3.9,-0.1,-0.1,-0.022
Dominic Pressley,1986-87,,Did not play - other pro league,,,,,,,
Dominic Pressley,1987-88,,Did not play - other pro league,,,,,,,
Dominic Pressley,1988-89,24,2TM,13,124,5.3,-6.7,-0.1,-0.2,-0.069
Dominic Pressley,1988-89,24,WSB,10,107,5.9,-6.1,-0.1,-0.1,-0.063
Dominic Pressley,1988-89,24,CHI,3,17,1.0,-10.3,0.0,0.0,-0.109
Harold Pressley,1986-87,23,SAC,67,913,11.8,-0.6,0.3,0.7,.035
Harold Pressley,1987-88,24,SAC,80,2029,12.7,-0.8,0.6,2.2,.052
Harold Pressley,1988-89,25,SAC,80,2257,15.7,1.9,2.2,4.8,.102
Harold Pressley,1989-90,26,SAC,72,1603,13.7,0.0,0.8,2.3,.069
Harold Pressley,1990-91,,Did not play - other pro league,,,,,,,
Harold Pressley,1991-92,,Did not play - other pro league,,,,,,,
Harold Pressley,1992-93,,Did not play - other pro league,,,,,,,
Harold Pressley,1993-94,,Did not play - other pro league,,,,,,,
Harold Pressley,1994-95,,Did not play - other pro league,,,,,,,
Jason Preston,2021-22,,Did not play - injury,,,,,,,
Jason Preston,2022-23,23,LAC,14,124,10.3,-2.6,0.0,0.1,.021
Jason Preston,2023-24,24,UTA,7,71,10.5,-2.6,0.0,0.0,.026
Steve Previs,1972-73,22,CAR,30,147,6.2,,,-0.1,-0.035
A.J. Price,2009-10,23,IND,56,865,14.0,-0.5,0.3,1.2,.065
A.J. Price,2010-11,24,IND,50,795,10.7,-2.9,-0.2,0.3,.020
A.J. Price,2011-12,25,IND,44,568,11.5,-1.0,0.1,0.7,.063
A.J. Price,2012-13,26,WAS,57,1278,12.4,-0.6,0.5,2.2,.084
A.J. Price,2013-14,27,MIN,28,99,9.7,-4.8,-0.1,0.0,-0.012
A.J. Price,2014-15,28,3TM,26,324,12.0,-1.4,0.0,0.3,.041
A.J. Price,2014-15,28,IND,10,193,17.1,3.0,0.2,0.5,.123
A.J. Price,2014-15,28,CLE,11,87,7.7,-5.9,-0.1,-0.1,-0.051
A.J. Price,2014-15,28,PHO,5,44,-1.6,-11.8,-0.1,-0.1,-0.140
Brent Price,1992-93,24,WSB,68,859,9.3,-4.8,-0.6,-0.6,-0.035
Brent Price,1993-94,25,WSB,65,1035,13.2,-2.1,0.0,0.7,.033
Brent Price,1994-95,,Did not play - injury,,,,,,,
Brent Price,1995-96,27,WSB,81,2042,17.5,3.0,2.6,7.4,.174
Brent Price,1996-97,28,HOU,25,390,12.0,-1.4,0.1,0.7,.092
Brent Price,1997-98,29,HOU,72,1332,10.9,-2.0,0.0,1.6,.059
Brent Price,1998-99,30,HOU,40,806,15.0,0.3,0.5,2.2,.128
Brent Price,1999-00,31,VAN,41,424,9.5,-4.0,-0.2,0.1,.009
Brent Price,2000-01,32,VAN,6,30,9.4,-5.5,0.0,0.0,-0.003
Brent Price,2001-02,33,SAC,20,89,6.6,-5.9,-0.1,0.0,-0.009
Jim Price,1972-73,23,LAL,59,828,12.7,,,1.5,.088
Jim Price,1973-74,24,LAL,82,2628,15.5,0.2,1.5,5.0,.091
Jim Price,1974-75,25,2TM,50,1870,16.1,0.7,1.3,3.7,.095
Jim Price,1974-75,25,LAL,9,339,19.7,1.5,0.3,0.8,.111
Jim Price,1974-75,25,MIL,41,1531,15.4,0.5,1.0,2.9,.092
Jim Price,1975-76,26,MIL,80,2525,13.7,-1.0,0.7,2.6,.049
Jim Price,1976-77,27,3TM,81,1828,11.8,-0.8,0.6,2.7,.070
Jim Price,1976-77,27,MIL,6,111,15.4,-1.1,0.1,0.2,.108
Jim Price,1976-77,27,BUF,20,333,10.8,-2.2,0.0,0.2,.032
Jim Price,1976-77,27,DEN,55,1384,11.8,-0.5,0.5,2.2,.076
Jim Price,1977-78,28,2TM,83,1929,12.2,-1.3,0.3,2.4,.061
Jim Price,1977-78,28,DEN,49,1090,11.2,-1.2,0.2,1.3,.056
Jim Price,1977-78,28,DET,34,839,13.5,-1.4,0.1,1.2,.066
Jim Price,1978-79,29,LAL,75,1207,12.3,-0.8,0.4,1.8,.070
Mark Price,1986-87,22,CLE,67,1217,11.3,-2.6,-0.2,1.1,.043
Mark Price,1987-88,23,CLE,80,2626,17.6,2.2,2.8,7.8,.143
Mark Price,1988-89,24,CLE,75,2728,20.6,4.5,4.5,11.3,.199
Mark Price,1989-90,25,CLE,73,2706,21.1,5.2,4.9,10.1,.179
Mark Price,1990-91,26,CLE,16,571,21.7,5.6,1.1,2.0,.167
Mark Price,1991-92,27,CLE,72,2138,22.7,5.8,4.2,9.1,.205
Mark Price,1992-93,28,CLE,75,2380,22.1,5.3,4.4,9.8,.197
Mark Price,1993-94,29,CLE,76,2386,22.7,6.4,5.0,10.0,.201
Mark Price,1994-95,30,CLE,48,1375,20.6,4.9,2.4,4.2,.147
Mark Price,1995-96,31,WSB,7,127,10.3,-2.5,0.0,0.0,-0.011
Mark Price,1996-97,32,GSW,70,1876,16.5,1.2,1.5,4.0,.102
Mark Price,1997-98,33,ORL,63,1430,14.9,-0.4,0.6,1.7,.058
Mike Price,1970-71,22,NYK,56,251,5.6,,,0.2,.034
Mike Price,1971-72,23,2TM,10,65,6.9,,,0.1,.038
Mike Price,1971-72,23,NYK,6,40,13.6,,,0.1,.121
Mike Price,1971-72,23,INA,4,25,-3.9,,,0.0,-0.096
Mike Price,1972-73,24,PHI,57,751,10.4,,,0.2,.011
Ronnie Price,2005-06,22,SAC,29,150,10.5,-3.2,0.0,0.1,.021
Ronnie Price,2006-07,23,SAC,58,563,10.5,-1.8,0.0,0.4,.035
Ronnie Price,2007-08,24,UTA,61,588,12.3,-0.7,0.2,1.1,.094
Ronnie Price,2008-09,25,UTA,52,738,8.5,-3.5,-0.3,0.1,.009
Ronnie Price,2009-10,26,UTA,60,806,10.3,-1.3,0.1,0.9,.056
Ronnie Price,2010-11,27,UTA,59,717,5.5,-6.3,-0.8,-0.7,-0.048
Ronnie Price,2011-12,28,PHO,36,517,8.4,-3.1,-0.2,0.1,.008
Ronnie Price,2012-13,29,POR,39,510,6.8,-4.9,-0.4,-0.2,-0.017
Ronnie Price,2013-14,30,ORL,31,377,7.6,-4.3,-0.2,-0.1,-0.007
Ronnie Price,2014-15,31,LAL,43,982,10.2,-2.6,-0.1,0.7,.036
Ronnie Price,2015-16,32,PHO,62,1211,9.6,-1.8,0.1,1.4,.056
Ronnie Price,2016-17,33,PHO,14,134,5.9,-3.4,0.0,0.0,.002
Tony Price,1979-80,,Did not play - waived,,,,,,,
Tony Price,1980-81,24,SDC,5,29,2.4,-4.3,0.0,-0.1,-0.089
Bob Priddy,1952-53,22,BLB,16,149,7.8,,,0.0,.006
Pablo Prigioni,2012-13,35,NYK,78,1263,13.0,0.1,0.7,3.2,.123
Pablo Prigioni,2013-14,36,NYK,66,1283,13.0,0.5,0.8,3.4,.127
Pablo Prigioni,2014-15,37,2TM,67,1197,12.2,0.0,0.6,2.3,.092
Pablo Prigioni,2014-15,37,NYK,43,795,12.7,0.1,0.4,1.2,.075
Pablo Prigioni,2014-15,37,HOU,24,402,11.4,-0.2,0.2,1.1,.127
Pablo Prigioni,2015-16,38,LAC,59,823,10.2,-0.4,0.3,1.5,.087
Joshua Primo,2021-22,19,SAS,50,965,7.1,-5.0,-0.7,0.0,.001
Joshua Primo,2022-23,20,SAS,4,93,6.1,-6.3,-0.1,-0.1,-0.073
Joshua Primo,2023-24,21,LAC,2,10,-12.8,-25.0,-0.1,-0.1,-0.585
Taurean Prince,2016-17,22,ATL,59,981,9.8,-1.8,0.0,1.1,.054
Taurean Prince,2017-18,23,ATL,82,2464,12.8,-1.1,0.6,2.0,.038
Taurean Prince,2018-19,24,ATL,55,1552,11.9,-2.0,0.0,1.5,.047
Taurean Prince,2019-20,25,BRK,64,1857,9.1,-2.9,-0.4,0.6,.014
Taurean Prince,2020-21,26,2TM,41,905,12.1,-1.8,0.0,1.0,.052
Taurean Prince,2020-21,26,BRK,12,218,11.7,-2.2,0.0,0.3,.062
Taurean Prince,2020-21,26,CLE,29,687,12.2,-1.7,0.0,0.7,.049
Taurean Prince,2021-22,27,MIN,69,1177,12.4,-0.9,0.3,2.2,.090
Taurean Prince,2022-23,28,MIN,54,1192,10.0,-3.3,-0.4,1.3,.052
Taurean Prince,2023-24,29,LAL,78,2108,8.8,-2.8,-0.4,1.9,.043
Taurean Prince,2024-25,30,MIL,80,2166,9.8,-1.7,0.1,3.5,.077
Tayshaun Prince,2002-03,22,DET,42,435,11.7,0.0,0.2,0.8,.084
Tayshaun Prince,2003-04,23,DET,82,2701,13.3,1.8,2.6,7.5,.134
Tayshaun Prince,2004-05,24,DET,82,3039,16.2,2.1,3.1,9.4,.149
Tayshaun Prince,2005-06,25,DET,82,2898,14.8,0.3,1.7,7.0,.115
Tayshaun Prince,2006-07,26,DET,82,3001,16.0,1.8,2.9,8.0,.128
Tayshaun Prince,2007-08,27,DET,82,2694,15.6,1.6,2.5,7.5,.133
Tayshaun Prince,2008-09,28,DET,82,3057,15.0,1.2,2.5,6.2,.098
Tayshaun Prince,2009-10,29,DET,49,1664,16.0,0.8,1.2,3.2,.091
Tayshaun Prince,2010-11,30,DET,78,2562,15.1,-0.8,0.7,3.3,.062
Tayshaun Prince,2011-12,31,DET,63,2087,12.8,-1.5,0.3,2.1,.048
Tayshaun Prince,2012-13,32,2TM,82,2631,11.5,-1.2,0.5,3.6,.065
Tayshaun Prince,2012-13,32,DET,45,1457,12.5,-1.4,0.2,1.7,.057
Tayshaun Prince,2012-13,32,MEM,37,1174,10.2,-0.9,0.3,1.8,.075
Tayshaun Prince,2013-14,33,MEM,76,1948,8.2,-2.5,-0.2,1.5,.038
Tayshaun Prince,2014-15,34,3TM,58,1397,12.0,-0.6,0.5,2.5,.086
Tayshaun Prince,2014-15,34,MEM,26,628,10.6,-1.6,0.1,1.0,.073
Tayshaun Prince,2014-15,34,BOS,9,198,16.9,4.0,0.3,0.7,.165
Tayshaun Prince,2014-15,34,DET,23,571,11.8,-1.2,0.1,0.9,.072
Tayshaun Prince,2015-16,35,MIN,77,1462,6.3,-3.0,-0.4,0.4,.014
John Pritchard,1949-50,23,WAT,7,,,,,-0.2,
Kevin Pritchard,1990-91,23,GSW,62,773,6.9,-5.0,-0.6,-0.2,-0.012
Kevin Pritchard,1991-92,24,BOS,11,136,12.6,-0.3,0.1,0.2,.087
Kevin Pritchard,1992-93,,Did not play - other pro league,,,,,,,
Kevin Pritchard,1993-94,,Did not play - other pro league,,,,,,,
Kevin Pritchard,1994-95,27,2TM,19,194,8.1,-4.3,-0.1,0.2,.038
Kevin Pritchard,1994-95,27,PHI,5,36,-1.3,-14.3,-0.1,-0.2,-0.211
Kevin Pritchard,1994-95,27,MIA,14,158,10.3,-2.1,0.0,0.3,.095
Kevin Pritchard,1995-96,28,WSB,2,22,25.6,11.9,0.1,0.2,.384
Payton Pritchard,2020-21,23,BOS,66,1268,12.4,-0.7,0.4,2.5,.095
Payton Pritchard,2021-22,24,BOS,71,1001,15.0,1.8,1.0,3.1,.148
Payton Pritchard,2022-23,25,BOS,48,643,10.3,-3.4,-0.2,0.6,.045
Payton Pritchard,2023-24,26,BOS,82,1825,15.3,1.0,1.4,6.1,.160
Payton Pritchard,2024-25,27,BOS,80,2271,17.6,3.5,3.2,8.6,.183
Laron Profit,1999-00,22,WAS,33,225,4.4,-5.8,-0.2,-0.3,-0.073
Laron Profit,2000-01,23,WAS,35,605,11.7,-1.0,0.2,0.3,.023
Laron Profit,2001-02,,Did not play - other pro league,,,,,,,
Laron Profit,2002-03,,Did not play - other pro league,,,,,,,
Laron Profit,2003-04,,Did not play - other pro league,,,,,,,
Laron Profit,2004-05,27,WAS,42,428,11.5,-1.9,0.0,0.4,.049
Laron Profit,2005-06,28,LAL,25,279,11.8,-1.8,0.0,0.3,.050
Olivier-Maxence Prosper,2023-24,21,DAL,40,336,11.6,-2.9,-0.1,0.5,.076
Olivier-Maxence Prosper,2024-25,22,DAL,52,584,12.6,-2.1,0.0,0.9,.072
Gabe Pruitt,2007-08,21,BOS,15,95,8.3,-4.8,-0.1,0.1,.028
Gabe Pruitt,2008-09,22,BOS,47,366,7.6,-2.2,0.0,0.4,.047
Joel Przybilla,2000-01,21,MIL,33,270,5.9,-6.3,-0.3,0.1,.018
Joel Przybilla,2001-02,22,MIL,71,1128,10.2,-2.3,-0.1,1.9,.079
Joel Przybilla,2002-03,23,MIL,32,546,7.9,-4.0,-0.3,0.6,.051
Joel Przybilla,2003-04,24,2TM,17,347,6.7,-7.1,-0.4,0.1,.007
Joel Przybilla,2003-04,24,MIL,5,33,3.4,-5.3,0.0,0.0,.016
Joel Przybilla,2003-04,24,ATL,12,314,7.1,-7.3,-0.4,0.0,.006
Joel Przybilla,2004-05,25,POR,76,1858,15.5,-0.2,0.8,4.7,.121
Joel Przybilla,2005-06,26,POR,56,1395,15.3,-0.6,0.5,2.3,.078
Joel Przybilla,2006-07,27,POR,43,701,7.4,-3.5,-0.3,0.3,.020
Joel Przybilla,2007-08,28,POR,77,1819,12.3,-1.7,0.1,4.3,.113
Joel Przybilla,2008-09,29,POR,82,1952,15.4,0.9,1.4,6.6,.163
Joel Przybilla,2009-10,30,POR,30,681,11.2,-1.3,0.1,1.4,.101
Joel Przybilla,2010-11,31,2TM,36,519,6.2,-4.8,-0.4,0.5,.046
Joel Przybilla,2010-11,31,POR,31,445,7.2,-3.7,-0.2,0.6,.066
Joel Przybilla,2010-11,31,CHA,5,74,0.3,-11.8,-0.2,-0.1,-0.074
Joel Przybilla,2011-12,32,POR,27,449,6.0,-5.5,-0.4,0.3,.034
Joel Przybilla,2012-13,33,MIL,12,68,3.3,-7.1,-0.1,0.0,-0.005
Les Pugh,1948-49,26,PRO,60,,,,,0.0,
Les Pugh,1949-50,27,BLB,56,,,,,0.6,
Roy Pugh,1948-49,26,3TM,23,,,,,-0.2,
Roy Pugh,1948-49,26,INJ,6,,,,,-0.1,
Roy Pugh,1948-49,26,FTW,4,,,,,0.1,
Roy Pugh,1948-49,26,PHW,13,,,,,-0.2,
Anthony Pullard,1992-93,26,MIL,8,37,9.2,-7.7,-0.1,-0.1,-0.114
Jacob Pullen,2017-18,28,PHI,3,6,-2.3,-12.7,0.0,0.0,-0.210
Zyon Pullin,2024-25,23,MEM,3,3,-11.7,-22.7,0.0,0.0,-0.304
Rodney Purvis,2017-18,23,ORL,16,290,4.5,-8.2,-0.5,-0.3,-0.056
Don Putman,1946-47,24,STB,58,,,,,1.7,
Don Putman,1947-48,25,STB,42,,,,,1.5,
Don Putman,1948-49,26,STB,59,,,,,-0.5,
Don Putman,1949-50,27,STB,57,,,,,-0.7,
Zhou Qi,2016-17,,Did not play - other pro league,,,,,,,
Zhou Qi,2017-18,22,HOU,18,124,1.9,-10.1,-0.3,-0.3,-0.104
Zhou Qi,2018-19,23,HOU,1,1,80.4,52.0,0.0,0.0,1.261
Tim Quarterman,2016-17,22,POR,16,80,10.2,-2.8,0.0,-0.1,-0.044
Tim Quarterman,2017-18,23,HOU,3,13,2.9,-9.7,0.0,0.0,-0.083
Trevelin Queen,2021-22,24,HOU,10,74,18.2,1.9,0.1,0.1,.080
Trevelin Queen,2022-23,25,IND,7,70,6.0,-7.2,-0.1,-0.2,-0.133
Trevelin Queen,2023-24,26,ORL,14,165,8.3,-3.4,-0.1,0.2,.056
Trevelin Queen,2024-25,27,ORL,31,430,11.9,-0.3,0.2,0.7,.074
Neemias Queta,2021-22,22,SAC,15,120,12.7,-5.1,-0.1,0.1,.051
Neemias Queta,2022-23,23,SAC,5,29,17.0,-3.4,0.0,0.1,.149
Neemias Queta,2023-24,24,BOS,28,333,22.9,1.5,0.3,1.8,.259
Neemias Queta,2024-25,25,BOS,62,863,16.3,-0.7,0.3,3.2,.179
Bob Quick,1968-69,22,BAL,28,154,14.9,,,0.3,.092
Bob Quick,1969-70,23,2TM,34,364,12.9,,,0.6,.076
Bob Quick,1969-70,23,BAL,15,67,15.9,,,0.2,.162
Bob Quick,1969-70,23,DET,19,297,12.2,,,0.4,.057
Bob Quick,1970-71,24,DET,56,1146,12.4,,,2.6,.110
Bob Quick,1971-72,25,2TM,24,261,17.2,,,0.8,.148
Bob Quick,1971-72,25,DET,18,204,17.1,,,0.5,.121
Bob Quick,1971-72,25,DLC,6,57,17.8,,,0.3,.245
Immanuel Quickley,2020-21,21,NYK,64,1243,15.8,0.9,0.9,3.2,.125
Immanuel Quickley,2021-22,22,NYK,78,1802,14.6,0.2,1.0,4.2,.113
Immanuel Quickley,2022-23,23,NYK,81,2344,16.3,1.7,2.1,6.7,.137
Immanuel Quickley,2023-24,24,2TM,68,1985,16.7,1.3,1.7,4.7,.115
Immanuel Quickley,2023-24,24,NYK,30,720,17.1,2.5,0.8,2.2,.149
Immanuel Quickley,2023-24,24,TOR,38,1265,16.5,0.6,0.8,2.5,.095
Immanuel Quickley,2024-25,25,TOR,33,918,17.5,2.2,1.0,2.5,.128
Chris Quinn,2006-07,23,MIA,42,408,12.3,-1.9,0.0,0.6,.070
Chris Quinn,2007-08,24,MIA,60,1340,13.8,-0.5,0.5,2.6,.092
Chris Quinn,2008-09,25,MIA,66,962,12.9,-1.0,0.2,2.1,.104
Chris Quinn,2009-10,26,NJN,25,223,9.3,-2.5,0.0,0.1,.025
Chris Quinn,2010-11,27,SAS,41,292,7.5,-4.3,-0.2,0.1,.024
Chris Quinn,2011-12,,Did not play - other pro league,,,,,,,
Chris Quinn,2012-13,29,CLE,7,78,1.3,-9.2,-0.1,-0.2,-0.124
Brian Quinnett,1989-90,23,NYK,31,193,3.9,-7.0,-0.2,-0.1,-0.015
Brian Quinnett,1990-91,24,NYK,68,1011,9.0,-3.4,-0.3,0.8,.039
Brian Quinnett,1991-92,25,2TM,39,326,9.1,-2.7,-0.1,0.1,.016
Brian Quinnett,1991-92,25,NYK,24,190,10.1,-1.4,0.0,0.3,.067
Brian Quinnett,1991-92,25,DAL,15,136,7.7,-4.6,-0.1,-0.2,-0.054
Lester Quiñones,2022-23,22,GSW,4,18,8.6,-10.2,0.0,0.0,-0.103
Lester Quiñones,2023-24,23,GSW,37,394,10.3,-3.3,-0.1,0.6,.068
Lester Quiñones,2024-25,24,2TM,13,183,9.5,-6.1,-0.2,-0.1,-0.025
Lester Quiñones,2024-25,24,PHI,4,17,8.2,-10.5,0.0,-0.1,-0.208
Lester Quiñones,2024-25,24,NOP,9,166,9.7,-5.6,-0.2,0.0,-0.006
Ivan Rabb,2017-18,20,MEM,36,516,16.6,-2.0,0.0,1.2,.109
Ivan Rabb,2018-19,21,MEM,49,721,16.1,-1.4,0.1,2.1,.137
Luther Rackley,1969-70,23,CIN,66,1256,11.5,,,1.8,.069
Luther Rackley,1970-71,24,CLE,74,1434,12.5,,,1.9,.063
Luther Rackley,1971-72,25,2TM,71,683,11.0,,,0.8,.059
Luther Rackley,1971-72,25,CLE,9,65,12.0,,,0.0,.009
Luther Rackley,1971-72,25,NYK,62,618,10.9,,,0.8,.064
Luther Rackley,1972-73,26,2TM,58,895,15.3,,,1.3,.070
Luther Rackley,1972-73,26,NYK,1,2,-6.7,,,0.0,.128
Luther Rackley,1972-73,26,MMT,57,893,15.4,,,1.3,.070
Luther Rackley,1973-74,27,PHI,9,68,10.9,-3.4,0.0,0.1,.083
Howie Rader,1948-49,27,BLB,13,,,,,-0.6,
Mark Radford,1981-82,22,SEA,43,369,10.3,-3.0,-0.1,0.4,.052
Mark Radford,1982-83,23,SEA,54,439,12.1,-2.4,0.0,0.0,-0.001
Wayne Radford,1978-79,22,IND,52,649,9.7,-2.2,0.0,0.7,.049
Dino Radja,1989-90,,Did not play - other pro league,,,,,,,
Dino Radja,1990-91,,Did not play - other pro league,,,,,,,
Dino Radja,1991-92,,Did not play - other pro league,,,,,,,
Dino Radja,1992-93,,Did not play - other pro league,,,,,,,
Dino Radja,1993-94,26,BOS,80,2303,18.2,0.0,1.2,5.9,.124
Dino Radja,1994-95,27,BOS,66,2147,17.9,0.0,1.1,4.5,.102
Dino Radja,1995-96,28,BOS,53,1984,18.0,-0.3,0.9,4.0,.096
Dino Radja,1996-97,29,BOS,25,874,12.6,-2.8,-0.2,-0.2,-0.010
Vladimir Radmanović,2001-02,21,SEA,61,1230,12.7,0.6,0.8,2.1,.084
Vladimir Radmanović,2002-03,22,SEA,72,1910,13.0,-0.3,0.8,2.7,.068
Vladimir Radmanović,2003-04,23,SEA,77,2321,15.1,0.8,1.6,4.2,.088
Vladimir Radmanović,2004-05,24,SEA,63,1856,13.7,1.3,1.5,3.7,.096
Vladimir Radmanović,2005-06,25,2TM,77,1974,13.6,0.5,1.2,3.8,.091
Vladimir Radmanović,2005-06,25,SEA,47,1089,13.1,-1.1,0.2,1.4,.062
Vladimir Radmanović,2005-06,25,LAC,30,885,14.2,2.5,1.0,2.3,.127
Vladimir Radmanović,2006-07,26,LAL,55,986,11.0,-2.8,-0.2,0.8,.040
Vladimir Radmanović,2007-08,27,LAL,65,1483,12.6,0.2,0.8,3.5,.113
Vladimir Radmanović,2008-09,28,2TM,78,1445,11.0,-0.7,0.5,1.9,.062
Vladimir Radmanović,2008-09,28,LAL,46,771,11.6,0.7,0.5,1.6,.098
Vladimir Radmanović,2008-09,28,CHA,32,674,10.2,-2.3,-0.1,0.3,.021
Vladimir Radmanović,2009-10,29,2TM,41,891,7.9,-3.8,-0.4,0.0,-0.002
Vladimir Radmanović,2009-10,29,CHA,8,133,8.0,-1.0,0.0,0.2,.055
Vladimir Radmanović,2009-10,29,GSW,33,758,7.9,-4.2,-0.4,-0.2,-0.012
Vladimir Radmanović,2010-11,30,GSW,74,1169,12.6,-0.1,0.6,2.1,.086
Vladimir Radmanović,2011-12,31,ATL,49,755,11.7,0.2,0.4,1.6,.103
Vladimir Radmanović,2012-13,32,CHI,25,144,6.3,-5.4,-0.1,0.1,.020
Aleksandar Radojević,1999-00,23,TOR,3,24,2.4,-12.1,-0.1,-0.1,-0.202
Aleksandar Radojević,2000-01,,Did not play - other,,,,,,,
Aleksandar Radojević,2001-02,,Did not play - other pro league,,,,,,,
Aleksandar Radojević,2002-03,,Did not play - other pro league,,,,,,,
Aleksandar Radojević,2003-04,,Did not play - other pro league,,,,,,,
Aleksandar Radojević,2004-05,28,UTA,12,128,-1.5,-11.6,-0.3,-0.3,-0.117
Frank Radovich,1961-62,23,PHW,37,175,9.9,,,0.0,.006
Moe Radovich,1952-53,23,PHW,4,33,20.0,,,0.1,.153
Miroslav Raduljica,2013-14,26,MIL,48,465,15.3,-3.6,-0.2,1.1,.112
Miroslav Raduljica,2014-15,27,MIN,5,23,3.3,-15.0,-0.1,0.0,-0.057
Ray Radziszewski,1957-58,22,PHW,1,6,-8.9,,,-0.1,-0.496
Ray Ragelis,1951-52,23,ROC,51,337,6.1,,,-0.4,-0.059
Sherwin Raiken,1952-53,24,NYK,6,63,-3.2,,,-0.3,-0.253
Ed Rains,1981-82,25,SAS,49,637,8.2,-3.8,-0.3,0.6,.043
Ed Rains,1982-83,26,SAS,34,292,8.2,-4.1,-0.2,0.1,.015
Igor Rakočević,2000-01,,Did not play - other pro league,,,,,,,
Igor Rakočević,2001-02,,Did not play - other pro league,,,,,,,
Igor Rakočević,2002-03,24,MIN,42,244,8.4,-4.9,-0.2,0.1,.022
Kurt Rambis,1980-81,,Did not play - other pro league,,,,,,,
Kurt Rambis,1981-82,23,LAL,64,1131,12.8,-0.1,0.5,2.3,.100
Kurt Rambis,1982-83,24,LAL,78,1806,14.1,0.2,1.0,4.3,.116
Kurt Rambis,1983-84,25,LAL,47,743,10.9,-1.5,0.1,1.5,.095
Kurt Rambis,1984-85,26,LAL,82,1617,12.7,0.0,0.8,4.1,.120
Kurt Rambis,1985-86,27,LAL,74,1573,12.7,0.6,1.1,4.3,.131
Kurt Rambis,1986-87,28,LAL,78,1514,12.6,-0.6,0.5,3.9,.123
Kurt Rambis,1987-88,29,LAL,70,845,15.0,0.2,0.5,2.6,.147
Kurt Rambis,1988-89,30,CHH,75,2233,16.1,0.3,1.3,4.8,.104
Kurt Rambis,1989-90,31,2TM,74,1904,12.1,0.7,1.3,4.1,.103
Kurt Rambis,1989-90,31,CHH,16,448,14.5,0.2,0.3,0.7,.079
Kurt Rambis,1989-90,31,PHO,58,1456,11.3,0.8,1.0,3.3,.110
Kurt Rambis,1990-91,32,PHO,62,900,11.4,-0.3,0.4,2.2,.115
Kurt Rambis,1991-92,33,PHO,28,381,10.6,-0.6,0.1,0.6,.079
Kurt Rambis,1992-93,34,2TM,72,822,11.2,-0.6,0.3,1.7,.098
Kurt Rambis,1992-93,34,PHO,5,41,4.6,-2.8,0.0,-0.1,-0.061
Kurt Rambis,1992-93,34,SAC,67,781,11.6,-0.5,0.3,1.7,.107
Kurt Rambis,1993-94,35,LAL,50,635,14.0,-1.1,0.1,1.7,.125
Kurt Rambis,1994-95,36,LAL,26,195,9.4,-2.9,0.0,0.3,.076
Peter John Ramos,2004-05,19,WAS,6,20,8.2,-10.0,0.0,0.0,-0.108
Cal Ramsey,1959-60,22,2TM,11,195,13.7,,,0.2,.039
Cal Ramsey,1959-60,22,STL,4,35,15.2,,,0.0,.015
Cal Ramsey,1959-60,22,NYK,7,160,13.4,,,0.1,.045
Cal Ramsey,1960-61,23,SYR,2,27,0.5,,,-0.1,-0.173
Frank Ramsey,1953-54,,Did not play - other,,,,,,,
Frank Ramsey,1954-55,23,BOS,64,1754,15.1,,,4.0,.110
Frank Ramsey,1955-56,,Did not play - military service,,,,,,,
Frank Ramsey,1956-57,25,BOS,35,807,17.6,,,3.3,.194
Frank Ramsey,1957-58,26,BOS,69,2047,19.5,,,10.0,.234
Frank Ramsey,1958-59,27,BOS,72,2013,15.7,,,5.9,.142
Frank Ramsey,1959-60,28,BOS,73,2009,14.5,,,5.3,.128
Frank Ramsey,1960-61,29,BOS,79,2019,15.2,,,6.5,.155
Frank Ramsey,1961-62,30,BOS,79,1913,16.5,,,7.3,.183
Frank Ramsey,1962-63,31,BOS,77,1541,12.8,,,3.6,.113
Frank Ramsey,1963-64,32,BOS,75,1227,12.6,,,3.2,.125
Jahmi'us Ramsey,2020-21,19,SAC,13,94,10.5,-4.5,-0.1,0.0,.012
Jahmi'us Ramsey,2021-22,20,SAC,19,134,7.9,-6.9,-0.2,-0.1,-0.048
Jahmi'us Ramsey,2022-23,,Did not play - other pro league,,,,,,,
Jahmi'us Ramsey,2023-24,22,TOR,7,121,10.6,-4.4,-0.1,0.1,.021
Ray Ramsey,1948-49,27,BLB,2,,,,,0.0,
Mark Randall,1991-92,24,2TM,54,441,12.3,-2.7,-0.1,0.5,.050
Mark Randall,1991-92,24,CHI,15,67,8.7,-4.9,0.0,0.0,.036
Mark Randall,1991-92,24,MIN,39,374,12.9,-2.3,0.0,0.4,.052
Mark Randall,1992-93,25,2TM,37,248,11.9,-4.1,-0.1,0.3,.061
Mark Randall,1992-93,25,MIN,2,8,-8.6,-15.5,0.0,0.0,-0.287
Mark Randall,1992-93,25,DET,35,240,12.6,-3.8,-0.1,0.4,.072
Mark Randall,1993-94,26,DEN,28,155,11.2,-2.2,0.0,0.2,.074
Mark Randall,1994-95,27,DEN,8,39,4.4,-10.3,-0.1,0.0,-0.020
Chasson Randle,2016-17,23,2TM,26,299,13.6,-1.7,0.0,0.7,.106
Chasson Randle,2016-17,23,PHI,8,74,17.7,2.9,0.1,0.3,.197
Chasson Randle,2016-17,23,NYK,18,225,12.3,-3.2,-0.1,0.4,.075
Chasson Randle,2017-18,,Did not play - other pro league,,,,,,,
Chasson Randle,2018-19,25,WAS,49,743,9.9,-4.0,-0.4,0.6,.041
Chasson Randle,2019-20,26,GSW,3,40,6.7,-5.9,0.0,0.0,.045
Chasson Randle,2020-21,27,ORL,41,837,7.4,-5.9,-0.8,0.0,-0.001
Julius Randle,2014-15,20,LAL,1,14,-7.5,-15.1,0.0,-0.1,-0.276
Julius Randle,2015-16,21,LAL,81,2286,13.9,-3.2,-0.7,1.6,.035
Julius Randle,2016-17,22,LAL,74,2132,16.3,-0.9,0.6,3.5,.080
Julius Randle,2017-18,23,LAL,82,2190,19.9,0.6,1.4,6.6,.145
Julius Randle,2018-19,24,NOP,73,2232,20.9,1.5,2.0,6.1,.131
Julius Randle,2019-20,25,NYK,64,2080,17.5,-0.3,0.9,2.7,.062
Julius Randle,2020-21,26,NYK,71,2667,19.7,3.8,3.9,7.8,.140
Julius Randle,2021-22,27,NYK,72,2544,15.7,0.5,1.6,3.1,.059
Julius Randle,2022-23,28,NYK,77,2737,20.3,3.7,3.9,8.1,.142
Julius Randle,2023-24,29,NYK,46,1630,18.9,1.9,1.6,3.8,.113
Julius Randle,2024-25,30,MIN,69,2226,17.5,1.3,1.8,6.2,.134
Anthony Randolph,2008-09,19,GSW,63,1129,16.9,-2.3,-0.1,1.6,.069
Anthony Randolph,2009-10,20,GSW,33,749,18.7,-0.6,0.3,1.5,.098
Anthony Randolph,2010-11,21,2TM,40,590,16.2,-2.2,0.0,0.5,.038
Anthony Randolph,2010-11,21,NYK,17,127,7.6,-6.5,-0.1,-0.2,-0.074
Anthony Randolph,2010-11,21,MIN,23,463,18.5,-1.0,0.1,0.7,.069
Anthony Randolph,2011-12,22,MIN,34,517,17.6,-0.8,0.2,1.1,.099
Anthony Randolph,2012-13,23,DEN,39,329,15.6,-2.9,-0.1,0.5,.073
Anthony Randolph,2013-14,24,DEN,43,527,12.2,-0.8,0.2,0.6,.055
Shavlik Randolph,2005-06,22,PHI,57,487,12.6,-2.9,-0.1,1.1,.105
Shavlik Randolph,2006-07,23,PHI,13,179,15.3,-0.5,0.1,0.4,.102
Shavlik Randolph,2007-08,24,PHI,9,27,15.6,-5.1,0.0,0.0,-0.012
Shavlik Randolph,2008-09,25,POR,10,37,19.4,-3.8,0.0,0.0,.041
Shavlik Randolph,2009-10,26,2TM,6,53,6.2,-8.8,-0.1,0.0,-0.013
Shavlik Randolph,2009-10,26,MIA,3,47,4.9,-9.3,-0.1,0.0,-0.015
Shavlik Randolph,2009-10,26,POR,3,6,16.5,-5.1,0.0,0.0,.005
Shavlik Randolph,2010-11,,Did not play - other pro league,,,,,,,
Shavlik Randolph,2011-12,,Did not play - other pro league,,,,,,,
Shavlik Randolph,2012-13,29,BOS,16,198,15.9,-3.5,-0.1,0.7,.159
Shavlik Randolph,2013-14,30,PHO,14,95,7.7,-4.9,-0.1,0.1,.060
Shavlik Randolph,2014-15,31,2TM,21,126,7.2,-5.7,-0.1,0.0,-0.004
Shavlik Randolph,2014-15,31,PHO,16,101,6.1,-6.0,-0.1,0.0,-0.008
Shavlik Randolph,2014-15,31,BOS,5,25,11.4,-4.4,0.0,0.0,.012
Zach Randolph,2001-02,20,POR,41,238,16.9,-3.0,-0.1,0.5,.098
Zach Randolph,2002-03,21,POR,77,1301,19.9,0.1,0.7,4.8,.177
Zach Randolph,2003-04,22,POR,81,3067,19.6,-0.5,1.2,7.1,.111
Zach Randolph,2004-05,23,POR,46,1603,18.6,-0.7,0.5,3.1,.094
Zach Randolph,2005-06,24,POR,74,2545,16.9,-2.0,0.0,1.3,.024
Zach Randolph,2006-07,25,POR,68,2425,22.8,1.6,2.2,5.7,.112
Zach Randolph,2007-08,26,NYK,69,2244,18.0,-0.6,0.8,3.0,.063
Zach Randolph,2008-09,27,2TM,50,1757,19.7,0.1,0.9,3.0,.083
Zach Randolph,2008-09,27,NYK,11,388,19.8,-0.2,0.2,0.9,.108
Zach Randolph,2008-09,27,LAC,39,1369,19.6,0.1,0.7,2.2,.076
Zach Randolph,2009-10,28,MEM,81,3051,21.2,1.3,2.5,9.7,.153
Zach Randolph,2010-11,29,MEM,75,2724,22.6,2.6,3.2,10.5,.185
Zach Randolph,2011-12,30,MEM,28,735,17.9,0.3,0.4,2.1,.135
Zach Randolph,2012-13,31,MEM,76,2607,17.9,0.2,1.5,7.9,.145
Zach Randolph,2013-14,32,MEM,79,2705,18.3,-0.1,1.3,6.4,.113
Zach Randolph,2014-15,33,MEM,71,2304,19.5,1.3,1.9,7.2,.149
Zach Randolph,2015-16,34,MEM,68,2016,18.3,-0.3,0.9,4.3,.103
Zach Randolph,2016-17,35,MEM,73,1786,18.5,-0.5,0.7,3.2,.086
Zach Randolph,2017-18,36,SAC,59,1508,17.3,-1.0,0.4,1.5,.048
Wally Rank,1980-81,22,SDC,25,153,4.0,-7.5,-0.3,-0.4,-0.140
Kelvin Ransey,1980-81,22,POR,80,2431,14.9,-1.9,0.1,2.8,.056
Kelvin Ransey,1981-82,23,POR,78,2418,16.5,-0.6,0.9,3.7,.073
Kelvin Ransey,1982-83,24,DAL,76,1607,15.7,-1.0,0.4,2.2,.066
Kelvin Ransey,1983-84,25,NJN,80,1937,14.0,-0.1,0.9,3.8,.095
Kelvin Ransey,1984-85,26,NJN,81,1689,15.3,0.3,1.0,3.4,.096
Kelvin Ransey,1985-86,27,NJN,79,1504,11.8,-1.9,0.1,2.0,.063
Sam Ranzino,1951-52,23,ROC,39,234,9.6,,,0.2,.038
Bobby Rascoe,1962-63,,Did not play - other pro league,,,,,,,
Bobby Rascoe,1963-64,,Did not play - other pro league,,,,,,,
Bobby Rascoe,1964-65,,Did not play - other pro league,,,,,,,
Bobby Rascoe,1965-66,,Did not play - other pro league,,,,,,,
Bobby Rascoe,1966-67,,Did not play - other pro league,,,,,,,
Bobby Rascoe,1967-68,27,KEN,77,1606,15.4,,,4.2,.125
Bobby Rascoe,1968-69,28,KEN,78,1247,11.6,,,1.9,.074
Bobby Rascoe,1969-70,29,KEN,4,34,-0.1,,,-0.2,-0.281
Blair Rasmussen,1985-86,23,DEN,48,330,8.7,-8.1,-0.5,-0.1,-0.021
Blair Rasmussen,1986-87,24,DEN,74,1421,15.5,-3.0,-0.4,3.3,.111
Blair Rasmussen,1987-88,25,DEN,79,1779,16.0,-1.8,0.1,4.2,.114
Blair Rasmussen,1988-89,26,DEN,77,1308,11.6,-4.4,-0.8,1.8,.065
Blair Rasmussen,1989-90,27,DEN,81,1995,16.0,-1.0,0.5,5.2,.125
Blair Rasmussen,1990-91,28,DEN,70,2325,11.7,-4.3,-1.3,1.7,.036
Blair Rasmussen,1991-92,29,ATL,81,1968,11.6,-3.0,-0.5,3.0,.072
Blair Rasmussen,1992-93,30,ATL,22,283,4.8,-8.5,-0.5,0.0,-0.002
Blair Rasmussen,1993-94,,Did not play - injury,,,,,,,
Blair Rasmussen,1994-95,,Did not play - injury,,,,,,,
Xavier Rathan-Mayes,2017-18,23,MEM,5,118,0.9,-11.5,-0.3,-0.4,-0.171
George Ratkovicz,1949-50,27,SYR,62,,,,,6.0,
George Ratkovicz,1950-51,28,SYR,66,,,,,9.3,
George Ratkovicz,1951-52,29,SYR,66,1356,13.4,,,2.8,.098
George Ratkovicz,1952-53,30,2TM,71,2235,16.0,,,5.4,.117
George Ratkovicz,1952-53,30,BLB,10,197,12.7,,,0.2,.040
George Ratkovicz,1952-53,30,MLH,61,2038,16.4,,,5.3,.124
George Ratkovicz,1953-54,31,MLH,69,2170,15.5,,,5.2,.116
George Ratkovicz,1954-55,32,MLH,9,102,4.2,,,-0.1,-0.065
Ed Ratleff,1973-74,23,HOU,81,1773,12.5,-0.7,0.6,2.1,.058
Ed Ratleff,1974-75,24,HOU,80,2563,14.9,1.7,2.4,5.6,.105
Ed Ratleff,1975-76,25,HOU,72,2401,13.5,0.7,1.6,4.5,.090
Ed Ratleff,1976-77,26,HOU,37,533,10.8,-0.9,0.1,0.5,.044
Ed Ratleff,1977-78,27,HOU,68,1163,11.5,0.1,0.6,1.0,.042
Mike Ratliff,1972-73,21,KCO,58,681,10.2,,,-0.2,-0.014
Mike Ratliff,1973-74,22,KCO,2,4,0.0,-4.6,0.0,0.0,-0.017
Theo Ratliff,1995-96,22,DET,75,1305,14.0,0.6,0.9,3.8,.141
Theo Ratliff,1996-97,23,DET,76,1292,15.9,-0.8,0.4,3.9,.144
Theo Ratliff,1997-98,24,2TM,82,2447,16.2,0.9,1.8,6.8,.132
Theo Ratliff,1997-98,24,DET,24,586,13.0,0.3,0.3,1.4,.111
Theo Ratliff,1997-98,24,PHI,58,1861,17.2,1.1,1.4,5.4,.139
Theo Ratliff,1998-99,25,PHI,50,1627,16.9,1.3,1.4,5.4,.159
Theo Ratliff,1999-00,26,PHI,57,1795,16.7,1.2,1.4,5.6,.149
Theo Ratliff,2000-01,27,PHI,50,1800,16.3,1.6,1.6,5.2,.138
Theo Ratliff,2001-02,28,ATL,3,82,11.1,-1.3,0.0,0.0,.012
Theo Ratliff,2002-03,29,ATL,81,2518,13.8,-0.7,0.8,4.0,.077
Theo Ratliff,2003-04,30,2TM,85,2664,14.4,0.3,1.5,5.2,.094
Theo Ratliff,2003-04,30,ATL,53,1648,12.9,-0.8,0.5,2.3,.066
Theo Ratliff,2003-04,30,POR,32,1016,16.8,2.1,1.0,3.0,.140
Theo Ratliff,2004-05,31,POR,63,1731,10.1,-1.8,0.1,2.3,.063
Theo Ratliff,2005-06,32,POR,55,1301,12.2,-1.6,0.1,2.0,.074
Theo Ratliff,2006-07,33,BOS,2,44,6.7,-2.8,0.0,0.1,.073
Theo Ratliff,2007-08,34,2TM,26,437,11.9,-1.1,0.1,0.8,.091
Theo Ratliff,2007-08,34,MIN,10,214,12.3,-1.5,0.0,0.3,.067
Theo Ratliff,2007-08,34,DET,16,223,11.6,-0.7,0.1,0.5,.115
Theo Ratliff,2008-09,35,PHI,46,579,11.2,-0.4,0.2,1.4,.115
Theo Ratliff,2009-10,36,2TM,49,807,10.3,-2.1,0.0,1.4,.084
Theo Ratliff,2009-10,36,SAS,21,183,7.8,-4.1,-0.1,0.1,.019
Theo Ratliff,2009-10,36,CHA,28,624,11.0,-1.5,0.1,1.3,.104
Theo Ratliff,2010-11,37,LAL,10,71,4.4,-3.5,0.0,0.0,.000
Andy Rautins,2010-11,24,NYK,5,24,-1.2,-13.2,-0.1,-0.2,-0.314
Leo Rautins,1983-84,23,PHI,28,196,6.2,-4.5,-0.1,-0.1,-0.024
Leo Rautins,1984-85,24,ATL,4,12,-1.8,-6.5,0.0,0.0,-0.126
Allan Ray,2006-07,22,BOS,47,710,10.0,-2.7,-0.1,0.6,.039
Clifford Ray,1971-72,23,CHI,82,1872,17.3,,,8.7,.222
Clifford Ray,1972-73,24,CHI,73,2009,17.4,,,8.1,.194
Clifford Ray,1973-74,25,CHI,80,2632,15.7,3.2,3.5,8.2,.150
Clifford Ray,1974-75,26,GSW,82,2519,15.0,0.9,1.8,6.7,.128
Clifford Ray,1975-76,27,GSW,82,2184,14.1,1.6,2.0,7.0,.154
Clifford Ray,1976-77,28,GSW,77,2018,14.1,1.0,1.5,5.7,.136
Clifford Ray,1977-78,29,GSW,79,2268,14.9,0.8,1.6,6.9,.145
Clifford Ray,1978-79,30,GSW,82,1917,12.5,-1.0,0.5,3.8,.095
Clifford Ray,1979-80,31,GSW,81,1683,11.3,-1.6,0.2,1.9,.054
Clifford Ray,1980-81,32,GSW,66,838,4.7,-5.6,-0.8,-0.3,-0.018
Don Ray,1948-49,,Did not play - other pro league,,,,,,,
Don Ray,1949-50,28,TRI,61,,,,,1.3,
James Ray,1980-81,23,DEN,18,148,4.2,-6.1,-0.2,-0.2,-0.070
James Ray,1981-82,24,DEN,40,262,10.2,-5.7,-0.3,-0.3,-0.051
James Ray,1982-83,25,DEN,45,433,11.9,-3.2,-0.1,0.2,.022
Jim Ray,1956-57,23,SYR,4,43,1.8,,,-0.1,-0.094
Jim Ray,1957-58,,Did not play -,,,,,,,
Jim Ray,1958-59,,Did not play -,,,,,,,
Jim Ray,1959-60,26,SYR,4,21,-3.5,,,-0.1,-0.158
Jimmy Rayl,1966-67,,Did not play - other pro league,,,,,,,
Jimmy Rayl,1967-68,26,INA,74,2193,10.4,,,3.5,.078
Jimmy Rayl,1968-69,27,INA,27,567,10.6,,,1.2,.102
Craig Raymond,1967-68,,Did not play - other pro league,,,,,,,
Craig Raymond,1968-69,23,PHI,27,177,7.6,,,0.0,-0.001
Craig Raymond,1969-70,24,2TM,80,2356,13.0,,,4.7,.096
Craig Raymond,1969-70,24,PTP,34,789,7.2,,,0.7,.043
Craig Raymond,1969-70,24,LAS,46,1567,15.9,,,4.0,.123
Craig Raymond,1970-71,25,MMP,56,1102,9.3,,,1.7,.073
Craig Raymond,1971-72,26,FLO,64,889,8.9,,,1.0,.055
Craig Raymond,1972-73,27,2TM,14,168,7.1,,,0.0,.013
Craig Raymond,1972-73,27,SDA,8,135,8.7,,,0.1,.035
Craig Raymond,1972-73,27,INA,6,33,0.6,,,-0.1,-0.077
Connie Rea,1953-54,23,BLB,20,154,4.5,,,-0.6,-0.184
Duop Reath,2023-24,27,POR,68,1214,15.1,-0.9,0.3,2.4,.095
Duop Reath,2024-25,28,POR,46,469,13.7,-0.3,0.2,1.0,.105
Austin Reaves,2021-22,23,LAL,61,1418,11.5,-1.9,0.0,2.9,.097
Austin Reaves,2022-23,24,LAL,64,1843,14.9,0.7,1.2,5.4,.142
Austin Reaves,2023-24,25,LAL,82,2629,15.5,0.4,1.6,5.9,.108
Austin Reaves,2024-25,26,LAL,73,2550,18.1,1.9,2.6,7.6,.144
Joe Reaves,1973-74,23,2TM,19,210,9.5,-5.0,-0.2,-0.1,-0.032
Joe Reaves,1973-74,23,PHO,7,38,10.8,-4.3,0.0,0.0,-0.013
Joe Reaves,1973-74,23,MMT,12,172,9.3,-5.2,-0.2,-0.1,-0.036
Josh Reaves,2019-20,22,DAL,4,28,5.8,-9.4,-0.1,0.0,.031
Željko Rebrača,1994-95,,Did not play - other pro league,,,,,,,
Željko Rebrača,1995-96,,Did not play - other pro league,,,,,,,
Željko Rebrača,1996-97,,Did not play - other pro league,,,,,,,
Željko Rebrača,1997-98,,Did not play - other pro league,,,,,,,
Željko Rebrača,1998-99,,Did not play - other pro league,,,,,,,
Željko Rebrača,1999-00,,Did not play - other pro league,,,,,,,
Željko Rebrača,2000-01,,Did not play - other pro league,,,,,,,
Željko Rebrača,2001-02,29,DET,74,1179,16.2,-2.3,-0.1,3.3,.134
Željko Rebrača,2002-03,30,DET,30,488,14.0,-2.6,-0.1,1.3,.133
Željko Rebrača,2003-04,31,2TM,24,273,10.5,-3.9,-0.1,0.5,.097
Željko Rebrača,2003-04,31,DET,21,222,9.6,-3.9,-0.1,0.5,.115
Željko Rebrača,2003-04,31,ATL,3,51,14.1,-4.0,0.0,0.0,.016
Željko Rebrača,2004-05,32,LAC,58,928,14.0,-1.3,0.2,2.4,.122
Željko Rebrača,2005-06,33,LAC,29,412,10.7,-2.8,-0.1,0.7,.086
Eldridge Recasner,1994-95,27,DEN,3,13,15.3,-0.9,0.0,0.0,-0.047
Eldridge Recasner,1995-96,28,HOU,63,1275,12.3,-0.7,0.4,2.6,.099
Eldridge Recasner,1996-97,29,ATL,71,1207,11.5,-0.7,0.4,2.5,.099
Eldridge Recasner,1997-98,30,ATL,59,1454,13.0,-0.4,0.6,2.9,.095
Eldridge Recasner,1998-99,31,CHH,44,708,11.1,-2.8,-0.1,0.8,.052
Eldridge Recasner,1999-00,32,CHH,7,28,13.1,-0.8,0.0,0.1,.135
Eldridge Recasner,2000-01,33,CHH,43,403,6.2,-4.9,-0.3,0.0,-0.004
Eldridge Recasner,2001-02,34,2TM,6,33,5.3,-5.6,0.0,0.0,.013
Eldridge Recasner,2001-02,34,CHH,1,2,-9.1,-16.4,0.0,0.0,.004
Eldridge Recasner,2001-02,34,LAC,5,31,6.2,-4.9,0.0,0.0,.013
Michael Redd,2000-01,21,MIL,6,35,3.4,-11.4,-0.1,-0.1,-0.163
Michael Redd,2001-02,22,MIL,67,1417,20.0,2.5,1.6,4.6,.155
Michael Redd,2002-03,23,MIL,82,2316,21.0,3.9,3.4,8.0,.167
Michael Redd,2003-04,24,MIL,82,3021,19.9,2.5,3.5,9.7,.154
Michael Redd,2004-05,25,MIL,75,2848,18.3,1.0,2.2,6.2,.105
Michael Redd,2005-06,26,MIL,80,3130,21.2,3.8,4.6,10.8,.166
Michael Redd,2006-07,27,MIL,53,2036,22.3,3.0,2.5,6.1,.145
Michael Redd,2007-08,28,MIL,72,2702,18.8,1.5,2.4,5.8,.104
Michael Redd,2008-09,29,MIL,33,1203,17.9,2.2,1.3,3.2,.128
Michael Redd,2009-10,30,MIL,18,492,12.1,0.1,0.2,0.6,.059
Michael Redd,2010-11,31,MIL,10,134,9.7,-4.0,-0.1,0.1,.048
Michael Redd,2011-12,32,PHO,51,770,13.9,-2.6,-0.1,0.8,.052
Cam Reddish,2019-20,20,ATL,58,1551,9.0,-4.2,-0.9,-0.4,-0.011
Cam Reddish,2020-21,21,ATL,26,750,9.3,-3.2,-0.2,0.4,.026
Cam Reddish,2021-22,22,2TM,49,1012,12.8,-1.3,0.2,1.0,.046
Cam Reddish,2021-22,22,ATL,34,797,12.8,-1.5,0.1,0.6,.034
Cam Reddish,2021-22,22,NYK,15,215,12.9,-0.8,0.1,0.4,.092
Cam Reddish,2022-23,23,2TM,40,990,10.6,-3.4,-0.4,0.9,.046
Cam Reddish,2022-23,23,NYK,20,438,10.6,-2.3,0.0,0.7,.071
Cam Reddish,2022-23,23,POR,20,552,10.6,-4.3,-0.3,0.3,.025
Cam Reddish,2023-24,24,LAL,48,984,7.7,-3.2,-0.3,0.6,.030
Cam Reddish,2024-25,25,LAL,33,589,7.4,-2.7,-0.1,0.7,.054
Frank Reddout,1953-54,22,ROC,7,18,42.9,,,0.3,.802
JJ Redick,2006-07,22,ORL,42,622,13.0,0.1,0.3,1.7,.134
JJ Redick,2007-08,23,ORL,34,276,12.7,-2.4,0.0,0.5,.091
JJ Redick,2008-09,24,ORL,64,1111,9.9,-1.0,0.3,2.3,.098
JJ Redick,2009-10,25,ORL,82,1808,15.0,1.8,1.8,6.5,.173
JJ Redick,2010-11,26,ORL,59,1513,12.8,1.1,1.2,4.5,.142
JJ Redick,2011-12,27,ORL,65,1765,15.1,1.0,1.3,5.2,.142
JJ Redick,2012-13,28,2TM,78,2379,14.7,-0.4,0.9,4.5,.091
JJ Redick,2012-13,28,ORL,50,1575,16.1,0.4,0.9,3.2,.097
JJ Redick,2012-13,28,MIL,28,804,11.9,-2.0,0.0,1.3,.078
JJ Redick,2013-14,29,LAC,35,987,16.6,1.7,0.9,3.0,.147
JJ Redick,2014-15,30,LAC,78,2409,16.2,1.3,2.0,6.7,.134
JJ Redick,2015-16,31,LAC,75,2097,17.5,2.2,2.2,6.7,.154
JJ Redick,2016-17,32,LAC,78,2198,14.8,0.4,1.4,4.8,.105
JJ Redick,2017-18,33,PHI,70,2116,15.9,1.1,1.7,6.6,.150
JJ Redick,2018-19,34,PHI,76,2379,15.1,0.2,1.3,5.9,.118
JJ Redick,2019-20,35,NOP,60,1581,15.4,0.7,1.1,4.1,.125
JJ Redick,2020-21,36,2TM,44,723,9.9,-3.5,-0.3,0.7,.045
JJ Redick,2020-21,36,NOP,31,576,10.9,-2.8,-0.1,0.8,.065
JJ Redick,2020-21,36,DAL,13,147,5.9,-6.0,-0.1,-0.1,-0.031
Marlon Redmond,1977-78,,Did not play - waived,,,,,,,
Marlon Redmond,1978-79,23,2TM,53,759,10.6,-2.8,-0.2,0.3,.017
Marlon Redmond,1978-79,23,KCK,49,736,11.3,-2.7,-0.1,0.4,.029
Marlon Redmond,1978-79,23,PHI,4,23,-13.4,-6.8,-0.1,-0.2,-0.369
Marlon Redmond,1979-80,24,KCK,24,298,12.0,-2.7,0.0,0.3,.051
Davon Reed,2017-18,22,PHO,21,242,4.8,-6.4,-0.3,-0.3,-0.060
Davon Reed,2018-19,23,IND,10,47,8.1,-5.5,0.0,0.1,.064
Davon Reed,2019-20,,Did not play - other pro league,,,,,,,
Davon Reed,2020-21,,Did not play - other pro league,,,,,,,
Davon Reed,2021-22,26,DEN,48,668,12.2,-0.3,0.3,1.6,.117
Davon Reed,2022-23,27,2TM,43,342,6.2,-5.3,-0.3,0.1,.008
Davon Reed,2022-23,27,DEN,35,315,5.2,-6.1,-0.3,-0.1,-0.009
Davon Reed,2022-23,27,LAL,8,27,16.7,4.3,0.0,0.1,.208
Davon Reed,2023-24,,Did not play - other pro league,,,,,,,
Hub Reed,1958-59,22,STL,65,950,11.5,,,1.7,.088
Hub Reed,1959-60,23,2TM,71,1820,12.9,,,2.8,.075
Hub Reed,1959-60,23,STL,2,17,0.7,,,0.0,-0.028
Hub Reed,1959-60,23,CIN,69,1803,13.1,,,2.8,.076
Hub Reed,1960-61,24,CIN,75,1216,10.2,,,1.0,.039
Hub Reed,1961-62,25,CIN,80,1446,8.9,,,1.3,.042
Hub Reed,1962-63,26,CIN,80,1299,11.2,,,2.0,.074
Hub Reed,1963-64,27,LAL,46,386,6.5,,,0.0,-0.006
Hub Reed,1964-65,28,DET,62,753,8.3,,,0.6,.036
Justin Reed,2004-05,23,BOS,23,121,13.7,-0.9,0.0,0.3,.121
Justin Reed,2005-06,24,2TM,72,997,7.9,-5.8,-0.9,0.4,.021
Justin Reed,2005-06,24,BOS,32,291,3.3,-8.7,-0.5,-0.3,-0.045
Justin Reed,2005-06,24,MIN,40,706,9.8,-4.6,-0.5,0.7,.048
Justin Reed,2006-07,25,MIN,41,318,6.3,-8.3,-0.5,-0.2,-0.037
Paul Reed,2020-21,21,PHI,26,177,21.2,-1.0,0.0,0.6,.162
Paul Reed,2021-22,22,PHI,38,302,21.4,2.1,0.3,1.3,.212
Paul Reed,2022-23,23,PHI,69,755,19.2,-0.1,0.4,2.8,.180
Paul Reed,2023-24,24,PHI,82,1590,17.4,0.4,0.9,5.1,.154
Paul Reed,2024-25,25,DET,45,438,18.6,2.9,0.5,1.6,.173
Ron Reed,1965-66,23,DET,57,997,11.6,,,-0.8,-0.039
Ron Reed,1966-67,24,DET,62,1248,12.1,,,-0.2,-0.006
Willie Reed,2015-16,25,BRK,39,426,19.2,-0.5,0.2,1.2,.134
Willie Reed,2016-17,26,MIA,71,1031,17.1,-0.9,0.3,3.6,.168
Willie Reed,2017-18,27,2TM,42,428,19.2,0.8,0.3,1.5,.172
Willie Reed,2017-18,27,LAC,39,419,19.4,0.8,0.3,1.5,.171
Willie Reed,2017-18,27,DET,3,9,8.8,-2.7,0.0,0.0,.187
Willis Reed,1964-65,22,NYK,80,3042,17.8,,,5.5,.087
Willis Reed,1965-66,23,NYK,76,2537,14.4,,,3.6,.069
Willis Reed,1966-67,24,NYK,78,2824,19.7,,,7.9,.134
Willis Reed,1967-68,25,NYK,81,2879,19.5,,,10.0,.167
Willis Reed,1968-69,26,NYK,82,3108,21.4,,,14.7,.227
Willis Reed,1969-70,27,NYK,81,3089,20.3,,,14.6,.227
Willis Reed,1970-71,28,NYK,73,2855,19.3,,,10.6,.179
Willis Reed,1971-72,29,NYK,11,363,13.7,,,0.6,.081
Willis Reed,1972-73,30,NYK,69,1876,15.4,,,5.8,.149
Willis Reed,1973-74,31,NYK,19,500,15.9,1.3,0.4,1.5,.145
Willis Reed,1974-75,,Did not play - injury,,,,,,,
Alex Reese,2024-25,25,2TM,15,216,14.0,-1.2,0.0,0.5,.109
Alex Reese,2024-25,25,OKC,1,2,53.6,19.6,0.0,0.0,.590
Alex Reese,2024-25,25,PHI,14,214,13.6,-1.4,0.0,0.5,.105
Antonio Reeves,2024-25,24,NOP,44,660,11.7,-3.2,-0.2,0.4,.029
Bryant Reeves,1995-96,22,VAN,77,2460,13.4,-3.7,-1.0,2.3,.045
Bryant Reeves,1996-97,23,VAN,75,2777,14.4,-4.0,-1.4,2.4,.042
Bryant Reeves,1997-98,24,VAN,74,2527,17.3,-1.1,0.5,4.9,.093
Bryant Reeves,1998-99,25,VAN,25,702,10.3,-6.3,-0.8,-0.1,-0.010
Bryant Reeves,1999-00,26,VAN,69,1773,10.6,-4.9,-1.3,0.6,.017
Bryant Reeves,2000-01,27,VAN,75,1832,12.8,-2.8,-0.4,2.9,.075
Khalid Reeves,1994-95,22,MIA,67,1462,16.9,1.9,1.4,3.5,.115
Khalid Reeves,1995-96,23,2TM,51,833,11.1,-2.9,-0.2,1.1,.064
Khalid Reeves,1995-96,23,CHH,20,418,15.1,-0.6,0.1,1.0,.111
Khalid Reeves,1995-96,23,NJN,31,415,7.2,-5.1,-0.3,0.1,.017
Khalid Reeves,1996-97,24,2TM,63,1432,11.1,-2.4,-0.1,1.2,.041
Khalid Reeves,1996-97,24,NJN,50,1048,12.1,-1.6,0.1,1.3,.060
Khalid Reeves,1996-97,24,DAL,13,384,8.3,-4.4,-0.2,-0.1,-0.011
Khalid Reeves,1997-98,25,DAL,82,1950,13.1,-1.9,0.0,2.5,.062
Khalid Reeves,1998-99,26,DET,11,112,6.8,-5.8,-0.1,0.1,.025
Khalid Reeves,1999-00,27,CHI,3,48,7.8,-5.2,0.0,0.0,-0.046
Richie Regan,1953-54,,Did not play - military service,,,,,,,
Richie Regan,1954-55,,Did not play - military service,,,,,,,
Richie Regan,1955-56,25,ROC,72,1746,8.9,,,0.4,.010
Richie Regan,1956-57,26,ROC,71,2100,10.1,,,1.6,.037
Richie Regan,1957-58,27,CIN,72,1648,9.0,,,1.5,.044
Don Rehfeldt,1950-51,24,BLB,59,,,,,2.7,
Don Rehfeldt,1951-52,25,2TM,39,788,15.7,,,0.8,.048
Don Rehfeldt,1951-52,25,BLB,10,194,14.0,,,0.1,.017
Don Rehfeldt,1951-52,25,MLH,29,594,16.3,,,0.7,.058
Billy Reid,1980-81,23,GSW,59,597,6.2,-5.6,-0.5,-0.6,-0.050
Don Reid,1995-96,22,DET,69,997,12.1,-0.6,0.3,2.9,.141
Don Reid,1996-97,23,DET,47,462,11.1,-4.3,-0.3,1.0,.109
Don Reid,1997-98,24,DET,68,994,11.4,-1.1,0.2,2.8,.135
Don Reid,1998-99,25,DET,47,935,12.5,-0.5,0.4,2.7,.139
Don Reid,1999-00,26,2TM,38,498,12.1,-1.8,0.0,1.1,.110
Don Reid,1999-00,26,DET,21,165,4.1,-6.2,-0.2,0.0,-0.006
Don Reid,1999-00,26,WAS,17,333,16.0,0.4,0.2,1.2,.167
Don Reid,2000-01,27,ORL,65,764,13.1,-2.8,-0.2,2.3,.141
Don Reid,2001-02,28,ORL,68,714,10.1,-5.5,-0.6,0.9,.062
Don Reid,2002-03,29,DET,1,10,-17.3,-27.5,-0.1,-0.1,-0.285
J.R. Reid,1989-90,21,CHH,82,2757,10.2,-4.2,-1.5,1.1,.020
J.R. Reid,1990-91,22,CHH,80,2467,10.8,-3.7,-1.1,1.8,.034
J.R. Reid,1991-92,23,CHH,51,1257,14.1,-2.3,-0.1,2.1,.082
J.R. Reid,1992-93,24,2TM,83,1887,12.5,-2.9,-0.4,3.4,.087
J.R. Reid,1992-93,24,CHH,17,295,12.3,-3.1,-0.1,0.4,.068
J.R. Reid,1992-93,24,SAS,66,1592,12.6,-2.8,-0.3,3.0,.091
J.R. Reid,1993-94,25,SAS,70,1344,14.7,-1.9,0.1,3.0,.107
J.R. Reid,1994-95,26,SAS,81,1566,12.7,-1.7,0.1,3.5,.106
J.R. Reid,1995-96,27,2TM,65,1313,10.6,-3.2,-0.4,2.5,.091
J.R. Reid,1995-96,27,SAS,32,643,8.6,-4.6,-0.4,0.6,.048
J.R. Reid,1995-96,27,NYK,33,670,12.6,-1.9,0.0,1.8,.133
J.R. Reid,1996-97,,Did not play - other pro league,,,,,,,
J.R. Reid,1997-98,29,CHH,79,1109,11.3,-3.3,-0.4,1.8,.076
J.R. Reid,1998-99,30,2TM,41,1029,13.7,-1.0,0.3,2.5,.115
J.R. Reid,1998-99,30,CHH,16,556,17.6,1.4,0.5,1.9,.161
J.R. Reid,1998-99,30,LAL,25,473,9.0,-3.8,-0.2,0.6,.060
J.R. Reid,1999-00,31,MIL,34,602,9.0,-3.6,-0.2,0.7,.059
J.R. Reid,2000-01,32,CLE,6,39,15.7,1.5,0.0,0.1,.174
J.R. Reid,2001-02,,Did not play - other pro league,,,,,,,
J.R. Reid,2002-03,,Did not play - other pro league,,,,,,,
Jim Reid,1967-68,22,PHI,6,52,10.6,,,0.1,.078
Naz Reid,2019-20,20,MIN,30,495,15.3,-1.9,0.0,0.8,.074
Naz Reid,2020-21,21,MIN,70,1347,18.2,-0.2,0.6,3.2,.113
Naz Reid,2021-22,22,MIN,77,1215,17.2,0.0,0.6,3.2,.125
Naz Reid,2022-23,23,MIN,68,1251,18.5,1.0,1.0,3.0,.114
Naz Reid,2023-24,24,MIN,81,1964,16.0,1.5,1.7,4.9,.120
Naz Reid,2024-25,25,MIN,80,2200,15.8,1.6,2.0,5.7,.125
Robert Reid,1977-78,22,HOU,80,1849,11.3,-1.3,0.3,2.3,.061
Robert Reid,1978-79,23,HOU,82,2259,13.9,0.4,1.4,4.5,.096
Robert Reid,1979-80,24,HOU,76,2304,15.3,1.4,2.0,4.9,.101
Robert Reid,1980-81,25,HOU,82,2963,16.4,2.1,3.0,7.2,.116
Robert Reid,1981-82,26,HOU,77,2913,13.3,0.1,1.6,5.2,.086
Robert Reid,1982-83,,Did not play - retired,,,,,,,
Robert Reid,1983-84,28,HOU,64,1936,14.5,0.0,1.0,3.5,.088
Robert Reid,1984-85,29,HOU,82,1763,11.8,-1.3,0.3,3.0,.082
Robert Reid,1985-86,30,HOU,82,2157,13.7,-1.2,0.5,4.4,.098
Robert Reid,1986-87,31,HOU,75,2594,11.4,-1.5,0.3,4.1,.076
Robert Reid,1987-88,32,HOU,62,980,10.9,-2.5,-0.1,1.7,.083
Robert Reid,1988-89,33,CHH,82,2152,12.2,-4.1,-1.1,-0.1,-0.002
Robert Reid,1989-90,34,2TM,72,1202,8.0,-4.7,-0.8,-0.3,-0.011
Robert Reid,1989-90,34,POR,12,85,7.7,-2.6,0.0,0.1,.076
Robert Reid,1989-90,34,CHH,60,1117,8.0,-4.9,-0.8,-0.4,-0.018
Robert Reid,1990-91,35,PHI,3,37,0.3,-11.9,-0.1,-0.2,-0.235
Ryan Reid,2011-12,25,OKC,5,17,17.6,-2.0,0.0,0.1,.142
Jared Reiner,2004-05,22,CHI,19,132,2.3,-8.5,-0.2,0.0,-0.013
Jared Reiner,2005-06,,Did not play - injury,,,,,,,
Jared Reiner,2006-07,24,MIL,27,244,4.8,-7.8,-0.4,-0.1,-0.027
Chick Reiser,1947-48,33,BLB,47,,,,,5.5,
Chick Reiser,1948-49,34,BLB,57,,,,,3.7,
Chick Reiser,1949-50,35,WSC,67,,,,,3.9,
Richard Rellford,1986-87,,Did not play - other pro league,,,,,,,
Richard Rellford,1987-88,23,SAS,4,42,11.6,-1.8,0.0,0.0,.048
Terrence Rencher,1995-96,22,2TM,36,405,6.5,-4.0,-0.2,-0.2,-0.021
Terrence Rencher,1995-96,22,MIA,34,397,6.5,-3.9,-0.2,-0.1,-0.016
Terrence Rencher,1995-96,22,PHO,2,8,4.4,-5.6,0.0,0.0,-0.225
John Rennicke,1951-52,22,MLH,6,54,-1.3,,,-0.2,-0.218
Bob Rensberger,1946-47,25,CHS,3,,,,,-0.1,
Efthimios Rentzias,1996-97,,Did not play - other pro league,,,,,,,
Efthimios Rentzias,1997-98,,Did not play - other pro league,,,,,,,
Efthimios Rentzias,1998-99,,Did not play - other pro league,,,,,,,
Efthimios Rentzias,1999-00,,Did not play - other pro league,,,,,,,
Efthimios Rentzias,2000-01,,Did not play - other pro league,,,,,,,
Efthimios Rentzias,2001-02,,Did not play - other pro league,,,,,,,
Efthimios Rentzias,2002-03,27,PHI,35,144,10.6,-3.8,-0.1,0.2,.058
Shawn Respert,1995-96,23,MIL,62,845,10.8,-1.9,0.0,0.5,.027
Shawn Respert,1996-97,24,2TM,41,495,11.5,-1.6,0.0,0.7,.068
Shawn Respert,1996-97,24,MIL,14,83,4.4,-7.3,-0.1,-0.1,-0.067
Shawn Respert,1996-97,24,TOR,27,412,13.0,-0.5,0.2,0.8,.095
Shawn Respert,1997-98,25,2TM,57,911,12.3,-3.2,-0.3,0.8,.045
Shawn Respert,1997-98,25,TOR,47,696,12.9,-2.4,-0.1,0.9,.064
Shawn Respert,1997-98,25,DAL,10,215,10.3,-5.8,-0.2,-0.1,-0.017
Shawn Respert,1998-99,26,PHO,12,99,11.4,-1.8,0.0,0.1,.046
Kevin Restani,1974-75,23,MIL,76,1755,9.7,-1.7,0.1,2.0,.055
Kevin Restani,1975-76,24,MIL,82,1650,10.9,-1.7,0.1,2.2,.065
Kevin Restani,1976-77,25,MIL,64,1116,12.2,-0.4,0.5,1.8,.079
Kevin Restani,1977-78,26,2TM,54,547,9.0,-2.7,-0.1,0.5,.044
Kevin Restani,1977-78,26,MIL,8,84,10.8,-2.7,0.0,0.1,.055
Kevin Restani,1977-78,26,KCK,46,463,8.7,-2.7,-0.1,0.4,.042
Kevin Restani,1978-79,27,MIL,81,1598,12.1,-1.8,0.1,2.6,.078
Kevin Restani,1979-80,28,SAS,82,1966,13.9,-0.9,0.5,3.5,.085
Kevin Restani,1980-81,29,SAS,64,999,13.8,-1.3,0.2,2.1,.100
Kevin Restani,1981-82,30,2TM,47,483,6.4,-3.6,-0.2,0.0,.005
Kevin Restani,1981-82,30,SAS,13,145,4.8,-4.2,-0.1,0.0,-0.002
Kevin Restani,1981-82,30,CLE,34,338,7.1,-3.4,-0.1,0.1,.008
Cameron Reynolds,2018-19,23,MIN,19,259,10.4,-2.5,0.0,0.4,.078
Cameron Reynolds,2019-20,,Did not play - other pro league,,,,,,,
Cameron Reynolds,2020-21,25,2TM,5,40,6.5,-8.1,-0.1,0.0,-0.039
Cameron Reynolds,2020-21,25,SAS,3,6,6.2,-8.0,0.0,0.0,-0.017
Cameron Reynolds,2020-21,25,HOU,2,34,6.5,-8.2,-0.1,0.0,-0.043
George Reynolds,1969-70,22,DET,10,44,18.8,,,0.1,.055
Jerry Reynolds,1985-86,23,MIL,55,508,15.2,3.6,0.7,1.0,.096
Jerry Reynolds,1986-87,24,MIL,58,963,12.9,-0.5,0.4,0.9,.046
Jerry Reynolds,1987-88,25,MIL,62,1161,13.6,0.3,0.7,1.3,.055
Jerry Reynolds,1988-89,26,SEA,56,737,17.6,1.5,0.7,1.6,.107
Jerry Reynolds,1989-90,27,ORL,67,1817,14.1,-0.6,0.6,1.3,.035
Jerry Reynolds,1990-91,28,ORL,80,1843,17.8,2.3,2.0,3.7,.096
Jerry Reynolds,1991-92,29,ORL,46,1159,13.9,-1.0,0.3,0.6,.025
Jerry Reynolds,1992-93,,Did not play - injury,,,,,,,
Jerry Reynolds,1993-94,,Did not play - waived,,,,,,,
Jerry Reynolds,1994-95,,Did not play - other pro league,,,,,,,
Jerry Reynolds,1995-96,33,MIL,19,191,11.2,0.4,0.1,0.0,-0.002
Kendall Rhine,1967-68,24,KEN,52,552,6.9,,,-0.1,-0.009
Kendall Rhine,1968-69,25,HSM,73,2116,13.0,,,1.9,.043
Jared Rhoden,2022-23,23,DET,14,198,6.5,-6.1,-0.2,0.1,.027
Jared Rhoden,2023-24,24,DET,17,245,10.3,-2.5,0.0,0.3,.060
Jared Rhoden,2024-25,25,2TM,14,227,16.4,-0.5,0.1,0.6,.131
Jared Rhoden,2024-25,25,CHO,4,12,5.4,-8.6,0.0,-0.1,-0.229
Jared Rhoden,2024-25,25,TOR,10,215,17.0,0.0,0.1,0.7,.151
Gene Rhodes,1952-53,25,INO,65,1162,11.2,,,0.9,.037
Rodrick Rhodes,1997-98,24,HOU,58,1070,7.7,-5.4,-0.9,-0.9,-0.040
Rodrick Rhodes,1998-99,25,2TM,13,156,0.7,-11.4,-0.4,-0.7,-0.201
Rodrick Rhodes,1998-99,25,HOU,3,33,0.4,-11.4,-0.1,-0.1,-0.143
Rodrick Rhodes,1998-99,25,VAN,10,123,0.8,-11.4,-0.3,-0.6,-0.217
Rodrick Rhodes,1999-00,26,DAL,1,8,-9.2,-14.9,0.0,-0.1,-0.553
Glen Rice,1989-90,22,MIA,77,2311,11.3,-3.2,-0.7,1.4,.029
Glen Rice,1990-91,23,MIA,77,2646,14.1,-0.5,1.0,4.4,.080
Glen Rice,1991-92,24,MIA,79,3007,17.5,1.8,2.9,7.9,.126
Glen Rice,1992-93,25,MIA,82,3082,15.0,0.7,2.0,6.3,.098
Glen Rice,1993-94,26,MIA,81,2999,18.5,2.7,3.6,10.2,.163
Glen Rice,1994-95,27,MIA,82,3014,19.7,3.3,4.0,10.0,.159
Glen Rice,1995-96,28,CHH,79,3142,17.8,1.4,2.7,8.3,.127
Glen Rice,1996-97,29,CHH,79,3362,19.7,1.8,3.2,10.8,.154
Glen Rice,1997-98,30,CHH,82,3295,17.4,0.9,2.4,9.3,.136
Glen Rice,1998-99,31,LAL,27,985,15.2,-0.3,0.4,2.2,.108
Glen Rice,1999-00,32,LAL,80,2530,16.2,0.9,1.8,9.0,.170
Glen Rice,2000-01,33,NYK,75,2212,13.7,0.5,1.4,5.7,.123
Glen Rice,2001-02,34,HOU,20,606,8.0,-3.8,-0.3,0.0,.002
Glen Rice,2002-03,35,HOU,62,1532,11.9,-0.4,0.6,3.3,.103
Glen Rice,2003-04,36,LAC,18,262,7.3,-4.4,-0.2,-0.1,-0.017
Glen Rice Jr.,2013-14,23,WAS,11,109,6.6,-2.9,0.0,-0.1,-0.043
Glen Rice Jr.,2014-15,24,WAS,5,43,-3.6,-15.9,-0.1,-0.1,-0.121
Chris Richard,2007-08,23,MIN,52,556,7.9,-5.7,-0.5,0.4,.037
Chris Richard,2008-09,,Did not play - other pro league,,,,,,,
Chris Richard,2009-10,25,CHI,18,224,6.5,-5.8,-0.2,0.3,.067
Nick Richards,2020-21,23,CHO,18,63,5.5,-8.0,-0.1,0.0,.026
Nick Richards,2021-22,24,CHO,50,367,15.9,-2.8,-0.1,1.0,.125
Nick Richards,2022-23,25,CHO,65,1217,18.3,-1.3,0.2,4.2,.165
Nick Richards,2023-24,26,CHO,67,1759,16.7,-2.3,-0.1,5.1,.140
Nick Richards,2024-25,27,2TM,57,1256,16.6,-3.3,-0.4,3.0,.114
Nick Richards,2024-25,27,CHO,21,440,17.2,-2.0,0.0,1.1,.117
Nick Richards,2024-25,27,PHO,36,816,16.3,-3.9,-0.4,1.9,.112
Clint Richardson,1979-80,23,PHI,52,988,9.9,-2.6,-0.2,1.1,.052
Clint Richardson,1980-81,24,PHI,77,1313,12.2,-1.1,0.3,2.4,.087
Clint Richardson,1981-82,25,PHI,77,1040,9.8,-2.8,-0.2,1.0,.048
Clint Richardson,1982-83,26,PHI,77,1755,11.4,-0.4,0.7,3.3,.090
Clint Richardson,1983-84,27,PHI,69,1571,10.1,-2.2,-0.1,1.9,.057
Clint Richardson,1984-85,28,PHI,74,1531,9.1,-2.1,0.0,1.8,.058
Clint Richardson,1985-86,29,IND,82,2224,12.2,-1.0,0.6,3.1,.067
Clint Richardson,1986-87,30,IND,78,1396,12.8,-0.5,0.5,2.1,.071
Clint Richardson,1987-88,,Did not play - other pro league,,,,,,,
Clint Richardson,1988-89,,Did not play - other pro league,,,,,,,
Jason Richardson,2001-02,21,GSW,80,2629,13.8,-0.9,0.7,2.9,.052
Jason Richardson,2002-03,22,GSW,82,2698,14.8,-0.5,1.0,3.7,.066
Jason Richardson,2003-04,23,GSW,78,2936,16.8,0.5,1.9,5.2,.085
Jason Richardson,2004-05,24,GSW,72,2724,19.0,2.5,3.0,5.7,.100
Jason Richardson,2005-06,25,GSW,75,2877,19.2,3.1,3.7,7.3,.122
Jason Richardson,2006-07,26,GSW,51,1675,15.5,0.8,1.2,3.0,.085
Jason Richardson,2007-08,27,CHA,82,3149,18.4,3.0,4.0,7.4,.113
Jason Richardson,2008-09,28,2TM,72,2410,16.7,1.2,2.0,5.8,.116
Jason Richardson,2008-09,28,CHA,14,491,15.8,1.3,0.4,1.1,.104
Jason Richardson,2008-09,28,PHO,58,1919,16.9,1.2,1.6,4.7,.119
Jason Richardson,2009-10,29,PHO,79,2485,16.6,1.7,2.3,6.6,.128
Jason Richardson,2010-11,30,2TM,80,2715,15.0,1.7,2.5,6.9,.123
Jason Richardson,2010-11,30,PHO,25,796,19.1,1.7,0.7,1.9,.117
Jason Richardson,2010-11,30,ORL,55,1919,13.2,1.6,1.7,5.0,.125
Jason Richardson,2011-12,31,ORL,54,1591,13.3,0.7,1.1,2.8,.084
Jason Richardson,2012-13,32,PHI,33,936,12.6,-0.5,0.4,1.4,.070
Jason Richardson,2013-14,,Did not play - injury,,,,,,,
Jason Richardson,2014-15,34,PHI,19,416,11.7,-1.3,0.1,0.4,.045
Jeremy Richardson,2006-07,22,2TM,6,20,13.8,1.8,0.0,0.0,.099
Jeremy Richardson,2006-07,22,ATL,5,19,14.5,2.1,0.0,0.0,.105
Jeremy Richardson,2006-07,22,POR,1,1,0.0,-4.1,0.0,0.0,-0.021
Jeremy Richardson,2007-08,23,3TM,27,132,4.2,-7.8,-0.2,-0.1,-0.041
Jeremy Richardson,2007-08,23,MEM,3,15,-18.1,-23.7,-0.1,-0.2,-0.505
Jeremy Richardson,2007-08,23,SAS,5,29,11.0,-1.7,0.0,0.1,.189
Jeremy Richardson,2007-08,23,ATL,19,88,5.8,-7.1,-0.1,-0.1,-0.037
Jeremy Richardson,2008-09,24,ORL,12,93,2.8,-10.3,-0.2,-0.2,-0.107
Josh Richardson,2015-16,22,MIA,52,1107,11.4,-0.4,0.5,2.5,.109
Josh Richardson,2016-17,23,MIA,53,1614,10.7,-1.1,0.4,2.2,.066
Josh Richardson,2017-18,24,MIA,81,2689,13.6,0.7,1.8,5.4,.096
Josh Richardson,2018-19,25,MIA,73,2539,14.0,0.3,1.5,5.6,.106
Josh Richardson,2019-20,26,PHI,55,1693,12.0,-1.8,0.1,2.1,.061
Josh Richardson,2020-21,27,DAL,59,1790,11.9,-1.7,0.1,2.4,.066
Josh Richardson,2021-22,28,2TM,65,1600,12.8,0.1,0.9,3.5,.106
Josh Richardson,2021-22,28,BOS,44,1087,12.2,0.3,0.6,2.6,.113
Josh Richardson,2021-22,28,SAS,21,513,14.0,-0.2,0.2,1.0,.091
Josh Richardson,2022-23,29,2TM,65,1530,12.3,-1.2,0.3,1.8,.055
Josh Richardson,2022-23,29,SAS,42,997,13.6,-1.1,0.2,1.0,.047
Josh Richardson,2022-23,29,NOP,23,533,9.9,-1.3,0.1,0.8,.071
Josh Richardson,2023-24,30,MIA,43,1103,11.4,-1.3,0.2,2.1,.093
Josh Richardson,2024-25,31,MIA,8,150,4.4,-6.7,-0.2,-0.1,-0.021
Malachi Richardson,2016-17,21,SAC,22,198,9.6,-4.8,-0.1,0.1,.028
Malachi Richardson,2017-18,22,2TM,26,324,5.9,-6.0,-0.3,-0.1,-0.015
Malachi Richardson,2017-18,22,SAC,25,319,5.8,-6.0,-0.3,-0.1,-0.016
Malachi Richardson,2017-18,22,TOR,1,5,10.5,-8.6,0.0,0.0,.045
Malachi Richardson,2018-19,23,TOR,22,103,0.9,-8.8,-0.2,-0.1,-0.060
Michael Ray Richardson,1978-79,23,NYK,72,1218,12.4,-1.1,0.3,0.3,.013
Michael Ray Richardson,1979-80,24,NYK,82,3060,17.8,3.1,3.9,6.0,.094
Michael Ray Richardson,1980-81,25,NYK,79,3175,17.1,3.2,4.2,6.9,.104
Michael Ray Richardson,1981-82,26,NYK,82,3044,17.7,2.7,3.6,5.5,.086
Michael Ray Richardson,1982-83,27,2TM,64,2076,13.9,0.4,1.3,2.0,.047
Michael Ray Richardson,1982-83,27,GSW,33,1074,13.6,-0.8,0.3,0.1,.006
Michael Ray Richardson,1982-83,27,NJN,31,1002,14.2,1.7,0.9,1.9,.092
Michael Ray Richardson,1983-84,28,NJN,48,1285,15.1,1.8,1.2,2.4,.090
Michael Ray Richardson,1984-85,29,NJN,82,3127,19.8,4.1,4.8,8.7,.134
Michael Ray Richardson,1985-86,30,NJN,47,1604,16.9,2.8,1.9,3.3,.099
Michael Ray Richardson,1986-87,,Did not play - suspended,,,,,,,
Norm Richardson,2001-02,22,2TM,11,67,10.3,-6.4,-0.1,0.0,.006
Norm Richardson,2001-02,22,IND,3,4,-10.2,-21.0,0.0,0.0,-0.570
Norm Richardson,2001-02,22,CHI,8,63,11.6,-5.4,-0.1,0.1,.043
Pooh Richardson,1989-90,23,MIN,82,2581,15.8,1.4,2.2,4.4,.082
Pooh Richardson,1990-91,24,MIN,82,3154,18.1,2.0,3.2,5.9,.089
Pooh Richardson,1991-92,25,MIN,82,2922,17.4,1.3,2.4,4.1,.068
Pooh Richardson,1992-93,26,IND,74,2396,14.5,0.3,1.4,4.0,.079
Pooh Richardson,1993-94,27,IND,37,1022,13.3,-0.4,0.4,1.4,.064
Pooh Richardson,1994-95,28,LAC,80,2864,12.6,-1.6,0.2,2.1,.036
Pooh Richardson,1995-96,29,LAC,63,2013,14.5,0.0,1.0,3.8,.091
Pooh Richardson,1996-97,30,LAC,59,1065,11.8,-0.8,0.3,1.0,.043
Pooh Richardson,1997-98,31,LAC,69,1252,10.3,-3.9,-0.6,0.2,.006
Pooh Richardson,1998-99,32,LAC,11,130,10.7,-4.9,-0.1,-0.1,-0.038
Pooh Richardson,1999-00,,Did not play - other pro league,,,,,,,
Quentin Richardson,2000-01,20,LAC,76,1358,16.5,0.8,0.9,3.0,.106
Quentin Richardson,2001-02,21,LAC,81,2152,17.4,2.2,2.3,5.6,.125
Quentin Richardson,2002-03,22,LAC,59,1368,12.5,-2.3,-0.1,1.0,.036
Quentin Richardson,2003-04,23,LAC,65,2338,15.1,-0.8,0.7,2.4,.050
Quentin Richardson,2004-05,24,PHO,79,2839,13.6,0.5,1.8,5.8,.098
Quentin Richardson,2005-06,25,NYK,55,1442,9.6,-1.9,0.0,0.7,.023
Quentin Richardson,2006-07,26,NYK,49,1621,14.3,0.7,1.1,3.5,.104
Quentin Richardson,2007-08,27,NYK,65,1841,8.5,-2.8,-0.4,0.3,.008
Quentin Richardson,2008-09,28,NYK,72,1894,11.6,-1.2,0.4,2.1,.054
Quentin Richardson,2009-10,29,MIA,76,2082,12.9,1.3,1.7,5.8,.133
Quentin Richardson,2010-11,30,ORL,57,955,8.1,-1.5,0.1,1.3,.067
Quentin Richardson,2011-12,31,ORL,48,866,8.7,-1.6,0.1,1.3,.070
Quentin Richardson,2012-13,32,NYK,1,29,0.7,-14.9,-0.1,-0.1,-0.181
Mitch Richmond,1988-89,23,GSW,79,2717,17.2,-0.1,1.3,5.6,.098
Mitch Richmond,1989-90,24,GSW,78,2799,17.0,-0.4,1.2,5.2,.090
Mitch Richmond,1990-91,25,GSW,77,3027,17.8,1.0,2.3,7.1,.113
Mitch Richmond,1991-92,26,SAC,80,3095,16.3,0.0,1.5,4.9,.076
Mitch Richmond,1992-93,27,SAC,45,1728,15.6,0.4,1.1,3.1,.087
Mitch Richmond,1993-94,28,SAC,78,2897,17.7,1.6,2.7,6.4,.106
Mitch Richmond,1994-95,29,SAC,82,3172,17.2,2.1,3.2,8.0,.120
Mitch Richmond,1995-96,30,SAC,81,2946,19.2,3.5,4.1,9.3,.151
Mitch Richmond,1996-97,31,SAC,81,3125,21.6,4.6,5.2,10.8,.166
Mitch Richmond,1997-98,32,SAC,70,2569,20.4,3.6,3.6,7.9,.148
Mitch Richmond,1998-99,33,WAS,50,1912,15.5,-0.2,0.9,3.3,.082
Mitch Richmond,1999-00,34,WAS,74,2397,16.5,1.1,1.9,5.2,.104
Mitch Richmond,2000-01,35,WAS,37,1216,14.9,-0.3,0.5,1.6,.065
Mitch Richmond,2001-02,36,LAL,64,709,10.7,-2.9,-0.2,0.9,.062
John Richter,1959-60,22,BOS,66,808,8.1,,,0.4,.026
Dick Ricketts,1955-56,22,2TM,68,1943,9.6,,,0.0,-0.001
Dick Ricketts,1955-56,22,STL,29,777,9.5,,,-0.2,-0.010
Dick Ricketts,1955-56,22,ROC,39,1166,9.7,,,0.1,.005
Dick Ricketts,1956-57,23,ROC,72,2114,10.7,,,2.0,.046
Dick Ricketts,1957-58,24,CIN,72,1620,8.4,,,0.1,.004
Dick Ricketts,1958-59,,Did not play - Major League Baseball,,,,,,,
Isaiah Rider,1993-94,22,MIN,79,2415,14.2,-1.7,0.2,1.7,.034
Isaiah Rider,1994-95,23,MIN,75,2645,15.6,-0.5,1.0,1.9,.034
Isaiah Rider,1995-96,24,MIN,75,2594,15.6,-0.9,0.7,3.4,.063
Isaiah Rider,1996-97,25,POR,76,2563,13.8,-0.7,0.9,5.0,.093
Isaiah Rider,1997-98,26,POR,74,2786,15.2,0.1,1.5,5.8,.099
Isaiah Rider,1998-99,27,POR,47,1385,13.7,-1.3,0.3,2.5,.086
Isaiah Rider,1999-00,28,ATL,60,2084,15.7,-1.4,0.3,1.6,.037
Isaiah Rider,2000-01,29,LAL,67,1206,11.8,-3.4,-0.4,0.8,.033
Isaiah Rider,2001-02,30,DEN,10,173,16.3,-0.2,0.1,0.2,.050
Jackie Ridgle,1971-72,23,CLE,32,107,13.7,,,0.2,.102
Luke Ridnour,2003-04,22,SEA,69,1114,13.1,-1.5,0.2,1.2,.051
Luke Ridnour,2004-05,23,SEA,82,2571,14.6,0.7,1.8,5.4,.100
Luke Ridnour,2005-06,24,SEA,79,2625,16.0,-0.2,1.2,4.4,.081
Luke Ridnour,2006-07,25,SEA,71,2091,13.7,-1.5,0.2,2.3,.052
Luke Ridnour,2007-08,26,SEA,61,1223,11.3,-3.1,-0.4,0.9,.035
Luke Ridnour,2008-09,27,MIL,72,2033,12.9,0.0,1.0,3.4,.081
Luke Ridnour,2009-10,28,MIL,82,1759,17.7,2.2,1.8,6.2,.168
Luke Ridnour,2010-11,29,MIN,71,2159,15.0,0.0,1.1,4.0,.089
Luke Ridnour,2011-12,30,MIN,53,1750,13.6,-0.5,0.7,3.3,.090
Luke Ridnour,2012-13,31,MIN,82,2474,13.0,-0.8,0.8,4.3,.084
Luke Ridnour,2013-14,32,2TM,61,1141,9.0,-4.4,-0.7,0.1,.005
Luke Ridnour,2013-14,32,MIL,36,763,9.1,-4.4,-0.5,-0.1,-0.008
Luke Ridnour,2013-14,32,CHA,25,378,8.6,-4.2,-0.2,0.2,.030
Luke Ridnour,2014-15,33,ORL,47,683,10.0,-3.3,-0.2,0.6,.042
Mel Riebe,1946-47,30,CLR,55,,,,,4.2,
Mel Riebe,1947-48,31,BOS,48,,,,,2.2,
Mel Riebe,1948-49,32,2TM,43,,,,,0.0,
Mel Riebe,1948-49,32,BOS,33,,,,,0.3,
Mel Riebe,1948-49,32,PRO,10,,,,,-0.3,
Bob Riedy,1967-68,22,HSM,23,331,9.1,,,0.0,.003
Jim Riffey,1950-51,27,FTW,35,,,,,0.2,
Antoine Rigaudeau,2002-03,31,DAL,11,91,-2.4,-14.7,-0.3,-0.4,-0.192
Tom Riker,1972-73,22,NYK,14,65,14.1,,,0.2,.151
Tom Riker,1973-74,23,NYK,17,57,19.9,-3.3,0.0,0.2,.159
Tom Riker,1974-75,24,NYK,51,483,9.4,-4.5,-0.3,0.0,.002
Bob Riley,1970-71,22,ATL,7,39,10.9,,,0.0,.056
Eric Riley,1993-94,23,HOU,47,219,13.4,-4.0,-0.1,0.4,.097
Eric Riley,1994-95,24,LAC,40,434,14.7,-3.5,-0.2,0.6,.063
Eric Riley,1995-96,25,MIN,25,310,12.0,-3.8,-0.1,0.5,.071
Eric Riley,1996-97,,Did not play - other pro league,,,,,,,
Eric Riley,1997-98,27,DAL,39,544,11.2,-4.4,-0.3,0.3,.029
Eric Riley,1998-99,28,BOS,35,337,11.8,-2.9,-0.1,0.7,.102
Pat Riley,1967-68,22,SDR,80,1263,10.3,,,-0.6,-0.023
Pat Riley,1968-69,23,SDR,56,1027,11.6,,,1.0,.048
Pat Riley,1969-70,24,SDR,36,474,11.6,,,0.6,.065
Pat Riley,1970-71,25,LAL,54,506,12.3,,,0.3,.027
Pat Riley,1971-72,26,LAL,67,926,11.8,,,1.3,.067
Pat Riley,1972-73,27,LAL,55,801,11.3,,,1.0,.060
Pat Riley,1973-74,28,LAL,72,1361,12.3,-3.9,-0.6,1.1,.040
Pat Riley,1974-75,29,LAL,46,1016,12.4,-4.5,-0.6,0.0,.002
Pat Riley,1975-76,30,2TM,62,813,7.6,-6.5,-0.9,-0.3,-0.019
Pat Riley,1975-76,30,LAL,2,23,7.4,-4.8,0.0,0.0,-0.093
Pat Riley,1975-76,30,PHO,60,790,7.6,-6.5,-0.9,-0.3,-0.017
Ron Riley,1972-73,22,KCO,74,1634,11.7,,,0.0,.000
Ron Riley,1973-74,23,2TM,48,591,10.9,-3.4,-0.2,0.2,.013
Ron Riley,1973-74,23,KCO,12,170,11.4,-4.3,-0.1,0.0,.005
Ron Riley,1973-74,23,HOU,36,421,10.7,-3.1,-0.1,0.1,.017
Ron Riley,1974-75,24,HOU,77,1578,11.4,-1.8,0.1,1.6,.048
Ron Riley,1975-76,25,HOU,65,1049,10.5,-2.2,-0.1,0.7,.033
Grant Riller,2020-21,23,CHO,7,27,23.6,5.1,0.0,0.1,.177
Rich Rinaldi,1971-72,22,BAL,39,159,14.0,,,0.0,-0.006
Rich Rinaldi,1972-73,23,BAL,33,646,11.4,,,0.4,.033
Rich Rinaldi,1973-74,24,2TM,12,76,7.4,-4.8,-0.1,-0.2,-0.103
Rich Rinaldi,1973-74,24,CAP,7,48,4.4,-5.3,-0.1,-0.2,-0.210
Rich Rinaldi,1973-74,24,NYA,5,28,12.6,-3.9,0.0,0.0,.080
Mike Riordan,1967-68,,Did not play - other pro league,,,,,,,
Mike Riordan,1968-69,23,NYK,54,397,6.2,,,-0.1,-0.016
Mike Riordan,1969-70,24,NYK,81,1677,11.5,,,3.8,.108
Mike Riordan,1970-71,25,NYK,82,1320,8.8,,,1.7,.063
Mike Riordan,1971-72,26,2TM,58,1377,11.6,,,2.1,.072
Mike Riordan,1971-72,26,NYK,4,33,3.2,,,-0.1,-0.083
Mike Riordan,1971-72,26,BAL,54,1344,11.8,,,2.1,.076
Mike Riordan,1972-73,27,BAL,82,3466,15.6,,,11.1,.154
Mike Riordan,1973-74,28,CAP,81,3230,12.5,-0.4,1.3,7.0,.104
Mike Riordan,1974-75,29,WSB,74,2191,15.1,0.3,1.3,6.1,.134
Mike Riordan,1975-76,30,WSB,78,1943,9.2,-3.1,-0.6,1.7,.042
Mike Riordan,1976-77,31,WSB,49,289,5.6,-5.5,-0.3,-0.1,-0.024
Zaccharie Risacher,2024-25,19,ATL,75,1843,12.2,-3.5,-0.7,1.8,.046
Arnie Risen,1948-49,24,ROC,60,,,,,10.6,
Arnie Risen,1949-50,25,ROC,62,,,,,4.6,
Arnie Risen,1950-51,26,ROC,66,,,,,9.3,
Arnie Risen,1951-52,27,ROC,66,2396,20.8,,,6.8,.137
Arnie Risen,1952-53,28,ROC,68,2288,18.2,,,5.8,.122
Arnie Risen,1953-54,29,ROC,72,2385,18.4,,,7.8,.157
Arnie Risen,1954-55,30,ROC,69,1970,17.4,,,3.9,.095
Arnie Risen,1955-56,31,BOS,68,1597,12.1,,,2.6,.079
Arnie Risen,1956-57,32,BOS,43,935,12.9,,,2.7,.140
Arnie Risen,1957-58,33,BOS,63,1119,9.9,,,1.8,.076
Tex Ritter,1948-49,24,NYK,55,,,,,2.4,
Tex Ritter,1949-50,25,NYK,62,,,,,2.3,
Tex Ritter,1950-51,26,NYK,34,,,,,1.0,
Ramón Rivas,1988-89,22,BOS,28,91,9.3,-8.2,-0.1,0.0,.019
Austin Rivers,2012-13,20,NOH,61,1418,5.9,-6.2,-1.5,-1.1,-0.038
Austin Rivers,2013-14,21,NOP,69,1339,11.6,-3.4,-0.5,0.6,.023
Austin Rivers,2014-15,22,2TM,76,1563,10.3,-2.8,-0.3,1.5,.046
Austin Rivers,2014-15,22,NOP,35,772,10.1,-3.0,-0.2,0.7,.046
Austin Rivers,2014-15,22,LAC,41,791,10.6,-2.7,-0.1,0.8,.046
Austin Rivers,2015-16,23,LAC,67,1464,11.1,-2.7,-0.2,1.9,.063
Austin Rivers,2016-17,24,LAC,74,2054,11.4,-2.2,-0.1,2.5,.059
Austin Rivers,2017-18,25,LAC,61,2057,12.6,-1.2,0.4,2.4,.056
Austin Rivers,2018-19,26,2TM,76,2028,7.7,-4.3,-1.1,1.2,.028
Austin Rivers,2018-19,26,WAS,29,683,6.8,-5.3,-0.6,-0.2,-0.014
Austin Rivers,2018-19,26,HOU,47,1345,8.2,-3.8,-0.6,1.4,.050
Austin Rivers,2019-20,27,HOU,68,1594,10.4,-2.5,-0.2,2.4,.072
Austin Rivers,2020-21,28,2TM,36,845,9.9,-1.9,0.0,1.3,.072
Austin Rivers,2020-21,28,NYK,21,442,9.5,-2.2,0.0,0.6,.063
Austin Rivers,2020-21,28,DEN,15,403,10.3,-1.7,0.0,0.7,.081
Austin Rivers,2021-22,29,DEN,67,1480,7.2,-3.8,-0.7,1.2,.037
Austin Rivers,2022-23,30,MIN,52,1016,7.4,-2.8,-0.2,1.3,.061
David Rivers,1988-89,24,LAL,47,440,9.8,-3.4,-0.2,0.0,.002
David Rivers,1989-90,25,LAC,52,724,9.9,-4.3,-0.4,-0.2,-0.012
David Rivers,1990-91,,Did not play - other pro league,,,,,,,
David Rivers,1991-92,27,LAC,15,122,7.6,-4.4,-0.1,-0.1,-0.035
Doc Rivers,1983-84,22,ATL,81,1938,14.9,1.1,1.5,4.2,.103
Doc Rivers,1984-85,23,ATL,69,2126,18.1,3.7,3.1,6.3,.143
Doc Rivers,1985-86,24,ATL,53,1571,17.4,3.4,2.1,4.2,.128
Doc Rivers,1986-87,25,ATL,82,2590,19.9,6.0,5.3,10.3,.191
Doc Rivers,1987-88,26,ATL,80,2502,20.4,4.9,4.4,8.3,.159
Doc Rivers,1988-89,27,ATL,76,2462,18.4,4.8,4.2,8.5,.167
Doc Rivers,1989-90,28,ATL,48,1526,17.2,3.0,2.0,4.0,.126
Doc Rivers,1990-91,29,ATL,79,2586,16.2,1.9,2.6,6.3,.116
Doc Rivers,1991-92,30,LAC,59,1657,13.8,0.5,1.1,3.9,.113
Doc Rivers,1992-93,31,NYK,77,1886,14.6,3.0,2.4,6.5,.166
Doc Rivers,1993-94,32,NYK,19,499,12.9,2.2,0.5,1.5,.146
Doc Rivers,1994-95,33,2TM,63,989,12.2,1.0,0.8,2.0,.097
Doc Rivers,1994-95,33,NYK,3,47,16.2,2.5,0.1,0.2,.170
Doc Rivers,1994-95,33,SAS,60,942,12.0,0.9,0.7,1.8,.094
Doc Rivers,1995-96,34,SAS,78,1235,9.6,0.2,0.7,2.2,.087
Lee Robbins,1947-48,25,PRO,31,,,,,0.0,
Lee Robbins,1948-49,26,PRO,16,,,,,0.2,
Liam Robbins,2024-25,25,MIL,13,57,2.6,-10.5,-0.1,-0.1,-0.066
Red Robbins,1966-67,,Did not play - other pro league,,,,,,,
Red Robbins,1967-68,23,NOB,73,2159,25.7,,,9.3,.208
Red Robbins,1968-69,24,NOB,76,2736,19.5,,,7.0,.122
Red Robbins,1969-70,25,NOB,82,3266,21.1,,,10.7,.157
Red Robbins,1970-71,26,UTS,82,2995,15.0,,,6.9,.111
Red Robbins,1971-72,27,UTS,78,2567,16.3,,,6.7,.125
Red Robbins,1972-73,28,SDA,58,1618,12.2,,,2.3,.067
Red Robbins,1973-74,29,2TM,80,1627,14.7,0.0,0.8,3.7,.110
Red Robbins,1973-74,29,SDA,46,1012,15.2,0.0,0.5,2.1,.100
Red Robbins,1973-74,29,KEN,34,615,13.7,0.0,0.3,1.6,.128
Red Robbins,1974-75,30,2TM,57,1777,15.9,0.7,1.3,3.9,.105
Red Robbins,1974-75,30,KEN,4,29,39.8,-1.2,0.1,0.3,.420
Red Robbins,1974-75,30,VIR,53,1748,15.5,0.8,1.2,3.6,.099
Red Robbins,1975-76,,Did not play - other pro league,,,,,,,
Andre Roberson,2013-14,22,OKC,40,399,9.0,-2.4,0.0,0.8,.099
Andre Roberson,2014-15,23,OKC,67,1286,9.1,-0.7,0.4,2.1,.079
Andre Roberson,2015-16,24,OKC,70,1553,10.2,0.5,1.0,3.4,.105
Andre Roberson,2016-17,25,OKC,79,2376,9.6,-1.0,0.6,4.2,.085
Andre Roberson,2017-18,26,OKC,39,1037,10.9,-0.1,0.5,2.2,.100
Andre Roberson,2018-19,,Did not play - injury,,,,,,,
Andre Roberson,2019-20,28,OKC,7,87,5.4,-5.4,-0.1,0.0,-0.017
Andre Roberson,2020-21,29,BRK,5,63,4.2,-6.1,-0.1,-0.1,-0.043
Anthony Roberson,2005-06,22,MEM,16,88,11.7,-2.3,0.0,0.2,.088
Anthony Roberson,2006-07,23,GSW,20,227,11.4,-2.3,0.0,0.1,.031
Anthony Roberson,2007-08,,Did not play - other pro league,,,,,,,
Anthony Roberson,2008-09,25,2TM,29,276,11.4,-1.4,0.0,0.2,.041
Anthony Roberson,2008-09,25,NYK,23,253,11.8,-0.8,0.1,0.3,.057
Anthony Roberson,2008-09,25,CHI,6,23,8.0,-8.0,0.0,-0.1,-0.136
Rick Roberson,1969-70,22,LAL,74,2005,11.2,,,3.0,.072
Rick Roberson,1970-71,23,LAL,65,909,11.8,,,1.0,.050
Rick Roberson,1971-72,24,CLE,63,2207,13.6,,,3.5,.075
Rick Roberson,1972-73,25,CLE,62,2127,13.3,,,3.6,.080
Rick Roberson,1973-74,26,POR,69,2060,16.1,-1.9,0.1,3.2,.075
Rick Roberson,1974-75,27,NOJ,16,339,13.1,-2.6,-0.1,0.4,.053
Rick Roberson,1975-76,28,KCK,74,709,10.3,-4.4,-0.4,0.0,.002
Terrance Roberson,2000-01,24,CHH,3,13,-15.0,-21.1,-0.1,-0.1,-0.334
Anthony Roberts,1977-78,22,DEN,82,1598,12.2,-4.0,-0.8,1.9,.057
Anthony Roberts,1978-79,23,DEN,63,1236,11.2,-2.8,-0.3,1.7,.067
Anthony Roberts,1979-80,24,DEN,23,486,9.3,-5.6,-0.4,0.1,.009
Anthony Roberts,1980-81,25,WSB,26,350,6.2,-6.2,-0.4,-0.2,-0.032
Anthony Roberts,1981-82,,Did not play - other pro league,,,,,,,
Anthony Roberts,1982-83,,Did not play - other pro league,,,,,,,
Anthony Roberts,1983-84,28,DEN,19,197,6.7,-7.9,-0.4,-0.2,-0.058
Bill Roberts,1948-49,23,3TM,50,,,,,0.7,
Bill Roberts,1948-49,23,CHS,2,,,,,0.0,
Bill Roberts,1948-49,23,BOS,26,,,,,0.2,
Bill Roberts,1948-49,23,STB,22,,,,,0.5,
Bill Roberts,1949-50,24,STB,67,,,,,0.2,
Brian Roberts,2012-13,27,NOH,78,1324,14.6,-0.6,0.5,2.2,.078
Brian Roberts,2013-14,28,NOP,72,1667,13.4,-1.7,0.1,2.2,.063
Brian Roberts,2014-15,29,CHO,72,1330,11.7,-1.7,0.1,1.8,.064
Brian Roberts,2015-16,30,2TM,51,470,13.8,-1.6,0.0,1.0,.105
Brian Roberts,2015-16,30,CHO,30,333,13.9,-1.4,0.0,0.8,.108
Brian Roberts,2015-16,30,POR,21,137,13.7,-2.2,0.0,0.3,.096
Brian Roberts,2016-17,31,CHO,41,416,9.8,-4.2,-0.2,0.2,.028
Fred Roberts,1982-83,,Did not play - other pro league,,,,,,,
Fred Roberts,1983-84,23,SAS,79,1531,12.6,-0.9,0.4,3.0,.093
Fred Roberts,1984-85,24,2TM,74,1178,13.5,-1.1,0.3,2.6,.106
Fred Roberts,1984-85,24,SAS,22,305,9.7,-2.5,-0.1,0.3,.043
Fred Roberts,1984-85,24,UTA,52,873,14.8,-0.5,0.3,2.3,.128
Fred Roberts,1985-86,25,UTA,58,469,9.1,-5.5,-0.4,0.2,.020
Fred Roberts,1986-87,26,BOS,73,1079,10.7,-3.3,-0.4,1.8,.078
Fred Roberts,1987-88,27,BOS,74,1032,12.6,-2.3,-0.1,1.9,.087
Fred Roberts,1988-89,28,MIL,71,1251,10.6,-1.6,0.1,2.0,.077
Fred Roberts,1989-90,29,MIL,82,2235,11.6,-2.3,-0.1,3.5,.075
Fred Roberts,1990-91,30,MIL,82,2114,13.4,-1.1,0.5,4.2,.096
Fred Roberts,1991-92,31,MIL,80,1746,12.9,-1.7,0.2,2.2,.060
Fred Roberts,1992-93,32,MIL,79,1488,15.5,0.7,1.0,3.9,.127
Fred Roberts,1993-94,,Did not play - other pro league,,,,,,,
Fred Roberts,1994-95,34,CLE,21,223,11.6,-3.4,-0.1,0.4,.092
Fred Roberts,1995-96,35,LAL,33,317,14.1,-0.1,0.1,0.6,.086
Fred Roberts,1996-97,36,DAL,12,40,12.8,-7.1,-0.1,0.0,-0.015
Joe Roberts,1960-61,24,SYR,68,800,9.9,,,0.2,.014
Joe Roberts,1961-62,25,SYR,80,1642,10.4,,,1.9,.056
Joe Roberts,1962-63,26,SYR,33,466,10.1,,,0.0,.004
Joe Roberts,1963-64,,Did not play - other pro league,,,,,,,
Joe Roberts,1964-65,,Did not play - other pro league,,,,,,,
Joe Roberts,1965-66,,Did not play - other pro league,,,,,,,
Joe Roberts,1966-67,,Did not play - other pro league,,,,,,,
Joe Roberts,1967-68,31,KEN,37,564,6.7,,,0.2,.019
Lawrence Roberts,2005-06,23,MEM,33,181,13.8,-3.0,-0.1,0.5,.144
Lawrence Roberts,2006-07,24,MEM,54,969,13.4,-1.7,0.1,2.0,.099
Marv Roberts,1971-72,22,DNR,68,1047,12.8,,,0.4,.019
Marv Roberts,1972-73,23,DNR,77,1959,15.8,,,4.3,.105
Marv Roberts,1973-74,24,2TM,74,1599,14.0,-0.6,0.6,3.4,.101
Marv Roberts,1973-74,24,DNR,35,645,11.6,-2.1,0.0,0.8,.062
Marv Roberts,1973-74,24,CAR,39,954,15.6,0.4,0.6,2.5,.127
Marv Roberts,1974-75,25,KEN,83,1370,9.8,-2.9,-0.3,2.4,.084
Marv Roberts,1975-76,26,2TM,72,1559,10.2,-3.1,-0.4,1.2,.035
Marv Roberts,1975-76,26,KEN,40,1003,11.6,-1.9,0.0,1.5,.072
Marv Roberts,1975-76,26,VIR,32,556,7.6,-5.3,-0.5,-0.4,-0.031
Marv Roberts,1976-77,27,LAL,28,209,6.0,-6.3,-0.3,-0.2,-0.051
Stanley Roberts,1991-92,21,ORL,55,1118,16.3,-1.4,0.2,2.1,.092
Stanley Roberts,1992-93,22,LAC,77,1816,14.7,-2.8,-0.4,3.2,.085
Stanley Roberts,1993-94,23,LAC,14,350,8.5,-6.0,-0.3,-0.1,-0.014
Stanley Roberts,1994-95,,Did not play - injury,,,,,,,
Stanley Roberts,1995-96,25,LAC,51,795,12.8,-4.8,-0.6,0.7,.040
Stanley Roberts,1996-97,26,LAC,18,378,14.1,-2.3,0.0,0.5,.060
Stanley Roberts,1997-98,27,MIN,74,1328,11.9,-4.1,-0.7,1.8,.064
Stanley Roberts,1998-99,28,HOU,6,33,9.7,-12.6,-0.1,-0.1,-0.083
Stanley Roberts,1999-00,29,PHI,5,51,3.0,-9.0,-0.1,0.0,-0.025
Alvin Robertson,1984-85,22,SAS,79,1685,15.3,0.9,1.2,3.1,.087
Alvin Robertson,1985-86,23,SAS,82,2878,19.5,4.7,4.9,8.6,.143
Alvin Robertson,1986-87,24,SAS,81,2697,18.5,3.0,3.4,5.3,.094
Alvin Robertson,1987-88,25,SAS,82,2978,18.9,2.9,3.7,5.8,.094
Alvin Robertson,1988-89,26,SAS,65,2287,17.2,2.5,2.6,4.4,.093
Alvin Robertson,1989-90,27,MIL,81,2599,18.9,3.7,3.7,7.5,.138
Alvin Robertson,1990-91,28,MIL,81,2598,18.6,4.4,4.2,7.7,.142
Alvin Robertson,1991-92,29,MIL,82,2463,15.0,1.6,2.2,3.6,.071
Alvin Robertson,1992-93,30,2TM,69,2006,13.2,1.0,1.6,3.4,.080
Alvin Robertson,1992-93,30,MIL,39,1065,13.6,1.0,0.8,1.6,.073
Alvin Robertson,1992-93,30,DET,30,941,12.7,1.1,0.7,1.7,.088
Alvin Robertson,1993-94,,Did not play - injury,,,,,,,
Alvin Robertson,1994-95,,Did not play - injury,,,,,,,
Alvin Robertson,1995-96,33,TOR,77,2478,12.7,-0.7,0.8,2.8,.054
Oscar Robertson,1960-61,22,CIN,71,3032,25.9,,,13.2,.210
Oscar Robertson,1961-62,23,CIN,79,3503,26.2,,,15.6,.214
Oscar Robertson,1962-63,24,CIN,80,3521,24.6,,,16.8,.229
Oscar Robertson,1963-64,25,CIN,79,3559,27.6,,,20.6,.278
Oscar Robertson,1964-65,26,CIN,75,3421,26.7,,,17.0,.238
Oscar Robertson,1965-66,27,CIN,76,3493,25.2,,,16.9,.232
Oscar Robertson,1966-67,28,CIN,79,3468,25.5,,,17.4,.241
Oscar Robertson,1967-68,29,CIN,65,2765,24.6,,,12.3,.214
Oscar Robertson,1968-69,30,CIN,79,3461,21.8,,,12.9,.180
Oscar Robertson,1969-70,31,CIN,69,2865,21.5,,,11.4,.191
Oscar Robertson,1970-71,32,MIL,81,3194,19.6,,,12.4,.186
Oscar Robertson,1971-72,33,MIL,64,2390,18.9,,,8.3,.167
Oscar Robertson,1972-73,34,MIL,73,2737,17.2,,,8.4,.148
Oscar Robertson,1973-74,35,MIL,70,2477,14.2,-0.1,1.2,5.9,.113
Ryan Robertson,1999-00,23,SAC,1,25,2.6,-5.4,0.0,0.0,-0.022
Tony Robertson,1977-78,22,ATL,63,929,10.6,-2.3,-0.1,0.5,.024
Tony Robertson,1978-79,23,GSW,12,74,10.7,-4.0,0.0,0.0,-0.027
Rick Robey,1978-79,23,2TM,79,1763,14.5,-1.6,0.2,3.1,.085
Rick Robey,1978-79,23,IND,43,849,13.4,-2.2,-0.1,1.3,.072
Rick Robey,1978-79,23,BOS,36,914,15.5,-1.0,0.2,1.8,.097
Rick Robey,1979-80,24,BOS,82,1918,15.4,-0.8,0.6,5.5,.139
Rick Robey,1980-81,25,BOS,82,1569,14.9,-0.3,0.7,3.7,.114
Rick Robey,1981-82,26,BOS,80,1186,11.0,-2.7,-0.2,1.9,.076
Rick Robey,1982-83,27,BOS,59,855,8.6,-3.5,-0.3,0.9,.049
Rick Robey,1983-84,28,PHO,61,856,12.8,-2.0,0.0,1.4,.078
Rick Robey,1984-85,29,PHO,4,48,-2.6,-10.9,-0.1,-0.2,-0.191
Rick Robey,1985-86,30,PHO,46,629,5.7,-6.3,-0.7,-0.6,-0.042
Bernard Robinson,2004-05,24,CHA,31,328,9.8,-2.8,-0.1,0.3,.037
Bernard Robinson,2005-06,25,CHA,66,1303,12.0,-1.8,0.1,1.7,.061
Bernard Robinson,2006-07,26,2TM,31,278,7.6,-2.3,0.0,0.1,.010
Bernard Robinson,2006-07,26,CHA,21,241,6.3,-3.3,-0.1,-0.1,-0.016
Bernard Robinson,2006-07,26,NJN,10,37,16.2,4.1,0.1,0.1,.181
Chris Robinson,1996-97,22,VAN,41,681,9.4,-3.3,-0.2,0.2,.017
Chris Robinson,1997-98,23,2TM,35,414,9.1,-5.1,-0.3,-0.3,-0.034
Chris Robinson,1997-98,23,VAN,16,143,4.7,-9.5,-0.3,-0.4,-0.130
Chris Robinson,1997-98,23,SAC,19,271,11.4,-2.8,-0.1,0.1,.017
Cliff Robinson,1979-80,19,NJN,70,1661,17.0,-0.6,0.6,3.6,.104
Cliff Robinson,1980-81,20,NJN,63,1822,17.9,-0.9,0.5,2.5,.065
Cliff Robinson,1981-82,21,2TM,68,2175,18.3,0.1,1.1,3.5,.077
Cliff Robinson,1981-82,21,KCK,38,1229,18.5,0.0,0.6,1.9,.074
Cliff Robinson,1981-82,21,CLE,30,946,18.1,0.2,0.5,1.6,.080
Cliff Robinson,1982-83,22,CLE,77,2601,17.5,-0.3,1.1,4.4,.081
Cliff Robinson,1983-84,23,CLE,73,2402,16.6,-0.6,0.9,3.1,.062
Cliff Robinson,1984-85,24,WSB,60,1870,16.4,-0.7,0.6,2.9,.075
Cliff Robinson,1985-86,25,WSB,78,2563,18.3,0.7,1.7,5.6,.104
Cliff Robinson,1986-87,26,PHI,55,1586,15.1,-1.5,0.2,2.1,.064
Cliff Robinson,1987-88,27,PHI,62,2110,15.7,-1.7,0.2,2.6,.059
Cliff Robinson,1988-89,28,PHI,14,416,14.1,-2.9,-0.1,0.3,.033
Cliff Robinson,1989-90,,Did not play - injury,,,,,,,
Cliff Robinson,1990-91,,Did not play - unsigned,,,,,,,
Cliff Robinson,1991-92,31,LAL,9,78,14.9,0.1,0.0,0.1,.052
Cliff Robinson,1992-93,,Did not play - other pro league,,,,,,,
Cliff Robinson,1993-94,,Did not play - other pro league,,,,,,,
Clifford Robinson,1989-90,23,POR,82,1565,9.3,-5.0,-1.2,0.3,.010
Clifford Robinson,1990-91,24,POR,82,1940,14.1,-0.4,0.8,4.2,.104
Clifford Robinson,1991-92,25,POR,82,2124,14.2,-0.2,1.0,4.6,.104
Clifford Robinson,1992-93,26,POR,82,2575,18.8,2.3,2.8,6.8,.127
Clifford Robinson,1993-94,27,POR,82,2853,17.4,1.1,2.3,7.5,.126
Clifford Robinson,1994-95,28,POR,75,2725,18.3,3.5,3.8,8.7,.153
Clifford Robinson,1995-96,29,POR,78,2980,16.3,2.1,3.0,8.0,.130
Clifford Robinson,1996-97,30,POR,81,3077,13.1,0.6,2.0,6.6,.103
Clifford Robinson,1997-98,31,PHO,80,2359,17.4,1.1,1.8,7.1,.144
Clifford Robinson,1998-99,32,PHO,50,1740,18.3,2.8,2.1,5.3,.146
Clifford Robinson,1999-00,33,PHO,80,2839,17.3,2.5,3.2,9.6,.162
Clifford Robinson,2000-01,34,PHO,82,2751,14.8,0.9,2.0,5.4,.095
Clifford Robinson,2001-02,35,DET,80,2855,13.5,-0.5,1.1,4.3,.073
Clifford Robinson,2002-03,36,DET,81,2825,12.4,0.0,1.4,4.4,.075
Clifford Robinson,2003-04,37,GSW,82,2846,10.8,-1.1,0.6,2.0,.033
Clifford Robinson,2004-05,38,2TM,71,1689,10.3,-1.3,0.3,1.7,.049
Clifford Robinson,2004-05,38,GSW,42,1090,11.0,-0.4,0.5,1.1,.046
Clifford Robinson,2004-05,38,NJN,29,599,9.0,-2.9,-0.1,0.7,.052
Clifford Robinson,2005-06,39,NJN,80,1863,9.6,-1.9,0.1,2.8,.073
Clifford Robinson,2006-07,40,NJN,50,955,5.9,-4.1,-0.5,0.3,.013
David Robinson,1987-88,,Did not play - military service,,,,,,,
David Robinson,1988-89,,Did not play - military service,,,,,,,
David Robinson,1989-90,24,SAS,82,3002,26.3,6.9,6.8,15.1,.241
David Robinson,1990-91,25,SAS,82,3095,27.4,8.5,8.2,17.0,.264
David Robinson,1991-92,26,SAS,68,2564,27.5,9.4,7.4,13.9,.260
David Robinson,1992-93,27,SAS,82,3211,24.2,6.4,6.8,13.2,.197
David Robinson,1993-94,28,SAS,80,3241,30.7,11.9,11.4,20.0,.296
David Robinson,1994-95,29,SAS,81,3074,29.1,9.2,8.7,17.5,.273
David Robinson,1995-96,30,SAS,82,3019,29.4,8.9,8.3,18.3,.290
David Robinson,1996-97,31,SAS,6,147,31.0,6.1,0.3,0.7,.227
David Robinson,1997-98,32,SAS,73,2457,27.8,8.3,6.3,13.8,.269
David Robinson,1998-99,33,SAS,49,1554,24.9,6.7,3.4,8.4,.261
David Robinson,1999-00,34,SAS,80,2557,24.6,5.8,5.0,12.7,.238
David Robinson,2000-01,35,SAS,80,2371,23.7,5.2,4.3,12.1,.246
David Robinson,2001-02,36,SAS,78,2303,20.3,3.9,3.4,10.1,.211
David Robinson,2002-03,37,SAS,64,1676,17.8,2.1,1.8,6.0,.172
Devin Robinson,2017-18,22,WAS,1,13,10.5,-2.1,0.0,0.0,.098
Devin Robinson,2018-19,23,WAS,7,95,20.6,1.9,0.1,0.3,.175
Duncan Robinson,2018-19,24,MIA,15,161,7.6,-3.5,-0.1,0.2,.051
Duncan Robinson,2019-20,25,MIA,73,2166,13.1,0.5,1.3,5.3,.118
Duncan Robinson,2020-21,26,MIA,72,2262,11.0,-1.0,0.6,3.7,.079
Duncan Robinson,2021-22,27,MIA,79,2043,10.6,-0.6,0.7,3.9,.092
Duncan Robinson,2022-23,28,MIA,42,691,7.8,-5.0,-0.5,0.5,.035
Duncan Robinson,2023-24,29,MIA,68,1905,12.2,-0.9,0.6,3.6,.091
Duncan Robinson,2024-25,30,MIA,74,1785,11.8,-1.7,0.1,2.7,.071
Eddie Robinson,1999-00,23,CHH,67,1112,16.4,0.6,0.7,3.0,.130
Eddie Robinson,2000-01,24,CHH,67,1201,17.9,2.6,1.4,4.0,.159
Eddie Robinson,2001-02,25,CHI,29,653,12.5,-2.3,-0.1,0.2,.015
Eddie Robinson,2002-03,26,CHI,64,1355,11.5,-0.8,0.4,2.2,.076
Eddie Robinson,2003-04,27,CHI,51,1024,11.0,-2.5,-0.1,0.8,.039
Flynn Robinson,1965-66,,Did not play - other,,,,,,,
Flynn Robinson,1966-67,25,CIN,76,1140,14.0,,,2.2,.093
Flynn Robinson,1967-68,26,2TM,75,2046,17.2,,,4.9,.116
Flynn Robinson,1967-68,26,CIN,2,16,12.4,,,-0.1,-0.208
Flynn Robinson,1967-68,26,CHI,73,2030,17.2,,,5.0,.119
Flynn Robinson,1968-69,27,2TM,83,2616,18.6,,,6.7,.123
Flynn Robinson,1968-69,27,CHI,18,550,18.6,,,1.6,.142
Flynn Robinson,1968-69,27,MIL,65,2066,18.6,,,5.1,.118
Flynn Robinson,1969-70,28,MIL,81,2762,19.3,,,9.3,.162
Flynn Robinson,1970-71,29,CIN,71,1368,17.3,,,3.3,.115
Flynn Robinson,1971-72,30,LAL,64,1007,17.7,,,3.6,.172
Flynn Robinson,1972-73,31,2TM,44,630,14.3,,,1.3,.100
Flynn Robinson,1972-73,31,LAL,6,47,20.8,,,0.2,.219
Flynn Robinson,1972-73,31,BAL,38,583,13.8,,,1.1,.091
Flynn Robinson,1973-74,32,SDA,49,779,15.5,-0.6,0.3,1.2,.074
Glenn Robinson,1994-95,22,MIL,80,2958,16.6,-0.9,0.8,3.2,.053
Glenn Robinson,1995-96,23,MIL,82,3249,15.9,0.0,1.6,3.5,.052
Glenn Robinson,1996-97,24,MIL,80,3114,17.5,0.7,2.1,4.7,.072
Glenn Robinson,1997-98,25,MIL,56,2294,16.8,0.0,1.1,3.1,.065
Glenn Robinson,1998-99,26,MIL,47,1579,19.7,1.9,1.5,4.0,.122
Glenn Robinson,1999-00,27,MIL,81,2909,17.8,0.1,1.5,4.8,.080
Glenn Robinson,2000-01,28,MIL,76,2813,20.1,1.3,2.4,6.7,.114
Glenn Robinson,2001-02,29,MIL,66,2346,19.1,0.3,1.4,4.7,.096
Glenn Robinson,2002-03,30,ATL,69,2591,16.7,-0.8,0.8,2.9,.055
Glenn Robinson,2003-04,31,PHI,42,1336,15.0,-1.5,0.1,1.6,.056
Glenn Robinson,2004-05,32,SAS,9,157,17.2,0.7,0.1,0.5,.147
Glenn Robinson III,2014-15,21,2TM,35,261,8.5,-5.4,-0.2,0.1,.012
Glenn Robinson III,2014-15,21,MIN,25,108,8.2,-5.4,-0.1,0.0,.009
Glenn Robinson III,2014-15,21,PHI,10,153,8.6,-5.4,-0.1,0.0,.013
Glenn Robinson III,2015-16,22,IND,45,508,11.4,-1.1,0.1,0.8,.078
Glenn Robinson III,2016-17,23,IND,69,1427,11.5,-0.3,0.6,2.5,.085
Glenn Robinson III,2017-18,24,IND,23,338,10.8,-0.7,0.1,0.6,.088
Glenn Robinson III,2018-19,25,DET,47,610,8.7,-3.0,-0.2,0.7,.054
Glenn Robinson III,2019-20,26,2TM,62,1786,13.3,-1.7,0.1,2.9,.078
Glenn Robinson III,2019-20,26,GSW,48,1516,13.1,-1.7,0.1,2.1,.067
Glenn Robinson III,2019-20,26,PHI,14,270,14.7,-1.4,0.0,0.8,.137
Glenn Robinson III,2020-21,27,SAC,23,369,9.0,-4.0,-0.2,0.3,.033
Jackie Robinson,1978-79,23,SEA,12,105,13.6,-1.9,0.1,0.1,.065
Jackie Robinson,1979-80,24,DET,7,51,17.1,-2.4,0.0,0.2,.167
Jackie Robinson,1980-81,,Did not play - waived,,,,,,,
Jackie Robinson,1981-82,26,CHI,3,29,8.0,-4.3,0.0,0.0,.037
Jamal Robinson,2000-01,27,MIA,6,72,-1.9,-9.9,-0.1,-0.2,-0.166
James Robinson,1993-94,23,POR,58,673,10.0,-2.1,0.0,0.2,.015
James Robinson,1994-95,24,POR,71,1539,10.5,-2.3,-0.1,1.2,.038
James Robinson,1995-96,25,POR,76,1627,10.6,-1.4,0.3,2.3,.068
James Robinson,1996-97,26,MIN,69,1309,12.7,-1.1,0.3,1.9,.071
James Robinson,1997-98,27,LAC,70,1231,12.4,-3.0,-0.3,0.2,.007
James Robinson,1998-99,28,2TM,31,506,10.7,-2.4,0.0,-0.1,-0.006
James Robinson,1998-99,28,LAC,14,280,12.7,-1.5,0.0,0.2,.027
James Robinson,1998-99,28,MIN,17,226,8.2,-3.4,-0.1,-0.2,-0.047
James Robinson,1999-00,,Did not play - other pro league,,,,,,,
James Robinson,2000-01,30,ORL,6,50,5.1,-5.9,-0.1,0.0,-0.017
Jerome Robinson,2018-19,21,LAC,33,320,7.2,-4.7,-0.2,0.1,.012
Jerome Robinson,2019-20,22,2TM,63,979,7.4,-3.9,-0.5,0.2,.009
Jerome Robinson,2019-20,22,LAC,42,476,4.8,-4.7,-0.3,0.0,-0.004
Jerome Robinson,2019-20,22,WAS,21,503,9.8,-3.2,-0.1,0.2,.022
Jerome Robinson,2020-21,23,WAS,17,305,4.1,-7.0,-0.4,-0.4,-0.057
Jerome Robinson,2021-22,,Did not play - unsigned,,,,,,,
Jerome Robinson,2022-23,,Did not play - other pro league,,,,,,,
Jerome Robinson,2023-24,26,GSW,22,81,5.7,-8.3,-0.1,-0.1,-0.040
Justin Robinson,2019-20,22,WAS,9,49,8.2,-5.7,0.0,0.0,.007
Justin Robinson,2020-21,23,OKC,9,88,6.0,-6.8,-0.1,0.0,.021
Justin Robinson,2021-22,24,3TM,25,304,3.6,-7.6,-0.4,-0.3,-0.055
Justin Robinson,2021-22,24,MIL,17,198,4.3,-6.6,-0.2,-0.1,-0.030
Justin Robinson,2021-22,24,SAC,3,15,-13.5,-26.2,-0.1,-0.1,-0.459
Justin Robinson,2021-22,24,DET,5,91,4.9,-6.9,-0.1,-0.1,-0.041
Larry Robinson,1990-91,23,2TM,36,425,7.6,-4.8,-0.3,-0.1,-0.016
Larry Robinson,1990-91,23,GSW,24,170,6.6,-6.0,-0.2,-0.2,-0.051
Larry Robinson,1990-91,23,WSB,12,255,8.3,-4.0,-0.1,0.0,.007
Larry Robinson,1991-92,24,BOS,1,6,-9.3,-25.9,0.0,-0.1,-0.434
Larry Robinson,1992-93,25,WSB,4,33,12.0,-3.1,0.0,0.0,-0.024
Larry Robinson,1993-94,26,HOU,6,55,13.0,-2.9,0.0,0.0,-0.002
Larry Robinson,1994-95,,Did not play - other pro league,,,,,,,
Larry Robinson,1995-96,,Did not play - other pro league,,,,,,,
Larry Robinson,1996-97,,Did not play - other pro league,,,,,,,
Larry Robinson,1997-98,30,VAN,6,41,15.8,-2.4,0.0,0.0,.033
Larry Robinson,1998-99,,Did not play - other pro league,,,,,,,
Larry Robinson,1999-00,,Did not play - other pro league,,,,,,,
Larry Robinson,2000-01,33,2TM,34,632,11.8,0.9,0.5,1.1,.083
Larry Robinson,2000-01,33,CLE,1,1,-54.4,-38.2,0.0,0.0,-1.521
Larry Robinson,2000-01,33,ATL,33,631,11.9,1.0,0.5,1.1,.085
Larry Robinson,2001-02,34,NYK,2,10,3.8,-8.1,0.0,0.0,-0.038
Mitchell Robinson,2018-19,20,NYK,66,1360,22.0,2.5,1.6,6.1,.217
Mitchell Robinson,2019-20,21,NYK,61,1412,23.5,2.9,1.8,6.8,.230
Mitchell Robinson,2020-21,22,NYK,31,853,17.7,1.2,0.7,3.4,.192
Mitchell Robinson,2021-22,23,NYK,72,1848,20.7,2.2,2.0,8.5,.221
Mitchell Robinson,2022-23,24,NYK,59,1591,18.9,2.4,1.7,6.5,.197
Mitchell Robinson,2023-24,25,NYK,31,768,16.1,0.0,0.4,2.5,.155
Mitchell Robinson,2024-25,26,NYK,17,290,20.4,3.3,0.4,1.3,.221
Nate Robinson,2005-06,21,NYK,72,1544,12.6,-2.1,-0.1,1.5,.046
Nate Robinson,2006-07,22,NYK,64,1356,15.2,1.1,1.0,3.2,.114
Nate Robinson,2007-08,23,NYK,72,1883,15.3,0.0,1.0,3.2,.082
Nate Robinson,2008-09,24,NYK,74,2209,18.9,2.4,2.4,5.9,.128
Nate Robinson,2009-10,25,2TM,56,1115,16.3,0.7,0.7,2.2,.095
Nate Robinson,2009-10,25,NYK,30,733,17.6,0.9,0.5,1.4,.091
Nate Robinson,2009-10,25,BOS,26,382,13.9,0.2,0.2,0.8,.103
Nate Robinson,2010-11,26,2TM,59,1013,10.0,-2.6,-0.2,1.1,.051
Nate Robinson,2010-11,26,BOS,55,983,10.2,-2.3,-0.1,1.1,.054
Nate Robinson,2010-11,26,OKC,4,30,3.3,-12.9,-0.1,0.0,-0.063
Nate Robinson,2011-12,27,GSW,51,1192,18.0,0.4,0.7,2.8,.111
Nate Robinson,2012-13,28,CHI,82,2086,17.4,2.8,2.5,5.9,.136
Nate Robinson,2013-14,29,DEN,44,866,15.6,0.6,0.6,1.8,.101
Nate Robinson,2014-15,30,2TM,42,591,10.6,-3.0,-0.1,0.3,.021
Nate Robinson,2014-15,30,DEN,33,465,10.6,-3.1,-0.1,0.2,.024
Nate Robinson,2014-15,30,LAC,9,126,10.4,-2.7,0.0,0.0,.012
Nate Robinson,2015-16,31,NOP,2,23,2.6,-4.6,0.0,0.0,.038
Oliver Robinson,1982-83,22,SAS,35,147,14.1,-5.0,-0.1,0.1,.018
Orlando Robinson,2022-23,22,MIA,31,425,13.4,-2.1,0.0,1.1,.129
Orlando Robinson,2023-24,23,MIA,36,304,14.0,-1.1,0.1,0.9,.135
Orlando Robinson,2024-25,24,2TM,44,770,12.9,-3.4,-0.3,1.2,.072
Orlando Robinson,2024-25,24,SAC,9,57,12.2,-2.9,0.0,0.1,.047
Orlando Robinson,2024-25,24,TOR,35,713,12.9,-3.5,-0.3,1.1,.074
Ronnie Robinson,1973-74,22,2TM,62,1170,10.6,-4.0,-0.6,0.7,.029
Ronnie Robinson,1973-74,22,UTS,22,308,9.1,-5.2,-0.3,-0.1,-0.008
Ronnie Robinson,1973-74,22,MMT,40,862,11.2,-3.6,-0.3,0.8,.042
Ronnie Robinson,1974-75,23,MMS,10,102,12.7,-3.6,0.0,0.1,.046
Rumeal Robinson,1990-91,24,ATL,47,674,11.7,-3.0,-0.2,-0.1,-0.004
Rumeal Robinson,1991-92,25,ATL,81,2220,14.9,-0.3,1.0,2.4,.053
Rumeal Robinson,1992-93,26,NJN,80,1585,13.7,-0.9,0.5,1.9,.059
Rumeal Robinson,1993-94,27,2TM,31,396,6.1,-6.9,-0.5,-0.6,-0.077
Rumeal Robinson,1993-94,27,NJN,17,301,7.5,-5.3,-0.3,-0.2,-0.038
Rumeal Robinson,1993-94,27,CHH,14,95,1.6,-12.0,-0.2,-0.4,-0.203
Rumeal Robinson,1994-95,,Did not play - other pro league,,,,,,,
Rumeal Robinson,1995-96,29,POR,43,715,11.8,-1.1,0.2,1.0,.069
Rumeal Robinson,1996-97,30,3TM,54,508,10.5,-3.1,-0.1,0.5,.046
Rumeal Robinson,1996-97,30,LAL,15,126,7.7,-4.6,-0.1,-0.1,-0.024
Rumeal Robinson,1996-97,30,PHO,12,87,9.7,-5.6,-0.1,0.0,-0.005
Rumeal Robinson,1996-97,30,POR,27,295,11.9,-1.7,0.0,0.6,.091
Sam Robinson,1970-71,23,FLO,83,2172,12.5,,,1.6,.036
Sam Robinson,1971-72,24,FLO,51,686,13.7,,,0.2,.014
Thomas Robinson,2012-13,21,2TM,70,1056,10.9,-5.3,-0.9,-0.1,-0.002
Thomas Robinson,2012-13,21,SAC,51,809,10.6,-5.6,-0.7,-0.2,-0.010
Thomas Robinson,2012-13,21,HOU,19,247,12.0,-4.2,-0.1,0.1,.024
Thomas Robinson,2013-14,22,POR,70,873,14.1,-3.2,-0.3,1.6,.090
Thomas Robinson,2014-15,23,2TM,54,798,15.3,-2.0,0.0,1.5,.089
Thomas Robinson,2014-15,23,POR,32,391,11.0,-3.3,-0.1,0.5,.059
Thomas Robinson,2014-15,23,PHI,22,407,19.3,-0.7,0.1,1.0,.118
Thomas Robinson,2015-16,24,BRK,71,917,14.5,-3.8,-0.4,0.6,.033
Thomas Robinson,2016-17,25,LAL,48,560,17.3,-2.1,0.0,0.9,.079
Truck Robinson,1974-75,23,WSB,76,995,15.1,-0.3,0.4,2.7,.130
Truck Robinson,1975-76,24,WSB,82,2055,15.5,-0.3,0.9,4.3,.099
Truck Robinson,1976-77,25,2TM,77,2777,17.1,0.5,1.7,7.3,.125
Truck Robinson,1976-77,25,WSB,41,1328,15.2,-0.7,0.4,3.2,.114
Truck Robinson,1976-77,25,ATL,36,1449,18.8,1.6,1.3,4.1,.136
Truck Robinson,1977-78,26,NOJ,82,3638,15.7,-1.5,0.5,6.5,.086
Truck Robinson,1978-79,27,2TM,69,2537,16.9,-1.5,0.3,5.1,.096
Truck Robinson,1978-79,27,NOJ,43,1781,18.0,-0.7,0.6,4.1,.111
Truck Robinson,1978-79,27,PHO,26,756,14.2,-3.5,-0.3,1.0,.061
Truck Robinson,1979-80,28,PHO,82,2710,15.3,-1.7,0.2,6.0,.106
Truck Robinson,1980-81,29,PHO,82,3088,14.9,-0.7,1.0,7.6,.119
Truck Robinson,1981-82,30,PHO,74,2745,16.1,-0.6,1.0,6.9,.121
Truck Robinson,1982-83,31,NYK,81,2426,10.7,-1.9,0.1,3.3,.065
Truck Robinson,1983-84,32,NYK,65,2135,10.4,-2.2,-0.1,3.2,.071
Truck Robinson,1984-85,33,NYK,2,35,7.3,-0.7,0.0,-0.1,-0.082
Wayne Robinson,1980-81,22,DET,81,1592,11.5,-2.7,-0.3,1.7,.052
Wil Robinson,1973-74,24,MMT,45,956,10.8,-3.9,-0.5,-0.1,-0.006
Jeremiah Robinson-Earl,2021-22,21,OKC,49,1087,11.7,-2.2,-0.1,1.5,.066
Jeremiah Robinson-Earl,2022-23,22,OKC,43,814,13.0,-1.5,0.1,1.9,.111
Jeremiah Robinson-Earl,2023-24,23,NOP,39,334,11.8,-2.2,0.0,0.6,.086
Jeremiah Robinson-Earl,2024-25,24,NOP,66,1239,12.9,-2.5,-0.2,1.7,.067
